"","solution","std.error","z.ratio"
"vm(ID, ginv)_Np1_504215",1.47103899492209,0.843644596881405,1.7436714469101
"vm(ID, ginv)_Np1_502173",0.27919989036575,0.822982040337196,0.339253928617148
"vm(ID, ginv)_Np1_503102",0.353107662571697,0.813063281823619,0.434292963986409
"vm(ID, ginv)_Np1_500107",1.34447474798231,0.818935344870408,1.64173491399992
"vm(ID, ginv)_Np1_500098",0.844225883304676,0.781404100373474,1.08039602415853
"vm(ID, ginv)_Np1_500079",1.23076786008002,0.869343949335023,1.41574328667204
"vm(ID, ginv)_Np1_501470",0.0543796653920894,0.771066435855901,0.0705252658698945
"vm(ID, ginv)_Np1_503087",0.715837408744935,0.829789799578388,0.862673184351806
"vm(ID, ginv)_Np1_503331",0.559721372286277,0.737809888560579,0.758625468382186
"vm(ID, ginv)_Np1_503873",0.0199975960926154,0.77505017573903,0.0258016793216609
"vm(ID, ginv)_Np1_503643",0.0547275640961298,0.768418967372493,0.0712209958627953
"vm(ID, ginv)_Np1_502917",0.550969365760534,0.790410859533057,0.697067049516531
"vm(ID, ginv)_Np1_503464",0.700423635946174,0.761226480773793,0.920125158066213
"vm(ID, ginv)_Np1_503722",0.834677641841917,0.780558671811577,1.06933363497805
"vm(ID, ginv)_Np1_503106",1.2305689780968,0.733889112068203,1.67677780997307
"vm(ID, ginv)_Np1_503445",0.830744112264789,0.809419191936929,1.0263459534198
"vm(ID, ginv)_Np1_500315",0.339924501583666,0.82210493420507,0.413480673136154
"vm(ID, ginv)_Np1_500178",0.693504635660793,0.808853199423923,0.857392461518008
"vm(ID, ginv)_Np1_503448",0.239333071396742,0.857111277120083,0.279232204482139
"vm(ID, ginv)_Np1_500080",1.11200190355774,0.794397290778095,1.39980576024945
"vm(ID, ginv)_Np1_501929",0.450790626463336,0.782971192311877,0.575743566161467
"vm(ID, ginv)_Np1_502993",0.265045789861446,0.854042361520083,0.310342673623003
"vm(ID, ginv)_Np1_504275",0.696136214048339,0.829007224869093,0.839722734814844
"vm(ID, ginv)_Np1_500182",0.0517881029931668,0.82353236963725,0.0628853277691786
"vm(ID, ginv)_Np1_502663",0.35644379954234,0.794608960023089,0.448577624309677
"vm(ID, ginv)_Np1_504973",-0.584138644864374,0.778495060566873,-0.750343418285821
"vm(ID, ginv)_Np1_503258",0.35782658123322,0.795211913527734,0.449976383836886
"vm(ID, ginv)_Np1_504360",0.543453666845755,0.827714727190977,0.656571218311021
"vm(ID, ginv)_Np1_502827",0.510690010719971,0.804439708142586,0.634839386408623
"vm(ID, ginv)_Np1_504827",0.930915925784789,0.757166916957308,1.22947253100505
"vm(ID, ginv)_Np1_504397",0.165410596343313,0.802171388666284,0.206203560336812
"vm(ID, ginv)_Np1_501158",0.291511811601479,0.792963572598937,0.367623207010694
"vm(ID, ginv)_Np1_502421",0.814199756208972,0.767853129214564,1.06035871344539
"vm(ID, ginv)_Np1_500336",0.564299600807679,0.718822935832245,0.785032826135881
"vm(ID, ginv)_Np1_500295",0.169723665479446,0.813819528003295,0.208551969618943
"vm(ID, ginv)_Np1_503222",0.796658309957645,0.796910868924958,0.999683077522015
"vm(ID, ginv)_Np1_503803",-0.0881593896305615,0.750929316061583,-0.117400383424812
"vm(ID, ginv)_Np1_501573",0.0134532623638475,0.79114544968851,0.0170047901674013
"vm(ID, ginv)_Np1_501695",1.01940480386486,0.800620632180381,1.27326821579486
"vm(ID, ginv)_Np1_502846",0.213563618047307,0.786837633278289,0.271420187615471
"vm(ID, ginv)_Np1_501531",0.640138182623435,0.858522492599619,0.745627736187886
"vm(ID, ginv)_Np1_501804",0.776834961239874,0.768391830686557,1.01098805351141
"vm(ID, ginv)_Np1_501933",0.417811988539655,0.827904510028287,0.504662051575705
"vm(ID, ginv)_Np1_503536",1.05477877974414,0.824630585719917,1.2790924785106
"vm(ID, ginv)_Np1_504933",0.444344434562904,0.789078640508562,0.563118061688406
"vm(ID, ginv)_Np1_500570",0.0601630989259468,0.808921433669502,0.0743744650862193
"vm(ID, ginv)_Np1_503443",0.0465957407765271,0.838685596920147,0.0555580553042018
"vm(ID, ginv)_Np1_503328",0.119400337800756,0.79919744376905,0.149400299927961
"vm(ID, ginv)_Np1_500157",0.227118905997525,0.758578945800906,0.299400487259415
"vm(ID, ginv)_Np1_502930",1.14659349752253,0.753293959096207,1.52210632207671
"vm(ID, ginv)_Np1_500457",0.672251202049281,0.836049658345399,0.804080469788975
"vm(ID, ginv)_Np1_501049",0.873389732733142,0.825210872993755,1.05838369478168
"vm(ID, ginv)_Np1_501538",0.897455792903277,0.775697381157176,1.15696638238544
"vm(ID, ginv)_Np1_504630",0.669513801638759,0.791865374891299,0.845489426445328
"vm(ID, ginv)_Np1_500677",0.541650645377802,0.82954000762961,0.652953010579387
"vm(ID, ginv)_Np1_503535",0.263878271956728,0.797052737410692,0.33106751858599
"vm(ID, ginv)_Np1_503933",0.925248112292949,0.781024119729381,1.18466010065546
"vm(ID, ginv)_Np1_501873",-0.0796190363699448,0.763650506462856,-0.104261092863974
"vm(ID, ginv)_Np1_500259",1.46013031803338,0.774151672033537,1.88610368068821
"vm(ID, ginv)_Np1_501123",-0.926856326787235,0.759418981679778,-1.22048085331907
"vm(ID, ginv)_Np1_500051",-0.00908162957097324,0.758598094801283,-0.0119715955434243
"vm(ID, ginv)_Np1_502095",0.802909656162646,0.72722382427429,1.10407501701953
"vm(ID, ginv)_Np1_502407",0.753752114918886,0.776128598669614,0.971169102917888
"vm(ID, ginv)_Np1_503172",0.57408637696678,0.780416391453305,0.735615478165068
"vm(ID, ginv)_Np1_504915",0.301413937324051,0.784273107436249,0.384322673397994
"vm(ID, ginv)_Np1_500114",0.861964431209187,0.75885266276741,1.13587850909786
"vm(ID, ginv)_Np1_503911",0.33080580383582,0.835310461166188,0.396027368523528
"vm(ID, ginv)_Np1_504533",0.783687167403236,0.770229807036637,1.01747187689136
"vm(ID, ginv)_Np1_504658",0.298490194130822,0.745679528474715,0.400292864069077
"vm(ID, ginv)_Np1_503929",0.207843629279168,0.755988992582119,0.27492943854813
"vm(ID, ginv)_Np1_503046",0.50681844115231,0.8394820851092,0.603727524556265
"vm(ID, ginv)_Np1_504548",0.698954818887758,0.846411888169599,0.825785682664828
"vm(ID, ginv)_Np1_503983",0.301194191246594,0.769306913346425,0.391513693717405
"vm(ID, ginv)_Np1_503363",0.814863452894274,0.846525710858355,0.962597405420827
"vm(ID, ginv)_Np1_503557",0.629248516157297,0.746782675234959,0.842612632864464
"vm(ID, ginv)_Np1_503354",0.965466921164108,0.820538922730452,1.17662537927072
"vm(ID, ginv)_Np1_504188",0.169033763081364,0.799350716169645,0.211463828907724
"vm(ID, ginv)_Np1_504026",0.123402106242527,0.775283229128793,0.159170354273234
"vm(ID, ginv)_Np1_502147",1.28144720605628,0.854113537555073,1.50032419545119
"vm(ID, ginv)_Np1_504560",0.594709356875406,0.775013768580841,0.767353279367414
"vm(ID, ginv)_Np1_501894",0.306982257929722,0.857637894839419,0.357939241930535
"vm(ID, ginv)_Np1_501184",0.523866442619337,0.799276712514826,0.655425629718469
"vm(ID, ginv)_Np1_501774",0.896059758801041,0.839490628282132,1.06738506495858
"vm(ID, ginv)_Np1_504964",0.517810668875133,0.799100502916931,0.647991919645883
"vm(ID, ginv)_Np1_503504",1.2548164719727,0.791964055647369,1.58443614078797
"vm(ID, ginv)_Np1_503223",0.242682867479339,0.800654826230741,0.303105482573336
"vm(ID, ginv)_Np1_501649",-0.0474322391372309,0.769758170159949,-0.0616196631305321
"vm(ID, ginv)_Np1_502926",-0.296774556314766,0.809907949089948,-0.366429983368155
"vm(ID, ginv)_Np1_503689",0.629971812378941,0.787045127399268,0.800426545375658
"vm(ID, ginv)_Np1_503180",0.95526057636522,0.767152324899402,1.24520326063078
"vm(ID, ginv)_Np1_500039",0.134156933234984,0.808739979840398,0.16588388923404
"vm(ID, ginv)_Np1_503139",1.03253802238501,0.823726087578329,1.25349680914024
"vm(ID, ginv)_Np1_502854",0.39326044020452,0.785120565803215,0.500891783164788
"vm(ID, ginv)_Np1_503553",1.21533798022463,0.77675660845021,1.56463165810649
"vm(ID, ginv)_Np1_502973",1.29198086609349,0.803207429174668,1.60852703693373
"vm(ID, ginv)_Np1_501959",0.807424370946341,0.773578415831337,1.04375245537148
"vm(ID, ginv)_Np1_502651",1.33482966684971,0.813342838876599,1.64116483608978
"vm(ID, ginv)_Np1_503901",0.247981516221309,0.842338190877955,0.294396619916808
"vm(ID, ginv)_Np1_503246",0.177704968575599,0.772207838950678,0.23012582832243
"vm(ID, ginv)_Np1_503793",0.546638803058217,0.798903951370266,0.684235948665208
"vm(ID, ginv)_No_505001",-0.0962113441419108,0.826714692377276,-0.116377929446552
"vm(ID, ginv)_No_505002",0.33378811615625,0.830333935644389,0.40199262227818
"vm(ID, ginv)_No_505003",0.13205899091627,0.835587502870613,0.158043281478706
"vm(ID, ginv)_No_505004",0.632380317143524,0.825711714550272,0.765860900360307
"vm(ID, ginv)_No_505005",-0.318179407656633,0.847950799172322,-0.375233336612461
"vm(ID, ginv)_No_505006",0.807756235834503,0.835724061761067,0.966534616859506
"vm(ID, ginv)_No_505007",0.457431891040672,0.831564484392038,0.550085891865745
"vm(ID, ginv)_No_505008",0.423176820280695,0.856806347692772,0.493900192756783
"vm(ID, ginv)_No_505009",-0.696133884264934,0.850676341985611,-0.818329898113833
"vm(ID, ginv)_No_505010",0.446136174321527,0.833974504295523,0.534951814502278
"vm(ID, ginv)_No_505011",0.0558101052801898,0.837958727909525,0.0666024511963979
"vm(ID, ginv)_No_505012",0.396696675284343,0.827493431089766,0.47939555817611
"vm(ID, ginv)_No_505013",1.13471188784131,0.821086157996749,1.3819644586504
"vm(ID, ginv)_No_505014",0.769916094226226,0.848164946696006,0.907743354904497
"vm(ID, ginv)_No_505015",0.730322430573008,0.849863848833533,0.859340506806355
"vm(ID, ginv)_No_505016",0.454000982622464,0.862942998626164,0.526107730574615
"vm(ID, ginv)_No_505017",-0.0519828891364177,0.812318341862173,-0.063993248037772
"vm(ID, ginv)_No_505018",0.481057694013619,0.83565798595177,0.575663371978334
"vm(ID, ginv)_No_505019",1.04842312584627,0.854475861784036,1.22697804904318
"vm(ID, ginv)_No_505020",-0.106637618268206,0.837020185249154,-0.127401489411469
"vm(ID, ginv)_No_505021",0.401567632365011,0.846453951294756,0.474411669708392
"vm(ID, ginv)_No_505022",0.697480236991249,0.83175177061599,0.8385677814364
"vm(ID, ginv)_No_505023",0.266361007501932,0.843123456737006,0.315921713924059
"vm(ID, ginv)_No_505024",0.422097414193501,0.851391011520253,0.495773867097562
"vm(ID, ginv)_No_505025",0.352215449369328,0.832583296561165,0.423039293274427
"vm(ID, ginv)_No_505026",0.546449498259557,0.862198072366273,0.633786499614694
"vm(ID, ginv)_No_505027",1.09279225041089,0.843286486967598,1.29587307196217
"vm(ID, ginv)_No_505028",0.425264311161641,0.840793430668,0.505789288605375
"vm(ID, ginv)_No_505029",0.223131998100295,0.823882723275221,0.270829805986546
"vm(ID, ginv)_No_505030",0.351016680824346,0.826049631869028,0.424934128994322
"vm(ID, ginv)_No_505031",0.957901822730722,0.834203659074384,1.14828293104539
"vm(ID, ginv)_No_505032",0.915781300230241,0.819946505512845,1.11687932575242
"vm(ID, ginv)_No_505033",0.380021227034418,0.835737333894048,0.454713714013159
"vm(ID, ginv)_No_505034",0.144274132926964,0.835057540761358,0.172771486855172
"vm(ID, ginv)_No_505035",0.799220107763444,0.834342649848104,0.957903935402254
"vm(ID, ginv)_No_505036",0.387442765781775,0.828328462324213,0.46774049595573
"vm(ID, ginv)_No_505037",0.473139737069659,0.850193300986844,0.556508427578142
"vm(ID, ginv)_No_505038",1.12359764641324,0.860968558896744,1.30503911531106
"vm(ID, ginv)_No_505039",0.230766055395963,0.83601520876089,0.276030929793725
"vm(ID, ginv)_No_505040",0.854431866193652,0.832692687674413,1.02610708469166
"vm(ID, ginv)_No_505041",0.834599801245223,0.822975785739581,1.01412437122338
"vm(ID, ginv)_No_505042",-0.144771683666855,0.814912591118731,-0.17765302100451
"vm(ID, ginv)_No_505043",0.885231715851202,0.830442663036504,1.06597572024342
"vm(ID, ginv)_No_505044",0.561429169595977,0.840729362487331,0.667788226088556
"vm(ID, ginv)_No_505045",0.315948224913082,0.838384515344877,0.376853602529997
"vm(ID, ginv)_No_505046",-1.24728079623069,0.820061167128918,-1.52096068711251
"vm(ID, ginv)_No_505047",-0.131154409895927,0.834399958958343,-0.157184103963354
"vm(ID, ginv)_No_505048",0.715392533146141,0.84722496571755,0.844395009701167
"vm(ID, ginv)_No_505049",0.46567061278136,0.820904010598146,0.56726560812153
"vm(ID, ginv)_No_505050",0.992011224524087,0.847253815495275,1.17085483285099
"vm(ID, ginv)_No_505051",0.344314216709583,0.845209063060929,0.407371657211823
"vm(ID, ginv)_No_505052",0.974670594156891,0.814640993045669,1.19644187129956
"vm(ID, ginv)_No_505053",0.468039682142416,0.846531701059058,0.552890909527514
"vm(ID, ginv)_No_505054",0.776584494956311,0.82608454619193,0.940078710509955
"vm(ID, ginv)_No_505055",0.683422569263975,0.847434861472634,0.806460296047243
"vm(ID, ginv)_No_505056",0.402306026512019,0.842598149501778,0.47745894855086
"vm(ID, ginv)_No_505057",1.34920084650935,0.825993623963202,1.63342767712388
"vm(ID, ginv)_No_505058",0.270175918767357,0.833979935272609,0.323959734929406
"vm(ID, ginv)_No_505059",0.126420762081682,0.839303919786207,0.150625725796544
"vm(ID, ginv)_No_505060",0.639693532476996,0.855169365540789,0.748031393842632
"vm(ID, ginv)_No_505061",1.33158313686913,0.817705121104556,1.62843927780522
"vm(ID, ginv)_No_505062",0.392368501907974,0.838312432250099,0.468045667478443
"vm(ID, ginv)_No_505063",0.196967512267269,0.815447568017285,0.241545281379874
"vm(ID, ginv)_No_505064",-0.0806915708641236,0.827881239233688,-0.0974675678589046
"vm(ID, ginv)_No_505065",0.642774743282724,0.850940275563802,0.7553699851107
"vm(ID, ginv)_No_505066",0.54601028214144,0.836096328160014,0.653047099660201
"vm(ID, ginv)_No_505067",-0.226016580196761,0.833114048502303,-0.271291284312242
"vm(ID, ginv)_No_505068",0.483036463394685,0.829183666864991,0.582544595000246
"vm(ID, ginv)_No_505069",0.366089019321796,0.842485410445643,0.434534550726699
"vm(ID, ginv)_No_505070",-0.116840669237773,0.818095190806584,-0.142820383924487
"vm(ID, ginv)_No_505071",0.585426728936483,0.833037002938296,0.70276197440397
"vm(ID, ginv)_No_505072",0.503093162167096,0.815651224195544,0.616799371156813
"vm(ID, ginv)_No_505073",-0.357284207152191,0.826997400405408,-0.432025792314516
"vm(ID, ginv)_No_505074",0.621473128372168,0.848026840447422,0.732846059500047
"vm(ID, ginv)_No_505075",0.0907385287717438,0.857076740017548,0.105869783340388
"vm(ID, ginv)_No_505076",0.359294620856043,0.859441405684824,0.418055982036085
"vm(ID, ginv)_No_505077",0.320773231016141,0.83549937694339,0.38392994641081
"vm(ID, ginv)_No_505078",0.0435683340933223,0.830028456217394,0.0524901691827192
"vm(ID, ginv)_No_505079",0.604779592939058,0.836286059930853,0.723173112546038
"vm(ID, ginv)_No_505080",1.56905597882859,0.816011073920296,1.92283662437386
"vm(ID, ginv)_No_505081",1.06612446513236,0.839980606262511,1.26922509541747
"vm(ID, ginv)_No_505082",0.0414703562074538,0.822635038052131,0.0504116093883492
"vm(ID, ginv)_No_505083",0.410006431487129,0.862885106169272,0.475157617805374
"vm(ID, ginv)_No_505084",0.397162872650196,0.856875672541796,0.463501165194795
"vm(ID, ginv)_No_505085",0.321172238505235,0.8195941773811,0.391867398974815
"vm(ID, ginv)_No_505086",0.623543628819198,0.849286330522011,0.734197179926279
"vm(ID, ginv)_No_505087",0.570228012133141,0.85444427332935,0.667367117941165
"vm(ID, ginv)_No_505088",0.494267446904712,0.8343341238458,0.592409482937631
"vm(ID, ginv)_No_505089",0.687662333257249,0.848865683635864,0.810095574027509
"vm(ID, ginv)_No_505090",1.28802261928254,0.844283887356295,1.52558000759167
"vm(ID, ginv)_No_505091",1.10748543341112,0.835926010424252,1.32486059723043
"vm(ID, ginv)_No_505092",0.314739246311196,0.809952152067699,0.388589925352638
"vm(ID, ginv)_No_505093",1.12372826180074,0.833301051930092,1.34852615294072
"vm(ID, ginv)_No_505094",0.695273278803077,0.835773847172164,0.831891642883454
"vm(ID, ginv)_No_505095",0.910846847129062,0.839377472190695,1.08514569107012
"vm(ID, ginv)_No_505096",0.597953487368506,0.838872245655407,0.7128063784031
"vm(ID, ginv)_No_505097",0.84993755641534,0.847426696054967,1.00296292336796
"vm(ID, ginv)_No_505098",0.0324676010750928,0.856658450158961,0.0379002869452442
"vm(ID, ginv)_No_505099",0.965377474270329,0.832196882992622,1.16003495566912
"vm(ID, ginv)_No_505100",-0.0615118017037531,0.847768597432179,-0.0725573014736182
"vm(ID, ginv)_No_505101",1.31673001216778,0.838088774721727,1.57111042634473
"vm(ID, ginv)_No_505102",0.468361119371702,0.842226854493934,0.556098534346931
"vm(ID, ginv)_No_505103",0.90888472885111,0.815473084729722,1.11454902175263
"vm(ID, ginv)_No_505104",0.524090167722146,0.835664868977443,0.627153524311063
"vm(ID, ginv)_No_505105",0.515496288907343,0.834816354475656,0.617496634012547
"vm(ID, ginv)_No_505106",0.214180101023898,0.836276837697843,0.256111482907391
"vm(ID, ginv)_No_505107",1.30369321466678,0.861850506721433,1.51266745740646
"vm(ID, ginv)_No_505108",0.517870158458786,0.839728147441663,0.616711682270675
"vm(ID, ginv)_No_505109",0.959234739067204,0.82047770377792,1.16911737473227
"vm(ID, ginv)_No_505110",1.04102565282958,0.839912814064284,1.23944489880101
"vm(ID, ginv)_No_505111",0.35855657263602,0.839451454018022,0.427131993064989
"vm(ID, ginv)_No_505112",-0.0374421990166415,0.844520371274373,-0.0443354598541437
"vm(ID, ginv)_No_505113",0.28835005507207,0.860038896396047,0.335275597743762
"vm(ID, ginv)_No_505114",-0.0687900922742664,0.814541918024986,-0.0844524888799601
"vm(ID, ginv)_No_505115",-0.715330082657074,0.827097073929418,-0.864868351254883
"vm(ID, ginv)_No_505116",1.62083572201313,0.857031208820893,1.89122135265422
"vm(ID, ginv)_No_505117",0.206089058037834,0.825128376929762,0.249766053137907
"vm(ID, ginv)_No_505118",0.319992945449779,0.844767279878408,0.378794199386886
"vm(ID, ginv)_No_505119",0.333612076895185,0.856904410319374,0.389322394514045
"vm(ID, ginv)_No_505120",0.238912307017753,0.861265310991233,0.277396876396646
"vm(ID, ginv)_No_505121",-0.00900619414582316,0.858219004018932,-0.0104940511730086
"vm(ID, ginv)_No_505122",0.459482553736093,0.840149457971378,0.546905731327326
"vm(ID, ginv)_No_505123",0.439319165429513,0.841366248636413,0.522149736980191
"vm(ID, ginv)_No_505124",-0.0455884370708167,0.806715742543085,-0.0565111533922768
"vm(ID, ginv)_No_505125",0.739691468715291,0.840245433839227,0.880327864842433
"vm(ID, ginv)_No_505126",0.372971494383867,0.838329274025637,0.444898569022726
"vm(ID, ginv)_No_505127",0.649503762143182,0.838919518905909,0.774214626678664
"vm(ID, ginv)_No_505128",0.551536278368545,0.803229605610761,0.686648343781063
"vm(ID, ginv)_No_505129",0.0595136887114075,0.813360465911636,0.073170127152299
"vm(ID, ginv)_No_505130",1.24599308765548,0.840043610150297,1.48324809878924
"vm(ID, ginv)_No_505131",0.286065978763412,0.812731558531023,0.351980891797119
"vm(ID, ginv)_No_505132",0.0726100594284858,0.843402358885774,0.0860918382116118
"vm(ID, ginv)_No_505133",0.562097867054266,0.85049124693274,0.660909643786985
"vm(ID, ginv)_No_505134",-0.263029686774808,0.836202743076031,-0.314552528023568
"vm(ID, ginv)_No_505135",0.0872871375973563,0.828967274423495,0.105296240624288
"vm(ID, ginv)_No_505136",1.12981846712962,0.845697663361817,1.33596025633838
"vm(ID, ginv)_No_505137",-0.0361190552630194,0.827029913687181,-0.0436732150376379
"vm(ID, ginv)_No_505138",-0.394628334356353,0.853078705905047,-0.462593113184891
"vm(ID, ginv)_No_505139",0.462814153086067,0.837385583887816,0.552689420490513
"vm(ID, ginv)_No_505140",0.610575115643586,0.832175041322334,0.733709959233308
"vm(ID, ginv)_No_505141",0.842976173844544,0.834643209268683,1.00998386434266
"vm(ID, ginv)_No_505142",-0.278672464908373,0.845378674724696,-0.329642174850371
"vm(ID, ginv)_No_505143",1.20455848501696,0.832435770696589,1.44702874073873
"vm(ID, ginv)_No_505144",0.511168536894364,0.834609028186759,0.612464662651577
"vm(ID, ginv)_No_505145",0.50750621170311,0.847898081886245,0.598546243404756
"vm(ID, ginv)_No_505146",1.29009325008435,0.837569640322195,1.54028177237665
"vm(ID, ginv)_No_505147",0.789830901743806,0.82673824889511,0.955357881166587
"vm(ID, ginv)_No_505148",0.594816152490993,0.813989060079709,0.73074219502747
"vm(ID, ginv)_No_505149",0.603477658125934,0.843223713242391,0.715679182936426
"vm(ID, ginv)_No_505150",-0.154570107325688,0.832610918948723,-0.185645063988414
"vm(ID, ginv)_No_505151",0.452400793238279,0.82134972639555,0.550801660607614
"vm(ID, ginv)_No_505152",1.33929314423882,0.832526777616497,1.60870878901118
"vm(ID, ginv)_No_505153",-0.254740900889101,0.852918263456017,-0.298669769195577
"vm(ID, ginv)_No_505154",-0.169136566180911,0.812628725620899,-0.208135106289382
"vm(ID, ginv)_No_505155",0.116087230121647,0.829483959787887,0.139951145229298
"vm(ID, ginv)_No_505156",0.0870270492216273,0.827280266182734,0.105196573373121
"vm(ID, ginv)_No_505157",0.0051669187948493,0.846091448930623,0.00610680890508913
"vm(ID, ginv)_No_505158",0.607631378414146,0.837674023683263,0.725379277899036
"vm(ID, ginv)_No_505159",-0.0672900139850578,0.840790781383249,-0.0800318170405649
"vm(ID, ginv)_No_505160",0.259901328605345,0.831240185278374,0.312666944173671
"vm(ID, ginv)_No_505161",0.675671714533521,0.850326208042425,0.794602951365002
"vm(ID, ginv)_No_505162",0.530259548293371,0.835350834880475,0.634774667303998
"vm(ID, ginv)_No_505163",0.149577873683789,0.812026576164868,0.184203175209157
"vm(ID, ginv)_No_505164",0.651425298196226,0.834985341537769,0.780163753529511
"vm(ID, ginv)_No_505165",0.96761888682949,0.827341846620745,1.169551486827
"vm(ID, ginv)_No_505166",0.0569119119481374,0.836782581854956,0.0680127827493454
"vm(ID, ginv)_No_505167",0.775422888620286,0.830689372967102,0.933469132812651
"vm(ID, ginv)_No_505168",-0.379635781595913,0.832027350437818,-0.45627800744308
"vm(ID, ginv)_No_505169",0.696313609926647,0.813959758047872,0.855464417057452
"vm(ID, ginv)_No_505170",0.409331760587856,0.821197425533209,0.498457189295344
"vm(ID, ginv)_No_505171",1.00709607918229,0.842513570203117,1.1953470125585
"vm(ID, ginv)_No_505172",0.517535659194504,0.836431770205019,0.618742230543981
"vm(ID, ginv)_No_505173",0.195791164999798,0.822063605087181,0.238170335954763
"vm(ID, ginv)_No_505174",1.59814374114449,0.853271293251045,1.87296086694234
"vm(ID, ginv)_No_505175",0.164009937997782,0.840573496629326,0.195116713357555
"vm(ID, ginv)_No_505176",0.800446017070749,0.834369052838961,0.959342888314483
"vm(ID, ginv)_No_505177",0.371172178458821,0.850449398424577,0.436442402271555
"vm(ID, ginv)_No_505178",-0.32902170167896,0.803575603971038,-0.409447101247263
"vm(ID, ginv)_No_505179",0.750272245628954,0.82885195436805,0.905194518363647
"vm(ID, ginv)_No_505180",0.51897411688634,0.856738595064575,0.605755501008126
"vm(ID, ginv)_No_505181",0.859814038190093,0.835382018965275,1.02924652275264
"vm(ID, ginv)_No_505182",0.444424275528963,0.839055719423786,0.529671945784682
"vm(ID, ginv)_No_505183",1.40489829941906,0.829707474360287,1.6932453217952
"vm(ID, ginv)_No_505184",1.06310613053895,0.833592598801379,1.2753305776318
"vm(ID, ginv)_No_505185",0.160823991201311,0.847001917369155,0.189874412210118
"vm(ID, ginv)_No_505186",0.489263955391212,0.845531486678278,0.578646641904862
"vm(ID, ginv)_No_505187",-0.0709623789163245,0.824974796809354,-0.0860176325274133
"vm(ID, ginv)_No_505188",0.96569134405135,0.850642225879413,1.13524971447661
"vm(ID, ginv)_No_505189",0.938137756598636,0.815163642562338,1.15085819290192
"vm(ID, ginv)_No_505190",0.997965740853987,0.844296435078114,1.18200871091165
"vm(ID, ginv)_No_505191",0.49130011100212,0.823348147545585,0.596710046007504
"vm(ID, ginv)_No_505192",0.561425007372818,0.849924938930042,0.660558340692518
"vm(ID, ginv)_No_505193",0.260324822374353,0.856464939218638,0.303952690243047
"vm(ID, ginv)_No_505194",0.588464732159834,0.84485654409393,0.696526216519913
"vm(ID, ginv)_No_505195",0.516104031305873,0.845076430867391,0.610718761587211
"vm(ID, ginv)_No_505196",0.558611060154926,0.848404230903711,0.658425594554025
"vm(ID, ginv)_No_505197",0.330434521155605,0.830195319469615,0.398020216937273
"vm(ID, ginv)_No_505198",0.509393400239679,0.844632219530774,0.603094919256888
"vm(ID, ginv)_No_505199",1.17945989853563,0.850237414396898,1.38721241686625
"vm(ID, ginv)_No_505200",-0.49265471354541,0.802590227837743,-0.61383093944798
"vm(ID, ginv)_No_505201",0.71848636294316,0.849456584738107,0.845818816231407
"vm(ID, ginv)_No_505202",-0.731093658833534,0.810407386258373,-0.902131040795384
"vm(ID, ginv)_No_505203",1.12112804746409,0.838804638012102,1.33657826466133
"vm(ID, ginv)_No_505204",1.36295886599032,0.843079055577988,1.61664420076942
"vm(ID, ginv)_No_505205",0.780684738490694,0.847169726994811,0.921521052528682
"vm(ID, ginv)_No_505206",0.0975107252314555,0.862235827437116,0.113090551480902
"vm(ID, ginv)_No_505207",0.203278652446493,0.816499942195489,0.248963462140483
"vm(ID, ginv)_No_505208",0.579713082957072,0.808590044338547,0.71694313702724
"vm(ID, ginv)_No_505209",0.654218756475363,0.828388434075918,0.789748781566652
"vm(ID, ginv)_No_505210",0.424377549179628,0.842559577673523,0.503676606883302
"vm(ID, ginv)_No_505211",0.623060267257125,0.827388032633152,0.75304481414149
"vm(ID, ginv)_No_505212",0.122477270753303,0.841792266936146,0.145495837350801
"vm(ID, ginv)_No_505213",0.268898889103952,0.834597778201931,0.322189797441435
"vm(ID, ginv)_No_505214",0.883133666504009,0.839497707905061,1.05197865126736
"vm(ID, ginv)_No_505215",0.823830801863662,0.836069812334056,0.985361257768385
"vm(ID, ginv)_No_505216",1.3439766022659,0.801610951944042,1.67659461114713
"vm(ID, ginv)_No_505217",1.39725709335907,0.85109117610903,1.64172433292867
"vm(ID, ginv)_No_505218",0.114926449191592,0.811642522711792,0.141597373197759
"vm(ID, ginv)_No_505219",-0.0523544724812093,0.839237510405649,-0.0623833799515272
"vm(ID, ginv)_No_505220",-0.872238844922698,0.8232140733022,-1.0595528832784
"vm(ID, ginv)_No_505221",0.659206051389111,0.829096175751427,0.795089967447575
"vm(ID, ginv)_No_505222",0.577650569578343,0.849471741864984,0.680011519053161
"vm(ID, ginv)_No_505223",0.795455282517008,0.836725263911572,0.950676783438291
"vm(ID, ginv)_No_505224",1.19719372050361,0.852802955509758,1.4038339252565
"vm(ID, ginv)_No_505225",0.909974697665754,0.834035829551865,1.09104988709501
"vm(ID, ginv)_No_505226",0.141918444425398,0.837574589313846,0.169439768393236
"vm(ID, ginv)_No_505227",1.13438442656396,0.808588080719358,1.4029200449687
"vm(ID, ginv)_No_505228",0.51793070555267,0.848846223594963,0.610158461162934
"vm(ID, ginv)_No_505229",0.747805913528071,0.861599338016807,0.86792767883195
"vm(ID, ginv)_No_505230",1.1881563699922,0.836058326095424,1.42114052681128
"vm(ID, ginv)_No_505231",-0.0331091412963496,0.807267112747237,-0.0410138611787056
"vm(ID, ginv)_No_505232",0.950384011882392,0.850881719695659,1.11694021611173
"vm(ID, ginv)_No_505233",0.504645439237206,0.84236313215371,0.599083008235361
"vm(ID, ginv)_No_505234",0.588258761856252,0.826220282435816,0.711987800785985
"vm(ID, ginv)_No_505235",1.06905921222381,0.831000978678525,1.28647166447848
"vm(ID, ginv)_No_505236",0.420917447515891,0.830148299537906,0.507038860105104
"vm(ID, ginv)_No_505237",0.250397779628123,0.837253094165209,0.29907059331657
"vm(ID, ginv)_No_505238",0.830936231129462,0.842311297488528,0.986495412808801
"vm(ID, ginv)_No_505239",0.449383361561834,0.821889565353755,0.546768544711249
"vm(ID, ginv)_No_505240",0.0831689198935653,0.841856723145217,0.0987922500432642
"vm(ID, ginv)_No_505241",-0.0178859439802266,0.833767826962383,-0.0214519478946428
"vm(ID, ginv)_No_505242",1.00001097324762,0.821130171262975,1.21784707010523
"vm(ID, ginv)_No_505243",0.661472508042802,0.850361226573211,0.77787237631754
"vm(ID, ginv)_No_505244",0.204062356224532,0.84172200490479,0.242434384553858
"vm(ID, ginv)_No_505245",-0.434610567397399,0.831772849048073,-0.52251112535687
"vm(ID, ginv)_No_505246",0.746327383699592,0.831110359262098,0.897988306104402
"vm(ID, ginv)_No_505247",-0.575359063209634,0.827675835106574,-0.69515024941564
"vm(ID, ginv)_No_505248",0.429528916378849,0.804624894328965,0.53382503997352
"vm(ID, ginv)_No_505249",0.584307444060841,0.842375380443469,0.693642594057333
"vm(ID, ginv)_No_505250",0.980430125911071,0.834464945125775,1.1749206861689
"vm(ID, ginv)_No_505251",0.515785266360699,0.86466275591723,0.596516113167794
"vm(ID, ginv)_No_505252",1.07658987244308,0.835403655182146,1.28870620300117
"vm(ID, ginv)_No_505253",0.147247401332539,0.826922518230005,0.178066745174284
"vm(ID, ginv)_No_505254",0.231202577554814,0.838948813173633,0.275586035672671
"vm(ID, ginv)_No_505255",-0.100083912428292,0.842651756974317,-0.118772567196276
"vm(ID, ginv)_No_505256",0.511515620625029,0.852817407475673,0.599795004348126
"vm(ID, ginv)_No_505257",0.485889303147507,0.828152877225752,0.586714502248907
"vm(ID, ginv)_No_505258",0.648742156390432,0.832457568276262,0.779309578185177
"vm(ID, ginv)_No_505259",0.973894469458434,0.853433046112983,1.14114923706564
"vm(ID, ginv)_No_505260",-0.140470842140364,0.846061488425233,-0.166029117342076
"vm(ID, ginv)_No_505261",0.229110790902806,0.821057454213601,0.279043555024107
"vm(ID, ginv)_No_505262",0.200476159633565,0.834598634264791,0.24020667109067
"vm(ID, ginv)_No_505263",1.06679834165756,0.849507049041272,1.25578515547518
"vm(ID, ginv)_No_505264",0.329528851356003,0.848485769291693,0.38837286762168
"vm(ID, ginv)_No_505265",0.287590241628195,0.839921758711806,0.342401228025423
"vm(ID, ginv)_No_505266",0.833600500769437,0.82821080922029,1.00650763246403
"vm(ID, ginv)_No_505267",-0.887572475784898,0.834085795104934,-1.06412611387685
"vm(ID, ginv)_No_505268",0.366755880868467,0.842191973397444,0.435477768078169
"vm(ID, ginv)_No_505269",0.560626127266239,0.85620516891165,0.654780124697061
"vm(ID, ginv)_No_505270",0.366397431026309,0.813524473799451,0.450382800796516
"vm(ID, ginv)_No_505271",0.244538656206688,0.830562557194631,0.294425331467698
"vm(ID, ginv)_No_505272",0.716673935612402,0.829535198415255,0.863946384651955
"vm(ID, ginv)_No_505273",0.28873874946017,0.832774178767727,0.346719142862261
"vm(ID, ginv)_No_505274",1.26043175091222,0.812439142143229,1.55141682069524
"vm(ID, ginv)_No_505275",0.0901667682737606,0.831319418648853,0.108462242371661
"vm(ID, ginv)_No_505276",0.935098670837626,0.836813510981642,1.11745168853774
"vm(ID, ginv)_No_505277",0.784798898227689,0.832329995864027,0.942893926840885
"vm(ID, ginv)_No_505278",1.27694539335275,0.80261640791663,1.5909784309884
"vm(ID, ginv)_No_505279",0.936403671467086,0.827159911767999,1.13207090690068
"vm(ID, ginv)_No_505280",0.418270919787672,0.834238604076579,0.501380441691089
"vm(ID, ginv)_No_505281",-0.0669534988964179,0.850169550575654,-0.0787531132479202
"vm(ID, ginv)_No_505282",0.997654647137176,0.831101154231191,1.20040098856565
"vm(ID, ginv)_No_505283",0.869009238029602,0.832961420220562,1.04327669557552
"vm(ID, ginv)_No_505284",-0.0333570063533192,0.832680228777872,-0.0400598035121807
"vm(ID, ginv)_No_505285",0.224879984366012,0.846329520934376,0.265712088262899
"vm(ID, ginv)_No_505286",0.209570761277173,0.847250116222889,0.247354066130385
"vm(ID, ginv)_No_505287",0.18022227576444,0.829611981617715,0.217236828490606
"vm(ID, ginv)_No_505288",0.764295307000551,0.822984364879197,0.928687517791106
"vm(ID, ginv)_No_505289",-0.133342546203049,0.828764131079729,-0.160893239949138
"vm(ID, ginv)_No_505290",1.00671273759045,0.817838244298767,1.23094358158028
"vm(ID, ginv)_No_505291",0.679887251007587,0.83263296586237,0.816550964089462
"vm(ID, ginv)_No_505292",0.551410006164802,0.846496050685417,0.651402928245582
"vm(ID, ginv)_No_505293",0.258442609358598,0.842831409092735,0.30663618675151
"vm(ID, ginv)_No_505294",0.16308054148191,0.848260567605774,0.192252885150853
"vm(ID, ginv)_No_505295",-0.381860990219639,0.837109373807383,-0.456166185886606
"vm(ID, ginv)_No_505296",0.586156632830516,0.831292460762386,0.705114818788259
"vm(ID, ginv)_No_505297",0.0594233434347051,0.842455493521226,0.0705358845561471
"vm(ID, ginv)_No_505298",0.713757964129602,0.84934362506779,0.840364186017918
"vm(ID, ginv)_No_505299",0.463522620057849,0.831559930034998,0.557413366512671
"vm(ID, ginv)_No_505300",-0.595321040877489,0.841606202033356,-0.707362944140821
"vm(ID, ginv)_No_505301",0.263633795452707,0.832640826785056,0.316623671302108
"vm(ID, ginv)_No_505302",-0.158016802758117,0.814269185699339,-0.194059661759647
"vm(ID, ginv)_No_505303",0.395073299265991,0.829939643039015,0.476026543110218
"vm(ID, ginv)_No_505304",0.534831914718943,0.837502924611575,0.638603041257429
"vm(ID, ginv)_No_505305",0.992587142585929,0.873776460360536,1.13597377317348
"vm(ID, ginv)_No_505306",-0.218776359787278,0.829918946499173,-0.263611718602325
"vm(ID, ginv)_No_505307",0.0222252750784183,0.833427163247618,0.026667327462442
"vm(ID, ginv)_No_505308",-0.192066533173412,0.839221775279723,-0.228862666378496
"vm(ID, ginv)_No_505309",0.895266302577923,0.851862148870908,1.05095208627892
"vm(ID, ginv)_No_505310",-0.172310108282204,0.805134799135149,-0.214013986809779
"vm(ID, ginv)_No_505311",-0.0205870149890923,0.816659047334253,-0.025208824975726
"vm(ID, ginv)_No_505312",0.939329885028244,0.824304484517261,1.13954236895647
"vm(ID, ginv)_No_505313",1.08695413799933,0.831901894709783,1.30658932851514
"vm(ID, ginv)_No_505314",0.998109112966397,0.834367364030665,1.19624658872649
"vm(ID, ginv)_No_505315",-0.31981167020736,0.834601990174088,-0.383190639337741
"vm(ID, ginv)_No_505316",0.226074449404316,0.852300622763475,0.265252005414825
"vm(ID, ginv)_No_505317",1.22370219449638,0.813480453459926,1.5042797762278
"vm(ID, ginv)_No_505318",0.963448187553164,0.834298960920305,1.1547996973296
"vm(ID, ginv)_No_505319",0.768347396006971,0.833557006866031,0.921769464689366
"vm(ID, ginv)_No_505320",0.859608755853836,0.834012745801389,1.03069019050524
"vm(ID, ginv)_No_505321",0.00426852985907052,0.862872454259068,0.00494688390850978
"vm(ID, ginv)_No_505322",0.923892089286567,0.852446082073915,1.08381293399675
"vm(ID, ginv)_No_505323",0.846965827518599,0.845352390493854,1.00190859698617
"vm(ID, ginv)_No_505324",1.2271024102167,0.831359473716049,1.47601903750701
"vm(ID, ginv)_No_505325",0.682850506632077,0.850934556373733,0.802471237673143
"vm(ID, ginv)_No_505326",0.224906659411734,0.86166493255503,0.261014056525238
"vm(ID, ginv)_No_505327",0.601759973588928,0.839619290190642,0.716705750593575
"vm(ID, ginv)_No_505328",0.808430388679457,0.836069600453948,0.966941494153735
"vm(ID, ginv)_No_505329",1.32073422438836,0.823871518829894,1.60308275526278
"vm(ID, ginv)_No_505330",0.0812714545581825,0.825766772831256,0.0984193809100989
"vm(ID, ginv)_No_505331",0.60896783441668,0.833505279967046,0.730610650049819
"vm(ID, ginv)_No_505332",0.484608382533228,0.838492400329084,0.577952027165701
"vm(ID, ginv)_No_505333",0.858661360281268,0.833663980184637,1.0299849587973
"vm(ID, ginv)_No_505334",0.519508866350899,0.828327955209947,0.627177753791038
"vm(ID, ginv)_No_505335",-0.617911115944814,0.839807056078406,-0.735777475876703
"vm(ID, ginv)_No_505336",1.22430729530912,0.815009405954706,1.50220020329086
"vm(ID, ginv)_No_505337",0.12190597017091,0.838066294417113,0.145461010642001
"vm(ID, ginv)_No_505338",0.287407113003183,0.862863821162824,0.333085135746986
"vm(ID, ginv)_No_505339",0.33374197806285,0.860892299096168,0.387669837926577
"vm(ID, ginv)_No_505340",-0.622548101339133,0.825738646918361,-0.753928744479223
"vm(ID, ginv)_No_505341",0.732540662112703,0.842480373623992,0.869504720877503
"vm(ID, ginv)_No_505342",0.725417814081462,0.841207223694264,0.862353286620271
"vm(ID, ginv)_No_505343",0.473691271847676,0.852020611738311,0.555962221243968
"vm(ID, ginv)_No_505344",-0.169685801512064,0.824341390749456,-0.205844087675609
"vm(ID, ginv)_No_505345",0.406528358145096,0.828789170812266,0.490508771665866
"vm(ID, ginv)_No_505346",0.507465761043501,0.846059042228405,0.599799465184965
"vm(ID, ginv)_No_505347",-0.0140188130415389,0.841100460316519,-0.0166672278793706
"vm(ID, ginv)_No_505348",0.506204822473466,0.852726315869338,0.59363105495038
"vm(ID, ginv)_No_505349",0.276975716810392,0.82533445077109,0.335592094273564
"vm(ID, ginv)_No_505350",1.06985561203624,0.852740201306516,1.25460909477127
"vm(ID, ginv)_No_505351",-0.433661006852821,0.837127230277287,-0.518034763615534
"vm(ID, ginv)_No_505352",0.508084767903163,0.82164692228183,0.618373603216501
"vm(ID, ginv)_No_505353",0.274050170541562,0.872111307659753,0.314237607212037
"vm(ID, ginv)_No_505354",0.620993434203597,0.859115794044293,0.722828562236374
"vm(ID, ginv)_No_505355",0.94923898360687,0.821883921547374,1.15495504744724
"vm(ID, ginv)_No_505356",0.471165724817858,0.838229290529284,0.56209646947597
"vm(ID, ginv)_No_505357",1.09689078035295,0.843429194736932,1.30051317549551
"vm(ID, ginv)_No_505358",0.344127894636175,0.824731623100113,0.417260457823383
"vm(ID, ginv)_No_505359",-0.116491565265286,0.824513085558968,-0.14128528377001
"vm(ID, ginv)_No_505360",1.46302954730694,0.835236108334059,1.75163589398099
"vm(ID, ginv)_No_505361",1.29708914650923,0.841672765210439,1.54108484927029
"vm(ID, ginv)_No_505362",0.307106951407772,0.848128275926167,0.362099649457397
"vm(ID, ginv)_No_505363",0.363272047293695,0.859384264897319,0.422712006877505
"vm(ID, ginv)_No_505364",1.09740608906216,0.855647820796493,1.28254412900932
"vm(ID, ginv)_No_505365",-0.0988801442936986,0.802981432949722,-0.123141258609761
"vm(ID, ginv)_No_505366",1.42132812212825,0.846473087705716,1.67911791027004
"vm(ID, ginv)_No_505367",0.18290881807514,0.816441434690025,0.224031767991521
"vm(ID, ginv)_No_505368",1.26030196211258,0.84586453086591,1.48995721669806
"vm(ID, ginv)_No_505369",0.637684882373306,0.852561954657926,0.747963099795092
"vm(ID, ginv)_No_505370",0.630901409966212,0.835957276145957,0.754705327615401
"vm(ID, ginv)_No_505371",0.629024525599505,0.833610383283947,0.754578563574879
"vm(ID, ginv)_No_505372",0.293458359729088,0.833122763660523,0.352239036705358
"vm(ID, ginv)_No_505373",0.779757900682454,0.84419183969221,0.923673819172135
"vm(ID, ginv)_No_505374",0.740249824456698,0.83829599425133,0.883041109027133
"vm(ID, ginv)_No_505375",0.50970806054873,0.806374171007922,0.632098694222341
"vm(ID, ginv)_No_505376",0.99952617459292,0.814323736097114,1.22743097159791
"vm(ID, ginv)_No_505377",1.43344763263623,0.853796912597069,1.67890936531497
"vm(ID, ginv)_No_505378",1.0945991380639,0.832987704004632,1.31406398053843
"vm(ID, ginv)_No_505379",0.598868119158029,0.832380593610448,0.719464297648316
"vm(ID, ginv)_No_505380",0.808784086192192,0.842878504571263,0.959550020324207
"vm(ID, ginv)_No_505381",0.460545658101002,0.838529360123548,0.549230211847496
"vm(ID, ginv)_No_505382",0.89517793450838,0.842912360148614,1.06200594134193
"vm(ID, ginv)_No_505383",-0.024741175518529,0.828450782493101,-0.029864387892874
"vm(ID, ginv)_No_505384",0.584400008198518,0.849964576967782,0.687558074812181
"vm(ID, ginv)_No_505385",0.361412472430745,0.822536677414602,0.439387667874868
"vm(ID, ginv)_No_505386",1.34602799126713,0.843015322745554,1.5966827113929
"vm(ID, ginv)_No_505387",0.530778740626134,0.847673839754256,0.626159161382176
"vm(ID, ginv)_No_505388",1.32057638852519,0.824127247763849,1.60239379550717
"vm(ID, ginv)_No_505389",0.985506457520105,0.813240855391668,1.21182605495818
"vm(ID, ginv)_No_505390",0.489464331410613,0.84299170127446,0.58062769855341
"vm(ID, ginv)_No_505391",-0.352193197673411,0.833998806128437,-0.422294606521502
"vm(ID, ginv)_No_505392",1.67518819044933,0.815862364866608,2.0532730305843
"vm(ID, ginv)_No_505393",0.631716179705547,0.828053164440127,0.762893261971495
"vm(ID, ginv)_No_505394",-0.271523109709341,0.844284501110292,-0.321601438084283
"vm(ID, ginv)_No_505395",0.412032892922003,0.841295147310066,0.489760215828447
"vm(ID, ginv)_No_505396",0.129042166691613,0.825829446705525,0.156257647637052
"vm(ID, ginv)_No_505397",-0.448809029595598,0.829897345688338,-0.540800656764776
"vm(ID, ginv)_No_505398",-0.360585590230232,0.828291842153921,-0.435336401832176
"vm(ID, ginv)_No_505399",0.459334626400971,0.825458547719991,0.55645995509975
"vm(ID, ginv)_No_505400",0.424735492121001,0.823100445138435,0.516019028576234
"vm(ID, ginv)_No_505401",0.385643486169513,0.815638148256541,0.472811977951058
"vm(ID, ginv)_No_505402",0.473262993437151,0.84854928675812,0.557731885257073
"vm(ID, ginv)_No_505403",0.618560920479579,0.829211880917992,0.745962443030594
"vm(ID, ginv)_No_505404",0.961030489120281,0.823818151829609,1.16655658410286
"vm(ID, ginv)_No_505405",0.826127231512625,0.841383306632131,0.981867865693018
"vm(ID, ginv)_No_505406",0.723932554890985,0.841900321501997,0.859879176194456
"vm(ID, ginv)_No_505407",0.233981799477905,0.818581915872624,0.285837977777064
"vm(ID, ginv)_No_505408",0.1556128516685,0.820374740797262,0.189685084059599
"vm(ID, ginv)_No_505409",0.623679602220231,0.836029792163574,0.746001647388907
"vm(ID, ginv)_No_505410",1.02121301572611,0.832714375440528,1.22636650194235
"vm(ID, ginv)_No_505411",0.642037798243363,0.840725717911172,0.763670938767689
"vm(ID, ginv)_No_505412",0.936567097660192,0.823026312249388,1.13795523146823
"vm(ID, ginv)_No_505413",0.496951993080692,0.827033082526861,0.600885265148449
"vm(ID, ginv)_No_505414",0.786301758948862,0.822322923562918,0.956195840366476
"vm(ID, ginv)_No_505415",0.411587660582171,0.889498925832831,0.462718558312822
"vm(ID, ginv)_No_505416",-0.413899254525396,0.845211019155095,-0.48969931194123
"vm(ID, ginv)_No_505417",0.325269649793097,0.839053185429239,0.38766273156653
"vm(ID, ginv)_No_505418",0.453661969075751,0.825032694421729,0.549871504660461
"vm(ID, ginv)_No_505419",-0.0673668420708785,0.838555238416784,-0.0803367971298695
"vm(ID, ginv)_No_505420",0.0463054783817505,0.856011616457089,0.0540944509297693
"vm(ID, ginv)_No_505421",0.634001257325812,0.817908888627563,0.775149000262921
"vm(ID, ginv)_No_505422",0.924783044140468,0.84388461657355,1.09586432312914
"vm(ID, ginv)_No_505423",0.313953043451243,0.83833430085115,0.374496239903927
"vm(ID, ginv)_No_505424",0.274601102081337,0.853330515777442,0.321799229025763
"vm(ID, ginv)_No_505425",0.51680853916809,0.815945948233255,0.633385753415556
"vm(ID, ginv)_No_505426",0.322637835723788,0.854244749806372,0.377687818153894
"vm(ID, ginv)_No_505427",-0.230024679849179,0.835905482027282,-0.275180250393036
"vm(ID, ginv)_No_505428",0.215511712538023,0.849490106996596,0.253695376512355
"vm(ID, ginv)_No_505429",0.456819323265322,0.829647263746183,0.550618730667059
"vm(ID, ginv)_No_505430",0.206959203175086,0.825199919238593,0.250798865038725
"vm(ID, ginv)_No_505431",0.42419263399135,0.855365353375352,0.495919822234377
"vm(ID, ginv)_No_505432",0.120668622655437,0.83875869953583,0.143865718140647
"vm(ID, ginv)_No_505433",-0.0698138080434364,0.811105001964335,-0.08607246641848
"vm(ID, ginv)_No_505434",0.675500564476438,0.828409561654845,0.815418599378605
"vm(ID, ginv)_No_505435",0.731822440591119,0.829581202870742,0.882158899042876
"vm(ID, ginv)_No_505436",0.686798562067387,0.846036309155579,0.811783790642359
"vm(ID, ginv)_No_505437",1.16829090573943,0.851796277519159,1.37156141271485
"vm(ID, ginv)_No_505438",0.106396138195631,0.825009432496168,0.128963541512145
"vm(ID, ginv)_No_505439",-0.199371585955819,0.815939517950874,-0.24434603493224
"vm(ID, ginv)_No_505440",1.17015390068798,0.832157427104225,1.40616890815952
"vm(ID, ginv)_No_505441",0.771819260248107,0.833983849162856,0.925460680111312
"vm(ID, ginv)_No_505442",1.23316481447826,0.846006379854874,1.45763063239524
"vm(ID, ginv)_No_505443",0.540253041387296,0.839401649545178,0.643616845022912
"vm(ID, ginv)_No_505444",0.163124758997016,0.827074292165494,0.197231083763845
"vm(ID, ginv)_No_505445",1.13667482338232,0.831855815141298,1.36643250271593
"vm(ID, ginv)_No_505446",0.819288239537225,0.834582221686934,0.981674684947404
"vm(ID, ginv)_No_505447",0.544028786082537,0.847430893737602,0.641974218904261
"vm(ID, ginv)_No_505448",0.585372997257529,0.844709472680455,0.692987371622586
"vm(ID, ginv)_No_505449",0.508964544012724,0.82664562997595,0.615698584201712
"vm(ID, ginv)_No_505450",0.478362578540187,0.863889860301626,0.553730979517651
"vm(ID, ginv)_No_505451",0.371725475047737,0.834620357947229,0.44538270784816
"vm(ID, ginv)_No_505452",0.512715263192106,0.841759119496965,0.609099742808257
"vm(ID, ginv)_No_505453",0.931610384036475,0.832378378591203,1.11921502047329
"vm(ID, ginv)_No_505454",0.537971014999728,0.827926304508872,0.649781281341041
"vm(ID, ginv)_No_505455",0.693920987083741,0.845395010089954,0.820824559882255
"vm(ID, ginv)_No_505456",0.294643341204115,0.841317100583901,0.350216750615937
"vm(ID, ginv)_No_505457",0.0301614746241079,0.827288787885201,0.0364582175726202
"vm(ID, ginv)_No_505458",0.4052559741287,0.8364439199885,0.484498678804756
"vm(ID, ginv)_No_505459",0.268420555209042,0.835181089520911,0.321392041291329
"vm(ID, ginv)_No_505460",0.871764891279552,0.835953205478354,1.04283934264084
"vm(ID, ginv)_No_505461",0.475335252856608,0.830436355815261,0.572392152063187
"vm(ID, ginv)_No_505462",0.581078584320528,0.816283272934212,0.71185898766709
"vm(ID, ginv)_No_505463",0.278328055640043,0.836233799269075,0.332835214127103
"vm(ID, ginv)_No_505464",0.658847283105266,0.847270598714837,0.77761140786028
"vm(ID, ginv)_No_505465",-0.0154491612674947,0.82356017775734,-0.0187589950130478
"vm(ID, ginv)_No_505466",0.835441131646304,0.816163734225007,1.02361952217787
"vm(ID, ginv)_No_505467",-0.346223213313659,0.823764056030268,-0.420294149494837
"vm(ID, ginv)_No_505468",0.533223336570115,0.839332166462437,0.635294771100588
"vm(ID, ginv)_No_505469",0.268323832492356,0.837489912208204,0.320390524806285
"vm(ID, ginv)_No_505470",0.165346415629262,0.847337931711646,0.195136331611236
"vm(ID, ginv)_No_505471",1.21240405859939,0.835705494257036,1.45075516067684
"vm(ID, ginv)_No_505472",0.637912251870888,0.838086268927656,0.76115344627601
"vm(ID, ginv)_No_505473",0.735619727314458,0.831843190985695,0.88432499692975
"vm(ID, ginv)_No_505474",0.0124703006850202,0.842226915142983,0.0148063431134864
"vm(ID, ginv)_No_505475",0.237412693600416,0.828600810811641,0.286522400778081
"vm(ID, ginv)_No_505476",0.261869542223011,0.852167226907142,0.307298302439347
"vm(ID, ginv)_No_505477",0.785234944402437,0.834359133411135,0.941123447875662
"vm(ID, ginv)_No_505478",-0.0603367721235026,0.839547646741274,-0.0718681927794109
"vm(ID, ginv)_No_505479",0.532813258348203,0.847686525979159,0.628549873118195
"vm(ID, ginv)_No_505480",0.21293730364008,0.843043749105832,0.252581558034124
"vm(ID, ginv)_No_505481",0.44873132211762,0.815433593766385,0.550297811554448
"vm(ID, ginv)_No_505482",0.0707256678419345,0.83887931119883,0.0843097056963552
"vm(ID, ginv)_No_505483",0.38256568705904,0.842951731124966,0.453840561604263
"vm(ID, ginv)_No_505484",0.0880748916295841,0.854415499021016,0.103082038809572
"vm(ID, ginv)_No_505485",0.750220426380511,0.826537925807848,0.907666064624022
"vm(ID, ginv)_No_505486",-0.31370088598499,0.848986282884587,-0.369500535296205
"vm(ID, ginv)_No_505487",1.41105285281507,0.812430984218353,1.73682796474418
"vm(ID, ginv)_No_505488",0.708123343972284,0.846654920422113,0.836377757799173
"vm(ID, ginv)_No_505489",0.387356531876031,0.828369330577585,0.467613318815104
"vm(ID, ginv)_No_505490",1.30747613322251,0.835175515669446,1.56551061266983
"vm(ID, ginv)_No_505491",0.70708216291426,0.839552102011366,0.842213557943885
"vm(ID, ginv)_No_505492",-0.705297467189679,0.802940179007171,-0.878393541174853
"vm(ID, ginv)_No_505493",0.711987823818618,0.849821053518832,0.837809113895812
"vm(ID, ginv)_No_505494",0.0446932733912334,0.850550412829468,0.052546295571776
"vm(ID, ginv)_No_505495",0.630326373493796,0.842931861364539,0.747778560029067
"vm(ID, ginv)_No_505496",0.882682103759229,0.83926096298276,1.05173735308997
"vm(ID, ginv)_No_505497",0.126875559774906,0.824063077119394,0.153963408017763
"vm(ID, ginv)_No_505498",0.331875405592519,0.847239121132332,0.391713976980866
"vm(ID, ginv)_No_505499",0.820678918640099,0.838929283704195,0.97824564546905
"vm(ID, ginv)_No_505500",0.494062173385491,0.840749987469033,0.587644580135886
"vm(ID, ginv)_Nr_502870",0.0879000636920669,0.926343187809587,0.0948893076009051
"vm(ID, ginv)_Nr_503998",-1.02950775943656,0.933108324038084,-1.10331001547741
"vm(ID, ginv)_Nr_501520",-0.123141411315717,0.926754730701147,-0.132873787676868
"vm(ID, ginv)_Nr_503447",-1.54713097212716,0.919309225836266,-1.68292771207619
"vm(ID, ginv)_Nr_500539",-0.0481230131374253,0.927441824112813,-0.0518879048650406
"vm(ID, ginv)_Nr_504613",-0.423533108326906,0.945730725740634,-0.447836891410315
"vm(ID, ginv)_Nr_503694",-0.345068265122797,0.929323602146567,-0.371311203466428
"vm(ID, ginv)_Nr_502307",-1.05196381039855,0.918345199394965,-1.1454993297636
"vm(ID, ginv)_Nr_502591",-1.00175458199724,0.910518866467558,-1.10020189464458
"vm(ID, ginv)_Nr_500325",-0.0098480440802588,0.917771931454592,-0.0107303827266219
"vm(ID, ginv)_Nr_500442",-0.260061931390656,0.915389422311717,-0.28409977770324
"vm(ID, ginv)_Nr_502570",-0.751051568077812,0.912928976971345,-0.822683458432261
"vm(ID, ginv)_Nr_504010",-0.506033431924313,0.925546587173805,-0.546740098161355
"vm(ID, ginv)_Nr_500080",1.11200190355774,0.794397290778094,1.39980576024945
"vm(ID, ginv)_Nr_500198",0.0678441567219706,0.935112302512896,0.072551881244269
"vm(ID, ginv)_Nr_504368",-0.575323758183209,0.926887671034119,-0.620704942100833
"vm(ID, ginv)_Nr_504832",-1.03642825417589,0.922595863747347,-1.1233827235754
"vm(ID, ginv)_Nr_500477",-0.453094178360098,0.917068142372538,-0.494068169446932
"vm(ID, ginv)_Nr_502708",-0.508316622804839,0.925804400443381,-0.54905401460762
"vm(ID, ginv)_Nr_504477",-0.475185259489213,0.92754104320136,-0.512306450450037
"vm(ID, ginv)_Nr_504742",-0.365506847268398,0.917200470914129,-0.398502681648337
"vm(ID, ginv)_Nr_503978",-0.517577749923753,0.927321451291297,-0.558142755355249
"vm(ID, ginv)_Nr_500278",0.284286106728756,0.91901160931139,0.309338972270187
"vm(ID, ginv)_Nr_503872",0.136421095878766,0.915008375633287,0.149092729106821
"vm(ID, ginv)_Nr_500650",-0.30520253550467,0.942612225552583,-0.323783765191198
"vm(ID, ginv)_Nr_502593",-0.351770779135732,0.923659026034027,-0.380844845577001
"vm(ID, ginv)_Nr_501721",-0.163272689684211,0.923235557255686,-0.176848355114852
"vm(ID, ginv)_Nr_502291",-0.655184411214533,0.92871315598802,-0.705475535680884
"vm(ID, ginv)_Nr_504690",-0.903535657605659,0.92629392711474,-0.975430833731179
"vm(ID, ginv)_Nr_501938",-0.0456303868480139,0.918485870036142,-0.049680009607789
"vm(ID, ginv)_Nr_503319",0.00760473200327354,0.918523738483654,0.00827929827467259
"vm(ID, ginv)_Nr_503774",0.566969443333232,0.928533724964215,0.61060727046299
"vm(ID, ginv)_Nr_500203",-0.160003400589506,0.923383432754364,-0.173279479481488
"vm(ID, ginv)_Nr_504388",0.211444290445525,0.940821210266049,0.224744391536126
"vm(ID, ginv)_Nr_502002",-0.351584733609105,0.934244850348548,-0.37633039505429
"vm(ID, ginv)_Nr_501296",-0.751046433105967,0.928594717432442,-0.808798950722664
"vm(ID, ginv)_Nr_504878",-0.817048239941757,0.925794466394489,-0.882537398526214
"vm(ID, ginv)_Nr_500983",-1.70762588322186,0.92431480402142,-1.84745053935356
"vm(ID, ginv)_Nr_500664",-0.603952546600266,0.913948001525886,-0.66081718608929
"vm(ID, ginv)_Nr_502548",0.305050769751629,0.924770693299475,0.329866389540571
"vm(ID, ginv)_Nr_503102",0.353107662571697,0.81306328182362,0.434292963986409
"vm(ID, ginv)_Nr_502416",-0.601193098286682,0.920632524898127,-0.653021788854578
"vm(ID, ginv)_Nr_504198",-0.392598423434638,0.931134273502966,-0.421634596219583
"vm(ID, ginv)_Nr_504706",0.368687718863339,0.933264835871125,0.395051548812722
"vm(ID, ginv)_Nr_501261",-0.850493844755615,0.922744703315945,-0.921700056038586
"vm(ID, ginv)_Nr_504610",-0.633640302567423,0.928406664417173,-0.682502966483124
"vm(ID, ginv)_Nr_502074",-0.287329053280723,0.915610811309822,-0.313811337449899
"vm(ID, ginv)_Nr_502868",0.129968044047968,0.910126190638478,0.14280222389468
"vm(ID, ginv)_Nr_500429",-0.0829052974949452,0.91700393477506,-0.0904088786873981
"vm(ID, ginv)_Nr_500403",0.0216946727820013,0.914989191142246,0.0237103049872297
"vm(ID, ginv)_Nr_500158",-0.861270565035636,0.936648607056562,-0.919523670399935
"vm(ID, ginv)_Nr_500350",-0.266694680166706,0.920791707162276,-0.289636275057921
"vm(ID, ginv)_Nr_502012",-0.415385312533436,0.913857195334805,-0.454540725459029
"vm(ID, ginv)_Nr_504013",-0.292057455320334,0.918787376789565,-0.317872733886314
"vm(ID, ginv)_Nr_503680",-0.706143812569584,0.920440672622495,-0.767180149218806
"vm(ID, ginv)_Nr_503742",0.0380601766239425,0.924492978232738,0.0411687027593204
"vm(ID, ginv)_Nr_503483",-0.977147981431698,0.93540419095447,-1.04462647364733
"vm(ID, ginv)_Nr_501383",-0.766615086743845,0.927197181984043,-0.82680912069148
"vm(ID, ginv)_Nr_502436",-0.831452138750052,0.926183526276529,-0.897718557025821
"vm(ID, ginv)_Nr_500120",-0.839591557136276,0.905666462498841,-0.927042782195714
"vm(ID, ginv)_Nr_501313",-1.13300668464165,0.922418470301266,-1.22830008409481
"vm(ID, ginv)_Nr_503256",-0.652562363291849,0.913854723971053,-0.714076697504185
"vm(ID, ginv)_Nr_502483",-0.636972683916691,0.905986346286232,-0.703070953031173
"vm(ID, ginv)_Nr_503219",0.0304961284247451,0.926342787867321,0.0329209973070067
"vm(ID, ginv)_Nr_502213",-0.108284347145488,0.922187297893431,-0.117421208677287
"vm(ID, ginv)_Nr_502727",0.198601740700749,0.925678953511058,0.21454710615107
"vm(ID, ginv)_Nr_501951",-0.733081563706541,0.92610984623796,-0.791570855967531
"vm(ID, ginv)_Nr_501970",0.246143442374607,0.902688875927385,0.272678049922494
"vm(ID, ginv)_Nr_501634",-0.218123923342621,0.920628906655864,-0.236929257560405
"vm(ID, ginv)_Nr_504155",-0.345898428996116,0.924074219171834,-0.374318882422793
"vm(ID, ginv)_Nr_502818",-0.484270252941507,0.925520444130014,-0.523241011058075
"vm(ID, ginv)_Nr_500678",-0.268061311462361,0.924455717019993,-0.289966632827436
"vm(ID, ginv)_Nr_503019",-0.175155450127349,0.913313615934349,-0.191780180511334
"vm(ID, ginv)_Nr_500045",-0.320787544794734,0.915810290630513,-0.350277287858252
"vm(ID, ginv)_Nr_504383",-0.0464502430685662,0.905712715818695,-0.051285846226172
"vm(ID, ginv)_Nr_503946",-0.679535210604954,0.922801636777942,-0.736382753911905
"vm(ID, ginv)_Nr_502100",-0.243220782662792,0.915381107832332,-0.265704394138907
"vm(ID, ginv)_Nr_504728",-0.377561197153733,0.910126725828228,-0.414844643541423
"vm(ID, ginv)_Nr_502662",-0.320087734023425,0.922498634428327,-0.346979087098361
"vm(ID, ginv)_Nr_502789",-0.310525442275698,0.917017258539513,-0.338625515914778
"vm(ID, ginv)_Nr_504185",0.497143109169019,0.923117200972144,0.538548202379365
"vm(ID, ginv)_Nr_504273",-0.498014239365789,0.930406596569288,-0.535265163856458
"vm(ID, ginv)_Nr_501021",-0.194613894572225,0.916056687984026,-0.212447435977476
"vm(ID, ginv)_Nr_504634",0.157922052133624,0.910003202388014,0.173540105924032
"vm(ID, ginv)_Nr_503169",0.276486153611288,0.908478787803003,0.304339691056432
"vm(ID, ginv)_Nr_503241",-0.699951755006786,0.916773385779276,-0.763494846015641
"vm(ID, ginv)_Nr_502189",-0.654910380497985,0.922264103957912,-0.710111537126324
"vm(ID, ginv)_Nr_500649",-0.658966788261717,0.919474129236945,-0.716677900234759
"vm(ID, ginv)_Nr_504296",-0.363474777057719,0.923855918021344,-0.393432319875361
"vm(ID, ginv)_Nr_500197",0.0828344438983318,0.936192720773634,0.0884801195953335
"vm(ID, ginv)_Nr_500902",-0.158612531966801,0.911436759096821,-0.174024725669367
"vm(ID, ginv)_Nr_503589",-0.970537478092933,0.929392838529847,-1.04427045040305
"vm(ID, ginv)_Nr_504765",-0.907196078205498,0.92401139201578,-0.981801832796024
"vm(ID, ginv)_Nr_503945",-0.628304147470722,0.925985873939256,-0.678524548973777
"vm(ID, ginv)_Nr_504964",0.517810668875134,0.799100502916931,0.647991919645884
"vm(ID, ginv)_Nr_500575",-0.366698649185067,0.919638277678279,-0.398742264307261
"vm(ID, ginv)_Nr_503922",-0.482556118458788,0.922756258577289,-0.522950794398074
"vm(ID, ginv)_Nr_503933",0.92524811229295,0.781024119729381,1.18466010065546
"vm(ID, ginv)_Nr_504741",-0.249590501191496,0.932702670260851,-0.267599213714798
"vm(ID, ginv)_Nr_500405",-0.306917379071792,0.933768713771364,-0.328686723537989
"vm(ID, ginv)_Nr_500425",-0.0843634380428919,0.929124980036641,-0.0907988051721146
"vm(ID, ginv)_Nr_500243",-0.221460543236476,0.922034866643654,-0.240186733981791
"vm(ID, ginv)_Nr_500616",0.395898721116774,0.900353406138767,0.439714803562099
"vm(ID, ginv)_Nr_501991",-0.357228133154459,0.921350538261869,-0.387722281932316
"vm(ID, ginv)_Nr_500512",-0.0628145813586009,0.923307314375815,-0.06803214962189
"vm(ID, ginv)_Nr_502382",-0.933815297850377,0.91088296661639,-1.02517593595934
"vm(ID, ginv)_Nr_504152",-0.48902137976522,0.905751883958093,-0.539906555455584
"vm(ID, ginv)_Nr_502824",0.0310178302620028,0.91412111177454,0.0339318607375662
"vm(ID, ginv)_Nr_500629",-0.243867275775698,0.920604996772223,-0.264898926934715
"vm(ID, ginv)_Nr_503530",-0.821858847474586,0.928340662489342,-0.885298770895993
"vm(ID, ginv)_Nr_501900",-0.0658544912234778,0.920957772155779,-0.0715065263734357
"vm(ID, ginv)_Nr_502533",-0.327636860320989,0.921851490338678,-0.355411759654062
"vm(ID, ginv)_Nr_503892",-0.183155104326193,0.924242049430461,-0.198167898159424
"vm(ID, ginv)_Nr_500471",-0.566787853361531,0.929999804733334,-0.609449432652355
"vm(ID, ginv)_Nr_502315",-0.547503916151793,0.922996422199363,-0.593180973385761
"vm(ID, ginv)_Nr_501379",0.252453886973096,0.92515697183748,0.272876814052095
"vm(ID, ginv)_Nr_503235",-0.135382667879337,0.930617183530694,-0.145476217584663
"vm(ID, ginv)_Nr_500037",-1.08170280675991,0.925241987348513,-1.16910259321432
"vm(ID, ginv)_Nr_502645",-0.285753333878929,0.9233920064594,-0.309460480359371
"vm(ID, ginv)_Nr_504347",-1.0091194056358,0.934425506358856,-1.07993563828111
"vm(ID, ginv)_Nr_504864",-0.162308640869014,0.919719578369748,-0.176476226761112
"vm(ID, ginv)_Nr_504440",-0.502392967309006,0.933647785630589,-0.538096887328543
"vm(ID, ginv)_Nr_500733",-0.351274583638891,0.919566468610274,-0.382000209478893
"vm(ID, ginv)_Nr_503636",-0.238380514218792,0.906937911428848,-0.262841051426808
"vm(ID, ginv)_Nr_500218",-0.461080040083322,0.919858732145038,-0.501250924702449
"vm(ID, ginv)_Nr_500996",-0.124922963414753,0.91943013639568,-0.135869989974955
"vm(ID, ginv)_Nr_503752",-0.117202065680357,0.921882960930168,-0.127133346256993
"vm(ID, ginv)_Nr_502216",-0.460031805999969,0.923425304050795,-0.498179770450241
"vm(ID, ginv)_Nr_501142",-0.215237369778824,0.917891573654028,-0.234491061860375
"vm(ID, ginv)_Nr_502024",-0.530381843446259,0.925857055614458,-0.572854999840406
"vm(ID, ginv)_Nr_503297",-0.161706503086826,0.904486211112761,-0.178782717856896
"vm(ID, ginv)_Nr_501681",-0.894697363072388,0.925687342185896,-0.966522196317032
"vm(ID, ginv)_Nr_504435",-0.150708576005466,0.923077527736034,-0.163267517057964
"vm(ID, ginv)_Nr_500695",0.0158108515341083,0.934239521356598,0.0169237665209769
"vm(ID, ginv)_Nr_502418",-0.588472661875155,0.911729077476034,-0.645446850838893
"vm(ID, ginv)_Nr_502893",-0.636414703011895,0.9277992465013,-0.685940094704531
"vm(ID, ginv)_Nr_502738",-0.0161886337914366,0.927279058002432,-0.0174582113676875
"vm(ID, ginv)_Nr_504663",0.0847717442262937,0.918668426130206,0.0922767582025059
"vm(ID, ginv)_Nr_501145",-1.00352199354,0.919714933704084,-1.09112286510168
"vm(ID, ginv)_Nr_501039",-0.099811707170317,0.921059860788479,-0.108366145806064
"vm(ID, ginv)_Nr_503165",0.0712351796140202,0.899602312904615,0.0791851894911405
"vm(ID, ginv)_Nr_500685",-0.109938855721856,0.915376924298111,-0.120102280059282
"vm(ID, ginv)_Nr_501140",-0.0547298243575472,0.914184861653104,-0.0598673492126967
"vm(ID, ginv)_Nr_500353",-0.439020713868989,0.921946867407973,-0.476188736454285
"vm(ID, ginv)_Nr_500867",-0.493976368951048,0.920896306244258,-0.536408242276114
"vm(ID, ginv)_Nr_500163",-1.38674227713581,0.911268568375654,-1.52177121571053
"vm(ID, ginv)_Nr_500382",-0.414638625177708,0.907766036428029,-0.456768163313612
"vm(ID, ginv)_Nr_504676",-0.75436755789117,0.927044663113232,-0.813733779943059
"vm(ID, ginv)_Nr_504860",0.124332479102797,0.914862103649273,0.135902972269646
"vm(ID, ginv)_Nr_502674",-0.202753294501114,0.918640308928755,-0.220710208914683
"vm(ID, ginv)_Nr_502232",-1.19314265850261,0.924026902614016,-1.29124233842898
"vm(ID, ginv)_Nr_502226",-0.0314068931164826,0.929016138296366,-0.033806617368431
"vm(ID, ginv)_Nr_504371",-0.448238796326002,0.915477408571036,-0.489623001211637
"vm(ID, ginv)_Nr_502657",0.313933198433487,0.928843342649334,0.337982934278301
"vm(ID, ginv)_Nr_501207",-0.0439063078245393,0.931037367910235,-0.0471584807848148
"vm(ID, ginv)_Nr_503454",-0.169994020031256,0.922084179782196,-0.184358460711699
"vm(ID, ginv)_Nr_501295",-0.660074930545917,0.93013598927807,-0.70965422062449
"vm(ID, ginv)_Nr_500024",-0.554620300774179,0.928464281541706,-0.597352328786669
"vm(ID, ginv)_Nr_504418",-0.661805839115249,0.918639361426392,-0.720419641161085
"vm(ID, ginv)_Nr_501506",-0.530983406558563,0.925543997945961,-0.573698719603782
"vm(ID, ginv)_Nr_503199",0.040234300489109,0.927998073939027,0.0433560172364673
"vm(ID, ginv)_Nr_503106",1.23056897809681,0.733889112068203,1.67677780997308
"vm(ID, ginv)_Nr_501364",-0.145564739004265,0.925919698103023,-0.15721097553329
"vm(ID, ginv)_Nr_501884",0.0932074441663954,0.916749599971322,0.101671649673271
"vm(ID, ginv)_Nr_504603",-0.554511482239872,0.928345368367525,-0.597311626830184
"vm(ID, ginv)_Nr_503678",-0.0258876703508664,0.933980715929776,-0.0277175640881356
"vm(ID, ginv)_Nr_501490",-0.369007317723552,0.931418228186667,-0.39617790006317
"vm(ID, ginv)_Nr_502610",-0.194145671510459,0.926414408066859,-0.209566766038949
"vm(ID, ginv)_Nr_502685",-0.850092566865304,0.924587149392426,-0.919429355495505
"vm(ID, ginv)_Nr_502413",-0.494894098175032,0.903604205912608,-0.54768901576239
"vm(ID, ginv)_Nr_504869",0.0197128077109117,0.920929147669861,0.0214053467205259
"vm(ID, ginv)_Nr_504737",-0.229823956438229,0.922606879564957,-0.249102799392304
"vm(ID, ginv)_Nr_501375",0.0786348736804796,0.922742924547785,0.0852186146201194
"vm(ID, ginv)_Nr_501781",-0.327107619620068,0.913457538681463,-0.358098330538969
"vm(ID, ginv)_Nr_502985",-0.575835301292882,0.926217780378933,-0.621706161867565
"vm(ID, ginv)_Nr_502655",0.373621398014473,0.918153040818538,0.406927147658725
"vm(ID, ginv)_Nr_504398",0.282666235170363,0.926714930224527,0.305019619249986
"vm(ID, ginv)_Nr_501890",0.0840344283735477,0.914923296334362,0.0918486049160968
"vm(ID, ginv)_Nr_504283",-0.151744619789929,0.921229261250891,-0.164719713292522
"vm(ID, ginv)_Nr_504829",-0.321996202018217,0.916174476391432,-0.351457293687633
"vm(ID, ginv)_Nr_502731",-0.599988151061613,0.894147237176792,-0.671017172692983
"vm(ID, ginv)_Nr_501224",-1.34458758215486,0.912541021955411,-1.47345439799917
"vm(ID, ginv)_Nr_504479",-0.296082054121927,0.916728487458624,-0.322976822660691
"vm(ID, ginv)_Nr_502424",-0.522558813617189,0.924574894239459,-0.565188192836491
"vm(ID, ginv)_Nr_503325",-0.592401208141908,0.912583024126752,-0.64914774051246
"vm(ID, ginv)_Nr_502030",0.225576792519259,0.91709879501763,0.245967821291187
"vm(ID, ginv)_Nr_504743",-0.274301088639449,0.923644880580863,-0.296976786648724
"vm(ID, ginv)_Nr_502152",0.0119939672140136,0.920056206595482,0.0130361244541737
"vm(ID, ginv)_Nr_501171",-0.0122529515837514,0.915605520981717,-0.0133823478593857
"vm(ID, ginv)_Nr_502649",-0.346886820600623,0.921510335086415,-0.376432913872956
"vm(ID, ginv)_Nr_503750",-1.18655335831294,0.926971839203581,-1.28003172063175
"vm(ID, ginv)_Nr_502497",-0.43286988326557,0.921269255956252,-0.469862508128813
"vm(ID, ginv)_Nr_504493",-0.997286133221835,0.922256658464037,-1.0813542239779
"vm(ID, ginv)_Nr_503097",-0.785293080865627,0.933148702236935,-0.841551918770428
"vm(ID, ginv)_Nr_502958",-0.480635987170461,0.917910329002194,-0.523619761085957
"vm(ID, ginv)_Nr_503269",-0.109174039508501,0.924682231714775,-0.118066548446641
"vm(ID, ginv)_Nr_501150",-0.72156241085324,0.928552954961331,-0.777082671481337
"vm(ID, ginv)_Nr_502928",-0.64316492346254,0.935444945298643,-0.68754973416122
"vm(ID, ginv)_Nr_503359",-0.475461661726279,0.924051858632562,-0.514540019896589
"vm(ID, ginv)_Nr_504451",-1.18269221959307,0.907361898905719,-1.30344046958485
"vm(ID, ginv)_Nr_504114",-0.840450647053983,0.923853328655058,-0.909723027439331
"vm(ID, ginv)_Nr_503320",-0.922676786998412,0.924570360071361,-0.997951942702551
"vm(ID, ginv)_Nr_501182",-0.933061100750971,0.927144883391442,-1.00638111417699
"vm(ID, ginv)_Nr_501753",-1.04473006452877,0.920237048263023,-1.13528363860239
"vm(ID, ginv)_Nr_501199",-0.450675354501924,0.92723004043144,-0.486044816119445
"vm(ID, ginv)_Nr_503084",-0.348996723059664,0.93481958216388,-0.373330565296698
"vm(ID, ginv)_Nr_503110",-0.620769649126547,0.925396236449639,-0.670814970577558
"vm(ID, ginv)_Nr_501852",-0.569609023895198,0.915225294071413,-0.622370281486946
"vm(ID, ginv)_Nr_500388",0.114659881865205,0.921728750173532,0.124396555758533
"vm(ID, ginv)_Nr_501302",-0.981623268933973,0.912126364962383,-1.07619218854008
"vm(ID, ginv)_Nr_500706",-0.400153820679922,0.916000158981113,-0.43684907339429
"vm(ID, ginv)_Nr_504176",-0.358538997978246,0.933133801979986,-0.384231068703624
"vm(ID, ginv)_Nr_501156",-0.445052443043776,0.903681718673786,-0.492488045123808
"vm(ID, ginv)_Nr_500514",-0.638576128256956,0.917698316882095,-0.695845373702478
"vm(ID, ginv)_Nr_501035",-0.0219725622473774,0.916030698367269,-0.0239867094918776
"vm(ID, ginv)_Nr_500227",0.00239632840190752,0.918017075589301,0.00261033096837468
"vm(ID, ginv)_Nr_503208",-0.00817865673010732,0.917007471672259,-0.00891885506144534
"vm(ID, ginv)_Nr_503124",-1.3214871925849,0.919999055894531,-1.43640059641148
"vm(ID, ginv)_Nr_503957",-0.396126181140117,0.929859660465801,-0.426006415787176
"vm(ID, ginv)_Nr_500862",0.155177661783285,0.929600874120843,0.166929341509109
"vm(ID, ginv)_Nr_501651",-0.521104060080225,0.919746162839624,-0.566573779956165
"vm(ID, ginv)_Nr_501735",-0.894886377212992,0.914086483318209,-0.978995306838452
"vm(ID, ginv)_Nr_501262",-0.774647436216138,0.92698280578588,-0.83566537737386
"vm(ID, ginv)_Nr_504150",-0.00417769594294493,0.918211841946552,-0.00454981710330426
"vm(ID, ginv)_Nr_503194",-0.595724198223799,0.927824154936793,-0.642065843030764
"vm(ID, ginv)_Nr_500261",-0.106130853270393,0.933613176848121,-0.11367754430019
"vm(ID, ginv)_Nr_503585",0.131840565746408,0.930633329553174,0.141667573640102
"vm(ID, ginv)_Nr_502689",-0.537904148791252,0.930394292827979,-0.578146440641059
"vm(ID, ginv)_Nr_502290",0.0539258415883673,0.930545874479769,0.0579507610181122
"vm(ID, ginv)_Nr_501826",-0.0161373046721797,0.920172239633703,-0.0175372652826427
"vm(ID, ginv)_Nr_501518",-0.0519129003437513,0.9145893149941,-0.0567608865451115
"vm(ID, ginv)_Nr_501952",-0.237442567651806,0.926837102022527,-0.256185868189418
"vm(ID, ginv)_Nr_500565",0.0341088836580042,0.921062952101838,0.0370320873075708
"vm(ID, ginv)_Nr_501074",-0.422262770172964,0.934627356232151,-0.451797999873736
"vm(ID, ginv)_Nr_500397",-0.302835571686591,0.921019287949719,-0.328804809680732
"vm(ID, ginv)_Nr_504939",-0.526448003470224,0.921430868810198,-0.571337493989107
"vm(ID, ginv)_Nr_503768",0.342727593017331,0.917286182517721,0.373632133078283
"vm(ID, ginv)_Nr_501095",-0.378668426767104,0.937731714604002,-0.403813181179452
"vm(ID, ginv)_Nr_504608",-0.195566913927589,0.914820222218289,-0.21377633460416
"vm(ID, ginv)_Nr_501818",-0.933219565765543,0.926148817883884,-1.00763456989322
"vm(ID, ginv)_Nr_500178",0.693504635660792,0.808853199423923,0.857392461518006
"vm(ID, ginv)_Nr_501439",-1.21026567071004,0.922803187176119,-1.31151006794156
"vm(ID, ginv)_Nr_500799",0.11991268073725,0.90392537796216,0.132657721157896
"vm(ID, ginv)_Nr_502909",-0.307807040402167,0.922415774350697,-0.333696635466623
"vm(ID, ginv)_Nr_502605",-0.333188430073222,0.920668674118197,-0.361898302222941
"vm(ID, ginv)_Nr_503707",-0.0625029968991495,0.902633092805587,-0.0692451865517983
"vm(ID, ginv)_Nr_500510",-0.926621162014139,0.926561939710888,-1.00006391618381
"vm(ID, ginv)_Nr_504207",-0.387370538625432,0.912837912819231,-0.424358512267603
"vm(ID, ginv)_Nr_503816",-0.599307068218762,0.924299968042488,-0.648390229297523
"vm(ID, ginv)_Nr_500285",0.0394627569571235,0.928965750325792,0.0424803142024167
"vm(ID, ginv)_Nr_500644",-0.271530938595914,0.926979987175313,-0.292919957660921
"vm(ID, ginv)_Nr_500811",-0.763446194699988,0.913773757930506,-0.835487108350566
"vm(ID, ginv)_Nr_501586",-0.0911600667354578,0.921181496486171,-0.0989599412093991
"vm(ID, ginv)_Nr_503588",-0.376307795796038,0.926610216091558,-0.406112288922633
"vm(ID, ginv)_Nr_501337",0.301426027411491,0.93111299846753,0.323726580885018
"vm(ID, ginv)_Nr_503813",-0.242581281871988,0.916682509025726,-0.264629552198841
"vm(ID, ginv)_Nr_503659",-0.575313253418873,0.928514628590768,-0.61960601987719
"vm(ID, ginv)_Nr_502374",0.540637968551357,0.913018379716195,0.592143576254632
"vm(ID, ginv)_Nr_500153",-0.21790149438891,0.922666121843718,-0.236165053891312
"vm(ID, ginv)_Nr_501057",0.423863859179135,0.926463967356015,0.457507117506985
"vm(ID, ginv)_Nr_502730",0.0709933150225382,0.91604568378994,0.0774997538646968
"vm(ID, ginv)_Nr_500591",0.300148998383866,0.919990951852878,0.326252119957658
"vm(ID, ginv)_Nr_500880",0.14718246996641,0.919717158693377,0.160030144675684
"vm(ID, ginv)_Nr_500854",-0.900969820014037,0.93080497518057,-0.967946931997495
"vm(ID, ginv)_Nr_500272",-0.623877350942475,0.918965026401318,-0.678891288589718
"vm(ID, ginv)_Nr_502205",-0.321630012913524,0.905835958918912,-0.355064302478541
"vm(ID, ginv)_Nr_504405",-0.185049466997667,0.907913824059509,-0.203818316335646
"vm(ID, ginv)_Nr_501756",-0.784855592721915,0.927985498632389,-0.845762777412566
"vm(ID, ginv)_Nr_503170",-0.821668181014662,0.931805433520374,-0.881802307065745
"vm(ID, ginv)_Nr_502278",-0.505107824859897,0.920405721475358,-0.548788227924353
"vm(ID, ginv)_Nr_503970",-0.178708958035287,0.924760249459503,-0.193248961706277
"vm(ID, ginv)_Nr_503883",0.0813320617547197,0.930720655514023,0.0873861144832992
"vm(ID, ginv)_Nr_503979",-0.776461217232425,0.920632437725175,-0.843399803673019
"vm(ID, ginv)_Nr_504913",-0.945636901860156,0.946785489480745,-0.998786855488017
"vm(ID, ginv)_Nr_500190",-0.898609005573294,0.924304792231047,-0.972199877276704
"vm(ID, ginv)_Nr_501536",-0.315299322759876,0.92570875502674,-0.340603155201625
"vm(ID, ginv)_Nr_500740",-0.366703262936319,0.920852386296241,-0.398221548201917
"vm(ID, ginv)_Nr_500077",-0.252979012978271,0.927763595655447,-0.272676158196901
"vm(ID, ginv)_Nr_501881",-0.78538937957391,0.92549440573858,-0.848616020479496
"vm(ID, ginv)_Nr_502501",-0.245344812525658,0.922151281485543,-0.266057009789564
"vm(ID, ginv)_Nr_502703",0.133554059425428,0.922837573165685,0.144721089939248
"vm(ID, ginv)_Nr_504852",0.393594308553203,0.927204072863478,0.424495879680154
"vm(ID, ginv)_Nr_504886",-0.0738203093546725,0.928298287096731,-0.0795221863282188
"vm(ID, ginv)_Nr_502160",-1.28893157128526,0.920412811047673,-1.40038421435933
"vm(ID, ginv)_Nr_502010",0.143835818601456,0.916404821726852,0.156956636620937
"vm(ID, ginv)_Nr_504615",-0.243705713104223,0.926301721117229,-0.26309539057132
"vm(ID, ginv)_Nr_503299",-0.466263993519402,0.917890733456629,-0.507973309375864
"vm(ID, ginv)_Nr_504658",0.298490194130823,0.745679528474715,0.400292864069077
"vm(ID, ginv)_Nr_503085",-0.975042478261482,0.930754074549731,-1.04758335732581
"vm(ID, ginv)_Nr_500173",-0.314954397295747,0.922891012859866,-0.341269329646805
"vm(ID, ginv)_Nr_502343",0.237953301692822,0.923323541194481,0.257713890176554
"vm(ID, ginv)_Nr_502306",-0.837310342757428,0.925734079654665,-0.904482573515904
"vm(ID, ginv)_Nr_504144",-0.479682480243806,0.920590793654925,-0.521059393109259
"vm(ID, ginv)_Nr_501605",0.226020563959836,0.93287267307632,0.242284472986535
"vm(ID, ginv)_Nr_501599",-0.620737653462193,0.940083111819821,-0.660300824105396
"vm(ID, ginv)_Nr_504619",0.139237500447491,0.913782499262443,0.152374881943872
"vm(ID, ginv)_Nr_500827",0.225517539901214,0.926281099721898,0.243465552702006
"vm(ID, ginv)_Nr_501146",-0.373188768957061,0.918332128787577,-0.406376687974275
"vm(ID, ginv)_Nr_502055",0.0094784567045271,0.924692819829616,0.0102503842370849
"vm(ID, ginv)_Nr_503929",0.207843629279168,0.755988992582118,0.27492943854813
"vm(ID, ginv)_Nr_503295",-0.30067127867086,0.926977658216359,-0.324356553802382
"vm(ID, ginv)_Nr_502253",-0.165220790267069,0.958712989058481,-0.172336029815687
"vm(ID, ginv)_Nr_504716",-0.61564225490176,0.909315003208851,-0.677039587743786
"vm(ID, ginv)_Nr_503862",-0.529280256509544,0.92815642679069,-0.570248980917634
"vm(ID, ginv)_Nr_502140",-0.282850877198653,0.915371954680246,-0.309001030403491
"vm(ID, ginv)_Nr_503522",-0.456439310084731,0.922262896556307,-0.494912363697007
"vm(ID, ginv)_Nr_503078",-0.143388502157887,0.915681928943329,-0.156592040997635
"vm(ID, ginv)_Nr_504997",-0.481591829555972,0.925366277592688,-0.520433736583549
"vm(ID, ginv)_Nr_502602",-0.608077260385663,0.927915542777224,-0.655315308724872
"vm(ID, ginv)_Nr_501921",0.067513846572591,0.927129152621803,0.0728203253901254
"vm(ID, ginv)_Nr_504001",0.101609861935839,0.92242350692605,0.110155325805227
"vm(ID, ginv)_Nr_501217",-0.91929256835212,0.922937984861247,-0.996050204272744
"vm(ID, ginv)_Nr_500910",-0.908810920025645,0.92717682696773,-0.980191581144075
"vm(ID, ginv)_Nr_502829",-0.302750176261647,0.924179978455667,-0.327587897724805
"vm(ID, ginv)_Nr_503456",-1.9449767039531,0.931382407586641,-2.08826867257761
"vm(ID, ginv)_Nr_500059",0.109711999630893,0.930561213429747,0.117898745453328
"vm(ID, ginv)_Nr_504972",-0.464740843201992,0.931938198020083,-0.498682041565998
"vm(ID, ginv)_Nr_503296",-0.0171085908531531,0.928336429943776,-0.0184293003067748
"vm(ID, ginv)_Nr_502972",0.051886039808494,0.919539155515938,0.0564261342187017
"vm(ID, ginv)_Nr_500021",0.314576840644848,0.925076084038695,0.340055100410195
"vm(ID, ginv)_Nr_502953",0.207143355306464,0.925072969182082,0.223921098342775
"vm(ID, ginv)_Nr_501072",0.743970656279995,0.924482185814105,0.804743095860577
"vm(ID, ginv)_Nr_503810",-0.660467363982785,0.925776621695327,-0.713419791021839
"vm(ID, ginv)_Nr_501044",-0.31975244826535,0.927209295275201,-0.344854662150951
"vm(ID, ginv)_Nr_501602",0.107539729195094,0.915272321365726,0.117494790003731
"vm(ID, ginv)_Nr_502113",-0.153288792544941,0.924409792204569,-0.165823419264493
"vm(ID, ginv)_Nr_503814",-0.574728409364051,0.91564280341447,-0.627677525800306
"vm(ID, ginv)_Nr_500237",-0.638431838331974,0.928496496140562,-0.687597466426328
"vm(ID, ginv)_Nr_501754",-0.321019198537175,0.921693806951552,-0.348292671726772
"vm(ID, ginv)_Nr_504955",-0.505133857578147,0.927169141682802,-0.544813060388674
"vm(ID, ginv)_Nr_504154",-0.0314806406717195,0.917967470503475,-0.0342938521061682
"vm(ID, ginv)_Nr_500309",-0.381881708797353,0.927933034678602,-0.411540159177134
"vm(ID, ginv)_Nr_504386",-0.661969123410736,0.924133722484134,-0.716313134457769
"vm(ID, ginv)_Nr_501253",-0.491771302972195,0.926540413998557,-0.530760769354807
"vm(ID, ginv)_Nr_503632",0.0765303114283337,0.920379840291469,0.0831507906606231
"vm(ID, ginv)_Nr_503759",-0.524982746856592,0.919454927341635,-0.570971704262267
"vm(ID, ginv)_Nr_501286",-0.155970140054399,0.912148022815028,-0.170992137408851
"vm(ID, ginv)_Nr_500504",-0.0278214835088767,0.925581895087938,-0.0300583704764811
"vm(ID, ginv)_Nr_504572",0.191711359192663,0.898608519389986,0.213342467888915
"vm(ID, ginv)_Nr_502815",-0.89179861918783,0.916036006512781,-0.973541010230352
"vm(ID, ginv)_Nr_502368",-0.979193537809033,0.923083309910507,-1.06078565964319
"vm(ID, ginv)_Nr_500749",-0.305290409980377,0.928386778417581,-0.328839678760548
"vm(ID, ginv)_Nr_500492",-1.40089351750844,0.909861118233977,-1.53967840743381
"vm(ID, ginv)_Nr_503307",-0.675356686693097,0.921619242791846,-0.732793604273334
"vm(ID, ginv)_Nr_501452",-0.169007645324072,0.924491885811396,-0.182811388523697
"vm(ID, ginv)_Nr_503505",-0.0238713083523181,0.914442914954603,-0.026104755104919
"vm(ID, ginv)_Nr_503884",-0.372051830915699,0.925220685827751,-0.402122257548578
"vm(ID, ginv)_Nr_503009",-0.114283589284274,0.927928091530426,-0.12315996285422
"vm(ID, ginv)_Nr_502806",0.279078418839634,0.917911577372828,0.304036277261465
"vm(ID, ginv)_Nr_500627",0.243972359562158,0.924105049399307,0.264009335000113
"vm(ID, ginv)_Nr_501994",0.0351868474486276,0.916201607089382,0.0384051361363689
"vm(ID, ginv)_Nr_504506",0.248239015383603,0.926189486828046,0.268021845328601
"vm(ID, ginv)_Nr_501675",-0.157971995571899,0.926236934430086,-0.170552468488097
"vm(ID, ginv)_Nr_502026",-0.838776227812036,0.90803734476889,-0.92372437394138
"vm(ID, ginv)_Nr_504684",-0.804880598195681,0.924459722837227,-0.870649719303562
"vm(ID, ginv)_Nr_503382",-0.939991444082047,0.938186337977753,-1.00192403793492
"vm(ID, ginv)_Nr_501433",-1.01347879652242,0.920945277146572,-1.10047667507732
"vm(ID, ginv)_Nr_500164",-0.325050133692617,0.933984851339984,-0.348025059749384
"vm(ID, ginv)_Nr_501574",-0.496994165226481,0.927171634196675,-0.536032539063913
"vm(ID, ginv)_Nr_503264",-0.570895783807549,0.930007257611482,-0.613861643697028
"vm(ID, ginv)_Nr_502910",0.100952672503579,0.929828015505723,0.108571338806856
"vm(ID, ginv)_Nr_502116",-0.292688359740046,0.92127732557966,-0.31769842979245
"vm(ID, ginv)_Nr_501004",-0.183674176435389,0.911179608811765,-0.20157845353334
"vm(ID, ginv)_Nr_502535",-0.569042167200193,0.926647371623272,-0.614087067665624
"vm(ID, ginv)_Nr_504945",-1.1454820250832,0.907703652893438,-1.26195594942447
"vm(ID, ginv)_Nr_501872",0.00705736953543656,0.926265028694499,0.0076191687225668
"vm(ID, ginv)_Nr_500149",-0.288232538840883,0.938345896491149,-0.307170884338813
"vm(ID, ginv)_Nr_504828",0.0683052833846047,0.929733802327257,0.073467570194422
"vm(ID, ginv)_Nr_500534",0.064713496325023,0.919337967612686,0.070391410563701
"vm(ID, ginv)_Nr_504707",-0.166796048177012,0.921767697820612,-0.180952368553788
"vm(ID, ginv)_Nr_503890",-0.344250751603472,0.921641181671416,-0.37351928109285
"vm(ID, ginv)_Nr_500100",0.160296548099385,0.925685460962882,0.173165243335081
"vm(ID, ginv)_Nr_504454",-0.136650202727949,0.913950744570408,-0.14951593785525
"vm(ID, ginv)_Nr_500618",-0.41215334270659,0.934192059990876,-0.441186946836837
"vm(ID, ginv)_Nr_504116",-0.0898044256104555,0.911876460542512,-0.0984831054384573
"vm(ID, ginv)_Nr_504170",-0.427871523110668,0.923440621347498,-0.463344922477324
"vm(ID, ginv)_Nr_501532",-0.0291317477511575,0.924777778161182,-0.0315013492312528
"vm(ID, ginv)_Nr_504162",0.122763334134132,0.919858354381545,0.133458954358978
"vm(ID, ginv)_Nr_501867",0.17355064966567,0.91486785516188,0.189700237784573
"vm(ID, ginv)_Nr_504541",-0.0652088679488852,0.921595774670072,-0.0707564745207624
"vm(ID, ginv)_Nr_501566",0.161827089382238,0.930775078174194,0.173862722774741
"vm(ID, ginv)_Nr_503715",0.154087167804287,0.914598156213451,0.168475266167413
"vm(ID, ginv)_Nr_503020",-0.568320479900593,0.920955348885744,-0.617098842618373
"vm(ID, ginv)_Nr_503640",-0.231380828867147,0.915455552310444,-0.252749386120587
"vm(ID, ginv)_Nr_501484",0.19634486521047,0.927291271802285,0.21174022788854
"vm(ID, ginv)_Nr_501492",0.134523871702287,0.920172772903412,0.146194144908053
"vm(ID, ginv)_Nr_503156",-0.403327843245561,0.917592930281297,-0.439549859131888
"vm(ID, ginv)_Nr_500211",-0.0474771356868078,0.911910712781233,-0.0520633599555021
"vm(ID, ginv)_Nr_502339",-0.103177088305258,0.926820170249817,-0.111323740696588
"vm(ID, ginv)_Nr_500099",-0.67045626234987,0.924491454425184,-0.725216289605117
"vm(ID, ginv)_Nr_500111",-0.863602414019848,0.922257309783521,-0.936400725544326
"vm(ID, ginv)_Nr_503846",-0.774909864619537,0.935616639274199,-0.828234377298666
"vm(ID, ginv)_Nr_502637",-1.17258197909245,0.932078188907838,-1.25802962996744
"vm(ID, ginv)_Nr_502103",-0.384572354766412,0.916336954194067,-0.419684432681916
"vm(ID, ginv)_Nr_500268",-0.442869033927732,0.928282742232423,-0.477084204821775
"vm(ID, ginv)_Nr_500360",-0.070648023598911,0.91221962544739,-0.0774462877448645
"vm(ID, ginv)_Nr_500675",-0.0669621373750503,0.920655014924677,-0.0727331479104893
"vm(ID, ginv)_Nr_504317",-0.424752843874684,0.922207238670868,-0.460582856069163
"vm(ID, ginv)_Nr_502646",-0.379418997327161,0.906364134918807,-0.418616517037217
"vm(ID, ginv)_Nr_501601",-0.340609482508265,0.928891928467045,-0.366683649701182
"vm(ID, ginv)_Nr_500971",-1.07481855753903,0.918254441320455,-1.17050188833656
"vm(ID, ginv)_Nr_500788",-0.304061862063555,0.917354563769487,-0.331455114600552
"vm(ID, ginv)_Nr_500199",-0.238226256681927,0.913339219680493,-0.260829986875264
"vm(ID, ginv)_Nr_502960",-0.0430669212470536,0.92803574829149,-0.0464065326431009
"vm(ID, ginv)_Nr_504521",0.375917199982825,0.927126159814857,0.405464990932727
"vm(ID, ginv)_Nr_502581",-0.329882727039798,0.934729115650552,-0.352917996793334
"vm(ID, ginv)_Nr_503245",-1.01413261585596,0.911243488386509,-1.11291068609075
"vm(ID, ginv)_Nr_503607",-0.451716240401356,0.927766416613795,-0.486885742264795
"vm(ID, ginv)_Nr_504733",-0.468036041492656,0.92896398182938,-0.503825821719123
"vm(ID, ginv)_Nr_502118",-0.755007340575093,0.926972503887975,-0.814487309395248
"vm(ID, ginv)_Nr_503001",-0.452902625289382,0.916356271306579,-0.494242948371614
"vm(ID, ginv)_Nr_503789",-0.845058687098542,0.91860889359413,-0.919933056376346
"vm(ID, ginv)_Nr_504074",-0.139533431452832,0.930813228065904,-0.149904865171247
"vm(ID, ginv)_Nr_502295",-0.45923693640632,0.918159309428078,-0.500171301091942
"vm(ID, ginv)_Nr_504017",-0.40771337227818,0.913709048534213,-0.44621794315405
"vm(ID, ginv)_Nr_504752",0.150341065841192,0.927605383742714,0.162074378260499
"vm(ID, ginv)_Nr_503175",-0.435635878402763,0.930874892569688,-0.467985420898169
"vm(ID, ginv)_Nr_503526",-0.735823957120362,0.91718657763082,-0.802262020690561
"vm(ID, ginv)_Nr_502320",-0.53896763148984,0.922355229661824,-0.584338456765133
"vm(ID, ginv)_Nr_503007",-0.68536852124479,0.918210620950943,-0.746417549096731
"vm(ID, ginv)_Nr_504633",-0.0338355927016556,0.910903487258138,-0.0371450907532501
"vm(ID, ginv)_Nr_500682",-1.09632006351787,0.921030917281447,-1.19031841705577
"vm(ID, ginv)_Nr_504854",-0.0272696914294411,0.914609853800819,-0.0298156545286683
"vm(ID, ginv)_Nr_501086",0.415902136243471,0.917365891571063,0.45336559824696
"vm(ID, ginv)_Nr_502675",-0.799924462930853,0.920731276284391,-0.868792538642705
"vm(ID, ginv)_Nr_503553",1.21533798022463,0.776756608450211,1.56463165810649
"vm(ID, ginv)_Nr_502031",-0.147310450603874,0.922887337500438,-0.159619104757523
"vm(ID, ginv)_Nr_500410",-0.562653835213013,0.909405447662601,-0.61870515143622
"vm(ID, ginv)_Nr_501059",-0.442526058238699,0.91119849723069,-0.485652752483265
"vm(ID, ginv)_Nr_504669",-0.347269340630181,0.923507686915552,-0.376032972492124
"vm(ID, ginv)_Nr_503695",-0.59099406691827,0.919370401526105,-0.642824770013536
"vm(ID, ginv)_Nr_500784",-0.0348803821709039,0.952559353549214,-0.036617542036557
"vm(ID, ginv)_Nr_503878",-0.676375842293466,0.911551773146652,-0.742004856135198
"vm(ID, ginv)_Nr_502584",-0.277156999997535,0.927912939455781,-0.298688581883648
"vm(ID, ginv)_Nr_504744",0.0558764981850805,0.919079901026734,0.0607961267814246
"vm(ID, ginv)_Nr_503344",0.276974619571416,0.921792345199273,0.300473985289539
"vm(ID, ginv)_Nr_500501",-0.415595975705473,0.930881727605168,-0.446454112677295
"vm(ID, ginv)_Nr_504051",-0.602444527928448,0.930076630125586,-0.647736442799452
"vm(ID, ginv)_Nr_502476",-1.04603478823709,0.919490679864726,-1.13762413382045
"vm(ID, ginv)_Nr_504459",-0.225825435149051,0.919159501768365,-0.245686885371459
"vm(ID, ginv)_Nr_504056",-1.22673123866201,0.917391440834634,-1.33719499011887
"vm(ID, ginv)_Nr_501631",-0.394799563078494,0.918165647937667,-0.42998729473845
"vm(ID, ginv)_Nr_502530",0.0782835236831906,0.918135819734718,0.085263554694783
"vm(ID, ginv)_Nr_504576",-0.240776254187549,0.923665081461768,-0.260674847431173
"vm(ID, ginv)_Nr_503675",-0.275005179894086,0.928442809527399,-0.29620045206023
"vm(ID, ginv)_Nr_504918",-0.134914175022692,0.916311154006153,-0.147236202934823
"vm(ID, ginv)_Nr_501953",-0.166803935346269,0.926698748206409,-0.179998015179272
"vm(ID, ginv)_Nr_503402",-1.08686799504162,0.925705297134636,-1.17409719746212
"vm(ID, ginv)_Nr_502045",-0.0411681712406607,0.923889065064234,-0.0445596476864876
"vm(ID, ginv)_Nr_504979",-0.338995722584389,0.940481614271491,-0.360449069328144
"vm(ID, ginv)_Nr_500640",-0.376320121295479,0.921716441241012,-0.408281879824988
"vm(ID, ginv)_Nr_502067",-0.45565222752624,0.914129362772827,-0.498454864357612
"vm(ID, ginv)_Nr_500991",-1.26952247589854,0.922748739224442,-1.37580515901388
"vm(ID, ginv)_Nr_501444",-0.253443822506704,0.914811016021261,-0.277045004998949
"vm(ID, ginv)_Nr_500648",-0.66036490049089,0.915843621161104,-0.721045476796226
"vm(ID, ginv)_Nr_502114",-0.454145697027898,0.919331306618373,-0.49399568333902
"vm(ID, ginv)_Nr_500254",-0.0960138701175331,0.927257889986488,-0.103546026574044
"vm(ID, ginv)_Nr_503863",0.0529211868877235,0.916174196415001,0.057763236614614
"vm(ID, ginv)_Nr_500040",-0.342023089167647,0.927129064962342,-0.368905584015467
"vm(ID, ginv)_Nr_504796",-1.38513485048657,0.920738708769365,-1.50437343113108
"vm(ID, ginv)_Nr_503123",-0.343953222645637,0.918464896796311,-0.374487064062412
"vm(ID, ginv)_Nr_504289",-0.447721986380867,0.926779869449092,-0.483094207308373
"vm(ID, ginv)_Nr_502950",-0.276753029188663,0.934760761939573,-0.296068299459229
"vm(ID, ginv)_Nr_504585",-0.673207240817641,0.932570788648392,-0.721883259707656
"vm(ID, ginv)_Nr_502810",-0.428153317497841,0.918389683262346,-0.46620005135177
"vm(ID, ginv)_Nr_501147",-0.748370995344442,0.92733209308192,-0.807015093004369
"vm(ID, ginv)_Nr_503202",-0.0651666781867243,0.910806298946086,-0.0715483393803162
"vm(ID, ginv)_Nr_500984",-0.0258753301743539,0.927277351702994,-0.0279046286710578
"vm(ID, ginv)_Nr_501849",-0.379766889398493,0.91541627828952,-0.414857041987605
"vm(ID, ginv)_Nr_502907",-0.467942627386135,0.931362965680191,-0.502427780177396
"vm(ID, ginv)_Nr_500362",-0.256354049789439,0.920343874022588,-0.278541594098932
"vm(ID, ginv)_Nr_502209",-0.944850881817054,0.921051172329091,-1.02583972552554
"vm(ID, ginv)_Nr_502393",0.195727994346343,0.927708779014247,0.210979995849901
"vm(ID, ginv)_Nr_502684",-0.0544189972592815,0.92899694430351,-0.058578230631405
"vm(ID, ginv)_Nr_500704",-0.742289348687847,0.922261753018938,-0.804857564848625
"vm(ID, ginv)_Nr_503008",-0.356164493045788,0.915856211546222,-0.388886911019015
"vm(ID, ginv)_Nr_503464",0.700423635946174,0.761226480773792,0.920125158066215
"vm(ID, ginv)_Nr_500826",0.00104317508112473,0.908322215589748,0.00114846368746736
"vm(ID, ginv)_Nr_500914",-0.517645151958345,0.928440032757305,-0.557542903897658
"vm(ID, ginv)_Nr_500797",0.167672937597026,0.901130852535499,0.186069467186976
"vm(ID, ginv)_Nr_501538",0.897455792903277,0.775697381157176,1.15696638238544
"vm(ID, ginv)_Nr_501297",-0.911609093917924,0.917634296751349,-0.993433982519229
"vm(ID, ginv)_Nr_501010",0.16620831948175,0.917304208185228,0.181192147597985
"vm(ID, ginv)_Nr_501932",-1.1036705739625,0.91883057819121,-1.20116874662047
"vm(ID, ginv)_Nr_503111",0.517022451845862,0.921693631823561,0.560948273910647
"vm(ID, ginv)_Nr_504075",-0.820727896733145,0.915124102783916,-0.896848738041532
"vm(ID, ginv)_Nr_502743",-1.09955580854064,0.926263893157877,-1.18708698100275
"vm(ID, ginv)_Nr_500573",-0.732801460107351,0.917110212749324,-0.799033147728832
"vm(ID, ginv)_Nr_503425",-0.750246619811816,0.932838038964126,-0.804262464087475
"vm(ID, ginv)_Nr_502423",-0.109007174109218,0.915636750120087,-0.119050676040386
"vm(ID, ginv)_Nr_504312",-1.51485639240684,0.916768481231637,-1.65238707854757
"vm(ID, ginv)_Nr_502474",-0.463657794866078,0.90188390809739,-0.514099199135516
"vm(ID, ginv)_Nr_501804",0.776834961239874,0.768391830686557,1.01098805351141
"vm(ID, ginv)_Nr_500719",0.0536637431180355,0.914234268166207,0.0586980219256882
"vm(ID, ginv)_Nr_504307",0.0943165002629451,0.924213368420172,0.102050569149597
"vm(ID, ginv)_Nr_500731",0.522374638077354,0.924459580203333,0.565059467459312
"vm(ID, ginv)_Nr_504637",-0.680615580364228,0.924560372705209,-0.736150499694019
"vm(ID, ginv)_Nr_504935",-0.51355172318763,0.921124535084817,-0.557526918051686
"vm(ID, ginv)_Nr_502767",-0.327506021498163,0.93127278076239,-0.351675715497718
"vm(ID, ginv)_Nr_502779",-0.847165764679925,0.930530449250957,-0.910411653226247
"vm(ID, ginv)_Nr_502005",-1.19802464579084,0.917275891157554,-1.30606795331664
"vm(ID, ginv)_Nr_504897",0.57792143028227,0.915959552947465,0.630946452190577
"vm(ID, ginv)_Nr_501421",-0.441090032574566,0.921835644552269,-0.478490970902738
"vm(ID, ginv)_Nr_504857",0.14343207900024,0.93530625504171,0.153353062942836
"vm(ID, ginv)_Nr_500048",0.181508580537822,0.934927662275325,0.194141844189407
"vm(ID, ginv)_Nr_503972",-0.155819018983131,0.919692074046793,-0.169425205870811
"vm(ID, ginv)_Nr_503898",-1.10756763311334,0.924195157102796,-1.19841315397647
"vm(ID, ginv)_Nr_504118",-0.678018653291115,0.917972017757333,-0.738604924960088
"vm(ID, ginv)_Nr_504976",0.593318516086007,0.916760714611028,0.647190162743552
"vm(ID, ginv)_Nr_502210",-0.904625447270518,0.910230769873101,-0.993841866493521
"vm(ID, ginv)_Nr_502996",-0.279445498727231,0.923324095153518,-0.302651582682642
"vm(ID, ginv)_Nr_501800",-0.475100521446932,0.927562460300082,-0.512203265851475
"vm(ID, ginv)_Nr_504100",-0.330764767820179,0.923268619845022,-0.358254099306116
"vm(ID, ginv)_Nr_501407",-0.835220101863115,0.926109802544294,-0.901858612843231
"vm(ID, ginv)_Nr_501175",-0.639006995709065,0.909927872997594,-0.702261151319578
"vm(ID, ginv)_Nr_504065",-0.896512148524839,0.933834055685707,-0.960033683786074
"vm(ID, ginv)_Nr_504153",-0.1506539062886,0.917121047175651,-0.164268290159244
"vm(ID, ginv)_Nr_504532",0.0398935998477946,0.909605462091114,0.0438581357636993
"vm(ID, ginv)_Nr_503396",-0.924795956132085,0.945080674022643,-0.978536522385737
"vm(ID, ginv)_Nr_500958",-0.273344018549882,0.92464593444708,-0.295620202681512
"vm(ID, ginv)_Nr_504827",0.93091592578479,0.757166916957308,1.22947253100505
"vm(ID, ginv)_Nr_500676",-0.73603483989794,0.91987465080305,-0.800146888769445
"vm(ID, ginv)_Nr_500683",-0.950980802608959,0.928469760572619,-1.02424531524048
"vm(ID, ginv)_Nr_504193",-0.373129592931628,0.929341854173105,-0.40149875017049
"vm(ID, ginv)_Nr_502106",0.344487693652877,0.920146644336668,0.374383470040493
"vm(ID, ginv)_Nr_500871",-0.35151332335593,0.91626515114783,-0.383637119577865
"vm(ID, ginv)_Nr_500878",-0.674539762772112,0.911460049961459,-0.740065088755821
"vm(ID, ginv)_Nr_502843",-1.40616211884568,0.919323690581238,-1.52956149531689
"vm(ID, ginv)_Nr_502468",-0.495158010209452,0.920163017043066,-0.538119877715404
"vm(ID, ginv)_Nr_504192",0.0789704405824676,0.909710083099826,0.0868083602122742
"vm(ID, ginv)_Nr_501969",-0.872236859893443,0.920774384791725,-0.947286191166948
"vm(ID, ginv)_Nr_500771",-0.152517536918931,0.92308986865285,-0.165225014484791
"vm(ID, ginv)_Nr_501482",-0.832353331367638,0.925958304429735,-0.898910164081583
"vm(ID, ginv)_Nr_502324",-0.104479182564281,0.915414442467717,-0.114133203188965
"vm(ID, ginv)_Nr_502890",-0.105415891036321,0.937403795033289,-0.112455157099698
"vm(ID, ginv)_Nr_502373",-0.860155895611757,0.925150777020567,-0.929746714780779
"vm(ID, ginv)_Nr_502847",-0.974860454977666,0.923331608341081,-1.05580751939075
"vm(ID, ginv)_Nr_502303",-0.174277960090035,0.930060168617824,-0.187383532776199
"vm(ID, ginv)_Nr_503956",-0.219055165114118,0.92371166943326,-0.23714669020964
"vm(ID, ginv)_Nr_504514",-0.662708967280396,0.939916992785013,-0.705071801411699
"vm(ID, ginv)_Nr_504953",-0.333016604396853,0.908394579628593,-0.366599065940057
"vm(ID, ginv)_Nr_501772",0.438260925317578,0.91662016713117,0.478127081459754
"vm(ID, ginv)_Nr_501449",-0.522607153033876,0.921775734899965,-0.56695694326407
"vm(ID, ginv)_Nr_501747",-0.392216356945511,0.926293441920919,-0.423425600565782
"vm(ID, ginv)_Nr_502392",-0.310522404606437,0.929163096705969,-0.334195800185445
"vm(ID, ginv)_Nr_502330",-0.346369108625319,0.929365589901122,-0.372694139302242
"vm(ID, ginv)_Nr_501312",-0.721633504614841,0.920748482562838,-0.78374661297972
"vm(ID, ginv)_Nr_503302",0.12113271762408,0.920133592515704,0.131646881071797
"vm(ID, ginv)_Nr_504867",-0.62214608422474,0.922734811133391,-0.674241479478336
"vm(ID, ginv)_Nr_500820",-0.365896724061408,0.905479450527296,-0.404091692912889
"vm(ID, ginv)_Nr_503442",-0.345785923881958,0.919748996373553,-0.375956837403842
"vm(ID, ginv)_Nr_504263",-0.349154352246242,0.924864607449897,-0.377519422230845
"vm(ID, ginv)_Nr_504424",-0.162811566482313,0.916728883034867,-0.177600563803901
"vm(ID, ginv)_Nr_501360",-0.00198027652873713,0.896481579783607,-0.00220894279748071
"vm(ID, ginv)_Nr_501549",-0.22118946747844,0.927674629921932,-0.238434317748944
"vm(ID, ginv)_Nr_500942",-0.448325366568905,0.900506324057911,-0.49785920941525
"vm(ID, ginv)_Nr_502587",0.170319855790581,0.925831759350117,0.183964153390175
"vm(ID, ginv)_Nr_501466",-0.506192260674597,0.926678361064369,-0.546243747499609
"vm(ID, ginv)_Nr_501151",0.487892270608109,0.928063453053074,0.525710035238515
"vm(ID, ginv)_Nr_502920",-0.184951078475381,0.922950870495714,-0.200391033139223
"vm(ID, ginv)_Nr_502215",-0.0918374913741767,0.917073202547303,-0.100141941907238
"vm(ID, ginv)_Nr_501909",0.0376180666456643,0.923214404379475,0.0407468367772584
"vm(ID, ginv)_Nr_502764",-0.496508308934202,0.921114623479327,-0.539029884314224
"vm(ID, ginv)_Nr_501708",-0.0107464702426915,0.926797306511382,-0.0115952756521736
"vm(ID, ginv)_Nr_501413",-0.156902950197417,0.919508387346229,-0.170637867317612
"vm(ID, ginv)_Nr_503294",-0.0245249759566159,0.928413097583447,-0.0264160167714691
"vm(ID, ginv)_Nr_501693",-0.482557546840945,0.924315978875432,-0.522069895868346
"vm(ID, ginv)_Nr_501766",-0.0221194222934308,0.917467968887352,-0.0241092038561911
"vm(ID, ginv)_Nr_500068",0.415380377185507,0.923865252674421,0.449611429787035
"vm(ID, ginv)_Nr_502233",0.05573499806049,0.918449566329321,0.0606837872255095
"vm(ID, ginv)_Nr_500980",-0.325472386628101,0.926638623775864,-0.351239823461996
"vm(ID, ginv)_Nr_501258",-0.0327899119153947,0.920773854766834,-0.0356112543222658
"vm(ID, ginv)_Nr_500264",-0.503179983133277,0.927152467422575,-0.542715465701219
"vm(ID, ginv)_Nr_502782",-1.20006494895123,0.930701709914019,-1.2894195166592
"vm(ID, ginv)_Nr_504985",-0.177117256930357,0.925413077759093,-0.191392645281446
"vm(ID, ginv)_Nr_504522",0.0216037770364245,0.935129153491411,0.0231024526994633
"vm(ID, ginv)_Nr_503062",-0.438859484971017,0.920036928054958,-0.477002032841015
"vm(ID, ginv)_Nr_503521",-0.599136461449616,0.91114260907391,-0.657566066478421
"vm(ID, ginv)_Nr_504942",-0.492335967251358,0.924499276565749,-0.532543377513767
"vm(ID, ginv)_Nr_502869",-0.487019445655278,0.924551872941229,-0.526762705164339
"vm(ID, ginv)_Nr_503284",-0.275653588789586,0.914835122945068,-0.301315047789369
"vm(ID, ginv)_Nr_502929",-0.252368868976099,0.916548203619108,-0.275347077196364
"vm(ID, ginv)_Nr_500541",0.255456253180904,0.914702983746791,0.279277817739818
"vm(ID, ginv)_Nr_503962",-0.542761630208957,0.922836760689256,-0.588144787170783
"vm(ID, ginv)_Nr_501103",-0.40802739992707,0.927048377422085,-0.440136038058449
"vm(ID, ginv)_Nr_504351",-0.312336319296629,0.925192376448852,-0.337590675460885
"vm(ID, ginv)_Nr_502362",0.139144234147939,0.939975533675627,0.148029633924446
"vm(ID, ginv)_Nr_504662",-0.835927173524447,0.92750845928493,-0.901260969812514
"vm(ID, ginv)_Nr_503038",-0.476376896287337,0.92017738212361,-0.517701157996236
"vm(ID, ginv)_Nr_502408",-0.470939169329288,0.926879359170654,-0.5080911174359
"vm(ID, ginv)_Nr_500748",0.018375657526232,0.930088870291595,0.0197568835765888
"vm(ID, ginv)_Nr_501113",-0.414515457310614,0.918103276669583,-0.451491098925458
"vm(ID, ginv)_Nr_502095",0.802909656162648,0.727223824274291,1.10407501701953
"vm(ID, ginv)_Nr_500898",-0.213434363418014,0.92346373163608,-0.231123709687956
"vm(ID, ginv)_Nr_500885",-0.305699112041351,0.922225983245237,-0.331479613018082
"vm(ID, ginv)_Nr_503163",-1.08625410194603,0.990004508573263,-1.09722136873041
"vm(ID, ginv)_Nr_504609",-0.447872255842267,0.922283794609149,-0.485612192754692
"vm(ID, ginv)_Nr_503423",0.0727435726309757,0.928712701754045,0.0783273153189205
"vm(ID, ginv)_Nr_501523",0.853505941593185,0.912989414604741,0.934847576477863
"vm(ID, ginv)_Nr_501050",0.096519938437487,0.919963927107463,0.104917090326534
"vm(ID, ginv)_Nr_503433",-0.392705442640483,0.91322628636173,-0.43001986309988
"vm(ID, ginv)_Nr_500946",-0.192227191153999,0.929857581291628,-0.206727562394
"vm(ID, ginv)_Nr_503641",-0.428071374246934,0.92421283356132,-0.46317402085559
"vm(ID, ginv)_Nr_503441",-0.654357863740374,0.898688401068625,-0.728125413616423
"vm(ID, ginv)_Nr_500323",0.0337619916439351,0.918748076664721,0.0367478229358578
"vm(ID, ginv)_Nr_504431",-0.0806905847349615,0.909732999276826,-0.0886969965903236
"vm(ID, ginv)_Nr_501135",-0.208311482738761,0.930049906606998,-0.223978822274949
"vm(ID, ginv)_Nr_504853",-0.877415582486988,0.935285145740773,-0.938126288525676
"vm(ID, ginv)_Nr_500267",-0.307649529475449,0.913878057613244,-0.336641772841041
"vm(ID, ginv)_Nr_500002",0.0227486734282919,0.923350892216474,0.0246370839299072
"vm(ID, ginv)_Nr_501048",-0.339052264413734,0.929151623144348,-0.364905205962343
"vm(ID, ginv)_Nr_504696",-0.450480576430417,0.92561739641881,-0.486681190493302
"vm(ID, ginv)_Nr_503807",-0.376870199690622,0.923020874221184,-0.408300841526053
"vm(ID, ginv)_Nr_502596",-0.335882761874516,0.913393518099518,-0.367730616890495
"vm(ID, ginv)_Nr_500482",-0.0566354037564626,0.922913978280772,-0.0613658532531542
"vm(ID, ginv)_Nr_500061",-0.0187951522377216,0.929332014653874,-0.0202243675471804
"vm(ID, ginv)_Nr_500076",-0.294991379875331,0.925306941885838,-0.318803811494291
"vm(ID, ginv)_Nr_502051",-0.843953507586437,0.927268963031738,-0.910149634284212
"vm(ID, ginv)_Nr_503341",0.196398607377224,0.927277264133626,0.211801383441363
"vm(ID, ginv)_Nr_500869",-0.161491251407994,0.925253289864971,-0.174537343640855
"vm(ID, ginv)_Nr_502280",-0.538732475851351,0.925347287221245,-0.582194904865532
"vm(ID, ginv)_Nr_504267",-0.335087994241165,0.922304292479662,-0.363316095320628
"vm(ID, ginv)_Nr_500586",-0.695343219493827,0.91966037059554,-0.756086966152023
"vm(ID, ginv)_Nr_500970",0.0937080239015903,0.923668720891397,0.101451983576056
"vm(ID, ginv)_Nr_502271",-0.335559730857118,0.923558654571708,-0.363333426844157
"vm(ID, ginv)_Nr_504884",-0.342002893307544,0.913910239174462,-0.374219347423524
"vm(ID, ginv)_Nr_502856",-0.121064405894393,0.913387631527742,-0.132544389386901
"vm(ID, ginv)_Nr_501314",-0.7318397255238,0.92639587800372,-0.789985947585209
"vm(ID, ginv)_Nr_504877",-0.601717939940324,0.927609468711033,-0.64867593554909
"vm(ID, ginv)_Nr_500653",0.189318175350674,0.924586838264206,0.204759755942552
"vm(ID, ginv)_Nr_501284",-0.353629850949313,0.913583915286025,-0.387079769063796
"vm(ID, ginv)_Nr_503548",-0.287015013743101,0.931596178003718,-0.308089514018976
"vm(ID, ginv)_Nr_503151",-0.364536053710729,0.92952705334391,-0.392173689188858
"vm(ID, ginv)_Nr_501598",-0.28854529425859,0.92586407012372,-0.311649737331347
"vm(ID, ginv)_Nr_503914",-0.144778795684497,0.922510608856063,-0.156939979112031
"vm(ID, ginv)_Nr_503702",-0.0204810385895919,0.935860931070291,-0.0218847030681887
"vm(ID, ginv)_Nr_502090",-0.726596470569256,0.907840234634117,-0.800357202566697
"vm(ID, ginv)_Nr_504858",-0.0205849981931845,0.923274653376191,-0.0222956388090046
"vm(ID, ginv)_Nr_504038",-0.173557486393356,0.922344276720522,-0.188169960798646
"vm(ID, ginv)_Nr_500866",-0.786678800916398,0.936829192609034,-0.839724900892048
"vm(ID, ginv)_Nr_504885",-0.293741654533458,0.921852558229999,-0.318642772004079
"vm(ID, ginv)_Nr_501712",-0.645921338375721,0.914451738645305,-0.706348198684173
"vm(ID, ginv)_Nr_500655",-0.324698228648984,0.923653759043905,-0.351536737083262
"vm(ID, ginv)_Nr_504030",-0.527478953178524,0.932067887437327,-0.565923319844009
"vm(ID, ginv)_Nr_504390",-0.927941321217277,0.912214004544274,-1.01724081914403
"vm(ID, ginv)_Nr_502258",-0.264286953689044,0.894459732175279,-0.295471047138491
"vm(ID, ginv)_Nr_502681",-0.476279327815482,0.919268040904778,-0.518107131568188
"vm(ID, ginv)_Nr_500026",-0.238173125901061,0.932161015273232,-0.255506422172406
"vm(ID, ginv)_Nr_501206",0.214426135743044,0.913844828221553,0.234641734702753
"vm(ID, ginv)_Nr_501695",1.01940480386487,0.800620632180381,1.27326821579486
"vm(ID, ginv)_Nr_504106",-0.866739543081871,0.930984672770513,-0.930992279929319
"vm(ID, ginv)_Nr_500671",-0.374805575413569,0.928600961934862,-0.403623936198184
"vm(ID, ginv)_Nr_502901",-0.812680194661802,0.938825880934634,-0.865634630622614
"vm(ID, ginv)_Nr_500038",-0.608758071872841,0.924451306054954,-0.658507449646735
"vm(ID, ginv)_Nr_504727",0.0232626122489567,0.933255089752383,0.0249263170427808
"vm(ID, ginv)_Nr_502370",-0.00278169005111969,0.928539031606681,-0.00299577072845979
"vm(ID, ginv)_Nr_500851",0.00647142339050878,0.92213238742952,0.0070178897072991
"vm(ID, ginv)_Nr_500901",-0.272364294313671,0.926766778396523,-0.293886553405497
"vm(ID, ginv)_Nr_501022",0.382056111870998,0.923408484182882,0.413745507449043
"vm(ID, ginv)_Nr_503567",-0.191739220301691,0.919721977741228,-0.208475196790001
"vm(ID, ginv)_Nr_503550",-0.135573564027813,0.923074447819049,-0.146871754871054
"vm(ID, ginv)_Nr_501546",-0.540636434328252,0.926496152511878,-0.583527986449269
"vm(ID, ginv)_Nr_504151",-0.0891894824960731,0.920220099411162,-0.0969219022200715
"vm(ID, ginv)_Nr_503780",-0.39431395671643,0.928875595019668,-0.424506746469187
"vm(ID, ginv)_Nr_503501",-0.036831904788117,0.919915314430326,-0.040038364630255
"vm(ID, ginv)_Nr_503748",-0.257275090643878,0.918067148620529,-0.280235591732538
"vm(ID, ginv)_Nr_501012",-0.515949874286517,0.908183081242159,-0.568112184583786
"vm(ID, ginv)_Nr_502997",-0.204642550984666,0.907970955910484,-0.225384468140235
"vm(ID, ginv)_Nr_501553",-0.76742042293018,0.926941528416888,-0.827905967532654
"vm(ID, ginv)_Nr_504073",-0.641986232553656,0.938178721965666,-0.684289909292092
"vm(ID, ginv)_Nr_502317",-0.499835399165097,0.92048592109296,-0.543012541214759
"vm(ID, ginv)_Nr_501734",-0.540389134997298,0.931418001312534,-0.580178968235307
"vm(ID, ginv)_Nr_504640",0.20066724532764,0.930971836021019,0.215545989216273
"vm(ID, ginv)_Nr_501242",-0.614152129939707,0.924913163982126,-0.664010583756353
"vm(ID, ginv)_Nr_504391",0.186086986915189,0.923001482391669,0.201610712945989
"vm(ID, ginv)_Nr_501497",-0.592885211042141,0.917917048587745,-0.64590282090775
"vm(ID, ginv)_Nr_502388",0.0159206540122773,0.927199155417643,0.0171706951190072
"vm(ID, ginv)_Nr_504718",-0.281391183706734,0.918315424472375,-0.306421057741036
"vm(ID, ginv)_Nr_501763",-0.488123785105062,0.922147233820216,-0.529333892900043
"vm(ID, ginv)_Nr_501139",-0.119135501059229,0.926050534781261,-0.128649027871216
"vm(ID, ginv)_Nr_502457",-0.479628590675046,0.928311707470492,-0.516667609398099
"vm(ID, ginv)_Nr_503532",-0.229851999301261,0.921149570150977,-0.249527337089881
"vm(ID, ginv)_Nr_500220",-0.343618856966112,0.923380047633287,-0.372131559314976
"vm(ID, ginv)_Nr_503337",-0.581986634259419,0.926705758372311,-0.628016637429376
"vm(ID, ginv)_Nr_503399",-0.570655517511319,0.926415886367449,-0.615982007550524
"vm(ID, ginv)_Nr_502169",-0.211916163195725,0.926813981153606,-0.228650157965844
"vm(ID, ginv)_Nr_501738",-0.447665719902286,0.916301610932278,-0.488557167815972
"vm(ID, ginv)_Nr_500967",-0.732997257592633,0.925133877359652,-0.792314794140519
"vm(ID, ginv)_Nr_504845",-0.210091022593024,0.92038614245666,-0.228264000186114
"vm(ID, ginv)_Nr_504631",-0.397510028496222,0.920465080325375,-0.431857804269671
"vm(ID, ginv)_Nr_501134",-0.514686640137269,0.909141632602505,-0.566123716789792
"vm(ID, ginv)_Nr_500905",-0.34175916341599,0.930923468102573,-0.367118431456638
"vm(ID, ginv)_Nr_503100",-0.186986044301976,0.921295914363573,-0.202959810617574
"vm(ID, ginv)_Nr_502573",-0.515651392960647,0.925249709862698,-0.557310515706259
"vm(ID, ginv)_Nr_500755",-0.390522125484976,0.924062882579648,-0.422614232047477
"vm(ID, ginv)_Nr_501350",-0.832058328474434,0.913503785416093,-0.910842781122619
"vm(ID, ginv)_Nr_504230",-0.226702430705047,0.925976082562887,-0.244825363175243
"vm(ID, ginv)_Nr_502554",-0.134577335298794,0.935675311877529,-0.14382909711356
"vm(ID, ginv)_Nr_502248",-0.431925021610078,0.916598695050803,-0.471225874466402
"vm(ID, ginv)_Nr_502614",-0.500863884642489,0.929287069303126,-0.538976491966135
"vm(ID, ginv)_Nr_502015",-0.617164812496999,0.920577462005323,-0.670410517277503
"vm(ID, ginv)_Nr_504529",-0.864514933358663,0.923868209269154,-0.935755689702274
"vm(ID, ginv)_Nr_502086",-0.276924249253703,0.920932458376895,-0.300699846915777
"vm(ID, ginv)_Nr_502836",-0.114494776159749,0.919053649738303,-0.124578990782912
"vm(ID, ginv)_Nr_501288",-0.169583108553959,0.91832347809082,-0.184665983827964
"vm(ID, ginv)_Nr_504760",-0.126739283444719,0.914421347058272,-0.138600530108406
"vm(ID, ginv)_Nr_501672",-0.375999394477645,0.923126430948367,-0.407310831834123
"vm(ID, ginv)_Nr_504206",-0.729068685727675,0.925121126547542,-0.788079165858513
"vm(ID, ginv)_Nr_503059",-0.397319352808952,0.922421078948619,-0.430735335386979
"vm(ID, ginv)_Nr_503428",-0.0454373654260545,0.925014229677529,-0.0491207204908561
"vm(ID, ginv)_Nr_502276",-0.791637401082641,0.926868413269025,-0.854099017454452
"vm(ID, ginv)_Nr_500171",-0.244397336534787,0.941836360836704,-0.259490232801875
"vm(ID, ginv)_Nr_500275",-0.548618239717519,0.930137708601949,-0.589824748146298
"vm(ID, ginv)_Nr_501414",0.172662563577992,0.929007981933833,0.185856921507365
"vm(ID, ginv)_Nr_504552",0.204758929752302,0.919461923382471,0.222694300378471
"vm(ID, ginv)_Nr_503270",-0.774216644433794,0.926702603633206,-0.835453187892665
"vm(ID, ginv)_Nr_504994",-0.929886614724091,0.923886873987838,-1.00649402097289
"vm(ID, ginv)_Nr_502951",0.457136362888252,0.926151337714507,0.493587110737584
"vm(ID, ginv)_Nr_500999",-0.548077244826405,0.915118418261317,-0.59891401362867
"vm(ID, ginv)_Nr_500774",-0.0468050860027986,0.922260893454666,-0.0507503747963041
"vm(ID, ginv)_Nr_501767",-0.854948175275891,0.918516710428287,-0.930792184365644
"vm(ID, ginv)_Nr_500412",-0.260335350889499,0.908295727394016,-0.286619592097416
"vm(ID, ginv)_Nr_502461",-0.222169311457262,0.925277884711619,-0.240110906278178
"vm(ID, ginv)_Nr_501386",-0.104641217042343,0.928235705301008,-0.112731299221473
"vm(ID, ginv)_Nr_504644",-0.777306704980405,0.923092666688787,-0.842067901772714
"vm(ID, ginv)_Nr_504822",-0.740218869637622,0.925170807869917,-0.80008887368796
"vm(ID, ginv)_Nr_502426",-0.0485749644843786,0.926724946957816,-0.0524157298709147
"vm(ID, ginv)_Nr_502025",-1.45698920209068,0.92954492639847,-1.56742203707764
"vm(ID, ginv)_Nr_503887",0.042513480622477,0.914917205471542,0.0464670249594507
"vm(ID, ginv)_Nr_503257",0.0602540717710674,0.914492574488929,0.0658879836227657
"vm(ID, ginv)_Nr_502345",-0.321623113139631,0.926233896429905,-0.347237468180879
"vm(ID, ginv)_Nr_502463",0.0681664548444128,0.91819160125761,0.0742399023809932
"vm(ID, ginv)_Nr_502569",-0.420929965238736,0.917589577593907,-0.458734466385826
"vm(ID, ginv)_Nr_502003",0.195661970687079,0.923606782214799,0.211845532595467
"vm(ID, ginv)_Nr_500686",0.149063364982884,0.907754300170438,0.164211136157544
"vm(ID, ginv)_Nr_503551",-0.736194278471224,0.917465544982184,-0.802421717630301
"vm(ID, ginv)_Nr_500172",-0.229903210009398,0.923412842386164,-0.24897120708795
"vm(ID, ginv)_Nr_502080",-0.244292762754753,0.921330281494892,-0.265152212687918
"vm(ID, ginv)_Nr_501639",-0.199044546237218,0.920802390628967,-0.216164237042497
"vm(ID, ginv)_Nr_503118",-0.899468744161259,0.922321302818007,-0.975222779104283
"vm(ID, ginv)_Nr_501384",-0.59433754732113,0.920204634959866,-0.645875411556747
"vm(ID, ginv)_Nr_504314",-0.369635527935513,0.924100708879442,-0.399994853790049
"vm(ID, ginv)_Nr_503696",-0.578709523018881,0.918188699055358,-0.630272975058682
"vm(ID, ginv)_Nr_501917",-0.551117007824206,0.918965606377391,-0.599714509443653
"vm(ID, ginv)_Nr_503271",0.153164819901403,0.894144156864435,0.171297680273971
"vm(ID, ginv)_Nr_504184",0.53077833631171,0.931570731255309,0.569767081020758
"vm(ID, ginv)_Nr_500537",-0.143069867825001,0.916359714385274,-0.156128500171984
"vm(ID, ginv)_Nr_501294",-0.947224753497331,0.924800042439193,-1.02424817260928
"vm(ID, ginv)_Nr_500053",-0.0925090470963847,0.904743247431064,-0.102248950029808
"vm(ID, ginv)_Nr_500807",-0.528435226266226,0.930321539333357,-0.568013535024555
"vm(ID, ginv)_Nr_502225",0.074998873708281,0.900545763906427,0.083281579586747
"vm(ID, ginv)_Nr_504132",0.0888952464010738,0.913022794772207,0.0973636659567219
"vm(ID, ginv)_Nr_501257",-0.16639146708102,0.922967163510127,-0.180278858944687
"vm(ID, ginv)_Nr_504345",0.376652301837134,0.917896084643609,0.410343074928113
"vm(ID, ginv)_Nr_501315",0.0298705032540401,0.926367637621268,0.0322447611951792
"vm(ID, ginv)_Nr_500395",-0.228706265787459,0.924443154482596,-0.247398950036538
"vm(ID, ginv)_Nr_500525",-0.251494226832591,0.923146420902319,-0.272431567883641
"vm(ID, ginv)_Nr_504007",0.0460955448717182,0.9234768191382,0.0499152159712413
"vm(ID, ginv)_Nr_501128",-0.997754920623004,0.928765885407323,-1.07428032865939
"vm(ID, ginv)_Nr_503072",-0.957013482005104,0.932280408614044,-1.02652965048126
"vm(ID, ginv)_Nr_502449",-0.260081345196283,0.918939137919032,-0.283023471810381
"vm(ID, ginv)_Nr_504458",-0.591135532048549,0.925719430065463,-0.638568785368096
"vm(ID, ginv)_Nr_503416",-0.557179122117493,0.919243332186258,-0.606127999636768
"vm(ID, ginv)_Nr_500373",0.0588282352571988,0.926889416217754,0.0634684507427564
"vm(ID, ginv)_Nr_503540",-0.590656651616049,0.909865870620734,-0.649168927737763
"vm(ID, ginv)_Nr_502577",-0.566174727574827,0.92623965759474,-0.611261591891962
"vm(ID, ginv)_Nr_501860",-0.726055627076448,0.927553953374533,-0.782763767471408
"vm(ID, ginv)_Nr_502900",-0.573714585463215,0.919683099892426,-0.623817688430201
"vm(ID, ginv)_Nr_504356",-0.347316681840135,0.910950869095434,-0.381268291872884
"vm(ID, ginv)_Nr_503041",-0.686330426494509,0.921756944327425,-0.744589374366256
"vm(ID, ginv)_Nr_500790",-1.05950405480981,0.915773915129746,-1.1569493706967
"vm(ID, ginv)_Nr_501889",-0.449178185404921,0.923245881418554,-0.486520648989806
"vm(ID, ginv)_Nr_503775",-0.380004841966211,0.925072460419538,-0.410783866372881
"vm(ID, ginv)_Nr_502643",0.00059682740168138,0.884846244659766,0.00067449842871952
"vm(ID, ginv)_Nr_504932",-0.102015856750663,0.912325798964278,-0.111819546116614
"vm(ID, ginv)_Nr_504035",-0.771149019635046,0.923120380614072,-0.835372109455613
"vm(ID, ginv)_Nr_501116",-0.390249963781551,0.926554901841076,-0.421183853224585
"vm(ID, ginv)_Nr_502936",-0.540679493013177,0.929982487225583,-0.581386746997986
"vm(ID, ginv)_Nr_503126",0.316172002481199,0.919481458547685,0.343859030045686
"vm(ID, ginv)_Nr_502543",0.116134870218025,0.919991505137588,0.126234720178918
"vm(ID, ginv)_Nr_502093",-0.0365009187825968,0.925143010714137,-0.0394543528512646
"vm(ID, ginv)_Nr_501887",-0.480471957269965,0.911850839971725,-0.526919465561784
"vm(ID, ginv)_Nr_502021",-0.252196140151033,0.924646038735562,-0.272748846137823
"vm(ID, ginv)_Nr_503149",-0.808940806029261,0.923407924335183,-0.876038405899176
"vm(ID, ginv)_Nr_504396",-0.628960638913911,0.931490172639902,-0.67521983311042
"vm(ID, ginv)_Nr_502311",-0.175424597016634,0.914910655905229,-0.191739593242649
"vm(ID, ginv)_Nr_501487",0.155216658755041,0.925415709889832,0.167726414298196
"vm(ID, ginv)_Nr_502394",-0.174108562127036,0.916919233683544,-0.189884294855054
"vm(ID, ginv)_Nr_500027",-0.837596786340391,0.911836071298606,-0.918582640789275
"vm(ID, ginv)_Nr_501678",-0.295343522163399,0.909666182520084,-0.324672421420786
"vm(ID, ginv)_Nr_504315",-0.401909618560993,0.92255005995838,-0.435650742442231
"vm(ID, ginv)_Nr_501996",0.071755485670113,0.918804699612698,0.0780965592583058
"vm(ID, ginv)_Nr_502299",-1.09226161656725,0.916265633583313,-1.19207965084934
"vm(ID, ginv)_Nr_501833",-0.49716571521244,0.914150882087434,-0.543855204818244
"vm(ID, ginv)_Nr_503784",-1.13566036433054,0.937053117045593,-1.21194876114507
"vm(ID, ginv)_Nr_500847",-0.123517145435289,0.929804236724214,-0.132842097891973
"vm(ID, ginv)_Nr_504483",-0.357109249374715,0.921470947522185,-0.387542602764606
"vm(ID, ginv)_Nr_500792",-0.463333073373805,0.92494567206231,-0.500930040940385
"vm(ID, ginv)_Nr_500427",-0.253880569669407,0.928625312490422,-0.273393979525004
"vm(ID, ginv)_Nr_500931",-0.41126459447727,0.913916271697934,-0.45000248623782
"vm(ID, ginv)_Nr_501831",-0.665424401261484,0.923646030397811,-0.720432264484359
"vm(ID, ginv)_Nr_500475",-0.536413244860861,0.926131743377476,-0.579197558767001
"vm(ID, ginv)_Nr_504788",-0.135606229868966,0.913296623655892,-0.148479942174908
"vm(ID, ginv)_Nr_504122",-0.778413586184671,0.934233605507296,-0.833210860320088
"vm(ID, ginv)_Nr_503572",0.640546638856459,0.930778612693792,0.688183667008244
"vm(ID, ginv)_Nr_502458",0.0402912391583311,0.932023893382233,0.0432298350336468
"vm(ID, ginv)_Nr_502586",-0.110373196120239,0.91233541213028,-0.120978748224319
"vm(ID, ginv)_Nr_502866",-0.534615713216396,0.918137102359301,-0.582283094586434
"vm(ID, ginv)_Nr_503630",-0.124213912650797,0.917912744759253,-0.135322135311865
"vm(ID, ginv)_Nr_500354",-0.0128249761035236,0.917084466282055,-0.0139845091428898
"vm(ID, ginv)_Nr_503326",0.539572032190975,0.926337132839158,0.582479113772785
"vm(ID, ginv)_Nr_504969",-0.894819360884999,0.919291476253594,-0.973379373136008
"vm(ID, ginv)_Nr_502848",-0.587319706508036,0.927381147447029,-0.633309948261141
"vm(ID, ginv)_Nr_500366",-0.818507519663869,0.926111810277558,-0.883810691733389
"vm(ID, ginv)_Nr_503999",0.368783415014053,0.919963480247321,0.400867450645878
"vm(ID, ginv)_Nr_500775",-0.27754441365061,0.911441088898817,-0.304511632217429
"vm(ID, ginv)_Nr_504557",-0.734671265150063,0.93207175000724,-0.788213209062882
"vm(ID, ginv)_Nr_504243",-0.275828402854055,0.918763287969009,-0.300217048793703
"vm(ID, ginv)_Nr_500345",-0.0403193520422878,0.932137394792606,-0.043254730759148
"vm(ID, ginv)_Nr_501886",0.214835761469132,0.930210446300084,0.230953933406835
"vm(ID, ginv)_Nr_500556",-0.24246910347211,0.927844858826274,-0.261325049296317
"vm(ID, ginv)_Nr_501874",-0.120577643425883,0.921993184708706,-0.13077932182761
"vm(ID, ginv)_Nr_504433",-0.638749373512853,0.921473243724633,-0.693182767771966
"vm(ID, ginv)_Nr_504929",-0.845641972366817,0.915952584250832,-0.923237716566384
"vm(ID, ginv)_Nr_503379",-0.571669922504849,0.927532100389919,-0.616334380518506
"vm(ID, ginv)_Nr_501209",-0.201442533737639,0.920428703658411,-0.218857292191094
"vm(ID, ginv)_Nr_504657",0.0656135463977802,0.909522616962482,0.0721406429857772
"vm(ID, ginv)_Nr_503042",-0.267218201891755,0.926729211029425,-0.288345504502793
"vm(ID, ginv)_Nr_502227",-0.119868961373605,0.924337112236533,-0.129681000347989
"vm(ID, ginv)_Nr_504512",-0.728790139095713,0.903893845930598,-0.80627846110114
"vm(ID, ginv)_Nr_503910",-0.244253980340276,0.926002210739092,-0.263772567179212
"vm(ID, ginv)_Nr_500294",-0.494178018518283,0.877365751694202,-0.563252004724392
"vm(ID, ginv)_Nr_501652",0.327981884830768,0.903541112785743,0.362996083066496
"vm(ID, ginv)_Nr_500768",-0.623602763106464,0.923655957957199,-0.675146149098256
"vm(ID, ginv)_Nr_503724",-0.0377279764771625,0.917968504591532,-0.0410994236604558
"vm(ID, ginv)_Nr_504678",0.0440320269391416,0.92842817966884,0.0474264223160992
"vm(ID, ginv)_Nr_500557",-0.546941038841927,0.903738747125004,-0.605198173235207
"vm(ID, ginv)_Nr_500160",-0.399711883170252,0.926119099725066,-0.431598790359592
"vm(ID, ginv)_Nr_503145",-0.83861415773954,0.917029655551529,-0.914489681617954
"vm(ID, ginv)_Nr_504537",-0.373989909434285,0.922831355697526,-0.405263548020215
"vm(ID, ginv)_Nr_504276",-0.495055720926913,0.915535785850771,-0.540727876045694
"vm(ID, ginv)_Nr_500375",-0.501058724448784,0.909379942645841,-0.550989417020738
"vm(ID, ginv)_Nr_504527",-0.628135981977081,0.929477129900893,-0.675794983835757
"vm(ID, ginv)_Nr_501980",-1.03782966501276,0.933300063247138,-1.11199999430187
"vm(ID, ginv)_Nr_502479",-0.19811405855204,0.927931794951328,-0.213500668508111
"vm(ID, ginv)_Nr_503340",-1.0367830403293,0.922331580077603,-1.12408927843722
"vm(ID, ginv)_Nr_500483",-0.0278366320232429,0.896761686393569,-0.0310412815864057
"vm(ID, ginv)_Nr_502238",-0.409803068289443,0.922696561980096,-0.444136333845236
"vm(ID, ginv)_Nr_500840",-0.621382094084611,0.934125871596971,-0.665201674611906
"vm(ID, ginv)_Nr_503365",0.253055579019637,0.910289833341773,0.277994513121873
"vm(ID, ginv)_Nr_502256",-0.0602523496268217,0.923833388436092,-0.0652199307591813
"vm(ID, ginv)_Nr_503614",-0.45309337076169,0.919226127305461,-0.492907411248034
"vm(ID, ginv)_Nr_502578",-0.267089947442801,0.916316514446058,-0.29148219336008
"vm(ID, ginv)_Nr_502777",-1.07844517431498,0.923333632084744,-1.16799078560586
"vm(ID, ginv)_Nr_500414",0.226868406458155,0.92093715464737,0.246345155381448
"vm(ID, ginv)_Nr_501644",-0.251777315399483,0.926855343807041,-0.271646829337265
"vm(ID, ginv)_Nr_504566",-0.681706755787522,0.928966197081916,-0.733833758353007
"vm(ID, ginv)_Nr_504015",-0.571502981004611,0.929416184896656,-0.614905346271927
"vm(ID, ginv)_Nr_500658",-0.69433253925235,0.929689591319293,-0.746843404223817
"vm(ID, ginv)_Nr_504817",0.350297837748894,0.920672762847008,0.380480287768765
"vm(ID, ginv)_Nr_501073",-0.49755879448138,0.9281313401722,-0.536086621521762
"vm(ID, ginv)_Nr_501321",-0.725235794868765,0.928469443053212,-0.781108953337089
"vm(ID, ginv)_Nr_504460",-0.228599883688017,0.913179210178523,-0.25033408682544
"vm(ID, ginv)_Nr_504589",-0.54299698015684,0.933437760781307,-0.581717392386548
"vm(ID, ginv)_Nr_500258",-0.41708761989183,0.922552753680398,-0.452101647551228
"vm(ID, ginv)_Nr_504166",-0.340337310417939,0.929690509078613,-0.366075922142345
"vm(ID, ginv)_Nr_502041",-0.845094710918382,0.931544668505502,-0.907197195679502
"vm(ID, ginv)_Nr_502499",-0.110375703299766,0.928806507646637,-0.118836057231587
"vm(ID, ginv)_Nr_502628",-0.459852578734806,0.927969225529124,-0.495547229459684
"vm(ID, ginv)_Nr_500791",0.0675662138710751,0.923563981184251,0.0731581300782621
"vm(ID, ginv)_Nr_501713",-0.495401056304511,0.907006879638569,-0.54619327308953
"vm(ID, ginv)_Nr_502761",-0.471948916245117,0.927350935907185,-0.50892159372593
"vm(ID, ginv)_Nr_500547",-0.368739603935398,0.905679388407637,-0.407141432890192
"vm(ID, ginv)_Nr_500684",-0.844313731617611,0.920998093903553,-0.91673776222389
"vm(ID, ginv)_Nr_500402",-0.531751279664132,0.919056538536654,-0.578583860042822
"vm(ID, ginv)_Nr_502282",-0.28938856257096,0.922227083990123,-0.313793172630418
"vm(ID, ginv)_Nr_502898",0.137893683876479,0.922423018190631,0.149490722973243
"vm(ID, ginv)_Nr_502792",-0.448100871676609,0.915899317259108,-0.489246867240367
"vm(ID, ginv)_Nr_501118",0.174239395598111,0.918079306666482,0.189786867357646
"vm(ID, ginv)_Nr_503334",-0.177224834226131,0.923473405722977,-0.191911140188584
"vm(ID, ginv)_Nr_504145",-0.940341353540261,0.937474674376877,-1.003057873713
"vm(ID, ginv)_Nr_504617",-0.854096652515323,0.922588056031495,-0.925761662457688
"vm(ID, ginv)_Nr_500070",-0.312966440078591,0.926058174604965,-0.337955485585012
"vm(ID, ginv)_Nr_501501",-0.452415756143368,0.925114562398492,-0.489037546842215
"vm(ID, ginv)_Nr_504671",-0.0567177482406342,0.926673077829533,-0.0612057796838981
"vm(ID, ginv)_Nr_504579",-0.147758110183333,0.932969047388619,-0.15837407532105
"vm(ID, ginv)_Nr_503994",-0.717352857348243,0.921688190512248,-0.778303188358699
"vm(ID, ginv)_Nr_502319",-0.326340757478885,0.910213105270233,-0.358532255346947
"vm(ID, ginv)_Nr_504196",0.0417917245611735,0.921394127955172,0.0453570554589064
"vm(ID, ginv)_Nr_500177",0.0652151079954967,0.92481379335151,0.070517014845938
"vm(ID, ginv)_Nr_504194",-1.29393284028754,0.918526607057788,-1.4087047999973
"vm(ID, ginv)_Nr_503352",-0.910795468617185,0.92045082171973,-0.98951019122944
"vm(ID, ginv)_Nr_503022",-0.035629582081238,0.91526442171372,-0.0389281842885644
"vm(ID, ginv)_Nr_504220",0.0427040511962612,0.900906616413648,0.0474011961042739
"vm(ID, ginv)_Nr_500527",0.0223023745326465,0.933216514844941,0.0238983924714965
"vm(ID, ginv)_Nr_500817",-0.0587664265676194,0.923006295408011,-0.0636685002691579
"vm(ID, ginv)_Nr_500207",-0.152715769438659,0.921623524087269,-0.165702985489548
"vm(ID, ginv)_Nr_502772",-0.654594015553141,0.925895221427281,-0.706984981026335
"vm(ID, ginv)_Nr_500498",-0.551297045941576,0.93047693762125,-0.592488672906777
"vm(ID, ginv)_Nr_503148",0.225790263750081,0.919845893946001,0.245465316784178
