"","solution","std.error","z.ratio"
"vm(ID, ginv)_Np1_504215",1.16353511168726,0.709149398676638,1.64074751224292
"vm(ID, ginv)_Np1_503536",0.49969962378969,0.762625578470634,0.655235856095708
"vm(ID, ginv)_Np1_503443",0.332865601058247,0.706903268500871,0.470878571214071
"vm(ID, ginv)_Np1_504560",-0.200401944583303,0.737581692683998,-0.27170135399383
"vm(ID, ginv)_Np1_501695",-0.422303853205369,0.756134063065883,-0.558503939755156
"vm(ID, ginv)_Np1_502407",0.627867100279572,0.723454389007304,0.867873786958576
"vm(ID, ginv)_Np1_502827",-0.110817623758891,0.709943563495514,-0.156093567794691
"vm(ID, ginv)_Np1_501959",0.670996410585728,0.708941173662734,0.946476852400934
"vm(ID, ginv)_Np1_501573",0.204196784441918,0.681840232857186,0.299478931576465
"vm(ID, ginv)_Np1_501933",0.681433075471743,0.707200613619187,0.963564033102892
"vm(ID, ginv)_Np1_503553",0.982114694342471,0.775345141240229,1.2666806588502
"vm(ID, ginv)_Np1_503983",0.497828401524249,0.76411981391512,0.651505683347649
"vm(ID, ginv)_Np1_503363",1.18302248923266,0.727649336328061,1.62581401530929
"vm(ID, ginv)_Np1_503102",0.473240871833727,0.74455419414138,0.635602989758815
"vm(ID, ginv)_Np1_503445",0.379873468159514,0.689621366004429,0.550843530792047
"vm(ID, ginv)_Np1_501049",1.74334895004368,0.703649707948067,2.47758071999703
"vm(ID, ginv)_Np1_503873",0.97037725743576,0.709074273744661,1.36851285311924
"vm(ID, ginv)_Np1_502854",1.52197407074813,0.752298691612057,2.02309812275066
"vm(ID, ginv)_Np1_503046",0.000104115315306234,0.702437579188463,0.000148220024655458
"vm(ID, ginv)_Np1_501873",0.325544062182467,0.720990883474041,0.451523132461616
"vm(ID, ginv)_Np1_503087",0.505217748060947,0.699083632476955,0.722685705386761
"vm(ID, ginv)_Np1_504827",0.0864907820189958,0.74730609824882,0.115736753950853
"vm(ID, ginv)_Np1_503172",-0.0281211277285467,0.726616372828194,-0.0387014782217079
"vm(ID, ginv)_Np1_502663",0.485223429821638,0.706628810255013,0.68667371437421
"vm(ID, ginv)_Np1_500457",0.152816526254503,0.715110218359183,0.213696465707258
"vm(ID, ginv)_Np1_503643",0.454092617199471,0.719345483539757,0.631258036076033
"vm(ID, ginv)_Np1_500259",0.696578541914013,0.773649268323305,0.90038027622475
"vm(ID, ginv)_Np1_503246",0.00173812917377827,0.709641849657707,0.00244930477904685
"vm(ID, ginv)_Np1_504630",0.529886576104877,0.765010923572129,0.692652300480409
"vm(ID, ginv)_Np1_501929",0.620742797651644,0.682559408767244,0.909434094202517
"vm(ID, ginv)_Np1_503929",0.623972798649025,0.741586681208454,0.841402380140146
"vm(ID, ginv)_Np1_500677",1.2121252644512,0.711089289450883,1.70460346180608
"vm(ID, ginv)_Np1_500315",-0.181116250676177,0.718317089045909,-0.252139693511595
"vm(ID, ginv)_Np1_501123",-0.15016613021837,0.739839546665675,-0.202971213008472
"vm(ID, ginv)_Np1_500178",0.474857624800602,0.754139245384837,0.629668363908422
"vm(ID, ginv)_Np1_504026",0.764015283321323,0.723717087908413,1.05568224944
"vm(ID, ginv)_Np1_502973",0.609482351974223,0.715877097271472,0.851378475854631
"vm(ID, ginv)_Np1_503139",-0.01821230039654,0.820473526957621,-0.0221973041154327
"vm(ID, ginv)_Np1_503911",-0.340317252792891,0.683444609541893,-0.49794416115302
"vm(ID, ginv)_Np1_501774",0.494552615213043,0.709132071256725,0.6974055119755
"vm(ID, ginv)_Np1_504275",1.1106810084994,0.725851607511075,1.5301764121015
"vm(ID, ginv)_Np1_502930",1.14452271180822,0.729652800467391,1.56858537522926
"vm(ID, ginv)_Np1_503557",0.765157102320926,0.727242315104185,1.05213501253885
"vm(ID, ginv)_Np1_504933",0.588459089592856,0.718888908857295,0.818567489834051
"vm(ID, ginv)_Np1_501158",0.7297545845478,0.682044110277531,1.06995218278603
"vm(ID, ginv)_Np1_501804",0.582099844629512,0.756718249043586,0.769242509170654
"vm(ID, ginv)_Np1_502993",0.600565889945856,0.722107506145629,0.831684873560556
"vm(ID, ginv)_Np1_502147",0.02266639462038,0.742019478027132,0.0305468997668969
"vm(ID, ginv)_Np1_502846",0.10576517526661,0.770386303903793,0.137288493747441
"vm(ID, ginv)_Np1_500182",0.579137820832189,0.731447146148502,0.791769882323951
"vm(ID, ginv)_Np1_500098",0.509615857192684,0.772412382341993,0.65977173442961
"vm(ID, ginv)_Np1_503803",0.482883831263691,0.752312218100189,0.641866261966495
"vm(ID, ginv)_Np1_503223",0.317681114556419,0.715804772948728,0.443809718182997
"vm(ID, ginv)_Np1_503689",0.547903345556194,0.734777550388272,0.745672408291013
"vm(ID, ginv)_Np1_500107",0.860746228327845,0.716381486915918,1.20151936370303
"vm(ID, ginv)_Np1_501538",0.116767937467824,0.71772249995509,0.16269231837532
"vm(ID, ginv)_Np1_502926",0.250540927627082,0.703940406076963,0.355912127595202
"vm(ID, ginv)_Np1_500336",0.962865145124297,0.72351187711613,1.33082147726754
"vm(ID, ginv)_Np1_503504",1.36374059100836,0.765474127739554,1.78156327116566
"vm(ID, ginv)_Np1_503328",-0.244536146775493,0.675115376201112,-0.362213860616689
"vm(ID, ginv)_Np1_504915",0.304887670946963,0.755750898862813,0.403423497617709
"vm(ID, ginv)_Np1_500114",1.15607684424892,0.756936499445032,1.52731021042918
"vm(ID, ginv)_Np1_504397",0.161611032859324,0.738246336415541,0.218912068895601
"vm(ID, ginv)_Np1_502917",0.573892222451806,0.74162453924076,0.773831220632654
"vm(ID, ginv)_Np1_502421",0.59240016384795,0.71645861954356,0.826844911469354
"vm(ID, ginv)_Np1_503258",0.951089330205001,0.713499105589136,1.33299302375395
"vm(ID, ginv)_Np1_500570",0.624769144543609,0.722416613365767,0.864832193756986
"vm(ID, ginv)_Np1_504548",0.459794512844047,0.753885310835947,0.609899816636834
"vm(ID, ginv)_Np1_503354",0.376414176551672,0.689405032722427,0.54599859108256
"vm(ID, ginv)_Np1_501184",0.534034372985615,0.735220867771017,0.726359107032227
"vm(ID, ginv)_Np1_504188",0.773594144340856,0.742967697755624,1.04122177407948
"vm(ID, ginv)_Np1_501531",0.606660625344098,0.705545121572769,0.859846672870132
"vm(ID, ginv)_Np1_504360",0.716645323136379,0.747485117935404,0.95874192802098
"vm(ID, ginv)_Np1_503448",-0.062260209490012,0.731494296156744,-0.0851137320101138
"vm(ID, ginv)_Np1_504533",0.0698678251595313,0.688469029449037,0.101482887640486
"vm(ID, ginv)_Np1_503901",0.798081105834589,0.675109842713582,1.18215000780722
"vm(ID, ginv)_Np1_503222",0.632596160523197,0.701390392687795,0.90191734463175
"vm(ID, ginv)_Np1_501649",0.148143573219379,0.743968174068904,0.199126223920512
"vm(ID, ginv)_Np1_500157",0.447347423120143,0.734740797517035,0.60885066493095
"vm(ID, ginv)_Np1_500039",0.27388972902264,0.752206258884588,0.36411519551669
"vm(ID, ginv)_Np1_503793",0.534631770864959,0.774464622460567,0.69032432903955
"vm(ID, ginv)_Np1_500079",1.04608202512187,0.728268201217812,1.43639667827403
"vm(ID, ginv)_Np1_503331",-0.373652267966981,0.762144675702313,-0.490264223944965
"vm(ID, ginv)_Np1_501470",0.362277475096097,0.800709626823544,0.452445509532925
"vm(ID, ginv)_Np1_502095",0.505119188327548,0.741003423911747,0.68166916916663
"vm(ID, ginv)_Np1_500051",-0.218929004311473,0.799565377854951,-0.273810010256834
"vm(ID, ginv)_Np1_502173",0.113014989767618,0.714514470862092,0.158170330170165
"vm(ID, ginv)_Np1_503106",-0.271339722270487,0.691289757490601,-0.392512284943229
"vm(ID, ginv)_Np1_504964",0.682940364180859,0.722095035026906,0.945776291281953
"vm(ID, ginv)_Np1_503933",0.183531105493778,0.731323815493489,0.250957375659828
"vm(ID, ginv)_Np1_504658",0.551672795962664,0.708887565043496,0.778223265813408
"vm(ID, ginv)_Np1_503464",-0.776997417578792,0.74505918189814,-1.04286670972806
"vm(ID, ginv)_Np1_500295",0.422969790399108,0.706683654206471,0.598527768233238
"vm(ID, ginv)_Np1_504973",0.238523114274323,0.726715594705332,0.328220717997718
"vm(ID, ginv)_Np1_502651",1.32365545743744,0.775677298252878,1.70645120131635
"vm(ID, ginv)_Np1_501894",0.606099288975226,0.73640454423382,0.823052076091996
"vm(ID, ginv)_Np1_503180",0.823870625860779,0.742652297667532,1.10936252193433
"vm(ID, ginv)_Np1_500080",0.428344771707725,0.758724534882309,0.564559009251188
"vm(ID, ginv)_Np1_503722",0.594493505866598,0.723788292586235,0.821363804797613
"vm(ID, ginv)_Np1_503535",0.669999452190251,0.711988802327623,0.94102526612764
"vm(ID, ginv)_No_513501",0.686466097846976,0.776610481755392,0.883925872717221
"vm(ID, ginv)_No_513502",0.262396613696954,0.758108983234053,0.346119910857122
"vm(ID, ginv)_No_513503",0.597156173828227,0.776384759564219,0.769149788776648
"vm(ID, ginv)_No_513504",-0.136954332393914,0.76840930228145,-0.178230966214606
"vm(ID, ginv)_No_513505",0.257493891447223,0.766765004244157,0.335818523304997
"vm(ID, ginv)_No_513506",0.587536796825581,0.755865655968895,0.777303204856498
"vm(ID, ginv)_No_513507",0.218506325892084,0.774696540185515,0.282054087707374
"vm(ID, ginv)_No_513508",1.02682942887552,0.772078171045751,1.32995526539071
"vm(ID, ginv)_No_513509",0.300575920009221,0.75937233814454,0.39582152905866
"vm(ID, ginv)_No_513510",0.258740405206705,0.780306725227059,0.331588075357693
"vm(ID, ginv)_No_513511",0.547780811835688,0.768308798183101,0.712969593906879
"vm(ID, ginv)_No_513512",0.332772103267668,0.781349175444754,0.425894227223379
"vm(ID, ginv)_No_513513",-0.0715281680138203,0.751904897268648,-0.0951292753560348
"vm(ID, ginv)_No_513514",0.8804352102503,0.753127557983083,1.16903863219154
"vm(ID, ginv)_No_513515",0.593056795068357,0.742180834186864,0.799073174286576
"vm(ID, ginv)_No_513516",0.350339872315457,0.759763974413852,0.461116720604895
"vm(ID, ginv)_No_513517",0.263318854561757,0.748919367936398,0.35159840409431
"vm(ID, ginv)_No_513518",1.03014548031563,0.767840032487655,1.34161470713913
"vm(ID, ginv)_No_513519",-0.318748470352442,0.782368449170567,-0.407414780964602
"vm(ID, ginv)_No_513520",1.3200574239239,0.760494012776227,1.7357893707867
"vm(ID, ginv)_No_513521",0.553766898070026,0.752500774184044,0.735902097470251
"vm(ID, ginv)_No_513522",0.392954939843047,0.777686943698159,0.505286790561785
"vm(ID, ginv)_No_513523",1.01685511134338,0.76714770419774,1.3255010811859
"vm(ID, ginv)_No_513524",0.922141524152733,0.775765704771063,1.18868560247178
"vm(ID, ginv)_No_513525",-0.183946426721519,0.778785716768159,-0.23619645656172
"vm(ID, ginv)_No_513526",0.259045009927215,0.775107598018436,0.334205225944713
"vm(ID, ginv)_No_513527",0.428605548690976,0.768166154610328,0.55795942859315
"vm(ID, ginv)_No_513528",0.555103429174587,0.775794926211335,0.715528563567031
"vm(ID, ginv)_No_513529",-0.164780299831702,0.748901098970914,-0.22002945390003
"vm(ID, ginv)_No_513530",0.515419483689813,0.762920058172099,0.675587800017634
"vm(ID, ginv)_No_513531",-0.118129170112608,0.760883422031904,-0.155252653287082
"vm(ID, ginv)_No_513532",0.378441092821235,0.777191977323475,0.486933864300203
"vm(ID, ginv)_No_513533",1.01531521744945,0.776267785381272,1.30794454770627
"vm(ID, ginv)_No_513534",0.375575658743646,0.780380604635031,0.481272415681442
"vm(ID, ginv)_No_513535",0.578257749885211,0.743356223172105,0.777901269754125
"vm(ID, ginv)_No_513536",-0.0765865164672264,0.758251725823503,-0.101004078011229
"vm(ID, ginv)_No_513537",0.550416461654843,0.760339707263801,0.723908611370043
"vm(ID, ginv)_No_513538",0.19714652730843,0.751887309742471,0.262202227320415
"vm(ID, ginv)_No_513539",0.616081337277277,0.767813223395555,0.802384380087565
"vm(ID, ginv)_No_513540",0.531046821272843,0.77103769856413,0.688743004734773
"vm(ID, ginv)_No_513541",1.34225211582246,0.756390017013385,1.77455027913028
"vm(ID, ginv)_No_513542",0.888637053680617,0.762120748033777,1.1660055915985
"vm(ID, ginv)_No_513543",0.197983509188754,0.771441154586708,0.256641103487436
"vm(ID, ginv)_No_513544",0.0831323891453924,0.763702816058569,0.108854370309166
"vm(ID, ginv)_No_513545",0.0448550106671542,0.767412069776102,0.0584497070527454
"vm(ID, ginv)_No_513546",0.554010493207321,0.778264449058325,0.711853784247316
"vm(ID, ginv)_No_513547",0.664985881033136,0.768314567821859,0.865512524275498
"vm(ID, ginv)_No_513548",0.717073045033505,0.781430595924693,0.917641373108725
"vm(ID, ginv)_No_513549",0.6821089956664,0.765774268026511,0.890744210332732
"vm(ID, ginv)_No_513550",0.559632451838756,0.760756667281028,0.735626089008069
"vm(ID, ginv)_No_513551",0.831795248319909,0.768643837616927,1.08215952254138
"vm(ID, ginv)_No_513552",0.938863931490438,0.766756098231664,1.22446229466671
"vm(ID, ginv)_No_513553",0.00677988979507873,0.766935930331222,0.00884022970752022
"vm(ID, ginv)_No_513554",0.491622260570515,0.748679296379467,0.65665267217612
"vm(ID, ginv)_No_513555",1.50674192496685,0.76908006569125,1.95914832822066
"vm(ID, ginv)_No_513556",0.576114631112252,0.769188717917698,0.748989965260898
"vm(ID, ginv)_No_513557",0.722333648306586,0.777681998021016,0.928829071708904
"vm(ID, ginv)_No_513558",-0.473566212255826,0.763860285892019,-0.619964437217475
"vm(ID, ginv)_No_513559",0.226830911987209,0.742837999744194,0.305357173522788
"vm(ID, ginv)_No_513560",0.364790979342928,0.766109946666468,0.476160087635231
"vm(ID, ginv)_No_513561",1.05133454260517,0.76315686210948,1.3776126440102
"vm(ID, ginv)_No_513562",0.637148125421667,0.757335097819326,0.841302782950735
"vm(ID, ginv)_No_513563",0.829244050260659,0.764265248037185,1.08502127028588
"vm(ID, ginv)_No_513564",0.762120111496193,0.762830487057827,0.999068763540937
"vm(ID, ginv)_No_513565",0.325647309173826,0.76030659864477,0.428310512830331
"vm(ID, ginv)_No_513566",0.543405584577561,0.764737668200999,0.710577766956205
"vm(ID, ginv)_No_513567",0.2754725203474,0.759239564210487,0.362826877487419
"vm(ID, ginv)_No_513568",0.224606549637089,0.754444188198129,0.297711286203326
"vm(ID, ginv)_No_513569",-0.317876676763076,0.764135920093739,-0.415994940695997
"vm(ID, ginv)_No_513570",0.399682284608507,0.780265744398069,0.51223866673378
"vm(ID, ginv)_No_513571",0.342543384727812,0.76913899580973,0.445359533964587
"vm(ID, ginv)_No_513572",0.666975755065111,0.774953582392685,0.860665425928879
"vm(ID, ginv)_No_513573",0.881721868481533,0.77590148591135,1.13638378646213
"vm(ID, ginv)_No_513574",0.173614167545238,0.766175541113324,0.226598420634728
"vm(ID, ginv)_No_513575",0.143576867408335,0.761196939861741,0.188619869431442
"vm(ID, ginv)_No_513576",0.23206116666685,0.774822354522732,0.299502415375965
"vm(ID, ginv)_No_513577",1.03677392114286,0.766987797554797,1.35174760856452
"vm(ID, ginv)_No_513578",-0.363723653125334,0.752942439232813,-0.483069666648009
"vm(ID, ginv)_No_513579",0.79781675094855,0.793064460593084,1.00599231284669
"vm(ID, ginv)_No_513580",0.286896309967794,0.768762480964976,0.373192393062253
"vm(ID, ginv)_No_513581",0.607348628451633,0.755789507063417,0.803594946444092
"vm(ID, ginv)_No_513582",0.686518194610726,0.767109969898478,0.894941040463315
"vm(ID, ginv)_No_513583",0.958793806881226,0.736893965611125,1.30112859057826
"vm(ID, ginv)_No_513584",0.621012496034914,0.760717986947491,0.816350482952073
"vm(ID, ginv)_No_513585",0.386314994575922,0.76978565859254,0.501847482170885
"vm(ID, ginv)_No_513586",0.383687283310447,0.768319578332568,0.499385013906762
"vm(ID, ginv)_No_513587",0.622590781413436,0.761462197508947,0.817625331172295
"vm(ID, ginv)_No_513588",0.0427950950077821,0.751643557984752,0.0569353579275275
"vm(ID, ginv)_No_513589",0.131148326602073,0.756930612121017,0.173263340789691
"vm(ID, ginv)_No_513590",0.624786456848991,0.75384573788515,0.828798818444973
"vm(ID, ginv)_No_513591",0.203221574770613,0.775638127194585,0.262005653984091
"vm(ID, ginv)_No_513592",0.436977670362775,0.760688315339961,0.574450351807341
"vm(ID, ginv)_No_513593",0.619023943382913,0.770529614454273,0.803374629307838
"vm(ID, ginv)_No_513594",0.900964627677628,0.77322240400458,1.16520760781304
"vm(ID, ginv)_No_513595",0.438202960742151,0.760831876599917,0.575952420264563
"vm(ID, ginv)_No_513596",-0.0935358292193685,0.739809938233858,-0.12643224210081
"vm(ID, ginv)_No_513597",0.105212871966355,0.75168611113735,0.139969157880489
"vm(ID, ginv)_No_513598",0.497778129127097,0.758170607894289,0.656551604538726
"vm(ID, ginv)_No_513599",0.169741282777723,0.784155842154129,0.216463709957746
"vm(ID, ginv)_No_513600",0.58491122123623,0.762748953560311,0.766846310972986
"vm(ID, ginv)_No_513601",0.8885723943194,0.778572481890634,1.14128410005148
"vm(ID, ginv)_No_513602",1.02872630849411,0.77027804111013,1.33552594464656
"vm(ID, ginv)_No_513603",1.15294327040013,0.742272185938923,1.55326212168618
"vm(ID, ginv)_No_513604",0.536294356606012,0.771924112897443,0.694750102562561
"vm(ID, ginv)_No_513605",-0.0779589277156938,0.771861040913016,-0.101001247094267
"vm(ID, ginv)_No_513606",0.832094565853976,0.778676293568925,1.06860138510217
"vm(ID, ginv)_No_513607",0.311254897797506,0.787357154359376,0.39531602154648
"vm(ID, ginv)_No_513608",1.02633157518802,0.754189307385098,1.36084079307155
"vm(ID, ginv)_No_513609",0.369134666663493,0.760465138873842,0.485406427979246
"vm(ID, ginv)_No_513610",0.471206957756926,0.779401451481007,0.604575417278921
"vm(ID, ginv)_No_513611",1.01117743011863,0.768490563450823,1.31579680767718
"vm(ID, ginv)_No_513612",0.46930785572991,0.791204193808106,0.593156430922223
"vm(ID, ginv)_No_513613",1.17532132088293,0.761654512899862,1.54311607293983
"vm(ID, ginv)_No_513614",0.915043392839045,0.742563418859297,1.23227642191788
"vm(ID, ginv)_No_513615",0.515423034602554,0.753260420244858,0.684256096231643
"vm(ID, ginv)_No_513616",0.627750479201345,0.779660485387061,0.805158772269572
"vm(ID, ginv)_No_513617",0.813710736366633,0.75099838125614,1.08350531329455
"vm(ID, ginv)_No_513618",0.463864243533554,0.761842327376271,0.608871713824392
"vm(ID, ginv)_No_513619",0.465825315079765,0.76015772001283,0.61280087383958
"vm(ID, ginv)_No_513620",-0.195171555047437,0.788428290787835,-0.247545093609481
"vm(ID, ginv)_No_513621",-0.368589917037806,0.75083423458179,-0.490907180388636
"vm(ID, ginv)_No_513622",0.288834253459671,0.755572868376775,0.382271870190607
"vm(ID, ginv)_No_513623",0.196521629039586,0.78121093758156,0.251560263157565
"vm(ID, ginv)_No_513624",0.271843782479169,0.763078926350717,0.356245957124267
"vm(ID, ginv)_No_513625",0.846069966596984,0.765084788088481,1.10585124651457
"vm(ID, ginv)_No_513626",0.105205122670331,0.762462577685817,0.137980703249258
"vm(ID, ginv)_No_513627",0.156515108413565,0.766937369066718,0.204078083460749
"vm(ID, ginv)_No_513628",0.378832652898703,0.76225266123245,0.496990921994534
"vm(ID, ginv)_No_513629",0.00263721795385997,0.764492684079694,0.00344963138141039
"vm(ID, ginv)_No_513630",1.00188356156662,0.739676324198309,1.35448915801449
"vm(ID, ginv)_No_513631",0.656498003648505,0.79280045646398,0.828074704417545
"vm(ID, ginv)_No_513632",0.178660565005768,0.765812873104466,0.233295327462322
"vm(ID, ginv)_No_513633",0.402718790931682,0.769656178554666,0.523245056887539
"vm(ID, ginv)_No_513634",1.09988574924624,0.752757592988459,1.46114201901262
"vm(ID, ginv)_No_513635",0.719463221517115,0.768624726135486,0.936039652451012
"vm(ID, ginv)_No_513636",0.681253215410717,0.76661427019392,0.88865188387165
"vm(ID, ginv)_No_513637",0.109911971352011,0.782901239401132,0.140390595672178
"vm(ID, ginv)_No_513638",0.280616789265655,0.751202213008336,0.373556925693643
"vm(ID, ginv)_No_513639",-0.0495820231216529,0.770840935641827,-0.0643219902175658
"vm(ID, ginv)_No_513640",1.00281500633349,0.768216592620803,1.3053805605947
"vm(ID, ginv)_No_513641",0.492914344314197,0.761445085457277,0.647340633918707
"vm(ID, ginv)_No_513642",0.809981677287964,0.751957280329933,1.07716448590347
"vm(ID, ginv)_No_513643",0.942891206911617,0.761626808984999,1.23799634648915
"vm(ID, ginv)_No_513644",1.02296823768961,0.757200800269884,1.35098673604809
"vm(ID, ginv)_No_513645",0.8599727410691,0.727100181159704,1.18274312584748
"vm(ID, ginv)_No_513646",1.02720580669214,0.765982200824728,1.34103090853307
"vm(ID, ginv)_No_513647",-0.342903237919156,0.783298065939303,-0.437768523669158
"vm(ID, ginv)_No_513648",0.46511053536204,0.75696829541148,0.614438594299661
"vm(ID, ginv)_No_513649",0.407920540671276,0.784957803900367,0.519671934777085
"vm(ID, ginv)_No_513650",0.227805199591212,0.771731574784799,0.295187092292727
"vm(ID, ginv)_No_513651",0.135735641283673,0.750492750659546,0.180862028533102
"vm(ID, ginv)_No_513652",0.538390868944012,0.760937779446114,0.707535995040103
"vm(ID, ginv)_No_513653",-0.0798245972577691,0.788841515207827,-0.101192185906619
"vm(ID, ginv)_No_513654",1.32043761130638,0.753946595581155,1.75136756243135
"vm(ID, ginv)_No_513655",0.511065582123872,0.766454194161591,0.666792074486481
"vm(ID, ginv)_No_513656",0.303844326634426,0.744848389779539,0.407927748523909
"vm(ID, ginv)_No_513657",0.204204879140972,0.749614896696292,0.272413048407849
"vm(ID, ginv)_No_513658",-0.055266700859137,0.78226021539578,-0.0706500212735159
"vm(ID, ginv)_No_513659",1.27988094753228,0.764365335507029,1.67443614732122
"vm(ID, ginv)_No_513660",0.0977323815315915,0.749485940997809,0.130399219232155
"vm(ID, ginv)_No_513661",0.330230505864755,0.76465221695604,0.431870199996739
"vm(ID, ginv)_No_513662",1.44567056847229,0.767539798608068,1.88351219193325
"vm(ID, ginv)_No_513663",0.420973728986334,0.784201056836852,0.53681861981208
"vm(ID, ginv)_No_513664",-0.360233923325951,0.774830231158473,-0.464919809320493
"vm(ID, ginv)_No_513665",-0.159410726232992,0.773551874603169,-0.206076323342593
"vm(ID, ginv)_No_513666",0.598968147294896,0.744974362110376,0.804011759006213
"vm(ID, ginv)_No_513667",0.980014372059477,0.763477816097524,1.28361866107488
"vm(ID, ginv)_No_513668",0.380568821720413,0.752767778930127,0.505559393444413
"vm(ID, ginv)_No_513669",0.0961907873721084,0.775784965340791,0.123991559091189
"vm(ID, ginv)_No_513670",-0.65492568740197,0.786455285016992,-0.832756419696282
"vm(ID, ginv)_No_513671",0.52613746993257,0.770800208239526,0.682586050585333
"vm(ID, ginv)_No_513672",0.5579425857124,0.747045775955849,0.746865324281513
"vm(ID, ginv)_No_513673",0.237090955339815,0.783823523835218,0.302480020221566
"vm(ID, ginv)_No_513674",-0.11369156290085,0.75861030478209,-0.149868202665013
"vm(ID, ginv)_No_513675",0.388146309985513,0.752896927180011,0.515537115338379
"vm(ID, ginv)_No_513676",0.467100462958112,0.754929203579761,0.618734128635098
"vm(ID, ginv)_No_513677",1.39414751742855,0.789892908069683,1.7649829529873
"vm(ID, ginv)_No_513678",0.401232954840099,0.778194332217174,0.515594804830994
"vm(ID, ginv)_No_513679",-0.0526607157155217,0.769800573476892,-0.0684082573200401
"vm(ID, ginv)_No_513680",1.49822926021105,0.768196598121444,1.95032009237588
"vm(ID, ginv)_No_513681",0.695558864234005,0.783072837993427,0.888242868972865
"vm(ID, ginv)_No_513682",0.43341368355102,0.771173138557457,0.562018646502335
"vm(ID, ginv)_No_513683",0.258615847266628,0.748701559942287,0.345419137749042
"vm(ID, ginv)_No_513684",0.528628352438532,0.73841676615279,0.715894298002912
"vm(ID, ginv)_No_513685",0.372272086717128,0.766748916795873,0.485520199066986
"vm(ID, ginv)_No_513686",0.9017469985155,0.783112537766293,1.15149094801571
"vm(ID, ginv)_No_513687",0.625200913238068,0.76439316615307,0.817904896225709
"vm(ID, ginv)_No_513688",-0.370447696746639,0.764492745413013,-0.484566660664003
"vm(ID, ginv)_No_513689",0.387069104451755,0.776202417342831,0.498670315633397
"vm(ID, ginv)_No_513690",1.25923336160156,0.771193462644461,1.63283718366023
"vm(ID, ginv)_No_513691",0.903327524993679,0.776314330828618,1.16361052362577
"vm(ID, ginv)_No_513692",-0.288060177015759,0.77497506016372,-0.371702512536215
"vm(ID, ginv)_No_513693",0.193575194503842,0.748990616416172,0.258448090351353
"vm(ID, ginv)_No_513694",1.09063504617063,0.774761110342686,1.40770494493229
"vm(ID, ginv)_No_513695",0.42974237179055,0.769145268415884,0.558727186446376
"vm(ID, ginv)_No_513696",-0.19134829456699,0.765114434043988,-0.250091079259379
"vm(ID, ginv)_No_513697",0.59314422411116,0.765352393944797,0.774994928877093
"vm(ID, ginv)_No_513698",-0.061362109803301,0.757652802210305,-0.0809897483706112
"vm(ID, ginv)_No_513699",0.148013456457537,0.7560187615627,0.195780136661677
"vm(ID, ginv)_No_513700",0.124967667486321,0.778539995371512,0.1605154111918
"vm(ID, ginv)_No_513701",0.602290313391862,0.768089878182004,0.784140411819286
"vm(ID, ginv)_No_513702",-0.505091022602015,0.763332951459813,-0.661691627010296
"vm(ID, ginv)_No_513703",0.13502456650124,0.789648575223925,0.170993237672784
"vm(ID, ginv)_No_513704",0.763432764110215,0.76174748772801,1.00221238193674
"vm(ID, ginv)_No_513705",0.847265302379098,0.769703392227792,1.10076856999008
"vm(ID, ginv)_No_513706",-0.213573761183651,0.752706339713704,-0.283741148327361
"vm(ID, ginv)_No_513707",0.818536128695098,0.770272426208754,1.06265796469425
"vm(ID, ginv)_No_513708",0.866250626627683,0.7632622061786,1.13493190101042
"vm(ID, ginv)_No_513709",0.415044520038362,0.767054125157631,0.541088961555443
"vm(ID, ginv)_No_513710",0.997518142185646,0.767925971657504,1.29897695741764
"vm(ID, ginv)_No_513711",0.492353151697834,0.755099585108502,0.652037375476888
"vm(ID, ginv)_No_513712",1.41877708391722,0.768443596487577,1.8462995728017
"vm(ID, ginv)_No_513713",0.125274547748948,0.756173638643587,0.165669022757344
"vm(ID, ginv)_No_513714",-0.139765350640949,0.760388355272419,-0.183807852489899
"vm(ID, ginv)_No_513715",0.581062630915148,0.790526167015858,0.735032760659385
"vm(ID, ginv)_No_513716",-0.103674128299135,0.774332941697789,-0.133888309170756
"vm(ID, ginv)_No_513717",0.47171398040722,0.773193283329462,0.610085460618545
"vm(ID, ginv)_No_513718",0.809935560995956,0.771868660262106,1.04931784731475
"vm(ID, ginv)_No_513719",0.499866335022741,0.767230421295574,0.651520483479589
"vm(ID, ginv)_No_513720",-0.57179324993028,0.754927995426005,-0.757414287713119
"vm(ID, ginv)_No_513721",0.100301268663447,0.761587199779702,0.131700307847165
"vm(ID, ginv)_No_513722",0.899263902845781,0.785078610187144,1.14544440668358
"vm(ID, ginv)_No_513723",0.397860398932973,0.778453398722961,0.51109083676127
"vm(ID, ginv)_No_513724",0.606836589396897,0.749922472298209,0.809199099657847
"vm(ID, ginv)_No_513725",0.0608702329340731,0.766622649364101,0.0794005146920246
"vm(ID, ginv)_No_513726",0.704718677796359,0.764766017922819,0.921482729724898
"vm(ID, ginv)_No_513727",0.335531102505466,0.77338845033379,0.433845504624038
"vm(ID, ginv)_No_513728",0.902703814362778,0.76612694180234,1.17826924639817
"vm(ID, ginv)_No_513729",0.681141297777719,0.762236663756575,0.893608678465834
"vm(ID, ginv)_No_513730",0.409685500319674,0.785631935329312,0.521472564818724
"vm(ID, ginv)_No_513731",0.370545967266831,0.750495795430568,0.493734901011996
"vm(ID, ginv)_No_513732",0.378151399615938,0.768790873272133,0.491878107249696
"vm(ID, ginv)_No_513733",0.328028052745757,0.779907585814801,0.420598617979914
"vm(ID, ginv)_No_513734",-0.0282945156304607,0.759788885345755,-0.0372399704394001
"vm(ID, ginv)_No_513735",0.118947013278664,0.765693175222577,0.155345531510174
"vm(ID, ginv)_No_513736",-0.138989323188168,0.739752786799825,-0.187886177204464
"vm(ID, ginv)_No_513737",-0.187939643681527,0.77554234185295,-0.242333182263776
"vm(ID, ginv)_No_513738",1.16197658993235,0.747984780193968,1.55347624804748
"vm(ID, ginv)_No_513739",0.284178010846322,0.758454738911285,0.374680249548235
"vm(ID, ginv)_No_513740",0.225240170770022,0.760480548598577,0.296181370036482
"vm(ID, ginv)_No_513741",1.13261662219873,0.785712410128457,1.44151550567155
"vm(ID, ginv)_No_513742",0.680543671295551,0.779469619083252,0.873085563098598
"vm(ID, ginv)_No_513743",-0.301660958643687,0.761587657552266,-0.396094862688848
"vm(ID, ginv)_No_513744",1.23505317763958,0.761501028509378,1.62186672296053
"vm(ID, ginv)_No_513745",0.359377187799147,0.794354451607024,0.452414142165511
"vm(ID, ginv)_No_513746",0.445554719793839,0.780074943850526,0.571169120744396
"vm(ID, ginv)_No_513747",0.505153599950185,0.781287778436604,0.646565342364656
"vm(ID, ginv)_No_513748",0.573958742165067,0.755547823906461,0.759659050035362
"vm(ID, ginv)_No_513749",0.442795516599425,0.75822029143191,0.583993229412523
"vm(ID, ginv)_No_513750",1.01189312446158,0.7767796030572,1.30267725939126
"vm(ID, ginv)_No_513751",-0.0441316214322501,0.76147980468527,-0.0579550779425993
"vm(ID, ginv)_No_513752",0.532372798334217,0.764040868090078,0.696785761820599
"vm(ID, ginv)_No_513753",-0.0524326532574978,0.755363346412987,-0.0694138172132473
"vm(ID, ginv)_No_513754",0.127799174025656,0.761161892388285,0.167900121253657
"vm(ID, ginv)_No_513755",0.570163651555023,0.768181014397153,0.742225648472283
"vm(ID, ginv)_No_513756",-0.0396416243118772,0.776395966094382,-0.0510585140096648
"vm(ID, ginv)_No_513757",0.54357555646216,0.740710880270833,0.733856584182221
"vm(ID, ginv)_No_513758",0.351280233685611,0.761588227047404,0.461246932673167
"vm(ID, ginv)_No_513759",1.19666743144754,0.765013278116892,1.56424400161155
"vm(ID, ginv)_No_513760",0.388101352326746,0.769444539710807,0.504391586783646
"vm(ID, ginv)_No_513761",0.543494295713059,0.76598256510372,0.709538729043351
"vm(ID, ginv)_No_513762",0.352301822586847,0.758021012646725,0.464765246225486
"vm(ID, ginv)_No_513763",0.647312435792543,0.772543658092673,0.837897546645697
"vm(ID, ginv)_No_513764",1.15792307252219,0.752068319083408,1.53965144274848
"vm(ID, ginv)_No_513765",0.241561332285855,0.780700885599565,0.309415983434346
"vm(ID, ginv)_No_513766",0.646045897148828,0.781524588273402,0.826648203834658
"vm(ID, ginv)_No_513767",0.158648529310669,0.772431580313059,0.205388455565696
"vm(ID, ginv)_No_513768",0.471180783444001,0.751967596791314,0.626597190430219
"vm(ID, ginv)_No_513769",1.09059742712887,0.774614335972879,1.40792311280831
"vm(ID, ginv)_No_513770",-0.463758285606308,0.763355295329984,-0.607526126357496
"vm(ID, ginv)_No_513771",0.431277724794614,0.760169329585074,0.567344285029258
"vm(ID, ginv)_No_513772",-0.300891891083097,0.777410774499096,-0.387043633755872
"vm(ID, ginv)_No_513773",-0.180773348449977,0.784445667364446,-0.230447252079718
"vm(ID, ginv)_No_513774",-0.30783251358111,0.779079077833041,-0.395123579030419
"vm(ID, ginv)_No_513775",0.542693623650185,0.75720465778842,0.71670666320944
"vm(ID, ginv)_No_513776",0.861503582997322,0.765002267680498,1.12614513628753
"vm(ID, ginv)_No_513777",0.857467225872123,0.756194021709129,1.13392489394997
"vm(ID, ginv)_No_513778",0.020654107908665,0.756103154880719,0.0273165212647781
"vm(ID, ginv)_No_513779",0.219271690793757,0.755881666676734,0.290087325120339
"vm(ID, ginv)_No_513780",-0.0583118646177866,0.781724217046414,-0.0745939083710443
"vm(ID, ginv)_No_513781",-0.105242921449538,0.774561188831975,-0.135874251081754
"vm(ID, ginv)_No_513782",0.298728534379235,0.771004541535498,0.387453663741462
"vm(ID, ginv)_No_513783",0.245178747268809,0.768726141726429,0.318941602165602
"vm(ID, ginv)_No_513784",0.729064480544355,0.755486152824005,0.965026927123832
"vm(ID, ginv)_No_513785",1.00864881984709,0.773094298225848,1.30469054313531
"vm(ID, ginv)_No_513786",0.25986876548409,0.751873478356764,0.345628317748404
"vm(ID, ginv)_No_513787",0.624347655909624,0.783705935265629,0.796660619519243
"vm(ID, ginv)_No_513788",-0.458444033900887,0.792107079877551,-0.578765227009151
"vm(ID, ginv)_No_513789",1.06882837253989,0.777174873385425,1.37527396875816
"vm(ID, ginv)_No_513790",0.504552140593256,0.765716597404303,0.65892804505431
"vm(ID, ginv)_No_513791",-0.187794123362423,0.765284753759576,-0.245391172945569
"vm(ID, ginv)_No_513792",0.0539939308436924,0.765812119033033,0.0705054536246682
"vm(ID, ginv)_No_513793",0.837368157979041,0.75928185640418,1.10284231200343
"vm(ID, ginv)_No_513794",0.282126710031806,0.772862210017868,0.365041408901702
"vm(ID, ginv)_No_513795",0.217806674510575,0.743912659360075,0.292785277639898
"vm(ID, ginv)_No_513796",-0.329967237284562,0.764409313119245,-0.431663026105869
"vm(ID, ginv)_No_513797",0.366091722994184,0.769385229529468,0.475823695261312
"vm(ID, ginv)_No_513798",1.14083002397242,0.769827629283044,1.48192917554141
"vm(ID, ginv)_No_513799",0.320412799219206,0.778783886781549,0.411427104049833
"vm(ID, ginv)_No_513800",0.171450780011667,0.762467439448415,0.2248630841675
"vm(ID, ginv)_No_513801",-0.660062939678959,0.773404233416718,-0.85345141797706
"vm(ID, ginv)_No_513802",0.359794334596026,0.768587744794261,0.468123954659643
"vm(ID, ginv)_No_513803",0.869503511995984,0.764369748496916,1.13754307219223
"vm(ID, ginv)_No_513804",0.568839647917071,0.73365454292141,0.775350815183333
"vm(ID, ginv)_No_513805",-0.0123383818163393,0.763919978237082,-0.0161514061260879
"vm(ID, ginv)_No_513806",0.683978244387576,0.775307812262784,0.882202182887005
"vm(ID, ginv)_No_513807",1.08777180594153,0.766992536294841,1.41822997547838
"vm(ID, ginv)_No_513808",0.844161015925994,0.750769445022043,1.12439447492593
"vm(ID, ginv)_No_513809",1.10364913100275,0.750652494754483,1.47025306478696
"vm(ID, ginv)_No_513810",0.278464213460163,0.790592783297019,0.352222053303952
"vm(ID, ginv)_No_513811",0.753121879099434,0.77002198654564,0.978052435201206
"vm(ID, ginv)_No_513812",0.423384561525425,0.760338100953859,0.556837229377668
"vm(ID, ginv)_No_513813",0.379007084602981,0.776013171980096,0.488402901249597
"vm(ID, ginv)_No_513814",0.331044364750739,0.768626544377512,0.430695982557878
"vm(ID, ginv)_No_513815",0.561252306317368,0.753765175655072,0.744598350314609
"vm(ID, ginv)_No_513816",0.507812857132474,0.774033790178608,0.656060321365681
"vm(ID, ginv)_No_513817",0.0495843691467754,0.773270822818074,0.064122901942779
"vm(ID, ginv)_No_513818",0.552053560637684,0.732332166394633,0.753829458776222
"vm(ID, ginv)_No_513819",0.372004060185591,0.755547597672714,0.492363500766148
"vm(ID, ginv)_No_513820",0.270167613999344,0.731150412886537,0.369510307643456
"vm(ID, ginv)_No_513821",0.387691556171096,0.767176328787804,0.505348694456824
"vm(ID, ginv)_No_513822",0.436553811493915,0.776755461711384,0.5620221974778
"vm(ID, ginv)_No_513823",0.695653949782435,0.774253709819085,0.898483198672673
"vm(ID, ginv)_No_513824",0.35366203132311,0.771332817809891,0.45850769364033
"vm(ID, ginv)_No_513825",-0.00931962474440918,0.751578789481529,-0.0124000635393639
"vm(ID, ginv)_No_513826",0.60340076292654,0.766726686042699,0.786982863529726
"vm(ID, ginv)_No_513827",0.699237545267626,0.802519056167521,0.871303353975017
"vm(ID, ginv)_No_513828",-0.59937476660552,0.751896235375818,-0.797150907805699
"vm(ID, ginv)_No_513829",0.121786175215788,0.777524310406936,0.156633269964315
"vm(ID, ginv)_No_513830",-0.107616765165763,0.76442031381026,-0.140782189093519
"vm(ID, ginv)_No_513831",0.110965762698806,0.763151123116701,0.145404703390363
"vm(ID, ginv)_No_513832",0.586337293855814,0.767645186728587,0.763812896886075
"vm(ID, ginv)_No_513833",0.734652835969211,0.74576717953498,0.985096764954581
"vm(ID, ginv)_No_513834",-0.0485941401242353,0.752401462982434,-0.0645853876089152
"vm(ID, ginv)_No_513835",0.0926071975968894,0.780420289372085,0.118663236794369
"vm(ID, ginv)_No_513836",0.122273253523568,0.776969987313547,0.157371913355804
"vm(ID, ginv)_No_513837",0.729289708966246,0.741767301607449,0.983178562044776
"vm(ID, ginv)_No_513838",0.323070387208368,0.768250262890217,0.420527532256158
"vm(ID, ginv)_No_513839",0.707565052672048,0.757937764776311,0.933539778006537
"vm(ID, ginv)_No_513840",-0.336105712611873,0.779693856645702,-0.431073952612405
"vm(ID, ginv)_No_513841",0.755531872116376,0.770814458715093,0.980173456237197
"vm(ID, ginv)_No_513842",0.376481432089654,0.736845974474975,0.510936403442943
"vm(ID, ginv)_No_513843",-0.328291631197955,0.77527112812147,-0.423453962478166
"vm(ID, ginv)_No_513844",0.0326278118804715,0.760750412489221,0.0428889834889624
"vm(ID, ginv)_No_513845",0.390182175247142,0.772904587001604,0.504825798434979
"vm(ID, ginv)_No_513846",-0.0733321337998066,0.779801421379606,-0.0940394974788187
"vm(ID, ginv)_No_513847",0.893357614000832,0.760812353435802,1.1742154421737
"vm(ID, ginv)_No_513848",1.17795244650662,0.771240025223792,1.52734869558257
"vm(ID, ginv)_No_513849",-0.0716644979456761,0.750524456423312,-0.0954858930076701
"vm(ID, ginv)_No_513850",0.409750664276905,0.76160958799206,0.538006178936361
"vm(ID, ginv)_No_513851",0.225795979825066,0.761012770797137,0.296704586952663
"vm(ID, ginv)_No_513852",-0.669638939740424,0.773290810912217,-0.865960037660969
"vm(ID, ginv)_No_513853",1.00138116672132,0.762933610215303,1.31254037482859
"vm(ID, ginv)_No_513854",-0.48574675147265,0.759991882736486,-0.639147288946867
"vm(ID, ginv)_No_513855",0.499379653574736,0.768812382164904,0.649546840242778
"vm(ID, ginv)_No_513856",0.0834486040133495,0.755269968793704,0.110488444478511
"vm(ID, ginv)_No_513857",-0.207175122020949,0.741800883618563,-0.279286701588076
"vm(ID, ginv)_No_513858",1.27674173685798,0.761609577136599,1.67637300683391
"vm(ID, ginv)_No_513859",0.434075888030823,0.772189627382246,0.562136388055816
"vm(ID, ginv)_No_513860",-0.165436801081778,0.758462031733295,-0.218121401151366
"vm(ID, ginv)_No_513861",0.407361478948863,0.753244613057159,0.540809017266681
"vm(ID, ginv)_No_513862",0.827691607168161,0.74570704053345,1.10994205791065
"vm(ID, ginv)_No_513863",0.5598211945497,0.762067292819134,0.734608609797095
"vm(ID, ginv)_No_513864",0.662433195205076,0.768735241401068,0.861718260760038
"vm(ID, ginv)_No_513865",0.0906705167023549,0.768237738543661,0.118024033646457
"vm(ID, ginv)_No_513866",0.175180441939711,0.760124818203823,0.230462731573036
"vm(ID, ginv)_No_513867",0.673948119039975,0.782594944995324,0.861171060904313
"vm(ID, ginv)_No_513868",0.0191959761255934,0.758493045944435,0.0253080449823922
"vm(ID, ginv)_No_513869",0.757752424001199,0.772019055284292,0.981520363797447
"vm(ID, ginv)_No_513870",0.797074494222205,0.756063745561718,1.05424244834014
"vm(ID, ginv)_No_513871",0.232702437260457,0.770943900261182,0.301840947417343
"vm(ID, ginv)_No_513872",0.162262904984474,0.754463659440774,0.215070537797337
"vm(ID, ginv)_No_513873",0.102952335311543,0.768917405413537,0.133892580122014
"vm(ID, ginv)_No_513874",-0.0385163756676691,0.773040721656183,-0.0498245106482238
"vm(ID, ginv)_No_513875",1.06169917813529,0.763308285624753,1.39091792678015
"vm(ID, ginv)_No_513876",0.712436218045197,0.762984433373596,0.933749349112017
"vm(ID, ginv)_No_513877",0.451380004960458,0.775964539744408,0.581701845691475
"vm(ID, ginv)_No_513878",0.57677670813277,0.77594667461484,0.743320033453417
"vm(ID, ginv)_No_513879",0.121822877422932,0.784579545476615,0.155271544007596
"vm(ID, ginv)_No_513880",1.01743139889256,0.757065766908526,1.34391415298996
"vm(ID, ginv)_No_513881",0.300704801361325,0.763651817405622,0.393772128223198
"vm(ID, ginv)_No_513882",0.63844682410393,0.75446782416371,0.846221407535327
"vm(ID, ginv)_No_513883",0.107615334058473,0.741821736122833,0.145068995444821
"vm(ID, ginv)_No_513884",0.190402969987621,0.758778444318146,0.250933551701934
"vm(ID, ginv)_No_513885",-0.136108862872117,0.742164820181047,-0.183394387838155
"vm(ID, ginv)_No_513886",0.787223347655996,0.757056840466585,1.03984708357013
"vm(ID, ginv)_No_513887",0.729937130541736,0.773828081678942,0.943280746490904
"vm(ID, ginv)_No_513888",-0.733865336476119,0.758327837571294,-0.967741523015269
"vm(ID, ginv)_No_513889",0.459210509395863,0.773665017509781,0.593552117522307
"vm(ID, ginv)_No_513890",0.0568813451266953,0.771852477369889,0.0736945812761012
"vm(ID, ginv)_No_513891",0.472623309063356,0.762116043842942,0.620146121947742
"vm(ID, ginv)_No_513892",0.901181295777839,0.753884117891816,1.19538437591434
"vm(ID, ginv)_No_513893",0.16397854837354,0.759985982931559,0.215765227328288
"vm(ID, ginv)_No_513894",0.168749449013647,0.773385324296643,0.218195825175655
"vm(ID, ginv)_No_513895",0.716787952824013,0.782244572129853,0.916322053692723
"vm(ID, ginv)_No_513896",0.649688844315013,0.765948961228768,0.848214276931395
"vm(ID, ginv)_No_513897",0.0656126889480933,0.78026728862793,0.0840900162090233
"vm(ID, ginv)_No_513898",0.507487094691282,0.75151340303961,0.675286818090899
"vm(ID, ginv)_No_513899",0.370026831065458,0.781186644601421,0.473672756213406
"vm(ID, ginv)_No_513900",1.01094700405895,0.766840674972766,1.31832730976986
"vm(ID, ginv)_No_513901",-0.00714377508866134,0.755970964031638,-0.00944980088992197
"vm(ID, ginv)_No_513902",0.642759134036,0.75168428726326,0.855091884887157
"vm(ID, ginv)_No_513903",0.704955891997991,0.762260116238832,0.924823268304272
"vm(ID, ginv)_No_513904",0.272476746045819,0.768937765186566,0.354354745445113
"vm(ID, ginv)_No_513905",1.11988389290308,0.75471514855952,1.48384976111919
"vm(ID, ginv)_No_513906",0.722411434419728,0.771321438213752,0.936589336986029
"vm(ID, ginv)_No_513907",0.855323187921329,0.76252325145569,1.12170112358998
"vm(ID, ginv)_No_513908",0.701237565853959,0.758379048183047,0.924653136889806
"vm(ID, ginv)_No_513909",0.632930864875064,0.765470216067822,0.826852373337782
"vm(ID, ginv)_No_513910",0.301252144749219,0.754774065376548,0.399128903029978
"vm(ID, ginv)_No_513911",0.282014252859917,0.756852910878047,0.372614346601038
"vm(ID, ginv)_No_513912",0.28744920541289,0.753524007059664,0.381473188272461
"vm(ID, ginv)_No_513913",1.00069846921026,0.753013285364332,1.32892538373489
"vm(ID, ginv)_No_513914",0.45685104410549,0.768926757959995,0.594141170633131
"vm(ID, ginv)_No_513915",0.517521926360783,0.776751111708538,0.666264802920519
"vm(ID, ginv)_No_513916",0.834996536767018,0.760136678825353,1.0984821020048
"vm(ID, ginv)_No_513917",-0.020694184939768,0.776668760005243,-0.026644801497653
"vm(ID, ginv)_No_513918",0.647864786688516,0.761129030981294,0.851189168087898
"vm(ID, ginv)_No_513919",0.397799443322558,0.754479983213057,0.52724983057665
"vm(ID, ginv)_No_513920",-0.0388038673420811,0.776459854560355,-0.0499753684806441
"vm(ID, ginv)_No_513921",0.792093296623048,0.764679820635383,1.03584961345637
"vm(ID, ginv)_No_513922",0.280239458379996,0.76063609866628,0.368427765749451
"vm(ID, ginv)_No_513923",0.0935384815265294,0.770766107099616,0.121357803184307
"vm(ID, ginv)_No_513924",1.06552098378358,0.801589890849491,1.32925950781937
"vm(ID, ginv)_No_513925",0.584175389768824,0.751019159815985,0.777843523874889
"vm(ID, ginv)_No_513926",0.949428383739222,0.770152796320556,1.232779246242
"vm(ID, ginv)_No_513927",1.08038972832342,0.778792346303008,1.38726289934938
"vm(ID, ginv)_No_513928",0.957878133320311,0.755632952117099,1.26765002854438
"vm(ID, ginv)_No_513929",0.871908510031674,0.761398845672903,1.1451403098216
"vm(ID, ginv)_No_513930",0.508358079570151,0.772134393287349,0.65838030787079
"vm(ID, ginv)_No_513931",0.307370062287096,0.754249838487201,0.407517571238183
"vm(ID, ginv)_No_513932",0.0702584741652234,0.775919277885974,0.0905486900088959
"vm(ID, ginv)_No_513933",0.481172864817168,0.77227357905301,0.623060114794034
"vm(ID, ginv)_No_513934",0.599619179519022,0.773929615689798,0.774772236858498
"vm(ID, ginv)_No_513935",-0.813181509682804,0.771908385185147,-1.05346894176795
"vm(ID, ginv)_No_513936",-0.289407792401112,0.774902551234029,-0.373476370596834
"vm(ID, ginv)_No_513937",0.620465337755959,0.773341944581673,0.802316933800338
"vm(ID, ginv)_No_513938",0.153990605783769,0.748644482536492,0.205692567534902
"vm(ID, ginv)_No_513939",0.255169972375608,0.770621639244431,0.331122251674368
"vm(ID, ginv)_No_513940",0.431817009470438,0.752791111391703,0.573621291399321
"vm(ID, ginv)_No_513941",0.330395672142289,0.75453028342978,0.437882586554973
"vm(ID, ginv)_No_513942",0.290075802339073,0.733816686834917,0.395297364509688
"vm(ID, ginv)_No_513943",0.561738393413108,0.773521858461862,0.726208816555123
"vm(ID, ginv)_No_513944",0.201111961749134,0.749728190390699,0.268246498300044
"vm(ID, ginv)_No_513945",-0.157175588274664,0.735708405763639,-0.213638429360504
"vm(ID, ginv)_No_513946",0.125044261152907,0.757178517041845,0.165145019752319
"vm(ID, ginv)_No_513947",0.213194020524524,0.768239879156287,0.27750970277495
"vm(ID, ginv)_No_513948",0.944781598730155,0.765026959660577,1.23496510390867
"vm(ID, ginv)_No_513949",0.410818475753241,0.762901209274671,0.538494985666397
"vm(ID, ginv)_No_513950",0.0332207752105668,0.751258901207114,0.0442201418940767
"vm(ID, ginv)_No_513951",0.259674538759588,0.759723365524045,0.341801437922696
"vm(ID, ginv)_No_513952",1.00481524574071,0.748476154851066,1.34248130582149
"vm(ID, ginv)_No_513953",0.295636410737993,0.770083873437367,0.38390157349794
"vm(ID, ginv)_No_513954",0.788514464943695,0.770008200804089,1.02403385330219
"vm(ID, ginv)_No_513955",-0.157797770834944,0.761071644486278,-0.207336289530872
"vm(ID, ginv)_No_513956",0.432557956930261,0.752624218174867,0.574732976277623
"vm(ID, ginv)_No_513957",0.81257340981266,0.765212941991541,1.06189188031486
"vm(ID, ginv)_No_513958",1.24459163008672,0.779718043614888,1.59620729605873
"vm(ID, ginv)_No_513959",0.447527008897347,0.758563260813086,0.589966627724171
"vm(ID, ginv)_No_513960",0.438506448254234,0.780387899580495,0.561908313147805
"vm(ID, ginv)_No_513961",-0.120899974126468,0.766676713796669,-0.157693551859372
"vm(ID, ginv)_No_513962",0.662457493103727,0.759455832372694,0.872279156819529
"vm(ID, ginv)_No_513963",0.993687891442248,0.760051264499676,1.30739587953501
"vm(ID, ginv)_No_513964",0.548659130079538,0.790762455149071,0.693835584260392
"vm(ID, ginv)_No_513965",0.381520548846634,0.771926536609556,0.494244634369409
"vm(ID, ginv)_No_513966",0.867613412372815,0.768147540285389,1.12948797837779
"vm(ID, ginv)_No_513967",0.903509951648194,0.760196414209728,1.18852172249122
"vm(ID, ginv)_No_513968",0.0146502898695626,0.740751518823557,0.0197776035516334
"vm(ID, ginv)_No_513969",0.470192909302293,0.76223495169929,0.616860861935113
"vm(ID, ginv)_No_513970",0.574954624967324,0.754506720744346,0.762027175053011
"vm(ID, ginv)_No_513971",0.317772533690526,0.769424646871766,0.413000200841612
"vm(ID, ginv)_No_513972",0.374518186558277,0.786298294173242,0.476305480163945
"vm(ID, ginv)_No_513973",0.215332596647703,0.765436666175892,0.281319939536606
"vm(ID, ginv)_No_513974",0.934339554844481,0.771518298992625,1.21104004411101
"vm(ID, ginv)_No_513975",0.552300514733365,0.7639940435347,0.722912069023586
"vm(ID, ginv)_No_513976",-0.0899166209235647,0.759625774381334,-0.118369628777797
"vm(ID, ginv)_No_513977",0.30346968334428,0.752491979062228,0.403286269871568
"vm(ID, ginv)_No_513978",-0.645016305756134,0.744682581627278,-0.866162740568803
"vm(ID, ginv)_No_513979",0.157731284437034,0.762168580210301,0.206950651775113
"vm(ID, ginv)_No_513980",0.124310460598076,0.779111700586541,0.159554092827115
"vm(ID, ginv)_No_513981",1.45460450575416,0.779309281375514,1.86653045269359
"vm(ID, ginv)_No_513982",0.0964344161692259,0.764749393529325,0.126099369264198
"vm(ID, ginv)_No_513983",0.225510459166511,0.752505131663193,0.299679629649948
"vm(ID, ginv)_No_513984",0.381130781691271,0.780580669752003,0.488265718663465
"vm(ID, ginv)_No_513985",0.929171212270479,0.770988736851915,1.20516833496745
"vm(ID, ginv)_No_513986",0.602758910518254,0.763902019828579,0.789052646638522
"vm(ID, ginv)_No_513987",0.821099089145629,0.762504247458553,1.07684526595409
"vm(ID, ginv)_No_513988",0.64990952605021,0.745386387000434,0.8719095725179
"vm(ID, ginv)_No_513989",0.605422289436967,0.775959345041264,0.780224238944853
"vm(ID, ginv)_No_513990",0.540418790015239,0.74552492147635,0.724883601402697
"vm(ID, ginv)_No_513991",0.426704595749868,0.773681137274732,0.551525137672248
"vm(ID, ginv)_No_513992",0.669649144909664,0.777989167702973,0.860743533083905
"vm(ID, ginv)_No_513993",-0.308382489690386,0.774804674148533,-0.398013202526535
"vm(ID, ginv)_No_513994",0.841173550636153,0.801657802171082,1.04929253898366
"vm(ID, ginv)_No_513995",-0.0272647281965342,0.757324515007478,-0.0360013807241735
"vm(ID, ginv)_No_513996",0.302065564507284,0.762372228533653,0.396217953909834
"vm(ID, ginv)_No_513997",1.08469196968047,0.755712744756522,1.43532311345357
"vm(ID, ginv)_No_513998",0.392800943803206,0.785882338721842,0.499821569272134
"vm(ID, ginv)_No_513999",0.855466423472103,0.781296618853439,1.09493168513581
"vm(ID, ginv)_No_514000",-0.140023550738311,0.750359361019333,-0.186608654482693
"vm(ID, ginv)_Nr_503861",0.143516379603526,0.841880369965332,0.170471226938615
"vm(ID, ginv)_Nr_502363",-0.519668260667285,0.840361442891614,-0.618386606219283
"vm(ID, ginv)_Nr_502291",-0.729350067353843,0.845807399123293,-0.862312233387694
"vm(ID, ginv)_Nr_504763",-0.635746584121655,0.83311511649176,-0.763095725352792
"vm(ID, ginv)_Nr_503369",-0.288598017808104,0.835146242301856,-0.345565846063872
"vm(ID, ginv)_Nr_501665",-0.181507081994794,0.852116938339782,-0.213007245635126
"vm(ID, ginv)_Nr_503004",-0.718253924423433,0.845364941232959,-0.849637700110753
"vm(ID, ginv)_Nr_503065",0.12445344297353,0.855729666820748,0.145435466127878
"vm(ID, ginv)_Nr_502015",-0.567680830762844,0.83983775820418,-0.675941067447019
"vm(ID, ginv)_Nr_502146",-0.491254993163477,0.848280703576682,-0.579118434607972
"vm(ID, ginv)_Nr_501330",0.13829829432302,0.83429302382368,0.165767051112546
"vm(ID, ginv)_Nr_504541",-0.370995616523939,0.840848814942659,-0.441215602532827
"vm(ID, ginv)_Nr_503257",0.135771038700429,0.830939296587416,0.163394653806875
"vm(ID, ginv)_Nr_501719",-0.426385573963494,0.843016576094234,-0.505785516032169
"vm(ID, ginv)_Nr_501025",-0.971793540150751,0.837109724699245,-1.16089147154502
"vm(ID, ginv)_Nr_503982",-0.641860060209509,0.841734189185456,-0.762544837142276
"vm(ID, ginv)_Nr_501237",-0.195607762831166,0.842179757262769,-0.232263671911239
"vm(ID, ginv)_Nr_503168",-0.0574914174931109,0.838349684893548,-0.0685768940205554
"vm(ID, ginv)_Nr_504854",-0.101918097962426,0.844824261471688,-0.120638223368353
"vm(ID, ginv)_Nr_504658",0.551672795962663,0.708887565043496,0.778223265813407
"vm(ID, ginv)_Nr_502464",-0.345778571895973,0.842271485065203,-0.410531020018095
"vm(ID, ginv)_Nr_503193",-0.197899041731046,0.847520934152217,-0.233503425999744
"vm(ID, ginv)_Nr_502079",-0.486009369250774,0.848532613284301,-0.572764513280926
"vm(ID, ginv)_Nr_500401",-0.0882947196696295,0.838271451507177,-0.105329508133528
"vm(ID, ginv)_Nr_502934",-0.48777620689871,0.847198444502779,-0.575752009536545
"vm(ID, ginv)_Nr_503072",-0.697032657912403,0.837841445993657,-0.831938621854332
"vm(ID, ginv)_Nr_504565",-0.735734248871529,0.840973197665816,-0.874860519828235
"vm(ID, ginv)_Nr_501018",-0.408169127135379,0.847352047982896,-0.481699581781878
"vm(ID, ginv)_Nr_501503",0.131814440528528,0.843699402265306,0.156233891092741
"vm(ID, ginv)_Nr_504855",-0.0110758450355093,0.835517275817873,-0.0132562729174778
"vm(ID, ginv)_Nr_503353",-0.166788675650774,0.841390353603242,-0.198229840568654
"vm(ID, ginv)_Nr_502984",-0.654875900493244,0.84532630887568,-0.774701903415566
"vm(ID, ginv)_Nr_503705",-0.579761627395072,0.848010894463789,-0.683672381074379
"vm(ID, ginv)_Nr_504919",-0.612887070554181,0.841107038406033,-0.728667152418143
"vm(ID, ginv)_Nr_500586",-0.415454528130716,0.836609196177177,-0.496593307877924
"vm(ID, ginv)_Nr_502692",-0.41838134298655,0.828831823623428,-0.504784361630204
"vm(ID, ginv)_Nr_504801",-0.259134794076361,0.837486798004306,-0.309419557053159
"vm(ID, ginv)_Nr_501017",-0.266606720056487,0.832722646037594,-0.320162687210563
"vm(ID, ginv)_Nr_503743",-0.621890588368505,0.831888851537707,-0.747564518047056
"vm(ID, ginv)_Nr_500935",-0.496307400571899,0.838223701753423,-0.592094210094164
"vm(ID, ginv)_Nr_502083",-0.365566693044378,0.842198447195035,-0.434062416360311
"vm(ID, ginv)_Nr_504549",-0.185492797268546,0.840329658398086,-0.220738129869353
"vm(ID, ginv)_Nr_504588",-0.589328939343534,0.844791073970977,-0.697603179651707
"vm(ID, ginv)_Nr_500603",0.176398191201076,0.819161121224508,0.215340043161948
"vm(ID, ginv)_Nr_503315",-0.25352353629989,0.841629362065944,-0.301229433913245
"vm(ID, ginv)_Nr_504665",-0.503126126108378,0.843036327486156,-0.596802426781116
"vm(ID, ginv)_Nr_501682",-0.0222748325057681,0.829052044046187,-0.0268678337695855
"vm(ID, ginv)_Nr_501770",-0.314429828578813,0.836215240692088,-0.37601542435244
"vm(ID, ginv)_Nr_500911",-1.48989768253593,0.845586363805436,-1.76196985465904
"vm(ID, ginv)_Nr_504847",-0.234352149476744,0.844164682738128,-0.277614254977596
"vm(ID, ginv)_Nr_502712",-0.910594138437113,0.844925444714015,-1.07772128787686
"vm(ID, ginv)_Nr_500820",-0.558788774439408,0.82935207731837,-0.673765448621287
"vm(ID, ginv)_Nr_500901",-0.347766524694636,0.841585626161228,-0.413227738074523
"vm(ID, ginv)_Nr_501561",0.549534000576256,0.827665014809502,0.663957024573207
"vm(ID, ginv)_Nr_501725",-0.150256184245192,0.851695847417031,-0.176420003339078
"vm(ID, ginv)_Nr_501914",-0.561306275250835,0.836202413526163,-0.671256463950965
"vm(ID, ginv)_Nr_502994",-0.907605907310633,0.842852752494421,-1.07682617708084
"vm(ID, ginv)_Nr_502633",-0.529988555927145,0.838003012749653,-0.632442303743215
"vm(ID, ginv)_Nr_501805",-0.371598667169274,0.844627021832899,-0.439955930326358
"vm(ID, ginv)_Nr_502482",0.384391610772166,0.852852175880418,0.45071305631055
"vm(ID, ginv)_Nr_502390",-0.995632146387136,0.838815213088984,-1.18695051168739
"vm(ID, ginv)_Nr_501872",-0.164742401990295,0.835647837946723,-0.197143335397223
"vm(ID, ginv)_Nr_501710",-0.308591567360668,0.843093921691643,-0.366022763800133
"vm(ID, ginv)_Nr_501014",-0.607537057018775,0.84127885506666,-0.722158952836912
"vm(ID, ginv)_Nr_500219",-0.475423919386369,0.836670242580098,-0.568233331593426
"vm(ID, ginv)_Nr_503584",0.167230421244361,0.848025910879878,0.197199659938279
"vm(ID, ginv)_Nr_502216",-0.799838134579783,0.83365339055927,-0.959437271697772
"vm(ID, ginv)_Nr_501335",-0.894632850252983,0.842379962357573,-1.06203006983828
"vm(ID, ginv)_Nr_503166",-0.500834349784229,0.842171555645469,-0.594693974674047
"vm(ID, ginv)_Nr_503663",0.0433595857736647,0.845392021914092,0.0512893245378543
"vm(ID, ginv)_Nr_501688",-0.0739425347778614,0.849573174420215,-0.08703492177507
"vm(ID, ginv)_Nr_503639",-0.43502766784422,0.834528090814734,-0.521285829239746
"vm(ID, ginv)_Nr_503226",-0.542775865370411,0.843624564773831,-0.64338556276621
"vm(ID, ginv)_Nr_504786",-0.279804526653107,0.843905437257192,-0.331559099278362
"vm(ID, ginv)_Nr_501416",-0.601438774134934,0.838686230531274,-0.717120124595281
"vm(ID, ginv)_Nr_502697",-0.239691457731969,0.833591045557523,-0.287540825935407
"vm(ID, ginv)_Nr_500803",-0.747576441981751,0.837415664783198,-0.892718483090825
"vm(ID, ginv)_Nr_502311",-0.262568240194249,0.832624773121238,-0.315350021606932
"vm(ID, ginv)_Nr_503811",-0.252965994666881,0.836748373889352,-0.302320270418993
"vm(ID, ginv)_Nr_502640",-0.290736253684682,0.833565002978455,-0.348786540516741
"vm(ID, ginv)_Nr_502192",0.292851561854505,0.819338454511858,0.357424407754642
"vm(ID, ginv)_Nr_501374",-0.465663393477923,0.841772159441588,-0.553194101580685
"vm(ID, ginv)_Nr_500374",-0.276248490013477,0.844771958732014,-0.327009540454113
"vm(ID, ginv)_Nr_504017",-0.311154909898831,0.837181988195104,-0.371669379282342
"vm(ID, ginv)_Nr_502501",0.0813308099787124,0.844507592303756,0.096305599523206
"vm(ID, ginv)_Nr_502680",0.0221702324710064,0.844647877791263,0.0262478993364443
"vm(ID, ginv)_Nr_501400",-0.718578511448089,0.832485118903075,-0.863172800487924
"vm(ID, ginv)_Nr_503796",0.440812326902691,0.842363769411106,0.523303996337428
"vm(ID, ginv)_Nr_504611",-0.00120963229069178,0.849723911984357,-0.00142355919803049
"vm(ID, ginv)_Nr_500877",-0.617692399954065,0.841243760285082,-0.734260899295991
"vm(ID, ginv)_Nr_503068",0.0654822029475044,0.840507558441932,0.0779079287149901
"vm(ID, ginv)_Nr_501636",0.12048173024743,0.838658938572462,0.143659984656588
"vm(ID, ginv)_Nr_504810",0.286690027259255,0.835148502931776,0.343280298357518
"vm(ID, ginv)_Nr_502723",-0.392988161756764,0.841896852754664,-0.466788966452264
"vm(ID, ginv)_Nr_500824",0.263603152242751,0.841850258294847,0.313123562825383
"vm(ID, ginv)_Nr_503442",-0.247561959130474,0.846957449226402,-0.292295627550821
"vm(ID, ginv)_Nr_503578",-0.396284382271777,0.842226273869412,-0.470520090107307
"vm(ID, ginv)_Nr_503987",0.0376688280976402,0.838303879491591,0.04493457446539
"vm(ID, ginv)_Nr_502226",0.117663555111542,0.846712487358797,0.138965182240996
"vm(ID, ginv)_Nr_500933",-0.00900064449968115,0.82594605442506,-0.010897375744408
"vm(ID, ginv)_Nr_503713",0.3920485405523,0.828970087735313,0.47293448382842
"vm(ID, ginv)_Nr_502094",-0.481755537582059,0.832316681362665,-0.578812786490512
"vm(ID, ginv)_Nr_501933",0.681433075471743,0.707200613619187,0.963564033102891
"vm(ID, ginv)_Nr_501373",0.294533581425221,0.837651919712313,0.351618105914897
"vm(ID, ginv)_Nr_501280",-0.453315620958156,0.83954840395155,-0.539951739321413
"vm(ID, ginv)_Nr_504664",-0.889025260439995,0.836244530724613,-1.06311638256055
"vm(ID, ginv)_Nr_502830",-0.289482583361108,0.813269717744924,-0.355949049921348
"vm(ID, ginv)_Nr_503370",-0.717505547873374,0.85019658672856,-0.843928991333919
"vm(ID, ginv)_Nr_503094",-0.435004602405702,0.844417501314512,-0.515153465825289
"vm(ID, ginv)_Nr_500579",0.276781941662571,0.834917228298097,0.33150824091481
"vm(ID, ginv)_Nr_504477",-0.447203166576624,0.844971184049558,-0.529252565079657
"vm(ID, ginv)_Nr_502140",0.0554364149392064,0.833365552231999,0.0665211260421448
"vm(ID, ginv)_Nr_500327",-0.0409784575201933,0.837759074990855,-0.0489143701852954
"vm(ID, ginv)_Nr_503683",-0.358660206048919,0.844079806748376,-0.424912671978939
"vm(ID, ginv)_Nr_502380",-0.388589834257127,0.834440660818685,-0.465688996837563
"vm(ID, ginv)_Nr_503596",-0.85661215542307,0.840214440105311,-1.01951610747811
"vm(ID, ginv)_Nr_504618",-0.219576237550665,0.84120624126825,-0.261025449858312
"vm(ID, ginv)_Nr_501455",-0.115554473063994,0.84399490436246,-0.136913709391743
"vm(ID, ginv)_Nr_503570",-0.0991052334449396,0.843131643671884,-0.117544198689224
"vm(ID, ginv)_Nr_500667",-0.839725030348742,0.844392710790022,-0.994472145032005
"vm(ID, ginv)_Nr_502567",-0.351001351137166,0.834492835008183,-0.420616374895207
"vm(ID, ginv)_Nr_504950",-0.673164795933311,0.843443382859205,-0.798114976788764
"vm(ID, ginv)_Nr_501645",-0.276680694251693,0.838062285956877,-0.330143354363914
"vm(ID, ginv)_Nr_503154",-0.0101952949156615,0.845677321199376,-0.0120557743007724
"vm(ID, ginv)_Nr_504925",0.19813979494849,0.841661132992259,0.235415165535881
"vm(ID, ginv)_Nr_504851",-0.152768711607002,0.834555545749456,-0.183053976916313
"vm(ID, ginv)_Nr_504951",-0.98538083611773,0.836597289932742,-1.1778436865328
"vm(ID, ginv)_Nr_503414",-0.270733656629295,0.841904714686899,-0.321572800230701
"vm(ID, ginv)_Nr_500988",-1.08282335043433,0.841230099406898,-1.28719045026773
"vm(ID, ginv)_Nr_502296",-0.807849375602182,0.840202605583504,-0.961493537670175
"vm(ID, ginv)_Nr_504359",-0.30840599375663,0.834984651239476,-0.36935528491311
"vm(ID, ginv)_Nr_501712",-0.665626472099531,0.827747419994459,-0.804142007599355
"vm(ID, ginv)_Nr_501314",-0.450997885709741,0.842921623702418,-0.535041305179471
"vm(ID, ginv)_Nr_500204",-0.40377031139842,0.843911192092443,-0.478451186785766
"vm(ID, ginv)_Nr_501837",-0.0440057722526831,0.836928051540742,-0.0525801138719998
"vm(ID, ginv)_Nr_500635",-0.478963786229762,0.839906678323277,-0.570258337730957
"vm(ID, ginv)_Nr_504485",-0.36864335758185,0.837331491916282,-0.440259755115848
"vm(ID, ginv)_Nr_503703",-0.729978564740273,0.837133063748154,-0.871998247771853
"vm(ID, ginv)_Nr_502004",-0.481505172138896,0.845757773645214,-0.569318056709795
"vm(ID, ginv)_Nr_502586",-0.21412516782811,0.82125184840622,-0.260730211132744
"vm(ID, ginv)_Nr_501568",-0.308373197038294,0.838779895968225,-0.367644954916726
"vm(ID, ginv)_Nr_504808",-0.905968499512183,0.844105380923417,-1.07328838316501
"vm(ID, ginv)_Nr_501940",-0.0878055726132511,0.851815238020841,-0.103080537532134
"vm(ID, ginv)_Nr_502924",-0.934951783828091,0.834996920890459,-1.1197068641056
"vm(ID, ginv)_Nr_500717",-0.240452670364429,0.847624001264908,-0.283678458851568
"vm(ID, ginv)_Nr_501049",1.74334895004368,0.703649707948067,2.47758071999704
"vm(ID, ginv)_Nr_501916",-0.764148802876507,0.839789086874416,-0.909929427304858
"vm(ID, ginv)_Nr_502975",0.0786207463704879,0.836048112922344,0.0940385429442271
"vm(ID, ginv)_Nr_502672",0.188408089276663,0.841345689705247,0.223936595363874
"vm(ID, ginv)_Nr_501001",-0.568695615148023,0.843052436990227,-0.674567310638847
"vm(ID, ginv)_Nr_500317",-0.0429664392485174,0.844510057346546,-0.0508773564917842
"vm(ID, ginv)_Nr_500210",-0.560004504083512,0.834863356736101,-0.670773845282718
"vm(ID, ginv)_Nr_500156",-0.464703871044981,0.843083964987522,-0.551195243111828
"vm(ID, ginv)_Nr_504367",-0.37267271403706,0.842234289010141,-0.442481051768925
"vm(ID, ginv)_Nr_504200",-0.722636109732254,0.843872731847843,-0.856333049356725
"vm(ID, ginv)_Nr_504290",-0.405977468524803,0.841224550245748,-0.482602972543067
"vm(ID, ginv)_Nr_503960",-0.133427361214876,0.830775745625165,-0.160605749406503
"vm(ID, ginv)_Nr_501601",-0.222376384127264,0.847467087764995,-0.26240120393788
"vm(ID, ginv)_Nr_502835",-0.234712706049408,0.849440012736585,-0.276314633794151
"vm(ID, ginv)_Nr_502367",-0.121618412359344,0.83273549531277,-0.146046869676986
"vm(ID, ginv)_Nr_501642",-0.937745020554278,0.845715601398717,-1.1088184006578
"vm(ID, ginv)_Nr_500809",-0.604748329089287,0.846976266689494,-0.71400858899272
"vm(ID, ginv)_Nr_502463",-0.124280384084582,0.841104969652622,-0.147758470783867
"vm(ID, ginv)_Nr_504738",0.39955415713135,0.841526221570178,0.474797037679746
"vm(ID, ginv)_Nr_500393",0.117893539879388,0.83608379640021,0.141006846905756
"vm(ID, ginv)_Nr_504418",-0.313286230497145,0.84169183695615,-0.372210132903387
"vm(ID, ginv)_Nr_502859",-0.143592516712592,0.84090297433312,-0.170759910590718
"vm(ID, ginv)_Nr_500660",-0.83002809596095,0.831781927302719,-0.997891476979481
"vm(ID, ginv)_Nr_504499",-0.248745535651243,0.84782966108682,-0.293390933424504
"vm(ID, ginv)_Nr_501833",-0.576406792307182,0.833186293031155,-0.691810219549098
"vm(ID, ginv)_Nr_503258",0.951089330205001,0.713499105589137,1.33299302375395
"vm(ID, ginv)_Nr_504292",-0.520549984026388,0.841417962124544,-0.618658036146532
"vm(ID, ginv)_Nr_504038",-0.141975909226881,0.852458343941469,-0.166548794126917
"vm(ID, ginv)_Nr_503948",-0.304705289984722,0.835329200369032,-0.36477270260648
"vm(ID, ginv)_Nr_503335",-0.456359283756104,0.849503276566121,-0.537207208429858
"vm(ID, ginv)_Nr_500616",0.684857544245625,0.822926231350638,0.832222279658766
"vm(ID, ginv)_Nr_501297",-0.997310843973432,0.832253573561123,-1.19832569742662
"vm(ID, ginv)_Nr_500721",-0.018557512719359,0.837599793177217,-0.0221555841710107
"vm(ID, ginv)_Nr_501426",-0.118031129004082,0.838071447907833,-0.140836594897411
"vm(ID, ginv)_Nr_504637",-0.631591450275373,0.840244137239259,-0.751676116837371
"vm(ID, ginv)_Nr_504462",-0.381371156415178,0.842291698436238,-0.452778006862961
"vm(ID, ginv)_Nr_501186",-0.296343732759301,0.838504747903809,-0.353419266259535
"vm(ID, ginv)_Nr_504991",-0.266045193823953,0.840171324733032,-0.31665588433227
"vm(ID, ginv)_Nr_500074",-0.52849235953256,0.835670252397078,-0.632417341668686
"vm(ID, ginv)_Nr_504348",-0.173492978943946,0.826450905032796,-0.209925329971127
"vm(ID, ginv)_Nr_500141",-0.337977367213129,0.840343184116356,-0.402189692974689
"vm(ID, ginv)_Nr_503224",-0.169431476773859,0.840999004467108,-0.20146453904689
"vm(ID, ginv)_Nr_503228",-0.468097650722669,0.850700090870158,-0.550249912685286
"vm(ID, ginv)_Nr_500119",-0.411812527934438,0.841798711226817,-0.489205462591256
"vm(ID, ginv)_Nr_502928",-0.602702207443758,0.853898848663364,-0.705823890484438
"vm(ID, ginv)_Nr_502143",-0.664504686132114,0.840631167426238,-0.790483046407414
"vm(ID, ginv)_Nr_503962",-0.57787396443716,0.844670618338995,-0.68414119289898
"vm(ID, ginv)_Nr_502921",-0.387868613402569,0.832531750308436,-0.465890475959471
"vm(ID, ginv)_Nr_501441",-0.507519132030942,0.841060899061511,-0.603427329218671
"vm(ID, ginv)_Nr_500564",-0.431333003705369,0.840117863196593,-0.513419631460013
"vm(ID, ginv)_Nr_501996",0.114790502716795,0.840485914583406,0.136576355088225
"vm(ID, ginv)_Nr_500236",-0.2340707595102,0.844327811123353,-0.277227347514203
"vm(ID, ginv)_Nr_503785",-0.542250235823239,0.84008562844701,-0.645470196681793
"vm(ID, ginv)_Nr_503961",-0.310733884689031,0.836856849113597,-0.371310678783548
"vm(ID, ginv)_Nr_504825",-0.281829893910773,0.840818026857121,-0.335185361051571
"vm(ID, ginv)_Nr_503835",0.342826968088844,0.848925346774725,0.403836414345887
"vm(ID, ginv)_Nr_501203",-0.102436738605713,0.841371163140535,-0.121749761690612
"vm(ID, ginv)_Nr_500561",-0.320113610099859,0.840445035078331,-0.380885836359332
"vm(ID, ginv)_Nr_500045",-0.305156492272276,0.836110975343089,-0.364971279257586
"vm(ID, ginv)_Nr_501213",-0.167505629353672,0.839453748820729,-0.199541224979918
"vm(ID, ginv)_Nr_502437",-0.356983330879255,0.8537061253549,-0.41815716237347
"vm(ID, ginv)_Nr_502686",-0.0884308305818901,0.834966601156158,-0.105909422555875
"vm(ID, ginv)_Nr_501248",-0.0888137824460557,0.840432223644161,-0.105676317432183
"vm(ID, ginv)_Nr_503486",-0.465300285069726,0.844676204835115,-0.550862309611948
"vm(ID, ginv)_Nr_501357",-0.721418775939678,0.839201935004179,-0.859648608813188
"vm(ID, ginv)_Nr_503097",-0.671857650159238,0.850061817502132,-0.79036328455907
"vm(ID, ginv)_Nr_502580",-0.773549245137582,0.847335458735194,-0.912919714574731
"vm(ID, ginv)_Nr_504781",-0.408847136513327,0.824615543406604,-0.495803334999389
"vm(ID, ginv)_Nr_500363",-0.128074644588663,0.849452344632185,-0.150773195692479
"vm(ID, ginv)_Nr_502175",-0.964997217127369,0.848408180140854,-1.13742092511079
"vm(ID, ginv)_Nr_501555",0.413895786765521,0.84641195265149,0.489000403962801
"vm(ID, ginv)_Nr_501482",-0.839518912278337,0.842728714263917,-0.996191179995115
"vm(ID, ginv)_Nr_501268",-0.447630098536169,0.836226706062221,-0.535297539878931
"vm(ID, ginv)_Nr_500107",0.860746228327845,0.716381486915918,1.20151936370303
"vm(ID, ginv)_Nr_504206",-0.602827155662281,0.843071475967102,-0.715036830027688
"vm(ID, ginv)_Nr_500990",-0.0404456691921011,0.832217691340763,-0.0485998670935968
"vm(ID, ginv)_Nr_500779",-0.572850206071195,0.832740839961367,-0.687909345358601
"vm(ID, ginv)_Nr_502206",-0.675145937409249,0.842966941422033,-0.800916268757016
"vm(ID, ginv)_Nr_504306",-0.0219444962213469,0.850079917181994,-0.025814627281271
"vm(ID, ginv)_Nr_500252",-0.0525019732152616,0.833783961125604,-0.0629683175296203
"vm(ID, ginv)_Nr_500124",-0.653709059999918,0.842705545192276,-0.775726543784359
"vm(ID, ginv)_Nr_503108",-0.645356748567307,0.820304631502484,-0.786728154131301
"vm(ID, ginv)_Nr_504259",-0.508974835286867,0.8439023883858,-0.603120505749989
"vm(ID, ginv)_Nr_501657",-0.586283804488234,0.84436203852562,-0.694351211610569
"vm(ID, ginv)_Nr_504504",-0.24733562854204,0.833364360920335,-0.296791703773956
"vm(ID, ginv)_Nr_500528",-0.307472177893352,0.843940301477489,-0.364329298358023
"vm(ID, ginv)_Nr_500379",-0.442256646185912,0.847911895890734,-0.521583254497592
"vm(ID, ginv)_Nr_503615",0.0369700223159221,0.845647752638341,0.0437179927464823
"vm(ID, ginv)_Nr_500144",0.023663336373267,0.845006911717146,0.0280037193129942
"vm(ID, ginv)_Nr_504220",-0.21597560472426,0.833839697875013,-0.259013339464001
"vm(ID, ginv)_Nr_504715",-0.56915766698232,0.82952775704067,-0.686122510249425
"vm(ID, ginv)_Nr_503449",-0.588700630431828,0.834657013909748,-0.705320413799919
"vm(ID, ginv)_Nr_500031",0.520149968277507,0.840591915232946,0.618790115454967
"vm(ID, ginv)_Nr_500289",-0.0932456855900901,0.83495423882259,-0.111677600106061
"vm(ID, ginv)_Nr_504087",-0.712579526027184,0.836346179207155,-0.852015043223728
"vm(ID, ginv)_Nr_501036",0.225738871398166,0.84233523665984,0.267991722978729
"vm(ID, ginv)_Nr_501874",0.224685164383668,0.831284823909643,0.270286618883458
"vm(ID, ginv)_Nr_500216",-0.658708454072034,0.843876572592725,-0.780574405624532
"vm(ID, ginv)_Nr_502344",-0.543390525612603,0.841941005239301,-0.645402138904207
"vm(ID, ginv)_Nr_501802",-0.295873492753594,0.84196121200179,-0.351409885082646
"vm(ID, ginv)_Nr_502133",-0.521369782686951,0.844958520858616,-0.617035948885579
"vm(ID, ginv)_Nr_500173",-0.436758218588635,0.836583810288523,-0.522073476939513
"vm(ID, ginv)_Nr_503657",-0.220911680655078,0.851917544752843,-0.259311105887799
"vm(ID, ginv)_Nr_502314",-0.210448508340426,0.835250181046347,-0.251958650373221
"vm(ID, ginv)_Nr_500711",-0.553105630637938,0.823902676508943,-0.671323988145746
"vm(ID, ginv)_Nr_503901",0.798081105834588,0.675109842713581,1.18215000780722
"vm(ID, ginv)_Nr_500841",-0.166516370009958,0.836337446377261,-0.199101894493965
"vm(ID, ginv)_Nr_500791",0.181026248382328,0.84539859786384,0.214131238021623
"vm(ID, ginv)_Nr_501179",-0.225599597880511,0.826006972874903,-0.273120694242223
"vm(ID, ginv)_Nr_500575",-0.216823783890891,0.834192909703909,-0.259920434912173
"vm(ID, ginv)_Nr_503265",0.224834168414844,0.832997891708941,0.269909648815059
"vm(ID, ginv)_Nr_501481",-0.070706377947775,0.844700795569139,-0.0837058261560352
"vm(ID, ginv)_Nr_502261",-0.134955541453038,0.85033650050534,-0.158708395291554
"vm(ID, ginv)_Nr_504231",0.197518313455,0.842710969936256,0.23438440995961
"vm(ID, ginv)_Nr_500478",-0.360434950776467,0.845760109410455,-0.426166884399066
"vm(ID, ginv)_Nr_500511",-0.307654897838272,0.849920977421503,-0.36198059115053
"vm(ID, ginv)_Nr_503824",-0.541894637006917,0.824046531063139,-0.657601987970018
"vm(ID, ginv)_Nr_500581",-0.0624946840036598,0.843341114377845,-0.0741036846635466
"vm(ID, ginv)_Nr_503867",-0.167213929381562,0.837429588981949,-0.199675210407649
"vm(ID, ginv)_Nr_504329",-0.795486387686097,0.838826787695976,-0.948332122142972
"vm(ID, ginv)_Nr_503590",-1.00436719230574,0.841872365841217,-1.19301598800212
"vm(ID, ginv)_Nr_504727",-0.222429929238547,0.846132278018005,-0.262878435224774
"vm(ID, ginv)_Nr_504921",-0.0744893844742231,0.837747793933698,-0.0889162406796125
"vm(ID, ginv)_Nr_504996",-0.560230131749197,0.842053994074446,-0.665313787110506
"vm(ID, ginv)_Nr_503317",-0.44006073785709,0.845191077650956,-0.520664201851436
"vm(ID, ginv)_Nr_504168",-1.04228314243702,0.844323198541485,-1.23445991326248
"vm(ID, ginv)_Nr_504415",-0.546327904475741,0.836285360277095,-0.653279287699978
"vm(ID, ginv)_Nr_502280",-0.733969605491916,0.837480050255135,-0.876402494923091
"vm(ID, ginv)_Nr_502410",-0.49334799986189,0.843892946964194,-0.584609696806511
"vm(ID, ginv)_Nr_501139",-0.303760557360136,0.83962937197193,-0.361779336812304
"vm(ID, ginv)_Nr_504225",-0.732665405236314,0.845064028694955,-0.866993955910986
"vm(ID, ginv)_Nr_502795",-0.44683248744633,0.84359003956351,-0.529679662502334
"vm(ID, ginv)_Nr_501612",-0.166837394332495,0.841014635367314,-0.198376327017934
"vm(ID, ginv)_Nr_503202",-0.388316214748808,0.833109394053695,-0.466104712682882
"vm(ID, ginv)_Nr_501981",-0.869544392287402,0.829721956481818,-1.04799491624211
"vm(ID, ginv)_Nr_503912",-0.12459565233291,0.829133605767642,-0.150272105081973
"vm(ID, ginv)_Nr_501597",-0.0965128307424683,0.838091518680443,-0.115157865926654
"vm(ID, ginv)_Nr_502698",-0.198639850600429,0.833606705051892,-0.23828965073891
"vm(ID, ginv)_Nr_500751",-0.596463134940588,0.836762121789695,-0.712822819542612
"vm(ID, ginv)_Nr_500626",-0.165420177156954,0.835348910412424,-0.198025250401397
"vm(ID, ginv)_Nr_503261",-0.464709509751067,0.841273668690221,-0.552388036195847
"vm(ID, ginv)_Nr_504508",-0.675420565145741,0.84353403493834,-0.800703394493278
"vm(ID, ginv)_Nr_504748",-0.903477756244202,0.836920735914437,-1.0795260739442
"vm(ID, ginv)_Nr_504429",-0.459080862107784,0.844949631016812,-0.543323347635914
"vm(ID, ginv)_Nr_504746",-0.338689953925613,0.838492754797354,-0.403927108478674
"vm(ID, ginv)_Nr_500431",-0.380138231020131,0.835486772641903,-0.454990124880243
"vm(ID, ginv)_Nr_504215",1.16353511168726,0.709149398676637,1.64074751224292
"vm(ID, ginv)_Nr_502308",-0.888870602940176,0.841770436928975,-1.05595369467124
"vm(ID, ginv)_Nr_502018",-0.363918278716211,0.857286769237027,-0.424500052695428
"vm(ID, ginv)_Nr_504539",-0.510658837997869,0.844929787004553,-0.604380205139007
"vm(ID, ginv)_Nr_500336",0.962865145124298,0.723511877116129,1.33082147726754
"vm(ID, ginv)_Nr_502926",0.250540927627082,0.703940406076963,0.355912127595201
"vm(ID, ginv)_Nr_500982",0.160513109913178,0.846027797258405,0.189725574541793
"vm(ID, ginv)_Nr_500860",-0.217451305540588,0.834686387954795,-0.260518571619938
"vm(ID, ginv)_Nr_503865",-0.455246547983955,0.846677446357653,-0.537685927435996
"vm(ID, ginv)_Nr_503357",-0.468474333987886,0.840754572577741,-0.557207001029504
"vm(ID, ginv)_Nr_501852",-0.457393889728631,0.828699941250389,-0.551941501333389
"vm(ID, ginv)_Nr_504310",-0.0571550438148269,0.843403413786084,-0.0677671478210584
"vm(ID, ginv)_Nr_502866",-0.664698023317457,0.844269021613651,-0.78730594905285
"vm(ID, ginv)_Nr_501533",-0.609485371437931,0.849632682587958,-0.717351608440314
"vm(ID, ginv)_Nr_501847",-0.0907369400221992,0.838684223316864,-0.108189635025384
"vm(ID, ginv)_Nr_504279",-0.302142745776106,0.841042959379517,-0.35924769645419
"vm(ID, ginv)_Nr_504886",0.0192992124385469,0.854391348031353,0.022588258276509
"vm(ID, ginv)_Nr_502093",0.174313492557335,0.846377040453626,0.205952529695169
"vm(ID, ginv)_Nr_501524",-0.341254311645715,0.848082336126356,-0.402383468100993
"vm(ID, ginv)_Nr_504068",-0.0321597288181558,0.847978474204881,-0.0379251712118174
"vm(ID, ginv)_Nr_502165",-0.117034428121622,0.844838661436908,-0.138528731536231
"vm(ID, ginv)_Nr_502641",-0.470272941202872,0.849148958025605,-0.553816779445063
"vm(ID, ginv)_Nr_503115",-0.898664715476736,0.831051646922085,-1.08135844361186
"vm(ID, ginv)_Nr_500708",0.325234558247437,0.832203143002627,0.390811499550429
"vm(ID, ginv)_Nr_504677",-0.320370754946133,0.846468961305227,-0.378479034189431
"vm(ID, ginv)_Nr_504222",-0.630776579029705,0.841585268079263,-0.749510005646032
"vm(ID, ginv)_Nr_504639",-0.146731213188665,0.837135990114928,-0.175277631019687
"vm(ID, ginv)_Nr_501502",-0.197757372242334,0.859496300012184,-0.230085193199239
"vm(ID, ginv)_Nr_504632",-0.450521274812617,0.849729078728754,-0.530194018411873
"vm(ID, ginv)_Nr_502069",0.0310882638973229,0.84180381816965,0.0369305332505129
"vm(ID, ginv)_Nr_501509",0.128596408439166,0.844712744029896,0.152236851341519
"vm(ID, ginv)_Nr_504375",-0.62988503440209,0.833402414931928,-0.755799387086656
"vm(ID, ginv)_Nr_502194",0.0571277589523438,0.841922262599602,0.0678539593144271
"vm(ID, ginv)_Nr_500300",0.226342175164702,0.846247284831204,0.267465762339018
"vm(ID, ginv)_Nr_503972",-0.0890415626163436,0.841972559562387,-0.105753520830445
"vm(ID, ginv)_Nr_501201",-0.437695408607108,0.842283490572201,-0.519653315666632
"vm(ID, ginv)_Nr_500154",-0.356928515713259,0.844751795052308,-0.422524720046504
"vm(ID, ginv)_Nr_504420",-0.0154490467859932,0.83815727103082,-0.0184321574481994
"vm(ID, ginv)_Nr_500184",-0.11733912276372,0.852492419252117,-0.137642423690595
"vm(ID, ginv)_Nr_500698",-0.403014864025986,0.840075501126674,-0.479736480215742
"vm(ID, ginv)_Nr_503955",-0.458062303616953,0.841974012908411,-0.544033778470999
"vm(ID, ginv)_Nr_500489",-0.550023649926397,0.83693833172372,-0.65718539715297
"vm(ID, ginv)_Nr_502676",-0.108356017377029,0.845254470730969,-0.12819336794909
"vm(ID, ginv)_Nr_502333",-0.122751022594878,0.833060442159317,-0.147349479560816
"vm(ID, ginv)_Nr_501862",0.0484055099082734,0.847308079915543,0.0571285829271194
"vm(ID, ginv)_Nr_501648",-0.240987547707316,0.842603137893942,-0.286003620054936
"vm(ID, ginv)_Nr_500042",-0.92544838421777,0.845832830646946,-1.09412681878277
"vm(ID, ginv)_Nr_502862",-0.330890270888867,0.838805746865119,-0.394477830088203
"vm(ID, ginv)_Nr_500182",0.579137820832189,0.731447146148501,0.791769882323952
"vm(ID, ginv)_Nr_504799",-0.165517847050091,0.843630521355625,-0.196197082561832
"vm(ID, ginv)_Nr_503400",-0.271988548918934,0.841901070363702,-0.323064738237516
"vm(ID, ginv)_Nr_503920",-0.376231966450992,0.842191996943718,-0.446729448648673
"vm(ID, ginv)_Nr_504742",-0.399306946178251,0.833758172330901,-0.478924176613378
"vm(ID, ginv)_Nr_502874",-0.346616679957653,0.82858718691103,-0.418322519866423
"vm(ID, ginv)_Nr_500112",-0.666268148862743,0.83331600619303,-0.799538403092198
"vm(ID, ginv)_Nr_503737",-0.668846404337142,0.842176791977947,-0.794187646475369
"vm(ID, ginv)_Nr_503434",-0.113041831903073,0.844324533644407,-0.133884338780426
"vm(ID, ginv)_Nr_501057",0.114368996061925,0.848581941629306,0.134776608423144
"vm(ID, ginv)_Nr_502548",0.532183845851141,0.844299999346727,0.630325531520687
"vm(ID, ginv)_Nr_501713",-0.596359759305006,0.834738969322419,-0.714426642605517
"vm(ID, ginv)_Nr_502409",-0.716464027394861,0.850206850769041,-0.842693782985628
"vm(ID, ginv)_Nr_500157",0.447347423120144,0.734740797517035,0.608850664930951
"vm(ID, ginv)_Nr_501827",-0.121538644858097,0.846584530436285,-0.143563507822973
"vm(ID, ginv)_Nr_501943",-0.581079772004058,0.840700692336858,-0.691185076092725
"vm(ID, ginv)_Nr_504882",0.131303724681695,0.831437038915305,0.157923833719261
"vm(ID, ginv)_Nr_503528",0.10409030816461,0.840026763847385,0.123913085444884
"vm(ID, ginv)_Nr_501032",-0.122965250425507,0.846780744871831,-0.145214981764989
"vm(ID, ginv)_Nr_503880",-0.508449963455451,0.838020203599654,-0.606727572045926
"vm(ID, ginv)_Nr_503545",-0.0407561696475068,0.849208062085298,-0.0479931496969385
"vm(ID, ginv)_Nr_504760",-0.0600805954765598,0.827323648749452,-0.0726204255944758
"vm(ID, ginv)_Nr_504643",-0.488447535479356,0.840767538692943,-0.580954322093235
"vm(ID, ginv)_Nr_503986",0.0209995016720719,0.835694916748117,0.0251281912229236
"vm(ID, ginv)_Nr_501449",-0.673045935235389,0.831874859189036,-0.809071133477356
"vm(ID, ginv)_Nr_501640",-0.618045177222467,0.847540116946538,-0.72922232808179
"vm(ID, ginv)_Nr_500062",-0.277290211218409,0.834811977926669,-0.332158879544451
"vm(ID, ginv)_Nr_504482",-0.251528556821989,0.8474375198285,-0.296810739360339
"vm(ID, ginv)_Nr_503818",-0.746414602914837,0.841107646775075,-0.887418638716098
"vm(ID, ginv)_Nr_504495",-0.199498634939214,0.839671964032232,-0.237591158791573
"vm(ID, ginv)_Nr_501800",-0.380734389665579,0.842683463657217,-0.451811867783907
"vm(ID, ginv)_Nr_501677",-0.288489548652481,0.845485819929775,-0.341211575466094
"vm(ID, ginv)_Nr_500888",-0.384866172220363,0.842967609824488,-0.456561044261825
"vm(ID, ginv)_Nr_501311",0.363645081667967,0.845895572675123,0.429893586649176
"vm(ID, ginv)_Nr_504074",0.0858546011995668,0.849529203895397,0.101061388832653
"vm(ID, ginv)_Nr_504525",-0.718698805618516,0.84157408417668,-0.853993509462243
"vm(ID, ginv)_Nr_502817",-0.00255827722980963,0.846718803541843,-0.00302140122447771
"vm(ID, ginv)_Nr_503289",-0.148125879960578,0.83273476366995,-0.177878823393624
"vm(ID, ginv)_Nr_502735",-0.12184443350947,0.834473011091829,-0.146013630027468
"vm(ID, ginv)_Nr_502238",-0.556833747065787,0.841014775080252,-0.662097460787953
"vm(ID, ginv)_Nr_503808",-0.323688050258702,0.852602650922215,-0.379647013657049
"vm(ID, ginv)_Nr_501285",-0.367129783265682,0.843802966529327,-0.435089467361955
"vm(ID, ginv)_Nr_502741",-0.647410229870104,0.833452177442672,-0.776781496757966
"vm(ID, ginv)_Nr_503236",-1.123277126262,0.850595722784188,-1.32057697467048
"vm(ID, ginv)_Nr_504678",0.116868928641695,0.840708380727782,0.139012446314052
"vm(ID, ginv)_Nr_501722",-0.2667656225721,0.844775540167037,-0.315782843948527
"vm(ID, ginv)_Nr_503164",0.207286287927782,0.833202024853697,0.248782746254343
"vm(ID, ginv)_Nr_503174",-0.412859351689892,0.859249777845367,-0.480488168091434
"vm(ID, ginv)_Nr_501272",-0.0791217818542943,0.854344105209343,-0.0926111403728909
"vm(ID, ginv)_Nr_504613",-0.406872960833322,0.851996251812287,-0.477552524401204
"vm(ID, ginv)_Nr_501077",0.00894039982823379,0.851780366872353,0.0104961327778216
"vm(ID, ginv)_Nr_502588",-0.152833186302225,0.838752924149162,-0.182214788052465
"vm(ID, ginv)_Nr_504761",-0.826268249320575,0.842324335446922,-0.980938356579918
"vm(ID, ginv)_Nr_502571",0.0113691745086741,0.840315309802866,0.0135296529481788
"vm(ID, ginv)_Nr_503699",-0.212268600915837,0.839542685471028,-0.252838366159718
"vm(ID, ginv)_Nr_503083",-0.923954735693072,0.841768235954677,-1.09763554411766
"vm(ID, ginv)_Nr_503817",-0.442643027814938,0.840258793625075,-0.526793686865533
"vm(ID, ginv)_Nr_500258",-0.427298707850119,0.841198646170579,-0.507964093612522
"vm(ID, ginv)_Nr_504842",-0.143458453442246,0.838950762320774,-0.170997464792092
"vm(ID, ginv)_Nr_500526",-0.0890715536152462,0.835267128723497,-0.106638404113149
"vm(ID, ginv)_Nr_504392",-0.801849448639598,0.839678318374211,-0.954948378555425
"vm(ID, ginv)_Nr_500362",-0.0870620976082609,0.836231289998316,-0.104112461049426
"vm(ID, ginv)_Nr_500471",-0.715504139867927,0.843339832341735,-0.848417343078837
"vm(ID, ginv)_Nr_503482",-0.508835031795641,0.847782036431326,-0.600195580856541
"vm(ID, ginv)_Nr_501398",0.187570966882329,0.848608831103706,0.22103348445994
"vm(ID, ginv)_Nr_501745",-0.273969772133162,0.842328421000081,-0.325252912406639
"vm(ID, ginv)_Nr_503380",-0.329829797575571,0.845555236923399,-0.390074809039886
"vm(ID, ginv)_Nr_501438",-0.453979609642648,0.839676522126706,-0.540660120510245
"vm(ID, ginv)_Nr_501868",-0.216847733129698,0.85207367315378,-0.254494112377724
"vm(ID, ginv)_Nr_504947",-0.426339504528884,0.838116276528089,-0.508687775752313
"vm(ID, ginv)_Nr_500775",-0.377727327756176,0.828451069656951,-0.455944040138167
"vm(ID, ginv)_Nr_504803",-0.471815760689506,0.842542789618637,-0.559990265779932
"vm(ID, ginv)_Nr_502832",0.273919168242707,0.842308020470664,0.325200712311449
"vm(ID, ginv)_Nr_503049",-0.210934913699876,0.844973879765962,-0.249634833396625
"vm(ID, ginv)_Nr_503684",0.0427322433135145,0.850391831438746,0.0502500632458068
"vm(ID, ginv)_Nr_501107",-0.497619691193819,0.838983441221914,-0.593122184234143
"vm(ID, ginv)_Nr_500800",-0.329178372643409,0.84249964274594,-0.390716334989206
"vm(ID, ginv)_Nr_502339",-0.122664709718845,0.845027897814754,-0.145160544445995
"vm(ID, ginv)_Nr_502050",-0.326129364888461,0.838383544501554,-0.388997812549334
"vm(ID, ginv)_Nr_504350",-0.16570664806019,0.843746849318291,-0.196393797729821
"vm(ID, ginv)_Nr_501326",0.0681250384405387,0.834693876415425,0.0816167943307554
"vm(ID, ginv)_Nr_502516",-0.210732976721834,0.842902340230127,-0.250008769300962
"vm(ID, ginv)_Nr_502714",-1.04483429040868,0.840476142947954,-1.24314568494942
"vm(ID, ginv)_Nr_501613",-0.961349807757271,0.846896603748629,-1.13514424724581
"vm(ID, ginv)_Nr_501338",0.146915043641179,0.844378154052531,0.173991999835703
"vm(ID, ginv)_Nr_500583",-0.675320771738594,0.845913052510193,-0.798333551816729
"vm(ID, ginv)_Nr_503844",-0.441615711592045,0.842076481807782,-0.524436581632084
"vm(ID, ginv)_Nr_500448",-0.0947898296577729,0.851188545986935,-0.111361730728961
"vm(ID, ginv)_Nr_500427",-0.304222192672332,0.849900295648201,-0.357950449282181
"vm(ID, ginv)_Nr_500087",-0.573074396908851,0.84311770135375,-0.679708652764253
"vm(ID, ginv)_Nr_501604",-0.528503985782269,0.838281648520346,-0.630461118545459
"vm(ID, ginv)_Nr_504109",0.278261381178948,0.842735120079529,0.330188424036117
"vm(ID, ginv)_Nr_501789",-0.403674997010013,0.841493665435265,-0.479712460819549
"vm(ID, ginv)_Nr_503490",0.40896665428285,0.826817353353485,0.494627565113533
"vm(ID, ginv)_Nr_503932",-0.269532627179474,0.84145202910058,-0.320318470760091
"vm(ID, ginv)_Nr_502008",-0.209109668958181,0.848246492276181,-0.246519933606865
"vm(ID, ginv)_Nr_501267",-0.723938709000407,0.841706345563893,-0.860084651631575
"vm(ID, ginv)_Nr_500703",-0.65493963190677,0.846554932196247,-0.773652845194153
"vm(ID, ginv)_Nr_502323",-0.543469292545985,0.832633507670467,-0.652711291990275
"vm(ID, ginv)_Nr_504844",-0.210374079827798,0.843921214506087,-0.249281658301387
"vm(ID, ginv)_Nr_504025",-0.100366927724044,0.846497377797715,-0.118567322659833
"vm(ID, ginv)_Nr_502562",-0.366919412617328,0.846499832882472,-0.433454796284965
"vm(ID, ginv)_Nr_500474",-0.56633818416859,0.896789218953934,-0.631517609934249
"vm(ID, ginv)_Nr_501339",-0.719458677176003,0.837137368317351,-0.859427262961773
"vm(ID, ginv)_Nr_501676",-0.623429145644791,0.839028113107266,-0.743037254539632
"vm(ID, ginv)_Nr_504579",-0.363418702334811,0.846944658885736,-0.429093800311504
"vm(ID, ginv)_Nr_502443",-0.413146201487104,0.843522696685891,-0.489786704151898
"vm(ID, ginv)_Nr_501288",-0.387985006915331,0.838463209786382,-0.462733489539964
"vm(ID, ginv)_Nr_502982",-0.181972069215705,0.843694686313754,-0.21568474018815
"vm(ID, ginv)_Nr_501500",-0.170315230296133,0.842695039019949,-0.202107788001468
"vm(ID, ginv)_Nr_503586",-0.196883596147412,0.840538269416402,-0.234235136353888
"vm(ID, ginv)_Nr_501876",-0.161728701951303,0.843177803537554,-0.191808538214324
"vm(ID, ginv)_Nr_500549",0.364293680354554,0.831577284502366,0.438075554904744
"vm(ID, ginv)_Nr_502183",-0.47741499565663,0.844571294135872,-0.565274949517553
"vm(ID, ginv)_Nr_503715",0.201139941121685,0.829345229126731,0.24252860456372
"vm(ID, ginv)_Nr_500368",-0.572893295727305,0.828931858369716,-0.691122303893629
"vm(ID, ginv)_Nr_504978",-0.377944868776864,0.834527866667749,-0.45288465954527
"vm(ID, ginv)_Nr_504555",-0.548266531619768,0.845660433609881,-0.648329411935919
"vm(ID, ginv)_Nr_501047",-0.320519558931799,0.845973566829961,-0.37887656482324
"vm(ID, ginv)_Nr_504388",0.0659334007651404,0.857542213263102,0.0768864782927152
"vm(ID, ginv)_Nr_502346",-0.648894199553183,0.837722513282097,-0.774593244499175
"vm(ID, ginv)_Nr_501979",-0.192866658776117,0.844165980343238,-0.228470067814978
"vm(ID, ginv)_Nr_501977",-0.583953278570553,0.850826336962942,-0.686336627348651
"vm(ID, ginv)_Nr_504782",-0.2629386567742,0.840222604576689,-0.312939279831291
"vm(ID, ginv)_Nr_501932",-1.29156235214596,0.842214720662999,-1.53353096361131
"vm(ID, ginv)_Nr_501889",-0.232639826597417,0.840125253345361,-0.276910884027173
"vm(ID, ginv)_Nr_504336",-0.185853647959835,0.826897529392874,-0.22476019259157
"vm(ID, ginv)_Nr_500900",0.277652771739872,0.841123014079131,0.330097699257283
"vm(ID, ginv)_Nr_504275",1.1106810084994,0.725851607511076,1.5301764121015
"vm(ID, ginv)_Nr_500682",-0.767647318690313,0.846346704315608,-0.907012829111286
"vm(ID, ginv)_Nr_503170",-0.501015177950568,0.844842508612938,-0.593027899096998
"vm(ID, ginv)_Nr_500546",-0.181832079202496,0.825899561646368,-0.220162459996985
"vm(ID, ginv)_Nr_503343",-0.573721086784321,0.850577232546087,-0.674507928065468
"vm(ID, ginv)_Nr_500849",-0.704928065212443,0.845804652423194,-0.833440751588271
"vm(ID, ginv)_Nr_504226",-0.368545979593028,0.846839380602753,-0.435201749038535
"vm(ID, ginv)_Nr_503707",0.181327871567455,0.822303427317543,0.220512119424054
"vm(ID, ginv)_Nr_500647",-0.638367506741141,0.849150442979566,-0.751771976354611
"vm(ID, ginv)_Nr_500895",-0.0647916222600424,0.847795504382976,-0.0764236445287566
"vm(ID, ginv)_Nr_503151",-0.512535457466579,0.849298614820432,-0.603480858820127
"vm(ID, ginv)_Nr_501975",0.16376302180168,0.832112096661713,0.196804039333965
"vm(ID, ginv)_Nr_503300",-0.257677057510408,0.840842957656906,-0.306450871906511
"vm(ID, ginv)_Nr_501417",-0.548127156526249,0.842397291088169,-0.650675355114455
"vm(ID, ginv)_Nr_500291",0.24174811126002,0.812973557506733,0.297362821985779
"vm(ID, ginv)_Nr_501493",0.0747416715931574,0.830736301153774,0.0899703931191546
"vm(ID, ginv)_Nr_502423",-0.32354070203974,0.842833852174313,-0.383872457430466
"vm(ID, ginv)_Nr_503138",-0.115903323410189,0.861879840176469,-0.134477357524058
"vm(ID, ginv)_Nr_504042",-0.263506994801374,0.829644334522999,-0.317614408772979
"vm(ID, ginv)_Nr_502643",0.427046239354975,0.815049111309429,0.523951542832674
"vm(ID, ginv)_Nr_504430",-0.891195255736152,0.841956957479993,-1.05848077840408
"vm(ID, ginv)_Nr_503784",-0.900820883600689,0.855378788088623,-1.05312511386167
"vm(ID, ginv)_Nr_503141",0.180486530760376,0.846070896220161,0.21332317606799
"vm(ID, ginv)_Nr_502000",0.309414091441052,0.82041138309289,0.377145049200298
"vm(ID, ginv)_Nr_502539",-0.208563523078297,0.846655777937445,-0.246338037858057
"vm(ID, ginv)_Nr_501965",-0.696926547937244,0.839461254740413,-0.830206926170469
"vm(ID, ginv)_Nr_504521",0.0222716359614268,0.842531390921324,0.0264341912971009
"vm(ID, ginv)_Nr_500891",0.0711317697477146,0.842764296815189,0.0844029226398436
"vm(ID, ginv)_Nr_503047",-0.616169619968312,0.843502438565596,-0.730489435236405
"vm(ID, ginv)_Nr_502922",-0.651496151257237,0.851727502773422,-0.764911487695084
"vm(ID, ginv)_Nr_503863",-0.125800209147225,0.831392669926973,-0.151312627230975
"vm(ID, ginv)_Nr_500072",-0.219936438767674,0.843695355874288,-0.26068229158351
"vm(ID, ginv)_Nr_502990",0.0265597136300043,0.836050804371578,0.0317680618105117
"vm(ID, ginv)_Nr_501652",0.282857211860303,0.824628320096712,0.343011760531254
"vm(ID, ginv)_Nr_501138",0.236185960569903,0.841348302487917,0.28072316764827
"vm(ID, ginv)_Nr_501331",-0.018829249183894,0.8370186272425,-0.0224956154750411
"vm(ID, ginv)_Nr_503128",-0.737417717726858,0.843041278539166,-0.874711282233613
"vm(ID, ginv)_Nr_502800",-0.657992207448194,0.846011831033138,-0.777757690036867
"vm(ID, ginv)_Nr_504261",-0.333936243799148,0.844520331955396,-0.39541528032363
"vm(ID, ginv)_Nr_502858",0.621714988121802,0.849357366649062,0.731982805511691
"vm(ID, ginv)_Nr_501730",-0.176588034900757,0.830785433820014,-0.212555526026488
"vm(ID, ginv)_Nr_503440",-0.575325723622978,0.842004746858261,-0.683280855327323
"vm(ID, ginv)_Nr_501279",0.750529005359635,0.85386166654847,0.8789819648345
"vm(ID, ginv)_Nr_504940",-0.343146515497211,0.839205310114626,-0.408894595114443
"vm(ID, ginv)_Nr_502946",-0.657309291543515,0.849192482695983,-0.774040403015246
"vm(ID, ginv)_Nr_500111",-0.437860420286729,0.847236097502633,-0.516810392731606
"vm(ID, ginv)_Nr_501240",-0.801535041059121,0.838996063655012,-0.955350180747338
"vm(ID, ginv)_Nr_503761",-1.16924058376714,0.843098752988566,-1.3868370456278
"vm(ID, ginv)_Nr_500906",0.186929546304537,0.842376108623672,0.221907464362865
"vm(ID, ginv)_Nr_500582",-0.43019830297129,0.837563141562591,-0.513630891360256
"vm(ID, ginv)_Nr_500043",0.350065975068411,0.837021052119334,0.418228399610792
"vm(ID, ginv)_Nr_503480",-0.342668374959736,0.846395360011685,-0.404856159602535
"vm(ID, ginv)_Nr_503284",-0.508556443148861,0.836161624159091,-0.608203520055473
"vm(ID, ginv)_Nr_504449",-0.219330774560961,0.841155457879908,-0.260749392405743
"vm(ID, ginv)_Nr_504368",-0.669017107968026,0.845886586055133,-0.790906392177286
"vm(ID, ginv)_Nr_503637",-0.358576852545475,0.838050342277475,-0.42787030140816
"vm(ID, ginv)_Nr_500381",-0.657344487907555,0.841999901772353,-0.780694257236716
"vm(ID, ginv)_Nr_500040",-0.303780004411915,0.850494689441427,-0.357180365948465
"vm(ID, ginv)_Nr_500483",0.276736914412299,0.82201120051666,0.33665832562666
"vm(ID, ginv)_Nr_501065",-0.28363546969257,0.816660059028249,-0.347311548491878
"vm(ID, ginv)_Nr_502664",-0.475055516891617,0.849295756441863,-0.559352278977431
"vm(ID, ginv)_Nr_504864",-0.255510476584501,0.839815207213621,-0.304246070313784
"vm(ID, ginv)_Nr_502621",-0.885864043288196,0.843074961151068,-1.05075359144661
"vm(ID, ginv)_Nr_503723",0.185096398872005,0.841699195852882,0.219908014388026
"vm(ID, ginv)_Nr_501807",-0.0314226877989065,0.839437340817661,-0.0374330355238891
"vm(ID, ginv)_Nr_503050",-0.175825192728713,0.829892603558246,-0.211864995512486
"vm(ID, ginv)_Nr_503002",-0.849725732066542,0.835056080625305,-1.01756726497968
"vm(ID, ginv)_Nr_504596",0.427084145878986,0.83662207459059,0.510486346045775
"vm(ID, ginv)_Nr_502785",-0.164856518789467,0.85104962206311,-0.193709643381102
"vm(ID, ginv)_Nr_502029",0.277759809707293,0.843239308615405,0.329396183111261
"vm(ID, ginv)_Nr_503643",0.454092617199471,0.719345483539757,0.631258036076032
"vm(ID, ginv)_Nr_503212",-0.305135209753694,0.842316632008607,-0.362257134856831
"vm(ID, ginv)_Nr_500998",-0.172506554033616,0.846533363218397,-0.203779982607858
"vm(ID, ginv)_Nr_504515",-0.575980012330548,0.842218594010178,-0.683884227238502
"vm(ID, ginv)_Nr_503820",-0.244756287340977,0.848734784623988,-0.288377820462974
"vm(ID, ginv)_Nr_502085",-0.293808034177493,0.846090042050566,-0.347253861380316
"vm(ID, ginv)_Nr_504589",-0.346481325543278,0.850331611550818,-0.407466123611907
"vm(ID, ginv)_Nr_504672",-0.0420456090403293,0.843188977859838,-0.0498649889222324
"vm(ID, ginv)_Nr_502170",-0.179108085167666,0.843707301525972,-0.212286991997961
"vm(ID, ginv)_Nr_504834",-0.46952911465204,0.840165562200899,-0.558853082982907
"vm(ID, ginv)_Nr_501825",-1.05955634134101,0.844783506464689,-1.25423417151586
"vm(ID, ginv)_Nr_500189",-0.490008048749771,0.832227440677166,-0.58879102610587
"vm(ID, ginv)_Nr_500035",-0.154331178291971,0.840176592161369,-0.183688976498323
"vm(ID, ginv)_Nr_501446",-0.161453146593101,0.838459269446754,-0.1925593197862
"vm(ID, ginv)_Nr_503625",0.101377817649862,0.842358384362676,0.120349983488992
"vm(ID, ginv)_Nr_500576",-0.287450264135957,0.832488940310658,-0.345290189715541
"vm(ID, ginv)_Nr_504877",-0.450248385019806,0.846851849362901,-0.531673143724648
"vm(ID, ginv)_Nr_504476",-0.822474437141019,0.837027131685906,-0.982613831745722
"vm(ID, ginv)_Nr_500442",-0.181154890174172,0.841835526784877,-0.215190360124186
"vm(ID, ginv)_Nr_500862",0.202612915613617,0.84915266006338,0.238605995297116
"vm(ID, ginv)_Nr_501157",-0.867976934233775,0.842506664265115,-1.03023153530883
"vm(ID, ginv)_Nr_501534",-0.325345252211952,0.847986173860249,-0.383668109505722
"vm(ID, ginv)_Nr_500155",0.0688825442443051,0.842325499520747,0.0817766341912916
"vm(ID, ginv)_Nr_500598",-0.467746023785765,0.842999128628396,-0.554859439234312
"vm(ID, ginv)_Nr_500837",-0.542048074811565,0.846075910052598,-0.640661279172773
"vm(ID, ginv)_Nr_504994",-0.817416623025472,0.850991026117518,-0.960546701361561
"vm(ID, ginv)_Nr_502022",-0.764247469285936,0.857230534495244,-0.891530852591412
"vm(ID, ginv)_Nr_504414",0.916540506089186,0.821301502383259,1.11596107328376
"vm(ID, ginv)_Nr_501957",-0.247158237797793,0.843019374769846,-0.293182155944246
"vm(ID, ginv)_Nr_501599",-0.66129350335476,0.856677698442147,-0.771928001110931
"vm(ID, ginv)_Nr_504610",-0.824066618111706,0.844043576499976,-0.976331840032349
"vm(ID, ginv)_Nr_502970",-0.554257283684197,0.836711819613391,-0.662423155370623
"vm(ID, ginv)_Nr_504440",-0.441737996628079,0.856544923159233,-0.515720757527576
"vm(ID, ginv)_Nr_503167",-0.108140477862903,0.840220273486429,-0.128704913789074
"vm(ID, ginv)_Nr_503374",-0.250173634241986,0.836692998674993,-0.299002901468241
"vm(ID, ginv)_Nr_500610",-0.210468129329364,0.838474455368524,-0.251013168000281
"vm(ID, ginv)_Nr_504698",0.0102998976443626,0.828581084964641,0.0124307660786176
"vm(ID, ginv)_Nr_501402",0.133363908903331,0.844354723110477,0.157947726533747
"vm(ID, ginv)_Nr_501310",-0.296267661767668,0.835638944753946,-0.354540275591037
"vm(ID, ginv)_Nr_501488",-0.642246997424654,0.8367068255212,-0.767589050112728
"vm(ID, ginv)_Nr_504455",-0.304536482625101,0.812133367366002,-0.374983340005849
"vm(ID, ginv)_Nr_504327",-0.428932424175228,0.838111565489857,-0.511784399400964
"vm(ID, ginv)_Nr_501746",-0.938185240243868,0.841554779566469,-1.11482373224376
"vm(ID, ginv)_Nr_504881",0.00526377877753086,0.828544637686555,0.00635304187379484
"vm(ID, ginv)_Nr_501019",-0.729818432270128,0.843114305838923,-0.865622166787857
"vm(ID, ginv)_Nr_504970",-0.335994772496882,0.846036524558508,-0.397139795675152
"vm(ID, ginv)_Nr_503390",-0.404996191641343,0.844014164367277,-0.479845254664597
"vm(ID, ginv)_Nr_501456",0.10949802203165,0.846151503914709,0.129407111522061
"vm(ID, ginv)_Nr_504777",-0.560273311966066,0.838944983075204,-0.667830815213115
"vm(ID, ginv)_Nr_500485",0.166010721901992,0.843881237539159,0.196722849753237
"vm(ID, ginv)_Nr_503076",0.420912989542636,0.853088194187405,0.493399149596215
"vm(ID, ginv)_Nr_500993",-0.513485236282037,0.844084304008838,-0.608334065499529
"vm(ID, ginv)_Nr_502125",-0.510460334859698,0.83902397755659,-0.608397791379292
"vm(ID, ginv)_Nr_501191",-0.404020389933078,0.839254199264702,-0.481404073148581
"vm(ID, ginv)_Nr_504002",-0.773339101030329,0.850468049830602,-0.909309998399545
"vm(ID, ginv)_Nr_500138",-0.40657053334814,0.841933631720361,-0.48290092951552
"vm(ID, ginv)_Nr_504556",-0.517694984188625,0.843528445614115,-0.613725579594091
"vm(ID, ginv)_Nr_503091",-0.433904807397876,0.83874149896427,-0.517328411594858
"vm(ID, ginv)_Nr_502418",-0.711740837083475,0.837559445656187,-0.849779488219921
"vm(ID, ginv)_Nr_500092",-0.54920721015007,0.841213659665492,-0.652874812290212
"vm(ID, ginv)_Nr_501607",-0.251713376102302,0.843758280851553,-0.298324036415101
"vm(ID, ginv)_Nr_500456",-0.320143029622065,0.842290370708943,-0.380086298923975
"vm(ID, ginv)_Nr_501544",-0.99106438634511,0.841437395668274,-1.17782308160668
"vm(ID, ginv)_Nr_504427",-0.00351461543875178,0.843827092400848,-0.00416508959051319
"vm(ID, ginv)_Nr_500944",0.258557464085738,0.843380515998669,0.306572726285446
"vm(ID, ginv)_Nr_500364",-0.0115791469939989,0.867364978865821,-0.0133497976931694
"vm(ID, ginv)_Nr_503283",0.0715545843814054,0.852712770621071,0.0839140527111947
"vm(ID, ginv)_Nr_502338",-0.830658098238001,0.850215613712389,-0.976996993281514
"vm(ID, ginv)_Nr_500397",-0.273996556562706,0.841249670110585,-0.325701829430362
"vm(ID, ginv)_Nr_501628",-0.526670424748597,0.851291910002837,-0.61867194855269
"vm(ID, ginv)_Nr_501475",-0.356215440023237,0.840542221212535,-0.423792441395001
"vm(ID, ginv)_Nr_501867",-0.0761877335332302,0.839940880930534,-0.0907060666565308
"vm(ID, ginv)_Nr_502074",-0.0353478020408197,0.839558407701149,-0.0421028503991853
"vm(ID, ginv)_Nr_500523",0.15309476476609,0.842765772702975,0.181657549137377
"vm(ID, ginv)_Nr_504717",-0.443623692253584,0.840601825311511,-0.527745335419876
"vm(ID, ginv)_Nr_501305",-0.835373894148097,0.888809402210893,-0.939879677319034
"vm(ID, ginv)_Nr_502703",-0.0543588553904387,0.844862183212613,-0.0643405001082396
"vm(ID, ginv)_Nr_500377",-0.0260686440929295,0.841384741644829,-0.0309830245340172
"vm(ID, ginv)_Nr_504403",-0.707263802112808,0.84029127492219,-0.841688856257968
"vm(ID, ginv)_Nr_502337",-0.544479890548049,0.834089511920979,-0.652783523550207
"vm(ID, ginv)_Nr_500653",0.266450253782888,0.849555654719332,0.313634842288131
"vm(ID, ginv)_Nr_500852",-0.296372022208378,0.83793870395876,-0.353691768631998
"vm(ID, ginv)_Nr_500003",0.0384853650618921,0.848595788004223,0.0453518219226661
"vm(ID, ginv)_Nr_504496",-1.22132435374207,0.844038836981133,-1.44700018557247
"vm(ID, ginv)_Nr_503599",-0.323432140599616,0.841381152582146,-0.384406210677555
"vm(ID, ginv)_Nr_504076",-0.196780615111502,0.840139117308049,-0.23422384585784
"vm(ID, ginv)_Nr_503954",-0.602702334686944,0.837403906530651,-0.719727159124356
"vm(ID, ginv)_Nr_504849",-0.836344169491244,0.842875603691688,-0.992251010502811
"vm(ID, ginv)_Nr_504534",0.190638090064486,0.843274141565473,0.226068938519307
"vm(ID, ginv)_Nr_503341",-0.21377077941725,0.846503019730951,-0.252533983263514
"vm(ID, ginv)_Nr_500885",-0.363847882486369,0.833299846788928,-0.43663500466061
"vm(ID, ginv)_Nr_503217",-0.254470501600319,0.839921903684084,-0.3029692409308
"vm(ID, ginv)_Nr_501941",0.000374691497900449,0.843854812194725,0.00044402365488198
"vm(ID, ginv)_Nr_503859",-0.346850123436141,0.836223041976562,-0.414781829757165
"vm(ID, ginv)_Nr_501572",-0.472812085295195,0.842614661092262,-0.561124921185562
"vm(ID, ginv)_Nr_504505",-0.224049078549842,0.840825112815128,-0.266463352646204
"vm(ID, ginv)_Nr_503206",-0.715120420096225,0.837487634054497,-0.853887736388584
"vm(ID, ginv)_Nr_502779",-0.901340560711935,0.847673492665131,-1.06331101362869
"vm(ID, ginv)_Nr_504086",-0.131768210107723,0.839745205099336,-0.156914513244688
"vm(ID, ginv)_Nr_503218",0.0234084426903393,0.840419388529917,0.027853287310858
"vm(ID, ginv)_Nr_500746",-0.371607401157034,0.843410881087695,-0.440600672210673
"vm(ID, ginv)_Nr_500976",-0.163449109886311,0.844391585430166,-0.193570273208068
"vm(ID, ginv)_Nr_502477",-0.493299890671193,0.838593149965668,-0.588246983285504
"vm(ID, ginv)_Nr_504003",-0.909546793338384,0.841793519424032,-1.08048680864247
"vm(ID, ginv)_Nr_501686",-0.0927288189776955,0.842396729323344,-0.110077372988117
"vm(ID, ginv)_Nr_500520",-0.563427390890267,0.830910037157946,-0.678084709167097
"vm(ID, ginv)_Nr_504446",0.0758925717152252,0.839369856367549,0.0904161272167401
"vm(ID, ginv)_Nr_501023",-0.0606119789575687,0.844446352129794,-0.0717771813504767
"vm(ID, ginv)_Nr_502521",-0.258422976094566,0.846583555349696,-0.305253952148669
"vm(ID, ginv)_Nr_503346",-0.0244129239585045,0.826222557405284,-0.0295476366987271
"vm(ID, ginv)_Nr_500402",-0.0232948414023779,0.833733540669579,-0.0279403913433417
"vm(ID, ginv)_Nr_503030",-0.261718066174791,0.839624557004297,-0.311708446342467
"vm(ID, ginv)_Nr_503225",-0.117558412851312,0.84424735125449,-0.139246410043963
"vm(ID, ginv)_Nr_501216",-0.15991877575202,0.838709575304106,-0.190672409688461
"vm(ID, ginv)_Nr_504510",-0.704073746123529,0.839158421229835,-0.839023631666198
"vm(ID, ginv)_Nr_501881",-0.704294128405228,0.843837992254833,-0.834631925641642
"vm(ID, ginv)_Nr_502431",-0.211660228657672,0.841405075420556,-0.25155568327405
"vm(ID, ginv)_Nr_502684",-0.104684266629331,0.840328553809957,-0.12457540107938
"vm(ID, ginv)_Nr_503766",-0.511199371129688,0.842132488764249,-0.607029627701249
"vm(ID, ginv)_Nr_500709",0.132121379173948,0.848109819562751,0.155783338579978
"vm(ID, ginv)_Nr_501289",-0.736554572044413,0.849267024825647,-0.867282669070574
"vm(ID, ginv)_Nr_504001",0.170589095080017,0.84323967077147,0.202302027517214
"vm(ID, ginv)_Nr_501260",0.0244717059954084,0.840738875647857,0.0291073800727378
"vm(ID, ginv)_Nr_504058",-0.284016633138144,0.8452755342093,-0.336004795647875
"vm(ID, ginv)_Nr_504653",-0.334902942367018,0.842119850161728,-0.397690355241834
"vm(ID, ginv)_Nr_503101",-0.167139567960533,0.847265981803958,-0.197269300963397
"vm(ID, ginv)_Nr_500691",0.00492385325949172,0.845301509200363,0.005824966838341
"vm(ID, ginv)_Nr_504607",-0.706960490894646,0.833682792412562,-0.847996980780664
"vm(ID, ginv)_Nr_503345",-0.544102372675259,0.837011467805587,-0.650053665455438
"vm(ID, ginv)_Nr_503923",-0.261159996174592,0.850957070315961,-0.306901493958589
"vm(ID, ginv)_Nr_500488",-0.413732927351702,0.841791451069126,-0.491491006265549
"vm(ID, ginv)_Nr_503802",-0.372634879834451,0.847743817576371,-0.439560716467132
"vm(ID, ginv)_Nr_503492",-0.497845691399994,0.834357030713313,-0.596681843711886
"vm(ID, ginv)_Nr_501803",-0.727836868634087,0.850616471335272,-0.85565809405448
"vm(ID, ginv)_Nr_501329",-0.256347579719171,0.848776332802688,-0.302020178711514
"vm(ID, ginv)_Nr_502706",-0.696562331778672,0.838566996053801,-0.830657937954407
"vm(ID, ginv)_Nr_502172",-0.257050127614238,0.840327713793314,-0.305892717085208
"vm(ID, ginv)_Nr_503534",-0.650944261797741,0.856209132460967,-0.760263161322232
"vm(ID, ginv)_Nr_503860",0.0342917938732806,0.841529382121523,0.0407493720383593
"vm(ID, ginv)_Nr_500543",-0.328431889883394,0.823795872562492,-0.398681154910107
"vm(ID, ginv)_Nr_502432",-0.206913537359988,0.844700026295527,-0.244955050217551
"vm(ID, ginv)_Nr_502514",-0.0994253915526923,0.847636864174478,-0.117297153716319
"vm(ID, ginv)_Nr_504113",-0.0835680490887522,0.865702504710753,-0.096532063421341
"vm(ID, ginv)_Nr_504099",0.0422232852800739,0.837632159907427,0.0504079085081216
"vm(ID, ginv)_Nr_502961",-0.723318700829512,0.837332376342248,-0.863837015342956
"vm(ID, ginv)_Nr_500172",-0.0988752350951162,0.845518041235634,-0.116940420278461
"vm(ID, ginv)_Nr_500710",-0.711998441080013,0.830758194314632,-0.857046546098055
"vm(ID, ginv)_Nr_501121",-0.140457878760656,0.844025467985091,-0.166414266024419
"vm(ID, ginv)_Nr_500755",-0.697376552820654,0.835765800135523,-0.83441623563392
"vm(ID, ginv)_Nr_502227",0.11811225076295,0.838811675958269,0.140809020842512
"vm(ID, ginv)_Nr_503763",0.392472818144909,0.842563230401897,0.465808148259333
"vm(ID, ginv)_Nr_500220",-0.266079714648527,0.84285179554951,-0.315689799859834
"vm(ID, ginv)_Nr_503029",-0.227433819919936,0.83883344548635,-0.271131082271132
"vm(ID, ginv)_Nr_500728",-0.0247159822834884,0.852260508324328,-0.0290005016565694
"vm(ID, ginv)_Nr_503319",-0.144126925209926,0.830538983470172,-0.173534208602386
"vm(ID, ginv)_Nr_500211",-0.143962335341805,0.833186401957127,-0.172785267502737
"vm(ID, ginv)_Nr_502701",-0.0150007681266377,0.841252901689868,-0.0178314607848661
"vm(ID, ginv)_Nr_500229",-0.640669455359559,0.842285755391189,-0.760631948550534
"vm(ID, ginv)_Nr_504691",-0.0124684376093563,0.853019122755997,-0.014616832468037
"vm(ID, ginv)_Nr_502300",-0.310694484875755,0.837258011790092,-0.371085711334643
"vm(ID, ginv)_Nr_502927",0.154690723684134,0.816988243779908,0.189342655615749
"vm(ID, ginv)_Nr_502819",-0.0489220143361362,0.849885271959009,-0.0575630805124668
"vm(ID, ginv)_Nr_501071",-0.491044191982348,0.845779311864036,-0.580581937976376
"vm(ID, ginv)_Nr_504389",0.241509403927597,0.840444835821875,0.287359019454767
"vm(ID, ginv)_Nr_502793",-0.413808588860543,0.832786377663293,-0.496896443024974
"vm(ID, ginv)_Nr_501274",-0.0957741298971761,0.825764526285899,-0.115982373725772
"vm(ID, ginv)_Nr_503672",0.443343964855005,0.822160730500552,0.539242447866716
"vm(ID, ginv)_Nr_503012",-0.380788508700316,0.839938431277288,-0.453352882212156
"vm(ID, ginv)_Nr_500414",0.36688220032312,0.838226343372946,0.43768870213124
"vm(ID, ginv)_Nr_503709",-0.670722787817274,0.844135953404299,-0.794567255561535
"vm(ID, ginv)_Nr_502671",-0.917988136138235,0.843329108792817,-1.08852893439465
"vm(ID, ginv)_Nr_504614",0.16300485902791,0.844252159996706,0.193076034331433
"vm(ID, ginv)_Nr_504740",-0.489618341004942,0.847630256999413,-0.577631976869463
"vm(ID, ginv)_Nr_504530",-0.785423783406394,0.83814429274851,-0.937098528501304
"vm(ID, ginv)_Nr_503603",-0.186629882724471,0.84479147689535,-0.220918283184325
"vm(ID, ginv)_Nr_503947",-0.29621299061055,0.846988921320355,-0.34972475218305
"vm(ID, ginv)_Nr_504492",-0.216348819855722,0.842561425645904,-0.256775130299693
"vm(ID, ginv)_Nr_504927",0.20301660939671,0.837611501685138,0.242375622813528
"vm(ID, ginv)_Nr_501223",-0.256981868126322,0.837836545893146,-0.306720767178252
"vm(ID, ginv)_Nr_501016",-0.145302659628389,0.839704227610617,-0.173040285913349
"vm(ID, ginv)_Nr_500818",-0.343930387678521,0.841404678718388,-0.408757398642458
"vm(ID, ginv)_Nr_500823",-0.435387871833873,0.840080161880594,-0.518269436168114
"vm(ID, ginv)_Nr_500552",-0.547517010731924,0.848476453540619,-0.645294290073911
"vm(ID, ginv)_Nr_503966",-0.325588232145248,0.834539511377066,-0.390141182899774
"vm(ID, ginv)_Nr_501515",-0.29702513360072,0.844297133077489,-0.351801660770841
"vm(ID, ginv)_Nr_503921",0.00344763750502493,0.832253224530289,0.00414253427130995
"vm(ID, ginv)_Nr_501126",-0.181773603603918,0.848646730784966,-0.214192309956564
"vm(ID, ginv)_Nr_502773",-0.349655428508823,0.846299188459,-0.413158175355809
"vm(ID, ginv)_Nr_500244",-0.517940730168313,0.841993145132525,-0.615136516446096
"vm(ID, ginv)_Nr_500198",-0.142125453303897,0.854708734837197,-0.166285247255568
"vm(ID, ginv)_Nr_500715",-0.16727881020481,0.839125183478923,-0.199349052439697
"vm(ID, ginv)_Nr_502825",-0.646074134293072,0.843641550637201,-0.765815924790681
"vm(ID, ginv)_Nr_500927",0.0954511242925597,0.841280732797577,0.113459301480908
"vm(ID, ginv)_Nr_502864",-0.536617617326847,0.827823433379958,-0.648227140823819
"vm(ID, ginv)_Nr_504277",-0.366142515457579,0.829571469457328,-0.44136343755541
"vm(ID, ginv)_Nr_503339",-1.13016249298,0.837001940454687,-1.35025074418114
"vm(ID, ginv)_Nr_500855",-0.398408502121842,0.840215480040225,-0.474174198864759
"vm(ID, ginv)_Nr_503290",-0.158616618557175,0.842826790024353,-0.188195985740548
"vm(ID, ginv)_Nr_503841",0.0462273704966241,0.825086039263544,0.056027333268038
"vm(ID, ginv)_Nr_503288",-0.57209593691978,0.846760508297378,-0.675628978103999
"vm(ID, ginv)_Nr_504123",-0.353529334449225,0.8353957835899,-0.423187836704207
"vm(ID, ginv)_Nr_504966",0.0861289043932864,0.845413351618147,0.101877861555455
"vm(ID, ginv)_Nr_503314",0.192559606253666,0.843005824845641,0.228420255920444
"vm(ID, ginv)_Nr_502497",-0.58648304936542,0.840053642804724,-0.698149522222538
"vm(ID, ginv)_Nr_501467",-0.571331937404576,0.8394532405559,-0.680600073717305
"vm(ID, ginv)_Nr_501362",-0.341207194066887,0.849867338863192,-0.401482888521514
"vm(ID, ginv)_Nr_502343",0.155789310920388,0.832495732457125,0.187135266700495
"vm(ID, ginv)_Nr_501192",-0.217130190275206,0.838816938117314,-0.258852891982063
"vm(ID, ginv)_Nr_504870",-0.395149333765334,0.838962570599006,-0.470997572017074
"vm(ID, ginv)_Nr_500409",-0.610098225938046,0.829942542256366,-0.735108992339844
"vm(ID, ginv)_Nr_503869",-0.352966504050932,0.847604113266013,-0.416428493593396
"vm(ID, ginv)_Nr_504516",-0.700064704686348,0.838866829732219,-0.834536162205652
"vm(ID, ginv)_Nr_502119",-0.327041496575445,0.835289389654891,-0.391530768408977
"vm(ID, ginv)_Nr_501463",-0.0314770818794175,0.842548650448824,-0.0373593641894147
"vm(ID, ginv)_Nr_502032",-0.598904830007736,0.847020639725701,-0.707072297791569
"vm(ID, ginv)_Nr_502625",0.279858233252262,0.83479819444521,0.335240582831219
"vm(ID, ginv)_Nr_503391",0.223937361865178,0.839344218920958,0.266800386321916
"vm(ID, ginv)_Nr_501952",-0.275775903541318,0.843522236411552,-0.326933768473613
"vm(ID, ginv)_Nr_502550",-0.39020524730656,0.843945683926578,-0.462358247382787
"vm(ID, ginv)_Nr_501639",-0.14313638738862,0.83874028231377,-0.170656388404
"vm(ID, ginv)_Nr_503476",-0.0725430148987282,0.839302787295461,-0.0864324722815328
"vm(ID, ginv)_Nr_504699",-0.215237130754622,0.835809407814789,-0.257519392270729
"vm(ID, ginv)_Nr_501865",-0.211589424976656,0.844897612396494,-0.250432030901942
"vm(ID, ginv)_Nr_500269",-0.101283340136927,0.848604549531969,-0.119352813030272
"vm(ID, ginv)_Nr_502794",-0.0561949062179311,0.833408587585546,-0.0674277983872622
"vm(ID, ginv)_Nr_504242",-0.180542253112549,0.849804442898636,-0.212451528844366
"vm(ID, ginv)_Nr_504612",-0.469310613952858,0.828710364420895,-0.566314401390181
"vm(ID, ginv)_Nr_504470",-0.749600110619143,0.848071725157591,-0.883887634008609
"vm(ID, ginv)_Nr_502284",-0.829117271557976,0.837053326028571,-0.990519057479589
"vm(ID, ginv)_Nr_502886",-0.0456715892033493,0.846283477110521,-0.0539672467188967
"vm(ID, ginv)_Nr_501429",-0.383735640439537,0.841765259501952,-0.455870132567104
"vm(ID, ginv)_Nr_504676",-0.542162304204838,0.836279109074806,-0.648303058538248
"vm(ID, ginv)_Nr_502058",0.29858767778386,0.846695440959977,0.352650626588143
"vm(ID, ginv)_Nr_500481",-0.615590841492046,0.838277965439643,-0.734351691051778
"vm(ID, ginv)_Nr_504593",-0.499698049451649,0.83518254908471,-0.598309974267633
"vm(ID, ginv)_Nr_503175",-0.655109106780806,0.848139431168403,-0.772407322081846
"vm(ID, ginv)_Nr_503410",0.144845357988703,0.833435044690067,0.173793217493712
"vm(ID, ginv)_Nr_503325",-0.852660527549136,0.840835565938785,-1.01406334613968
"vm(ID, ginv)_Nr_504685",-0.235323380036875,0.848020415557367,-0.277497305158871
"vm(ID, ginv)_Nr_501944",-0.295117654426387,0.842322931276145,-0.350361652839339
"vm(ID, ginv)_Nr_502310",0.206412439222215,0.84349384441644,0.244711257335872
"vm(ID, ginv)_Nr_503309",-0.116987736927631,0.854967420327341,-0.136832976492648
"vm(ID, ginv)_Nr_501986",-1.10312225461375,0.851583006911141,-1.29537842542794
"vm(ID, ginv)_Nr_504585",-0.715737272545067,0.84945632170177,-0.842582784140313
"vm(ID, ginv)_Nr_503832",-0.061223181074694,0.833586420296439,-0.073445511567861
"vm(ID, ginv)_Nr_504576",-0.239371351177298,0.843168085989437,-0.28389517482318
"vm(ID, ginv)_Nr_502908",-0.229559410507189,0.837881471220483,-0.273975995880188
"vm(ID, ginv)_Nr_504270",-0.14028890679881,0.832621726767837,-0.168490566950972
"vm(ID, ginv)_Nr_501136",-0.229906529936469,0.847200193719863,-0.271372140422917
"vm(ID, ginv)_Nr_501239",-0.128571410558139,0.845386020556132,-0.152086038131503
"vm(ID, ginv)_Nr_501230",-0.346542946480685,0.8213800016274,-0.421903316119311
"vm(ID, ginv)_Nr_503107",-0.099768385082275,0.833560304861062,-0.119689462778466
"vm(ID, ginv)_Nr_501149",-0.153705939700238,0.827812038273709,-0.185677342915634
"vm(ID, ginv)_Nr_503660",0.0642931886484661,0.829366378917151,0.0775208524035052
"vm(ID, ginv)_Nr_503127",-0.451357708637096,0.847171844171859,-0.532781762923571
"vm(ID, ginv)_Nr_501543",-0.519901495379376,0.846469327947237,-0.614200040348991
"vm(ID, ginv)_Nr_501342",-0.486596553011799,0.85227994439234,-0.570935120805563
"vm(ID, ginv)_Nr_501323",0.162793940250725,0.859829796276076,0.189332750453387
"vm(ID, ginv)_Nr_502783",-0.925081185447528,0.827454383858386,-1.11798451188803
"vm(ID, ginv)_Nr_503338",-0.213785894978874,0.843231290681576,-0.253531738375212
"vm(ID, ginv)_Nr_503821",-0.436567132604445,0.842454741978883,-0.518208410316465
"vm(ID, ginv)_Nr_504332",-0.259661949396956,0.83920061672588,-0.309415822893482
"vm(ID, ginv)_Nr_502196",0.0379787091229487,0.848325251043089,0.0447690423882238
"vm(ID, ginv)_Nr_502445",-0.544294086106645,0.840314375589462,-0.647726734086674
"vm(ID, ginv)_Nr_500949",0.749492073698978,0.842859112146143,0.889225806422821
"vm(ID, ginv)_Nr_504939",-0.844475319447858,0.839168775036203,-1.00632357228905
"vm(ID, ginv)_Nr_501211",0.0105472408075326,0.829678303259289,0.0127124462169242
"vm(ID, ginv)_Nr_504053",-0.0540469149437183,0.831134549566316,-0.0650278766198804
"vm(ID, ginv)_Nr_500544",-0.550521843078193,0.847047834817409,-0.649930051703473
"vm(ID, ginv)_Nr_502364",-0.637934752950903,0.842116474934353,-0.757537433287519
"vm(ID, ginv)_Nr_504316",-0.635230844439758,0.841504596086649,-0.754875074234709
"vm(ID, ginv)_Nr_503028",-0.782829685522793,0.839227102834119,-0.932798384226547
"vm(ID, ginv)_Nr_503251",-0.678919967133929,0.846557573828065,-0.801977311553551
"vm(ID, ginv)_Nr_504040",-0.245164232807569,0.838079156268369,-0.292531118300552
"vm(ID, ginv)_Nr_500283",-1.18122923623276,0.850032762329404,-1.38962789268941
"vm(ID, ginv)_Nr_504889",-0.296026945066901,0.84454874442656,-0.350514931222709
"vm(ID, ginv)_Nr_501218",-0.127593953372361,0.839166544206599,-0.152048427398875
"vm(ID, ginv)_Nr_502434",-0.735496489062996,0.83581806071155,-0.879971998256238
"vm(ID, ginv)_Nr_502893",-0.497167676052599,0.843793011320714,-0.589205728635304
"vm(ID, ginv)_Nr_504339",-0.241244658391353,0.83900060893682,-0.287538120737549
"vm(ID, ginv)_Nr_502128",0.185552689089112,0.837092907434626,0.221663195854521
"vm(ID, ginv)_Nr_500126",-0.737695730364114,0.847550024324987,-0.870386064765482
"vm(ID, ginv)_Nr_504768",-0.418867709915268,0.836590269218721,-0.5006844154504
"vm(ID, ginv)_Nr_501913",-0.668302665151212,0.839143933498285,-0.796410053714077
"vm(ID, ginv)_Nr_504216",-0.262441045595691,0.841740751962509,-0.311783699415542
"vm(ID, ginv)_Nr_504728",-0.331015816628786,0.836621404768901,-0.395657838470225
"vm(ID, ginv)_Nr_503093",-0.252373459104669,0.839537037071943,-0.30061027442562
"vm(ID, ginv)_Nr_502897",-0.237881821283037,0.846527179504141,-0.281009076899785
"vm(ID, ginv)_Nr_504471",-0.661397772486815,0.849297343549463,-0.778758791029111
"vm(ID, ginv)_Nr_503448",-0.0622602094900122,0.731494296156744,-0.0851137320101141
"vm(ID, ginv)_Nr_500960",-0.895078327915312,0.861034195640011,-1.03953865299159
"vm(ID, ginv)_Nr_500725",0.159188537680263,0.844302950976177,0.188544334111601
"vm(ID, ginv)_Nr_500254",-0.107398542484391,0.84801845766496,-0.126646468026316
"vm(ID, ginv)_Nr_501997",-0.235486856943449,0.838907812266489,-0.280706477517751
"vm(ID, ginv)_Nr_500640",-0.255189146606769,0.838053921119379,-0.304502061473462
"vm(ID, ginv)_Nr_503557",0.765157102320925,0.727242315104184,1.05213501253885
"vm(ID, ginv)_Nr_501042",0.210468314382321,0.855253406098119,0.246088835053614
"vm(ID, ginv)_Nr_504716",-0.738548574939874,0.8406139177776,-0.8785823780939
"vm(ID, ginv)_Nr_502114",-0.335750447530685,0.847457873111252,-0.396185413084962
"vm(ID, ginv)_Nr_500417",-0.197977021498062,0.841364437526576,-0.235304717751169
"vm(ID, ginv)_Nr_504355",-0.426657263023443,0.833429724450667,-0.511929501080205
"vm(ID, ginv)_Nr_502332",-0.587091120375693,0.846128705286433,-0.693855576235237
"vm(ID, ginv)_Nr_500881",-0.49333065638128,0.840446927463958,-0.58698609068618
"vm(ID, ginv)_Nr_503263",-0.24293757940876,0.848480647664109,-0.286320707581928
"vm(ID, ginv)_Nr_501337",0.215189239760703,0.844278378739606,0.254879486647464
"vm(ID, ginv)_Nr_500500",-0.851858432075698,0.830221804469991,-1.02606126156795
"vm(ID, ginv)_Nr_504926",-0.635653658603335,0.850201327529529,-0.747650748147365
"vm(ID, ginv)_Nr_504399",-0.377923856235121,0.839778157249872,-0.450028204440035
"vm(ID, ginv)_Nr_502500",-0.032078464299887,0.85919164256897,-0.0373356335310396
"vm(ID, ginv)_Nr_501830",-0.323384480243812,0.832660401376395,-0.38837499622806
"vm(ID, ginv)_Nr_501162",0.145065776070665,0.841106877582116,0.172470086664465
"vm(ID, ginv)_Nr_501958",0.173713500797641,0.838180097494988,0.207250806022246
"vm(ID, ginv)_Nr_502382",-0.560387177372517,0.830141916068347,-0.675049851748938
"vm(ID, ginv)_Nr_501560",-0.330460946859942,0.85388032565979,-0.387010845582601
"vm(ID, ginv)_Nr_501008",-0.483677212851284,0.847644337374124,-0.570613394704722
"vm(ID, ginv)_Nr_501796",-0.731731691062469,0.83433763484474,-0.877021076963208
"vm(ID, ginv)_Nr_500027",-0.921245158379374,0.839405602111571,-1.097497033689
"vm(ID, ginv)_Nr_500917",-0.0478889441108824,0.837538627795777,-0.0571781915741795
"vm(ID, ginv)_Nr_500186",0.166642440305162,0.848205530209025,0.196464694428597
"vm(ID, ginv)_Nr_503496",-0.349333538478994,0.847067646375973,-0.412403354057442
"vm(ID, ginv)_Nr_504055",-0.692023365069161,0.845440946466687,-0.818535425757769
"vm(ID, ginv)_Nr_502372",0.285410967142374,0.849690045250322,0.335900095261551
"vm(ID, ginv)_Nr_504245",-0.210862046117832,0.836697895391816,-0.252016943366504
"vm(ID, ginv)_Nr_503473",0.118918260244112,0.850486881196368,0.139823744343748
"vm(ID, ginv)_Nr_500094",-0.449599416069687,0.841161948380886,-0.534498043967753
"vm(ID, ginv)_Nr_501220",-0.482257197615876,0.840878861583445,-0.573515662776616
"vm(ID, ginv)_Nr_504007",-0.0343419922318482,0.843875551442783,-0.0406955648532931
"vm(ID, ginv)_Nr_501929",0.620742797651644,0.682559408767244,0.909434094202517
"vm(ID, ginv)_Nr_503601",-0.966364057707097,0.8475850533789,-1.1401381535159
"vm(ID, ginv)_Nr_501887",-0.154277498380084,0.824442349271755,-0.187129516716797
"vm(ID, ginv)_Nr_503836",0.123638462505465,0.832695617102432,0.148479780565792
"vm(ID, ginv)_Nr_501951",-0.82499446177157,0.842807241118737,-0.978864942684258
"vm(ID, ginv)_Nr_500181",-0.0674507408794783,0.84115492268715,-0.0801882495842745
"vm(ID, ginv)_Nr_503278",-0.555834523466409,0.846178115466954,-0.656876505438431
"vm(ID, ginv)_Nr_502281",-0.511609842584902,0.840496485710404,-0.608699561845852
"vm(ID, ginv)_Nr_501283",-0.388209792117617,0.847703975991366,-0.457954431160497
"vm(ID, ginv)_Nr_502663",0.485223429821638,0.706628810255013,0.686673714374209
"vm(ID, ginv)_Nr_502167",-0.177798141785983,0.84558468316102,-0.210266511830993
"vm(ID, ginv)_Nr_501064",-0.409257260078908,0.85454252801791,-0.478919710442229
"vm(ID, ginv)_Nr_501498",-0.511500702964148,0.833908423608638,-0.613377546602408
"vm(ID, ginv)_Nr_501224",-1.23549712578805,0.843420978404851,-1.46486411581169
"vm(ID, ginv)_Nr_502847",-0.522283664331382,0.837307256290689,-0.623765840326194
"vm(ID, ginv)_Nr_500504",0.0202999086165383,0.840288152709153,0.0241582706492884
"vm(ID, ginv)_Nr_503757",-0.642136021161909,0.84163935265147,-0.762958646288279
"vm(ID, ginv)_Nr_500718",-0.0575853479324304,0.848777843976967,-0.0678450177994904
"vm(ID, ginv)_Nr_501215",0.0942331909260477,0.843392433640724,0.111731131519956
"vm(ID, ginv)_Nr_501582",-0.414189895807788,0.839490908207579,-0.493382229346755
"vm(ID, ginv)_Nr_500395",-0.159634648367843,0.842087922949123,-0.189570048468072
"vm(ID, ginv)_Nr_500447",-1.06668480692072,0.833853965249911,-1.27922256339097
"vm(ID, ginv)_Nr_500452",-0.775340258795804,0.837701604356512,-0.925556612000748
"vm(ID, ginv)_Nr_501054",-0.067592616915415,0.837176508913014,-0.080738788291106
"vm(ID, ginv)_Nr_503078",-0.235428280779339,0.843235297298488,-0.279196425402958
"vm(ID, ginv)_Nr_500612",-0.854220870764785,0.834172670750502,-1.02403363322398
"vm(ID, ginv)_Nr_501013",-0.479674852010401,0.841297914486669,-0.570160514783972
"vm(ID, ginv)_Nr_503432",-0.281109605946585,0.840068967000817,-0.334626818736314
"vm(ID, ginv)_Nr_503122",0.0485789329077158,0.845429896401334,0.0574606281543832
"vm(ID, ginv)_Nr_500740",-0.586571317479273,0.843197403125807,-0.69565123813807
"vm(ID, ginv)_Nr_502241",-0.632484521464973,0.832956073007642,-0.759325181676382
"vm(ID, ginv)_Nr_501781",-0.201588892783321,0.837931050243525,-0.240579332541424
"vm(ID, ginv)_Nr_504982",0.131674420175755,0.836094533248369,0.157487478914827
"vm(ID, ginv)_Nr_502448",0.0215676996748075,0.837498297273198,0.0257525295812893
"vm(ID, ginv)_Nr_501169",-0.510324067948777,0.836756830561086,-0.609883360744818
"vm(ID, ginv)_Nr_500945",0.316657567312928,0.852627393424862,0.371390328008307
