"","solution","std.error","z.ratio"
"vm(ID, ginv)_Np1_500457",0.189757730462896,0.849117914061106,0.223476300900702
"vm(ID, ginv)_Np1_503087",0.930572200328235,0.842615256400114,1.10438565319111
"vm(ID, ginv)_Np1_502846",0.925949459835986,0.789993796182044,1.17209712824455
"vm(ID, ginv)_Np1_504658",-0.0615638886994399,0.778899556785561,-0.0790395734124022
"vm(ID, ginv)_Np1_503929",0.0858015729207992,0.851364833237945,0.100781203980995
"vm(ID, ginv)_Np1_501959",0.941147244023423,0.873712718676086,1.07718157685689
"vm(ID, ginv)_Np1_503258",-0.166713175638752,0.826539102683441,-0.201700288706852
"vm(ID, ginv)_Np1_504275",0.52240734610727,0.810932141668237,0.644205993651431
"vm(ID, ginv)_Np1_502993",0.364464164556524,0.824129773489867,0.442241229816465
"vm(ID, ginv)_Np1_504560",0.298029714011776,0.79181727778458,0.376386980144751
"vm(ID, ginv)_Np1_500114",1.18270771901263,0.802538590900807,1.47370822091571
"vm(ID, ginv)_Np1_501695",-0.107848240844726,0.859414477601132,-0.125490370078197
"vm(ID, ginv)_Np1_502973",0.281130876031841,0.788499308551029,0.356539153532621
"vm(ID, ginv)_Np1_503354",1.77492847294866,0.840673642530666,2.11131690486408
"vm(ID, ginv)_Np1_501774",0.461827608528246,0.840767362086894,0.549292978478529
"vm(ID, ginv)_Np1_500107",0.87595362397392,0.821210873693905,1.06666101489107
"vm(ID, ginv)_Np1_503180",0.644645178072668,0.815720635379787,0.790276903774208
"vm(ID, ginv)_Np1_502917",0.438478472431768,0.863200293081334,0.507968400782798
"vm(ID, ginv)_Np1_501538",0.635693168088031,0.815419278962248,0.779590554808875
"vm(ID, ginv)_Np1_500259",0.808265718451981,0.840588359733278,0.961547598289902
"vm(ID, ginv)_Np1_500295",0.329508496047424,0.775246286988833,0.425037180542047
"vm(ID, ginv)_Np1_500178",1.53772611680512,0.81649223000397,1.88333221100909
"vm(ID, ginv)_Np1_500098",0.0878585127773685,0.754428154508448,0.116457097010932
"vm(ID, ginv)_Np1_503643",1.5177065593463,0.763458392256727,1.98793617928551
"vm(ID, ginv)_Np1_501470",0.652260719400464,0.777791666588975,0.838605949920973
"vm(ID, ginv)_Np1_502173",0.40846845643064,0.84437390716574,0.483753054143657
"vm(ID, ginv)_Np1_501873",0.535035607847222,0.808345122919612,0.661890067344948
"vm(ID, ginv)_Np1_501804",1.15796357963385,0.763524049513929,1.51660393719232
"vm(ID, ginv)_Np1_503911",0.404937630011011,0.812703482906388,0.498259990916827
"vm(ID, ginv)_Np1_503448",0.862162062421711,0.810350703298821,1.06393695829716
"vm(ID, ginv)_Np1_504533",1.10363793079544,0.825892195190836,1.3362978088689
"vm(ID, ginv)_Np1_503445",-0.191565400219151,0.824626010968706,-0.232305793985464
"vm(ID, ginv)_Np1_501184",0.119455900675406,0.864535075079972,0.138173573425411
"vm(ID, ginv)_Np1_503106",0.970779190194034,0.81529148295469,1.19071425433741
"vm(ID, ginv)_Np1_504360",0.733269926282158,0.734419291488049,0.998435001341588
"vm(ID, ginv)_Np1_503553",1.64117965332982,0.792025731974699,2.07212920877961
"vm(ID, ginv)_Np1_501573",0.490047223569045,0.769915891076263,0.636494491474919
"vm(ID, ginv)_Np1_500315",0.926288397476307,0.818705686188253,1.13140584351984
"vm(ID, ginv)_Np1_500157",0.00760364556689126,0.817039795472583,0.00930633441482889
"vm(ID, ginv)_Np1_503363",0.711582524969838,0.803368140808903,0.885748997033107
"vm(ID, ginv)_Np1_502147",2.33383948757184,0.809572489080442,2.88280483718357
"vm(ID, ginv)_Np1_500051",-0.317776499482418,0.793829590025236,-0.400308206541301
"vm(ID, ginv)_Np1_502926",0.207293479555306,0.834164649424635,0.248504272745538
"vm(ID, ginv)_Np1_504026",0.426642488040727,0.852320903501859,0.500565557277566
"vm(ID, ginv)_Np1_501049",1.68674874963102,0.767287947886856,2.19832561462277
"vm(ID, ginv)_Np1_504915",0.611124693272819,0.794932448351523,0.768775629350806
"vm(ID, ginv)_Np1_503536",1.18921100375827,0.823477673346064,1.44413266109099
"vm(ID, ginv)_Np1_504973",0.224856901796975,0.816645984956238,0.275341954701492
"vm(ID, ginv)_Np1_503328",0.105032289400633,0.781451498454542,0.134406664531775
"vm(ID, ginv)_Np1_500182",-0.495466699762113,0.855586667984915,-0.579095862876219
"vm(ID, ginv)_Np1_504630",1.13590900570799,0.805747090210885,1.4097587437898
"vm(ID, ginv)_Np1_500079",0.811869686551574,0.812391630488816,0.999357521769485
"vm(ID, ginv)_Np1_502930",0.889368919438966,0.84057333765519,1.05805035634356
"vm(ID, ginv)_Np1_503046",0.222500289181774,0.851211090252207,0.261392610751639
"vm(ID, ginv)_Np1_500039",0.507545945667529,0.861444866619893,0.589179836498439
"vm(ID, ginv)_Np1_503139",0.477085703679737,0.832236855993436,0.573257120546821
"vm(ID, ginv)_Np1_502095",0.0987870804701511,0.850306728266783,0.116178170989559
"vm(ID, ginv)_Np1_503873",0.81246257563002,0.817361123529516,0.994006874368647
"vm(ID, ginv)_Np1_503443",0.693252251085494,0.782229709775731,0.886251496742885
"vm(ID, ginv)_Np1_500080",0.553360241712513,0.78846712917719,0.701817769232784
"vm(ID, ginv)_Np1_500677",0.111436684098723,0.762874515467751,0.146074723744569
"vm(ID, ginv)_Np1_503901",0.536216468245208,0.769246854975465,0.697066832027946
"vm(ID, ginv)_Np1_502854",1.00302579122495,0.899677135517075,1.1148730490394
"vm(ID, ginv)_Np1_503222",0.396072025101665,0.843797695974616,0.469392162352598
"vm(ID, ginv)_Np1_504548",0.454007118404946,0.813286707687036,0.558237475313139
"vm(ID, ginv)_Np1_504933",0.790863314900369,0.877965040049451,0.900791351391194
"vm(ID, ginv)_Np1_503535",0.503559275905463,0.858478297558426,0.586571934710081
"vm(ID, ginv)_Np1_503172",0.0666523283874376,0.810887375944074,0.0821967764756946
"vm(ID, ginv)_Np1_503246",0.517692535015078,0.793595306729249,0.652338201379635
"vm(ID, ginv)_Np1_500570",1.2766674505918,0.784875830169384,1.62658525274791
"vm(ID, ginv)_Np1_504215",1.01801675092226,0.827974438856764,1.22952678627121
"vm(ID, ginv)_Np1_504827",0.891831264133263,0.764103328704218,1.16716055359378
"vm(ID, ginv)_Np1_503557",0.444026657909675,0.774293715759878,0.573460237209746
"vm(ID, ginv)_Np1_503689",0.122441265025345,0.737740398419081,0.165967954700226
"vm(ID, ginv)_Np1_503223",-0.153790608190804,0.798438107958979,-0.192614313692935
"vm(ID, ginv)_Np1_500336",1.24905014048563,0.824851434792212,1.51427285908799
"vm(ID, ginv)_Np1_502651",2.16545714409388,0.809078296412166,2.67644942856153
"vm(ID, ginv)_Np1_502827",-0.107572257193149,0.888358814702477,-0.121090999957237
"vm(ID, ginv)_Np1_503793",-0.0772397091348315,0.782608733831989,-0.098695179079631
"vm(ID, ginv)_Np1_502663",-0.182899806852875,0.837322689936512,-0.218434074522384
"vm(ID, ginv)_Np1_503803",0.576987787510725,0.787214261017019,0.732948850247329
"vm(ID, ginv)_Np1_501158",0.209907755040855,0.811479249221026,0.258672979305823
"vm(ID, ginv)_Np1_503464",0.264917457014358,0.741863318693357,0.357097392928062
"vm(ID, ginv)_Np1_503331",0.255497821396462,0.856210362278699,0.298405430082026
"vm(ID, ginv)_Np1_501531",0.0108805282827129,0.769067157017591,0.0141476959241208
"vm(ID, ginv)_Np1_501894",0.702024109746412,0.809967826638338,0.866730858508378
"vm(ID, ginv)_Np1_502407",1.22738914213407,0.833958206063506,1.47176337280457
"vm(ID, ginv)_Np1_501649",0.227188088843808,0.821572298144067,0.27652841917507
"vm(ID, ginv)_Np1_504188",0.215452254009076,0.790946584377492,0.272397982701506
"vm(ID, ginv)_Np1_504397",-0.50896341055755,0.820395530821942,-0.620387839080044
"vm(ID, ginv)_Np1_504964",0.693621118183453,0.849997082253806,0.816027646052954
"vm(ID, ginv)_Np1_503933",0.754968750588751,0.817605555849579,0.923389946640294
"vm(ID, ginv)_Np1_501933",1.3105726414909,0.744362030498061,1.7606656274689
"vm(ID, ginv)_Np1_503983",1.2671343185027,0.802430769099265,1.57911980360009
"vm(ID, ginv)_Np1_503102",-0.324182599405943,0.828497395057094,-0.391289823408078
"vm(ID, ginv)_Np1_503722",0.777380777840532,0.854562340347971,0.909682934920802
"vm(ID, ginv)_Np1_501123",-0.215854008750517,0.826732880443937,-0.26109280743087
"vm(ID, ginv)_Np1_501929",0.0128114859471406,0.810606617638436,0.0158048129245042
"vm(ID, ginv)_Np1_502421",-0.0534214780443291,0.833433541403328,-0.0640980658810281
"vm(ID, ginv)_Np1_503504",1.32049577341057,0.787871944990667,1.6760284229009
"vm(ID, ginv)_No_510001",0.736516832397639,0.839113371833343,0.877732207733092
"vm(ID, ginv)_No_510002",1.48045855860297,0.84920785642968,1.74334062902721
"vm(ID, ginv)_No_510003",0.665116133727296,0.834456404958809,0.797065166945573
"vm(ID, ginv)_No_510004",0.562129893526255,0.857058685603727,0.65588261687154
"vm(ID, ginv)_No_510005",0.0866546088992562,0.889297427982734,0.0974416501977542
"vm(ID, ginv)_No_510006",1.86164420201891,0.877733299950095,2.12096795475887
"vm(ID, ginv)_No_510007",0.94433349141992,0.861784378076206,1.09578859334628
"vm(ID, ginv)_No_510008",0.0706968808107698,0.858117902515559,0.082385975870592
"vm(ID, ginv)_No_510009",0.301625247794325,0.875656039077453,0.344456309708207
"vm(ID, ginv)_No_510010",-0.136207785858459,0.863516358463378,-0.157736196336616
"vm(ID, ginv)_No_510011",0.0109227923459231,0.849408771206518,0.0128592883852708
"vm(ID, ginv)_No_510012",0.684711728567728,0.854234997607055,0.801549609282917
"vm(ID, ginv)_No_510013",0.468106646214752,0.84502779292892,0.553954142256392
"vm(ID, ginv)_No_510014",0.698831851630741,0.881776418257055,0.792527263330621
"vm(ID, ginv)_No_510015",0.180831529519401,0.862880472061768,0.209567298570707
"vm(ID, ginv)_No_510016",1.91431104794058,0.890216721371238,2.15038765503291
"vm(ID, ginv)_No_510017",0.776260295848699,0.876281603737675,0.885857117777725
"vm(ID, ginv)_No_510018",1.12807747113255,0.843748491100015,1.33698309748898
"vm(ID, ginv)_No_510019",0.423227277053036,0.852497525047237,0.496455725228745
"vm(ID, ginv)_No_510020",0.539490491967225,0.884567339687298,0.609891941248859
"vm(ID, ginv)_No_510021",0.802991290704032,0.866870493759031,0.926310557903525
"vm(ID, ginv)_No_510022",0.0902428515899953,0.884224024741843,0.102058809831979
"vm(ID, ginv)_No_510023",0.753200839995536,0.844951324058249,0.891413290386906
"vm(ID, ginv)_No_510024",0.372855277452726,0.866876797562191,0.430113343097036
"vm(ID, ginv)_No_510025",0.95317005494082,0.846036241234131,1.12663028897014
"vm(ID, ginv)_No_510026",0.58078962061069,0.8768203882733,0.662381518927068
"vm(ID, ginv)_No_510027",0.152792995915163,0.850149074640095,0.179724945274859
"vm(ID, ginv)_No_510028",0.477760465584302,0.861224091814822,0.554745820658055
"vm(ID, ginv)_No_510029",0.167386726857683,0.884324221245729,0.189282078717565
"vm(ID, ginv)_No_510030",0.783895348427165,0.871570811857172,0.8994052322115
"vm(ID, ginv)_No_510031",-0.465316358817331,0.837389731231433,-0.555674784945182
"vm(ID, ginv)_No_510032",1.10393855793124,0.864688934687778,1.27668866067986
"vm(ID, ginv)_No_510033",0.0351717231091273,0.849645462470469,0.0413957640718288
"vm(ID, ginv)_No_510034",-0.326448778762822,0.853431740444038,-0.382513050889075
"vm(ID, ginv)_No_510035",0.321055057526231,0.839550908438013,0.382412852275457
"vm(ID, ginv)_No_510036",0.391343735320752,0.854644047013272,0.457902604819378
"vm(ID, ginv)_No_510037",1.19111577470226,0.865972636580238,1.37546583389288
"vm(ID, ginv)_No_510038",1.12545644958674,0.863253244945621,1.3037384523908
"vm(ID, ginv)_No_510039",0.699780941326225,0.844859846371594,0.828280506324881
"vm(ID, ginv)_No_510040",0.694553222948827,0.841309714484069,0.825561872151637
"vm(ID, ginv)_No_510041",1.58147341175192,0.869544106049921,1.81873857892739
"vm(ID, ginv)_No_510042",0.954220327835818,0.889013303473,1.07334763620306
"vm(ID, ginv)_No_510043",0.18630424879919,0.873631248356309,0.213252730084588
"vm(ID, ginv)_No_510044",-0.307784256680138,0.848028546466448,-0.36294091509373
"vm(ID, ginv)_No_510045",1.15963368681395,0.87453190683594,1.32600500650629
"vm(ID, ginv)_No_510046",0.139889432266677,0.878543612803879,0.159228785262257
"vm(ID, ginv)_No_510047",1.14620077859913,0.850627162007103,1.34747728475377
"vm(ID, ginv)_No_510048",0.175326698392238,0.873133028578387,0.200801816737709
"vm(ID, ginv)_No_510049",0.284683816455137,0.860536025494263,0.330821497323861
"vm(ID, ginv)_No_510050",-0.538468565282285,0.862712050184795,-0.624157927511206
"vm(ID, ginv)_No_510051",1.16690264914306,0.853133752688795,1.36778394415338
"vm(ID, ginv)_No_510052",0.661345597557636,0.846399789623404,0.781363140286099
"vm(ID, ginv)_No_510053",0.138379016074915,0.886907877632728,0.156024114301776
"vm(ID, ginv)_No_510054",-0.114445566666551,0.863139259036934,-0.13259223870114
"vm(ID, ginv)_No_510055",0.763534541974506,0.851102513116582,0.897112310453158
"vm(ID, ginv)_No_510056",0.248838367740508,0.874944958309382,0.284404596400359
"vm(ID, ginv)_No_510057",0.851520549899596,0.836565595701149,1.01787660677811
"vm(ID, ginv)_No_510058",0.678724475868712,0.84675498990776,0.801559464022347
"vm(ID, ginv)_No_510059",0.546095288715017,0.870878280156168,0.627062703432091
"vm(ID, ginv)_No_510060",0.342056121442586,0.842563958587561,0.405970511741322
"vm(ID, ginv)_No_510061",0.329677781784469,0.867949878280591,0.379835045818039
"vm(ID, ginv)_No_510062",-0.323016360643245,0.863067669050283,-0.374265393348231
"vm(ID, ginv)_No_510063",1.23302521154258,0.859869322900357,1.4339681376044
"vm(ID, ginv)_No_510064",0.257772710349696,0.845192340565905,0.304987040200935
"vm(ID, ginv)_No_510065",0.21431811041274,0.836935789404669,0.256074734915075
"vm(ID, ginv)_No_510066",1.26211045162193,0.856192106575979,1.47409727551598
"vm(ID, ginv)_No_510067",0.349643200541877,0.858129025219192,0.407448286057644
"vm(ID, ginv)_No_510068",-0.0270218729485533,0.889047599151249,-0.0303941802152668
"vm(ID, ginv)_No_510069",-0.141982614082808,0.844020951397568,-0.168221670146584
"vm(ID, ginv)_No_510070",1.02744729745296,0.826765492311958,1.24273123032726
"vm(ID, ginv)_No_510071",-0.38680616164666,0.869807540453062,-0.444703159787718
"vm(ID, ginv)_No_510072",-0.0412961092243175,0.831160850214726,-0.0496848584887616
"vm(ID, ginv)_No_510073",0.16804628405765,0.854213054135969,0.196726429365597
"vm(ID, ginv)_No_510074",0.630087599718065,0.877212357377702,0.718283998645003
"vm(ID, ginv)_No_510075",0.936148203791609,0.887243247353866,1.05512012245075
"vm(ID, ginv)_No_510076",-0.0537537049761526,0.864715525213071,-0.0621634553894558
"vm(ID, ginv)_No_510077",1.2178601404917,0.841048234488959,1.44802651090719
"vm(ID, ginv)_No_510078",0.508053015335903,0.845078128600438,0.601190585984407
"vm(ID, ginv)_No_510079",1.21855334755837,0.827957780434254,1.47175783156389
"vm(ID, ginv)_No_510080",0.0431930383410411,0.86168090252499,0.0501264890686009
"vm(ID, ginv)_No_510081",0.842880808937084,0.875619057559143,0.96261131100399
"vm(ID, ginv)_No_510082",0.0993537228016415,0.857543171098188,0.115858566833909
"vm(ID, ginv)_No_510083",0.25037396258644,0.884654030369408,0.28301907185331
"vm(ID, ginv)_No_510084",1.71741478241917,0.858482934128247,2.00052291565135
"vm(ID, ginv)_No_510085",0.185858212874327,0.872734387026423,0.212960799571085
"vm(ID, ginv)_No_510086",0.309523298799449,0.875824272312093,0.353407993571972
"vm(ID, ginv)_No_510087",1.03048530591028,0.882445807016239,1.16776044230365
"vm(ID, ginv)_No_510088",-0.113840285735188,0.830974826232755,-0.136996070327768
"vm(ID, ginv)_No_510089",0.338375705297808,0.863828022190939,0.391716518340747
"vm(ID, ginv)_No_510090",0.52955792676679,0.855438017814767,0.619048856537329
"vm(ID, ginv)_No_510091",0.623787902804708,0.864244240041055,0.721772704872265
"vm(ID, ginv)_No_510092",-0.0568959183392344,0.867303418349717,-0.0656009386513136
"vm(ID, ginv)_No_510093",0.158945200632922,0.879257300613658,0.18077211360314
"vm(ID, ginv)_No_510094",1.08604044378741,0.862203464003406,1.25961039259188
"vm(ID, ginv)_No_510095",-0.150080415301446,0.894141487893814,-0.167848620529807
"vm(ID, ginv)_No_510096",0.610163156169176,0.863783367575862,0.706384469848672
"vm(ID, ginv)_No_510097",0.357477572063612,0.853771277050542,0.418704144391648
"vm(ID, ginv)_No_510098",0.726775359777941,0.846894192880685,0.858165477916239
"vm(ID, ginv)_No_510099",0.647398538452414,0.857040335585556,0.755388645751536
"vm(ID, ginv)_No_510100",0.843725538483659,0.854729810455114,0.987125437960803
"vm(ID, ginv)_No_510101",0.406123947236865,0.885653589813485,0.458558461127441
"vm(ID, ginv)_No_510102",0.842972285383328,0.873113722432784,0.965478223197007
"vm(ID, ginv)_No_510103",0.535159658788356,0.881754818502398,0.606925698117861
"vm(ID, ginv)_No_510104",-0.063780737528813,0.876870252634595,-0.0727368015247193
"vm(ID, ginv)_No_510105",1.26236233957211,0.871963132779644,1.44772444168362
"vm(ID, ginv)_No_510106",0.507666953856399,0.869394497297119,0.583931639128953
"vm(ID, ginv)_No_510107",0.842201641970724,0.865813548191246,0.972728647790453
"vm(ID, ginv)_No_510108",0.113698167410801,0.840914538959164,0.135207755536645
"vm(ID, ginv)_No_510109",0.573285937588306,0.852414248834645,0.672543822879613
"vm(ID, ginv)_No_510110",0.338023235525863,0.860282982616152,0.392920983393072
"vm(ID, ginv)_No_510111",0.2789945286947,0.852148880979016,0.327401155974258
"vm(ID, ginv)_No_510112",0.00135722416437935,0.882990130799465,0.00153707738856663
"vm(ID, ginv)_No_510113",0.819303568463722,0.842641542402772,0.972303793766799
"vm(ID, ginv)_No_510114",0.450558906686049,0.847090981571052,0.531889627546763
"vm(ID, ginv)_No_510115",1.33059732060591,0.822417246836795,1.61791028303904
"vm(ID, ginv)_No_510116",0.758917484772227,0.865652682457356,0.876699743617571
"vm(ID, ginv)_No_510117",0.487889797709115,0.855377391401276,0.570379580537961
"vm(ID, ginv)_No_510118",0.924245757247429,0.836736299469932,1.10458427324467
"vm(ID, ginv)_No_510119",0.0757133039291546,0.87373251381353,0.0866550148153386
"vm(ID, ginv)_No_510120",-0.0791287837777451,0.870397703349068,-0.0909110668298845
"vm(ID, ginv)_No_510121",0.440105829514559,0.854332118201322,0.515146065725752
"vm(ID, ginv)_No_510122",1.59453476821335,0.886765563518749,1.7981469215901
"vm(ID, ginv)_No_510123",2.1030717637532,0.858871064713635,2.44864665973397
"vm(ID, ginv)_No_510124",0.129523936551075,0.861755526088971,0.150302414814689
"vm(ID, ginv)_No_510125",-0.233379380253403,0.856337865840743,-0.272531893733641
"vm(ID, ginv)_No_510126",-0.211939543126386,0.872400648011511,-0.242938314648741
"vm(ID, ginv)_No_510127",0.409017893182496,0.848185372861866,0.482227006347005
"vm(ID, ginv)_No_510128",0.795458528443565,0.86836862815549,0.916037846891367
"vm(ID, ginv)_No_510129",0.689229762883762,0.868020938285854,0.794024351814411
"vm(ID, ginv)_No_510130",0.496784708083449,0.875910481712075,0.56716378951468
"vm(ID, ginv)_No_510131",1.23406104665135,0.882988573286558,1.39759571526285
"vm(ID, ginv)_No_510132",0.723348850130106,0.872297126730237,0.829245939215166
"vm(ID, ginv)_No_510133",0.470059601813799,0.844761407401382,0.556440667974849
"vm(ID, ginv)_No_510134",-0.452041821972513,0.873623138342752,-0.517433435691765
"vm(ID, ginv)_No_510135",1.06704751034527,0.852119959804762,1.25222687025164
"vm(ID, ginv)_No_510136",1.41455215728266,0.858764042298925,1.64719537335993
"vm(ID, ginv)_No_510137",0.96547469588238,0.881065534541512,1.09580349932175
"vm(ID, ginv)_No_510138",1.07455852253146,0.817775560585832,1.31400175588725
"vm(ID, ginv)_No_510139",0.0949527520837299,0.894118847028721,0.106197014411754
"vm(ID, ginv)_No_510140",0.94685301554337,0.855579787962242,1.10667997171663
"vm(ID, ginv)_No_510141",1.15699350680664,0.849745759097349,1.36157608840045
"vm(ID, ginv)_No_510142",0.218809260632161,0.872900119475679,0.250669298525921
"vm(ID, ginv)_No_510143",0.50716413075711,0.842459467311661,0.602004191816494
"vm(ID, ginv)_No_510144",0.692574801739125,0.854048978169791,0.810931011501587
"vm(ID, ginv)_No_510145",0.938184387931764,0.874142506212693,1.07326251871281
"vm(ID, ginv)_No_510146",0.759341238526848,0.882679090059444,0.860268751212528
"vm(ID, ginv)_No_510147",-0.0778583338956223,0.856804698517092,-0.090870572990992
"vm(ID, ginv)_No_510148",0.409550760452429,0.867437011143917,0.472138904832226
"vm(ID, ginv)_No_510149",0.371303414191981,0.866875397685133,0.428323857365769
"vm(ID, ginv)_No_510150",1.09772481670105,0.861584802488652,1.27407634574137
"vm(ID, ginv)_No_510151",0.43102188532039,0.865541435618187,0.497979493047084
"vm(ID, ginv)_No_510152",0.740878844170545,0.869089050398203,0.852477480680589
"vm(ID, ginv)_No_510153",1.33463852185801,0.863224292708298,1.54610862221067
"vm(ID, ginv)_No_510154",0.86730828011801,0.882693065339073,0.982570628653174
"vm(ID, ginv)_No_510155",0.513975941181369,0.849447748599362,0.605070696848457
"vm(ID, ginv)_No_510156",1.4384639353897,0.857257234177472,1.6779840146463
"vm(ID, ginv)_No_510157",0.624226142407359,0.838743923401711,0.744239242742496
"vm(ID, ginv)_No_510158",0.607026368459631,0.872528097902274,0.695709822891709
"vm(ID, ginv)_No_510159",0.0821633031991984,0.876610050688429,0.0937284521603112
"vm(ID, ginv)_No_510160",0.403065215128545,0.85403623920687,0.471953292641148
"vm(ID, ginv)_No_510161",0.597497812710623,0.868595174388145,0.687889859774448
"vm(ID, ginv)_No_510162",-0.542285046330215,0.871705921358052,-0.622096320609336
"vm(ID, ginv)_No_510163",0.542292159913103,0.862337539233621,0.628862986058858
"vm(ID, ginv)_No_510164",-0.00531731035078243,0.87323511069841,-0.00608920814753963
"vm(ID, ginv)_No_510165",-0.184100780694514,0.890793120459171,-0.206670635938024
"vm(ID, ginv)_No_510166",0.556020811425479,0.855196069269374,0.650167641556758
"vm(ID, ginv)_No_510167",0.0424907996929129,0.881607336894371,0.0481969669655822
"vm(ID, ginv)_No_510168",0.528344553270022,0.845535892865825,0.624863542432566
"vm(ID, ginv)_No_510169",0.151367529809017,0.872145740623532,0.173557609420643
"vm(ID, ginv)_No_510170",0.702566618874698,0.864354104897434,0.812822678684526
"vm(ID, ginv)_No_510171",-0.0769654430229333,0.845418414526427,-0.0910382855405942
"vm(ID, ginv)_No_510172",0.316936010009245,0.849362727911464,0.373145653316544
"vm(ID, ginv)_No_510173",-0.0234702518168732,0.877295925236949,-0.0267529474852332
"vm(ID, ginv)_No_510174",0.322949272107238,0.855251938774331,0.377607179201557
"vm(ID, ginv)_No_510175",-0.379724638988878,0.863287090962925,-0.439859049166746
"vm(ID, ginv)_No_510176",1.14927840914071,0.877192596853585,1.3101779623575
"vm(ID, ginv)_No_510177",0.119923435197571,0.843300258825318,0.14220727901189
"vm(ID, ginv)_No_510178",1.00411101830836,0.857109823374416,1.17150800390457
"vm(ID, ginv)_No_510179",0.160693172071484,0.849833205027015,0.189087895272785
"vm(ID, ginv)_No_510180",-0.496549180171331,0.835046298153631,-0.594636706095518
"vm(ID, ginv)_No_510181",0.365481224855214,0.871483030975863,0.419378475385755
"vm(ID, ginv)_No_510182",0.909798892142293,0.864643438676876,1.05222436376146
"vm(ID, ginv)_No_510183",0.361065453993491,0.890782633099595,0.405335084651478
"vm(ID, ginv)_No_510184",-0.375932174834069,0.839644372238921,-0.447727856296639
"vm(ID, ginv)_No_510185",0.268269128924103,0.866469589800555,0.309611707187385
"vm(ID, ginv)_No_510186",0.945192149718285,0.857222232213421,1.10262206718288
"vm(ID, ginv)_No_510187",1.39089620011418,0.861811447198847,1.61392170484045
"vm(ID, ginv)_No_510188",0.474836311153501,0.859453225094975,0.552486508036582
"vm(ID, ginv)_No_510189",0.243977274460316,0.85959750575697,0.283827341082693
"vm(ID, ginv)_No_510190",-0.579869980739101,0.842259661417998,-0.688469372690665
"vm(ID, ginv)_No_510191",-0.583487156588879,0.874810397221694,-0.666986993343899
"vm(ID, ginv)_No_510192",0.484923130372104,0.883438596982676,0.548904170621847
"vm(ID, ginv)_No_510193",1.07721823162855,0.882822204723027,1.22019838860591
"vm(ID, ginv)_No_510194",0.6438612362902,0.856384092020055,0.751836987970489
"vm(ID, ginv)_No_510195",0.496683817734625,0.868238300544026,0.572059326826989
"vm(ID, ginv)_No_510196",1.07313918573195,0.840635498926028,1.27658085710508
"vm(ID, ginv)_No_510197",-0.142217476074232,0.870395780981775,-0.163394031981423
"vm(ID, ginv)_No_510198",-0.188373586749196,0.838150162022594,-0.22474920996808
"vm(ID, ginv)_No_510199",-0.411895930103942,0.8489934986269,-0.48515793203377
"vm(ID, ginv)_No_510200",0.485083215001077,0.858685393044251,0.564913784408673
"vm(ID, ginv)_No_510201",0.03270112824624,0.870083469249672,0.0375838978695231
"vm(ID, ginv)_No_510202",0.0993290482741514,0.859118642610733,0.115617381986154
"vm(ID, ginv)_No_510203",0.749687720429903,0.837821538513033,0.894805977130225
"vm(ID, ginv)_No_510204",0.101609284769783,0.851534079681674,0.119324977348843
"vm(ID, ginv)_No_510205",0.819169025106997,0.871686672920783,0.939751691238075
"vm(ID, ginv)_No_510206",0.934068401823116,0.841816000476189,1.10958736979903
"vm(ID, ginv)_No_510207",-0.0854923038850067,0.896462457890865,-0.0953662957466697
"vm(ID, ginv)_No_510208",0.799978781604864,0.891534626428293,0.897305340578612
"vm(ID, ginv)_No_510209",0.521387005189926,0.839365014323796,0.621168378824989
"vm(ID, ginv)_No_510210",0.353240451658317,0.856967158325537,0.412198353491782
"vm(ID, ginv)_No_510211",0.0796387290453603,0.8732405579377,0.0911990726054229
"vm(ID, ginv)_No_510212",0.695372111511974,0.89374380706241,0.778044117360151
"vm(ID, ginv)_No_510213",0.112637407160065,0.901738346162681,0.124911408768841
"vm(ID, ginv)_No_510214",1.01220341864425,0.852745477888421,1.18699359291905
"vm(ID, ginv)_No_510215",0.416609612776514,0.862153515751415,0.483219757462121
"vm(ID, ginv)_No_510216",1.01184970319562,0.850003910331869,1.19040593919216
"vm(ID, ginv)_No_510217",0.180986473170484,0.879225772016992,0.205847552392933
"vm(ID, ginv)_No_510218",0.928559372947099,0.876019262244228,1.05997597651936
"vm(ID, ginv)_No_510219",0.235829474907175,0.862234852073255,0.273509559883969
"vm(ID, ginv)_No_510220",-0.289132283632349,0.873271924582893,-0.331090781110877
"vm(ID, ginv)_No_510221",0.322974110520734,0.848699230909257,0.380551906680431
"vm(ID, ginv)_No_510222",1.63036036766928,0.876381035171646,1.860332780193
"vm(ID, ginv)_No_510223",0.307920773706738,0.851367132595449,0.361678014005569
"vm(ID, ginv)_No_510224",0.322595769686866,0.848569951972541,0.380164026474161
"vm(ID, ginv)_No_510225",1.29961157860881,0.858817711155492,1.51325661048635
"vm(ID, ginv)_No_510226",0.917743707778982,0.857425524553745,1.07034801448981
"vm(ID, ginv)_No_510227",0.391071925088018,0.851407732799233,0.459323905600743
"vm(ID, ginv)_No_510228",0.624860585071936,0.878314931215639,0.711431131208361
"vm(ID, ginv)_No_510229",-0.394474296476813,0.842118426346734,-0.46843090488842
"vm(ID, ginv)_No_510230",1.35082393463229,0.852524928449208,1.58449787162179
"vm(ID, ginv)_No_510231",0.786284617266978,0.887503687963094,0.885950816803451
"vm(ID, ginv)_No_510232",0.613798998706442,0.84765405259072,0.724114981613622
"vm(ID, ginv)_No_510233",1.07449772286604,0.874016433533186,1.22937931329554
"vm(ID, ginv)_No_510234",-0.0648983185255719,0.867128279946659,-0.0748428116420839
"vm(ID, ginv)_No_510235",0.381719087596356,0.857128667708908,0.445346307943107
"vm(ID, ginv)_No_510236",-0.15442567140857,0.863647569458348,-0.178806352115853
"vm(ID, ginv)_No_510237",1.31134093594027,0.857739957271387,1.52883274799493
"vm(ID, ginv)_No_510238",0.432498505262687,0.8480182733556,0.510010832138433
"vm(ID, ginv)_No_510239",-0.12647552053624,0.86670633293656,-0.145926614044365
"vm(ID, ginv)_No_510240",1.2842421836088,0.86560795043378,1.48363030049023
"vm(ID, ginv)_No_510241",0.881222480868521,0.896589357818519,0.982860741301473
"vm(ID, ginv)_No_510242",0.786169315386676,0.875147822504066,0.898327454140496
"vm(ID, ginv)_No_510243",-0.133401995062464,0.883133797762513,-0.151055248253943
"vm(ID, ginv)_No_510244",-0.434480626206083,0.876864865678545,-0.495493254675985
"vm(ID, ginv)_No_510245",0.877871981809891,0.861172758013638,1.01939125876993
"vm(ID, ginv)_No_510246",0.771272692578255,0.855013464448637,0.902059119122314
"vm(ID, ginv)_No_510247",1.08936853359113,0.87011868485039,1.25197694585588
"vm(ID, ginv)_No_510248",1.88564363834038,0.865105927870145,2.17966791995376
"vm(ID, ginv)_No_510249",1.00895272492594,0.856715010875769,1.17769936573721
"vm(ID, ginv)_No_510250",0.333385029173806,0.89115318260696,0.374105188289323
"vm(ID, ginv)_No_510251",1.03743544246283,0.86557096464889,1.19855619565942
"vm(ID, ginv)_No_510252",1.13393834773974,0.844231703349261,1.34316011024123
"vm(ID, ginv)_No_510253",0.721621338826068,0.840274841494551,0.858792032309999
"vm(ID, ginv)_No_510254",1.1248491672076,0.84943495681537,1.32423225366753
"vm(ID, ginv)_No_510255",0.675625228349214,0.841128214738406,0.803236910272159
"vm(ID, ginv)_No_510256",0.550731550709236,0.856382426871291,0.643090672377852
"vm(ID, ginv)_No_510257",0.546179508435855,0.873169769460648,0.625513534181591
"vm(ID, ginv)_No_510258",-0.065897064042891,0.862970212947373,-0.0763607631575455
"vm(ID, ginv)_No_510259",1.36148797273647,0.856899227858236,1.58885424151848
"vm(ID, ginv)_No_510260",-0.555210795388569,0.836623624451351,-0.663632700729281
"vm(ID, ginv)_No_510261",0.481922752128442,0.872292997218114,0.552478070631512
"vm(ID, ginv)_No_510262",0.728612831004475,0.848780128398238,0.85842352645492
"vm(ID, ginv)_No_510263",1.34342262599184,0.872517786786353,1.53970801092768
"vm(ID, ginv)_No_510264",0.0608360188032378,0.866840182941666,0.0701813552260438
"vm(ID, ginv)_No_510265",0.0542633751300513,0.8723647003354,0.0622026259306326
"vm(ID, ginv)_No_510266",0.381519252599654,0.85712540843459,0.445114855825404
"vm(ID, ginv)_No_510267",0.92331303426166,0.885612578132133,1.04256991946641
"vm(ID, ginv)_No_510268",0.707537319689609,0.869931411293266,0.813325407617783
"vm(ID, ginv)_No_510269",0.536777818649361,0.851201015402139,0.630612286565198
"vm(ID, ginv)_No_510270",0.479198859030478,0.844978757950081,0.567113497850543
"vm(ID, ginv)_No_510271",0.291946153586264,0.858068221535097,0.340236529286643
"vm(ID, ginv)_No_510272",0.777631175431834,0.852983826614827,0.91165992972922
"vm(ID, ginv)_No_510273",0.147466725560601,0.860963149774916,0.171281111856127
"vm(ID, ginv)_No_510274",0.532959159558348,0.850104646824934,0.626933591704155
"vm(ID, ginv)_No_510275",1.27721251688494,0.831719825474958,1.53562831829286
"vm(ID, ginv)_No_510276",0.552934092638118,0.837824402078091,0.659964177775979
"vm(ID, ginv)_No_510277",-0.0392147748957039,0.862703443121603,-0.0454556837675405
"vm(ID, ginv)_No_510278",-0.119380947143134,0.846438333548033,-0.141039154787239
"vm(ID, ginv)_No_510279",0.231716346147639,0.865459854367904,0.267737833220323
"vm(ID, ginv)_No_510280",0.117359815505246,0.865663076687005,0.135572162733792
"vm(ID, ginv)_No_510281",-0.463044909620447,0.868854719600459,-0.532937094285886
"vm(ID, ginv)_No_510282",-0.127947268906758,0.862195530822625,-0.148397044907763
"vm(ID, ginv)_No_510283",0.903053949316783,0.861186972774577,1.04861543180027
"vm(ID, ginv)_No_510284",0.928269972257291,0.867325209859843,1.07026748641066
"vm(ID, ginv)_No_510285",-0.322818167313944,0.888354503679472,-0.363388901589247
"vm(ID, ginv)_No_510286",0.704341327374087,0.842885272396937,0.835631313584506
"vm(ID, ginv)_No_510287",0.618799784826828,0.853923522355119,0.72465480646344
"vm(ID, ginv)_No_510288",0.0576339571444345,0.886942133288269,0.0649805156180383
"vm(ID, ginv)_No_510289",0.955236507993022,0.876432775005416,1.08991417851428
"vm(ID, ginv)_No_510290",1.34407058002805,0.852390749158951,1.57682445680485
"vm(ID, ginv)_No_510291",-0.123101478272877,0.829314503209871,-0.148437628663688
"vm(ID, ginv)_No_510292",0.762435201775099,0.842712664718691,0.904739223338492
"vm(ID, ginv)_No_510293",0.368828456800435,0.863655690338843,0.427054972168052
"vm(ID, ginv)_No_510294",0.567040087644354,0.869070343582978,0.652467423185306
"vm(ID, ginv)_No_510295",-0.00289022371720353,0.868002148697448,-0.0033297425836338
"vm(ID, ginv)_No_510296",0.856050443719337,0.837082487472349,1.02265960228635
"vm(ID, ginv)_No_510297",0.0835131034844285,0.862100506138939,0.0968716557869289
"vm(ID, ginv)_No_510298",0.340037039881458,0.861531376038864,0.394689095880495
"vm(ID, ginv)_No_510299",0.30693801709432,0.862376276631942,0.355921220714795
"vm(ID, ginv)_No_510300",0.0159099197019383,0.867275314175124,0.0183447164261448
"vm(ID, ginv)_No_510301",0.85662788014314,0.853068905957491,1.00417196566513
"vm(ID, ginv)_No_510302",-0.353389150828613,0.83854033266214,-0.421433695033723
"vm(ID, ginv)_No_510303",1.11248872418514,0.877247506279867,1.26815832045263
"vm(ID, ginv)_No_510304",1.02945786072996,0.852165162957789,1.20804968975357
"vm(ID, ginv)_No_510305",0.782875984383821,0.846794016549213,0.924517614772639
"vm(ID, ginv)_No_510306",0.255044750674017,0.875989493684303,0.291150467571626
"vm(ID, ginv)_No_510307",0.316578374214363,0.866886678630163,0.36519003235188
"vm(ID, ginv)_No_510308",0.160371243870397,0.875367333180104,0.183204510599896
"vm(ID, ginv)_No_510309",0.0114887439396237,0.850969742193214,0.0135007666782765
"vm(ID, ginv)_No_510310",0.215958982419677,0.855846268831893,0.252333848127223
"vm(ID, ginv)_No_510311",0.217518971356225,0.845206865530927,0.257355897386834
"vm(ID, ginv)_No_510312",-0.179663402005981,0.841646183801799,-0.213466662671033
"vm(ID, ginv)_No_510313",0.66129452636561,0.863420236540617,0.765901120195139
"vm(ID, ginv)_No_510314",0.436715944210606,0.866861253181307,0.50378990018056
"vm(ID, ginv)_No_510315",0.268252777610937,0.852198289416276,0.314777418521551
"vm(ID, ginv)_No_510316",0.0156915894839682,0.85362117263995,0.0183823808346267
"vm(ID, ginv)_No_510317",0.765922511236698,0.849823944812276,0.901271982170246
"vm(ID, ginv)_No_510318",1.31040944095619,0.8724098017991,1.50205721927223
"vm(ID, ginv)_No_510319",0.319760646905372,0.841735128303397,0.379882740013337
"vm(ID, ginv)_No_510320",0.722139890235522,0.880445504380955,0.820198282167686
"vm(ID, ginv)_No_510321",0.494555342593025,0.85773735157047,0.576581329573116
"vm(ID, ginv)_No_510322",0.534709522238351,0.855945783366028,0.62470022357677
"vm(ID, ginv)_No_510323",0.356510558319902,0.862667834391933,0.413265157348998
"vm(ID, ginv)_No_510324",1.22053739978537,0.883474719751716,1.3815193264708
"vm(ID, ginv)_No_510325",0.831326111973421,0.848681818707732,0.979549807299115
"vm(ID, ginv)_No_510326",0.670991569496098,0.864234949343907,0.776399484891797
"vm(ID, ginv)_No_510327",0.705812072858207,0.85396479072823,0.826511913045403
"vm(ID, ginv)_No_510328",0.125318510645694,0.840171189261189,0.149158305173371
"vm(ID, ginv)_No_510329",0.252188258493377,0.865396390636991,0.2914135778955
"vm(ID, ginv)_No_510330",0.249646466922747,0.859068592158712,0.290601320082512
"vm(ID, ginv)_No_510331",0.407696673913169,0.862761533565397,0.472548506223204
"vm(ID, ginv)_No_510332",0.562515365088219,0.891734669397766,0.630810244787404
"vm(ID, ginv)_No_510333",-0.135755660606051,0.8595940358483,-0.157929970363369
"vm(ID, ginv)_No_510334",0.322871846852432,0.875541359359586,0.368768240815712
"vm(ID, ginv)_No_510335",0.943612718796695,0.852329136771217,1.10709898100079
"vm(ID, ginv)_No_510336",1.44906027390519,0.843941561255634,1.71701494561928
"vm(ID, ginv)_No_510337",0.146189623893948,0.871385261375623,0.167766922822591
"vm(ID, ginv)_No_510338",0.944280389839328,0.874029067180391,1.08037641458032
"vm(ID, ginv)_No_510339",0.916931229836592,0.85601584239568,1.07116151877567
"vm(ID, ginv)_No_510340",0.887363155036384,0.875506331242451,1.01354281901892
"vm(ID, ginv)_No_510341",-0.306663969258668,0.89032013613514,-0.344442360463608
"vm(ID, ginv)_No_510342",-0.0290886491764172,0.867799653139571,-0.0335200055348937
"vm(ID, ginv)_No_510343",0.3059894651451,0.860854345525637,0.355448592128861
"vm(ID, ginv)_No_510344",0.125738773988143,0.859841538271493,0.146234821640404
"vm(ID, ginv)_No_510345",1.28782814524026,0.843905653371045,1.52603331912274
"vm(ID, ginv)_No_510346",0.403616638396156,0.866139005429087,0.465995222321391
"vm(ID, ginv)_No_510347",-0.283818332556376,0.863199254165524,-0.328798167035895
"vm(ID, ginv)_No_510348",-0.562174546715604,0.84686999316464,-0.663826267612615
"vm(ID, ginv)_No_510349",0.13421159082668,0.87588745697705,0.153229264510631
"vm(ID, ginv)_No_510350",0.690317155517214,0.883602715240636,0.781252868071163
"vm(ID, ginv)_No_510351",0.602719912922421,0.863940098132779,0.697640859852518
"vm(ID, ginv)_No_510352",0.125372723240672,0.879363539982954,0.142572118970389
"vm(ID, ginv)_No_510353",-0.221690745047916,0.896228677308569,-0.247359575363809
"vm(ID, ginv)_No_510354",1.0831985079223,0.87136495629622,1.24310542912637
"vm(ID, ginv)_No_510355",1.33657952309349,0.865915077317652,1.54354573341512
"vm(ID, ginv)_No_510356",0.594272824540715,0.887734121443596,0.669426588643831
"vm(ID, ginv)_No_510357",0.839119797303706,0.873806001674363,0.960304456247505
"vm(ID, ginv)_No_510358",0.220423947030044,0.840742195824644,0.262177809231807
"vm(ID, ginv)_No_510359",0.230473326308833,0.844923146334336,0.272774307709207
"vm(ID, ginv)_No_510360",-0.0540873075846265,0.850342561632091,-0.0636064922833158
"vm(ID, ginv)_No_510361",0.414095462886558,0.852722776114125,0.485615576932985
"vm(ID, ginv)_No_510362",0.14842670918848,0.866175825356214,0.171358637407642
"vm(ID, ginv)_No_510363",0.400006949978634,0.861080948825031,0.464540471513688
"vm(ID, ginv)_No_510364",-0.280044942898518,0.854657422278842,-0.327669234009354
"vm(ID, ginv)_No_510365",0.238955923273555,0.894979506501245,0.266995972016955
"vm(ID, ginv)_No_510366",1.40980623400402,0.859424279345747,1.64040773327611
"vm(ID, ginv)_No_510367",0.0186516595914275,0.858063692218227,0.0217369173880438
"vm(ID, ginv)_No_510368",0.203031153326614,0.847915264049343,0.239447456526503
"vm(ID, ginv)_No_510369",-0.11638078838706,0.856953279918294,-0.135807623489294
"vm(ID, ginv)_No_510370",1.45594165086044,0.862589636325055,1.68787287668245
"vm(ID, ginv)_No_510371",0.0313877795159902,0.858150829302984,0.0365760638388991
"vm(ID, ginv)_No_510372",1.29857524425522,0.87300701929157,1.48747400142211
"vm(ID, ginv)_No_510373",-0.345292790543238,0.853897001557034,-0.40437288093718
"vm(ID, ginv)_No_510374",0.315318533611934,0.878495643808333,0.358930104929158
"vm(ID, ginv)_No_510375",1.22262999722182,0.852324998742109,1.43446455169826
"vm(ID, ginv)_No_510376",0.282538292686421,0.881271951762697,0.320602842427126
"vm(ID, ginv)_No_510377",1.1338913733182,0.886855181572488,1.2785530229498
"vm(ID, ginv)_No_510378",0.16060613455103,0.84671045763865,0.189682474217854
"vm(ID, ginv)_No_510379",0.931131217103299,0.844273415576854,1.10287875932597
"vm(ID, ginv)_No_510380",0.807740603213046,0.874668059272519,0.923482451028178
"vm(ID, ginv)_No_510381",0.830287798128388,0.870286585175182,0.954039522465187
"vm(ID, ginv)_No_510382",0.517463476070819,0.868194700756082,0.596022384863876
"vm(ID, ginv)_No_510383",0.284037841921978,0.88217932310235,0.321972907869916
"vm(ID, ginv)_No_510384",0.936514640235439,0.862428829654626,1.08590368043527
"vm(ID, ginv)_No_510385",0.843087182903916,0.845384089415074,0.997283002436505
"vm(ID, ginv)_No_510386",0.737606307824605,0.853211193500248,0.864506131006813
"vm(ID, ginv)_No_510387",-0.254051114136367,0.86319503185346,-0.294314847469483
"vm(ID, ginv)_No_510388",0.287535247206942,0.866030999163105,0.332014959608609
"vm(ID, ginv)_No_510389",1.22467325769203,0.857567778695184,1.42807750957645
"vm(ID, ginv)_No_510390",0.37876322238581,0.881986080329592,0.429443537526429
"vm(ID, ginv)_No_510391",0.518343364835561,0.876830531782181,0.591155697762958
"vm(ID, ginv)_No_510392",-0.265106688342531,0.85478755023434,-0.310143366348577
"vm(ID, ginv)_No_510393",0.749433605892389,0.864809236015775,0.866588346517981
"vm(ID, ginv)_No_510394",-0.29390323464828,0.853517908417729,-0.344343372001561
"vm(ID, ginv)_No_510395",0.759589314864058,0.873951255408187,0.869143799683982
"vm(ID, ginv)_No_510396",1.16332516630205,0.860857206718425,1.35135671424141
"vm(ID, ginv)_No_510397",0.24500117070369,0.836137753131447,0.29301531928935
"vm(ID, ginv)_No_510398",0.861697789675098,0.891206257146854,0.966889295003128
"vm(ID, ginv)_No_510399",0.32529827077847,0.868471035992378,0.37456432891485
"vm(ID, ginv)_No_510400",0.812823234071297,0.853061405190077,0.952830862029429
"vm(ID, ginv)_No_510401",1.45749343764097,0.876423269786023,1.6630017571268
"vm(ID, ginv)_No_510402",0.111902175163673,0.853336880428149,0.131134816425054
"vm(ID, ginv)_No_510403",0.0648625139451438,0.87103948937516,0.0744656410373229
"vm(ID, ginv)_No_510404",0.752866044885344,0.852129649567044,0.883511147943116
"vm(ID, ginv)_No_510405",0.581715922045836,0.87393668668035,0.665627076779995
"vm(ID, ginv)_No_510406",0.694353279862925,0.856245359551544,0.810927933351476
"vm(ID, ginv)_No_510407",-0.103624710711886,0.843960613079651,-0.122783823209183
"vm(ID, ginv)_No_510408",-0.363467421611474,0.859960818222551,-0.422655793042668
"vm(ID, ginv)_No_510409",0.265251508517334,0.860927672857353,0.308099642838735
"vm(ID, ginv)_No_510410",0.751731448031681,0.875551507564365,0.858580496449454
"vm(ID, ginv)_No_510411",0.421511211889533,0.900165932675065,0.468259458161129
"vm(ID, ginv)_No_510412",0.886452287114754,0.863044871193964,1.02712189910637
"vm(ID, ginv)_No_510413",1.2247372130632,0.822982144649329,1.48816984794373
"vm(ID, ginv)_No_510414",0.151576100806144,0.844676238656766,0.179448756658747
"vm(ID, ginv)_No_510415",0.968306924424107,0.859994416332489,1.1259455945697
"vm(ID, ginv)_No_510416",0.425201649148757,0.87373422786245,0.486648726339809
"vm(ID, ginv)_No_510417",-0.598557164197364,0.873797611416868,-0.685006638123901
"vm(ID, ginv)_No_510418",0.497737374878986,0.870773005811645,0.571604047848321
"vm(ID, ginv)_No_510419",0.552958604013472,0.863038613823621,0.640711313673017
"vm(ID, ginv)_No_510420",0.391762234496597,0.851005220646372,0.460352328037468
"vm(ID, ginv)_No_510421",1.58865906258575,0.842036271026972,1.88668720962361
"vm(ID, ginv)_No_510422",2.02415257974792,0.854218295176354,2.36959637972872
"vm(ID, ginv)_No_510423",0.914960939218767,0.885292467566797,1.03351262180454
"vm(ID, ginv)_No_510424",0.380873139547277,0.865351481226476,0.440136924486984
"vm(ID, ginv)_No_510425",0.148504244796545,0.860907000335406,0.172497429732466
"vm(ID, ginv)_No_510426",0.842920382812315,0.850061036968328,0.991599833605503
"vm(ID, ginv)_No_510427",0.843154789675551,0.868028501293816,0.971344591126685
"vm(ID, ginv)_No_510428",-0.323393784925117,0.846047852783315,-0.382240536231161
"vm(ID, ginv)_No_510429",-0.0347005732160953,0.872840220595651,-0.0397559282870978
"vm(ID, ginv)_No_510430",0.483446424304911,0.853116181762756,0.566682984849716
"vm(ID, ginv)_No_510431",0.580706674521623,0.852136016096233,0.681471811486071
"vm(ID, ginv)_No_510432",-0.325388839830273,0.872988890731795,-0.372729645571447
"vm(ID, ginv)_No_510433",0.309541710981792,0.847681492898929,0.3651627569728
"vm(ID, ginv)_No_510434",1.17510491740036,0.891377713115096,1.31830188270439
"vm(ID, ginv)_No_510435",0.998666650689054,0.870394410585237,1.14737254576069
"vm(ID, ginv)_No_510436",1.22272606770212,0.852987343989688,1.43346331726688
"vm(ID, ginv)_No_510437",0.243305414429791,0.874106686514178,0.278347504010134
"vm(ID, ginv)_No_510438",1.27606567244364,0.867429089973015,1.47108932268267
"vm(ID, ginv)_No_510439",-0.376875245699444,0.881145952245264,-0.42771035234188
"vm(ID, ginv)_No_510440",0.692089620960454,0.867063243050721,0.798199700549373
"vm(ID, ginv)_No_510441",0.684356834690897,0.836974593266594,0.817655446409608
"vm(ID, ginv)_No_510442",1.18548956319533,0.881862511373099,1.34430202883834
"vm(ID, ginv)_No_510443",-0.267595835562089,0.87157366570035,-0.307026068011203
"vm(ID, ginv)_No_510444",0.356351706014339,0.859297855440072,0.41470103033347
"vm(ID, ginv)_No_510445",-0.144760721951129,0.843530866355845,-0.171612833299761
"vm(ID, ginv)_No_510446",0.14659360989465,0.859388754853264,0.170578924924006
"vm(ID, ginv)_No_510447",0.657093253266026,0.867862109506471,0.757140156331628
"vm(ID, ginv)_No_510448",0.692539534969573,0.892157155491249,0.776252850416515
"vm(ID, ginv)_No_510449",0.878889120589316,0.830470535259233,1.05830259265606
"vm(ID, ginv)_No_510450",1.16549574246816,0.838713759091161,1.38962277634637
"vm(ID, ginv)_No_510451",0.960173815976167,0.856228702828631,1.12139877208524
"vm(ID, ginv)_No_510452",0.282962321891497,0.857241632965276,0.330084670424493
"vm(ID, ginv)_No_510453",0.446829212018341,0.863660923137161,0.517366480348883
"vm(ID, ginv)_No_510454",1.08024568801255,0.886878847609257,1.21803072756167
"vm(ID, ginv)_No_510455",0.427385625327538,0.840854297044979,0.508275484622607
"vm(ID, ginv)_No_510456",0.361999572381965,0.850646156255698,0.425558347286708
"vm(ID, ginv)_No_510457",0.0529473165208596,0.868733018094831,0.0609477427679396
"vm(ID, ginv)_No_510458",0.646531271954418,0.863223129755353,0.748973526853541
"vm(ID, ginv)_No_510459",0.226975845184342,0.850651512668241,0.266825887927227
"vm(ID, ginv)_No_510460",0.288398074276394,0.871362504405618,0.330973702469695
"vm(ID, ginv)_No_510461",0.258446018445582,0.867152973637781,0.298039707297986
"vm(ID, ginv)_No_510462",0.599062678689128,0.88290645904773,0.678512058157616
"vm(ID, ginv)_No_510463",1.06178379880439,0.839301583727426,1.26508018022425
"vm(ID, ginv)_No_510464",0.26066364083047,0.857601224822073,0.30394504262112
"vm(ID, ginv)_No_510465",0.307423255425826,0.87793105776863,0.350167877882324
"vm(ID, ginv)_No_510466",1.17351446189512,0.865312387498847,1.35617434680107
"vm(ID, ginv)_No_510467",0.211693067883339,0.856540576105344,0.247148907814618
"vm(ID, ginv)_No_510468",1.76812792409921,0.84674738158443,2.08814099996471
"vm(ID, ginv)_No_510469",1.36921071099183,0.864912173058091,1.58306329086649
"vm(ID, ginv)_No_510470",0.822620006689051,0.853806697751482,0.963473358613183
"vm(ID, ginv)_No_510471",0.98614502852269,0.881158711053891,1.11914575223711
"vm(ID, ginv)_No_510472",0.871729263631056,0.844074538465385,1.03276336852424
"vm(ID, ginv)_No_510473",0.495030619678746,0.846688856601007,0.584666510984949
"vm(ID, ginv)_No_510474",-0.162500174777195,0.850843413655975,-0.190987168930357
"vm(ID, ginv)_No_510475",0.554328398995049,0.855795545101508,0.647734616250308
"vm(ID, ginv)_No_510476",1.12534621352104,0.868610225050479,1.29557099498298
"vm(ID, ginv)_No_510477",0.17058018923286,0.868226429057234,0.196469703667147
"vm(ID, ginv)_No_510478",0.208183618300293,0.848599830875045,0.245326019079713
"vm(ID, ginv)_No_510479",1.73647977564805,0.835862949233402,2.07746949095021
"vm(ID, ginv)_No_510480",0.214792739756803,0.864283531301349,0.248521153044985
"vm(ID, ginv)_No_510481",-0.177721886236381,0.864153088862594,-0.205660187444681
"vm(ID, ginv)_No_510482",-0.494186688287051,0.871969081026125,-0.566747949027615
"vm(ID, ginv)_No_510483",0.987282881359562,0.862783004854276,1.14430033485223
"vm(ID, ginv)_No_510484",1.49453774061138,0.869368219615353,1.71910786119215
"vm(ID, ginv)_No_510485",1.12812927598448,0.867798053520339,1.29999055818121
"vm(ID, ginv)_No_510486",0.497611795038817,0.861973604079943,0.577293542033645
"vm(ID, ginv)_No_510487",0.777928150259665,0.875576068947353,0.88847580221661
"vm(ID, ginv)_No_510488",-0.346273389210419,0.865728398586557,-0.399979242653663
"vm(ID, ginv)_No_510489",-0.265020431343599,0.842500669230907,-0.314564060329505
"vm(ID, ginv)_No_510490",0.577781074434676,0.862095020713186,0.670205790026132
"vm(ID, ginv)_No_510491",1.50011048502634,0.849073109960544,1.76676244651777
"vm(ID, ginv)_No_510492",0.566993951641369,0.875917536035876,0.647314305645031
"vm(ID, ginv)_No_510493",0.148157847712337,0.861928419675804,0.171891127302733
"vm(ID, ginv)_No_510494",0.621278766434635,0.845192924076848,0.735073317270397
"vm(ID, ginv)_No_510495",0.280086601280038,0.850000417550441,0.329513486695925
"vm(ID, ginv)_No_510496",0.919740017943683,0.860694207560759,1.06860254183685
"vm(ID, ginv)_No_510497",0.461990964731843,0.859505966488764,0.537507571493843
"vm(ID, ginv)_No_510498",1.10238378380065,0.859433475052593,1.28268657877585
"vm(ID, ginv)_No_510499",0.334548392968683,0.854849760928754,0.391353438065201
"vm(ID, ginv)_No_510500",1.42532591706827,0.886076480108844,1.60858114289771
"vm(ID, ginv)_Nr_502891",-0.569724558257784,0.956178555904378,-0.595834904202515
"vm(ID, ginv)_Nr_502358",-0.181497878762537,0.965936249734695,-0.187898403038903
"vm(ID, ginv)_Nr_500467",-0.608731207691228,0.959198982450146,-0.634624534459268
"vm(ID, ginv)_Nr_500627",-0.346519954106483,0.963322876632515,-0.359713199501513
"vm(ID, ginv)_Nr_504289",-0.345266062430067,0.961679933723246,-0.359023881358668
"vm(ID, ginv)_Nr_500968",-0.585583147964338,0.943699790330439,-0.620518467805629
"vm(ID, ginv)_Nr_501805",-0.622138183878665,0.957615254881,-0.649674470730916
"vm(ID, ginv)_Nr_503153",-0.39939666008333,0.954564641901353,-0.418407138240308
"vm(ID, ginv)_Nr_500887",-0.138142867812872,0.933893480786707,-0.147921439280742
"vm(ID, ginv)_Nr_502740",0.278631988219478,0.966318574264835,0.288343819150386
"vm(ID, ginv)_Nr_502984",-0.931051106959439,0.956362140305342,-0.973534049206693
"vm(ID, ginv)_Nr_502549",-0.677878272201618,0.944065262651633,-0.718041748827443
"vm(ID, ginv)_Nr_500261",-0.309047049519728,0.967930115700978,-0.319286531647913
"vm(ID, ginv)_Nr_500506",-0.897505112359115,0.965232168423836,-0.929833403526827
"vm(ID, ginv)_Nr_504556",-0.649167795035823,0.965241063831186,-0.672544734534169
"vm(ID, ginv)_Nr_504876",-0.768867555528552,0.947509422398664,-0.811461646029997
"vm(ID, ginv)_Nr_501420",-0.243082690450358,0.956380990987693,-0.254169303594498
"vm(ID, ginv)_Nr_503723",0.349785426654616,0.95460617988998,0.366418565082964
"vm(ID, ginv)_Nr_501830",-0.737466497456353,0.94662615323605,-0.779047245774181
"vm(ID, ginv)_Nr_502866",-0.781911915534954,0.966815143463661,-0.808750174034012
"vm(ID, ginv)_Nr_502061",-0.709259596879904,0.960144648535807,-0.738700775931527
"vm(ID, ginv)_Nr_501812",-0.529871360991739,0.950768818836579,-0.5573083072288
"vm(ID, ginv)_Nr_504720",-1.14212158682471,0.948244596722044,-1.20445883981081
"vm(ID, ginv)_Nr_502732",-0.244123488554781,0.956509545628132,-0.255223264284798
"vm(ID, ginv)_Nr_502618",-1.07814198873347,0.969913947988579,-1.11158519884093
"vm(ID, ginv)_Nr_502609",-0.422483152651313,0.955547535462646,-0.442137242755547
"vm(ID, ginv)_Nr_503491",-0.864080705581864,0.964756967100786,-0.895645986551963
"vm(ID, ginv)_Nr_500250",0.347669502462801,0.958346232657768,0.362780684699531
"vm(ID, ginv)_Nr_504622",-0.927605909878824,0.958539870251102,-0.967728039977956
"vm(ID, ginv)_Nr_500443",-0.560212808391324,0.960209493607089,-0.583427691687205
"vm(ID, ginv)_Nr_503643",1.5177065593463,0.763458392256727,1.98793617928551
"vm(ID, ginv)_Nr_502428",0.0188380492511743,0.962238065017766,0.0195773270004929
"vm(ID, ginv)_Nr_503464",0.264917457014357,0.741863318693357,0.357097392928061
"vm(ID, ginv)_Nr_503465",-0.68853062351813,0.952241506539064,-0.723063024232796
"vm(ID, ginv)_Nr_502192",0.14808048559522,0.934052690547273,0.15853547352715
"vm(ID, ginv)_Nr_504606",-0.00587964614388819,0.943396005898948,-0.00623242636933317
"vm(ID, ginv)_Nr_500067",-0.694373246312842,0.966145223063809,-0.718704838296325
"vm(ID, ginv)_Nr_502076",-0.236823607396859,0.953227391988062,-0.248443980300374
"vm(ID, ginv)_Nr_504132",-0.201740609018023,0.956460628580483,-0.210924112284092
"vm(ID, ginv)_Nr_501915",-0.02552594277026,0.959419431473187,-0.0266056137002197
"vm(ID, ginv)_Nr_500444",-0.691435022453945,0.962246280310112,-0.718563466133752
"vm(ID, ginv)_Nr_502265",-0.946652711441685,0.957114645442545,-0.989069299011694
"vm(ID, ginv)_Nr_501357",-0.338550428466151,0.953775586613196,-0.354958161246635
"vm(ID, ginv)_Nr_500289",-0.306924421313055,0.957860276195753,-0.320427132161738
"vm(ID, ginv)_Nr_502973",0.281130876031841,0.78849930855103,0.356539153532621
"vm(ID, ginv)_Nr_502988",0.226804550640985,0.961634799585704,0.235853102174233
"vm(ID, ginv)_Nr_503446",-0.629206725484851,0.959659598538199,-0.655656158124495
"vm(ID, ginv)_Nr_504584",-0.289623158144854,0.960381039393851,-0.301571091332302
"vm(ID, ginv)_Nr_501678",-0.214413660816254,0.943640463475995,-0.227219655276798
"vm(ID, ginv)_Nr_503016",-0.337363972711561,0.963012800343761,-0.350321379519706
"vm(ID, ginv)_Nr_500362",-0.0356556201920729,0.950760019884222,-0.0375022292128089
"vm(ID, ginv)_Nr_500205",0.122642276079542,0.966160691046251,0.126937762233665
"vm(ID, ginv)_Nr_500269",0.0415042283617176,0.966056311469732,0.0429625352776529
"vm(ID, ginv)_Nr_502433",0.280037255637137,0.951051120278675,0.294450266306485
"vm(ID, ginv)_Nr_504065",-1.05057338430154,0.959023279109669,-1.09546181744083
"vm(ID, ginv)_Nr_504171",-0.239708090641765,0.962304115933486,-0.24909806232018
"vm(ID, ginv)_Nr_501735",-0.849505710721662,0.948984626606329,-0.895173311457726
"vm(ID, ginv)_Nr_500804",-0.279731276499625,0.953404628705315,-0.293402473700477
"vm(ID, ginv)_Nr_500577",-0.716513275733855,0.958147491483767,-0.747811043813596
"vm(ID, ginv)_Nr_500193",-0.246361249480929,0.963411449915014,-0.255717585152908
"vm(ID, ginv)_Nr_503307",-0.704047664780241,0.952463158795479,-0.739186243875938
"vm(ID, ginv)_Nr_501945",-0.348197068442749,0.950753231228853,-0.366232853074507
"vm(ID, ginv)_Nr_500138",-0.393503973974974,0.955438243334505,-0.411857047506948
"vm(ID, ginv)_Nr_502360",-0.773080628165451,0.962377357006356,-0.803303010546979
"vm(ID, ginv)_Nr_500267",-0.16398806853774,0.951556291931238,-0.172336697185741
"vm(ID, ginv)_Nr_501074",-0.532065136347674,0.969869433445915,-0.548594602530429
"vm(ID, ginv)_Nr_503415",-0.531355182499123,0.962061837518207,-0.552308762054048
"vm(ID, ginv)_Nr_503489",0.271139073247175,0.967363986202181,0.28028650757576
"vm(ID, ginv)_Nr_503192",-0.259417769812086,0.968278622886055,-0.267916448510311
"vm(ID, ginv)_Nr_503200",-0.651597701713511,0.958756083557013,-0.679628231714645
"vm(ID, ginv)_Nr_504978",-0.255978334005453,0.958013056621635,-0.267197124544568
"vm(ID, ginv)_Nr_503314",-0.0407946633349455,0.957514487862225,-0.0426047478676013
"vm(ID, ginv)_Nr_504428",0.411126874068097,0.94138837971643,0.436723973788521
"vm(ID, ginv)_Nr_504736",-0.261878777270693,0.968377234162743,-0.270430538876839
"vm(ID, ginv)_Nr_504711",0.132692708739656,0.964803069744827,0.137533464497321
"vm(ID, ginv)_Nr_503620",-0.356016232792351,0.969874489977751,-0.367074540542373
"vm(ID, ginv)_Nr_503570",0.0253636131703365,0.959440659429611,0.0264358331294978
"vm(ID, ginv)_Nr_503375",-0.0778657626354449,0.954464999498787,-0.0815805322105411
"vm(ID, ginv)_Nr_503735",-0.326474398010114,0.965587681942644,-0.338109530719455
"vm(ID, ginv)_Nr_501993",-0.852743222369959,0.955840254835594,-0.892139892681787
"vm(ID, ginv)_Nr_503125",-0.0148978766804065,0.967685046789345,-0.0153953775867837
"vm(ID, ginv)_Nr_501505",0.323395399778943,0.9657504313254,0.334864359661858
"vm(ID, ginv)_Nr_501739",0.0439457743344788,0.953461216821489,0.0460907833052496
"vm(ID, ginv)_Nr_501549",-0.155334349943476,0.956590512579885,-0.162383326931129
"vm(ID, ginv)_Nr_501039",0.0421332299753669,0.935861067218674,0.0450208171396471
"vm(ID, ginv)_Nr_500042",-1.3209161377896,0.955682153099888,-1.38217097965576
"vm(ID, ginv)_Nr_504400",-0.810542653644544,0.963631105495611,-0.84113375857421
"vm(ID, ginv)_Nr_501575",-0.308859590465479,0.955492364411648,-0.323246529191954
"vm(ID, ginv)_Nr_500330",-0.372142111996036,0.939072233362551,-0.3962869934547
"vm(ID, ginv)_Nr_500174",-0.314627501190521,0.968602849353792,-0.324826115678295
"vm(ID, ginv)_Nr_504719",-0.40896325083986,0.95671078537023,-0.427468005058183
"vm(ID, ginv)_Nr_503773",0.407200506259099,0.95859449321227,0.42478911483683
"vm(ID, ginv)_Nr_500728",0.100068701602031,0.964149085413367,0.103789655682894
"vm(ID, ginv)_Nr_503204",-0.148531560708501,0.957979528095355,-0.155046696043505
"vm(ID, ginv)_Nr_501021",-0.164138619664403,0.945934900762771,-0.173519995437367
"vm(ID, ginv)_Nr_501815",-0.341250778176025,0.958883283979344,-0.3558835406535
"vm(ID, ginv)_Nr_504864",-0.183709385098976,0.94432830345869,-0.194539742615067
"vm(ID, ginv)_Nr_500581",0.0610453247860949,0.968177356881654,0.063051799706112
"vm(ID, ginv)_Nr_501033",-0.166975971724221,0.964256736641172,-0.173165470749889
"vm(ID, ginv)_Nr_502393",0.297573402211788,0.960161210407827,0.309920249835331
"vm(ID, ginv)_Nr_504079",-0.266964296603168,0.964530168472628,-0.276781696756999
"vm(ID, ginv)_Nr_501160",-0.431615189034143,0.962681794796884,-0.448346682535125
"vm(ID, ginv)_Nr_501741",0.328941608852966,0.960558971552108,0.342448114686233
"vm(ID, ginv)_Nr_502355",-0.37429892805649,0.949559716333432,-0.39418155763998
"vm(ID, ginv)_Nr_502058",0.191004757037463,0.961430656109348,0.19866722142022
"vm(ID, ginv)_Nr_501847",-0.241708603502343,0.951275227420635,-0.254089033893725
"vm(ID, ginv)_Nr_502477",-0.568858790189862,0.952221714752879,-0.597401614956337
"vm(ID, ginv)_Nr_501272",-0.183195524076029,0.970540410114801,-0.188756204447334
"vm(ID, ginv)_Nr_501912",-0.192116564954414,0.959947123851681,-0.200132444986728
"vm(ID, ginv)_Nr_503379",-0.555263970255026,0.966743251427969,-0.574365499252103
"vm(ID, ginv)_Nr_501587",0.155225484010606,0.952128230381907,0.163030019547203
"vm(ID, ginv)_Nr_501374",-0.243045325074323,0.960965174114486,-0.252917932534116
"vm(ID, ginv)_Nr_504674",-0.374777931664139,0.967941968512079,-0.387190496802456
"vm(ID, ginv)_Nr_503327",-0.371798165032068,0.969411515550501,-0.383529759104351
"vm(ID, ginv)_Nr_503948",-0.254714902075559,0.959079313964186,-0.265582729568777
"vm(ID, ginv)_Nr_502413",-0.348398635210951,0.934228048463364,-0.372926755714521
"vm(ID, ginv)_Nr_500169",-0.766777435213327,0.946803170970053,-0.809859386537247
"vm(ID, ginv)_Nr_501438",-0.282797887716027,0.958923560148429,-0.294911815152663
"vm(ID, ginv)_Nr_503694",-0.315265875438674,0.960608307456054,-0.328193992277229
"vm(ID, ginv)_Nr_501252",0.22535482327257,0.961573945592963,0.234360367505177
"vm(ID, ginv)_Nr_500288",-0.0674725948904303,0.954562317067258,-0.0706843269255895
"vm(ID, ginv)_Nr_500892",-0.548660628780788,0.951598913194719,-0.576567103191426
"vm(ID, ginv)_Nr_502564",-0.330507332534059,0.966609168602415,-0.341924475030511
"vm(ID, ginv)_Nr_504582",-1.40458671676352,0.956946080534858,-1.46778041661289
"vm(ID, ginv)_Nr_500476",0.213866293338677,0.965029506041205,0.221616325718383
"vm(ID, ginv)_Nr_501667",0.230392669979863,0.937623283896929,0.245719868455388
"vm(ID, ginv)_Nr_503400",-0.219743865183736,0.957305883868345,-0.2295440453116
"vm(ID, ginv)_Nr_504988",-0.0164694536260311,0.96372836971278,-0.0170893107888268
"vm(ID, ginv)_Nr_500630",-1.14837256089017,0.946009710983503,-1.21391202178705
"vm(ID, ginv)_Nr_502496",-0.453695525565317,0.954230635472448,-0.475456885054512
"vm(ID, ginv)_Nr_503280",-0.203299733091151,0.948484415431074,-0.214341669492539
"vm(ID, ginv)_Nr_504206",-0.606110181971775,0.962326948645183,-0.629838105256316
"vm(ID, ginv)_Nr_500998",-0.102879212306382,0.957353927498514,-0.10746204653403
"vm(ID, ginv)_Nr_502809",-0.655576261284465,0.951315502852615,-0.689126014785477
"vm(ID, ginv)_Nr_500884",-0.554372832589098,0.948433952610345,-0.584513904276956
"vm(ID, ginv)_Nr_502435",-0.422163240366707,0.95895904377502,-0.440230730506307
"vm(ID, ginv)_Nr_504452",-0.60072633623759,0.947541054225882,-0.633984494453773
"vm(ID, ginv)_Nr_500307",0.256564599703152,0.958803706345765,0.267588243563411
"vm(ID, ginv)_Nr_502969",-1.09290347470282,0.956203030739152,-1.14296173466214
"vm(ID, ginv)_Nr_500480",-0.486862536596082,0.949231398806075,-0.512901845860185
"vm(ID, ginv)_Nr_502104",-1.03633845787109,0.953169321742863,-1.08725536400621
"vm(ID, ginv)_Nr_503322",-0.569626600267342,0.956398999604749,-0.59559514439345
"vm(ID, ginv)_Nr_500930",-0.741313762977688,0.96384299513463,-0.769122945043701
"vm(ID, ginv)_Nr_502828",-0.534547888032736,0.95189868355763,-0.561559646279702
"vm(ID, ginv)_Nr_500311",-0.795898329822161,0.962578992350231,-0.82683949696315
"vm(ID, ginv)_Nr_503081",-0.999322512779291,0.95624419822254,-1.04504949116222
"vm(ID, ginv)_Nr_501967",0.170554555830593,0.96198324137937,0.177294726658687
"vm(ID, ginv)_Nr_504336",-0.0713524202537922,0.949172743531464,-0.0751732713987556
"vm(ID, ginv)_Nr_503969",0.233732883243438,0.965368468541933,0.242117793215747
"vm(ID, ginv)_Nr_504704",-0.362914464112921,0.964318409291486,-0.376342980302082
"vm(ID, ginv)_Nr_504033",-0.812136121561193,0.957401319808524,-0.848271362027803
"vm(ID, ginv)_Nr_501682",0.0884107205208245,0.959863038724148,0.0921076413551044
"vm(ID, ginv)_Nr_504027",-0.398515617709622,0.956790049232144,-0.416513129530814
"vm(ID, ginv)_Nr_504740",-0.523883988029839,0.962737278197712,-0.544160904427191
"vm(ID, ginv)_Nr_503167",0.116121073829801,0.951588594501772,0.12202865240372
"vm(ID, ginv)_Nr_501801",-0.998565745450674,0.963195644379667,-1.03672161650377
"vm(ID, ginv)_Nr_504654",-0.840098729473016,0.948701666367901,-0.885524669403532
"vm(ID, ginv)_Nr_503879",-1.21479107248744,0.945829441766995,-1.28436588970837
"vm(ID, ginv)_Nr_504214",0.0781026244085763,0.957498838248452,0.0815694195007579
"vm(ID, ginv)_Nr_504848",-0.758217993497507,0.969868010834833,-0.781774411597364
"vm(ID, ginv)_Nr_504347",-1.13151930886266,0.972838604271834,-1.16311102776354
"vm(ID, ginv)_Nr_502673",0.0412027360692757,0.961291053108228,0.0428618740765882
"vm(ID, ginv)_Nr_503394",-1.18782240136346,0.946049028772076,-1.25556114454786
"vm(ID, ginv)_Nr_502730",-0.235169638900353,0.956090989856603,-0.245969935283695
"vm(ID, ginv)_Nr_500393",0.142858590979583,0.966245018335923,0.147849239342641
"vm(ID, ginv)_Nr_501451",-0.00562333169352508,0.974530596548696,-0.00577029773456075
"vm(ID, ginv)_Nr_501301",0.0909781842993359,0.963361026798419,0.0944383068948593
"vm(ID, ginv)_Nr_501226",-0.406038043810634,0.959681316245818,-0.423096747781874
"vm(ID, ginv)_Nr_504810",0.107048716322808,0.951856525553707,0.112463079727837
"vm(ID, ginv)_Nr_502514",-0.384565163123845,0.962838876580278,-0.399407598174378
"vm(ID, ginv)_Nr_501134",-0.146895795258182,0.93833536425121,-0.156549354159112
"vm(ID, ginv)_Nr_502900",-0.665089113013097,0.954284452815425,-0.69695059062409
"vm(ID, ginv)_Nr_501114",-0.368062395050032,0.955552217855581,-0.38518292163669
"vm(ID, ginv)_Nr_502136",-1.03095001925307,0.957634146342575,-1.0765593762404
"vm(ID, ginv)_Nr_504580",0.243569734970583,0.960708278035876,0.253531421076698
"vm(ID, ginv)_Nr_501093",-0.508317607590459,0.961001359008476,-0.528945773932018
"vm(ID, ginv)_Nr_502539",-0.40801030502951,0.965292721784537,-0.422680390954591
"vm(ID, ginv)_Nr_500207",-0.345369051021962,0.940331912886305,-0.367284196451302
"vm(ID, ginv)_Nr_503140",0.567815445167171,0.956298410731513,0.593763869933471
"vm(ID, ginv)_Nr_504959",-1.17160330759606,0.960156452888399,-1.22022125047597
"vm(ID, ginv)_Nr_500189",-0.333115110830101,0.955922250565302,-0.348475109385839
"vm(ID, ginv)_Nr_502525",0.00347859944257208,0.942159490911468,0.00369215560223969
"vm(ID, ginv)_Nr_503455",-0.724156575627692,0.956143791791721,-0.757372041574095
"vm(ID, ginv)_Nr_504692",-0.113596975552479,0.960489480459575,-0.118269879955505
"vm(ID, ginv)_Nr_503095",-1.0353293189041,0.957771308541047,-1.08097758793922
"vm(ID, ginv)_Nr_503991",0.443015865834588,0.9567195732426,0.46305717811655
"vm(ID, ginv)_Nr_502293",-0.320840012680301,0.964030844044969,-0.332810941332635
"vm(ID, ginv)_Nr_500688",-0.994291483698332,0.949744614537835,-1.04690405028743
"vm(ID, ginv)_Nr_500686",0.444502755719565,0.9376103127691,0.474080489160565
"vm(ID, ginv)_Nr_503093",-0.308440481483066,0.95520798422706,-0.322904002663516
"vm(ID, ginv)_Nr_502084",-0.505420633350353,0.957688234658336,-0.527750697000748
"vm(ID, ginv)_Nr_504805",-1.45693956900971,0.95746474782137,-1.52166392791469
"vm(ID, ginv)_Nr_503926",-0.390630096820917,0.961257598277896,-0.406374001641948
"vm(ID, ginv)_Nr_500301",-0.159689979655144,0.958858809903082,-0.166541703539528
"vm(ID, ginv)_Nr_504595",-0.242806875227301,0.954580296729367,-0.254359822907741
"vm(ID, ginv)_Nr_504970",-0.748958598888794,0.960995117257816,-0.779357340572068
"vm(ID, ginv)_Nr_502174",-0.911963407836482,0.956799021445442,-0.953139988018354
"vm(ID, ginv)_Nr_504152",-0.967181487257098,0.954995111561198,-1.01276066814204
"vm(ID, ginv)_Nr_501622",0.126659252258518,0.961739709229269,0.131698058261545
"vm(ID, ginv)_Nr_501701",-0.0121674437523656,0.954328300583164,-0.0127497463346004
"vm(ID, ginv)_Nr_502675",-0.810411439942956,0.961931786753172,-0.842483272829932
"vm(ID, ginv)_Nr_501052",0.240553235494757,0.943920446825481,0.254844819077462
"vm(ID, ginv)_Nr_501504",-0.81420408574127,0.963183654726398,-0.845325895789369
"vm(ID, ginv)_Nr_500774",0.147425277715933,0.954028021984467,0.154529295071727
"vm(ID, ginv)_Nr_503670",-0.486408083220713,0.94817762511918,-0.512992576849274
"vm(ID, ginv)_Nr_500185",-0.0788738246870564,0.949607929244871,-0.0830593577180605
"vm(ID, ginv)_Nr_500812",-0.551855381172148,0.930070188356465,-0.593348102197896
"vm(ID, ginv)_Nr_503141",-0.0637643580146031,0.958315471682984,-0.0665379615572946
"vm(ID, ginv)_Nr_501802",-0.499810321639204,0.957921247874342,-0.521765565539233
"vm(ID, ginv)_Nr_502425",0.08044893176074,0.940760390275665,0.0855147948322597
"vm(ID, ginv)_Nr_501356",-0.185470587664577,0.952450526077758,-0.194729891565449
"vm(ID, ginv)_Nr_500234",-0.42359707583704,0.959073037739583,-0.441673427537288
"vm(ID, ginv)_Nr_500622",-0.351962253524878,0.973501882799602,-0.361542447676324
"vm(ID, ginv)_Nr_500385",-0.175325251364594,0.95763898438426,-0.183080737337906
"vm(ID, ginv)_Nr_502239",-0.73972645733015,0.956653044254388,-0.773244241235536
"vm(ID, ginv)_Nr_504901",0.243615222434018,0.958913287904566,0.254053443107844
"vm(ID, ginv)_Nr_501763",-0.348062904885389,0.954914194346865,-0.364496524343169
"vm(ID, ginv)_Nr_500620",-0.167052272194088,0.93844124417691,-0.178010369035524
"vm(ID, ginv)_Nr_500964",0.0197245295208863,0.941693265637735,0.0209458113810854
"vm(ID, ginv)_Nr_502060",-0.127802024498004,0.953248540396626,-0.134069992328368
"vm(ID, ginv)_Nr_500821",-0.629792131250886,0.955012027064001,-0.659459895167037
"vm(ID, ginv)_Nr_502872",-0.0191161065796369,0.925228890458764,-0.0206609486331089
"vm(ID, ginv)_Nr_503687",-0.828085358769317,0.960931596291728,-0.861752659570078
"vm(ID, ginv)_Nr_500437",-0.526236099170691,0.965727885110753,-0.544911364043651
"vm(ID, ginv)_Nr_504346",-1.5746785017741,0.958822506314333,-1.64230448430657
"vm(ID, ginv)_Nr_504738",0.487226620203454,0.947940623916375,0.513984323396225
"vm(ID, ginv)_Nr_502976",-0.665065143183329,0.969179349578027,-0.686214727411281
"vm(ID, ginv)_Nr_501447",0.200390679611269,0.959086452303861,0.208939120274196
"vm(ID, ginv)_Nr_502043",-0.365792691209265,0.94938927125647,-0.385292632099324
"vm(ID, ginv)_Nr_500674",-0.300256437911815,0.949201665626421,-0.316325232861514
"vm(ID, ginv)_Nr_500522",-0.650464379980099,0.965269571694898,-0.673868107991803
"vm(ID, ginv)_Nr_503112",-0.349546522907878,0.964011697390535,-0.362595727680545
"vm(ID, ginv)_Nr_504714",-0.514826007294881,0.961779559261107,-0.535284829395209
"vm(ID, ginv)_Nr_501675",-0.211266134917552,0.960515381566711,-0.219950808672061
"vm(ID, ginv)_Nr_504765",-1.31953729217144,0.959811560483961,-1.37478787138811
"vm(ID, ginv)_Nr_504710",-0.568617607055101,1.02091559712799,-0.55696828283819
"vm(ID, ginv)_Nr_504659",-0.338920122033327,0.958688360994106,-0.353524811422438
"vm(ID, ginv)_Nr_503641",-0.0698200196765791,0.946999388830288,-0.0737276290777961
"vm(ID, ginv)_Nr_501639",-0.0491397172041984,0.95342259969546,-0.051540331873709
"vm(ID, ginv)_Nr_503470",-0.493576930273717,0.940944530799326,-0.524554757605559
"vm(ID, ginv)_Nr_500133",-0.685403622246923,0.965326701440414,-0.710022442375412
"vm(ID, ginv)_Nr_503124",-1.80666655290338,0.953140362771426,-1.89548845424002
"vm(ID, ginv)_Nr_503312",0.111656043385282,0.959910500730589,0.11631922278202
"vm(ID, ginv)_Nr_501198",-1.57846185935662,0.962144647543123,-1.64056606601439
"vm(ID, ginv)_Nr_503897",-0.518931618445468,0.96296042385417,-0.538891947779626
"vm(ID, ginv)_Nr_504218",-0.326830864016389,0.952339430209278,-0.343187369596329
"vm(ID, ginv)_Nr_501251",-0.387190843235145,0.956702808506767,-0.404713814773343
"vm(ID, ginv)_Nr_500797",0.407047897664258,0.935933701122764,0.434911038224135
"vm(ID, ginv)_Nr_500243",-0.0904278906216104,0.948782719472027,-0.0953093777592526
"vm(ID, ginv)_Nr_502288",-0.76331478939643,0.971934579954358,-0.785356139332212
"vm(ID, ginv)_Nr_502523",0.10584643655404,0.967582510427628,0.109392672369884
"vm(ID, ginv)_Nr_502885",-0.217112496762675,0.958797608808708,-0.226442467907731
"vm(ID, ginv)_Nr_504295",-0.390748730417017,0.952924553688348,-0.41005211682772
"vm(ID, ginv)_Nr_501211",-0.213870894279827,0.94343676817018,-0.22669340595516
"vm(ID, ginv)_Nr_504425",-1.43319929881558,0.944932260626922,-1.51672173607949
"vm(ID, ginv)_Nr_504156",-0.0449005732986283,0.968160598334051,-0.0463771954527899
"vm(ID, ginv)_Nr_500499",0.307153708698041,0.954942967492172,0.321646128778427
"vm(ID, ginv)_Nr_501863",-0.194633763323531,0.966774555226867,-0.201322802996048
"vm(ID, ginv)_Nr_504684",-0.713147741096926,0.958113750514722,-0.744324711667906
"vm(ID, ginv)_Nr_500822",0.062324653759801,0.958311305065677,0.0650359162313437
"vm(ID, ginv)_Nr_501279",0.656304908899055,0.969675804873648,0.67682920992813
"vm(ID, ginv)_Nr_501581",-1.04925294221259,0.934898032000604,-1.12231805640587
"vm(ID, ginv)_Nr_502906",0.152194380026949,0.961906778716965,0.158221548485138
"vm(ID, ginv)_Nr_504769",-1.25109588991784,0.952556645701387,-1.31340838947865
"vm(ID, ginv)_Nr_500936",-0.107951747419058,0.940037858932532,-0.114837659348788
"vm(ID, ginv)_Nr_502102",-0.187237359388263,0.975461172535949,-0.191947526626297
"vm(ID, ginv)_Nr_502147",2.33383948757184,0.809572489080443,2.88280483718356
"vm(ID, ginv)_Nr_503637",-0.444052957582748,0.953352126990607,-0.465780633420796
"vm(ID, ginv)_Nr_502245",-0.280635149913655,0.955096811962547,-0.293829009162958
"vm(ID, ginv)_Nr_500725",0.0871124451542118,0.972907333086508,0.0895382758374852
"vm(ID, ginv)_Nr_500472",-0.633051029113386,0.952140766305829,-0.66487125802788
"vm(ID, ginv)_Nr_504236",-0.121076431293703,0.956428353554242,-0.126592264693705
"vm(ID, ginv)_Nr_504072",-0.496869263592299,0.949617020660315,-0.523231210879942
"vm(ID, ginv)_Nr_500190",-1.42171450847335,0.950404291565363,-1.49590497548335
"vm(ID, ginv)_Nr_501572",-0.441548944170397,0.960884309799039,-0.459523523974227
"vm(ID, ginv)_Nr_503708",0.326910267478839,0.958723697796383,0.340984861676246
"vm(ID, ginv)_Nr_501895",-0.49601743334393,0.957897667148954,-0.51781881338145
"vm(ID, ginv)_Nr_504414",0.829599661123885,0.929714913281895,0.892316181307017
"vm(ID, ginv)_Nr_504172",-0.521374686529823,0.949918435467002,-0.548862583421179
"vm(ID, ginv)_Nr_501340",-0.68407972515427,0.950161691244271,-0.719961382844685
"vm(ID, ginv)_Nr_502278",-0.963860405088701,0.958422438873126,-1.00567387197442
"vm(ID, ginv)_Nr_500150",0.0351850216162364,0.960638340800252,0.0366267096802796
"vm(ID, ginv)_Nr_502406",-0.481291320834547,0.976702563405373,-0.492771636798491
"vm(ID, ginv)_Nr_502062",0.509523671617815,0.969355383579352,0.525631445648339
"vm(ID, ginv)_Nr_503756",0.58102823315559,0.952880750005328,0.609759650567335
"vm(ID, ginv)_Nr_503245",-0.871659690091388,0.948478560555654,-0.919008321685982
"vm(ID, ginv)_Nr_502149",-0.736405784415132,0.964438742311947,-0.763558899189206
"vm(ID, ginv)_Nr_500573",-0.566698674414896,0.957808211938576,-0.591661950013891
"vm(ID, ginv)_Nr_503642",-0.916581915651458,0.954448295440036,-0.960326421064935
"vm(ID, ginv)_Nr_501281",0.197704293437267,0.965316240633471,0.204807797813002
"vm(ID, ginv)_Nr_501287",0.0780971794451376,0.961788333725998,0.0811999654254348
"vm(ID, ginv)_Nr_504937",-0.948911128580718,0.954152081264214,-0.994507214534866
"vm(ID, ginv)_Nr_504512",-0.598546858472579,0.956164950266376,-0.625987031114068
"vm(ID, ginv)_Nr_503478",0.05603012417277,0.960003275582678,0.058364513536438
"vm(ID, ginv)_Nr_500155",-0.0460453347712484,0.962340809384256,-0.0478472224416109
"vm(ID, ginv)_Nr_501446",-0.299276130909288,0.958792708035157,-0.312138513780096
"vm(ID, ginv)_Nr_501238",-0.0204105909765369,0.958785178440507,-0.0212879708984815
"vm(ID, ginv)_Nr_500428",-0.884279972887344,0.950213582506294,-0.930611800512214
"vm(ID, ginv)_Nr_502838",-0.621173103243363,0.966012962110222,-0.643027710400937
"vm(ID, ginv)_Nr_503875",-0.504427026584365,0.960502124719931,-0.525170130916107
"vm(ID, ginv)_Nr_503209",-0.183918166772612,0.936840632972096,-0.196317452829877
"vm(ID, ginv)_Nr_504677",-0.149386117380155,0.95657543556413,-0.156167628632505
"vm(ID, ginv)_Nr_500228",-0.349513710794329,0.964040615375394,-0.362550814996762
"vm(ID, ginv)_Nr_504263",-0.461641660429244,0.968563140410249,-0.476625261863371
"vm(ID, ginv)_Nr_504320",-0.400809025419266,0.95763300848425,-0.418541363829627
"vm(ID, ginv)_Nr_501332",-0.131889356169548,0.950947922350686,-0.138692512039487
"vm(ID, ginv)_Nr_501548",0.0397441604056114,0.956348957092167,0.041558220052287
"vm(ID, ginv)_Nr_503883",0.0180015245385671,0.964716358508594,0.0186599142637081
"vm(ID, ginv)_Nr_502879",-0.100058366365834,0.965857231194715,-0.103595400162887
"vm(ID, ginv)_Nr_502747",-0.200867311098932,0.950787220637095,-0.21126421005568
"vm(ID, ginv)_Nr_501749",-0.0697802143763268,0.966023658952049,-0.0722344776234828
"vm(ID, ginv)_Nr_502040",-0.282117715058736,0.961679857343971,-0.293359284697827
"vm(ID, ginv)_Nr_500993",-0.852652551901389,0.96531194230418,-0.883292244231564
"vm(ID, ginv)_Nr_503053",-0.236359498374275,0.931210832446098,-0.253819532740408
"vm(ID, ginv)_Nr_501594",-0.565082924079079,0.966009600236324,-0.584966157624974
"vm(ID, ginv)_Nr_501514",-0.685766830787379,0.952471407612514,-0.719986789426401
"vm(ID, ginv)_Nr_503042",-0.256124855506218,0.963103980964146,-0.26593686722156
"vm(ID, ginv)_Nr_504366",-0.917471493605506,0.96414308441225,-0.951592671708893
"vm(ID, ginv)_Nr_502135",-0.170380507973629,0.932346916942818,-0.182743681431704
"vm(ID, ginv)_Nr_502311",0.027643776484593,0.951008742012172,0.029067846869739
"vm(ID, ginv)_Nr_504138",-0.874990344656095,0.954880328909129,-0.916335082172756
"vm(ID, ginv)_Nr_503614",-0.369211044684875,0.957549513296496,-0.38557906359726
"vm(ID, ginv)_Nr_501933",1.3105726414909,0.74436203049806,1.76066562746891
"vm(ID, ginv)_Nr_500303",-0.316427283928433,0.954822270149525,-0.331399144972687
"vm(ID, ginv)_Nr_504576",-0.23459472849151,0.958949051476915,-0.244637322629603
"vm(ID, ginv)_Nr_503628",0.527601982092785,0.957962102248059,0.550754545356916
"vm(ID, ginv)_Nr_500595",-0.401203178626361,0.960415436254119,-0.417739202725814
"vm(ID, ginv)_Nr_501857",0.061754057206064,0.94928332402444,0.0650533467124027
"vm(ID, ginv)_Nr_503617",-0.830447096748887,0.962081183005843,-0.863177776904762
"vm(ID, ginv)_Nr_501995",-0.533405025094918,0.954874445535197,-0.558612734468928
"vm(ID, ginv)_Nr_502806",0.380954589532056,0.955955845956176,0.398506469878861
"vm(ID, ginv)_Nr_502026",-0.835060573749322,0.94486317667165,-0.883789943736493
"vm(ID, ginv)_Nr_502405",-0.37305143279577,0.962769878653759,-0.387477258135047
"vm(ID, ginv)_Nr_503066",-0.723974982086627,0.953169821127089,-0.759544591152239
"vm(ID, ginv)_Nr_502968",-1.00117742700258,0.952428139044461,-1.05118421638301
"vm(ID, ginv)_Nr_503281",-0.810549459100761,0.960243493918291,-0.844108254035963
"vm(ID, ginv)_Nr_500284",-1.08379351138293,0.957709205437195,-1.13165197246713
"vm(ID, ginv)_Nr_504112",-0.180537822285887,0.961690468878032,-0.187729657440105
"vm(ID, ginv)_Nr_503884",-0.286613737766802,0.949294694021049,-0.301922827096774
"vm(ID, ginv)_Nr_500031",0.305860807746752,0.96034354914849,0.31849103169168
"vm(ID, ginv)_Nr_504725",-0.0577765600211921,0.957916738264042,-0.0603148036914941
"vm(ID, ginv)_Nr_502167",-0.357358148247873,0.966260943625703,-0.369836068202195
"vm(ID, ginv)_Nr_502069",-0.205711588734182,0.950875324673457,-0.216339180748882
"vm(ID, ginv)_Nr_504409",-0.529481267542017,0.962452806847465,-0.550137382087693
"vm(ID, ginv)_Nr_500473",-0.80654340168801,0.965373202964553,-0.835473161271937
"vm(ID, ginv)_Nr_503639",-0.574662216813045,0.950478374884034,-0.604603147213274
"vm(ID, ginv)_Nr_500015",-0.14294285242027,0.963468340538074,-0.148362791392232
"vm(ID, ginv)_Nr_504383",-0.161678212790416,0.953582156452552,-0.16954827824367
"vm(ID, ginv)_Nr_502472",-0.881745956031806,0.951221529338576,-0.926961731664043
"vm(ID, ginv)_Nr_501477",-0.243163047402722,0.972614121783978,-0.250009784925505
"vm(ID, ginv)_Nr_500898",-0.490493242368495,0.959931179877728,-0.510967090818919
"vm(ID, ginv)_Nr_502505",-0.697203676887194,0.962571928581108,-0.724313327851682
"vm(ID, ginv)_Nr_503506",-0.0839476718908702,0.939805296482782,-0.0893245358427368
"vm(ID, ginv)_Nr_501998",-0.355679920808916,0.966461878671493,-0.36802271114701
"vm(ID, ginv)_Nr_501119",-0.655016323477481,0.962072837974333,-0.680838599348292
"vm(ID, ginv)_Nr_502247",-0.490614789475221,0.952508153985564,-0.515076734432508
"vm(ID, ginv)_Nr_502577",-0.798152386479223,0.960867879163783,-0.830657787388868
"vm(ID, ginv)_Nr_502834",-0.514333124256946,0.975288550334461,-0.527365079883859
"vm(ID, ginv)_Nr_504608",-0.165757967331303,0.961160192177049,-0.172456130289642
"vm(ID, ginv)_Nr_501065",-0.193694999345905,0.939157962104209,-0.206243259559793
"vm(ID, ginv)_Nr_500631",0.0248623485473705,0.965251989727888,0.0257573657572873
"vm(ID, ginv)_Nr_500590",-0.427569007713254,0.959795014728271,-0.445479504636001
"vm(ID, ginv)_Nr_503287",-0.151351989584006,0.952897284149968,-0.158833477754131
"vm(ID, ginv)_Nr_504796",-1.73155462599274,0.954067814431895,-1.81491776559279
"vm(ID, ginv)_Nr_500808",-0.488666882639834,0.954381800986936,-0.512024519049398
"vm(ID, ginv)_Nr_504139",-1.09883746801993,0.963662970239538,-1.14027154923966
"vm(ID, ginv)_Nr_500806",0.333432212407282,0.953894268652384,0.349548396887151
"vm(ID, ginv)_Nr_500602",-0.891652225626224,0.962314853372183,-0.926570157887161
"vm(ID, ginv)_Nr_504998",-1.16545886943914,0.953235452373615,-1.22263483438124
"vm(ID, ginv)_Nr_503798",0.442765277652612,0.957179457822985,0.462572900028214
"vm(ID, ginv)_Nr_502365",-0.299800540028226,0.954916955782286,-0.313954567685547
"vm(ID, ginv)_Nr_504888",-0.381364028106531,0.958918005211818,-0.397702437574202
"vm(ID, ginv)_Nr_502789",-0.639977696412088,0.95904137813565,-0.667309785586298
"vm(ID, ginv)_Nr_500151",-0.291260593166939,0.957953662215145,-0.304044553150343
"vm(ID, ginv)_Nr_500229",-0.800117002737755,0.96063471885763,-0.832904523468859
"vm(ID, ginv)_Nr_502728",-0.799144514435061,0.957269907449619,-0.834816291848305
"vm(ID, ginv)_Nr_500296",-0.807999722330483,0.965179426729785,-0.837149756774389
"vm(ID, ginv)_Nr_504631",-0.746328064254054,0.942765426011216,-0.791637074995126
"vm(ID, ginv)_Nr_501634",-0.761865345776543,0.951635063240632,-0.800585618590113
"vm(ID, ginv)_Nr_500712",-0.0507262528840374,0.95349936705477,-0.0532000907779561
"vm(ID, ginv)_Nr_504133",-0.659791582527593,0.949175583190549,-0.695120686006035
"vm(ID, ginv)_Nr_504487",-0.757031799954289,0.961270138645908,-0.787532837564976
"vm(ID, ginv)_Nr_502342",-0.78004925266609,0.952966788123707,-0.818548203764715
"vm(ID, ginv)_Nr_502285",-0.1396930550059,0.965305852934516,-0.144713776034026
"vm(ID, ginv)_Nr_501800",-0.303651271764773,0.959687346052692,-0.316406455720945
"vm(ID, ginv)_Nr_500164",-0.0557652252533104,0.967389412485985,-0.0576450646798021
"vm(ID, ginv)_Nr_502925",-0.727510070157428,0.963526172663452,-0.755049619613746
"vm(ID, ginv)_Nr_500815",-0.188811724912091,0.942873845435886,-0.200251312332038
"vm(ID, ginv)_Nr_502921",-0.796504131172122,0.94497468998951,-0.842884089499756
"vm(ID, ginv)_Nr_501951",-0.907850496901891,0.960057491116626,-0.945620970933715
"vm(ID, ginv)_Nr_503725",0.18673680087818,0.951361298970526,0.196283789429157
"vm(ID, ginv)_Nr_502218",0.233573178804213,0.955153130995944,0.244540033660011
"vm(ID, ginv)_Nr_503621",0.185903311136689,0.966415109808163,0.192363829217852
"vm(ID, ginv)_Nr_504226",-0.431405154291765,0.963293367238617,-0.447843999516402
"vm(ID, ginv)_Nr_501828",-0.0324385646841277,0.942413322027842,-0.034420740800149
"vm(ID, ginv)_Nr_504968",-1.00301736375276,0.951040049771551,-1.05465312842892
"vm(ID, ginv)_Nr_500436",0.20326378264454,0.95491056692008,0.212861591112283
"vm(ID, ginv)_Nr_500222",-0.0130071415410936,0.953971535475822,-0.0136347270934095
"vm(ID, ginv)_Nr_500555",0.00978070720014219,0.944184359806132,0.0103588955891521
"vm(ID, ginv)_Nr_502100",-0.3310931619938,0.945930319385919,-0.350018553384291
"vm(ID, ginv)_Nr_502114",-0.691778548695218,0.963229709847207,-0.718186473717626
"vm(ID, ginv)_Nr_504356",-0.305306340328959,0.945362374200449,-0.322951651833167
"vm(ID, ginv)_Nr_504917",-0.0295953121717726,0.961749213166094,-0.0307723799163239
"vm(ID, ginv)_Nr_504679",-0.397563717588959,0.962410361904526,-0.413091684509937
"vm(ID, ginv)_Nr_501563",-0.204632677929042,0.965840198343801,-0.211870119177003
"vm(ID, ginv)_Nr_502443",-0.544944566007736,0.967383404926688,-0.563318083846016
"vm(ID, ginv)_Nr_500734",0.0898121590082111,0.961548839813259,0.0934036372251807
"vm(ID, ginv)_Nr_504636",-0.844751676631358,0.948513664189963,-0.890605700818007
"vm(ID, ginv)_Nr_500660",-1.03272966034986,0.951993502742779,-1.08480746704098
"vm(ID, ginv)_Nr_501417",-0.650956136747613,0.94890286458223,-0.686009243985375
"vm(ID, ginv)_Nr_500001",-0.49096109335479,0.954064407299834,-0.514599527661129
"vm(ID, ginv)_Nr_504927",0.459152170385724,0.96046806907591,0.478050426837704
"vm(ID, ginv)_Nr_504240",-0.123782258477347,0.953309609440957,-0.129844761084424
"vm(ID, ginv)_Nr_501111",-0.30379727714668,0.965937325829016,-0.314510340394959
"vm(ID, ginv)_Nr_504912",-0.170676772396117,0.960248240008819,-0.177742343370033
"vm(ID, ginv)_Nr_501689",0.0621084534360761,0.980317364917929,0.063355455752103
"vm(ID, ginv)_Nr_500350",-0.306923712281837,0.95858003388319,-0.320185797150911
"vm(ID, ginv)_Nr_503814",-0.514692549269271,0.956063224539486,-0.538345724486146
"vm(ID, ginv)_Nr_500694",0.569375294828078,0.95637327852116,0.595348393368437
"vm(ID, ginv)_Nr_503343",-0.813478761674319,0.968221302365166,-0.840178541504052
"vm(ID, ginv)_Nr_502336",-0.152578000548568,0.961719834157342,-0.158651194588553
"vm(ID, ginv)_Nr_504591",-0.13380545328979,0.957414465459377,-0.139757083391871
"vm(ID, ginv)_Nr_503889",-0.922901966666875,0.962998724183058,-0.95836260577583
"vm(ID, ginv)_Nr_503073",-0.964865431219734,0.954347813923612,-1.01102073808173
"vm(ID, ginv)_Nr_504165",-0.417218208137953,0.943172823836447,-0.442356053518249
"vm(ID, ginv)_Nr_504056",-1.33351152292895,0.958555295256814,-1.39116807296097
"vm(ID, ginv)_Nr_504468",0.0479055548437071,0.960466364569951,0.0498773893713153
"vm(ID, ginv)_Nr_500430",0.480235764203122,0.951614537437723,0.504653665228974
"vm(ID, ginv)_Nr_503492",-0.536793592833033,0.956193996554509,-0.561385654759685
"vm(ID, ginv)_Nr_501140",0.217650919903166,0.957895105358326,0.227217905891426
"vm(ID, ginv)_Nr_500785",-1.05019552710329,0.964620358890531,-1.08871383174121
"vm(ID, ginv)_Nr_501228",-0.0534156419486299,0.954357112833174,-0.0559702874640462
"vm(ID, ginv)_Nr_504694",-0.363463252156427,0.962201741840418,-0.377741212005317
"vm(ID, ginv)_Nr_503480",-0.350557104129972,0.954304604527746,-0.367342987204228
"vm(ID, ginv)_Nr_501879",-1.87447058149368,0.969089602594265,-1.93425930530645
"vm(ID, ginv)_Nr_500453",-0.456359682840491,0.939510531443282,-0.48574195558982
"vm(ID, ginv)_Nr_504110",-0.400874534542442,0.951545069154874,-0.421288016234989
"vm(ID, ginv)_Nr_503038",-0.387239604417806,0.959074111531137,-0.403764005056489
"vm(ID, ginv)_Nr_501323",-0.243630263850287,0.964010846637195,-0.252725645878523
"vm(ID, ginv)_Nr_503367",-0.244910308068422,0.942163087227909,-0.259944707438085
"vm(ID, ginv)_Nr_501195",-0.209898290238552,0.962919531668666,-0.217981132727482
"vm(ID, ginv)_Nr_501665",-0.114581409311942,0.969209027103633,-0.11822156635742
"vm(ID, ginv)_Nr_504948",-0.227869622305763,0.952947851223143,-0.239120768270041
"vm(ID, ginv)_Nr_500703",-0.762852127514335,0.953358683530212,-0.80017326185099
"vm(ID, ginv)_Nr_500221",-0.220176806221851,0.962140237566951,-0.228840659214744
"vm(ID, ginv)_Nr_500554",0.261817225059533,0.959046887354101,0.272997314846468
"vm(ID, ginv)_Nr_502857",-0.307822205782701,0.953343054739045,-0.322887133076099
"vm(ID, ginv)_Nr_503813",-0.533029593694548,0.956972096120073,-0.556995962427381
"vm(ID, ginv)_Nr_500086",0.142447271101881,0.963160800208597,0.147895627678193
"vm(ID, ginv)_Nr_503805",-1.14079653390159,0.953837341987496,-1.1960074151894
"vm(ID, ginv)_Nr_501527",-0.411687124811154,0.943893322496841,-0.43615853084132
"vm(ID, ginv)_Nr_503601",-1.18202537892702,0.967325941366006,-1.22195149367939
"vm(ID, ginv)_Nr_501242",-0.549065806538671,0.965036602202768,-0.568958529951494
"vm(ID, ginv)_Nr_504102",-0.748661445059913,0.952469469382362,-0.786021462236884
"vm(ID, ginv)_Nr_503851",-0.254574884210852,0.9588263245039,-0.265506773964065
"vm(ID, ginv)_Nr_500341",-0.560890442622959,0.964243480035583,-0.581689639843103
"vm(ID, ginv)_Nr_502390",-1.20039060936089,0.959721069510433,-1.25077029930501
"vm(ID, ginv)_Nr_504538",-0.37973910055179,0.950782121222561,-0.399396551613216
"vm(ID, ginv)_Nr_503071",0.0110718139343221,0.938048219702155,0.0118030328311241
"vm(ID, ginv)_Nr_503118",-0.834424253434149,0.961065024908041,-0.868228716900806
"vm(ID, ginv)_Nr_500901",-0.429314535480488,0.959093601579698,-0.447625273251094
"vm(ID, ginv)_Nr_502733",-0.391972755140375,0.951269494223305,-0.41205227069792
"vm(ID, ginv)_Nr_501180",-0.222568198564741,0.957258997824602,-0.23250572631914
"vm(ID, ginv)_Nr_504787",-0.000483790445706076,0.956284252612219,-0.000505906527671597
"vm(ID, ginv)_Nr_504157",-0.011195982150066,0.962218529862034,-0.0116355919186791
"vm(ID, ginv)_Nr_503452",-0.750365576149068,0.962694732421942,-0.779442902176584
"vm(ID, ginv)_Nr_504101",-0.428175292254645,0.94958358184706,-0.450908482876031
"vm(ID, ginv)_Nr_504724",-0.913494117835131,0.958556765442658,-0.952989067281042
"vm(ID, ginv)_Nr_503268",-0.896381994734774,0.949508461225231,-0.944048453847474
"vm(ID, ginv)_Nr_502046",-1.44159695925,0.951244400149806,-1.51548535688933
"vm(ID, ginv)_Nr_503382",-0.977079587501285,0.976793905390789,-1.00029246917791
"vm(ID, ginv)_Nr_502468",-0.379770735741896,0.950603261075378,-0.399504978882859
"vm(ID, ginv)_Nr_503577",0.092528969417844,0.967638210425369,0.0956235175718916
"vm(ID, ginv)_Nr_504111",-0.358517882521832,0.964715894399268,-0.371630533510679
"vm(ID, ginv)_Nr_504947",-0.266237148380566,0.95804806471097,-0.277895398140475
"vm(ID, ginv)_Nr_500178",1.53772611680512,0.816492230003971,1.88333221100909
"vm(ID, ginv)_Nr_500085",-0.416251453914299,0.958238080793961,-0.434392519205048
"vm(ID, ginv)_Nr_501921",-0.200821594982174,0.953562950875817,-0.210601297793423
"vm(ID, ginv)_Nr_504168",-1.20589666926592,0.941477802654252,-1.28085512570366
"vm(ID, ginv)_Nr_504322",-0.192428161951564,0.956333720173972,-0.201214448358632
"vm(ID, ginv)_Nr_500066",-1.18968367158568,0.943221979644626,-1.26129765554648
"vm(ID, ginv)_Nr_502700",-1.18439311742308,0.949544000820783,-1.24732831380041
"vm(ID, ginv)_Nr_503247",0.0517125557410193,0.945190242722539,0.0547112670059582
"vm(ID, ginv)_Nr_502957",-0.55294329287547,0.967858238064477,-0.571306076787905
"vm(ID, ginv)_Nr_504889",-0.45978255214282,0.956036851492175,-0.480925553680483
"vm(ID, ginv)_Nr_503857",-0.208425394074776,0.96230182061674,-0.216590460092029
"vm(ID, ginv)_Nr_500609",-0.36469447735227,0.961231160819657,-0.379403511056892
"vm(ID, ginv)_Nr_503837",-0.132023568517402,0.957664985675715,-0.1378598680041
"vm(ID, ginv)_Nr_502016",-0.750799422308297,0.964773900075537,-0.778212825045861
"vm(ID, ginv)_Nr_501191",-0.355270327944504,0.956609957909729,-0.371384726875307
"vm(ID, ginv)_Nr_502672",-0.115037416938935,0.955617282738524,-0.120380218123798
"vm(ID, ginv)_Nr_503428",-0.197777400750533,0.953677058577036,-0.207384039462618
"vm(ID, ginv)_Nr_500144",0.119498114270722,0.959264617631936,0.124572627900858
"vm(ID, ginv)_Nr_504920",0.158950328741979,0.964496521902424,0.164801349857081
"vm(ID, ginv)_Nr_501398",0.0179143923333336,0.956381302689532,0.0187314330413558
"vm(ID, ginv)_Nr_503180",0.644645178072668,0.815720635379787,0.790276903774208
"vm(ID, ginv)_Nr_500658",-0.500749308119907,0.966678733225349,-0.518010059504613
"vm(ID, ginv)_Nr_504040",-0.449946268075637,0.956222431758078,-0.470545610657116
"vm(ID, ginv)_Nr_501982",-0.180064000746047,0.929444395107595,-0.193732945934008
"vm(ID, ginv)_Nr_501024",0.254414007776731,0.960921653141117,0.264760406787679
"vm(ID, ginv)_Nr_502868",-0.261707988232246,0.943544579209171,-0.277366850490091
"vm(ID, ginv)_Nr_502687",0.121186638094377,0.954204255479408,0.127002827118488
"vm(ID, ginv)_Nr_502039",0.00393056513677992,0.957809933776224,0.00410370053407509
"vm(ID, ginv)_Nr_504728",-0.865550363035318,0.947993452434096,-0.913034115175485
"vm(ID, ginv)_Nr_504696",-0.379617159899894,0.964601067472104,-0.393548351438946
"vm(ID, ginv)_Nr_504735",-0.081589073596806,0.951867676418262,-0.0857147223486081
"vm(ID, ginv)_Nr_500995",-0.217529469006982,0.954962928852533,-0.227788390978026
"vm(ID, ginv)_Nr_502386",-0.43080878974771,0.958923331662094,-0.449263017723213
"vm(ID, ginv)_Nr_504392",-1.13419049341774,0.9551051616721,-1.18750326030289
"vm(ID, ginv)_Nr_503215",-0.0501432938437629,0.953247256117526,-0.0526026102062871
"vm(ID, ginv)_Nr_502297",0.306734766427802,0.952903523029595,0.321894881291435
"vm(ID, ginv)_Nr_503276",-0.627372168057605,0.959164141522892,-0.654082175196322
"vm(ID, ginv)_Nr_500283",-1.19727229085144,0.967814856832336,-1.23708815007255
"vm(ID, ginv)_Nr_502567",-0.432870773229368,0.951498582094703,-0.454935804818976
"vm(ID, ginv)_Nr_503880",-0.451764607942168,0.951334309139119,-0.474874713969875
"vm(ID, ginv)_Nr_500213",-0.907898969920413,0.960225480641278,-0.945506017309685
"vm(ID, ginv)_Nr_500635",-0.490949781579107,0.954435535247799,-0.514387576162116
"vm(ID, ginv)_Nr_502666",-0.518211833693953,0.949965317074657,-0.545506056252396
"vm(ID, ginv)_Nr_504335",-0.115628332417374,0.952870837977663,-0.121347330413406
"vm(ID, ginv)_Nr_501388",-0.408423220931109,0.962245388176071,-0.424448093957896
"vm(ID, ginv)_Nr_500833",-0.159411118497643,0.963801748048417,-0.165398245874145
"vm(ID, ginv)_Nr_501286",-0.0993058196489279,0.954224108069187,-0.104069703132807
"vm(ID, ginv)_Nr_502052",0.111053880076519,0.944229463982065,0.117613233131039
"vm(ID, ginv)_Nr_500970",0.019953400152793,0.955086331145634,0.0208917241322664
"vm(ID, ginv)_Nr_502065",-0.968278599991533,0.951171569319633,-1.01798522077793
"vm(ID, ginv)_Nr_503608",-0.213716879961028,0.968381942240611,-0.220694821576843
"vm(ID, ginv)_Nr_504898",-0.0330956264977957,0.948773911174875,-0.0348825216502982
"vm(ID, ginv)_Nr_503999",0.439546578235414,0.950896595681684,0.462244349418782
"vm(ID, ginv)_Nr_501073",-0.895628975826893,0.956351302464602,-0.936506254049927
"vm(ID, ginv)_Nr_500752",0.128408703625884,0.951116880131483,0.135008332107546
"vm(ID, ginv)_Nr_503493",0.0381062460102444,0.956425280578331,0.0398423659265911
"vm(ID, ginv)_Nr_500057",-0.768854504106154,0.956087230251955,-0.804167736769729
"vm(ID, ginv)_Nr_500468",0.308360876457121,0.956808249757461,0.32228074594391
"vm(ID, ginv)_Nr_502589",-0.902716539755373,0.954361876704896,-0.945884953904657
"vm(ID, ginv)_Nr_500863",-0.400372026857447,0.958727197119918,-0.417607874336091
"vm(ID, ginv)_Nr_500276",-0.466852137637023,0.958459777426731,-0.487085789755753
"vm(ID, ginv)_Nr_504708",-0.558093212819904,0.970617991444181,-0.574987500478451
"vm(ID, ginv)_Nr_500559",0.64392531785614,0.957990371399448,0.672162619876318
"vm(ID, ginv)_Nr_503460",0.369457657637875,0.967975582065389,0.38168076187372
"vm(ID, ginv)_Nr_503930",-0.19239528558531,0.96256326390042,-0.199878068071808
"vm(ID, ginv)_Nr_501159",-0.332849298082332,0.961250036712719,-0.346267136925798
"vm(ID, ginv)_Nr_501424",-0.954013082308692,0.964857147296991,-0.988760963196802
"vm(ID, ginv)_Nr_504490",-0.694599643339589,0.965096655193484,-0.719720288741789
"vm(ID, ginv)_Nr_501804",1.15796357963384,0.763524049513929,1.51660393719231
"vm(ID, ginv)_Nr_501454",-0.796812095530047,0.954731209808428,-0.83459311620276
"vm(ID, ginv)_Nr_501542",0.0370920616344688,0.964291940477474,0.0384655933306904
"vm(ID, ginv)_Nr_504180",-0.428433982308683,0.956043814311728,-0.448132162872807
"vm(ID, ginv)_Nr_504856",-1.08420553734485,0.960225171369697,-1.12911592996287
"vm(ID, ginv)_Nr_502934",-0.473594615674757,0.964026768581791,-0.491267080032929
"vm(ID, ginv)_Nr_500762",-1.02179590119381,0.951603960014826,-1.07376171614281
"vm(ID, ginv)_Nr_500900",0.117972588019451,0.950526253913804,0.124112919063201
"vm(ID, ginv)_Nr_502020",-0.33586750214549,0.957920514276648,-0.350621473431032
"vm(ID, ginv)_Nr_503431",-1.56604197687961,0.952789597600773,-1.6436388273162
"vm(ID, ginv)_Nr_501061",-0.313667241387821,0.951304397057938,-0.329723317118987
"vm(ID, ginv)_Nr_501633",-0.492025597318711,0.952492751731796,-0.516566237826087
"vm(ID, ginv)_Nr_503390",-0.917452619927078,0.95220917570211,-0.963499032920573
"vm(ID, ginv)_Nr_500139",0.319473581449233,0.94812450861312,0.336953193960303
"vm(ID, ginv)_Nr_500948",-0.358959534669521,0.960125568973525,-0.373867279728095
"vm(ID, ginv)_Nr_502196",0.0239808499465053,0.968038828114525,0.0247726116453546
"vm(ID, ginv)_Nr_501693",-0.785358105824563,0.948228557692921,-0.828237136978211
"vm(ID, ginv)_Nr_503443",0.693252251085495,0.782229709775731,0.886251496742886
"vm(ID, ginv)_Nr_501166",-0.528533205392988,0.958193824691736,-0.55159320773438
"vm(ID, ginv)_Nr_503458",-0.296962704278291,0.978954635059024,-0.303346747278423
"vm(ID, ginv)_Nr_504449",-0.620602286130944,0.952368268764452,-0.651641078861308
"vm(ID, ginv)_Nr_501375",0.175464505616032,0.962151458765364,0.182366823869071
"vm(ID, ginv)_Nr_502163",-1.07993180107467,0.963674452773543,-1.12063964958968
"vm(ID, ginv)_Nr_501006",-0.332933725366517,0.948500733260849,-0.35101050920849
"vm(ID, ginv)_Nr_501100",-0.513306783834004,0.964315016149417,-0.532301971075465
"vm(ID, ginv)_Nr_501860",-0.676618274465507,0.95454574862815,-0.708837973913693
"vm(ID, ginv)_Nr_503543",-1.06850604686038,0.946295949156418,-1.12914574749359
"vm(ID, ginv)_Nr_504572",0.489201815570471,0.933944684659294,0.52380170218425
"vm(ID, ginv)_Nr_500326",0.0958753522082155,0.965272321679654,0.0993246673036106
"vm(ID, ginv)_Nr_503108",-0.886867466053133,0.947734821285979,-0.935775964050519
"vm(ID, ginv)_Nr_504141",-0.708657434840964,0.940665549770052,-0.753357487168736
"vm(ID, ginv)_Nr_504755",0.144679271847061,0.960330157842193,0.150655762151787
"vm(ID, ginv)_Nr_500841",-0.130092911109985,0.952623529529129,-0.136562773306983
"vm(ID, ginv)_Nr_502802",-0.373805499065818,0.952334837280409,-0.392514779920576
"vm(ID, ginv)_Nr_504935",-0.270397961050984,0.951316309870379,-0.284235598870187
"vm(ID, ginv)_Nr_504144",-0.247126552836868,0.945037299145099,-0.261499258347182
"vm(ID, ginv)_Nr_500763",-0.484777550206802,0.946239074532825,-0.512320367287881
"vm(ID, ginv)_Nr_500025",-0.0700123590339797,0.964669144999067,-0.0725765506204175
"vm(ID, ginv)_Nr_502087",0.129795560245884,0.954592595689443,0.135969586221377
"vm(ID, ginv)_Nr_500603",0.251621997794464,0.937821075664085,0.268304908392346
"vm(ID, ginv)_Nr_501737",-0.126547263210333,0.960753985676354,-0.13171661538437
"vm(ID, ginv)_Nr_503235",-0.535894472205895,0.965766846361507,-0.554890110615061
"vm(ID, ginv)_Nr_503086",0.0489335359548834,0.959310484953838,0.0510090702878516
"vm(ID, ginv)_Nr_504597",-0.0816502589496663,0.958480821662015,-0.0851871598307872
"vm(ID, ginv)_Nr_502156",-0.975877317012665,0.947771793984878,-1.02965431468436
"vm(ID, ginv)_Nr_500244",-0.181907157804042,0.962257990955668,-0.189041981998384
"vm(ID, ginv)_Nr_502035",0.322112634646542,0.937875593680071,0.343449213112183
"vm(ID, ginv)_Nr_503595",-0.231222121101806,0.948343695500439,-0.243816795744912
"vm(ID, ginv)_Nr_504023",-1.39720880156071,0.96160424097767,-1.45299775315067
"vm(ID, ginv)_Nr_501020",-0.669237998696295,0.961218405644332,-0.696239267544701
"vm(ID, ginv)_Nr_503240",0.0228160888068501,0.944210919250302,0.0241641865622206
"vm(ID, ginv)_Nr_501509",0.390427730128672,0.970879023506115,0.40213839281307
"vm(ID, ginv)_Nr_501060",-0.316623496958596,0.95910563586693,-0.330123695574369
"vm(ID, ginv)_Nr_502784",-0.334492025774139,0.938138036185733,-0.356548837028409
"vm(ID, ginv)_Nr_500298",-0.319182190640201,0.964836730656483,-0.330814717660082
"vm(ID, ginv)_Nr_502706",-0.627691007660579,0.951962333049665,-0.659365382293788
"vm(ID, ginv)_Nr_502237",-0.724541597316044,0.959415799138538,-0.755190396037476
"vm(ID, ginv)_Nr_500022",0.649763198033415,0.964963486070422,0.673355217490577
"vm(ID, ginv)_Nr_502448",-0.134729173910463,0.952254372589397,-0.141484437130075
"vm(ID, ginv)_Nr_504365",-1.05119005883537,0.954478666890772,-1.1013237857475
"vm(ID, ginv)_Nr_500345",0.00344029363730935,0.965173596693602,0.00356442991094532
"vm(ID, ginv)_Nr_500850",0.191156748137029,0.947383768648396,0.201773298702116
"vm(ID, ginv)_Nr_500256",-0.681260782995802,0.961711021522169,-0.708384086019439
"vm(ID, ginv)_Nr_500439",-0.185152037575469,0.944494466141079,-0.196032951184929
"vm(ID, ginv)_Nr_501966",-0.3658157518183,0.961453654720498,-0.380481940052165
"vm(ID, ginv)_Nr_501884",0.178958652385193,0.956766679758941,0.187045239107074
"vm(ID, ginv)_Nr_503757",-0.609880022469355,0.961050970010512,-0.634596958434665
"vm(ID, ginv)_Nr_500792",-0.0497062731781348,0.961494804494797,-0.0516968713151313
"vm(ID, ginv)_Nr_500291",0.549709520936289,0.920169442002075,0.597400321988794
"vm(ID, ginv)_Nr_504633",-0.232113974517521,0.953748076895028,-0.243370319836637
"vm(ID, ginv)_Nr_502234",-1.0936773999839,0.960376476501455,-1.13880069612705
"vm(ID, ginv)_Nr_504115",-0.93377799214581,0.970680221808447,-0.961983123964465
"vm(ID, ginv)_Nr_502911",-0.120724206600464,0.956596953713515,-0.126201746860903
"vm(ID, ginv)_Nr_500047",-0.24710827545486,0.932908741566904,-0.264879365413405
"vm(ID, ginv)_Nr_504644",-0.744722609008073,0.966318276331383,-0.770680455134725
"vm(ID, ginv)_Nr_502950",-0.248686375942164,0.961868505662981,-0.258545086441679
"vm(ID, ginv)_Nr_500709",0.126474370074662,0.966334448584834,0.130880535470799
"vm(ID, ginv)_Nr_504913",-0.954860592436003,0.981845315999878,-0.97251631889042
"vm(ID, ginv)_Nr_504865",-0.236776327284116,0.953212101036671,-0.248398364882914
"vm(ID, ginv)_Nr_503020",-0.355280547927535,0.96308252969034,-0.368899379829648
"vm(ID, ginv)_Nr_504867",-0.500056055469492,0.95102545612173,-0.525807224455079
"vm(ID, ginv)_Nr_503290",-0.0550151154842086,0.96242583028336,-0.0571629664885562
"vm(ID, ginv)_Nr_502847",-0.581797586986212,0.946843868158023,-0.614459898354765
"vm(ID, ginv)_Nr_501104",-0.0536963993904942,0.960825934143623,-0.0558856682384967
"vm(ID, ginv)_Nr_503202",-0.417223023661648,0.935003072512243,-0.446226366444571
"vm(ID, ginv)_Nr_500983",-1.55095869420406,0.958913603694967,-1.6174123385337
"vm(ID, ginv)_Nr_502241",-0.855818792958337,0.944843845361754,-0.905778025818296
"vm(ID, ginv)_Nr_504310",-0.446840973929382,0.953292889838463,-0.468734193543707
"vm(ID, ginv)_Nr_501745",-0.662026305270074,0.955755994260214,-0.69267293037749
"vm(ID, ginv)_Nr_502714",-1.0078574397543,0.962419660462553,-1.04721202315205
"vm(ID, ginv)_Nr_500109",-0.903163198481738,0.961547646900361,-0.939280753682014
"vm(ID, ginv)_Nr_500976",-0.133684447739851,0.955151678110502,-0.139961485493391
"vm(ID, ginv)_Nr_504104",0.0443608499815187,0.961496412151371,0.0461373016278452
"vm(ID, ginv)_Nr_504312",-1.46061244920598,0.959269079479421,-1.52263059495114
"vm(ID, ginv)_Nr_501273",-1.19173913211957,0.957366955494603,-1.24480913538935
"vm(ID, ginv)_Nr_500919",-0.654950388419544,0.955873438173293,-0.685185258072635
"vm(ID, ginv)_Nr_503878",-0.428193731415378,0.949188018800809,-0.451115819978798
"vm(ID, ginv)_Nr_504952",-0.19037669778533,0.951354618536803,-0.200111182597854
"vm(ID, ginv)_Nr_504836",0.399573903545098,0.958092671815672,0.417051414022267
"vm(ID, ginv)_Nr_503237",-0.464803493495018,0.943001944043728,-0.492897704433009
"vm(ID, ginv)_Nr_503303",-1.39117890860296,0.955469805409161,-1.45601556504155
"vm(ID, ginv)_Nr_503660",-0.0966012540123464,0.945343247955663,-0.102186432516707
"vm(ID, ginv)_Nr_503495",-0.788439667770413,0.958481921993021,-0.822592111211622
"vm(ID, ginv)_Nr_501034",-0.560088543827113,0.949733881645127,-0.589732086694569
"vm(ID, ginv)_Nr_501326",0.354368138304596,0.954539502937617,0.371245126277142
"vm(ID, ginv)_Nr_502999",-0.0222149282049396,0.963356045635588,-0.023059935426349
"vm(ID, ginv)_Nr_503958",-0.395007947479653,0.958515695195567,-0.412103786572905
"vm(ID, ginv)_Nr_504660",-0.110824217366221,0.953171695515665,-0.11626889246461
"vm(ID, ginv)_Nr_503942",-0.577064319448601,0.954392791764236,-0.604640274348545
"vm(ID, ginv)_Nr_503740",-0.642504496133268,0.952213165170548,-0.674748595833781
"vm(ID, ginv)_Nr_501349",-0.548021464959579,0.962525222271729,-0.569358030604281
"vm(ID, ginv)_Nr_501241",0.0456977328399805,0.958158427627973,0.0476932953072388
"vm(ID, ginv)_Nr_501731",0.0733444275158121,0.958441311693885,0.0765246933963939
"vm(ID, ginv)_Nr_501610",-0.188744032004175,0.91181949706928,-0.20699714429317
"vm(ID, ginv)_Nr_501322",-0.310305023852611,0.944764376671072,-0.328446998547921
"vm(ID, ginv)_Nr_500313",-0.215544409564332,0.963405344145992,-0.223731797704943
"vm(ID, ginv)_Nr_504103",0.281286633835172,0.965682579120001,0.291282705018351
"vm(ID, ginv)_Nr_503225",-0.184594226112574,0.960421687263182,-0.192201226357762
"vm(ID, ginv)_Nr_502302",-0.255442902649417,0.962776535173205,-0.265318994924884
"vm(ID, ginv)_Nr_501687",-0.489926381839114,0.965753302602228,-0.507299721905174
"vm(ID, ginv)_Nr_502651",2.16545714409387,0.809078296412166,2.67644942856152
"vm(ID, ginv)_Nr_501539",-0.230614712278748,0.959657523578653,-0.240309388102084
"vm(ID, ginv)_Nr_500582",-0.153388462531866,0.962536058448481,-0.15935866629154
"vm(ID, ginv)_Nr_502545",-0.486962692772351,0.964671856846703,-0.50479620537923
"vm(ID, ginv)_Nr_504985",-0.10562549532573,0.953153963652237,-0.110816824305069
"vm(ID, ginv)_Nr_504722",-0.740778386143178,0.957140168761526,-0.773949741448731
"vm(ID, ginv)_Nr_502846",0.925949459835989,0.789993796182044,1.17209712824456
"vm(ID, ginv)_Nr_504009",0.442403915370718,0.959753920236376,0.460955570008778
"vm(ID, ginv)_Nr_504360",0.733269926282158,0.734419291488049,0.998435001341588
"vm(ID, ginv)_Nr_502658",-0.0655534893057985,0.939400784375927,-0.0697822382055469
"vm(ID, ginv)_Nr_504160",-1.14420770388112,0.941299432431524,-1.21556187591174
"vm(ID, ginv)_Nr_503920",-0.485176697969145,0.963301268071284,-0.503660395818396
"vm(ID, ginv)_Nr_503666",0.151812061487643,0.959405131175035,0.158235615544093
"vm(ID, ginv)_Nr_502500",-0.164830558169828,0.974346136175693,-0.169170433432196
"vm(ID, ginv)_Nr_502461",-0.328155941445017,0.962755056490246,-0.340850914500849
"vm(ID, ginv)_Nr_501590",-1.18365201978311,0.956401848517762,-1.23760950652442
"vm(ID, ginv)_Nr_500952",-0.263428556038889,0.952171717600186,-0.276660765248125
"vm(ID, ginv)_Nr_501546",-0.481088306359453,0.963175126700713,-0.499481655020917
"vm(ID, ginv)_Nr_504073",-0.748969522426288,0.972849881353032,-0.769871628482523
"vm(ID, ginv)_Nr_501219",0.10444157134014,0.94712004221968,0.110272791921253
"vm(ID, ginv)_Nr_502078",-0.180397589768782,0.953236635659483,-0.18924743659687
"vm(ID, ginv)_Nr_500287",-0.407004778418641,0.954631597034583,-0.426347482822629
"vm(ID, ginv)_Nr_504174",-0.000818455569208994,0.966089669948252,-0.000847183853288519
"vm(ID, ginv)_Nr_502873",-0.840647720154999,0.94449589657224,-0.890049097307753
"vm(ID, ginv)_Nr_500842",-0.143144082161219,0.956924045054398,-0.14958771587047
"vm(ID, ginv)_Nr_501946",-0.13849550421155,0.95629444639145,-0.144825168371686
"vm(ID, ginv)_Nr_500515",-0.517426081889617,0.957748290794325,-0.540252681067674
"vm(ID, ginv)_Nr_504283",-0.406921552580013,0.957925474659925,-0.424794583027949
"vm(ID, ginv)_Nr_502668",-0.659850536828044,0.964263856825273,-0.684304956737179
"vm(ID, ginv)_Nr_503201",0.195459591619102,0.968914218988498,0.201730543105408
"vm(ID, ginv)_Nr_504378",-0.432902067522236,0.961724557170194,-0.450131032107592
"vm(ID, ginv)_Nr_502362",0.286823249989258,0.975185599188124,0.294121703835709
"vm(ID, ginv)_Nr_503248",-0.273239281204783,0.944604899001022,-0.289263036316824
"vm(ID, ginv)_Nr_504665",-0.760121747472036,0.961537598170622,-0.790527327187423
"vm(ID, ginv)_Nr_504032",-0.835884260893444,0.942080106161883,-0.887275142980049
"vm(ID, ginv)_Nr_503602",-0.977925607824257,0.959359273598365,-1.01935284802768
"vm(ID, ginv)_Nr_502991",-0.915262038141175,0.963950439693481,-0.949490762649802
"vm(ID, ginv)_Nr_501457",-0.00981391963889306,0.953786185567867,-0.0102894336145685
"vm(ID, ginv)_Nr_502408",-0.500048842743786,0.965362935664596,-0.517990513484477
"vm(ID, ginv)_Nr_503176",0.0677976072879116,0.962102868874367,0.070468147930203
"vm(ID, ginv)_Nr_504035",-0.963685127013765,0.958141523381079,-1.00578578790023
"vm(ID, ginv)_Nr_500128",-0.805967824800066,0.95142170205319,-0.847119445626233
"vm(ID, ginv)_Nr_501042",0.272324975369738,0.971714966034044,0.28025191016786
"vm(ID, ginv)_Nr_500148",-0.071885475478926,0.970184207542107,-0.0740946666829826
"vm(ID, ginv)_Nr_501711",0.324512125703373,0.946542700355536,0.342839393913747
"vm(ID, ginv)_Nr_501004",0.243885569638832,0.943215437095909,0.258568254978669
"vm(ID, ginv)_Nr_503206",-0.680917925249376,0.953202481944944,-0.714347620937798
"vm(ID, ginv)_Nr_503656",-0.534688941106622,0.951560018208953,-0.561907741892125
"vm(ID, ginv)_Nr_503690",-0.806063900409226,0.960649370992822,-0.839082317387214
"vm(ID, ginv)_Nr_501391",-0.0248263509789606,0.960197218683776,-0.0258554706219543
"vm(ID, ginv)_Nr_500562",0.443201659348372,0.949485910076621,0.466780659559874
"vm(ID, ginv)_Nr_503270",-0.814175289078898,0.9597370138076,-0.84833165478196
"vm(ID, ginv)_Nr_503387",-0.429266171471126,0.948795566532674,-0.452432733259766
"vm(ID, ginv)_Nr_500105",-0.747673697421882,0.963212334718809,-0.776229363424993
"vm(ID, ginv)_Nr_503311",-0.396919182446208,0.950602771519123,-0.417544735128329
"vm(ID, ginv)_Nr_504213",-0.376963350545155,0.94454149342167,-0.399096655012559
"vm(ID, ginv)_Nr_500034",0.204740017663154,0.95832089807572,0.21364452979609
"vm(ID, ginv)_Nr_503026",-0.618079979187749,0.942917885916743,-0.655497141818269
"vm(ID, ginv)_Nr_502771",-0.369770242972494,0.934518883145202,-0.395679798066789
"vm(ID, ginv)_Nr_504054",-0.987292923323749,0.95390003748743,-1.03500669307476
"vm(ID, ginv)_Nr_504434",-0.0793191327824144,0.960622389208523,-0.0825705643273286
"vm(ID, ginv)_Nr_500479",-0.729477074623048,0.958440662490921,-0.761108228366676
"vm(ID, ginv)_Nr_502931",-0.369222252058814,0.953630461346912,-0.387175396575863
"vm(ID, ginv)_Nr_501411",-0.347748513532202,0.954664281214242,-0.364262621295414
"vm(ID, ginv)_Nr_503983",1.2671343185027,0.802430769099266,1.57911980360009
"vm(ID, ginv)_Nr_502552",-0.773367560585827,0.953394920793817,-0.811172310360017
"vm(ID, ginv)_Nr_503730",0.31827326860696,0.95809570186584,0.332193608620872
"vm(ID, ginv)_Nr_504846",-0.847348965405389,0.94867685055133,-0.893190304910409
"vm(ID, ginv)_Nr_500469",-0.773620886995268,0.958233827335425,-0.807340405782258
"vm(ID, ginv)_Nr_503605",0.413762837670641,0.955739068448083,0.432924478375153
"vm(ID, ginv)_Nr_500939",-0.396211033601213,0.957225952091409,-0.413915891786621
"vm(ID, ginv)_Nr_502131",-0.358499241911251,0.953082185487176,-0.376147248757987
"vm(ID, ginv)_Nr_504593",-1.00201162478006,0.949904586207116,-1.05485502368296
"vm(ID, ginv)_Nr_502859",-0.0526732092661615,0.957747835759829,-0.0549969494051357
"vm(ID, ginv)_Nr_500108",-1.02100206261173,0.961420272875666,-1.06197267877227
"vm(ID, ginv)_Nr_504432",-1.02121662618654,0.950508013928014,-1.0743903378219
"vm(ID, ginv)_Nr_504928",-0.502626068611276,0.962523512307644,-0.522196146051781
"vm(ID, ginv)_Nr_503234",-0.855086197855251,0.956038230360599,-0.894405862339553
"vm(ID, ginv)_Nr_500729",0.0432262795817937,0.964492650023129,0.0448176350340846
"vm(ID, ginv)_Nr_501876",-0.247506168166128,0.958497768925184,-0.258222998728176
"vm(ID, ginv)_Nr_501985",-0.1919080219024,0.948449417801125,-0.202338699671847
"vm(ID, ginv)_Nr_503819",-0.208543295432524,0.956432712638102,-0.218042830067266
"vm(ID, ginv)_Nr_502530",0.389369798500699,0.95022857403398,0.409764354746477
"vm(ID, ginv)_Nr_500270",-0.38250607875923,0.96197168254864,-0.397627171047095
"vm(ID, ginv)_Nr_502548",0.771173616423232,0.963313961592584,0.800542343586821
"vm(ID, ginv)_Nr_500135",0.129934934745882,0.958728546313239,0.135528388348864
"vm(ID, ginv)_Nr_504230",-0.629862253085943,0.958463055850731,-0.657158613721296
"vm(ID, ginv)_Nr_504246",-1.23135440317549,0.968293109938215,-1.27167527119351
"vm(ID, ginv)_Nr_500789",-0.2429309033418,0.963276957248319,-0.252192167074932
"vm(ID, ginv)_Nr_501643",-0.421650604154714,0.960790448265175,-0.438858030818328
"vm(ID, ginv)_Nr_502581",-0.803106074055065,0.959826157831679,-0.836720345139731
"vm(ID, ginv)_Nr_504812",-0.441905620929318,0.95459889602576,-0.462922828393249
"vm(ID, ginv)_Nr_501421",-0.642399538387412,0.962882382991386,-0.667163040611118
"vm(ID, ginv)_Nr_503696",-0.616873285065342,0.938778878570792,-0.657101793773287
"vm(ID, ginv)_Nr_504761",-1.19698318799036,0.953288484105952,-1.25563584156056
"vm(ID, ginv)_Nr_503968",-0.144633197377374,0.940582825624853,-0.153769762148582
"vm(ID, ginv)_Nr_504949",0.284241190299,0.947603979824672,0.299957784423394
"vm(ID, ginv)_Nr_502541",-0.604761572851173,0.961153645407709,-0.629203848667339
"vm(ID, ginv)_Nr_504555",-0.682615235465128,0.963678516265705,-0.708343315684042
"vm(ID, ginv)_Nr_504617",-0.877061344983704,0.963756351786314,-0.910044684383225
"vm(ID, ginv)_Nr_501443",-0.00956096638423627,0.964886936194878,-0.00990889815747826
"vm(ID, ginv)_Nr_503993",-1.15585713274116,0.953898964541115,-1.21171861560538
"vm(ID, ginv)_Nr_504204",0.452737859027697,0.957585202762823,0.472791201995873
"vm(ID, ginv)_Nr_504469",0.269190252267982,0.950111469098851,0.283324916099898
"vm(ID, ginv)_Nr_504166",-0.260230900309159,0.962641798593462,-0.270329940679273
"vm(ID, ginv)_Nr_503356",-0.087765204621056,0.96353500323714,-0.0910866801166493
"vm(ID, ginv)_Nr_504004",-0.922754608218418,0.969947143189446,-0.951345250818672
"vm(ID, ginv)_Nr_500082",-0.347355522254752,0.961218532292938,-0.361369980483161
"vm(ID, ginv)_Nr_502760",-0.483505264822501,0.966039089049757,-0.500502795697532
"vm(ID, ginv)_Nr_501041",0.0867437418557252,0.962686300513711,0.0901059273508273
"vm(ID, ginv)_Nr_502831",-0.40183224822782,0.951786527217933,-0.42218736737362
"vm(ID, ginv)_Nr_504816",-0.446993686649054,0.953545606471305,-0.468770118194137
"vm(ID, ginv)_Nr_501834",-0.683985885743557,0.965841120498883,-0.708176397987963
"vm(ID, ginv)_Nr_503695",-0.661010015001085,0.950731620193815,-0.695264574103818
"vm(ID, ginv)_Nr_503069",-1.09952662163325,0.959556964040607,-1.14586904460914
"vm(ID, ginv)_Nr_501550",0.104882611032184,0.951881554245,0.11018451882427
"vm(ID, ginv)_Nr_501078",-0.1905830653727,0.949620745510974,-0.200693873078932
"vm(ID, ginv)_Nr_504016",-0.0692653908820968,0.972518630051686,-0.0712226879174702
"vm(ID, ginv)_Nr_503037",0.147417399147867,0.949239764356857,0.155300488541741
"vm(ID, ginv)_Nr_501199",-0.18236158034745,0.962565872938025,-0.18945361088985
"vm(ID, ginv)_Nr_501040",-0.711449029386217,0.952869426260357,-0.746638531764398
"vm(ID, ginv)_Nr_504456",-0.265921699314077,0.96269187521765,-0.276227218863726
"vm(ID, ginv)_Nr_502928",-0.882758195451443,0.965987150062161,-0.913840515781849
"vm(ID, ginv)_Nr_502474",-0.687028877003855,0.940391476118847,-0.730577524840334
"vm(ID, ginv)_Nr_504265",-0.118350549900159,0.962787813794662,-0.122924852396813
"vm(ID, ginv)_Nr_504358",-0.510093553942308,0.955053503425005,-0.534099453185622
"vm(ID, ginv)_Nr_502111",-0.83351884116903,0.956084221136976,-0.871804829262645
"vm(ID, ginv)_Nr_500597",0.177089017650403,0.945826944685418,0.187231944115637
"vm(ID, ginv)_Nr_502242",-0.392016006958534,0.960099335726009,-0.408307757719777
"vm(ID, ginv)_Nr_503829",-0.416887708682929,0.963140325345002,-0.432842128724698
"vm(ID, ginv)_Nr_504227",-0.140293805791494,0.95014027148584,-0.147655888295421
"vm(ID, ginv)_Nr_504301",0.505258582500005,0.95999747811878,0.526312406038935
"vm(ID, ginv)_Nr_503369",-0.352450170305819,0.944437676564205,-0.373185207506764
"vm(ID, ginv)_Nr_503373",-0.980565984174621,0.962005759235589,-1.01929325761395
"vm(ID, ginv)_Nr_504495",-0.0478179985488762,0.954208549762899,-0.0501127332811659
"vm(ID, ginv)_Nr_500769",-0.496707154892034,0.959583710395782,-0.517627747856585
"vm(ID, ginv)_Nr_502464",-0.5914246853487,0.960393377764491,-0.615815038963888
"vm(ID, ginv)_Nr_500540",-1.01405369987084,0.963894971210537,-1.05203754574765
"vm(ID, ginv)_Nr_501318",-0.0282944074342249,0.961392542126833,-0.0294306500148533
"vm(ID, ginv)_Nr_502520",-0.924091569095506,0.955148789989823,-0.967484415810601
"vm(ID, ginv)_Nr_503184",-1.00181653134673,0.955590447537557,-1.0483743678354
"vm(ID, ginv)_Nr_501920",-0.450735337114436,0.964937454600264,-0.467113526338511
"vm(ID, ginv)_Nr_503872",0.282754609840449,0.950569879806192,0.297457994248775
"vm(ID, ginv)_Nr_500372",0.136463726672996,0.950962103768616,0.143500699062767
"vm(ID, ginv)_Nr_502189",-0.657953198628232,0.960251417226799,-0.685188469211946
"vm(ID, ginv)_Nr_500302",-0.404502150980544,0.953092983708934,-0.424409955685998
"vm(ID, ginv)_Nr_504119",0.410596336031866,0.961928753611545,0.42684693070073
"vm(ID, ginv)_Nr_504788",-0.53795762793874,0.953438217018623,-0.564229142839396
"vm(ID, ginv)_Nr_503417",-0.278966851695359,0.940046102901383,-0.29675869176453
"vm(ID, ginv)_Nr_504896",0.138600286242436,0.947577447416581,0.1462680297218
"vm(ID, ginv)_Nr_503355",-0.159342876989937,0.959814338206637,-0.166014270309465
"vm(ID, ginv)_Nr_501212",-0.86201710947291,0.957836546373692,-0.899962642620447
"vm(ID, ginv)_Nr_501174",0.0256340855211865,0.963970651892229,0.0265921845969771
"vm(ID, ginv)_Nr_500537",-0.254232333014743,0.951937430438687,-0.267068322859816
"vm(ID, ginv)_Nr_503750",-1.10822743427225,0.967348499767494,-1.14563410656926
"vm(ID, ginv)_Nr_504914",-0.803248315507837,0.9527629264684,-0.843072597802722
"vm(ID, ginv)_Nr_500759",-0.0971649418666721,0.968236030912621,-0.100352536741571
"vm(ID, ginv)_Nr_502119",-0.547507472240054,0.95158354699929,-0.575364584609051
"vm(ID, ginv)_Nr_504221",-0.17996342180713,0.955505838532189,-0.188343612932374
"vm(ID, ginv)_Nr_502485",0.0279944212316228,0.962453912461405,0.0290865057216393
"vm(ID, ginv)_Nr_501841",0.236411411597413,0.958596506824196,0.246622442200043
"vm(ID, ginv)_Nr_501965",-0.639690218388084,0.958719583096939,-0.667233912466564
"vm(ID, ginv)_Nr_501390",-0.706603758320741,0.971478233064385,-0.727349038065282
"vm(ID, ginv)_Nr_502526",-0.0508232390894039,0.963312638363394,-0.052758821036283
"vm(ID, ginv)_Nr_501002",-0.170022500965176,0.948408912532767,-0.179271302408076
"vm(ID, ginv)_Nr_500941",0.0248544431520979,0.943652995087803,0.0263385410542625
"vm(ID, ginv)_Nr_503012",-0.619501912342143,0.957273632776259,-0.647152382694884
"vm(ID, ginv)_Nr_502452",-0.310809416984239,0.955882710541035,-0.325154345357203
"vm(ID, ginv)_Nr_504059",-0.0922778459475441,0.967297112770794,-0.0953976236765733
"vm(ID, ginv)_Nr_504709",-0.488726582282154,0.964748516431972,-0.506584435174528
"vm(ID, ginv)_Nr_503265",0.0831918210012934,0.955088380329436,0.0871037934443284
"vm(ID, ginv)_Nr_504194",-1.27241938439095,0.956326067111877,-1.33052881036034
"vm(ID, ginv)_Nr_503429",0.366894997190749,0.964461130671495,0.380414498337847
"vm(ID, ginv)_Nr_502261",0.251356633608968,0.970447883067459,0.259010955657364
"vm(ID, ginv)_Nr_503261",-0.511258027678638,0.958885182400445,-0.533179610095517
"vm(ID, ginv)_Nr_504982",0.390194969871191,0.945676393849203,0.412609400434512
"vm(ID, ginv)_Nr_502599",0.18620735396006,0.962245754581059,0.19351330268132
"vm(ID, ginv)_Nr_504596",0.440870103767835,0.94828383261014,0.464913656235544
"vm(ID, ginv)_Nr_502661",-0.68185150069816,0.946317525951862,-0.720531409383244
"vm(ID, ginv)_Nr_500455",-1.36071011200616,0.95284740482034,-1.42804619619311
"vm(ID, ginv)_Nr_500639",-0.956860068493361,0.953644110002975,-1.00337228370275
"vm(ID, ginv)_Nr_501055",-0.908900979294331,0.959555004464876,-0.947210920755091
"vm(ID, ginv)_Nr_502591",-0.903713314912076,0.957156883556857,-0.944164253987099
"vm(ID, ginv)_Nr_501553",-0.716090978225834,0.965980309130309,-0.741310119323804
"vm(ID, ginv)_Nr_504399",-0.259325372181678,0.956559099793991,-0.271102300148028
"vm(ID, ginv)_Nr_503792",-0.300530855269268,0.940969209733923,-0.319384366842619
"vm(ID, ginv)_Nr_500521",-0.643160986743096,0.967580640095133,-0.664710474860122
"vm(ID, ginv)_Nr_504993",-0.575838226537121,0.949684888503354,-0.606346624557339
"vm(ID, ginv)_Nr_500916",-0.140814816935405,0.950574490581123,-0.14813654093465
"vm(ID, ginv)_Nr_503036",-0.258573874988967,0.957404334023307,-0.270078028477645
"vm(ID, ginv)_Nr_503004",-0.846973362778525,0.967676301562192,-0.875265170192959
"vm(ID, ginv)_Nr_500363",-0.0991414963571388,0.964238359226914,-0.102818452935876
"vm(ID, ginv)_Nr_500727",-0.876658120512899,0.968431286689308,-0.905235232031644
"vm(ID, ginv)_Nr_503778",0.143201589627128,0.954435795372158,0.150037949458182
"vm(ID, ginv)_Nr_501290",-0.188739741723453,0.956353655261991,-0.197353500647988
"vm(ID, ginv)_Nr_504997",-0.613169433801642,0.962085729673517,-0.637333467163806
"vm(ID, ginv)_Nr_504098",-0.906552281572747,0.942405749140599,-0.961955381107822
"vm(ID, ginv)_Nr_503051",-0.165281043825774,0.949769402214278,-0.174022287347266
"vm(ID, ginv)_Nr_501927",-0.223864291977754,0.956799307833954,-0.233972046326568
"vm(ID, ginv)_Nr_501574",-0.598383103380467,0.963228393146059,-0.621226603823472
"vm(ID, ginv)_Nr_501120",-0.0141938473409444,0.951178145039389,-0.0149223859010729
"vm(ID, ginv)_Nr_501718",0.193201407283496,0.948487842373454,0.203694131492542
"vm(ID, ginv)_Nr_500787",-0.0194379724061414,0.95097942240805,-0.0204399505900149
"vm(ID, ginv)_Nr_502238",-0.880009410300042,0.947998193910103,-0.928281737194419
"vm(ID, ginv)_Nr_500934",-0.341593080885477,0.961944626252754,-0.355106802993588
"vm(ID, ginv)_Nr_503772",-0.723184330679108,0.963205389449902,-0.750810095749284
"vm(ID, ginv)_Nr_503925",-0.321556124001992,0.949851542676951,-0.338533033378833
"vm(ID, ginv)_Nr_502644",-0.581289972219338,0.962048020886374,-0.60422136899546
"vm(ID, ginv)_Nr_504124",-0.205225346021726,0.961239359810482,-0.213500772650621
"vm(ID, ginv)_Nr_500405",-0.509124910015701,0.96480302690013,-0.527698292626109
"vm(ID, ginv)_Nr_502255",-0.464890721939765,0.951323529396674,-0.488677834169199
"vm(ID, ginv)_Nr_503553",1.64117965332983,0.792025731974699,2.07212920877961
"vm(ID, ginv)_Nr_502739",-0.490129592405551,0.951186423533303,-0.515282367661328
"vm(ID, ginv)_Nr_503910",-0.246453328981097,0.949623223472455,-0.259527487206873
"vm(ID, ginv)_Nr_504835",-0.949118158598317,0.957666906435174,-0.991073359871358
"vm(ID, ginv)_Nr_502465",-0.118217131550389,0.960228603523261,-0.123113528504179
"vm(ID, ginv)_Nr_503134",-0.532488258996598,0.934554135144481,-0.569777864087323
"vm(ID, ginv)_Nr_500215",-0.480243451037053,0.963979945436041,-0.498188217826277
"vm(ID, ginv)_Nr_502423",0.130926575951313,0.945539030227259,0.138467658939309
"vm(ID, ginv)_Nr_504475",-0.347388389359144,0.95840511609023,-0.362465082382176
"vm(ID, ginv)_Nr_500075",-0.488281683719252,0.957871702973442,-0.50975687266209
"vm(ID, ginv)_Nr_504965",0.00858553692777216,0.94082421396522,0.00912554842906025
"vm(ID, ginv)_Nr_504623",-1.20736627317545,0.951358292558452,-1.26909733443173
"vm(ID, ginv)_Nr_503755",-0.665972335376326,0.938528201540149,-0.709592246970787
"vm(ID, ginv)_Nr_503540",-0.634234016711916,0.944454768368706,-0.671534559359985
"vm(ID, ginv)_Nr_503727",-0.781656550670572,0.956102124413168,-0.817545041174691
"vm(ID, ginv)_Nr_504683",-0.548341688438468,0.960023804067251,-0.571175095987574
"vm(ID, ginv)_Nr_501153",0.0177204352404212,0.963906104786445,0.0183839848636991
"vm(ID, ginv)_Nr_504436",-0.412073428668875,1.00076905359762,-0.411756765646911
"vm(ID, ginv)_Nr_500608",-0.0141543332416895,0.959946643503945,-0.0147449166445586
"vm(ID, ginv)_Nr_504682",-0.894675489930239,0.962138664408737,-0.929882066926438
"vm(ID, ginv)_Nr_502397",-0.307127564690864,0.945360148883793,-0.324878899384003
"vm(ID, ginv)_Nr_502199",-1.09587079168299,0.950963087784458,-1.15237994593054
"vm(ID, ginv)_Nr_500464",-0.647599513042083,0.967946830129209,-0.669044510384559
"vm(ID, ginv)_Nr_500618",-0.69688573069388,0.970937923322435,-0.717744887653806
"vm(ID, ginv)_Nr_504447",-0.479391537934754,0.948334239536522,-0.505509047283842
"vm(ID, ginv)_Nr_502764",-0.290044201408305,0.956917461687408,-0.30310263217148
