"","Np2_500265","Np2_504819","Np2_501617","Np2_502959","Np2_503229","Np2_500553","Np2_502625","Np2_503523","Np2_501989","Np2_504542","Np2_504700","Np2_502321","Np2_500806","Np2_504964","Np2_500535","Np2_500733","Np2_502610","Np2_504693","Np2_500206","Np2_502282","Np2_502688","Np2_501502","Np2_503914","Np2_503712","Np2_503326","Np2_504867","Np2_503411","Np2_502244","Np2_500454","Np2_501536","Np2_504966","Np2_500030","Np2_503544","Np2_500532","Np2_504517","Np2_504876","Np2_503823","Np2_502302","Np2_503552","Np2_500202","Np2_503511","Np2_504450","Np2_503861","Np2_501674","Np2_504218","Np2_501790","Np2_503404","Np2_504813","Np2_500518","Np2_501949","Np2_500818","Np2_503756","Np2_504585","Np2_501982","Np2_504543","Np2_500801","Np2_504857","Np2_503001","Np2_500157","Np2_502484","Np2_502082","Np2_502332","Np2_501443","Np2_503269","Np2_503545","Np2_501137","Np2_503945","Np2_500374","Np2_504762","Np2_500837","Np2_502124","Np2_502527","Np2_502632","Np2_500490","Np2_502494","Np2_504244","Np2_504894","Np2_504461","Np2_502987","Np2_500595","Np2_502729","Np2_503468","Np2_502243","Np2_502218","Np2_504266","Np2_500463","Np2_502219","Np2_503613","Np2_502545","Np2_500060","Np2_503191","Np2_501634","Np2_502087","Np2_501103","Np2_500974","Np2_504978","Np2_502433","Np2_503788","Np2_500566","Np2_500852"
"Np2_500265",0.99887574,-0.00336635,0.01916218,-0.01466553,-0.00665396,-0.01011334,0.01868641,-0.00642141,-0.01721144,-0.01952936,-0.00476013,-0.0297874,-0.02535527,-0.00059246,0.02078849,-0.01026836,0.00487323,-0.0105602,-0.00981392,-0.02004612,-0.0209961,-0.02120437,-0.00497292,-0.0080736,-0.01568847,-0.02040026,-0.01157706,-0.01875874,0.00445373,-0.01817508,0.00198536,-0.01639675,-0.0184411,-0.01413663,-0.01598028,-0.00807511,-0.0188408,-0.01360921,0.00245045,0.01108217,-0.02110098,-0.01025014,-0.00994616,-0.00123996,-0.01273068,-0.02220598,-0.01023494,-0.01194335,-0.01639373,-0.02131832,0.00335937,-0.03860153,-0.01541794,-0.01960685,-0.00257294,0.00021615,-0.02720354,-0.02534309,-0.00762218,-0.00605055,-0.01029878,0.00211303,-0.00402448,-0.01257717,-0.00905091,-0.01000544,-0.01297845,0.00380016,-0.00709932,-0.02730991,-0.0021808,-0.00792768,-0.0130377,-0.00911778,-0.00995528,-0.00971817,-0.01426884,-0.00656735,-0.01439804,-0.0059244,-0.02517131,-0.0102836,0.01235893,-0.01185672,-0.0068698,-0.00487261,-0.00893386,-0.00850221,-0.01040975,-0.01619613,0.00670019,-0.0136411,-0.00766929,0.0300966,-0.01390256,-0.01304227,-0.02787988,-0.01610796,-0.01088546,-0.02000963
"Np2_504819",-0.00336635,0.98763574,-0.01320794,-0.01010116,-0.02078478,-0.03077989,-0.01945941,-0.00413694,-0.00276749,-0.02150069,-0.01493913,-0.0230951,0.00580799,-0.01593927,-0.00534985,-0.00236015,0.00639773,-0.00493187,-0.01680107,0.00382143,-0.0118719,0.00159929,-0.00892019,-0.01369279,-0.02495551,-0.00078853,-0.00199688,-0.02179404,-0.00010152,-0.00403511,-0.02506495,-0.01289633,0.00649045,-0.01504402,0.01639888,-0.02114198,0.00320282,-0.00326907,-0.02080002,-0.01292825,-0.02003245,-0.02073313,-0.02073314,-0.01841069,0.01356878,-0.0030502,0.00740088,-0.00023528,0.02115326,0.00802102,-0.00818758,-0.01473395,-0.01100555,-0.00546689,-0.0186797,0.00234861,-0.00257598,-0.00329946,-0.00092988,0.00702546,-0.00679836,-0.00897795,-0.01861133,-0.00892476,-0.02105385,0.01036628,-0.01114996,-0.0299379,-0.01575839,-0.01757774,-0.01935152,-0.010659,0.00703002,-0.00880923,-0.02712602,-0.00925762,-0.01502424,0.0039248,-0.01758532,-0.01549543,-0.01087937,-0.00875909,-0.0194032,0.00653908,-0.03057619,-0.01307569,-0.01516103,-0.02217707,-0.0268205,0.0058475,-0.01487831,-0.00649284,-0.00888067,-0.0287204,-0.0087302,-0.02458922,-0.01647578,-0.02385505,-0.00586511,-0.00617366
"Np2_501617",0.01916218,-0.01320794,1.00974482,-0.01964334,0.00037574,-0.02527473,-0.0075705,-0.00410352,-0.01291763,-0.00353202,-0.00912995,-0.01196615,-0.02957312,-0.00693821,-0.01230814,-0.01494218,-0.02214366,-0.02146575,-0.01479173,-0.02730382,-0.01077454,-0.01143877,-0.02834198,0.01825934,-0.01504251,-0.01443453,-0.01883477,0.158048,-0.01374753,-0.0157052,-0.00648831,-0.01483882,-0.01186737,-0.01090677,-0.03007771,-0.01989262,-0.02032276,-0.0090114,-0.01331891,-0.01183088,-0.00586362,-0.01537993,-0.01142811,-0.01989721,0.02971359,-0.01244039,-0.02782822,-0.01859308,-0.02015558,-0.01185672,-0.01119403,0.00566664,-0.01826784,-0.01485706,-0.0110466,-0.00172177,-0.01515804,0.01223732,-0.01123205,-0.01163633,-0.01922842,-0.01350434,-0.01097822,-0.0046355,-0.01509269,0.00933578,-0.0094446,-0.02124085,-0.00189353,-0.0058408,-0.00867854,-0.0124495,-0.02591918,-0.01014375,-0.02070888,0.00050342,-0.04234969,-0.0261366,-0.01891986,-0.00482245,0.02608848,-0.03106881,-0.00812224,-0.01683454,-0.01610341,-0.01365025,0.00721546,-0.00770425,-0.02830705,-0.0120543,-0.00131747,-0.00220359,-0.00565538,-0.04251846,-0.00854478,0.00219511,-0.01583439,-0.02883744,-0.0052237,0.00373936
"Np2_502959",-0.01466553,-0.01010116,-0.01964334,0.97354698,-0.01886053,-0.00377672,-0.01297535,-0.00996436,-0.02197031,-0.01608059,-0.0260863,-0.00217167,0.00317241,-0.03149428,-0.01406515,-0.00104388,-0.01462905,-0.0195749,0.00093051,-0.00884569,0.00418774,0.01112322,0.00926735,-0.00705674,-0.01071978,-0.005552,0.00311922,-0.00147858,-0.00608095,-0.0153343,-0.015845,-0.01082008,-0.00131291,-0.00810398,-0.00964366,-0.01602586,-0.00596846,-0.00058486,-0.01142808,0.00115546,-0.00306084,-0.02595256,-0.01151319,-0.00843077,-0.0098899,0.01468137,-0.01316991,-0.01639826,0.01380587,-0.00358217,0.00270428,-0.01569757,0.00019031,-0.01555011,-0.01994731,-0.01791819,-0.02056289,-0.00760695,-0.01025318,-0.01840913,-0.0165776,0.00100195,-0.02352678,-0.01110434,0.01765285,-0.02525188,-0.02077723,0.02731205,-0.00441054,-0.00926977,-0.01484337,-0.00113507,-0.00943695,-0.01220476,-0.00833046,-0.01478105,-0.0287553,-0.03108544,-0.00958134,-0.00931536,-0.02248251,-0.02142625,-0.00471148,-0.02406331,-0.01330062,-0.00932752,0.01898579,-0.00718138,-0.01836051,-0.00879554,-0.00459444,-0.00654451,-0.01501207,-0.00703698,-0.0010302,-0.00488172,-0.01576747,-0.01372316,-0.02066011,-0.02963228
"Np2_503229",-0.00665396,-0.02078478,0.00037574,-0.01886053,0.97908337,-0.00716466,-0.02654686,-0.00909649,-0.01380676,0.00424245,-0.02111461,0.00097612,-0.00492731,-0.01907489,-0.00529362,-0.00382383,-0.00874539,-0.01931501,-0.00716923,-0.00706586,-0.02063129,-0.02266349,-0.02451927,-0.02777194,-0.02337932,0.02009079,0.04821722,-0.00334659,-0.02026042,-0.02404201,-0.0063135,-0.00296052,-0.00758873,0.00689931,-0.00740784,0.03013604,6.72e-05,-0.01172447,-0.00888827,-0.0198637,0.00343081,-0.0225008,-0.02219682,-0.02048234,0.00313746,-0.01743335,-0.0202057,-0.01461842,-0.02408457,-0.02323341,-0.0020516,-0.01726159,-0.01596509,-0.0019148,-8.024e-05,-0.00504283,-0.01042341,-0.02102644,-0.0215448,-0.01830122,-0.01054195,-0.01074562,-0.01125937,-0.02163598,-0.02464545,-0.00614478,-0.00729387,-0.01392231,-0.01661411,-0.01691352,-0.00607183,-0.01364263,-0.02452839,-0.0291201,-0.021446,-0.00707347,0.01847055,-0.01273828,0.01013371,0.00097612,-0.00823923,0.01044837,-0.01676305,-0.01179591,0.00337456,0.01205947,-0.01586475,-0.02394474,0.01640195,-0.00412782,-0.02029382,-0.00233278,0.00424701,-0.02076048,-0.01277778,-0.02210106,-0.00805989,-0.00571159,-0.01082464,-0.01158918
"Np2_500553",-0.01011334,-0.03077989,-0.02527473,-0.00377672,-0.00716466,0.98934135,-0.00644725,-0.01985155,-0.01073042,-0.03219953,-0.01484641,-0.02300238,-0.01264251,0.01971998,0.00127858,-0.0165548,0.03126539,0.0030645,-0.00561281,-0.0090053,-0.02029083,-0.01685125,-0.0249388,-0.00539242,-0.01893505,-0.0104234,-0.00312011,-0.0340128,-0.00046479,-0.00743825,-0.03530781,-0.01721142,0.00430326,-0.00339978,-0.00098764,-0.00873779,-0.0052161,-0.00348034,-0.00945977,-0.02332309,-0.01264404,-0.02018443,-0.00802495,-0.00023071,-0.02023308,-0.01344505,-0.00086605,-0.01670986,-0.00611287,-0.00526171,-0.00520698,-0.0176811,0.00413454,-0.02574129,0.00238814,0.00183336,-0.01221086,-0.00609462,-0.02926003,-0.0147689,-1.792e-05,-0.03852398,-0.0014953,-0.00700812,-0.01138554,-0.02009172,-0.01105724,-0.01798967,-0.008066,-0.00365362,-0.02746646,-0.02865354,0.00332289,-0.02224394,0.00397343,0.03780116,-0.02040328,0.03152841,-0.00943696,-0.01859458,-0.01291456,0.006685,-0.02235035,-0.01616726,-0.01330823,0.00297634,-0.01962812,-0.00825293,-0.00180081,-0.01397092,-0.02360121,-0.01536773,-0.00468413,-0.00233278,0.03133684,-0.02616844,-0.00452757,-0.00689107,-0.02051574,-0.01064074
"Np2_502625",0.01868641,-0.01945941,-0.0075705,-0.01297535,-0.02654686,-0.00644725,0.98979132,-0.00913905,0.04846799,-0.00461573,0.0119774,-0.00149834,-0.02457704,0.01021734,0.00606333,0.00829307,-0.00893995,-0.00978199,-0.01633141,-0.0004207,-0.00897036,0.00617279,0.06207451,-0.01383111,-0.02752572,-0.0089825,-0.03055801,-0.01326872,-0.02243091,-0.01542095,0.00154761,-0.02641006,-0.02465459,0.00229694,-0.00441053,-0.01626451,-0.03675777,-0.01799878,-0.00513099,-0.02127422,-0.00709931,-0.0172236,-0.02375934,-0.00730147,-0.0183362,-0.00820431,-0.02587203,0.00813805,-0.00968776,-0.01157247,0.0293685,0.00427893,-0.00901595,-0.00150138,-0.00589856,-0.02210867,-0.00666614,0.00203399,-0.00198017,-0.01651987,-0.01712024,-0.0033405,-0.00187833,-0.01027903,-0.02210413,-0.01302706,-0.0030806,-0.00697317,0.00021463,-0.04750681,-0.02936943,-0.02113289,0.01145151,-0.01669922,-0.01692876,-0.00514011,-0.02033034,-0.00594112,-0.02912314,-0.01350584,-0.01025771,-0.00585754,-0.03139701,-0.01563832,-0.02205089,-0.02795739,0.00582774,-0.01927551,-0.01403935,-0.03745695,-0.02337626,-0.00602318,-0.01205885,-0.01168344,-0.00126883,-0.0181918,-0.00278269,-0.01700168,-0.00265957,-0.01543158
"Np2_503523",-0.00642141,-0.00413694,-0.00410352,-0.00996436,-0.00909649,-0.01985155,-0.00913905,0.98456504,-0.01798202,0.00037118,-0.04504903,-0.0206784,-0.00910258,-0.00349098,-0.00840493,0.0011205,-0.01337663,-0.01041884,-0.0110405,0.00623812,-0.01264707,-0.01650319,-0.01547111,-0.00702027,-0.00809942,-0.00642749,-0.00520395,0.01223731,-0.01638003,-0.02867326,-0.01368062,-0.01686335,-0.01617181,-0.02463482,-0.0003356,-0.00595783,-0.01839544,-0.0192436,0.00699963,-0.01355142,0.00107947,-0.01907639,-0.01466859,0.01182087,-0.00696555,-0.02404053,-0.01115753,0.01312496,-0.02673991,-0.00035383,-0.02279414,-0.01140529,-0.0122367,-0.01216979,-0.01884689,0.00567727,-0.01383871,-0.01577811,-0.01523251,-0.02582034,-0.01137336,-0.01081707,-0.00555506,0.0137071,0.00446588,0.00351137,0.0198416,-0.01916154,-0.0034621,-0.01804892,-0.00112747,-0.01994581,0.01385452,-0.01171231,-0.0128538,-0.00623294,-0.04057432,-0.00992184,-0.01197677,-0.02007043,-0.00496683,-0.01348611,0.00125274,-0.01733913,-0.02587959,-0.02008259,-0.01867207,-0.02508014,-0.00206072,-0.00632717,0.00896944,-0.02824308,-0.00919985,-0.01262428,-0.01011334,-0.00362929,-0.01709896,-0.0135347,-0.02290354,0.05795233
"Np2_501989",-0.01721144,-0.00276749,-0.01291763,-0.02197031,-0.01380676,-0.01073042,0.04846799,-0.01798202,0.98289591,-0.01908247,-0.00993702,0.01276168,-0.00621318,-0.01838484,-0.0038436,-0.01058146,-0.00866331,0.00219814,-0.01818268,-0.02552698,-0.00778176,-8.632e-05,-0.01166975,-0.0103626,-0.01508961,-0.01417763,-0.00809031,-0.00372048,-0.00893083,0.000663,-0.01535103,-0.02035767,-0.01252245,-0.00441814,-0.01006164,-0.00565232,-0.01535405,0.02058025,-0.00257446,-0.02479741,-0.01624628,-0.00387552,-0.00569945,-0.02723999,-0.0147157,-0.00838366,-0.0321311,0.00035901,-0.00150746,-0.01327176,0.02903714,0.0059235,-0.0356422,-0.0138402,-0.01413357,-0.01104049,-0.01429317,-0.00513706,-0.02085476,-0.00165186,-0.02064344,-0.00899163,-0.01725705,-0.02520175,-0.02942717,-0.01989412,-0.00766778,-0.01672812,-0.00832438,0.00581559,-0.00158194,0.0017908,-0.00742305,-0.00882291,-0.01057238,-0.00106364,0.02660828,0.00953489,-0.0153191,-0.0319244,-0.00846114,-0.00877277,-0.00072165,-0.01612166,-0.00490299,-0.00898554,-0.00027935,-0.0112472,-0.02926608,-0.02547682,-0.01139615,-0.00848243,-0.02424568,-0.00395912,-0.01132777,-0.02019507,-0.01101769,-0.00684546,-0.01287047,-0.02868235
"Np2_504542",-0.01952936,-0.02150069,-0.00353202,-0.01608059,0.00424245,-0.03219953,-0.00461573,0.00037118,-0.01908247,0.99558917,0.01814379,-0.01007535,-0.01005102,0.00665612,-0.03792817,-0.00438774,-0.01143721,-0.01106329,-0.01624478,-0.0114296,0.01573927,-0.02717926,-0.02994701,-0.01024862,-0.02652714,-0.01147976,0.0012953,-0.01713393,-0.02158431,-0.02004612,-0.00049366,-0.00899618,-0.0139284,0.0042075,-0.00325995,-0.01632988,0.00938287,-0.04071121,-0.01765984,-0.00051646,0.00453885,-0.01303314,-0.01531306,-0.00827879,-0.03010507,0.00753769,-0.01013006,-0.00074294,-0.00352138,-0.01756559,-0.02283065,-0.01736952,0.01614966,-0.01114232,-0.01584351,-0.01518233,-0.02664268,-0.02432625,0.01588976,-0.02646482,-0.00776201,-0.02924479,0.01279971,-0.01627214,-0.03478499,-0.0089886,-0.01545748,0.00208111,0.00455708,-0.01686946,0.00643573,-0.02195822,-0.00016536,0.00101867,0.00352505,-0.0191889,-0.01659586,-0.0107183,-0.00076574,0.00390807,-0.01974666,-0.02750603,-0.02173479,-0.01555169,-0.01770845,-0.00978352,-0.01065291,0.00315418,-0.02200839,0.01111561,-0.0010986,-0.01688007,-0.00589248,-0.01843653,0.03727221,-0.00944153,-0.00801583,-0.00825141,-0.01959619,0.01322983
"Np2_504700",-0.00476013,-0.01493913,-0.00912995,-0.0260863,-0.02111461,-0.01484641,0.0119774,-0.04504903,-0.00993702,0.01814379,0.98834413,-0.00320979,-0.00105756,-0.00091773,0.00389591,-0.02138515,-0.0174911,0.03699248,-0.02716247,-0.0196114,-0.03104895,-0.01286597,0.00336545,-0.00277509,-0.00096637,0.00420142,-0.01570215,-0.01953998,0.00443245,0.01904207,-0.00791551,0.00212518,0.00722458,-0.01035805,-0.02496917,-0.01326415,-0.02159794,-0.00998263,-0.02462571,-0.02055377,0.00380472,-0.00920746,-0.0154392,0.00101867,-0.02004764,-0.01037174,-0.01390406,-0.01682841,-0.01823892,-0.01100402,-0.01961293,-0.02266345,0.02119128,-0.02054007,-0.01688161,0.02177796,-0.01704122,0.00533832,-0.00703548,-0.0162554,-0.00028847,-0.02253122,-0.02638885,-0.00682268,-0.01484795,-0.01124265,-0.00144819,-0.00078093,-0.02095202,-0.01410773,-0.01785742,-0.03059601,-0.00895514,-0.0152188,-0.0139284,-0.0276747,0.00288515,0.01605847,-0.00149986,-0.00138587,-0.01592098,-0.01577665,-0.0179091,-0.00534226,0.01119614,-0.01705336,-0.01883471,-0.01323529,-0.0159028,-0.01059363,-0.02113588,-0.02445389,-0.00799455,-0.00457926,-0.00343626,-0.01731936,0.00021766,-0.0237289,-0.00300307,-0.0084794
"Np2_502321",-0.0297874,-0.0230951,-0.01196615,-0.00217167,0.00097612,-0.02300238,-0.00149834,-0.0206784,0.01276168,-0.01007535,-0.00320979,0.98951161,-0.01878913,-0.00998568,-0.01915543,-0.00856604,-0.00725585,-0.00900986,0.0162074,-0.00284044,-0.01230205,-0.0001988,-0.00129467,-0.02841033,-0.0291855,-0.00821037,0.00106882,-0.04259132,-0.01937887,-0.00051342,-0.00938378,-0.02275006,0.00438838,-0.00331467,-0.03038926,-0.02461199,-0.00133114,-0.00765104,-0.0154544,-0.02126206,-0.00602319,0.00680355,0.00634757,-0.01838484,0.00204311,-0.0264314,-0.02160404,-0.01297689,-0.03429856,-0.0095844,-0.00481788,0.02359429,-0.03134688,-0.01988042,-0.01576598,-0.01206493,-0.00072621,-0.0385361,-0.01807936,-0.02334742,-0.00434062,-0.0163998,-0.00885788,-0.04188155,-0.02102802,-0.01681475,-0.01325204,-0.00832895,0.01132233,0.20876656,0.01532888,-0.02279265,-0.01665514,-0.01851098,-0.01874053,-0.00877581,0.00628068,-0.02052039,-0.00722393,0.00732945,-0.02422894,-0.03578817,-0.02591308,-0.02474579,-0.01550302,-0.00788208,-0.019543,-0.00497596,-0.01721907,-0.00157434,-0.0303558,0.00250061,-0.0166065,-0.01942296,-0.00824838,-0.03201107,0.02489229,-0.01698951,-0.00310339,-0.00462788
"Np2_500806",-0.02535527,0.00580799,-0.02957312,0.00317241,-0.00492731,-0.01264251,-0.02457704,-0.00910258,-0.00621318,-0.01005102,-0.00105756,-0.01878913,0.99229653,-0.01041734,-0.01806716,-0.02009321,-0.00555962,-0.02707277,-0.0099112,-0.01011181,-0.02534919,-0.00063046,-0.01738168,-0.0075629,-0.00180233,-0.00970599,-0.01593015,-0.00988839,0.00602838,-0.01082467,-0.00631958,0.00691298,-0.00972273,-0.01924969,-0.02048536,-0.0098443,0.00811677,-0.00534682,-0.00418256,-0.00603839,-0.00995071,-0.02053099,-0.00791552,-0.00300916,-0.00294837,0.00216774,-0.00942025,0.00103083,-0.01253916,-0.00545626,-0.02288079,-0.00480421,-0.00821951,-0.02745578,-0.02501328,-0.01371255,-0.01453333,-0.00872107,0.00261613,-0.00158802,-0.0234675,0.00596758,-0.00138587,-0.02741784,-0.02237165,0.00540065,0.00166768,-0.00556874,0.01195462,-0.02406332,-0.00607792,-0.006809,-0.01100706,-0.01331888,-0.01066053,-0.02243093,-0.00935032,-0.00012888,0.00465587,-0.0076936,-0.0223807,-0.00734099,-0.00871348,-0.01013007,-0.01000693,-0.01834531,-0.01997467,-0.00464765,-0.01035502,-0.01340552,0.00599494,0.00571679,-0.00715858,-0.01225493,0.00180752,-0.02165119,-0.02630521,-0.02699676,-0.02982989,0.00649196
"Np2_504964",-0.00059246,-0.01593927,-0.00693821,-0.03149428,-0.01907489,0.01971998,0.01021734,-0.00349098,-0.01838484,0.00665612,-0.00091773,-0.00998568,-0.01041734,1.01416238,-0.03768655,0.01439715,-0.02441901,-3.008e-05,-0.02329883,-0.009972,-0.02201753,-0.0118902,-0.00462638,-0.00559914,-0.02005376,-0.0211177,-0.02323804,-0.02737985,0.00753617,-0.04077962,-0.00389985,-0.01711418,-0.01155883,-0.01303013,-0.00712211,-0.0191281,0.00992854,0.00254469,-0.00419472,0.00595695,0.01359617,-0.00139195,-0.00853566,-0.02202058,-0.02803952,-0.01182786,-0.01019239,-0.02071645,-0.01695916,-0.00121259,-0.02426093,-0.02259965,-0.02175915,-0.01394054,-0.02274558,0.00193064,-0.00846576,-0.00827727,-0.00894758,-0.00752794,-0.01937586,-0.00605208,-0.0099097,0.00722459,-0.00657647,-0.00570706,-0.01779973,-0.01135668,-0.01344051,-0.01297997,-0.00441815,-0.00606121,0.03807476,0.00414822,-0.01204066,-0.01864327,-0.01772216,0.00077093,-0.01389951,0.01083748,-0.00156978,-0.02863234,-0.02149314,-0.01075022,-0.00333138,-0.02246133,-0.02181078,-0.01301948,-0.02100678,-0.03044099,0.0032469,-0.02317415,-0.01233854,0.01296388,-0.00580433,-0.02242335,-0.01339794,0.00202183,0.00663635,-0.02604684
"Np2_500535",0.02078849,-0.00534985,-0.01230814,-0.01406515,-0.00529362,0.00127858,0.00606333,-0.00840493,-0.0038436,-0.03792817,0.00389591,-0.01915543,-0.01806716,-0.03768655,0.99156381,-0.0163557,-0.01489354,-0.01269571,-0.00951753,-0.00120651,-0.01279604,-0.01026839,-0.03385931,-0.00975312,-0.01827996,-0.00885634,0.03264552,-0.02636601,-0.0309684,-0.01894264,-0.01960535,-0.01655633,0.00891019,-0.0168801,-0.01385997,-0.00078701,-0.01124872,-0.01468075,-0.0059168,0.02110613,0.00670628,-0.01542552,-0.0017461,0.0121279,0.00869283,-0.0238855,-0.01389038,0.01206404,0.00335785,0.00816085,0.00563168,-0.02295377,-0.01603351,-0.03374982,0.00015534,-0.01453484,-0.00790792,0.01082377,-0.01659743,-0.03037713,0.00382903,-0.01066203,0.00463157,-0.01456068,0.00994071,-0.0322041,-0.01161811,-0.01748657,-0.02990597,-0.01333409,-0.03000324,0.00103235,-0.00453365,-0.04575583,-0.02014647,-0.01078973,-0.02765187,-0.01417464,0.02359274,-0.00745193,0.00096395,-0.02184274,-0.01485555,0.0095668,-0.00140562,-0.01080795,-0.01061339,-0.00440598,-0.01315323,-0.00632413,0.00471667,0.00398254,-0.01862042,-0.01642109,-0.02150982,0.00336545,-0.00919226,-0.02857901,-0.03794785,-0.01606539
"Np2_500733",-0.01026836,-0.00236015,-0.01494218,-0.00104388,-0.00382383,-0.0165548,0.00829307,0.0011205,-0.01058146,-0.00438774,-0.02138515,-0.00856604,-0.02009321,0.01439715,-0.0163557,0.97671801,-0.01707158,-0.01867358,0.00456772,0.00467106,-0.01998987,-0.01563833,0.00408894,0.00889193,-0.02638575,-0.01574619,-0.00935488,-0.01380069,-0.01338728,-0.00972118,-0.01083986,-0.02420613,0.00354024,-0.01647426,-0.00600646,-0.01223667,-0.02725816,0.01125999,-0.01250268,-0.02606199,-0.00611135,-0.00438014,-0.01638762,-0.01148129,-0.0085326,0.02120646,-0.02108421,0.03314096,-0.00900378,-0.01104049,-0.02299324,-0.01996403,-0.00438014,-0.01966457,0.00284107,-0.00227351,-0.00811006,-0.02676874,-0.00175218,0.00042741,0.00332289,-0.014968,-0.0264253,-0.02661832,0.00350681,-0.01766285,-0.01242822,-0.00324932,-0.0298041,-0.01080034,-0.02427761,-0.00737746,-0.0024559,0.00784773,-0.00484524,0.00055965,0.00011279,-0.00829703,-0.02661523,-0.0187496,-0.01930129,-0.00517356,-0.02068144,-0.01875418,-0.02075892,-0.02894532,0.01046353,0.00299155,0.01096362,-0.01670984,-0.00916487,-0.00473123,-0.01122288,-0.00826358,-0.00651261,-0.01993972,-0.02930553,-0.01616569,-0.01763089,-0.01337965
"Np2_502610",0.00487323,0.00639773,-0.02214366,-0.01462905,-0.00874539,0.03126539,-0.00893995,-0.01337663,-0.00866331,-0.01143721,-0.0174911,-0.00725585,-0.00555962,-0.02441901,-0.01489354,-0.01707158,0.99317213,-0.00307604,-0.00947346,-0.02852126,0.00670324,-0.01311221,-0.01420806,-0.02323648,0.00076332,0.01307479,-0.00728475,-0.0200902,-0.00158954,-0.00506715,-0.01104962,0.00385487,-0.00305325,0.00125122,-0.01685576,-0.00408679,-0.00102108,0.00162665,-0.02912776,-0.01578421,-0.00434518,-0.00398192,-0.01462148,-0.01427494,-0.0315414,0.00260549,0.02521605,-0.02087448,-0.02152503,0.00258117,-0.00709171,-0.02701352,-0.0044379,-0.00817086,-0.00968017,-0.01053892,-0.00725586,-0.0228747,0.00077397,-0.00692603,-0.01512609,-0.01821765,-0.00991576,0.00113875,-0.019654,-0.02638427,0.00757721,0.00155673,-0.02499809,-0.02362558,-0.0267673,-0.01351497,-0.01056932,-0.0188089,0.00908042,0.00490972,-0.01119249,-0.00440295,-0.00706587,-0.01242365,-0.02984662,8.847e-05,-0.00797176,0.00596303,0.00061437,-0.03067504,-0.0201449,-0.02214516,0.00437013,-0.0100799,-0.02199009,0.02256981,-0.00352897,-0.02108881,-0.03210531,-0.01650165,-0.0085402,-0.0156155,-0.0284802,-0.03015671
"Np2_504693",-0.0105602,-0.00493187,-0.02146575,-0.0195749,-0.01931501,0.0030645,-0.00978199,-0.01041884,0.00219814,-0.01106329,0.03699248,-0.00900986,-0.02707277,-3.008e-05,-0.01269571,-0.01867358,-0.00307604,0.98510317,0.00214798,0.02702626,0.01680472,-0.00665854,-0.00258662,0.00328034,-0.00159866,0.01192876,-0.01344656,-0.01150864,-0.02553461,-0.01153295,-0.0159955,-0.01127456,-0.03566197,-0.0167661,-0.02712138,0.00236685,-0.00292707,-0.01471875,-0.01583439,-0.0062907,-0.01369888,-0.01287962,-0.00603991,-0.01420502,0.00895881,0.00145945,-0.00784863,-0.00530122,-0.00139195,-0.00616455,-0.01614139,0.00132722,-0.02747103,-0.0134207,-0.00489844,-0.00058942,-0.01113778,-0.02158882,-0.01724339,-0.0048802,0.00014319,-0.00978807,-0.03218892,-0.00122323,-0.00164882,-0.00381928,-0.00755226,-0.01022887,-0.01276867,-0.03009137,-0.01848971,-0.02074074,-0.00213975,-0.01737102,-0.01091284,-0.01265164,-0.01203452,0.00113875,-0.00653996,-0.03089693,-0.01244945,-0.03799208,-0.01306961,-0.00430263,-0.00737137,0.00055357,-0.0215949,-0.00793983,-0.00315964,-0.01669769,-0.00155306,-0.01900645,-0.00877883,-0.00277965,-0.02625962,-0.02053555,-0.02503757,-0.00429806,-0.01670679,-0.0177753
"Np2_500206",-0.00981392,-0.01680107,-0.01479173,0.00093051,-0.00716923,-0.00561281,-0.01633141,-0.0110405,-0.01818268,-0.01624478,-0.02716247,0.0162074,-0.0099112,-0.02329883,-0.00951753,0.00456772,-0.00947346,0.00214798,1.00240553,0.00907737,-0.0084399,-0.00348035,-0.00944002,-0.01071677,-0.02015558,0.00431541,-0.02729169,0.00641293,-0.01764464,-0.01656243,-0.00916948,-0.01934391,-0.01667645,-0.00370833,-0.02424723,-0.01664603,-0.01023645,-0.00105301,0.006647,-0.00159258,0.00194279,-0.01410927,-0.00042982,0.00949233,-0.01248598,-0.00812984,-0.01333409,-0.0078988,-0.01326114,-0.02076963,0.01013981,-0.00780609,-0.01821312,-0.0274178,-0.0152477,0.0019808,-0.00689565,-0.01491482,-0.00281765,-0.02647699,0.01426492,-0.01223366,-0.00985953,0.00362689,-0.03753305,-0.00900076,-0.0218534,0.0136205,0.00348098,-0.01718561,-0.0064959,-0.02060244,0.00195039,-0.01191295,-0.02642992,-0.02482485,0.0134867,-0.02866577,-0.01916911,0.0162074,-0.00699139,-0.0226544,-0.01855509,-0.01845174,-0.02167244,-0.00629983,-0.01552887,-0.00400168,-0.00454126,-0.02020724,-0.02254184,-0.01430835,-0.01821613,-0.02832829,0.00564536,-0.0070218,-0.01121986,-0.01175942,-0.01368061,-0.00076574
"Np2_502282",-0.02004612,0.00382143,-0.02730382,-0.00884569,-0.00706586,-0.0090053,-0.0004207,0.00623812,-0.02552698,-0.0114296,-0.0196114,-0.00284044,-0.01011181,-0.009972,-0.00120651,0.00467106,-0.02852126,0.02702626,0.00907737,0.98193821,-0.01274435,0.01607823,0.00343081,-0.0080295,-0.02324406,0.00244285,-0.00454125,0.00286843,-0.01510937,0.0264031,-0.0280653,-0.00297724,-0.01961295,-0.00786079,-0.0271837,-0.01031092,-0.0212286,-0.00064566,-0.02000052,-0.00118523,-0.01756103,0.00164944,-0.03118117,-0.02247498,-0.00326299,-0.00787448,0.0002967,-0.00931537,0.00432149,-0.01565046,-0.01681168,-0.03323763,0.00058549,-0.01059514,-0.01909615,-0.01281122,-0.02123168,0.00433972,-0.01076996,-0.02348572,-0.01967828,-0.01228229,-0.01917977,-0.00812527,-0.01356663,0.00371808,-0.00898253,-0.01378704,-0.01359096,-0.02711381,-0.00061678,-0.00925153,-0.00508995,-0.02123317,-0.0099112,-0.02061763,-0.00936095,-0.01412295,-0.01009813,-0.00770424,-0.01433569,-0.02194304,0.0002435,-0.00010912,0.0044218,-0.01653202,-0.02363314,-0.0207696,-0.0214612,-0.02071183,0.00872017,-0.02682041,-0.0099051,-0.002082,-0.0152264,-0.00980631,-0.00093292,-0.02031968,-0.00293771,0.013625
"Np2_502688",-0.0209961,-0.0118719,-0.01077454,0.00418774,-0.02063129,-0.02029083,-0.00897036,-0.01264707,-0.00778176,0.01573927,-0.03104895,-0.01230205,-0.02534919,-0.02201753,-0.01279604,-0.01998987,0.00670324,0.01680472,-0.0084399,-0.01274435,1.00101611,-0.01709446,-0.00481485,-0.02113898,-0.01370648,0.00058093,-0.00625119,-0.01176095,-0.01165153,-0.01087332,-0.03874289,-0.01639066,-0.01980296,-0.00607488,-0.01156639,-0.00989295,-0.00591527,-0.01010727,-0.0141108,-0.02067842,0.01735953,-0.00066846,-0.04702657,-0.01400136,-0.01622046,-0.00183273,-0.01250877,-0.00144971,-0.01304378,-0.01128066,-0.0215615,1.095e-05,-0.00842015,-0.01169711,0.01628037,-0.00980936,-0.00105453,-0.02731292,0.00667133,-0.00422055,0.01235436,-0.01292827,-0.01769786,0.00369225,-0.00463701,-0.02413478,0.02153027,-0.01671294,-0.00420535,-0.01119251,-0.01600616,-0.01324138,-0.00543194,-0.00363993,-0.01633296,-0.00788817,-0.01912656,-0.01248904,-0.01196005,-0.00029455,-0.00814197,-0.00647767,-0.0095221,-0.01732243,-0.01476737,-0.00684244,-0.00603991,-0.00849614,0.00357978,-0.00828638,-0.0174607,-0.02655446,-0.00036751,-0.01899131,0.00206287,0.00079524,-0.02407396,0.00411326,-0.00844748,-0.0283632
"Np2_501502",-0.02120437,0.00159929,-0.01143877,0.01112322,-0.02266349,-0.01685125,0.00617279,-0.01650319,-8.632e-05,-0.02717926,-0.01286597,-0.0001988,-0.00063046,-0.0118902,-0.01026839,-0.01563833,-0.01311221,-0.00665854,-0.00348035,0.01607823,-0.01709446,1.03024255,-0.01429473,0.00661966,-0.02546629,-0.02531426,-0.00995529,-0.00239359,-0.02797116,-0.02582497,0.00360714,-0.01948681,-0.01408346,-0.02786629,-0.02013432,-0.0026535,-0.02755465,0.00503588,-0.0129511,-0.01845479,-0.02191115,-0.0209399,-0.01318822,-0.01147372,-0.0042692,0.00814264,-0.00557331,-0.02354508,-0.01006017,-0.02592835,-0.03408129,-0.01478871,-0.0294516,-0.01129739,-0.02223034,-0.02187315,0.00299308,-0.008066,0.00524716,-0.01278847,0.00120259,-0.00827273,-0.00681055,-0.00426769,-0.01077304,-0.00564778,-0.02062837,-0.00217776,-0.01170932,-0.00152114,-0.01180659,-0.00584993,-0.02251151,-0.02953515,-0.01000547,-0.01007234,-0.02131076,-0.0126973,-0.02691171,-0.00795049,0.14607539,-0.01702153,0.00060525,-0.0199626,-0.01421567,-0.01419441,-0.02327147,0.00087124,-0.02353144,-0.0040868,-0.01265317,0.02385118,-0.01805504,-0.00187225,-0.00878495,-0.01795627,-0.01592257,-0.0175261,-0.02552704,-0.01671597
"Np2_503914",-0.00497292,-0.00892019,-0.02834198,0.00926735,-0.02451927,-0.0249388,0.06207451,-0.01547111,-0.01166975,-0.02994701,0.00336545,-0.00129467,-0.01738168,-0.00462638,-0.03385931,0.00408894,-0.01420806,-0.00258662,-0.00944002,0.00343081,-0.00481485,-0.01429473,0.99840753,0.00977959,-0.02382622,-0.00862684,-0.02001879,-0.03100031,-0.02526713,0.01533343,-0.01800791,-0.02590242,-0.02870676,0.0002207,-0.02533397,-0.00830918,-0.01436307,-0.01460325,-0.00857518,-0.02563037,-0.0202711,-0.01276411,-0.00318852,-0.01743338,-0.00764497,0.00841469,-0.02050058,-0.02068906,-0.01176399,0.01553407,0.00631717,-0.00919683,0.00760305,-0.017865,-0.00235103,-0.01035349,-0.02834958,-0.01828146,-0.0216877,-0.0021808,-0.01296474,-0.01879218,-0.00243462,0.00193215,-0.00335723,-0.02908673,-0.01731637,-0.0242488,-0.00687741,-0.01872835,-0.01290244,-0.01028967,-0.01676762,-0.00129619,-0.01398921,-0.02515163,-0.0052313,-0.00163362,-0.01569606,-0.00159866,-0.0226695,-0.00686982,0.00999694,0.00462853,-0.00725585,-0.00784256,-0.01494369,-0.02165575,-0.00897189,-0.01673418,-0.00842924,0.01135574,0.00532009,0.00675947,-0.01626453,0.00389896,-0.01914632,-0.00783039,-0.02525491,0.00255532
"Np2_503712",-0.0080736,-0.01369279,0.01825934,-0.00705674,-0.02777194,-0.00539242,-0.01383111,-0.00702027,-0.0103626,-0.01024862,-0.00277509,-0.02841033,-0.0075629,-0.00559914,-0.00975312,0.00889193,-0.02323648,0.00328034,-0.01071677,-0.0080295,-0.02113898,0.00661966,0.00977959,0.999046,-0.01643933,-0.0214551,-0.01992759,0.00632933,0.00795871,-0.01755799,-0.01457284,-0.01228381,-0.01432815,-0.0191433,-0.01399526,0.00014167,-0.01077603,-0.02180775,0.00245957,0.00531553,-0.02747561,-0.01814469,-0.01388888,-0.00928651,-0.00041007,0.00227414,-0.01676154,-0.00813438,-0.01288875,-0.01781335,-0.0016473,-0.02126513,0.01286203,-0.03175721,0.00822774,-0.01436613,-0.01397096,-0.00815869,-0.00396521,-0.0140971,-0.02564102,-0.02645267,-0.01146306,-0.01272005,-0.00448199,-0.00452454,-0.02254497,0.00502523,-0.01514587,-0.02441291,-0.02649068,0.00180904,-0.0101407,-0.01184455,-0.00888221,0.01643389,-0.03234695,-0.00367034,-0.00481332,-0.0078912,-0.01057082,-0.02061008,0.03106327,-0.02811094,-0.00792463,-0.00395153,-0.0147005,0.02281761,-0.02301613,-0.00630742,-0.01836961,-0.01515191,-0.02620338,-0.00105301,-0.01085356,-0.00786537,-0.03942227,-0.00424334,-0.02379577,-0.00191328
"Np2_503326",-0.01568847,-0.02495551,-0.01504251,-0.01071978,-0.02337932,-0.01893505,-0.02752572,-0.00809942,-0.01508961,-0.02652714,-0.00096637,-0.0291855,-0.00180233,-0.02005376,-0.01827996,-0.02638575,0.00076332,-0.00159866,-0.02015558,-0.02324406,-0.01370648,-0.02546629,-0.02382622,-0.01643933,0.99658335,-0.01341464,-0.01538297,-0.01998077,0.0033837,-0.00617367,-0.00379649,-0.01442691,-0.01419135,0.00987231,-0.00960264,-0.0029134,-0.01291913,-0.01346329,-0.00424335,-0.00229935,0.00731578,-0.01040821,-0.01891987,0.00452973,-0.02246435,-0.00062894,-0.01024101,-0.02030908,-0.00469629,-0.01585262,-0.01442996,0.20868615,-0.03396727,-0.01991691,0.03040362,0.01586542,-0.01079429,-0.00528602,-0.0266275,-0.01502426,-0.00148922,-0.02388397,-0.00691845,-0.02185488,-0.00434518,-0.00271581,-0.02210417,-0.03192448,-0.01060125,-0.03309175,0.0130125,0.0027058,-0.01562767,0.00592351,-0.0092014,0.01930656,-0.03403408,0.00923395,-0.00969231,-0.01793798,-0.03095314,0.00095787,-0.01880587,-0.02341433,-0.00869979,-0.00731058,-0.03629878,-0.02492361,-0.01755954,-0.01635419,0.00426221,0.01371163,-0.02044282,-0.00805991,-0.01679652,-0.02292795,0.01391228,-0.02416969,-0.02593888,-0.02883132
"Np2_504867",-0.02040026,-0.00078853,-0.01443453,-0.005552,0.02009079,-0.0104234,-0.0089825,-0.00642749,-0.01417763,-0.01147976,0.00420142,-0.00821037,-0.00970599,-0.0211177,-0.00885634,-0.01574619,0.01307479,0.01192876,0.00431541,0.00244285,0.00058093,-0.02531426,-0.00862684,-0.0214551,-0.01341464,0.98381408,-0.01082315,-0.00797327,-0.00436798,-0.02137301,-0.01793189,0.0063962,-0.0103915,-0.01216677,-0.01917821,-0.01841673,-0.01930284,0.01161567,-0.00089949,-0.00077941,-0.01715521,-0.01360007,-0.01208014,-0.01051765,-0.00164122,0.01806628,-0.01723271,0.00112203,-0.00211239,-0.00080525,-0.00804622,-0.0259921,-0.02743151,-0.0152051,-0.01367454,-0.01073347,-0.02720959,-0.01987738,-0.01294804,-0.01244035,0.00185463,-0.01294042,0.00508907,-0.00695948,-0.00297724,-0.00438774,-0.01784833,-0.0282766,-0.01516105,-0.003149,-0.00720266,-0.025717,-0.01714759,-0.01626755,-0.00038575,-0.01610798,-0.01929069,0.00923394,-0.02245975,-0.00927434,-0.00967406,-0.01317755,-0.01622196,-0.02356631,-0.00809181,-0.00685459,-0.01593163,-0.015196,0.00341561,-0.02182594,-0.00744127,-0.00285564,-0.0183149,-0.01155576,-0.02333222,-0.00453669,-0.02180618,-0.01550605,-0.00146794,-0.00284044
"Np2_503411",-0.01157706,-0.00199688,-0.01883477,0.00311922,0.04821722,-0.00312011,-0.03055801,-0.00520395,-0.00809031,0.0012953,-0.01570215,0.00106882,-0.01593015,-0.02323804,0.03264552,-0.00935488,-0.00728475,-0.01344656,-0.02729169,-0.00454125,-0.00625119,-0.00995529,-0.02001879,-0.01992759,-0.01538297,-0.01082315,1.00161505,-0.02058115,-0.00831223,-0.00510211,0.00320283,-0.02293096,-0.01433575,0.00486411,-0.0009314,-0.00852957,-0.02051122,-0.03503881,-0.02247501,-0.00502763,-0.01912355,-0.01830429,-0.0059928,0.01426494,-0.00391352,-0.01962058,-0.03227251,-0.01072588,-0.02399189,-0.02314073,-0.01442236,0.00639014,-0.00492884,-0.01018174,-0.01199504,-0.01878155,0.0094285,-0.01622196,-0.00868463,0.02769357,-0.01804894,-0.00867701,-0.00599889,-0.00026416,-0.0164971,0.00519547,-0.0192087,-0.02188529,-0.02032126,-0.00694124,-0.01601072,-0.02905331,-0.01577207,-0.00425247,-0.01527356,-0.00074902,0.00761976,-0.01097366,0.03560937,-0.01823437,-0.01301032,0.01798881,-0.01484644,-0.01352714,-0.01036412,-0.02052644,0.01295473,-0.02354808,-0.01375209,-0.02273033,-0.01776924,-0.00816782,-0.02134719,-0.01078821,-0.01131714,-0.01820855,-0.0102471,-0.02461808,-0.02805919,-0.02350396
"Np2_502244",-0.01875874,-0.02179404,0.158048,-0.00147858,-0.00334659,-0.0340128,-0.01326872,0.01223731,-0.00372048,-0.01713393,-0.01953998,-0.04259132,-0.00988839,-0.02737985,-0.02636601,-0.01380069,-0.0200902,-0.01150864,0.00641293,0.00286843,-0.01176095,-0.00239359,-0.03100031,0.00632933,-0.01998077,-0.00797327,-0.02058115,0.99196209,0.01049699,-0.01015589,-0.01629036,-0.01886511,-0.00297421,-0.03165238,-0.02939218,-0.02285495,-0.02009321,-0.02322129,-0.02251299,-0.02391283,-0.00897796,-0.01955822,-0.02427004,-0.01845173,-0.02325471,-0.01403479,-0.01194334,-0.00802799,-0.0258538,-0.01086722,-0.02813978,-0.03939796,-0.00785472,-0.00672387,-0.01644084,-0.01349976,-0.00489693,-0.01154815,-0.0040108,-0.00973488,-0.02523063,0.13385503,-0.0226042,-0.0136776,-0.0136472,-0.00654605,0.01753586,-0.0114357,-0.02583102,-0.00424334,0.00036661,-0.01480388,-0.03784912,-0.00626638,-0.0165275,-0.01188256,-0.00579368,-0.0122276,-0.00318699,0.00604662,-0.00271276,-0.03311916,-0.0083487,-0.01356513,-0.01465793,-0.00794895,0.03328384,-0.02510599,-0.03126938,-0.00589703,-0.00534377,-0.00470996,-0.00542585,0.00969295,-0.01241909,0.00105667,-0.02943627,-0.02541603,-0.00788206,-0.00332682
"Np2_500454",0.00445373,-0.00010152,-0.01374753,-0.00608095,-0.02026042,-0.00046479,-0.02243091,-0.01638003,-0.00893083,-0.02158431,0.00443245,-0.01937887,0.00602838,0.00753617,-0.0309684,-0.01338728,-0.00158954,-0.02553461,-0.01764464,-0.01510937,-0.01165153,-0.02797116,-0.02526713,0.00795871,0.0033837,-0.00436798,-0.00831223,0.01049699,1.00084586,-0.01415029,-0.01815686,-0.0044683,-0.00377674,0.00159169,-0.00177193,-0.02532943,-0.00615238,-0.0149042,-0.01921171,-0.01027598,-0.02452389,-0.01032918,-0.01397703,-0.01986224,-0.00961785,-0.02608487,0.02738046,-0.021294,-0.00659317,-0.01790151,-0.02727039,-0.02059332,-0.00728931,-0.0262216,-0.00386793,-1.488e-05,-0.03731418,-0.01159072,-0.03065232,0.00283804,-0.01068181,-0.00358978,-0.01595905,0.00147922,0.01868492,-0.00294076,-0.01229753,0.03244798,-0.00824231,-0.00382992,-0.0030198,-0.02001423,-0.00597304,0.00569856,-0.00957835,-0.00098157,-0.0091801,-0.02199778,-0.02010083,-0.00539546,-0.02099453,-0.00413088,-0.03119033,0.01268724,-0.01150864,-0.00525563,-0.01038085,-0.00295749,-0.02052039,-0.020075,-0.01344199,-0.01676,-0.01641196,0.0120823,-0.02477315,0.003902,-0.01807933,-0.00843533,-0.0108125,-0.01598484
"Np2_501536",-0.01817508,-0.00403511,-0.0157052,-0.0153343,-0.02404201,-0.00743825,-0.01542095,-0.02867326,0.000663,-0.02004612,0.01904207,-0.00051342,-0.01082467,-0.04077962,-0.01894264,-0.00972118,-0.00506715,-0.01153295,-0.01656243,0.0264031,-0.01087332,-0.02582497,0.01533343,-0.01755799,-0.00617367,-0.02137301,-0.00510211,-0.01015589,-0.01415029,0.98963322,-0.00324323,-0.01797746,-0.00193456,-0.01130954,-0.01816898,-0.00646397,-0.0140378,-0.0040944,-0.01356968,-0.01360159,-0.01660196,-0.01395877,2.463e-05,-0.02090794,-0.0073197,-0.00463549,-0.02184724,-0.01413205,-0.01235068,-0.00298788,-0.00019728,-0.01525528,0.02859946,-0.02057959,0.0204693,-0.00410047,-0.02179254,-0.01598027,-0.00160322,-0.01371103,-0.01339944,-0.01801093,-0.02080459,-0.01081404,-0.01534345,-0.00383448,-0.0066555,-0.01662781,0.06534089,0.00166008,-0.01987286,-0.01330825,-0.02404203,-0.00978655,0.03299818,-0.01768263,-0.02253728,-0.01179594,-0.01917061,-0.00385729,-0.02827196,-0.01536019,-0.01217285,-0.02103714,-0.00465069,-0.00538938,0.01213243,-0.01540272,-0.00317484,-0.02142469,-0.02102341,-0.00275837,-0.02095351,-0.04504909,-0.02125904,-0.00398344,-0.00027783,-0.0172327,-0.01854591,0.01367212
"Np2_504966",0.00198536,-0.02506495,-0.00648831,-0.015845,-0.0063135,-0.03530781,0.00154761,-0.01368062,-0.01535103,-0.00049366,-0.00791551,-0.00938378,-0.00631958,-0.00389985,-0.01960535,-0.01083986,-0.01104962,-0.0159955,-0.00916948,-0.0280653,-0.03874289,0.00360714,-0.01800791,-0.01457284,-0.00379649,-0.01793189,0.00320283,-0.01629036,-0.01815686,-0.00324323,0.99955677,-0.00997655,-0.00776506,-0.01805199,-0.01715976,-0.00697468,-0.0098367,-0.00718899,-0.02092012,-0.00514467,0.00507842,-0.00671781,-0.01234158,-0.01305899,0.01177679,-0.00651414,-0.00852653,-0.02497832,-0.01392535,-0.01413814,0.00977958,-0.0204778,-0.00261398,-0.01075474,-0.02670347,-0.01935457,-0.00102412,-0.01770694,-0.00424183,-0.01315778,-0.0053985,-0.01639373,-0.02541914,-0.01026079,0.00208111,-0.00480117,0.02703246,-0.0177465,0.00935249,0.00464524,-0.00032039,0.00046846,-0.01999293,-0.016529,-0.03393385,-0.01545746,-0.00769664,-0.01656247,0.00706953,-0.02382318,-0.0122154,-0.01191906,-0.00265198,-0.00589249,-0.00622534,0.00124362,-0.00904938,0.00308579,-0.00520548,0.01287113,-0.00253493,-0.01801243,-0.02556805,-0.00832134,-0.01736193,-0.0199975,-0.01310002,-0.01394357,-0.00188137,-0.01130952
"Np2_500030",-0.01639675,-0.01289633,-0.01483882,-0.01082008,-0.00296052,-0.01721142,-0.02641006,-0.01686335,-0.02035767,-0.00899618,0.00212518,-0.02275006,0.00691298,-0.01711418,-0.01655633,-0.02420613,0.00385487,-0.01127456,-0.01934391,-0.00297724,-0.01639066,-0.01948681,-0.02590242,-0.01228381,-0.01442691,0.0063962,-0.02293096,-0.01886511,-0.0044683,-0.01797746,-0.00997655,0.979357,-0.00410807,-0.0095312,-0.00681507,0.01218562,-0.01955514,-0.02192324,-0.02927061,-0.00543953,-0.01041581,-0.01370038,-0.02388395,-0.01745767,-0.02256464,-0.01228077,-0.00821341,-0.02952897,-0.00631653,-0.0072893,-0.01924205,0.00339433,-0.01674026,0.01357331,0.00020855,-0.00566601,-0.00983063,-0.00508234,-0.01776016,0.01421018,-0.00082957,-0.00483308,-0.02860186,0.02151501,-0.01645299,0.0012877,-0.01521275,-0.00147403,-0.0263569,-0.01358487,0.03540722,-0.02247345,-0.02074375,-0.00405639,0.00331378,-0.00222487,-0.00479964,-0.00910564,-0.01845623,-0.00223095,-0.0267976,-0.02558936,0.02851582,-0.00208352,-0.00804013,-0.00619494,-7.264e-05,-0.01453634,0.00301131,-0.01584651,-0.00678163,-0.00721176,-0.0208471,-0.02807138,-0.00534529,0.00296266,-0.00655516,-0.0055748,-0.00597606,9.911e-05
"Np2_503544",-0.0184411,0.00649045,-0.01186737,-0.00131291,-0.00758873,0.00430326,-0.02465459,-0.01617181,-0.01252245,-0.0139284,0.00722458,0.00438838,-0.00972273,-0.01155883,0.00891019,0.00354024,-0.00305325,-0.03566197,-0.01667645,-0.01961295,-0.01980296,-0.01408346,-0.02870676,-0.01432815,-0.01419135,-0.0103915,-0.01433575,-0.00297421,-0.00377674,-0.00193456,-0.00776506,-0.00410807,1.01023127,-0.00701572,-0.02922655,-0.0155456,-0.00776808,0.01129498,0.01185128,-0.01325962,-0.03206737,-0.01057694,-0.01012096,0.00010519,-0.00834566,-0.02177282,-0.00797784,-0.02123778,-0.01960841,-0.01480541,-0.0264542,-0.01324139,-0.00084934,-0.01263795,-0.02934667,-0.015766,0.01244406,-0.0039348,0.00649047,-0.01048118,-0.01609735,-0.01386912,-0.01331892,-0.00272037,0.01250941,-0.01246014,-0.01832107,-0.00853415,-0.00149835,-0.01228535,-0.02165882,0.004817,-0.01610039,-0.01993215,-0.01149804,-0.02068454,-0.00942785,-0.01190995,-0.01001303,-0.01354689,-0.01546654,0.0362038,-0.0191266,-0.01689534,-0.00537266,-0.00808728,-0.01944424,-0.00609312,-0.00724068,-0.01849883,-0.00761,0.01399892,0.01981877,-0.01552434,-0.02106907,-0.01108916,-0.03687033,-0.02768229,-0.0077164,-0.01167279
"Np2_500532",-0.01413663,-0.01504402,-0.01090677,-0.00810398,0.00689931,-0.00339978,0.00229694,-0.02463482,-0.00441814,0.0042075,-0.01035805,-0.00331467,-0.01924969,-0.01303013,-0.0168801,-0.01647426,0.00125122,-0.0167661,-0.00370833,-0.00786079,-0.00607488,-0.02786629,0.0002207,-0.0191433,0.00987231,-0.01216677,0.00486411,-0.03165238,0.00159169,-0.01130954,-0.01805199,-0.0095312,-0.00701572,1.0036399,-0.02233819,-0.0192968,-0.01045532,-0.0176872,-0.01378705,-0.01625085,-0.01788328,0.00968687,0.01394271,-0.02492517,-0.00662509,-0.0211162,-0.01051309,-0.00918163,-0.00466438,-0.0063971,0.01174487,0.0004867,-0.01995192,-0.0106134,-0.01744249,-0.01115754,-0.00331467,-0.01832555,0.00121931,-0.01955216,-0.00996895,-0.02050821,-0.02178194,-0.01787112,-0.0160168,-0.02259508,-0.00170506,-0.00833351,-0.01132931,-0.01117274,-0.00747475,-0.01747745,-0.04721045,0.0039795,-0.0036977,0.02526626,-0.03263423,-0.00821344,0.00827484,0.004893,-0.00584231,0.00402968,-0.02819757,-0.02353442,0.00227566,-0.00910259,-0.00358826,-0.01714002,-0.0106879,-0.00492276,0.00353416,-0.01422324,-0.02527471,-0.01669164,-0.03166,-0.00496077,-0.00125516,-0.00665853,-0.01754733,0.00175128
"Np2_504517",-0.01598028,0.01639888,-0.03007771,-0.00964366,-0.00740784,-0.00098764,-0.00441053,-0.0003356,-0.01006164,-0.00325995,-0.02496917,-0.03038926,-0.02048536,-0.00712211,-0.01385997,-0.00600646,-0.01685576,-0.02712138,-0.02424723,-0.0271837,-0.01156639,-0.02013432,-0.02533397,-0.01399526,-0.00960264,-0.01917821,-0.0009314,-0.02939218,-0.00177193,-0.01816898,-0.01715976,-0.00681507,-0.02922655,-0.02233819,0.9827743,-0.02038048,0.03405898,-0.03564218,-0.00240726,-0.01399069,-0.01471115,0.00100347,-0.02650737,0.001654,-0.00649285,-0.01536016,-0.02862005,-0.01284921,-0.01182782,-0.01523248,-0.02049752,-0.03373161,-0.01313194,-0.00926519,-0.01487833,-0.01892896,0.01946462,-0.01363349,-0.01840766,-0.02489166,0.00323473,-0.01794404,0.00342929,-0.03673807,-0.01816445,-0.02975851,-0.01692421,-0.00865725,-0.02639642,-0.01301641,-0.01524616,0.01700536,0.00414365,-0.00105604,-0.01040518,-0.00302436,-0.01836657,-0.0103611,-0.01469593,-0.01640587,-0.02394926,0.00309795,-0.02654537,-0.00972272,0.01061553,-0.0074504,-0.00512794,-0.03798287,-0.02013126,-0.03017342,-0.01381284,-0.01333101,-0.02316652,-0.01747135,-0.01739231,-0.00239662,-0.01966612,0.33515478,-0.0257747,0.01069912
"Np2_504876",-0.00807511,-0.02114198,-0.01989262,-0.01602586,0.03013604,-0.00873779,-0.01626451,-0.00595783,-0.00565232,-0.01632988,-0.01326415,-0.02461199,-0.0098443,-0.0191281,-0.00078701,-0.01223667,-0.00408679,0.00236685,-0.01664603,-0.01031092,-0.00989295,-0.0026535,-0.00830918,0.00014167,-0.0029134,-0.01841673,-0.00852957,-0.02285495,-0.02532943,-0.00646397,-0.00697468,0.01218562,-0.0155456,-0.0192968,-0.02038048,0.98733779,0.00472579,-0.01116969,-0.00909347,-0.01262123,0.01447315,-0.01662626,0.00510882,-0.0196236,-0.02366661,0.00105667,-0.0087074,-0.00068822,-0.0119783,-0.02252666,-0.00924849,-0.01868274,-0.02255403,-0.00120803,-0.01578878,-0.01193574,-0.00865268,-0.00253645,0.0153365,-0.00847485,0.00126034,0.00622445,-0.01678435,0.02010908,-0.03184236,-0.00650197,-0.02087453,-0.0142795,-0.01484339,-0.03687789,-0.0094689,-0.00928802,-0.02594954,0.00380927,-0.01085964,0.01825628,-0.01593316,-0.01902324,0.00628068,-0.01382046,0.00462699,0.0024915,-0.00739266,-0.00880924,-0.01339791,-0.00076118,-0.02518955,-0.01715824,-0.03867299,-0.02470014,-0.01730717,-0.00177801,0.00586574,-0.00546234,-0.03790994,-0.004827,0.01878975,-0.02977975,-0.01741356,-0.01726613
"Np2_503823",-0.0188408,0.00320282,-0.02032276,-0.00596846,6.72e-05,-0.0052161,-0.03675777,-0.01839544,-0.01535405,0.00938287,-0.02159794,-0.00133114,0.00811677,0.00992854,-0.01124872,-0.02725816,-0.00102108,-0.00292707,-0.01023645,-0.0212286,-0.00591527,-0.02755465,-0.01436307,-0.01077603,-0.01291913,-0.01930284,-0.02051122,-0.02009321,-0.00615238,-0.0140378,-0.0098367,-0.01955514,-0.00776808,-0.01045532,0.03405898,0.00472579,0.97796454,-0.01737559,-0.00450781,-0.00408375,0.00173152,-0.01827234,-0.00748081,0.00016142,-0.02303278,-0.00955704,0.01852527,-0.01464577,0.00263892,0.00060221,-0.02806983,-0.03917601,0.00437469,-0.00559,-0.00861924,-0.00294227,-0.00589096,-0.02682955,-0.01944425,-0.00252125,-0.017713,-0.00195737,0.00056878,-0.00479205,0.00967774,-0.00358825,-0.02024071,-0.00331011,-0.02165725,0.0022103,-0.01096298,0.00335329,-0.01254826,-0.01470809,-0.01524161,-0.00694883,-0.00815564,-0.01246165,-0.00874082,-0.028082,-0.01343436,-0.00766626,-0.0148145,0.00246413,-0.01549996,-0.01228684,-0.03975505,-0.00132507,0.00269516,-0.00734704,-0.04205621,0.00964732,-0.02633102,-0.01653202,-0.01234916,-0.01832859,0.01729564,0.00079676,-0.02589932,-0.01040059
"Np2_502302",-0.01360921,-0.00326907,-0.0090114,-0.00058486,-0.01172447,-0.00348034,-0.01799878,-0.0192436,0.02058025,-0.04071121,-0.00998263,-0.00765104,-0.00534682,0.00254469,-0.01468075,0.01125999,0.00162665,-0.01471875,-0.00105301,-0.00064566,-0.01010727,0.00503588,-0.01460325,-0.02180775,-0.01346329,0.01161567,-0.03503881,-0.02322129,-0.0149042,-0.0040944,-0.00718899,-0.02192324,0.01129498,-0.0176872,-0.03564218,-0.01116969,-0.01737559,1.00332675,0.00239574,-0.00933969,0.010763,-0.00240119,-0.01638461,-0.01467013,0.00545385,-0.00067758,-0.01074564,-0.00303044,-0.00216104,-0.01909314,-0.00566297,-0.01676916,-0.00164122,0.00298547,-0.00581953,-0.02202966,0.00283652,-0.02509382,0.0253058,-0.00321739,-0.01825717,-0.02742847,-0.01639071,0.01396703,-0.03509659,-0.01279605,0.00019031,-0.01570978,-0.01900956,-0.01049334,-0.02321066,-0.00205465,-0.02221204,-0.01586023,-0.01350587,-0.00946891,-0.00748385,0.01070526,-0.02539629,-0.00050734,-0.02021026,-0.0006107,-0.02356632,-0.01282341,-0.01026837,-0.01495891,-0.02555589,-0.00840494,-0.0121364,-0.0053073,-0.0033861,-0.01019997,-0.02368334,0.0101307,-0.01790912,-0.01416095,-0.02945454,-0.02771419,-0.00501243,-0.01702448
"Np2_503552",0.00245045,-0.02080002,-0.01331891,-0.01142808,-0.00888827,-0.00945977,-0.00513099,0.00699963,-0.00257446,-0.01765984,-0.02462571,-0.0154544,-0.00418256,-0.00419472,-0.0059168,-0.01250268,-0.02912776,-0.01583439,0.006647,-0.02000052,-0.0141108,-0.0129511,-0.00857518,0.00245957,-0.00424335,-0.00089949,-0.02247501,-0.02251299,-0.01921171,-0.01356968,-0.02092012,-0.02927061,0.01185128,-0.01378705,-0.00240726,-0.00909347,-0.00450781,0.00239574,1.00656771,-0.02139887,-0.00980785,-0.00306084,0.01472244,-0.03296109,-0.03518017,-0.00832895,-0.02082891,0.00831741,-0.01270029,-0.00318548,0.00325298,-0.00770121,-0.02555595,-0.00831373,0.0087202,-0.01478564,0.0064327,-0.01313801,-0.00438472,-0.02378823,-0.01967679,0.0029186,-0.01325052,-0.027123,-0.00322955,-0.02379128,-0.0118689,0.03561251,-0.0199732,-0.02802429,-0.00471909,-0.00788209,0.00023134,-0.02031973,-0.02966892,-0.02183209,-0.01361528,-0.00834568,-0.03517557,-0.00922267,-0.00202272,0.0025295,0.02152416,-0.00238751,-0.01898368,0.00034078,-0.00858429,-0.00252886,0.00377128,0.00604054,-0.021829,-0.0090357,-0.01537536,-0.01758385,-0.0226726,-0.01314867,-0.01111499,0.00719266,-0.02649519,-0.01266835
"Np2_500202",0.01108217,-0.01292825,-0.01183088,0.00115546,-0.0198637,-0.02332309,-0.02127422,-0.01355142,-0.02479741,-0.00051646,-0.02055377,-0.02126206,-0.00603839,0.00595695,0.02110613,-0.02606199,-0.01578421,-0.0062907,-0.00159258,-0.00118523,-0.02067842,-0.01845479,-0.02563037,0.00531553,-0.00229935,-0.00077941,-0.00502763,-0.02391283,-0.01027598,-0.01360159,-0.00514467,-0.00543953,-0.01325962,-0.01625085,-0.01399069,-0.01262123,-0.00408375,-0.00933969,-0.02139887,0.98826204,-0.00497596,-0.01677217,-0.0068926,0.00226958,-0.01438892,-0.02538415,-0.00520546,-0.02606506,-0.02413171,-0.01385694,2.919e-05,-0.01366087,-0.01859611,-0.0183772,-0.00255926,-0.00144211,-0.00743066,-0.01423387,-0.01232031,-0.01074867,-0.01013309,-0.00942481,-0.01343442,-0.0073957,-0.01192511,-0.01242365,0.00253861,-0.01320947,0.00127403,-0.03383193,-0.01083075,-0.01125785,-0.00709627,-0.01168799,-0.0073577,-0.02110401,0.0006402,-0.02205704,-0.00845659,0.0056408,-0.00372656,-0.01194185,0.01480449,-0.00728323,-0.01643169,-0.00850677,-0.01393596,-0.00347274,0.00556328,-0.03153377,0.00473795,-0.00465981,0.00465587,-0.01092803,0.0251735,-0.01926032,-0.0249783,-0.0132064,-0.0101118,-0.00844443
"Np2_503511",-0.02110098,-0.02003245,-0.00586362,-0.00306084,0.00343081,-0.01264404,-0.00709931,0.00107947,-0.01624628,0.00453885,0.00380472,-0.00602319,-0.00995071,0.01359617,0.00670628,-0.00611135,-0.00434518,-0.01369888,0.00194279,-0.01756103,0.01735953,-0.02191115,-0.0202711,-0.02747561,0.00731578,-0.01715521,-0.01912355,-0.00897796,-0.02452389,-0.01660196,0.00507842,-0.01041581,-0.03206737,-0.01788328,-0.01471115,0.01447315,0.00173152,0.010763,-0.00980785,-0.00497596,1.00521477,-0.02387638,-0.03451596,0.00413303,-0.02559696,-0.0096893,-0.00683788,-0.0083943,-0.01953241,-0.0075857,-0.02333832,-0.00647766,-0.00259726,-0.0066342,-0.00282373,-0.01751393,-0.01377489,-0.01449836,-0.00756899,-0.01694091,-0.02027717,-0.01394511,-0.00123539,-0.01267597,-0.02678101,-0.01420807,-0.00395762,-0.01408192,-0.00780609,-0.01403327,-0.01595904,-0.01927402,-0.01222454,-0.00556874,-0.02829337,-0.00267326,-0.00904786,-0.02384148,-0.01616876,-0.01757472,0.02899155,-0.02375788,-0.01099492,-0.00967562,-0.00377673,-0.00238751,-0.00538482,-0.0358079,0.00180296,-0.00975919,-0.0101179,-0.02027562,-0.00776809,-0.01088853,-0.01187344,-0.00782129,-0.01262732,-0.00556722,-0.01827994,0.00633845
"Np2_504450",-0.01025014,-0.02073313,-0.01537993,-0.02595256,-0.0225008,-0.02018443,-0.0172236,-0.01907639,-0.00387552,-0.01303314,-0.00920746,0.00680355,-0.02053099,-0.00139195,-0.01542552,-0.00438014,-0.00398192,-0.01287962,-0.01410927,0.00164944,-0.00066846,-0.0209399,-0.01276411,-0.01814469,-0.01040821,-0.01360007,-0.01830429,-0.01955822,-0.01032918,-0.01395877,-0.00671781,-0.01370038,-0.01057694,0.00968687,0.00100347,-0.01662626,-0.01827234,-0.00240119,-0.00306084,-0.01677217,-0.02387638,0.99514833,-0.002082,-0.00659926,-0.02492969,-0.01175792,-0.00708259,-0.02216643,0.00059005,-0.00904634,-0.01719928,-0.01523401,-0.01317754,-0.02283822,-0.01948376,0.01233612,-0.0090038,-0.01899887,-0.00766171,-0.00654605,-0.01049029,-0.00871804,-0.00543194,-0.0147446,-0.01942601,-0.01308483,0.00111747,-0.00505501,0.01976407,0.00897706,0.01799485,-0.01115906,-0.0111013,-0.00870132,-0.01425063,-0.03286075,-0.01020453,-0.00493493,0.00212974,-0.01462756,-0.01061946,-0.03312221,-0.0165594,-0.017672,-0.00614934,-0.00673604,-0.00137371,-0.02282914,0.00079828,-0.01547566,0.00909256,0.01823801,-0.01819635,-0.01645301,0.0134168,-0.01004191,0.01585477,-0.01234763,-0.0284042,-0.00515379
"Np2_503861",-0.00994616,-0.02073314,-0.01142811,-0.01151319,-0.02219682,-0.00802495,-0.02375934,-0.01466859,-0.00569945,-0.01531306,-0.0154392,0.00634757,-0.00791552,-0.00853566,-0.0017461,-0.01638762,-0.01462148,-0.00603991,-0.00042982,-0.03118117,-0.04702657,-0.01318822,-0.00318852,-0.01388888,-0.01891987,-0.01208014,-0.0059928,-0.02427004,-0.01397703,2.463e-05,-0.01234158,-0.02388395,-0.01012096,0.01394271,-0.02650737,0.00510882,-0.00748081,-0.01638461,0.01472244,-0.0068926,-0.03451596,-0.002082,1.00229304,-0.03608607,-0.01945792,-0.00461422,-0.03033762,-0.00848702,-0.00913755,-0.00555049,-0.00503979,-0.01781792,-0.0045139,-0.00155914,-0.01127611,-0.01958256,-0.00444398,0.00106426,-0.01632537,-0.01900955,-0.00881836,0.01499297,0.00748753,-0.01322467,-0.0075705,-0.02418038,-0.0098261,-0.01326267,-0.00181905,-0.00576633,0.02301066,-0.00842318,-0.0159651,0.01546567,-0.02413025,-0.00048607,-0.0039728,-0.00539092,-0.0227972,-0.00489996,-0.0144193,-0.01032312,-0.01731938,-0.0079444,-0.00554137,-0.00445615,0.01139375,-0.00291796,0.02344537,-0.02930709,0.00711665,0.01975795,-0.01895633,-0.01812495,-0.02093379,-0.01733762,-0.00132051,-0.02891494,-0.01776468,-0.01442539
"Np2_501674",-0.00123996,-0.01841069,-0.01989721,-0.00843077,-0.02048234,-0.00023071,-0.00730147,0.01182087,-0.02723999,-0.00827879,0.00101867,-0.01838484,-0.00300916,-0.02202058,0.0121279,-0.01148129,-0.01427494,-0.01420502,0.00949233,-0.02247498,-0.01400136,-0.01147372,-0.01743338,-0.00928651,0.00452973,-0.01051765,0.01426494,-0.01845173,-0.01986224,-0.02090794,-0.01305899,-0.01745767,0.00010519,-0.02492517,0.001654,-0.0196236,0.00016142,-0.01467013,-0.03296109,0.00226958,0.00413303,-0.00659926,-0.03608607,1.00785072,-0.00710388,-0.021139,-0.02862314,0.00797086,-0.00210328,0.01698714,-0.02110857,0.01186343,-0.0155669,-0.01732392,-0.0148814,-0.01376424,-0.00120956,0.01068242,-0.02236258,0.00413606,-0.00376002,-0.03223453,0.03868886,-0.00254254,0.00037574,-0.02322587,-0.01175947,-0.00151658,-0.01986377,-0.00785168,-0.00339371,-0.00746867,-0.02093835,-0.0176264,0.00023134,-0.00971514,-0.00058638,-0.01188411,-0.02245066,-0.01200112,-0.03337594,-0.0326237,-0.00025352,0.0009138,0.00164488,-0.01490116,-0.00893083,-0.01473093,-0.01694246,-0.02956854,-0.01351191,-0.02959738,-0.00310644,-0.01048271,0.00388376,-0.019119,-0.02316505,-0.00181753,-0.02212994,0.00020855
"Np2_504218",-0.01273068,0.01356878,0.02971359,-0.0098899,0.00313746,-0.02023308,-0.0183362,-0.00696555,-0.0147157,-0.03010507,-0.02004764,0.00204311,-0.00294837,-0.02803952,0.00869283,-0.0085326,-0.0315414,0.00895881,-0.01248598,-0.00326299,-0.01622046,-0.0042692,-0.00764497,-0.00041007,-0.02246435,-0.00164122,-0.00391352,-0.02325471,-0.00961785,-0.0073197,0.01177679,-0.02256464,-0.00834566,-0.00662509,-0.00649285,-0.02366661,-0.02303278,0.00545385,-0.03518017,-0.01438892,-0.02559696,-0.02492969,-0.01945792,-0.00710388,0.99687522,-0.0131745,-0.03373011,-0.00351986,0.00358129,-0.01000695,-0.00949625,-0.0043391,-0.0030426,-0.01133536,-0.02470018,-0.01203151,-0.01224431,-0.02284735,-0.01242215,-0.0135864,-0.01661867,-0.01393447,-0.01976801,0.00192608,-0.01719474,-0.01799726,-0.01945036,-0.00555963,-0.00277965,0.00573656,-0.02841188,0.01508721,-0.00279029,-0.00495011,-0.01961906,0.00463309,0.00722609,0.02480725,-0.00688651,0.00219511,-0.00671627,-0.00778786,0.00071924,-0.01316083,-0.0081739,-0.01727224,-0.02270143,-0.01178224,-0.00213824,-0.01005254,-0.01177918,-0.02482477,-0.00790943,-0.02197342,-0.00791096,-0.01936217,-0.00668893,-0.01057236,-0.02054919,-0.00429046
"Np2_501790",-0.02220598,-0.0030502,-0.01244039,0.01468137,-0.01743335,-0.01344505,-0.00820431,-0.02404053,-0.00838366,0.00753769,-0.01037174,-0.0264314,0.00216774,-0.01182786,-0.0238855,0.02120646,0.00260549,0.00145945,-0.00812984,-0.00787448,-0.00183273,0.00814264,0.00841469,0.00227414,-0.00062894,0.01806628,-0.01962058,-0.01403479,-0.02608487,-0.00463549,-0.00651414,-0.01228077,-0.02177282,-0.0211162,-0.01536016,0.00105667,-0.00955704,-0.00067758,-0.00832895,-0.02538415,-0.0096893,-0.01175792,-0.00461422,-0.021139,-0.0131745,1.00771694,-0.02116633,-0.01557904,-0.01030183,0.00514074,-0.02140344,-0.01183848,0.01012919,-0.01549088,-0.00879253,-0.01147522,-0.01427191,-0.0263949,-0.02524135,-0.00725434,-0.01879827,-0.00349858,-0.0146519,-0.01940476,0.00494468,-0.01850494,-0.01676616,-0.01533892,-0.00298333,-0.01589824,-0.00657646,-0.02919467,-0.01940929,-0.01685731,-0.01480695,0.00275748,-0.03234393,0.01335604,-0.01286594,-0.0215676,-0.00631197,-0.00175978,-0.01042798,-0.00257295,-0.00381776,-0.02157976,-0.01712937,-0.00909804,-0.0152614,0.00965495,0.00291251,-0.01651682,-0.01145697,-0.04011239,-0.00355483,-0.01804592,-0.00598064,-0.01776774,-0.00220967,-0.01194182
"Np2_503404",-0.01023494,0.00740088,-0.02782822,-0.01316991,-0.0202057,-0.00086605,-0.02587203,-0.01115753,-0.0321311,-0.01013006,-0.01390406,-0.02160404,-0.00942025,-0.01019239,-0.01389038,-0.02108421,0.02521605,-0.00784863,-0.01333409,0.0002967,-0.01250877,-0.00557331,-0.02050058,-0.01676154,-0.01024101,-0.01723271,-0.03227251,-0.01194334,0.02738046,-0.02184724,-0.00852653,-0.00821341,-0.00797784,-0.01051309,-0.02862005,-0.0087074,0.01852527,-0.01074564,-0.02082891,-0.00520546,-0.00683788,-0.00708259,-0.03033762,-0.02862314,-0.03373011,-0.02116633,0.99168238,-0.01880738,-0.02143383,-0.02179861,-0.00867244,-0.02221051,-0.02061004,0.0068157,-0.00198928,-0.00983975,-0.02160407,-0.011384,-0.01691813,-0.00516291,-0.01229901,-0.01645451,-0.00450478,-0.02415302,-0.01029119,0.07174285,-0.00388313,-0.01355145,-0.00985951,-0.00043134,-7.72e-05,-0.02679921,-0.00941417,-0.00747017,-0.000252,-0.03406149,-0.02067688,0.00298396,-0.00059094,-0.00777264,0.0378816,-0.01380378,-0.01988805,0.00331834,0.00420142,-0.0076328,-0.02187762,-0.00731058,-0.01772977,-0.01561246,-0.02509075,-0.01716125,-0.01088547,-0.00306236,-0.02061459,0.00730057,0.04687664,-0.0200841,0.00018575,-0.00513858
"Np2_504813",-0.01194335,-0.00023528,-0.01859308,-0.01639826,-0.01461842,-0.01670986,0.00813805,0.01312496,0.00035901,-0.00074294,-0.01682841,-0.01297689,0.00103083,-0.02071645,0.01206404,0.03314096,-0.02087448,-0.00530122,-0.0078988,-0.00931537,-0.00144971,-0.02354508,-0.02068906,-0.00813438,-0.02030908,0.00112203,-0.01072588,-0.00802799,-0.021294,-0.01413205,-0.02497832,-0.02952897,-0.02123778,-0.00918163,-0.01284921,-0.00068822,-0.01464577,-0.00303044,0.00831741,-0.02606506,-0.0083943,-0.02216643,-0.00848702,0.00797086,-0.00351986,-0.01557904,-0.01880738,0.99236949,-0.00475101,-0.00678772,0.01272218,-0.02118304,-0.01821462,-0.0018844,-0.020417,-0.00835629,-0.00568121,-0.02114806,-0.01558666,-0.01386302,-0.00321587,-0.00387553,0.0036664,0.00575328,-0.02111922,-0.02313769,0.01507964,-0.01647582,-0.01719169,-0.02949861,-0.01470508,-0.00418863,-0.01279451,-0.0061387,-0.00895212,-0.02285043,-0.0080979,-0.00222031,-0.00625117,-0.02392045,-0.00577695,-0.00472062,-0.01156488,0.00601775,-0.02380185,-0.03031633,0.00635668,-0.0112989,-0.00028695,-0.01154511,-0.02543122,-0.00458229,-0.01624171,0.0031329,-0.00940354,-0.00580736,-0.02140493,-0.01388885,-0.0209778,-0.01611859
"Np2_500518",-0.01639373,0.02115326,-0.02015558,0.01380587,-0.02408457,-0.00611287,-0.00968776,-0.02673991,-0.00150746,-0.00352138,-0.01823892,-0.03429856,-0.01253916,-0.01695916,0.00335785,-0.00900378,-0.02152503,-0.00139195,-0.01326114,0.00432149,-0.01304378,-0.01006017,-0.01176399,-0.01288875,-0.00469629,-0.00211239,-0.02399189,-0.0258538,-0.00659317,-0.01235068,-0.01392535,-0.00631653,-0.01960841,-0.00466438,-0.01182782,-0.0119783,0.00263892,-0.00216104,-0.01270029,-0.02413171,-0.01953241,0.00059005,-0.00913755,-0.00210328,0.00358129,-0.01030183,-0.02143383,-0.00475101,0.99502064,-0.01670987,-0.0058636,-0.03125719,-0.00503372,-0.01454242,-0.01605174,-0.03165389,5.199e-05,-0.00203943,-0.01350131,-0.03184083,-0.01617788,-0.01622957,-0.00975161,-0.01070461,0.00513314,-0.00813287,0.00728538,-0.01879828,-0.01723426,-0.02862921,-0.00942786,-0.0039272,-0.00538938,-0.02122864,-0.01416247,-0.00358978,0.00888281,0.0159764,0.00328186,-0.00055599,0.00953182,0.06074622,0.00313594,-0.02320761,-0.01472481,-0.02868696,-0.01344503,0.00796174,-0.01370497,0.00209175,-0.02668973,-0.01222451,-0.01248444,-0.0248765,-0.01294195,-0.01542553,-0.02418338,-0.01697128,-0.02132436,-0.00780151
"Np2_501949",-0.02131832,0.00802102,-0.01185672,-0.00358217,-0.02323341,-0.00526171,-0.01157247,-0.00035383,-0.01327176,-0.01756559,-0.01100402,-0.0095844,-0.00545626,-0.00121259,0.00816085,-0.01104049,0.00258117,-0.00616455,-0.02076963,-0.01565046,-0.01128066,-0.02592835,0.01553407,-0.01781335,-0.01585262,-0.00080525,-0.02314073,-0.01086722,-0.01790151,-0.00298788,-0.01413814,-0.0072893,-0.01480541,-0.0063971,-0.01523248,-0.02252666,0.00060221,-0.01909314,-0.00318548,-0.01385694,-0.0075857,-0.00904634,-0.00555049,0.01698714,-0.01000695,0.00514074,-0.02179861,-0.00678772,-0.01670987,0.99520306,-0.01306809,-0.01976646,-0.01345417,-0.0124753,-0.02097634,-0.01332345,-0.00548058,-0.01441171,-0.00641839,-0.01563831,-0.02231843,-0.00686676,-0.01650014,-0.00468566,-0.00982304,-0.01670532,-0.0234782,-0.01125939,-0.0089354,-0.01364264,-0.00796872,-0.0187314,0.02707646,-0.00669804,-0.00434367,-0.03268139,0.01763765,-0.0169151,-0.02231385,-0.00548058,-0.01347997,0.00262373,-0.017444,-0.01612471,-0.00293012,-0.01263644,-0.02080151,-0.00273861,-0.00130227,-0.0038968,-0.00015168,-0.0055976,-0.00099372,-0.03040907,-0.01026686,-0.0209581,-0.01497257,-0.02219985,-0.02685691,0.03211197
"Np2_500818",0.00335937,-0.00818758,-0.01119403,0.00270428,-0.0020516,-0.00520698,0.0293685,-0.02279414,0.02903714,-0.02283065,-0.01961293,-0.00481788,-0.02288079,-0.02426093,0.00563168,-0.02299324,-0.00709171,-0.01614139,0.01013981,-0.01681168,-0.0215615,-0.03408129,0.00631717,-0.0016473,-0.01442996,-0.00804622,-0.01442236,-0.02813978,-0.02727039,-0.00019728,0.00977958,-0.01924205,-0.0264542,0.01174487,-0.02049752,-0.00924849,-0.02806983,-0.00566297,0.00325298,2.919e-05,-0.02333832,-0.01719928,-0.00503979,-0.02110857,-0.00949625,-0.02140344,-0.00867244,0.01272218,-0.0058636,-0.01306809,0.98907989,0.0006554,-0.00671173,0.01357028,-0.03064921,-0.00019728,-0.00983368,-0.00432542,-0.01411536,-0.00615999,0.00175128,-0.02581124,-0.02723698,-0.01131866,-0.0056645,0.00052469,-0.0077681,-0.00710084,0.00647068,-0.0020364,-0.00943393,-0.01898065,-0.00797935,-0.0236666,-0.00489693,0.00217991,-0.0067786,-0.01275653,-0.00994765,-0.00952968,-0.01312127,-0.02392049,-0.0096376,-0.00239055,-0.01549086,0.00626549,-0.01573101,-0.02183509,0.00680812,-0.00399407,-0.02137603,-0.02894986,-0.00261093,-0.0192588,-0.01492394,-0.01512762,-0.01582981,-0.02305709,-0.01449073,-0.02163899
"Np2_503756",-0.03860153,-0.01473395,0.00566664,-0.01569757,-0.01726159,-0.0176811,0.00427893,-0.01140529,0.0059235,-0.01736952,-0.02266345,0.02359429,-0.00480421,-0.02259965,-0.02295377,-0.01996403,-0.02701352,0.00132722,-0.00780609,-0.03323763,1.095e-05,-0.01478871,-0.00919683,-0.02126513,0.20868615,-0.0259921,0.00639014,-0.03939796,-0.02059332,-0.01525528,-0.0204778,0.00339433,-0.01324139,0.0004867,-0.03373161,-0.01868274,-0.03917601,-0.01676916,-0.00770121,-0.01366087,-0.00647766,-0.01523401,-0.01781792,0.01186343,-0.0043391,-0.01183848,-0.02221051,-0.02118304,-0.03125719,-0.01976646,0.0006554,0.99878757,-0.00991424,-0.02915052,-0.01576447,0.0092157,0.00444309,-0.00843988,-0.02522156,-0.00769057,-0.01619462,-0.01639829,-0.01341619,0.0204374,-0.01129891,-0.01058149,-0.01416249,-0.04222208,7.631e-05,0.05525458,-0.01172449,0.0027438,-0.0198455,-0.01744552,-0.01478718,-0.01682996,-0.012413,-0.00455951,-0.00175066,-0.03112343,-0.03775484,-0.01572347,0.00175128,-0.01714459,-0.01519752,-0.00271277,-0.0195415,-0.0227577,-0.01980145,-0.01586021,0.00566815,-0.01573709,-0.01310914,-0.01911746,-0.00718291,-0.04067321,0.06000436,-0.00102868,-0.02346899,-0.02499349
"Np2_504585",-0.01541794,-0.01100555,-0.01826784,0.00019031,-0.01596509,0.00413454,-0.00901595,-0.0122367,-0.0356422,0.01614966,0.02119128,-0.03134688,-0.00821951,-0.02175915,-0.01603351,-0.00438014,-0.0044379,-0.02747103,-0.01821312,0.00058549,-0.00842015,-0.0294516,0.00760305,0.01286203,-0.03396727,-0.02743151,-0.00492884,-0.00785472,-0.00728931,0.02859946,-0.00261398,-0.01674026,-0.00084934,-0.01995192,-0.01313194,-0.02255403,0.00437469,-0.00164122,-0.02555595,-0.01859611,-0.00259726,-0.01317754,-0.0045139,-0.0155669,-0.0030426,0.01012919,-0.02061004,-0.01821462,-0.00503372,-0.01345417,-0.00671173,-0.00991424,1.00898171,-0.01128673,-0.02662748,-0.02915818,-0.01325963,-0.01975886,-0.02270912,-0.0054821,-0.01003431,-0.01920563,0.00125578,-0.00395305,-0.01152235,-0.00867702,-0.02943335,-0.00140715,0.00030886,0.00517722,-0.00632415,-0.00857518,-5.76e-06,-0.01979687,-0.01501062,0.01638526,-0.00503675,-0.00721485,-0.0208213,-0.01234766,-0.01259539,-0.01944277,0.00593567,-0.00733643,-0.02180468,-0.00582409,-0.0206769,-0.00367794,-0.00558547,-0.00909195,-0.00413087,-0.02644808,-0.01622046,0.00437013,-0.00923027,0.00758936,-0.02746343,-0.02085929,-0.01229292,-0.00819366
"Np2_501982",-0.01960685,-0.00546689,-0.01485706,-0.01555011,-0.0019148,-0.02574129,-0.00150138,-0.01216979,-0.0138402,-0.01114232,-0.02054007,-0.01988042,-0.02745578,-0.01394054,-0.03374982,-0.01966457,-0.00817086,-0.0134207,-0.0274178,-0.01059514,-0.01169711,-0.01129739,-0.017865,-0.03175721,-0.01991691,-0.0152051,-0.01018174,-0.00672387,-0.0262216,-0.02057959,-0.01075474,0.01357331,-0.01263795,-0.0106134,-0.00926519,-0.00120803,-0.00559,0.00298547,-0.00831373,-0.0183772,-0.0066342,-0.02283822,-0.00155914,-0.01732392,-0.01133536,-0.01549088,0.0068157,-0.0018844,-0.01454242,-0.0124753,0.01357028,-0.02915052,-0.01128673,0.97734432,-0.00056966,-0.01282793,-0.01045684,-0.00069277,-0.01109067,-0.00891106,-0.01863104,-0.00849916,0.00177864,-0.00175826,-0.0078076,-0.02000964,-0.02191872,-0.02185942,-0.02120734,-0.0183149,0.01091801,-0.00592439,-0.01711415,-0.00893842,-0.01539969,-0.00467501,-0.00694578,-0.02660315,-0.01847447,-0.02185635,0.00905455,0.00387919,-0.01603652,-0.01669315,0.01018082,-0.02141253,-0.01909004,-0.02701804,-0.01053437,0.00039854,-0.02959884,-0.02212534,-0.00931384,-0.01897,-0.0248187,0.00461636,0.00193823,-0.02124835,0.22351537,-0.00979869
"Np2_504543",-0.00257294,-0.0186797,-0.0110466,-0.01994731,-8.024e-05,0.00238814,-0.00589856,-0.01884689,-0.01413357,-0.01584351,-0.01688161,-0.01576598,-0.02501328,-0.02274558,0.00015534,0.00284107,-0.00968017,-0.00489844,-0.0152477,-0.01909615,0.01628037,-0.02223034,-0.00235103,0.00822774,0.03040362,-0.01367454,-0.01199504,-0.01644084,-0.00386793,0.0204693,-0.02670347,0.00020855,-0.02934667,-0.01744249,-0.01487833,-0.01578878,-0.00861924,-0.00581953,0.0087202,-0.00255926,-0.00282373,-0.01948376,-0.01127611,-0.0148814,-0.02470018,-0.00879253,-0.00198928,-0.020417,-0.01605174,-0.02097634,-0.03064921,-0.01576447,-0.02662748,-0.00056966,1.0004719,-0.00749754,-0.02230174,0.01482121,-0.01396793,-0.01726009,-0.02925999,-0.01760816,-0.00398649,-0.03245038,-0.0243643,0.00158409,-0.0170443,-0.01744099,-0.02879643,-0.02453603,-0.01977408,-0.00408984,-0.01907945,-0.004064,0.00148226,-0.00527236,-0.0175747,-0.00455343,-0.02864743,-0.01211815,-0.01130192,-0.00446983,-0.01967376,-0.00984281,-0.01306353,-0.01593015,-0.0035761,-0.00071253,-0.01143571,-0.01251028,0.04184868,-0.00737137,-0.00793527,-0.0115117,0.00087884,0.02241028,-0.01720233,0.01341679,-0.00385576,-0.00735617
"Np2_500801",0.00021615,0.00234861,-0.00172177,-0.01791819,-0.00504283,0.00183336,-0.02210867,0.00567727,-0.01104049,-0.01518233,0.02177796,-0.01206493,-0.01371255,0.00193064,-0.01453484,-0.00227351,-0.01053892,-0.00058942,0.0019808,-0.01281122,-0.00980936,-0.02187315,-0.01035349,-0.01436613,0.01586542,-0.01073347,-0.01878155,-0.01349976,-1.488e-05,-0.00410047,-0.01935457,-0.00566601,-0.015766,-0.01115754,-0.01892896,-0.01193574,-0.00294227,-0.02202966,-0.01478564,-0.00144211,-0.01751393,0.01233612,-0.01958256,-0.01376424,-0.01203151,-0.01147522,-0.00983975,-0.00835629,-0.03165389,-0.01332345,-0.00019728,0.0092157,-0.02915818,-0.01282793,-0.00749754,0.99677793,-5.745e-05,-0.00594871,0.00903636,-0.02359062,0.00499179,-0.01284315,-0.00438927,0.00696923,-0.01154361,-0.00900228,-0.03766228,-0.01662782,-0.01795167,0.00150809,-0.01364112,-0.01634813,-0.00656278,-0.01556231,0.01460692,-0.02391439,-0.01828147,-0.02152356,-0.01704272,-0.00993703,-0.02584008,-0.03405546,-0.00259726,-0.01282948,-0.0160502,-0.00812527,-0.0105146,-0.00506716,0.00396887,-0.02340061,-0.02087142,0.00073748,-0.00545017,-0.02422597,-0.01213942,-0.00839126,-0.00362169,-0.02620032,-0.00213063,-0.01946245
"Np2_504857",-0.02720354,-0.00257598,-0.01515804,-0.02056289,-0.01042341,-0.01221086,-0.00666614,-0.01383871,-0.01429317,-0.02664268,-0.01704122,-0.00072621,-0.01453333,-0.00846576,-0.00790792,-0.00811006,-0.00725586,-0.01113778,-0.00689565,-0.02123168,-0.00105453,0.00299308,-0.02834958,-0.01397096,-0.01079429,-0.02720959,0.0094285,-0.00489693,-0.03731418,-0.02179254,-0.00102412,-0.00983063,0.01244406,-0.00331467,0.01946462,-0.00865268,-0.00589096,0.00283652,0.0064327,-0.00743066,-0.01377489,-0.0090038,-0.00444398,-0.00120956,-0.01224431,-0.01427191,-0.02160407,-0.00568121,5.199e-05,-0.00548058,-0.00983368,0.00444309,-0.01325963,-0.01045684,-0.02230174,-5.745e-05,1.00820947,0.01466162,-0.01731941,-0.01027599,-0.00114876,-0.02126362,-0.01250575,-0.00388313,-0.02376394,-0.00982305,-0.0301234,-0.0378158,7.48e-05,-0.00797632,-2.248e-05,-0.01108916,-0.0133113,-0.0160791,0.00117067,-0.02321523,-0.01287051,-0.02918408,-0.00266414,0.00702547,-0.01237347,0.0050982,-0.02028934,-0.01137035,0.01185581,-0.02323346,-0.0034317,0.02314289,-0.02481878,-0.00826206,-0.01120465,-0.01178679,-0.02800604,-0.02337482,-0.01858397,-0.01285988,-0.01371408,0.01675305,-0.01328696,-0.03305069
"Np2_503001",-0.02534309,-0.00329946,0.01223732,-0.00760695,-0.02102644,-0.00609462,0.00203399,-0.01577811,-0.00513706,-0.02432625,0.00533832,-0.0385361,-0.00872107,-0.00827727,0.01082377,-0.02676874,-0.0228747,-0.02158882,-0.01491482,0.00433972,-0.02731292,-0.008066,-0.01828146,-0.00815869,-0.00528602,-0.01987738,-0.01622196,-0.01154815,-0.01159072,-0.01598027,-0.01770694,-0.00508234,-0.0039348,-0.01832555,-0.01363349,-0.00253645,-0.02682955,-0.02509382,-0.01313801,-0.01423387,-0.01449836,-0.01899887,0.00106426,0.01068242,-0.02284735,-0.0263949,-0.011384,-0.02114806,-0.00203943,-0.01441171,-0.00432542,-0.00843988,-0.01975886,-0.00069277,0.01482121,-0.00594871,0.01466162,0.98046367,-0.01545897,0.00374391,0.00101563,-0.01058756,-0.02523672,-0.01965398,-0.01111194,0.02927579,-0.02233519,-0.03565133,-0.01204822,-0.0108277,0.00092595,-0.00786079,-0.00719506,0.00356456,-0.01718409,-0.0236347,-0.00447437,-0.01896395,0.00785989,0.00447804,-0.01142501,-0.02404815,-0.01478105,0.00295355,-0.0136426,-0.01514127,-0.00719505,-0.01162719,-0.00167922,0.00074204,0.00023134,-0.01661407,0.006229,-0.0184745,-0.01079579,0.00191999,-0.00197408,-0.00524953,-0.01629031,0.00984796
"Np2_500157",-0.00762218,-0.00092988,-0.01123205,-0.01025318,-0.0215448,-0.02926003,-0.00198017,-0.01523251,-0.02085476,0.01588976,-0.00703548,-0.01807936,0.00261613,-0.00894758,-0.01659743,-0.00175218,0.00077397,-0.01724339,-0.00281765,-0.01076996,0.00667133,0.00524716,-0.0216877,-0.00396521,-0.0266275,-0.01294804,-0.00868463,-0.0040108,-0.03065232,-0.00160322,-0.00424183,-0.01776016,0.00649047,0.00121931,-0.01840766,0.0153365,-0.01944425,0.0253058,-0.00438472,-0.01232031,-0.00756899,-0.00766171,-0.01632537,-0.02236258,-0.01242215,-0.02524135,-0.01691813,-0.01558666,-0.01350131,-0.00641839,-0.01411536,-0.02522156,-0.02270912,-0.01109067,-0.01396793,0.00903636,-0.01731941,-0.01545897,1.02366333,-0.02656519,-0.01455006,0.01442911,-0.02408316,-0.01682847,-0.00387858,-0.00954491,0.00420144,-0.02568214,-0.02244617,-0.02593746,-0.01281582,-0.00305933,-0.00269758,0.00198232,-0.00645487,-0.01883327,-0.01031247,-0.01355453,-0.00496989,-0.01169562,-0.0009998,-0.01787877,-0.00541979,-0.00683638,-0.0275364,-0.02219536,-0.01455309,0.00700572,-0.02302073,-0.006008,0.0105046,-0.00117308,-0.00705676,-0.01093717,-0.01830585,-0.01151779,-0.01343594,-0.01306355,-0.0181766,-0.01149346
"Np2_502484",-0.00605055,0.00702546,-0.01163633,-0.01840913,-0.01830122,-0.0147689,-0.01651987,-0.02582034,-0.00165186,-0.02646482,-0.0162554,-0.02334742,-0.00158802,-0.00752794,-0.03037713,0.00042741,-0.00692603,-0.0048802,-0.02647699,-0.02348572,-0.00422055,-0.01278847,-0.0021808,-0.0140971,-0.01502426,-0.01244035,0.02769357,-0.00973488,0.00283804,-0.01371103,-0.01315778,0.01421018,-0.01048118,-0.01955216,-0.02489166,-0.00847485,-0.00252125,-0.00321739,-0.02378823,-0.01074867,-0.01694091,-0.00654605,-0.01900955,0.00413606,-0.0135864,-0.00725434,-0.00516291,-0.01386302,-0.03184083,-0.01563831,-0.00615999,-0.00769057,-0.0054821,-0.00891106,-0.01726009,-0.02359062,-0.01027599,0.00374391,-0.02656519,0.99518785,-0.01799421,-0.01348609,-0.00868006,-0.00963305,-0.00625879,-0.00478141,-0.02736165,-0.01894268,-0.00947498,-0.02755766,-0.01504403,-0.02018293,0.01285745,-0.01149345,-0.0159788,-0.01361377,-0.00022919,-0.01593473,0.00663331,-0.00617215,-0.02085925,-0.01311525,-0.02527928,-0.01894419,-0.02490077,-0.01317601,-0.02331701,-0.00723002,-0.0006259,-0.01659586,0.00250061,-0.00112139,0.0103222,0.01236956,0.10638071,-0.01359401,-0.00867244,-0.03201103,0.00057029,-0.01326567
"Np2_502082",-0.01029878,-0.00679836,-0.01922842,-0.0165776,-0.01054195,-1.792e-05,-0.01712024,-0.01137336,-0.02064344,-0.00776201,-0.00028847,-0.00434062,-0.0234675,-0.01937586,0.00382903,0.00332289,-0.01512609,0.00014319,0.01426492,-0.01967828,0.01235436,0.00120259,-0.01296474,-0.02564102,-0.00148922,0.00185463,-0.01804894,-0.02523063,-0.01068181,-0.01339944,-0.0053985,-0.00082957,-0.01609735,-0.00996895,0.00323473,0.00126034,-0.017713,-0.01825717,-0.01967679,-0.01013309,-0.02027717,-0.01049029,-0.00881836,-0.00376002,-0.01661867,-0.01879827,-0.01229901,-0.00321587,-0.01617788,-0.02231843,0.00175128,-0.01619462,-0.01003431,-0.01863104,-0.02925999,0.00499179,-0.00114876,0.00101563,-0.01455006,-0.01799421,0.99277081,-0.01195854,0.00850285,0.00587791,0.00226046,-0.01662932,-0.01352259,-0.01072741,-0.01493915,0.00619254,-0.00804471,-0.01804742,0.01119312,-0.00586208,0.00409199,-0.02150984,-0.01131712,-0.00543955,-0.01083834,-0.00327667,-0.01629186,-0.01052375,-0.01660804,-0.01012095,-0.01425363,-0.02031212,-0.00020639,-0.02090185,-0.01323379,0.00469084,-0.01998681,0.0011661,-0.01368519,-0.02501328,-0.0044151,-0.00568273,-0.03009593,-0.01984395,-0.02161314,-0.00824229
"Np2_502332",0.00211303,-0.00897795,-0.01350434,0.00100195,-0.01074562,-0.03852398,-0.0033405,-0.01081707,-0.00899163,-0.02924479,-0.02253122,-0.0163998,0.00596758,-0.00605208,-0.01066203,-0.014968,-0.01821765,-0.00978807,-0.01223366,-0.01228229,-0.01292827,-0.00827273,-0.01879218,-0.02645267,-0.02388397,-0.01294042,-0.00867701,0.13385503,-0.00358978,-0.01801093,-0.01639373,-0.00483308,-0.01386912,-0.02050821,-0.01794404,0.00622445,-0.00195737,-0.02742847,0.0029186,-0.00942481,-0.01394511,-0.00871804,0.01499297,-0.03223453,-0.01393447,-0.00349858,-0.01645451,-0.00387553,-0.01622957,-0.00686676,-0.02581124,-0.01639829,-0.01920563,-0.00849916,-0.01760816,-0.01284315,-0.02126362,-0.01058756,0.01442911,-0.01348609,-0.01195854,0.99677185,-0.01860374,-0.01469293,-0.01861437,-0.02686458,-0.00916645,-0.00895516,-0.01757472,-0.02091402,-0.01220023,-0.00502764,-0.02670496,-0.01108154,-0.03137427,-0.00104237,-0.03082397,-0.02190657,-0.0228975,-0.03023122,-0.00327211,-0.01315932,-0.01772368,-0.01260454,0.00834172,0.00167529,0.03044461,-0.00697012,0.05298386,-0.00615238,-0.01851857,-0.01058907,0.00891018,-0.0121455,-0.02574591,-0.00892628,0.00116306,-0.02278351,-0.00144971,-0.0123978
"Np2_501443",-0.00402448,-0.01861133,-0.01097822,-0.02352678,-0.01125937,-0.0014953,-0.00187833,-0.00555506,-0.01725705,0.01279971,-0.02638885,-0.00885788,-0.00138587,-0.0099097,0.00463157,-0.0264253,-0.00991576,-0.03218892,-0.00985953,-0.01917977,-0.01769786,-0.00681055,-0.00243462,-0.01146306,-0.00691845,0.00508907,-0.00599889,-0.0226042,-0.01595905,-0.02080459,-0.02541914,-0.02860186,-0.01331892,-0.02178194,0.00342929,-0.01678435,0.00056878,-0.01639071,-0.01325052,-0.01343442,-0.00123539,-0.00543194,0.00748753,0.03868886,-0.01976801,-0.0146519,-0.00450478,0.0036664,-0.00975161,-0.01650014,-0.02723698,-0.01341619,0.00125578,0.00177864,-0.00398649,-0.00438927,-0.01250575,-0.02523672,-0.02408316,-0.00868006,0.00850285,-0.01860374,1.01474612,-0.00122323,0.01142267,-0.00214736,-0.0069443,-0.01889255,-0.02416825,-0.01200416,-0.00891413,-0.01557298,-0.01916307,-0.01767504,0.0158381,-0.01766747,-0.0132505,-0.00326908,-0.00821191,-0.02116939,-0.00348186,0.00107036,0.01003343,-0.00308669,-0.01801094,-0.01768568,-0.01171536,-0.00413999,-0.01227929,-0.0075781,-0.01720841,-0.00350314,-0.01364265,-0.03469838,0.00201119,-0.03421504,-0.02427765,-0.01068181,-0.01564286,0.00152785
"Np2_503269",-0.01257717,-0.00892476,-0.0046355,-0.01110434,-0.02163598,-0.00700812,-0.01027903,0.0137071,-0.02520175,-0.01627214,-0.00682268,-0.04188155,-0.02741784,0.00722459,-0.01456068,-0.02661832,0.00113875,-0.00122323,0.00362689,-0.00812527,0.00369225,-0.00426769,0.00193215,-0.01272005,-0.02185488,-0.00695948,-0.00026416,-0.0136776,0.00147922,-0.01081404,-0.01026079,0.02151501,-0.00272037,-0.01787112,-0.03673807,0.02010908,-0.00479205,0.01396703,-0.027123,-0.0073957,-0.01267597,-0.0147446,-0.01322467,-0.00254254,0.00192608,-0.01940476,-0.02415302,0.00575328,-0.01070461,-0.00468566,-0.01131866,0.0204374,-0.00395305,-0.00175826,-0.03245038,0.00696923,-0.00388313,-0.01965398,-0.01682847,-0.00963305,0.00587791,-0.01469293,-0.00122323,1.00858343,-0.02312101,-0.01875573,-0.01260912,-0.01254983,-0.01980145,-0.01614903,-0.01822679,-0.01044622,-5.289e-05,-0.01999598,-0.02159347,-0.01801249,-0.01329154,-0.00483006,-0.02330031,-0.01391472,-0.01705032,-0.00611441,-0.01037479,0.00097612,-0.01212422,-0.03034221,0.00557088,-0.01770849,-0.00654454,-0.01339489,-0.00600191,-0.01205581,-0.00213215,-0.01847606,-0.01824503,-0.01905668,-0.00881532,-0.01847451,-0.01310001,-0.01447251
"Np2_503545",-0.00905091,-0.02105385,-0.01509269,0.01765285,-0.02464545,-0.01138554,-0.02210413,0.00446588,-0.02942717,-0.03478499,-0.01484795,-0.02102802,-0.02237165,-0.00657647,0.00994071,0.00350681,-0.019654,-0.00164882,-0.03753305,-0.01356663,-0.00463701,-0.01077304,-0.00335723,-0.00448199,-0.00434518,-0.00297724,-0.0164971,-0.0136472,0.01868492,-0.01534345,0.00208111,-0.01645299,0.01250941,-0.0160168,-0.01816445,-0.03184236,0.00967774,-0.03509659,-0.00322955,-0.01192511,-0.02678101,-0.01942601,-0.0075705,0.00037574,-0.01719474,0.00494468,-0.01029119,-0.02111922,0.00513314,-0.00982304,-0.0056645,-0.01129891,-0.01152235,-0.0078076,-0.0243643,-0.01154361,-0.02376394,-0.01111194,-0.00387858,-0.00625879,0.00226046,-0.01861437,0.01142267,-0.02312101,1.00788416,-0.00899772,-0.00345908,-0.00400777,-0.02843471,-0.00760698,-0.0156125,-0.01391169,0.00164944,-0.00187833,-0.00560371,0.00907283,-0.01736496,-0.01847913,-0.02524583,-0.01890011,-0.0244676,-0.00912389,-0.0025927,-0.02696037,-0.01254979,0.01984614,-0.01127001,-0.00764649,-0.01122596,-0.00105301,0.00968382,-0.00883355,-0.01517321,-0.00567818,-0.01365481,-0.01081861,-0.00255318,-0.01829211,-0.00197408,0.00136521
"Np2_501137",-0.01000544,0.01036628,0.00933578,-0.02525188,-0.00614478,-0.02009172,-0.01302706,0.00351137,-0.01989412,-0.0089886,-0.01124265,-0.01681475,0.00540065,-0.00570706,-0.0322041,-0.01766285,-0.02638427,-0.00381928,-0.00900076,0.00371808,-0.02413478,-0.00564778,-0.02908673,-0.00452454,-0.00271581,-0.00438774,0.00519547,-0.00654605,-0.00294076,-0.00383448,-0.00480117,0.0012877,-0.01246014,-0.02259508,-0.02975851,-0.00650197,-0.00358825,-0.01279605,-0.02379128,-0.01242365,-0.01420807,-0.01308483,-0.02418038,-0.02322587,-0.01799726,-0.01850494,0.07174285,-0.02313769,-0.00813287,-0.01670532,0.00052469,-0.01058149,-0.00867702,-0.02000964,0.00158409,-0.00900228,-0.00982305,0.02927579,-0.00954491,-0.00478141,-0.01662932,-0.02686458,-0.00214736,-0.01875573,-0.00899772,1.00035029,-0.00486958,-0.00374633,-0.01692572,-0.02756071,-0.01033526,-0.00909044,-0.0202802,-0.00450478,-0.00838216,-0.01164089,0.00174368,-0.03174515,-0.00431326,-0.01195095,-0.01037476,-0.00855847,-0.01692267,-0.00344386,-0.01472026,-0.01317905,-0.01024861,-0.0016093,-0.01461238,-0.014319,-0.02212538,-0.0158678,0.00439141,-0.00480877,-0.00868157,-0.01329307,-0.01277932,-0.01301489,-0.01569605,-0.01098882
"Np2_503945",-0.01297845,-0.01114996,-0.0094446,-0.02077723,-0.00729387,-0.01105724,-0.0030806,0.0198416,-0.00766778,-0.01545748,-0.00144819,-0.01325204,0.00166768,-0.01779973,-0.01161811,-0.01242822,0.00757721,-0.00755226,-0.0218534,-0.00898253,0.02153027,-0.02062837,-0.01731637,-0.02254497,-0.02210417,-0.01784833,-0.0192087,0.01753586,-0.01229753,-0.0066555,0.02703246,-0.01521275,-0.01832107,-0.00170506,-0.01692421,-0.02087453,-0.02024071,0.00019031,-0.0118689,0.00253861,-0.00395762,0.00111747,-0.0098261,-0.01175947,-0.01945036,-0.01676616,-0.00388313,0.01507964,0.00728538,-0.0234782,-0.0077681,-0.01416249,-0.02943335,-0.02191872,-0.0170443,-0.03766228,-0.0301234,-0.02233519,0.00420144,-0.02736165,-0.01352259,-0.00916645,-0.0069443,-0.01260912,-0.00345908,-0.00486958,1.03058306,-0.00200753,0.00685221,-0.01123052,-0.01452424,-0.01692727,-0.00395001,-0.00610984,-0.0292905,-0.00275838,-0.00822104,-0.01480698,-0.00120652,-0.01765987,-0.02489929,-0.02049916,-0.02567149,-0.00413696,-0.03441261,-0.01417616,-0.0091178,-0.01187802,-0.02685707,3.527e-05,-0.02023462,0.00319827,-0.01408497,0.02641689,-0.01895031,0.00030126,-0.00724067,0.00164337,-0.01790911,-0.01669773
"Np2_500374",0.00380016,-0.0299379,-0.02124085,0.02731205,-0.01392231,-0.01798967,-0.00697317,-0.01916154,-0.01672812,0.00208111,-0.00078093,-0.00832895,-0.00556874,-0.01135668,-0.01748657,-0.00324932,0.00155673,-0.01022887,0.0136205,-0.01378704,-0.01671294,-0.00217776,-0.0242488,0.00502523,-0.03192448,-0.0282766,-0.02188529,-0.0114357,0.03244798,-0.01662781,-0.0177465,-0.00147403,-0.00853415,-0.00833351,-0.00865725,-0.0142795,-0.00331011,-0.01570978,0.03561251,-0.01320947,-0.01408192,-0.00505501,-0.01326267,-0.00151658,-0.00555963,-0.01533892,-0.01355145,-0.01647582,-0.01879828,-0.01125939,-0.00710084,-0.04222208,-0.00140715,-0.02185942,-0.01744099,-0.01662782,-0.0378158,-0.03565133,-0.02568214,-0.01894268,-0.01072741,-0.00895516,-0.01889255,-0.01254983,-0.00400777,-0.00374633,-0.00200753,1.01656422,-0.00965586,-0.01056326,-0.02100069,-0.00911628,-0.00100284,-0.00209872,0.01271919,-0.00300309,-0.01013767,-0.01094783,-0.01285075,-0.00118524,-0.0199762,-0.01025625,-0.00965282,-0.00194977,-0.02021789,-0.01214095,-0.01285835,-0.00497901,-0.02102199,-0.0085691,-0.00831982,-0.00510211,-0.02770511,0.0021571,-0.02101893,0.00796024,-0.00155763,-0.00346515,-0.01982573,-0.00478293
"Np2_504762",-0.00709932,-0.01575839,-0.00189353,-0.00441054,-0.01661411,-0.008066,0.00021463,-0.0034621,-0.00832438,0.00455708,-0.02095202,0.01132233,0.01195462,-0.01344051,-0.02990597,-0.0298041,-0.02499809,-0.01276867,0.00348098,-0.01359096,-0.00420535,-0.01170932,-0.00687741,-0.01514587,-0.01060125,-0.01516105,-0.02032126,-0.02583102,-0.00824231,0.06534089,0.00935249,-0.0263569,-0.00149835,-0.01132931,-0.02639642,-0.01484339,-0.02165725,-0.01900956,-0.0199732,0.00127403,-0.00780609,0.01976407,-0.00181905,-0.01986377,-0.00277965,-0.00298333,-0.00985951,-0.01719169,-0.01723426,-0.0089354,0.00647068,7.631e-05,0.00030886,-0.02120734,-0.02879643,-0.01795167,7.48e-05,-0.01204822,-0.02244617,-0.00947498,-0.01493915,-0.01757472,-0.02416825,-0.01980145,-0.02843471,-0.01692572,0.00685221,-0.00965586,1.0057073,-0.01097516,-0.00879709,-0.01925579,-0.00035079,-0.01315018,-0.02249935,-0.00387097,-0.01890922,-0.00269606,-0.0120467,-0.00722091,-0.00640469,-0.00200449,-0.01386456,-0.00479357,-0.02731749,0.00599039,0.01454459,-0.00767082,-0.02432177,-0.01612469,-0.01237956,-0.00627398,-0.0159575,-0.02454973,-0.01839093,-0.01479477,0.01322985,-0.01877241,-0.00823013,-0.02267409
"Np2_500837",-0.02730991,-0.01757774,-0.0058408,-0.00926977,-0.01691352,-0.00365362,-0.04750681,-0.01804892,0.00581559,-0.01686946,-0.01410773,0.20876656,-0.02406332,-0.01297997,-0.01333409,-0.01080034,-0.02362558,-0.03009137,-0.01718561,-0.02711381,-0.01119251,-0.00152114,-0.01872835,-0.02441291,-0.03309175,-0.003149,-0.00694124,-0.00424334,-0.00382992,0.00166008,0.00464524,-0.01358487,-0.01228535,-0.01117274,-0.01301641,-0.03687789,0.0022103,-0.01049334,-0.02802429,-0.03383193,-0.01403327,0.00897706,-0.00576633,-0.00785168,0.00573656,-0.01589824,-0.00043134,-0.02949861,-0.02862921,-0.01364264,-0.0020364,0.05525458,0.00517722,-0.0183149,-0.02453603,0.00150809,-0.00797632,-0.0108277,-0.02593746,-0.02755766,0.00619254,-0.02091402,-0.01200416,-0.01614903,-0.00760698,-0.02756071,-0.01123052,-0.01056326,-0.01097516,0.99583544,-0.02019205,-0.00709172,-0.01022582,-0.02576108,-0.02918251,-0.02058572,0.01012613,-0.00086757,-0.01477801,-0.02697552,-0.0206875,-0.02875087,-0.00063654,-0.01086876,-0.02898484,0.00234709,-0.02192931,0.00297331,-0.01808543,-0.0167281,-0.01024708,-0.01721294,-0.02112072,-0.00904179,-0.02325017,0.00648892,0.0676481,-0.0104082,-0.00822557,-0.02282151
"Np2_502124",-0.0021808,-0.01935152,-0.00867854,-0.01484337,-0.00607183,-0.02746646,-0.02936943,-0.00112747,-0.00158194,0.00643573,-0.01785742,0.01532888,-0.00607792,-0.00441815,-0.03000324,-0.02427761,-0.0267673,-0.01848971,-0.0064959,-0.00061678,-0.01600616,-0.01180659,-0.01290244,-0.02649068,0.0130125,-0.00720266,-0.01601072,0.00036661,-0.0030198,-0.01987286,-0.00032039,0.03540722,-0.02165882,-0.00747475,-0.01524616,-0.0094689,-0.01096298,-0.02321066,-0.00471909,-0.01083075,-0.01595904,0.01799485,0.02301066,-0.00339371,-0.02841188,-0.00657646,-7.72e-05,-0.01470508,-0.00942786,-0.00796872,-0.00943393,-0.01172449,-0.00632415,0.01091801,-0.01977408,-0.01364112,-2.248e-05,0.00092595,-0.01281582,-0.01504403,-0.00804471,-0.01220023,-0.00891413,-0.01822679,-0.0156125,-0.01033526,-0.01452424,-0.02100069,-0.00879709,-0.02019205,1.00368854,-0.02163297,-0.02066323,-0.02388701,-0.01712485,-0.00868006,-0.02022244,-0.01358492,-0.01335992,-0.01324594,-0.00528602,-0.01502126,0.00412543,-0.01340251,-0.01023949,0.00300523,-0.01686337,0.00287147,0.01357945,-0.00071861,-0.02038049,-0.00515531,-0.01970262,-0.01583136,-0.03019173,-0.01139619,-0.0020668,-0.01506985,-0.01121528,-0.01562766
"Np2_502527",-0.00792768,-0.010659,-0.0124495,-0.00113507,-0.01364263,-0.02865354,-0.02113289,-0.01994581,0.0017908,-0.02195822,-0.03059601,-0.02279265,-0.006809,-0.00606121,0.00103235,-0.00737746,-0.01351497,-0.02074074,-0.02060244,-0.00925153,-0.01324138,-0.00584993,-0.01028967,0.00180904,0.0027058,-0.025717,-0.02905331,-0.01480388,-0.02001423,-0.01330825,0.00046846,-0.02247345,0.004817,-0.01747745,0.01700536,-0.00928802,0.00335329,-0.00205465,-0.00788209,-0.01125785,-0.01927402,-0.01115906,-0.00842318,-0.00746867,0.01508721,-0.02919467,-0.02679921,-0.00418863,-0.0039272,-0.0187314,-0.01898065,0.0027438,-0.00857518,-0.00592439,-0.00408984,-0.01634813,-0.01108916,-0.00786079,-0.00305933,-0.02018293,-0.01804742,-0.00502764,-0.01557298,-0.01044622,-0.01391169,-0.00909044,-0.01692727,-0.00911628,-0.01925579,-0.00709172,-0.02163297,1.00344228,-0.0147066,0.00137282,0.00357521,-0.01837878,0.01522096,-0.02191571,-0.01606692,0.00517418,-0.0107289,0.01054262,-0.01666884,-0.01185369,-0.00367489,-0.01809301,-0.00178713,0.01095602,-0.00280701,-0.018169,-0.00621622,-0.01151015,-0.013594,0.00106883,-0.00736379,-0.00984736,-0.00644573,-0.00698531,0.00416493,-0.02608634
"Np2_502632",-0.0130377,0.00703002,-0.02591918,-0.00943695,-0.02452839,0.00332289,0.01145151,0.01385452,-0.00742305,-0.00016536,-0.00895514,-0.01665514,-0.01100706,0.03807476,-0.00453365,-0.0024559,-0.01056932,-0.00213975,0.00195039,-0.00508995,-0.00543194,-0.02251151,-0.01676762,-0.0101407,-0.01562767,-0.01714759,-0.01577207,-0.03784912,-0.00597304,-0.02404203,-0.01999293,-0.02074375,-0.01610039,-0.04721045,0.00414365,-0.02594954,-0.01254826,-0.02221204,0.00023134,-0.00709627,-0.01222454,-0.0111013,-0.0159651,-0.02093835,-0.00279029,-0.01940929,-0.00941417,-0.01279451,-0.00538938,0.02707646,-0.00797935,-0.0198455,-5.76e-06,-0.01711415,-0.01907945,-0.00656278,-0.0133113,-0.00719506,-0.00269758,0.01285745,0.01119312,-0.02670496,-0.01916307,-5.289e-05,0.00164944,-0.0202802,-0.00395001,-0.00100284,-0.00035079,-0.01022582,-0.02066323,-0.0147066,0.9913966,-0.02288839,-0.01308636,-0.02288082,-0.00600039,-0.00483461,-4.985e-05,-0.02106296,-0.01036715,-0.0176705,-0.00110772,-0.01605175,-0.01304072,-0.00116396,-0.00887307,-0.0230328,-0.00685308,-0.00382384,-0.00114268,-0.02042,-0.02493575,-0.00130531,-0.0007703,-0.00826967,-0.01900344,-0.0125513,-0.01173661,-0.0112852
"Np2_500490",-0.00911778,-0.00880923,-0.01014375,-0.01220476,-0.0291201,-0.02224394,-0.01669922,-0.01171231,-0.00882291,0.00101867,-0.0152188,-0.01851098,-0.01331888,0.00414822,-0.04575583,0.00784773,-0.0188089,-0.01737102,-0.01191295,-0.02123317,-0.00363993,-0.02953515,-0.00129619,-0.01184455,0.00592351,-0.01626755,-0.00425247,-0.00626638,0.00569856,-0.00978655,-0.016529,-0.00405639,-0.01993215,0.0039795,-0.00105604,0.00380927,-0.01470809,-0.01586023,-0.02031973,-0.01168799,-0.00556874,-0.00870132,0.01546567,-0.0176264,-0.00495011,-0.01685731,-0.00747017,-0.0061387,-0.02122864,-0.00669804,-0.0236666,-0.01744552,-0.01979687,-0.00893842,-0.004064,-0.01556231,-0.0160791,0.00356456,0.00198232,-0.01149345,-0.00586208,-0.01108154,-0.01767504,-0.01999598,-0.00187833,-0.00450478,-0.00610984,-0.00209872,-0.01315018,-0.02576108,-0.02388701,0.00137282,-0.02288839,0.9908767,-0.01661414,-0.0118172,-0.013176,-0.00258662,-0.00129771,-0.0134952,-0.00857515,-0.01040671,0.00402815,-0.00833198,-0.01900038,-0.02156302,-0.01726462,0.00095027,-0.01889251,-0.00780759,-0.00482243,-0.01270025,-0.00657645,-0.00893691,0.00299763,0.00917769,0.00421966,0.00899985,-0.00842467,-0.00447741
"Np2_502494",-0.00995528,-0.02712602,-0.02070888,-0.00833046,-0.021446,0.00397343,-0.01692876,-0.0128538,-0.01057238,0.00352505,-0.0139284,-0.01874053,-0.01066053,-0.01204066,-0.02014647,-0.00484524,0.00908042,-0.01091284,-0.02642992,-0.0099112,-0.01633296,-0.01000547,-0.01398921,-0.00888221,-0.0092014,-0.00038575,-0.01527356,-0.0165275,-0.00957835,0.03299818,-0.03393385,0.00331378,-0.01149804,-0.0036977,-0.01040518,-0.01085964,-0.01524161,-0.01350587,-0.02966892,-0.0073577,-0.02829337,-0.01425063,-0.02413025,0.00023134,-0.01961906,-0.01480695,-0.000252,-0.00895212,-0.01416247,-0.00434367,-0.00489693,-0.01478718,-0.01501062,-0.01539969,0.00148226,0.01460692,0.00117067,-0.01718409,-0.00645487,-0.0159788,0.00409199,-0.03137427,0.0158381,-0.02159347,-0.00560371,-0.00838216,-0.0292905,0.01271919,-0.02249935,-0.02918251,-0.01712485,0.00357521,-0.01308636,-0.01661414,1.01793236,0.00193672,-0.00595785,-0.0012962,-0.01718257,-0.0046051,-0.00850069,0.00015534,-0.02629616,-0.01494526,-0.02986949,-0.01784073,-0.00396673,-0.01417463,-0.01456224,0.01536992,-0.00413999,-0.00396216,-0.00908588,-0.0052146,-0.02884662,0.00742826,-0.00148163,-0.01235677,0.00532921,-0.01124266
"Np2_504244",-0.00971817,-0.00925762,0.00050342,-0.01478105,-0.00707347,0.03780116,-0.00514011,-0.00623294,-0.00106364,-0.0191889,-0.0276747,-0.00877581,-0.02243093,-0.01864327,-0.01078973,0.00055965,0.00490972,-0.01265164,-0.02482485,-0.02061763,-0.00788817,-0.01007234,-0.02515163,0.01643389,0.01930656,-0.01610798,-0.00074902,-0.01188256,-0.00098157,-0.01768263,-0.01545746,-0.00222487,-0.02068454,0.02526626,-0.00302436,0.01825628,-0.00694883,-0.00946891,-0.02183209,-0.02110401,-0.00267326,-0.03286075,-0.00048607,-0.00971514,0.00463309,0.00275748,-0.03406149,-0.02285043,-0.00358978,-0.03268139,0.00217991,-0.01682996,0.01638526,-0.00467501,-0.00527236,-0.02391439,-0.02321523,-0.0236347,-0.01883327,-0.01361377,-0.02150984,-0.00104237,-0.01766747,-0.01801249,0.00907283,-0.01164089,-0.00275838,-0.00300309,-0.00387097,-0.02058572,-0.00868006,-0.01837878,-0.02288082,-0.0118172,0.00193672,1.00806962,-0.01712026,0.00046085,-0.01208166,0.01311129,-0.0357744,-0.01830282,-0.00022007,-0.02124388,0.00198231,-0.00650806,-0.01330521,-0.01089764,-0.01964491,-0.00688804,-0.0104386,-0.01725247,-0.01447252,-0.01759297,-0.02268173,-0.01346178,-0.03817899,-0.01713545,-0.00659316,-0.00887764
"Np2_504894",-0.01426884,-0.01502424,-0.04234969,-0.0287553,0.01847055,-0.02040328,-0.02033034,-0.04057432,0.02660828,-0.01659586,0.00288515,0.00628068,-0.00935032,-0.01772216,-0.02765187,0.00011279,-0.01119249,-0.01203452,0.0134867,-0.00936095,-0.01912656,-0.02131076,-0.0052313,-0.03234695,-0.03403408,-0.01929069,0.00761976,-0.00579368,-0.0091801,-0.02253728,-0.00769664,-0.00479964,-0.00942785,-0.03263423,-0.01836657,-0.01593316,-0.00815564,-0.00748385,-0.01361528,0.0006402,-0.00904786,-0.01020453,-0.0039728,-0.00058638,0.00722609,-0.03234393,-0.02067688,-0.0080979,0.00888281,0.01763765,-0.0067786,-0.012413,-0.00503675,-0.00694578,-0.0175747,-0.01828147,-0.01287051,-0.00447437,-0.01031247,-0.00022919,-0.01131712,-0.03082397,-0.0132505,-0.01329154,-0.01736496,0.00174368,-0.00822104,-0.01013767,-0.01890922,0.01012613,-0.02022244,0.01522096,-0.00600039,-0.013176,-0.00595785,-0.01712026,0.98452551,-0.02780088,0.01467831,0.0036968,-0.01479015,-0.02558937,-0.00446678,-0.01333105,-0.00697618,-0.00877883,-0.00083261,-0.01453635,-0.02556352,0.00619253,-0.00404574,-0.00584382,0.04071023,-0.01697585,-0.0149209,-0.0145166,-0.01932262,-0.02411799,0.01621495,-0.00826052
"Np2_504461",-0.00656735,0.0039248,-0.0261366,-0.03108544,-0.01273828,0.03152841,-0.00594112,-0.00992184,0.00953489,-0.0107183,0.01605847,-0.02052039,-0.00012888,0.00077093,-0.01417464,-0.00829703,-0.00440295,0.00113875,-0.02866577,-0.01412295,-0.01248904,-0.0126973,-0.00163362,-0.00367034,0.00923395,0.00923394,-0.01097366,-0.0122276,-0.02199778,-0.01179594,-0.01656247,-0.00910564,-0.01190995,-0.00821344,-0.0103611,-0.01902324,-0.01246165,0.01070526,-0.00834568,-0.02205704,-0.02384148,-0.00493493,-0.00539092,-0.01188411,0.02480725,0.01335604,0.00298396,-0.00222031,0.0159764,-0.0169151,-0.01275653,-0.00455951,-0.00721485,-0.02660315,-0.00455343,-0.02152356,-0.02918408,-0.01896395,-0.01355453,-0.01593473,-0.00543955,-0.02190657,-0.00326908,-0.00483006,-0.01847913,-0.03174515,-0.01480698,-0.01094783,-0.00269606,-0.00086757,-0.01358492,-0.02191571,-0.00483461,-0.00258662,-0.0012962,0.00046085,-0.02780088,1.0257733,-0.02443421,-0.02219232,-0.02958374,-0.01469602,-0.01424457,-0.00790946,-0.00231455,-0.0067011,-0.02641773,-0.01808241,-0.0240938,-0.01452878,-0.01002367,-0.00285413,0.00570161,-0.00486654,-0.02302678,-0.01791067,-0.01542099,-0.02325626,-0.03034523,-0.02822189
"Np2_502987",-0.01439804,-0.01758532,-0.01891986,-0.00958134,0.01013371,-0.00943696,-0.02912314,-0.01197677,-0.0153191,-0.00076574,-0.00149986,-0.00722393,0.00465587,-0.01389951,0.02359274,-0.02661523,-0.00706587,-0.00653996,-0.01916911,-0.01009813,-0.01196005,-0.02691171,-0.01569606,-0.00481332,-0.00969231,-0.02245975,0.03560937,-0.00318699,-0.02010083,-0.01917061,0.00706953,-0.01845623,-0.01001303,0.00827484,-0.01469593,0.00628068,-0.00874082,-0.02539629,-0.03517557,-0.00845659,-0.01616876,0.00212974,-0.0227972,-0.02245066,-0.00688651,-0.01286594,-0.00059094,-0.00625117,0.00328186,-0.02231385,-0.00994765,-0.00175066,-0.0208213,-0.01847447,-0.02864743,-0.01704272,-0.00266414,0.00785989,-0.00496989,0.00663331,-0.01083834,-0.0228975,-0.00821191,-0.02330031,-0.02524583,-0.00431326,-0.00120652,-0.01285075,-0.0120467,-0.01477801,-0.01335992,-0.01606692,-4.985e-05,-0.00129771,-0.01718257,-0.01208166,0.01467831,-0.02443421,0.98016268,0.01010333,-0.02540686,-0.00246351,0.00361168,-0.02212388,-0.01257713,-0.01513975,-0.00369768,-0.03518466,-0.00699748,-0.00412022,-0.01071065,-0.02725207,0.00273467,-0.00023375,0.00607701,0.01195309,0.00289123,-0.01968738,-0.02130457,-0.0178133
"Np2_500595",-0.0059244,-0.01549543,-0.00482245,-0.00931536,0.00097612,-0.01859458,-0.01350584,-0.02007043,-0.0319244,0.00390807,-0.00138587,0.00732945,-0.0076936,0.01083748,-0.00745193,-0.0187496,-0.01242365,-0.03089693,0.0162074,-0.00770424,-0.00029455,-0.00795049,-0.00159866,-0.0078912,-0.01793798,-0.00927434,-0.01823437,0.00604662,-0.00539546,-0.00385729,-0.02382318,-0.00223095,-0.01354689,0.004893,-0.01640587,-0.01382046,-0.028082,-0.00050734,-0.00922267,0.0056408,-0.01757472,-0.01462756,-0.00489996,-0.01200112,0.00219511,-0.0215676,-0.00777264,-0.02392045,-0.00055599,-0.00548058,-0.00952968,-0.03112343,-0.01234766,-0.02185635,-0.01211815,-0.00993703,0.00702547,0.00447804,-0.01169562,-0.00617215,-0.00327667,-0.03023122,-0.02116939,-0.01391472,-0.01890011,-0.01195095,-0.01765987,-0.00118524,-0.00722091,-0.02697552,-0.01324594,0.00517418,-0.02106296,-0.0134952,-0.0046051,0.01311129,0.0036968,-0.02219232,0.01010333,0.99559221,-0.01708526,-0.00888526,-0.00296205,-0.02140193,-0.01641498,-0.02429739,-0.01619916,-0.03370276,-0.00794744,0.00024958,-0.01074866,-0.00297116,0.00269668,-0.00878341,-0.01174424,0.00203551,-0.02769748,-0.02276527,-0.01085505,-0.00736377
"Np2_502729",-0.02517131,-0.01087937,0.02608848,-0.02248251,-0.00823923,-0.01291456,-0.01025771,-0.00496683,-0.00846114,-0.01974666,-0.01592098,-0.02422894,-0.0223807,-0.00156978,0.00096395,-0.01930129,-0.02984662,-0.01244945,-0.00699139,-0.01433569,-0.00814197,0.14607539,-0.0226695,-0.01057082,-0.03095314,-0.00967406,-0.01301032,-0.00271276,-0.02099453,-0.02827196,-0.0122154,-0.0267976,-0.01546654,-0.00584231,-0.02394926,0.00462699,-0.01343436,-0.02021026,-0.00202272,-0.00372656,0.02899155,-0.01061946,-0.0144193,-0.03337594,-0.00671627,-0.00631197,0.0378816,-0.00577695,0.00953182,-0.01347997,-0.01312127,-0.03775484,-0.01259539,0.00905455,-0.01130192,-0.02584008,-0.01237347,-0.01142501,-0.0009998,-0.02085925,-0.01629186,-0.00327211,-0.00348186,-0.01705032,-0.0244676,-0.01037476,-0.02489929,-0.0199762,-0.00640469,-0.0206875,-0.00528602,-0.0107289,-0.01036715,-0.00857515,-0.00850069,-0.0357744,-0.01479015,-0.02958374,-0.02540686,-0.01708526,0.96849399,0.0223297,-0.00032191,-0.00888219,-0.00024744,-0.00083412,-0.01933474,-0.00233582,-0.01959469,0.00273771,-0.02756364,-0.02723381,-0.0059107,-0.01951869,-0.01791971,-0.00110012,0.03209218,-0.02331697,-0.01368667,0.00378799
"Np2_503468",-0.0102836,-0.00875909,-0.03106881,-0.02142625,0.01044837,0.006685,-0.00585754,-0.01348611,-0.00877277,-0.02750603,-0.01577665,-0.03578817,-0.00734099,-0.02863234,-0.02184274,-0.00517356,8.847e-05,-0.03799208,-0.0226544,-0.02194304,-0.00647767,-0.01702153,-0.00686982,-0.02061008,0.00095787,-0.01317755,0.01798881,-0.03311916,-0.00413088,-0.01536019,-0.01191906,-0.02558936,0.0362038,0.00402968,0.00309795,0.0024915,-0.00766626,-0.0006107,0.0025295,-0.01194185,-0.02375788,-0.03312221,-0.01032312,-0.0326237,-0.00778786,-0.00175978,-0.01380378,-0.00472062,0.06074622,0.00262373,-0.02392049,-0.01572347,-0.01944277,0.00387919,-0.00446983,-0.03405546,0.0050982,-0.02404815,-0.01787877,-0.01311525,-0.01052375,-0.01315932,0.00107036,-0.00611441,-0.00912389,-0.00855847,-0.02049916,-0.01025625,-0.00200449,-0.02875087,-0.01502126,0.01054262,-0.0176705,-0.01040671,0.00015534,-0.01830282,-0.02558937,-0.01469602,-0.00246351,-0.00888526,0.0223297,1.02624455,-0.01887278,-0.01770549,-0.01226254,-0.0090494,0.0046726,-0.00538331,-0.00501093,-0.01353322,-0.01297996,-0.02496161,-0.00318244,-0.01755044,-0.02111926,-0.00642751,-0.01807328,-0.00356546,0.00712882,-0.02388247
"Np2_502243",0.01235893,-0.0194032,-0.00812224,-0.00471148,-0.01676305,-0.02235035,-0.03139701,0.00125274,-0.00072165,-0.02173479,-0.0179091,-0.02591308,-0.00871348,-0.02149314,-0.01485555,-0.02068144,-0.00797176,-0.01306961,-0.01855509,0.0002435,-0.0095221,0.00060525,0.00999694,0.03106327,-0.01880587,-0.01622196,-0.01484644,-0.0083487,-0.03119033,-0.01217285,-0.00265198,0.02851582,-0.0191266,-0.02819757,-0.02654537,-0.00739266,-0.0148145,-0.02356632,0.02152416,0.01480449,-0.01099492,-0.0165594,-0.01731938,-0.00025352,0.00071924,-0.01042798,-0.01988805,-0.01156488,0.00313594,-0.017444,-0.0096376,0.00175128,0.00593567,-0.01603652,-0.01967376,-0.00259726,-0.02028934,-0.01478105,-0.00541979,-0.02527928,-0.01660804,-0.01772368,0.01003343,-0.01037479,-0.0025927,-0.01692267,-0.02567149,-0.00965282,-0.01386456,-0.00063654,0.00412543,-0.01666884,-0.00110772,0.00402815,-0.02629616,-0.00022007,-0.00446678,-0.01424457,0.00361168,-0.00296205,-0.00032191,-0.01887278,1.0008489,-0.01406216,-0.00056358,0.00295355,-0.01554711,-0.00614783,-0.01778297,-0.0007703,-0.01116056,-0.01493456,-0.00713882,-0.00904331,-0.015804,-0.02771119,-0.0161019,-0.01937734,-0.01810667,-0.02403898
"Np2_502218",-0.01185672,0.00653908,-0.01683454,-0.02406331,-0.01179591,-0.01616726,-0.01563832,-0.01733913,-0.01612166,-0.01555169,-0.00534226,-0.02474579,-0.01013007,-0.01075022,0.0095668,-0.01875418,0.00596303,-0.00430263,-0.01845174,-0.00010912,-0.01732243,-0.0199626,0.00462853,-0.02811094,-0.02341433,-0.02356631,-0.01352714,-0.01356513,0.01268724,-0.02103714,-0.00589249,-0.00208352,-0.01689534,-0.02353442,-0.00972272,-0.00880924,0.00246413,-0.01282341,-0.00238751,-0.00728323,-0.00967562,-0.017672,-0.0079444,0.0009138,-0.01316083,-0.00257295,0.00331834,0.00601775,-0.02320761,-0.01612471,-0.00239055,-0.01714459,-0.00733643,-0.01669315,-0.00984281,-0.01282948,-0.01137035,0.00295355,-0.00683638,-0.01894419,-0.01012095,-0.01260454,-0.00308669,0.00097612,-0.02696037,-0.00344386,-0.00413696,-0.00194977,-0.00479357,-0.01086876,-0.01340251,-0.01185369,-0.01605175,-0.00833198,-0.01494526,-0.02124388,-0.01333105,-0.00790946,-0.02212388,-0.02140193,-0.00888219,-0.01770549,-0.01406216,1.00926446,-0.0153556,-0.02794983,0.00644332,-0.02595567,-0.01281582,0.02957981,-0.01318513,-0.0009998,-0.0088594,-0.0031642,0.00253861,-0.00572073,-0.01189472,-0.0048346,-0.01313952,0.00494315
"Np2_504266",-0.0068698,-0.03057619,-0.01610341,-0.01330062,0.00337456,-0.01330823,-0.02205089,-0.02587959,-0.00490299,-0.01770845,0.01119614,-0.01550302,-0.01000693,-0.00333138,-0.00140562,-0.02075892,0.00061437,-0.00737137,-0.02167244,0.0044218,-0.01476737,-0.01421567,-0.00725585,-0.00792463,-0.00869979,-0.00809181,-0.01036412,-0.01465793,-0.01150864,-0.00465069,-0.00622534,-0.00804013,-0.00537266,0.00227566,0.01061553,-0.01339791,-0.01549996,-0.01026837,-0.01898368,-0.01643169,-0.00377673,-0.00614934,-0.00554137,0.00164488,-0.0081739,-0.00381776,0.00420142,-0.02380185,-0.01472481,-0.00293012,-0.01549086,-0.01519752,-0.02180468,0.01018082,-0.01306353,-0.0160502,0.01185581,-0.0136426,-0.0275364,-0.02490077,-0.01425363,0.00834172,-0.01801094,-0.01212422,-0.01254979,-0.01472026,-0.03441261,-0.02021789,-0.02731749,-0.02898484,-0.01023949,-0.00367489,-0.01304072,-0.01900038,-0.02986949,0.00198231,-0.00697618,-0.00231455,-0.01257713,-0.01641498,-0.00024744,-0.01226254,-0.00056358,-0.0153556,0.97773956,0.03114681,-0.00756896,0.00851803,-0.01360464,-0.02227887,-0.01427793,0.00976284,0.02591822,-0.01216069,-0.01968132,-0.01578117,-0.03517856,0.01109582,-0.00906455,-0.00238142
"Np2_500463",-0.00487261,-0.01307569,-0.01365025,-0.00932752,0.01205947,0.00297634,-0.02795739,-0.02008259,-0.00898554,-0.00978352,-0.01705336,-0.00788208,-0.01834531,-0.02246133,-0.01080795,-0.02894532,-0.03067504,0.00055357,-0.00629983,-0.01653202,-0.00684244,-0.01419441,-0.00784256,-0.00395153,-0.00731058,-0.00685459,-0.02052644,-0.00794895,-0.00525563,-0.00538938,0.00124362,-0.00619494,-0.00808728,-0.00910259,-0.0074504,-0.00076118,-0.01228684,-0.01495891,0.00034078,-0.00850677,-0.00238751,-0.00673604,-0.00445615,-0.01490116,-0.01727224,-0.02157976,-0.0076328,-0.03031633,-0.02868696,-0.01263644,0.00626549,-0.00271277,-0.00582409,-0.02141253,-0.01593015,-0.00812527,-0.02323346,-0.01514127,-0.02219536,-0.01317601,-0.02031212,0.00167529,-0.01768568,-0.03034221,0.01984614,-0.01317905,-0.01417616,-0.01214095,0.00599039,0.00234709,0.00300523,-0.01809301,-0.00116396,-0.02156302,-0.01784073,-0.00650806,-0.00877883,-0.0067011,-0.01513975,-0.02429739,-0.00083412,-0.0090494,0.00295355,-0.02794983,0.03114681,0.99343968,-0.01256346,0.01629099,-0.0081116,-0.0157219,-0.02155235,0.00172848,-0.00050734,-0.01137946,-0.02163599,0.00460725,0.00010519,-0.00681811,-0.02150674,-0.01239171
"Np2_502219",-0.00893386,-0.01516103,0.00721546,0.01898579,-0.01586475,-0.01962812,0.00582774,-0.01867207,-0.00027935,-0.01065291,-0.01883471,-0.019543,-0.01997467,-0.02181078,-0.01061339,0.01046353,-0.0201449,-0.0215949,-0.01552887,-0.02363314,-0.00603991,-0.02327147,-0.01494369,-0.0147005,-0.03629878,-0.01593163,0.01295473,0.03328384,-0.01038085,0.01213243,-0.00904938,-7.264e-05,-0.01944424,-0.00358826,-0.00512794,-0.02518955,-0.03975505,-0.02555589,-0.00858429,-0.01393596,-0.00538482,-0.00137371,0.01139375,-0.00893083,-0.02270143,-0.01712937,-0.02187762,0.00635668,-0.01344503,-0.02080151,-0.01573101,-0.0195415,-0.0206769,-0.01909004,-0.0035761,-0.0105146,-0.0034317,-0.00719505,-0.01455309,-0.02331701,-0.00020639,0.03044461,-0.01171536,0.00557088,-0.01127001,-0.01024861,-0.0091178,-0.01285835,0.01454459,-0.02192931,-0.01686337,-0.00178713,-0.00887307,-0.01726462,-0.00396673,-0.01330521,-0.00083261,-0.02641773,-0.00369768,-0.01619916,-0.01933474,0.0046726,-0.01554711,0.00644332,-0.00756896,-0.01256346,0.98151561,0.00478203,0.00697834,-0.01963115,-0.00919832,-0.0220919,-0.00320067,-0.00191328,-0.00791399,-0.01404541,-0.0218913,0.00097612,-0.0207042,-0.01630097
"Np2_503613",-0.00850221,-0.02217707,-0.00770425,-0.00718138,-0.02394474,-0.00825293,-0.01927551,-0.02508014,-0.0112472,0.00315418,-0.01323529,-0.00497596,-0.00464765,-0.01301948,-0.00440598,0.00299155,-0.02214516,-0.00793983,-0.00400168,-0.0207696,-0.00849614,0.00087124,-0.02165575,0.02281761,-0.02492361,-0.015196,-0.02354808,-0.02510599,-0.00295749,-0.01540272,0.00308579,-0.01453634,-0.00609312,-0.01714002,-0.03798287,-0.01715824,-0.00132507,-0.00840494,-0.00252886,-0.00347274,-0.0358079,-0.02282914,-0.00291796,-0.01473093,-0.01178224,-0.00909804,-0.00731058,-0.0112989,0.00796174,-0.00273861,-0.02183509,-0.0227577,-0.00367794,-0.02701804,-0.00071253,-0.00506716,0.02314289,-0.01162719,0.00700572,-0.00723002,-0.02090185,-0.00697012,-0.00413999,-0.01770849,-0.00764649,-0.0016093,-0.01187802,-0.00497901,-0.00767082,0.00297331,0.00287147,0.01095602,-0.0230328,0.00095027,-0.01417463,-0.01089764,-0.01453635,-0.01808241,-0.03518466,-0.03370276,-0.00233582,-0.00538331,-0.00614783,-0.02595567,0.00851803,0.01629099,0.00478203,0.99636445,-0.0070294,-0.01524768,-0.01347846,-0.00615694,-0.01827235,-0.01607302,0.03978771,-0.01467772,-0.02145966,-0.03735057,-0.01966459,-0.00522978
"Np2_502545",-0.01040975,-0.0268205,-0.02830705,-0.01836051,0.01640195,-0.00180081,-0.01403935,-0.00206072,-0.02926608,-0.02200839,-0.0159028,-0.01721907,-0.01035502,-0.02100678,-0.01315323,0.01096362,0.00437013,-0.00315964,-0.00454126,-0.0214612,0.00357978,-0.02353144,-0.00897189,-0.02301613,-0.01755954,0.00341561,-0.01375209,-0.03126938,-0.02052039,-0.00317484,-0.00520548,0.00301131,-0.00724068,-0.0106879,-0.02013126,-0.03867299,0.00269516,-0.0121364,0.00377128,0.00556328,0.00180296,0.00079828,0.02344537,-0.01694246,-0.00213824,-0.0152614,-0.01772977,-0.00028695,-0.01370497,-0.00130227,0.00680812,-0.01980145,-0.00558547,-0.01053437,-0.01143571,0.00396887,-0.02481878,-0.00167922,-0.02302073,-0.0006259,-0.01323379,0.05298386,-0.01227929,-0.00654454,-0.01122596,-0.01461238,-0.02685707,-0.02102199,-0.02432177,-0.01808543,0.01357945,-0.00280701,-0.00685308,-0.01889251,-0.01456224,-0.01964491,-0.02556352,-0.0240938,-0.00699748,-0.00794744,-0.01959469,-0.00501093,-0.01778297,-0.01281582,-0.01360464,-0.0081116,0.00697834,-0.0070294,1.01519913,-0.01077148,-0.02268169,-0.01612013,0.00155521,-0.01068486,-0.02337331,-0.01764922,-0.01683148,-0.01220326,-0.0081967,-0.00820127
"Np2_500060",-0.01619613,0.0058475,-0.0120543,-0.00879554,-0.00412782,-0.01397092,-0.03745695,-0.00632717,-0.02547682,0.01111561,-0.01059363,-0.00157434,-0.01340552,-0.03044099,-0.00632413,-0.01670984,-0.0100799,-0.01669769,-0.02020724,-0.02071183,-0.00828638,-0.0040868,-0.01673418,-0.00630742,-0.01635419,-0.02182594,-0.02273033,-0.00589703,-0.020075,-0.02142469,0.01287113,-0.01584651,-0.01849883,-0.00492276,-0.03017342,-0.02470014,-0.00734704,-0.0053073,0.00604054,-0.03153377,-0.00975919,-0.01547566,-0.02930709,-0.02956854,-0.01005254,0.00965495,-0.01561246,-0.01154511,0.00209175,-0.0038968,-0.00399407,-0.01586021,-0.00909195,0.00039854,-0.01251028,-0.02340061,-0.00826206,0.00074204,-0.006008,-0.01659586,0.00469084,-0.00615238,-0.0075781,-0.01339489,-0.00105301,-0.014319,3.527e-05,-0.0085691,-0.01612469,-0.0167281,-0.00071861,-0.018169,-0.00382384,-0.00780759,0.01536992,-0.00688804,0.00619253,-0.01452878,-0.00412022,0.00024958,0.00273771,-0.01353322,-0.0007703,0.02957981,-0.02227887,-0.0157219,-0.01963115,-0.01524768,-0.01077148,0.98492683,-0.00794893,-0.02342641,-0.0179106,-0.00689564,0.00215102,0.0033153,-0.01577812,0.00313746,0.00152025,-0.00456405
"Np2_503191",0.00670019,-0.01487831,-0.00131747,-0.00459444,-0.02029382,-0.02360121,-0.02337626,0.00896944,-0.01139615,-0.0010986,-0.02113588,-0.0303558,0.00599494,0.0032469,0.00471667,-0.00916487,-0.02199009,-0.00155306,-0.02254184,0.00872017,-0.0174607,-0.01265317,-0.00842924,-0.01836961,0.00426221,-0.00744127,-0.01776924,-0.00534377,-0.01344199,-0.02102341,-0.00253493,-0.00678163,-0.00761,0.00353416,-0.01381284,-0.01730717,-0.04205621,-0.0033861,-0.021829,0.00473795,-0.0101179,0.00909256,0.00711665,-0.01351191,-0.01177918,0.00291251,-0.02509075,-0.02543122,-0.02668973,-0.00015168,-0.02137603,0.00566815,-0.00413087,-0.02959884,0.04184868,-0.02087142,-0.01120465,0.00023134,0.0105046,0.00250061,-0.01998681,-0.01851857,-0.01720841,-0.00600191,0.00968382,-0.02212538,-0.02023462,-0.00831982,-0.01237956,-0.01024708,-0.02038049,-0.00621622,-0.00114268,-0.00482243,-0.00413999,-0.0104386,-0.00404574,-0.01002367,-0.01071065,-0.01074866,-0.02756364,-0.01297996,-0.01116056,-0.01318513,-0.01427793,-0.02155235,-0.00919832,-0.01347846,-0.02268169,-0.00794893,0.97417632,-0.01284159,-0.00185401,-0.01500601,-0.00352745,-0.01497864,-0.01613682,-0.00071709,-0.0157097,-0.00355481
"Np2_501634",-0.0136411,-0.00649284,-0.00220359,-0.00654451,-0.00233278,-0.01536773,-0.00602318,-0.02824308,-0.00848243,-0.01688007,-0.02445389,0.00250061,0.00571679,-0.02317415,0.00398254,-0.00473123,0.02256981,-0.01900645,-0.01430835,-0.02682041,-0.02655446,0.02385118,0.01135574,-0.01515191,0.01371163,-0.00285564,-0.00816782,-0.00470996,-0.01676,-0.00275837,-0.01801243,-0.00721176,0.01399892,-0.01422324,-0.01333101,-0.00177801,0.00964732,-0.01019997,-0.0090357,-0.00465981,-0.02027562,0.01823801,0.01975795,-0.02959738,-0.02482477,-0.01651682,-0.01716125,-0.00458229,-0.01222451,-0.0055976,-0.02894986,-0.01573709,-0.02644808,-0.02212534,-0.00737137,0.00073748,-0.01178679,-0.01661407,-0.00117308,-0.00112139,0.0011661,-0.01058907,-0.00350314,-0.01205581,-0.00883355,-0.0158678,0.00319827,-0.00510211,-0.00627398,-0.01721294,-0.00515531,-0.01151015,-0.02042,-0.01270025,-0.00396216,-0.01725247,-0.00584382,-0.00285413,-0.02725207,-0.00297116,-0.02723381,-0.02496161,-0.01493456,-0.0009998,0.00976284,0.00172848,-0.0220919,-0.00615694,-0.01612013,-0.02342641,-0.01284159,0.97179576,-0.00167617,-0.0142202,-0.01292521,-0.02103254,-0.01899885,-0.01862646,-0.02966722,-0.02815187
"Np2_502087",-0.00766929,-0.00888067,-0.00565538,-0.01501207,0.00424701,-0.00468413,-0.01205885,-0.00919985,-0.02424568,-0.00589248,-0.00799455,-0.0166065,-0.00715858,-0.01233854,-0.01862042,-0.01122288,-0.00352897,-0.00877883,-0.01821613,-0.0099051,-0.00036751,-0.01805504,0.00532009,-0.02620338,-0.02044282,-0.0183149,-0.02134719,-0.00542585,-0.01641196,-0.02095351,-0.02556805,-0.0208471,0.01981877,-0.02527471,-0.02316652,0.00586574,-0.02633102,-0.02368334,-0.01537536,0.00465587,-0.00776809,-0.01819635,-0.01895633,-0.00310644,-0.00790943,-0.01145697,-0.01088547,-0.01624171,-0.01248444,-0.00099372,-0.00261093,-0.01310914,-0.01622046,-0.00931384,-0.00793527,-0.00545017,-0.02800604,0.006229,-0.00705676,0.0103222,-0.01368519,0.00891018,-0.01364265,-0.00213215,-0.01517321,0.00439141,-0.01408497,-0.02770511,-0.0159575,-0.02112072,-0.01970262,-0.013594,-0.02493575,-0.00657645,-0.00908588,-0.01447252,0.04071023,0.00570161,0.00273467,0.00269668,-0.0059107,-0.00318244,-0.00713882,-0.0088594,0.02591822,-0.00050734,-0.00320067,-0.01827235,0.00155521,-0.0179106,-0.00185401,-0.00167617,0.98738948,-0.01524009,-0.02321672,-0.01779662,-0.01621891,-0.03758158,1.551e-05,-0.01883623
"Np2_501103",0.0300966,-0.0287204,-0.04251846,-0.00703698,-0.02076048,-0.00233278,-0.01168344,-0.01262428,-0.00395912,-0.01843653,-0.00457926,-0.01942296,-0.01225493,0.01296388,-0.01642109,-0.00826358,-0.02108881,-0.00277965,-0.02832829,-0.002082,-0.01899131,-0.00187225,0.00675947,-0.00105301,-0.00805991,-0.01155576,-0.01078821,0.00969295,0.0120823,-0.04504909,-0.00832134,-0.02807138,-0.01552434,-0.01669164,-0.01747135,-0.00546234,-0.01653202,0.0101307,-0.01758385,-0.01092803,-0.01088853,-0.01645301,-0.01812495,-0.01048271,-0.02197342,-0.04011239,-0.00306236,0.0031329,-0.0248765,-0.03040907,-0.0192588,-0.01911746,0.00437013,-0.01897,-0.0115117,-0.02422597,-0.02337482,-0.0184745,-0.01093717,0.01236956,-0.02501328,-0.0121455,-0.03469838,-0.01847606,-0.00567818,-0.00480877,0.02641689,0.0021571,-0.02454973,-0.00904179,-0.01583136,0.00106883,-0.00130531,-0.00893691,-0.0052146,-0.01759297,-0.01697585,-0.00486654,-0.00023375,-0.00878341,-0.01951869,-0.01755044,-0.00904331,-0.0031642,-0.01216069,-0.01137946,-0.00191328,-0.01607302,-0.01068486,-0.00689564,-0.01500601,-0.0142202,-0.01524009,1.00212583,-0.01508963,-0.01134146,0.00665156,-0.00209568,0.10131457,-0.01222908
"Np2_500974",-0.01390256,-0.0087302,-0.00854478,-0.0010302,-0.01277778,0.03133684,-0.00126883,-0.01011334,-0.01132777,0.03727221,-0.00343626,-0.00824838,0.00180752,-0.00580433,-0.02150982,-0.00651261,-0.03210531,-0.02625962,0.00564536,-0.0152264,0.00206287,-0.00878495,-0.01626453,-0.01085356,-0.01679652,-0.02333222,-0.01131714,-0.01241909,-0.02477315,-0.02125904,-0.01736193,-0.00534529,-0.02106907,-0.03166,-0.01739231,-0.03790994,-0.01234916,-0.01790912,-0.0226726,0.0251735,-0.01187344,0.0134168,-0.02093379,0.00388376,-0.00791096,-0.00355483,-0.02061459,-0.00940354,-0.01294195,-0.01026686,-0.01492394,-0.00718291,-0.00923027,-0.0248187,0.00087884,-0.01213942,-0.01858397,-0.01079579,-0.01830585,0.10638071,-0.0044151,-0.02574591,0.00201119,-0.01824503,-0.01365481,-0.00868157,-0.01895031,-0.02101893,-0.01839093,-0.02325017,-0.03019173,-0.00736379,-0.0007703,0.00299763,-0.02884662,-0.02268173,-0.0149209,-0.02302678,0.00607701,-0.01174424,-0.01791971,-0.02111926,-0.015804,0.00253861,-0.01968132,-0.02163599,-0.00791399,0.03978771,-0.02337331,0.00215102,-0.00352745,-0.01292521,-0.02321672,-0.01508963,1.00045974,-0.0019908,-0.02154023,-0.01037629,-0.01336142,-0.01868576
"Np2_504978",-0.01304227,-0.02458922,0.00219511,-0.00488172,-0.02210106,-0.02616844,-0.0181918,-0.00362929,-0.02019507,-0.00944153,-0.01731936,-0.03201107,-0.02165119,-0.02242335,0.00336545,-0.01993972,-0.01650165,-0.02053555,-0.0070218,-0.00980631,0.00079524,-0.01795627,0.00389896,-0.00786537,-0.02292795,-0.00453669,-0.01820855,0.00105667,0.003902,-0.00398344,-0.0199975,0.00296266,-0.01108916,-0.00496077,-0.00239662,-0.004827,-0.01832859,-0.01416095,-0.01314867,-0.01926032,-0.00782129,-0.01004191,-0.01733762,-0.019119,-0.01936217,-0.01804592,0.00730057,-0.00580736,-0.01542553,-0.0209581,-0.01512762,-0.04067321,0.00758936,0.00461636,0.02241028,-0.00839126,-0.01285988,0.00191999,-0.01151779,-0.01359401,-0.00568273,-0.00892628,-0.03421504,-0.01905668,-0.01081861,-0.01329307,0.00030126,0.00796024,-0.01479477,0.00648892,-0.01139619,-0.00984736,-0.00826967,0.00917769,0.00742826,-0.01346178,-0.0145166,-0.01791067,0.01195309,0.00203551,-0.00110012,-0.00642751,-0.02771119,-0.00572073,-0.01578117,0.00460725,-0.01404541,-0.01467772,-0.01764922,0.0033153,-0.01497864,-0.02103254,-0.01779662,-0.01134146,-0.0019908,1.00218055,-0.00441662,-0.01255587,-0.01022124,0.00542952
"Np2_502433",-0.02787988,-0.01647578,-0.01583439,-0.01576747,-0.00805989,-0.00452757,-0.00278269,-0.01709896,-0.01101769,-0.00801583,0.00021766,0.02489229,-0.02630521,-0.01339794,-0.00919226,-0.02930553,-0.0085402,-0.02503757,-0.01121986,-0.00093292,-0.02407396,-0.01592257,-0.01914632,-0.03942227,0.01391228,-0.02180618,-0.0102471,-0.02943627,-0.01807933,-0.00027783,-0.01310002,-0.00655516,-0.03687033,-0.00125516,-0.01966612,0.01878975,0.01729564,-0.02945454,-0.01111499,-0.0249783,-0.01262732,0.01585477,-0.00132051,-0.02316505,-0.00668893,-0.00598064,0.04687664,-0.02140493,-0.02418338,-0.01497257,-0.01582981,0.06000436,-0.02746343,0.00193823,-0.01720233,-0.00362169,-0.01371408,-0.00197408,-0.01343594,-0.00867244,-0.03009593,0.00116306,-0.02427765,-0.00881532,-0.00255318,-0.01277932,-0.00724067,-0.00155763,0.01322985,0.0676481,-0.0020668,-0.00644573,-0.01900344,0.00421966,-0.00148163,-0.03817899,-0.01932262,-0.01542099,0.00289123,-0.02769748,0.03209218,-0.01807328,-0.0161019,-0.01189472,-0.03517856,0.00010519,-0.0218913,-0.02145966,-0.01683148,-0.01577812,-0.01613682,-0.01899885,-0.01621891,0.00665156,-0.02154023,-0.00441662,0.98891875,-0.02602551,-0.0186751,-0.02141556
"Np2_503788",-0.01610796,-0.02385505,-0.02883744,-0.01372316,-0.00571159,-0.00689107,-0.01700168,-0.0135347,-0.00684546,-0.00825141,-0.0237289,-0.01698951,-0.02699676,0.00202183,-0.02857901,-0.01616569,-0.0156155,-0.00429806,-0.01175942,-0.02031968,0.00411326,-0.0175261,-0.00783039,-0.00424334,-0.02416969,-0.01550605,-0.02461808,-0.02541603,-0.00843533,-0.0172327,-0.01394357,-0.0055748,-0.02768229,-0.00665853,0.33515478,-0.02977975,0.00079676,-0.02771419,0.00719266,-0.0132064,-0.00556722,-0.01234763,-0.02891494,-0.00181753,-0.01057236,-0.01776774,-0.0200841,-0.01388885,-0.01697128,-0.02219985,-0.02305709,-0.00102868,-0.02085929,-0.02124835,0.01341679,-0.02620032,0.01675305,-0.00524953,-0.01306355,-0.03201103,-0.01984395,-0.02278351,-0.01068181,-0.01847451,-0.01829211,-0.01301489,0.00164337,-0.00346515,-0.01877241,-0.0104082,-0.01506985,-0.00698531,-0.0125513,0.00899985,-0.01235677,-0.01713545,-0.02411799,-0.02325626,-0.01968738,-0.02276527,-0.02331697,-0.00356546,-0.01937734,-0.0048346,0.01109582,-0.00681811,0.00097612,-0.03735057,-0.01220326,0.00313746,-0.00071709,-0.01862646,-0.03758158,-0.00209568,-0.01037629,-0.01255587,-0.02602551,0.98054272,0.01984759,-0.01891525
"Np2_500566",-0.01088546,-0.00586511,-0.0052237,-0.02066011,-0.01082464,-0.02051574,-0.00265957,-0.02290354,-0.01287047,-0.01959619,-0.00300307,-0.00310339,-0.02982989,0.00663635,-0.03794785,-0.01763089,-0.0284802,-0.01670679,-0.01368061,-0.00293771,-0.00844748,-0.02552704,-0.02525491,-0.02379577,-0.02593888,-0.00146794,-0.02805919,-0.00788206,-0.0108125,-0.01854591,-0.00188137,-0.00597606,-0.0077164,-0.01754733,-0.0257747,-0.01741356,-0.02589932,-0.00501243,-0.02649519,-0.0101118,-0.01827994,-0.0284042,-0.01776468,-0.02212994,-0.02054919,-0.00220967,0.00018575,-0.0209778,-0.02132436,-0.02685691,-0.01449073,-0.02346899,-0.01229292,0.22351537,-0.00385576,-0.00213063,-0.01328696,-0.01629031,-0.0181766,0.00057029,-0.02161314,-0.00144971,-0.01564286,-0.01310001,-0.00197408,-0.01569605,-0.01790911,-0.01982573,-0.00823013,-0.00822557,-0.01121528,0.00416493,-0.01173661,-0.00842467,0.00532921,-0.00659316,0.01621495,-0.03034523,-0.02130457,-0.01085505,-0.01368667,0.00712882,-0.01810667,-0.01313952,-0.00906455,-0.02150674,-0.0207042,-0.01966459,-0.0081967,0.00152025,-0.0157097,-0.02966722,1.551e-05,0.10131457,-0.01336142,-0.01022124,-0.0186751,0.01984759,0.96849095,-0.01764457
"Np2_500852",-0.02000963,-0.00617366,0.00373936,-0.02963228,-0.01158918,-0.01064074,-0.01543158,0.05795233,-0.02868235,0.01322983,-0.0084794,-0.00462788,0.00649196,-0.02604684,-0.01606539,-0.01337965,-0.03015671,-0.0177753,-0.00076574,0.013625,-0.0283632,-0.01671597,0.00255532,-0.00191328,-0.02883132,-0.00284044,-0.02350396,-0.00332682,-0.01598484,0.01367212,-0.01130952,9.911e-05,-0.01167279,0.00175128,0.01069912,-0.01726613,-0.01040059,-0.01702448,-0.01266835,-0.00844443,0.00633845,-0.00515379,-0.01442539,0.00020855,-0.00429046,-0.01194182,-0.00513858,-0.01611859,-0.00780151,0.03211197,-0.02163899,-0.02499349,-0.00819366,-0.00979869,-0.00735617,-0.01946245,-0.03305069,0.00984796,-0.01149346,-0.01326567,-0.00824229,-0.0123978,0.00152785,-0.01447251,0.00136521,-0.01098882,-0.01669773,-0.00478293,-0.02267409,-0.02282151,-0.01562766,-0.02608634,-0.0112852,-0.00447741,-0.01124266,-0.00887764,-0.00826052,-0.02822189,-0.0178133,-0.00736377,0.00378799,-0.02388247,-0.02403898,0.00494315,-0.00238142,-0.01239171,-0.01630097,-0.00522978,-0.00820127,-0.00456405,-0.00355481,-0.02815187,-0.01883623,-0.01222908,-0.01868576,0.00542952,-0.02141556,-0.01891525,-0.01764457,0.97729871
