"","solution","std.error","z.ratio"
"vm(ID, ginv)_Np1_503180",0.921947682965033,0.748465872390443,1.23178319409611
"vm(ID, ginv)_Np1_504630",1.02636707049589,0.764823394953513,1.34196610259062
"vm(ID, ginv)_Np1_501933",-0.44188162485379,0.739869076170305,-0.597242997559851
"vm(ID, ginv)_Np1_504964",0.285922757516565,0.715910305578278,0.399383491603197
"vm(ID, ginv)_Np1_500080",0.998880828361562,0.758734685105393,1.3165087190166
"vm(ID, ginv)_Np1_504026",0.268317164589231,0.750236889060755,0.3576432570853
"vm(ID, ginv)_Np1_503504",0.406262754423684,0.770306050164022,0.5274043405698
"vm(ID, ginv)_Np1_503139",0.584163465482906,0.745546039073717,0.783537749336961
"vm(ID, ginv)_Np1_503929",0.214209170949672,0.789601465798895,0.271287706809082
"vm(ID, ginv)_Np1_500039",-0.00299615143749916,0.73766685189157,-0.00406165931113245
"vm(ID, ginv)_Np1_500114",0.56165058230033,0.832611109854888,0.674565323057264
"vm(ID, ginv)_Np1_503643",0.887100685106341,0.743717748310402,1.19279214073038
"vm(ID, ginv)_Np1_503443",0.36415746387029,0.761264052401967,0.478358938296492
"vm(ID, ginv)_Np1_504658",0.102552021677409,0.741630198969274,0.138279187956392
"vm(ID, ginv)_Np1_504360",0.206447161492764,0.764725422138999,0.269962466940506
"vm(ID, ginv)_Np1_502407",0.737754187538917,0.718016602863136,1.02748903660037
"vm(ID, ginv)_Np1_503258",0.808267670285486,0.788882758327719,1.02457261456551
"vm(ID, ginv)_Np1_500079",0.660224946133126,0.757213886346455,0.871913415796825
"vm(ID, ginv)_Np1_503911",0.138314924857414,0.764970503524035,0.180810794952524
"vm(ID, ginv)_Np1_503046",0.458087356464821,0.73749601428004,0.621138755457568
"vm(ID, ginv)_Np1_503448",-0.221322544120668,0.771997307137492,-0.286688233332465
"vm(ID, ginv)_Np1_501959",0.759783743018946,0.753811485413472,1.007922746895
"vm(ID, ginv)_Np1_500336",0.594730642267803,0.742744631814653,0.800720216334346
"vm(ID, ginv)_Np1_501929",0.479622633962783,0.73573044721796,0.651899939409053
"vm(ID, ginv)_Np1_503901",0.62065262317693,0.718813927345701,0.863439896704224
"vm(ID, ginv)_Np1_503535",0.91617710988026,0.682468888168318,1.34244523928291
"vm(ID, ginv)_Np1_501538",1.13427748041435,0.703252155442814,1.61290295612408
"vm(ID, ginv)_Np1_503983",0.454847101281464,0.753685289188493,0.603497385190052
"vm(ID, ginv)_Np1_501123",0.653994218273888,0.696202408542017,0.939373679622108
"vm(ID, ginv)_Np1_500098",-0.202149754471286,0.69428031666111,-0.29116446141445
"vm(ID, ginv)_Np1_504188",0.351717007912858,0.756984377190177,0.464629150232114
"vm(ID, ginv)_Np1_503172",0.936683151258403,0.750021084116535,1.24887575975513
"vm(ID, ginv)_Np1_503328",0.262111541038089,0.699256013434288,0.374843456477076
"vm(ID, ginv)_Np1_500051",0.0393702908983542,0.754312895033157,0.0521935806183237
"vm(ID, ginv)_Np1_503246",0.409002063833107,0.707295954128204,0.57826156285205
"vm(ID, ginv)_Np1_503933",0.822766063316247,0.731753293743482,1.12437630325812
"vm(ID, ginv)_Np1_502854",1.20235432989615,0.749920458787779,1.60330914539886
"vm(ID, ginv)_Np1_501184",0.483829689675489,0.697109730075565,0.694050977631661
"vm(ID, ginv)_Np1_504533",0.532163876647696,0.801583303762634,0.663890919570951
"vm(ID, ginv)_Np1_503793",0.912662068561144,0.797051237278296,1.14504817993587
"vm(ID, ginv)_Np1_504397",-0.342947718097868,0.775671830950428,-0.442129911663358
"vm(ID, ginv)_Np1_503222",0.72548702868832,0.758640380828286,0.956298988324654
"vm(ID, ginv)_Np1_501873",0.251425584294395,0.766018099544652,0.328224077791179
"vm(ID, ginv)_Np1_502147",1.60925483362983,0.71958578365609,2.2363627383708
"vm(ID, ginv)_Np1_501649",0.334011093999865,0.795772603902229,0.419731833393077
"vm(ID, ginv)_Np1_504827",0.634494826992764,0.785110649149806,0.808159751341873
"vm(ID, ginv)_Np1_503464",0.254835942192573,0.77394129626507,0.329270376735774
"vm(ID, ginv)_Np1_503363",1.17764477207165,0.749001470282511,1.57228632892731
"vm(ID, ginv)_Np1_501774",0.116378932024713,0.796995259327819,0.146022113259327
"vm(ID, ginv)_Np1_502917",1.30430854979572,0.757439134637849,1.72199783474264
"vm(ID, ginv)_Np1_503445",-0.57906390427155,0.745464207714367,-0.776782973990114
"vm(ID, ginv)_Np1_502173",0.213666180311312,0.745423220743991,0.286637408609375
"vm(ID, ginv)_Np1_504915",0.494241189073846,0.705024373281843,0.701027096089153
"vm(ID, ginv)_Np1_504973",-0.324157969583153,0.751275236855258,-0.431476978983145
"vm(ID, ginv)_Np1_503102",0.137974939137663,0.764270117688947,0.180531641816484
"vm(ID, ginv)_Np1_503354",1.55227912134185,0.774639851582173,2.0038720163588
"vm(ID, ginv)_Np1_503689",0.135062765031015,0.73566859476132,0.183591859150701
"vm(ID, ginv)_Np1_500677",0.941826336681196,0.729949595561235,1.29026215290531
"vm(ID, ginv)_Np1_500182",0.441213086413725,0.722594319870216,0.610595840959518
"vm(ID, ginv)_Np1_501158",0.45853733514531,0.746087229010393,0.614589443855663
"vm(ID, ginv)_Np1_502973",0.448274229043658,0.757045579936666,0.592136379795204
"vm(ID, ginv)_Np1_504933",0.609024244236202,0.708777160434035,0.859260538055788
"vm(ID, ginv)_Np1_504560",-0.088093496213825,0.767489860592533,-0.11478131599786
"vm(ID, ginv)_Np1_500178",0.715694289568303,0.715500079448514,1.00027143270192
"vm(ID, ginv)_Np1_503553",0.914325773982686,0.744011194252944,1.22891400162434
"vm(ID, ginv)_Np1_503331",0.614566745527711,0.804169089368142,0.76422577496804
"vm(ID, ginv)_Np1_500457",0.751236614375774,0.733384150379806,1.0243425822425
"vm(ID, ginv)_Np1_503873",0.639244703365184,0.775086734168574,0.824739574534061
"vm(ID, ginv)_Np1_500570",0.51451391275134,0.787181727960935,0.653615162135564
"vm(ID, ginv)_Np1_502651",1.36666558483281,0.72366376867845,1.88853669892664
"vm(ID, ginv)_Np1_501049",1.17483276777256,0.754428466827902,1.55724872460381
"vm(ID, ginv)_Np1_502663",0.0705948645296937,0.839543474843322,0.0840872053027013
"vm(ID, ginv)_Np1_504275",0.27986361575182,0.774686512308362,0.361260472856175
"vm(ID, ginv)_Np1_504215",0.751861154476226,0.785508539393999,0.957164838788727
"vm(ID, ginv)_Np1_501470",0.0679212044348414,0.739924066499433,0.0917948307265844
"vm(ID, ginv)_Np1_503557",0.476553410379128,0.798879130978353,0.596527549537455
"vm(ID, ginv)_Np1_500259",0.88651741542868,0.752291072562338,1.1784234158318
"vm(ID, ginv)_Np1_502421",0.311520838383411,0.781930131339757,0.398399838934013
"vm(ID, ginv)_Np1_502846",0.14938636101496,0.737423865620918,0.202578690464778
"vm(ID, ginv)_Np1_502827",-0.412816938287431,0.768291282923316,-0.537318263870806
"vm(ID, ginv)_Np1_503722",0.245873695447046,0.808522794862664,0.304102366698035
"vm(ID, ginv)_Np1_503223",0.0156686023455638,0.774254664173908,0.0202370138283654
"vm(ID, ginv)_Np1_500295",0.823837463303167,0.789843287901939,1.04303913943679
"vm(ID, ginv)_Np1_503106",0.956746608987321,0.706857638289267,1.35352093146059
"vm(ID, ginv)_Np1_502930",0.967423810644649,0.701299056147287,1.37947399495925
"vm(ID, ginv)_Np1_501804",0.732072500261655,0.757732568832219,0.966135719083437
"vm(ID, ginv)_Np1_500315",0.77496626604868,0.727169017150038,1.06573059051109
"vm(ID, ginv)_Np1_503087",0.737000551739424,0.79803340338013,0.923520931101133
"vm(ID, ginv)_Np1_501894",0.134547341397879,0.768913339248396,0.174983752433529
"vm(ID, ginv)_Np1_501695",-0.393336841392297,0.783583349429214,-0.501971923827651
"vm(ID, ginv)_Np1_502993",0.68375158928529,0.749142690457867,0.912712088090174
"vm(ID, ginv)_Np1_503803",0.501962227652005,0.820073395000435,0.612094271942256
"vm(ID, ginv)_Np1_501531",-0.228906100952116,0.746558536312725,-0.306615074127596
"vm(ID, ginv)_Np1_504548",0.986321912791396,0.73511947636167,1.34171647535854
"vm(ID, ginv)_Np1_500157",0.303669173658711,0.750453841962083,0.404647370269648
"vm(ID, ginv)_Np1_503536",0.916884938238517,0.766053774415092,1.19689370232343
"vm(ID, ginv)_Np1_500107",0.436365788543885,0.766281366211168,0.569458958269426
"vm(ID, ginv)_Np1_502095",0.327462553155736,0.726107692603691,0.450983451203381
"vm(ID, ginv)_Np1_502926",0.612713983640175,0.707023087130242,0.866610998697566
"vm(ID, ginv)_Np1_501573",0.40610506733042,0.702602066530464,0.578001527003496
"vm(ID, ginv)_No_511001",-0.293179657614676,0.791476638274076,-0.370421113444352
"vm(ID, ginv)_No_511002",0.369590958812769,0.795562690768093,0.464565474351166
"vm(ID, ginv)_No_511003",0.808699936820161,0.80799331590937,1.00087453806471
"vm(ID, ginv)_No_511004",0.35937272896371,0.783216165237946,0.458842328483516
"vm(ID, ginv)_No_511005",0.860089425810598,0.795281556564167,1.08149047178514
"vm(ID, ginv)_No_511006",0.974452664552222,0.780952496758274,1.24777456836
"vm(ID, ginv)_No_511007",0.856556326940624,0.786045910025999,1.08970267005434
"vm(ID, ginv)_No_511008",-0.829267810501049,0.798201358092919,-1.0389205707221
"vm(ID, ginv)_No_511009",0.0392349507364934,0.787685436566495,0.049810430554001
"vm(ID, ginv)_No_511010",0.413056661510171,0.78708446825703,0.524793307667308
"vm(ID, ginv)_No_511011",0.712247246308835,0.805315345578771,0.884432725911798
"vm(ID, ginv)_No_511012",0.547015665489211,0.830146656425976,0.658938587844554
"vm(ID, ginv)_No_511013",0.37717501778465,0.797913120970866,0.472701861733669
"vm(ID, ginv)_No_511014",0.596177886412596,0.796718815006942,0.748291461407751
"vm(ID, ginv)_No_511015",-0.21563542534909,0.784612016410372,-0.274830643476032
"vm(ID, ginv)_No_511016",0.832453125379074,0.805762914842291,1.03312414861139
"vm(ID, ginv)_No_511017",-0.0369008604103905,0.799759710533072,-0.0461399341882258
"vm(ID, ginv)_No_511018",0.63255155586021,0.796073097246693,0.794589790872169
"vm(ID, ginv)_No_511019",0.267125306264852,0.795964750040854,0.335599417249496
"vm(ID, ginv)_No_511020",0.73327474665364,0.775242371750779,0.945865155690136
"vm(ID, ginv)_No_511021",0.238812652583102,0.790910484945641,0.301946499798287
"vm(ID, ginv)_No_511022",0.175370057303053,0.788405434778613,0.222436388141208
"vm(ID, ginv)_No_511023",0.109928304201782,0.778451523807038,0.14121406515357
"vm(ID, ginv)_No_511024",0.254016045729737,0.775009591618286,0.327758583218732
"vm(ID, ginv)_No_511025",0.896697469966197,0.815308717411533,1.09982568665899
"vm(ID, ginv)_No_511026",1.12298260630616,0.786924180956907,1.42705311830754
"vm(ID, ginv)_No_511027",0.324153998744609,0.78152264789372,0.414772367273343
"vm(ID, ginv)_No_511028",0.108560191382623,0.789881130181609,0.137438643910461
"vm(ID, ginv)_No_511029",0.320685924346479,0.806631146937909,0.397562040052445
"vm(ID, ginv)_No_511030",0.289442583271517,0.789470970891262,0.366628532198917
"vm(ID, ginv)_No_511031",1.12665265888433,0.781805926500769,1.44108994405687
"vm(ID, ginv)_No_511032",0.497915827093315,0.792672661379509,0.628148101167989
"vm(ID, ginv)_No_511033",-0.170753098708134,0.776835459524146,-0.219806004752576
"vm(ID, ginv)_No_511034",0.501517460047912,0.802447374628594,0.624984859948024
"vm(ID, ginv)_No_511035",0.302485089254833,0.783898922393741,0.385872566747706
"vm(ID, ginv)_No_511036",0.572565726697059,0.785710132646642,0.728723867628368
"vm(ID, ginv)_No_511037",0.30209414756407,0.779439349774188,0.387578773963093
"vm(ID, ginv)_No_511038",0.904635646749374,0.775756055808549,1.16613417320539
"vm(ID, ginv)_No_511039",0.343114465010506,0.798324737861668,0.429793101400749
"vm(ID, ginv)_No_511040",-0.260677482284906,0.78786236672989,-0.33086677736224
"vm(ID, ginv)_No_511041",0.46963143748545,0.800063960433224,0.586992366499237
"vm(ID, ginv)_No_511042",0.542732509180336,0.774611560681087,0.700651186645254
"vm(ID, ginv)_No_511043",0.431763882893499,0.781012179208717,0.552826056222249
"vm(ID, ginv)_No_511044",0.87437255679593,0.78947409731209,1.10753799240899
"vm(ID, ginv)_No_511045",-0.594112598420755,0.797531972289816,-0.744938910367421
"vm(ID, ginv)_No_511046",0.551419831265956,0.776415814967796,0.710212003201954
"vm(ID, ginv)_No_511047",-0.417564874939815,0.785373239461272,-0.531676983578209
"vm(ID, ginv)_No_511048",1.18771384879789,0.804295841369096,1.47671265684543
"vm(ID, ginv)_No_511049",0.121990869142842,0.809374476717282,0.150722406811765
"vm(ID, ginv)_No_511050",0.241324188230832,0.776842298822374,0.310647590375368
"vm(ID, ginv)_No_511051",0.589063250688235,0.803180722498485,0.733413083989134
"vm(ID, ginv)_No_511052",1.07301729068842,0.780358793206465,1.37503069104845
"vm(ID, ginv)_No_511053",0.859721491154815,0.802502958852258,1.07130008889237
"vm(ID, ginv)_No_511054",0.247784014203037,0.830764989327302,0.298260058363407
"vm(ID, ginv)_No_511055",0.403028811038021,0.794843542782825,0.507054268349439
"vm(ID, ginv)_No_511056",0.510800144010277,0.796468943852177,0.641330899281216
"vm(ID, ginv)_No_511057",0.252842240895981,0.770520966834651,0.328144530491717
"vm(ID, ginv)_No_511058",1.69078816023411,0.767276418907452,2.2036232556732
"vm(ID, ginv)_No_511059",1.25357965686796,0.766473896104679,1.63551513396453
"vm(ID, ginv)_No_511060",0.446101957358547,0.806639180791342,0.553037799280844
"vm(ID, ginv)_No_511061",0.522709005296046,0.806831046168017,0.647854352876743
"vm(ID, ginv)_No_511062",0.546781779362094,0.807242210600379,0.677345376867037
"vm(ID, ginv)_No_511063",0.855173709861819,0.810767556364172,1.05477051116449
"vm(ID, ginv)_No_511064",0.73427809041139,0.773362700516378,0.949461475089384
"vm(ID, ginv)_No_511065",0.976168432387037,0.798443288148652,1.22258956506539
"vm(ID, ginv)_No_511066",0.358537840314339,0.808772479310228,0.443311128267028
"vm(ID, ginv)_No_511067",0.997356904071399,0.808101601353748,1.23419741082137
"vm(ID, ginv)_No_511068",1.00006306152992,0.78221089097732,1.27850822976961
"vm(ID, ginv)_No_511069",0.574886333106648,0.806859817400917,0.712498405185786
"vm(ID, ginv)_No_511070",0.406205397590035,0.773869412859181,0.524901735150955
"vm(ID, ginv)_No_511071",1.20582148700472,0.793877308141479,1.51890156657535
"vm(ID, ginv)_No_511072",0.205248780095899,0.808234954239728,0.253946923501926
"vm(ID, ginv)_No_511073",-0.183958957191964,0.797601272105552,-0.230640250493005
"vm(ID, ginv)_No_511074",0.614675055601742,0.791187169127797,0.776902204164102
"vm(ID, ginv)_No_511075",0.0644596821394162,0.796345079402918,0.0809444094107377
"vm(ID, ginv)_No_511076",0.25405940493175,0.784278595334506,0.323940250879077
"vm(ID, ginv)_No_511077",0.173351639179276,0.810471114235228,0.2138899661376
"vm(ID, ginv)_No_511078",1.28992712025072,0.79629116507097,1.61991891513169
"vm(ID, ginv)_No_511079",0.378885152803919,0.78102613571241,0.48511200263269
"vm(ID, ginv)_No_511080",0.501937836223888,0.760686457630153,0.659848523907771
"vm(ID, ginv)_No_511081",0.0904201063632484,0.768043174869755,0.117727895151964
"vm(ID, ginv)_No_511082",0.804285221658568,0.805507792620111,0.998482235711754
"vm(ID, ginv)_No_511083",1.07007746999254,0.796506691484928,1.3434632520131
"vm(ID, ginv)_No_511084",0.653686399985755,0.769104870726676,0.84993142660523
"vm(ID, ginv)_No_511085",1.11541670072607,0.782382611142414,1.42566652791193
"vm(ID, ginv)_No_511086",0.530070035421556,0.799787567637221,0.662763534806523
"vm(ID, ginv)_No_511087",-0.167995490618913,0.800903278541208,-0.209757526433037
"vm(ID, ginv)_No_511088",0.143817279059332,0.771215726581872,0.186481258229456
"vm(ID, ginv)_No_511089",0.981334393423701,0.801788774058313,1.22393132103435
"vm(ID, ginv)_No_511090",-0.212338981896883,0.812667526940453,-0.261286411549261
"vm(ID, ginv)_No_511091",0.839377143876557,0.795905413596405,1.05461921672793
"vm(ID, ginv)_No_511092",0.682578140480031,0.782025172635404,0.872833975637589
"vm(ID, ginv)_No_511093",0.463472125505835,0.779116467812145,0.594868860630455
"vm(ID, ginv)_No_511094",-0.0907313832743061,0.79825931431819,-0.113661540362735
"vm(ID, ginv)_No_511095",0.708375557428657,0.781633970575159,0.906275295209348
"vm(ID, ginv)_No_511096",0.352057990600842,0.793967440089443,0.443416156412134
"vm(ID, ginv)_No_511097",0.38901522233757,0.773824401092779,0.502717698987277
"vm(ID, ginv)_No_511098",1.02890418019372,0.795497241422163,1.29341011711654
"vm(ID, ginv)_No_511099",0.109491808304677,0.779895508312935,0.140392920766436
"vm(ID, ginv)_No_511100",0.647990909373278,0.79170977783445,0.818470262102505
"vm(ID, ginv)_No_511101",1.248940738403,0.795946421978062,1.569126644604
"vm(ID, ginv)_No_511102",0.700321270019115,0.745419283934975,0.939499802476542
"vm(ID, ginv)_No_511103",0.689219547633869,0.786242501531238,0.876599199727295
"vm(ID, ginv)_No_511104",0.789561033343249,0.806518509355105,0.978974473846341
"vm(ID, ginv)_No_511105",1.02647744348612,0.790047266531466,1.29926079991726
"vm(ID, ginv)_No_511106",1.49723398638938,0.807264644289525,1.85470031046275
"vm(ID, ginv)_No_511107",0.367868175650371,0.790904769531,0.465123223202351
"vm(ID, ginv)_No_511108",1.28471038625898,0.79671931792911,1.61250061012489
"vm(ID, ginv)_No_511109",0.807801326573593,0.785743176164305,1.02807297737788
"vm(ID, ginv)_No_511110",0.173022206839852,0.816223088681379,0.211979064595406
"vm(ID, ginv)_No_511111",1.33124226051737,0.787093732750391,1.69133891571659
"vm(ID, ginv)_No_511112",1.3628117580677,0.766039565548502,1.77903573047418
"vm(ID, ginv)_No_511113",0.867064803948425,0.810013382548356,1.07043268991505
"vm(ID, ginv)_No_511114",0.283538627065719,0.784928314948515,0.361228690143911
"vm(ID, ginv)_No_511115",0.630557904694722,0.804577560188792,0.78371301400298
"vm(ID, ginv)_No_511116",-0.0837488312060752,0.787459325298331,-0.106353215354135
"vm(ID, ginv)_No_511117",0.780528563739961,0.793492592314571,0.983662067295682
"vm(ID, ginv)_No_511118",0.395254743067042,0.779830959549743,0.506846693154185
"vm(ID, ginv)_No_511119",0.499859844162723,0.777576568429833,0.642843244585024
"vm(ID, ginv)_No_511120",0.379798180250761,0.79205630702597,0.479509066314787
"vm(ID, ginv)_No_511121",0.484222607263191,0.80630682957224,0.600543849442624
"vm(ID, ginv)_No_511122",0.524050609109473,0.768362133962561,0.682035964483133
"vm(ID, ginv)_No_511123",0.466395880764627,0.813889336867271,0.57304581794845
"vm(ID, ginv)_No_511124",0.137850972402056,0.763844173888371,0.180470018774014
"vm(ID, ginv)_No_511125",0.412423266414633,0.763048607518533,0.540494094807211
"vm(ID, ginv)_No_511126",0.830570418003857,0.757729312425494,1.09613077438591
"vm(ID, ginv)_No_511127",0.761162236040708,0.815181875361371,0.933733022098025
"vm(ID, ginv)_No_511128",0.3051986849649,0.799347634434275,0.381809705586855
"vm(ID, ginv)_No_511129",-0.0258878223062093,0.78096079180854,-0.0331486837466687
"vm(ID, ginv)_No_511130",0.69734159821377,0.770502584471191,0.905047708168776
"vm(ID, ginv)_No_511131",-0.0195595579631135,0.794446413720152,-0.0246203615817485
"vm(ID, ginv)_No_511132",1.54952755802688,0.776357158611262,1.99589524079182
"vm(ID, ginv)_No_511133",0.498360199589112,0.812652171214193,0.61325154505464
"vm(ID, ginv)_No_511134",0.720506924159625,0.804025700800185,0.896124245086395
"vm(ID, ginv)_No_511135",-0.162488534041505,0.795822793941334,-0.204176778145265
"vm(ID, ginv)_No_511136",0.384885072156184,0.79136793297583,0.486354142135728
"vm(ID, ginv)_No_511137",0.47852137961483,0.792940533358347,0.603477006766377
"vm(ID, ginv)_No_511138",0.0842665361250802,0.799218459983183,0.105436173392258
"vm(ID, ginv)_No_511139",0.185365171796293,0.764861838224437,0.242351183615858
"vm(ID, ginv)_No_511140",-0.0676977589246776,0.783580030122636,-0.0863954622657782
"vm(ID, ginv)_No_511141",0.385942286211288,0.797076770553073,0.484197131906745
"vm(ID, ginv)_No_511142",-0.205846566895865,0.784282743433168,-0.262464740706623
"vm(ID, ginv)_No_511143",0.254384629236199,0.796593521061123,0.319340570203659
"vm(ID, ginv)_No_511144",1.02010110343356,0.803399860427397,1.26973024726552
"vm(ID, ginv)_No_511145",0.251019183252019,0.785555969349374,0.319543346427528
"vm(ID, ginv)_No_511146",0.325611075023281,0.778731807021062,0.418129928799061
"vm(ID, ginv)_No_511147",0.335327056551487,0.782084533653176,0.428760628963149
"vm(ID, ginv)_No_511148",0.223048960675108,0.796159264429865,0.280156208236596
"vm(ID, ginv)_No_511149",0.72357659183038,0.793816435580988,0.911516264211385
"vm(ID, ginv)_No_511150",0.696942773172096,0.792396679804303,0.879537725150766
"vm(ID, ginv)_No_511151",-0.0178299937215509,0.800314539155262,-0.0222787327347202
"vm(ID, ginv)_No_511152",-0.171494732915055,0.775558216757701,-0.221124255032725
"vm(ID, ginv)_No_511153",0.918457201054119,0.779935436813324,1.177606706533
"vm(ID, ginv)_No_511154",-0.419499034060319,0.784677589298379,-0.534613247251543
"vm(ID, ginv)_No_511155",0.720350510385947,0.788651865156956,0.913394797135976
"vm(ID, ginv)_No_511156",0.571397523607221,0.790490264274499,0.722839419321175
"vm(ID, ginv)_No_511157",1.56217630354,0.785523726896565,1.98870670617656
"vm(ID, ginv)_No_511158",-0.0353491638473498,0.772353000475951,-0.0457681446509127
"vm(ID, ginv)_No_511159",0.501008069568368,0.772870894864852,0.648242899166201
"vm(ID, ginv)_No_511160",0.941773274603682,0.796337978961208,1.18263011370146
"vm(ID, ginv)_No_511161",-0.125440208160369,0.784424812695276,-0.159913615849755
"vm(ID, ginv)_No_511162",1.20749293087716,0.801052636954788,1.50738275510516
"vm(ID, ginv)_No_511163",1.25392346164842,0.764047715315061,1.64115857755213
"vm(ID, ginv)_No_511164",0.407442435436286,0.78533770642876,0.51881175715997
"vm(ID, ginv)_No_511165",0.664186982206066,0.777717117990218,0.854021297515558
"vm(ID, ginv)_No_511166",-0.0379135008070046,0.776665706668636,-0.0488157266137417
"vm(ID, ginv)_No_511167",-0.261442464862995,0.783383649163439,-0.333734901337531
"vm(ID, ginv)_No_511168",0.957597966290334,0.785023198316726,1.21983397222356
"vm(ID, ginv)_No_511169",0.914391999612873,0.79737173780955,1.14675747365312
"vm(ID, ginv)_No_511170",0.643481181168645,0.754328735260068,0.85305139667892
"vm(ID, ginv)_No_511171",1.1520063215111,0.814113351601305,1.41504413266922
"vm(ID, ginv)_No_511172",1.04565608435953,0.780769550069665,1.33926340271112
"vm(ID, ginv)_No_511173",1.27079893653372,0.784297769349378,1.62030160762529
"vm(ID, ginv)_No_511174",0.056913179712619,0.763957135877651,0.074497870416821
"vm(ID, ginv)_No_511175",0.28812748259541,0.810881155594115,0.355326400925306
"vm(ID, ginv)_No_511176",-0.432367127484807,0.779658837399898,-0.554559387701828
"vm(ID, ginv)_No_511177",0.823590748271649,0.780867887512305,1.05471202163973
"vm(ID, ginv)_No_511178",0.653240668615749,0.799497046081595,0.817064518020846
"vm(ID, ginv)_No_511179",0.414206615718766,0.804579505387365,0.514811293284616
"vm(ID, ginv)_No_511180",0.254265684402159,0.796656482051255,0.319166027178324
"vm(ID, ginv)_No_511181",0.0373007266921365,0.788098441673671,0.0473300348277833
"vm(ID, ginv)_No_511182",0.555670729975094,0.807060418213976,0.68851193471338
"vm(ID, ginv)_No_511183",0.741239881765164,0.770918350258252,0.961502449016623
"vm(ID, ginv)_No_511184",-0.720291338755117,0.796870689427813,-0.903899902846617
"vm(ID, ginv)_No_511185",0.751253051134765,0.791918791443613,0.948649102978455
"vm(ID, ginv)_No_511186",-0.0903626273306207,0.788722303103493,-0.114568368328192
"vm(ID, ginv)_No_511187",-0.0685298825189352,0.804935877607008,-0.0851370704492233
"vm(ID, ginv)_No_511188",0.450915735208664,0.767668243855677,0.587383598081253
"vm(ID, ginv)_No_511189",0.016965760457645,0.82866607551133,0.0204735791159017
"vm(ID, ginv)_No_511190",-0.0509707095785489,0.799466326468231,-0.0637559180306193
"vm(ID, ginv)_No_511191",0.708414766656338,0.774116655129219,0.915126631060645
"vm(ID, ginv)_No_511192",-0.294845681343385,0.796989328819676,-0.369949346473741
"vm(ID, ginv)_No_511193",0.804599872475768,0.792590025916945,1.01515265921361
"vm(ID, ginv)_No_511194",-0.11978074808201,0.804159320117951,-0.148951513817487
"vm(ID, ginv)_No_511195",0.0570222964679281,0.794950053086941,0.0717306656518856
"vm(ID, ginv)_No_511196",0.942705171840751,0.797534144828226,1.1820248423894
"vm(ID, ginv)_No_511197",0.379076746860169,0.779066359787633,0.486578251130626
"vm(ID, ginv)_No_511198",1.03073287896917,0.799373664170172,1.2894256155401
"vm(ID, ginv)_No_511199",-0.0491778052557789,0.7780643845386,-0.0632053159520234
"vm(ID, ginv)_No_511200",-0.232450520292324,0.79907136298303,-0.290900826960633
"vm(ID, ginv)_No_511201",0.722345940432124,0.786722119918066,0.918171641732094
"vm(ID, ginv)_No_511202",0.657368878501662,0.770126827763303,0.853585221035442
"vm(ID, ginv)_No_511203",1.0172654018765,0.786714087222059,1.29305603954358
"vm(ID, ginv)_No_511204",-0.142742984989102,0.784279051068183,-0.182005352297358
"vm(ID, ginv)_No_511205",0.106828427880996,0.774881840354387,0.137864152077869
"vm(ID, ginv)_No_511206",0.62057348979549,0.772900681445031,0.802914921274558
"vm(ID, ginv)_No_511207",-0.273687403685283,0.793596132052462,-0.344869881078492
"vm(ID, ginv)_No_511208",0.268111423936697,0.772008877048386,0.347290597177801
"vm(ID, ginv)_No_511209",0.300712886627837,0.795875201859527,0.377839246561816
"vm(ID, ginv)_No_511210",-0.216241790846389,0.793010489876933,-0.272684653742661
"vm(ID, ginv)_No_511211",0.525478701832465,0.809987177061363,0.648749408279406
"vm(ID, ginv)_No_511212",0.747053134332603,0.808079088477626,0.924480221038769
"vm(ID, ginv)_No_511213",0.861895815929976,0.779240519648079,1.10607160972485
"vm(ID, ginv)_No_511214",0.287290061431214,0.782669711165899,0.367064238378734
"vm(ID, ginv)_No_511215",1.05324412780939,0.767925255522943,1.37154510837406
"vm(ID, ginv)_No_511216",0.766190964420561,0.786159824517549,0.974599490492608
"vm(ID, ginv)_No_511217",0.631330794948984,0.783219489196852,0.806071355037881
"vm(ID, ginv)_No_511218",0.146184583987475,0.811885378993635,0.180055692305578
"vm(ID, ginv)_No_511219",0.160830704331624,0.782777661099119,0.205461540772379
"vm(ID, ginv)_No_511220",0.660002552934672,0.788379638903953,0.837163366943675
"vm(ID, ginv)_No_511221",-0.0526035242619644,0.807293642104091,-0.0651603351227455
"vm(ID, ginv)_No_511222",0.228614108322967,0.754068920658175,0.303174023036814
"vm(ID, ginv)_No_511223",0.158041547105224,0.789181879189531,0.200259979698886
"vm(ID, ginv)_No_511224",0.821561059800771,0.802246911161378,1.02407506762654
"vm(ID, ginv)_No_511225",0.837484163798747,0.788805125872964,1.06171237524846
"vm(ID, ginv)_No_511226",0.872472479799912,0.786398745558637,1.10945304112881
"vm(ID, ginv)_No_511227",1.3197848931466,0.79306726058752,1.66415253627905
"vm(ID, ginv)_No_511228",1.45991864713658,0.784322617048968,1.86137517317754
"vm(ID, ginv)_No_511229",0.905902104659818,0.793123221345425,1.14219591644673
"vm(ID, ginv)_No_511230",0.628228179821622,0.782185644507742,0.803170173516786
"vm(ID, ginv)_No_511231",0.572418145163834,0.794696443528295,0.720297856905475
"vm(ID, ginv)_No_511232",0.697267473738301,0.799587152706891,0.87203436345594
"vm(ID, ginv)_No_511233",1.13301262207793,0.775361159430083,1.4612708004496
"vm(ID, ginv)_No_511234",0.181710775888537,0.782948154494312,0.232085323715847
"vm(ID, ginv)_No_511235",1.27214376456136,0.766439446572789,1.65980987832748
"vm(ID, ginv)_No_511236",0.335741261078401,0.778290926564767,0.431382725429296
"vm(ID, ginv)_No_511237",0.248976399749226,0.82938445938154,0.300194194541436
"vm(ID, ginv)_No_511238",-0.0316320529053502,0.784948582853833,-0.0402982483137248
"vm(ID, ginv)_No_511239",0.137767657518656,0.770897660869242,0.178710695999924
"vm(ID, ginv)_No_511240",0.0389103979293426,0.806123433554903,0.0482685359458571
"vm(ID, ginv)_No_511241",1.3141458416182,0.780392596303305,1.683954778458
"vm(ID, ginv)_No_511242",0.321720943787738,0.786404844934751,0.409103460971723
"vm(ID, ginv)_No_511243",0.113200893663877,0.788883346961186,0.143495098609867
"vm(ID, ginv)_No_511244",0.583876107922276,0.759147581862539,0.769120684662867
"vm(ID, ginv)_No_511245",0.590108743878902,0.806477740281868,0.731711136469379
"vm(ID, ginv)_No_511246",0.994397918861689,0.773523453098322,1.28554333404975
"vm(ID, ginv)_No_511247",0.738808491520669,0.779391408077531,0.947929992380895
"vm(ID, ginv)_No_511248",0.153833340478533,0.7921684885316,0.19419270357962
"vm(ID, ginv)_No_511249",0.391198869669836,0.775991070216713,0.504128055958924
"vm(ID, ginv)_No_511250",0.0965703155033334,0.783300611301381,0.123286403853165
"vm(ID, ginv)_No_511251",0.241256902353124,0.804678560967738,0.299817733509613
"vm(ID, ginv)_No_511252",0.659320110002116,0.797662408075815,0.826565353120477
"vm(ID, ginv)_No_511253",0.065183275031915,0.775087955338512,0.0840979073187208
"vm(ID, ginv)_No_511254",0.297075492005698,0.782287772601032,0.379752186357138
"vm(ID, ginv)_No_511255",0.602364912504433,0.777120772998944,0.775123936244658
"vm(ID, ginv)_No_511256",0.480018541589593,0.788097040717047,0.609085578030911
"vm(ID, ginv)_No_511257",0.246413497435797,0.773083712766346,0.318741028127535
"vm(ID, ginv)_No_511258",1.63158340730265,0.764073348983678,2.1353753660861
"vm(ID, ginv)_No_511259",-0.446983309548692,0.788192056040636,-0.567099485617814
"vm(ID, ginv)_No_511260",0.89025175596774,0.777746632711683,1.14465523671096
"vm(ID, ginv)_No_511261",-0.203103847561596,0.779008782104756,-0.260720870197179
"vm(ID, ginv)_No_511262",0.575722946000538,0.795122217324177,0.724068493442451
"vm(ID, ginv)_No_511263",-0.0529818835089336,0.769273894438975,-0.0688725873735425
"vm(ID, ginv)_No_511264",0.871675956117263,0.772589983058033,1.12825169265984
"vm(ID, ginv)_No_511265",0.984375885356285,0.779896724402486,1.2621874852859
"vm(ID, ginv)_No_511266",1.05777907826541,0.789220109238094,1.34028399160607
"vm(ID, ginv)_No_511267",1.06873714491901,0.785618293931545,1.36037711083664
"vm(ID, ginv)_No_511268",0.936146454354345,0.793244058110367,1.18014934342451
"vm(ID, ginv)_No_511269",0.245327962465876,0.796457491793992,0.308023924683392
"vm(ID, ginv)_No_511270",0.677530253223957,0.793284437148779,0.854082371335979
"vm(ID, ginv)_No_511271",0.36981497293024,0.794539310729513,0.465445784665697
"vm(ID, ginv)_No_511272",-0.0718149698991914,0.795889637343181,-0.0902323218316077
"vm(ID, ginv)_No_511273",0.41636227425125,0.810620338696729,0.513634132250685
"vm(ID, ginv)_No_511274",0.380888087752969,0.778953894511307,0.488973853827288
"vm(ID, ginv)_No_511275",0.882710335658432,0.790502434727304,1.11664467670228
"vm(ID, ginv)_No_511276",0.28676951529763,0.793090790192991,0.36158472503236
"vm(ID, ginv)_No_511277",0.442879184075683,0.779732117765338,0.567988895141252
"vm(ID, ginv)_No_511278",0.47617406891792,0.803697177819227,0.592479458755825
"vm(ID, ginv)_No_511279",0.558091190762435,0.778763432263551,0.716637643270292
"vm(ID, ginv)_No_511280",0.687549323206807,0.798737949794654,0.86079461152881
"vm(ID, ginv)_No_511281",-0.44310185148182,0.769036711274871,-0.576177762368805
"vm(ID, ginv)_No_511282",0.684552625958879,0.804833623809954,0.85055172361999
"vm(ID, ginv)_No_511283",0.471434419394399,0.789904195750995,0.596824807274491
"vm(ID, ginv)_No_511284",-0.109188944342543,0.81113852651506,-0.134611956864701
"vm(ID, ginv)_No_511285",0.644526541731754,0.785565266093383,0.820462117599706
"vm(ID, ginv)_No_511286",1.20231156345319,0.789297626904188,1.52326767808608
"vm(ID, ginv)_No_511287",1.18586431404323,0.81531677863332,1.4544829017637
"vm(ID, ginv)_No_511288",0.83669052148504,0.819854176317759,1.02053578020777
"vm(ID, ginv)_No_511289",0.647553332135686,0.80433091574209,0.805083230623109
"vm(ID, ginv)_No_511290",0.251332279344079,0.792457350429814,0.317155591033083
"vm(ID, ginv)_No_511291",-0.275220732264505,0.800374944138802,-0.343864752738656
"vm(ID, ginv)_No_511292",0.402280500441812,0.776362815875435,0.518160442792712
"vm(ID, ginv)_No_511293",-0.0709969648072974,0.782021690106667,-0.0907864394370104
"vm(ID, ginv)_No_511294",0.296767504726081,0.767285246161929,0.386775982218549
"vm(ID, ginv)_No_511295",0.562834895595988,0.78115195995787,0.720519085206345
"vm(ID, ginv)_No_511296",0.720475613364161,0.794183167900464,0.907190736954097
"vm(ID, ginv)_No_511297",0.213310452876761,0.801413055820748,0.266167928420263
"vm(ID, ginv)_No_511298",1.15034148814277,0.77942726758199,1.47588047786867
"vm(ID, ginv)_No_511299",0.429265889193428,0.773590829437009,0.554900436844413
"vm(ID, ginv)_No_511300",0.163433084727036,0.765863688634916,0.21339709291916
"vm(ID, ginv)_No_511301",0.314169212481802,0.782620570029803,0.401432347312105
"vm(ID, ginv)_No_511302",0.714057758608489,0.78616912233723,0.908274998750449
"vm(ID, ginv)_No_511303",0.164758222157132,0.794820049801872,0.207289967330595
"vm(ID, ginv)_No_511304",0.968784785262438,0.785072244126392,1.23400717897049
"vm(ID, ginv)_No_511305",0.602965590237753,0.793218721838627,0.760150477588476
"vm(ID, ginv)_No_511306",0.766534667141296,0.793152563016684,0.966440383456432
"vm(ID, ginv)_No_511307",0.131394880728965,0.791384160355919,0.166031729356159
"vm(ID, ginv)_No_511308",0.751075122454853,0.783457249497294,0.95866765281294
"vm(ID, ginv)_No_511309",0.658962526330016,0.811117804290375,0.812412849088578
"vm(ID, ginv)_No_511310",0.922487175249219,0.777087662607715,1.18710824999277
"vm(ID, ginv)_No_511311",0.107606973408656,0.808611865293749,0.133076174153795
"vm(ID, ginv)_No_511312",0.387615782934592,0.780710985854627,0.496490750044048
"vm(ID, ginv)_No_511313",0.782359627671155,0.7931915978206,0.986343816324823
"vm(ID, ginv)_No_511314",0.350253438578344,0.803656966114636,0.435824553691957
"vm(ID, ginv)_No_511315",1.08571352347877,0.770928933670126,1.4083185570816
"vm(ID, ginv)_No_511316",0.476593092321705,0.77804397385087,0.61255289975815
"vm(ID, ginv)_No_511317",0.500881229062941,0.797416802064087,0.628129765721547
"vm(ID, ginv)_No_511318",0.597206040200978,0.809495508623935,0.737750900207181
"vm(ID, ginv)_No_511319",0.601886515135257,0.795127465283009,0.756968588578473
"vm(ID, ginv)_No_511320",0.63819681316118,0.788932100917543,0.808937565626934
"vm(ID, ginv)_No_511321",-0.165288123719598,0.804300763039903,-0.205505367289323
"vm(ID, ginv)_No_511322",0.732207177751584,0.798744632440498,0.916697462509871
"vm(ID, ginv)_No_511323",0.944904936358619,0.770874657316623,1.22575690793596
"vm(ID, ginv)_No_511324",-0.0525957048653854,0.785126782849775,-0.066990078563463
"vm(ID, ginv)_No_511325",0.988025332149783,0.811422969458327,1.21764525942536
"vm(ID, ginv)_No_511326",0.692315396808054,0.769826522338291,0.899313516381843
"vm(ID, ginv)_No_511327",1.38265421680662,0.780761297388085,1.77090516836845
"vm(ID, ginv)_No_511328",-0.0546847238223402,0.796086036922089,-0.0686919771056003
"vm(ID, ginv)_No_511329",0.126877748274255,0.790375869449041,0.160528367803915
"vm(ID, ginv)_No_511330",0.42658829045233,0.797281632584246,0.535053452905494
"vm(ID, ginv)_No_511331",0.470631484200414,0.793016194632853,0.593470205760811
"vm(ID, ginv)_No_511332",1.41130518767483,0.8086573951911,1.74524489118326
"vm(ID, ginv)_No_511333",1.320549452669,0.776659010385778,1.70029502653046
"vm(ID, ginv)_No_511334",0.126551179083125,0.784758604630313,0.161261282560567
"vm(ID, ginv)_No_511335",0.401063896023513,0.777983013288469,0.515517548806432
"vm(ID, ginv)_No_511336",1.02846379570889,0.775030208453806,1.32699833437549
"vm(ID, ginv)_No_511337",0.459367494945623,0.79868768720048,0.575152844230984
"vm(ID, ginv)_No_511338",0.0106897169683274,0.794453352977735,0.0134554369092416
"vm(ID, ginv)_No_511339",0.571097686951299,0.816904347901221,0.699099825357222
"vm(ID, ginv)_No_511340",0.834276470521272,0.773298760440926,1.07885401244608
"vm(ID, ginv)_No_511341",1.92013266090936,0.784833402406124,2.44654808908829
"vm(ID, ginv)_No_511342",0.157849701338174,0.807379442319099,0.195508695248383
"vm(ID, ginv)_No_511343",0.50951352640225,0.786790985583336,0.64758434671756
"vm(ID, ginv)_No_511344",0.297820266344649,0.826864401448739,0.360180297788661
"vm(ID, ginv)_No_511345",0.109948517706017,0.804900170427786,0.136598949466717
"vm(ID, ginv)_No_511346",0.790324076123878,0.795864022210266,0.993039079626941
"vm(ID, ginv)_No_511347",0.631515288398101,0.806193918822009,0.783329263163949
"vm(ID, ginv)_No_511348",-0.66354761720041,0.794734524832034,-0.834929899818622
"vm(ID, ginv)_No_511349",0.575891936539826,0.807617702930148,0.71307492945042
"vm(ID, ginv)_No_511350",0.344492505442735,0.775993509657255,0.443937354057114
"vm(ID, ginv)_No_511351",0.388005983440277,0.805477231370897,0.481709436752053
"vm(ID, ginv)_No_511352",0.270989444836475,0.785501160591856,0.344989235448476
"vm(ID, ginv)_No_511353",-0.0487995647557847,0.782323062940602,-0.0623777657434213
"vm(ID, ginv)_No_511354",0.29371434295145,0.793790577915979,0.370014902069724
"vm(ID, ginv)_No_511355",0.520468031428484,0.791185254390619,0.657833331119593
"vm(ID, ginv)_No_511356",-0.211741246730329,0.793222405061533,-0.266938055933888
"vm(ID, ginv)_No_511357",0.703538600886723,0.806599872094172,0.872227513575137
"vm(ID, ginv)_No_511358",0.34605059080426,0.809873789741619,0.427289529785454
"vm(ID, ginv)_No_511359",0.463472174855331,0.788167071003504,0.588037983197183
"vm(ID, ginv)_No_511360",0.616284968699321,0.783607996293886,0.786471005418618
"vm(ID, ginv)_No_511361",0.124178575178339,0.796597756510189,0.155886172366782
"vm(ID, ginv)_No_511362",0.150516225504612,0.809217303834772,0.186002233011251
"vm(ID, ginv)_No_511363",0.723870543178431,0.785148706859326,0.92195342978273
"vm(ID, ginv)_No_511364",-0.233973542780706,0.795532320436986,-0.294109411736011
"vm(ID, ginv)_No_511365",1.04321288979201,0.803389161237408,1.29851501629075
"vm(ID, ginv)_No_511366",-0.0937862196059864,0.805773749853084,-0.116392746255492
"vm(ID, ginv)_No_511367",0.848067660663607,0.794337170213537,1.06764191890407
"vm(ID, ginv)_No_511368",0.898762878538735,0.805652634536492,1.11557120278743
"vm(ID, ginv)_No_511369",1.15349176612178,0.762256183458556,1.51325996581371
"vm(ID, ginv)_No_511370",0.285896536119341,0.801745306515344,0.356592715661716
"vm(ID, ginv)_No_511371",0.873510359385204,0.798232453548461,1.09430574452605
"vm(ID, ginv)_No_511372",0.159068149319082,0.781264991287893,0.203603324215082
"vm(ID, ginv)_No_511373",0.216426276754088,0.809197598233019,0.267457883249631
"vm(ID, ginv)_No_511374",0.141526341567558,0.803726017116365,0.176087794290063
"vm(ID, ginv)_No_511375",0.476391901940006,0.79483872771775,0.599356681207378
"vm(ID, ginv)_No_511376",1.27262281680028,0.80478954114526,1.58131132642363
"vm(ID, ginv)_No_511377",0.777145160880481,0.783812225410432,0.991494053915196
"vm(ID, ginv)_No_511378",0.185349216942644,0.788734263201453,0.234995771820938
"vm(ID, ginv)_No_511379",-0.061823653874886,0.77566808975933,-0.0797037478930818
"vm(ID, ginv)_No_511380",0.188037755836623,0.802147282007703,0.234417992872807
"vm(ID, ginv)_No_511381",0.608065880870361,0.804466443598312,0.755862330503847
"vm(ID, ginv)_No_511382",0.250258377784955,0.789499049087893,0.316983760872261
"vm(ID, ginv)_No_511383",0.76604989272782,0.807330637639376,0.9488676101377
"vm(ID, ginv)_No_511384",0.327786865979601,0.789413622993618,0.415228286454655
"vm(ID, ginv)_No_511385",0.573683510950918,0.784081169470846,0.731663421196662
"vm(ID, ginv)_No_511386",0.32386902233065,0.778571482645794,0.415978531900573
"vm(ID, ginv)_No_511387",0.478055362139381,0.775662114406292,0.616319081801867
"vm(ID, ginv)_No_511388",0.418887829369846,0.817460779059187,0.512425599001756
"vm(ID, ginv)_No_511389",0.749009998584559,0.783880137466901,0.955515981059267
"vm(ID, ginv)_No_511390",0.177163433986558,0.791737346127079,0.223765412675281
"vm(ID, ginv)_No_511391",0.235771106747399,0.798193797086689,0.295380780467018
"vm(ID, ginv)_No_511392",0.683256979947751,0.809517966888453,0.844029419845971
"vm(ID, ginv)_No_511393",1.3505559553978,0.803184019243007,1.68150252375624
"vm(ID, ginv)_No_511394",0.537092872170526,0.774279382250457,0.693668053783708
"vm(ID, ginv)_No_511395",0.390890437398432,0.786190682297704,0.497195459320409
"vm(ID, ginv)_No_511396",1.50001148170925,0.80429464372939,1.86500245078586
"vm(ID, ginv)_No_511397",0.244208143590939,0.801088060899331,0.304845566312375
"vm(ID, ginv)_No_511398",0.64015543813352,0.793056370194549,0.807200423819154
"vm(ID, ginv)_No_511399",0.811028810043783,0.792203732078425,1.02376292512025
"vm(ID, ginv)_No_511400",0.493981480957236,0.785608312350113,0.628788511006856
"vm(ID, ginv)_No_511401",1.08001199324983,0.786942610486586,1.37241519121964
"vm(ID, ginv)_No_511402",1.1718201727567,0.79796414951716,1.46851230530313
"vm(ID, ginv)_No_511403",0.667763285628509,0.788005052635888,0.847409903521343
"vm(ID, ginv)_No_511404",0.813185691023987,0.778742306855418,1.044229501679
"vm(ID, ginv)_No_511405",0.619449314194371,0.775746077996016,0.79852071672034
"vm(ID, ginv)_No_511406",0.686421621519091,0.799609118910399,0.858446465010873
"vm(ID, ginv)_No_511407",0.25493041103394,0.80618981483449,0.316216362875133
"vm(ID, ginv)_No_511408",1.05592597731273,0.784017546321761,1.34681421642492
"vm(ID, ginv)_No_511409",0.52169588033527,0.798347639893275,0.653469559207329
"vm(ID, ginv)_No_511410",0.381476635383937,0.745890606163595,0.511437779523755
"vm(ID, ginv)_No_511411",0.661885066039258,0.794686389585308,0.832888388065448
"vm(ID, ginv)_No_511412",0.240209304160317,0.784845416549569,0.306059383281302
"vm(ID, ginv)_No_511413",-0.0106600877769759,0.78779762264757,-0.0135315053898618
"vm(ID, ginv)_No_511414",0.820758604460182,0.77650160921442,1.05699536835543
"vm(ID, ginv)_No_511415",0.281678349138878,0.775347192206506,0.363293182680225
"vm(ID, ginv)_No_511416",1.34520242633806,0.788610554305215,1.70578800777427
"vm(ID, ginv)_No_511417",0.612431669883332,0.788079402797577,0.777119244214835
"vm(ID, ginv)_No_511418",0.38160012222649,0.790182409445698,0.482926622593607
"vm(ID, ginv)_No_511419",0.27559541572828,0.78224191548558,0.352314814985596
"vm(ID, ginv)_No_511420",0.115668815082373,0.787260990870665,0.146925627490383
"vm(ID, ginv)_No_511421",-0.00174167866922067,0.794832925757149,-0.00219125128411303
"vm(ID, ginv)_No_511422",0.803876267055492,0.791409358435743,1.01575279403366
"vm(ID, ginv)_No_511423",0.962072509810981,0.778441944813828,1.23589500311558
"vm(ID, ginv)_No_511424",0.00433508488146989,0.786965041191544,0.00550861176108425
"vm(ID, ginv)_No_511425",0.64579207121448,0.790788961691919,0.816642748569462
"vm(ID, ginv)_No_511426",-0.606152016581552,0.785130227319137,-0.772040096649044
"vm(ID, ginv)_No_511427",1.12035030455289,0.776591638151796,1.44265048645025
"vm(ID, ginv)_No_511428",0.461945374898577,0.776450536518719,0.594945013457969
"vm(ID, ginv)_No_511429",0.626838202617164,0.765684060175787,0.818664296698633
"vm(ID, ginv)_No_511430",0.108136039052276,0.776211117215211,0.139312664626902
"vm(ID, ginv)_No_511431",0.19593032939634,0.79583638249699,0.246194235028054
"vm(ID, ginv)_No_511432",-0.228065937968993,0.795148904360621,-0.286821671662091
"vm(ID, ginv)_No_511433",0.911025312756323,0.784708907677324,1.16097230940437
"vm(ID, ginv)_No_511434",0.20977315440583,0.806293023026454,0.260169874245516
"vm(ID, ginv)_No_511435",0.0129776644901895,0.783608415609138,0.0165614154106568
"vm(ID, ginv)_No_511436",0.982312377564803,0.781338291091715,1.25721776183819
"vm(ID, ginv)_No_511437",0.0910877493682303,0.762877466510606,0.119400235774252
"vm(ID, ginv)_No_511438",0.290909277689858,0.798223177978786,0.364446041803098
"vm(ID, ginv)_No_511439",0.278182411546003,0.787800427796397,0.353112795742093
"vm(ID, ginv)_No_511440",0.340385456500116,0.8062184967918,0.422200008874291
"vm(ID, ginv)_No_511441",0.716928015538984,0.792484636458524,0.904658566938043
"vm(ID, ginv)_No_511442",0.325929446503919,0.791084252066967,0.412003456840812
"vm(ID, ginv)_No_511443",0.727658272824669,0.769952033378577,0.945069616391138
"vm(ID, ginv)_No_511444",0.590295480440369,0.769932640970304,0.766684576064281
"vm(ID, ginv)_No_511445",0.782967679132249,0.772534144409278,1.01350559687035
"vm(ID, ginv)_No_511446",0.503390975501132,0.771950417212969,0.652102731310856
"vm(ID, ginv)_No_511447",-0.201728011743962,0.801220838340324,-0.251775792753754
"vm(ID, ginv)_No_511448",0.76748189314885,0.790327860791261,0.971093050396151
"vm(ID, ginv)_No_511449",1.12056072468379,0.78333267209288,1.43050426032903
"vm(ID, ginv)_No_511450",0.552640512960965,0.793544142957356,0.696420631247307
"vm(ID, ginv)_No_511451",0.949318993004286,0.79579011848938,1.19292633943023
"vm(ID, ginv)_No_511452",0.270148205861306,0.805784062774166,0.335261291879161
"vm(ID, ginv)_No_511453",-0.00429419934304939,0.780110150825052,-0.00550460641809083
"vm(ID, ginv)_No_511454",0.61435854783515,0.788289721587267,0.779356283623873
"vm(ID, ginv)_No_511455",0.531786637175681,0.781757511115382,0.680244998755365
"vm(ID, ginv)_No_511456",0.693507789607444,0.7747466925652,0.895141336210454
"vm(ID, ginv)_No_511457",-0.30755214965018,0.794211366057529,-0.387242191177484
"vm(ID, ginv)_No_511458",0.238235367700924,0.805071234921246,0.295918370160411
"vm(ID, ginv)_No_511459",0.93588962287115,0.790795465061038,1.18347874288697
"vm(ID, ginv)_No_511460",0.768142284560726,0.799372101809855,0.960932065081553
"vm(ID, ginv)_No_511461",0.598065269782423,0.791400396547636,0.755705041836461
"vm(ID, ginv)_No_511462",0.720363529711963,0.772746301791936,0.932212199581541
"vm(ID, ginv)_No_511463",0.937455090422283,0.791044400424188,1.18508529978796
"vm(ID, ginv)_No_511464",1.01627421438668,0.763807286230124,1.33053747025987
"vm(ID, ginv)_No_511465",0.691995355564117,0.776798103067889,0.890830388013499
"vm(ID, ginv)_No_511466",-0.12073174976967,0.796978637653949,-0.151486807883667
"vm(ID, ginv)_No_511467",0.434512429964591,0.796692231670917,0.545395590281181
"vm(ID, ginv)_No_511468",0.335766867820284,0.784041678404618,0.428251299731296
"vm(ID, ginv)_No_511469",-0.311347183446383,0.805445422746995,-0.386552800045129
"vm(ID, ginv)_No_511470",0.0694826074275199,0.787104002131584,0.0882762725629035
"vm(ID, ginv)_No_511471",0.432925805463508,0.791106927665604,0.547240569288129
"vm(ID, ginv)_No_511472",1.01635871557372,0.79786063521689,1.27385494497724
"vm(ID, ginv)_No_511473",0.120723523776388,0.797317786296667,0.151412054078358
"vm(ID, ginv)_No_511474",0.486964018902998,0.778382502461304,0.625610181836283
"vm(ID, ginv)_No_511475",-0.401091303734795,0.78736908738279,-0.509406973377657
"vm(ID, ginv)_No_511476",0.0846123351934724,0.799328534143724,0.105854265898456
"vm(ID, ginv)_No_511477",0.141352501771358,0.775082164420869,0.182370990147831
"vm(ID, ginv)_No_511478",0.463129067925151,0.774060541859391,0.598311169321015
"vm(ID, ginv)_No_511479",0.66934849771896,0.768029622952265,0.871513907427189
"vm(ID, ginv)_No_511480",0.830999507368099,0.76683279095454,1.08367758547947
"vm(ID, ginv)_No_511481",0.882482072173686,0.791536995063249,1.11489681174431
"vm(ID, ginv)_No_511482",-0.0711111161831514,0.790113268442676,-0.0900011669507998
"vm(ID, ginv)_No_511483",0.886936110172057,0.794990881785489,1.11565570183656
"vm(ID, ginv)_No_511484",0.100383887239322,0.799940297656995,0.125489224050024
"vm(ID, ginv)_No_511485",0.52937530882813,0.789324929429948,0.670668427019588
"vm(ID, ginv)_No_511486",0.330602940353547,0.799930514415727,0.41328957252621
"vm(ID, ginv)_No_511487",0.457757128535665,0.800630144711711,0.571746057226578
"vm(ID, ginv)_No_511488",0.653152484880213,0.793915488632517,0.822697748352583
"vm(ID, ginv)_No_511489",0.354699568101843,0.794201515542161,0.446611547775387
"vm(ID, ginv)_No_511490",0.68510446305153,0.807507609450546,0.848418584584853
"vm(ID, ginv)_No_511491",0.347460789471564,0.767324557742777,0.45282115105723
"vm(ID, ginv)_No_511492",0.772327113694175,0.80476507377499,0.959692634362653
"vm(ID, ginv)_No_511493",0.339641824949243,0.788591453252478,0.430694275912348
"vm(ID, ginv)_No_511494",0.43878253520212,0.767949117145236,0.571369281383179
"vm(ID, ginv)_No_511495",0.0718911826608976,0.791928391379109,0.0907799031370782
"vm(ID, ginv)_No_511496",0.623757914635231,0.792047166115174,0.787526224851777
"vm(ID, ginv)_No_511497",1.22420871771799,0.779577916618265,1.570348122518
"vm(ID, ginv)_No_511498",1.14540461316397,0.777936763436456,1.47236210833419
"vm(ID, ginv)_No_511499",0.917776023461314,0.788682370458429,1.16368269133219
"vm(ID, ginv)_No_511500",1.15754804689131,0.791673305194117,1.46215369306596
"vm(ID, ginv)_Nr_502375",-0.606638666999896,0.871672514229105,-0.695947912888361
"vm(ID, ginv)_Nr_504522",-0.0251443694949934,0.875002425562437,-0.0287363426208002
"vm(ID, ginv)_Nr_503794",0.0721671857428375,0.864448078722258,0.0834835399825377
"vm(ID, ginv)_Nr_504366",-0.912619369310248,0.875957879093068,-1.04185302865834
"vm(ID, ginv)_Nr_504088",0.225702731452242,0.853672086466209,0.264390431677979
"vm(ID, ginv)_Nr_504005",-1.05374893794553,0.86247270554846,-1.22177656309186
"vm(ID, ginv)_Nr_501477",0.0311179031229939,0.875642528432841,0.0355372222254741
"vm(ID, ginv)_Nr_502222",0.15620450059684,0.862406201317146,0.181126365230526
"vm(ID, ginv)_Nr_501476",-0.664671970865718,0.859422452607351,-0.773393770257234
"vm(ID, ginv)_Nr_500088",-0.24170361190406,0.870468646241758,-0.277670669641707
"vm(ID, ginv)_Nr_504507",-0.622982893185187,0.865782681566112,-0.719560354404728
"vm(ID, ginv)_Nr_500111",-0.537009908910291,0.869497196775291,-0.617609706968467
"vm(ID, ginv)_Nr_502801",-0.325421515650071,0.856682864751735,-0.37986229098253
"vm(ID, ginv)_Nr_503993",-0.942633425665815,0.868760542462171,-1.08503250273577
"vm(ID, ginv)_Nr_501299",-0.355497687297581,0.868540415414906,-0.409304715115367
"vm(ID, ginv)_Nr_502554",-0.164535799484081,0.880722020542124,-0.186819218375852
"vm(ID, ginv)_Nr_502435",-0.161466351806545,0.874255412024856,-0.184690136984768
"vm(ID, ginv)_Nr_501674",-0.514265211774055,0.872734377643604,-0.589257424650303
"vm(ID, ginv)_Nr_500758",-0.557068606790864,0.862483285494525,-0.645889162329049
"vm(ID, ginv)_Nr_500456",-0.488145134170831,0.8764493884139,-0.556957584344056
"vm(ID, ginv)_Nr_501452",0.232428929257947,0.86544301599242,0.268566416231826
"vm(ID, ginv)_Nr_500664",-0.467881074696821,0.863108222896323,-0.542088538012948
"vm(ID, ginv)_Nr_502639",-0.452042989867666,0.867616074442092,-0.521017306137793
"vm(ID, ginv)_Nr_504480",-0.642399744304648,0.858834962562807,-0.747989744604358
"vm(ID, ginv)_Nr_500538",0.0492767819941985,0.87027225966178,0.0566222598125204
"vm(ID, ginv)_Nr_504226",-0.293057512856563,0.871058675619359,-0.336438314730276
"vm(ID, ginv)_Nr_502443",-0.438365096730794,0.87571775039018,-0.500578064719458
"vm(ID, ginv)_Nr_501105",-0.503701113600683,0.873041136698036,-0.5769500341138
"vm(ID, ginv)_Nr_503738",-0.711120422239965,0.868744396001421,-0.818561161963227
"vm(ID, ginv)_Nr_504584",-0.445780255620381,0.86718355976755,-0.514055243090486
"vm(ID, ginv)_Nr_501912",-0.143430082698012,0.872087083649574,-0.164467614974614
"vm(ID, ginv)_Nr_503845",0.0332743053372892,0.869570811189648,0.0382652049828663
"vm(ID, ginv)_Nr_502779",-0.983722956011094,0.876886504188052,-1.12183612281953
"vm(ID, ginv)_Nr_500228",-0.416372850025526,0.870688404767053,-0.478211088772824
"vm(ID, ginv)_Nr_501066",0.254533193377543,0.906591231673601,0.280758498962829
"vm(ID, ginv)_Nr_503842",0.434536599479457,0.854096701100026,0.508767448603654
"vm(ID, ginv)_Nr_502979",-0.581710235517314,0.869756463999744,-0.668819674926251
"vm(ID, ginv)_Nr_504208",-0.747455338151217,0.866491492619778,-0.862622823787152
"vm(ID, ginv)_Nr_500090",-0.666442635421188,0.863185889195306,-0.772073134840596
"vm(ID, ginv)_Nr_504916",-0.956250280072177,0.871532392668111,-1.09720566684241
"vm(ID, ginv)_Nr_500877",-0.931359004852235,0.87051811069902,-1.0698904404233
"vm(ID, ginv)_Nr_501604",-0.669007614782488,0.873617666962903,-0.765789933150353
"vm(ID, ginv)_Nr_503727",-0.634472686280321,0.863375138993511,-0.734874862183274
"vm(ID, ginv)_Nr_504763",-0.975061675089894,0.85444129648381,-1.14116871352363
"vm(ID, ginv)_Nr_501108",-1.12512794839256,0.879303143273046,-1.27956775430652
"vm(ID, ginv)_Nr_500851",-0.158998547623779,0.867018803132335,-0.183385351101215
"vm(ID, ginv)_Nr_502940",-0.0611701148390604,0.862371627923416,-0.0709324296606993
"vm(ID, ginv)_Nr_500350",-0.41684315003257,0.862460696956777,-0.483318430049527
"vm(ID, ginv)_Nr_502218",-0.0819780361993908,0.869418879547683,-0.094290609656464
"vm(ID, ginv)_Nr_501125",0.194648138017402,0.857124079826936,0.227094469282329
"vm(ID, ginv)_Nr_503048",-0.139474063852066,0.875081162235383,-0.159384146146834
"vm(ID, ginv)_Nr_500754",-0.233909708605094,0.869002585367666,-0.26917032531742
"vm(ID, ginv)_Nr_500951",-0.528440437857093,0.873481857204536,-0.604981584332269
"vm(ID, ginv)_Nr_501323",0.105952771293873,0.888197393236623,0.119289667027481
"vm(ID, ginv)_Nr_502414",-0.403939226580148,0.873986276128205,-0.462180285449808
"vm(ID, ginv)_Nr_501907",-0.42284343701887,0.878016584345227,-0.481589350996373
"vm(ID, ginv)_Nr_501579",-0.295066737760384,0.87307152864346,-0.337963990440561
"vm(ID, ginv)_Nr_502784",-0.297633663449604,0.860747191013866,-0.345785227714799
"vm(ID, ginv)_Nr_501332",-0.351207512337209,0.870640846189314,-0.403389657026087
"vm(ID, ginv)_Nr_501887",-0.274438748817197,0.850076622856584,-0.322840013991889
"vm(ID, ginv)_Nr_504083",0.143289279993735,0.877078735996286,0.163371056796823
"vm(ID, ginv)_Nr_501227",-0.0120316375694865,0.869836404745761,-0.0138320694602374
"vm(ID, ginv)_Nr_501362",-0.16600873584092,0.877033105947185,-0.189284457696306
"vm(ID, ginv)_Nr_501600",-0.599280909121719,0.871282498268501,-0.687814698806265
"vm(ID, ginv)_Nr_504643",-0.405507766220298,0.86798141424802,-0.467184849311102
"vm(ID, ginv)_Nr_503225",0.0492387931410326,0.87441691662666,0.0563104306478731
"vm(ID, ginv)_Nr_502448",-0.11730210382861,0.857113282189589,-0.136857176602081
"vm(ID, ginv)_Nr_502537",-0.571156740914881,0.864961858049076,-0.660325927206925
"vm(ID, ginv)_Nr_502837",-0.0871135783127379,0.864077231028447,-0.100816889028603
"vm(ID, ginv)_Nr_501590",-0.905351264032603,0.872410005932898,-1.03775891825596
"vm(ID, ginv)_Nr_501707",0.488584629002558,0.838291080560226,0.582834101820622
"vm(ID, ginv)_Nr_502390",-0.939702484958543,0.871383432518415,-1.0784029738122
"vm(ID, ginv)_Nr_504180",-0.343314776948732,0.863103135320887,-0.397767964104421
"vm(ID, ginv)_Nr_501660",-0.391427470077635,0.863014130000329,-0.453558587826929
"vm(ID, ginv)_Nr_501380",-0.0396258067042481,0.865144416945279,-0.0458025341528089
"vm(ID, ginv)_Nr_500276",-0.218858659074277,0.861389607485948,-0.254076270682018
"vm(ID, ginv)_Nr_500515",-0.142137895906319,0.867226091732565,-0.16389946896357
"vm(ID, ginv)_Nr_502683",-0.642840598529079,0.870337377594907,-0.73861081355084
"vm(ID, ginv)_Nr_503791",-0.805904254203407,0.863189968658517,-0.933634870034301
"vm(ID, ginv)_Nr_502927",-0.0644007195225436,0.852157343352715,-0.0755737423668338
"vm(ID, ginv)_Nr_504839",-0.565620989718781,0.868933554808605,-0.650936986595444
"vm(ID, ginv)_Nr_500788",-0.292796279406856,0.863120500218179,-0.339229898180895
"vm(ID, ginv)_Nr_503656",-0.698295288086985,0.866565895725059,-0.805819028341426
"vm(ID, ginv)_Nr_504749",-0.0145152579227323,0.876171059177423,-0.0165666941069244
"vm(ID, ginv)_Nr_501569",-0.194727014358943,0.855174856233612,-0.227704326126432
"vm(ID, ginv)_Nr_504813",-0.695030552196737,0.871998041753844,-0.797055175489644
"vm(ID, ginv)_Nr_502068",-0.172201727216067,0.880528429978797,-0.195566345563894
"vm(ID, ginv)_Nr_500580",0.0365457539378168,0.872514807779595,0.0418855400641504
"vm(ID, ginv)_Nr_503146",-0.00957729852196671,0.870014239725765,-0.0110082089288395
"vm(ID, ginv)_Nr_502058",0.310415583900994,0.877764502976971,0.35364335519175
"vm(ID, ginv)_Nr_500502",-0.757605326156686,0.871302343244509,-0.869509111309808
"vm(ID, ginv)_Nr_503149",-0.438053080493353,0.87398193329629,-0.501215258353456
"vm(ID, ginv)_Nr_502381",-0.856654061767794,0.870149734924954,-0.984490401346472
"vm(ID, ginv)_Nr_500491",0.035171039125856,0.855209711410629,0.0411256311248419
"vm(ID, ginv)_Nr_504201",-0.541997257290241,0.865157797113434,-0.626472140803208
"vm(ID, ginv)_Nr_501799",-0.450733441270312,0.867962435084357,-0.519300632205937
"vm(ID, ginv)_Nr_501154",-0.500617730024506,0.870723471013959,-0.574944568154957
"vm(ID, ginv)_Nr_503465",-0.458486773342969,0.870022907804831,-0.526982415324884
"vm(ID, ginv)_Nr_504191",0.208572756840467,0.871576900384728,0.239305053574045
"vm(ID, ginv)_Nr_504258",-0.800372503981309,0.870232086173047,-0.919723044804111
"vm(ID, ginv)_Nr_501605",0.061541992599079,0.878352728476315,0.070065237579254
"vm(ID, ginv)_Nr_504200",-0.611221135916138,0.870644219486138,-0.702033186732562
"vm(ID, ginv)_Nr_503693",-0.315456668809126,0.87123027043509,-0.362081850819518
"vm(ID, ginv)_Nr_503198",0.308163616805667,0.870492586219219,0.354010616154819
"vm(ID, ginv)_Nr_502491",-0.351621803849222,0.871388664818646,-0.403518909581411
"vm(ID, ginv)_Nr_504432",-1.02833880792013,0.870818949743134,-1.18088703538602
"vm(ID, ginv)_Nr_501863",-0.20814570408929,0.876645129784114,-0.23743439279763
"vm(ID, ginv)_Nr_504237",-0.54266110606431,0.875580073857873,-0.619773247777674
"vm(ID, ginv)_Nr_503534",-0.502596130680372,0.882557734710558,-0.56947677292206
"vm(ID, ginv)_Nr_500634",-0.86008181363895,0.856879892735473,-1.00373672078272
"vm(ID, ginv)_Nr_502471",-0.193023272708574,0.870133035513036,-0.221831909409997
"vm(ID, ginv)_Nr_500134",0.13643617037562,0.856324304540468,0.159327686546088
"vm(ID, ginv)_Nr_502776",-0.307454348608905,0.8754159075286,-0.35120946051447
"vm(ID, ginv)_Nr_500779",-0.431756419412207,0.859248627622796,-0.502481360495981
"vm(ID, ginv)_Nr_504400",-0.308231934699023,0.87045289972279,-0.354105241992054
"vm(ID, ginv)_Nr_501115",-0.587142248662128,0.856526021706388,-0.685492598920009
"vm(ID, ginv)_Nr_501461",-0.681196625252659,0.876222435109836,-0.777424313687278
"vm(ID, ginv)_Nr_500359",-0.27918698976317,0.867261925937865,-0.321917729135007
"vm(ID, ginv)_Nr_501230",-0.459655866095149,0.854592758302741,-0.53786538866541
"vm(ID, ginv)_Nr_504061",-1.11906932399174,0.877199861463306,-1.27572902499661
"vm(ID, ginv)_Nr_502434",-0.364144889005177,0.857381365673533,-0.424717521961905
"vm(ID, ginv)_Nr_503491",-0.591259437401293,0.872851143369263,-0.677388626792643
"vm(ID, ginv)_Nr_504120",-0.138693758288554,0.873979988471648,-0.158692144120018
"vm(ID, ginv)_Nr_502350",-1.06268306985388,0.870790895099426,-1.22036538948026
"vm(ID, ginv)_Nr_503930",-0.0175618514074318,0.87402401720249,-0.0200930993448469
"vm(ID, ginv)_Nr_502876",-0.275441708513716,0.863862545029677,-0.318848999876773
"vm(ID, ginv)_Nr_504995",-0.445913005802273,0.864723210633184,-0.515671373589889
"vm(ID, ginv)_Nr_504723",-0.186669180534097,0.863171428797488,-0.216259684121093
"vm(ID, ginv)_Nr_503809",-0.44293072538565,0.858752773609685,-0.515783749406519
"vm(ID, ginv)_Nr_501571",-0.0559348343675151,0.872600961682215,-0.0641012751804479
"vm(ID, ginv)_Nr_501639",-0.0911152465742,0.86645337335599,-0.105158857217311
"vm(ID, ginv)_Nr_502757",0.00658136416889311,0.880954743960277,0.00747071766627534
"vm(ID, ginv)_Nr_502326",-0.0896532088010969,0.873915740985209,-0.102587932218759
"vm(ID, ginv)_Nr_503262",-0.361798741728831,0.875828688229755,-0.413093047294565
"vm(ID, ginv)_Nr_501272",-0.0114776564923278,0.880055338336246,-0.0130419713310602
"vm(ID, ginv)_Nr_501609",-0.168300863062867,0.857028043051731,-0.196377311602985
"vm(ID, ginv)_Nr_503511",-0.0555975059038293,0.876956051311782,-0.0633982807013699
"vm(ID, ginv)_Nr_502923",0.070395736032256,0.857744262253753,0.0820707746237658
"vm(ID, ginv)_Nr_503646",0.306825378763688,0.866001850251881,0.354301066070986
"vm(ID, ginv)_Nr_501523",0.770775633074484,0.861804204329248,0.894374417300955
"vm(ID, ginv)_Nr_501008",-0.376961576810393,0.877181281842817,-0.429741929762178
"vm(ID, ginv)_Nr_503690",-0.742662090755931,0.871586507979209,-0.852080756134933
"vm(ID, ginv)_Nr_502694",-0.603453616611245,0.883631648780044,-0.682924403448408
"vm(ID, ginv)_Nr_502607",-0.362255329553844,0.863316885389575,-0.419608762071617
"vm(ID, ginv)_Nr_501188",-1.1826269644926,0.860305382013257,-1.3746594979158
"vm(ID, ginv)_Nr_500737",-0.202622804292256,0.867776136903863,-0.233496630842136
"vm(ID, ginv)_Nr_502894",-0.368914732221728,0.867810873123158,-0.425109598931439
"vm(ID, ginv)_Nr_503459",-0.141647745647506,0.866953031114794,-0.163385720522097
"vm(ID, ginv)_Nr_501909",-0.054082771719683,0.865786851659001,-0.0624666124416776
"vm(ID, ginv)_Nr_501195",-0.208881628987668,0.878489379396671,-0.23777365314436
"vm(ID, ginv)_Nr_500427",-0.18496389679742,0.877792319065098,-0.210714872732559
"vm(ID, ginv)_Nr_503910",-0.435228522301962,0.870128430608905,-0.500188830742371
"vm(ID, ginv)_Nr_503739",-0.312999528621312,0.867288158663633,-0.360894502587928
"vm(ID, ginv)_Nr_503550",0.0724748454835747,0.86918094711442,0.0833829201205834
"vm(ID, ginv)_Nr_502626",-0.0664036210747073,0.862861194066776,-0.0769574776700045
"vm(ID, ginv)_Nr_500084",-0.803215023501465,0.871898521265468,-0.92122535353734
"vm(ID, ginv)_Nr_502543",0.154427946026105,0.870121660662759,0.177478567661997
"vm(ID, ginv)_Nr_502574",-0.724259897543133,0.872285312392605,-0.830301608032983
"vm(ID, ginv)_Nr_501285",-0.63140086587617,0.868877265189268,-0.726685909705132
"vm(ID, ginv)_Nr_503811",-0.443527473889061,0.862240711012611,-0.514389390600897
"vm(ID, ginv)_Nr_503250",0.1807100061528,0.855749893741663,0.211171520410792
"vm(ID, ginv)_Nr_503945",-0.272378981793353,0.885765863683104,-0.307506749764293
"vm(ID, ginv)_Nr_504123",-0.410478324141377,0.875518019594053,-0.468840520645939
"vm(ID, ginv)_Nr_502388",0.279204812376427,0.8728717338427,0.31986923341791
"vm(ID, ginv)_Nr_504514",-0.500186675578127,0.884748665509985,-0.565343238228916
"vm(ID, ginv)_Nr_504599",-0.569842047930705,0.869596232129494,-0.655294982747635
"vm(ID, ginv)_Nr_500996",-0.0286972095895002,0.874122552503679,-0.0328297325212639
"vm(ID, ginv)_Nr_501555",0.414246876063863,0.866244756919506,0.478209966357529
"vm(ID, ginv)_Nr_500104",-0.612971476717275,0.868740464327725,-0.705586422973429
"vm(ID, ginv)_Nr_502762",-0.249782778280264,0.871826252425781,-0.28650522691335
"vm(ID, ginv)_Nr_503959",0.352483524006523,0.864604960345882,0.407681588902189
"vm(ID, ginv)_Nr_503501",-0.085058890381925,0.863104938674135,-0.0985498826047606
"vm(ID, ginv)_Nr_500908",-0.158886571594411,0.876322857597958,-0.181310541219849
"vm(ID, ginv)_Nr_502511",-0.802032384014279,0.874494886570927,-0.917137877339925
"vm(ID, ginv)_Nr_503182",-0.214610598551917,0.880825446928416,-0.24364713723962
"vm(ID, ginv)_Nr_500078",0.166794416300941,0.844689694651119,0.197462354941872
"vm(ID, ginv)_Nr_500213",-0.818363399366133,0.865871030250033,-0.94513313273666
"vm(ID, ginv)_Nr_502368",-1.44291361372013,0.8679424229857,-1.66245314839727
"vm(ID, ginv)_Nr_502917",1.30430854979571,0.757439134637849,1.72199783474264
"vm(ID, ginv)_Nr_500110",-0.52343023882145,0.875347064174086,-0.597968806024752
"vm(ID, ginv)_Nr_504173",-0.0616566257971324,0.86392841741903,-0.0713677482462382
"vm(ID, ginv)_Nr_502904",-0.347607829961865,0.867201035426495,-0.400838808720875
"vm(ID, ginv)_Nr_503397",-0.337291311180158,0.863466642036394,-0.390624599445662
"vm(ID, ginv)_Nr_501312",-0.340600954090958,0.862803215575328,-0.394760877037113
"vm(ID, ginv)_Nr_504165",-0.146599797202662,0.851719062265139,-0.172122245113055
"vm(ID, ginv)_Nr_504147",-0.0208505612867851,0.870516227521662,-0.0239519501504827
"vm(ID, ginv)_Nr_504504",-0.146696476216911,0.855124347044063,-0.171549876604498
"vm(ID, ginv)_Nr_500290",-0.407330723461988,0.866993386949585,-0.46981987359227
"vm(ID, ginv)_Nr_501184",0.48382968967549,0.697109730075566,0.694050977631662
"vm(ID, ginv)_Nr_501990",-0.153523836017048,0.86614598696729,-0.177249376348893
"vm(ID, ginv)_Nr_504160",-1.01124237606845,0.860843555324838,-1.17471097949599
"vm(ID, ginv)_Nr_503659",-0.629928591217619,0.875003319960282,-0.719915658429973
"vm(ID, ginv)_Nr_504003",-0.92118218769212,0.872870566171322,-1.05534797871889
"vm(ID, ginv)_Nr_500810",-0.125887682827039,0.870529222232676,-0.144610519224353
"vm(ID, ginv)_Nr_500242",-0.801124675203371,0.869073391460634,-0.921814754743483
"vm(ID, ginv)_Nr_502903",-0.524661658605386,0.8533393428456,-0.614833551276115
"vm(ID, ginv)_Nr_500790",-1.20390404756402,0.859568018371801,-1.4005919506457
"vm(ID, ginv)_Nr_503567",-0.148454148296779,0.882312505304753,-0.168255745446453
"vm(ID, ginv)_Nr_503684",-0.0865010371274521,0.877861163741216,-0.0985361247316228
"vm(ID, ginv)_Nr_504688",-0.686036682178222,0.870487440833707,-0.788106352828218
"vm(ID, ginv)_Nr_500123",0.302046130549542,0.874190334098053,0.345515294287918
"vm(ID, ginv)_Nr_503310",-0.195610613221317,0.867839757075571,-0.22539946070284
"vm(ID, ginv)_Nr_503138",-0.155760197871711,0.886855084794477,-0.175632073990767
"vm(ID, ginv)_Nr_500022",0.50085032857462,0.874808116339987,0.572525927937286
"vm(ID, ginv)_Nr_504392",-0.998518431104687,0.866520642292797,-1.15233080710302
"vm(ID, ginv)_Nr_504768",-0.995213676631719,0.857428788934768,-1.16069542972557
"vm(ID, ginv)_Nr_504127",-0.0359202564371658,0.86948945075943,-0.0413118944753065
"vm(ID, ginv)_Nr_500823",-0.649513309075924,0.867828089118283,-0.748435453081304
"vm(ID, ginv)_Nr_501687",-0.0076160217482695,0.879160573130095,-0.00866283359495298
"vm(ID, ginv)_Nr_500797",0.186742929303734,0.859613733950846,0.217240513882265
"vm(ID, ginv)_Nr_500556",-0.260261380177255,0.86912663779251,-0.299451620581198
"vm(ID, ginv)_Nr_503278",-0.521239494038492,0.870344337232362,-0.598888821056731
"vm(ID, ginv)_Nr_503920",-0.181850278047682,0.864892701743321,-0.210257616558835
"vm(ID, ginv)_Nr_500900",0.234527536961651,0.866507438778892,0.270658423073844
"vm(ID, ginv)_Nr_504979",-0.293764381776727,0.884417173019004,-0.332155899657564
"vm(ID, ginv)_Nr_501493",0.128013668591465,0.856075293149781,0.149535525222858
"vm(ID, ginv)_Nr_500860",-0.451948776667983,0.856618739460444,-0.527596182349047
"vm(ID, ginv)_Nr_502129",-0.465000813583924,0.867047522517279,-0.53630372212344
"vm(ID, ginv)_Nr_500641",-0.00146874533262855,0.853134386495333,-0.00172158730896095
"vm(ID, ginv)_Nr_502086",-0.220634762267013,0.865069714668621,-0.255048533691334
"vm(ID, ginv)_Nr_503499",-0.0137693973595941,0.8800336647097,-0.0156464438938665
"vm(ID, ginv)_Nr_502403",-0.329584696121684,0.877117153630291,-0.375759036016534
"vm(ID, ginv)_Nr_501851",-1.04761985236569,0.871503424661168,-1.20208346028358
"vm(ID, ginv)_Nr_502547",-0.85683003572638,0.867536389580851,-0.987658899404043
"vm(ID, ginv)_Nr_501699",-0.759983080819543,0.86987365856673,-0.873670645541502
"vm(ID, ginv)_Nr_501578",-0.22136919717603,0.867026977436894,-0.255319849251336
"vm(ID, ginv)_Nr_504577",-0.66731315234158,0.866125758295866,-0.770457576108282
"vm(ID, ginv)_Nr_501633",-0.534094876865792,0.859985587389605,-0.621050962594595
"vm(ID, ginv)_Nr_503756",0.538281141601494,0.873942521764257,0.615922818945631
"vm(ID, ginv)_Nr_502943",-0.224969564150859,0.865535085431178,-0.259919635769342
"vm(ID, ginv)_Nr_504010",-0.546707014485521,0.874852613553096,-0.624913277980783
"vm(ID, ginv)_Nr_503328",0.262111541038089,0.699256013434288,0.374843456477076
"vm(ID, ginv)_Nr_503575",-0.253401517522364,0.855677942866546,-0.29614122887574
"vm(ID, ginv)_Nr_500315",0.774966266048681,0.727169017150038,1.06573059051109
"vm(ID, ginv)_Nr_500482",-0.0852374851832673,0.864489631464224,-0.0985986205975622
"vm(ID, ginv)_Nr_504970",-0.520536464559157,0.872125820523549,-0.596859366285786
"vm(ID, ginv)_Nr_502546",-0.847994049268403,0.876819277605793,-0.967125234271652
"vm(ID, ginv)_Nr_501388",-0.379159951911262,0.874885081197723,-0.433382577963485
"vm(ID, ginv)_Nr_500623",-0.488979448230628,0.871502245471286,-0.561076521341836
"vm(ID, ginv)_Nr_504505",-0.337082416802377,0.866623053712494,-0.388960823691872
"vm(ID, ginv)_Nr_503905",-0.510778553927978,0.875979524262732,-0.583094170332205
"vm(ID, ginv)_Nr_502216",-0.715609271035147,0.868925518504197,-0.823556514103792
"vm(ID, ginv)_Nr_503484",0.248439985426497,0.846843468740602,0.29337179136065
"vm(ID, ginv)_Nr_501953",-0.417423529386344,0.875901050263482,-0.476564709290825
"vm(ID, ginv)_Nr_504552",0.305724428579686,0.855626011427689,0.35731081628708
"vm(ID, ginv)_Nr_501735",-0.699151035823181,0.865717581283279,-0.807597132065642
"vm(ID, ginv)_Nr_502304",-0.271202541704666,0.886049380891489,-0.306080617574382
"vm(ID, ginv)_Nr_501170",-0.40381936018517,0.872579593543861,-0.4627879945543
"vm(ID, ginv)_Nr_503658",-0.212411535425501,0.868041173557245,-0.244702143050467
"vm(ID, ginv)_Nr_504828",0.15380536273942,0.874547980414325,0.175868409948821
"vm(ID, ginv)_Nr_501207",-0.119364934750813,0.881044113680105,-0.135481223808678
"vm(ID, ginv)_Nr_500581",0.122361929108568,0.87175394805425,0.140362919355489
"vm(ID, ginv)_Nr_502892",-0.764259349023939,0.86791193058869,-0.880572466039907
"vm(ID, ginv)_Nr_503403",-0.723995657863081,0.871833900293731,-0.83042843094213
"vm(ID, ginv)_Nr_502699",-0.782845128220118,0.865105427028488,-0.904912977958164
"vm(ID, ginv)_Nr_501637",-0.615236235413297,0.869333770276961,-0.707710037788234
"vm(ID, ginv)_Nr_502038",-0.227081592833891,0.864204871166588,-0.262763611280453
"vm(ID, ginv)_Nr_504598",-0.590267641386283,0.871514175694965,-0.677289776629956
"vm(ID, ginv)_Nr_500093",-0.981725741968218,0.869414394803629,-1.12918045506936
"vm(ID, ginv)_Nr_503422",-0.178162229199155,0.867028622598234,-0.205485983456064
"vm(ID, ginv)_Nr_503199",-0.129875885800325,0.873370804024978,-0.14870646602999
"vm(ID, ginv)_Nr_501559",-0.020345929542728,0.873953605391806,-0.023280331378239
"vm(ID, ginv)_Nr_503495",-0.704542093250828,0.869986025104559,-0.809831506392476
"vm(ID, ginv)_Nr_503074",0.322868300894786,0.865024930378175,0.373247393868329
"vm(ID, ginv)_Nr_502789",-0.516214125079985,0.867574413810154,-0.595008470585147
"vm(ID, ginv)_Nr_503544",-0.517027754278765,0.877121387591704,-0.589459750489449
"vm(ID, ginv)_Nr_502295",-0.620769180502384,0.868901696758189,-0.714429702253351
"vm(ID, ginv)_Nr_501020",-0.418107458269354,0.87225709472039,-0.479339704772918
"vm(ID, ginv)_Nr_500595",-0.253010543339008,0.870441107543468,-0.290669341264277
"vm(ID, ginv)_Nr_504550",-0.6528073088116,0.870538955101396,-0.749888681013206
"vm(ID, ginv)_Nr_504835",-0.78378513946928,0.860285325933271,-0.911075797577971
"vm(ID, ginv)_Nr_502992",-0.118986236801579,0.873532844840553,-0.136212665046725
"vm(ID, ginv)_Nr_500368",-0.322322250153818,0.855253664686066,-0.376873275687315
"vm(ID, ginv)_Nr_503402",-0.950880274320769,0.869545321403729,-1.09353733602492
"vm(ID, ginv)_Nr_502132",-0.372618786271725,0.863881640132878,-0.431330831633846
"vm(ID, ginv)_Nr_501067",-0.202852161411179,0.87232049751464,-0.232543155857431
"vm(ID, ginv)_Nr_502972",-0.00445740056831627,0.866084302960956,-0.00514661281018185
"vm(ID, ginv)_Nr_504968",-0.696807824914416,0.858785080147281,-0.811387902541243
"vm(ID, ginv)_Nr_503376",-0.437013514154993,0.869010158945199,-0.502886542414462
"vm(ID, ginv)_Nr_501966",-0.345647065933027,0.867656218649185,-0.398368683936997
"vm(ID, ginv)_Nr_500557",-0.97540459406479,0.854436759771429,-1.14157611187716
"vm(ID, ginv)_Nr_501724",-0.169565685089247,0.866266925942238,-0.195742997927354
"vm(ID, ginv)_Nr_504923",-0.34047554377067,0.866369977706321,-0.392990930586105
"vm(ID, ginv)_Nr_500273",-0.312000778709084,0.855063003851478,-0.364886303469724
"vm(ID, ginv)_Nr_502592",-0.441483673721159,0.838169322069966,-0.526723732420626
"vm(ID, ginv)_Nr_502164",-0.695276696776523,0.866232310567848,-0.802644611952587
"vm(ID, ginv)_Nr_503783",0.141918246812777,0.875278966343877,0.162140588623513
"vm(ID, ginv)_Nr_504652",-0.185029403267724,0.864372825728641,-0.214062031753196
"vm(ID, ginv)_Nr_502235",0.386797208362442,0.87110810437412,0.444028940174251
"vm(ID, ginv)_Nr_500910",-0.618016384655402,0.864201327169273,-0.715130103629603
"vm(ID, ginv)_Nr_503517",-0.162400568169744,0.877687006736238,-0.185032439723183
"vm(ID, ginv)_Nr_500373",-0.293613919659997,0.87984830244896,-0.333709707506118
"vm(ID, ginv)_Nr_501480",-0.0728388822892256,0.873431533648182,-0.0833939232592043
"vm(ID, ginv)_Nr_504000",-0.844937852897132,0.881562812996375,-0.958454508789047
"vm(ID, ginv)_Nr_501750",-0.233091638466179,0.864686339780203,-0.269567851072366
"vm(ID, ginv)_Nr_504023",-1.08218570678564,0.875399262284147,-1.2362195782093
"vm(ID, ginv)_Nr_500432",-0.490838790160796,0.868304803813743,-0.565283974020354
"vm(ID, ginv)_Nr_504558",-0.242753277720974,0.860373334540898,-0.282148769580951
"vm(ID, ginv)_Nr_502100",-0.467624226041267,0.855093445378751,-0.546869150463597
"vm(ID, ginv)_Nr_503795",-0.0910097308115589,0.871014139941056,-0.104487087681169
"vm(ID, ginv)_Nr_501293",-0.33261649932815,0.868298480873262,-0.383067005937443
"vm(ID, ginv)_Nr_501544",-0.960215600453545,0.865570253258835,-1.10934450073622
"vm(ID, ginv)_Nr_504490",-0.719537481203574,0.870040801751436,-0.827015790242375
"vm(ID, ginv)_Nr_503831",-0.0628372742947046,0.873083692897797,-0.0719716503765468
"vm(ID, ginv)_Nr_504469",0.287007340344423,0.865639287025023,0.331555354113828
"vm(ID, ginv)_Nr_503928",-0.907117319638618,0.868226640810628,-1.04479323370184
"vm(ID, ginv)_Nr_502957",-0.442189192526318,0.877907358636199,-0.503685483640603
"vm(ID, ginv)_Nr_504894",-0.199821779851977,0.869062232863243,-0.229928044616134
"vm(ID, ginv)_Nr_502356",0.304955574188489,0.85235486581206,0.357780059010926
"vm(ID, ginv)_Nr_502544",-0.151283066657076,0.872052881091552,-0.173479234960745
"vm(ID, ginv)_Nr_501603",-0.482330379899733,0.873840710188983,-0.551966021124629
"vm(ID, ginv)_Nr_501993",-0.835339957129823,0.861572149683112,-0.969553109901548
"vm(ID, ginv)_Nr_501602",0.271902082483198,0.869733658131674,0.312626836895432
"vm(ID, ginv)_Nr_500099",-0.914402557399527,0.869772072192413,-1.05131285153203
"vm(ID, ginv)_Nr_502191",-0.214852878893068,0.865841392838716,-0.248143459841599
"vm(ID, ginv)_Nr_500461",-1.11942568925342,0.874011221775056,-1.28079097998301
"vm(ID, ginv)_Nr_502538",-0.116952461765055,0.872160772489578,-0.134095072209239
"vm(ID, ginv)_Nr_500762",-0.773892689015454,0.862011474053234,-0.897775391987023
"vm(ID, ginv)_Nr_502844",-0.492600062115219,0.878278064147562,-0.560870278131478
"vm(ID, ginv)_Nr_502196",-0.0190635803964039,0.876992015765643,-0.0217374617484525
"vm(ID, ginv)_Nr_502080",-0.153730691106914,0.864459094437789,-0.177834546592277
"vm(ID, ginv)_Nr_502548",0.417966970025294,0.868829114004147,0.481069249738907
"vm(ID, ginv)_Nr_504494",-0.500630836174958,0.874044011933653,-0.572775317191876
"vm(ID, ginv)_Nr_502392",-0.0815045750717352,0.873699240363824,-0.0932867642620306
"vm(ID, ginv)_Nr_502949",-0.608158436421589,0.869646441360161,-0.699316880398436
"vm(ID, ginv)_Nr_501815",-0.398306773638368,0.866049910900886,-0.459912031194646
"vm(ID, ginv)_Nr_504682",-0.717576445450942,0.871865715135211,-0.82303551222869
"vm(ID, ginv)_Nr_502834",-0.629361514130238,0.878665081461889,-0.716270086758348
"vm(ID, ginv)_Nr_501834",-0.371350024871422,0.867148897876701,-0.428242514959897
"vm(ID, ginv)_Nr_504285",-0.103811414583117,0.867027396793074,-0.119732565507261
"vm(ID, ginv)_Nr_502758",-0.68485212697944,0.861381591328002,-0.795062413539156
"vm(ID, ginv)_Nr_502456",-1.06318147152514,0.875543323568784,-1.21431052342622
"vm(ID, ginv)_Nr_504623",-0.941181250469233,0.858650370781771,-1.09611697903574
"vm(ID, ginv)_Nr_502382",-0.440424711853717,0.856766992563327,-0.514054247743635
"vm(ID, ginv)_Nr_503224",-0.137098743836172,0.857125815526231,-0.1599517146173
"vm(ID, ginv)_Nr_504747",-0.302327134689832,0.866681251687147,-0.348833131097851
"vm(ID, ginv)_Nr_502667",-0.117204747351626,0.875344207829324,-0.133895610781809
"vm(ID, ginv)_Nr_504457",-0.618084417163347,0.876026209262436,-0.705554709012347
"vm(ID, ginv)_Nr_504271",-0.719677693890327,0.867190304764087,-0.829895917812538
"vm(ID, ginv)_Nr_503254",-0.325782748375199,0.864785659129745,-0.376720803514528
"vm(ID, ginv)_Nr_504635",-0.485266216057138,0.876870037345391,-0.553407227285605
"vm(ID, ginv)_Nr_503554",-0.996486097092251,0.867174011600694,-1.14911895855004
"vm(ID, ginv)_Nr_503334",-0.268324336867816,0.868343965589687,-0.30900696901325
"vm(ID, ginv)_Nr_504724",-0.785754515098355,0.872915856684123,-0.900149205770117
"vm(ID, ginv)_Nr_500494",-0.524193744437279,0.870526642483031,-0.602157037884681
"vm(ID, ginv)_Nr_501855",-0.613959564700095,0.871230999173742,-0.704703534748376
"vm(ID, ginv)_Nr_503982",-0.666051309222645,0.870102144077993,-0.765486344052661
"vm(ID, ginv)_Nr_503332",-0.201424131287826,0.864170952632252,-0.233083663219981
"vm(ID, ginv)_Nr_502408",-0.245759138738867,0.875376106716242,-0.280746911931115
"vm(ID, ginv)_Nr_501011",-0.707503556401043,0.877117067124199,-0.806623862332006
"vm(ID, ginv)_Nr_504947",-0.179678196881004,0.874507399583191,-0.2054621801561
"vm(ID, ginv)_Nr_500866",-0.357604672111129,0.885333199059567,-0.403921001145094
"vm(ID, ginv)_Nr_500367",-0.803029692242509,0.862975543564609,-0.930535863073839
"vm(ID, ginv)_Nr_501029",-0.127955068222769,0.879046243206495,-0.145561248013561
"vm(ID, ginv)_Nr_501762",-0.661720432413123,0.870178000742206,-0.760442612716844
"vm(ID, ginv)_Nr_503701",-0.16276326966048,0.871412819434305,-0.186780898823753
"vm(ID, ginv)_Nr_503899",-0.923304726262955,0.86894670295304,-1.06255622252226
"vm(ID, ginv)_Nr_503434",-0.276934189531793,0.870368631542625,-0.318180342782989
"vm(ID, ginv)_Nr_501698",0.143180570140859,0.868293223737612,0.16489886852339
"vm(ID, ginv)_Nr_504239",-0.404657331167007,0.859724897623672,-0.470682345347334
"vm(ID, ginv)_Nr_501490",-0.572199127061471,0.87777546902919,-0.651874137806923
"vm(ID, ginv)_Nr_500511",-0.253267099048321,0.879051637335397,-0.288114017756716
"vm(ID, ginv)_Nr_500128",-0.679645756189713,0.870839654667977,-0.780448791630694
"vm(ID, ginv)_Nr_503118",-0.710853541270503,0.871446353140735,-0.815716927047262
"vm(ID, ginv)_Nr_504556",-0.610055360025206,0.87828257332322,-0.694600324035687
"vm(ID, ginv)_Nr_504370",-0.630516015021056,0.873757659865194,-0.721614291905989
"vm(ID, ginv)_Nr_501120",-0.0653929220243172,0.859554000189681,-0.0760777356744157
"vm(ID, ginv)_Nr_500252",-0.204946764690765,0.868938517443418,-0.235858763970732
"vm(ID, ginv)_Nr_504871",-1.47645729598779,0.873950509698104,-1.68940607002771
"vm(ID, ginv)_Nr_503602",-0.948173884548672,0.865232435776108,-1.09586030914128
"vm(ID, ginv)_Nr_504019",0.259649058972948,0.868575655965939,0.298936606373331
"vm(ID, ginv)_Nr_504594",0.189947827339536,0.869104469793764,0.218555805362053
"vm(ID, ginv)_Nr_500204",-0.491907657982219,0.874988647771523,-0.562187474357571
"vm(ID, ginv)_Nr_501945",-0.258480900305163,0.866115612014689,-0.298436948508416
"vm(ID, ginv)_Nr_501981",-0.769132370751767,0.865603254656934,-0.88855069180233
"vm(ID, ginv)_Nr_500437",-0.429681799583721,0.87988233611968,-0.48834006769432
"vm(ID, ginv)_Nr_501694",0.228870946858722,0.857889232248015,0.26678379708647
"vm(ID, ginv)_Nr_502027",-0.471090252624574,0.87577633861952,-0.537911601228175
"vm(ID, ginv)_Nr_503851",-0.173999926059596,0.863621920872388,-0.201476967935031
"vm(ID, ginv)_Nr_500725",0.247886532169365,0.867039339378904,0.285899982746961
"vm(ID, ginv)_Nr_504266",-0.473518061495731,0.859048068762057,-0.551212532469924
"vm(ID, ginv)_Nr_501425",-0.686921339978441,0.882928116983056,-0.778003697883849
"vm(ID, ginv)_Nr_504112",-0.475225414834554,0.866484709582198,-0.548452164913214
"vm(ID, ginv)_Nr_504389",0.138811253972085,0.864553351086768,0.160558343562714
"vm(ID, ginv)_Nr_502967",0.075041777595642,0.873282825437937,0.0859306692056033
"vm(ID, ginv)_Nr_500050",-0.594824733975663,0.870634588509739,-0.683208250425499
"vm(ID, ginv)_Nr_504873",-0.513553537044025,0.870555440610373,-0.589914798170645
"vm(ID, ginv)_Nr_500173",-0.166763606080393,0.867988289427007,-0.192126562203368
"vm(ID, ginv)_Nr_502190",-0.104413802621878,0.872566040066995,-0.119662922721427
"vm(ID, ginv)_Nr_502944",-0.347423363391652,0.88677775334534,-0.391781776303035
"vm(ID, ginv)_Nr_500412",-0.0112161845647909,0.867218778769359,-0.012933512095653
"vm(ID, ginv)_Nr_501305",-1.19618830614566,0.905918630320771,-1.32041473274714
"vm(ID, ginv)_Nr_502733",-0.320477996574165,0.868405645943185,-0.36904181596619
"vm(ID, ginv)_Nr_500500",-1.05745970003917,0.858961693505084,-1.23109063888996
"vm(ID, ginv)_Nr_500235",-0.221625020353812,0.867500566306631,-0.255475361010283
"vm(ID, ginv)_Nr_502620",-0.706075768112378,0.866050383421693,-0.815282553565453
"vm(ID, ginv)_Nr_503215",0.106375713410438,0.865035853969528,0.122972606190015
"vm(ID, ginv)_Nr_504678",0.118975947463987,0.874479788429434,0.136053398875768
"vm(ID, ginv)_Nr_504386",-0.394050299494172,0.872941918778341,-0.451404945755881
"vm(ID, ginv)_Nr_502709",-0.0807777983185693,0.866280148013467,-0.0932467383718846
"vm(ID, ginv)_Nr_501021",-0.190485855746134,0.869319732824893,-0.219120593440507
"vm(ID, ginv)_Nr_502076",-0.318194722540655,0.868631409510417,-0.366317311412901
"vm(ID, ginv)_Nr_500321",-1.34766348857692,0.873338291177052,-1.54311737180398
"vm(ID, ginv)_Nr_504840",-0.38447364792586,0.856959711333707,-0.448648452011233
"vm(ID, ginv)_Nr_501926",-0.159812144976609,0.849838199989927,-0.1880500840966
"vm(ID, ginv)_Nr_503486",-0.572555856218135,0.87565375494631,-0.653861018677686
"vm(ID, ginv)_Nr_500944",0.212210587577839,0.861851154792803,0.246226493284511
"vm(ID, ginv)_Nr_502751",-0.121057919133586,0.869084843079657,-0.139293557007173
"vm(ID, ginv)_Nr_501667",-0.195791976113021,0.851579696895922,-0.229916209635691
"vm(ID, ginv)_Nr_504109",0.111215802499093,0.874985192368698,0.127105925299167
"vm(ID, ginv)_Nr_502115",-0.701068285377594,0.867726213064133,-0.807937198188317
"vm(ID, ginv)_Nr_503965",-0.183024162582011,0.870362377639613,-0.210285011489542
"vm(ID, ginv)_Nr_502864",-0.196610955614792,0.8662077946719,-0.226978972971796
"vm(ID, ginv)_Nr_502700",-0.682417751351331,0.873253623035887,-0.781465697192173
"vm(ID, ginv)_Nr_502139",0.361143005688718,0.843315787019341,0.428241723026627
"vm(ID, ginv)_Nr_501118",0.191730483496268,0.866011445697361,0.221394860828745
"vm(ID, ginv)_Nr_500297",-0.586414191186608,0.872096229428108,-0.672419133804946
"vm(ID, ginv)_Nr_503379",-0.525585884296489,0.871943602406604,-0.6027750910103
"vm(ID, ginv)_Nr_500425",0.0055579464670559,0.874505343192483,0.00635553174182558
"vm(ID, ginv)_Nr_501567",-0.280702530430286,0.862797477582844,-0.325339998926148
"vm(ID, ginv)_Nr_500051",0.0393702908983541,0.754312895033157,0.0521935806183235
"vm(ID, ginv)_Nr_504034",-0.193715890862103,0.87069055487507,-0.222485347724828
"vm(ID, ginv)_Nr_503028",-0.461519740357765,0.869272153592155,-0.530926636095029
"vm(ID, ginv)_Nr_504911",-0.385063940995019,0.873348423141098,-0.440905291395721
"vm(ID, ginv)_Nr_502022",-0.921643597880474,0.883437479569665,-1.0432471105136
"vm(ID, ginv)_Nr_504029",-0.642293107743524,0.866317836209818,-0.741405845403793
"vm(ID, ginv)_Nr_501510",0.227296337774372,0.857678707395551,0.265013385332353
"vm(ID, ginv)_Nr_503937",-0.762676307758385,0.869917680878233,-0.876722389397142
"vm(ID, ginv)_Nr_500330",-0.140727628507652,0.852563484830012,-0.165064104916141
"vm(ID, ginv)_Nr_503667",0.0700462856774905,0.869556520759306,0.0805540341602237
"vm(ID, ginv)_Nr_504404",-0.562873536345058,0.868344599711899,-0.64821447214828
"vm(ID, ginv)_Nr_502504",-0.719525792670951,0.865969740636294,-0.830890225035185
"vm(ID, ginv)_Nr_503745",0.13742152638425,0.862122400478859,0.159399090323973
"vm(ID, ginv)_Nr_501432",-0.585981118885947,0.86306596174824,-0.678952878293304
"vm(ID, ginv)_Nr_500867",-0.363590792024484,0.86595998157457,-0.419870201580642
"vm(ID, ginv)_Nr_501566",-0.0584072575936708,0.877348736923786,-0.0665724530458229
"vm(ID, ginv)_Nr_502480",-0.681244223247777,0.864078552074481,-0.788405430978752
"vm(ID, ginv)_Nr_502047",-0.508813977098509,0.869614470777719,-0.585102932617327
"vm(ID, ginv)_Nr_503330",-0.0395595574954999,0.875349337508202,-0.0451928799170756
"vm(ID, ginv)_Nr_504279",-0.414964855869498,0.87003534993743,-0.476951719144907
"vm(ID, ginv)_Nr_500925",0.0266680832212831,0.867735915621457,0.0307329485171579
"vm(ID, ginv)_Nr_502515",-0.876015942284686,0.864296007394476,-1.01356009375253
"vm(ID, ginv)_Nr_503556",-0.14189420388569,0.873894371476881,-0.162369971150963
"vm(ID, ginv)_Nr_500971",-1.135917918759,0.869068870268565,-1.30705167060923
"vm(ID, ginv)_Nr_500742",0.114032558616489,0.868149731458311,0.131351257144247
"vm(ID, ginv)_Nr_503183",-0.357595258181942,0.871174559638437,-0.410474863189709
"vm(ID, ginv)_Nr_502759",-0.868815728409812,0.859066778732672,-1.0113483025051
"vm(ID, ginv)_Nr_501092",0.135055326619322,0.861408685705279,0.15678426380011
"vm(ID, ginv)_Nr_501249",-0.290572184450129,0.865250884331443,-0.335824198174206
"vm(ID, ginv)_Nr_503956",-0.313418274030255,0.876325095210877,-0.35765068893164
"vm(ID, ginv)_Nr_500656",-0.0961311790672016,0.879127149155799,-0.109348436297882
"vm(ID, ginv)_Nr_504056",-1.17888385559805,0.868607105144528,-1.35721184942633
"vm(ID, ginv)_Nr_502613",-0.570687152769633,0.85629639607956,-0.666459832579524
"vm(ID, ginv)_Nr_503630",-0.056689558486516,0.864525829890039,-0.0655730072214574
"vm(ID, ginv)_Nr_501537",-0.396144783714662,0.867065992632854,-0.456879622866726
"vm(ID, ginv)_Nr_503235",-0.42409299078487,0.870746834357261,-0.487045113517884
"vm(ID, ginv)_Nr_503364",0.128418285877664,0.866829963431812,0.148147031476913
"vm(ID, ginv)_Nr_502540",-0.531476834787775,0.876250114167231,-0.606535538420875
"vm(ID, ginv)_Nr_504741",-0.165752729502785,0.87610895727566,-0.189191912862309
"vm(ID, ginv)_Nr_503428",-0.205697985176422,0.869194554456686,-0.236653559461149
"vm(ID, ginv)_Nr_501275",-0.280692139133697,0.869131046694533,-0.32295721134485
"vm(ID, ginv)_Nr_504754",-0.185889525163374,0.873331171328328,-0.212851128261731
"vm(ID, ginv)_Nr_504692",-0.250364900569401,0.873880837063243,-0.286497757990409
"vm(ID, ginv)_Nr_504398",0.268023733736033,0.867294146159869,0.309034408825156
"vm(ID, ginv)_Nr_500243",-0.0940655584431258,0.869150643313233,-0.108226990530139
"vm(ID, ginv)_Nr_503193",-0.198709832041319,0.875913799809075,-0.226860031300605
"vm(ID, ginv)_Nr_504011",-1.13370689473616,0.862040248045912,-1.31514380831529
"vm(ID, ginv)_Nr_504600",0.313224538469626,0.871047508395833,0.359595240730872
"vm(ID, ginv)_Nr_500195",-1.07899011059056,0.861747090163553,-1.25209603015402
"vm(ID, ginv)_Nr_502152",-0.115989090360934,0.865345107562557,-0.134037957050042
"vm(ID, ginv)_Nr_502178",0.0179609238346879,0.848607892279936,0.0211651623772113
"vm(ID, ginv)_Nr_500922",-0.197143440992863,0.875039967872612,-0.225296498709832
"vm(ID, ginv)_Nr_503462",-0.285044853829565,0.863071329179804,-0.330268014001172
"vm(ID, ginv)_Nr_502866",-0.418536533157379,0.876426213628662,-0.477549081313433
"vm(ID, ginv)_Nr_500776",-0.0521037280639516,0.871131095201339,-0.0598115810019492
"vm(ID, ginv)_Nr_502052",0.176099750339667,0.865138605597214,0.203550909877734
"vm(ID, ginv)_Nr_500156",-0.496642916235978,0.869076921634352,-0.571460251529876
"vm(ID, ginv)_Nr_503704",-0.484968112792112,0.870610379281354,-0.557043798619113
"vm(ID, ginv)_Nr_504788",-0.147479943842247,0.866470012208788,-0.170207787648985
"vm(ID, ginv)_Nr_504358",-0.775624329030894,0.84723096167425,-0.91548156773939
"vm(ID, ginv)_Nr_502153",-0.675175701884594,0.859412241760276,-0.785624952818542
"vm(ID, ginv)_Nr_504445",-0.791987466235455,0.870774144973944,-0.909521109241425
"vm(ID, ginv)_Nr_500972",0.234683182734426,0.870517348456937,0.269590471861842
"vm(ID, ginv)_Nr_501180",0.370553288799822,0.869880896563405,0.425981637559519
"vm(ID, ginv)_Nr_501123",0.653994218273889,0.696202408542017,0.939373679622109
"vm(ID, ginv)_Nr_504964",0.285922757516565,0.715910305578278,0.399383491603198
"vm(ID, ginv)_Nr_501060",-0.152557738784633,0.873821113540765,-0.174586922220799
"vm(ID, ginv)_Nr_500159",-0.263950224993258,0.871278500457207,-0.302945871905193
"vm(ID, ginv)_Nr_503130",0.176985053122189,0.868953989018596,0.203675977507253
"vm(ID, ginv)_Nr_504330",-0.0659544521301183,0.870108082893892,-0.0758002981776246
"vm(ID, ginv)_Nr_502159",-0.804588196703328,0.875098429151009,-0.919425941015473
"vm(ID, ginv)_Nr_502291",-0.598203845792369,0.873030354578318,-0.685203948127677
"vm(ID, ginv)_Nr_504864",-0.236503326229147,0.868716644331989,-0.272244497411477
"vm(ID, ginv)_Nr_503081",-0.849883723737418,0.869988237978441,-0.976891050518408
"vm(ID, ginv)_Nr_503510",0.190660635567786,0.869222890563195,0.219346082158802
"vm(ID, ginv)_Nr_501424",-0.83859349170358,0.867885109894597,-0.966249428804494
"vm(ID, ginv)_Nr_501924",-0.345028189495865,0.873986074507392,-0.394775385512103
"vm(ID, ginv)_Nr_501500",-0.558357448014476,0.86956656254308,-0.642110071920818
"vm(ID, ginv)_Nr_500444",-0.517080951954093,0.872455417069003,-0.592673209241128
"vm(ID, ginv)_Nr_503581",0.00555358661278077,0.862276452820982,0.00644061031077901
"vm(ID, ginv)_Nr_502236",-0.306564522317303,0.873104299359577,-0.351120161179104
"vm(ID, ginv)_Nr_500031",0.3527794426359,0.86567017910854,0.407521768855651
"vm(ID, ginv)_Nr_501730",0.026818394739952,0.862092828291891,0.0311084767902415
"vm(ID, ginv)_Nr_502686",-0.0324525652325309,0.862193682571385,-0.0376395302917845
"vm(ID, ginv)_Nr_501899",-0.565894558656434,0.86571771707704,-0.653670991702801
"vm(ID, ginv)_Nr_504687",-0.122807693788813,0.866643929145498,-0.141704902854279
"vm(ID, ginv)_Nr_502394",-0.222912514995692,0.85865308568831,-0.259607190274057
"vm(ID, ginv)_Nr_503900",-0.426473671591858,0.856496562686919,-0.497928059692342
"vm(ID, ginv)_Nr_501152",-0.216963055437587,0.882316889392022,-0.245901510042599
"vm(ID, ginv)_Nr_504549",-0.299701853317381,0.869202209320095,-0.344801071722785
"vm(ID, ginv)_Nr_500163",-0.931321151201034,0.874871586142776,-1.06452325798708
"vm(ID, ginv)_Nr_504887",-0.311877443694635,0.871679357913941,-0.357789181151432
"vm(ID, ginv)_Nr_502328",0.0100749518283876,0.868192079100922,0.0116045194040713
"vm(ID, ginv)_Nr_504693",0.151834328552687,0.86640692583063,0.175245977410814
"vm(ID, ginv)_Nr_501662",0.0484790561021344,0.866953416743711,0.0559188708018735
"vm(ID, ginv)_Nr_504608",-0.377224332135806,0.870514307288899,-0.433335016986247
"vm(ID, ginv)_Nr_501348",-0.117382423094591,0.864410081440653,-0.135794833511148
"vm(ID, ginv)_Nr_500769",-0.232208663288307,0.877293724900989,-0.264687477748133
"vm(ID, ginv)_Nr_500286",-0.462938220787232,0.865259510115685,-0.53502817984091
"vm(ID, ginv)_Nr_502312",-0.130876700118004,0.870043324721968,-0.150425497672575
"vm(ID, ginv)_Nr_500566",0.360844036326901,0.853395671544437,0.422833216008539
"vm(ID, ginv)_Nr_502428",0.00167997265220021,0.861800819259179,0.0019493746288665
"vm(ID, ginv)_Nr_503022",-0.10890479013315,0.855174443430302,-0.12734804105734
"vm(ID, ginv)_Nr_501471",-0.626818492043758,0.859764571234642,-0.729058294578983
"vm(ID, ginv)_Nr_501267",-0.785555084704411,0.868313091259789,-0.904691052814477
"vm(ID, ginv)_Nr_500490",-0.946704006972468,0.859124731355233,-1.10194011698288
"vm(ID, ginv)_Nr_502989",-0.436301954805195,0.86428888633801,-0.504810326387287
"vm(ID, ginv)_Nr_504793",0.0486769462014219,0.872532999494087,0.0557880862152444
"vm(ID, ginv)_Nr_500407",-0.803845292657372,0.869160413414422,-0.924852628181184
"vm(ID, ginv)_Nr_503431",-1.23078116521729,0.865811675669125,-1.42153449740223
"vm(ID, ginv)_Nr_502451",-0.0266467284140696,0.862477516305382,-0.0308955629686636
"vm(ID, ginv)_Nr_500518",-0.495704424907719,0.873234201973806,-0.567664921721182
"vm(ID, ginv)_Nr_500025",-0.171196665416081,0.87628129645575,-0.195367248061224
"vm(ID, ginv)_Nr_502257",-0.955920333860367,0.877164967622915,-1.08978398493373
"vm(ID, ginv)_Nr_501423",-0.656201231828515,0.87462706496514,-0.75026403608339
"vm(ID, ginv)_Nr_500175",-0.675327110466325,0.866760487877929,-0.779139243090918
"vm(ID, ginv)_Nr_503613",-0.256687682495179,0.870908107665366,-0.294735667558865
"vm(ID, ginv)_Nr_501035",-0.0736403732114007,0.866589611846624,-0.0849772166717758
"vm(ID, ginv)_Nr_501843",-0.558662011566835,0.866958040402128,-0.644393367997033
"vm(ID, ginv)_Nr_503609",0.135376290852147,0.862197222384187,0.157013137293343
"vm(ID, ginv)_Nr_500077",-0.336924688285851,0.870900228788079,-0.386869445142649
"vm(ID, ginv)_Nr_503594",-0.418746815443982,0.863136467171337,-0.485145549250509
"vm(ID, ginv)_Nr_502676",-0.224574123909251,0.874334803538864,-0.256851406349477
"vm(ID, ginv)_Nr_504036",0.594005478701202,0.878100440258722,0.676466439905423
"vm(ID, ginv)_Nr_501881",-0.666766016464022,0.874144346274486,-0.762764203996412
"vm(ID, ginv)_Nr_504944",-0.42181613649181,0.876534551694082,-0.481231613376295
"vm(ID, ginv)_Nr_503719",-0.812797575852606,0.868915235285202,-0.935416416753037
"vm(ID, ginv)_Nr_500497",-0.70378599105286,0.871639949176331,-0.807427415090271
"vm(ID, ginv)_Nr_503997",-0.548578518223757,0.874828396661765,-0.627069857719599
"vm(ID, ginv)_Nr_502769",-0.7748389406172,0.862373525760622,-0.898495741661114
"vm(ID, ginv)_Nr_504568",-0.177994663471001,0.872089172283193,-0.204101448714239
"vm(ID, ginv)_Nr_504440",-0.646515525898855,0.877991007493501,-0.736357799090146
"vm(ID, ginv)_Nr_502442",-0.211130924544294,0.900992051331398,-0.234331617279315
"vm(ID, ginv)_Nr_504629",-1.06341623567903,0.872925634716568,-1.21822088089361
"vm(ID, ginv)_Nr_501222",-0.361816158452211,0.858240285406742,-0.421579089917385
"vm(ID, ginv)_Nr_500166",-0.319806718717415,0.877423033659088,-0.364484070339179
"vm(ID, ginv)_Nr_502828",-0.427964127507474,0.868171117338089,-0.492949049974918
"vm(ID, ginv)_Nr_504868",-0.333712344503388,0.878260366651311,-0.379969718747288
"vm(ID, ginv)_Nr_502094",-0.33276431307142,0.86925508121497,-0.382815493705611
"vm(ID, ginv)_Nr_504244",-0.229855985811085,0.874247439996975,-0.262918683309934
"vm(ID, ginv)_Nr_500898",-0.12154744291298,0.863303066524506,-0.140793479863691
"vm(ID, ginv)_Nr_503167",-0.209844041301559,0.865905771135389,-0.242340504355813
"vm(ID, ginv)_Nr_504248",-0.640520459390135,0.87290603541238,-0.733779391372336
"vm(ID, ginv)_Nr_503480",-0.260042480244042,0.871192545396625,-0.298490249506959
"vm(ID, ginv)_Nr_503085",-1.05219922892628,0.869867299795485,-1.20960890146539
"vm(ID, ginv)_Nr_500151",-0.419347928706647,0.865737808998814,-0.48438213550082
"vm(ID, ginv)_Nr_503923",-0.540947041383888,0.877672655348712,-0.616342594345681
"vm(ID, ginv)_Nr_503284",-0.251832700015874,0.858221743542745,-0.293435469225363
"vm(ID, ginv)_Nr_502004",-0.351587175795165,0.873929213627154,-0.402306239810817
"vm(ID, ginv)_Nr_502885",-0.230882840352743,0.872846073077109,-0.264517247054563
"vm(ID, ginv)_Nr_502292",0.00932336904187376,0.87082891095932,0.0107063154708575
"vm(ID, ginv)_Nr_500917",-0.536261750246466,0.871380760488855,-0.615416101160664
"vm(ID, ginv)_Nr_501028",-0.293784088669161,0.867643075037201,-0.338600165346292
"vm(ID, ginv)_Nr_501573",0.40610506733042,0.702602066530463,0.578001527003496
"vm(ID, ginv)_Nr_502170",-0.220278009939737,0.870501022431567,-0.253047387956462
"vm(ID, ginv)_Nr_503710",0.127596677884658,0.867307304444191,0.147118186634468
"vm(ID, ginv)_Nr_502909",-0.481873902112923,0.869880587605863,-0.553954081719612
"vm(ID, ginv)_Nr_500703",-0.528076358073837,0.874855445865695,-0.603615557940878
"vm(ID, ginv)_Nr_500103",-0.196084247348537,0.870051136584018,-0.225370945572694
"vm(ID, ginv)_Nr_501745",-0.28081067623705,0.872984777530931,-0.321667322804034
"vm(ID, ginv)_Nr_501568",-0.232828613157303,0.868793249921632,-0.267990817353041
"vm(ID, ginv)_Nr_502980",0.0140213486701955,0.86566757105341,0.0161971513535309
"vm(ID, ginv)_Nr_502495",-0.528743902150744,0.866451344014001,-0.610240731696758
"vm(ID, ginv)_Nr_501491",-1.33732374183554,0.861360528765615,-1.55257142296967
"vm(ID, ginv)_Nr_501487",0.281604278972294,0.872293017017272,0.322832206011708
"vm(ID, ginv)_Nr_504622",-0.871399513791282,0.869846108135022,-1.001785839635
"vm(ID, ginv)_Nr_504190",-0.148628297510565,0.869468105277104,-0.170941632716011
"vm(ID, ginv)_Nr_502642",-0.182810326520779,0.866381626716527,-0.211004389847932
"vm(ID, ginv)_Nr_504781",-0.530257081877158,0.857821988649067,-0.618143494680322
"vm(ID, ginv)_Nr_504918",0.0895818829152012,0.866039518702087,0.103438562537487
"vm(ID, ginv)_Nr_503776",-0.50542150137972,0.872718953938357,-0.579134323941152
"vm(ID, ginv)_Nr_501874",-0.251051929514146,0.852903729442667,-0.294349667902375
"vm(ID, ginv)_Nr_504261",-0.264792632395112,0.863119191936514,-0.306785708009825
"vm(ID, ginv)_Nr_501336",0.0554824000630883,0.874445119441831,0.0634486931535548
"vm(ID, ginv)_Nr_504311",-0.104986219304059,0.863807741760532,-0.121538872863174
"vm(ID, ginv)_Nr_503294",0.145948627133859,0.880214135342014,0.165810365084798
"vm(ID, ginv)_Nr_503705",-0.569427249507258,0.874149562221097,-0.651407120836873
"vm(ID, ginv)_Nr_502935",-0.195350922032002,0.872151675518039,-0.223987326419992
"vm(ID, ginv)_Nr_500009",-0.38578534196229,0.869102169748576,-0.443889516550044
"vm(ID, ginv)_Nr_502279",0.103265338485285,0.878993152883792,0.117481391233245
"vm(ID, ginv)_Nr_501833",-0.418312591246975,0.865627955603652,-0.483247552876526
"vm(ID, ginv)_Nr_502193",-0.68686404547845,0.867164793608992,-0.792080179615962
"vm(ID, ginv)_Nr_502241",-1.06176873210145,0.862699531663087,-1.23075148777999
"vm(ID, ginv)_Nr_503071",0.0958691773541958,0.852854617726123,0.112409753505002
"vm(ID, ginv)_Nr_503677",0.162225488941437,0.861137973370547,0.188385013735344
"vm(ID, ginv)_Nr_503669",-0.676050976734228,0.866909836223338,-0.779840011597307
"vm(ID, ginv)_Nr_503478",0.0852434179873137,0.874567655105389,0.0974692094884776
"vm(ID, ginv)_Nr_504058",-0.395167668836618,0.873297712963467,-0.452500519548651
"vm(ID, ginv)_Nr_501824",-0.246609982926893,0.873405328742298,-0.28235456644398
"vm(ID, ginv)_Nr_504632",-0.588705389835478,0.877113912556917,-0.671184644784979
"vm(ID, ginv)_Nr_502977",0.0773166964581313,0.871841841866014,0.0886820209186673
"vm(ID, ginv)_Nr_500047",-0.0160123227592143,0.852125664025477,-0.018791034509595
"vm(ID, ginv)_Nr_500786",0.276346824087823,0.868917255919804,0.318035833912968
"vm(ID, ginv)_Nr_502431",-0.302777048533251,0.863591856355601,-0.350602019119292
"vm(ID, ginv)_Nr_502539",-0.308177502702325,0.882508761920218,-0.349206167689228
"vm(ID, ginv)_Nr_501885",-0.254080258228522,0.872347124274937,-0.291260498439431
"vm(ID, ginv)_Nr_501320",-0.747782751458564,0.863240696252447,-0.866250577278023
"vm(ID, ginv)_Nr_503996",-0.466435276861138,0.862246340114202,-0.540953617500261
"vm(ID, ginv)_Nr_501229",-0.408819778824101,0.872521375397134,-0.468549872073935
"vm(ID, ginv)_Nr_502121",-0.386685615522073,0.862833998737573,-0.448157601679859
"vm(ID, ginv)_Nr_502838",-0.706669078477771,0.876559456299857,-0.806184992243162
"vm(ID, ginv)_Nr_501821",-0.211482876836661,0.869892129785759,-0.243113909869199
"vm(ID, ginv)_Nr_502858",0.668324404599099,0.873510571969745,0.765101678268236
"vm(ID, ginv)_Nr_502286",-0.0344123337038863,0.873363929678854,-0.0394020551278551
"vm(ID, ginv)_Nr_501023",0.15577346382472,0.877860471507594,0.17744672289117
"vm(ID, ginv)_Nr_504758",0.0453688131615093,0.876939816705228,0.0517353782976415
"vm(ID, ginv)_Nr_501782",-0.250506334705332,0.862640205999375,-0.290394921269776
"vm(ID, ginv)_Nr_500058",-0.427240775528109,0.869615756408115,-0.491298337662138
"vm(ID, ginv)_Nr_500551",-0.346395383554439,0.866638844816534,-0.399699812241592
"vm(ID, ginv)_Nr_503535",0.916177109880258,0.682468888168316,1.34244523928291
"vm(ID, ginv)_Nr_503616",-0.464391224702661,0.864155332294267,-0.537393229374328
"vm(ID, ginv)_Nr_500465",-0.944400248569898,0.866123737343529,-1.0903756678768
"vm(ID, ginv)_Nr_504602",-0.13273146014625,0.858472586448123,-0.154613510368943
"vm(ID, ginv)_Nr_503063",-0.0222376169243966,0.865954852047195,-0.0256798802753109
"vm(ID, ginv)_Nr_503733",-0.455412084121215,0.867508525433257,-0.524965543011547
"vm(ID, ginv)_Nr_500285",-0.054280954445374,0.872113912729966,-0.0622406702301757
"vm(ID, ginv)_Nr_502512",-0.174858142299173,0.861049117332117,-0.203075688458929
"vm(ID, ginv)_Nr_502420",-0.195481338527231,0.873746658300636,-0.223727709479801
"vm(ID, ginv)_Nr_501465",-0.124311230594993,0.863318606121461,-0.143992298687355
"vm(ID, ginv)_Nr_502109",-0.239097462849791,0.868558248356527,-0.275280861476139
"vm(ID, ginv)_Nr_503944",-0.0253042239116682,0.862227624075856,-0.0293474985086328
"vm(ID, ginv)_Nr_504861",0.0366277510498066,0.853446699750046,0.0429174441245529
"vm(ID, ginv)_Nr_500838",-0.142551341399963,0.868733924539828,-0.164090911351796
"vm(ID, ginv)_Nr_503112",-0.316807934800916,0.864592807078529,-0.366424439582622
"vm(ID, ginv)_Nr_500760",-0.167130702076403,0.854062225855223,-0.195689139522644
"vm(ID, ginv)_Nr_501715",-0.0761284582483007,0.872133022249201,-0.0872899618592219
"vm(ID, ginv)_Nr_501475",-0.254360325904036,0.868468619393383,-0.292883726854407
"vm(ID, ginv)_Nr_502237",-0.638463078577221,0.8757637029927,-0.729035784876029
"vm(ID, ginv)_Nr_504250",0.0962483066925505,0.871644642349535,0.110421497495942
"vm(ID, ginv)_Nr_500633",-0.277264184939888,0.874992723788434,-0.316875989253287
"vm(ID, ginv)_Nr_501075",-0.801204255925976,0.869252094943719,-0.921716796066913
"vm(ID, ginv)_Nr_503210",-0.378723155078921,0.881156278444917,-0.429802481515877
"vm(ID, ginv)_Nr_503069",-0.921364114172285,0.870419629500409,-1.0585286486486
"vm(ID, ginv)_Nr_502819",-0.46304193028591,0.864840889703601,-0.53540707406261
"vm(ID, ginv)_Nr_502603",-0.459123870194058,0.876513476430589,-0.52380697221421
"vm(ID, ginv)_Nr_504287",-0.306438792868997,0.874383460655798,-0.350462705046095
"vm(ID, ginv)_Nr_502552",-0.643586828603706,0.86476162469536,-0.744236111113776
"vm(ID, ginv)_Nr_504806",-0.00604161503720665,0.873052479460318,-0.00692010523919628
"vm(ID, ginv)_Nr_500032",-0.457385655406009,0.881398635163304,-0.518931658342387
"vm(ID, ginv)_Nr_504580",0.368583214684231,0.875044535272275,0.421216520790618
"vm(ID, ginv)_Nr_503917",0.117751133935597,0.8699986558394,0.135346340072201
"vm(ID, ginv)_Nr_501952",-0.147879483303168,0.869373699985888,-0.170098869226857
"vm(ID, ginv)_Nr_500338",-0.323564384612299,0.863587180910908,-0.374674835111615
"vm(ID, ginv)_Nr_500975",-0.922208388586785,0.857099267052173,-1.07596450497332
"vm(ID, ginv)_Nr_500902",-0.220198144728176,0.860936970700641,-0.255765697399399
"vm(ID, ginv)_Nr_502798",-0.380978733320636,0.877783581481603,-0.434023535365728
"vm(ID, ginv)_Nr_501629",-0.453598934270189,0.870975696306349,-0.520794020078655
"vm(ID, ginv)_Nr_503236",-1.32106791378335,0.87618677570876,-1.50774692155645
"vm(ID, ginv)_Nr_504310",-0.366326495601574,0.874610109496654,-0.418845485118389
"vm(ID, ginv)_Nr_504516",-0.546837467926627,0.872682958598796,-0.626616416120518
"vm(ID, ginv)_Nr_504381",-0.158409263157225,0.862154115141183,-0.183736596943905
"vm(ID, ginv)_Nr_501957",0.102591454641071,0.86412539955458,0.118722878292841
"vm(ID, ginv)_Nr_500652",-0.0634783249988927,0.870873812598196,-0.0728903821433202
"vm(ID, ginv)_Nr_501057",0.208544625998516,0.874015755648769,0.238605110549427
"vm(ID, ginv)_Nr_501870",-0.649898077662509,0.862390040458684,-0.753601093673165
"vm(ID, ginv)_Nr_504089",-0.35144937109379,0.86808486145628,-0.404856007400252
"vm(ID, ginv)_Nr_500631",-0.0278919880631578,0.875350049738933,-0.0318638104510034
"vm(ID, ginv)_Nr_502942",-0.238467259801391,0.865767443829484,-0.275440317721577
"vm(ID, ginv)_Nr_503815",-0.132860164201136,0.854147107370288,-0.155547168695777
"vm(ID, ginv)_Nr_503892",-0.0351615249582009,0.870312567459986,-0.0404010309317032
"vm(ID, ginv)_Nr_501419",-1.01008738457759,0.870492174778902,-1.16036354357136
"vm(ID, ginv)_Nr_500843",0.537283640148843,0.839310703082278,0.640148681740537
"vm(ID, ginv)_Nr_500658",-0.590489405305665,0.875579429396469,-0.674398444596495
"vm(ID, ginv)_Nr_500811",-0.767403583832481,0.860156699581612,-0.892167187915589
"vm(ID, ginv)_Nr_500221",-0.14298788408289,0.872633950326377,-0.163857805474346
"vm(ID, ginv)_Nr_501709",-0.0136594448003176,0.863973339607076,-0.0158100304420617
"vm(ID, ginv)_Nr_504171",-0.273697065346595,0.873338023568528,-0.313391903204039
"vm(ID, ginv)_Nr_500911",-1.28059388730095,0.875360172243349,-1.46293369050488
"vm(ID, ginv)_Nr_503275",-0.637317554379318,0.872308268594348,-0.730610470317222
"vm(ID, ginv)_Nr_504963",-0.811503376084256,0.877403150895996,-0.924892251931801
"vm(ID, ginv)_Nr_503988",-0.569381019900864,0.863233209276641,-0.659591190169787
"vm(ID, ginv)_Nr_502010",0.234206272418652,0.867026230727688,0.270125936353835
"vm(ID, ginv)_Nr_501212",-0.678078961452337,0.872260432515523,-0.777381314313223
"vm(ID, ginv)_Nr_502430",-0.283704866290254,0.8736699673603,-0.324727731167684
"vm(ID, ginv)_Nr_501521",-1.48537233737787,0.865125781578529,-1.71694378899173
"vm(ID, ginv)_Nr_504699",-0.0449937211284824,0.866023209294243,-0.051954405662118
"vm(ID, ginv)_Nr_502405",-0.265847692700999,0.874892684657602,-0.303863202153806
"vm(ID, ginv)_Nr_501758",-0.300526978628029,0.847117886928772,-0.354764057358758
"vm(ID, ginv)_Nr_504345",0.448194645979049,0.8667605242607,0.517091668845135
"vm(ID, ginv)_Nr_503343",-0.72152445839165,0.878578687983848,-0.821240565312819
"vm(ID, ginv)_Nr_504008",-0.810384060428936,0.866447679592257,-0.935294859131362
"vm(ID, ginv)_Nr_500751",-0.368012296509629,0.870611452342062,-0.422705554262612
"vm(ID, ginv)_Nr_500953",-0.477602546611029,0.866417624622505,-0.551238263209521
"vm(ID, ginv)_Nr_501058",0.188931211749093,0.867540734739205,0.217777914262307
"vm(ID, ginv)_Nr_504154",-0.256965266405878,0.856573400435082,-0.299992115416329
"vm(ID, ginv)_Nr_500011",-0.92690486347301,0.870156483560715,-1.06521629268345
"vm(ID, ginv)_Nr_500188",-0.281118738091575,0.862536940963748,-0.325920809580016
"vm(ID, ginv)_Nr_500821",-0.492304849322857,0.865107663873368,-0.569067724031767
"vm(ID, ginv)_Nr_501835",-0.33055949241744,0.868780197842275,-0.380486909391381
"vm(ID, ginv)_Nr_502840",0.264442173819239,0.867095774430921,0.304974584834984
"vm(ID, ginv)_Nr_504422",0.03472422362924,0.865363730425382,0.0401267379350077
"vm(ID, ginv)_Nr_501190",0.0966280141976224,0.87111584752844,0.110924413178544
"vm(ID, ginv)_Nr_500572",-0.477885682208494,0.864850540712475,-0.552564471792786
"vm(ID, ginv)_Nr_500361",-0.908356084434258,0.873850173290158,-1.03948721668634
"vm(ID, ginv)_Nr_503405",-0.414633106876564,0.87233889199632,-0.475311958094279
"vm(ID, ginv)_Nr_504777",-0.876662319623507,0.856749975405776,-1.02324172137653
"vm(ID, ginv)_Nr_502930",0.967423810644649,0.701299056147287,1.37947399495925
"vm(ID, ginv)_Nr_502437",-0.399203306908909,0.880393897633069,-0.453437158051826
"vm(ID, ginv)_Nr_502710",-0.342741851570807,0.850519037300196,-0.402979635422122
"vm(ID, ginv)_Nr_504931",-0.459650035541276,0.873965891917495,-0.525935897261158
"vm(ID, ginv)_Nr_503728",-0.574715660643035,0.864307906354505,-0.664943194916592
"vm(ID, ginv)_Nr_503031",-0.146589878281958,0.868155558396559,-0.168852087467714
"vm(ID, ginv)_Nr_501772",0.344643065159004,0.870668394312122,0.395837344516556
"vm(ID, ginv)_Nr_501948",-0.439704470334168,0.859683074047472,-0.511472755028195
"vm(ID, ginv)_Nr_502371",0.0223915720551912,0.872492245723246,0.0256639209860597
"vm(ID, ginv)_Nr_500985",0.0464035096052215,0.87412523622244,0.0530856537282412
"vm(ID, ginv)_Nr_503947",-0.304865530168981,0.874255464741647,-0.348714469012868
"vm(ID, ginv)_Nr_504099",-0.0923852830167564,0.864414242521154,-0.106876169401496
"vm(ID, ginv)_Nr_500870",-0.371549746670219,0.867363003671803,-0.428367067879699
"vm(ID, ginv)_Nr_504566",-0.734909606310078,0.877960352828667,-0.837064685144722
"vm(ID, ginv)_Nr_503320",-0.878331615288946,0.872608352356538,-1.00655879916454
"vm(ID, ginv)_Nr_502199",-0.836144752387043,0.857329536425258,-0.975289800318151
"vm(ID, ginv)_Nr_503823",-0.86487900361124,0.867529185767484,-0.996945137754762
"vm(ID, ginv)_Nr_501525",-1.13010265638141,0.855020344634313,-1.32172604251276
"vm(ID, ginv)_Nr_501441",-0.430697172523211,0.876157206248485,-0.491575221263502
"vm(ID, ginv)_Nr_502707",-0.126148969488315,0.870532707580784,-0.144910085962059
"vm(ID, ginv)_Nr_502987",-0.311246666819068,0.866834067499595,-0.359061414968227
"vm(ID, ginv)_Nr_500189",-0.460707123889302,0.859330746436227,-0.536123170036593
"vm(ID, ginv)_Nr_501746",-1.13729541514155,0.87159661573996,-1.30484147666868
"vm(ID, ginv)_Nr_502064",-0.944682613996739,0.870330097850434,-1.08543024805179
"vm(ID, ginv)_Nr_504585",-0.680118140869166,0.879025034081299,-0.773718738943519
"vm(ID, ginv)_Nr_500019",0.0764033377304603,0.868805675177488,0.0879406522233547
"vm(ID, ginv)_Nr_501777",-0.598334109446019,0.880103484089654,-0.679845177598534
"vm(ID, ginv)_Nr_503413",-0.657538639797948,0.899800250976355,-0.730760676143917
"vm(ID, ginv)_Nr_502514",-0.196229674571706,0.874044886115958,-0.224507548398004
"vm(ID, ginv)_Nr_504424",-0.439668560021288,0.858522589242429,-0.512122296524844
"vm(ID, ginv)_Nr_503088",0.291734572490435,0.864972068486448,0.337276292633264
"vm(ID, ginv)_Nr_503418",-0.428618938665854,0.867503241766937,-0.494083385547747
"vm(ID, ginv)_Nr_501117",-0.710141144282461,0.871842400313999,-0.814529258988436
"vm(ID, ginv)_Nr_501453",-0.446038194042031,0.875710671378472,-0.509344248757314
"vm(ID, ginv)_Nr_500206",-0.192176148393473,0.874248480222245,-0.219818681691754
"vm(ID, ginv)_Nr_502105",-0.291512346137823,0.86765435719511,-0.335977505005798
"vm(ID, ginv)_Nr_502997",-0.0491394960185141,0.849984435911187,-0.0578122303684729
"vm(ID, ginv)_Nr_503635",-1.0030758827357,0.864414697497407,-1.1604104900573
"vm(ID, ginv)_Nr_504902",-0.224263323776946,0.870496000485878,-0.257627058196443
"vm(ID, ginv)_Nr_501174",-0.177274173053726,0.873904646619233,-0.202852992874594
"vm(ID, ginv)_Nr_500472",-0.393201391294281,0.86750898303585,-0.453253394470075
"vm(ID, ginv)_Nr_505000",-0.158460848561579,0.861490551405783,-0.183937999439462
"vm(ID, ginv)_Nr_504155",0.00602787482335612,0.870891441162003,0.0069214996708583
"vm(ID, ginv)_Nr_501900",0.0244391719195882,0.873020990291052,0.0279937964738289
"vm(ID, ginv)_Nr_500548",-1.5946589732304,0.872761947083186,-1.82714081263491
"vm(ID, ginv)_Nr_503670",-0.246312810175182,0.874831202952268,-0.281554669453898
"vm(ID, ginv)_Nr_501220",-0.682172907505054,0.871846508554471,-0.782446108129862
"vm(ID, ginv)_Nr_501141",-0.782463630583432,0.869074613962492,-0.900341142190125
"vm(ID, ginv)_Nr_500012",-0.476936131665218,0.868371608728492,-0.549230452574986
"vm(ID, ginv)_Nr_503932",-0.450158353719958,0.86866642055482,-0.518217745118362
"vm(ID, ginv)_Nr_501007",0.114178139822959,0.862089746999612,0.132443449444029
"vm(ID, ginv)_Nr_501916",-0.655596630544097,0.87336371344645,-0.75065705209688
"vm(ID, ginv)_Nr_503324",0.170503758439066,0.874106742955959,0.195060568761287
"vm(ID, ginv)_Nr_504149",-0.689371378146242,0.875206378835855,-0.787667223201916
"vm(ID, ginv)_Nr_501950",-0.294052294595507,0.859558123851938,-0.342097045488641
"vm(ID, ginv)_Nr_500746",-0.455770353985908,0.863955958632342,-0.527538874443786
"vm(ID, ginv)_Nr_500670",-0.0129811602604588,0.868689547658067,-0.0149433825875483
"vm(ID, ginv)_Nr_503119",-0.100091801269175,0.871380681599477,-0.114865756589244
"vm(ID, ginv)_Nr_503246",0.409002063833106,0.707295954128205,0.578261562852048
"vm(ID, ginv)_Nr_504612",-0.490302201002653,0.867617004020096,-0.565113637389357
"vm(ID, ginv)_Nr_503600",-0.455147262374946,0.8665641097568,-0.525232071407484
"vm(ID, ginv)_Nr_502487",-0.652566132739453,0.873077992937693,-0.747431659047696
"vm(ID, ginv)_Nr_503274",0.431072583940404,0.870365244921522,0.49527780027484
"vm(ID, ginv)_Nr_504897",0.342752282435863,0.867377805959641,0.395159156806706
"vm(ID, ginv)_Nr_502411",-0.155344728796241,0.875155625407538,-0.17750526224853
"vm(ID, ginv)_Nr_500901",-0.467386950030511,0.870767278886208,-0.536753000903229
"vm(ID, ginv)_Nr_500718",0.0545191736479191,0.86208916474058,0.0632407596310818
"vm(ID, ginv)_Nr_503696",-0.260849829034472,0.869154722479061,-0.300118980301297
"vm(ID, ginv)_Nr_502425",-0.245529877813594,0.864634940526643,-0.283969414495374
"vm(ID, ginv)_Nr_500527",-0.059228382865752,0.879484706658469,-0.0673444147662163
"vm(ID, ginv)_Nr_500564",-0.40101936499711,0.871275214460057,-0.460267155936058
"vm(ID, ginv)_Nr_500864",-0.32589103516755,0.870008749766468,-0.374583629480769
"vm(ID, ginv)_Nr_504461",-0.0924080539523475,0.881499118067139,-0.104830568809837
"vm(ID, ginv)_Nr_503333",-0.509608501106409,0.874102501412928,-0.583007713949636
"vm(ID, ginv)_Nr_502253",0.00103945571144598,0.891302795223995,0.00116622063457655
"vm(ID, ginv)_Nr_504214",-0.108971333510316,0.870049634497559,-0.125247260833855
"vm(ID, ginv)_Nr_502276",-0.404343542755681,0.861242668386113,-0.469488516533188
"vm(ID, ginv)_Nr_503185",-0.156529410993932,0.849523700728905,-0.184255496179362
"vm(ID, ginv)_Nr_501300",0.0839316590870369,0.87562833789519,0.0958530639709415
"vm(ID, ginv)_Nr_504380",-0.624783632235554,0.873587984874929,-0.715192565663553
"vm(ID, ginv)_Nr_500710",-0.722069163537851,0.866189656911218,-0.833615545713981
"vm(ID, ginv)_Nr_504342",-0.288656603005089,0.875284930005381,-0.329785870988679
"vm(ID, ginv)_Nr_500688",-0.73846737819387,0.866955013373572,-0.85179434549929
"vm(ID, ginv)_Nr_502799",0.340593991480475,0.849298428873151,0.401029814611073
"vm(ID, ginv)_Nr_503939",-0.150832922670226,0.85962687374189,-0.17546324722686
"vm(ID, ginv)_Nr_501100",-0.448919526343023,0.873566247078824,-0.513892939252397
"vm(ID, ginv)_Nr_501983",-0.403285578367609,0.866922954696003,-0.465191948353733
"vm(ID, ginv)_Nr_501661",-0.154611315321289,0.87089996601792,-0.177530510224073
"vm(ID, ginv)_Nr_504315",-0.364043356336578,0.865326416189413,-0.420700616005339
"vm(ID, ginv)_Nr_501335",-0.655583552306899,0.865255310317453,-0.757676427396178
"vm(ID, ginv)_Nr_504739",-0.452231141756273,0.877287311730677,-0.515488068400453
"vm(ID, ginv)_Nr_500015",-0.303101694816258,0.871829250667909,-0.347661763566721
"vm(ID, ginv)_Nr_504644",-0.845164099388143,0.877022106477472,-0.963674795818676
"vm(ID, ginv)_Nr_503507",-0.0569192651851708,0.868758074916508,-0.065517969649538
"vm(ID, ginv)_Nr_500339",0.28164436539162,0.843938931218626,0.333726001933496
"vm(ID, ginv)_Nr_504753",-0.81781587600251,0.862474722498982,-0.948220109724404
"vm(ID, ginv)_Nr_504362",-0.768909564236386,0.861331399527556,-0.892698866729039
"vm(ID, ginv)_Nr_504673",-0.537924508434129,0.86634653951367,-0.620911475835174
"vm(ID, ginv)_Nr_504439",0.0737356246042418,0.872585178669761,0.0845024948929918
"vm(ID, ginv)_Nr_504659",-0.120281454746014,0.868934980948477,-0.138423998783801
"vm(ID, ginv)_Nr_500768",-0.410965709426086,0.871137386300169,-0.471757630758461
"vm(ID, ginv)_Nr_504280",-0.304143853090928,0.832500040421247,-0.365337943932147
"vm(ID, ginv)_Nr_503657",-0.177273719949616,0.880051594444187,-0.20143559885438
"vm(ID, ginv)_Nr_503385",-0.273069539596948,0.865052502345836,-0.31566816910701
"vm(ID, ginv)_Nr_504456",-0.238603305927897,0.865497916777689,-0.275683281614627
"vm(ID, ginv)_Nr_500393",-0.0872506278543402,0.862554566319397,-0.101153748714875
"vm(ID, ginv)_Nr_504410",-0.866361936201706,0.868291506531909,-0.99777773902464
"vm(ID, ginv)_Nr_500355",-0.311320956299514,0.869889969403805,-0.35788544212423
"vm(ID, ginv)_Nr_500738",-0.407501126823608,0.866319168094443,-0.470382212273968
"vm(ID, ginv)_Nr_501210",-0.494617098204459,0.870877249201739,-0.567952715101736
"vm(ID, ginv)_Nr_502417",-0.560341370271839,0.868818905837647,-0.644946106152699
"vm(ID, ginv)_Nr_501166",-0.569237075874975,0.861104714540297,-0.661054417962237
"vm(ID, ginv)_Nr_500302",-0.239744008310303,0.868125970439061,-0.276162695822878
"vm(ID, ginv)_Nr_500282",-0.198481771820329,0.867377830938455,-0.228829657319674
"vm(ID, ginv)_Nr_500182",0.441213086413727,0.722594319870215,0.610595840959521
"vm(ID, ginv)_Nr_501439",-1.25858215979498,0.868916648346637,-1.44844981643498
"vm(ID, ginv)_Nr_500998",-0.20592757853692,0.875664736087838,-0.235167147939441
"vm(ID, ginv)_Nr_501437",0.00837777490005217,0.873767800529046,0.00958810211932692
"vm(ID, ginv)_Nr_503176",-0.278390724349445,0.86616324700889,-0.321406761728586
"vm(ID, ginv)_Nr_502860",0.0461835277633735,0.86731731215573,0.0532487096891721
"vm(ID, ginv)_Nr_504576",-0.213536357762654,0.866390343035782,-0.246466687306827
"vm(ID, ginv)_Nr_502737",-0.316238275127852,0.864156262165456,-0.365950336731233
"vm(ID, ginv)_Nr_502156",-0.967171858251641,0.873647325149428,-1.10705067183284
"vm(ID, ginv)_Nr_504654",-0.547176902590811,0.863339876715255,-0.633790836434721
"vm(ID, ginv)_Nr_501185",-0.812690075874869,0.860526610822554,-0.944410161933331
"vm(ID, ginv)_Nr_504462",-0.422505801509676,0.870553847664771,-0.485329888143086
"vm(ID, ginv)_Nr_502868",0.291306918397146,0.86031119571776,0.338606448279576
"vm(ID, ginv)_Nr_502771",-0.135373218894106,0.867019701535321,-0.156136266170638
"vm(ID, ginv)_Nr_504569",-0.701153150694243,0.874622266558444,-0.801663961121428
"vm(ID, ginv)_Nr_504961",-1.50567495000299,0.870584714644109,-1.72949849069944
"vm(ID, ginv)_Nr_503384",0.0614340056202698,0.867482720761001,0.07081870814254
"vm(ID, ginv)_Nr_504722",-0.600170606423111,0.866904951699323,-0.6923141980521
"vm(ID, ginv)_Nr_500236",-0.146213233306754,0.872032263100101,-0.167669522669908
"vm(ID, ginv)_Nr_502562",-0.466216005518927,0.874903380710216,-0.532877133404685
"vm(ID, ginv)_Nr_503605",0.239787755835153,0.867736584733609,0.276337035978224
"vm(ID, ginv)_Nr_503340",-0.939800958593942,0.871271313580356,-1.07865477027124
"vm(ID, ginv)_Nr_502842",-0.477444125397045,0.862620089269855,-0.553481342871538
"vm(ID, ginv)_Nr_503209",-0.4790556028742,0.844277718986494,-0.56741471686506
"vm(ID, ginv)_Nr_504230",-0.496310382971188,0.866768883767101,-0.572598292654614
"vm(ID, ginv)_Nr_503765",-0.296041151436421,0.873266448783002,-0.339004380448817
"vm(ID, ginv)_Nr_504520",-0.705309739421729,0.878121231859561,-0.803203149897793
"vm(ID, ginv)_Nr_502926",0.612713983640174,0.707023087130243,0.866610998697564
"vm(ID, ginv)_Nr_501268",-0.657158470427478,0.861035490279643,-0.763218796258967
"vm(ID, ginv)_Nr_501447",0.223691098442266,0.869304017627172,0.257322057538451
"vm(ID, ginv)_Nr_504738",0.310806879779318,0.867451023487002,0.358299052469762
"vm(ID, ginv)_Nr_500436",0.490669890631363,0.866390340069971,0.566338136447523
"vm(ID, ginv)_Nr_503768",0.285707575479025,0.864631153381041,0.330438678229205
"vm(ID, ginv)_Nr_501221",-0.382435926326843,0.858324686500328,-0.445560907593326
"vm(ID, ginv)_Nr_504495",-0.253595563833502,0.851173412583293,-0.297936425274193
"vm(ID, ginv)_Nr_504379",-0.853362713580099,0.869980079288477,-0.980899142286145
"vm(ID, ginv)_Nr_502850",0.332903425965414,0.866815258007528,0.384053491087166
"vm(ID, ginv)_Nr_502591",-0.906474358638518,0.86839165053105,-1.04385430016995
"vm(ID, ginv)_Nr_503614",-0.497984767975764,0.86925156148934,-0.572889126736267
"vm(ID, ginv)_Nr_503136",-0.498130126505645,0.869433092567671,-0.572936699515925
"vm(ID, ginv)_Nr_501883",-0.104084361352522,0.874572953298194,-0.119011639863774
"vm(ID, ginv)_Nr_504231",0.0617639271320206,0.872885704838361,0.0707583212666518
"vm(ID, ginv)_Nr_504941",-0.694739917139205,0.864466450808177,-0.803663249730169
"vm(ID, ginv)_Nr_503365",0.0971102497017583,0.863614419805389,0.112446304131468
"vm(ID, ginv)_Nr_502074",-0.105887398792945,0.849834263674892,-0.124597704892554
"vm(ID, ginv)_Nr_503317",-0.523003627034691,0.873031304749618,-0.599066292570902
"vm(ID, ginv)_Nr_501417",-0.502816156969327,0.878120144458286,-0.572605195476429
"vm(ID, ginv)_Nr_501071",-0.508400613412742,0.871457915662755,-0.583390895045226
"vm(ID, ginv)_Nr_504096",-0.389688404336999,0.850291460447987,-0.458299797732517
"vm(ID, ginv)_Nr_503211",-0.414251324992317,0.881399372069174,-0.46999276164654
"vm(ID, ginv)_Nr_503902",-0.444216230900948,0.866244212740726,-0.512807155727464
"vm(ID, ginv)_Nr_503927",-0.533940374851396,0.872417565776473,-0.612023869987275
"vm(ID, ginv)_Nr_500546",-0.0192073650695557,0.853646705424476,-0.0225003680650356
"vm(ID, ginv)_Nr_501347",-0.0370689847854522,0.874053567460701,-0.0424104267352228
"vm(ID, ginv)_Nr_504542",-0.734779697439204,0.872393895255302,-0.842256807888567
"vm(ID, ginv)_Nr_502717",-0.228032901117754,0.860806601075528,-0.264906078592845
"vm(ID, ginv)_Nr_501971",-0.37149556741567,0.866792265825439,-0.42858661995778
"vm(ID, ginv)_Nr_501635",-0.403210940331492,0.874620242809302,-0.4610125864871
"vm(ID, ginv)_Nr_504775",-0.422435976671394,0.86430699157241,-0.48875686624132
"vm(ID, ginv)_Nr_501136",-0.100452425839807,0.877894576760675,-0.114424246941431
"vm(ID, ginv)_Nr_504378",-0.282078318235109,0.870490426462695,-0.324045284887688
"vm(ID, ginv)_Nr_504318",-0.167552757333365,0.868135533108128,-0.193002994283032
"vm(ID, ginv)_Nr_503608",-0.210316902042648,0.876397529697802,-0.239978885055928
"vm(ID, ginv)_Nr_500816",-0.110298631009079,0.864172551523379,-0.127634962270721
"vm(ID, ginv)_Nr_504057",-0.242437824008298,0.870802203518024,-0.278407453528314
"vm(ID, ginv)_Nr_504603",-0.402853505869075,0.874365350588897,-0.460738186385986
"vm(ID, ginv)_Nr_503680",-0.705912330366009,0.871290068828155,-0.810192099762401
"vm(ID, ginv)_Nr_504593",-0.652852459418434,0.869781241112809,-0.750593860340293
"vm(ID, ginv)_Nr_503633",-0.796851162486656,0.874311430180583,-0.911404260518557
"vm(ID, ginv)_Nr_502645",-0.449120808680076,0.870275150688436,-0.516067600373051
