"","Np2_503677","Np2_501654","Np2_503650","Np2_503101","Np2_500235","Np2_504345","Np2_502107","Np2_504521","Np2_501143","Np2_504787","Np2_501064","Np2_502489","Np2_500273","Np2_500396","Np2_500428","Np2_502010","Np2_501475","Np2_502438","Np2_500841","Np2_503765","Np2_502225","Np2_502202","Np2_501178","Np2_500681","Np2_503554","Np2_501661","Np2_502335","Np2_504644","Np2_504685","Np2_501571","Np2_503664","Np2_504246","Np2_501399","Np2_502671","Np2_503790","Np2_500085","Np2_504291","Np2_501486","Np2_500245","Np2_502434","Np2_501223","Np2_504501","Np2_502582","Np2_502396","Np2_504342","Np2_502917","Np2_501270","Np2_503593","Np2_502683","Np2_504360","Np2_502570","Np2_503363","Np2_503619","Np2_504014","Np2_501886","Np2_503773","Np2_503983","Np2_502112","Np2_503083","Np2_502143","Np2_500803","Np2_504221","Np2_504430","Np2_500664","Np2_503081","Np2_504046","Np2_502273","Np2_504376","Np2_502425","Np2_502195","Np2_501753","Np2_503599","Np2_501388","Np2_501802","Np2_503746","Np2_501624","Np2_501123","Np2_504666","Np2_504873","Np2_500617","Np2_503086","Np2_504475","Np2_504698","Np2_503932","Np2_500183","Np2_504434","Np2_501925","Np2_502874","Np2_500587","Np2_500909","Np2_502398","Np2_503542","Np2_502687","Np2_501926","Np2_501869","Np2_504661","Np2_500218","Np2_503875","Np2_504631","Np2_503278"
"Np2_503677",1.00073378,-0.00879006,-0.02157395,-0.03064276,-0.01926188,-0.01361327,-0.01700001,-0.01343695,-0.00573015,-0.01642389,-0.01928779,-0.00868214,-0.02007971,-0.01012621,-0.02121673,0.00302399,0.00234452,-0.03246992,-0.00705413,-0.02056007,-0.0018661,-0.02262885,-0.00263983,-0.0171201,-7.04e-06,-0.00939811,-0.03274194,-0.01653186,-0.01300982,0.02411055,-0.01482022,-0.00369932,-0.02192204,-0.02151009,-0.01694684,-0.01560915,-0.01001374,0.01096946,-0.00821852,-0.01054879,-0.01850947,-0.00061964,-0.01719765,-0.01215553,-0.01407995,-0.01785278,-0.00193602,-0.00805283,-0.0182997,-0.01526865,-0.00473145,-0.02759954,-0.00635338,0.03965339,0.01578964,-0.00631083,-0.02487554,0.00822571,-0.02356219,-0.00898311,0.00045202,-0.00408694,-0.0084222,0.00443311,-0.02307578,0.00298904,-0.01852466,-0.00705869,-0.00650082,-0.00448672,-0.00023354,-0.0034865,-0.01929688,-0.01909164,-0.01120242,-0.01593443,-0.03009852,-0.01284565,-0.0189214,-0.01388843,0.00601704,0.00182921,-0.00827627,-0.00220812,-0.0262816,-0.00954859,-0.00025482,-0.01775246,-0.02018152,-0.00637161,-0.00372364,0.00225332,-0.01057312,-0.00539572,-0.01041505,-0.00800267,-0.00431191,-0.01127541,-0.01421824,0.01978138
"Np2_501654",-0.00879006,0.99336027,0.00179729,-0.00301528,-0.0082033,-0.01517135,-0.01065367,-0.00329041,-0.01777679,-0.00460528,-0.01126934,0.00800073,-0.01342935,0.00442855,0.00884286,-0.01723105,-0.02079866,0.00093388,-0.0166686,-0.02759043,-0.03032956,-0.00305784,-0.00343787,-0.01198983,0.01135554,-0.00624393,-0.01925123,-0.01200961,-0.00863958,-0.02837021,-0.00452168,-0.00860158,-0.01147149,-0.01136356,-0.02124107,-0.0091108,-0.03300496,0.00226699,-0.01296876,-0.01529903,-0.01353119,0.01758334,-0.00477098,-0.01036943,-0.00347739,-0.02670724,0.00517035,-0.02192355,-0.01788167,-0.01165845,-0.02559456,-0.01699698,0.00348913,-0.00659508,-0.01662608,-0.00285263,0.00427197,0.00970778,-0.01721585,0.00131542,0.00375819,-0.02190986,-0.03065334,-0.04059922,-0.02813002,-0.01194577,-0.01476245,-0.00876878,-0.00669082,-0.01440524,-0.00513579,-0.01644517,-0.00945435,-0.01137723,-0.01960083,-0.03527741,0.02717043,0.00064507,-0.01409514,-0.00526196,-0.01074186,-0.00808932,0.00825458,0.01265064,-0.00336642,-0.01034662,-0.0150376,-0.0127742,-0.00669082,-0.00200139,-0.02945095,-0.00644915,0.00230955,-0.02291462,-0.00756489,-0.00773665,-0.00541396,0.00054322,-0.03675336,-0.00731407
"Np2_503650",-0.02157395,0.00179729,0.99804283,-0.01427908,-0.01110666,-0.00424198,0.01046022,-0.00832188,-0.01459982,-0.0184532,-0.00900442,-0.01603173,-0.01040439,-0.02218803,0.01673208,-0.02256653,-0.01245344,-0.00744177,-0.00558725,-0.00328434,-0.0270006,-0.00261701,-0.00725328,-0.02173354,-0.02255741,-0.02966838,-0.01789836,-0.00594448,-0.0033345,-0.03203362,0.02388862,-0.02640174,-0.0192391,-0.01943519,-0.00575143,-0.0035017,-0.02146755,-0.02374159,-0.00918376,-0.02549876,-0.01020222,0.00054322,-0.00995446,-0.01646496,-0.01914942,0.00732734,0.02172404,-0.0093221,0.00080011,-0.02702647,-0.01557724,0.01521352,-0.01431099,-0.02089904,-0.01527322,-0.0021078,-0.00151952,-3.593e-05,-0.0024863,-0.0146606,0.00237492,0.00574037,-0.00862741,-0.01279699,-0.01765668,-0.02077745,-0.00656923,-0.01836048,0.00393451,-0.01320438,-0.01913573,-0.02345274,0.00162704,-0.02233701,-0.00927951,-0.01294747,0.00754622,0.00777425,0.00017841,-0.01713381,-0.01714141,-0.00856055,-0.01045758,-0.00469345,-0.01052599,-0.00473754,-0.00380421,-0.01871771,-0.03117928,-4.049e-05,-0.0204977,-0.00752841,0.02327145,-0.00848908,-0.02004476,-0.01945648,-0.0118135,0.01603285,-0.02704009,-0.01812185
"Np2_503101",-0.03064276,-0.00301528,-0.01427908,1.00377136,0.00596991,-0.00844652,-0.01289732,-0.02255895,0.00171673,-0.02813002,0.00320794,-0.00245133,-0.00518444,-0.01103977,-0.00799355,-0.00092973,-0.016962,0.0034025,-0.03669717,0.00254365,-0.00840396,-0.00530148,-0.01951426,-0.01073729,-0.00396077,0.0003289,-0.01055031,0.01842852,-0.01985172,-0.00796466,-0.0063093,-0.03212638,-0.00717878,0.0111701,-0.01588431,-0.01789079,-0.02688817,-0.00149672,-0.00867606,-0.01663063,-0.01015054,-0.01886216,-0.02631967,0.00243573,-0.00921721,-0.03001496,0.01083113,-0.03115959,-0.0103968,-0.01694226,-0.00397294,-0.00844805,-0.01289124,0.0084902,0.01244394,-0.00266414,-0.01864474,-0.01685713,-0.01778741,-0.00928865,-0.01399026,-0.01518505,-0.00371148,0.00488761,-0.00666044,-0.0321264,-0.01548603,-0.02864535,-0.01699089,-0.01695291,-0.00783546,0.01460091,-0.00987389,-0.00374036,-0.00375556,-0.01167973,-0.01505126,-0.01771144,-0.01497072,-0.0073536,-0.0018889,-0.0218856,-0.00204547,-0.01634638,-0.004546,-0.01973465,-0.02503366,-0.02216222,-0.01045454,-0.01838175,-0.01375768,-0.00382853,0.00477817,-0.01132555,0.00448024,0.00734863,0.0133195,-0.01021287,-0.02425228,-0.00727759
"Np2_500235",-0.01926188,-0.0082033,-0.01110666,0.00596991,0.98199139,-0.01241847,0.00562788,0.00675882,-0.0264245,0.006508,-0.00654035,-0.01858392,-0.0131086,-0.02017998,-0.02062995,-0.02739882,0.01995612,-0.00224157,-0.01421975,-0.00279639,-6.329e-05,-0.01793786,-0.01512576,-0.00878093,-0.01325299,-0.01549968,-0.01300218,-0.01868123,0.00855405,-0.01892898,-0.00420094,-0.00128847,-0.00613448,-0.02016328,-0.0093677,0.01279505,-0.01809143,-0.00805282,-0.02252852,-0.01786643,-0.03768371,-0.01188952,-0.0170669,0.01062439,-0.00072452,-0.02152222,-0.01700609,-0.02509898,-0.01026453,0.00507914,0.00649586,-0.00907583,-0.00014233,-0.00642634,-0.00764088,-0.02320498,-0.00513579,-0.0235652,-0.01081479,0.00315624,-0.0197863,-0.0255413,-0.0090515,-0.01033293,-0.00424806,-0.01420916,-0.0124656,-0.00358379,-0.01153834,-0.0142365,-0.01135139,-0.01004411,-0.00366132,-0.00984043,-0.03220072,-0.00972337,-0.01370294,-0.00587455,-0.01483845,-0.02439824,0.00341162,0.02004889,-0.0014572,-0.01499804,-0.01657435,-0.00713773,-0.01426082,-0.00895727,-0.00925823,0.00971992,-0.01149731,-0.02269726,-0.01135443,0.01358395,-0.01910077,-0.01653638,-0.01269361,0.00192801,0.00248132,-0.02310617
"Np2_504345",-0.01361327,-0.01517135,-0.00424198,-0.00844652,-0.01241847,0.98082379,-0.0043803,-0.02103428,-0.0248801,-0.00106806,-0.01670058,-0.00943913,-0.01308428,-0.02942812,-0.00510083,-0.0114137,-0.02303772,-0.02015418,-0.01571551,0.01334077,0.00041706,-0.00499289,-0.02406991,-0.0105807,-0.0238692,-0.00757095,-0.0178421,-0.01941695,0.00325809,0.00404853,0.00387979,-0.00658442,-0.02207098,0.00509433,-0.00493515,0.00856315,-0.00423438,-0.01806103,-0.03071261,0.04797723,0.00110262,-0.00684893,-0.01278636,-0.01397656,-0.01681303,-0.01237744,-0.00345306,-0.01884234,-0.00127175,-0.01465755,-0.02038522,0.00554124,-0.00711037,-0.0235789,-0.01278483,-0.01588427,-0.02107226,-0.02931717,-0.01018244,0.00652472,-0.01079351,-0.00758007,-0.02742011,-0.00544436,-0.02444077,0.00466416,0.00291151,-0.01252792,0.00247068,-0.0204445,-0.00479073,-0.01640411,-0.00515707,-0.01772051,-0.0019269,-0.01836349,-0.01459066,-0.00098598,-0.0085818,-0.00658898,-0.00264438,-0.01367257,-0.01754569,-0.01770985,-0.01031773,0.0105195,0.00157232,-0.01683735,-0.01288209,-0.0091047,-0.02211351,-0.02449703,0.01177508,-0.01861734,0.00524483,-0.02152832,-0.01023717,-0.01309644,-0.010415,0.00595167
"Np2_502107",-0.01700001,-0.01065367,0.01046022,-0.01289732,0.00562788,-0.0043803,0.98286709,-0.02594109,-0.03799535,0.00056147,-0.0196313,-0.00522548,-0.00598247,-0.02111027,-0.00119118,0.01848925,-0.01988813,-0.00073972,-0.01575807,-0.01375921,-0.01619434,-0.01689205,-0.015144,-0.02202384,-0.00703892,-0.00350931,-0.01393246,-0.00957899,0.01537617,-0.00344242,-0.00543525,-0.00024266,-0.00189651,-0.01546928,-0.00847389,-0.00516011,-0.00503699,-0.02038371,-0.0135783,-0.00952424,-0.02219715,-0.03364491,-0.02468554,-0.01781933,-0.01776765,-0.00542765,-0.00623177,0.00604439,-0.01195487,-0.01910834,-0.0129794,-0.00939809,-0.01338525,0.00297991,-0.00993924,-0.01638286,0.03725612,-0.02099932,0.00178361,0.0110424,-0.03378926,-0.03209588,-0.01667012,-0.01901561,-0.00593839,0.00158144,-0.00701156,0.04154427,-0.00806041,-0.00011801,-0.01349773,0.01638699,-0.02480865,-0.00423438,0.00699898,-0.03968712,0.00330369,-0.02337371,-0.0112085,0.00492106,-0.02031988,-0.00854685,-0.02503663,-0.00847995,-0.00899221,-0.01886057,-0.01777525,-0.02265621,-0.02675734,-0.02237192,-0.00604327,-0.01754724,-0.01851703,-0.00786736,-0.00483025,-0.00089781,-0.00815162,-0.00097838,-0.02869846,0.0077332
"Np2_504521",-0.01343695,-0.00329041,-0.00832188,-0.02255895,0.00675882,-0.02103428,-0.02594109,0.99227477,-0.0116311,-0.02521297,-0.01774033,-0.00287848,-0.00743568,-0.01997935,0.00313192,-0.01974981,0.00039577,-0.02377807,-0.0058107,0.02035748,-0.01612747,-0.01788923,-0.00109238,-0.00432407,-0.01259633,-0.00967475,-0.00793729,-0.00966412,-0.01435053,-0.01644823,-0.0059764,-0.01112036,0.00090653,-0.01950662,-0.01068714,-0.01390969,-0.01393858,-0.01834073,-0.00317489,-0.02055394,0.02119199,-0.00880072,0.01353535,-0.03432133,-0.03670176,0.01668039,-0.00890104,-0.00407326,-0.01325606,-0.02816195,-0.01321655,-0.00233885,-0.01529448,0.00608695,-0.01154446,-0.00065916,0.00266526,0.02330184,-0.00134167,-0.01108385,-0.01958566,-0.01150796,-0.01781932,-0.00344394,0.02133791,0.00377644,-0.01044087,-0.01873593,-0.03839509,-0.01145173,-0.00583047,-0.000723,-0.00650083,0.01072927,-0.0180154,-0.01408296,0.00063443,-0.0018737,-0.01980608,-0.02480564,-0.01994899,0.01234514,0.00816794,-0.02635,-0.02078194,-0.01392945,-0.01360416,-0.01179678,-0.00632145,-0.01592073,-0.01038462,-0.01900045,-0.01753812,-0.0394181,0.00359707,-0.02332811,-0.02662971,-0.00334362,-0.00355034,-0.01211296
"Np2_501143",-0.00573015,-0.01777679,-0.01459982,0.00171673,-0.0264245,-0.0248801,-0.03799535,-0.0116311,1.004194,-0.03225095,-0.00273712,0.00087612,-0.00489715,-0.01348862,-0.00968236,-0.01265106,-0.01439459,0.00080163,-0.00707236,-0.01008975,-0.02118935,-0.00668626,-0.02089906,-0.01212208,0.03888874,-0.02294507,-0.01755939,-0.00393342,-0.00968389,0.01481983,-0.00891016,-0.01451015,-0.0014192,-0.02213638,-0.02441349,-0.01425932,-0.01170408,0.00547893,-0.0184213,-0.01907948,-0.00606305,-0.01963892,-0.00444721,-0.02083824,-0.00680181,-0.01832705,-0.0285557,-0.00989517,-0.03610291,-0.00434232,-0.02375072,0.00491193,-0.01853226,-0.0044472,0.00102661,-0.01924976,-0.0233737,-9.6e-07,-0.01658808,-0.00778529,0.0008898,-0.01064152,-0.00524828,0.00806306,-0.03373459,-0.01299007,0.00927456,-0.00388477,0.00138534,0.01054384,-0.02198892,-0.00882502,0.01610278,-0.00345306,-0.01988511,-0.01458461,0.01016533,-0.00754361,-0.02882017,0.0098066,-0.01072211,-0.00381333,0.00310608,-0.01925125,-0.02021954,0.00213779,-0.02307428,0.00092628,-0.01427146,-0.00395773,-0.0079981,-0.03698303,0.01494598,-0.03915972,0.00035929,0.00398773,-0.02515525,-0.00627738,0.00370043,-0.00562223
"Np2_504787",-0.01642389,-0.00460528,-0.0184532,-0.02813002,0.006508,-0.00106806,0.00056147,-0.02521297,-0.03225095,0.97748215,-0.01084674,-0.0093616,-0.0294236,-0.00563741,-0.00122311,-0.00677594,-0.01931201,-0.00806803,-0.02156627,-0.02230356,-0.01288209,-0.01175571,-0.0223203,-0.00670299,-0.02120755,-0.01296571,-0.01776458,-0.00687476,-0.00852101,-0.0201952,-0.01960389,-0.0046828,-0.01484909,-0.03435015,-0.00972187,-0.00564805,-0.03410241,-0.00095861,-0.01619434,-0.0022598,-0.0033801,-0.01847602,-0.03763812,-0.02469159,-0.00457488,-0.02993281,-0.02359259,-0.00067588,-0.0063625,-0.01549207,-0.00966714,-0.00669387,-0.03287415,-0.00617248,-0.00647498,-0.01337462,-0.01795458,-0.00643849,-0.01922537,-0.01239871,-0.00053147,-0.01844709,-0.0018053,-0.00369475,-0.01615483,-0.01684345,-0.00263526,-0.01837869,-0.01219653,-0.01915091,-0.01960995,-0.01055029,-0.02058435,-0.00548236,-0.02237039,0.00633928,-0.01314506,-0.02720582,-0.01914482,-0.01319981,-0.01487951,-0.01663519,-0.02005228,-0.01778434,-0.02088072,-0.00749191,-0.01613507,-0.00794337,0.00133214,-0.00537899,-0.01701973,-0.00587455,-0.02964551,0.39613689,-0.01398265,-0.006098,0.00716924,-0.02730766,-0.02842635,-0.02346034
"Np2_501064",-0.01928779,-0.01126934,-0.00900442,0.00320794,-0.00654035,-0.01670058,-0.0196313,-0.01774033,-0.00273712,-0.01084674,1.02390027,-0.00644916,-0.02407908,-0.00591712,-0.0288643,-0.0246886,-0.02521607,0.02919834,-0.0286864,0.00599424,0.00629522,-0.00853925,-0.00405503,-0.01716725,0.00420206,0.00089132,-0.01713228,-0.01384286,0.0007758,-0.00025786,-0.01015512,-0.00617859,0.00904049,-0.01806107,-0.00392126,0.00501683,-0.0193334,-0.01567911,-0.01677811,-0.02184454,-0.02798114,-0.01221941,-0.01694079,-0.01341874,0.01627456,-0.0209401,-0.01687997,-0.01919658,0.00171825,0.01478184,0.00251782,-0.02278245,-0.00731256,-0.02834139,0.005862,-0.00803005,-0.00227348,-0.02070297,-0.01099267,-0.00583808,0.00374908,-0.01599071,-0.00436512,-0.00564655,-0.01947474,-0.02092342,-0.00337099,-0.00391366,-0.01202024,-0.01380636,-0.00423287,-0.00961396,0.0011771,0.00442247,-0.03389875,0.01578812,0.00512019,-0.02809364,-0.01152015,-0.02457617,-0.00816686,-0.01828303,-0.01045152,-0.01411188,-0.01173599,-0.02814073,-0.01991102,-0.02038376,-0.00791602,-0.01173903,-0.0325003,-0.0140587,0.01020487,-0.01714748,-0.01183026,-0.02629082,-0.00694318,-0.00919444,-0.00438487,-0.00595513
"Np2_502489",-0.00868214,0.00800073,-0.01603173,-0.00245133,-0.01858392,-0.00943913,-0.00522548,-0.00287848,0.00087612,-0.0093616,-0.00644916,0.99448834,-0.00404894,-0.00792817,-0.00913816,-0.00025026,-0.02084275,-0.00868671,0.06081124,-0.03371484,-0.01623692,-0.02787918,-0.02977936,-0.01324997,-0.01012165,-0.00491994,-0.00698268,-0.01372578,-0.01278789,-0.01184543,-0.01003805,-0.01533402,-0.00589127,-0.02296024,0.00166808,-0.01614725,-0.01420004,-0.0227064,-0.00434839,-0.02294351,-0.01707146,-0.0169666,-0.00435904,-0.01983801,-0.00747367,-0.01991096,-0.01676289,-0.02850399,-0.02613419,-0.00014993,-0.00770169,-0.01293684,-0.02057219,-0.02533614,0.01829169,-0.0212897,0.00544395,-0.00553709,-0.0107236,-0.02502601,-0.01665495,-0.00705717,0.00304831,-0.00887366,-0.02209379,0.01020334,-0.01480654,-0.00106046,0.00086548,-0.03390635,-0.0229648,0.00099164,-0.01345063,-0.01157332,0.01911704,-0.00020769,-0.01193966,-0.00304721,0.00075756,-0.02172292,-0.00835381,-0.00874143,-0.01656677,-0.00305024,-0.00690668,0.00465808,-0.01766582,-0.03212329,0.01120201,0.00403484,-0.01216614,-0.00983741,-0.02266383,-0.00426174,0.00363963,-0.01735724,-0.00545805,-0.0116615,-0.02068464,-0.01404651
"Np2_500273",-0.02007971,-0.01342935,-0.01040439,-0.00518444,-0.0131086,-0.01308428,-0.00598247,-0.00743568,-0.00489715,-0.0294236,-0.02407908,-0.00404894,0.99647083,-0.01035725,-0.00548693,-0.01909619,-0.00138271,0.02034989,-0.01534158,-0.01547083,-0.00969755,-0.01404344,-0.01594358,-0.00473449,-0.0119427,-0.02315787,-0.01625212,0.00907848,-0.00761657,-0.01655464,-0.02812396,-0.01989123,-0.020481,-0.02295721,0.05487399,-0.02298457,-0.03030986,-0.00507043,-0.0204582,-0.00819571,-0.03348529,0.01085395,0.01677314,0.00083812,-0.02631963,0.0474316,-0.00672732,-0.00341963,-0.01594661,-0.02978844,-0.00724263,-0.00867758,-0.01327278,-0.01302046,-0.00526652,0.00303464,-0.01248993,0.01863521,-0.01558481,-0.02593502,-0.01756396,0.01377095,-0.00986931,-0.02270333,-0.02938714,-0.01213882,-0.00933121,0.00152671,-0.00277967,-0.00015753,-0.02615393,0.00555493,-0.01648776,-0.0118743,-0.0141696,-0.02376587,-0.00783241,-0.02341326,-0.00516771,0.02829079,-0.03404016,-0.01025848,0.00714948,-0.01307972,-0.00295143,-0.01935614,-0.00200595,-0.01327126,-0.00065156,-0.00280247,-0.01915547,-0.02549119,-0.01354031,-0.00699485,-0.03770356,-0.02191445,0.01597811,-0.02017092,-0.00335273,-0.0220999
"Np2_500396",-0.01012621,0.00442855,-0.02218803,-0.01103977,-0.02017998,-0.02942812,-0.02111027,-0.01997935,-0.01348862,-0.00563741,-0.00591712,-0.00792817,-0.01035725,0.97867712,-0.0023738,-0.01035876,-0.00967016,-0.01210688,-0.00204395,-0.01600588,-0.00947256,-0.01640258,-0.02514308,-0.01834221,-0.00898157,-0.01031621,0.00510193,-0.00924154,-0.01833616,-0.01344149,-0.01239416,-0.01282587,-0.0220801,-0.00449128,-0.0037282,-0.01713528,-0.00789169,-0.01579002,-0.02296933,-0.01557111,-0.02550788,-0.00381789,-0.02039587,0.00607935,-0.01165388,0.04203222,0.00246612,-0.0158113,-0.01313748,-0.00433014,0.005447,-0.01012469,-0.00803153,-0.02252397,-0.0042815,-0.01984559,-0.03506609,0.00472344,0.01260959,-0.00883716,0.01123849,-0.01199742,-0.01040436,-0.02354238,-0.01715351,0.00146287,-0.01184237,-0.02986592,-0.01045908,-0.00418878,-0.01316027,-0.00607671,-0.01352662,-0.0014648,-0.00543219,0.00108437,0.00090501,-0.00175514,-0.00722285,-0.01830272,-0.00493363,-0.02310619,0.03382377,-0.00738246,-0.00728669,-0.02080323,-0.01090144,-0.00194971,-0.01517132,-0.01428207,0.00691082,-0.00368107,-0.00571494,-0.03200312,-0.03018215,0.00840811,-0.02271092,0.00118317,-0.00844801,-0.01868273
"Np2_500428",-0.02121673,0.00884286,0.01673208,-0.00799355,-0.02062995,-0.00510083,-0.00119118,0.00313192,-0.00968236,-0.00122311,-0.0288643,-0.00913816,-0.00548693,-0.0023738,0.9949566,0.0089523,-0.02562492,-0.01635704,-0.00918223,-0.00657531,0.00436622,-0.0103162,-0.0134324,-0.01636005,-0.02280822,-0.00848605,-0.01936524,-0.02914854,-0.00236925,-0.03441253,-0.0237887,0.0042051,-0.01842585,0.02166016,0.01117467,-0.01363303,0.00609912,-0.00392733,-0.02235525,-0.02377347,-0.02276569,-0.00122767,-0.02966231,-0.01869187,-0.00283136,-0.00067588,0.00277623,-0.02401367,-0.00629105,-0.00706021,-0.01856419,0.00204203,0.00124703,-0.01370145,-0.01050776,-0.01178311,-0.01423497,-0.00287087,-0.00881742,-0.02342385,-0.03131764,-0.02521604,-0.00644609,-0.03174476,-0.01197918,-0.02087625,0.00792473,-0.01040286,-0.00665283,-0.02379174,0.00493473,-0.00500658,-0.00394405,-0.01939565,-0.002994,-0.02505489,0.10549245,-0.0175579,0.01163221,0.01453709,-0.00857574,-0.01048345,0.0047964,0.00341617,-0.01716112,-0.01486886,-0.03445662,-0.02185667,-0.01486124,-0.00591559,-0.010868,-0.01613965,-0.03063816,-0.010716,-0.01755942,-0.02958781,-0.01814463,-0.02191597,-0.01969051,-0.02764515
"Np2_502010",0.00302399,-0.01723105,-0.02256653,-0.00092973,-0.02739882,-0.0114137,0.01848925,-0.01974981,-0.01265106,-0.00677594,-0.0246886,-0.00025026,-0.01909619,-0.01035876,0.0089523,0.9798964,-0.01415287,-0.02175786,-0.00227043,-0.01410426,-0.02003557,-0.00218836,-0.01427299,-0.00732013,-0.0137683,-0.01692703,0.20461346,-0.009012,-0.01673857,-0.01093185,-0.02174112,-0.00165177,-0.00360963,-0.01627035,-0.02432376,-0.00444112,-0.00583807,-0.01358439,-0.02821208,-0.01442953,-0.01174965,-0.02106928,-0.00420551,-0.01527624,-0.02510505,0.01459634,-0.01265714,-0.03230263,-0.03814127,-0.00486065,-0.01697264,-0.01506341,0.0039026,-0.00906975,-0.01180438,-0.00319921,-0.003827,-0.02712066,-0.00205763,-0.01362389,-0.00206067,-0.01115985,0.01399438,-0.02285683,-0.01509989,-0.00758009,-0.02346945,-0.00349106,-0.02923051,0.0183859,-0.02752348,-0.02119995,-0.01496918,-0.0178041,-0.02374758,-0.0266555,-0.00220963,-0.02022258,-0.01079351,-0.01776918,0.02113727,-0.01406019,-0.00030042,-0.01353724,-0.01617761,-0.00993315,-0.01325604,0.01180852,-0.01068558,-0.01998084,-0.01277265,-0.02746879,-0.01658197,-0.00061203,-0.02691246,0.00179729,-0.02172135,-0.0160682,-0.00213819,-0.02666163
"Np2_501475",0.00234452,-0.02079866,-0.01245344,-0.016962,0.01995612,-0.02303772,-0.01988813,0.00039577,-0.01439459,-0.01931201,-0.02521607,-0.02084275,-0.00138271,-0.00967016,-0.02562492,-0.01415287,0.97914537,0.01860481,-0.01906271,-0.00779137,-0.01934698,-0.00590797,-0.0173846,-0.02137628,-0.01444777,0.00154648,-0.03350192,-0.01242762,-0.0014572,-0.03441249,-0.0088919,-0.01525192,-0.00884934,-0.01026148,-0.00661027,-0.01667317,-0.02263038,-0.0014952,0.00211802,-0.00431646,0.00337969,0.03373418,-0.00594903,0.00517339,-0.00678355,-0.01754874,-0.03294562,-0.02826986,-0.01829967,-0.00827627,0.00165288,-0.02486336,-0.01699391,-0.01917371,-0.0173481,-0.02272767,-0.02031527,-0.03494449,-0.00805737,0.00211346,-0.01034053,0.10110241,-0.02088681,-0.00833554,0.00246156,-0.01129972,-0.006212,-0.01785123,-0.00543676,-0.00631081,7.048e-05,-0.00044635,-0.00774425,-0.01437937,-0.00345001,-0.02292675,-0.02021798,-0.00372516,-0.01846535,-0.01966471,-0.01009581,-0.021124,-0.01800474,-0.01710486,0.004728,0.00337209,-0.01317549,-0.00604783,-0.00133255,-0.01442799,0.01390925,-0.01370752,-0.01665341,-0.00372363,-0.0175594,-0.01970726,-0.00948016,-0.01249145,-0.00114558,0.00108437
"Np2_502438",-0.03246992,0.00093388,-0.00744177,0.0034025,-0.00224157,-0.02015418,-0.00073972,-0.02377807,0.00080163,-0.00806803,0.02919834,-0.00868671,0.02034989,-0.01210688,-0.01635704,-0.02175786,0.01860481,1.00847824,-0.00417054,-0.00460378,-0.02056765,0.03132938,-0.01678116,-0.01742869,-0.01551642,-0.04406053,-0.02408207,-0.01304024,0.00081836,-0.02772877,-0.02242521,-0.01753664,-0.00961396,-0.02227471,-0.01877551,-0.00466913,0.00168633,-0.01898071,-0.01749557,-0.00128087,-0.00680941,-0.01536901,-0.01355403,-0.02112858,-0.004356,-0.01466518,0.00520379,-0.00091302,0.00434495,-0.01238507,0.04390661,-0.00981917,-0.02505493,-0.01948234,-0.00321594,-0.02501241,-0.00679117,-0.0154921,-0.01976656,-0.01947622,-0.01019311,-0.01868427,0.00464592,-0.01107627,-0.0127438,-0.01647259,0.01293644,-0.01709579,-0.00939354,0.01496576,0.01253058,-0.01261154,-0.00531669,-0.01590405,-0.02868789,-0.00469041,-0.01779045,-0.02029862,-0.01770991,-0.01054882,-0.01344458,-0.0264489,-0.00691277,-0.00570886,-0.00135688,-0.00073668,-0.02503671,0.01872491,-0.01820999,-0.0300894,-0.01117659,-0.00018338,-0.02076223,-0.00692036,-0.0157399,-0.02792031,-0.02818174,0.00057667,-0.02319127,-0.01898527
"Np2_500841",-0.00705413,-0.0166686,-0.00558725,-0.03669717,-0.01421975,-0.01571551,-0.01575807,-0.0058107,-0.00707236,-0.02156627,-0.0286864,0.06081124,-0.01534158,-0.00204395,-0.00918223,-0.00227043,-0.01906271,-0.00417054,0.97144348,-0.02251028,-0.0088326,-0.01971481,-0.01401457,-0.01299001,-0.00134927,-0.01712463,-0.01645122,-0.02395437,0.0016088,-0.01644972,-0.01160219,-0.02069835,-0.01125562,-0.00689147,-0.00339226,-0.02926396,0.00962113,-0.00374947,-0.00728061,-0.02693975,0.00781376,-0.02582711,-0.02127598,-0.02185816,-0.01511814,-0.00673034,-0.01422281,-0.01562736,-0.03241055,-0.00308216,-0.01017789,-0.00887669,-0.01559998,-0.01671573,0.00563092,-0.01829358,-7.24e-05,0.01083566,-0.0116797,-0.02096585,-0.01350685,-0.01941386,-0.00535619,-0.00222939,-0.01909769,-0.00473753,0.00019816,-0.01311315,-0.00769103,-0.0245259,-0.00887213,-0.0204855,-0.00665435,-0.02225791,-0.00114406,0.00354842,-0.01684796,-0.01996415,-0.01220718,-0.01842279,-0.01295811,-0.01608188,-0.00916246,-0.00400637,-0.00512666,0.05021628,-0.00615728,-0.0142304,0.02423055,-0.02291457,-4.961e-05,-0.00957745,-0.00705108,-0.0261949,0.0007074,-0.00098445,-0.01948683,0.00197513,0.02183337,-0.0049701
"Np2_503765",-0.02056007,-0.02759043,-0.00328434,0.00254365,-0.00279639,0.01334077,-0.01375921,0.02035748,-0.01008975,-0.02230356,0.00599424,-0.03371484,-0.01547083,-0.01600588,-0.00657531,-0.01410426,-0.00779137,-0.00460378,-0.02251028,1.00569607,-0.01701825,-0.00145112,-0.00243918,-0.00779897,-0.00740679,-0.0137577,-0.01384433,-0.01268302,0.00147959,0.01443069,-0.00489107,-0.00790691,-0.01366498,-0.01386106,-0.02161046,-0.01966472,0.00736383,-0.03093615,0.00034257,-0.02038068,-0.01739677,-0.02033208,-0.00377229,-0.02578762,-0.01038312,0.00408502,-0.02575267,-0.00025178,-0.00457033,-0.00290736,-0.01349929,-0.0121981,-0.00828084,-0.00802852,0.00048546,-0.00778227,-0.02330683,-0.02136721,-0.0014724,0.00839443,-0.01485215,0.00052195,-0.01810207,-0.00235861,-0.02120305,-0.01140311,-0.01725996,-0.01369841,-0.03335758,-0.01933488,-0.01097746,-0.01103826,-0.00845565,-0.00019402,-0.0252905,0.00661138,0.00597599,0.01243635,-0.01750469,-0.00259119,-0.02387994,-0.02183544,-0.0114198,0.00969714,0.01632924,-0.0047877,-0.02376744,-0.02652029,-0.01283651,-0.00662698,-0.00200291,-0.01730709,-0.02070903,-0.03711674,0.01927521,-0.01236227,-0.02159219,-0.00013018,-0.02541818,-0.00677141
"Np2_502225",-0.0018661,-0.03032956,-0.0270006,-0.00840396,-6.329e-05,0.00041706,-0.01619434,-0.01612747,-0.02118935,-0.01288209,0.00629522,-0.01623692,-0.00969755,-0.00947256,0.00436622,-0.02003557,-0.01934698,-0.02056765,-0.0088326,-0.01701825,0.9831894,-0.01847901,-0.00077013,-0.02437084,-0.03933143,-0.01452075,-0.007007,-0.0044776,-0.01326823,-0.00442135,-0.01127842,-0.00380573,0.00730909,0.00148872,-0.01021286,-0.01039526,-0.0364175,-0.0130022,0.0017076,-0.01050317,0.0324588,-0.01896701,-0.00955163,-0.00162137,-0.00506586,-0.01704712,-0.02894783,-0.00451104,-0.00350931,0.01548255,-0.02019066,-0.01828143,-0.00281158,-0.03554497,-0.02171074,-0.01188951,0.0146921,-0.02775453,-0.01515613,-0.01653788,-0.01622323,-0.00966562,-0.00989666,0.00356666,0.06726247,-0.01900653,-0.01756699,-0.01582953,-0.0122315,-0.00748128,-0.00778832,-0.01605754,-0.0163631,-0.00338922,-0.01146082,-0.02835344,0.00551692,0.0013367,0.01228583,0.00652625,-0.01157029,-0.01864628,-0.01446297,-0.01037093,-0.00252277,-0.02667986,-0.01191382,-0.00128999,0.00038514,-0.00358986,0.00301031,-0.00712557,-0.02010399,-0.0010939,-0.0153857,-0.00719702,-0.02433133,-0.00910168,-0.01949288,-0.0193911
"Np2_502202",-0.02262885,-0.00305784,-0.00261701,-0.00530148,-0.01793786,-0.00499289,-0.01689205,-0.01788923,-0.00668626,-0.01175571,-0.00853925,-0.02787918,-0.01404344,-0.01640258,-0.0103162,-0.00218836,-0.00590797,0.03132938,-0.01971481,-0.00145112,-0.01847901,0.97434423,-0.0064841,-0.01898824,-0.00704348,0.00074235,-0.02883376,-0.01186366,-0.01746211,-0.01515158,-0.01395224,-0.00830363,-0.00676531,-0.03280271,-0.01288668,-0.00820482,-0.00488954,-0.01567601,-0.01981516,-0.01256895,-0.00943304,-0.02072877,-0.00751319,0.01911401,-0.01853223,-0.02063297,-0.01018853,-0.02238563,-0.01499958,-0.02306509,-0.00583958,-0.00119422,-0.0053334,-0.0078172,-0.01070383,-0.01775548,-0.01397502,-0.00641113,-0.00536531,-0.0116113,-0.00901654,-0.01613961,-0.01409055,-0.00640353,-0.01384735,-0.00587151,-0.01689662,-0.011967,-0.02174565,2.944e-05,-0.0060539,-0.01204301,-0.02572525,0.00108133,-0.00896636,0.00074235,0.00725131,-0.01608187,-0.02504575,-0.02791721,-0.0102919,-0.00855141,-0.02944939,-0.01350075,-0.0115809,-0.02175327,0.00441334,-0.01019612,0.02796082,-0.0108239,3.248e-05,-0.01040741,0.01187996,-0.0176004,2.944e-05,0.00548196,-0.00922023,0.01634596,0.01553115,-0.00017577
"Np2_501178",-0.00263983,-0.00343787,-0.00725328,-0.01951426,-0.01512576,-0.02406991,-0.015144,-0.00109238,-0.02089906,-0.0223203,-0.00405503,-0.02977936,-0.01594358,-0.02514308,-0.0134324,-0.01427299,-0.0173846,-0.01678116,-0.01401457,-0.00243918,-0.00077013,-0.0064841,1.01067965,-0.01389603,-0.00818355,-0.0225909,-0.0263257,-0.02334033,0.01088739,-0.01188344,-0.00809996,0.0165497,-0.01200961,0.00588327,-0.01691493,-0.01162502,0.01023527,-0.02730468,-0.0100107,-0.01614117,-0.02014965,-0.0074281,-0.01442959,-0.01607583,-0.02468861,-0.02192509,0.01147261,-0.00710887,-0.00200291,-0.02298915,-0.01974836,-0.0248315,0.00918337,-0.0072852,-0.00986782,-0.01631145,-0.00736271,-0.01135141,-0.00361724,-0.01579155,-0.00331627,-0.01317551,-0.01705474,-0.02943276,-0.03444448,-0.01552406,0.0217894,-0.01751533,-0.02075766,-0.02543193,-0.0149464,-0.00345458,-0.01561677,-0.02164387,-0.02971547,-0.03277541,-0.01668992,-0.01478985,-0.01828146,-0.02221697,-0.01477618,-0.01865999,-0.0185809,0.01226456,-0.01545713,-0.01909319,0.2793202,-0.01635248,-0.00023658,-0.02093245,-0.00551581,-0.01808386,-0.00795707,-0.00353971,-0.01509539,-0.02058744,-0.01598461,0.00486939,-0.02269877,-0.02442109
"Np2_500681",-0.0171201,-0.01198983,-0.02173354,-0.01073729,-0.00878093,-0.0105807,-0.02202384,-0.00432407,-0.01212208,-0.00670299,-0.01716725,-0.01324997,-0.00473449,-0.01834221,-0.01636005,-0.00732013,-0.02137628,-0.01742869,-0.01299001,-0.00779897,-0.02437084,-0.01898824,-0.01389603,0.98718781,-0.01156723,-0.01214184,-0.0069082,-0.02216374,-0.02228991,-0.01009885,-0.01604387,0.00602159,0.00208763,0.00295558,-0.02455483,-0.00239205,-0.00622113,-0.01244738,0.00651865,0.0008442,0.01325261,-0.01293989,0.01882067,-0.00562678,-0.02153593,-0.01162804,-0.02216068,-0.00213211,-0.00280247,-0.00448367,-0.01157941,-0.00769408,-0.00256077,0.02900519,-0.01294748,-0.0250154,0.0008062,-0.01336701,-0.02356976,-0.00564653,0.00378859,-0.01564713,0.0032748,-0.02232787,-0.00666651,-0.01069929,0.00852516,-0.00569821,-0.02262123,-0.01407082,-0.01544191,-0.01307059,-0.00577575,-0.01894722,-0.01166603,-0.00666954,-0.00350474,-0.01300525,-0.00494426,-0.02727273,-0.00478314,0.00106157,0.00402876,-0.01772051,-0.00972033,-0.01791661,-0.00649474,-0.00955162,-0.00666042,-0.01869182,-0.01877999,-0.00763481,-0.01255681,0.00554123,-0.02227927,-0.01409059,-0.0041675,-0.00398661,-0.0218262,-0.01108387
"Np2_503554",-7.04e-06,0.01135554,-0.02255741,-0.00396077,-0.01325299,-0.0238692,-0.00703892,-0.01259633,0.03888874,-0.02120755,0.00420206,-0.01012165,-0.0119427,-0.00898157,-0.02280822,-0.0137683,-0.01444777,-0.01551642,-0.00134927,-0.00740679,-0.03933143,-0.00704348,-0.00818355,-0.01156723,0.98143496,-0.0202621,-0.0022598,-0.0205555,-0.01095313,0.01628668,-0.02522818,-0.03265227,-0.02184145,-0.02416564,0.02143977,0.02748964,-0.00962914,-0.03090418,-0.01421825,0.00716468,-0.01766884,-0.00570734,-0.01909317,-0.04430061,-0.0146074,-0.00454752,-0.01964039,-0.01496461,-0.02156329,-0.02157239,0.01723825,-0.03557536,-0.01250512,-0.00024418,-0.01103522,0.00258621,-0.03452343,-0.02331135,0.01801651,-0.01771898,-0.01573225,0.00405004,-0.01852614,-0.01524733,-0.0038422,0.03787943,-0.00841156,-0.01579456,-0.01280456,-0.00972642,0.00303919,-0.01191836,0.00100077,0.03099949,0.00438294,-0.01843797,-0.01451313,-0.01656527,-0.02932935,-0.00620745,0.00533756,-0.00599464,-0.01838021,-0.00167153,-0.03015319,0.00877292,0.00028177,-0.00794337,-0.00109998,-0.00659506,-0.01534765,-0.02396349,-0.01763691,-0.01261151,-0.01352664,-0.01111426,-0.00818354,-0.02639562,-0.00364914,-0.01722803
"Np2_501661",-0.00939811,-0.00624393,-0.02966838,0.0003289,-0.01549968,-0.00757095,-0.00350931,-0.00967475,-0.02294507,-0.01296571,0.00089132,-0.00491994,-0.02315787,-0.01031621,-0.00848605,-0.01692703,0.00154648,-0.04406053,-0.01712463,-0.0137577,-0.01452075,0.00074235,-0.0225909,-0.01214184,-0.0202621,0.99898542,-0.02153135,-0.0042572,-0.02216831,0.01039182,-0.00573775,0.00629522,-0.00311104,-0.00877942,-0.02808144,0.01505847,-0.01385195,-0.00822157,-0.00764848,-0.00557054,0.01063808,-0.02953921,-0.02590012,-0.02572225,-0.02323843,-0.02822733,-0.00486218,-0.01113099,-0.03125839,-0.01378657,-0.0224024,0.00580423,0.00516122,0.03870333,-0.02741867,0.00277167,-0.01761716,-0.02099782,0.00984155,-0.01631749,-0.00201811,-0.01552554,-0.02350898,-0.00229325,-0.02417783,-0.02061024,-0.02023475,-0.01089689,0.00106157,0.00793993,0.00550476,0.00529195,-0.02693528,-0.01092121,0.01642499,-0.00624392,-0.01736786,0.01766999,0.00475385,-0.01985475,-0.00846174,-0.01842588,0.00886261,-0.00999852,-0.00382244,-0.02448337,-0.003637,-0.0203746,-0.01763539,-0.0257146,-0.01197006,-0.00158489,-0.01243522,-0.01607427,-0.01957354,-0.01320895,-0.00404589,-0.00067284,0.00155256,0.00469457
"Np2_502335",-0.03274194,-0.01925123,-0.01789836,-0.01055031,-0.01300218,-0.0178421,-0.01393246,-0.00793729,-0.01755939,-0.01776458,-0.01713228,-0.00698268,-0.01625212,0.00510193,-0.01936524,0.20461346,-0.03350192,-0.02408207,-0.01645122,-0.01384433,-0.007007,-0.02883376,-0.0263257,-0.0069082,-0.0022598,-0.02153135,0.98011229,-0.01072817,-0.00370996,-0.01386408,-0.0119047,-0.02008881,-0.01064607,-0.01297027,-0.01995961,-0.01071751,-0.02761928,-0.01545256,-0.01852767,-0.00945736,-0.02547444,-0.00940874,-0.01443412,-0.01197614,0.00874861,-0.00794489,-0.00874901,-0.01532184,-0.01082393,-0.00748887,-0.01200047,-0.00066675,-0.00054971,-0.01397808,-0.02507315,-0.0128198,0.03869106,-0.00375556,-0.01046213,-0.01792419,-0.03235429,-0.01910834,0.00908606,-0.01210837,-0.00723958,-0.01157637,-0.02883381,-0.01083151,-0.02076217,-0.01981214,-0.01145475,-0.01501171,-0.03933453,-0.01845622,0.00402571,-0.03034776,-0.00955008,-0.01677048,0.00709932,0.01942869,-0.00550821,-0.00194363,-0.01068102,-0.00126871,-0.01074942,-0.01332141,-0.00934793,0.0187568,-0.01985011,-0.00087197,0.00496817,-0.01884842,0.00754318,-0.01068862,-0.00552342,-0.00311104,-0.03042988,-0.01474421,-0.01206275,-0.01712922
"Np2_504644",-0.01653186,-0.01200961,-0.00594448,0.01842852,-0.01868123,-0.01941695,-0.00957899,-0.00966412,-0.00393342,-0.00687476,-0.01384286,-0.01372578,0.00907848,-0.00924154,-0.02914854,-0.009012,-0.01242762,-0.01304024,-0.02395437,-0.01268302,-0.0044776,-0.01186366,-0.02334033,-0.02216374,-0.0205555,-0.0042572,-0.01072817,1.01436184,-0.01759745,0.00189002,-0.03111248,-0.01406325,-0.01997333,-0.02320957,-0.01560614,-0.01290037,0.01321616,-0.01155512,-0.01235011,-0.01088018,-0.00941635,-0.00703135,0.01150455,-0.02008733,-0.00225069,-0.01058377,-0.02294053,-0.02206496,-0.00282223,0.00537709,-0.00384677,-0.01607431,-0.02553377,-0.01448887,0.00344963,0.00551846,0.00321857,0.00227003,-0.02480564,-0.01645888,0.02398592,-0.01293078,0.00948738,-0.00957899,-0.02431922,-0.01375925,-0.0139918,0.00051435,0.01460092,-0.01165848,-0.01971793,-0.00746608,-0.00989974,-0.00467825,0.00625112,-0.02325819,-0.02313354,-0.00268847,-0.00754817,-0.01133166,-0.01422742,-0.0118789,-0.01012774,-0.02260456,-0.01050016,-0.02082456,-0.00453842,-0.02218808,-0.02233702,-0.01430339,-0.0265522,-0.00871864,0.00718446,-0.0151516,-0.01682677,0.01097099,-0.02014812,-0.01023872,-0.0002609,0.00592128
"Np2_504685",-0.01300982,-0.00863958,-0.0033345,-0.01985172,0.00855405,0.00325809,0.01537617,-0.01435053,-0.00968389,-0.00852101,0.0007758,-0.01278789,-0.00761657,-0.01833616,-0.00236925,-0.01673857,-0.0014572,0.00081836,0.0016088,0.00147959,-0.01326823,-0.01746211,0.01088739,-0.02228991,-0.01095313,-0.02216831,-0.00370996,-0.01759745,1.01030869,-0.02696569,-0.00874143,-0.01920569,-0.0278519,-0.01588733,-0.00797988,-0.021539,0.00016929,-0.01593751,-0.01825258,0.00054626,-0.01668691,-0.01293384,0.00864223,0.02523695,-0.01742566,-0.0081258,-0.00497771,-0.01033448,0.00693214,-0.00660572,0.02232449,-0.01452838,-0.02033964,-0.0158311,-0.00366893,0.00250413,-0.0177327,0.00472801,-0.02523581,-0.0235774,-0.0183985,-0.01974529,-0.0251446,-0.03357041,-0.00118815,-0.01814164,-0.01381394,0.01057272,0.00231411,-0.01588886,0.0044772,-0.01230449,-0.00546566,0.00659619,-0.02442863,-0.0206482,-0.00471473,-0.02211968,-0.00721831,-0.0053775,-0.01860983,-0.0071408,-0.01131796,-0.01801847,-0.01488255,-0.01973466,-0.00542462,-0.02444236,-0.01167061,-0.01838176,-0.02029403,-0.00914882,-0.0022142,-0.01527777,0.00402421,-0.01043633,-0.01677809,-0.0197894,-0.02942055,-0.01138182
"Np2_501571",0.02411055,-0.02837021,-0.03203362,-0.00796466,-0.01892898,0.00404853,-0.00344242,-0.01644823,0.01481983,-0.0201952,-0.00025786,-0.01184543,-0.01655464,-0.01344149,-0.03441253,-0.01093185,-0.03441249,-0.02772877,-0.01644972,0.01443069,-0.00442135,-0.01515158,-0.01188344,-0.01009885,0.01628668,0.01039182,-0.01386408,0.00189002,-0.02696569,0.99744687,-0.0140313,-0.00975077,-0.00866846,-0.02117719,-0.0251264,-0.00995596,-0.00846478,-0.01742718,-0.02065429,-0.01067192,-0.00099965,-0.02658417,-0.01291253,-0.01820697,-0.0204354,-0.01630382,-0.00023506,-0.02550488,-0.01811881,-0.02086406,-0.00394253,-0.00476945,-0.01362088,-0.00120791,-0.02081543,0.02335964,-0.01663823,-0.00740223,-0.01334877,0.00655058,-0.00772753,-0.01530664,-0.00398509,0.00157384,-0.01423042,-0.00899073,-0.00101486,-0.01387017,-0.01832855,-0.01327431,-0.00354883,-0.01713833,-0.00741136,-0.01526255,0.00737141,-0.00496098,-0.00894054,-0.01737702,-0.00931601,-0.00853926,-0.0131071,-0.00680637,-0.02800841,-0.02148423,-0.01059591,0.00370499,-0.02074702,-0.00738704,-0.01240024,0.00414581,0.0032976,-0.00410215,-0.00583199,-0.01691943,0.02031949,0.00099468,-0.01781174,-0.01246259,-0.01054117,0.00141727
"Np2_503664",-0.01482022,-0.00452168,0.02388862,-0.0063093,-0.00420094,0.00387979,-0.00543525,-0.0059764,-0.00891016,-0.01960389,-0.01015512,-0.01003805,-0.02812396,-0.01239416,-0.0237887,-0.02174112,-0.0088919,-0.02242521,-0.01160219,-0.00489107,-0.01127842,-0.01395224,-0.00809996,-0.01604387,-0.02522818,-0.00573775,-0.0119047,-0.03111248,-0.00874143,-0.0140313,0.99498092,0.00725742,-0.01917373,-0.01632965,-0.01404652,-0.01240481,0.00763136,-0.01941999,-0.01185454,0.0054242,-0.00679269,0.00136863,-0.00396078,-0.01168734,-0.01330775,-0.01145628,-0.02396503,-0.00211236,-0.00202267,0.01453708,-0.01976809,-0.01953095,0.00019513,-0.00988909,0.00014496,-0.02256353,-0.02866356,-0.0027067,-0.023246,0.00258165,-0.00607216,-0.00787498,-0.00491385,-0.00193906,-0.01424715,-0.01341569,-0.00498379,-0.02163929,-0.01636916,-0.01101091,0.00601095,-0.00301831,-0.0021078,-0.01725538,-0.01407839,0.00307871,-0.00850124,-0.0280343,0.00389196,-0.01782848,-0.02817263,-0.01366346,-0.00963218,-0.01344453,0.01477268,-0.00953643,-0.02517198,-0.01409211,-0.02138541,-0.00362331,0.01680957,-0.01293533,7.96e-05,-0.01100785,-0.01116293,-0.00875055,-0.03059712,-0.01171927,-0.00599766,-0.00239965
"Np2_504246",-0.00369932,-0.00860158,-0.02640174,-0.03212638,-0.00128847,-0.00658442,-0.00024266,-0.01112036,-0.01451015,-0.0046828,-0.00617859,-0.01533402,-0.01989123,-0.01282587,0.0042051,-0.00165177,-0.01525192,-0.01753664,-0.02069835,-0.00790691,-0.00380573,-0.00830363,0.0165497,0.00602159,-0.03265227,0.00629522,-0.02008881,-0.01406325,-0.01920569,-0.00975077,0.00725742,1.00612784,-0.01519722,-0.028618,-0.01083004,-0.00234797,-0.02198591,-0.00191475,-0.00574991,-0.0102083,-0.02865754,0.00367308,-0.03251401,0.00779401,-0.0144995,-0.00474362,-0.00068348,0.00277623,0.02885931,-0.0062637,-0.02126387,-0.02345886,0.01025197,-0.01913727,-0.03403256,-0.01995508,-0.00690213,-0.03110788,-0.02671788,-0.02201931,-0.00574383,0.01571059,-0.00458552,-0.00130672,-0.00996661,-0.01187129,-0.01392794,-0.01979089,-0.00494426,-0.00840245,-0.0029332,-0.03689177,-0.00497163,-0.03197585,-0.00827779,0.0043191,-0.01470925,-0.02572988,-0.01994899,-0.02783671,-0.01781178,-0.01075099,-0.02693677,-0.00627585,-0.00101182,0.00052043,-0.00812276,-0.01497985,-0.02804946,0.00506546,0.01957006,-0.00257446,-0.03014568,-0.00581527,0.00026201,-0.01526258,-0.01263588,-0.00911082,0.06197411,-0.02563259
"Np2_501399",-0.02192204,-0.01147149,-0.0192391,-0.00717878,-0.00613448,-0.02207098,-0.00189651,0.00090653,-0.0014192,-0.01484909,0.00904049,-0.00589127,-0.020481,-0.0220801,-0.01842585,-0.00360963,-0.00884934,-0.00961396,-0.01125562,-0.01366498,0.00730909,-0.00676531,-0.01200961,0.00208763,-0.02184145,-0.00311104,-0.01064607,-0.01997333,-0.0278519,-0.00866846,-0.01917373,-0.01519722,0.99734653,-0.00260638,-0.04410158,-0.02026667,-0.03048011,-0.01010494,0.00019664,-0.01079808,-0.00766217,-0.01819787,-0.00148608,-0.01468495,0.01911252,-0.02570248,-0.01601806,0.00492258,-0.00441224,-0.00396533,-0.03492635,-0.02192052,0.00890214,0.00261814,-0.00254862,-0.01036031,-0.01828447,-0.01588883,-0.01317093,-0.01120851,-0.01423803,0.01892098,-0.01155964,-0.02925792,-0.02332506,-0.01519722,0.00098709,-0.02174874,0.00434646,0.00149632,-0.01644366,0.00173649,-0.00829756,-0.01280459,-0.00856356,-0.00554317,-0.01362694,-0.02069535,0.00712669,-0.00881744,0.0124561,-0.00146025,-0.01293379,-0.01613811,-0.00312169,-0.00964587,-0.01190472,-0.01967384,-0.01723865,-0.01270121,0.02217242,0.00854037,0.00073019,-0.03939075,-0.01036032,-0.0144843,0.00516731,-0.01851707,-0.01948379,0.00022705
"Np2_502671",-0.02151009,-0.01136356,-0.01943519,0.0111701,-0.02016328,0.00509433,-0.01546928,-0.01950662,-0.02213638,-0.03435015,-0.01806107,-0.02296024,-0.02295721,-0.00449128,0.02166016,-0.01627035,-0.01026148,-0.02227471,-0.00689147,-0.01386106,0.00148872,-0.03280271,0.00588327,0.00295558,-0.02416564,-0.00877942,-0.01297027,-0.02320957,-0.01588733,-0.02117719,-0.01632965,-0.028618,-0.00260638,0.99056898,-0.02757676,0.00081836,-0.00179466,-0.0136452,-0.01246409,0.00770279,-0.00375405,-0.01596182,-0.00259422,-0.0124489,0.00645177,-0.00476945,0.01905172,-0.01625062,-0.01008062,-0.01464996,-0.02387382,-0.01983648,0.00095365,-0.01141068,0.00196754,-0.01481262,-0.02760101,0.01994094,-0.00485457,0.00303615,-0.00607368,-0.02216523,-0.01449187,-0.0179014,0.00080011,0.00953603,-0.02064212,-0.00659202,0.00688651,-0.00979636,-0.01177549,0.00792472,-0.0056055,-0.00996051,-0.01423192,0.00961352,-0.01230295,-0.00341051,-0.00234189,-0.03819907,-0.01175727,-0.01913727,0.01119137,-0.01070992,0.02206752,-0.010754,-0.02821365,-0.00786129,0.01251079,-0.02353783,0.00571149,-0.00807259,-0.01816287,-0.02499408,-0.00599616,-0.03535347,-0.01220568,-0.01628102,-0.00493513,-0.00954555
"Np2_503790",-0.01694684,-0.02124107,-0.00575143,-0.01588431,-0.0093677,-0.00493515,-0.00847389,-0.01068714,-0.02441349,-0.00972187,-0.00392126,0.00166808,0.05487399,-0.0037282,0.01117467,-0.02432376,-0.00661027,-0.01877551,-0.00339226,-0.02161046,-0.01021286,-0.01288668,-0.01691493,-0.02455483,0.02143977,-0.02808144,-0.01995961,-0.01560614,-0.00797988,-0.0251264,-0.01404652,-0.01083004,-0.04410158,-0.02757676,1.01155535,-0.00997117,0.00687285,0.00034257,-0.01990946,-0.0140313,0.01160182,0.00334626,-0.01809603,-0.03220694,-0.02166669,0.03840389,-0.01423501,-0.00575903,-0.02725452,-0.0099347,-0.01596639,-0.0091929,-0.01637223,-0.02189623,-0.00958204,-0.021954,-0.00905304,-0.01653792,-0.01974833,-0.00288912,-0.02218351,0.000791,-0.02649748,0.00307872,0.00597143,-0.00550974,-0.00133407,-0.01206128,-0.00785521,0.0055595,0.00023617,0.00108741,-0.00925067,0.00068307,-0.01924516,-0.02762538,-0.01214792,-0.00979182,-0.02012381,-0.01965108,-0.01585848,0.01977989,-0.01799111,-0.02119545,0.00078948,0.00855406,-0.01103372,0.00916665,-0.01104738,-0.01274227,-0.02453505,0.00089892,-0.02241608,-0.01374248,-0.02423414,-0.01011711,-0.01053057,-0.00898161,-0.00812426,-0.01303871
"Np2_500085",-0.01560915,-0.0091108,-0.0035017,-0.01789079,0.01279505,0.00856315,-0.00516011,-0.01390969,-0.01425932,-0.00564805,0.00501683,-0.01614725,-0.02298457,-0.01713528,-0.01363303,-0.00444112,-0.01667317,-0.00466913,-0.02926396,-0.01966472,-0.01039526,-0.00820482,-0.01162502,-0.00239205,0.02748964,0.01505847,-0.01071751,-0.01290037,-0.021539,-0.00995596,-0.01240481,-0.00234797,-0.02026667,0.00081836,-0.00997117,0.99203456,-0.01048648,-0.00546413,-0.0172037,-0.00524523,-0.02551854,-0.01279701,-0.00626978,-0.01262827,0.00095213,0.00067547,-0.0144174,0.01929189,-0.0009875,-0.0219737,-0.00079596,-0.0381048,-0.04376403,0.01653143,-0.00262006,-0.01286388,-0.03066854,-0.00091149,-0.00579398,0.0031608,-0.0033649,-0.03359319,-0.00479073,-0.00318401,-0.01077984,0.02562153,-0.0056207,-0.0263804,0.02038783,-0.01803215,0.00096581,-0.01581586,-0.02356981,-0.02564468,-0.008787,-0.02871979,-0.01430642,-0.01423044,-0.02684253,-0.03366619,0.00554429,0.00713278,-0.00190866,-0.00860917,0.01185564,0.00533147,-0.02778499,-0.02293744,-0.02369441,-0.01277265,-0.02654152,-0.00764393,-0.00678963,-0.01757306,-0.01788016,-0.00680333,-0.01816135,-0.00733992,-0.01636306,-0.0130691
"Np2_504291",-0.01001374,-0.03300496,-0.02146755,-0.02688817,-0.01809143,-0.00423438,-0.00503699,-0.01393858,-0.01170408,-0.03410241,-0.0193334,-0.01420004,-0.03030986,-0.00789169,0.00609912,-0.00583807,-0.02263038,0.00168633,0.00962113,0.00736383,-0.0364175,-0.00488954,0.01023527,-0.00622113,-0.00962914,-0.01385195,-0.02761928,0.01321616,0.00016929,-0.00846478,0.00763136,-0.02198591,-0.03048011,-0.00179466,0.00687285,-0.01048648,1.00398724,-0.02799023,0.00632865,-0.0143946,-0.01034664,-0.02027431,-0.00082637,-0.00566479,-0.02279002,-0.02291466,0.04726901,0.06851366,-0.01864933,-0.01029799,-0.00781722,-0.01898069,-0.03634456,-0.00280247,-0.03548271,-0.00894056,-0.0068322,-0.00641266,-0.02695197,-0.00766064,-0.02391487,-0.01781327,-0.00664372,0.01487606,-0.01871315,-0.01924978,-0.00139335,0.00672843,-0.02372331,0.02921348,-0.02870463,0.00558836,0.00011456,-0.00211235,-0.03496124,-0.01263586,-0.02482386,0.02085456,-0.01805496,-0.00070932,-0.01378963,-0.00429672,-0.02625881,-0.0113742,-0.02313504,-0.01050624,-0.0205175,-0.00107718,-0.00381028,-0.01052143,0.01568777,-0.01025695,-0.00575446,-0.00984956,-0.0204932,-0.02385713,-0.02563864,0.00023161,-0.03676099,-0.01294598
"Np2_501486",0.01096946,0.00226699,-0.02374159,-0.00149672,-0.00805282,-0.01806103,-0.02038371,-0.01834073,0.00547893,-0.00095861,-0.01567911,-0.0227064,-0.00507043,-0.01579002,-0.00392733,-0.01358439,-0.0014952,-0.01898071,-0.00374947,-0.03093615,-0.0130022,-0.01567601,-0.02730468,-0.01244738,-0.03090418,-0.00822157,-0.01545256,-0.01155512,-0.01593751,-0.01742718,-0.01941999,-0.00191475,-0.01010494,-0.0136452,0.00034257,-0.00546413,-0.02799023,1.00354331,-0.00582591,0.00795666,-0.00684437,-0.01738008,-0.0027964,-0.00125047,-0.00575903,-0.01454813,-0.02128058,-0.00535621,-0.01134686,-0.01880436,0.00222139,-0.01000614,-0.01232121,-0.01845323,-0.00127479,-0.02763149,1.423e-05,-0.01887123,-0.0079449,-0.00917464,0.00162856,-0.0199353,-0.03065488,-0.02661603,0.0072863,-0.00632299,-0.01795615,-0.01333054,0.00744438,-0.02823951,-0.0086335,-0.02070293,-0.00276751,-0.02125928,-0.02036241,0.00925936,-0.01311317,-0.00984502,-0.02276114,-0.02274443,0.00795362,0.00665396,-0.01622021,-0.0109121,0.0071206,0.01017294,-0.01549515,-0.02235223,-0.00137208,0.00650953,-0.00771536,0.00434191,-0.01806104,-0.00847541,-0.01410277,-0.02202695,0.00172888,-0.00523461,0.00823937,0.01746174
"Np2_500245",-0.00821852,-0.01296876,-0.00918376,-0.00867606,-0.02252852,-0.03071261,-0.0135783,-0.00317489,-0.0184213,-0.01619434,-0.01677811,-0.00434839,-0.0204582,-0.02296933,-0.02235525,-0.02821208,0.00211802,-0.01749557,-0.00728061,0.00034257,0.0017076,-0.01981516,-0.0100107,0.00651865,-0.01421825,-0.00764848,-0.01852767,-0.01235011,-0.01825258,-0.02065429,-0.01185454,-0.00574991,0.00019664,-0.01246409,-0.01990946,-0.0172037,0.00632865,-0.00582591,0.99055074,-0.01655158,-0.00779137,-0.02835961,-0.00951971,-0.0216545,-0.00761808,-0.01275898,-0.01280308,0.01710601,0.01111538,-0.00622265,-0.00495794,-0.01536136,-0.00323569,0.00780921,-0.01073425,0.00592735,-0.01233336,0.0058711,-0.03807739,0.00431909,-0.01725538,-0.00963371,-0.00469649,-0.03835557,-0.01782997,-0.00970212,-0.01403889,-0.01853376,-0.01949596,-0.02462626,-0.00076404,0.00905566,-0.00493059,-0.00016513,-0.01583712,-0.00445631,-0.02698082,-0.01672033,-0.0232521,0.01005437,0.01156685,0.00737903,0.00274581,-0.01611531,-0.0190597,-4.657e-05,0.0072711,0.01014252,-0.00323113,0.00465047,-0.02188704,0.00765112,-0.0126237,-0.02279908,-0.02933853,-0.01582956,-0.01578698,-0.01028583,-0.00426022,0.00921832
"Np2_502434",-0.01054879,-0.01529903,-0.02549876,-0.01663063,-0.01786643,0.04797723,-0.00952424,-0.02055394,-0.01907948,-0.0022598,-0.02184454,-0.02294351,-0.00819571,-0.01557111,-0.02377347,-0.01442953,-0.00431646,-0.00128087,-0.02693975,-0.02038068,-0.01050317,-0.01256895,-0.01614117,0.0008442,0.00716468,-0.00557054,-0.00945736,-0.01088018,0.00054626,-0.01067192,0.0054242,-0.0102083,-0.01079808,0.00770279,-0.0140313,-0.00524523,-0.0143946,0.00795666,-0.01655158,0.98528134,-0.00373732,-0.02263345,-0.01139396,-0.01790445,-0.00173993,-0.00536076,-0.01741347,-0.00817747,-0.02283256,-0.00414469,-0.0086563,0.00191737,-0.01210231,-0.02613872,-0.02157697,0.00101293,-0.01724776,0.01068518,0.00428262,-0.01610011,-0.01198526,-0.03780531,0.01258223,0.01342892,0.00659314,-0.01735268,-0.01226495,-0.000799,-0.00586542,-0.02574046,-0.00613448,-0.00437118,-0.01166909,-0.02909677,0.01314617,-0.01058678,-0.03599943,-0.0055219,-0.00855749,-0.02161346,-0.0109805,-0.01349624,-0.0141772,-0.01084519,-0.00922935,-0.0149935,0.02835003,0.00674819,-0.01696197,-0.01516068,-0.03105765,-0.0030396,-0.02103428,-0.02315326,0.00466112,-0.01223153,0.00073171,-0.01656831,-0.01130273,-0.02123343
"Np2_501223",-0.01850947,-0.01353119,-0.01020222,-0.01015054,-0.03768371,0.00110262,-0.02219715,0.02119199,-0.00606305,-0.0033801,-0.02798114,-0.01707146,-0.03348529,-0.02550788,-0.02276569,-0.01174965,0.00337969,-0.00680941,0.00781376,-0.01739677,0.0324588,-0.00943304,-0.02014965,0.01325261,-0.01766884,0.01063808,-0.02547444,-0.00941635,-0.01668691,-0.00099965,-0.00679269,-0.02865754,-0.00766217,-0.00375405,0.01160182,-0.02551854,-0.01034664,-0.00684437,-0.00779137,-0.00373732,0.99793945,-0.01554532,-0.02178678,-0.01735268,-0.01380482,0.05143397,-0.01944584,0.01441548,-0.00236773,-0.02761018,-0.00050411,-0.01318766,-0.00957442,-0.0131223,0.00694429,-0.01971641,-0.00559941,-0.03466941,-0.01188646,-0.00612384,-0.00900136,-0.00548389,-0.02000368,-0.01854897,0.08862119,-0.02333726,-0.00031258,-0.00571951,-0.0161062,-0.0081638,-0.02078348,-0.00716357,-0.01674162,-0.00057556,-0.0034789,-0.03283617,-0.01735874,0.00019817,-0.02655068,-0.026686,-0.01392491,-0.01644066,-0.01043326,-0.00846932,-0.00913359,0.00486329,-0.01198832,-0.01975744,-0.00880982,-0.00974466,0.00612799,-0.01404044,-0.00011345,-0.0267057,-0.03035701,-0.03919321,-0.02349379,-0.00689606,-0.00938287,-0.02144171
"Np2_504501",-0.00061964,0.01758334,0.00054322,-0.01886216,-0.01188952,-0.00684893,-0.03364491,-0.00880072,-0.01963892,-0.01847602,-0.01221941,-0.0169666,0.01085395,-0.00381789,-0.00122767,-0.02106928,0.03373418,-0.01536901,-0.02582711,-0.02033208,-0.01896701,-0.02072877,-0.0074281,-0.01293989,-0.00570734,-0.02953921,-0.00940874,-0.00703135,-0.01293384,-0.02658417,0.00136863,0.00367308,-0.01819787,-0.01596182,0.00334626,-0.01279701,-0.02027431,-0.01738008,-0.02835961,-0.02263345,-0.01554532,1.01532876,0.01008783,-0.02819241,0.00697317,-0.02112098,-0.01493274,-0.01208107,-0.01518355,-0.02036094,0.00203291,-0.01779505,0.00041098,-0.01620961,-0.01301592,0.01094211,-0.00549453,-0.02468404,-0.00600528,-0.03231636,-0.00828845,0.04858388,0.00913472,-0.02087623,-0.0137273,-0.02779266,-0.02832921,-0.01473511,-0.02284169,0.0016696,-0.02463084,-0.0070587,-0.01192449,-0.03376044,-0.00200595,0.00329457,-0.03230267,-0.00684134,0.00213171,-0.00986022,-0.01914034,-0.01344763,-0.00896032,-0.00730039,0.00039577,-0.00932058,-0.00945132,0.04039066,-0.01250514,0.00480097,-0.01793639,-0.00983134,-0.01520938,0.00015256,-0.009427,-0.01917529,-0.00682005,-0.00268695,-0.00638985,-0.01434447
"Np2_502582",-0.01719765,-0.00477098,-0.00995446,-0.02631967,-0.0170669,-0.01278636,-0.02468554,0.01353535,-0.00444721,-0.03763812,-0.01694079,-0.00435904,0.01677314,-0.02039587,-0.02966231,-0.00420551,-0.00594903,-0.01355403,-0.02127598,-0.00377229,-0.00955163,-0.00751319,-0.01442959,0.01882067,-0.01909317,-0.02590012,-0.01443412,0.01150455,0.00864223,-0.01291253,-0.00396078,-0.03251401,-0.00148608,-0.00259422,-0.01809603,-0.00626978,-0.00082637,-0.0027964,-0.00951971,-0.01139396,-0.02178678,0.01008783,1.00892521,-0.00114406,-0.00960484,-0.01732989,-0.01691796,-0.03945165,-0.01428061,-0.02493029,-0.01393707,-0.01217986,-0.01464694,-0.01515466,-0.0180413,0.02096553,0.01228128,-0.01116444,-0.00555837,-0.00724415,-0.01346584,-0.00918833,-0.02370813,0.0084522,-0.01571252,-0.00378445,-0.01754574,0.01915357,-0.03151525,0.02856593,-0.02844014,0.01269322,-0.000685,-0.00595207,-0.01311165,-0.00492298,-0.02395134,-0.00365829,-0.00319769,-0.01579766,0.00897208,-0.01482482,-0.01444172,-0.0337589,-0.02347859,-0.01708212,-0.01721285,0.00557166,-0.01449036,-0.02849788,-0.00517684,-0.00452017,-0.00290584,-0.03649048,-0.00472386,0.00209675,-0.01625367,-0.00558423,-0.01764755,-0.00857727
"Np2_502396",-0.01215553,-0.01036943,-0.01646496,0.00243573,0.01062439,-0.01397656,-0.01781933,-0.03432133,-0.02083824,-0.02469159,-0.01341874,-0.01983801,0.00083812,0.00607935,-0.01869187,-0.01527624,0.00517339,-0.02112858,-0.02185816,-0.02578762,-0.00162137,0.01911401,-0.01607583,-0.00562678,-0.04430061,-0.02572225,-0.01197614,-0.02008733,0.02523695,-0.01820697,-0.01168734,0.00779401,-0.01468495,-0.0124489,-0.03220694,-0.01262827,-0.00566479,-0.00125047,-0.0216545,-0.01790445,-0.01735268,-0.02819241,-0.00114406,0.99924691,-0.02705991,-0.01152773,-0.01005174,-0.01525649,0.03636393,-0.01167973,0.0110181,-0.01169799,0.01562849,-0.02120913,-0.00904697,-0.02035485,-0.00866997,-0.00916248,0.00054778,-0.01253857,-0.01435204,-0.0152428,-0.02322625,-0.01705929,0.00772256,-0.02503976,-0.03120061,0.00078644,-0.01917675,-0.02157091,-0.00135688,0.00192649,-0.01099571,-0.00942241,-0.01202173,-0.01492966,0.07016738,0.00427198,-0.00089173,-0.01105956,-0.01395532,-0.02483151,0.08454125,-0.01777221,-0.01934852,-0.01705626,-0.01627495,-0.02602018,0.0031684,-0.0243678,-0.01761563,-0.02106321,-0.01838481,-0.02947225,-0.00986629,0.00531476,-0.01561979,-0.00388629,-0.01306147,-0.01143957
"Np2_504342",-0.01407995,-0.00347739,-0.01914942,-0.00921721,-0.00072452,-0.01681303,-0.01776765,-0.03670176,-0.00680181,-0.00457488,0.01627456,-0.00747367,-0.02631963,-0.01165388,-0.00283136,-0.02510505,-0.00678355,-0.004356,-0.01511814,-0.01038312,-0.00506586,-0.01853223,-0.02468861,-0.02153593,-0.0146074,-0.02323843,0.00874861,-0.00225069,-0.01742566,-0.0204354,-0.01330775,-0.0144995,0.01911252,0.00645177,-0.02166669,0.00095213,-0.02279002,-0.00575903,-0.00761808,-0.00173993,-0.01380482,0.00697317,-0.00960484,-0.02705991,0.99630967,-0.00250757,-0.01684042,-0.02508533,8.568e-05,-0.00265958,-0.02617219,0.00051435,0.01492014,-0.01750925,-0.00139487,0.00067395,-0.01606667,-0.02142344,-0.00700093,-0.02647161,-0.01627645,-0.02020737,-0.01755027,-0.01016724,0.00549412,-0.02787623,-0.02218045,0.00190218,-0.01365279,-0.00084613,0.00948737,0.00395428,-0.010488,-0.0260916,-0.03720333,0.0098993,-0.02478584,-0.01771752,0.05221074,0.01483351,0.00464137,-0.02097962,-0.01968446,-0.01878457,-0.01853679,-0.00393189,-0.02914395,-0.00848757,-0.0197331,0.01763801,-0.00327521,0.00026961,0.01678072,-0.02303623,-0.02334334,-0.01880284,-0.0231685,-0.00596273,-0.00632144,-0.01670818
"Np2_502917",-0.01785278,-0.02670724,0.00732734,-0.03001496,-0.02152222,-0.01237744,-0.00542765,0.01668039,-0.01832705,-0.02993281,-0.0209401,-0.01991096,0.0474316,0.04203222,-0.00067588,0.01459634,-0.01754874,-0.01466518,-0.00673034,0.00408502,-0.01704712,-0.02063297,-0.02192509,-0.01162804,-0.00454752,-0.02822733,-0.00794489,-0.01058377,-0.0081258,-0.01630382,-0.01145628,-0.00474362,-0.02570248,-0.00476945,0.03840389,0.00067547,-0.02291466,-0.01454813,-0.01275898,-0.00536076,0.05143397,-0.02112098,-0.01732989,-0.01152773,-0.00250757,0.99210754,0.00021184,-0.0086411,0.00330521,-0.01996112,-0.02781692,0.01711057,-0.01210991,-0.03359473,-0.01109603,-0.00644306,-0.01026301,-0.01485973,-0.01031774,-0.00759527,0.00107981,-0.02747639,-0.01995502,-0.00907583,0.00506546,0.01699355,-0.00254406,-0.03014412,-0.00815314,-0.00355491,-0.02848723,-0.01927555,-0.00377228,-0.00827931,-0.02896754,-0.00649017,-0.02643055,-0.01434597,-0.01570947,-0.03499778,-0.01782848,-0.02703258,-0.02452133,-0.01951724,-0.00650082,-0.00664066,-0.01421979,-0.0122604,-0.00663306,-0.01592833,-0.00370387,-0.01946407,-0.00644914,-0.00887214,-0.01799568,-0.01968753,0.02595742,-0.02220022,-0.00401397,-0.02124105
"Np2_501270",-0.00193602,0.00517035,0.02172404,0.01083113,-0.01700609,-0.00345306,-0.00623177,-0.00890104,-0.0285557,-0.02359259,-0.01687997,-0.01676289,-0.00672732,0.00246612,0.00277623,-0.01265714,-0.03294562,0.00520379,-0.01422281,-0.02575267,-0.02894783,-0.01018853,0.01147261,-0.02216068,-0.01964039,-0.00486218,-0.00874901,-0.02294053,-0.00497771,-0.00023506,-0.02396503,-0.00068348,-0.01601806,0.01905172,-0.01423501,-0.0144174,0.04726901,-0.02128058,-0.01280308,-0.01741347,-0.01944584,-0.01493274,-0.01691796,-0.01005174,-0.01684042,0.00021184,1.00159731,-0.0126374,-0.0196921,-0.00161225,-0.00399573,0.00809802,-0.01929838,0.00481922,-0.02406081,-0.00633514,-0.01653943,-0.01140764,0.005447,-0.02147208,-0.02267752,-0.01855202,-0.0137668,-0.02143256,0.00046114,-0.01588431,0.02310122,-0.01544345,-0.0154936,4.92e-05,-0.01941086,-0.01445539,0.00271999,-0.01349167,-0.02521146,-0.01793485,-0.00656163,-0.02290251,-0.02350597,0.00235212,-0.02471294,-0.01385196,-0.01894115,-0.02092941,-0.02432983,-0.01352512,-0.00635947,-0.0104804,-0.02993435,-0.01065215,0.00066027,0.00466112,-0.00254102,-0.00131583,-0.00998335,-0.01699547,-0.00357619,0.01773383,-0.02868329,-0.00486826
"Np2_503593",-0.00805283,-0.02192355,-0.0093221,-0.03115959,-0.02509898,-0.01884234,0.00604439,-0.00407326,-0.00989517,-0.00067588,-0.01919658,-0.02850399,-0.00341963,-0.0158113,-0.02401367,-0.03230263,-0.02826986,-0.00091302,-0.01562736,-0.00025178,-0.00451104,-0.02238563,-0.00710887,-0.00213211,-0.01496461,-0.01113099,-0.01532184,-0.02206496,-0.01033448,-0.02550488,-0.00211236,0.00277623,0.00492258,-0.01625062,-0.00575903,0.01929189,0.06851366,-0.00535621,0.01710601,-0.00817747,0.01441548,-0.01208107,-0.03945165,-0.01525649,-0.02508533,-0.0086411,-0.0126374,0.99924387,0.0041367,-0.01897764,-0.00828845,-0.03328464,-0.01340655,0.00767089,0.00280814,-0.02218047,-0.01611988,0.00907695,-0.00705413,0.00190066,-0.01967384,-0.01235617,-0.00893902,-0.01189254,-0.02344059,-0.01485673,-0.01128908,-0.01183174,-0.01735418,-0.013516,-0.00151041,-0.00445936,-0.00354883,-0.01991248,-0.00047066,-0.01979543,-0.02362298,0.00229436,-0.0246065,-0.00452472,-0.0133488,0.00420055,-0.00636098,-0.0018129,-0.01372575,0.00756752,-0.01901261,-0.00732471,-0.01324996,-0.00704045,-0.01837719,-0.03596152,-0.01230601,-0.00180834,0.00989325,-0.02493637,-0.00650083,-0.02182477,-0.00591863,-0.00672884
"Np2_502683",-0.0182997,-0.01788167,0.00080011,-0.0103968,-0.01026453,-0.00127175,-0.01195487,-0.01325606,-0.03610291,-0.0063625,0.00171825,-0.02613419,-0.01594661,-0.01313748,-0.00629105,-0.03814127,-0.01829967,0.00434495,-0.03241055,-0.00457033,-0.00350931,-0.01499958,-0.00200291,-0.00280247,-0.02156329,-0.03125839,-0.01082393,-0.00282223,0.00693214,-0.01811881,-0.00202267,0.02885931,-0.00441224,-0.01008062,-0.02725452,-0.0009875,-0.01864933,-0.01134686,0.01111538,-0.02283256,-0.00236773,-0.01518355,-0.01428061,0.03636393,8.568e-05,0.00330521,-0.0196921,0.0041367,1.00322405,-0.01599981,-0.012607,-0.01160982,-0.0140769,-0.00759225,-0.01427909,-0.03607554,-0.02059043,-0.01530664,-0.00483634,-0.01898675,-0.01304781,-0.01697873,-0.00565717,0.01464652,0.00325048,-0.01339897,-0.00679117,-0.03378322,-0.00723198,-0.01433837,0.00511563,-0.0261068,-0.00026697,-0.00887823,-0.00965346,0.00248741,-0.00255622,0.00496819,-0.01418027,-0.00519509,-0.03545233,-0.01349474,-0.02132007,-0.01221176,0.0088611,-0.00875967,-0.02074703,-0.02015571,-0.00829603,0.00931407,-0.01904755,0.00152216,-0.00780809,-0.02132767,-0.01266629,-0.02940694,-0.0168997,-0.01459071,-0.00278879,0.01677009
"Np2_504360",-0.01526865,-0.01165845,-0.02702647,-0.01694226,0.00507914,-0.01465755,-0.01910834,-0.02816195,-0.00434232,-0.01549207,0.01478184,-0.00014993,-0.02978844,-0.00433014,-0.00706021,-0.00486065,-0.00827627,-0.01238507,-0.00308216,-0.00290736,0.01548255,-0.02306509,-0.02298915,-0.00448367,-0.02157239,-0.01378657,-0.00748887,0.00537709,-0.00660572,-0.02086406,0.01453708,-0.0062637,-0.00396533,-0.01464996,-0.0099347,-0.0219737,-0.01029799,-0.01880436,-0.00622265,-0.00414469,-0.02761018,-0.02036094,-0.02493029,-0.01167973,-0.00265958,-0.01996112,-0.00161225,-0.01897764,-0.01599981,0.99195551,-0.01930446,-0.00614664,0.00065875,-0.03161862,-0.01793639,-0.00218684,-0.00995899,0.00490129,-0.00347738,-0.00729126,-0.00226436,-0.00741135,-0.02421124,-0.00193146,-0.01499958,-0.00519964,-0.02184906,-0.0046068,-0.00663306,-0.02118783,-0.01708665,-0.00027457,0.01690081,-0.01071144,-0.01741496,-0.00831427,-0.02430245,-0.00796162,0.00785176,-0.01265259,0.01211712,-0.01776007,0.00633624,-0.00659659,-0.01698935,-0.01910532,-0.02060413,0.00537252,0.0023354,0.0044407,-0.02012071,-0.02220021,-0.02712222,0.01028084,-0.02331597,-0.01193512,-0.00459617,-0.00563134,-0.00994226,-0.00406414
"Np2_502570",-0.00473145,-0.02559456,-0.01557724,-0.00397294,0.00649586,-0.02038522,-0.0129794,-0.01321655,-0.02375072,-0.00966714,0.00251782,-0.00770169,-0.00724263,0.005447,-0.01856419,-0.01697264,0.00165288,0.04390661,-0.01017789,-0.01349929,-0.02019066,-0.00583958,-0.01974836,-0.01157941,0.01723825,-0.0224024,-0.01200047,-0.00384677,0.02232449,-0.00394253,-0.01976809,-0.02126387,-0.03492635,-0.02387382,-0.01596639,-0.00079596,-0.00781722,0.00222139,-0.00495794,-0.0086563,-0.00050411,0.00203291,-0.01393707,0.0110181,-0.02617219,-0.02781692,-0.00399573,-0.00828845,-0.012607,-0.01930446,1.00315107,-0.01658656,-0.02133376,-0.00952883,0.00932169,-0.01870709,-0.01568666,0.00069371,0.00325961,-0.00207435,-0.00692797,-0.02469162,-0.02872286,-0.00735511,-0.00431039,-0.0179197,-0.01739221,-0.00972643,-0.00460832,-0.01779503,-0.016734,-0.01603476,0.00174865,-0.02525556,-0.02025448,0.00511106,-0.00920504,-0.02493791,-0.0074524,-0.00880376,-0.00668324,-0.00828694,0.04727501,-0.01065216,-0.01952485,-0.01419244,-0.03013201,0.00572518,-0.01372879,-0.01147147,-0.02493634,-0.01941544,-0.02327339,-0.02524035,0.0069823,-0.01659874,-0.02658869,-0.01394316,-0.00867756,-0.00340746
"Np2_503363",-0.02759954,-0.01699698,0.01521352,-0.00844805,-0.00907583,0.00554124,-0.00939809,-0.00233885,0.00491193,-0.00669387,-0.02278245,-0.01293684,-0.00867758,-0.01012469,0.00204203,-0.01506341,-0.02486336,-0.00981917,-0.00887669,-0.0121981,-0.01828143,-0.00119422,-0.0248315,-0.00769408,-0.03557536,0.00580423,-0.00066675,-0.01607431,-0.01452838,-0.00476945,-0.01953095,-0.02345886,-0.02192052,-0.01983648,-0.0091929,-0.0381048,-0.01898069,-0.01000614,-0.01536136,0.00191737,-0.01318766,-0.01779505,-0.01217986,-0.01169799,0.00051435,0.01711057,0.00809802,-0.03328464,-0.01160982,-0.00614664,-0.01658656,0.99647995,-0.0110641,-0.00640355,-0.01613054,0.00813147,-0.01225735,-0.01062176,0.00577685,-0.01582194,-0.00638682,0.00746719,-0.01510902,-0.01395833,-0.01942605,-0.0111462,0.00108589,-0.00751319,-0.01273162,0.00843548,-0.00996052,-0.01245344,-0.01427908,-0.0149859,-0.0074007,0.00322008,-0.01018397,0.00676492,-0.00812731,-0.00233429,0.00085028,-0.01473816,-0.01921931,-0.01558329,-0.01974374,-0.00924305,-0.00466153,-0.0112146,-0.00087501,-0.01898672,-0.0091944,-0.01477006,0.0028051,0.00904654,-0.01512578,-0.0013128,-0.00689453,-0.0226745,-0.02911346,-0.01609102
"Np2_503619",-0.00635338,0.00348913,-0.01431099,-0.01289124,-0.00014233,-0.00711037,-0.01338525,-0.01529448,-0.01853226,-0.03287415,-0.00731256,-0.02057219,-0.01327278,-0.00803153,0.00124703,0.0039026,-0.01699391,-0.02505493,-0.01559998,-0.00828084,-0.00281158,-0.0053334,0.00918337,-0.00256077,-0.01250512,0.00516122,-0.00054971,-0.02553377,-0.02033964,-0.01362088,0.00019513,0.01025197,0.00890214,0.00095365,-0.01637223,-0.04376403,-0.03634456,-0.01232121,-0.00323569,-0.01210231,-0.00957442,0.00041098,-0.01464694,0.01562849,0.01492014,-0.01210991,-0.01929838,-0.01340655,-0.0140769,0.00065875,-0.02133376,-0.0110641,0.98911253,-0.01829512,-0.02300586,-0.01926494,-0.00043571,-0.00229628,-0.02861187,-0.02725747,-0.00186154,-0.00624848,0.00796121,-0.01140915,-0.01414074,-0.0025167,-0.02889463,-0.00998028,-0.00911839,-0.01683281,-0.01759587,-0.00838419,-0.01279396,-0.01547688,-0.00713164,-0.00760743,-0.01097896,-0.00451864,0.01220679,0.00173497,-0.00784914,0.00316385,-0.0081577,-0.00619376,-0.01704255,-0.02022257,-0.00515251,-0.02310617,-0.01595873,-0.01491747,-0.01257353,-0.01875723,-0.01607884,-0.01500564,-0.01029647,-0.00834012,-0.01057767,-0.00826868,0.0112856,-0.00320529
"Np2_504014",0.03965339,-0.00659508,-0.02089904,0.0084902,-0.00642634,-0.0235789,0.00297991,0.00608695,-0.0044472,-0.00617248,-0.02834139,-0.02533614,-0.01302046,-0.02252397,-0.01370145,-0.00906975,-0.01917371,-0.01948234,-0.01671573,-0.00802852,-0.03554497,-0.0078172,-0.0072852,0.02900519,-0.00024418,0.03870333,-0.01397808,-0.01448887,-0.0158311,-0.00120791,-0.00988909,-0.01913727,0.00261814,-0.01141068,-0.02189623,0.01653143,-0.00280247,-0.01845323,0.00780921,-0.02613872,-0.0131223,-0.01620961,-0.01515466,-0.02120913,-0.01750925,-0.03359473,0.00481922,0.00767089,-0.00759225,-0.03161862,-0.00952883,-0.00640355,-0.01829512,0.99843507,0.0172246,-0.00913209,-0.02480864,-0.01998089,-0.00540636,-0.01636461,-0.0148339,-0.02545317,-0.00637921,-0.01298092,-0.03395346,0.00092781,-0.03183448,-0.0050157,-0.02832306,-0.00669996,-0.01536745,-0.00068348,-0.0063093,0.00104029,0.00026505,-0.01282739,-0.01163868,-0.00730648,-0.01779046,-0.0018129,-0.02264562,-0.00692038,-0.01930596,-0.02190226,-0.03898338,-0.02042628,-0.00535621,-0.01358136,-0.01388231,0.00342377,-0.00244069,-0.00923241,-0.0097462,-0.00046458,-0.00381181,-0.01477616,-0.00728519,-0.01470471,0.00636968,0.00327937
"Np2_501886",0.01578964,-0.01662608,-0.01527322,0.01244394,-0.00764088,-0.01278483,-0.00993924,-0.01154446,0.00102661,-0.00647498,0.005862,0.01829169,-0.00526652,-0.0042815,-0.01050776,-0.01180438,-0.0173481,-0.00321594,0.00563092,0.00048546,-0.02171074,-0.01070383,-0.00986782,-0.01294748,-0.01103522,-0.02741867,-0.02507315,0.00344963,-0.00366893,-0.02081543,0.00014496,-0.03403256,-0.00254862,0.00196754,-0.00958204,-0.00262006,-0.03548271,-0.00127479,-0.01073425,-0.02157697,0.00694429,-0.01301592,-0.0180413,-0.00904697,-0.00139487,-0.01109603,-0.02406081,0.00280814,-0.01427909,-0.01793639,0.00932169,-0.01613054,-0.02300586,0.0172246,1.0033031,-0.02189926,-0.00565414,0.00479793,-0.00677292,-0.01712313,-0.02000066,-0.01921933,-0.0200584,-0.00537901,-0.01540697,0.00928978,-0.01693619,-0.00972643,-0.017529,-0.0079145,-0.02524645,-0.02409118,-0.01421221,-0.00412646,-0.01402216,0.00298295,-0.02030162,-0.00608889,-0.01034055,-0.01260396,-0.01473969,0.04962822,-0.00379964,-0.02554893,0.00358034,-0.00948018,-0.03013202,-0.01023567,-0.01220871,-0.01177549,-0.02995259,-0.02458372,-0.01248083,-0.02068012,-0.00685046,-0.00960636,-0.02278849,-0.0259518,-0.01490988,-0.01769624
"Np2_503773",-0.00631083,-0.00285263,-0.0021078,-0.00266414,-0.02320498,-0.01588427,-0.01638286,-0.00065916,-0.01924976,-0.01337462,-0.00803005,-0.0212897,0.00303464,-0.01984559,-0.01178311,-0.00319921,-0.02272767,-0.02501241,-0.01829358,-0.00778227,-0.01188951,-0.01775548,-0.01631145,-0.0250154,0.00258621,0.00277167,-0.0128198,0.00551846,0.00250413,0.02335964,-0.02256353,-0.01995508,-0.01036031,-0.01481262,-0.021954,-0.01286388,-0.00894056,-0.02763149,0.00592735,0.00101293,-0.01971641,0.01094211,0.02096553,-0.02035485,0.00067395,-0.00644306,-0.00633514,-0.02218047,-0.03607554,-0.00218684,-0.01870709,0.00813147,-0.01926494,-0.00913209,-0.02189926,1.00485686,0.00067091,-0.01684649,-0.022033,-0.01414227,-0.01458766,0.00686676,-0.01540544,-0.02595936,0.01539137,-0.00080205,-0.01912358,-0.01951423,-0.01637221,0.02668406,-0.00949691,-0.01457396,0.00898576,-0.01710642,-0.00192082,0.00763591,-0.01032838,-0.03366166,-0.00507956,-0.00855903,-0.02665561,-0.01944283,-0.01753964,-0.01724778,-0.01487189,-0.01181959,0.00385852,-0.00603872,0.00354082,-0.00788257,-0.02317153,-0.005946,-0.01466822,-0.02697173,-0.00219749,-0.00282528,-0.02315179,-0.01491448,-0.011777,0.00762985
"Np2_503983",-0.02487554,0.00427197,-0.00151952,-0.01864474,-0.00513579,-0.02107226,0.03725612,0.00266526,-0.0233737,-0.01795458,-0.00227348,0.00544395,-0.01248993,-0.03506609,-0.01423497,-0.003827,-0.02031527,-0.00679117,-7.24e-05,-0.02330683,0.0146921,-0.01397502,-0.00736271,0.0008062,-0.03452343,-0.01761716,0.03869106,0.00321857,-0.0177327,-0.01663823,-0.02866356,-0.00690213,-0.01828447,-0.02760101,-0.00905304,-0.03066854,-0.0068322,1.423e-05,-0.01233336,-0.01724776,-0.00559941,-0.00549453,0.01228128,-0.00866997,-0.01606667,-0.01026301,-0.01653943,-0.01611988,-0.02059043,-0.00995899,-0.01568666,-0.01225735,-0.00043571,-0.02480864,-0.00565414,0.00067091,0.98186065,0.00289478,-0.01810051,-0.01750616,-0.01415137,-0.0183863,-0.02044143,-0.01989877,-0.02597453,-0.01754269,-0.01579913,0.01801196,0.01157745,-0.02547444,-0.01194877,-0.00577726,-0.01231512,0.01601153,-0.00194058,-0.01533702,-0.02889306,-0.01741651,0.02849442,-0.01526713,0.00372627,-0.01581436,-0.00342266,-0.01468339,-0.0162597,-0.01320741,-0.03051503,0.00275797,-0.0115277,-0.01170251,-0.00267021,-0.02557477,-0.01620804,-0.0301836,0.02256007,-0.0004129,-0.01085888,-0.01098202,-0.02274128,0.01065024
"Np2_502112",0.00822571,0.00970778,-3.593e-05,-0.01685713,-0.0235652,-0.02931717,-0.02099932,0.02330184,-9.6e-07,-0.00643849,-0.02070297,-0.00553709,0.01863521,0.00472344,-0.00287087,-0.02712066,-0.03494449,-0.0154921,0.01083566,-0.02136721,-0.02775453,-0.00641113,-0.01135141,-0.01336701,-0.02331135,-0.02099782,-0.00375556,0.00227003,0.00472801,-0.00740223,-0.0027067,-0.03110788,-0.01588883,0.01994094,-0.01653792,-0.00091149,-0.00641266,-0.01887123,0.0058711,0.01068518,-0.03466941,-0.02468404,-0.01116444,-0.00916248,-0.02142344,-0.01485973,-0.01140764,0.00907695,-0.01530664,0.00490129,0.00069371,-0.01062176,-0.00229628,-0.01998089,0.00479793,-0.01684649,0.00289478,0.98741282,-0.01296875,-0.00614207,-0.0033953,-0.02678323,-0.01910986,-0.02054329,-0.02677106,-0.00693862,-0.00033082,-0.02215458,-0.01369229,-0.02216676,-0.01350534,-0.02633478,-0.00976747,-0.00789017,-0.00136903,-0.01476547,-0.02087314,-0.02292529,-0.00695989,-0.02214397,-0.0055827,-0.02466732,-0.00695532,0.00382507,-0.00231148,-0.01324389,-0.0168708,-0.01506342,0.02947788,-0.02040342,-0.01714743,0.01315077,-0.01624453,-0.00346674,-0.01456638,-0.0255307,-0.01667166,-0.00630626,0.00382354,-0.00686716
"Np2_503083",-0.02356219,-0.01721585,-0.0024863,-0.01778741,-0.01081479,-0.01018244,0.00178361,-0.00134167,-0.01658808,-0.01922537,-0.01099267,-0.0107236,-0.01558481,0.01260959,-0.00881742,-0.00205763,-0.00805737,-0.01976656,-0.0116797,-0.0014724,-0.01515613,-0.00536531,-0.00361724,-0.02356976,0.01801651,0.00984155,-0.01046213,-0.02480564,-0.02523581,-0.01334877,-0.023246,-0.02671788,-0.01317093,-0.00485457,-0.01974833,-0.00579398,-0.02695197,-0.0079449,-0.03807739,0.00428262,-0.01188646,-0.00600528,-0.00555837,0.00054778,-0.00700093,-0.01031774,0.005447,-0.00705413,-0.00483634,-0.00347738,0.00325961,0.00577685,-0.02861187,-0.00540636,-0.00677292,-0.022033,-0.01810051,-0.01296875,0.98296743,0.0020481,0.00190673,-0.01874505,-0.01213574,-0.01782539,-0.00246805,-0.01957352,-0.0029332,-0.00575597,-0.00975833,0.00624048,-0.01717175,-0.01571248,-0.02073028,-0.00471624,-0.00670754,-0.01721583,-0.00979482,-0.00591864,-0.00104981,-0.01121763,0.0007834,-0.01754117,-0.01731007,-0.02796278,-0.02148268,-0.00262157,-0.01172077,-0.01872985,-0.00656617,-0.01494939,-0.0057651,-0.00161225,-0.01580674,-0.01503756,0.04226639,-0.007612,-0.02915454,0.01754075,-0.00257902,-0.03789502
"Np2_502143",-0.00898311,0.00131542,-0.0146606,-0.00928865,0.00315624,0.00652472,0.0110424,-0.01108385,-0.00778529,-0.01239871,-0.00583808,-0.02502601,-0.02593502,-0.00883716,-0.02342385,-0.01362389,0.00211346,-0.01947622,-0.02096585,0.00839443,-0.01653788,-0.0116113,-0.01579155,-0.00564653,-0.01771898,-0.01631749,-0.01792419,-0.01645888,-0.0235774,0.00655058,0.00258165,-0.02201931,-0.01120851,0.00303615,-0.00288912,0.0031608,-0.00766064,-0.00917464,0.00431909,-0.01610011,-0.00612384,-0.03231636,-0.00724415,-0.01253857,-0.02647161,-0.00759527,-0.02147208,0.00190066,-0.01898675,-0.00729126,-0.00207435,-0.01582194,-0.02725747,-0.01636461,-0.01712313,-0.01414227,-0.01750616,-0.00614207,0.0020481,0.98202788,0.00630128,0.00571453,0.00761158,-0.01555896,-0.0292351,-0.01274684,0.00374147,-0.00896182,0.00922894,-0.01596635,-0.00563285,-0.01481411,0.0093536,-0.01385039,-0.02785026,-0.02118171,-0.02637733,-0.01003653,0.01474531,-0.00226284,-0.00637466,-0.01375466,-0.01656372,-0.0249363,-0.01784818,-0.00461136,-0.00808626,-0.01494333,0.00345265,0.00190977,0.00242964,-0.00664218,0.00120446,-0.02569177,-0.01338223,0.00392692,-0.01183933,-0.02716326,-0.00715292,-0.0148035
"Np2_500803",0.00045202,0.00375819,0.00237492,-0.01399026,-0.0197863,-0.01079351,-0.03378926,-0.01958566,0.0008898,-0.00053147,0.00374908,-0.01665495,-0.01756396,0.01123849,-0.03131764,-0.00206067,-0.01034053,-0.01019311,-0.01350685,-0.01485215,-0.01622323,-0.00901654,-0.00331627,0.00378859,-0.01573225,-0.00201811,-0.03235429,0.02398592,-0.0183985,-0.00772753,-0.00607216,-0.00574383,-0.01423803,-0.00607368,-0.02218351,-0.0033649,-0.02391487,0.00162856,-0.01725538,-0.01198526,-0.00900136,-0.00828845,-0.01346584,-0.01435204,-0.01627645,0.00107981,-0.02267752,-0.01967384,-0.01304781,-0.00226436,-0.00692797,-0.00638682,-0.00186154,-0.0148339,-0.02000066,-0.01458766,-0.01415137,-0.0033953,0.00190673,0.00630128,0.99086696,0.00298903,0.0130945,0.00056451,-0.04776944,-0.00391973,-0.01874506,-0.01807166,-0.00048891,-0.00242701,-0.00592623,-0.03122032,-0.00887671,-0.00122311,0.00225787,-0.00429823,-0.02287053,-0.01473815,-0.00667715,-0.03128575,-0.00712406,-0.01784824,-0.00910471,3.59e-06,0.00359554,-0.01128907,-0.01719611,-0.00854837,-0.00732926,-0.02194479,-0.0265932,-0.01301589,-0.00091302,-0.0109364,-0.01549971,0.01640222,0.00200402,-0.0169681,-0.02112697,-0.02208925
"Np2_504221",-0.00408694,-0.02190986,0.00574037,-0.01518505,-0.0255413,-0.00758007,-0.03209588,-0.01150796,-0.01064152,-0.01844709,-0.01599071,-0.00705717,0.01377095,-0.01199742,-0.02521604,-0.01115985,0.10110241,-0.01868427,-0.01941386,0.00052195,-0.00966562,-0.01613961,-0.01317551,-0.01564713,0.00405004,-0.01552554,-0.01910834,-0.01293078,-0.01974529,-0.01530664,-0.00787498,0.01571059,0.01892098,-0.02216523,0.000791,-0.03359319,-0.01781327,-0.0199353,-0.00963371,-0.03780531,-0.00548389,0.04858388,-0.00918833,-0.0152428,-0.02020737,-0.02747639,-0.01855202,-0.01235617,-0.01697873,-0.00741135,-0.02469162,0.00746719,-0.00624848,-0.02545317,-0.01921933,0.00686676,-0.0183863,-0.02678323,-0.01874505,0.00571453,0.00298903,0.98954125,-0.00284503,-0.00959874,-0.02403493,-0.01393099,-0.00397901,-0.01014597,-0.01262825,-0.00803003,-0.0048409,0.00589085,0.00300119,-0.00089781,-0.01337764,-0.01218135,-0.01494484,-0.01350079,-0.02064059,-0.01256747,-0.00710278,-0.00551429,-0.02458822,-0.01426385,-0.00383156,-0.0171961,0.00593039,0.00150544,0.00257253,-0.02055544,-0.00741894,-0.02439521,-0.02673307,-0.03569238,0.00063443,-0.00576967,-0.0172797,-0.01725083,0.01355203,-0.01902781
"Np2_504430",-0.0084222,-0.03065334,-0.00862741,-0.00371148,-0.0090515,-0.02742011,-0.01667012,-0.01781932,-0.00524828,-0.0018053,-0.00436512,0.00304831,-0.00986931,-0.01040436,-0.00644609,0.01399438,-0.02088681,0.00464592,-0.00535619,-0.01810207,-0.00989666,-0.01409055,-0.01705474,0.0032748,-0.01852614,-0.02350898,0.00908606,0.00948738,-0.0251446,-0.00398509,-0.00491385,-0.00458552,-0.01155964,-0.01449187,-0.02649748,-0.00479073,-0.00664372,-0.03065488,-0.00469649,0.01258223,-0.02000368,0.00913472,-0.02370813,-0.02322625,-0.01755027,-0.01995502,-0.0137668,-0.00893902,-0.00565717,-0.02421124,-0.02872286,-0.01510902,0.00796121,-0.00637921,-0.0200584,-0.01540544,-0.02044143,-0.01910986,-0.01213574,0.00761158,0.0130945,-0.00284503,0.98178159,-0.00086132,0.0102398,0.00058275,-0.02397107,-0.00840091,-0.01285929,-0.0166215,-0.00674403,0.00246764,0.00322616,-0.01860975,0.00524026,-0.00496401,-0.01517589,-0.02102822,-0.00551885,-0.01994289,-0.02101455,-0.00604936,-0.02010701,-0.00659049,-0.00543068,-0.02153134,-0.02014201,-0.0022218,-0.03383634,-0.01090599,-0.0117542,-0.00699333,-0.01966773,0.00055843,0.00177145,-0.01512119,0.01000266,-0.01930597,-0.00127175,0.00506242
"Np2_500664",0.00443311,-0.04059922,-0.01279699,0.00488761,-0.01033293,-0.00544436,-0.01901561,-0.00344394,0.00806306,-0.00369475,-0.00564655,-0.00887366,-0.02270333,-0.02354238,-0.03174476,-0.02285683,-0.00833554,-0.01107627,-0.00222939,-0.00235861,0.00356666,-0.00640353,-0.02943276,-0.02232787,-0.01524733,-0.00229325,-0.01210837,-0.00957899,-0.03357041,0.00157384,-0.00193906,-0.00130672,-0.02925792,-0.0179014,0.00307872,-0.00318401,0.01487606,-0.02661603,-0.03835557,0.01342892,-0.01854897,-0.02087623,0.0084522,-0.01705929,-0.01016724,-0.00907583,-0.02143256,-0.01189254,0.01464652,-0.00193146,-0.00735511,-0.01395833,-0.01140915,-0.01298092,-0.00537901,-0.02595936,-0.01989877,-0.02054329,-0.01782539,-0.01555896,0.00056451,-0.00959874,-0.00086132,0.98332318,0.00348609,-0.01133924,-0.01278786,-0.00132191,-0.00046002,-0.00011801,-0.00513731,-0.00078988,-0.02845685,-0.00833859,-0.01747424,-0.00852555,-0.00976897,0.02390077,-0.00832036,0.0058331,-0.03020039,-0.01447517,-0.02701272,-0.00209563,-0.00093581,-0.01034813,-0.00075036,-0.01323173,-0.01338067,-0.00975529,-0.00710732,-0.01861129,-0.01350077,-0.01136354,-0.0055903,-0.00196187,0.00431302,-0.01617917,-0.00088109,-0.01658808
"Np2_503081",-0.02307578,-0.02813002,-0.01765668,-0.00666044,-0.00424806,-0.02444077,-0.00593839,0.02133791,-0.03373459,-0.01615483,-0.01947474,-0.02209379,-0.02938714,-0.01715351,-0.01197918,-0.01509989,0.00246156,-0.0127438,-0.01909769,-0.02120305,0.06726247,-0.01384735,-0.03444448,-0.00666651,-0.0038422,-0.02417783,-0.00723958,-0.02431922,-0.00118815,-0.01423042,-0.01424715,-0.00996661,-0.02332506,0.00080011,0.00597143,-0.01077984,-0.01871315,0.0072863,-0.01782997,0.00659314,0.08862119,-0.0137273,-0.01571252,0.00772256,0.00549412,0.00506546,0.00046114,-0.02344059,0.00325048,-0.01499958,-0.00431039,-0.01942605,-0.01414074,-0.03395346,-0.01540697,0.01539137,-0.02597453,-0.02677106,-0.00246805,-0.0292351,-0.04776944,-0.02403493,0.0102398,0.00348609,0.98971761,-0.00039011,0.00044138,0.0035469,-0.02295261,-0.02717087,-0.0080209,-0.01340196,-0.02069989,0.0214595,-0.01746969,-0.00958506,0.0122767,-0.01941695,-0.00436359,-0.02106776,-0.01393098,-0.02039893,-0.01195941,-0.00528324,0.00286895,-0.00593535,-0.02856326,0.01170212,-0.0150482,-0.02160733,-0.00816682,-0.0026459,-0.01045606,-0.03081597,-0.02671487,-0.00636554,-0.01802758,-0.01936678,0.00809192,-0.01217528
"Np2_504046",0.00298904,-0.01194577,-0.02077745,-0.0321264,-0.01420916,0.00466416,0.00158144,0.00377644,-0.01299007,-0.01684345,-0.02092342,0.01020334,-0.01213882,0.00146287,-0.02087625,-0.00758009,-0.01129972,-0.01647259,-0.00473753,-0.01140311,-0.01900653,-0.00587151,-0.01552406,-0.01069929,0.03787943,-0.02061024,-0.01157637,-0.01375925,-0.01814164,-0.00899073,-0.01341569,-0.01187129,-0.01519722,0.00953603,-0.00550974,0.02562153,-0.01924978,-0.00632299,-0.00970212,-0.01735268,-0.02333726,-0.02779266,-0.00378445,-0.02503976,-0.02787623,0.01699355,-0.01588431,-0.01485673,-0.01339897,-0.00519964,-0.0179197,-0.0111462,-0.0025167,0.00092781,0.00928978,-0.00080205,-0.01754269,-0.00693862,-0.01957352,-0.01274684,-0.00391973,-0.01393099,0.00058275,-0.01133924,-0.00039011,1.01342533,-0.0295848,-0.0121905,-0.01786495,-0.0073384,-0.00688541,-0.02853135,0.00354082,-0.01859916,0.00494689,-0.03292286,-0.009845,-0.02177767,-0.03803797,-0.00062724,-0.02997246,-0.00923091,-0.00960787,-0.02998911,-0.00389996,-0.0111842,-0.0050826,-0.01573989,0.02317721,-0.02381604,0.00421726,0.00685005,-0.0188971,-0.0252723,-0.0199551,0.00936274,-0.01537203,-0.00227045,-0.0223902,0.00400902
"Np2_502273",-0.01852466,-0.01476245,-0.00656923,-0.01548603,-0.0124656,0.00291151,-0.00701156,-0.01044087,0.00927456,-0.00263526,-0.00337099,-0.01480654,-0.00933121,-0.01184237,0.00792473,-0.02346945,-0.006212,0.01293644,0.00019816,-0.01725996,-0.01756699,-0.01689662,0.0217894,0.00852516,-0.00841156,-0.02023475,-0.02883381,-0.0139918,-0.01381394,-0.00101486,-0.00498379,-0.01392794,0.00098709,-0.02064212,-0.00133407,-0.0056207,-0.00139335,-0.01795615,-0.01403889,-0.01226495,-0.00031258,-0.02832921,-0.01754574,-0.03120061,-0.02218045,-0.00254406,0.02310122,-0.01128908,-0.00679117,-0.02184906,-0.01739221,0.00108589,-0.02889463,-0.03183448,-0.01693619,-0.01912358,-0.01579913,-0.00033082,-0.0029332,0.00374147,-0.01874506,-0.00397901,-0.02397107,-0.01278786,0.00044138,-0.0295848,0.99395623,-0.01014293,-0.02676193,0.03772742,-0.02034266,-0.00687475,-0.02785339,-0.02095981,-0.01003043,-0.00594599,-0.00779744,0.00519923,-0.0078689,-0.01606062,0.00840509,-0.0266404,-0.0153127,0.00762831,-0.0251096,-0.0006242,0.00958162,-0.0114122,-0.01718544,-0.00808777,-0.01547232,-0.01481566,-0.00164873,-0.02732893,-0.00377077,-0.0259837,-0.00526803,0.00418534,-0.02520686,-0.00853622
"Np2_504376",-0.00705869,-0.00876878,-0.01836048,-0.02864535,-0.00358379,-0.01252792,0.04154427,-0.01873593,-0.00388477,-0.01837869,-0.00391366,-0.00106046,0.00152671,-0.02986592,-0.01040286,-0.00349106,-0.01785123,-0.01709579,-0.01311315,-0.01369841,-0.01582953,-0.011967,-0.01751533,-0.00569821,-0.01579456,-0.01089689,-0.01083151,0.00051435,0.01057272,-0.01387017,-0.02163929,-0.01979089,-0.02174874,-0.00659202,-0.01206128,-0.0263804,0.00672843,-0.01333054,-0.01853376,-0.000799,-0.00571951,-0.01473511,0.01915357,0.00078644,0.00190218,-0.03014412,-0.01544345,-0.01183174,-0.03378322,-0.0046068,-0.00972643,-0.00751319,-0.00998028,-0.0050157,-0.00972643,-0.01951423,0.01801196,-0.02215458,-0.00575597,-0.00896182,-0.01807166,-0.01014597,-0.00840091,-0.00132191,0.0035469,-0.0121905,-0.01014293,0.98815777,0.00172888,0.00039881,-0.01039678,-0.00848147,-0.00757096,-0.00219748,0.00569172,-0.01484908,0.00199642,-0.01145629,-0.01099569,-0.02344364,0.00147807,-0.00422983,-0.00977506,-0.01875568,-0.00999547,-0.02472809,-0.01801847,-0.01788317,-0.0117998,-0.00437422,-0.0106947,-0.00304568,-0.01815222,-0.01951115,0.0019189,-0.00311713,-0.0213155,-0.02113463,-0.0172371,-0.0188074
"Np2_502425",-0.00650082,-0.00669082,0.00393451,-0.01699089,-0.01153834,0.00247068,-0.00806041,-0.03839509,0.00138534,-0.01219653,-0.01202024,0.00086548,-0.00277967,-0.01045908,-0.00665283,-0.02923051,-0.00543676,-0.00939354,-0.00769103,-0.03335758,-0.0122315,-0.02174565,-0.02075766,-0.02262123,-0.01280456,0.00106157,-0.02076217,0.01460092,0.00231411,-0.01832855,-0.01636916,-0.00494426,0.00434646,0.00688651,-0.00785521,0.02038783,-0.02372331,0.00744438,-0.01949596,-0.00586542,-0.0161062,-0.02284169,-0.03151525,-0.01917675,-0.01365279,-0.00815314,-0.0154936,-0.01735418,-0.00723198,-0.00663306,-0.00460832,-0.01273162,-0.00911839,-0.02832306,-0.017529,-0.01637221,0.01157745,-0.01369229,-0.00975833,0.00922894,-0.00048891,-0.01262825,-0.01285929,-0.00046002,-0.02295261,-0.01786495,-0.02676193,0.00172888,0.97939166,-0.02184449,-0.01424713,-0.0136999,-0.01582954,-0.02109659,-0.00986321,-0.01201109,-0.00291799,-0.00755424,-0.02016632,-0.00814099,-0.01529296,-0.01704866,-0.00207283,0.00749149,-0.00214124,0.0305526,-0.01092425,-0.00349258,-0.01230598,0.01305649,-0.00892077,0.0151451,-0.00710581,0.0023278,-0.02138849,-0.01471988,-0.01574136,-0.01981671,-0.01728725,-0.01627341
"Np2_502195",-0.00448672,-0.01440524,-0.01320438,-0.01695291,-0.0142365,-0.0204445,-0.00011801,-0.01145173,0.01054384,-0.01915091,-0.01380636,-0.03390635,-0.00015753,-0.00418878,-0.02379174,0.0183859,-0.00631081,0.01496576,-0.0245259,-0.01933488,-0.00748128,2.944e-05,-0.02543193,-0.01407082,-0.00972642,0.00793993,-0.01981214,-0.01165848,-0.01588886,-0.01327431,-0.01101091,-0.00840245,0.00149632,-0.00979636,0.0055595,-0.01803215,0.02921348,-0.02823951,-0.02462626,-0.02574046,-0.0081638,0.0016696,0.02856593,-0.02157091,-0.00084613,-0.00355491,4.92e-05,-0.013516,-0.01433837,-0.02118783,-0.01779503,0.00843548,-0.01683281,-0.00669996,-0.0079145,0.02668406,-0.02547444,-0.02216676,0.00624048,-0.01596635,-0.00242701,-0.00803003,-0.0166215,-0.00011801,-0.02717087,-0.0073384,0.03772742,0.00039881,-0.02184449,0.99816749,-0.02150553,-0.02536652,-0.02795222,-0.02759496,-0.0210738,-0.0137972,0.00760854,-0.00402006,-0.02575264,0.00299359,-0.02969576,-0.02157093,-0.02057979,-0.01299155,-0.01517591,-0.00102702,-0.00830212,0.00232172,-0.02473263,-0.01198678,-0.00447455,-0.02525102,-7.544e-05,-0.01085889,-0.0210465,-0.01817809,-0.00673491,-0.01871468,-0.00113646,-0.01106716
"Np2_501753",-0.00023354,-0.00513579,-0.01913573,-0.00783546,-0.01135139,-0.00479073,-0.01349773,-0.00583047,-0.02198892,-0.01960995,-0.00423287,-0.0229648,-0.02615393,-0.01316027,0.00493473,-0.02752348,7.048e-05,0.01253058,-0.00887213,-0.01097746,-0.00778832,-0.0060539,-0.0149464,-0.01544191,0.00303919,0.00550476,-0.01145475,-0.01971793,0.0044772,-0.00354883,0.00601095,-0.0029332,-0.01644366,-0.01177549,0.00023617,0.00096581,-0.02870463,-0.0086335,-0.00076404,-0.00613448,-0.02078348,-0.02463084,-0.02844014,-0.00135688,0.00948737,-0.02848723,-0.01941086,-0.00151041,0.00511563,-0.01708665,-0.016734,-0.00996052,-0.01759587,-0.01536745,-0.02524645,-0.00949691,-0.01194877,-0.01350534,-0.01717175,-0.00563285,-0.00592623,-0.0048409,-0.00674403,-0.00513731,-0.0080209,-0.00688541,-0.02034266,-0.01039678,-0.01424713,-0.02150553,0.98706315,-0.01944123,-0.00363395,-0.01011708,0.00902068,-0.01744841,-0.01124345,0.00616144,-0.01830728,0.00359859,-0.02285842,-0.01777375,-0.01815068,0.00676642,-0.00773056,0.00550628,-0.01164934,-0.01987448,-0.01500716,-0.00241332,-0.01907033,-0.00427695,-0.00068652,-0.01633419,-0.02302563,-0.00738855,0.01515117,-0.00944522,-0.02211653,-0.00650995
"Np2_503599",-0.0034865,-0.01644517,-0.02345274,0.01460091,-0.01004411,-0.01640411,0.01638699,-0.000723,-0.00882502,-0.01055029,-0.00961396,0.00099164,0.00555493,-0.00607671,-0.00500658,-0.02119995,-0.00044635,-0.01261154,-0.0204855,-0.01103826,-0.01605754,-0.01204301,-0.00345458,-0.01307059,-0.01191836,0.00529195,-0.01501171,-0.00746608,-0.01230449,-0.01713833,-0.00301831,-0.03689177,0.00173649,0.00792472,0.00108741,-0.01581586,0.00558836,-0.02070293,0.00905566,-0.00437118,-0.00716357,-0.0070587,0.01269322,0.00192649,0.00395428,-0.01927555,-0.01445539,-0.00445936,-0.0261068,-0.00027457,-0.01603476,-0.01245344,-0.00838419,-0.00068348,-0.02409118,-0.01457396,-0.00577726,-0.02633478,-0.01571248,-0.01481411,-0.03122032,0.00589085,0.00246764,-0.00078988,-0.01340196,-0.02853135,-0.00687475,-0.00848147,-0.0136999,-0.02536652,-0.01944123,0.98070825,-0.0315122,-0.00181746,-0.02660988,-0.00808473,-0.0321293,-0.02430095,-0.0034713,0.07802168,0.00246612,-0.03683555,-0.01137114,-0.03281638,-0.00535923,-0.01598762,-0.02508682,0.00195386,-0.00913966,-0.02147507,-0.02308332,-0.01801846,-0.01579609,-0.01882711,-0.0037814,-0.000761,-0.00360659,-0.01254618,-0.00743261,-0.02222757
"Np2_501388",-0.01929688,-0.00945435,0.00162704,-0.00987389,-0.00366132,-0.00515707,-0.02480865,-0.00650083,0.01610278,-0.02058435,0.0011771,-0.01345063,-0.01648776,-0.01352662,-0.00394405,-0.01496918,-0.00774425,-0.00531669,-0.00665435,-0.00845565,-0.0163631,-0.02572525,-0.01561677,-0.00577575,0.00100077,-0.02693528,-0.03933453,-0.00989974,-0.00546566,-0.00741136,-0.0021078,-0.00497163,-0.00829756,-0.0056055,-0.00925067,-0.02356981,0.00011456,-0.00276751,-0.00493059,-0.01166909,-0.01674162,-0.01192449,-0.000685,-0.01099571,-0.010488,-0.00377228,0.00271999,-0.00354883,-0.00026697,0.01690081,0.00174865,-0.01427908,-0.01279396,-0.0063093,-0.01421221,0.00898576,-0.01231512,-0.00976747,-0.02073028,0.0093536,-0.00887671,0.00300119,0.00322616,-0.02845685,-0.02069989,0.00354082,-0.02785339,-0.00757096,-0.01582954,-0.02795222,-0.00363395,-0.0315122,1.00274971,-0.01960391,-0.00457032,0.0066585,-0.00446544,-0.01062178,-0.01852163,0.00338426,-0.01744847,-0.02026823,-0.00696445,-0.01822519,-0.02010552,-0.0147731,-0.01992011,-0.0269292,-0.01734962,-0.01934852,-0.00682004,-0.00357924,-0.0338866,-0.01548449,0.00716166,0.02067062,-0.00695229,-0.01725997,-0.00804217,-0.02709338
"Np2_501802",-0.01909164,-0.01137723,-0.02233701,-0.00374036,-0.00984043,-0.01772051,-0.00423438,0.01072927,-0.00345306,-0.00548236,0.00442247,-0.01157332,-0.0118743,-0.0014648,-0.01939565,-0.0178041,-0.01437937,-0.01590405,-0.02225791,-0.00019402,-0.00338922,0.00108133,-0.02164387,-0.01894722,0.03099949,-0.01092121,-0.01845622,-0.00467825,0.00659619,-0.01526255,-0.01725538,-0.03197585,-0.01280459,-0.00996051,0.00068307,-0.02564468,-0.00211235,-0.02125928,-0.00016513,-0.02909677,-0.00057556,-0.03376044,-0.00595207,-0.00942241,-0.0260916,-0.00827931,-0.01349167,-0.01991248,-0.00887823,-0.01071144,-0.02525556,-0.0149859,-0.01547688,0.00104029,-0.00412646,-0.01710642,0.01601153,-0.00789017,-0.00471624,-0.01385039,-0.00122311,-0.00089781,-0.01860975,-0.00833859,0.0214595,-0.01859916,-0.02095981,-0.00219748,-0.02109659,-0.02759496,-0.01011708,-0.00181746,-0.01960391,0.98582866,-0.00117294,0.00215146,-0.00046002,-0.01482479,-0.01907643,-0.00157881,-0.00341051,-0.00835837,-0.01542367,-0.00190714,0.00700507,-0.0305287,0.02026321,-0.02322776,-0.00650385,-0.0215754,-0.00631081,-0.02237502,-0.01878457,-0.01330315,-0.01953856,0.00309088,-0.01997176,-0.00261398,0.01967641,-0.01776766
"Np2_503746",-0.01120242,-0.01960083,-0.00927951,-0.00375556,-0.03220072,-0.0019269,0.00699898,-0.0180154,-0.01988511,-0.02237039,-0.03389875,0.01911704,-0.0141696,-0.00543219,-0.002994,-0.02374758,-0.00345001,-0.02868789,-0.00114406,-0.0252905,-0.01146082,-0.00896636,-0.02971547,-0.01166603,0.00438294,0.01642499,0.00402571,0.00625112,-0.02442863,0.00737141,-0.01407839,-0.00827779,-0.00856356,-0.01423192,-0.01924516,-0.008787,-0.03496124,-0.02036241,-0.01583712,0.01314617,-0.0034789,-0.00200595,-0.01311165,-0.01202173,-0.03720333,-0.02896754,-0.02521146,-0.00047066,-0.00965346,-0.01741496,-0.02025448,-0.0074007,-0.00713164,0.00026505,-0.01402216,-0.00192082,-0.00194058,-0.00136903,-0.00670754,-0.02785026,0.00225787,-0.01337764,0.00524026,-0.01747424,-0.01746969,0.00494689,-0.01003043,0.00569172,-0.00986321,-0.0210738,0.00902068,-0.02660988,-0.00457032,-0.00117294,0.97165936,-0.0112404,-0.01217981,-0.00784761,-0.0089071,-0.00068196,-0.02744294,-0.02235829,-0.00935855,-0.02183533,-0.00456271,-0.01899129,0.02100803,-0.00834618,0.00746565,-0.01505426,-0.00997418,0.00041098,-0.03065635,-0.01483842,0.03182493,-0.0197255,-0.01056246,0.01089952,0.00233235,-0.01367863
"Np2_501624",-0.01593443,-0.03527741,-0.01294747,-0.01167973,-0.00972337,-0.01836349,-0.03968712,-0.01408296,-0.01458461,0.00633928,0.01578812,-0.00020769,-0.02376587,0.00108437,-0.02505489,-0.0266555,-0.02292675,-0.00469041,0.00354842,0.00661138,-0.02835344,0.00074235,-0.03277541,-0.00666954,-0.01843797,-0.00624392,-0.03034776,-0.02325819,-0.0206482,-0.00496098,0.00307871,0.0043191,-0.00554317,0.00961352,-0.02762538,-0.02871979,-0.01263586,0.00925936,-0.00445631,-0.01058678,-0.03283617,0.00329457,-0.00492298,-0.01492966,0.0098993,-0.00649017,-0.01793485,-0.01979543,0.00248741,-0.00831427,0.00511106,0.00322008,-0.00760743,-0.01282739,0.00298295,0.00763591,-0.01533702,-0.01476547,-0.01721583,-0.02118171,-0.00429823,-0.01218135,-0.00496401,-0.00852555,-0.00958506,-0.03292286,-0.00594599,-0.01484908,-0.01201109,-0.0137972,-0.01744841,-0.00808473,0.0066585,0.00215146,-0.0112404,0.9802856,-0.01432768,-0.00680332,-0.01728729,-0.00754208,-0.00694165,0.00224723,-0.01257048,-0.02519927,-0.0130949,-0.00122615,-0.02005384,0.00744286,0.06642483,-0.02282642,-0.01668228,-0.0056891,0.00063747,-0.01060197,-0.01060504,-0.01366495,0.00249044,-0.02666619,-0.00376771,-0.02585903
"Np2_501123",-0.03009852,0.02717043,0.00754622,-0.01505126,-0.01370294,-0.01459066,0.00330369,0.00063443,0.01016533,-0.01314506,0.00512019,-0.01193966,-0.00783241,0.00090501,0.10549245,-0.00220963,-0.02021798,-0.01779045,-0.01684796,0.00597599,0.00551692,0.00725131,-0.01668992,-0.00350474,-0.01451313,-0.01736786,-0.00955008,-0.02313354,-0.00471473,-0.00894054,-0.00850124,-0.01470925,-0.01362694,-0.01230295,-0.01214792,-0.01430642,-0.02482386,-0.01311317,-0.02698082,-0.03599943,-0.01735874,-0.03230267,-0.02395134,0.07016738,-0.02478584,-0.02643055,-0.00656163,-0.02362298,-0.00255622,-0.02430245,-0.00920504,-0.01018397,-0.01097896,-0.01163868,-0.02030162,-0.01032838,-0.02889306,-0.02087314,-0.00979482,-0.02637733,-0.02287053,-0.01494484,-0.01517589,-0.00976897,0.0122767,-0.009845,-0.00779744,0.00199642,-0.00291799,0.00760854,-0.01124345,-0.0321293,-0.00446544,-0.00046002,-0.01217981,-0.01432768,0.97992681,-0.01139091,-0.02141886,0.00079099,-0.01517744,0.00921224,-0.0098617,-0.01580215,-0.00749798,-0.01736633,-0.01673703,-0.01371359,-0.00276598,-0.04535089,-0.01701365,-0.02046123,0.01733096,-0.02035782,-0.02248903,-0.0057879,-0.02535433,-0.00206827,-0.02173195,-0.01402977
"Np2_504666",-0.01284565,0.00064507,0.00777425,-0.01771144,-0.00587455,-0.00098598,-0.02337371,-0.0018737,-0.00754361,-0.02720582,-0.02809364,-0.00304721,-0.02341326,-0.00175514,-0.0175579,-0.02022258,-0.00372516,-0.02029862,-0.01996415,0.01243635,0.0013367,-0.01608187,-0.01478985,-0.01300525,-0.01656527,0.01766999,-0.01677048,-0.00268847,-0.02211968,-0.01737702,-0.0280343,-0.02572988,-0.02069535,-0.00341051,-0.00979182,-0.01423044,0.02085456,-0.00984502,-0.01672033,-0.0055219,0.00019817,-0.00684134,-0.00365829,0.00427198,-0.01771752,-0.01434597,-0.02290251,0.00229436,0.00496819,-0.00796162,-0.02493791,0.00676492,-0.00451864,-0.00730648,-0.00608889,-0.03366166,-0.01741651,-0.02292529,-0.00591864,-0.01003653,-0.01473815,-0.01350079,-0.02102822,0.02390077,-0.01941695,-0.02177767,0.00519923,-0.01145629,-0.00755424,-0.00402006,0.00616144,-0.02430095,-0.01062178,-0.01482479,-0.00784761,-0.00680332,-0.01139091,1.00653224,0.00191434,-0.02527842,-0.01966171,0.00381596,-0.00887367,0.00813906,0.00382659,-0.00011345,-0.02030925,-0.01074945,-0.01758676,-0.0127453,-0.01176942,-0.01278485,-0.00205004,-0.03365856,0.00677252,-0.00814404,-0.0236063,-0.02722564,8.112e-05,-0.01152167
"Np2_504873",-0.0189214,-0.01409514,0.00017841,-0.01497072,-0.01483845,-0.0085818,-0.0112085,-0.01980608,-0.02882017,-0.01914482,-0.01152015,0.00075756,-0.00516771,-0.00722285,0.01163221,-0.01079351,-0.01846535,-0.01770991,-0.01220718,-0.01750469,0.01228583,-0.02504575,-0.01828146,-0.00494426,-0.02932935,0.00475385,0.00709932,-0.00754817,-0.00721831,-0.00931601,0.00389196,-0.01994899,0.00712669,-0.00234189,-0.02012381,-0.02684253,-0.01805496,-0.02276114,-0.0232521,-0.00855749,-0.02655068,0.00213171,-0.00319769,-0.00089173,0.05221074,-0.01570947,-0.02350597,-0.0246065,-0.01418027,0.00785176,-0.0074524,-0.00812731,0.01220679,-0.01779046,-0.01034055,-0.00507956,0.02849442,-0.00695989,-0.00104981,0.01474531,-0.00667715,-0.02064059,-0.00551885,-0.00832036,-0.00436359,-0.03803797,-0.0078689,-0.01099569,-0.02016632,-0.02575264,-0.01830728,-0.0034713,-0.01852163,-0.01907643,-0.0089071,-0.01728729,-0.02141886,0.00191434,0.99437888,-0.00566479,0.00952843,-0.02734116,-0.01038918,-0.00280095,-0.00224916,-0.03035847,-0.01361632,-0.00071236,-0.04463956,-0.01547687,-0.01541304,-0.01369232,0.02987619,-0.00431647,-0.01389603,-0.0087475,-0.02420974,-0.01156422,-0.02104337,-0.00452472
"Np2_500617",-0.01388843,-0.00526196,-0.01713381,-0.0073536,-0.02439824,-0.00658898,0.00492106,-0.02480564,0.0098066,-0.01319981,-0.02457617,-0.02172292,0.02829079,-0.01830272,0.01453709,-0.01776918,-0.01966471,-0.01054882,-0.01842279,-0.00259119,0.00652625,-0.02791721,-0.02221697,-0.02727273,-0.00620745,-0.01985475,0.01942869,-0.01133166,-0.0053775,-0.00853926,-0.01782848,-0.02783671,-0.00881744,-0.03819907,-0.01965108,-0.03366619,-0.00070932,-0.02274443,0.01005437,-0.02161346,-0.026686,-0.00986022,-0.01579766,-0.01105956,0.01483351,-0.03499778,0.00235212,-0.00452472,-0.00519509,-0.01265259,-0.00880376,-0.00233429,0.00173497,-0.0018129,-0.01260396,-0.00855903,-0.01526713,-0.02214397,-0.01121763,-0.00226284,-0.03128575,-0.01256747,-0.01994289,0.0058331,-0.02106776,-0.00062724,-0.01606062,-0.02344364,-0.00814099,0.00299359,0.00359859,0.07802168,0.00338426,-0.00157881,-0.00068196,-0.00754208,0.00079099,-0.02527842,-0.00566479,1.0070309,-0.0190324,-0.00102702,-0.01721282,-0.01418482,-0.00238445,-0.01362089,-0.02864843,-0.01817657,-0.02273374,-0.03035694,-0.00505979,-0.0113955,-0.00795706,-0.01418026,-0.01129518,0.00920617,-0.0158326,-0.01169952,-0.01281826,-0.00496403
"Np2_503086",0.00601704,-0.01074186,-0.01714141,-0.0018889,0.00341162,-0.00264438,-0.02031988,-0.01994899,-0.01072211,-0.01487951,-0.00816686,-0.00835381,-0.03404016,-0.00493363,-0.00857574,0.02113727,-0.01009581,-0.01344458,-0.01295811,-0.02387994,-0.01157029,-0.0102919,-0.01477618,-0.00478314,0.00533756,-0.00846174,-0.00550821,-0.01422742,-0.01860983,-0.0131071,-0.02817263,-0.01781178,0.0124561,-0.01175727,-0.01585848,0.00554429,-0.01378963,0.00795362,0.01156685,-0.0109805,-0.01392491,-0.01914034,0.00897208,-0.01395532,0.00464137,-0.01782848,-0.02471294,-0.0133488,-0.03545233,0.01211712,-0.00668324,0.00085028,-0.00784914,-0.02264562,-0.01473969,-0.02665561,0.00372627,-0.0055827,0.0007834,-0.00637466,-0.00712406,-0.00710278,-0.02101455,-0.03020039,-0.01393098,-0.02997246,0.00840509,0.00147807,-0.01529296,-0.02969576,-0.02285842,0.00246612,-0.01744847,-0.00341051,-0.02744294,-0.00694165,-0.01517744,-0.01966171,0.00952843,-0.0190324,1.01051241,0.00914994,-0.0187405,-0.00704806,-0.01896092,-0.02183693,-0.01983956,-0.02168036,-0.02182931,-0.01257962,-0.02102822,0.00531781,-0.00218837,-0.02862862,0.00207395,-0.00569823,0.00756904,-0.00745089,-0.00674555,0.00597296
"Np2_504475",0.00182921,-0.00808932,-0.00856055,-0.0218856,0.02004889,-0.01367257,-0.00854685,0.01234514,-0.00381333,-0.01663519,-0.01828303,-0.00874143,-0.01025848,-0.02310619,-0.01048345,-0.01406019,-0.021124,-0.0264489,-0.01608188,-0.02183544,-0.01864628,-0.00855141,-0.01865999,0.00106157,-0.00599464,-0.01842588,-0.00194363,-0.0118789,-0.0071408,-0.00680637,-0.01366346,-0.01075099,-0.00146025,-0.01913727,0.01977989,0.00713278,-0.00429672,0.00665396,0.00737903,-0.01349624,-0.01644066,-0.01344763,-0.01482482,-0.02483151,-0.02097962,-0.02703258,-0.01385196,0.00420055,-0.01349474,-0.01776007,-0.00828694,-0.01473816,0.00316385,-0.00692038,0.04962822,-0.01944283,-0.01581436,-0.02466732,-0.01754117,-0.01375466,-0.01784824,-0.00551429,-0.00604936,-0.01447517,-0.02039893,-0.00923091,-0.0266404,-0.00422983,-0.01704866,-0.02157093,-0.01777375,-0.03683555,-0.02026823,-0.00835837,-0.02235829,0.00224723,0.00921224,0.00381596,-0.02734116,-0.00102702,0.00914994,1.01460205,-0.0128958,-0.01594812,-0.01250818,0.00574494,-0.03086776,-0.02176398,-0.00230389,-0.01144717,-0.00940722,-0.00540638,-0.00135992,-0.02187187,-0.00956229,-0.00076557,-0.00573927,0.01161855,-0.02537411,-0.01402373
"Np2_504698",-0.00827627,0.00825458,-0.01045758,-0.00204547,-0.0014572,-0.01754569,-0.02503663,0.00816794,0.00310608,-0.02005228,-0.01045152,-0.01656677,0.00714948,0.03382377,0.0047964,-0.00030042,-0.01800474,-0.00691277,-0.00916246,-0.0114198,-0.01446297,-0.02944939,-0.0185809,0.00402876,-0.01838021,0.00886261,-0.01068102,-0.01012774,-0.01131796,-0.02800841,-0.00963218,-0.02693677,-0.01293379,0.01119137,-0.01799111,-0.00190866,-0.02625881,-0.01622021,0.00274581,-0.0141772,-0.01043326,-0.00896032,-0.01444172,0.08454125,-0.01968446,-0.02452133,-0.01894115,-0.00636098,-0.02132007,0.00633624,0.04727501,-0.01921931,-0.0081577,-0.01930596,-0.00379964,-0.01753964,-0.00342266,-0.00695532,-0.01731007,-0.01656372,-0.00910471,-0.02458822,-0.02010701,-0.02701272,-0.01195941,-0.00960787,-0.0153127,-0.00977506,-0.00207283,-0.02057979,-0.01815068,-0.01137114,-0.00696445,-0.01542367,-0.00935855,-0.01257048,-0.0098617,-0.00887367,-0.01038918,-0.01721282,-0.0187405,-0.0128958,0.98070521,-0.00021225,-0.00589278,-0.00922479,-0.02242821,-0.00891622,-0.0235059,-0.00604782,-0.01206429,-0.0358809,-0.03669868,-0.02711304,-0.01632358,-0.00935097,-0.01219655,0.01519374,-0.00446998,-0.01713682
"Np2_503932",-0.00220812,0.01265064,-0.00469345,-0.01634638,-0.01499804,-0.01770985,-0.00847995,-0.02635,-0.01925125,-0.01778434,-0.01411188,-0.00305024,-0.01307972,-0.00738246,0.00341617,-0.01353724,-0.01710486,-0.00570886,-0.00400637,0.00969714,-0.01037093,-0.01350075,0.01226456,-0.01772051,-0.00167153,-0.00999852,-0.00126871,-0.02260456,-0.01801847,-0.02148423,-0.01344453,-0.00627585,-0.01613811,-0.01070992,-0.02119545,-0.00860917,-0.0113742,-0.0109121,-0.01611531,-0.01084519,-0.00846932,-0.00730039,-0.0337589,-0.01777221,-0.01878457,-0.01951724,-0.02092941,-0.0018129,-0.01221176,-0.00659659,-0.01065216,-0.01558329,-0.00619376,-0.02190226,-0.02554893,-0.01724778,-0.01468339,0.00382507,-0.02796278,-0.0249363,3.59e-06,-0.01426385,-0.00659049,-0.00209563,-0.00528324,-0.02998911,0.00762831,-0.01875568,0.00749149,-0.01299155,0.00676642,-0.03281638,-0.01822519,-0.00190714,-0.02183533,-0.02519927,-0.01580215,0.00813906,-0.00280095,-0.01418482,-0.00704806,-0.01594812,-0.00021225,0.98189713,-0.01517741,-0.02002951,0.02072987,0.01691294,-0.01135745,0.13181087,-0.00523611,-0.00822763,-0.03640683,-0.02970933,-0.03138454,-0.00677899,-0.01555288,0.00271694,-0.02241903,-0.00270822
"Np2_500183",-0.0262816,-0.00336642,-0.01052599,-0.004546,-0.01657435,-0.01031773,-0.00899221,-0.02078194,-0.02021954,-0.02088072,-0.01173599,-0.00690668,-0.00295143,-0.00728669,-0.01716112,-0.01617761,0.004728,-0.00135688,-0.00512666,0.01632924,-0.00252277,-0.0115809,-0.01545713,-0.00972033,-0.03015319,-0.00382244,-0.01074942,-0.01050016,-0.01488255,-0.01059591,0.01477268,-0.00101182,-0.00312169,0.02206752,0.00078948,0.01185564,-0.02313504,0.0071206,-0.0190597,-0.00922935,-0.00913359,0.00039577,-0.02347859,-0.01934852,-0.01853679,-0.00650082,-0.02432983,-0.01372575,0.0088611,-0.01698935,-0.01952485,-0.01974374,-0.01704255,-0.03898338,0.00358034,-0.01487189,-0.0162597,-0.00231148,-0.02148268,-0.01784818,0.00359554,-0.00383156,-0.00543068,-0.00093581,0.00286895,-0.00389996,-0.0251096,-0.00999547,-0.00214124,-0.01517591,-0.00773056,-0.00535923,-0.02010552,0.00700507,-0.00456271,-0.0130949,-0.00749798,0.00382659,-0.00224916,-0.00238445,-0.01896092,-0.01250818,-0.00589278,-0.01517741,0.9796562,-0.00914119,-0.01900043,-0.01369686,-0.01445384,-0.02101297,-0.00514034,0.00296471,-0.00788561,-0.03995008,-0.00939962,-0.01899587,-0.00968082,-0.01436419,0.0053421,-0.02906183
"Np2_504434",-0.00954859,-0.01034662,-0.00473754,-0.01973465,-0.00713773,0.0105195,-0.01886057,-0.01392945,0.00213779,-0.00749191,-0.02814073,0.00465808,-0.01935614,-0.02080323,-0.01486886,-0.00993315,0.00337209,-0.00073668,0.05021628,-0.0047877,-0.02667986,-0.02175327,-0.01909319,-0.01791661,0.00877292,-0.02448337,-0.01332141,-0.02082456,-0.01973466,0.00370499,-0.00953643,0.00052043,-0.00964587,-0.010754,0.00855406,0.00533147,-0.01050624,0.01017294,-4.657e-05,-0.0149935,0.00486329,-0.00932058,-0.01708212,-0.01705626,-0.00393189,-0.00664066,-0.01352512,0.00756752,-0.00875967,-0.01910532,-0.01419244,-0.00924305,-0.02022257,-0.02042628,-0.00948018,-0.01181959,-0.01320741,-0.01324389,-0.00262157,-0.00461136,-0.01128907,-0.0171961,-0.02153134,-0.01034813,-0.00593535,-0.0111842,-0.0006242,-0.02472809,0.0305526,-0.00102702,0.00550628,-0.01598762,-0.0147731,-0.0305287,-0.01899129,-0.00122615,-0.01736633,-0.00011345,-0.03035847,-0.01362089,-0.02183693,0.00574494,-0.00922479,-0.02002951,-0.00914119,0.99169097,-0.01822824,-0.03116563,-0.01748185,-0.00990426,-0.0133366,-0.01663216,-0.00072908,-0.01455267,-0.00589128,-0.01563955,-0.03885418,-0.01830426,-0.00483024,-0.00199227
"Np2_501925",-0.00025482,-0.0150376,-0.00380421,-0.02503366,-0.01426082,0.00157232,-0.01777525,-0.01360416,-0.02307428,-0.01613507,-0.01991102,-0.01766582,-0.00200595,-0.01090144,-0.03445662,-0.01325604,-0.01317549,-0.02503671,-0.00615728,-0.02376744,-0.01191382,0.00441334,0.2793202,-0.00649474,0.00028177,-0.003637,-0.00934793,-0.00453842,-0.00542462,-0.02074702,-0.02517198,-0.00812276,-0.01190472,-0.02821365,-0.01103372,-0.02778499,-0.0205175,-0.01549515,0.0072711,0.02835003,-0.01198832,-0.00945132,-0.01721285,-0.01627495,-0.02914395,-0.01421979,-0.00635947,-0.01901261,-0.02074703,-0.02060413,-0.03013201,-0.00466153,-0.00515251,-0.00535621,-0.03013202,0.00385852,-0.03051503,-0.0168708,-0.01172077,-0.00808626,-0.01719611,0.00593039,-0.02014201,-0.00075036,-0.02856326,-0.0050826,0.00958162,-0.01801847,-0.01092425,-0.00830212,-0.01164934,-0.02508682,-0.01992011,0.02026321,0.02100803,-0.02005384,-0.01673703,-0.02030925,-0.01361632,-0.02864843,-0.01983956,-0.03086776,-0.02242821,0.02072987,-0.01900043,-0.01822824,0.99994322,-0.01487951,-0.01031621,-0.00076252,-0.0184836,0.00254213,-0.01423652,-0.02213179,-0.01407844,-0.01561828,-0.01435964,-0.02345126,-0.0172736,-0.0357168
"Np2_502874",-0.01775246,-0.0127742,-0.01871771,-0.02216222,-0.00895727,-0.01683735,-0.02265621,-0.01179678,0.00092628,-0.00794337,-0.02038376,-0.03212329,-0.01327126,-0.00194971,-0.02185667,0.01180852,-0.00604783,0.01872491,-0.0142304,-0.02652029,-0.00128999,-0.01019612,-0.01635248,-0.00955162,-0.00794337,-0.0203746,0.0187568,-0.02218808,-0.02444236,-0.00738704,-0.01409211,-0.01497985,-0.01967384,-0.00786129,0.00916665,-0.02293744,-0.00107718,-0.02235223,0.01014252,0.00674819,-0.01975744,0.04039066,0.00557166,-0.02602018,-0.00848757,-0.0122604,-0.0104804,-0.00732471,-0.02015571,0.00537252,0.00572518,-0.0112146,-0.02310617,-0.01358136,-0.01023567,-0.00603872,0.00275797,-0.01506342,-0.01872985,-0.01494333,-0.00854837,0.00150544,-0.0022218,-0.01323173,0.01170212,-0.01573989,-0.0114122,-0.01788317,-0.00349258,0.00232172,-0.01987448,0.00195386,-0.0269292,-0.02322776,-0.00834618,0.00744286,-0.01371359,-0.01074945,-0.00071236,-0.01817657,-0.02168036,-0.02176398,-0.00891622,0.01691294,-0.01369686,-0.03116563,-0.01487951,0.99458868,-0.02766182,0.01426952,-0.00983587,-0.00385893,-0.0040687,-0.01363606,-0.02686384,-0.00605849,-0.01042415,-0.01206736,-0.02321861,-0.01156422
"Np2_500587",-0.02018152,-0.00669082,-0.03117928,-0.01045454,-0.00925823,-0.01288209,-0.02675734,-0.00632145,-0.01427146,0.00133214,-0.00791602,0.01120201,-0.00065156,-0.01517132,-0.01486124,-0.01068558,-0.00133255,-0.01820999,0.02423055,-0.01283651,0.00038514,0.02796082,-0.00023658,-0.00666042,-0.00109998,-0.01763539,-0.01985011,-0.02233702,-0.01167061,-0.01240024,-0.02138541,-0.02804946,-0.01723865,0.01251079,-0.01104738,-0.02369441,-0.00381028,-0.00137208,-0.00323113,-0.01696197,-0.00880982,-0.01250514,-0.01449036,0.0031684,-0.0197331,-0.00663306,-0.02993435,-0.01324996,-0.00829603,0.0023354,-0.01372879,-0.00087501,-0.01595873,-0.01388231,-0.01220871,0.00354082,-0.0115277,0.02947788,-0.00656617,0.00345265,-0.00732926,0.00257253,-0.03383634,-0.01338067,-0.0150482,0.02317721,-0.01718544,-0.0117998,-0.01230598,-0.02473263,-0.01500716,-0.00913966,-0.01734962,-0.00650385,0.00746565,0.06642483,-0.00276598,-0.01758676,-0.04463956,-0.02273374,-0.02182931,-0.00230389,-0.0235059,-0.01135745,-0.01445384,-0.01748185,-0.01031621,-0.02766182,0.97604698,-0.02327331,-0.02533758,-0.00476793,-0.00452167,-0.01196092,-0.02868486,0.00777728,-0.01710943,-0.01647253,-0.01075092,-0.0180975
"Np2_500909",-0.00637161,-0.00200139,-4.049e-05,-0.01838175,0.00971992,-0.0091047,-0.02237192,-0.01592073,-0.00395773,-0.00537899,-0.01173903,0.00403484,-0.00280247,-0.01428207,-0.00591559,-0.01998084,-0.01442799,-0.0300894,-0.02291457,-0.00662698,-0.00358986,-0.0108239,-0.02093245,-0.01869182,-0.00659506,-0.0257146,-0.00087197,-0.01430339,-0.01838176,0.00414581,-0.00362331,0.00506546,-0.01270121,-0.02353783,-0.01274227,-0.01277265,-0.01052143,0.00650953,0.00465047,-0.01516068,-0.00974466,0.00480097,-0.02849788,-0.0243678,0.01763801,-0.01592833,-0.01065215,-0.00704045,0.00931407,0.0044407,-0.01147147,-0.01898672,-0.01491747,0.00342377,-0.01177549,-0.00788257,-0.01170251,-0.02040342,-0.01494939,0.00190977,-0.02194479,-0.02055544,-0.01090599,-0.00975529,-0.02160733,-0.02381604,-0.00808777,-0.00437422,0.01305649,-0.01198678,-0.00241332,-0.02147507,-0.01934852,-0.0215754,-0.01505426,-0.02282642,-0.04535089,-0.0127453,-0.01547687,-0.03035694,-0.01257962,-0.01144717,-0.00604782,0.13181087,-0.02101297,-0.00990426,-0.00076252,0.01426952,-0.02327331,0.97265669,-0.00331929,-0.01527927,-0.02658559,-0.00848754,-0.016243,-0.0229511,-0.02002038,-0.01558329,-0.01548595,0.00787304
"Np2_502398",-0.00372364,-0.02945095,-0.0204977,-0.01375768,-0.01149731,-0.02211351,-0.00604327,-0.01038462,-0.0079981,-0.01701973,-0.0325003,-0.01216614,-0.01915547,0.00691082,-0.010868,-0.01277265,0.01390925,-0.01117659,-4.961e-05,-0.00200291,0.00301031,3.248e-05,-0.00551581,-0.01877999,-0.01534765,-0.01197006,0.00496817,-0.0265522,-0.02029403,0.0032976,0.01680957,0.01957006,0.02217242,0.00571149,-0.02453505,-0.02654152,0.01568777,-0.00771536,-0.02188704,-0.03105765,0.00612799,-0.01793639,-0.00517684,-0.01761563,-0.00327521,-0.00370387,0.00066027,-0.01837719,-0.01904755,-0.02012071,-0.02493634,-0.0091944,-0.01257353,-0.00244069,-0.02995259,-0.02317153,-0.00267021,-0.01714743,-0.0057651,0.00242964,-0.0265932,-0.00741894,-0.0117542,-0.00710732,-0.00816682,0.00421726,-0.01547232,-0.0106947,-0.00892077,-0.00447455,-0.01907033,-0.02308332,-0.00682004,-0.00631081,-0.00997418,-0.01668228,-0.01701365,-0.01176942,-0.01541304,-0.00505979,-0.02102822,-0.00940722,-0.01206429,-0.00523611,-0.00514034,-0.0133366,-0.0184836,-0.00983587,-0.02533758,-0.00331929,0.97932173,0.0027215,-0.00615271,-0.01465602,-0.0090348,0.00249804,-0.01691638,-0.01141524,0.0032748,0.00140055
"Np2_503542",0.00225332,-0.00644915,-0.00752841,-0.00382853,-0.02269726,-0.02449703,-0.01754724,-0.01900045,-0.03698303,-0.00587455,-0.0140587,-0.00983741,-0.02549119,-0.00368107,-0.01613965,-0.02746879,-0.01370752,-0.00018338,-0.00957745,-0.01730709,-0.00712557,-0.01040741,-0.01808386,-0.00763481,-0.02396349,-0.00158489,-0.01884842,-0.00871864,-0.00914882,-0.00410215,-0.01293533,-0.00257446,0.00854037,-0.00807259,0.00089892,-0.00764393,-0.01025695,0.00434191,0.00765112,-0.0030396,-0.01404044,-0.00983134,-0.00452017,-0.02106321,0.00026961,-0.01946407,0.00466112,-0.03596152,0.00152216,-0.02220021,-0.01941544,-0.01477006,-0.01875723,-0.00923241,-0.02458372,-0.005946,-0.02557477,0.01315077,-0.00161225,-0.00664218,-0.01301589,-0.02439521,-0.00699333,-0.01861129,-0.0026459,0.00685005,-0.01481566,-0.00304568,0.0151451,-0.02525102,-0.00427695,-0.01801846,-0.00357924,-0.02237502,0.00041098,-0.0056891,-0.02046123,-0.01278485,-0.01369232,-0.0113955,0.00531781,-0.00540638,-0.0358809,-0.00822763,0.00296471,-0.01663216,0.00254213,-0.00385893,-0.00476793,-0.01527927,0.0027215,1.0013115,-0.01036031,-0.00123071,-0.01278638,-0.01250211,-0.00257902,-0.02717547,-0.00017273,0.00205723
"Np2_502687",-0.01057312,0.00230955,0.02327145,0.00477817,-0.01135443,0.01177508,-0.01851703,-0.01753812,0.01494598,-0.02964551,0.01020487,-0.02266383,-0.01354031,-0.00571494,-0.03063816,-0.01658197,-0.01665341,-0.02076223,-0.00705108,-0.02070903,-0.02010399,0.01187996,-0.00795707,-0.01255681,-0.01763691,-0.01243522,0.00754318,0.00718446,-0.0022142,-0.00583199,7.96e-05,-0.03014568,0.00073019,-0.01816287,-0.02241608,-0.00678963,-0.00575446,-0.01806104,-0.0126237,-0.02103428,-0.00011345,-0.01520938,-0.00290584,-0.01838481,0.01678072,-0.00644914,-0.00254102,-0.01230601,-0.00780809,-0.02712222,-0.02327339,0.0028051,-0.01607884,-0.0097462,-0.01248083,-0.01466822,-0.01620804,-0.01624453,-0.01580674,0.00120446,-0.00091302,-0.02673307,-0.01966773,-0.01350077,-0.01045606,-0.0188971,-0.00164873,-0.01815222,-0.00710581,-7.544e-05,-0.00068652,-0.01579609,-0.0338866,-0.01878457,-0.03065635,0.00063747,0.01733096,-0.00205004,0.02987619,-0.00795706,-0.00218837,-0.00135992,-0.03669868,-0.03640683,-0.00788561,-0.00072908,-0.01423652,-0.0040687,-0.00452167,-0.02658559,-0.00615271,-0.01036031,0.99177003,-0.02956191,-0.02743691,-0.00389541,-0.00734903,-0.01112035,-0.00555076,-0.00392885
"Np2_501926",-0.00539572,-0.02291462,-0.00848908,-0.01132555,0.01358395,-0.01861734,-0.00786736,-0.0394181,-0.03915972,0.39613689,-0.01714748,-0.00426174,-0.00699485,-0.03200312,-0.010716,-0.00061203,-0.00372363,-0.00692036,-0.0261949,-0.03711674,-0.0010939,-0.0176004,-0.00353971,0.00554123,-0.01261151,-0.01607427,-0.01068862,-0.0151516,-0.01527777,-0.01691943,-0.01100785,-0.00581527,-0.03939075,-0.02499408,-0.01374248,-0.01757306,-0.00984956,-0.00847541,-0.02279908,-0.02315326,-0.0267057,0.00015256,-0.03649048,-0.02947225,-0.02303623,-0.00887214,-0.00131583,-0.00180834,-0.02132767,0.01028084,-0.02524035,0.00904654,-0.01500564,-0.00046458,-0.02068012,-0.02697173,-0.0301836,-0.00346674,-0.01503756,-0.02569177,-0.0109364,-0.03569238,0.00055843,-0.01136354,-0.03081597,-0.0252723,-0.02732893,-0.01951115,0.0023278,-0.01085889,-0.01633419,-0.01882711,-0.01548449,-0.01330315,-0.01483842,-0.01060197,-0.02035782,-0.03365856,-0.00431647,-0.01418026,-0.02862862,-0.02187187,-0.02711304,-0.02970933,-0.03995008,-0.01455267,-0.02213179,-0.01363606,-0.01196092,-0.00848754,-0.01465602,-0.00123071,-0.02956191,0.97962579,-0.03137997,-0.01604691,0.20987918,-0.01992768,-0.02180643,-0.02930505
"Np2_501869",-0.01041505,-0.00756489,-0.02004476,0.00448024,-0.01910077,0.00524483,-0.00483025,0.00359707,0.00035929,-0.01398265,-0.01183026,0.00363963,-0.03770356,-0.03018215,-0.01755942,-0.02691246,-0.0175594,-0.0157399,0.0007074,0.01927521,-0.0153857,2.944e-05,-0.01509539,-0.02227927,-0.01352664,-0.01957354,-0.00552342,-0.01682677,0.00402421,0.02031949,-0.01116293,0.00026201,-0.01036032,-0.00599616,-0.02423414,-0.01788016,-0.0204932,-0.01410277,-0.02933853,0.00466112,-0.03035701,-0.009427,-0.00472386,-0.00986629,-0.02334334,-0.01799568,-0.00998335,0.00989325,-0.01266629,-0.02331597,0.0069823,-0.01512578,-0.01029647,-0.00381181,-0.00685046,-0.00219749,0.02256007,-0.01456638,0.04226639,-0.01338223,-0.01549971,0.00063443,0.00177145,-0.0055903,-0.02671487,-0.0199551,-0.00377077,0.0019189,-0.02138849,-0.0210465,-0.02302563,-0.0037814,0.00716166,-0.01953856,0.03182493,-0.01060504,-0.02248903,0.00677252,-0.01389603,-0.01129518,0.00207395,-0.00956229,-0.01632358,-0.03138454,-0.00939962,-0.00589128,-0.01407844,-0.02686384,-0.02868486,-0.016243,-0.0090348,-0.01278638,-0.02743691,-0.03137997,1.01154622,-0.00601745,-0.01433533,-0.0187147,-0.00676075,-0.01030712
"Np2_504661",-0.00800267,-0.00773665,-0.01945648,0.00734863,-0.01653638,-0.02152832,-0.00089781,-0.02332811,0.00398773,-0.006098,-0.02629082,-0.01735724,-0.02191445,0.00840811,-0.02958781,0.00179729,-0.01970726,-0.02792031,-0.00098445,-0.01236227,-0.00719702,0.00548196,-0.02058744,-0.01409059,-0.01111426,-0.01320895,-0.00311104,0.01097099,-0.01043633,0.00099468,-0.00875055,-0.01526258,-0.0144843,-0.03535347,-0.01011711,-0.00680333,-0.02385713,-0.02202695,-0.01582956,-0.01223153,-0.03919321,-0.01917529,0.00209675,0.00531476,-0.01880284,-0.01968753,-0.01699547,-0.02493637,-0.02940694,-0.01193512,-0.01659874,-0.0013128,-0.00834012,-0.01477616,-0.00960636,-0.00282528,-0.0004129,-0.0255307,-0.007612,0.00392692,0.01640222,-0.00576967,-0.01512119,-0.00196187,-0.00636554,0.00936274,-0.0259837,-0.00311713,-0.01471988,-0.01817809,-0.00738855,-0.000761,0.02067062,0.00309088,-0.0197255,-0.01366495,-0.0057879,-0.00814404,-0.0087475,0.00920617,-0.00569823,-0.00076557,-0.00935097,-0.00677899,-0.01899587,-0.01563955,-0.01561828,-0.00605849,0.00777728,-0.0229511,0.00249804,-0.01250211,-0.00389541,-0.01604691,-0.00601745,1.00192874,-0.01754725,-0.02101457,0.00386003,-0.00439856
"Np2_500218",-0.00431191,-0.00541396,-0.0118135,0.0133195,-0.01269361,-0.01023717,-0.00815162,-0.02662971,-0.02515525,0.00716924,-0.00694318,-0.00545805,0.01597811,-0.02271092,-0.01814463,-0.02172135,-0.00948016,-0.02818174,-0.01948683,-0.02159219,-0.02433133,-0.00922023,-0.01598461,-0.0041675,-0.00818354,-0.00404589,-0.03042988,-0.02014812,-0.01677809,-0.01781174,-0.03059712,-0.01263588,0.00516731,-0.01220568,-0.01053057,-0.01816135,-0.02563864,0.00172888,-0.01578698,0.00073171,-0.02349379,-0.00682005,-0.01625367,-0.01561979,-0.0231685,0.02595742,-0.00357619,-0.00650083,-0.0168997,-0.00459617,-0.02658869,-0.00689453,-0.01057767,-0.00728519,-0.02278849,-0.02315179,-0.01085888,-0.01667166,-0.02915454,-0.01183933,0.00200402,-0.0172797,0.01000266,0.00431302,-0.01802758,-0.01537203,-0.00526803,-0.0213155,-0.01574136,-0.00673491,0.01515117,-0.00360659,-0.00695229,-0.01997176,-0.01056246,0.00249044,-0.02535433,-0.0236063,-0.02420974,-0.0158326,0.00756904,-0.00573927,-0.01219655,-0.01555288,-0.00968082,-0.03885418,-0.01435964,-0.01042415,-0.01710943,-0.02002038,-0.01691638,-0.00257902,-0.00734903,0.20987918,-0.01433533,-0.01754725,0.99091561,-0.01489167,-0.02817101,-0.00420399
"Np2_503875",-0.01127541,0.00054322,0.01603285,-0.01021287,0.00192801,-0.01309644,-0.00097838,-0.00334362,-0.00627738,-0.02730766,-0.00919444,-0.0116615,-0.02017092,0.00118317,-0.02191597,-0.0160682,-0.01249145,0.00057667,0.00197513,-0.00013018,-0.00910168,0.01634596,0.00486939,-0.00398661,-0.02639562,-0.00067284,-0.01474421,-0.01023872,-0.0197894,-0.01246259,-0.01171927,-0.00911082,-0.01851707,-0.01628102,-0.00898161,-0.00733992,0.00023161,-0.00523461,-0.01028583,-0.01656831,-0.00689606,-0.00268695,-0.00558423,-0.00388629,-0.00596273,-0.02220022,0.01773383,-0.02182477,-0.01459071,-0.00563134,-0.01394316,-0.0226745,-0.00826868,-0.01470471,-0.0259518,-0.01491448,-0.01098202,-0.00630626,0.01754075,-0.02716326,-0.0169681,-0.01725083,-0.01930597,-0.01617917,-0.01936678,-0.00227045,0.00418534,-0.02113463,-0.01981671,-0.01871468,-0.00944522,-0.01254618,-0.01725997,-0.00261398,0.01089952,-0.02666619,-0.00206827,-0.02722564,-0.01156422,-0.01169952,-0.00745089,0.01161855,0.01519374,0.00271694,-0.01436419,-0.01830426,-0.02345126,-0.01206736,-0.01647253,-0.01558329,-0.01141524,-0.02717547,-0.01112035,-0.01992768,-0.0187147,-0.02101457,-0.01489167,1.00465618,-0.01172532,0.00236124
"Np2_504631",-0.01421824,-0.03675336,-0.02704009,-0.02425228,0.00248132,-0.010415,-0.02869846,-0.00355034,0.00370043,-0.02842635,-0.00438487,-0.02068464,-0.00335273,-0.00844801,-0.01969051,-0.00213819,-0.00114558,-0.02319127,0.02183337,-0.02541818,-0.01949288,0.01553115,-0.02269877,-0.0218262,-0.00364914,0.00155256,-0.01206275,-0.0002609,-0.02942055,-0.01054117,-0.00599766,0.06197411,-0.01948379,-0.00493513,-0.00812426,-0.01636306,-0.03676099,0.00823937,-0.00426022,-0.01130273,-0.00938287,-0.00638985,-0.01764755,-0.01306147,-0.00632144,-0.00401397,-0.02868329,-0.00591863,-0.00278879,-0.00994226,-0.00867756,-0.02911346,0.0112856,0.00636968,-0.01490988,-0.011777,-0.02274128,0.00382354,-0.00257902,-0.00715292,-0.02112697,0.01355203,-0.00127175,-0.00088109,0.00809192,-0.0223902,-0.02520686,-0.0172371,-0.01728725,-0.00113646,-0.02211653,-0.00743261,-0.00804217,0.01967641,0.00233235,-0.00376771,-0.02173195,8.112e-05,-0.02104337,-0.01281826,-0.00674555,-0.02537411,-0.00446998,-0.02241903,0.0053421,-0.00483024,-0.0172736,-0.02321861,-0.01075092,-0.01548595,0.0032748,-0.00017273,-0.00555076,-0.02180643,-0.00676075,0.00386003,-0.02817101,-0.01172532,0.96486662,-0.02444685
"Np2_503278",0.01978138,-0.00731407,-0.01812185,-0.00727759,-0.02310617,0.00595167,0.0077332,-0.01211296,-0.00562223,-0.02346034,-0.00595513,-0.01404651,-0.0220999,-0.01868273,-0.02764515,-0.02666163,0.00108437,-0.01898527,-0.0049701,-0.00677141,-0.0193911,-0.00017577,-0.02442109,-0.01108387,-0.01722803,0.00469457,-0.01712922,0.00592128,-0.01138182,0.00141727,-0.00239965,-0.02563259,0.00022705,-0.00954555,-0.01303871,-0.0130691,-0.01294598,0.01746174,0.00921832,-0.02123343,-0.02144171,-0.01434447,-0.00857727,-0.01143957,-0.01670818,-0.02124105,-0.00486826,-0.00672884,0.01677009,-0.00406414,-0.00340746,-0.01609102,-0.00320529,0.00327937,-0.01769624,0.00762985,0.01065024,-0.00686716,-0.03789502,-0.0148035,-0.02208925,-0.01902781,0.00506242,-0.01658808,-0.01217528,0.00400902,-0.00853622,-0.0188074,-0.01627341,-0.01106716,-0.00650995,-0.02222757,-0.02709338,-0.01776766,-0.01367863,-0.02585903,-0.01402977,-0.01152167,-0.00452472,-0.00496403,0.00597296,-0.01402373,-0.01713682,-0.00270822,-0.02906183,-0.00199227,-0.0357168,-0.01156422,-0.0180975,0.00787304,0.00140055,0.00205723,-0.00392885,-0.02930505,-0.01030712,-0.00439856,-0.00420399,0.00236124,-0.02444685,1.0050545
