"","solution","std.error","z.ratio"
"vm(ID, ginv)_Np1_503331",0.770407530273305,0.766293293786876,1.00536901016855
"vm(ID, ginv)_Np1_501929",-0.00599421155395194,0.744459557282441,-0.00805176251055609
"vm(ID, ginv)_Np1_501959",0.893403640060696,0.762444670658961,1.17176193164095
"vm(ID, ginv)_Np1_503246",0.354266710264177,0.670199437375977,0.528598937133151
"vm(ID, ginv)_Np1_501774",1.14492012382159,0.755206286114106,1.51603627362895
"vm(ID, ginv)_Np1_503793",-0.210426385662917,0.75591223732807,-0.278374095922449
"vm(ID, ginv)_Np1_502993",0.209834653340707,0.762476578057158,0.275201441433624
"vm(ID, ginv)_Np1_504397",-0.535635591756851,0.78352676546691,-0.683621307355929
"vm(ID, ginv)_Np1_500039",-0.0576962780713946,0.718848890027457,-0.0802620395910896
"vm(ID, ginv)_Np1_503929",-0.170416664897578,0.784274629898956,-0.217292079076349
"vm(ID, ginv)_Np1_500677",0.484368534181712,0.789700153642733,0.613357528104071
"vm(ID, ginv)_Np1_501123",0.417047183453036,0.760965145044646,0.548050309753106
"vm(ID, ginv)_Np1_501531",0.682175674216966,0.763268490149384,0.89375584479251
"vm(ID, ginv)_Np1_503258",0.234551505986272,0.767112775210517,0.305758831772687
"vm(ID, ginv)_Np1_501184",0.584166068954499,0.762128890519633,0.766492487322196
"vm(ID, ginv)_Np1_504215",0.238409799126598,0.774008305312989,0.308019691119711
"vm(ID, ginv)_Np1_501873",1.23174374560165,0.759532431867352,1.62171316710379
"vm(ID, ginv)_Np1_500107",0.667626424551528,0.772802718361141,0.863902790051442
"vm(ID, ginv)_Np1_502827",-0.0366651992014872,0.853105189704279,-0.0429785208717307
"vm(ID, ginv)_Np1_502917",0.0195527496602859,0.72589162268153,0.0269361831013503
"vm(ID, ginv)_Np1_503803",0.610813364023468,0.751971161394111,0.812282964270937
"vm(ID, ginv)_Np1_504973",-0.114420396468863,0.809755417651839,-0.141302415488203
"vm(ID, ginv)_Np1_504533",0.481893097668883,0.770320193272522,0.625575055512533
"vm(ID, ginv)_Np1_500114",0.706303762577918,0.764238745931311,0.924192559377774
"vm(ID, ginv)_Np1_502407",0.725608428993592,0.759987635712237,0.954763465741879
"vm(ID, ginv)_Np1_504275",-0.141687321201339,0.763539848689572,-0.18556637409889
"vm(ID, ginv)_Np1_500259",1.22153413658852,0.718500884424043,1.70011500760742
"vm(ID, ginv)_Np1_504560",-0.935505244815868,0.71571987344368,-1.30708295176253
"vm(ID, ginv)_Np1_503722",0.626255651767426,0.797427954817023,0.785344491605045
"vm(ID, ginv)_Np1_502651",1.08178237418816,0.770629584916835,1.40376439649005
"vm(ID, ginv)_Np1_502147",1.61314259283252,0.733685076078678,2.19868530167503
"vm(ID, ginv)_Np1_503448",0.22625771338789,0.74951851850978,0.301870744751903
"vm(ID, ginv)_Np1_503172",0.916428499216525,0.759718220655569,1.20627421364954
"vm(ID, ginv)_Np1_501573",-0.146826989629499,0.768473286025731,-0.191063231864358
"vm(ID, ginv)_Np1_503328",0.095777914201789,0.781872006165353,0.122498201043834
"vm(ID, ginv)_Np1_501894",0.416193973933051,0.801741899067882,0.519112166168345
"vm(ID, ginv)_Np1_500315",0.178458413305716,0.755317563821366,0.236269381057213
"vm(ID, ginv)_Np1_504964",1.02107964102689,0.750335416475593,1.36083092788424
"vm(ID, ginv)_Np1_501804",1.13662308948557,0.738135825792431,1.53985628358485
"vm(ID, ginv)_Np1_500079",-0.190577411974094,0.829884554478084,-0.229643281039191
"vm(ID, ginv)_Np1_503933",0.30196115688893,0.800368377501956,0.377277720330964
"vm(ID, ginv)_Np1_503180",1.07203163839322,0.76206924638058,1.40673783056434
"vm(ID, ginv)_Np1_503464",0.81199493040543,0.683296251383275,1.18834975131448
"vm(ID, ginv)_Np1_501649",0.465255228043346,0.760755922729294,0.611569642960113
"vm(ID, ginv)_Np1_504933",-0.0340661811090576,0.77059086302234,-0.0442078705364431
"vm(ID, ginv)_Np1_504827",0.967337509030679,0.737053090828683,1.31243939014364
"vm(ID, ginv)_Np1_501049",1.2260508452865,0.757006255988454,1.61960464076429
"vm(ID, ginv)_Np1_503535",0.705828914149759,0.729815028134147,0.967133981817679
"vm(ID, ginv)_Np1_503536",1.2749435106367,0.757277691942686,1.68358783601036
"vm(ID, ginv)_Np1_503557",0.764719902048155,0.774832763628356,0.986948329943039
"vm(ID, ginv)_Np1_501933",0.695170792735392,0.779146324972199,0.892221102063462
"vm(ID, ginv)_Np1_500098",0.278486287634496,0.778792992420675,0.357587048605681
"vm(ID, ginv)_Np1_501538",1.01900940051055,0.758218411694203,1.34395232929469
"vm(ID, ginv)_Np1_504915",1.25451735643594,0.721620515799934,1.73847240892988
"vm(ID, ginv)_Np1_503223",0.365157818735123,0.847054780027601,0.431091149409752
"vm(ID, ginv)_Np1_500157",0.729478043039936,0.779531492633979,0.935790343216391
"vm(ID, ginv)_Np1_502973",0.871969363959049,0.763020182480982,1.14278676236822
"vm(ID, ginv)_Np1_504026",0.341884111244762,0.801934868957232,0.426324037623303
"vm(ID, ginv)_Np1_502173",0.614633733739997,0.780202346009473,0.787787600080523
"vm(ID, ginv)_Np1_503443",0.272063577729816,0.769411518549262,0.353599564304414
"vm(ID, ginv)_Np1_503901",0.862543082328777,0.784977345510996,1.09881270747666
"vm(ID, ginv)_Np1_503911",0.426469742694732,0.766483626754154,0.556397720458444
"vm(ID, ginv)_Np1_504188",0.596389906194473,0.752280742940826,0.79277571809569
"vm(ID, ginv)_Np1_504360",0.0156744264642858,0.814457217424996,0.0192452422655697
"vm(ID, ginv)_Np1_503504",0.366418787714873,0.820869286442062,0.446378971374433
"vm(ID, ginv)_Np1_502095",-0.283537401327508,0.750130688214775,-0.377984004363685
"vm(ID, ginv)_Np1_500295",0.1267612814102,0.797961784970783,0.158856330964322
"vm(ID, ginv)_Np1_502854",0.498985213216093,0.790079356375925,0.631563410927386
"vm(ID, ginv)_Np1_503139",0.61427392039236,0.831695580519027,0.738580238708274
"vm(ID, ginv)_Np1_500178",0.18178647080999,0.766884780550139,0.237045349471641
"vm(ID, ginv)_Np1_503983",0.985318869622376,0.79947021610887,1.23246476199959
"vm(ID, ginv)_Np1_500570",-0.473830980582433,0.765569987837861,-0.61892575219757
"vm(ID, ginv)_Np1_501158",0.383383169282076,0.7946565457095,0.482451407909535
"vm(ID, ginv)_Np1_500457",0.532996446532543,0.747324146739494,0.713206509996976
"vm(ID, ginv)_Np1_500051",-0.00238025699423475,0.776377952547154,-0.00306584825911859
"vm(ID, ginv)_Np1_504658",0.181869673317686,0.734432328534574,0.247632989795771
"vm(ID, ginv)_Np1_500182",0.482844852757622,0.819574940291234,0.589140576438373
"vm(ID, ginv)_Np1_502846",0.340625303579607,0.824465955638106,0.413146596594126
"vm(ID, ginv)_Np1_500080",1.17978875982309,0.725605431413805,1.62593705717491
"vm(ID, ginv)_Np1_503354",1.78097765389216,0.742194770981575,2.39960954122159
"vm(ID, ginv)_Np1_503643",-0.20201660729102,0.784352382937289,-0.25755847969059
"vm(ID, ginv)_Np1_504548",0.977921220641617,0.731845149410328,1.33624062607993
"vm(ID, ginv)_Np1_502930",0.796921395499631,0.772566901235177,1.03152412331607
"vm(ID, ginv)_Np1_501470",0.190235532466786,0.727836302841028,0.261371316220726
"vm(ID, ginv)_Np1_503087",1.20921325368328,0.749223867789458,1.61395452770478
"vm(ID, ginv)_Np1_503106",1.43127036751505,0.787501441366076,1.81748285442148
"vm(ID, ginv)_Np1_503102",0.126945966837364,0.753789370872863,0.168410396514831
"vm(ID, ginv)_Np1_500336",0.965937353662017,0.780731113187999,1.23722154445435
"vm(ID, ginv)_Np1_501695",0.487664026251003,0.727025651490895,0.670765914862785
"vm(ID, ginv)_Np1_502663",-0.201188460372483,0.745533285373419,-0.269858454772697
"vm(ID, ginv)_Np1_503046",0.161317004448295,0.743425984566083,0.216991345200896
"vm(ID, ginv)_Np1_503445",0.77929076584098,0.756234926718669,1.0304876676648
"vm(ID, ginv)_Np1_503222",0.289320042933375,0.799044245112579,0.362082631472569
"vm(ID, ginv)_Np1_502926",0.108079525151555,0.735610290894497,0.146924977110001
"vm(ID, ginv)_Np1_503363",1.00489444846856,0.793021047209802,1.26717248174462
"vm(ID, ginv)_Np1_504630",1.01940228204379,0.779442191941628,1.30786130463943
"vm(ID, ginv)_Np1_503689",0.670033862239509,0.722087385832912,0.927912431909663
"vm(ID, ginv)_Np1_503873",-0.271541481294306,0.775134754655894,-0.350315193149675
"vm(ID, ginv)_Np1_503553",0.60550679616528,0.747872811290085,0.809638734052622
"vm(ID, ginv)_Np1_502421",-0.100753194601534,0.776107489808223,-0.129818608794035
"vm(ID, ginv)_No_512001",0.589412887075646,0.806785948389622,0.730569103554838
"vm(ID, ginv)_No_512002",1.34640347896543,0.792544977178978,1.6988354197359
"vm(ID, ginv)_No_512003",0.754611335770678,0.806573916235853,0.935576170492004
"vm(ID, ginv)_No_512004",0.230173369909317,0.801198445035036,0.287286341274978
"vm(ID, ginv)_No_512005",0.75819728816124,0.811241450274931,0.934613594885082
"vm(ID, ginv)_No_512006",-0.780393627018349,0.769488435393095,-1.01417200197386
"vm(ID, ginv)_No_512007",0.982840803467623,0.817207103916219,1.20268264771274
"vm(ID, ginv)_No_512008",0.668773613048098,0.801903187660139,0.833982983656048
"vm(ID, ginv)_No_512009",-0.251504794240158,0.826086954665332,-0.304453172659104
"vm(ID, ginv)_No_512010",0.822616589628484,0.818423783473344,1.00512302579642
"vm(ID, ginv)_No_512011",0.934886395037054,0.789113350269578,1.18473017180317
"vm(ID, ginv)_No_512012",1.15036991302878,0.78963673235318,1.45683434659959
"vm(ID, ginv)_No_512013",1.21527777398161,0.81601217468434,1.489288777403
"vm(ID, ginv)_No_512014",0.808874964445807,0.808564496468532,1.00038397428855
"vm(ID, ginv)_No_512015",1.28131792526018,0.790787773569195,1.62030568514862
"vm(ID, ginv)_No_512016",0.0772962109906273,0.809838662463232,0.0954464322011012
"vm(ID, ginv)_No_512017",0.596061550301831,0.817312552440437,0.729294501255405
"vm(ID, ginv)_No_512018",0.908976443444627,0.833367329770877,1.09072723512516
"vm(ID, ginv)_No_512019",0.771136021434181,0.782320930663069,0.9857029145067
"vm(ID, ginv)_No_512020",1.11341734651484,0.817135856377733,1.36258534957759
"vm(ID, ginv)_No_512021",0.507500247012085,0.813741985011008,0.623662360256881
"vm(ID, ginv)_No_512022",0.173510360459849,0.804294054468746,0.215730005084343
"vm(ID, ginv)_No_512023",-0.234600391536832,0.799238520277837,-0.293529885740841
"vm(ID, ginv)_No_512024",-0.185646966818264,0.81993220191022,-0.226417460353133
"vm(ID, ginv)_No_512025",1.11898222718909,0.802455426119111,1.39444782945863
"vm(ID, ginv)_No_512026",-0.0613500254251839,0.788142238892837,-0.0778413113746663
"vm(ID, ginv)_No_512027",-0.192156511289926,0.806127015677052,-0.238370018065375
"vm(ID, ginv)_No_512028",1.30745924913325,0.795091416565381,1.644413738965
"vm(ID, ginv)_No_512029",-0.0358647696368383,0.818872188003394,-0.0437977625351829
"vm(ID, ginv)_No_512030",0.856832224701057,0.808024750260613,1.06040343990045
"vm(ID, ginv)_No_512031",0.309221926267562,0.826917486208876,0.373945322749474
"vm(ID, ginv)_No_512032",-0.421197185893473,0.813187653300158,-0.517958166462721
"vm(ID, ginv)_No_512033",-0.265187161969445,0.799927886216789,-0.331513835857919
"vm(ID, ginv)_No_512034",0.659336832900212,0.804261197907057,0.819804355371135
"vm(ID, ginv)_No_512035",0.618192969529891,0.7970860047606,0.775566207206914
"vm(ID, ginv)_No_512036",1.09522915068976,0.795570469815975,1.3766588784311
"vm(ID, ginv)_No_512037",0.572032505162049,0.796186450258535,0.718465511409168
"vm(ID, ginv)_No_512038",0.532481409218885,0.822783036659669,0.647171107684293
"vm(ID, ginv)_No_512039",1.03092808094219,0.801631964311892,1.28603664379466
"vm(ID, ginv)_No_512040",0.754399185091526,0.806289590858353,0.935642967049115
"vm(ID, ginv)_No_512041",0.976599256773704,0.794726757702543,1.22884909474664
"vm(ID, ginv)_No_512042",0.385606675394381,0.767192255570645,0.502620656809893
"vm(ID, ginv)_No_512043",0.222319308778229,0.802851966645863,0.276911956393443
"vm(ID, ginv)_No_512044",0.534324269038385,0.806897733728186,0.662195773644817
"vm(ID, ginv)_No_512045",0.588619549433097,0.802827531009479,0.733183064478325
"vm(ID, ginv)_No_512046",0.13137609958294,0.802286845750973,0.163752029936334
"vm(ID, ginv)_No_512047",0.422896274659643,0.817253929766746,0.517460068721043
"vm(ID, ginv)_No_512048",-0.00527240986522794,0.79724565036375,-0.00661328144320682
"vm(ID, ginv)_No_512049",0.323431680017782,0.817065765759013,0.395845345101847
"vm(ID, ginv)_No_512050",0.407866493711196,0.82891380976651,0.492049340842909
"vm(ID, ginv)_No_512051",0.621184579718541,0.770175746201441,0.806549132171801
"vm(ID, ginv)_No_512052",0.20195926946323,0.795531679652547,0.253867035881509
"vm(ID, ginv)_No_512053",0.770490740712296,0.814484425815599,0.945985848582373
"vm(ID, ginv)_No_512054",0.758327575970016,0.808973995327822,0.937394255377414
"vm(ID, ginv)_No_512055",0.21128437729902,0.819605752626706,0.257787816425016
"vm(ID, ginv)_No_512056",-0.161655806130848,0.784312121913511,-0.206111574224368
"vm(ID, ginv)_No_512057",0.845333937810032,0.825758677281147,1.02370578846757
"vm(ID, ginv)_No_512058",1.52606146449427,0.78962325878249,1.93264502725931
"vm(ID, ginv)_No_512059",0.702438222505643,0.828410337046674,0.847935124771465
"vm(ID, ginv)_No_512060",0.171914815286439,0.802243512726015,0.214292559004029
"vm(ID, ginv)_No_512061",0.629086370481359,0.79023919229564,0.796070830976969
"vm(ID, ginv)_No_512062",1.10529348739369,0.79992063000232,1.38175394650153
"vm(ID, ginv)_No_512063",0.423737316253149,0.79382332905154,0.533792974766098
"vm(ID, ginv)_No_512064",0.870342112532166,0.779692691195678,1.11626301279992
"vm(ID, ginv)_No_512065",0.258799254081069,0.810043124070477,0.319488242527878
"vm(ID, ginv)_No_512066",-0.120768410616614,0.808580107286529,-0.1493586220194
"vm(ID, ginv)_No_512067",0.690861601241011,0.804445089770194,0.858805168962334
"vm(ID, ginv)_No_512068",-0.443495749703038,0.802278145659576,-0.552795501288929
"vm(ID, ginv)_No_512069",0.650413189167726,0.793332388906295,0.819849533767807
"vm(ID, ginv)_No_512070",0.257684884571183,0.812510234561708,0.317146632263883
"vm(ID, ginv)_No_512071",0.844122650337783,0.778718964896982,1.083988818032
"vm(ID, ginv)_No_512072",-0.408560236544354,0.79435843397667,-0.514327310026841
"vm(ID, ginv)_No_512073",1.15889277172086,0.819505475387469,1.41413670381266
"vm(ID, ginv)_No_512074",-0.0227347359122143,0.80268122798228,-0.0283234927137429
"vm(ID, ginv)_No_512075",0.580944575414539,0.798358747738087,0.727673589173379
"vm(ID, ginv)_No_512076",0.31638851951547,0.786297614404797,0.402377565083885
"vm(ID, ginv)_No_512077",0.338755926232126,0.81564592296651,0.415322282247263
"vm(ID, ginv)_No_512078",0.680185867639854,0.808758262375649,0.841024938208204
"vm(ID, ginv)_No_512079",0.696995406308291,0.791434401911953,0.880673628319016
"vm(ID, ginv)_No_512080",1.62081320789269,0.814290767265327,1.99046000894244
"vm(ID, ginv)_No_512081",-0.247114798961576,0.819308818074051,-0.301613742596434
"vm(ID, ginv)_No_512082",0.154263545734868,0.826538571315233,0.186638048227314
"vm(ID, ginv)_No_512083",0.232284803840439,0.80284981740079,0.289325349281957
"vm(ID, ginv)_No_512084",-0.910196175197799,0.78071045950646,-1.16585625837932
"vm(ID, ginv)_No_512085",1.1390909723324,0.809706964919298,1.40679408932333
"vm(ID, ginv)_No_512086",0.386109523183602,0.820829300867698,0.470389547224307
"vm(ID, ginv)_No_512087",0.986694571067507,0.796602761008338,1.2386281084672
"vm(ID, ginv)_No_512088",1.34129338629877,0.788382899579833,1.70132227248157
"vm(ID, ginv)_No_512089",0.560058169350756,0.796038233824577,0.703556871458232
"vm(ID, ginv)_No_512090",-0.465539985958209,0.793163266444887,-0.586940930894153
"vm(ID, ginv)_No_512091",0.460686072799749,0.802384931390766,0.574145967573501
"vm(ID, ginv)_No_512092",0.535288465094051,0.815973376067183,0.656012169997539
"vm(ID, ginv)_No_512093",0.688723982944454,0.831009168214158,0.828780246100684
"vm(ID, ginv)_No_512094",-0.100295315244281,0.811741885987928,-0.123555673269487
"vm(ID, ginv)_No_512095",0.497753560131335,0.803594025647113,0.619409234321406
"vm(ID, ginv)_No_512096",1.4219172438162,0.797121099595111,1.7838158399501
"vm(ID, ginv)_No_512097",0.0415473012505262,0.776191856815564,0.0535271027204277
"vm(ID, ginv)_No_512098",0.408330280624272,0.805399266848286,0.506991125311254
"vm(ID, ginv)_No_512099",0.567272324796713,0.808588637512147,0.701558615196583
"vm(ID, ginv)_No_512100",0.0816529780508829,0.797295099007712,0.102412492128078
"vm(ID, ginv)_No_512101",-0.144788338634807,0.80690917149619,-0.17943573297889
"vm(ID, ginv)_No_512102",0.581697532084621,0.785194768492636,0.74083215455106
"vm(ID, ginv)_No_512103",0.439952579386982,0.800114670213257,0.549861908255876
"vm(ID, ginv)_No_512104",0.544402361593519,0.811978776672226,0.670463782101141
"vm(ID, ginv)_No_512105",0.302910291281796,0.802696899798053,0.377365717194129
"vm(ID, ginv)_No_512106",0.264292973111033,0.812303804154672,0.325362225018841
"vm(ID, ginv)_No_512107",0.773162058937451,0.790271990326393,0.978349313149925
"vm(ID, ginv)_No_512108",-0.0272012419247213,0.815306924891991,-0.0333631925527001
"vm(ID, ginv)_No_512109",0.231718313977764,0.81022569165211,0.285992306051507
"vm(ID, ginv)_No_512110",-0.0241304675426165,0.7828380039022,-0.0308243435070011
"vm(ID, ginv)_No_512111",0.473260211795919,0.813860167151756,0.581500644579
"vm(ID, ginv)_No_512112",0.634302420477062,0.78669767452334,0.806284855057422
"vm(ID, ginv)_No_512113",-0.0360243625885607,0.784930458159007,-0.045894973515301
"vm(ID, ginv)_No_512114",1.10782026809571,0.789094293937664,1.40391367243016
"vm(ID, ginv)_No_512115",1.17601590805659,0.820647247078998,1.43303461047665
"vm(ID, ginv)_No_512116",0.936067481489644,0.800716389171873,1.16903749460874
"vm(ID, ginv)_No_512117",1.05487927142448,0.802107295844533,1.31513486648168
"vm(ID, ginv)_No_512118",0.63186314580269,0.81357571233761,0.77664947001329
"vm(ID, ginv)_No_512119",0.100100958819848,0.820296894377964,0.122030157014986
"vm(ID, ginv)_No_512120",0.668928886991251,0.78449044310261,0.85269220660698
"vm(ID, ginv)_No_512121",-0.154319382410446,0.805499702113887,-0.191582171918205
"vm(ID, ginv)_No_512122",0.124080329256833,0.796231521674986,0.155834485170611
"vm(ID, ginv)_No_512123",0.244439875715813,0.787749692843767,0.310301454810332
"vm(ID, ginv)_No_512124",0.327623397763755,0.809675015559443,0.40463567662068
"vm(ID, ginv)_No_512125",0.697819395055217,0.80375725026672,0.86819670344952
"vm(ID, ginv)_No_512126",0.847846468425482,0.806651618744608,1.05106894813524
"vm(ID, ginv)_No_512127",0.763892987718143,0.794598485815657,0.961357215441966
"vm(ID, ginv)_No_512128",0.209082428221375,0.82013123724945,0.254937769377733
"vm(ID, ginv)_No_512129",0.120660883609941,0.803501345458386,0.150168863178574
"vm(ID, ginv)_No_512130",0.240503169824917,0.801378110117519,0.300111978089404
"vm(ID, ginv)_No_512131",0.0292619268424487,0.803855809248692,0.0364019597865415
"vm(ID, ginv)_No_512132",0.988248740511452,0.810964356281351,1.21860934189886
"vm(ID, ginv)_No_512133",0.61444816682007,0.811822341133336,0.7568751630588
"vm(ID, ginv)_No_512134",1.48518090890214,0.815744580018701,1.82064453173332
"vm(ID, ginv)_No_512135",0.158759494093605,0.789525487698258,0.201082164625799
"vm(ID, ginv)_No_512136",0.23245432190453,0.792116473309118,0.293459774840229
"vm(ID, ginv)_No_512137",0.0682566397400723,0.806572602436752,0.0846255371604005
"vm(ID, ginv)_No_512138",0.0710788724749681,0.790965038532393,0.0898634819648317
"vm(ID, ginv)_No_512139",0.663160422083559,0.797886533105883,0.831146277782276
"vm(ID, ginv)_No_512140",0.578031158702161,0.809547953564456,0.714017194604814
"vm(ID, ginv)_No_512141",0.174686314370953,0.810143490378033,0.215623919028764
"vm(ID, ginv)_No_512142",0.692883676184859,0.802302318109562,0.863619187611818
"vm(ID, ginv)_No_512143",0.431330827871993,0.79447988619417,0.542909688926443
"vm(ID, ginv)_No_512144",0.00951762472083473,0.798985184694707,0.0119121416806639
"vm(ID, ginv)_No_512145",0.513204200490211,0.825060863671183,0.622019808583166
"vm(ID, ginv)_No_512146",0.291202873665153,0.792377243725068,0.367505346690891
"vm(ID, ginv)_No_512147",0.249346312617962,0.809063869261663,0.308191135571918
"vm(ID, ginv)_No_512148",0.0155395188954587,0.839357828067227,0.0185135807111506
"vm(ID, ginv)_No_512149",-0.893110629795341,0.781002375192262,-1.14354406358301
"vm(ID, ginv)_No_512150",0.597561442121188,0.796661540229322,0.750081950672775
"vm(ID, ginv)_No_512151",-0.391496828195392,0.824772469914166,-0.4746725217879
"vm(ID, ginv)_No_512152",0.916868709000038,0.806169713474382,1.13731475355055
"vm(ID, ginv)_No_512153",-0.110122860489144,0.834168535426964,-0.132015121420011
"vm(ID, ginv)_No_512154",0.326366190677037,0.820232815455319,0.397894578865231
"vm(ID, ginv)_No_512155",-0.0109608796463462,0.796909760049122,-0.0137542293943929
"vm(ID, ginv)_No_512156",0.633797416249338,0.80590661417823,0.786440271241117
"vm(ID, ginv)_No_512157",0.604429030158536,0.787050362715587,0.76796741198753
"vm(ID, ginv)_No_512158",0.278167095029012,0.809002339260882,0.343839667117836
"vm(ID, ginv)_No_512159",0.691126000945642,0.793505217119038,0.870978521672356
"vm(ID, ginv)_No_512160",0.499469811390584,0.820168877527853,0.608984106902572
"vm(ID, ginv)_No_512161",0.813128402645398,0.810525313425235,1.00321160755506
"vm(ID, ginv)_No_512162",0.267434344553734,0.800212858410346,0.334204008024818
"vm(ID, ginv)_No_512163",0.685967387517473,0.798841808307623,0.858702411896444
"vm(ID, ginv)_No_512164",0.733277310554681,0.820704281992393,0.893473235907251
"vm(ID, ginv)_No_512165",0.581694247384495,0.811576117474566,0.716746383807585
"vm(ID, ginv)_No_512166",0.274441926962769,0.798334381714821,0.343768141832083
"vm(ID, ginv)_No_512167",1.19662395762018,0.802007237324716,1.49203635819024
"vm(ID, ginv)_No_512168",1.06862434190113,0.805118749134006,1.32728786039395
"vm(ID, ginv)_No_512169",0.120217693149793,0.79222225808881,0.151747431888383
"vm(ID, ginv)_No_512170",-0.322702682667283,0.796565168371862,-0.405117742377401
"vm(ID, ginv)_No_512171",0.417792264131551,0.803608524064985,0.519895261959374
"vm(ID, ginv)_No_512172",-0.884366341245427,0.812546607443863,-1.08838844829775
"vm(ID, ginv)_No_512173",0.164892605197665,0.819544216124356,0.201200376933226
"vm(ID, ginv)_No_512174",0.467169908959794,0.814917456037913,0.573272673813063
"vm(ID, ginv)_No_512175",0.415964832005243,0.809615307762642,0.513780838895888
"vm(ID, ginv)_No_512176",0.636513178985986,0.812681124777556,0.78322623668688
"vm(ID, ginv)_No_512177",0.471095215946686,0.793067895394105,0.594016248397726
"vm(ID, ginv)_No_512178",0.753526223977206,0.797800265505845,0.944504854857918
"vm(ID, ginv)_No_512179",-0.270610875468362,0.817132283964616,-0.331171440388323
"vm(ID, ginv)_No_512180",0.872189751865814,0.801170431225906,1.08864446049418
"vm(ID, ginv)_No_512181",-0.0435650801233866,0.819373467591145,-0.0531687708310381
"vm(ID, ginv)_No_512182",-0.0669514636553962,0.801400829906642,-0.0835430425785753
"vm(ID, ginv)_No_512183",0.798099681455184,0.795986589138471,1.00265468331445
"vm(ID, ginv)_No_512184",0.629833788437869,0.785844006030479,0.801474317554878
"vm(ID, ginv)_No_512185",0.635507279242517,0.817272023807306,0.777595782958496
"vm(ID, ginv)_No_512186",0.147839698658137,0.802944650004692,0.184121905111733
"vm(ID, ginv)_No_512187",0.326711439721813,0.817696607020793,0.399550929912939
"vm(ID, ginv)_No_512188",0.0796380625744977,0.801597174916847,0.0993492305942306
"vm(ID, ginv)_No_512189",1.25909444223147,0.824760240233,1.52661874422531
"vm(ID, ginv)_No_512190",0.936601710431183,0.797207168641296,1.17485359800196
"vm(ID, ginv)_No_512191",0.702494732207323,0.786445983031307,0.89325236235501
"vm(ID, ginv)_No_512192",-0.574067708617545,0.800292090210221,-0.717322732087417
"vm(ID, ginv)_No_512193",-0.202325084649109,0.767638445993786,-0.263568201547251
"vm(ID, ginv)_No_512194",0.153917892137424,0.82046537243982,0.187598279351776
"vm(ID, ginv)_No_512195",0.180914800839359,0.792553877593736,0.22826814170493
"vm(ID, ginv)_No_512196",0.525193254698101,0.804571165215808,0.652761716307879
"vm(ID, ginv)_No_512197",-0.681100753826168,0.805219291813,-0.845857471065588
"vm(ID, ginv)_No_512198",0.758722160527703,0.795383813470806,0.953906966269374
"vm(ID, ginv)_No_512199",0.680240871984623,0.795916582545749,0.854663524924765
"vm(ID, ginv)_No_512200",1.24963842753435,0.802782655991397,1.55663356477365
"vm(ID, ginv)_No_512201",-0.173136844208862,0.787358151825778,-0.219895918785347
"vm(ID, ginv)_No_512202",0.638371610818853,0.7768778986599,0.821714212645298
"vm(ID, ginv)_No_512203",0.390882550150576,0.805264121426918,0.48540912198837
"vm(ID, ginv)_No_512204",0.100210275031123,0.77559902426276,0.129203714672511
"vm(ID, ginv)_No_512205",-0.116111184794861,0.818156857945006,-0.14191799979102
"vm(ID, ginv)_No_512206",0.298156331198763,0.817838178301676,0.364566413147787
"vm(ID, ginv)_No_512207",0.382320729509851,0.811698568233916,0.471013187003273
"vm(ID, ginv)_No_512208",0.60809895578201,0.812393150023425,0.748527921197361
"vm(ID, ginv)_No_512209",0.596283787247941,0.796828838215317,0.748321042927433
"vm(ID, ginv)_No_512210",0.649226890917375,0.794050422493194,0.817614187369744
"vm(ID, ginv)_No_512211",0.54387946362432,0.82930421084547,0.655826241458292
"vm(ID, ginv)_No_512212",0.773721743960235,0.811959802002925,0.952906464152087
"vm(ID, ginv)_No_512213",-0.125882653342141,0.792162707416718,-0.158910097841705
"vm(ID, ginv)_No_512214",0.247537224875093,0.808205217645952,0.306280161858013
"vm(ID, ginv)_No_512215",-0.0954685587119029,0.812468715989414,-0.117504288882856
"vm(ID, ginv)_No_512216",0.921042372379279,0.813399785245723,1.13233663087462
"vm(ID, ginv)_No_512217",0.130352085847966,0.81663239729377,0.159621497114171
"vm(ID, ginv)_No_512218",0.0179924593569665,0.802184138503839,0.0224293382196815
"vm(ID, ginv)_No_512219",-0.0400261586732994,0.805354170991589,-0.0497000700002799
"vm(ID, ginv)_No_512220",1.00318968646961,0.797241126565458,1.25832656274443
"vm(ID, ginv)_No_512221",-0.126439769240139,0.800138151432251,-0.158022422770131
"vm(ID, ginv)_No_512222",0.421799786632709,0.818949561624286,0.515049774000881
"vm(ID, ginv)_No_512223",-0.291378488053142,0.791899995479374,-0.367948591635939
"vm(ID, ginv)_No_512224",1.3840336601761,0.817210469474313,1.69360735315396
"vm(ID, ginv)_No_512225",0.765715225547325,0.808526470248968,0.947050286815644
"vm(ID, ginv)_No_512226",0.652379406042876,0.791744205541567,0.823977493585364
"vm(ID, ginv)_No_512227",0.237679017861164,0.813622905911285,0.292124295093384
"vm(ID, ginv)_No_512228",0.455838480252611,0.810618683212915,0.562334041507506
"vm(ID, ginv)_No_512229",0.632076981881766,0.847594106539926,0.745730741878385
"vm(ID, ginv)_No_512230",1.08724988042265,0.790962844698361,1.37459033342746
"vm(ID, ginv)_No_512231",-0.296404768055744,0.7831023876025,-0.378500656808363
"vm(ID, ginv)_No_512232",-0.130498785718043,0.835136907665013,-0.156260350273476
"vm(ID, ginv)_No_512233",0.00971680175090509,0.820175258908847,0.0118472261207101
"vm(ID, ginv)_No_512234",-0.00642347192169884,0.829690335547693,-0.00774201126189881
"vm(ID, ginv)_No_512235",0.948386047368322,0.797664925028048,1.1889529269887
"vm(ID, ginv)_No_512236",0.565061924198757,0.826393399314725,0.683768680470254
"vm(ID, ginv)_No_512237",-0.153601043192858,0.810269725726163,-0.189567792447387
"vm(ID, ginv)_No_512238",-0.149723247015801,0.836200267418317,-0.179051900423396
"vm(ID, ginv)_No_512239",0.331052692906444,0.777042603976253,0.426041881374835
"vm(ID, ginv)_No_512240",0.384937322177628,0.808022204930844,0.476394484988904
"vm(ID, ginv)_No_512241",0.625641118441829,0.816301437193235,0.766433929839728
"vm(ID, ginv)_No_512242",0.797746960668259,0.819248712471919,0.973754305040305
"vm(ID, ginv)_No_512243",0.770452606817263,0.815459854179844,0.944807525309941
"vm(ID, ginv)_No_512244",-0.347277429604328,0.80534825072714,-0.431213986360279
"vm(ID, ginv)_No_512245",0.316764053671582,0.838508940262092,0.37777063363519
"vm(ID, ginv)_No_512246",0.162885638333751,0.808133958553601,0.201557720238961
"vm(ID, ginv)_No_512247",-0.822328940109995,0.802231783992797,-1.02505155806365
"vm(ID, ginv)_No_512248",0.47560575507379,0.808869017968069,0.587988592106719
"vm(ID, ginv)_No_512249",1.57172459913749,0.816443147327163,1.9250876246349
"vm(ID, ginv)_No_512250",1.16972331043857,0.818195194636978,1.42963845070926
"vm(ID, ginv)_No_512251",0.792303051321184,0.794861572691773,0.996781173655276
"vm(ID, ginv)_No_512252",0.469057729505924,0.810863978939156,0.578466600673996
"vm(ID, ginv)_No_512253",0.909346335038087,0.784359892266958,1.15934833486946
"vm(ID, ginv)_No_512254",1.02181192330885,0.793968779206709,1.28696738469968
"vm(ID, ginv)_No_512255",0.708570974926096,0.786667189105688,0.900725217396731
"vm(ID, ginv)_No_512256",0.280826126592735,0.840201154334376,0.334236777876378
"vm(ID, ginv)_No_512257",0.486952351430784,0.786859394376837,0.618855611193956
"vm(ID, ginv)_No_512258",0.375037892112101,0.808354747078663,0.463952111950182
"vm(ID, ginv)_No_512259",0.406399221711919,0.821005104972086,0.495002064238975
"vm(ID, ginv)_No_512260",-0.07613653510005,0.810734473726884,-0.0939105682160722
"vm(ID, ginv)_No_512261",0.652021546768859,0.805109173764084,0.809854822198209
"vm(ID, ginv)_No_512262",-0.872061119668302,0.817984743198241,-1.06610927272143
"vm(ID, ginv)_No_512263",0.421510383673652,0.80258094000747,0.525193613082474
"vm(ID, ginv)_No_512264",0.417242435862206,0.794544414691983,0.525134187777226
"vm(ID, ginv)_No_512265",1.05461058763382,0.797249070614154,1.32281193733021
"vm(ID, ginv)_No_512266",0.146749480148736,0.80950834031722,0.18128223372131
"vm(ID, ginv)_No_512267",-0.0423896745955614,0.794691684093776,-0.0533410320555956
"vm(ID, ginv)_No_512268",0.882792754460319,0.802605692690194,1.09990841393281
"vm(ID, ginv)_No_512269",-0.0458326957019764,0.807579805756779,-0.0567531473363512
"vm(ID, ginv)_No_512270",0.912846988615549,0.824281362203479,1.10744586796833
"vm(ID, ginv)_No_512271",0.216007370202986,0.790569014012844,0.273230251090358
"vm(ID, ginv)_No_512272",0.548913587679842,0.801179438825317,0.685131895652059
"vm(ID, ginv)_No_512273",0.304961686700029,0.833697738089861,0.365794067522297
"vm(ID, ginv)_No_512274",-0.560302396050168,0.816928260507741,-0.685864871049908
"vm(ID, ginv)_No_512275",0.338326027935563,0.823555971305471,0.410811213473762
"vm(ID, ginv)_No_512276",0.497798286817697,0.80027510630397,0.622033951695377
"vm(ID, ginv)_No_512277",0.0496240121715768,0.778166213608005,0.0637704532833579
"vm(ID, ginv)_No_512278",0.287556883154753,0.827924954946429,0.347322400945578
"vm(ID, ginv)_No_512279",-0.713188039909849,0.813334791967755,-0.876868968293347
"vm(ID, ginv)_No_512280",0.568620765099091,0.810164189257332,0.701858675857223
"vm(ID, ginv)_No_512281",0.0350053638456296,0.840253647670305,0.0416604723379491
"vm(ID, ginv)_No_512282",0.626345223848136,0.773277178508969,0.809987985234289
"vm(ID, ginv)_No_512283",1.06118756622094,0.822292307587479,1.29052352360483
"vm(ID, ginv)_No_512284",0.763347992262824,0.801621289312174,0.952255138979417
"vm(ID, ginv)_No_512285",0.522312033273332,0.810304377235194,0.644587451267993
"vm(ID, ginv)_No_512286",-0.00560628466558053,0.795698141107917,-0.00704574307258583
"vm(ID, ginv)_No_512287",0.294011772400761,0.826384391410795,0.355780887752281
"vm(ID, ginv)_No_512288",0.965099752008232,0.808236514693518,1.19408085933138
"vm(ID, ginv)_No_512289",1.05747700156995,0.814504441120255,1.29830722606683
"vm(ID, ginv)_No_512290",-0.273679913961628,0.787081416419092,-0.347714871997312
"vm(ID, ginv)_No_512291",0.765386529872674,0.792190057019067,0.966165282044498
"vm(ID, ginv)_No_512292",0.57231682087977,0.815001168088406,0.702228221613652
"vm(ID, ginv)_No_512293",1.27029503324799,0.821058165194286,1.54714377993842
"vm(ID, ginv)_No_512294",-0.0494446451868999,0.825074013796491,-0.0599275269371115
"vm(ID, ginv)_No_512295",-0.372382578517973,0.789968463916832,-0.471389169982332
"vm(ID, ginv)_No_512296",1.2634292907083,0.779669801104453,1.62046713739402
"vm(ID, ginv)_No_512297",0.148721670888173,0.795815852072101,0.186879502966597
"vm(ID, ginv)_No_512298",0.538471341963911,0.811451077156696,0.66359064288965
"vm(ID, ginv)_No_512299",0.76133211431509,0.825639570459806,0.922111950001497
"vm(ID, ginv)_No_512300",0.415156565887972,0.807726775429894,0.513981433470513
"vm(ID, ginv)_No_512301",-0.340201426089629,0.803261901970704,-0.423524911681964
"vm(ID, ginv)_No_512302",0.241814276904307,0.795355060469621,0.304033115425866
"vm(ID, ginv)_No_512303",1.38233729727166,0.796725273008723,1.73502378310588
"vm(ID, ginv)_No_512304",-0.404536513075549,0.819320545955378,-0.49374633050833
"vm(ID, ginv)_No_512305",0.848645950818842,0.787233128844989,1.07801097251072
"vm(ID, ginv)_No_512306",1.09999301212588,0.793015339971138,1.38710180835331
"vm(ID, ginv)_No_512307",0.42410395612585,0.822936134264595,0.515354641104494
"vm(ID, ginv)_No_512308",0.281877023460059,0.81930692686418,0.344043256827959
"vm(ID, ginv)_No_512309",0.3672326926734,0.809763017087419,0.453506377698347
"vm(ID, ginv)_No_512310",0.811781128685872,0.83293078796937,0.974608143210723
"vm(ID, ginv)_No_512311",0.778768624709967,0.805532415609856,0.966775029308253
"vm(ID, ginv)_No_512312",0.518458990300778,0.798055345862653,0.649652925688197
"vm(ID, ginv)_No_512313",0.914033942130305,0.808894924478985,1.12997858494296
"vm(ID, ginv)_No_512314",0.250770769047591,0.794929169454954,0.31546303580674
"vm(ID, ginv)_No_512315",0.28572333735002,0.808455910120762,0.353418577034511
"vm(ID, ginv)_No_512316",0.928295053639157,0.80415763058672,1.15436951454638
"vm(ID, ginv)_No_512317",0.236143476230691,0.819365399091808,0.288202890300755
"vm(ID, ginv)_No_512318",1.1432762043389,0.802396265153978,1.42482742503732
"vm(ID, ginv)_No_512319",1.0621763906857,0.799852012191224,1.32796614185646
"vm(ID, ginv)_No_512320",0.242746018261866,0.819720689695801,0.296132598961177
"vm(ID, ginv)_No_512321",0.675751801446317,0.796143708985115,0.848781185883804
"vm(ID, ginv)_No_512322",0.677768527811016,0.812905341260863,0.833760701780798
"vm(ID, ginv)_No_512323",0.836628778928835,0.818804324199924,1.02176888201748
"vm(ID, ginv)_No_512324",0.405747893767983,0.802203299678573,0.505791853424884
"vm(ID, ginv)_No_512325",0.622627107499087,0.791571515750379,0.786570884765682
"vm(ID, ginv)_No_512326",0.718161509987374,0.830638030108506,0.864590211326539
"vm(ID, ginv)_No_512327",-0.604359028184994,0.798274552661056,-0.75708166591351
"vm(ID, ginv)_No_512328",0.872613021264295,0.812408881594893,1.0741057133093
"vm(ID, ginv)_No_512329",0.999474433662932,0.830774915252075,1.20306284568025
"vm(ID, ginv)_No_512330",0.0509360181229265,0.817260396930149,0.062325322888832
"vm(ID, ginv)_No_512331",1.28828261639295,0.817114846788101,1.57662367959278
"vm(ID, ginv)_No_512332",0.739766730511119,0.804261457312829,0.919808755952078
"vm(ID, ginv)_No_512333",0.646515952068493,0.812370359755897,0.795838922856269
"vm(ID, ginv)_No_512334",0.196547835518749,0.801916209789946,0.245097721082646
"vm(ID, ginv)_No_512335",0.264329578091094,0.812655904230533,0.325266298706555
"vm(ID, ginv)_No_512336",0.674116628153809,0.804166684589267,0.838279726171593
"vm(ID, ginv)_No_512337",0.66166956434525,0.792422992979349,0.834995413065322
"vm(ID, ginv)_No_512338",0.217038108249772,0.817988355415064,0.265331537806113
"vm(ID, ginv)_No_512339",0.569011992446322,0.803243363078021,0.708393020847222
"vm(ID, ginv)_No_512340",-0.410338566016975,0.812604804988394,-0.50496694518418
"vm(ID, ginv)_No_512341",0.438183635811577,0.813054004215741,0.53893546251487
"vm(ID, ginv)_No_512342",0.467338084153687,0.813891594966844,0.574201880254981
"vm(ID, ginv)_No_512343",0.66548402142662,0.817827065235845,0.813722178826043
"vm(ID, ginv)_No_512344",0.348708641839551,0.776779938816074,0.448915612278858
"vm(ID, ginv)_No_512345",0.602879983338911,0.780053851751064,0.772869696092862
"vm(ID, ginv)_No_512346",0.712179652288733,0.80460515980557,0.885129362656373
"vm(ID, ginv)_No_512347",-0.0440000297990142,0.802690922090014,-0.0548156564228342
"vm(ID, ginv)_No_512348",1.15502490931996,0.81330136449065,1.42016841450072
"vm(ID, ginv)_No_512349",0.064627551187815,0.824389843461931,0.0783944049048676
"vm(ID, ginv)_No_512350",1.17112502978151,0.792792083094178,1.47721584858762
"vm(ID, ginv)_No_512351",-0.27068905434463,0.79593510379558,-0.340089352830141
"vm(ID, ginv)_No_512352",0.363761290838904,0.833112778274956,0.436629109917278
"vm(ID, ginv)_No_512353",0.945379732352465,0.801912990095311,1.17890562196792
"vm(ID, ginv)_No_512354",0.383827324265194,0.808424012600761,0.474784665327286
"vm(ID, ginv)_No_512355",0.502211068778135,0.82645514220203,0.607668877756669
"vm(ID, ginv)_No_512356",0.8944837943162,0.796767216083091,1.12264131387519
"vm(ID, ginv)_No_512357",0.510314632487904,0.810999807440616,0.62924137318648
"vm(ID, ginv)_No_512358",0.873651031181934,0.797418334552017,1.09559937780054
"vm(ID, ginv)_No_512359",-0.574150711581058,0.802991786386854,-0.715014426442031
"vm(ID, ginv)_No_512360",0.740345812041185,0.816522468998824,0.906705988077655
"vm(ID, ginv)_No_512361",0.66925154008127,0.798891230014886,0.83772548118822
"vm(ID, ginv)_No_512362",0.547456439156756,0.824172940775003,0.664249470071125
"vm(ID, ginv)_No_512363",0.136189245352919,0.790558063999065,0.17226975671338
"vm(ID, ginv)_No_512364",0.583905062356182,0.821999229332307,0.710347457175205
"vm(ID, ginv)_No_512365",0.275436313076738,0.813589579916348,0.33854454368142
"vm(ID, ginv)_No_512366",0.305848883210114,0.821581433407275,0.372268494361774
"vm(ID, ginv)_No_512367",0.488668817009599,0.79515144415641,0.614560686018795
"vm(ID, ginv)_No_512368",0.557583058935744,0.809522637399727,0.688780070100029
"vm(ID, ginv)_No_512369",-0.172016252448656,0.791451824366214,-0.217342669702486
"vm(ID, ginv)_No_512370",0.653765278251824,0.81506730355783,0.802099747343672
"vm(ID, ginv)_No_512371",0.745349637475809,0.806771573889592,0.923867004736351
"vm(ID, ginv)_No_512372",0.436911956337278,0.812130356575361,0.537982545289495
"vm(ID, ginv)_No_512373",1.04587499983279,0.812607986424279,1.287059710593
"vm(ID, ginv)_No_512374",0.85481382238811,0.788526690552752,1.08406453786478
"vm(ID, ginv)_No_512375",0.878426295771732,0.81573089314419,1.07685794807389
"vm(ID, ginv)_No_512376",0.463146101455179,0.807493675748139,0.57356003565734
"vm(ID, ginv)_No_512377",0.196855045828658,0.815697895701748,0.241333276530403
"vm(ID, ginv)_No_512378",0.889977721002823,0.797901731226832,1.11539765634349
"vm(ID, ginv)_No_512379",1.17591792334881,0.816010018825881,1.44105819318344
"vm(ID, ginv)_No_512380",-0.14772249950618,0.809135525403721,-0.182568302673985
"vm(ID, ginv)_No_512381",0.411227990465597,0.801611927771973,0.513001336704879
"vm(ID, ginv)_No_512382",0.475332716376104,0.79219468847574,0.600020074977642
"vm(ID, ginv)_No_512383",0.850208771237639,0.806392514157001,1.05433614066525
"vm(ID, ginv)_No_512384",0.483329666204823,0.781505894381541,0.618459399576653
"vm(ID, ginv)_No_512385",0.833927068560535,0.804475077995557,1.03661019635109
"vm(ID, ginv)_No_512386",-0.558326528169668,0.798492162973082,-0.699226058889309
"vm(ID, ginv)_No_512387",1.02746987059952,0.794013536907274,1.29402059642657
"vm(ID, ginv)_No_512388",-0.119291410849799,0.809663141638676,-0.147334619442309
"vm(ID, ginv)_No_512389",0.165960844632232,0.816056558216663,0.20336929219086
"vm(ID, ginv)_No_512390",-0.399734507816853,0.822126712665378,-0.486220070043573
"vm(ID, ginv)_No_512391",1.22790517762565,0.799623702131215,1.53560377756806
"vm(ID, ginv)_No_512392",-0.202901027951961,0.81279033671811,-0.249635138098758
"vm(ID, ginv)_No_512393",0.770703810740294,0.814630206300547,0.94607811591012
"vm(ID, ginv)_No_512394",1.29156646298883,0.804307281536024,1.605812222068
"vm(ID, ginv)_No_512395",0.502690078657119,0.792822339236516,0.63405135523957
"vm(ID, ginv)_No_512396",0.284618920764623,0.789734038452371,0.360398446700342
"vm(ID, ginv)_No_512397",-0.445680080417845,0.80373847436429,-0.554508829218798
"vm(ID, ginv)_No_512398",-0.271304579281581,0.807759909009853,-0.33587279618042
"vm(ID, ginv)_No_512399",-0.279265897036821,0.807748476923497,-0.345733733971832
"vm(ID, ginv)_No_512400",1.07145380943833,0.801297192804469,1.33714908658089
"vm(ID, ginv)_No_512401",1.02688218769749,0.817278809296156,1.25646496154947
"vm(ID, ginv)_No_512402",0.706725321255385,0.782822847612616,0.902790872048119
"vm(ID, ginv)_No_512403",0.644650747307455,0.792032342676854,0.813919725965623
"vm(ID, ginv)_No_512404",0.785197113553433,0.793231676077252,0.989871102269198
"vm(ID, ginv)_No_512405",-0.220035986331964,0.792242087995484,-0.2777383197208
"vm(ID, ginv)_No_512406",0.727500421901863,0.812159812522634,0.895760182521453
"vm(ID, ginv)_No_512407",0.481269937846924,0.785001226386789,0.613081765568848
"vm(ID, ginv)_No_512408",1.43024927281163,0.778556244553341,1.83705324158329
"vm(ID, ginv)_No_512409",0.480668213926469,0.800326938381258,0.600589822577594
"vm(ID, ginv)_No_512410",0.888574128634427,0.813008267153931,1.09294599395038
"vm(ID, ginv)_No_512411",0.071998497684361,0.816970808688256,0.088128604986466
"vm(ID, ginv)_No_512412",0.366785127511364,0.802976206678188,0.456782062109546
"vm(ID, ginv)_No_512413",0.260368523526725,0.813879723140866,0.319910321050793
"vm(ID, ginv)_No_512414",-0.195506322867408,0.800421315497031,-0.244254268448619
"vm(ID, ginv)_No_512415",0.730250252684879,0.784220196745341,0.931180114610096
"vm(ID, ginv)_No_512416",1.17325686116133,0.779963605631195,1.50424565029783
"vm(ID, ginv)_No_512417",0.826015556044727,0.790559638142461,1.04484913748642
"vm(ID, ginv)_No_512418",0.183288781437597,0.807566466627902,0.226964329268083
"vm(ID, ginv)_No_512419",1.5867563175466,0.79777231096367,1.98898394409036
"vm(ID, ginv)_No_512420",-0.0231606125296694,0.799387497413257,-0.0289729481692107
"vm(ID, ginv)_No_512421",1.29810555861017,0.795856718157568,1.63107947573192
"vm(ID, ginv)_No_512422",-0.09087457335975,0.82086749698636,-0.110705532492609
"vm(ID, ginv)_No_512423",1.30132764844589,0.798458183773506,1.62980062687294
"vm(ID, ginv)_No_512424",0.255250257603346,0.798607631479289,0.319619106482286
"vm(ID, ginv)_No_512425",0.444117165196991,0.788161077315912,0.563485279823047
"vm(ID, ginv)_No_512426",0.47917265658039,0.802816031908717,0.596864832707867
"vm(ID, ginv)_No_512427",-0.0618095332086827,0.800658236181,-0.077198398037474
"vm(ID, ginv)_No_512428",0.302967214277955,0.799941424213389,0.378736748851172
"vm(ID, ginv)_No_512429",0.85448440935095,0.805705339804227,1.06054207057704
"vm(ID, ginv)_No_512430",0.103577865798636,0.817777103440117,0.126657820771599
"vm(ID, ginv)_No_512431",-0.307266348409456,0.805501679017373,-0.381459600164072
"vm(ID, ginv)_No_512432",0.863404534319146,0.80763083311,1.0690584100094
"vm(ID, ginv)_No_512433",0.732033841649246,0.812128356821153,0.901377024334657
"vm(ID, ginv)_No_512434",1.90592210113973,0.809253664772737,2.35516029658632
"vm(ID, ginv)_No_512435",-0.794403005137995,0.784244254580898,-1.01295355432668
"vm(ID, ginv)_No_512436",-0.105608582242878,0.80196154905728,-0.131687837611445
"vm(ID, ginv)_No_512437",0.44551038276848,0.811067806583913,0.549288702069064
"vm(ID, ginv)_No_512438",0.952625131951902,0.815645472975424,1.16794019401197
"vm(ID, ginv)_No_512439",0.498074045394459,0.800948058465345,0.621855612396131
"vm(ID, ginv)_No_512440",0.943194688681636,0.803751662045185,1.1734901876055
"vm(ID, ginv)_No_512441",0.416285891603255,0.80825590064615,0.515042193036216
"vm(ID, ginv)_No_512442",0.250109240260026,0.799418400573174,0.312864002230497
"vm(ID, ginv)_No_512443",1.17485291755881,0.807911133013457,1.45418582508782
"vm(ID, ginv)_No_512444",0.230735712692366,0.833724001974963,0.276753112715706
"vm(ID, ginv)_No_512445",0.574824574758351,0.804249234096139,0.714734376345874
"vm(ID, ginv)_No_512446",-0.441411714445097,0.804375197415191,-0.548763457480471
"vm(ID, ginv)_No_512447",0.190604847641099,0.804713211595475,0.236860591940815
"vm(ID, ginv)_No_512448",0.428785705671319,0.819859368288762,0.522999092595959
"vm(ID, ginv)_No_512449",0.435162838868684,0.817943149340228,0.532020885827696
"vm(ID, ginv)_No_512450",0.971763163978785,0.785231736889218,1.23754952624372
"vm(ID, ginv)_No_512451",0.601265135498219,0.791398691771169,0.759749974001818
"vm(ID, ginv)_No_512452",0.489820792546429,0.809877528561056,0.604808474457508
"vm(ID, ginv)_No_512453",0.687402813025443,0.806254554246385,0.85258782031683
"vm(ID, ginv)_No_512454",0.547415133546603,0.800611468580491,0.683746305204929
"vm(ID, ginv)_No_512455",-0.306102878935334,0.819499779381883,-0.373524052887745
"vm(ID, ginv)_No_512456",0.596692675405476,0.792973877631012,0.752474567243097
"vm(ID, ginv)_No_512457",0.587271577293516,0.796703151079952,0.737127217957471
"vm(ID, ginv)_No_512458",1.35698588267761,0.8084075958855,1.67859120768307
"vm(ID, ginv)_No_512459",0.812605002220424,0.80725576247602,1.00662644974871
"vm(ID, ginv)_No_512460",-0.0905105213708021,0.817674541640544,-0.110692600492619
"vm(ID, ginv)_No_512461",0.279487634538852,0.820510398696199,0.340626559983836
"vm(ID, ginv)_No_512462",0.679639464269263,0.812744320897023,0.836227884704439
"vm(ID, ginv)_No_512463",-0.114563688503886,0.819347015514625,-0.13982315958267
"vm(ID, ginv)_No_512464",0.0779584854961223,0.811186030585086,0.0961043244789275
"vm(ID, ginv)_No_512465",0.162356907286282,0.792305761622275,0.204916984263563
"vm(ID, ginv)_No_512466",0.542285900866465,0.777140207686334,0.697796736680158
"vm(ID, ginv)_No_512467",0.788546577414279,0.79066435568465,0.997321520497105
"vm(ID, ginv)_No_512468",0.790658573949919,0.818556401598124,0.965918258541821
"vm(ID, ginv)_No_512469",0.996764926355965,0.769230746250826,1.29579444297322
"vm(ID, ginv)_No_512470",0.598149846166377,0.807816069697199,0.740453017220351
"vm(ID, ginv)_No_512471",0.57877888793007,0.824744411141733,0.701767578065596
"vm(ID, ginv)_No_512472",0.0785999844362896,0.794848466889004,0.0988867535266513
"vm(ID, ginv)_No_512473",-0.27591896994929,0.788504592751457,-0.349926902754594
"vm(ID, ginv)_No_512474",0.365091673916078,0.785551765245101,0.464758263005323
"vm(ID, ginv)_No_512475",0.920274021644664,0.815053062495487,1.12909706617998
"vm(ID, ginv)_No_512476",1.14253619588635,0.815783946540937,1.40053772905301
"vm(ID, ginv)_No_512477",-0.0464240684459688,0.799390368677815,-0.0580743404786748
"vm(ID, ginv)_No_512478",-0.271735067692558,0.825683198308486,-0.329103302876019
"vm(ID, ginv)_No_512479",-0.10821596556303,0.829024454939695,-0.130534105379197
"vm(ID, ginv)_No_512480",0.356370658788232,0.813454636141589,0.438095307291608
"vm(ID, ginv)_No_512481",-0.259263576639062,0.82716520600408,-0.313436269752603
"vm(ID, ginv)_No_512482",0.333855268871047,0.821441345072616,0.406426181094566
"vm(ID, ginv)_No_512483",0.783364778098842,0.78787908689157,0.994270302552974
"vm(ID, ginv)_No_512484",0.162453198070887,0.818717517773773,0.19842399184596
"vm(ID, ginv)_No_512485",0.250781371019154,0.81134626829058,0.309092900060444
"vm(ID, ginv)_No_512486",0.322359819607221,0.791455745218808,0.407299866801902
"vm(ID, ginv)_No_512487",-0.520479966856106,0.809111648550522,-0.643273357624398
"vm(ID, ginv)_No_512488",0.564651944332085,0.809283236576319,0.697718572203288
"vm(ID, ginv)_No_512489",0.0727579435614817,0.791399952156934,0.0919357442001132
"vm(ID, ginv)_No_512490",-0.141445958786981,0.79113002459449,-0.178789774613196
"vm(ID, ginv)_No_512491",0.434655709253148,0.812101089986389,0.535223649632625
"vm(ID, ginv)_No_512492",-0.750361196547952,0.805682687452477,-0.931335882269671
"vm(ID, ginv)_No_512493",0.534878176111046,0.80520067706699,0.664279342212409
"vm(ID, ginv)_No_512494",0.714373987419091,0.822584292167406,0.868450800995489
"vm(ID, ginv)_No_512495",0.480092243642598,0.821158170699878,0.584652580675672
"vm(ID, ginv)_No_512496",0.840587214968121,0.773498905949376,1.08673355385862
"vm(ID, ginv)_No_512497",0.464023903454779,0.812268493075661,0.571269115336173
"vm(ID, ginv)_No_512498",0.866661240076688,0.798960368385568,1.08473620766437
"vm(ID, ginv)_No_512499",-0.524662093604515,0.795020625147389,-0.659935197916718
"vm(ID, ginv)_No_512500",-1.37006287919879,0.793365640575187,-1.72689969054558
"vm(ID, ginv)_Nr_503922",-0.473003197933151,0.888783301209676,-0.53219181468573
"vm(ID, ginv)_Nr_501555",0.498037605010641,0.890568772685576,0.559235423794135
"vm(ID, ginv)_Nr_502927",0.207668459304137,0.866211982089454,0.239743230985104
"vm(ID, ginv)_Nr_504335",-0.195048019306062,0.883571698714389,-0.220749509734026
"vm(ID, ginv)_Nr_501177",0.519510424721057,0.890502599738464,0.5833901269616
"vm(ID, ginv)_Nr_504594",-0.324303487762521,0.886729259435138,-0.365729995161215
"vm(ID, ginv)_Nr_501327",-0.382028043938989,0.879818962677184,-0.434212105154592
"vm(ID, ginv)_Nr_502092",-0.131761700255804,0.888826045146499,-0.14824239340791
"vm(ID, ginv)_Nr_502976",-0.597879576528587,0.899347921266529,-0.66479230383566
"vm(ID, ginv)_Nr_500716",-0.130539447989755,0.881602349778909,-0.14807066703315
"vm(ID, ginv)_Nr_503346",0.189881470821602,0.876545665516239,0.216624733076253
"vm(ID, ginv)_Nr_504142",-0.351034497223354,0.890915705746249,-0.394015387717652
"vm(ID, ginv)_Nr_501316",0.129822347111837,0.894364558219992,0.145155961200225
"vm(ID, ginv)_Nr_504234",-1.35377742264783,0.869094055931085,-1.55768804700602
"vm(ID, ginv)_Nr_500616",0.622719077153594,0.868759584318867,0.716791029870276
"vm(ID, ginv)_Nr_503228",-0.647693590663376,0.887461082158502,-0.729827598848664
"vm(ID, ginv)_Nr_500360",-0.165700682778516,0.881292065710871,-0.188020168597408
"vm(ID, ginv)_Nr_501411",-0.223423268144217,0.885360901801705,-0.252352761105163
"vm(ID, ginv)_Nr_500080",1.17978875982309,0.725605431413806,1.62593705717491
"vm(ID, ginv)_Nr_503568",-0.327195611068236,0.888402624043872,-0.368296538318282
"vm(ID, ginv)_Nr_501214",-0.194620472023938,0.884698192333884,-0.219985158453324
"vm(ID, ginv)_Nr_501972",-0.0600367046628964,0.885318101577592,-0.0678137096213373
"vm(ID, ginv)_Nr_500093",-1.01316536550769,0.883648444864181,-1.14657064287984
"vm(ID, ginv)_Nr_502550",-0.113120475450791,0.890573641003057,-0.127019788417927
"vm(ID, ginv)_Nr_501842",-0.110740301767885,0.878487679824665,-0.12605788824493
"vm(ID, ginv)_Nr_500878",-0.513872574527297,0.882880476233104,-0.582040931202584
"vm(ID, ginv)_Nr_503354",1.78097765389216,0.742194770981575,2.39960954122158
"vm(ID, ginv)_Nr_503094",-0.336742731107702,0.890812572883824,-0.378017488030694
"vm(ID, ginv)_Nr_500017",-0.226966890104466,0.888974553780906,-0.255313146072799
"vm(ID, ginv)_Nr_501081",-0.227217345091767,0.887094111211047,-0.256136685183913
"vm(ID, ginv)_Nr_503603",-0.04022179835524,0.890436584468413,-0.0451708735431757
"vm(ID, ginv)_Nr_502631",-0.648126236096847,0.89359452784068,-0.725302378096481
"vm(ID, ginv)_Nr_500580",0.23334643493584,0.89016742053538,0.262137694048045
"vm(ID, ginv)_Nr_501648",-0.399351848115972,0.890437966235133,-0.44848924154085
"vm(ID, ginv)_Nr_503600",-0.338932656689642,0.886786588603114,-0.382203182868988
"vm(ID, ginv)_Nr_501930",-0.376059341943634,0.873151726628881,-0.430691860847081
"vm(ID, ginv)_Nr_504034",-0.27834642897079,0.890982322099883,-0.312403986102416
"vm(ID, ginv)_Nr_503646",0.357331393481259,0.885206984193784,0.403669875929305
"vm(ID, ginv)_Nr_502404",-0.0135730287348186,0.889126101296543,-0.0152655834926296
"vm(ID, ginv)_Nr_502946",-0.567533574390232,0.896912038379922,-0.632763916755269
"vm(ID, ginv)_Nr_501380",-0.136429713847518,0.884140784560785,-0.15430768066569
"vm(ID, ginv)_Nr_502271",-0.529622636124417,0.889351603437167,-0.595515467760479
"vm(ID, ginv)_Nr_502036",-0.478612466575751,0.892828073714139,-0.536063415417413
"vm(ID, ginv)_Nr_500327",-0.0954859283428237,0.889267719317782,-0.107375907466963
"vm(ID, ginv)_Nr_501132",-0.433819212089632,0.885071992529499,-0.490151327520594
"vm(ID, ginv)_Nr_500439",-0.325272608831259,0.882993266712016,-0.368374959463133
"vm(ID, ginv)_Nr_501199",-0.354967481621485,0.890347273551712,-0.398684302368303
"vm(ID, ginv)_Nr_501049",1.2260508452865,0.757006255988454,1.61960464076429
"vm(ID, ginv)_Nr_504995",-0.234393610182098,0.889343260908078,-0.263558088856228
"vm(ID, ginv)_Nr_503693",-0.632104612862989,0.880708530085845,-0.717722823465075
"vm(ID, ginv)_Nr_503635",-0.606036048447774,0.879349645882971,-0.689186663445167
"vm(ID, ginv)_Nr_503961",-0.331983906444227,0.889229810698861,-0.373338705529131
"vm(ID, ginv)_Nr_502241",-0.809488951157137,0.87948707063569,-0.920410291616956
"vm(ID, ginv)_Nr_503278",-0.626840181947249,0.884344219739644,-0.708819222148355
"vm(ID, ginv)_Nr_502248",-0.28910835162092,0.889389536557791,-0.325063810329788
"vm(ID, ginv)_Nr_503703",-0.795305415194161,0.877295124241658,-0.906542614016727
"vm(ID, ginv)_Nr_500986",-0.196424643854985,0.889285596330024,-0.220879146885552
"vm(ID, ginv)_Nr_500161",-0.449842856572607,0.881215407317812,-0.510480017526941
"vm(ID, ginv)_Nr_502798",-0.430472801849957,0.896575147372308,-0.480130196684117
"vm(ID, ginv)_Nr_502377",-0.467826052266623,0.891285688161529,-0.524888998533811
"vm(ID, ginv)_Nr_502606",-0.119424816264289,0.897022910995163,-0.133134633241193
"vm(ID, ginv)_Nr_502267",-0.773498158407218,0.899812379037356,-0.859621601599578
"vm(ID, ginv)_Nr_504342",-0.22195358512361,0.886007618491696,-0.250509793021255
"vm(ID, ginv)_Nr_500278",0.128421767117797,0.88842951934292,0.144549189690115
"vm(ID, ginv)_Nr_504969",-0.867444133505982,0.88745081812738,-0.977456007462347
"vm(ID, ginv)_Nr_504405",-0.10004048556234,0.879815487286849,-0.113706211140749
"vm(ID, ginv)_Nr_501610",-0.144142450143704,0.852300221800356,-0.169121685594806
"vm(ID, ginv)_Nr_503060",-0.554605868939824,0.895447125856313,-0.619361939890596
"vm(ID, ginv)_Nr_504366",-0.912279900192058,0.890789827861296,-1.02412473925792
"vm(ID, ginv)_Nr_503591",0.0489664788933227,0.89194973706236,0.0548982491486505
"vm(ID, ginv)_Nr_501301",0.0776615535168024,0.892629185863824,0.0870031528732135
"vm(ID, ginv)_Nr_502656",-0.942246418551389,0.897495488701108,-1.0498620109111
"vm(ID, ginv)_Nr_501309",-0.960729224695272,0.885900523984515,-1.08446625629501
"vm(ID, ginv)_Nr_504068",-0.194070808550441,0.897323259787811,-0.216277474626404
"vm(ID, ginv)_Nr_504770",-0.705886595409646,0.890320014684708,-0.792845924798876
"vm(ID, ginv)_Nr_504460",-0.314462229289597,0.884387603954986,-0.355570598098978
"vm(ID, ginv)_Nr_503880",-0.401477314119433,0.886322909559481,-0.452969577779474
"vm(ID, ginv)_Nr_501431",0.0309087778602188,0.8671129123653,0.035645620563885
"vm(ID, ginv)_Nr_500185",-0.101469578903374,0.887137816781685,-0.114378597083687
"vm(ID, ginv)_Nr_504645",-0.719209722823231,0.886507137910294,-0.811284751207506
"vm(ID, ginv)_Nr_504841",-0.512076841860201,0.878522556055163,-0.582884114165018
"vm(ID, ginv)_Nr_502931",-0.793925226823967,0.886475027103767,-0.895597961081687
"vm(ID, ginv)_Nr_502062",0.725235930286805,0.90292467386531,0.80320756678645
"vm(ID, ginv)_Nr_503400",-0.224912773922951,0.878464906063065,-0.25602932157065
"vm(ID, ginv)_Nr_501816",0.112609863392246,0.888005593136743,0.126812110489608
"vm(ID, ginv)_Nr_500299",0.385209723427033,0.890226204467957,0.432709935400355
"vm(ID, ginv)_Nr_500883",0.00546307345017425,0.911862738017802,0.00599111381834707
"vm(ID, ginv)_Nr_504632",-0.472978641335574,0.894000007895259,-0.529058878253375
"vm(ID, ginv)_Nr_501198",-1.40768071750114,0.88017766626452,-1.59931428784753
"vm(ID, ginv)_Nr_500137",-0.0440315478617044,0.892894521164521,-0.0493132691689922
"vm(ID, ginv)_Nr_501323",-0.180261385209971,0.9064805961972,-0.198858514971187
"vm(ID, ginv)_Nr_503960",-0.0990043381798808,0.883480386281325,-0.112061727365111
"vm(ID, ginv)_Nr_500858",-0.326632920109881,0.889948636110981,-0.367024462824334
"vm(ID, ginv)_Nr_502973",0.87196936395905,0.763020182480982,1.14278676236822
"vm(ID, ginv)_Nr_500045",-0.16426408347209,0.886431134679486,-0.185309469676383
"vm(ID, ginv)_Nr_503859",-0.282860187827048,0.882689691485414,-0.320452578698459
"vm(ID, ginv)_Nr_501814",-0.333640913564428,0.890977589179917,-0.374466111848583
"vm(ID, ginv)_Nr_500102",-0.738290262822695,0.89255893233889,-0.827161362766327
"vm(ID, ginv)_Nr_500476",0.193424323505592,0.88834769856751,0.217734929484812
"vm(ID, ginv)_Nr_501395",-0.406956809353108,0.877662234070867,-0.463682717057925
"vm(ID, ginv)_Nr_504203",-0.189196885840591,0.893625378104528,-0.211718344707149
"vm(ID, ginv)_Nr_503084",-0.218188564437,0.898395638432656,-0.242864674652308
"vm(ID, ginv)_Nr_504703",-0.247425658696464,0.882201416121938,-0.280463910139841
"vm(ID, ginv)_Nr_504862",-0.203282503759651,0.88059451034328,-0.230846889654588
"vm(ID, ginv)_Nr_504048",-0.641383941728924,0.893106284521594,-0.718149623224845
"vm(ID, ginv)_Nr_504494",-0.528466789115486,0.888391543705358,-0.594857968718753
"vm(ID, ginv)_Nr_501735",-0.588130175470617,0.871675133233689,-0.674712577022596
"vm(ID, ginv)_Nr_503716",0.0775993804794332,0.890306592417657,0.0871602896578689
"vm(ID, ginv)_Nr_501246",0.147804358934078,0.885168187373354,0.166978842035289
"vm(ID, ginv)_Nr_503001",-0.583787423661086,0.880282989737086,-0.663181534196685
"vm(ID, ginv)_Nr_502569",-0.262286603865828,0.884208491230212,-0.296634341863088
"vm(ID, ginv)_Nr_504860",0.106383707526683,0.884860641162755,0.120226510907853
"vm(ID, ginv)_Nr_503581",-0.124454340983025,0.88213010409281,-0.141083883664774
"vm(ID, ginv)_Nr_501907",-0.392986113786998,0.894435120746172,-0.439367937004927
"vm(ID, ginv)_Nr_504030",-0.588920725016757,0.893965105617214,-0.658773727650313
"vm(ID, ginv)_Nr_502155",-0.390156706718673,0.89127570965664,-0.437750858114353
"vm(ID, ginv)_Nr_501766",-0.0327307144267021,0.882954844937259,-0.0370695224273081
"vm(ID, ginv)_Nr_503250",0.164757991840569,0.876415064217897,0.187990825999319
"vm(ID, ginv)_Nr_503545",0.234184568414859,0.89593417396035,0.261385908944269
"vm(ID, ginv)_Nr_504488",-0.573665788040246,0.88969186943841,-0.644791537099642
"vm(ID, ginv)_Nr_504902",-0.376584631480951,0.887987461397654,-0.42408778034796
"vm(ID, ginv)_Nr_501156",-0.161379334719796,0.883290053224049,-0.182702538232774
"vm(ID, ginv)_Nr_500162",-0.00229124997516557,0.889358441749486,-0.00257629530187893
"vm(ID, ginv)_Nr_504422",0.276746584306212,0.888091700454892,0.311619379129947
"vm(ID, ginv)_Nr_502662",-0.0705128045307986,0.889131675014353,-0.0793052441075843
"vm(ID, ginv)_Nr_501482",-0.523584523432608,0.883319096880199,-0.592746749483691
"vm(ID, ginv)_Nr_504227",-0.223967584042343,0.885180523234526,-0.253019105327743
"vm(ID, ginv)_Nr_504981",-0.0663243804953385,0.898200340006199,-0.0738414110318426
"vm(ID, ginv)_Nr_504033",-0.650173816104089,0.888189786616356,-0.73202127056762
"vm(ID, ginv)_Nr_500152",-0.941150464897811,0.883009082548154,-1.06584460284584
"vm(ID, ginv)_Nr_500344",-0.595009343949339,0.886243962231722,-0.671383241304119
"vm(ID, ginv)_Nr_502104",-1.14216269222576,0.88489338499688,-1.29073480669062
"vm(ID, ginv)_Nr_503851",-0.0328923363931594,0.886206516748138,-0.0371158818757676
"vm(ID, ginv)_Nr_503405",-0.529027103739725,0.878522463337438,-0.602178231994197
"vm(ID, ginv)_Nr_501541",-0.627748010969632,0.884384647163108,-0.709813329509162
"vm(ID, ginv)_Nr_504320",-0.3981799574503,0.886075051489082,-0.449374978768608
"vm(ID, ginv)_Nr_500756",-0.221118028309215,0.886699745536744,-0.249371931617468
"vm(ID, ginv)_Nr_504624",-0.396783000321946,0.873326157542449,-0.454335412829611
"vm(ID, ginv)_Nr_501061",0.0331356535763888,0.884242742014646,0.0374734809820356
"vm(ID, ginv)_Nr_500998",-0.114286966143391,0.891949422845301,-0.128131666679954
"vm(ID, ginv)_Nr_500252",-0.145988779490632,0.878100964342799,-0.166255118054557
"vm(ID, ginv)_Nr_501757",0.208727204285379,0.874308764309277,0.238733972260106
"vm(ID, ginv)_Nr_500807",-0.536402178977113,0.8928902902903,-0.600748137604583
"vm(ID, ginv)_Nr_502677",-0.690423193968057,0.886368053580103,-0.778935106222961
"vm(ID, ginv)_Nr_502181",0.218235651031769,0.893264004626259,0.244312599524347
"vm(ID, ginv)_Nr_504214",-0.0610531875356863,0.888406575889942,-0.0687221247484887
"vm(ID, ginv)_Nr_504438",-0.328521776336962,0.881306811919563,-0.372766636878039
"vm(ID, ginv)_Nr_503261",-0.399387936835739,0.887844690793306,-0.449839866113158
"vm(ID, ginv)_Nr_502207",0.129961311451734,0.89176577550976,0.145734805058474
"vm(ID, ginv)_Nr_502966",-0.287349501611853,0.893796146767225,-0.32149333228966
"vm(ID, ginv)_Nr_504176",-0.282214697156329,0.895872018014858,-0.315016756279186
"vm(ID, ginv)_Nr_500871",-0.0942456429201518,0.888487317030177,-0.106074269281832
"vm(ID, ginv)_Nr_504617",-0.864023626762608,0.889732631203057,-0.971104797622533
"vm(ID, ginv)_Nr_502622",-1.05299803806149,0.887087292046845,-1.18702865828663
"vm(ID, ginv)_Nr_501959",0.893403640060695,0.762444670658962,1.17176193164095
"vm(ID, ginv)_Nr_502059",-0.527059112117361,0.886489120527489,-0.594546622076698
"vm(ID, ginv)_Nr_502529",-0.0767189462981047,0.89132654429944,-0.0860727718575955
"vm(ID, ginv)_Nr_501400",-0.756606467362592,0.873126461873824,-0.866548547548122
"vm(ID, ginv)_Nr_501416",-0.253108988463464,0.894701293737427,-0.282897756195428
"vm(ID, ginv)_Nr_503078",-0.429783540312622,0.886062121221631,-0.485048993765889
"vm(ID, ginv)_Nr_503248",-0.466245146473954,0.877755022794682,-0.531179126710637
"vm(ID, ginv)_Nr_503783",-0.130525784676907,0.882409791456167,-0.147919692121175
"vm(ID, ginv)_Nr_500811",-0.718436132040232,0.87461334882892,-0.821432845727996
"vm(ID, ginv)_Nr_503196",-0.636993897301749,0.89121043494192,-0.714751390162147
"vm(ID, ginv)_Nr_501873",1.23174374560165,0.759532431867352,1.62171316710379
"vm(ID, ginv)_Nr_504232",-0.108352178475775,0.886396234802452,-0.122238987736589
"vm(ID, ginv)_Nr_500850",0.0804225290083604,0.875992612697718,0.091807314174363
"vm(ID, ginv)_Nr_500546",-0.0731889031081849,0.862382944902168,-0.0848682172355434
"vm(ID, ginv)_Nr_500650",-0.271609135563987,0.907693441216116,-0.299230029909755
"vm(ID, ginv)_Nr_501045",-0.262274391518555,0.88585070180657,-0.296070648229643
"vm(ID, ginv)_Nr_502347",-0.180588573443462,0.889398976375316,-0.203045627710792
"vm(ID, ginv)_Nr_503796",0.237336778618681,0.890345589963951,0.26656702890873
"vm(ID, ginv)_Nr_504675",-0.796020279051789,0.886408457140797,-0.898028750334169
"vm(ID, ginv)_Nr_501500",-0.0821671191705268,0.888870394258492,-0.0924399324145246
"vm(ID, ginv)_Nr_501996",-0.0819386434415473,0.881930827160808,-0.0929082428214146
"vm(ID, ginv)_Nr_504174",0.0448560092817397,0.879628659381316,0.0509942562731971
"vm(ID, ginv)_Nr_502680",-0.0407096012960768,0.89043431535912,-0.0457188145086909
"vm(ID, ginv)_Nr_500597",-0.249775872818848,0.876370113732903,-0.2850118561836
"vm(ID, ginv)_Nr_503911",0.426469742694732,0.766483626754153,0.556397720458444
"vm(ID, ginv)_Nr_502046",-1.21976704541311,0.885051894044821,-1.37818703470436
"vm(ID, ginv)_Nr_502299",-1.14737594597165,0.88146008518684,-1.30167657645944
"vm(ID, ginv)_Nr_502894",-0.331319970714391,0.889027255028776,-0.372676955447971
"vm(ID, ginv)_Nr_503831",0.187033522508787,0.889969045188943,0.210157334707163
"vm(ID, ginv)_Nr_503941",-0.429582323863509,0.885030747303014,-0.485386892119388
"vm(ID, ginv)_Nr_502763",-0.73388197027134,0.888536674612004,-0.825944489676583
"vm(ID, ginv)_Nr_500281",0.187165279794734,0.859557343543245,0.217746123863251
"vm(ID, ginv)_Nr_500169",-0.643766487353375,0.888199239454244,-0.724799638140805
"vm(ID, ginv)_Nr_500908",-0.187887444457243,0.899963510453679,-0.208772291626054
"vm(ID, ginv)_Nr_501456",-0.015869570030679,0.882723797517845,-0.0179779564970414
"vm(ID, ginv)_Nr_502724",-0.0641302021273268,0.889117100579247,-0.0721279593942653
"vm(ID, ginv)_Nr_503135",-0.616607337731745,0.891116091580839,-0.691949504175022
"vm(ID, ginv)_Nr_503524",-0.479681094748371,0.885936236970521,-0.541439750098327
"vm(ID, ginv)_Nr_501167",-0.331450371120453,0.876463354729773,-0.378167973973818
"vm(ID, ginv)_Nr_504562",-0.420099562855495,0.896860979892995,-0.468411016059164
"vm(ID, ginv)_Nr_500928",-0.166436515047875,0.888099884418823,-0.187407427889479
"vm(ID, ginv)_Nr_500628",-0.502500423869541,0.895101832807594,-0.56138911289388
"vm(ID, ginv)_Nr_503294",0.276609215937581,0.898042184823219,0.308013610732587
"vm(ID, ginv)_Nr_503919",-1.33214615492054,0.903500369954098,-1.47442790199213
"vm(ID, ginv)_Nr_503054",-0.522363491475912,0.876737805423912,-0.595803543823851
"vm(ID, ginv)_Nr_503392",0.148324884639332,0.881694072576803,0.16822715412597
"vm(ID, ginv)_Nr_500759",0.286719051612593,0.898051429323244,0.319267964228573
"vm(ID, ginv)_Nr_504694",-0.389124080761473,0.889201661131446,-0.437610609348548
"vm(ID, ginv)_Nr_502229",-0.0512618796022014,0.889836686058063,-0.0576081885646784
"vm(ID, ginv)_Nr_500497",-0.620201456604818,0.893920651195429,-0.693799226783082
"vm(ID, ginv)_Nr_500687",0.0487585150712767,0.89149461265461,0.0546930002483
"vm(ID, ginv)_Nr_502657",0.336462723625194,0.895561150882136,0.375700445797337
"vm(ID, ginv)_Nr_504050",-0.872987349062987,0.890006900511989,-0.980877056751794
"vm(ID, ginv)_Nr_503508",-0.771146604196766,0.895540426170482,-0.861096363337107
"vm(ID, ginv)_Nr_502012",-0.212493394681415,0.88219520073405,-0.240868908042806
"vm(ID, ginv)_Nr_503121",0.0909936379700909,0.891093768086238,0.102114548691676
"vm(ID, ginv)_Nr_503217",-0.341894613276027,0.883867851765625,-0.386816437087348
"vm(ID, ginv)_Nr_504879",-0.6420140386155,0.892775014815174,-0.719121870529064
"vm(ID, ginv)_Nr_501534",-0.35032397291682,0.892694561015103,-0.392434308682758
"vm(ID, ginv)_Nr_504710",-0.563546625077451,0.940558464507121,-0.59916171757889
"vm(ID, ginv)_Nr_504682",-0.623116816041056,0.888793152363878,-0.701081927087067
"vm(ID, ginv)_Nr_502275",-0.671559073495002,0.879594741697396,-0.763486912392248
"vm(ID, ginv)_Nr_501182",-0.824764120408278,0.88618409780448,-0.930691627678301
"vm(ID, ginv)_Nr_504668",-0.81936522589553,0.892755675189971,-0.917793354515697
"vm(ID, ginv)_Nr_501537",-0.482869752813625,0.878593064112421,-0.549594314520833
"vm(ID, ginv)_Nr_500310",0.451384867501566,0.88264923108118,0.511397791565119
"vm(ID, ginv)_Nr_504313",-0.514756944727349,0.892401662990447,-0.576822036617898
"vm(ID, ginv)_Nr_501189",-0.534116701675518,0.896953793205682,-0.595478502595549
"vm(ID, ginv)_Nr_501726",-0.586237964647145,0.887592102706562,-0.660481276094628
"vm(ID, ginv)_Nr_502598",-0.657017290979213,0.882685165994469,-0.744339336709018
"vm(ID, ginv)_Nr_500888",-0.276778561041829,0.880459006821687,-0.314357123838115
"vm(ID, ginv)_Nr_501423",-0.674002022556931,0.892561661827872,-0.755132167761548
"vm(ID, ginv)_Nr_504130",-0.59481808176163,0.883956489740171,-0.672904253394271
"vm(ID, ginv)_Nr_500334",-0.142388194959378,0.887688486417645,-0.160403336460969
"vm(ID, ginv)_Nr_500016",-0.581582466855475,0.889367192426341,-0.653928401911051
"vm(ID, ginv)_Nr_500646",0.0867015077180228,0.885880902058993,0.0978703881261109
"vm(ID, ginv)_Nr_502289",-0.52431255692975,0.904930556563203,-0.579395350424472
"vm(ID, ginv)_Nr_501656",-0.344483603749427,0.902896569772357,-0.381531634167444
"vm(ID, ginv)_Nr_504455",-0.0344303584554688,0.860270206503912,-0.0400227256449945
"vm(ID, ginv)_Nr_501140",-0.0907282394429964,0.888095358557891,-0.102160470234101
"vm(ID, ginv)_Nr_502941",-0.711682294567935,0.88521592222287,-0.803964633601287
"vm(ID, ginv)_Nr_503473",0.0413417150619233,0.89578410451327,0.0461514273959869
"vm(ID, ginv)_Nr_501184",0.584166068954498,0.762128890519633,0.766492487322195
"vm(ID, ginv)_Nr_502004",-0.0611300455051998,0.891642040965126,-0.0685589538140572
"vm(ID, ginv)_Nr_500194",-0.507049680849761,0.897257368250583,-0.565110634687097
"vm(ID, ginv)_Nr_502652",-0.143794720615532,0.88468117886334,-0.162538464761151
"vm(ID, ginv)_Nr_502857",-0.605123722923333,0.882355346473688,-0.685805016472893
"vm(ID, ginv)_Nr_503384",0.111115637293053,0.886296243253899,0.125370764164711
"vm(ID, ginv)_Nr_504491",-0.0247742363186853,0.888425165661908,-0.0278855634399186
"vm(ID, ginv)_Nr_503338",-0.30128513950796,0.888235332625752,-0.339195175469229
"vm(ID, ginv)_Nr_500944",0.162511344531223,0.890355888270998,0.182524029629104
"vm(ID, ginv)_Nr_501038",0.0113508463488176,0.882905140601708,0.012856246754982
"vm(ID, ginv)_Nr_503932",-0.469138669529304,0.886108050494745,-0.529437317793657
"vm(ID, ginv)_Nr_501619",-0.919372693740563,0.882969188295481,-1.04122851162605
"vm(ID, ginv)_Nr_504420",0.017292174285585,0.882286395160644,0.019599275677867
"vm(ID, ginv)_Nr_503237",-0.409540983864236,0.882208576702685,-0.464222401231831
"vm(ID, ginv)_Nr_500361",-0.894189851749625,0.888969666418811,-1.00587217486491
"vm(ID, ginv)_Nr_502164",-0.91823611196945,0.880844686780962,-1.04244950982804
"vm(ID, ginv)_Nr_500997",-0.528756152165184,0.898235282229719,-0.58866108092819
"vm(ID, ginv)_Nr_501408",-0.679309934449533,0.898602214149534,-0.755962898547333
"vm(ID, ginv)_Nr_500072",-0.0288709023965146,0.889774297801505,-0.0324474447821769
"vm(ID, ginv)_Nr_503768",0.396462592413091,0.875187470139627,0.45300304899228
"vm(ID, ginv)_Nr_501955",-0.160404307486206,0.889463839684146,-0.180338199631776
"vm(ID, ginv)_Nr_501570",-0.0904102134291098,0.860978012755492,-0.105008736680463
"vm(ID, ginv)_Nr_502336",-0.125178265658598,0.882480839365945,-0.141848140010085
"vm(ID, ginv)_Nr_504446",0.0146842656331254,0.890924412544464,0.016482055521621
"vm(ID, ginv)_Nr_501989",-0.517365514563218,0.88471025762469,-0.584785256081765
"vm(ID, ginv)_Nr_500394",-0.129025647268696,0.868814328415383,-0.148507734102434
"vm(ID, ginv)_Nr_500973",-0.379299623598352,0.89315162087379,-0.424675513914731
"vm(ID, ginv)_Nr_503976",-0.222303717579664,0.893347590496957,-0.248843473631579
"vm(ID, ginv)_Nr_501173",-0.592756746109192,0.885370757504251,-0.669501156532545
"vm(ID, ginv)_Nr_504095",-1.44601218847986,0.888520308516627,-1.6274385341782
"vm(ID, ginv)_Nr_503840",-0.658838888827902,0.887236878941945,-0.74257383170725
"vm(ID, ginv)_Nr_504913",-0.769188944501737,0.910235583161902,-0.845043809240891
"vm(ID, ginv)_Nr_503936",0.087798386832302,0.86369067419389,0.101654897355754
"vm(ID, ginv)_Nr_501251",-0.274821180879044,0.884530947873396,-0.310697077970843
"vm(ID, ginv)_Nr_504269",-0.610346756403007,0.883518364082121,-0.690813888217355
"vm(ID, ginv)_Nr_503145",-0.880899996472377,0.872761749736179,-1.00932470601359
"vm(ID, ginv)_Nr_500390",-1.17224013834969,0.890051297818182,-1.31704783895406
"vm(ID, ginv)_Nr_504339",-0.348108722560774,0.875646161629284,-0.397544964866928
"vm(ID, ginv)_Nr_503107",0.0937413609160711,0.878670674316653,0.106685432501744
"vm(ID, ginv)_Nr_502282",-0.497390276838855,0.888028745166558,-0.560106054613767
"vm(ID, ginv)_Nr_502419",-0.488071942608681,0.888847470269014,-0.54910652157334
"vm(ID, ginv)_Nr_500926",-0.240850690709326,0.885484623788526,-0.271998727294498
"vm(ID, ginv)_Nr_503771",-0.555462622893328,0.898026274623301,-0.618537161539433
"vm(ID, ginv)_Nr_503453",0.0657959993240807,0.879776672216176,0.0747871606533272
"vm(ID, ginv)_Nr_501734",-0.557872292789275,0.895456227691124,-0.623003420533142
"vm(ID, ginv)_Nr_500337",-0.183309081877117,0.889242141164404,-0.206140794943755
"vm(ID, ginv)_Nr_500146",-0.0711655334302106,0.889770085466928,-0.0799819353253091
"vm(ID, ginv)_Nr_501346",-0.0968164453062963,0.889730179056221,-0.108815512371396
"vm(ID, ginv)_Nr_500719",0.087246820971541,0.875615085889504,0.0996406096440313
"vm(ID, ginv)_Nr_501046",-0.297561818118915,0.884846596061598,-0.336286334200014
"vm(ID, ginv)_Nr_500001",-0.346032747143158,0.898416250249493,-0.38515860220367
"vm(ID, ginv)_Nr_503017",-0.279945658736111,0.874682317248202,-0.320054096459656
"vm(ID, ginv)_Nr_501197",0.415830877700928,0.888618108898405,0.467952288544313
"vm(ID, ginv)_Nr_504136",-0.184304984476798,0.888672766154555,-0.207393532800964
"vm(ID, ginv)_Nr_504909",-0.620086605309735,0.877019739791336,-0.707038367753579
"vm(ID, ginv)_Nr_502705",-0.523295601604341,0.875162378905323,-0.5979411526566
"vm(ID, ginv)_Nr_502536",-0.376254043655112,0.882357191189564,-0.426419195550341
"vm(ID, ginv)_Nr_500153",0.137558255017678,0.888361048392207,0.154844987031609
"vm(ID, ginv)_Nr_501175",-0.626030836452893,0.881332399603722,-0.710323184231487
"vm(ID, ginv)_Nr_504157",-0.138667149217394,0.892934937102405,-0.155293676454605
"vm(ID, ginv)_Nr_504450",-0.113206010185086,0.893518388220725,-0.126696900340814
"vm(ID, ginv)_Nr_502592",-0.158898090747582,0.855454313420608,-0.185747021500441
"vm(ID, ginv)_Nr_502107",-0.901188438682775,0.883825676035421,-1.01964500819351
"vm(ID, ginv)_Nr_504160",-0.944293024206633,0.878124885785003,-1.07535162650866
"vm(ID, ginv)_Nr_504114",-0.779917033348873,0.895660256406846,-0.870773295755799
"vm(ID, ginv)_Nr_504290",-0.83262742883153,0.88482961049068,-0.941003125302055
"vm(ID, ginv)_Nr_504827",0.96733750903068,0.737053090828682,1.31243939014364
"vm(ID, ginv)_Nr_500614",-0.764909090426914,0.890284590746274,-0.85917368263752
"vm(ID, ginv)_Nr_501078",-0.276627145424563,0.88204847257837,-0.313618983564403
"vm(ID, ginv)_Nr_500618",-0.566416785923819,0.90215221665214,-0.627850572740124
"vm(ID, ginv)_Nr_501032",-0.267931415803157,0.891267765208151,-0.300618317257982
"vm(ID, ginv)_Nr_504777",-0.58747761823995,0.884137879069925,-0.664463803833347
"vm(ID, ginv)_Nr_501448",-0.601454233823671,0.891849957387913,-0.674389485407652
"vm(ID, ginv)_Nr_503501",-0.264063879839118,0.870202443011218,-0.303451089984718
"vm(ID, ginv)_Nr_504971",-0.687241841811143,0.885357540361775,-0.776230856440576
"vm(ID, ginv)_Nr_500749",-0.534733466163684,0.889812006117997,-0.600951057624608
"vm(ID, ginv)_Nr_500799",0.0943032472967576,0.877094879628456,0.107517726402308
"vm(ID, ginv)_Nr_501330",-0.0469385978580204,0.88156346622587,-0.0532447176593795
"vm(ID, ginv)_Nr_500661",-0.593122248759249,0.881332768947597,-0.672983315334455
"vm(ID, ginv)_Nr_503282",-0.547744041946685,0.885533052971347,-0.618547258183945
"vm(ID, ginv)_Nr_503482",-0.504625843914776,0.893981432651812,-0.564470161777194
"vm(ID, ginv)_Nr_503827",-0.297343788785454,0.89466814104645,-0.332350930075218
"vm(ID, ginv)_Nr_503053",-0.0286224755174117,0.872870349008732,-0.0327912106877231
"vm(ID, ginv)_Nr_500249",-0.800074652118855,0.894006485905651,-0.894931596954087
"vm(ID, ginv)_Nr_504597",-0.112596010542365,0.875783911484565,-0.12856597279973
"vm(ID, ginv)_Nr_502922",-0.239117747396936,0.908528726151063,-0.263192280567668
"vm(ID, ginv)_Nr_501973",-0.119552215260193,0.902439652365816,-0.132476686886239
"vm(ID, ginv)_Nr_503246",0.354266710264177,0.670199437375977,0.528598937133151
"vm(ID, ginv)_Nr_502863",0.149240902618482,0.894356397875628,0.166869609221755
"vm(ID, ginv)_Nr_504003",-0.71557160165224,0.890507485452293,-0.803554841865027
"vm(ID, ginv)_Nr_501917",-0.688770187247767,0.893925139207239,-0.770500970426439
"vm(ID, ginv)_Nr_500613",-0.687516584762022,0.89814997799922,-0.765480823474027
"vm(ID, ginv)_Nr_501307",-0.328233956123247,0.889890899794142,-0.368847412867327
"vm(ID, ginv)_Nr_503679",-0.658205254356085,0.884446652798377,-0.74420006257419
"vm(ID, ginv)_Nr_503985",-0.208688809080028,0.877311645865707,-0.23787306376641
"vm(ID, ginv)_Nr_503230",0.0844822722055961,0.874742390594255,0.0965796023080615
"vm(ID, ginv)_Nr_504555",-0.460809992756615,0.892402621847626,-0.516370057051778
"vm(ID, ginv)_Nr_502875",-0.749453641790671,0.896658641065604,-0.835829386420687
"vm(ID, ginv)_Nr_501457",-0.0738590503377891,0.886713428640625,-0.0832952879162083
"vm(ID, ginv)_Nr_501604",-0.431107571971718,0.891398026319236,-0.483630835208205
"vm(ID, ginv)_Nr_501722",-0.143647166184704,0.890185998459641,-0.161367586586699
"vm(ID, ginv)_Nr_502687",0.329390502594099,0.887622620895111,0.371092956443505
"vm(ID, ginv)_Nr_504475",-0.180362684488833,0.891658928362239,-0.202277663299033
"vm(ID, ginv)_Nr_502525",-0.11404988381548,0.875041503931512,-0.130336542098929
"vm(ID, ginv)_Nr_501094",-0.563960806308919,0.88987351759934,-0.633753893284011
"vm(ID, ginv)_Nr_503067",-0.922159787458643,0.886677718422317,-1.04001687230785
"vm(ID, ginv)_Nr_502996",-0.360642137797636,0.882341163932679,-0.408733211754759
"vm(ID, ginv)_Nr_503059",-0.279614023141498,0.892163238119589,-0.313411280799734
"vm(ID, ginv)_Nr_501176",-0.511614978356544,0.890073216606093,-0.574801003795356
"vm(ID, ginv)_Nr_502393",-0.074672399114562,0.892605462070064,-0.0836566683575824
"vm(ID, ginv)_Nr_503740",-0.463244700957869,0.884825081707335,-0.523543817342977
"vm(ID, ginv)_Nr_502497",-0.335445779755154,0.88618491866957,-0.37852797163233
"vm(ID, ginv)_Nr_503983",0.985318869622376,0.79947021610887,1.23246476199959
"vm(ID, ginv)_Nr_503272",-0.839020588579963,0.872700692263321,-0.961407039112104
"vm(ID, ginv)_Nr_502231",-0.722968794841275,0.889540955927663,-0.81274368540718
"vm(ID, ginv)_Nr_504353",-0.285676659234555,0.89306277183091,-0.319884187590616
"vm(ID, ginv)_Nr_504724",-1.04997721316361,0.887604845562402,-1.18293316943119
"vm(ID, ginv)_Nr_501282",-0.150834355387608,0.885596017797295,-0.170319595341872
"vm(ID, ginv)_Nr_500151",-0.490465557842615,0.889045803581929,-0.551676365679416
"vm(ID, ginv)_Nr_504763",-0.693282090856786,0.883208526879534,-0.784958557076236
"vm(ID, ginv)_Nr_504228",-1.17090444128544,0.892696812074807,-1.31164850758682
"vm(ID, ginv)_Nr_500139",0.0814931565039573,0.880882847307896,0.0925130472832024
"vm(ID, ginv)_Nr_500737",-0.0909344025233711,0.893125211101752,-0.101815961964835
"vm(ID, ginv)_Nr_502795",-0.353472177031902,0.892236412927365,-0.396164258609649
"vm(ID, ginv)_Nr_504268",-0.0148207433925,0.879657195144515,-0.0168483171334319
"vm(ID, ginv)_Nr_500923",-0.844844824048245,0.878883093612375,-0.961270992909618
"vm(ID, ginv)_Nr_501074",-0.345863930474171,0.899073238029861,-0.384689384406617
"vm(ID, ginv)_Nr_503343",-0.81210155660395,0.895898187980471,-0.906466345729066
"vm(ID, ginv)_Nr_504586",-0.483246822572824,0.884570841262426,-0.546306525188138
"vm(ID, ginv)_Nr_503812",-0.495186932120934,0.887146083208751,-0.558179697226272
"vm(ID, ginv)_Nr_504593",-0.778387541129419,0.881395221808972,-0.883131110617845
"vm(ID, ginv)_Nr_500328",-1.31382323659729,0.884318033756341,-1.48569087867238
"vm(ID, ginv)_Nr_504125",-0.314167410705542,0.878226896894878,-0.357729206218045
"vm(ID, ginv)_Nr_502192",0.203661069101441,0.863597975976001,0.235828562325279
"vm(ID, ginv)_Nr_504092",0.032936926631354,0.891617119702813,0.036940661976446
"vm(ID, ginv)_Nr_503915",-0.385344009465861,0.887467946393713,-0.434206115310116
"vm(ID, ginv)_Nr_504194",-0.802959977010493,0.891283675312026,-0.900902820563148
"vm(ID, ginv)_Nr_502443",-0.465069613825594,0.889765586333056,-0.522687796616478
"vm(ID, ginv)_Nr_500426",-0.58799454608836,0.883959893606915,-0.665182380265132
"vm(ID, ginv)_Nr_501019",-0.751236733071127,0.897422142200849,-0.837105190238325
"vm(ID, ginv)_Nr_503351",-0.113963503360729,0.891873106118478,-0.127779952752147
"vm(ID, ginv)_Nr_504276",-0.19132914937365,0.880118125468257,-0.217390306865747
"vm(ID, ginv)_Nr_503657",-0.168273693332717,0.894641518935977,-0.188090637166997
"vm(ID, ginv)_Nr_502537",-0.478132584384765,0.887627541802711,-0.538663529315134
"vm(ID, ginv)_Nr_501230",-0.401120379415685,0.868434489222573,-0.461889047928957
"vm(ID, ginv)_Nr_502230",-0.0241022988558011,0.889516043030494,-0.0270959686951647
"vm(ID, ginv)_Nr_500150",-0.314375741434067,0.890296765483197,-0.353113426469031
"vm(ID, ginv)_Nr_501087",-0.215018050643289,0.880395221644426,-0.244229006879061
"vm(ID, ginv)_Nr_503267",-0.228132463776141,0.88049549807846,-0.259095548215753
"vm(ID, ginv)_Nr_502983",-0.614054056461476,0.894154773204038,-0.686742468824638
"vm(ID, ginv)_Nr_503690",-0.862104546934414,0.890201046426178,-0.968438029134473
"vm(ID, ginv)_Nr_502269",-0.813929848817482,0.882691212438315,-0.922100319282789
"vm(ID, ginv)_Nr_501559",0.110453050342672,0.885133873685773,0.124786830135351
"vm(ID, ginv)_Nr_501552",-0.620018386244769,0.893068349851886,-0.694256364977662
"vm(ID, ginv)_Nr_503928",-1.05941028061467,0.880903669766564,-1.20264033057713
"vm(ID, ginv)_Nr_503036",-0.173930766118354,0.888891918525513,-0.1956714449681
"vm(ID, ginv)_Nr_501874",0.0314691772894475,0.880465506414665,0.0357415220246309
"vm(ID, ginv)_Nr_501384",-0.22749046995595,0.88394971048226,-0.257356801250421
"vm(ID, ginv)_Nr_503606",-0.323221237062557,0.885750044399987,-0.364912470629917
"vm(ID, ginv)_Nr_500693",-1.0657984455081,0.890842839637344,-1.19639334581393
"vm(ID, ginv)_Nr_501445",-0.405209796696609,0.890740684323612,-0.454913314085689
"vm(ID, ginv)_Nr_504734",-0.622832455055753,0.886662806445554,-0.702445676674494
"vm(ID, ginv)_Nr_504499",-0.48328687262756,0.895219101981171,-0.539853172880268
"vm(ID, ginv)_Nr_501965",-0.540560049230607,0.890542792800989,-0.607000644551179
"vm(ID, ginv)_Nr_500982",0.322726774565755,0.89092757832193,0.362236821957643
"vm(ID, ginv)_Nr_504678",0.061382332092321,0.89076168113571,0.0689099378568455
"vm(ID, ginv)_Nr_500040",-0.372644759562572,0.884010387568601,-0.421538892305894
"vm(ID, ginv)_Nr_502176",-0.404066154024342,0.887787111528877,-0.455138567317666
"vm(ID, ginv)_Nr_500425",-0.352438296821137,0.886627120819386,-0.397504529858535
"vm(ID, ginv)_Nr_500812",-0.505062825428619,0.870174022022527,-0.580415885381997
"vm(ID, ginv)_Nr_503956",-0.191433232795434,0.890000233449569,-0.215093463575234
"vm(ID, ginv)_Nr_500181",0.0311841156874442,0.886612406447955,0.0351722076757052
"vm(ID, ginv)_Nr_502121",-0.384108067990924,0.883559262636453,-0.434728132264477
"vm(ID, ginv)_Nr_502492",-0.475514125710157,0.884870847767084,-0.53738251961864
"vm(ID, ginv)_Nr_500319",-0.255192311903902,0.884851332733974,-0.288401342082426
"vm(ID, ginv)_Nr_504607",-0.877266883839568,0.871118172969797,-1.0070584118901
"vm(ID, ginv)_Nr_502109",-0.38964146400089,0.885334000060702,-0.440106743866353
"vm(ID, ginv)_Nr_501194",-0.22495469628992,0.890181081004994,-0.252706669564299
"vm(ID, ginv)_Nr_502448",0.295720399855831,0.879094904591529,0.336391893880032
"vm(ID, ginv)_Nr_502745",0.506717952540535,0.894940322121011,0.566203064065336
"vm(ID, ginv)_Nr_504888",-0.0786373072886815,0.892655926023836,-0.0880936371967599
"vm(ID, ginv)_Nr_504559",0.111342864152443,0.883581046687712,0.126013187550633
"vm(ID, ginv)_Nr_503663",0.142512744119684,0.889393062290407,0.160235952091507
"vm(ID, ginv)_Nr_500216",-0.488951199478,0.89468272318188,-0.546507926004291
"vm(ID, ginv)_Nr_500569",-0.586059325983679,0.888473101811713,-0.659625288361153
"vm(ID, ginv)_Nr_502360",-0.734356685667644,0.886370021895433,-0.828499010037906
"vm(ID, ginv)_Nr_502102",0.00816200493756408,0.903948639067504,0.00902927952409315
"vm(ID, ginv)_Nr_504477",-0.269262792613817,0.89350851752394,-0.30135447769428
"vm(ID, ginv)_Nr_502420",-0.127150820366127,0.894480170449769,-0.142150518889863
"vm(ID, ginv)_Nr_502635",-0.358402140701719,0.884641519913892,-0.405138276503916
"vm(ID, ginv)_Nr_503325",-0.605323158738375,0.877851450266036,-0.689550787385417
"vm(ID, ginv)_Nr_501407",-0.855734487356675,0.891782809897028,-0.95957723995093
"vm(ID, ginv)_Nr_504674",-0.136286739174864,0.897618249853238,-0.151831515454534
"vm(ID, ginv)_Nr_504256",-0.185194944041756,0.874208402217012,-0.211843015432129
"vm(ID, ginv)_Nr_502929",-0.214587209829284,0.882289332346874,-0.2432163712764
"vm(ID, ginv)_Nr_503709",-0.716532379693453,0.890787931414964,-0.804380430430039
"vm(ID, ginv)_Nr_503426",-0.280323455135524,0.886093606598372,-0.316358738002477
"vm(ID, ginv)_Nr_504808",-0.648704687714714,0.883584290559072,-0.734174084630067
"vm(ID, ginv)_Nr_503608",-0.179387040014899,0.895112164457003,-0.200407331212754
"vm(ID, ginv)_Nr_501089",-0.647331260632613,0.89375616805123,-0.72428172668623
"vm(ID, ginv)_Nr_502069",-0.00979815847871829,0.888299327642939,-0.0110302441686152
"vm(ID, ginv)_Nr_502792",-0.622781350560814,0.87549287421788,-0.711349422594872
"vm(ID, ginv)_Nr_504148",-0.844443193793702,0.881246186111822,-0.958237558473303
"vm(ID, ginv)_Nr_502605",-0.441209395666625,0.886841037400531,-0.497506742538526
"vm(ID, ginv)_Nr_504383",-0.224892036445888,0.883083797330526,-0.254666699950462
"vm(ID, ginv)_Nr_504303",-0.176714675443987,0.923925281427589,-0.19126511526012
"vm(ID, ginv)_Nr_501424",-0.870094981415741,0.890751054346166,-0.976810498478066
"vm(ID, ginv)_Nr_501146",-0.533710462996032,0.888117909286769,-0.600945502185227
"vm(ID, ginv)_Nr_503636",-0.189796474319997,0.876512704916479,-0.216535907871503
"vm(ID, ginv)_Nr_504643",-0.54783349081336,0.885723640887407,-0.618515150238606
"vm(ID, ginv)_Nr_500990",-0.185697559872628,0.882190079395298,-0.21049608719236
"vm(ID, ginv)_Nr_500305",-0.129689268389243,0.8949018590763,-0.144920101655735
"vm(ID, ginv)_Nr_503483",-1.03023473565591,0.900012323127387,-1.14468958833366
"vm(ID, ginv)_Nr_504108",-0.445996810946204,0.890690989216941,-0.500731248374149
"vm(ID, ginv)_Nr_504606",0.277191033766755,0.866931686632922,0.319738034773348
"vm(ID, ginv)_Nr_503778",0.37383429774835,0.891686954141581,0.419243879269532
"vm(ID, ginv)_Nr_501489",-0.568950554948644,0.889136852095448,-0.639890871250905
"vm(ID, ginv)_Nr_500864",-0.416708480426093,0.894391692303099,-0.465912736010606
"vm(ID, ginv)_Nr_501538",1.01900940051054,0.758218411694202,1.34395232929469
"vm(ID, ginv)_Nr_504812",-0.37881672243337,0.898261172726382,-0.421722249536395
"vm(ID, ginv)_Nr_500084",-0.500944458533743,0.891889606061704,-0.561666438457279
"vm(ID, ginv)_Nr_501636",0.11757995101806,0.887083048559438,0.132546722890266
"vm(ID, ginv)_Nr_502895",-0.782439689624517,0.884026469933371,-0.885086268608551
"vm(ID, ginv)_Nr_501125",-0.0721139590179648,0.890498379246428,-0.0809815724527092
"vm(ID, ginv)_Nr_503940",0.0653266662790406,0.887375051811435,0.0736178757174733
"vm(ID, ginv)_Nr_504620",-0.170705740653357,0.886245177962239,-0.192616834368412
"vm(ID, ginv)_Nr_500057",-0.698222735116672,0.880605099293576,-0.792889725118317
"vm(ID, ginv)_Nr_503648",-0.563197179171159,0.881814197303739,-0.638680099382849
"vm(ID, ginv)_Nr_501166",-0.522154198137631,0.87216518373335,-0.598687276075986
"vm(ID, ginv)_Nr_502672",0.0962846170470741,0.876210550347505,0.109887534461766
"vm(ID, ginv)_Nr_504513",0.356855223904496,0.895237904912785,0.398614962510173
"vm(ID, ginv)_Nr_502676",-0.157239080059761,0.888937824053442,-0.176884227226119
"vm(ID, ginv)_Nr_500073",-0.226124401952014,0.884056668421182,-0.255780438097758
"vm(ID, ginv)_Nr_503249",-0.0565747631643752,0.892074793637953,-0.0634193047128467
"vm(ID, ginv)_Nr_503697",-0.433203581815503,0.887716178298804,-0.487997844813061
"vm(ID, ginv)_Nr_501245",0.152033144141917,0.896952333679092,0.16949969182678
"vm(ID, ginv)_Nr_501238",-0.088920072589494,0.887127042342764,-0.100233752715586
"vm(ID, ginv)_Nr_503653",-0.969458015324881,0.901486660294145,-1.07539918007057
"vm(ID, ginv)_Nr_500523",0.457008308455063,0.885568906315747,0.516061827821356
"vm(ID, ginv)_Nr_501934",0.42362851972362,0.876735640182028,0.483188432531004
"vm(ID, ginv)_Nr_504569",-0.61162784986454,0.895753582785846,-0.682808153512868
"vm(ID, ginv)_Nr_502247",-0.514282844808558,0.881591952923364,-0.583357008991737
"vm(ID, ginv)_Nr_500207",-0.512015145257536,0.884288955792763,-0.57901338912292
"vm(ID, ginv)_Nr_501904",-0.709169963360344,0.876059620541302,-0.809499658165
"vm(ID, ginv)_Nr_502323",-0.193011391305116,0.879449780916113,-0.219468348839724
"vm(ID, ginv)_Nr_501687",-0.390476090997858,0.892721402148702,-0.437399719619151
"vm(ID, ginv)_Nr_503571",-0.57758579707372,0.887858031898607,-0.650538460342137
"vm(ID, ginv)_Nr_501836",-0.995933417375515,0.887422702436676,-1.1222762440502
"vm(ID, ginv)_Nr_500350",-0.413381920280468,0.886118108569518,-0.466508827979829
"vm(ID, ginv)_Nr_503096",-0.812915529420027,0.890894184520409,-0.912471473655023
"vm(ID, ginv)_Nr_501069",-0.489239683869583,0.884351210490107,-0.553218764294387
"vm(ID, ginv)_Nr_503373",-0.898260426254978,0.89032792563257,-1.00890963923969
"vm(ID, ginv)_Nr_504584",-0.397198793972334,0.884109435711795,-0.449264285537853
"vm(ID, ginv)_Nr_504307",0.0370237262053309,0.88308831060684,0.0419252817194341
"vm(ID, ginv)_Nr_500993",-0.708918725140623,0.894457338790447,-0.792568515452371
"vm(ID, ginv)_Nr_503469",-0.184050156310361,0.887468998133098,-0.207387702215552
"vm(ID, ginv)_Nr_504656",0.289689237359952,0.88263883862702,0.328208123959938
"vm(ID, ginv)_Nr_500209",-0.423959905969097,0.88296850614526,-0.480152919405882
"vm(ID, ginv)_Nr_502764",-0.300739803561157,0.880608361634133,-0.341513681522486
"vm(ID, ginv)_Nr_503433",-0.352403927665147,0.881894831522299,-0.399598585986538
"vm(ID, ginv)_Nr_502758",-0.834141918637548,0.883026118021939,-0.944640143267908
"vm(ID, ginv)_Nr_504417",0.0732941441214245,0.892145702500369,0.0821549035275369
"vm(ID, ginv)_Nr_504570",-0.395797262957668,0.885123569424944,-0.447166109490015
"vm(ID, ginv)_Nr_502391",-0.458610370436747,0.877837164028796,-0.52243216535966
"vm(ID, ginv)_Nr_502381",-0.94433200404033,0.88743657499773,-1.06411210744018
"vm(ID, ginv)_Nr_504309",0.0489485903348925,0.879655982635068,0.0556451514014192
"vm(ID, ginv)_Nr_500918",-1.29761140319322,0.885758714252058,-1.46497164782503
"vm(ID, ginv)_Nr_504799",-0.254886696887038,0.900308867091596,-0.283110281597511
"vm(ID, ginv)_Nr_504093",-0.830158937690203,0.885623666003955,-0.937372124929751
"vm(ID, ginv)_Nr_504739",-0.568091257071432,0.899473342626796,-0.631582093819917
"vm(ID, ginv)_Nr_501010",0.346705106972115,0.882126693031695,0.393033234013765
"vm(ID, ginv)_Nr_502270",-0.250757811947308,0.888582204339831,-0.282199903084496
"vm(ID, ginv)_Nr_503991",0.377684185411601,0.885285269209112,0.426624274172113
"vm(ID, ginv)_Nr_501075",-0.986926599427828,0.884525699100411,-1.11576927660956
"vm(ID, ginv)_Nr_500992",-0.814511435884007,0.885095086814273,-0.920253030457645
"vm(ID, ginv)_Nr_500391",-0.761592274726796,0.891504855226308,-0.854277203609246
"vm(ID, ginv)_Nr_502916",-0.238911005711239,0.884782634059413,-0.270022259156588
"vm(ID, ginv)_Nr_502531",0.0215040393672532,0.888442473550147,0.0242042000550972
"vm(ID, ginv)_Nr_500231",-0.490534778543759,0.893648048589207,-0.548912717168869
"vm(ID, ginv)_Nr_503111",0.537172598158341,0.88619462351695,0.606156462591162
"vm(ID, ginv)_Nr_500581",0.245639886709075,0.890498338308475,0.275845418393115
"vm(ID, ginv)_Nr_501026",0.0305519495482226,0.863299336237107,0.0353897521587245
"vm(ID, ginv)_Nr_503987",-0.0855509486637518,0.891691323872655,-0.0959423360678225
"vm(ID, ginv)_Nr_500159",-0.35373151026304,0.890863149650305,-0.397066048137575
"vm(ID, ginv)_Nr_504075",-1.03670641782443,0.884254955063426,-1.17240668190552
"vm(ID, ginv)_Nr_502363",-0.486413851713058,0.879257380769618,-0.553209859082784
"vm(ID, ginv)_Nr_500117",-0.733073945267141,0.889734434413936,-0.823924439599793
"vm(ID, ginv)_Nr_501287",0.0749842582294932,0.890329253054578,0.0842208182784449
"vm(ID, ginv)_Nr_500477",-0.282638443363534,0.887016825707243,-0.318639325852898
"vm(ID, ginv)_Nr_500377",-0.20232282189185,0.881195014518486,-0.229600506764562
"vm(ID, ginv)_Nr_501342",-0.572785376541613,0.897925994611642,-0.637898200941767
"vm(ID, ginv)_Nr_500070",-0.180017166886103,0.890692808070271,-0.202109150601675
"vm(ID, ginv)_Nr_504086",-0.609001398907695,0.887591874026453,-0.686127731369412
"vm(ID, ginv)_Nr_503902",-0.367540641580647,0.877438790291805,-0.418878952751127
"vm(ID, ginv)_Nr_504619",-0.00763867033514669,0.884808326457014,-0.00863313568231638
"vm(ID, ginv)_Nr_500991",-1.00214134187606,0.879154997666582,-1.1398915373693
"vm(ID, ginv)_Nr_502127",-1.0466596600466,0.882689333342307,-1.18576221611676
"vm(ID, ginv)_Nr_504897",0.545324698636746,0.873203803313887,0.624510219226244
"vm(ID, ginv)_Nr_502588",-0.270709636181246,0.890283895003527,-0.304071136971621
"vm(ID, ginv)_Nr_500191",-0.277342951858613,0.879218346213474,-0.315442634987138
"vm(ID, ginv)_Nr_501532",-0.124351882716052,0.890359039060081,-0.139664873675373
"vm(ID, ginv)_Nr_502742",0.00538857476859029,0.88599890730256,0.00608192033215471
"vm(ID, ginv)_Nr_500029",0.167892936840181,0.881619462272093,0.190436967450209
"vm(ID, ginv)_Nr_500131",-0.22004773542558,0.891284045171629,-0.246888448881868
"vm(ID, ginv)_Nr_503963",0.106207462001148,0.878054265225399,0.120957742826844
"vm(ID, ginv)_Nr_504193",-0.323479948167978,0.886898680003178,-0.364731570202381
"vm(ID, ginv)_Nr_501695",0.487664026251004,0.727025651490896,0.670765914862786
"vm(ID, ginv)_Nr_502779",-1.10828134790412,0.884759172044429,-1.2526361782079
"vm(ID, ginv)_Nr_500934",-0.309563030520163,0.894820609388167,-0.34594982197809
"vm(ID, ginv)_Nr_500537",-0.21056601896377,0.874655953964829,-0.240741537297347
"vm(ID, ginv)_Nr_502563",0.0928031407678416,0.88388509595644,0.104994575870092
"vm(ID, ginv)_Nr_502182",-0.801385486848282,0.894429507852333,-0.895973891528395
"vm(ID, ginv)_Nr_501990",0.0638190524789721,0.890515487098327,0.0716652920736071
"vm(ID, ginv)_Nr_501112",0.102445217572536,0.89332543749205,0.114678495957916
"vm(ID, ginv)_Nr_500134",0.25520915165389,0.871220535679503,0.29293289265139
"vm(ID, ginv)_Nr_503062",-0.383663857740008,0.889089880324216,-0.431524265690776
"vm(ID, ginv)_Nr_503404",-0.0499933504298458,0.865012183998526,-0.0577949667700068
"vm(ID, ginv)_Nr_501711",-0.0628339049032701,0.889751656957761,-0.0706195986395932
"vm(ID, ginv)_Nr_501741",0.166694304207071,0.888450344317097,0.187623658737168
"vm(ID, ginv)_Nr_503240",0.170065822966914,0.871349709184116,0.195175164660529
"vm(ID, ginv)_Nr_500727",-0.703588899198846,0.896677868948385,-0.784661831817048
"vm(ID, ginv)_Nr_504625",-0.767673815876021,0.904027100760179,-0.849171241913543
"vm(ID, ginv)_Nr_504746",-0.868989921048706,0.884715702265734,-0.982225045653926
"vm(ID, ginv)_Nr_504248",-0.496810490465014,0.888972612578943,-0.558859163302847
"vm(ID, ginv)_Nr_500002",0.00181056816826853,0.886862776011918,0.00204154263460055
"vm(ID, ginv)_Nr_501717",-0.925326931559972,0.882847907937584,-1.04811590223012
"vm(ID, ginv)_Nr_500829",-0.719388378990538,0.883025495219088,-0.814685853223355
"vm(ID, ginv)_Nr_504031",-0.634054593485165,0.90480060511212,-0.700767207606581
"vm(ID, ginv)_Nr_504979",-0.571899631399416,0.891870813443458,-0.64123595343517
"vm(ID, ginv)_Nr_502205",-0.173067375326951,0.872877531151582,-0.198272230811835
"vm(ID, ginv)_Nr_500512",-0.0758973954751948,0.889122947874254,-0.0853620926741942
"vm(ID, ginv)_Nr_503166",-0.348412291416608,0.889346562868416,-0.391762116101143
"vm(ID, ginv)_Nr_502865",0.0210197272712014,0.880518288670799,0.0238719939627058
"vm(ID, ginv)_Nr_500751",-0.136540906367562,0.887180425807539,-0.153904327006852
"vm(ID, ginv)_Nr_503440",-0.300027254868234,0.885334404435035,-0.338885796559203
"vm(ID, ginv)_Nr_501040",-0.895077385329354,0.882930724328564,-1.01375720729396
"vm(ID, ginv)_Nr_502219",-0.204839581228197,0.886154638910861,-0.231155570634892
"vm(ID, ginv)_Nr_500726",-0.24409415569182,0.877687955262605,-0.278110408406809
"vm(ID, ginv)_Nr_500794",-0.258016167677993,0.890765069597191,-0.289656809055916
"vm(ID, ginv)_Nr_501632",-0.626645683208355,0.885474478799172,-0.707694798903945
"vm(ID, ginv)_Nr_502690",-0.364188837755472,0.887715562806742,-0.410253974374398
"vm(ID, ginv)_Nr_504750",-0.310223677843134,0.889480188322796,-0.348769631876897
"vm(ID, ginv)_Nr_503143",0.204412384399234,0.88944504533003,0.229820139504388
"vm(ID, ginv)_Nr_503734",-0.948118473333894,0.890740085189705,-1.06441653305854
"vm(ID, ginv)_Nr_503004",-0.715820107425406,0.893901264981242,-0.800782072324763
"vm(ID, ginv)_Nr_503979",-0.392848725604614,0.886687763956493,-0.443051930537173
"vm(ID, ginv)_Nr_503003",-0.485486951247669,0.883065754699261,-0.54977440656501
"vm(ID, ginv)_Nr_501150",-0.671616482867905,0.887649905509835,-0.756623167195802
"vm(ID, ginv)_Nr_504035",-0.690907340235031,0.883354821121205,-0.782140226911415
"vm(ID, ginv)_Nr_502434",-0.554538712175509,0.880287019248038,-0.629952163385539
"vm(ID, ginv)_Nr_501124",0.531581044382698,0.875523956362182,0.607157623180783
"vm(ID, ginv)_Nr_503144",-0.294148129990846,0.878677815583803,-0.334762212922618
"vm(ID, ginv)_Nr_502814",-0.0702675909188177,0.885425471133154,-0.079360254713353
"vm(ID, ginv)_Nr_500498",-0.772908907350747,0.885940345177542,-0.872416423473587
"vm(ID, ginv)_Nr_501073",-0.419523583206004,0.894420842555925,-0.46904495428255
"vm(ID, ginv)_Nr_500814",0.123683170997754,0.884159891039023,0.139887787549838
"vm(ID, ginv)_Nr_504741",-0.32011903831173,0.897312790144879,-0.356753009460664
"vm(ID, ginv)_Nr_502498",-0.264220677246938,0.886875962913751,-0.297922920786876
"vm(ID, ginv)_Nr_501652",0.0576478523797608,0.870051893328197,0.0662579471659344
"vm(ID, ginv)_Nr_502382",-0.493448488819303,0.876154202793922,-0.563198221552521
"vm(ID, ginv)_Nr_502921",-0.28628801407776,0.888697352682359,-0.322143430734496
"vm(ID, ginv)_Nr_503464",0.811994930405432,0.683296251383274,1.18834975131448
"vm(ID, ginv)_Nr_504548",0.977921220641618,0.731845149410328,1.33624062607993
"vm(ID, ginv)_Nr_503462",-0.261317438648621,0.888383301782112,-0.294149426406837
"vm(ID, ginv)_Nr_503445",0.779290765840979,0.756234926718669,1.0304876676648
"vm(ID, ginv)_Nr_504237",-0.307219367350891,0.885951050957573,-0.346767879578488
"vm(ID, ginv)_Nr_502428",0.0724816655359382,0.887792289694804,0.0816425940811619
"vm(ID, ginv)_Nr_503762",0.000786546502826464,0.898816925708234,0.00087509088928949
"vm(ID, ginv)_Nr_500722",-1.27604524464739,0.903078746740409,-1.41299443625838
"vm(ID, ginv)_Nr_502038",-0.209210802030093,0.890086340818973,-0.235045514615578
"vm(ID, ginv)_Nr_504996",-0.533325985045781,0.884902398837099,-0.602694699151743
"vm(ID, ginv)_Nr_504830",-0.29243913048594,0.878910724715173,-0.332729050018943
"vm(ID, ginv)_Nr_502312",-0.122474268082018,0.886938136118785,-0.138086596003146
"vm(ID, ginv)_Nr_503082",-0.617268211188873,0.890375715916363,-0.693267123254354
"vm(ID, ginv)_Nr_501378",-0.294983195646455,0.874784799635477,-0.337206585859031
"vm(ID, ginv)_Nr_502904",-0.448108355568047,0.888951717917325,-0.504086269857147
"vm(ID, ginv)_Nr_502444",-0.408762145009151,0.885427428894976,-0.461655164127105
"vm(ID, ginv)_Nr_501838",-0.833074112114829,0.881891416461297,-0.944644767558399
"vm(ID, ginv)_Nr_504154",-0.113112905736362,0.885485605102889,-0.127741100571837
"vm(ID, ginv)_Nr_501686",-0.126277698422521,0.887852088584157,-0.142228305870062
"vm(ID, ginv)_Nr_504117",-0.651976767724985,0.887516638819374,-0.734607937708393
"vm(ID, ginv)_Nr_500311",-0.53460401556882,0.894079561394988,-0.597937855479778
"vm(ID, ginv)_Nr_504410",-0.826282774739933,0.890856997269367,-0.927514491408424
"vm(ID, ginv)_Nr_504119",0.308449370795672,0.889510888905261,0.346762894803106
"vm(ID, ginv)_Nr_504399",-0.276773437775027,0.882280827466444,-0.313702201338557
"vm(ID, ginv)_Nr_502839",-0.44199292104674,0.888913248799308,-0.497228409683125
"vm(ID, ginv)_Nr_504552",0.281603533495151,0.889398634754466,0.316622403600713
"vm(ID, ginv)_Nr_504025",-0.176865195676494,0.891819599257893,-0.19831947607304
"vm(ID, ginv)_Nr_501034",-0.245811754599336,0.885291500909066,-0.277661938860729
"vm(ID, ginv)_Nr_504903",-0.0806459599438498,0.888221811200242,-0.0907948430526313
"vm(ID, ginv)_Nr_500530",-0.280351510240627,0.880136280768114,-0.318531932345703
"vm(ID, ginv)_Nr_500895",-0.34267744785458,0.89600098539826,-0.382452088155087
"vm(ID, ginv)_Nr_502810",-0.449166201002347,0.88377464638017,-0.508236124267737
"vm(ID, ginv)_Nr_501024",0.0622102181852696,0.884656912430107,0.0703212932733226
"vm(ID, ginv)_Nr_503849",-0.420412944223303,0.881812842792271,-0.476759833630978
"vm(ID, ginv)_Nr_501192",-0.432245884931324,0.885844690387859,-0.48794770643381
"vm(ID, ginv)_Nr_502984",-0.876323143858423,0.889290164904982,-0.985418683846633
"vm(ID, ginv)_Nr_503968",-0.150580439752135,0.880773860645171,-0.170963792728629
"vm(ID, ginv)_Nr_504859",0.118714272242473,0.896172162501279,0.13246815423404
"vm(ID, ginv)_Nr_503947",-0.316615580003515,0.893029070578974,-0.354541179491777
"vm(ID, ginv)_Nr_502454",-0.464877764023191,0.882156012810541,-0.526979079972594
"vm(ID, ginv)_Nr_504601",-0.229499675634093,0.884045912716316,-0.259601534640812
"vm(ID, ginv)_Nr_500374",-0.0605412096991507,0.897151487319703,-0.0674815909629949
"vm(ID, ginv)_Nr_500488",-0.453415574074617,0.884164680464679,-0.512818012405021
"vm(ID, ginv)_Nr_504205",-0.428105846355373,0.888915201183519,-0.481604821005856
"vm(ID, ginv)_Nr_501410",0.0486154162392039,0.896073043571499,0.0542538541784901
"vm(ID, ginv)_Nr_500690",-0.0295392225805019,0.887480675341455,-0.0332843558189443
"vm(ID, ginv)_Nr_504273",-0.536788863055476,0.892350942333519,-0.601544569059075
"vm(ID, ginv)_Nr_503313",-0.0939892259656246,0.886123848955667,-0.106067821192709
"vm(ID, ginv)_Nr_503002",-0.855165249138753,0.888092884963442,-0.962923207265595
"vm(ID, ginv)_Nr_503736",-0.29724086372777,0.886305563111344,-0.335370639764819
"vm(ID, ginv)_Nr_503816",-0.378045875805467,0.885852914050645,-0.426759194228777
"vm(ID, ginv)_Nr_503374",-0.420632198014689,0.896538695553183,-0.469173500375408
"vm(ID, ginv)_Nr_503187",-0.219862781504951,0.899717328176422,-0.244368730732992
"vm(ID, ginv)_Nr_502777",-0.935341298711814,0.875736017492995,-1.06806306926767
"vm(ID, ginv)_Nr_504076",-0.038064115610229,0.89160931620925,-0.0426914736289003
"vm(ID, ginv)_Nr_500074",-0.516029514369914,0.892691195267682,-0.578060495169527
"vm(ID, ginv)_Nr_500393",0.411596399386957,0.890599063449367,0.462156784437666
"vm(ID, ginv)_Nr_501274",-0.362069417235684,0.867569459424673,-0.417337670548926
"vm(ID, ginv)_Nr_501295",-0.562200494248432,0.889220133898827,-0.632239951409375
"vm(ID, ginv)_Nr_500984",-0.233158019201355,0.884508247108933,-0.263601860088299
"vm(ID, ginv)_Nr_503042",-0.358299069448658,0.892899593694658,-0.401275879145696
"vm(ID, ginv)_Nr_501676",-0.751564448893871,0.883619396973556,-0.850552230369795
"vm(ID, ginv)_Nr_502821",-0.140043897302089,0.881867671931722,-0.158803754530795
"vm(ID, ginv)_Nr_501749",-0.5081265995022,0.886555127734372,-0.573147211725838
"vm(ID, ginv)_Nr_502757",0.107660844647244,0.893049694894084,0.12055414750465
"vm(ID, ginv)_Nr_500668",-1.00732382254725,0.893307118520317,-1.12763438425946
"vm(ID, ginv)_Nr_503137",-0.199229856164411,0.888240132787597,-0.224297291701019
"vm(ID, ginv)_Nr_500532",0.213268906789377,0.887086209611447,0.240415085341921
"vm(ID, ginv)_Nr_504993",-0.815658664485518,0.887727172906732,-0.918816827263228
"vm(ID, ginv)_Nr_500968",-0.274695645352575,0.878612738140045,-0.312647009801024
"vm(ID, ginv)_Nr_503500",-0.746109570487416,0.899655999398759,-0.829327621875519
"vm(ID, ginv)_Nr_503242",-0.425069236231462,0.893250271879853,-0.475868017747031
"vm(ID, ginv)_Nr_502290",-0.173745976549531,0.8919172553879,-0.194800555208417
"vm(ID, ginv)_Nr_501867",-0.0979674981232747,0.875882336077467,-0.111850067169993
"vm(ID, ginv)_Nr_501574",-0.495544626784539,0.893438442707572,-0.554648874613887
"vm(ID, ginv)_Nr_500206",0.000848609819647406,0.891912599862451,0.000951449525186971
"vm(ID, ginv)_Nr_500887",-0.0421544174930506,0.870266710737678,-0.0484385039355562
"vm(ID, ginv)_Nr_504223",-0.0815990031704407,0.890290764814949,-0.0916543295688363
"vm(ID, ginv)_Nr_503989",-0.0572308695134196,0.88034293883683,-0.0650097444855263
"vm(ID, ginv)_Nr_501149",-0.00548307208963919,0.878992714045877,-0.00623790391208295
"vm(ID, ginv)_Nr_504525",-0.731557760410184,0.881987346319134,-0.82944246701866
"vm(ID, ginv)_Nr_502037",0.0361414728386872,0.882179621569856,0.0409683832577914
"vm(ID, ginv)_Nr_504016",-0.547614064606718,0.898497791148142,-0.609477363218614
"vm(ID, ginv)_Nr_501530",-0.779872521413418,0.894685997217272,-0.871671763992109
"vm(ID, ginv)_Nr_503549",-0.513117433119761,0.886789982512631,-0.57862339814202
"vm(ID, ginv)_Nr_504849",-0.662586570702323,0.88032070466874,-0.752664985826558
"vm(ID, ginv)_Nr_504097",-0.698458111977114,0.88965133011864,-0.785091966179571
"vm(ID, ginv)_Nr_504899",-0.338230473816967,0.867640652885844,-0.389827831017351
"vm(ID, ginv)_Nr_501928",-0.436046629173128,0.872713631760188,-0.499644572176167
"vm(ID, ginv)_Nr_504592",-0.344169121466653,0.885005654805239,-0.388889177823834
"vm(ID, ginv)_Nr_501170",-0.408733536687715,0.890655591094428,-0.458913120598578
"vm(ID, ginv)_Nr_501372",-0.940984886822755,0.881629400927081,-1.06732475781009
"vm(ID, ginv)_Nr_502170",-0.267402694252983,0.887914990518547,-0.301157990470257
"vm(ID, ginv)_Nr_502620",-0.774150352829096,0.882635172920018,-0.87708985159517
"vm(ID, ginv)_Nr_504810",0.430041064248177,0.878308827027447,0.489623980785449
"vm(ID, ginv)_Nr_501728",0.170560863590284,0.879009597328527,0.194037544195934
"vm(ID, ginv)_Nr_504492",0.0121733582410542,0.891867994284698,0.0136492825385191
"vm(ID, ginv)_Nr_502263",0.334750407206365,0.895361652456374,0.373871726902751
"vm(ID, ginv)_Nr_501875",-0.240473214972127,0.902287925932609,-0.266514942803399
"vm(ID, ginv)_Nr_502325",-0.679150217266831,0.899659401263827,-0.754897038048813
"vm(ID, ginv)_Nr_502639",-0.246921648286987,0.895527450178914,-0.275727615315036
"vm(ID, ginv)_Nr_500095",-0.355725380852685,0.883860827063537,-0.402467639656026
"vm(ID, ginv)_Nr_503365",0.334926958890778,0.879603688969753,0.380770298136272
"vm(ID, ginv)_Nr_503091",-0.307787015976699,0.878915896163152,-0.350189383671774
"vm(ID, ginv)_Nr_503815",-0.399489026486103,0.877579424288473,-0.455216947240989
"vm(ID, ginv)_Nr_504880",-0.193600887807795,0.882368201455924,-0.219410544813775
"vm(ID, ginv)_Nr_500260",-0.409762455022102,0.884000520493985,-0.463531916014172
"vm(ID, ginv)_Nr_500366",-0.855451807093278,0.890944994842625,-0.960162313100355
"vm(ID, ginv)_Nr_502432",-0.248085857573095,0.873945127184547,-0.283868917917438
"vm(ID, ginv)_Nr_501653",-0.133147532833336,0.883682915231728,-0.150673426563216
"vm(ID, ginv)_Nr_502547",-0.835686136748209,0.887792983275706,-0.941307435957381
"vm(ID, ginv)_Nr_501324",-0.926095713544685,0.879771446728966,-1.05265488779836
"vm(ID, ginv)_Nr_503233",-0.62134174683982,0.883701706537504,-0.703112534742458
"vm(ID, ginv)_Nr_502753",-0.584689437318841,0.878770287875976,-0.665349574724539
"vm(ID, ginv)_Nr_503180",1.07203163839322,0.76206924638058,1.40673783056434
"vm(ID, ginv)_Nr_501487",-0.104964566149937,0.876105756520296,-0.119808100070971
"vm(ID, ginv)_Nr_503140",0.535945901986191,0.887650863303772,0.603780071808232
"vm(ID, ginv)_Nr_500098",0.278486287634495,0.778792992420675,0.35758704860568
"vm(ID, ginv)_Nr_501701",-0.363856665545016,0.881373307486413,-0.412829231898
"vm(ID, ginv)_Nr_504047",-0.737839683122662,0.90496095034061,-0.815327647944315
"vm(ID, ginv)_Nr_501884",0.162073128267922,0.880086867925196,0.184155830719312
"vm(ID, ginv)_Nr_503682",0.143045579361257,0.89198949186785,0.160366888472773
"vm(ID, ginv)_Nr_500832",0.0826063230457619,0.890778123086438,0.0927350154935789
"vm(ID, ginv)_Nr_503255",0.0811024879767896,0.882421096395899,0.0919090537477391
"vm(ID, ginv)_Nr_503841",-0.256433571387914,0.875688923090231,-0.29283637673865
"vm(ID, ginv)_Nr_500835",-0.744461601537873,0.873739991611294,-0.852040204964163
"vm(ID, ginv)_Nr_504101",-0.520925422247564,0.879015924333675,-0.592623418787827
"vm(ID, ginv)_Nr_503419",0.13617196919974,0.892196354195634,0.152625561132792
"vm(ID, ginv)_Nr_500046",-0.7236624444728,0.885119268780227,-0.817587493570298
"vm(ID, ginv)_Nr_500126",-0.78098593460587,0.889337619268525,-0.878165859269763
"vm(ID, ginv)_Nr_503395",-0.254876044255206,0.889890619252109,-0.286412777864106
"vm(ID, ginv)_Nr_501464",-0.187986646147658,0.893122096395464,-0.21048258340752
"vm(ID, ginv)_Nr_500442",-0.214494282636019,0.887640338760188,-0.241645487783502
"vm(ID, ginv)_Nr_500955",-0.4305745113491,0.881021224223015,-0.488722064248599
"vm(ID, ginv)_Nr_503160",-0.00919845164740479,0.896316845774024,-0.0102625000196904
"vm(ID, ginv)_Nr_501756",-0.240519495557195,0.897649867426161,-0.267943553812176
"vm(ID, ginv)_Nr_501139",-0.337468382650037,0.88514635108712,-0.381257158475053
"vm(ID, ginv)_Nr_500874",-0.548588799137145,0.883285885854239,-0.621077284175775
"vm(ID, ginv)_Nr_502664",-0.52856576484029,0.893297892242422,-0.591701569465752
"vm(ID, ginv)_Nr_502084",-0.416102699591497,0.891132933108314,-0.466936732031787
"vm(ID, ginv)_Nr_501615",0.168898126524984,0.887617525076232,0.19028255048308
"vm(ID, ginv)_Nr_503854",-0.430511695248394,0.88150630224175,-0.48838186880067
"vm(ID, ginv)_Nr_500109",-0.730197548577896,0.892120505992543,-0.818496541300217
"vm(ID, ginv)_Nr_503992",-0.613750822342068,0.881559780011796,-0.696210099709694
"vm(ID, ginv)_Nr_504895",-0.131250273572169,0.884953817682938,-0.148313133351772
"vm(ID, ginv)_Nr_500516",-0.232460791666975,0.891800519063627,-0.260664561970713
"vm(ID, ginv)_Nr_500929",-0.11568833394684,0.870293093229319,-0.13293031376081
"vm(ID, ginv)_Nr_501097",-1.20850303764833,0.884615950136861,-1.3661329952974
"vm(ID, ginv)_Nr_504910",-0.647712157091617,0.877579877387016,-0.738066327386827
"vm(ID, ginv)_Nr_503471",-0.16057008947952,0.878335146386938,-0.18281186872691
"vm(ID, ginv)_Nr_502197",0.222116774301762,0.892587597503513,0.248845911508297
"vm(ID, ginv)_Nr_503858",0.0574294277785676,0.883912039023115,0.0649718809600531
"vm(ID, ginv)_Nr_504966",-0.147008094274532,0.890201303704471,-0.165140281937102
"vm(ID, ginv)_Nr_501005",-0.012997107379158,0.8904952699497,-0.014595369361021
"vm(ID, ginv)_Nr_502309",0.170399391432122,0.889456198036956,0.191577046523703
"vm(ID, ginv)_Nr_502747",-0.31839567230391,0.885454702321019,-0.359584371136443
"vm(ID, ginv)_Nr_501204",-0.447283436640774,0.893624668258016,-0.500527181632848
"vm(ID, ginv)_Nr_500707",-0.203122560842127,0.883520456762227,-0.22990136706794
"vm(ID, ginv)_Nr_503066",-0.625745244865536,0.87493254986992,-0.715192553938665
"vm(ID, ginv)_Nr_502097",-0.706114566127344,0.882046801068442,-0.800540929655901
"vm(ID, ginv)_Nr_503707",0.00353613410790509,0.881407284528233,0.00401191840591354
"vm(ID, ginv)_Nr_500536",-0.517551605987244,0.880900538862491,-0.587525586776869
"vm(ID, ginv)_Nr_502055",-0.0422697313462166,0.891487479692196,-0.0474148345423887
"vm(ID, ginv)_Nr_500554",0.218861773702553,0.887255504018215,0.246672770933929
"vm(ID, ginv)_Nr_504539",-0.502159963090836,0.886530890224363,-0.566432561603973
"vm(ID, ginv)_Nr_503917",-0.0446994507460141,0.886473459771268,-0.0504239018701673
"vm(ID, ginv)_Nr_502943",-0.393236404067062,0.892458754121111,-0.44062137577923
"vm(ID, ginv)_Nr_503756",0.271055039543295,0.892410249797729,0.303733669133374
"vm(ID, ginv)_Nr_500729",0.0209185477271008,0.890260935043795,0.0234970972033854
"vm(ID, ginv)_Nr_501997",-0.455314978337113,0.886208475396448,-0.513778632204377
"vm(ID, ginv)_Nr_502609",-0.436017430589994,0.890944892127747,-0.489387653986882
"vm(ID, ginv)_Nr_501733",-0.689914253455386,0.886384993045962,-0.778346044741319
"vm(ID, ginv)_Nr_500541",0.114723907884473,0.883335341338797,0.129875826897853
"vm(ID, ginv)_Nr_500513",-0.579774000697136,0.877286624243796,-0.660871811646382
"vm(ID, ginv)_Nr_504297",-0.0151100160076309,0.89387140589271,-0.016904015396421
"vm(ID, ginv)_Nr_500904",0.298354277294817,0.868900386945343,0.343369944101066
"vm(ID, ginv)_Nr_503486",-0.446121608727537,0.89369256255491,-0.499189125455128
"vm(ID, ginv)_Nr_504575",-0.0394283989534855,0.884175289043719,-0.0445934187960957
"vm(ID, ginv)_Nr_504066",-0.473585668611916,0.889039978179811,-0.532693332398301
"vm(ID, ginv)_Nr_502627",0.268687375304657,0.897533185475555,0.299362051066996
"vm(ID, ginv)_Nr_500624",-0.266674962576844,0.893275352009531,-0.298536125481271
"vm(ID, ginv)_Nr_501050",0.0700984044643591,0.88511121762889,0.0791972839889484
"vm(ID, ginv)_Nr_500906",-0.220781914545056,0.885562357900641,-0.249312668470296
"vm(ID, ginv)_Nr_504054",-0.639943342066439,0.883779497292681,-0.724098425033399
"vm(ID, ginv)_Nr_502228",-0.664451732628277,0.886416524992556,-0.749593124557168
"vm(ID, ginv)_Nr_500802",-0.312884425499506,0.881210927354829,-0.355061899242109
"vm(ID, ginv)_Nr_502802",-0.244736803203224,0.888424861659386,-0.275472708796226
"vm(ID, ginv)_Nr_501137",-0.179130868512655,0.891776923195183,-0.20086959401331
"vm(ID, ginv)_Nr_501484",0.0974584030488038,0.884236430551338,0.110217583987166
"vm(ID, ginv)_Nr_504010",-0.265103563226891,0.890280296317239,-0.297775390878049
"vm(ID, ginv)_Nr_504974",0.160746822785948,0.883584742902842,0.181925756501687
"vm(ID, ginv)_Nr_500214",-0.88856381588699,0.86872896283225,-1.0228320384186
"vm(ID, ginv)_Nr_502431",-0.434558880534728,0.884584432499268,-0.491257662433583
"vm(ID, ginv)_Nr_501751",-0.370737604937202,0.879930386932535,-0.421326062200904
"vm(ID, ginv)_Nr_503347",-0.408948775104908,0.893597297081737,-0.457643254338874
"vm(ID, ginv)_Nr_502065",-0.601881033129151,0.876927899692325,-0.686351789400615
"vm(ID, ginv)_Nr_503790",-0.207650064065691,0.885710743893388,-0.234444558223272
"vm(ID, ginv)_Nr_500688",-0.703892338702253,0.8867153457626,-0.793819958192881
"vm(ID, ginv)_Nr_503207",-0.789391405189222,0.880618405048734,-0.896405753801542
"vm(ID, ginv)_Nr_502318",0.687021506126513,0.848850551584329,0.809355080048224
"vm(ID, ginv)_Nr_504637",-0.577866307543387,0.888765861710786,-0.650189585850037
"vm(ID, ginv)_Nr_504110",-0.455483256167461,0.876504191355085,-0.519658959603238
"vm(ID, ginv)_Nr_502807",-0.405501999869596,0.876019524115909,-0.462891509500127
"vm(ID, ginv)_Nr_500007",0.176990087451178,0.890175742741847,0.198826005869388
"vm(ID, ginv)_Nr_503423",0.0743043571416215,0.893565869843868,0.083154873803097
"vm(ID, ginv)_Nr_503210",-0.495575452906291,0.893708318979078,-0.554515877699793
"vm(ID, ginv)_Nr_504502",-0.260753895529231,0.876868716026157,-0.297369367572982
"vm(ID, ginv)_Nr_502321",-0.574058817261991,0.891158564665248,-0.644171351792628
"vm(ID, ginv)_Nr_501634",-0.343523358362503,0.876355285639958,-0.39199096986292
"vm(ID, ginv)_Nr_504112",-0.142277798539596,0.890265380941092,-0.159815041206247
"vm(ID, ginv)_Nr_501780",-0.594698964577675,0.878979006476209,-0.676579258658064
"vm(ID, ginv)_Nr_503825",-0.119973538255118,0.885399690307099,-0.135502123581616
"vm(ID, ginv)_Nr_503986",0.0167543370784202,0.88263557577596,0.0189821683356585
"vm(ID, ginv)_Nr_504965",-0.00686261905672314,0.881622786985888,-0.00778407631702127
"vm(ID, ginv)_Nr_503977",-0.722410544774526,0.891779856799386,-0.810077217226313
"vm(ID, ginv)_Nr_502926",0.108079525151555,0.735610290894497,0.146924977110001
"vm(ID, ginv)_Nr_500757",-0.239434358710402,0.886050072195869,-0.270226668022293
"vm(ID, ginv)_Nr_502942",-0.366317934118429,0.888569034505984,-0.412256020515153
"vm(ID, ginv)_Nr_502246",-0.505919326057166,0.892407518502775,-0.566915131896205
"vm(ID, ginv)_Nr_504510",-0.660912677413633,0.891918710155526,-0.741001023847104
"vm(ID, ginv)_Nr_503334",-0.212994379711962,0.888293269945196,-0.239779346437133
"vm(ID, ginv)_Nr_503353",0.172314323620781,0.883077708763513,0.19512928693677
"vm(ID, ginv)_Nr_503023",-0.664491515534362,0.891870638314044,-0.745053696117286
"vm(ID, ginv)_Nr_501781",-0.24882230341531,0.881525266173712,-0.282263382529387
"vm(ID, ginv)_Nr_503208",0.0508641201132805,0.879615119090218,0.057825427291301
"vm(ID, ginv)_Nr_501220",-0.498069468318889,0.892935281574318,-0.557788989411138
"vm(ID, ginv)_Nr_500942",-0.35032144187192,0.872040681600174,-0.401726030979528
"vm(ID, ginv)_Nr_501111",-0.12346833481409,0.893416864049061,-0.13819790042301
"vm(ID, ginv)_Nr_500640",-0.275015644814418,0.887531721305789,-0.309865707571329
"vm(ID, ginv)_Nr_501452",0.163219610002201,0.88776753911155,0.183853996470232
"vm(ID, ginv)_Nr_500979",-0.0582536046924601,0.881321781376495,-0.0660979972621084
"vm(ID, ginv)_Nr_504728",-0.567963367856421,0.880759673895143,-0.644856235690962
"vm(ID, ginv)_Nr_502505",-0.147697683382529,0.888085067231774,-0.166310288093137
"vm(ID, ginv)_Nr_502147",1.61314259283252,0.733685076078678,2.19868530167503
"vm(ID, ginv)_Nr_503536",1.2749435106367,0.757277691942685,1.68358783601035
"vm(ID, ginv)_Nr_500851",-0.350742493452338,0.888288648830811,-0.39485193682706
"vm(ID, ginv)_Nr_502549",-0.796884989671608,0.87931484185992,-0.906256725959546
"vm(ID, ginv)_Nr_501848",-0.414262426572937,0.896988288491367,-0.461837051707419
"vm(ID, ginv)_Nr_502063",-0.159522934590346,0.89391321344077,-0.178454610796416
"vm(ID, ginv)_Nr_501597",-0.216890089050281,0.8769521606197,-0.247322600695818
"vm(ID, ginv)_Nr_504398",0.173579227996301,0.874704100146928,0.198443368411265
"vm(ID, ginv)_Nr_504796",-1.20796627193369,0.879284094416212,-1.37380657696953
"vm(ID, ginv)_Nr_503390",-0.662474197636829,0.887073291042454,-0.746808864979257
"vm(ID, ginv)_Nr_503544",-0.0439763235161578,0.894576541689417,-0.049158815894175
"vm(ID, ginv)_Nr_502909",-0.671622962233733,0.887453831882468,-0.756797636232056
"vm(ID, ginv)_Nr_501885",0.0499851204821766,0.890210035346003,0.0561498056610299
"vm(ID, ginv)_Nr_501096",-0.626333861218244,0.887411973655353,-0.705798298662009
"vm(ID, ginv)_Nr_504501",0.0748336601731505,0.886337770703765,0.0844301829918988
"vm(ID, ginv)_Nr_501803",-0.552698653788761,0.89671906094275,-0.616356535577253
"vm(ID, ginv)_Nr_502049",-0.415627841877306,0.887093200591353,-0.468527818272354
"vm(ID, ginv)_Nr_502239",-0.497677707811481,0.89418751432636,-0.556569734913385
"vm(ID, ginv)_Nr_504658",0.181869673317685,0.734432328534574,0.24763298979577
"vm(ID, ginv)_Nr_503595",0.00720850933470654,0.875191438438933,0.00823649434638467
"vm(ID, ginv)_Nr_502274",-0.605857321916942,0.888877767363296,-0.68159801511755
"vm(ID, ginv)_Nr_504650",-0.200965309695224,0.883835349738372,-0.227378673816014
"vm(ID, ginv)_Nr_503331",0.770407530273304,0.766293293786875,1.00536901016854
"vm(ID, ginv)_Nr_500409",-0.447088602774689,0.881218913054718,-0.507352482057915
"vm(ID, ginv)_Nr_500287",-0.427071828830349,0.883900684496752,-0.483167211340607
"vm(ID, ginv)_Nr_503418",-0.422545253473485,0.875507242850148,-0.482629078084975
"vm(ID, ginv)_Nr_501869",0.195080370317543,0.891772444765128,0.218755772801348
"vm(ID, ginv)_Nr_500392",-0.127023133528952,0.877984466688174,-0.144675832373314
"vm(ID, ginv)_Nr_500565",-0.0980315120577076,0.873944705687321,-0.112171298046379
"vm(ID, ginv)_Nr_500696",-0.338319565815086,0.884988590303283,-0.382286923833837
"vm(ID, ginv)_Nr_502918",-0.702492002017488,0.893539297542968,-0.786190382391891
"vm(ID, ginv)_Nr_500318",-0.985501898988111,0.889493039726123,-1.10793660543038
"vm(ID, ginv)_Nr_503136",-0.48145508632746,0.885714358655605,-0.543578278507581
"vm(ID, ginv)_Nr_502132",-0.362309534999836,0.876099395762592,-0.41354843611605
"vm(ID, ginv)_Nr_504805",-0.831642616605949,0.886908220070881,-0.937687347783838
"vm(ID, ginv)_Nr_504004",-0.952793172076668,0.888176521613568,-1.07275203621202
"vm(ID, ginv)_Nr_502791",-0.383678489254583,0.883399775817326,-0.434320338036764
"vm(ID, ginv)_Nr_501896",-0.337874003661117,0.887294949526064,-0.380791081749747
"vm(ID, ginv)_Nr_500166",-0.285534181587552,0.89385104010109,-0.319442690982671
"vm(ID, ginv)_Nr_501913",-1.08539890553909,0.882898408878061,-1.22935877403874
"vm(ID, ginv)_Nr_503378",-0.700584296065856,0.886921867128411,-0.789905314133408
"vm(ID, ginv)_Nr_500778",-0.741263808408039,0.881168734988549,-0.841227995246191
"vm(ID, ginv)_Nr_502748",-0.33693621273141,0.876584603887786,-0.384373865610971
"vm(ID, ginv)_Nr_504550",-0.504696649274335,0.887232247198176,-0.568843897263807
"vm(ID, ginv)_Nr_502225",0.0712254916608181,0.873648138143223,0.0815265191455621
"vm(ID, ginv)_Nr_503087",1.20921325368329,0.749223867789458,1.61395452770478
"vm(ID, ginv)_Nr_500821",-0.496269098450223,0.884029418594147,-0.561371700999983
"vm(ID, ginv)_Nr_501834",-0.597937851180309,0.893955422422345,-0.668867637225221
"vm(ID, ginv)_Nr_504515",-0.708672472405729,0.885114216173135,-0.800656524837815
"vm(ID, ginv)_Nr_504340",-0.053650497750563,0.891779844883812,-0.0601611463393782
"vm(ID, ginv)_Nr_502067",-0.378192550375396,0.888673313448929,-0.425569829375921
"vm(ID, ginv)_Nr_500379",-0.639099320697888,0.880469724116462,-0.725861779448708
"vm(ID, ginv)_Nr_502254",0.00717871037482764,0.884252678738984,0.00811839256745602
"vm(ID, ginv)_Nr_502213",-0.11110004263172,0.891260258999946,-0.12465499444167
"vm(ID, ginv)_Nr_502962",-0.165744162755575,0.886159040110032,-0.187036587399701
"vm(ID, ginv)_Nr_500885",-0.379567518064556,0.886318661722044,-0.428251750140393
"vm(ID, ginv)_Nr_501723",-0.745449855506124,0.888674570851693,-0.838833336697927
"vm(ID, ginv)_Nr_504537",-0.411731785039394,0.891542105519841,-0.461819786738306
"vm(ID, ginv)_Nr_503355",-0.230534486138767,0.887579636211565,-0.259733861316097
"vm(ID, ginv)_Nr_501016",-0.0577900457008206,0.888176889737505,-0.0650659191525464
"vm(ID, ginv)_Nr_501623",-0.500075381659197,0.889572998901729,-0.562152158706023
"vm(ID, ginv)_Nr_501575",-0.346807860202907,0.881967472833902,-0.393220692242263
"vm(ID, ginv)_Nr_503578",-0.352354822853914,0.892214204689925,-0.394921781116866
"vm(ID, ginv)_Nr_502972",-0.202235682067224,0.884175728151648,-0.228727927750283
"vm(ID, ginv)_Nr_504866",-0.143562457121777,0.89027364199396,-0.161256551188282
"vm(ID, ginv)_Nr_501614",-0.658742814297954,0.886549150849805,-0.743041503865311
"vm(ID, ginv)_Nr_503923",-0.269125615313955,0.895181357013911,-0.300638092164572
"vm(ID, ginv)_Nr_502834",-0.556571394455795,0.896575898721496,-0.620774432203072
"vm(ID, ginv)_Nr_501458",-0.319045199144291,0.900215715156004,-0.354409719551499
"vm(ID, ginv)_Nr_502226",0.0378963530526144,0.888565197256256,0.0426489279229393
