"","Np2_501856","Np2_500624","Np2_504712","Np2_502609","Np2_501221","Np2_503172","Np2_503387","Np2_503481","Np2_502286","Np2_504197","Np2_504277","Np2_504588","Np2_503259","Np2_501185","Np2_503137","Np2_503368","Np2_502925","Np2_502553","Np2_504952","Np2_502225","Np2_501595","Np2_502477","Np2_504089","Np2_503683","Np2_504678","Np2_500159","Np2_504371","Np2_503225","Np2_501690","Np2_502828","Np2_500112","Np2_504453","Np2_504103","Np2_501195","Np2_502259","Np2_501010","Np2_503412","Np2_503035","Np2_504218","Np2_502051","Np2_501074","Np2_501411","Np2_504338","Np2_502103","Np2_504077","Np2_501904","Np2_504861","Np2_502835","Np2_502407","Np2_504107","Np2_501943","Np2_504748","Np2_503466","Np2_501800","Np2_501870","Np2_502763","Np2_504606","Np2_504028","Np2_500643","Np2_502430","Np2_502536","Np2_503705","Np2_500463","Np2_500621","Np2_500033","Np2_502138","Np2_501626","Np2_503084","Np2_501094","Np2_500203","Np2_504960","Np2_500158","Np2_500765","Np2_504550","Np2_504514","Np2_501409","Np2_500646","Np2_500306","Np2_504220","Np2_504675","Np2_501494","Np2_501815","Np2_503854","Np2_503803","Np2_504008","Np2_503932","Np2_502747","Np2_500835","Np2_502378","Np2_501178","Np2_501454","Np2_500669","Np2_502318","Np2_500631","Np2_502064","Np2_502214","Np2_503616","Np2_501254","Np2_502161","Np2_502575"
"Np2_501856",0.9893265,-0.01207468,-0.0139301,-0.00823756,-0.01829191,-0.02215031,0.01141037,-0.00663004,-0.01948428,-0.00025307,-0.01540838,-0.01099183,-0.00940255,-0.03835803,-0.01670416,-0.01739459,-0.00276401,-0.01417498,-0.01033785,-0.02809987,-0.02044849,-0.02052758,0.03071758,-0.01806229,-0.00124164,-0.01823262,0.00552464,0.0025529,0.01017084,-0.00326284,-0.01093099,-0.00304233,-0.01460082,-0.02073596,-0.01647603,-0.00776002,-0.0032887,-0.0210842,-0.01170359,-0.00603384,-0.00486583,-0.01898087,-0.00966867,-0.00701782,0.01280041,-0.00676993,-0.01310278,-0.00747866,0.01693564,0.00837625,0.00356883,0.00535279,-0.00827558,-0.00954551,-0.02280429,-0.02069639,0.00160693,-0.01582054,-0.01867215,0.00558092,0.00458324,0.01132672,-0.02235412,-0.01580837,-0.0290063,-0.01073024,-0.00920178,-0.00667109,-0.00646424,-0.01019338,-0.01597261,-0.01982653,-0.00555781,-0.00365218,-0.01683954,0.00478095,-0.0193261,-0.02317084,-0.01432097,-0.01495821,-0.01956791,-0.02618817,-0.029785,-0.0038788,0.00115675,-0.00842157,-0.00108651,-0.01700678,-0.02202409,-0.01483808,-0.01442895,0.00858005,-0.01053101,-0.013848,-0.01255677,-0.02561328,-0.00646576,-0.01356663,-0.01136748,0.00043587
"Np2_500624",-0.01207468,1.00226467,-0.01065571,-0.00329023,-0.00345904,-0.01157583,-0.00189256,-0.0101995,-0.01286402,-0.00230167,-0.02277998,-0.00954246,0.00710331,-0.00588327,-0.02346741,-0.01959528,-0.02062949,-0.01515899,-0.00158839,-0.02208796,-0.01169902,-0.02622625,-0.031861,-0.00307731,-0.00678819,-0.0058331,0.12362355,-0.02747943,-0.02062187,-0.02736383,-0.00522323,-0.03048918,-0.02136409,-0.01837409,0.00367986,0.00311866,-0.00503313,-0.01324726,-0.01512096,-0.00777827,-0.02166676,-0.02133365,-0.01932155,-0.01484566,-0.03107168,-0.01292483,-0.00511373,-0.00755015,-0.02343855,-0.03154163,-0.01490499,-0.00201879,0.01431367,-0.0223922,-0.01983408,-0.00860105,-0.02051695,-0.02638593,-0.00885809,-0.00604906,-0.02468866,-0.00334498,-0.01390883,0.01332056,-0.01615056,-0.0205352,-0.0193109,-0.00735093,0.02342512,0.00098947,-0.01497951,-0.02309183,-0.02479205,0.01026819,-0.01675895,0.00851161,-0.0089037,-0.00788169,0.05723978,-0.0141172,-0.02678742,-0.02215337,-0.02711898,-0.03619252,-0.02203168,-0.02202866,-0.01621444,0.01014499,0.00680064,0.01337837,-0.0003565,-0.02464608,0.01160198,-0.01407157,-0.01049907,-0.00043862,-0.01976868,-0.00998807,-0.01067854,-0.01225872
"Np2_504712",-0.0139301,-0.01065571,0.97558521,-0.02309173,-0.01900212,-0.01845005,0.00461669,0.0014807,-0.01928199,-0.00674254,-0.01703112,-0.00561865,-0.00965651,0.02343874,-0.02060817,0.00425168,-0.00453884,-0.01275601,-0.00283548,0.00951534,-0.02404833,-0.00025003,-0.02002871,-0.02348715,-0.01761665,-0.01240317,-0.02469012,-0.00317615,-0.03890245,-0.00975231,-0.00053899,-0.01500686,-0.01470271,-0.0159711,-0.00699653,-0.03326015,-0.0135803,-0.02346736,0.00020926,-0.03183814,-0.03751403,0.02654282,-0.01980819,0.00154913,0.00980888,-0.01888654,-0.00955461,0.01812189,0.00405854,-0.00617376,-0.02147504,-0.03550792,-0.01963178,-0.02516011,-0.02762081,-0.00802311,-0.0219161,0.03015941,-0.02440118,0.00274148,-0.03490875,-0.02329857,-0.01530799,-0.0184957,-0.0053829,0.0013347,-0.00428485,-0.00266667,0.01214035,-0.0067973,-0.01135986,-0.00487192,-0.02071612,-0.00253739,-0.0172456,-0.00277313,-0.0110633,-0.02829154,0.00504405,0.00288596,-0.0071988,0.00260613,-0.01102831,0.00255898,-0.0257121,-0.02129861,0.00383041,0.00205405,-0.03018648,0.00042066,0.00022143,0.01988454,-0.00941621,0.00825457,0.01775837,-0.02145677,-0.01341148,-0.02735618,-0.01679236,0.00611322
"Np2_502609",-0.00823756,-0.00329023,-0.02309173,1.00552888,-0.0102679,0.00214683,-0.00048881,-0.02476479,-0.02256252,0.00761886,-0.01590115,-0.00418448,0.00531326,-0.01938389,-0.02206367,-0.02351452,-0.03336971,-0.01284272,-0.00642014,-0.01429664,-0.01926833,-0.00870143,-0.02771972,-0.00745281,0.00358861,-0.0155316,-0.02371226,-0.00600039,0.00040089,-0.02596008,-0.00169028,-0.00612053,-0.01889574,-0.02335794,-0.02092303,-0.00308187,-0.00849611,0.02009445,-0.01219636,-0.00089944,-0.0074878,-0.00974017,0.00094079,-0.02135035,-0.0016842,-0.02338375,-0.01344346,-0.01238192,-0.0262932,-0.00641254,-0.01654295,-0.0124777,-0.02123936,-0.00699656,-0.00671975,-0.00582854,-0.0192653,0.01775386,-0.0247921,-0.00875162,-0.00898888,0.00672765,0.00315973,0.00772837,-0.00121121,-0.01046258,0.01235785,0.01519277,-0.02003637,-0.00125685,-0.01372785,0.00036439,-0.01426319,-0.00277617,-0.00288416,-0.01761212,-0.01343129,-9.035e-05,-0.01785545,-0.00556542,-0.02082112,-0.01436204,0.01869374,-0.01562593,-0.01621748,-0.02123326,-0.01648364,-0.00487647,-0.01339174,-0.01396209,-0.01811552,-0.02309026,-0.01634677,-0.01175531,-0.01411414,-0.0070954,0.00885836,-0.02394495,-0.01109982,-0.0105508
"Np2_501221",-0.01829191,-0.00345904,-0.01900212,-0.0102679,0.98252734,-0.01718471,-0.02590381,-0.01687301,-0.00341646,0.01520638,-0.00968236,-0.00906794,-0.00261192,-0.00738587,-0.02086368,-0.02185828,-0.00220889,-0.03247846,-0.00628477,-0.01081539,-0.00681403,-0.0195162,-0.01830712,-0.00838204,-0.01422211,-0.00490233,-0.02874777,-0.01940061,-0.01117431,-0.03008307,-0.0120488,-0.02119369,-0.00142261,-0.00634106,-0.00390617,-0.02286969,0.00456651,0.00639001,-0.01996942,-0.00319744,-0.00081275,-0.00945271,-0.01534906,-0.02897129,0.00499083,-0.01016903,-0.00235794,-0.00935691,-0.02357235,-0.0225503,-0.01686383,-0.00260887,-0.01182677,-0.01400921,-0.01297196,0.03658655,0.00474749,-0.02226135,-0.0016918,-0.00040364,-0.00930976,-0.02583537,-0.00126748,-0.0033906,-0.01810939,-0.01732313,-0.01838012,0.00027162,-0.03450116,-0.00553196,-0.0123758,-0.01349215,0.00260156,-0.01693682,0.01687024,0.00046933,-0.00949378,-0.02413658,0.0155866,-0.00299669,-0.02022947,-0.02031007,-0.00793794,-0.00803835,0.00992446,-0.02505208,-0.008744,-0.01888502,-2.494e-05,0.00548815,0.01304526,-0.02280277,0.01557444,-0.01435747,0.00457563,0.00429427,-0.00606273,-0.03019715,-0.01385407,-0.02501563
"Np2_503172",-0.02215031,-0.01157583,-0.01845005,0.00214683,-0.01718471,0.98013319,-0.00710149,-0.01708137,-0.01396661,-0.00142717,-0.01703872,-0.01977019,-0.01240167,0.0013788,-0.01772615,-0.02480417,-0.00226516,0.01187421,-0.029458,-0.00661327,-0.00702239,-0.02200584,-0.01395291,-0.01604258,-0.01017208,-0.01469206,-0.0014287,-0.00151082,-0.00727637,-0.02344759,-0.00130702,-0.00087055,-0.01912079,-0.01065572,0.00440225,-0.01562586,-0.02058383,-0.00887479,-0.00679426,-0.02226438,0.00445397,0.00189741,0.00025946,0.00169361,-0.00601559,-0.02132751,-0.01442895,-0.00028806,0.02032409,-0.0089189,-0.02057013,0.00296201,-0.01340389,-0.00859041,-0.01287615,-0.00666195,-0.01660072,-0.01227998,-0.01437116,-0.00806418,-0.0159057,-0.00505593,-0.02003024,-0.00268644,0.00069289,-0.01266476,-0.00277161,-0.03841441,0.04239772,-0.02581556,-0.01380082,-0.01963185,-0.00338603,0.00019254,-0.00691138,-0.00156405,-0.02217312,0.00196585,-0.00332824,-0.02449699,-0.01161689,0.0130924,0.01071227,-0.0135697,-0.01629045,-0.02723754,-0.01427534,-0.02228716,-0.02091689,-0.01707677,0.01162023,0.01424979,-0.0188531,-0.01365331,-0.02848313,-0.01233928,0.00498322,-0.02918881,-0.01786456,-0.0083425
"Np2_503387",0.01141037,-0.00189256,0.00461669,-0.00048881,-0.02590381,-0.00710149,1.01486517,-0.01515448,-0.01386475,0.00673525,-0.01298264,-0.00978276,0.00230044,-0.01144657,-0.01458258,-0.01542512,-0.00885504,-0.01676807,-0.00319745,-0.00514263,-0.01908735,-0.02540196,0.01398062,-0.01396361,-0.013264,-0.00987554,-0.00376017,-0.01220701,-0.02040593,-0.02060821,-0.02264919,0.00105638,-0.01536888,-0.00310165,-0.00431681,-0.03240552,-0.01409439,-0.0067958,-0.02783229,-0.02626885,-0.01977787,-0.01199257,-0.01606389,0.01365817,-0.00956376,-0.0082984,-0.01067703,-0.00277162,-0.00040972,-0.02144013,-0.00084925,0.01933706,-0.02181883,0.0138681,-0.00547418,-0.01036221,-0.0247115,-0.02023866,0.00504559,-0.00659353,-0.02097476,0.00812533,-0.0146054,-0.01612018,-0.020193,-0.01043369,0.00250119,-0.01337049,-0.0145324,0.0056159,-0.01354688,-0.00553807,-0.01058424,-0.01947669,-0.0002698,-0.02762089,-0.00975235,-0.02180972,-0.01691405,-0.00508027,-0.01257961,-0.01843946,-0.01017362,-0.01316367,-0.01846987,-0.00995005,-0.01432555,-0.0161019,-0.02750682,-0.02822926,-0.01154696,-0.0057236,0.00436576,-0.01355145,-0.00663307,-0.02546885,0.00173924,0.00041762,0.00824395,-0.0064156
"Np2_503481",-0.00663004,-0.0101995,0.0014807,-0.02476479,-0.01687301,-0.01708137,-0.01515448,1.04509785,-0.0201946,-0.03122837,0.0003066,-0.01885016,-0.01893382,-0.01290965,0.00068377,0.02295824,-0.01092647,-0.00986644,-0.02716924,-0.01694753,-0.00625438,-0.00724599,-0.00618899,0.01194879,-0.00909991,-0.02426593,-0.00294196,-0.03344127,-0.00529168,0.00865003,-0.00555783,0.00081,-0.00542552,-0.01262528,-0.00349859,-0.00603691,-0.00506356,-0.00856305,-0.00191994,-0.02955699,-0.00800947,-0.0043305,-0.00034129,-0.00894478,-0.02410624,-0.02481797,-0.01913608,-0.02689553,-0.02727118,-0.01453851,-0.00641864,-0.01147853,-0.00761708,0.00175902,0.00431711,-0.02338383,-0.00031999,-0.01744335,-0.00888853,-0.02569858,-0.02122118,-0.02816544,0.00659231,-0.02640426,-0.00614336,-0.00596542,0.00164648,-0.01118352,-0.00413279,-0.01394538,-0.02641641,-0.01506174,-0.0038347,-0.01911476,-0.03747314,0.01684594,-0.00771746,-0.01110594,-0.0296315,-0.0190144,-0.01966988,-0.00849612,-0.00707413,0.00058188,-0.01445788,0.00166625,-0.00727184,-0.00889611,-0.00843834,-3.559e-05,-0.0016036,0.00984696,-0.01519552,-0.01881669,-0.00368566,-0.01202755,0.00103661,-0.01838324,0.00617255,-0.00772658
"Np2_502286",-0.01948428,-0.01286402,-0.01928199,-0.02256252,-0.00341646,-0.01396661,-0.01386475,-0.0201946,1.0056962,0.00245556,-0.01315601,-0.02121047,-0.02311917,0.00556571,-0.01871018,-0.01331721,-0.01982649,-0.02484989,-0.0194919,-0.01079107,-0.0174357,-0.0237503,-0.00718057,0.0019841,0.0183485,-0.01339479,-0.01199407,0.00799908,-0.01616881,0.00081456,-0.01658705,-0.00504833,-0.00109411,0.0114773,-0.00692355,-0.01417652,-0.01624488,-0.00438371,0.00879906,-0.02552969,-0.01645326,-0.02129107,-0.01091426,-0.01084886,-0.01080173,-0.0113614,-0.00948163,-0.01480769,-0.01472708,-0.0109675,-0.00999567,-0.01444721,-0.01012952,-0.00698896,-0.01294766,-0.02620039,0.00020926,-0.01782656,0.02920591,-0.02699428,-0.00396245,-0.01957557,-0.01340999,-0.02131237,-0.00348489,0.00186396,-0.02063709,-0.00304994,-0.01592245,-0.02543083,-0.01691404,-0.00692813,-0.01349515,-0.00961241,-0.01063294,0.00064575,-0.00323395,-0.02319976,-0.00355181,-0.00297237,0.00990776,-0.00370845,-0.01141159,-0.01516207,-0.00784518,-0.00038995,-0.02179902,-0.00045839,-0.00182564,-0.00802313,-0.01354536,-0.01547837,-0.0064536,0.00072331,-0.01532322,-0.01165035,0.00202212,0.00541515,-0.01154848,-0.01023902
"Np2_504197",-0.00025307,-0.00230167,-0.00674254,0.00761886,0.01520638,-0.00142717,0.00673525,-0.03122837,0.00245556,0.97373863,0.00060012,-0.01323356,-0.01438181,-0.00759726,-0.01149369,-0.03089059,-0.02477682,-0.01885007,0.01053737,-0.00935384,-0.03668204,-0.01972759,-0.01502055,-0.00403088,0.00260004,0.00233846,-0.02698204,-0.01839532,-0.02507335,-0.00945879,-0.01940819,-0.01638626,-0.00878202,-0.00442326,-0.01004889,0.00383802,-0.02013061,-0.03093017,-0.01212029,0.00252248,-0.01075762,-0.01285789,-0.00415406,-0.0157992,-0.01423123,-0.00460119,-0.00591521,-0.01991012,-0.00872727,0.00065944,-0.02163777,-0.00099525,0.0162497,-0.00768093,-0.00344991,0.01569154,-0.00808699,-0.01061008,-0.00281572,-0.01019641,-0.01484413,-0.00292978,-0.00938732,0.01221487,-0.02288332,-0.00278225,0.01076093,-0.01271497,-0.02239364,-0.00893714,-0.0083288,-0.00473048,-0.00962456,-0.01228148,-0.00661025,-0.0199694,0.00048453,-0.03180014,-0.02933784,-0.02237083,-0.01511788,-0.0129172,-0.03354755,-0.01539777,0.00119629,0.00028682,0.01887619,-0.01559845,-0.00419056,-0.00536922,0.00599003,-0.00978274,-0.02250618,-0.0110709,-0.01768812,-0.01112563,-0.01342213,-0.00866035,-0.03763868,-0.00834554
"Np2_504277",-0.01540838,-0.02277998,-0.01703112,-0.01590115,-0.00968236,-0.01703872,-0.01298264,0.0003066,-0.01315601,0.00060012,0.99209788,-0.01135531,-0.0036826,-0.00191689,-0.02254271,0.009161,-0.02487571,-0.0067821,-0.00248873,0.00605998,0.00534671,-0.01252637,-0.01192563,-0.03333015,-0.03004508,-0.0248316,-0.01202448,-0.0247297,-0.02851811,0.00169666,0.00513074,-0.01739766,-0.01344345,0.02011575,0.01099213,0.01043092,-0.01003977,0.01611739,-0.01845466,-0.02114961,-0.01161693,0.00955187,-0.01657183,-0.02456693,0.01243693,-0.00758967,0.02105714,-0.00936301,0.0054699,-0.00415406,-0.00744062,-0.01310884,-0.00711821,-0.02603007,-0.01617185,0.00220919,-0.00058158,-0.03169674,-0.00139372,-0.01698703,-0.01980975,-0.00576618,-0.01420082,-0.01921356,-0.00305905,0.00152936,-0.01169446,-0.0122055,-0.01792996,-0.01177355,-0.01831321,-0.0150191,0.00518093,-0.0151179,-0.01172794,-0.00516391,-0.0123895,-0.01288835,-0.01970327,-0.00011316,-0.02327728,0.00249662,-0.01950251,-0.00789235,-0.01426316,-0.00619961,0.00402508,-0.01204729,-0.01676042,-0.03634146,-0.02224462,-0.00729615,-0.00648401,-0.01436357,-0.00820562,-0.0185246,-0.01367309,-0.01149675,-0.02374572,0.01056629
"Np2_504588",-0.01099183,-0.00954246,-0.00561865,-0.00418448,-0.00906794,-0.01977019,-0.00978276,-0.01885016,-0.02121047,-0.01323356,-0.01135531,1.00199697,-0.00732658,-0.01620683,-0.01341151,-0.00649769,0.00737249,-0.01757411,-0.00552436,-0.02465516,-0.00118688,0.00253617,0.00906824,-0.00655703,-0.00950748,-0.01037741,-0.02418524,-0.01438182,-0.00235337,-0.02111007,-0.00718208,-0.00461641,-0.00704978,-0.01318492,-0.01227087,-0.01374459,-0.01033787,0.00532542,-0.01540688,-0.02418525,-0.01921513,0.01716223,-0.01078652,-0.00935234,-0.00383013,-0.00803985,-0.00555174,-0.03779697,-0.01049301,-0.01585857,-0.0110846,-0.02192372,0.00627139,-0.00549243,-0.00521563,-0.03200396,-0.00924438,-0.00507571,-0.0059502,-0.01469968,-0.01676197,-0.01108309,-0.02544908,-0.00612814,-0.00426964,-0.00500423,0.00610562,-0.0135682,0.00747438,-0.02104468,-0.01191956,-0.0153172,-0.00743607,-0.01724101,-0.00077169,0.00411938,0.00419391,-0.0315888,-0.00585743,-0.02793873,-0.00760641,-0.04601252,-0.01356512,0.00382435,-0.00939036,-0.00041429,-0.01878165,-0.00230775,0.00119174,0.00031725,0.01973705,-0.01367767,-0.01529889,-0.01222829,-0.01397879,0.01524442,-0.01883792,-0.00890522,-0.02799805,-0.01376133
"Np2_503259",-0.00940255,0.00710331,-0.00965651,0.00531326,-0.00261192,-0.01240167,0.00230044,-0.01893382,-0.02311917,-0.01438181,-0.0036826,-0.00732658,1.01399817,-0.02009263,-0.00345753,-0.00642927,-0.01734903,-0.00473048,0.02800291,-0.01272408,-0.01328529,-0.01108309,-0.01337197,-0.03082232,-0.01035156,-0.01395904,-0.00875618,-0.02024473,-0.00730376,-0.01237278,-0.00726574,-0.00500423,-0.01352104,-0.00155798,-0.02786728,-0.00926567,0.00554747,-0.01635438,-0.0244636,-0.00023939,-0.00378604,-0.00679884,-0.00478675,-0.02525287,0.00505927,-0.03352179,-0.01323967,0.00242211,-0.00403697,-0.00301496,-0.00782237,-0.0207907,-0.01632093,-0.02154509,-0.01533693,-0.01155608,-0.00704675,-0.01656579,-0.01211729,-0.01371874,-0.00391834,-0.01998772,-0.01838472,0.00701966,0.00766145,-0.01375676,-0.02743685,-0.01988738,-0.02317847,-0.00287807,-0.02812428,-0.01068618,-0.02211993,-0.02416852,-0.00739503,0.00722953,-0.02022344,-0.00551372,0.00470492,-0.00916378,-0.0198569,-0.00336019,-0.01106332,0.00739077,0.00740747,0.00315212,-0.01339023,-0.01744786,0.0073436,-0.02029798,-0.01213249,0.00874736,0.010472,-0.02858512,-0.03200854,-0.01586465,-0.02226746,0.00348215,-0.0166753,-0.01019492
"Np2_501185",-0.03835803,-0.00588327,0.02343874,-0.01938389,-0.00738587,0.0013788,-0.01144657,-0.01290965,0.00556571,-0.00759726,-0.00191689,-0.01620683,-0.02009263,0.98056821,0.00393536,0.00583032,-0.0049373,-0.00342101,-0.0222446,-0.01506464,-0.01045495,-0.01418409,-0.01556046,0.00166472,-0.02303393,-0.00215566,0.00304718,-0.00646424,-0.03413003,-0.01243206,-0.01051883,0.00482201,-0.00521563,-0.01849877,0.0102469,-0.01708132,-0.01048081,-0.01945536,0.00239625,-0.01535514,-0.02513732,-0.01248529,-0.00515022,-0.02333502,-0.0213108,-0.00955156,0.04662267,0.01057542,-0.02021734,-0.00307426,-0.02354645,-0.00913941,0.01601397,-0.02327731,-0.0216317,-0.00066523,-0.0252042,-0.02727103,-0.01476203,-0.019101,-0.00260888,-0.00590305,-0.0245274,-0.01843792,-0.01414605,-0.00438676,-0.01243966,-0.02694259,-0.01989185,-0.01069373,-0.00339364,-0.02291233,-0.02096251,-0.0158631,-0.0045647,0.00564936,-0.01359096,0.00203125,-0.00691288,0.02256276,-0.01596196,-0.02851353,-0.01021009,-0.02810453,-0.01835424,-0.00238226,-0.00660568,-0.02876142,0.00226546,-0.00864667,-0.0149293,-0.00758511,-0.01817937,-0.01085038,0.01812034,-0.02124691,-0.01304953,-0.02075873,0.01565961,0.00039177
"Np2_503137",-0.01670416,-0.02346741,-0.02060817,-0.02206367,-0.02086368,-0.01772615,-0.01458258,0.00068377,-0.01871018,-0.01149369,-0.02254271,-0.01341151,-0.00345753,0.00393536,0.99635078,0.01273196,-0.02236934,-0.0088383,-0.02872651,-0.0115089,-0.00188039,-0.00515327,-0.00485671,-0.01774443,-0.00016335,-0.02186898,-0.0242704,-0.02191917,-0.02114503,-0.01830561,-0.00148801,0.02221754,0.00016516,-0.01053255,-0.01889572,-0.0080505,-0.01163971,-0.00479738,-0.02340049,-0.0222933,-0.01336895,-0.0125796,-0.01452173,0.00120846,0.00292855,-0.02196478,0.00029443,-0.01780681,-0.0177262,-0.02065838,-0.00812805,-0.00010859,-0.015562,-0.00405674,-0.00089031,-0.01870561,-0.006592,-0.02006525,-0.01044585,-0.01143896,0.02953896,-0.0170996,-0.0133674,-0.00256325,-0.01500078,-0.02212297,-0.0091881,-0.02064931,-0.02013825,-0.01246098,0.07453188,0.00087083,-0.01345256,-0.0180866,-0.03218652,0.00996555,-0.00197469,0.00026402,-0.01080932,-0.00734026,0.01192744,-0.03301833,-0.01425862,-0.02530923,-0.01312557,-0.00795163,-0.00046447,-0.00224083,-0.01425406,-0.01163061,-0.02217163,-0.00843984,-0.00200054,-0.02204694,-0.00220129,0.00147157,-0.02135644,-0.00062568,-0.00907252,0.00136208
"Np2_503368",-0.01739459,-0.01959528,0.00425168,-0.02351452,-0.02185828,-0.02480417,-0.01542512,0.02295824,-0.01331721,-0.03089059,0.009161,-0.00649769,-0.00642927,0.00583032,0.01273196,0.97458739,0.00279471,-0.01181004,-0.0061479,-0.01828275,0.01050847,-0.00493122,-0.02349321,-0.02558289,-0.0040476,-0.02195108,-0.00640644,-0.01926373,-0.01499164,-0.02325443,-0.02210162,-0.00767331,-0.02835692,0.00018341,-0.00437763,-0.01315143,-0.02921162,-0.00579202,-0.00903448,-0.01842118,-0.00919266,-0.01220545,-0.01521217,-0.02564062,-0.03152484,-0.00090704,-0.03339854,0.01100733,-0.02069792,-0.00614029,-0.01003519,-0.02193889,-0.00286894,-0.01219938,-0.00796835,0.00782721,-0.00545744,-0.02470991,-0.00718208,0.00581664,-0.01647297,-0.01581293,-0.00569316,0.01195481,-0.00823906,-0.00562776,-0.01717863,-0.02103558,-0.00759727,-0.00296171,0.01589685,-0.0256742,0.00593223,-0.00965193,-0.01082454,-0.02387951,-0.01437571,-0.02323926,-0.00937058,-0.01411412,-0.00944663,-0.01850024,-0.00719272,-0.01611409,-0.02963285,0.02329578,0.0066014,-0.01464183,-0.01555284,-0.01505858,0.02245933,-0.00015727,0.00917164,0.02440908,-0.0136898,-0.01822952,-0.00121121,0.0073527,-0.01234842,-0.03217884
"Np2_502925",-0.00276401,-0.02062949,-0.00453884,-0.03336971,-0.00220889,-0.00226516,-0.00885504,-0.01092647,-0.01982649,-0.02477682,-0.02487571,0.00737249,-0.01734903,-0.0049373,-0.02236934,0.00279471,0.99609524,-0.01284424,0.00300764,-0.02342326,-0.01318641,0.03023094,-0.01099183,0.00456044,-0.02880712,-0.01963941,-0.01109068,-0.02866264,-0.01176745,-0.01759689,-0.00838355,-0.01022835,-0.00870751,-0.00526126,-0.01453695,-0.01737943,-0.00545592,-0.01534299,0.00650865,-0.00987401,-0.00992269,0.01109402,0.00139553,-0.0228727,-0.02465062,0.16580889,-0.01161995,-0.02166066,-0.02720722,-0.01234539,-0.0203466,-0.02236476,-0.0083136,-0.02327124,-0.02116938,-0.00141957,-0.00649162,-0.01874819,-0.02677071,-0.0038864,-0.03180321,-0.01137205,-0.01220243,-0.01204427,-0.03056519,-0.01654751,-0.01851701,-0.0208531,-0.0051335,-0.00445215,-0.0144898,-0.03066266,0.0115898,0.00634743,-0.01611715,-0.02780335,-0.02012456,-0.01849422,-0.01557568,-0.02184009,-0.01093707,-0.00888848,0.09017233,-0.00300431,-0.00739804,-0.01560761,0.00663183,-0.01643647,-0.03574981,-0.03312638,-0.01385865,-0.01442288,0.00965833,-0.01008388,-0.01365941,-0.02321796,0.00201299,-0.01330048,-0.01399096,-0.0233275
"Np2_502553",-0.01417498,-0.01515899,-0.01275601,-0.01284272,-0.03247846,0.01187421,-0.01676807,-0.00986644,-0.02484989,-0.01885007,-0.0067821,-0.01757411,-0.00473048,-0.00342101,-0.0088383,-0.01181004,-0.01284424,1.00582092,0.00908649,0.00014539,-0.01136596,-0.02026602,-0.02118612,-0.01825697,-0.01664485,-0.0205565,-0.00257846,-0.00798358,0.00343652,-0.00558672,0.01670598,-0.02346437,-0.01753305,0.01070318,0.00249207,-0.00719426,0.00047085,0.00564024,-0.02239218,-0.01657033,-0.00323548,-0.00320658,-0.00514871,-0.01390426,0.00089517,-0.0185231,-0.00128269,-0.00858585,-0.00257391,-0.0077874,-0.00453428,0.01337073,-0.00710149,-0.01962576,-0.02360733,-0.01511183,-0.02733191,-0.00536923,0.0009043,-0.01544947,-0.03256823,-0.01198496,-0.01768208,-0.0039883,-0.02813641,-0.01290204,-0.00103176,-0.02253062,-0.00848394,0.00041002,-0.01510271,-0.02123791,0.01249776,-0.00293434,-0.02038012,-0.01335981,-0.01936871,0.01252668,-0.00417384,-0.00511526,-0.02021886,-0.02577452,-0.01796495,-0.00939649,-0.00998806,-0.01971849,-0.00462705,0.00576342,-0.0021435,-0.01062228,-0.01614449,-0.01032114,-0.01909039,-0.01951777,-0.02278911,0.00126322,-0.02004395,-0.02060516,-0.00973714,0.01712272
"Np2_504952",-0.01033785,-0.00158839,-0.00283548,-0.00642014,-0.00628477,-0.029458,-0.00319745,-0.02716924,-0.0194919,0.01053737,-0.00248873,-0.00552436,0.02800291,-0.0222446,-0.02872651,-0.0061479,0.00300764,0.00908649,0.99296185,-0.02324075,0.00783178,-0.00669541,-0.01537188,-0.00848851,-0.00642014,-0.00835466,-0.01653533,-0.02300506,-0.01052035,-0.00631215,-0.0066802,-0.00715623,-0.01323966,-0.00964132,-0.03473389,-0.00579051,0.01069555,0.01023778,-0.01931546,0.01281714,-0.03057592,-0.0218781,-0.01743264,-0.00261496,-0.01230129,0.00128298,-0.02056257,-0.0039883,-0.00694941,-0.01581293,-0.01240774,-0.00621329,-0.01360618,-0.01168231,-0.01110133,-0.02602699,0.00114306,-0.00776762,-0.02339441,-0.02575628,-0.02158306,-0.03080859,-0.012172,-0.0124701,-0.00483236,-0.01773378,0.00904086,-0.0130663,-0.00996981,-0.00700719,-0.00883222,-0.00462554,-0.01377802,0.00014234,-0.01958469,-0.00237467,-0.01355447,-0.02758893,-0.01387231,-0.01496582,0.02772303,0.01121719,-0.02188417,0.00310954,-0.04082636,-0.02196477,-0.00961089,-0.00119752,0.00260613,0.01861314,-0.02523463,-0.01241536,0.00497409,-0.01613688,-0.02336245,-0.01254156,-0.02213816,-0.01296589,-0.00666044,-0.01204275
"Np2_502225",-0.02809987,-0.02208796,0.00951534,-0.01429664,-0.01081539,-0.00661327,-0.00514263,-0.01694753,-0.01079107,-0.00935384,0.00605998,-0.02465516,-0.01272408,-0.01506464,-0.0115089,-0.01828275,-0.02342326,0.00014539,-0.02324075,0.97659823,-0.01205945,-0.02978043,-0.0197504,-0.00830448,-0.00623611,-0.00345599,-0.02121802,-0.01552091,-0.00911964,-0.01814285,-0.00056485,-0.01716191,-0.00940557,-0.01371568,-0.03531026,-0.00515022,-0.01619161,-0.02258071,-0.01897934,0.00250727,-0.00468941,-0.00313965,0.00358707,-0.01657484,-0.0352342,-0.0301667,-0.00516999,-0.01688362,0.00251184,-0.02460192,-0.03199477,0.01419805,-0.0303036,-0.02260051,0.01067881,-0.01428446,-0.02696077,-0.02978803,-0.02001656,-0.01264499,0.00688884,-0.01678476,-0.01959223,-0.01730488,-0.02076935,-0.02393731,0.20465432,-0.01151349,-0.03138188,0.00245404,0.14069949,-0.03607534,-0.00386054,-0.00788623,-0.01316514,-0.01146784,-0.01032872,0.00574974,-0.02007586,-0.0103713,-0.00889759,0.01124912,-0.02595851,-0.03381535,0.04650242,-0.01356812,-0.0336084,-0.0070969,-0.01409131,-0.00431984,-0.01592546,-0.00538748,-0.00366283,-0.0071319,-0.031391,-0.02102637,-0.00765811,-0.01932152,-0.02989755,-0.03223816
"Np2_501595",-0.02044849,-0.01169902,-0.02404833,-0.01926833,-0.00681403,-0.00702239,-0.01908735,-0.00625438,-0.0174357,-0.03668204,0.00534671,-0.00118688,-0.01328529,-0.01045495,-0.00188039,0.01050847,-0.01318641,-0.01136596,0.00783178,-0.01205945,0.99114265,-0.00722467,-0.00616767,-0.01586162,-0.0121203,-0.00751516,-0.02025837,0.00627442,-0.02276016,-0.00212676,-0.01222827,-0.01909189,-0.01437726,-0.03191881,-0.01092948,-0.00662393,0.00149743,-0.01067092,-7.362e-05,-0.03120854,-0.01620078,0.01029101,-0.02343696,-0.00816302,-0.02089107,0.00318709,-0.01318338,-0.01105724,-0.01432252,-0.01984015,0.00135902,-0.00598212,-0.01139789,-0.00719274,0.00068834,-0.00374344,-0.01976564,-0.00236554,-0.012061,-0.01807292,-0.01754976,-0.00928543,-0.00540117,0.00190502,-0.01266171,-0.02693189,-0.0091303,-0.0067517,-0.02099296,-0.01377194,-0.00601559,-0.00880487,0.00059708,-0.00829534,0.00209057,-0.01750412,-0.02320885,-0.03268076,-0.00968693,-0.01762427,-0.01006714,0.00156282,-0.01115912,-0.00411149,-0.02280122,-0.00561256,-0.01926526,-0.00887479,0.07005901,0.01245671,-0.02834934,-0.03134694,-0.02429929,-0.00100134,-0.00153515,0.00183354,-0.00244006,-0.00817217,-0.00323547,-0.01530955
"Np2_502477",-0.02052758,-0.02622625,-0.00025003,-0.00870143,-0.0195162,-0.02200584,-0.02540196,-0.00724599,-0.0237503,-0.01972759,-0.01252637,0.00253617,-0.01108309,-0.01418409,-0.00515327,-0.00493122,0.03023094,-0.02026602,-0.00669541,-0.02978043,-0.00722467,0.998894,-0.03073251,-0.01305108,0.0025529,-0.02036942,-0.00345599,-0.00551524,-0.01173704,0.00068377,-0.00074887,-0.01567301,-0.00457079,-0.01739769,-0.01328985,-0.01810944,-0.01652774,-0.00314574,0.01003703,-0.02246668,0.0203728,-0.01944474,0.0018822,-0.01113174,-0.00500119,0.0187728,-0.01417499,0.00087844,-0.02869766,-0.00699198,-0.01240774,-0.02720107,0.00951081,-0.01122606,-0.01992229,-0.01903107,-0.00174656,-0.0111135,-0.01883186,0.01135257,-0.02219142,-0.01042912,-0.01369287,0.00106551,-0.01015535,-0.00830448,-0.01955119,-0.00880791,-0.01529281,-0.0310367,-0.03179712,-0.00873187,-0.00024243,-0.01293699,-0.02080138,-0.00648097,0.00180616,-0.00994702,-0.00459511,-0.00614487,-0.02474643,-0.01615816,0.00214532,-0.01407617,-0.01968653,-0.00614791,-0.00033368,-0.01306018,-0.02583385,-0.03233555,-0.00166139,-0.00070477,-0.0012614,0.0018092,0.00675046,-0.01847289,0.01633944,-0.0140305,-0.01213552,0.00681586
"Np2_504089",0.03071758,-0.031861,-0.02002871,-0.02771972,-0.01830712,-0.01395291,0.01398062,-0.00618899,-0.00718057,-0.01502055,-0.01192563,0.00906824,-0.01337197,-0.01556046,-0.00485671,-0.02349321,-0.01099183,-0.02118612,-0.01537188,-0.0197504,-0.00616767,-0.03073251,0.99142557,-0.00347729,0.0034578,-0.00106217,-0.01517417,-0.02833565,0.00528891,-0.00631976,-0.01003368,-0.01035762,-0.02267657,-0.01132187,-0.00143478,-0.02496088,-0.01516657,-0.0201869,-0.01354382,-0.00011772,-0.0106603,-0.02006068,-0.01439853,0.01167344,-0.01976107,-0.0040476,-0.00551371,-0.01433773,-0.01760301,-0.00532664,-0.00694026,-0.02127734,-0.00874705,-0.00515023,-0.01582357,-0.00048425,-0.00935844,-0.00823148,0.01264225,-0.0047761,-0.00577378,-0.00769918,-0.00959416,-0.01202145,-0.01092337,-0.02093517,-0.0017648,-0.01657188,-0.00936907,0.00119782,0.01518967,-0.01877714,-0.0140898,-0.00336322,-0.00620875,-0.02230546,0.02780516,-0.02196937,-0.01251115,-0.00432744,-0.00680795,0.00740746,0.01035032,0.00918537,-0.0178691,-0.02014735,-0.0074893,-0.0272117,-0.00105152,-0.01774291,-0.02706726,-0.0130313,-0.01526086,-0.01781743,-0.02063251,-0.0266931,0.01770059,-0.01282141,-0.0103181,-0.02284843
"Np2_503683",-0.01806229,-0.00307731,-0.02348715,-0.00745281,-0.00838204,-0.01604258,-0.01396361,0.01194879,0.0019841,-0.00403088,-0.03333015,-0.00655703,-0.03082232,0.00166472,-0.01774443,-0.02558289,0.00456044,-0.01825697,-0.00848851,-0.00830448,-0.01586162,-0.01305108,-0.00347729,1.0065632,0.00380152,-0.01440616,-0.00190321,-0.019171,-0.01368221,-0.01875123,-0.01273169,-0.01244729,-0.02294122,-0.01888662,0.00286316,0.00443116,-0.0209063,-0.01604107,0.00505015,-0.01285336,-0.01198955,-0.01789196,0.00617253,-0.02630833,-0.01348604,-0.02088955,-0.02995996,-0.00973563,-0.01436968,-0.02779577,0.00024729,-0.01043975,0.00224264,0.00173317,0.0026183,-0.01139486,0.00132709,-0.00712734,-0.00830601,-0.02131388,-0.0040613,-0.02180363,-0.01761516,-0.0131986,0.01314564,-0.0056871,0.0017727,-0.01744487,-0.00567949,-0.01123366,-0.0107774,-0.01569589,-0.01405027,-0.01761972,-0.0332405,0.01529919,-0.00135569,-0.00504834,0.00714741,-0.01265261,-0.01422061,-0.00821779,-0.00968541,-0.00643993,-0.01600456,0.02825534,-0.00045383,-0.00588023,-0.00846417,-0.01268456,-0.00026068,-0.02607113,-0.00548786,-0.01291116,-0.02317844,0.00041762,-0.01876036,-0.02190702,-0.01058273,-0.00942536
"Np2_504678",-0.00124164,-0.00678819,-0.01761665,0.00358861,-0.01422211,-0.01017208,-0.013264,-0.00909991,0.0183485,0.00260004,-0.03004508,-0.00950748,-0.01035156,-0.02303393,-0.00016335,-0.0040476,-0.02880712,-0.01664485,-0.00642014,-0.00623611,-0.0121203,0.0025529,0.0034578,0.00380152,0.99320826,-0.00929607,-0.01154542,-0.00873792,-0.01085342,-0.00740565,-0.01963635,-0.01783111,-0.00809765,-0.00465139,-0.02609392,-0.02924057,0.00853746,-0.02446659,-0.00717753,-0.00941623,-0.020263,-0.03224881,-0.01791779,-0.00446887,0.0025742,-0.01380236,-0.00097244,-0.00979645,-0.01154087,-0.01356055,-0.01228454,-0.02251531,-0.01135379,-0.02585517,-0.0082406,0.01120504,0.00202668,-0.01676955,0.00121455,-0.00464531,-0.02100362,0.00079631,-0.00429246,-0.00626349,-0.00683836,-0.01259177,-0.01425709,-0.00533882,-0.02353432,-0.01387993,-0.01829041,-0.01408377,-0.01274232,-0.0158555,-0.03208462,-0.00468484,-0.00339364,-0.02077398,-0.00097396,0.00873061,0.00472924,-0.01497036,-0.02830065,-0.01486549,-0.01317576,-0.01956031,-0.00994396,-0.00639731,0.00896482,-0.01609127,-0.00853413,0.00534976,-0.00782997,0.00862415,-0.00727029,0.00096513,-0.01076066,-0.01375521,-0.02220205,-0.0125279
"Np2_500159",-0.01823262,-0.0058331,-0.01240317,-0.0155316,-0.00490233,-0.01469206,-0.00987554,-0.02426593,-0.01339479,0.00233846,-0.0248316,-0.01037741,-0.01395904,-0.00215566,-0.02186898,-0.02195108,-0.01963941,-0.0205565,-0.00835466,-0.00345599,-0.00751516,-0.02036942,-0.00106217,-0.01440616,-0.00929607,0.9970961,0.01252666,0.00042978,-0.00746496,0.01544974,-0.02263548,-0.00744672,-0.01794063,-0.02605289,-0.02407423,-0.00790602,-0.01940368,-0.02655321,-0.00895997,0.00203277,-0.01778704,-0.03205415,-0.0148335,-0.0022971,-0.01973978,-0.00706802,-0.00321114,-0.00716841,-0.00678363,0.00275517,-0.0108732,-0.0093934,-0.01374458,-0.00588937,0.00731469,-0.00213589,0.00359013,-0.01824783,0.00064879,-0.01600913,0.00504558,0.00053473,0.00122519,0.00913972,-0.00481868,-0.00996373,0.01361711,-0.00286287,-0.00539356,0.00076286,-0.02250622,0.02002606,-0.01026637,-0.01976715,0.00278559,-0.02502171,0.00607824,-0.03000863,-0.01355446,0.00116892,0.00674894,-0.00930064,-0.02126216,-0.0094999,-0.00111844,-0.01921355,-0.02708702,-0.02536539,-0.01380541,-0.00357767,-0.01366245,-0.01620381,-0.02253967,0.00608129,-0.02030706,-0.00842158,-0.01254309,-0.02146899,-0.03706387,-0.00244767
"Np2_504371",0.00552464,0.12362355,-0.02469012,-0.02371226,-0.02874777,-0.0014287,-0.00376017,-0.00294196,-0.01199407,-0.02698204,-0.01202448,-0.02418524,-0.00875618,0.00304718,-0.0242704,-0.00640644,-0.01109068,-0.00257846,-0.01653533,-0.02121802,-0.02025837,-0.00345599,-0.01517417,-0.00190321,-0.01154542,0.01252666,0.9880336,-0.01870103,-0.01701438,-0.01980211,-0.01484718,-0.02733795,-0.02201498,-0.00777066,-0.01932763,-0.00680948,-0.01982798,-0.02576082,-0.01683647,-0.00432288,-0.0314428,-0.02228872,-0.00491601,-0.00378602,-0.02776836,-0.00657982,-0.006373,0.00229284,-0.01359554,-0.01363811,-0.01327462,-0.00525515,-0.00732504,-0.01361379,-0.02200584,-0.00833945,-0.01843032,-0.00315943,-0.00068804,-0.01765012,-0.00708932,-0.02909001,0.00064879,-0.02961012,-0.01117432,0.03158752,-0.0407975,-0.00997896,0.14033616,-0.01456583,-0.02414721,-0.01416133,0.00162822,-0.01882269,-0.00676386,-0.0017207,-0.01396509,-0.03043292,-0.02127887,-0.02434949,-0.02013823,-0.02280428,-0.00967171,-0.01920145,-0.01705544,-0.0027564,-0.00789232,-0.01666459,0.00827891,-0.03000861,-0.00344078,-0.02803453,-0.01961811,-0.00164314,0.01698579,-0.01508138,-0.01068612,0.00244035,-0.01437116,-0.02203477
"Np2_503225",0.0025529,-0.02747943,-0.00317615,-0.00600039,-0.01940061,-0.00151082,-0.01220701,-0.03344127,0.00799908,-0.01839532,-0.0247297,-0.01438182,-0.02024473,-0.00646424,-0.02191917,-0.01926373,-0.02866264,-0.00798358,-0.02300506,-0.01552091,0.00627442,-0.00551524,-0.02833565,-0.019171,-0.00873792,0.00042978,-0.01870103,0.99532254,-0.02759041,-0.01805923,0.00271259,-0.01738245,-0.02285755,-0.00648402,-0.0326412,-0.00187279,-0.0305561,-0.0182387,-0.00186214,0.00183049,-0.00688706,-0.00092681,0.0061041,-0.01725164,-0.00458143,-0.00590153,-0.00493427,-0.00919571,-0.00120665,-0.02527874,0.00550183,-0.01856871,-0.01926984,-0.02495027,0.00042066,-0.00766116,-0.01486241,0.03614858,-0.02312674,-0.0140822,-0.02557379,0.00748048,-0.01585856,-0.01843794,-0.00745431,-0.0195953,-0.02247731,-0.00093594,0.00611474,-0.01282294,-0.0049145,-0.01150592,-0.02050628,0.00862263,0.04684027,-0.0010424,-0.01937021,0.0195211,-0.01968806,-0.02960252,-0.01200775,-0.01132792,-0.01218722,-0.0320588,-0.00481868,0.00370114,-0.00447649,-0.01020705,-0.00716384,-0.0264407,-0.00276249,0.0248091,-0.0064688,-0.01450044,-0.01670719,-0.00041124,-0.02156632,0.01984805,-0.00684903,-0.00827711
"Np2_501690",0.01017084,-0.02062187,-0.03890245,0.00040089,-0.01117431,-0.00727637,-0.02040593,-0.00529168,-0.01616881,-0.02507335,-0.02851811,-0.00235337,-0.00730376,-0.03413003,-0.02114503,-0.01499164,-0.01176745,0.00343652,-0.01052035,-0.00911964,-0.02276016,-0.01173704,0.00528891,-0.01368221,-0.01085342,-0.00746496,-0.01701438,-0.02759041,0.98013927,-0.01272254,-0.01050514,-0.01326245,-0.01158952,-0.02958732,-0.01452932,-0.01144047,-0.00012532,-0.0139666,-0.01036523,-0.01625397,0.00438097,0.01170995,0.00307607,-0.01024202,-0.01460537,-0.03524027,-0.02058536,-0.01024662,-0.02796001,-0.01279403,0.00323424,-0.01931542,0.01526723,0.0007659,0.00241146,-0.00262865,-0.00800487,-0.01813223,-0.0098816,-0.0151331,0.10781876,0.00506079,0.00651168,-0.00397613,-0.00941773,-0.018517,-0.0049738,-0.03620612,0.0176869,-0.01144047,-0.01098421,-0.01818399,-0.02596763,-0.01098268,-0.02599508,0.00110048,-0.01372935,-0.02593878,-0.00553044,-0.02715544,0.00960204,-0.01024963,-0.00289631,-0.00695093,-0.00678208,-0.01712084,-0.02104008,-0.01293089,0.00805838,-0.02368945,-0.01080931,0.00733295,-0.02227198,-0.01722428,0.0039901,-0.02564368,-0.01440461,0.00176358,-0.00181652,-0.00765507
"Np2_502828",-0.00326284,-0.02736383,-0.00975231,-0.02596008,-0.03008307,-0.02344759,-0.02060821,0.00865003,0.00081456,-0.00945879,0.00169666,-0.02111007,-0.01237278,-0.01243206,-0.01830561,-0.02325443,-0.01759689,-0.00558672,-0.00631215,-0.01814285,-0.00212676,0.00068377,-0.00631976,-0.01875123,-0.00740565,0.01544974,-0.01980211,-0.01805923,-0.01272254,0.98825263,0.0066303,-0.00844591,-0.02836912,0.01051306,-0.02446508,-0.01985537,0.02233312,-0.00732504,-0.02045306,-0.01143743,-0.01209447,-0.03320541,-0.00990137,-0.00755468,0.01408857,-0.00745888,-0.00755621,-0.01120932,-0.00823909,-0.01862347,0.00151111,-0.01586766,-0.00516239,-0.00354269,-0.01436811,-0.02214576,-0.00470918,-0.00434266,-0.00628174,-0.0089478,-0.02424151,0.02143584,-0.02228264,-0.00858888,-0.02315558,-0.028909,-0.00167811,-0.01435599,-0.02236173,0.00812835,-0.01331569,-0.00454646,-0.00639884,-0.0098162,-0.02224314,-0.01370199,0.00188524,0.03879944,-0.02170166,0.00016972,-0.01113174,-0.01303736,-0.03229897,-0.00897824,-0.00774479,-0.00728549,0.00902261,-0.01343734,-0.02012758,-0.02738969,-0.01679084,0.000591,-0.01045953,-0.00267428,-0.00579354,-0.00288111,0.01641851,-0.00923676,-0.01083974,-0.0241305
"Np2_500112",-0.01093099,-0.00522323,-0.00053899,-0.00169028,-0.0120488,-0.00130702,-0.02264919,-0.00555783,-0.01658705,-0.01940819,0.00513074,-0.00718208,-0.00726574,-0.01051883,-0.00148801,-0.02210162,-0.00838355,0.01670598,-0.0066802,-0.00056485,-0.01222827,-0.00074887,-0.01003368,-0.01273169,-0.01963635,-0.02263548,-0.01484718,0.00271259,-0.01050514,0.0066303,0.98477852,0.01110922,-0.02463085,-0.01738247,-0.00871206,-0.01626919,0.00599611,-0.01240773,-0.0124564,-0.01864932,-0.006227,-0.02095037,-0.02395708,-0.01446239,0.00718086,-0.00843526,-0.01339933,-0.01872539,-0.01164885,-0.00743303,-0.02243014,-0.0081752,0.00663639,-0.02155266,-0.0235571,-0.0184075,-0.01389817,0.00137271,-0.0096915,-0.00901167,0.00672004,-0.01208685,-0.00348793,-0.01747371,-0.01546311,-0.02045609,0.00190806,-0.01624489,-0.00812958,0.00395816,-0.00760032,-0.00673953,-0.00783148,-0.01353012,-0.02474038,-0.01483046,0.01033815,-0.01981736,-0.01720298,-0.01540686,-0.01089144,-0.00853867,0.01280649,-0.01892769,-0.02180049,-0.01951618,-0.00396852,-0.00620113,-0.00102871,-0.00722619,-0.02643609,-0.01452933,-0.01751932,-0.02022797,-0.00996372,-0.02104311,-0.00341645,0.00788501,-0.00117016,-0.0187193
"Np2_504453",-0.00304233,-0.03048918,-0.01500686,-0.00612053,-0.02119369,-0.00087055,0.00105638,0.00081,-0.00504833,-0.01638626,-0.01739766,-0.00461641,-0.00500423,0.00482201,0.02221754,-0.00767331,-0.01022835,-0.02346437,-0.00715623,-0.01716191,-0.01909189,-0.01567301,-0.01035762,-0.01244729,-0.01783111,-0.00744672,-0.02733795,-0.01738245,-0.01326245,-0.00844591,0.01110922,0.98991059,-0.02191309,-0.00128117,0.00252248,-0.01689731,-0.00512589,-0.03326321,-0.01323661,-0.01045648,0.00029291,-0.01914512,-0.01135378,0.09410662,-0.01124124,-0.00617376,-0.01630874,-0.01570346,-0.01334156,-0.00654028,-0.00708931,-0.00348032,-0.01999832,-0.02354955,0.00030051,-0.02846492,-0.00068652,-0.03088916,0.00990776,-0.00097092,-0.0124625,-0.00206897,-0.00335561,-0.02190396,-0.00012228,-0.00557151,-0.00586806,-0.00136026,-0.02503082,-0.00762009,-0.02282862,-0.02424919,0.00948646,-0.03012718,-0.01943717,-0.00618136,-0.01660073,-0.02516012,-0.00992266,-0.01101616,-0.02383847,-0.00475631,-0.01686992,0.00021534,-0.01969108,-0.01831929,-0.01311341,-0.00682924,-0.00469853,-0.00192297,-0.01003065,-0.00633649,-0.00856606,0.00423801,-0.01895652,-0.01893371,-0.01803641,-0.01266628,-0.01761515,-0.007941
"Np2_504103",-0.01460082,-0.02136409,-0.01470271,-0.01889574,-0.00142261,-0.01912079,-0.01536888,-0.00542552,-0.00109411,-0.00878202,-0.01344345,-0.00704978,-0.01352104,-0.00521563,0.00016516,-0.02835692,-0.00870751,-0.01753305,-0.01323966,-0.00940557,-0.01437726,-0.00457079,-0.02267657,-0.02294122,-0.00809765,-0.01794063,-0.02201498,-0.02285755,-0.01158952,-0.02836912,-0.02463085,-0.02191309,1.00694651,-0.01055841,-0.01040479,-0.00731594,-0.01364269,0.01266659,-0.00913032,-0.01121693,-0.00761556,-0.01732012,-0.01454759,-0.01341758,-0.0097204,-0.01256135,0.0074166,0.01212823,-0.01242906,-0.0001527,-0.01499776,-0.00393658,-0.0142191,-0.01959535,0.02083206,-0.00017703,-0.02167433,-0.02708706,-0.00545288,-0.01754825,-0.01033331,-0.0040461,-0.00807027,-0.00015575,0.01371748,0.02956026,-0.02792047,-0.01352714,-0.00997439,-0.02313283,-0.00777219,-0.00934478,-0.00891587,-0.02100209,0.00079024,-0.03492554,-0.00519434,0.05362024,-0.0096185,-0.00690986,-0.01151957,-0.0227024,-0.02675549,-0.00708478,0.02304487,-0.00098156,-0.02725738,0.01187726,-0.0135195,-0.01819615,-0.00790146,-0.02154506,0.00618622,-0.02967709,-0.0121127,0.00114154,-0.01697183,-0.00749539,-0.01913603,-0.00870144
"Np2_501195",-0.02073596,-0.01837409,-0.0159711,-0.02335794,-0.00634106,-0.01065572,-0.00310165,-0.01262528,0.0114773,-0.00442326,0.02011575,-0.01318492,-0.00155798,-0.01849877,-0.01053255,0.00018341,-0.00526126,0.01070318,-0.00964132,-0.01371568,-0.03191881,-0.01739769,-0.01132187,-0.01888662,-0.00465139,-0.02605289,-0.00777066,-0.00648402,-0.02958732,0.01051306,-0.01738247,-0.00128117,-0.01055841,1.01520893,-0.00148345,-0.00949684,-0.01247772,0.00561895,9.52e-05,-0.00016639,-0.02165917,-0.01478638,-0.010493,-0.01499015,0.00330725,-0.00424836,-0.01575213,-0.01210513,-0.02875397,-0.02073597,-0.01459322,-0.01478636,-0.01640001,-0.01234695,0.01773865,-0.00981014,-0.01031963,-0.01710112,-0.00307123,-0.00178305,-0.01023294,-0.01443964,-0.01892007,-0.03549132,0.00058643,0.0143,-0.00348642,0.00451939,-0.00728856,-0.02531375,-0.01710112,-0.0037693,-0.01930939,-0.02272675,-0.01082001,-0.01201233,-0.00387728,-0.00224692,-0.01392861,-0.00148649,-0.03286327,-0.01241231,-0.0081007,-0.00242182,-0.01289898,-0.01198343,-0.00191081,-0.01433315,-0.02710683,-0.006081,-0.00050098,-0.02920107,-0.00390313,0.01103016,-0.02022495,-0.0037769,-0.01459019,-0.01880143,-0.01492935,-0.01453242
"Np2_502259",-0.01647603,0.00367986,-0.00699653,-0.02092303,-0.00390617,0.00440225,-0.00431681,-0.00349859,-0.00692355,-0.01004889,0.01099213,-0.01227087,-0.02786728,0.0102469,-0.01889572,-0.00437763,-0.01453695,0.00249207,-0.03473389,-0.03531026,-0.01092948,-0.01328985,-0.00143478,0.00286316,-0.02609392,-0.02407423,-0.01932763,-0.0326412,-0.01452932,-0.02446508,-0.00871206,0.00252248,-0.01040479,-0.00148345,1.00106608,-0.02074965,-0.01962421,-0.01658401,-0.01556809,0.00348518,-0.00660114,0.01791354,-0.01003521,-0.00540724,-0.01646235,-0.02447419,-0.01970482,-0.01058274,-0.00715624,-0.00583006,-0.00683533,0.01456764,0.00337264,-0.00565364,-0.01358945,-0.02121502,-0.02218077,-0.01116825,-0.00215719,0.00217268,-0.00338756,0.00077046,-0.00964131,-0.0246917,-0.01614143,-0.01048843,-0.01184959,-0.01023144,-0.02097473,-0.00919114,-0.00569317,-0.01791178,-0.01976411,-0.00964587,-0.00123707,-0.02128802,-0.01984473,-0.02171236,0.00690863,-0.01745395,-0.00396548,-0.0049586,-0.00368869,-0.00394116,0.01691127,-0.00452972,-0.00510308,-0.01539621,-0.0153947,-0.01292333,-0.02665816,-0.00593043,-0.01196214,-0.00417688,-0.01702961,-0.01229215,-0.00835314,-0.00465595,-0.00990899,0.00143812
"Np2_501010",-0.00776002,0.00311866,-0.03326015,-0.00308187,-0.02286969,-0.01562586,-0.03240552,-0.00603691,-0.01417652,0.00383802,0.01043092,-0.01374459,-0.00926567,-0.01708132,-0.0080505,-0.01315143,-0.01737943,-0.00719426,-0.00579051,-0.00515022,-0.00662393,-0.01810944,-0.02496088,0.00443116,-0.02924057,-0.00790602,-0.00680948,-0.00187279,-0.01144047,-0.01985537,-0.01626919,-0.01689731,-0.00731594,-0.00949684,-0.02074965,1.00252934,-0.03022305,0.01692194,-0.00593955,-0.01015536,-0.00716234,-0.00698134,0.00050583,-0.02056862,-0.00333585,-0.0229062,-0.00749083,-0.01707529,-0.00634867,-0.02129563,-0.01728208,0.00761887,-0.03414533,-0.01686084,-0.01780069,-0.0146282,-0.0087501,0.00819376,-0.00560801,-0.00918658,-0.00045079,-0.00572208,0.00667898,0.00942261,-0.0024066,-0.00937669,-0.034159,-0.00166747,-0.00876074,-0.01887747,-0.01613992,-0.02927108,-0.0256483,-0.00549242,-0.0025587,-0.00253436,-0.03302903,-0.00873793,-0.00657983,-0.01558178,-0.01912688,-0.01859913,0.00274605,0.04081926,-0.00129182,0.00190502,-0.00779347,-0.0150449,-0.01717258,-0.00953031,-0.00851284,-0.01455216,-0.00917745,-0.01416739,-0.00116559,-0.0081387,0.0011233,0.00618927,-0.01777029,-0.01037742
"Np2_503412",-0.0032887,-0.00503313,-0.0135803,-0.00849611,0.00456651,-0.02058383,-0.01409439,-0.00506356,-0.01624488,-0.02013061,-0.01003977,-0.01033787,0.00554747,-0.01048081,-0.01163971,-0.02921162,-0.00545592,0.00047085,0.01069555,-0.01619161,0.00149743,-0.01652774,-0.01516657,-0.0209063,0.00853746,-0.01940368,-0.01982798,-0.0305561,-0.00012532,0.02233312,0.00599611,-0.00512589,-0.01364269,-0.01247772,-0.01962421,-0.03022305,0.99611045,-0.01221764,-0.0417709,-0.01465709,-0.02474344,-0.01011429,-0.02848164,0.00047998,-0.01148763,-0.0088535,-0.0168593,-0.0057601,-0.01130666,-0.00572207,-0.01919835,-0.02760409,-0.01111958,0.02547982,-0.01758777,-0.01684864,-0.0334792,-0.00117472,-0.00387424,-0.02068424,-0.01210053,-0.01782809,-0.0139438,-0.00648554,-0.01937932,-0.01524718,-0.02238758,-0.00388793,-0.00109563,-0.00680188,-0.00391225,0.00348824,-0.03380005,-0.02231305,-0.02226901,0.0004161,0.01265746,-0.00274576,-0.00803984,-0.0022895,-0.00020745,-0.00621938,-0.01635587,-0.01858551,-0.00062264,-0.00639884,0.00595505,0.00661205,-0.0154388,0.00330573,-0.02563766,0.01714246,-0.02447725,-0.0040689,0.0087808,-0.01826758,-0.01067853,-0.00591674,0.01073054,-0.02263552
"Np2_503035",-0.0210842,-0.01324726,-0.02346736,0.02009445,0.00639001,-0.00887479,-0.0067958,-0.00856305,-0.00438371,-0.03093017,0.01611739,0.00532542,-0.01635438,-0.01945536,-0.00479738,-0.00579202,-0.01534299,0.00564024,0.01023778,-0.02258071,-0.01067092,-0.00314574,-0.0201869,-0.01604107,-0.02446659,-0.02655321,-0.02576082,-0.0182387,-0.0139666,-0.00732504,-0.01240773,-0.03326321,0.01266659,0.00561895,-0.01658401,0.01692194,-0.01221764,0.99291317,-0.0156137,-0.00203552,-0.01531564,-0.01513464,-0.00764747,-0.01366547,-0.00601408,0.00893896,-0.00575857,-0.00317616,0.00344412,-0.01652165,-0.01600608,-0.01209291,-0.02313585,-0.00463466,-0.00542246,-0.00970215,-0.00625742,0.02467829,-0.01345714,-0.00638973,-0.01179788,-0.00125228,-0.02033291,-0.00952876,0.00145484,-0.00627566,-0.0213245,-0.01575214,-0.01128688,0.00384258,-0.0014804,-0.00868016,-0.0076429,-0.01151652,-0.02211844,-0.00673344,-0.01760906,-0.01613081,-0.00834554,-0.00442022,-0.009182,-0.01945232,-0.01042606,-0.02238918,-0.00168876,-0.04092373,-0.01777178,-0.00464378,-0.00464226,-0.01996489,0.00021534,-0.01038654,0.00289661,-0.02186443,-0.01129599,-0.01431487,-0.02269479,-0.01778092,-0.01132338,-0.02020367
"Np2_504218",-0.01170359,-0.01512096,0.00020926,-0.01219636,-0.01996942,-0.00679426,-0.02783229,-0.00191994,0.00879906,-0.01212029,-0.01845466,-0.01540688,-0.0244636,0.00239625,-0.02340049,-0.00903448,0.00650865,-0.02239218,-0.01931546,-0.01897934,-7.362e-05,0.01003703,-0.01354382,0.00505015,-0.00717753,-0.00895997,-0.01683647,-0.00186214,-0.01036523,-0.02045306,-0.0124564,-0.01323661,-0.00913032,9.52e-05,-0.01556809,-0.00593955,-0.0417709,-0.0156137,1.00011693,-0.01394686,-0.00319745,-0.00103935,-0.00556694,-0.02512054,-0.02187963,-0.00981621,-0.00611141,0.01532962,-0.01865696,-0.02463086,-0.00069412,-0.0130541,0.00768882,-0.00437916,-0.03041314,-0.01583424,-0.00098308,-0.00107282,-0.01061619,-0.01617186,-0.02523008,-0.00190929,-0.01642736,-0.02813187,-0.00787102,-0.01347234,-0.02167735,-0.00545898,-0.01057512,-0.02084393,-0.02084392,0.03126979,-0.00312901,-0.01582358,-0.00863149,0.00523265,-0.01096598,0.00876256,0.00681433,-0.01952535,0.0003507,0.00802645,0.01431518,-0.01939614,-0.02455022,-0.01390121,-0.00398069,-0.01457799,-0.02126824,-0.02974704,-0.0085022,-0.0125644,-0.01160017,-0.00305449,-0.01332178,-0.01314687,-0.01392251,-0.01935045,-0.00179066,0.01320651
"Np2_502051",-0.00603384,-0.00777827,-0.03183814,-0.00089944,-0.00319744,-0.02226438,-0.02626885,-0.02955699,-0.02552969,0.00252248,-0.02114961,-0.02418525,-0.00023939,-0.01535514,-0.0222933,-0.01842118,-0.00987401,-0.01657033,0.01281714,0.00250727,-0.03120854,-0.02246668,-0.00011772,-0.01285336,-0.00941623,0.00203277,-0.00432288,0.00183049,-0.01625397,-0.01143743,-0.01864932,-0.01045648,-0.01121693,-0.00016639,0.00348518,-0.01015536,-0.01465709,-0.00203552,-0.01394686,0.99563892,-0.00619659,-0.0309576,0.00086323,-0.02234041,-0.00906187,0.00497866,-0.01139182,-0.00287807,-0.02211235,0.00415588,-0.00034737,-0.00373431,-0.00321874,-0.00996375,-0.02063708,0.01523379,-0.01523654,0.01417832,-0.00372976,-0.01841056,0.00294833,0.01729608,-0.00923676,-0.00831817,0.00981345,-0.0151027,-0.01144504,-0.00024547,-0.02787027,-0.00711365,-0.00878659,-0.01157588,-0.00354269,-0.01456431,-0.03048924,-0.01556048,-0.01533387,-0.02176406,-0.02325599,-0.00594716,-0.01633611,-0.00926869,-0.01362594,-0.01479097,-0.00306361,-0.01553157,-0.01458408,-0.01666459,-0.0145339,-0.01069375,-0.01469511,0.00359925,0.00441138,-0.01365789,0.0107503,-0.01629807,-0.01616121,-0.01018273,-0.00342102,-0.01062835
"Np2_501074",-0.00486583,-0.02166676,-0.03751403,-0.0074878,-0.00081275,0.00445397,-0.01977787,-0.00800947,-0.01645326,-0.01075762,-0.01161693,-0.01921513,-0.00378604,-0.02513732,-0.01336895,-0.00919266,-0.00992269,-0.00323548,-0.03057592,-0.00468941,-0.01620078,0.0203728,-0.0106603,-0.01198955,-0.020263,-0.01778704,-0.0314428,-0.00688706,0.00438097,-0.01209447,-0.006227,0.00029291,-0.00761556,-0.02165917,-0.00660114,-0.00716234,-0.02474344,-0.01531564,-0.00319745,-0.00619659,1.02565864,-0.0174707,-0.01895657,-0.02725586,-0.01428146,-0.02214124,-0.01189677,-0.01767909,-0.01288381,-0.0276787,0.00386236,0.01188183,-0.01984476,-0.00514569,-0.01338567,-0.02785512,0.00646304,-0.01522288,-0.0148807,-0.01663424,-0.01945695,-0.03020335,-0.01628139,0.01824815,-0.00407499,-0.01287011,-0.01012496,0.0025955,-0.02655023,-0.00761859,-0.01248533,-0.0090391,5.869e-05,0.0097207,-0.01259182,-0.00663611,-0.02648483,-6.449e-05,-0.00733571,-0.00128117,-0.01699315,-0.0207238,0.01643833,-0.00358529,-0.01208533,-0.00128421,-0.00809309,0.02480605,-0.02081811,-0.01819465,-0.02037098,-0.02139149,-0.01282296,-0.00899193,-0.00815696,-0.02805736,0.00934049,-0.01722736,0.06785856,-0.02345226
"Np2_501411",-0.01898087,-0.02133365,0.02654282,-0.00974017,-0.00945271,0.00189741,-0.01199257,-0.0043305,-0.02129107,-0.01285789,0.00955187,0.01716223,-0.00679884,-0.01248529,-0.0125796,-0.01220545,0.01109402,-0.00320658,-0.0218781,-0.00313965,0.01029101,-0.01944474,-0.02006068,-0.01789196,-0.03224881,-0.03205415,-0.02228872,-0.00092681,0.01170995,-0.03320541,-0.02095037,-0.01914512,-0.01732012,-0.01478638,0.01791354,-0.00698134,-0.01011429,-0.01513464,-0.00103935,-0.0309576,-0.0174707,0.99559937,-0.02577148,-0.0159726,-0.01288377,-0.01344343,-0.00715319,-0.02388567,-0.01696121,-0.00270773,-0.01679236,-0.02230849,-0.00110931,-0.02062951,-0.01700681,-0.00379666,-0.02605438,-0.02355865,-0.00481413,0.00772837,-0.01653839,-0.01800755,0.00625618,-0.02993408,-0.00678361,-0.01892461,-0.00462097,-0.01927598,-0.02545667,-0.01139181,-0.02371073,-0.03303976,-0.01375217,-0.00409019,-0.00967327,-0.03033253,-0.03132262,0.03433574,-0.00152756,0.0001165,0.02638012,0.01002637,-0.01607908,-0.00416473,-0.01175224,-0.00749082,-0.00958503,-0.00147584,0.01692801,-0.01025726,0.02011269,0.0096629,-0.00914399,-0.00409627,-0.01436356,-0.03091803,-0.02302482,-0.00320657,0.00325098,-0.00973561
"Np2_504338",-0.00966867,-0.01932155,-0.01980819,0.00094079,-0.01534906,0.00025946,-0.01606389,-0.00034129,-0.01091426,-0.00415406,-0.01657183,-0.01078652,-0.00478675,-0.00515022,-0.01452173,-0.01521217,0.00139553,-0.00514871,-0.01743264,0.00358707,-0.02343696,0.0018822,-0.01439853,0.00617253,-0.01791779,-0.0148335,-0.00491601,0.0061041,0.00307607,-0.00990137,-0.02395708,-0.01135378,-0.01454759,-0.010493,-0.01003521,0.00050583,-0.02848164,-0.00764747,-0.00556694,0.00086323,-0.01895657,-0.02577148,0.98821612,-0.02354187,-0.01634675,-0.01112717,-0.02810601,-0.00833795,-0.00658439,-0.01514375,0.00590334,-0.00174199,-0.00837444,-0.01040479,-0.00039451,-0.00589088,-0.03073404,-0.0314321,-0.00052075,-0.00546808,0.01528245,0.0255239,-0.01104658,-0.02624904,0.00861197,-0.0169125,-0.02237997,-0.01863264,-0.01325485,0.0122164,-0.00740261,-0.00426054,-0.00459207,-0.02793259,-0.01769882,0.01563223,-0.01303737,-0.00517153,-0.02278451,-0.01064659,-0.02833563,-0.00788471,-0.01132945,-0.01584035,-0.00776304,-0.00532664,-0.00559583,-0.00128878,-0.02166669,-0.01995575,-0.01072567,-0.01007324,-0.02112375,-0.0186615,-0.00185758,-0.02479962,-0.00793338,0.00458476,-0.01313927,-0.00011924
"Np2_502103",-0.00701782,-0.01484566,0.00154913,-0.02135035,-0.02897129,0.00169361,0.01365817,-0.00894478,-0.01084886,-0.0157992,-0.02456693,-0.00935234,-0.02525287,-0.02333502,0.00120846,-0.02564062,-0.0228727,-0.01390426,-0.00261496,-0.01657484,-0.00816302,-0.01113174,0.01167344,-0.02630833,-0.00446887,-0.0022971,-0.00378602,-0.01725164,-0.01024202,-0.00755468,-0.01446239,0.09410662,-0.01341758,-0.01499015,-0.00540724,-0.02056862,0.00047998,-0.01366547,-0.02512054,-0.02234041,-0.02725586,-0.0159726,-0.02354187,0.97207155,0.00120846,-0.02338065,-0.01313622,-0.02059146,0.03378364,-0.00382403,-0.01380234,-0.00061199,-0.00268187,-0.01338109,-0.00519584,0.00147462,-0.00922458,-0.01798317,0.00289053,-0.00935689,-0.01613382,-0.02110093,-0.01311035,-0.0231419,-0.01565624,-0.01608666,-0.00193514,-0.00731288,-0.00573727,-0.0268041,-0.00672887,-0.01073482,-0.00954548,-0.01995873,-0.01489587,0.0004891,-0.02194498,-0.02031465,-0.01967739,-0.00130399,-0.00287199,-0.01116518,-0.01019944,-0.0002622,0.00355665,-0.02807399,-0.00963673,-0.01126099,0.00060317,-0.00437763,-0.00548937,0.0030715,-0.00326436,-0.02407115,-0.00270469,-0.00207354,-0.01395138,-0.00128117,-0.01383429,-0.02012911
"Np2_504077",0.01280041,-0.03107168,0.00980888,-0.0016842,0.00499083,-0.00601559,-0.00956376,-0.02410624,-0.01080173,-0.01423123,0.01243693,-0.00383013,0.00505927,-0.0213108,0.00292855,-0.03152484,-0.02465062,0.00089517,-0.01230129,-0.0352342,-0.02089107,-0.00500119,-0.01976107,-0.01348604,0.0025742,-0.01973978,-0.02776836,-0.00458143,-0.01460537,0.01408857,0.00718086,-0.01124124,-0.0097204,0.00330725,-0.01646235,-0.00333585,-0.01148763,-0.00601408,-0.02187963,-0.00906187,-0.01428146,-0.01288377,-0.01634675,0.00120846,0.99482971,-0.04082336,0.00029443,0.00622273,-0.01422822,-0.01138117,0.027612,0.01738122,-0.01419323,-0.01667985,-0.00575705,-0.00882005,0.00983324,-0.00820259,-0.01348757,-0.01402441,0.00094688,-0.02531222,-0.00895692,0.00306391,-0.0116549,-0.01679997,-0.01375065,-0.01228458,-0.0216591,-0.00500879,-0.02128192,-0.00125837,-0.00828166,-0.00850523,-0.0334032,-0.02288491,0.00197954,0.0025453,-0.01765316,-0.00156101,0.00797322,-0.01476809,-0.01349819,-0.01846536,-0.01342973,-0.01297045,-0.02373354,-0.01030135,-0.00619353,-0.01406397,-0.02703837,-0.00843984,-0.0033693,-0.02326362,-0.01938693,-0.01982037,-0.00432288,-0.01324878,-0.01834973,-0.00882766
"Np2_501904",-0.00676993,-0.01292483,-0.01888654,-0.02338375,-0.01016903,-0.02132751,-0.0082984,-0.02481797,-0.0113614,-0.00460119,-0.00758967,-0.00803985,-0.03352179,-0.00955156,-0.02196478,-0.00090704,0.16580889,-0.0185231,0.00128298,-0.0301667,0.00318709,0.0187728,-0.0040476,-0.02088955,-0.01380236,-0.00706802,-0.00657982,-0.00590153,-0.03524027,-0.00745888,-0.00843526,-0.00617376,-0.01256135,-0.00424836,-0.02447419,-0.0229062,-0.0088535,0.00893896,-0.00981621,0.00497866,-0.02214124,-0.01344343,-0.01112717,-0.02338065,-0.04082336,0.98458382,-0.02855313,-0.01821438,-0.01919837,-0.02137012,0.00180616,-0.00994547,0.01003702,-0.01343737,-0.01072719,-0.00679426,-0.02509774,-0.02975003,-0.01085343,-0.00439436,-0.02516314,-0.01172792,0.00188981,-0.00251459,-0.01099789,-0.01568669,-0.01750411,-0.0102588,-0.01248529,-0.00663306,-0.0061768,-0.01626619,0.00712762,-0.02792346,-0.01038959,-0.02055494,-0.00831359,-0.00166443,-0.02095036,-0.0174813,-0.01083669,-0.00087966,-0.01238491,-0.03240858,-0.01125187,-0.00364458,-0.00543462,-0.00204007,-0.0345848,-0.02891967,0.01894009,-0.01325789,0.01766714,-0.01682734,-0.00428181,0.00243275,-0.00838051,-0.01472095,0.00375133,-0.01440615
"Np2_504861",-0.01310278,-0.00511373,-0.00955461,-0.01344346,-0.00235794,-0.01442895,-0.01067703,-0.01913608,-0.00948163,-0.00591521,0.02105714,-0.00555174,-0.01323967,0.04662267,0.00029443,-0.03339854,-0.01161995,-0.00128269,-0.02056257,-0.00516999,-0.01318338,-0.01417499,-0.00551371,-0.02995996,-0.00097244,-0.00321114,-0.006373,-0.00493427,-0.02058536,-0.00755621,-0.01339933,-0.01630874,0.0074166,-0.01575213,-0.01970482,-0.00749083,-0.0168593,-0.00575857,-0.00611141,-0.01139182,-0.01189677,-0.00715319,-0.02810601,-0.01313622,0.00029443,-0.02855313,1.00203347,-0.00568862,-0.01807905,0.00499539,-0.00772047,-0.02251381,-0.02625666,-0.01018884,0.00164648,-0.00232905,-0.00055725,-0.01570345,-0.0012173,-0.02335031,-0.01674371,-0.01304196,0.00437793,-0.02527267,-0.0145932,-0.00529015,-0.00528254,-0.02647725,-0.02125152,-0.01996184,-0.01539927,-0.00419666,-0.01760754,-0.00125379,0.00745919,-0.00361873,0.00451632,-0.0183391,-0.00127661,-0.01697031,-0.0186904,0.0031293,-0.00153212,-0.02444539,0.00173011,-0.00435026,-0.0176988,-0.00974167,-0.00396092,-0.00681253,-0.02267657,-0.01578862,-0.02379743,-0.00947251,-0.00878963,-0.03142753,0.00444941,-0.01284119,-0.00866493,-0.01328681
"Np2_502835",-0.00747866,-0.00755015,0.01812189,-0.01238192,-0.00935691,-0.00028806,-0.00277162,-0.02689553,-0.01480769,-0.01991012,-0.00936301,-0.03779697,0.00242211,0.01057542,-0.01780681,0.01100733,-0.02166066,-0.00858585,-0.0039883,-0.01688362,-0.01105724,0.00087844,-0.01433773,-0.00973563,-0.00979645,-0.00716841,0.00229284,-0.00919571,-0.01024662,-0.01120932,-0.01872539,-0.01570346,0.01212823,-0.01210513,-0.01058274,-0.01707529,-0.0057601,-0.00317616,0.01532962,-0.00287807,-0.01767909,-0.02388567,-0.00833795,-0.02059146,0.00622273,-0.01821438,-0.00568862,1.01830278,-0.00774026,-0.0114329,-0.00924438,-0.01567302,-0.01987213,-0.01125649,-0.04306975,-0.0170844,-0.01774598,-0.00445216,-0.02570616,-0.00936149,-0.01264046,-0.01061164,-0.00383773,-0.01432557,-0.01033786,-0.00894326,-0.01942955,0.01579961,-0.01806079,0.00071875,-0.01555441,-0.03218357,-0.00939798,-0.00946946,-0.0190068,-0.01639697,-0.00065763,0.02378561,-0.00538597,-0.00967327,-0.0077433,-0.01451565,-0.02054586,-0.00893568,-0.01773986,-0.01287009,-0.02226443,0.00470339,-0.02175798,-0.01594073,-0.014467,-0.01640002,-0.01087322,-0.03198425,0.01478059,-0.0220013,-0.01426016,-0.00721708,-0.00653878,0.01195637
"Np2_502407",0.01693564,-0.02343855,0.00405854,-0.0262932,-0.02357235,0.02032409,-0.00040972,-0.02727118,-0.01472708,-0.00872727,0.0054699,-0.01049301,-0.00403697,-0.02021734,-0.0177262,-0.02069792,-0.02720722,-0.00257391,-0.00694941,0.00251184,-0.01432252,-0.02869766,-0.01760301,-0.01436968,-0.01154087,-0.00678363,-0.01359554,-0.00120665,-0.02796001,-0.00823909,-0.01164885,-0.01334156,-0.01242906,-0.02875397,-0.00715624,-0.00634867,-0.01130666,0.00344412,-0.01865696,-0.02211235,-0.01288381,-0.01696121,-0.00658439,0.03378364,-0.01422822,-0.01919837,-0.01807905,-0.00774026,1.01618241,-0.00511678,-0.00110324,-0.00205681,-0.00671215,-0.01163215,-0.01987212,-0.03206027,-0.01812163,0.00718695,0.00220615,0.02600299,-0.0312664,-0.01235606,-0.01501146,-0.01135533,-0.00493427,-0.01555441,0.02049748,0.00143204,-0.0029237,0.00977241,0.00308064,-0.00594414,-0.01387994,-0.01395142,-0.00751975,-0.00049946,-0.0177627,-0.00259672,-0.00226365,-0.00244463,-0.00705434,-0.00485366,-0.00753797,-0.01113636,-0.01948428,-0.04092531,-0.00271687,-0.00282028,-0.03414839,-0.0074954,-0.02457614,-0.02164241,-0.0225032,-0.0142617,-0.00962459,0.0084964,-0.02132757,-0.01017819,-0.01543124,-0.02689699
"Np2_504107",0.00837625,-0.03154163,-0.00617376,-0.00641254,-0.0225503,-0.0089189,-0.02144013,-0.01453851,-0.0109675,0.00065944,-0.00415406,-0.01585857,-0.00301496,-0.00307426,-0.02065838,-0.00614029,-0.01234539,-0.0077874,-0.01581293,-0.02460192,-0.01984015,-0.00699198,-0.00532664,-0.02779577,-0.01356055,0.00275517,-0.01363811,-0.02527874,-0.01279403,-0.01862347,-0.00743303,-0.00654028,-0.0001527,-0.02073597,-0.00583006,-0.02129563,-0.00572207,-0.01652165,-0.02463086,0.00415588,-0.0276787,-0.00270773,-0.01514375,-0.00382403,-0.01138117,-0.02137012,0.00499539,-0.0114329,-0.00511678,0.99541076,-0.01103137,-0.00179522,-0.01146938,-0.01045803,-0.000904,0.00044347,-0.00478066,-0.01901434,-0.01076371,-0.0202736,-0.01822958,-0.00737981,-0.0183999,-0.00805202,-0.01927285,0.02135978,-0.00235794,0.00914582,-0.01102681,0.02706755,-0.0141476,0.00815727,-0.01072871,-0.01931698,-0.02033752,-0.01955272,-0.02616996,-0.01039566,-0.01857936,-0.00902688,-0.02702011,0.00544556,-0.01989946,0.01026519,-0.00614334,-0.01404874,-0.0135575,-0.01761512,0.00337417,-0.00936301,-0.0077372,-0.01697031,-0.00733721,-0.00289784,0.0063018,-0.01587984,0.00174685,-0.01113327,0.0014077,-0.01690188
"Np2_501943",0.00356883,-0.01490499,-0.02147504,-0.01654295,-0.01686383,-0.02057013,-0.00084925,-0.00641864,-0.00999567,-0.02163777,-0.00744062,-0.0110846,-0.00782237,-0.02354645,-0.00812805,-0.01003519,-0.0203466,-0.00453428,-0.01240774,-0.03199477,0.00135902,-0.01240774,-0.00694026,0.00024729,-0.01228454,-0.0108732,-0.01327462,0.00550183,0.00323424,0.00151111,-0.02243014,-0.00708931,-0.01499776,-0.01459322,-0.00683533,-0.01728208,-0.01919835,-0.01600608,-0.00069412,-0.00034737,0.00386236,-0.01679236,0.00590334,-0.01380234,0.027612,0.00180616,-0.00772047,-0.00924438,-0.00110324,-0.01103137,0.98746776,-0.00766723,-0.00091617,-0.02819272,-0.01088232,-0.0235267,-0.00913183,-0.00572359,0.00313539,-0.0200622,-0.00767637,-0.02359364,0.00949104,0.01512428,0.00162214,-0.00899798,-0.0241989,-0.01193478,-0.02085304,-0.00329022,-0.01560913,-0.02341727,-0.00823603,-0.02351603,-0.00278835,-0.00930368,-0.00983749,-0.01870104,-0.0065053,-0.02949909,-0.01175224,-0.00453276,-0.01588592,0.00363272,-0.01627373,-0.00668932,-0.02566501,-0.00584525,-0.01892307,-0.0091516,-0.02136557,-0.02679655,-0.01199254,-0.01409285,-0.01082452,-0.00456621,-0.00427725,-0.00620722,0.00146701,0.0076432
"Np2_504748",0.00535279,-0.00201879,-0.03550792,-0.0124777,-0.00260887,0.00296201,0.01933706,-0.01147853,-0.01444721,-0.00099525,-0.01310884,-0.02192372,-0.0207907,-0.00913941,-0.00010859,-0.02193889,-0.02236476,0.01337073,-0.00621329,0.01419805,-0.00598212,-0.02720107,-0.02127734,-0.01043975,-0.02251531,-0.0093934,-0.00525515,-0.01856871,-0.01931542,-0.01586766,-0.0081752,-0.00348032,-0.00393658,-0.01478636,0.01456764,0.00761887,-0.02760409,-0.01209291,-0.0130541,-0.00373431,0.01188183,-0.02230849,-0.00174199,-0.00061199,0.01738122,-0.00994547,-0.02251381,-0.01567302,-0.00205681,-0.00179522,-0.00766723,0.98175768,-4.472e-05,0.02134611,-0.00377537,-0.00775088,-0.02179597,-0.03070665,-0.00861626,-0.01706155,-0.03129065,-0.00462401,-0.00667107,-0.02080893,-0.01575663,-0.02287881,0.00754585,0.00657861,-0.0155711,-0.01747522,-0.03724629,0.00011497,-0.00264994,-0.00880483,-0.01195454,-0.00356549,-0.00501182,-0.03182145,-0.00928389,-0.02254422,-0.00449321,-0.00305296,-0.02048954,-0.03610273,-0.00551674,-0.00779498,-0.00928085,-0.0140989,-0.02322251,-0.01223437,-0.00574183,-0.01923333,0.00788957,-0.00926717,-0.03154917,-0.01312404,-0.00218912,-0.00533577,-0.00115951,-0.01445025
"Np2_503466",-0.00827558,0.01431367,-0.01963178,-0.02123936,-0.01182677,-0.01340389,-0.02181883,-0.00761708,-0.01012952,0.0162497,-0.00711821,0.00627139,-0.01632093,0.01601397,-0.015562,-0.00286894,-0.0083136,-0.00710149,-0.01360618,-0.0303036,-0.01139789,0.00951081,-0.00874705,0.00224264,-0.01135379,-0.01374458,-0.00732504,-0.01926984,0.01526723,-0.00516239,0.00663639,-0.01999832,-0.0142191,-0.01640001,0.00337264,-0.03414533,-0.01111958,-0.02313585,0.00768882,-0.00321874,-0.01984476,-0.00110931,-0.00837444,-0.00268187,-0.01419323,0.01003702,-0.02625666,-0.01987213,-0.00671215,-0.01146938,-0.00091617,-4.472e-05,0.99678276,-0.00916378,-0.00493275,-0.02031467,-0.01458866,-0.00965957,-0.01874669,0.00246469,-0.02134581,-0.00289176,-0.02775164,-0.01603499,-0.02086823,0.00257876,-0.01459929,-0.00948316,-0.00440957,-0.02365142,-0.01041999,-0.02522407,0.00410112,-0.01239557,-0.02710381,-0.01917098,-0.01772769,-0.00058463,-0.01393924,-0.0028659,-0.01447153,-0.01029375,-0.02043024,-0.02342033,-0.01671174,-0.01153781,-0.01211117,-0.00430615,0.00360381,-0.01445635,-0.01389514,-0.01993447,-0.01577644,-0.00829536,0.00212098,-0.00743758,-0.00790905,-0.01668286,-0.01600458,0.0018822
"Np2_501800",-0.00954551,-0.0223922,-0.02516011,-0.00699656,-0.01400921,-0.00859041,0.0138681,0.00175902,-0.00698896,-0.00768093,-0.02603007,-0.00549243,-0.02154509,-0.02327731,-0.00405674,-0.01219938,-0.02327124,-0.01962576,-0.01168231,-0.02260051,-0.00719274,-0.01122606,-0.00515023,0.00173317,-0.02585517,-0.00588937,-0.01361379,-0.02495027,0.0007659,-0.00354269,-0.02155266,-0.02354955,-0.01959535,-0.01234695,-0.00565364,-0.01686084,0.02547982,-0.00463466,-0.00437916,-0.00996375,-0.00514569,-0.02062951,-0.01040479,-0.01338109,-0.01667985,-0.01343737,-0.01018884,-0.01125649,-0.01163215,-0.01045803,-0.02819272,0.02134611,-0.00916378,1.01781908,-0.01973829,-0.01352407,-0.02072534,-0.0088003,-0.00343927,-0.01112416,-0.01455522,0.02138873,-0.00164618,0.00520376,-0.02578822,-0.01937481,-0.0213443,0.00095752,-0.00218152,-0.01533997,-0.0150358,-0.01554382,-0.02058996,-0.01138421,-0.01134014,-0.01450959,0.00503191,-0.02953416,0.00258484,-0.00824213,0.00615885,-0.01217201,-0.0099896,-0.01358799,-0.01220243,-0.02406207,0.00289206,-0.01591788,-0.00587872,-0.01572629,-0.02216102,0.00373765,-0.00959418,0.01476843,-0.01998466,-0.01965766,0.00755044,0.00029747,0.0177052,-0.02493813
"Np2_501870",-0.02280429,-0.01983408,-0.02762081,-0.00671975,-0.01297196,-0.01287615,-0.00547418,0.00431711,-0.01294766,-0.00344991,-0.01617185,-0.00521563,-0.01533693,-0.0216317,-0.00089031,-0.00796835,-0.02116938,-0.02360733,-0.01110133,0.01067881,0.00068834,-0.01992229,-0.01582357,0.0026183,-0.0082406,0.00731469,-0.02200584,0.00042066,0.00241146,-0.01436811,-0.0235571,0.00030051,0.02083206,0.01773865,-0.01358945,-0.01780069,-0.01758777,-0.00542246,-0.03041314,-0.02063708,-0.01338567,-0.01700681,-0.00039451,-0.00519584,-0.00575705,-0.01072719,0.00164648,-0.04306975,-0.01987212,-0.000904,-0.01088232,-0.00377537,-0.00493275,-0.01973829,0.99160201,-0.01294308,0.01544366,-0.01445481,-0.02065231,-0.00309099,0.00610105,-0.01848509,-0.02661555,-0.01444264,0.0014077,-0.01377499,0.01360798,-0.01047629,-0.00540269,-0.0187132,0.00075373,-0.01876497,-0.00753796,-0.01156366,-0.00452364,-0.01058271,-0.01400616,-0.02697603,-0.02116785,-0.01328832,-0.00162488,0.01897811,-0.02446506,0.00174534,-0.00447344,-0.00888087,-0.00595627,-0.0091014,0.00017733,0.00721128,-0.00454645,-0.02396928,-0.01555286,-0.00579051,-0.03324342,-0.012537,-0.03019412,-0.00687792,-0.0138039,-0.01097359
"Np2_502763",-0.02069639,-0.00860105,-0.00802311,-0.00582854,0.03658655,-0.00666195,-0.01036221,-0.02338383,-0.02620039,0.01569154,0.00220919,-0.03200396,-0.01155608,-0.00066523,-0.01870561,0.00782721,-0.00141957,-0.01511183,-0.02602699,-0.01428446,-0.00374344,-0.01903107,-0.00048425,-0.01139486,0.01120504,-0.00213589,-0.00833945,-0.00766116,-0.00262865,-0.02214576,-0.0184075,-0.02846492,-0.00017703,-0.00981014,-0.02121502,-0.0146282,-0.01684864,-0.00970215,-0.01583424,0.01523379,-0.02785512,-0.00379666,-0.00589088,0.00147462,-0.00882005,-0.00679426,-0.00232905,-0.0170844,-0.03206027,0.00044347,-0.0235267,-0.00775088,-0.02031467,-0.01352407,-0.01294308,0.99551419,-0.03461375,-0.01234692,0.02403955,-0.00174352,0.0120111,-0.01972308,-0.01310126,-0.01537646,-0.01321378,-0.00558367,-0.02489091,0.00714437,-0.0104428,-0.00626349,-0.02679502,-0.02030713,-0.00071542,-0.00382861,-0.0092596,-0.015927,-0.01828584,-0.01163668,-0.02331835,-0.01391796,-0.00362329,-0.02210622,-0.01961963,-0.00724903,-0.0181824,-0.01194388,-0.01890483,-0.00364762,-0.00592738,-0.00573728,0.00090734,-0.00665283,-0.01298871,0.00605087,-0.00786647,0.00265023,0.00278711,-0.02803908,-0.01443353,-0.01494911
"Np2_504606",0.00160693,-0.02051695,-0.0219161,-0.0192653,0.00474749,-0.01660072,-0.0247115,-0.00031999,0.00020926,-0.00808699,-0.00058158,-0.00924438,-0.00704675,-0.0252042,-0.006592,-0.00545744,-0.00649162,-0.02733191,0.00114306,-0.02696077,-0.01976564,-0.00174656,-0.00935844,0.00132709,0.00202668,0.00359013,-0.01843032,-0.01486241,-0.00800487,-0.00470918,-0.01389817,-0.00068652,-0.02167433,-0.01031963,-0.02218077,-0.0087501,-0.0334792,-0.00625742,-0.00098308,-0.01523654,0.00646304,-0.02605438,-0.03073404,-0.00922458,0.00983324,-0.02509774,-0.00055725,-0.01774598,-0.01812163,-0.00478066,-0.00913183,-0.02179597,-0.01458866,-0.02072534,0.01544366,-0.03461375,1.00057934,-0.01665854,-0.01038502,-0.0170053,-0.02104469,-0.00365523,0.00129363,-0.00660873,-0.0207192,-0.00168268,-0.0181003,-0.00811744,-0.01673154,-0.013921,-0.02700034,-0.00287048,-0.0188668,0.00509121,-0.00490234,-0.01050516,-0.00130551,-0.01473163,0.0164748,-0.00773568,-0.00687031,-0.01425101,0.00192327,-0.0079106,0.00016668,-0.02188266,0.00491935,-0.01890938,0.0043612,-0.01385106,0.00024577,-0.02465216,-0.00711061,-0.00495252,0.01580563,-0.00698437,-0.01277883,-0.01501297,-0.01053254,-0.00542095
"Np2_504028",-0.01582054,-0.02638593,0.03015941,0.01775386,-0.02226135,-0.01227998,-0.02023866,-0.01744335,-0.01782656,-0.01061008,-0.03169674,-0.00507571,-0.01656579,-0.02727103,-0.02006525,-0.02470991,-0.01874819,-0.00536923,-0.00776762,-0.02978803,-0.00236554,-0.0111135,-0.00823148,-0.00712734,-0.01676955,-0.01824783,-0.00315943,0.03614858,-0.01813223,-0.00434266,0.00137271,-0.03088916,-0.02708706,-0.01710112,-0.01116825,0.00819376,-0.00117472,0.02467829,-0.00107282,0.01417832,-0.01522288,-0.02355865,-0.0314321,-0.01798317,-0.00820259,-0.02975003,-0.01570345,-0.00445216,0.00718695,-0.01901434,-0.00572359,-0.03070665,-0.00965957,-0.0088003,-0.01445481,-0.01234692,-0.01665854,0.99872668,-0.03115839,-0.01496583,-0.02584908,-0.02701406,-0.01750261,-0.01962573,0.02831462,-0.02352064,-0.02670682,-0.00607797,0.00158107,-0.01705244,-0.02724216,0.00053777,-0.00177089,0.02279546,-0.01016299,-0.01135531,-0.00945577,-0.00128574,-0.0079486,0.01742078,0.00992144,0.00421367,-0.02021885,-0.0224485,-0.00615855,-0.03413921,0.03996135,0.00487828,-0.01884552,0.01176169,-0.01931091,-0.00512285,-0.01784633,-0.02846343,-0.00572815,-0.00448865,-0.00480803,-0.01525478,0.00017581,-0.01311495
"Np2_500643",-0.01867215,-0.00885809,-0.02440118,-0.0247921,-0.0016918,-0.01437116,0.00504559,-0.00888853,0.02920591,-0.00281572,-0.00139372,-0.0059502,-0.01211729,-0.01476203,-0.01044585,-0.00718208,-0.02677071,0.0009043,-0.02339441,-0.02001656,-0.012061,-0.01883186,0.01264225,-0.00830601,0.00121455,0.00064879,-0.00068804,-0.02312674,-0.0098816,-0.00628174,-0.0096915,0.00990776,-0.00545288,-0.00307123,-0.00215719,-0.00560801,-0.00387424,-0.01345714,-0.01061619,-0.00372976,-0.0148807,-0.00481413,-0.00052075,0.00289053,-0.01348757,-0.01085343,-0.0012173,-0.02570616,0.00220615,-0.01076371,0.00313539,-0.00861626,-0.01874669,-0.00343927,-0.02065231,0.02403955,-0.01038502,-0.03115839,1.00701648,-0.00808396,-0.01881512,-0.00431529,-0.01122908,-0.02795243,-0.01377499,-0.00462401,-0.01069982,0.00034767,-0.02423545,-0.00089336,-0.00119752,-0.02330171,0.00419846,-0.04028197,-0.00784369,-0.01907366,-0.03435978,-0.02558143,-0.00273967,-0.03120858,-0.01680758,-0.02008197,-0.02535175,-0.01784791,0.00422128,-0.02193438,0.00684475,0.00522048,0.00172403,-0.00705892,-0.01744787,-0.01162452,-0.00792275,-0.0191482,-0.00158382,-0.01220699,-0.0090284,-0.02890446,-0.02411988,-0.0177916
"Np2_502430",0.00558092,-0.00604906,0.00274148,-0.00875162,-0.00040364,-0.00806418,-0.00659353,-0.02569858,-0.02699428,-0.01019641,-0.01698703,-0.01469968,-0.01371874,-0.019101,-0.01143896,0.00581664,-0.0038864,-0.01544947,-0.02575628,-0.01264499,-0.01807292,0.01135257,-0.0047761,-0.02131388,-0.00464531,-0.01600913,-0.01765012,-0.0140822,-0.0151331,-0.0089478,-0.00901167,-0.00097092,-0.01754825,-0.00178305,0.00217268,-0.00918658,-0.02068424,-0.00638973,-0.01617186,-0.01841056,-0.01663424,0.00772837,-0.00546808,-0.00935689,-0.01402441,-0.00439436,-0.02335031,-0.00936149,0.02600299,-0.0202736,-0.0200622,-0.01706155,0.00246469,-0.01112416,-0.00309099,-0.00174352,-0.0170053,-0.01496583,-0.00808396,0.99681622,-0.01220396,0.00244797,-0.00416167,-0.00263473,-0.01355141,-0.01915274,-0.00697829,-0.00383926,-0.01655968,0.00161149,-0.02576389,-0.01577801,-0.00226972,0.04602193,0.00348215,-0.0092687,-0.02790069,-0.02474951,-0.02107052,-0.01182222,0.02113317,-0.01681669,-0.00581331,-0.01488678,-0.01912837,0.0062729,-0.02426128,-0.02695012,-0.00443998,-0.0051624,-0.00095115,-0.00911966,-0.01986601,-0.00903905,-0.02767103,-0.03662123,-0.01382365,-0.01712239,-0.01081694,-0.00448866
"Np2_502536",0.00458324,-0.02468866,-0.03490875,-0.00898888,-0.00930976,-0.0159057,-0.02097476,-0.02122118,-0.00396245,-0.01484413,-0.01980975,-0.01676197,-0.00391834,-0.00260888,0.02953896,-0.01647297,-0.03180321,-0.03256823,-0.02158306,0.00688884,-0.01754976,-0.02219142,-0.00577378,-0.0040613,-0.02100362,0.00504558,-0.00708932,-0.02557379,0.10781876,-0.02424151,0.00672004,-0.0124625,-0.01033331,-0.01023294,-0.00338756,-0.00045079,-0.01210053,-0.01179788,-0.02523008,0.00294833,-0.01945695,-0.01653839,0.01528245,-0.01613382,0.00094688,-0.02516314,-0.01674371,-0.01264046,-0.0312664,-0.01822958,-0.00767637,-0.03129065,-0.02134581,-0.01455522,0.00610105,0.0120111,-0.02104469,-0.02584908,-0.01881512,-0.01220396,1.00120906,0.00905456,-0.01261154,-0.01716803,-0.01059488,-0.01026487,-0.01101769,-0.02643315,-0.00417384,0.02707668,-0.0054696,-0.01768822,-0.00828623,-0.00911814,-0.01911171,-0.02364991,-0.01034395,-0.0278764,-0.01674522,-0.00947402,0.00583947,-0.01796646,-0.00498598,-0.01269067,-0.02331985,-0.01753758,-0.01278796,-0.00148497,0.01555013,-0.0177186,-0.02065535,-0.00251306,-0.01265108,-0.00760337,-0.01771857,0.02382356,-0.01695054,-0.00017399,-0.00192906,-0.01521983
"Np2_503705",0.01132672,-0.00334498,-0.02329857,0.00672765,-0.02583537,-0.00505593,0.00812533,-0.02816544,-0.01957557,-0.00292978,-0.00576618,-0.01108309,-0.01998772,-0.00590305,-0.0170996,-0.01581293,-0.01137205,-0.01198496,-0.03080859,-0.01678476,-0.00928543,-0.01042912,-0.00769918,-0.02180363,0.00079631,0.00053473,-0.02909001,0.00748048,0.00506079,0.02143584,-0.01208685,-0.00206897,-0.0040461,-0.01443964,0.00077046,-0.00572208,-0.01782809,-0.00125228,-0.00190929,0.01729608,-0.03020335,-0.01800755,0.0255239,-0.02110093,-0.02531222,-0.01172792,-0.01304196,-0.01061164,-0.01235606,-0.00737981,-0.02359364,-0.00462401,-0.00289176,0.02138873,-0.01848509,-0.01972308,-0.00365523,-0.02701406,-0.00431529,0.00244797,0.00905456,1.01028677,-0.00069716,-0.01924553,-0.01388906,-0.01066942,-0.00959721,-0.02546893,-0.0223724,-0.01652015,-0.02214732,-0.01596357,-0.01644714,-0.0187999,-0.01252033,-0.00915008,-0.0139423,-0.02934555,-0.01760604,-0.00379515,0.01167043,-0.03586084,0.00312626,-0.02587045,-0.01186175,-0.01048995,-0.0007215,-0.01983559,0.00541211,0.00499388,-0.02379745,-0.02405752,-0.00043254,-0.00603081,0.00012713,-0.02357538,-0.01400921,-0.01350581,-0.00993789,-0.01516812
"Np2_500463",-0.02235412,-0.01390883,-0.01530799,0.00315973,-0.00126748,-0.02003024,-0.0146054,0.00659231,-0.01340999,-0.00938732,-0.01420082,-0.02544908,-0.01838472,-0.0245274,-0.0133674,-0.00569316,-0.01220243,-0.01768208,-0.012172,-0.01959223,-0.00540117,-0.01369287,-0.00959416,-0.01761516,-0.00429246,0.00122519,0.00064879,-0.01585856,0.00651168,-0.02228264,-0.00348793,-0.00335561,-0.00807027,-0.01892007,-0.00964131,0.00667898,-0.0139438,-0.02033291,-0.01642736,-0.00923676,-0.01628139,0.00625618,-0.01104658,-0.01311035,-0.00895692,0.00188981,0.00437793,-0.00383773,-0.01501146,-0.0183999,0.00949104,-0.00667107,-0.02775164,-0.00164618,-0.02661555,-0.01310126,0.00129363,-0.01750261,-0.01122908,-0.00416167,-0.01261154,-0.00069716,0.99311091,-0.03437192,-0.02384453,-0.01119562,-0.0227465,-0.00698439,-0.02730907,-0.00229406,-0.00761705,-0.01694603,-0.02396925,-0.01233017,-0.01806536,-0.01697639,-0.00868926,-0.02987174,-0.00459663,0.01377681,0.01616302,-0.01235754,-0.01473768,-0.00981928,0.00129971,0.02518015,-0.02269175,0.00473228,-0.00363089,0.00538017,-0.00561713,-0.02519206,-0.0181444,-0.02343851,0.01313652,-0.00387423,-0.01483958,-0.00810069,0.00048606,-0.00307123
"Np2_500621",-0.01580837,0.01332056,-0.0184957,0.00772837,-0.0033906,-0.00268644,-0.01612018,-0.02640426,-0.02131237,0.01221487,-0.01921356,-0.00612814,0.00701966,-0.01843792,-0.00256325,0.01195481,-0.01204427,-0.0039883,-0.0124701,-0.01730488,0.00190502,0.00106551,-0.01202145,-0.0131986,-0.00626349,0.00913972,-0.02961012,-0.01843794,-0.00397613,-0.00858888,-0.01747371,-0.02190396,-0.00015575,-0.03549132,-0.0246917,0.00942261,-0.00648554,-0.00952876,-0.02813187,-0.00831817,0.01824815,-0.02993408,-0.02624904,-0.0231419,0.00306391,-0.00251459,-0.02527267,-0.01432557,-0.01135533,-0.00805202,0.01512428,-0.02080893,-0.01603499,0.00520376,-0.01444264,-0.01537646,-0.00660873,-0.01962573,-0.02795243,-0.00263473,-0.01716803,-0.01924553,-0.03437192,0.9984468,-0.01805922,-0.02670226,-0.02684673,-0.00971586,-0.01635284,-0.01734444,-0.01293396,0.00283123,-0.02289858,0.01140122,0.02300388,-0.02092453,-0.00959569,0.00480985,-0.0144761,-0.01465709,-0.01075001,-0.0120473,-0.02187962,-0.00814025,-0.01664026,-0.0128351,-0.00245832,0.00519462,0.01173582,-0.01088691,-0.00986944,-0.01286705,-0.00505898,-0.0153719,-0.00830144,-0.01025572,0.00235215,-0.00155492,-0.00863299,-0.0076277
"Np2_500033",-0.0290063,-0.01615056,-0.0053829,-0.00121121,-0.01810939,0.00069289,-0.020193,-0.00614336,-0.00348489,-0.02288332,-0.00305905,-0.00426964,0.00766145,-0.01414605,-0.01500078,-0.00823906,-0.03056519,-0.02813641,-0.00483236,-0.02076935,-0.01266171,-0.01015535,-0.01092337,0.01314564,-0.00683836,-0.00481868,-0.01117432,-0.00745431,-0.00941773,-0.02315558,-0.01546311,-0.00012228,0.01371748,0.00058643,-0.01614143,-0.0024066,-0.01937932,0.00145484,-0.00787102,0.00981345,-0.00407499,-0.00678361,0.00861197,-0.01565624,-0.0116549,-0.01099789,-0.0145932,-0.01033786,-0.00493427,-0.01927285,0.00162214,-0.01575663,-0.02086823,-0.02578822,0.0014077,-0.01321378,-0.0207192,0.02831462,-0.01377499,-0.01355141,-0.01059488,-0.01388906,-0.02384453,-0.01805922,0.97767515,0.00085866,-0.0262049,-0.00405521,0.00223504,-0.02445896,-0.0230902,-0.00063329,-0.01221913,-0.03251793,-0.01118194,-0.00842005,-0.02796453,-0.01660073,-0.00623003,-0.01158191,-0.02866259,-0.00015118,-0.01211268,-0.00491298,-0.01751929,0.00179855,-0.00774784,-0.02625353,-0.00496012,0.00283426,-0.00101503,0.00207078,-0.00609011,0.00184723,-0.00872422,-0.00505136,-0.02605433,-0.01520914,0.0005256,0.00442051
"Np2_502138",-0.01073024,-0.0205352,0.0013347,-0.01046258,-0.01732313,-0.01266476,-0.01043369,-0.00596542,0.00186396,-0.00278225,0.00152936,-0.00500423,-0.01375676,-0.00438676,-0.02212297,-0.00562776,-0.01654751,-0.01290204,-0.01773378,-0.02393731,-0.02693189,-0.00830448,-0.02093517,-0.0056871,-0.01259177,-0.00996373,0.03158752,-0.0195953,-0.018517,-0.028909,-0.02045609,-0.00557151,0.02956026,0.0143,-0.01048843,-0.00937669,-0.01524718,-0.00627566,-0.01347234,-0.0151027,-0.01287011,-0.01892461,-0.0169125,-0.01608666,-0.01679997,-0.01568669,-0.00529015,-0.00894326,-0.01555441,0.02135978,-0.00899798,-0.02287881,0.00257876,-0.01937481,-0.01377499,-0.00558367,-0.00168268,-0.02352064,-0.00462401,-0.01915274,-0.01026487,-0.01066942,-0.01119562,-0.02670226,0.00085866,0.99582753,-0.020704,-0.01573998,-0.01751021,-0.00587872,-0.03812082,-0.00958051,0.01502997,-0.01682733,-0.00933108,-0.00337539,-0.00558215,-0.01307694,-0.01654599,0.00289205,0.00877624,-0.01350883,-0.0239495,-0.01233934,-0.01475592,-0.0146008,-0.02019299,-0.00660872,-0.0149719,-0.00291914,0.00433382,0.00057579,-0.00895388,-0.01348756,0.01350609,-0.01795276,-0.01294916,-0.00666652,-0.02180512,0.01159439
"Np2_501626",-0.00920178,-0.0193109,-0.00428485,0.01235785,-0.01838012,-0.00277161,0.00250119,0.00164648,-0.02063709,0.01076093,-0.01169446,0.00610562,-0.02743685,-0.01243966,-0.0091881,-0.01717863,-0.01851701,-0.00103176,0.00904086,0.20465432,-0.0091303,-0.01955119,-0.0017648,0.0017727,-0.01425709,0.01361711,-0.0407975,-0.02247731,-0.0049738,-0.00167811,0.00190806,-0.00586806,-0.02792047,-0.00348642,-0.01184959,-0.034159,-0.02238758,-0.0213245,-0.02167735,-0.01144504,-0.01012496,-0.00462097,-0.02237997,-0.00193514,-0.01375065,-0.01750411,-0.00528254,-0.01942955,0.02049748,-0.00235794,-0.0241989,0.00754585,-0.01459929,-0.0213443,0.01360798,-0.02489091,-0.0181003,-0.02670682,-0.01069982,-0.00697829,-0.01101769,-0.00959721,-0.0227465,-0.02684673,-0.0262049,-0.020704,0.98915006,-0.01025727,-0.03347156,-0.01879836,0.01283539,-0.02554191,-0.00671061,-0.01986143,-0.00430464,-0.03211192,-0.00755165,-0.01048387,-0.01912382,-0.01504643,-0.00870598,0.00246773,-0.00128117,-0.01035462,-0.02737138,-0.02022035,-0.00695395,-0.03275976,0.00876103,-0.01416586,-0.00082948,-0.01553766,-0.0148776,-0.01150284,-0.03363275,-0.02022642,-0.01826454,-0.03129674,-0.0176912,-0.00771287
"Np2_503084",-0.00667109,-0.00735093,-0.00266667,0.01519277,0.00027162,-0.03841441,-0.01337049,-0.01118352,-0.00304994,-0.01271497,-0.0122055,-0.0135682,-0.01988738,-0.02694259,-0.02064931,-0.02103558,-0.0208531,-0.02253062,-0.0130663,-0.01151349,-0.0067517,-0.00880791,-0.01657188,-0.01744487,-0.00533882,-0.00286287,-0.00997896,-0.00093594,-0.03620612,-0.01435599,-0.01624489,-0.00136026,-0.01352714,0.00451939,-0.01023144,-0.00166747,-0.00388793,-0.01575214,-0.00545898,-0.00024547,0.0025955,-0.01927598,-0.01863264,-0.00731288,-0.01228458,-0.0102588,-0.02647725,0.01579961,0.00143204,0.00914582,-0.01193478,0.00657861,-0.00948316,0.00095752,-0.01047629,0.00714437,-0.00811744,-0.00607797,0.00034767,-0.00383926,-0.02643315,-0.02546893,-0.00698439,-0.00971586,-0.00405521,-0.01573998,-0.01025727,1.03330351,-0.02622629,-0.01885317,0.01597447,-0.01464653,-0.0193885,-0.00197012,-0.02443477,-0.02273744,-0.0401528,-0.01251577,-0.00609925,-0.01723041,-0.0253381,-0.01386019,-0.00863604,-0.00949688,-0.01039262,-0.01388756,-0.00913793,-0.00452668,-0.00513351,-0.02197704,-0.00407804,-0.01589663,0.01883065,-0.01125345,-0.0081372,0.00390038,-0.05132195,0.00165104,-0.00527496,0.00683261
"Np2_501094",-0.00646424,0.02342512,0.01214035,-0.02003637,-0.03450116,0.04239772,-0.0145324,-0.00413279,-0.01592245,-0.02239364,-0.01792996,0.00747438,-0.02317847,-0.01989185,-0.02013825,-0.00759727,-0.0051335,-0.00848394,-0.00996981,-0.03138188,-0.02099296,-0.01529281,-0.00936907,-0.00567949,-0.02353432,-0.00539356,0.14033616,0.00611474,0.0176869,-0.02236173,-0.00812958,-0.02503082,-0.00997439,-0.00728856,-0.02097473,-0.00876074,-0.00109563,-0.01128688,-0.01057512,-0.02787027,-0.02655023,-0.02545667,-0.01325485,-0.00573727,-0.0216591,-0.01248529,-0.02125152,-0.01806079,-0.0029237,-0.01102681,-0.02085304,-0.0155711,-0.00440957,-0.00218152,-0.00540269,-0.0104428,-0.01673154,0.00158107,-0.02423545,-0.01655968,-0.00417384,-0.0223724,-0.02730907,-0.01635284,0.00223504,-0.01751021,-0.03347156,-0.02622629,0.99553853,-0.00130855,-0.01940671,-0.0269107,0.01534175,-0.01499471,-0.01419022,-0.025116,-0.00481412,-0.01884858,-0.00878202,-0.00835467,-0.0126602,-0.01988881,-0.01162298,-0.00700873,-0.02128798,-0.00105761,-0.01410198,-0.00401567,0.01301942,-0.00412822,-0.01984016,0.00773141,-0.02902156,0.00096817,-0.01127623,-0.01216591,-0.02434796,-0.01806532,0.01090087,-0.01242752
"Np2_500203",-0.01019338,0.00098947,-0.0067973,-0.00125685,-0.00553196,-0.02581556,0.0056159,-0.01394538,-0.02543083,-0.00893714,-0.01177355,-0.02104468,-0.00287807,-0.01069373,-0.01246098,-0.00296171,-0.00445215,0.00041002,-0.00700719,0.00245404,-0.01377194,-0.0310367,0.00119782,-0.01123366,-0.01387993,0.00076286,-0.01456583,-0.01282294,-0.01144047,0.00812835,0.00395816,-0.00762009,-0.02313283,-0.02531375,-0.00919114,-0.01887747,-0.00680188,0.00384258,-0.02084393,-0.00711365,-0.00761859,-0.01139181,0.0122164,-0.0268041,-0.00500879,-0.00663306,-0.01996184,0.00071875,0.00977241,0.02706755,-0.00329022,-0.01747522,-0.02365142,-0.01533997,-0.0187132,-0.00626349,-0.013921,-0.01705244,-0.00089336,0.00161149,0.02707668,-0.01652015,-0.00229406,-0.01734444,-0.02445896,-0.00587872,-0.01879836,-0.01885317,-0.00130855,0.99477191,0.00074156,0.00297114,-0.01941278,-0.01203209,-0.02004856,-0.01606996,-0.01234539,-0.0143651,-0.01768206,-0.00934627,-0.00118079,-0.01297196,-0.01565628,-0.0029815,-0.00372518,-0.01908276,-0.02193741,-0.02082412,-0.01321836,-0.01698249,-0.01125037,-0.01622509,-0.01085039,-0.02055497,-0.02641176,-0.01498253,-0.01651861,-0.00126292,-0.01853071,-0.00581485
"Np2_504960",-0.01597261,-0.01497951,-0.01135986,-0.01372785,-0.0123758,-0.01380082,-0.01354688,-0.02641641,-0.01691404,-0.0083288,-0.01831321,-0.01191956,-0.02812428,-0.00339364,0.07453188,0.01589685,-0.0144898,-0.01510271,-0.00883222,0.14069949,-0.00601559,-0.03179712,0.01518967,-0.0107774,-0.01829041,-0.02250622,-0.02414721,-0.0049145,-0.01098421,-0.01331569,-0.00760032,-0.02282862,-0.00777219,-0.01710112,-0.00569317,-0.01613992,-0.00391225,-0.0014804,-0.02084392,-0.00878659,-0.01248533,-0.02371073,-0.00740261,-0.00672887,-0.02128192,-0.0061768,-0.01539927,-0.01555441,0.00308064,-0.0141476,-0.01560913,-0.03724629,-0.01041999,-0.0150358,0.00075373,-0.02679502,-0.02700034,-0.02724216,-0.00119752,-0.02576389,-0.0054696,-0.02214732,-0.00761705,-0.01293396,-0.0230902,-0.03812082,0.01283539,0.01597447,-0.01940671,0.00074156,0.99249032,-0.02212303,-0.01241686,-0.02450307,-0.00012532,-0.02184921,0.00712155,-0.00752125,-0.02087585,-0.00417536,-0.00574336,-0.00795315,-0.01885007,0.00112482,0.03064607,-0.02653494,-0.01752693,-0.01778241,-0.0116975,0.00141987,-0.02144009,-0.02048348,0.00739986,-0.02390084,-0.02291379,-0.00646576,-0.01226022,-0.0097797,-0.01168687,-0.01706917
"Np2_500158",-0.01982653,-0.02309183,-0.00487192,0.00036439,-0.01349215,-0.01963185,-0.00553807,-0.01506174,-0.00692813,-0.00473048,-0.0150191,-0.0153172,-0.01068618,-0.02291233,0.00087083,-0.0256742,-0.03066266,-0.02123791,-0.00462554,-0.03607534,-0.00880487,-0.00873187,-0.01877714,-0.01569589,-0.01408377,0.02002606,-0.01416133,-0.01150592,-0.01818399,-0.00454646,-0.00673953,-0.02424919,-0.00934478,-0.0037693,-0.01791178,-0.02927108,0.00348824,-0.00868016,0.03126979,-0.01157588,-0.0090391,-0.03303976,-0.00426054,-0.01073482,-0.00125837,-0.01626619,-0.00419666,-0.03218357,-0.00594414,0.00815727,-0.02341727,0.00011497,-0.02522407,-0.01554382,-0.01876497,-0.02030713,-0.00287048,0.00053777,-0.02330171,-0.01577801,-0.01768822,-0.01596357,-0.01694603,0.00283123,-0.00063329,-0.00958051,-0.02554191,-0.01464653,-0.0269107,0.00297114,-0.02212303,1.04364675,-0.00592892,-0.00432745,-2.494e-05,-6.2e-07,-0.00722621,-0.00818132,-0.00906493,-0.01335224,0.00698013,-0.0207801,-0.00080363,-0.00288113,0.00093775,0.00687214,-0.02670385,-0.02011547,-0.01205342,-0.00638823,-0.00628328,-0.02312073,-0.01105422,0.00038112,-0.00790908,-0.00028197,0.01962607,-0.01089605,-0.00185302,-0.00252068
"Np2_500765",-0.00555781,-0.02479205,-0.02071612,-0.01426319,0.00260156,-0.00338603,-0.01058424,-0.0038347,-0.01349515,-0.00962456,0.00518093,-0.00743607,-0.02211993,-0.02096251,-0.01345256,0.00593223,0.0115898,0.01249776,-0.01377802,-0.00386054,0.00059708,-0.00024243,-0.0140898,-0.01405027,-0.01274232,-0.01026637,0.00162822,-0.02050628,-0.02596763,-0.00639884,-0.00783148,0.00948646,-0.00891587,-0.01930939,-0.01976411,-0.0256483,-0.03380005,-0.0076429,-0.00312901,-0.00354269,5.869e-05,-0.01375217,-0.00459207,-0.00954548,-0.00828166,0.00712762,-0.01760754,-0.00939798,-0.01387994,-0.01072871,-0.00823603,-0.00264994,0.00410112,-0.02058996,-0.00753796,-0.00071542,-0.0188668,-0.00177089,0.00419846,-0.00226972,-0.00828623,-0.01644714,-0.02396925,-0.02289858,-0.01221913,0.01502997,-0.00671061,-0.0193885,0.01534175,-0.01941278,-0.01241686,-0.00592892,0.98259731,-0.01408827,-0.00780869,-0.01797406,-0.02154958,-0.0057753,-0.02931961,-0.01946298,-0.01890176,-0.01974279,-0.01284574,-0.01644412,0.00075829,-0.01551178,-0.01106634,-0.00706345,-0.02166212,-0.01325943,-0.00159599,-0.00611445,-0.02431297,0.00157042,-0.01143438,-0.02464297,0.00864848,-0.00681708,-0.00994091,-0.01806077
"Np2_504550",-0.00365218,0.01026819,-0.00253739,-0.00277617,-0.01693682,0.00019254,-0.01947669,-0.01911476,-0.00961241,-0.01228148,-0.0151179,-0.01724101,-0.02416852,-0.0158631,-0.0180866,-0.00965193,0.00634743,-0.00293434,0.00014234,-0.00788623,-0.00829534,-0.01293699,-0.00336322,-0.01761972,-0.0158555,-0.01976715,-0.01882269,0.00862263,-0.01098268,-0.0098162,-0.01353012,-0.03012718,-0.02100209,-0.02272675,-0.00964587,-0.00549242,-0.02231305,-0.01151652,-0.01582358,-0.01456431,0.0097207,-0.00409019,-0.02793259,-0.01995873,-0.00850523,-0.02792346,-0.00125379,-0.00946946,-0.01395142,-0.01931698,-0.02351603,-0.00880483,-0.01239557,-0.01138421,-0.01156366,-0.00382861,0.00509121,0.02279546,-0.04028197,0.04602193,-0.00911814,-0.0187999,-0.01233017,0.01140122,-0.03251793,-0.01682733,-0.01986143,-0.00197012,-0.01499471,-0.01203209,-0.02450307,-0.00432745,-0.01408827,0.98443172,0.0062638,0.02134456,0.00012713,0.01772647,-0.00596996,-0.02394493,0.01098754,-0.02878729,-0.01230887,-0.00237164,-7.362e-05,-0.02242709,-0.00763985,-0.0135225,-0.02538364,-0.00131616,-0.00714254,-0.01470271,-0.01951773,-0.02313889,-0.00542245,0.00737552,-0.00815238,-0.00445519,-0.01928961,-0.00246744
"Np2_504514",-0.01683954,-0.01675895,-0.0172456,-0.00288416,0.01687024,-0.00691138,-0.0002698,-0.03747314,-0.01063294,-0.00661025,-0.01172794,-0.00077169,-0.00739503,-0.0045647,-0.03218652,-0.01082454,-0.01611715,-0.02038012,-0.01958469,-0.01316514,0.00209057,-0.02080138,-0.00620875,-0.0332405,-0.03208462,0.00278559,-0.00676386,0.04684027,-0.02599508,-0.02224314,-0.02474038,-0.01943717,0.00079024,-0.01082001,-0.00123707,-0.0025587,-0.02226901,-0.02211844,-0.00863149,-0.03048924,-0.01259182,-0.00967327,-0.01769882,-0.01489587,-0.0334032,-0.01038959,0.00745919,-0.0190068,-0.00751975,-0.02033752,-0.00278835,-0.01195454,-0.02710381,-0.01134014,-0.00452364,-0.0092596,-0.00490234,-0.01016299,-0.00784369,0.00348215,-0.01911171,-0.01252033,-0.01806536,0.02300388,-0.01118194,-0.00933108,-0.00430464,-0.02443477,-0.01419022,-0.02004856,-0.00012532,-2.494e-05,-0.00780869,0.0062638,1.02482814,0.01469695,-0.01579776,-0.0100611,-0.01368224,-0.01720912,-0.01634374,0.03315557,0.01784816,-0.01936119,-0.00443999,0.00164648,-0.01808969,-0.00024699,0.00690255,-0.01556813,-0.02504457,-0.02667342,-0.02935924,0.00139097,-0.00188039,-0.01311191,-0.01586467,0.03163321,-0.02730611,-0.03938022
"Np2_501409",0.00478095,0.00851161,-0.00277313,-0.01761212,0.00046933,-0.00156405,-0.02762089,0.01684594,0.00064575,-0.0199694,-0.00516391,0.00411938,0.00722953,0.00564936,0.00996555,-0.02387951,-0.02780335,-0.01335981,-0.00237467,-0.01146784,-0.01750412,-0.00648097,-0.02230546,0.01529919,-0.00468484,-0.02502171,-0.0017207,-0.0010424,0.00110048,-0.01370199,-0.01483046,-0.00618136,-0.03492554,-0.01201233,-0.02128802,-0.00253436,0.0004161,-0.00673344,0.00523265,-0.01556048,-0.00663611,-0.03033253,0.01563223,0.0004891,-0.02288491,-0.02055494,-0.00361873,-0.01639697,-0.00049946,-0.01955272,-0.00930368,-0.00356549,-0.01917098,-0.01450959,-0.01058271,-0.015927,-0.01050516,-0.01135531,-0.01907366,-0.0092687,-0.02364991,-0.00915008,-0.01697639,-0.02092453,-0.00842005,-0.00337539,-0.03211192,-0.02273744,-0.025116,-0.01606996,-0.02184921,-6.2e-07,-0.01797406,0.02134456,0.01469695,0.99415132,-0.00345447,-0.01946605,0.01280498,-0.02235565,-0.00035041,-0.00377689,-0.01954054,-0.02876614,-0.01643037,-0.00486886,-0.00042341,-0.02151459,-0.00143782,-0.0214751,-0.01361378,-0.01052797,-0.0246202,-0.02398298,-0.02892725,0.00227306,-0.00838812,0.01234263,-0.03412556,-0.01000329
"Np2_500646",-0.0193261,-0.0089037,-0.0110633,-0.01343129,-0.00949378,-0.02217312,-0.00975235,-0.00771746,-0.00323395,0.00048453,-0.0123895,0.00419391,-0.02022344,-0.01359096,-0.00197469,-0.01437571,-0.02012456,-0.01936871,-0.01355447,-0.01032872,-0.02320885,0.00180616,0.02780516,-0.00135569,-0.00339364,0.00607824,-0.01396509,-0.01937021,-0.01372935,0.00188524,0.01033815,-0.01660073,-0.00519434,-0.00387728,-0.01984473,-0.03302903,0.01265746,-0.01760906,-0.01096598,-0.01533387,-0.02648483,-0.03132262,-0.01303737,-0.02194498,0.00197954,-0.00831359,0.00451632,-0.00065763,-0.0177627,-0.02616996,-0.00983749,-0.00501182,-0.01772769,0.00503191,-0.01400616,-0.01828584,-0.00130551,-0.00945577,-0.03435978,-0.02790069,-0.01034395,-0.0139423,-0.00868926,-0.00959569,-0.02796453,-0.00558215,-0.00755165,-0.0401528,-0.00481412,-0.01234539,0.00712155,-0.00722621,-0.02154958,0.00012713,-0.01579776,-0.00345447,0.99642987,-0.00828928,-0.00704369,-0.0049434,-0.00940102,-0.00735242,-0.01931393,-0.00770377,-0.01818088,0.00357035,-0.0158616,0.00380608,-0.01033634,0.00871237,-0.00912878,-0.00315334,0.01195482,0.01502544,-0.02413808,-0.01757559,-0.00694484,0.00359621,-0.03116142,-0.01175379
"Np2_500306",-0.02317084,-0.00788169,-0.02829154,-9.035e-05,-0.02413658,0.00196585,-0.02180972,-0.01110594,-0.02319976,-0.03180014,-0.01288835,-0.0315888,-0.00551372,0.00203125,0.00026402,-0.02323926,-0.01849422,0.01252668,-0.02758893,0.00574974,-0.03268076,-0.00994702,-0.02196937,-0.00504834,-0.02077398,-0.03000863,-0.03043292,0.0195211,-0.02593878,0.03879944,-0.01981736,-0.02516012,0.05362024,-0.00224692,-0.02171236,-0.00873793,-0.00274576,-0.01613081,0.00876256,-0.02176406,-6.449e-05,0.03433574,-0.00517153,-0.02031465,0.0025453,-0.00166443,-0.0183391,0.02378561,-0.00259672,-0.01039566,-0.01870104,-0.03182145,-0.00058463,-0.02953416,-0.02697603,-0.01163668,-0.01473163,-0.00128574,-0.02558143,-0.02474951,-0.0278764,-0.02934555,-0.02987174,0.00480985,-0.01660073,-0.01307694,-0.01048387,-0.01251577,-0.01884858,-0.0143651,-0.00752125,-0.00818132,-0.0057753,0.01772647,-0.0100611,-0.01946605,-0.00828928,1.00927374,-0.01195301,-0.01821743,-0.02161044,-0.0054179,-0.00764596,-0.01504649,-0.00590457,-0.01487458,-0.00358527,-0.01570343,-0.03745016,-0.01764104,0.02626456,-0.0215983,-0.01196519,-0.020301,-0.01581598,0.11013356,-0.02706271,-0.02549472,-0.00747867,0.00873519
"Np2_504220",-0.01432097,0.05723978,0.00504405,-0.01785545,0.0155866,-0.00332824,-0.01691405,-0.0296315,-0.00355181,-0.02933784,-0.01970327,-0.00585743,0.00470492,-0.00691288,-0.01080932,-0.00937058,-0.01557568,-0.00417384,-0.01387231,-0.02007586,-0.00968693,-0.00459511,-0.01251115,0.00714741,-0.00097396,-0.01355446,-0.02127887,-0.01968806,-0.00553044,-0.02170166,-0.01720298,-0.00992266,-0.0096185,-0.01392861,0.00690863,-0.00657983,-0.00803984,-0.00834554,0.00681433,-0.02325599,-0.00733571,-0.00152756,-0.02278451,-0.01967739,-0.01765316,-0.02095036,-0.00127661,-0.00538597,-0.00226365,-0.01857936,-0.0065053,-0.00928389,-0.01393924,0.00258484,-0.02116785,-0.02331835,0.0164748,-0.0079486,-0.00273967,-0.02107052,-0.01674522,-0.01760604,-0.00459663,-0.0144761,-0.00623003,-0.01654599,-0.01912382,-0.00609925,-0.00878202,-0.01768206,-0.02087585,-0.00906493,-0.02931961,-0.00596996,-0.01368224,0.01280498,-0.00704369,-0.01195301,0.98803664,0.00477639,-0.01306474,-0.0073661,-0.01795884,-0.02611984,-0.01287158,-0.01773527,-0.0239358,-0.00305144,-0.0147605,-0.00377234,-0.00716536,-0.02521942,0.00144724,-0.01388449,-0.01320162,-0.00374951,-0.00270013,-0.00782388,-0.01094773,-0.0135925
"Np2_504675",-0.01495821,-0.0141172,0.00288596,-0.00556542,-0.00299669,-0.02449699,-0.00508027,-0.0190144,-0.00297237,-0.02237083,-0.00011316,-0.02793873,-0.00916378,0.02256276,-0.00734026,-0.01411412,-0.02184009,-0.00511526,-0.01496582,-0.0103713,-0.01762427,-0.00614487,-0.00432744,-0.01265261,0.00873061,0.00116892,-0.02434949,-0.02960252,-0.02715544,0.00016972,-0.01540686,-0.01101616,-0.00690986,-0.00148649,-0.01745395,-0.01558178,-0.0022895,-0.00442022,-0.01952535,-0.00594716,-0.00128117,0.0001165,-0.01064659,-0.00130399,-0.00156101,-0.0174813,-0.01697031,-0.00967327,-0.00244463,-0.00902688,-0.02949909,-0.02254422,-0.0028659,-0.00824213,-0.01328832,-0.01391796,-0.00773568,0.01742078,-0.03120858,-0.01182222,-0.00947402,-0.00379515,0.01377681,-0.01465709,-0.01158191,0.00289205,-0.01504643,-0.01723041,-0.00835467,-0.00934627,-0.00417536,-0.01335224,-0.01946298,-0.02394493,-0.01720912,-0.02235565,-0.0049434,-0.01821743,0.00477639,0.99695312,-0.02069791,-0.03081614,0.01242932,-0.00820261,-0.01822347,-0.01168077,-0.00023938,-0.01555133,-0.01357271,-0.01110135,-0.0255966,0.00364792,-0.01531105,-0.00189864,0.00699683,-0.0183786,-0.00987704,-0.01028615,0.0086424,-0.00890675
"Np2_501494",-0.01956791,-0.02678742,-0.0071988,-0.02082112,-0.02022947,-0.01161689,-0.01257961,-0.01966988,0.00990776,-0.01511788,-0.02327728,-0.00760641,-0.0198569,-0.01596196,0.01192744,-0.00944663,-0.01093707,-0.02021886,0.02772303,-0.00889759,-0.01006714,-0.02474643,-0.00680795,-0.01422061,0.00472924,0.00674894,-0.02013823,-0.01200775,0.00960204,-0.01113174,-0.01089144,-0.02383847,-0.01151957,-0.03286327,-0.00396548,-0.01912688,-0.00020745,-0.009182,0.0003507,-0.01633611,-0.01699315,0.02638012,-0.02833563,-0.00287199,0.00797322,-0.01083669,-0.0186904,-0.0077433,-0.00705434,-0.02702011,-0.01175224,-0.00449321,-0.01447153,0.00615885,-0.00162488,-0.00362329,-0.00687031,0.00992144,-0.01680758,0.02113317,0.00583947,0.01167043,0.01616302,-0.01075001,-0.02866259,0.00877624,-0.00870598,-0.0253381,-0.0126602,-0.00118079,-0.00574336,0.00698013,-0.01890176,0.01098754,-0.01634374,-0.00035041,-0.00940102,-0.02161044,-0.01306474,-0.02069791,0.98879717,-0.00409627,0.0006716,-0.00459969,-0.02602694,-0.01857174,-0.01488672,-0.0286778,-0.02168038,-0.02544452,-0.01165187,-0.01419323,-0.02007283,-0.01791475,-0.01860064,-0.01751322,-0.01859304,-0.01291875,-0.02486355,-0.00895389
"Np2_501815",-0.02618817,-0.02215337,0.00260613,-0.01436204,-0.02031007,0.0130924,-0.01843946,-0.00849612,-0.00370845,-0.0129172,0.00249662,-0.04601252,-0.00336019,-0.02851353,-0.03301833,-0.01850024,-0.00888848,-0.02577452,0.01121719,0.01124912,0.00156282,-0.01615816,0.00740746,-0.00821779,-0.01497036,-0.00930064,-0.02280428,-0.01132792,-0.01024963,-0.01303736,-0.00853867,-0.00475631,-0.0227024,-0.01241231,-0.0049586,-0.01859913,-0.00621938,-0.01945232,0.00802645,-0.00926869,-0.0207238,0.01002637,-0.00788471,-0.01116518,-0.01476809,-0.00087966,0.0031293,-0.01451565,-0.00485366,0.00544556,-0.00453276,-0.00305296,-0.01029375,-0.01217201,0.01897811,-0.02210622,-0.01425101,0.00421367,-0.02008197,-0.01681669,-0.01796646,-0.03586084,-0.01235754,-0.0120473,-0.00015118,-0.01350883,0.00246773,-0.01386019,-0.01988881,-0.01297196,-0.00795315,-0.0207801,-0.01974279,-0.02878729,0.03315557,-0.00377689,-0.00735242,-0.0054179,-0.0073661,-0.03081614,-0.00409627,0.98194325,0.00424104,-0.00224692,-0.00603231,0.01039593,-0.00766723,-0.00883524,-0.01126709,-0.00332064,0.00484482,-0.00606122,-0.01361376,-0.02118915,-0.01548746,-0.00618744,-0.03798846,-0.00889304,-0.00699806,-0.01055534
"Np2_503854",-0.029785,-0.02711898,-0.01102831,0.01869374,-0.00793794,0.01071227,-0.01017362,-0.00707413,-0.01141159,-0.03354755,-0.01950251,-0.01356512,-0.01106332,-0.01021009,-0.01425862,-0.00719272,0.09017233,-0.01796495,-0.02188417,-0.02595851,-0.01115912,0.00214532,0.01035032,-0.00968541,-0.02830065,-0.02126216,-0.00967171,-0.01218722,-0.00289631,-0.03229897,0.01280649,-0.01686992,-0.02675549,-0.0081007,-0.00368869,0.00274605,-0.01635587,-0.01042606,0.01431518,-0.01362594,0.01643833,-0.01607908,-0.01132945,-0.01019944,-0.01349819,-0.01238491,-0.00153212,-0.02054586,-0.00753797,-0.01989946,-0.01588592,-0.02048954,-0.02043024,-0.0099896,-0.02446506,-0.01961963,0.00192327,-0.02021885,-0.02535175,-0.00581331,-0.00498598,0.00312626,-0.01473768,-0.02187962,-0.01211268,-0.0239495,-0.00128117,-0.00863604,-0.01162298,-0.01565628,-0.01885007,-0.00080363,-0.01284574,-0.01230887,0.01784816,-0.01954054,-0.01931393,-0.00764596,-0.01795884,0.01242932,0.0006716,0.00424104,0.98935084,-0.02211693,-0.00841244,-0.02179291,-0.02282254,0.00019102,-0.02307652,-0.02379896,-0.01669807,-0.02091236,-0.01979604,0.00106854,-0.00828623,-0.01206553,-0.00630151,0.00606455,0.00659077,0.00029595
"Np2_503803",-0.0038788,-0.03619252,0.00255898,-0.01562593,-0.00803835,-0.0135697,-0.01316367,0.00058188,-0.01516207,-0.01539777,-0.00789235,0.00382435,0.00739077,-0.02810453,-0.02530923,-0.01611409,-0.00300431,-0.00939649,0.00310954,-0.03381535,-0.00411149,-0.01407617,0.00918537,-0.00643993,-0.01486549,-0.0094999,-0.01920145,-0.0320588,-0.00695093,-0.00897824,-0.01892769,0.00021534,-0.00708478,-0.00242182,-0.00394116,0.04081926,-0.01858551,-0.02238918,-0.01939614,-0.01479097,-0.00358529,-0.00416473,-0.01584035,-0.0002622,-0.01846536,-0.03240858,-0.02444539,-0.00893568,-0.01113636,0.01026519,0.00363272,-0.03610273,-0.02342033,-0.01358799,0.00174534,-0.00724903,-0.0079106,-0.0224485,-0.01784791,-0.01488678,-0.01269067,-0.02587045,-0.00981928,-0.00814025,-0.00491298,-0.01233934,-0.01035462,-0.00949688,-0.00700873,-0.0029815,0.00112482,-0.00288113,-0.01644412,-0.00237164,-0.01936119,-0.02876614,-0.00770377,-0.01504649,-0.02611984,-0.00820261,-0.00459969,-0.00224692,-0.02211693,1.04117046,-0.01733382,0.00259245,-0.02520428,-0.0207451,-0.00416624,0.03556623,0.00023512,-2.494e-05,0.00945608,-0.0090695,-0.02146601,-0.01110136,-0.00807485,-0.0124382,-0.01464954,-0.02489862
"Np2_504008",0.00115675,-0.02203168,-0.0257121,-0.01621748,0.00992446,-0.01629045,-0.01846987,-0.01445788,-0.00784518,0.00119629,-0.01426316,-0.00939036,0.00740747,-0.01835424,-0.01312557,-0.02963285,-0.00739804,-0.00998806,-0.04082636,0.04650242,-0.02280122,-0.01968653,-0.0178691,-0.01600456,-0.01317576,-0.00111844,-0.01705544,-0.00481868,-0.00678208,-0.00774479,-0.02180049,-0.01969108,0.02304487,-0.01289898,0.01691127,-0.00129182,-0.00062264,-0.00168876,-0.02455022,-0.00306361,-0.01208533,-0.01175224,-0.00776304,0.00355665,-0.01342973,-0.01125187,0.00173011,-0.01773986,-0.01948428,-0.00614334,-0.01627373,-0.00551674,-0.01671174,-0.01220243,-0.00447344,-0.0181824,0.00016668,-0.00615855,0.00422128,-0.01912837,-0.02331985,-0.01186175,0.00129971,-0.01664026,-0.01751929,-0.01475592,-0.02737138,-0.01039262,-0.02128798,-0.00372518,0.03064607,0.00093775,0.00075829,-7.362e-05,-0.00443999,-0.01643037,-0.01818088,-0.00590457,-0.01287158,-0.01822347,-0.02602694,-0.00603231,-0.00841244,-0.01733382,0.9745813,-0.0059076,-0.01469356,0.00025946,-0.00430159,-0.00730528,-0.02256094,0.01231069,-0.02976521,-0.00844439,-0.02068876,-0.01336585,-0.01794362,-0.01987358,-0.00398677,0.00173316
"Np2_503932",-0.00842157,-0.02202866,-0.02129861,-0.02123326,-0.02505208,-0.02723754,-0.00995005,0.00166625,-0.00038995,0.00028682,-0.00619961,-0.00041429,0.00315212,-0.00238226,-0.00795163,0.02329578,-0.01560761,-0.01971849,-0.02196477,-0.01356812,-0.00561256,-0.00614791,-0.02014735,0.02825534,-0.01956031,-0.01921355,-0.0027564,0.00370114,-0.01712084,-0.00728549,-0.01951618,-0.01831929,-0.00098156,-0.01198343,-0.00452972,0.00190502,-0.00639884,-0.04092373,-0.01390121,-0.01553157,-0.00128421,-0.00749082,-0.00532664,-0.02807399,-0.01297045,-0.00364458,-0.00435026,-0.01287009,-0.04092531,-0.01404874,-0.00668932,-0.00779498,-0.01153781,-0.02406207,-0.00888087,-0.01194388,-0.02188266,-0.03413921,-0.02193438,0.0062729,-0.01753758,-0.01048995,0.02518015,-0.0128351,0.00179855,-0.0146008,-0.02022035,-0.01388756,-0.00105761,-0.01908276,-0.02653494,0.00687214,-0.01551178,-0.02242709,0.00164648,-0.00486886,0.00357035,-0.01487458,-0.01773527,-0.01168077,-0.01857174,0.01039593,-0.02179291,0.00259245,-0.0059076,0.98310535,-0.01225716,-0.00217087,-0.00870901,0.01262096,-0.0164745,-0.00441566,0.0096279,-0.01528519,-0.015819,-0.00104392,-0.00668629,-0.00739956,-0.00155036,-0.01757865
"Np2_502747",-0.00108651,-0.01621444,0.00383041,-0.01648364,-0.008744,-0.01427534,-0.01432555,-0.00727184,-0.02179902,0.01887619,0.00402508,-0.01878165,-0.01339023,-0.00660568,-0.00046447,0.0066014,0.00663183,-0.00462705,-0.00961089,-0.0336084,-0.01926526,-0.00033368,-0.0074893,-0.00045383,-0.00994396,-0.02708702,-0.00789232,-0.00447649,-0.02104008,0.00902261,-0.00396852,-0.01311341,-0.02725738,-0.00191081,-0.00510308,-0.00779347,0.00595505,-0.01777178,-0.00398069,-0.01458408,-0.00809309,-0.00958503,-0.00559583,-0.00963673,-0.02373354,-0.00543462,-0.0176988,-0.02226443,-0.00271687,-0.0135575,-0.02566501,-0.00928085,-0.01211117,0.00289206,-0.00595627,-0.01890483,0.00491935,0.03996135,0.00684475,-0.02426128,-0.01278796,-0.0007215,-0.02269175,-0.00245832,-0.00774784,-0.02019299,-0.00695395,-0.00913793,-0.01410198,-0.02193741,-0.01752693,-0.02670385,-0.01106634,-0.00763985,-0.01808969,-0.00042341,-0.0158616,-0.00358527,-0.0239358,-0.00023938,-0.01488672,-0.00766723,-0.02282254,-0.02520428,-0.01469356,-0.01225716,0.98956379,-0.02069028,-0.02114503,0.00307456,-0.01187696,-0.01761211,-0.01254157,-0.00871055,-0.01076521,-0.01424035,-0.01045344,-0.00614791,-0.02493655,0.00724627
"Np2_500835",-0.01700678,0.01014499,0.00205405,-0.00487647,-0.01888502,-0.02228716,-0.0161019,-0.00889611,-0.00045839,-0.01559845,-0.01204729,-0.00230775,-0.01744786,-0.02876142,-0.00224083,-0.01464183,-0.01643647,0.00576342,-0.00119752,-0.0070969,-0.00887479,-0.01306018,-0.0272117,-0.00588023,-0.00639731,-0.02536539,-0.01666459,-0.01020705,-0.01293089,-0.01343734,-0.00620113,-0.00682924,0.01187726,-0.01433315,-0.01539621,-0.0150449,0.00661205,-0.00464378,-0.01457799,-0.01666459,0.02480605,-0.00147584,-0.00128878,-0.01126099,-0.01030135,-0.00204007,-0.00974167,0.00470339,-0.00282028,-0.01761512,-0.00584525,-0.0140989,-0.00430615,-0.01591788,-0.0091014,-0.00364762,-0.01890938,0.00487828,0.00522048,-0.02695012,-0.00148497,-0.01983559,0.00473228,0.00519462,-0.02625353,-0.00660872,-0.03275976,-0.00452668,-0.00401567,-0.02082412,-0.01778241,-0.02011547,-0.00706345,-0.0135225,-0.00024699,-0.02151459,0.00380608,-0.01570343,-0.00305144,-0.01555133,-0.0286778,-0.00883524,0.00019102,-0.0207451,0.00025946,-0.00217087,-0.02069028,0.97612366,-0.0360007,-0.0184729,-0.02353885,-0.0157384,-0.01264498,-0.01124732,-0.00554564,-0.00765201,0.0084538,-0.00260127,-0.00116255,-0.01916793
"Np2_502378",-0.02202409,0.00680064,-0.03018648,-0.01339174,-2.494e-05,-0.02091689,-0.02750682,-0.00843834,-0.00182564,-0.00419056,-0.01676042,0.00119174,0.0073436,0.00226546,-0.01425406,-0.01555284,-0.03574981,-0.0021435,0.00260613,-0.01409131,0.07005901,-0.02583385,-0.00105152,-0.00846417,0.00896482,-0.01380541,0.00827891,-0.00716384,0.00805838,-0.02012758,-0.00102871,-0.00469853,-0.0135195,-0.02710683,-0.0153947,-0.01717258,-0.0154388,-0.00464226,-0.02126824,-0.0145339,-0.02081811,0.01692801,-0.02166669,0.00060317,-0.00619353,-0.0345848,-0.00396092,-0.02175798,-0.03414839,0.00337417,-0.01892307,-0.02322251,0.00360381,-0.00587872,0.00017733,-0.00592738,0.0043612,-0.01884552,0.00172403,-0.00443998,0.01555013,0.00541211,-0.00363089,0.01173582,-0.00496012,-0.0149719,0.00876103,-0.00513351,0.01301942,-0.01321836,-0.0116975,-0.01205342,-0.02166212,-0.02538364,0.00690255,-0.00143782,-0.01033634,-0.03745016,-0.0147605,-0.01357271,-0.02168038,-0.01126709,-0.02307652,-0.00416624,-0.00430159,-0.00870901,-0.02114503,-0.0360007,0.9902726,-6.905e-05,-0.02414569,-0.00615551,-0.04488557,-0.02158762,-0.00615246,-0.01555894,-0.02241799,-0.0114207,-0.02488636,-0.02768322
"Np2_501178",-0.01483808,0.01337837,0.00042066,-0.01396209,0.00548815,-0.01707677,-0.02822926,-3.559e-05,-0.00802313,-0.00536922,-0.03634146,0.00031725,-0.02029798,-0.00864667,-0.01163061,-0.01505858,-0.03312638,-0.01062228,0.01861314,-0.00431984,0.01245671,-0.03233555,-0.01774291,-0.01268456,-0.01609127,-0.00357767,-0.03000861,-0.0264407,-0.02368945,-0.02738969,-0.00722619,-0.00192297,-0.01819615,-0.006081,-0.01292333,-0.00953031,0.00330573,-0.01996489,-0.02974704,-0.01069375,-0.01819465,-0.01025726,-0.01995575,-0.00437763,-0.01406397,-0.02891967,-0.00681253,-0.01594073,-0.0074954,-0.00936301,-0.0091516,-0.01223437,-0.01445635,-0.01572629,0.00721128,-0.00573728,-0.01385106,0.01176169,-0.00705892,-0.0051624,-0.0177186,0.00499388,0.00538017,-0.01088691,0.00283426,-0.00291914,-0.01416586,-0.02197704,-0.00412822,-0.01698249,0.00141987,-0.00638823,-0.01325943,-0.00131616,-0.01556813,-0.0214751,0.00871237,-0.01764104,-0.00377234,-0.01110135,-0.02544452,-0.00332064,-0.02379896,0.03556623,-0.00730528,0.01262096,0.00307456,-0.0184729,-6.905e-05,1.01118724,-0.00813871,0.00528893,-0.0101721,-0.01805166,-0.02086675,-0.01765013,-0.03089679,-0.01001392,-0.01754826,-0.00665741
"Np2_501454",-0.01442895,-0.0003565,0.00022143,-0.01811552,0.01304526,0.01162023,-0.01154696,-0.0016036,-0.01354536,0.00599003,-0.02224462,0.01973705,-0.01213249,-0.0149293,-0.02217163,0.02245933,-0.01385865,-0.01614449,-0.02523463,-0.01592546,-0.02834934,-0.00166139,-0.02706726,-0.00026068,-0.00853413,-0.01366245,-0.00344078,-0.00276249,-0.01080931,-0.01679084,-0.02643609,-0.01003065,-0.00790146,-0.00050098,-0.02665816,-0.00851284,-0.02563766,0.00021534,-0.0085022,-0.01469511,-0.02037098,0.02011269,-0.01072567,-0.00548937,-0.02703837,0.01894009,-0.02267657,-0.014467,-0.02457614,-0.0077372,-0.02136557,-0.00574183,-0.01389514,-0.02216102,-0.00454645,0.00090734,0.00024577,-0.01931091,-0.01744787,-0.00095115,-0.02065535,-0.02379745,-0.00561713,-0.00986944,-0.00101503,0.00433382,-0.00082948,-0.00407804,-0.01984016,-0.01125037,-0.02144009,-0.00628328,-0.00159599,-0.00714254,-0.02504457,-0.01361378,-0.00912878,0.02626456,-0.00716536,-0.0255966,-0.01165187,0.00484482,-0.01669807,0.00023512,-0.02256094,-0.0164745,-0.01187696,-0.02353885,-0.02414569,-0.00813871,0.99633861,-0.01985234,-0.00078994,0.00304109,-0.01346169,-0.00203248,-0.02288338,-0.01142984,-0.02109336,-0.01126711
"Np2_500669",0.00858005,-0.02464608,0.01988454,-0.02309026,-0.02280277,0.01424979,-0.0057236,0.00984696,-0.01547837,-0.00978274,-0.00729615,-0.01367767,0.00874736,-0.00758511,-0.00843984,-0.00015727,-0.01442288,-0.01032114,-0.01241536,-0.00538748,-0.03134694,-0.00070477,-0.0130313,-0.02607113,0.00534976,-0.01620381,-0.02803453,0.0248091,0.00733295,0.000591,-0.01452933,-0.00633649,-0.02154506,-0.02920107,-0.00593043,-0.01455216,0.01714246,-0.01038654,-0.0125644,0.00359925,-0.02139149,0.0096629,-0.01007324,0.0030715,-0.00843984,-0.01325789,-0.01578862,-0.01640002,-0.02164241,-0.01697031,-0.02679655,-0.01923333,-0.01993447,0.00373765,-0.02396928,-0.00665283,-0.02465216,-0.00512285,-0.01162452,-0.00911966,-0.00251306,-0.02405752,-0.02519206,-0.01286705,0.00207078,0.00057579,-0.01553766,-0.01589663,0.00773141,-0.01622509,-0.02048348,-0.02312073,-0.00611445,-0.01470271,-0.02667342,-0.01052797,-0.00315334,-0.0215983,-0.02521942,0.00364792,-0.01419323,-0.00606122,-0.02091236,-2.494e-05,0.01231069,-0.00441566,-0.01761211,-0.0157384,-0.00615551,0.00528893,-0.01985234,1.00190266,-0.01945235,-0.0191193,-0.01813224,-0.01598022,-0.02131843,-0.01305868,0.01012828,-0.00787713
"Np2_502318",-0.01053101,0.01160198,-0.00941621,-0.01634677,0.01557444,-0.0188531,0.00436576,-0.01519552,-0.0064536,-0.02250618,-0.00648401,-0.01529889,0.010472,-0.01817937,-0.00200054,0.00917164,0.00965833,-0.01909039,0.00497409,-0.00366283,-0.02429929,-0.0012614,-0.01526086,-0.00548786,-0.00782997,-0.02253967,-0.01961811,-0.0064688,-0.02227198,-0.01045953,-0.01751932,-0.00856606,0.00618622,-0.00390313,-0.01196214,-0.00917745,-0.02447725,0.00289661,-0.01160017,0.00441138,-0.01282296,-0.00914399,-0.02112375,-0.00326436,-0.0033693,0.01766714,-0.02379743,-0.01087322,-0.0225032,-0.00733721,-0.01199254,0.00788957,-0.01577644,-0.00959418,-0.01555286,-0.01298871,-0.00711061,-0.01784633,-0.00792275,-0.01986601,-0.01265108,-0.00043254,-0.0181444,-0.00505898,-0.00609011,-0.00895388,-0.0148776,0.01883065,-0.02902156,-0.01085039,0.00739986,-0.01105422,-0.02431297,-0.01951773,-0.02935924,-0.0246202,0.01195482,-0.01196519,0.00144724,-0.01531105,-0.02007283,-0.01361376,-0.01979604,0.00945608,-0.02976521,0.0096279,-0.01254157,-0.01264498,-0.04488557,-0.0101721,-0.00078994,-0.01945235,0.99303181,-0.00735698,-0.01290962,-0.0107576,-0.0141187,-0.01118193,-0.01978085,-0.02120895
"Np2_500631",-0.013848,-0.01407157,0.00825457,-0.01175531,-0.01435747,-0.01365331,-0.01355145,-0.01881669,0.00072331,-0.0110709,-0.01436357,-0.01222829,-0.02858512,-0.01085038,-0.02204694,0.02440908,-0.01008388,-0.01951777,-0.01613688,-0.0071319,-0.00100134,0.0018092,-0.01781743,-0.01291116,0.00862415,0.00608129,-0.00164314,-0.01450044,-0.01722428,-0.00267428,-0.02022797,0.00423801,-0.02967709,0.01103016,-0.00417688,-0.01416739,-0.0040689,-0.02186443,-0.00305449,-0.01365789,-0.00899193,-0.00409627,-0.0186615,-0.02407115,-0.02326362,-0.01682734,-0.00947251,-0.03198425,-0.0142617,-0.00289784,-0.01409285,-0.00926717,-0.00829536,0.01476843,-0.00579051,0.00605087,-0.00495252,-0.02846343,-0.0191482,-0.00903905,-0.00760337,-0.00603081,-0.02343851,-0.0153719,0.00184723,-0.01348756,-0.01150284,-0.01125345,0.00096817,-0.02055497,-0.02390084,0.00038112,0.00157042,-0.02313889,0.00139097,-0.02398298,0.01502544,-0.020301,-0.01388449,-0.00189864,-0.01791475,-0.02118915,0.00106854,-0.0090695,-0.00844439,-0.01528519,-0.00871055,-0.01124732,-0.02158762,-0.01805166,0.00304109,-0.0191193,-0.00735698,1.00206389,0.00765081,-0.01042454,0.00537713,-0.01601978,-0.00469549,-0.02285301
"Np2_502064",-0.01255677,-0.01049907,0.01775837,-0.01411414,0.00457563,-0.02848313,-0.00663307,-0.00368566,-0.01532322,-0.01768812,-0.00820562,-0.01397879,-0.03200854,0.01812034,-0.00220129,-0.0136898,-0.01365941,-0.02278911,-0.02336245,-0.031391,-0.00153515,0.00675046,-0.02063251,-0.02317844,-0.00727029,-0.02030706,0.01698579,-0.01670719,0.0039901,-0.00579354,-0.00996372,-0.01895652,-0.0121127,-0.02022495,-0.01702961,-0.00116559,0.0087808,-0.01129599,-0.01332178,0.0107503,-0.00815696,-0.01436356,-0.00185758,-0.00270469,-0.01938693,-0.00428181,-0.00878963,0.01478059,-0.00962459,0.0063018,-0.01082452,-0.03154917,0.00212098,-0.01998466,-0.03324342,-0.00786647,0.01580563,-0.00572815,-0.00158382,-0.02767103,-0.01771857,0.00012713,0.01313652,-0.00830144,-0.00872422,0.01350609,-0.03363275,-0.0081372,-0.01127623,-0.02641176,-0.02291379,-0.00790908,-0.01143438,-0.00542245,-0.00188039,-0.02892725,-0.02413808,-0.01581598,-0.01320162,0.00699683,-0.01860064,-0.01548746,-0.00828623,-0.02146601,-0.02068876,-0.015819,-0.01076521,-0.00554564,-0.00615246,-0.02086675,-0.01346169,-0.01813224,-0.01290962,0.00765081,0.98761074,-0.01582508,0.03130614,-0.01107851,-0.0116169,-0.0233868
"Np2_502214",-0.02561328,-0.00043862,-0.02145677,-0.0070954,0.00429427,-0.01233928,-0.02546885,-0.01202755,-0.01165035,-0.01112563,-0.0185246,0.01524442,-0.01586465,-0.02124691,0.00147157,-0.01822952,-0.02321796,0.00126322,-0.01254156,-0.02102637,0.00183354,-0.01847289,-0.0266931,0.00041762,0.00096513,-0.00842158,-0.01508138,-0.00041124,-0.02564368,-0.00288111,-0.02104311,-0.01893371,0.00114154,-0.0037769,-0.01229215,-0.0081387,-0.01826758,-0.01431487,-0.01314687,-0.01629807,-0.02805736,-0.03091803,-0.02479962,-0.00207354,-0.01982037,0.00243275,-0.03142753,-0.0220013,0.0084964,-0.01587984,-0.00456621,-0.01312404,-0.00743758,-0.01965766,-0.012537,0.00265023,-0.00698437,-0.00448865,-0.01220699,-0.03662123,0.02382356,-0.02357538,-0.00387423,-0.01025572,-0.00505136,-0.01795276,-0.02022642,0.00390038,-0.01216591,-0.01498253,-0.00646576,-0.00028197,-0.02464297,0.00737552,-0.01311191,0.00227306,-0.01757559,0.11013356,-0.00374951,-0.0183786,-0.01751322,-0.00618744,-0.01206553,-0.01110136,-0.01336585,-0.00104392,-0.01424035,-0.00765201,-0.01555894,-0.01765013,-0.00203248,-0.01598022,-0.0107576,-0.01042454,-0.01582508,0.97944262,-0.00258607,-0.00831816,-0.00627109,0.00173011
"Np2_503616",-0.00646576,-0.01976868,-0.01341148,0.00885836,-0.00606273,0.00498322,0.00173924,0.00103661,0.00202212,-0.01342213,-0.01367309,-0.01883792,-0.02226746,-0.01304953,-0.02135644,-0.00121121,0.00201299,-0.02004395,-0.02213816,-0.00765811,-0.00244006,0.01633944,0.01770059,-0.01876036,-0.01076066,-0.01254309,-0.01068612,-0.02156632,-0.01440461,0.01641851,-0.00341645,-0.01803641,-0.01697183,-0.01459019,-0.00835314,0.0011233,-0.01067853,-0.02269479,-0.01392251,-0.01616121,0.00934049,-0.02302482,-0.00793338,-0.01395138,-0.00432288,-0.00838051,0.00444941,-0.01426016,-0.02132757,0.00174685,-0.00427725,-0.00218912,-0.00790905,0.00755044,-0.03019412,0.00278711,-0.01277883,-0.00480803,-0.0090284,-0.01382365,-0.01695054,-0.01400921,-0.01483958,0.00235215,-0.02605433,-0.01294916,-0.01826454,-0.05132195,-0.02434796,-0.01651861,-0.01226022,0.01962607,0.00864848,-0.00815238,-0.01586467,-0.00838812,-0.00694484,-0.02706271,-0.00270013,-0.00987704,-0.01859304,-0.03798846,-0.00630151,-0.00807485,-0.01794362,-0.00668629,-0.01045344,0.0084538,-0.02241799,-0.03089679,-0.02288338,-0.02131843,-0.0141187,0.00537713,0.03130614,-0.00258607,0.98823438,-0.01608973,-0.03579088,0.0038441
"Np2_501254",-0.01356663,-0.00998807,-0.02735618,-0.02394495,-0.03019715,-0.02918881,0.00041762,-0.01838324,0.00541515,-0.00866035,-0.01149675,-0.00890522,0.00348215,-0.02075873,-0.00062568,0.0073527,-0.01330048,-0.02060516,-0.01296589,-0.01932152,-0.00817217,-0.0140305,-0.01282141,-0.02190702,-0.01375521,-0.02146899,0.00244035,0.01984805,0.00176358,-0.00923676,0.00788501,-0.01266628,-0.00749539,-0.01880143,-0.00465595,0.00618927,-0.00591674,-0.01778092,-0.01935045,-0.01018273,-0.01722736,-0.00320657,0.00458476,-0.00128117,-0.01324878,-0.01472095,-0.01284119,-0.00721708,-0.01017819,-0.01113327,-0.00620722,-0.00533577,-0.01668286,0.00029747,-0.00687792,-0.02803908,-0.01501297,-0.01525478,-0.02890446,-0.01712239,-0.00017399,-0.01350581,-0.00810069,-0.00155492,-0.01520914,-0.00666652,-0.03129674,0.00165104,-0.01806532,-0.00126292,-0.0097797,-0.01089605,-0.00681708,-0.00445519,0.03163321,0.01234263,0.00359621,-0.02549472,-0.00782388,-0.01028615,-0.01291875,-0.00889304,0.00606455,-0.0124382,-0.01987358,-0.00739956,-0.00614791,-0.00260127,-0.0114207,-0.01001392,-0.01142984,-0.01305868,-0.01118193,-0.01601978,-0.01107851,-0.00831816,-0.01608973,0.99258766,-0.01962269,-0.02591751
"Np2_502161",-0.01136748,-0.01067854,-0.01679236,-0.01109982,-0.01385407,-0.01786456,0.00824395,0.00617255,-0.01154848,-0.03763868,-0.02374572,-0.02799805,-0.0166753,0.01565961,-0.00907252,-0.01234842,-0.01399096,-0.00973714,-0.00666044,-0.02989755,-0.00323547,-0.01213552,-0.0103181,-0.01058273,-0.02220205,-0.03706387,-0.01437116,-0.00684903,-0.00181652,-0.01083974,-0.00117016,-0.01761515,-0.01913603,-0.01492935,-0.00990899,-0.01777029,0.01073054,-0.01132338,-0.00179066,-0.00342102,0.06785856,0.00325098,-0.01313927,-0.01383429,-0.01834973,0.00375133,-0.00866493,-0.00653878,-0.01543124,0.0014077,0.00146701,-0.00115951,-0.01600458,0.0177052,-0.0138039,-0.01443353,-0.01053254,0.00017581,-0.02411988,-0.01081694,-0.00192906,-0.00993789,0.00048606,-0.00863299,0.0005256,-0.02180512,-0.0176912,-0.00527496,0.01090087,-0.01853071,-0.01168687,-0.00185302,-0.00994091,-0.01928961,-0.02730611,-0.03412556,-0.03116142,-0.00747867,-0.01094773,0.0086424,-0.02486355,-0.00699806,0.00659077,-0.01464954,-0.00398677,-0.00155036,-0.02493655,-0.00116255,-0.02488636,-0.01754826,-0.02109336,0.01012828,-0.01978085,-0.00469549,-0.0116169,-0.00627109,-0.03579088,-0.01962269,1.00337505,-0.01200778
"Np2_502575",0.00043587,-0.01225872,0.00611322,-0.0105508,-0.02501563,-0.0083425,-0.0064156,-0.00772658,-0.01023902,-0.00834554,0.01056629,-0.01376133,-0.01019492,0.00039177,0.00136208,-0.03217884,-0.0233275,0.01712272,-0.01204275,-0.03223816,-0.01530955,0.00681586,-0.02284843,-0.00942536,-0.0125279,-0.00244767,-0.02203477,-0.00827711,-0.00765507,-0.0241305,-0.0187193,-0.007941,-0.00870144,-0.01453242,0.00143812,-0.01037742,-0.02263552,-0.02020367,0.01320651,-0.01062835,-0.02345226,-0.00973561,-0.00011924,-0.02012911,-0.00882766,-0.01440615,-0.01328681,0.01195637,-0.02689699,-0.01690188,0.0076432,-0.01445025,0.0018822,-0.02493813,-0.01097359,-0.01494911,-0.00542095,-0.01311495,-0.0177916,-0.00448866,-0.01521983,-0.01516812,-0.00307123,-0.0076277,0.00442051,0.01159439,-0.00771287,0.00683261,-0.01242752,-0.00581485,-0.01706917,-0.00252068,-0.01806077,-0.00246744,-0.03938022,-0.01000329,-0.01175379,0.00873519,-0.0135925,-0.00890675,-0.00895389,-0.01055534,0.00029595,-0.02489862,0.00173316,-0.01757865,0.00724627,-0.01916793,-0.02768322,-0.00665741,-0.01126711,-0.00787713,-0.02120895,-0.02285301,-0.0233868,0.00173011,0.0038441,-0.02591751,-0.01200778,1.0101012
