"","solution","std.error","z.ratio"
"vm(ID, ginv)_Np1_500157",0.60917242930668,0.743870904139162,0.818922242981985
"vm(ID, ginv)_Np1_504397",0.159059319630363,0.744641931189008,0.213605107325054
"vm(ID, ginv)_Np1_504827",0.814052046721537,0.723965464620048,1.12443491644835
"vm(ID, ginv)_Np1_500570",0.635229474236327,0.771411393904668,0.823463950954851
"vm(ID, ginv)_Np1_504915",0.562298257774122,0.735731802949328,0.76427069690346
"vm(ID, ginv)_Np1_504548",0.683235220013343,0.729384380517301,0.93672861424421
"vm(ID, ginv)_Np1_503933",0.781566834780939,0.71885297286522,1.08724156994963
"vm(ID, ginv)_Np1_501959",0.483879195100577,0.775071402612888,0.624302733231215
"vm(ID, ginv)_Np1_500259",1.05207090138771,0.720395866514651,1.46040663236692
"vm(ID, ginv)_Np1_500295",0.577680995757145,0.744475932149781,0.775956576714318
"vm(ID, ginv)_Np1_504630",0.537162726942208,0.734872061944916,0.730960877081856
"vm(ID, ginv)_Np1_503046",-0.0984830877701004,0.75669095102054,-0.130149683483432
"vm(ID, ginv)_Np1_503448",0.0627953302003089,0.805967562946708,0.0779129745255779
"vm(ID, ginv)_Np1_501184",0.0087716948813309,0.750359976126882,0.0116899823556789
"vm(ID, ginv)_Np1_503464",-0.177227893946165,0.736803305348173,-0.240536236278713
"vm(ID, ginv)_Np1_503223",0.57936600085195,0.732256696318949,0.791206149106482
"vm(ID, ginv)_Np1_503258",-0.421855116613548,0.714731892578354,-0.590228477271009
"vm(ID, ginv)_Np1_502147",1.07813933825149,0.735705758976749,1.46544909441923
"vm(ID, ginv)_Np1_504658",0.516829785181133,0.777302703750736,0.664901566258888
"vm(ID, ginv)_Np1_503139",0.894909196818265,0.749057452821391,1.19471369445362
"vm(ID, ginv)_Np1_503536",0.233993242198571,0.791128554952238,0.295771452988064
"vm(ID, ginv)_Np1_500080",1.0353995014804,0.718488422087247,1.44108028696205
"vm(ID, ginv)_Np1_504215",0.565985235319001,0.715596717985744,0.790927656728404
"vm(ID, ginv)_Np1_501804",0.485997807731873,0.763008597477375,0.63694932054325
"vm(ID, ginv)_Np1_502930",0.37558384751733,0.773962965176614,0.485273668658841
"vm(ID, ginv)_Np1_503328",-0.264845672604017,0.740483383430053,-0.357665922734422
"vm(ID, ginv)_Np1_500114",1.33826196418677,0.7175946814883,1.86492737294428
"vm(ID, ginv)_Np1_500677",0.88970545352136,0.757565263075323,1.17442746768723
"vm(ID, ginv)_Np1_502993",0.445178863176516,0.749799131615471,0.593730833239779
"vm(ID, ginv)_Np1_504026",0.282356293517401,0.801622429039158,0.352231029583141
"vm(ID, ginv)_Np1_504533",0.190544661089173,0.704777427577263,0.270361469640406
"vm(ID, ginv)_Np1_501538",0.748233459870638,0.717749374661235,1.04247176839937
"vm(ID, ginv)_Np1_501470",0.315367429515805,0.755450258352554,0.417456246826286
"vm(ID, ginv)_Np1_502095",-0.310959596909731,0.749168820653559,-0.415072795793152
"vm(ID, ginv)_Np1_503331",0.273524678898367,0.690171588223377,0.396314023303201
"vm(ID, ginv)_Np1_503643",0.360071567558264,0.774487178316761,0.464916111769376
"vm(ID, ginv)_Np1_501695",-0.147548327013151,0.747521375706782,-0.197383421810038
"vm(ID, ginv)_Np1_504964",0.4852335024661,0.789710517055309,0.614444776898059
"vm(ID, ginv)_Np1_500039",-0.430884439168459,0.718012374687844,-0.600107260485289
"vm(ID, ginv)_Np1_501649",0.0259914561163715,0.783083033278754,0.0331911879223659
"vm(ID, ginv)_Np1_504973",-0.258742246029318,0.726351243848522,-0.356221935627713
"vm(ID, ginv)_Np1_504188",0.554039402491045,0.766970491085217,0.722373818720343
"vm(ID, ginv)_Np1_502173",1.00552996996396,0.74772916596046,1.34477831779151
"vm(ID, ginv)_Np1_500457",0.293838989727053,0.693480204979445,0.42371647758246
"vm(ID, ginv)_Np1_503929",0.66186085791077,0.791358506815473,0.836360324948274
"vm(ID, ginv)_Np1_501049",0.23009217759255,0.73773721473699,0.311889075128981
"vm(ID, ginv)_Np1_503553",1.69176005120318,0.741473547363676,2.28161888879012
"vm(ID, ginv)_Np1_503180",0.290057767748098,0.698634854632473,0.415177922808743
"vm(ID, ginv)_Np1_500336",1.21188687363658,0.774417696654852,1.56490080078413
"vm(ID, ginv)_Np1_500079",0.273435220736708,0.744552178093842,0.367247895824763
"vm(ID, ginv)_Np1_501123",-0.0281270423123485,0.711045905419272,-0.0395572804765161
"vm(ID, ginv)_Np1_504560",0.122485413941299,0.762328554226732,0.160672735216565
"vm(ID, ginv)_Np1_500107",0.459636458398978,0.736826199419805,0.623805802183618
"vm(ID, ginv)_Np1_503983",0.117669398964199,0.757542713567338,0.155330381847491
"vm(ID, ginv)_Np1_502407",1.41225045633547,0.744184862513204,1.89771456996064
"vm(ID, ginv)_Np1_502651",2.29741600929511,0.716736923987698,3.20538252238076
"vm(ID, ginv)_Np1_504360",-0.000389505478868658,0.770374592129647,-0.000505605302729283
"vm(ID, ginv)_Np1_504933",0.541343402613482,0.73457093753772,0.736951838073071
"vm(ID, ginv)_Np1_501573",0.700648633253938,0.723306565058134,0.968674511059672
"vm(ID, ginv)_Np1_503172",0.555616965334336,0.748211049047515,0.742593905879426
"vm(ID, ginv)_Np1_503354",0.876434787555255,0.766673062731762,1.14316627276873
"vm(ID, ginv)_Np1_501929",-0.182507945259252,0.745926966078775,-0.244672673812383
"vm(ID, ginv)_Np1_503535",0.274149089506044,0.762364582583147,0.359603653906816
"vm(ID, ginv)_Np1_502926",0.741761088143046,0.748677176935287,0.990762255074274
"vm(ID, ginv)_Np1_503793",0.2546480182222,0.794106152542965,0.320672516396883
"vm(ID, ginv)_Np1_503803",0.95603423838348,0.739974613980809,1.291982481994
"vm(ID, ginv)_Np1_501774",0.200668721895704,0.71627191193842,0.280157184095969
"vm(ID, ginv)_Np1_501531",0.156903963962019,0.739349567153044,0.212218916372936
"vm(ID, ginv)_Np1_503087",0.386991202276584,0.776421342936921,0.498429371882973
"vm(ID, ginv)_Np1_500315",0.0719075159650903,0.740532728054309,0.0971024145739265
"vm(ID, ginv)_Np1_503901",0.21531890461717,0.752877470046759,0.285994618226253
"vm(ID, ginv)_Np1_504275",0.300374350657752,0.743554796203559,0.403970698852866
"vm(ID, ginv)_Np1_503722",0.569315216778716,0.706235154439619,0.806126986457442
"vm(ID, ginv)_Np1_503445",0.977040486647972,0.762131610842604,1.28198394181258
"vm(ID, ginv)_Np1_503102",0.0408517179884151,0.742519619498849,0.055017695042169
"vm(ID, ginv)_Np1_501873",0.387037562613415,0.784736446278461,0.493207069008843
"vm(ID, ginv)_Np1_503504",1.27444358557875,0.745779811243783,1.70887380747581
"vm(ID, ginv)_Np1_502917",0.85555320140948,0.749577381008543,1.14138076079397
"vm(ID, ginv)_Np1_503689",0.544898042163758,0.747826059431505,0.728642757619316
"vm(ID, ginv)_Np1_503106",0.901858089595296,0.774843905544037,1.16392228569195
"vm(ID, ginv)_Np1_501933",0.572651664760662,0.704812576794419,0.812487863603623
"vm(ID, ginv)_Np1_502854",1.08891698248113,0.722020839464709,1.50815173601973
"vm(ID, ginv)_Np1_502827",0.460468428394296,0.774870270945973,0.594252284104472
"vm(ID, ginv)_Np1_500051",-0.420873805208317,0.741056190808171,-0.567937776417908
"vm(ID, ginv)_Np1_503443",-0.0149211047084692,0.721429348418795,-0.0206826971222792
"vm(ID, ginv)_Np1_503557",0.735180006350889,0.738805275201277,0.995093065829287
"vm(ID, ginv)_Np1_500182",0.206733202254217,0.759462386464831,0.272209928942664
"vm(ID, ginv)_Np1_503873",0.677287682621584,0.835287326572682,0.810843958809484
"vm(ID, ginv)_Np1_501158",0.253747575281616,0.756001185799265,0.335644414384545
"vm(ID, ginv)_Np1_502973",0.478463974416927,0.711349344065133,0.672614627972607
"vm(ID, ginv)_Np1_503246",0.922753411693312,0.707395253681959,1.30443822868534
"vm(ID, ginv)_Np1_501894",0.755115535649128,0.728941608608402,1.03590675402752
"vm(ID, ginv)_Np1_502421",0.617561478729296,0.729848209567939,0.846150570260197
"vm(ID, ginv)_Np1_503222",0.507774827568969,0.749830275612667,0.677186350143144
"vm(ID, ginv)_Np1_500098",0.332632240129366,0.715312032522432,0.465016978613364
"vm(ID, ginv)_Np1_503911",0.24121705522019,0.797480551873668,0.302473903160966
"vm(ID, ginv)_Np1_502846",0.801380214857893,0.743234544497998,1.07823327210816
"vm(ID, ginv)_Np1_503363",1.1221516624791,0.753814917088015,1.48863021550963
"vm(ID, ginv)_Np1_502663",-0.79686889481979,0.727658145673562,-1.09511437418482
"vm(ID, ginv)_Np1_500178",0.322520070054269,0.754136968155988,0.427667762850685
"vm(ID, ginv)_No_511501",0.551381847576983,0.780101894022776,0.706807471949151
"vm(ID, ginv)_No_511502",1.09549619779572,0.78410127351804,1.39713610319817
"vm(ID, ginv)_No_511503",-0.0805655270847399,0.774162889229039,-0.104067927054696
"vm(ID, ginv)_No_511504",0.867187163875323,0.763380119381331,1.13598342668148
"vm(ID, ginv)_No_511505",1.09985241779451,0.786381168742527,1.39862507078246
"vm(ID, ginv)_No_511506",0.171217864153634,0.797535278011036,0.214683749890829
"vm(ID, ginv)_No_511507",-0.0622979561795045,0.800216747179995,-0.0778513526479491
"vm(ID, ginv)_No_511508",0.336545630482076,0.768793946697889,0.437757908900819
"vm(ID, ginv)_No_511509",0.272729769499544,0.783445592887824,0.34811577469502
"vm(ID, ginv)_No_511510",0.608150795106285,0.784118371215121,0.775585444024038
"vm(ID, ginv)_No_511511",-0.0568810073809552,0.780437913880492,-0.072883449623983
"vm(ID, ginv)_No_511512",0.918487848136979,0.80631777841844,1.13911397307716
"vm(ID, ginv)_No_511513",0.625087470035392,0.783974361211295,0.797331521236981
"vm(ID, ginv)_No_511514",0.918075962591892,0.804099022184993,1.14174490611515
"vm(ID, ginv)_No_511515",0.59462109296152,0.77691999211095,0.765356920917802
"vm(ID, ginv)_No_511516",1.08428002960789,0.769670985788087,1.40875783241026
"vm(ID, ginv)_No_511517",0.346287372995691,0.782242611122208,0.442685386952912
"vm(ID, ginv)_No_511518",0.556409146625076,0.787718743215884,0.706355093638524
"vm(ID, ginv)_No_511519",0.385788961416102,0.773083407152158,0.499026311840336
"vm(ID, ginv)_No_511520",0.901982305570592,0.775301409058739,1.16339567429092
"vm(ID, ginv)_No_511521",0.79377782343158,0.788403023187207,1.00681732576652
"vm(ID, ginv)_No_511522",0.941422201876119,0.784440242449935,1.20011971713219
"vm(ID, ginv)_No_511523",0.632713924246176,0.754340782731887,0.838764042366591
"vm(ID, ginv)_No_511524",0.290007790308389,0.78025127832111,0.371685120378664
"vm(ID, ginv)_No_511525",0.708807677228692,0.782103021963695,0.906284283941297
"vm(ID, ginv)_No_511526",-0.0645581233887634,0.769428721409607,-0.0839039687399396
"vm(ID, ginv)_No_511527",0.41722651346077,0.795180267122294,0.524694249482177
"vm(ID, ginv)_No_511528",0.215645307799292,0.769349157860587,0.28029576115864
"vm(ID, ginv)_No_511529",-0.0639855864395712,0.782108402012947,-0.081811659707131
"vm(ID, ginv)_No_511530",0.776330226168666,0.789760900026291,0.98299400001041
"vm(ID, ginv)_No_511531",-0.149304918119679,0.780941893616733,-0.191185694275167
"vm(ID, ginv)_No_511532",0.832025384591329,0.788618987036997,1.05504102521982
"vm(ID, ginv)_No_511533",0.315055831847066,0.791297101309225,0.398151125949781
"vm(ID, ginv)_No_511534",0.778256328241468,0.772080124067953,1.00799943423096
"vm(ID, ginv)_No_511535",0.55563791944938,0.770793772173366,0.720864567811281
"vm(ID, ginv)_No_511536",0.755535854750621,0.789133812875384,0.957424257360938
"vm(ID, ginv)_No_511537",0.460117361568404,0.778251079554954,0.59121968944974
"vm(ID, ginv)_No_511538",0.498021149581323,0.799216975072213,0.623136351097052
"vm(ID, ginv)_No_511539",-0.0176801588164223,0.789176030532279,-0.0224033145108291
"vm(ID, ginv)_No_511540",0.784352616486428,0.775706942154367,1.01114554203685
"vm(ID, ginv)_No_511541",0.14118769934205,0.776817499208197,0.181751440313795
"vm(ID, ginv)_No_511542",0.209864042879516,0.768491117252385,0.273085840770484
"vm(ID, ginv)_No_511543",0.274102734683522,0.781168808884858,0.350887966296059
"vm(ID, ginv)_No_511544",0.551453717370778,0.7822896743905,0.704922658988729
"vm(ID, ginv)_No_511545",0.255576209775858,0.765781268802611,0.333745705448609
"vm(ID, ginv)_No_511546",-0.177149689129848,0.765031610502685,-0.231558652868536
"vm(ID, ginv)_No_511547",1.63582902279575,0.793692008948635,2.06103753641498
"vm(ID, ginv)_No_511548",0.74289379095819,0.787552686208501,0.943294085548343
"vm(ID, ginv)_No_511549",0.118383247488713,0.754092475763149,0.156987705478573
"vm(ID, ginv)_No_511550",0.445451711221185,0.778089311465518,0.572494319941479
"vm(ID, ginv)_No_511551",-0.287734045084332,0.789105234373951,-0.364633299274222
"vm(ID, ginv)_No_511552",-0.0666047863358524,0.781569054552695,-0.0852193238049469
"vm(ID, ginv)_No_511553",0.59453513011514,0.780553805665989,0.761683724811087
"vm(ID, ginv)_No_511554",0.161099356229222,0.785174927630056,0.205176388802274
"vm(ID, ginv)_No_511555",0.35383556960276,0.791265820386265,0.44717661307553
"vm(ID, ginv)_No_511556",0.477589735653467,0.776476245318859,0.615073208656043
"vm(ID, ginv)_No_511557",0.629496471603524,0.769518548583345,0.8180393737908
"vm(ID, ginv)_No_511558",0.532553645556525,0.774660576759144,0.687467081111197
"vm(ID, ginv)_No_511559",-0.0505825610030134,0.78838511826777,-0.0641597105665221
"vm(ID, ginv)_No_511560",0.798394200165511,0.769763897995635,1.03719361513891
"vm(ID, ginv)_No_511561",0.0281044804653724,0.791625563776972,0.0355022396336994
"vm(ID, ginv)_No_511562",0.359623693269202,0.770303453114173,0.466859770412972
"vm(ID, ginv)_No_511563",0.134984365243103,0.774989681506351,0.174175693514697
"vm(ID, ginv)_No_511564",0.131074512573494,0.797317302816293,0.164394416263777
"vm(ID, ginv)_No_511565",0.404416693980021,0.799700097341924,0.505710447359251
"vm(ID, ginv)_No_511566",0.869571576716722,0.773475314582629,1.12423959798374
"vm(ID, ginv)_No_511567",0.14281637833257,0.775693686228465,0.184114400913799
"vm(ID, ginv)_No_511568",-0.139896660612077,0.763367227790351,-0.183262596977111
"vm(ID, ginv)_No_511569",0.89679621660902,0.770956594279598,1.16322530122076
"vm(ID, ginv)_No_511570",0.850729832712194,0.800421274862897,1.06285259953631
"vm(ID, ginv)_No_511571",1.02735619040199,0.788004844487425,1.30374349547338
"vm(ID, ginv)_No_511572",0.227990890508273,0.788847836272502,0.289017577313244
"vm(ID, ginv)_No_511573",0.669413453067998,0.781110120099799,0.857002663059172
"vm(ID, ginv)_No_511574",-0.0550662922488699,0.787015092799453,-0.0699685339616504
"vm(ID, ginv)_No_511575",-0.206482715890768,0.77015385225325,-0.268105801570243
"vm(ID, ginv)_No_511576",0.566315495989018,0.78110366817025,0.725019634481582
"vm(ID, ginv)_No_511577",0.431373693748737,0.799573443031318,0.539504779089869
"vm(ID, ginv)_No_511578",0.738227155210107,0.785782396637625,0.939480393514785
"vm(ID, ginv)_No_511579",0.467444152145087,0.802676528669495,0.58235682176968
"vm(ID, ginv)_No_511580",0.494209471265964,0.773687657679486,0.638771300486092
"vm(ID, ginv)_No_511581",0.215037021353664,0.778524181331791,0.276211101093621
"vm(ID, ginv)_No_511582",0.0343128916778876,0.793987942259525,0.0432158850929653
"vm(ID, ginv)_No_511583",0.266030304573983,0.786852062456721,0.338094436384115
"vm(ID, ginv)_No_511584",0.348797232539045,0.803241988865925,0.434236802076921
"vm(ID, ginv)_No_511585",-0.224784731916673,0.772864176579839,-0.290846359203004
"vm(ID, ginv)_No_511586",-0.0964351640573481,0.783208842390053,-0.123128288188199
"vm(ID, ginv)_No_511587",0.325381817770282,0.780388016175015,0.416948762700259
"vm(ID, ginv)_No_511588",0.29916937881126,0.786281219230522,0.380486486888287
"vm(ID, ginv)_No_511589",0.353569784729716,0.780562365751493,0.452968014143641
"vm(ID, ginv)_No_511590",0.30977534420052,0.802916898583128,0.385812460476503
"vm(ID, ginv)_No_511591",0.352776648157635,0.77136903921175,0.457338355864182
"vm(ID, ginv)_No_511592",0.837827689017231,0.7874424807409,1.06398589040932
"vm(ID, ginv)_No_511593",0.320605567693534,0.759087550245357,0.422356508929578
"vm(ID, ginv)_No_511594",1.76207744941978,0.794470183205371,2.21792772928305
"vm(ID, ginv)_No_511595",-0.105348440948699,0.7815558458734,-0.13479323519226
"vm(ID, ginv)_No_511596",0.164380989572471,0.799623830762793,0.205572899716685
"vm(ID, ginv)_No_511597",0.154528153953698,0.777342234417925,0.198790374576018
"vm(ID, ginv)_No_511598",-0.735506998374943,0.785633094037546,-0.936196557855024
"vm(ID, ginv)_No_511599",-0.181690479784833,0.78442714232086,-0.231621867707523
"vm(ID, ginv)_No_511600",0.605287039228396,0.783902629958343,0.772145692712577
"vm(ID, ginv)_No_511601",0.705656600328098,0.767415303024179,0.919523754018578
"vm(ID, ginv)_No_511602",-0.144585336352209,0.785041801670922,-0.184175334414635
"vm(ID, ginv)_No_511603",-0.10942431062462,0.785627184590696,-0.139282744755871
"vm(ID, ginv)_No_511604",0.259961713149384,0.794871337392305,0.327048795094597
"vm(ID, ginv)_No_511605",0.53775345926869,0.784356266918382,0.685598473486344
"vm(ID, ginv)_No_511606",-0.0140960797616387,0.768610328838018,-0.0183396959847639
"vm(ID, ginv)_No_511607",-0.318354594090087,0.778647199157451,-0.40885601904761
"vm(ID, ginv)_No_511608",0.0442665847250566,0.780925560393069,0.0566847686516697
"vm(ID, ginv)_No_511609",0.294300955318223,0.782874518652059,0.375923533473724
"vm(ID, ginv)_No_511610",0.110561764677232,0.760875611690997,0.145308593124066
"vm(ID, ginv)_No_511611",-0.157352035098183,0.78869500585708,-0.199509359042013
"vm(ID, ginv)_No_511612",-0.0210062645841858,0.796510920615101,-0.0263728519477973
"vm(ID, ginv)_No_511613",1.19042940128591,0.767088431193983,1.55188026944037
"vm(ID, ginv)_No_511614",0.219545210977115,0.774236944716461,0.283563336101865
"vm(ID, ginv)_No_511615",0.226003684632248,0.781142450374056,0.28932454576502
"vm(ID, ginv)_No_511616",-0.344814507014302,0.774002079246924,-0.445495582324267
"vm(ID, ginv)_No_511617",0.254822644205002,0.809005683640611,0.314982514162661
"vm(ID, ginv)_No_511618",-0.061069920983258,0.774782305951082,-0.078822038802618
"vm(ID, ginv)_No_511619",0.393605668866252,0.799814701033975,0.492121072990295
"vm(ID, ginv)_No_511620",1.21821843186149,0.777452910503649,1.56693532869058
"vm(ID, ginv)_No_511621",1.05978014977851,0.767530213736804,1.38076668619839
"vm(ID, ginv)_No_511622",0.333468659414435,0.775644735182894,0.429924479969304
"vm(ID, ginv)_No_511623",0.432353273122827,0.778378400827443,0.555453841811669
"vm(ID, ginv)_No_511624",-0.00841458219224129,0.791488675059636,-0.0106313361863419
"vm(ID, ginv)_No_511625",0.696710676840357,0.776202771072647,0.897588494663014
"vm(ID, ginv)_No_511626",0.263928317955752,0.805100869461093,0.327820187465971
"vm(ID, ginv)_No_511627",0.435558479511782,0.781857176574489,0.557081897514929
"vm(ID, ginv)_No_511628",1.25054245269457,0.772975714229749,1.61782890415995
"vm(ID, ginv)_No_511629",0.473496822039649,0.763055141109478,0.620527661148036
"vm(ID, ginv)_No_511630",0.201014325759094,0.796778236653959,0.252283906000302
"vm(ID, ginv)_No_511631",0.29080840491454,0.785082758813351,0.370417515414675
"vm(ID, ginv)_No_511632",0.525129356150207,0.764696097262265,0.686716406727135
"vm(ID, ginv)_No_511633",0.141039824000532,0.783997176001245,0.179898382695588
"vm(ID, ginv)_No_511634",0.468251294164364,0.786089788583044,0.595671513566413
"vm(ID, ginv)_No_511635",1.38477628619012,0.789102010861947,1.75487613404699
"vm(ID, ginv)_No_511636",0.0072421213027135,0.769224373844483,0.00941483596849423
"vm(ID, ginv)_No_511637",0.344932449675807,0.806128768286182,0.427887532669413
"vm(ID, ginv)_No_511638",-0.188185204636845,0.785933315709461,-0.239441694193827
"vm(ID, ginv)_No_511639",0.678355727267022,0.792842956138688,0.855599109527009
"vm(ID, ginv)_No_511640",-0.226572611046525,0.77140782984649,-0.293713133676143
"vm(ID, ginv)_No_511641",0.496836921583421,0.785302855855785,0.632669189827398
"vm(ID, ginv)_No_511642",0.698968934051251,0.799160594237229,0.874628878214889
"vm(ID, ginv)_No_511643",1.01509629189493,0.768983569928298,1.32004938933816
"vm(ID, ginv)_No_511644",1.19459483203096,0.796824861511144,1.49919372466048
"vm(ID, ginv)_No_511645",0.515338562988925,0.784700332901223,0.656732948084266
"vm(ID, ginv)_No_511646",0.771884939926127,0.786148346982515,0.981856596008711
"vm(ID, ginv)_No_511647",0.259655857703711,0.770218042444594,0.337119936686486
"vm(ID, ginv)_No_511648",1.01069974618112,0.797481720491731,1.2673641542002
"vm(ID, ginv)_No_511649",0.813451200118843,0.758819750404452,1.07199529227497
"vm(ID, ginv)_No_511650",0.982299438136453,0.781261260858726,1.25732515785661
"vm(ID, ginv)_No_511651",1.01654958140407,0.773835546485995,1.31365066650175
"vm(ID, ginv)_No_511652",0.623268695771697,0.808329432354809,0.771057777713232
"vm(ID, ginv)_No_511653",-0.453480691412231,0.788682100144203,-0.574985398209642
"vm(ID, ginv)_No_511654",0.81571228779981,0.78508422903835,1.03901244940174
"vm(ID, ginv)_No_511655",0.463254822262184,0.788243771171954,0.58770502121878
"vm(ID, ginv)_No_511656",-0.2110391520519,0.794557651926308,-0.26560583935006
"vm(ID, ginv)_No_511657",1.24390753499863,0.776443543740059,1.60205792813582
"vm(ID, ginv)_No_511658",0.0855552298867649,0.799067220930872,0.107068876867578
"vm(ID, ginv)_No_511659",0.142910138869931,0.764636436850724,0.186899462257551
"vm(ID, ginv)_No_511660",-0.112154675291881,0.780601254794432,-0.143677293116083
"vm(ID, ginv)_No_511661",0.58451188708923,0.779072931300627,0.750265942513768
"vm(ID, ginv)_No_511662",1.05899203700521,0.791786222747313,1.33747216935748
"vm(ID, ginv)_No_511663",0.221275945282317,0.784738157880223,0.281974239509443
"vm(ID, ginv)_No_511664",0.614232498485444,0.792823460378881,0.774740568590023
"vm(ID, ginv)_No_511665",-0.0379314320146988,0.792237574637464,-0.0478788601159905
"vm(ID, ginv)_No_511666",0.775481242563367,0.771285245078804,1.00544026676425
"vm(ID, ginv)_No_511667",0.553432296719801,0.782653225909909,0.707123255099834
"vm(ID, ginv)_No_511668",0.0944166842661898,0.789139261988812,0.119645148599295
"vm(ID, ginv)_No_511669",0.261087102531467,0.810198260004983,0.322250880333737
"vm(ID, ginv)_No_511670",0.570374770518787,0.787414241465721,0.724364305955492
"vm(ID, ginv)_No_511671",0.809873704910217,0.794007836821341,1.01998200439985
"vm(ID, ginv)_No_511672",0.0740209334687079,0.778710559520718,0.0950557720884976
"vm(ID, ginv)_No_511673",0.39805358785099,0.772401822977151,0.515345220596101
"vm(ID, ginv)_No_511674",0.346377330079065,0.782951480358891,0.442399482941512
"vm(ID, ginv)_No_511675",-0.160158135592138,0.761416946721676,-0.210342226137345
"vm(ID, ginv)_No_511676",-0.0588576801266161,0.762827325720616,-0.0771572781179743
"vm(ID, ginv)_No_511677",0.901142167476117,0.788875529123437,1.14231223330939
"vm(ID, ginv)_No_511678",0.0856375541309334,0.764883911092525,0.111961505385324
"vm(ID, ginv)_No_511679",0.539989159839504,0.777247490439129,0.694745453001618
"vm(ID, ginv)_No_511680",-0.0253382897031773,0.789337274929088,-0.0321007134820202
"vm(ID, ginv)_No_511681",0.720999203925132,0.791588781298704,0.910825444926391
"vm(ID, ginv)_No_511682",0.619480822856337,0.793930477147683,0.780270868403889
"vm(ID, ginv)_No_511683",0.143858665965683,0.778123862198894,0.184878877199773
"vm(ID, ginv)_No_511684",0.800491039195318,0.784520905219522,1.02035654355358
"vm(ID, ginv)_No_511685",0.431754722870915,0.76342519057535,0.565549484351605
"vm(ID, ginv)_No_511686",1.03166869275345,0.784169370515131,1.31561972648298
"vm(ID, ginv)_No_511687",0.277082646970352,0.76985710647808,0.359914384940786
"vm(ID, ginv)_No_511688",1.1557301063822,0.781758091404087,1.47837306590129
"vm(ID, ginv)_No_511689",0.254560992730344,0.755215324595454,0.337070745838883
"vm(ID, ginv)_No_511690",-0.427348506958032,0.789741790360876,-0.541124342378733
"vm(ID, ginv)_No_511691",0.439105336417456,0.777938404200315,0.564447434458305
"vm(ID, ginv)_No_511692",0.0816844054348551,0.774158313782607,0.105513825764833
"vm(ID, ginv)_No_511693",-0.435952358039302,0.79241790707314,-0.550154601691836
"vm(ID, ginv)_No_511694",0.490894637024488,0.800909403311179,0.612921555165909
"vm(ID, ginv)_No_511695",1.14932009671291,0.791408575109585,1.45224620108996
"vm(ID, ginv)_No_511696",-0.162880971479311,0.79522800987069,-0.204822980903046
"vm(ID, ginv)_No_511697",0.010260066306168,0.779584263385656,0.0131609458887864
"vm(ID, ginv)_No_511698",0.824870067620597,0.786217818124609,1.04916226598398
"vm(ID, ginv)_No_511699",0.780796210713154,0.786263973658445,0.99304589409095
"vm(ID, ginv)_No_511700",0.12376806964605,0.787948605326266,0.157076323010689
"vm(ID, ginv)_No_511701",-0.0039562953179753,0.79143828450147,-0.00499886775185179
"vm(ID, ginv)_No_511702",0.609654733939554,0.772079597906834,0.789626789248641
"vm(ID, ginv)_No_511703",1.5487461391886,0.782552185221727,1.97909630620964
"vm(ID, ginv)_No_511704",0.186537205781942,0.777400502903583,0.239949942256569
"vm(ID, ginv)_No_511705",1.02937199087768,0.760001032741488,1.35443498960063
"vm(ID, ginv)_No_511706",-0.00622537870272898,0.816360087941668,-0.00762577543253658
"vm(ID, ginv)_No_511707",0.628469327116815,0.768933390447433,0.817326097324395
"vm(ID, ginv)_No_511708",-0.170005675599198,0.779990232076792,-0.217958723850352
"vm(ID, ginv)_No_511709",0.214698442778211,0.794525580104502,0.270222190643594
"vm(ID, ginv)_No_511710",0.0872935827183525,0.776930753811945,0.112356966550821
"vm(ID, ginv)_No_511711",0.299329981860283,0.78123642995849,0.383149031946946
"vm(ID, ginv)_No_511712",-0.372450908618859,0.781015190561186,-0.476880492364355
"vm(ID, ginv)_No_511713",0.453977733813713,0.782845297140491,0.579907339894566
"vm(ID, ginv)_No_511714",0.968558253589846,0.802956161052597,1.20624051544752
"vm(ID, ginv)_No_511715",-0.286580154016835,0.777481288027257,-0.368600709020263
"vm(ID, ginv)_No_511716",1.17453424255012,0.786316294697418,1.49371728714091
"vm(ID, ginv)_No_511717",1.35173839952395,0.785588226901567,1.72067038842389
"vm(ID, ginv)_No_511718",0.815621920148957,0.788453454506467,1.0344579194716
"vm(ID, ginv)_No_511719",0.178606460215001,0.796084404723534,0.224356185292975
"vm(ID, ginv)_No_511720",0.608819669551297,0.790557217690998,0.770114617800206
"vm(ID, ginv)_No_511721",0.842470140076215,0.770761872198932,1.09303556709766
"vm(ID, ginv)_No_511722",0.813038645376703,0.809268479331609,1.00465873333928
"vm(ID, ginv)_No_511723",0.218656626923645,0.809071550031652,0.270256230014627
"vm(ID, ginv)_No_511724",0.35083710417196,0.765224104745622,0.458476284262616
"vm(ID, ginv)_No_511725",0.822284834076647,0.778155424386192,1.05671027703144
"vm(ID, ginv)_No_511726",0.598462857439241,0.790916234610909,0.756670341624299
"vm(ID, ginv)_No_511727",0.106540051623862,0.786726900862157,0.135421899908478
"vm(ID, ginv)_No_511728",-0.65782679379816,0.775094165243443,-0.848705645450896
"vm(ID, ginv)_No_511729",1.4471157242056,0.770736743528713,1.87757458867236
"vm(ID, ginv)_No_511730",0.280547865343296,0.793842675173716,0.353404867383709
"vm(ID, ginv)_No_511731",-1.42925959655235,0.760355181468985,-1.87972625344785
"vm(ID, ginv)_No_511732",0.545247941400806,0.804093661215386,0.67809008788437
"vm(ID, ginv)_No_511733",-0.885208797548123,0.763133596775454,-1.15996570101026
"vm(ID, ginv)_No_511734",0.112946583542701,0.789312107830392,0.143094958790333
"vm(ID, ginv)_No_511735",0.696415779483984,0.761434527748119,0.914610191822503
"vm(ID, ginv)_No_511736",0.409486837489135,0.782083806772267,0.523584344725312
"vm(ID, ginv)_No_511737",0.674397254101765,0.787766221594513,0.856088057110041
"vm(ID, ginv)_No_511738",0.742181348031497,0.792102297275147,0.936976638730401
"vm(ID, ginv)_No_511739",0.533190148855326,0.764140452898651,0.697764588738562
"vm(ID, ginv)_No_511740",0.728403709774952,0.764357382249894,0.952962222502369
"vm(ID, ginv)_No_511741",0.92892479496942,0.798592434022438,1.16320259921636
"vm(ID, ginv)_No_511742",0.921748216406403,0.809473942977156,1.13870029344776
"vm(ID, ginv)_No_511743",-0.129089668943939,0.763431826270143,-0.169091285563277
"vm(ID, ginv)_No_511744",1.18430147618739,0.796586098361567,1.4867212453535
"vm(ID, ginv)_No_511745",-0.0880589486589554,0.78309601132414,-0.112449747394392
"vm(ID, ginv)_No_511746",0.838571682167744,0.787399311468649,1.06498909759478
"vm(ID, ginv)_No_511747",0.682628742928091,0.820756002456469,0.831707280708308
"vm(ID, ginv)_No_511748",0.75167994803405,0.767331353839626,0.979602806887457
"vm(ID, ginv)_No_511749",0.777090990176532,0.799659574895122,0.971777259439994
"vm(ID, ginv)_No_511750",0.390955593405368,0.770844645806737,0.507178191522895
"vm(ID, ginv)_No_511751",0.228191957816492,0.800687827005928,0.284994913273239
"vm(ID, ginv)_No_511752",0.356605263165013,0.816855477986073,0.436558574650451
"vm(ID, ginv)_No_511753",-0.0124258546501095,0.788186185068538,-0.015765126166261
"vm(ID, ginv)_No_511754",0.600780695348238,0.78794835457399,0.762462021604264
"vm(ID, ginv)_No_511755",1.76209780213073,0.760781749266191,2.31616728954179
"vm(ID, ginv)_No_511756",0.515777656867927,0.7880706678948,0.654481479745645
"vm(ID, ginv)_No_511757",0.539077014972774,0.788285609920519,0.683860022545798
"vm(ID, ginv)_No_511758",0.181905566310604,0.79424934680897,0.229028285690684
"vm(ID, ginv)_No_511759",0.378924604823209,0.783754038445235,0.483473878584278
"vm(ID, ginv)_No_511760",-0.242678736959622,0.777044993227179,-0.312309762079211
"vm(ID, ginv)_No_511761",-0.11820367247058,0.789352764493821,-0.149747587881546
"vm(ID, ginv)_No_511762",0.417177396378581,0.777939496205997,0.536259437158224
"vm(ID, ginv)_No_511763",0.294185345886121,0.786408046155555,0.374087405799419
"vm(ID, ginv)_No_511764",0.989823873090786,0.779063243057136,1.27053083547698
"vm(ID, ginv)_No_511765",0.502026029551712,0.770221562032042,0.651794307377268
"vm(ID, ginv)_No_511766",1.40499652098184,0.774308371738388,1.81451805541958
"vm(ID, ginv)_No_511767",1.33878825659559,0.767469744440807,1.744418286575
"vm(ID, ginv)_No_511768",0.330960110541635,0.757014963843899,0.437190975540453
"vm(ID, ginv)_No_511769",0.455027527781022,0.784944075766909,0.579694199661867
"vm(ID, ginv)_No_511770",0.283179887507453,0.762165504232869,0.371546450127625
"vm(ID, ginv)_No_511771",0.855401551883449,0.795031758131175,1.07593381413364
"vm(ID, ginv)_No_511772",0.260421559536159,0.782002788506986,0.333018709605065
"vm(ID, ginv)_No_511773",0.941627224205851,0.788769797245178,1.19379219069307
"vm(ID, ginv)_No_511774",0.906422435798951,0.770530598330176,1.17636137716434
"vm(ID, ginv)_No_511775",0.849842059206671,0.785145197946567,1.08240114239928
"vm(ID, ginv)_No_511776",0.164008789964824,0.785629480045323,0.20876099246602
"vm(ID, ginv)_No_511777",0.443727954046905,0.755978611509944,0.586958344179382
"vm(ID, ginv)_No_511778",0.0683987022966976,0.775020059549019,0.0882541057537253
"vm(ID, ginv)_No_511779",1.13791117150875,0.789825648706287,1.44071184997932
"vm(ID, ginv)_No_511780",-0.371855422088145,0.784373485600146,-0.474079541079372
"vm(ID, ginv)_No_511781",0.302599490626435,0.795262951496788,0.380502436404089
"vm(ID, ginv)_No_511782",0.173705281281833,0.768189346630352,0.226123002152774
"vm(ID, ginv)_No_511783",-0.0442671334715591,0.793101122892347,-0.0558152449842992
"vm(ID, ginv)_No_511784",-0.0215366309112002,0.769602308151287,-0.0279841038457054
"vm(ID, ginv)_No_511785",0.185096621863876,0.797744337271861,0.23202498998222
"vm(ID, ginv)_No_511786",0.539318764675767,0.806590999065712,0.668639701286612
"vm(ID, ginv)_No_511787",-0.180826976167024,0.802463598008811,-0.225339786895902
"vm(ID, ginv)_No_511788",0.179620486161782,0.774835481803044,0.231817579834889
"vm(ID, ginv)_No_511789",-0.0288632176922733,0.778558872506826,-0.0370726205962289
"vm(ID, ginv)_No_511790",0.300024715901086,0.807754432976552,0.371430602733436
"vm(ID, ginv)_No_511791",1.00618043635716,0.799774455407944,1.25808023693872
"vm(ID, ginv)_No_511792",0.408086143917473,0.788078329524128,0.517824343887099
"vm(ID, ginv)_No_511793",0.862778591004773,0.778352937559346,1.10846705828613
"vm(ID, ginv)_No_511794",0.311428103726973,0.77437661027865,0.402166206459813
"vm(ID, ginv)_No_511795",0.428664236145186,0.781478269431876,0.548529950112137
"vm(ID, ginv)_No_511796",-0.599818356270881,0.783212832203756,-0.765843371824167
"vm(ID, ginv)_No_511797",0.50933393715523,0.779348288907724,0.653538276024284
"vm(ID, ginv)_No_511798",1.08414062702016,0.782491613448554,1.38549807868508
"vm(ID, ginv)_No_511799",1.09225018978778,0.794453660201357,1.37484443021
"vm(ID, ginv)_No_511800",1.07580701602757,0.759533031494455,1.41640583281916
"vm(ID, ginv)_No_511801",0.388321073633621,0.79058108048525,0.49118437465677
"vm(ID, ginv)_No_511802",0.886098581547602,0.790640408230609,1.12073525754979
"vm(ID, ginv)_No_511803",0.111353013393216,0.808103970547376,0.137795404368314
"vm(ID, ginv)_No_511804",0.485575389796968,0.77527282952077,0.626328398606621
"vm(ID, ginv)_No_511805",0.734332406637552,0.784392174404854,0.936180179506146
"vm(ID, ginv)_No_511806",1.28579949332629,0.788440081490987,1.63081446962307
"vm(ID, ginv)_No_511807",-0.481497543787663,0.782112355774102,-0.615637306114538
"vm(ID, ginv)_No_511808",0.414398967773665,0.779750140806607,0.531450968825722
"vm(ID, ginv)_No_511809",0.312481433017852,0.806294480309648,0.387552489380613
"vm(ID, ginv)_No_511810",0.790491984088462,0.765379639238013,1.03281031211576
"vm(ID, ginv)_No_511811",0.00218646376707357,0.801378963796783,0.00272837679281537
"vm(ID, ginv)_No_511812",0.832872777265794,0.768227493337625,1.08414862067395
"vm(ID, ginv)_No_511813",0.598597798367643,0.771162837704634,0.776227495802792
"vm(ID, ginv)_No_511814",0.0875422642701505,0.780292377098942,0.112191617962007
"vm(ID, ginv)_No_511815",0.790743012412904,0.765487359186751,1.03299290696712
"vm(ID, ginv)_No_511816",0.548433347498153,0.776662731054076,0.706140935530442
"vm(ID, ginv)_No_511817",0.451289414313855,0.777187620124854,0.580669844228034
"vm(ID, ginv)_No_511818",-0.648191945595068,0.779701739945426,-0.831333203951086
"vm(ID, ginv)_No_511819",0.276956411993982,0.787558066940033,0.35166475161643
"vm(ID, ginv)_No_511820",0.232302010146644,0.761403381909838,0.305097160934533
"vm(ID, ginv)_No_511821",-0.258567511413649,0.770680255067186,-0.335505561111213
"vm(ID, ginv)_No_511822",1.12520647241208,0.776527354517294,1.4490236124541
"vm(ID, ginv)_No_511823",0.514820985551639,0.797156411889219,0.645821795915233
"vm(ID, ginv)_No_511824",0.888696418492876,0.773594623400598,1.14878825629153
"vm(ID, ginv)_No_511825",-0.5226747781593,0.778421502038647,-0.671454702613482
"vm(ID, ginv)_No_511826",0.114738960421002,0.762674232438786,0.150442948693971
"vm(ID, ginv)_No_511827",0.403566503237857,0.791915871619681,0.509607797621804
"vm(ID, ginv)_No_511828",0.10254016551714,0.773005252513837,0.13265131793565
"vm(ID, ginv)_No_511829",0.207879341866419,0.788997340488158,0.263472804278152
"vm(ID, ginv)_No_511830",0.267657778669971,0.786399566135406,0.34035850246627
"vm(ID, ginv)_No_511831",-0.153072430769563,0.767426313203195,-0.199462056663978
"vm(ID, ginv)_No_511832",1.60002988350642,0.784877088514022,2.03857381865446
"vm(ID, ginv)_No_511833",-0.171518690879449,0.75747683484337,-0.226434239292499
"vm(ID, ginv)_No_511834",0.751921011771872,0.803155867487522,0.936208078917576
"vm(ID, ginv)_No_511835",-0.779399289110798,0.780783834693877,-0.998226723554513
"vm(ID, ginv)_No_511836",0.0691219662272559,0.78154338238236,0.0884429038558974
"vm(ID, ginv)_No_511837",0.685138589601921,0.777475239277145,0.881235253535439
"vm(ID, ginv)_No_511838",1.02225578753174,0.804317531181883,1.27096047008899
"vm(ID, ginv)_No_511839",0.24009746186575,0.777669929118129,0.308739547301281
"vm(ID, ginv)_No_511840",1.17140430473234,0.77555440170538,1.51040894379107
"vm(ID, ginv)_No_511841",0.740379960538463,0.804673359716325,0.920100002812909
"vm(ID, ginv)_No_511842",0.141223539094158,0.794506802484961,0.177749943301248
"vm(ID, ginv)_No_511843",0.445409513390346,0.780103249729304,0.570962258579108
"vm(ID, ginv)_No_511844",0.85323315829439,0.802185807510634,1.06363532027844
"vm(ID, ginv)_No_511845",0.770923123555274,0.775744446338641,0.993784908411368
"vm(ID, ginv)_No_511846",1.10769242664338,0.763359118064718,1.45107643366024
"vm(ID, ginv)_No_511847",-0.0731372538297644,0.775169992271083,-0.0943499549247099
"vm(ID, ginv)_No_511848",-0.203836462863488,0.781083094055943,-0.260966425230155
"vm(ID, ginv)_No_511849",0.520327812312392,0.775875872166771,0.67063280478008
"vm(ID, ginv)_No_511850",0.471970030751687,0.775996944066222,0.608211197686637
"vm(ID, ginv)_No_511851",1.21020503638952,0.782170752662372,1.54723892739558
"vm(ID, ginv)_No_511852",0.166061723929751,0.784935036047949,0.211561105446192
"vm(ID, ginv)_No_511853",-0.519808000986539,0.782351786812476,-0.664417222211998
"vm(ID, ginv)_No_511854",0.590158422483211,0.781996321827935,0.754681839300346
"vm(ID, ginv)_No_511855",1.04712827034608,0.791079390355499,1.3236702701552
"vm(ID, ginv)_No_511856",0.260348832007731,0.78296858624544,0.332515041575523
"vm(ID, ginv)_No_511857",0.274550969589757,0.784859445683129,0.349809091423742
"vm(ID, ginv)_No_511858",0.814192550099124,0.801986897694629,1.01521926659847
"vm(ID, ginv)_No_511859",-0.194648413302916,0.780860700509655,-0.249274183187696
"vm(ID, ginv)_No_511860",0.207778180560397,0.770118626295736,0.26980022747899
"vm(ID, ginv)_No_511861",0.170935996013712,0.77885831256396,0.219469951410032
"vm(ID, ginv)_No_511862",-0.111561759969156,0.773295411313448,-0.144267970993992
"vm(ID, ginv)_No_511863",1.05752924819081,0.775547602923083,1.36359037692196
"vm(ID, ginv)_No_511864",0.826057734609373,0.77645237538501,1.06388718844445
"vm(ID, ginv)_No_511865",-0.177354799959862,0.79367729200841,-0.22345958709624
"vm(ID, ginv)_No_511866",0.901977937246739,0.792399098112596,1.13828743545411
"vm(ID, ginv)_No_511867",0.820144800645791,0.776855380881808,1.05572391056215
"vm(ID, ginv)_No_511868",-0.276002997319087,0.79634502828722,-0.346587204685279
"vm(ID, ginv)_No_511869",-0.427965990101592,0.800309444064396,-0.534750643361341
"vm(ID, ginv)_No_511870",0.95216040023321,0.778882368993602,1.22247009065502
"vm(ID, ginv)_No_511871",0.665109327176574,0.765145240865083,0.869258921906895
"vm(ID, ginv)_No_511872",0.307198964644565,0.771578118706387,0.398143696920293
"vm(ID, ginv)_No_511873",-0.201992203373332,0.78117229930172,-0.258575737457524
"vm(ID, ginv)_No_511874",0.431852243364008,0.785986330804742,0.549439890286452
"vm(ID, ginv)_No_511875",0.286099098186261,0.765638097601971,0.373674062304817
"vm(ID, ginv)_No_511876",0.951545839564472,0.776560690718329,1.22533351344926
"vm(ID, ginv)_No_511877",0.455271369867334,0.794134072645071,0.573292829951161
"vm(ID, ginv)_No_511878",-0.0376048247331063,0.778635826427535,-0.0482957802052871
"vm(ID, ginv)_No_511879",0.642444728316829,0.792167027582728,0.810996552428127
"vm(ID, ginv)_No_511880",0.579232735162865,0.783170147708699,0.739600119919676
"vm(ID, ginv)_No_511881",-0.024547260822905,0.783850617841079,-0.0313162486119029
"vm(ID, ginv)_No_511882",0.203218710100483,0.793372656542923,0.256145341567476
"vm(ID, ginv)_No_511883",0.950861635309099,0.778651136049333,1.22116515508282
"vm(ID, ginv)_No_511884",0.684754952228937,0.777381616325899,0.880847884550269
"vm(ID, ginv)_No_511885",-0.0337315446381927,0.770136753126624,-0.0437994219873917
"vm(ID, ginv)_No_511886",1.11647926594615,0.763434733179384,1.46244232469813
"vm(ID, ginv)_No_511887",0.533473778080083,0.790315111763306,0.67501401673799
"vm(ID, ginv)_No_511888",0.351226487552965,0.790170071007854,0.444494799840975
"vm(ID, ginv)_No_511889",0.450640200508524,0.761177871604234,0.592030085633952
"vm(ID, ginv)_No_511890",0.615986211605906,0.79868602629904,0.771249516484305
"vm(ID, ginv)_No_511891",-0.166814358301888,0.785858991888787,-0.212270089193679
"vm(ID, ginv)_No_511892",0.128183284160415,0.773960202955901,0.16561999398788
"vm(ID, ginv)_No_511893",0.320677809264065,0.786631280787677,0.40765962032804
"vm(ID, ginv)_No_511894",0.574119333976581,0.806298715953562,0.712042971937024
"vm(ID, ginv)_No_511895",0.378335954848623,0.775055018760407,0.488140771546411
"vm(ID, ginv)_No_511896",0.232476045560699,0.798875482801756,0.291004105853112
"vm(ID, ginv)_No_511897",0.739193769525086,0.793955204843557,0.93102704663387
"vm(ID, ginv)_No_511898",0.283827402998408,0.815860774963217,0.347887055865879
"vm(ID, ginv)_No_511899",0.425241494735608,0.800555484006918,0.531183038815999
"vm(ID, ginv)_No_511900",0.616496859237869,0.78537689966778,0.784969432508967
"vm(ID, ginv)_No_511901",0.460258952557524,0.774581927548928,0.594203061274562
"vm(ID, ginv)_No_511902",0.424139569643246,0.788564770649977,0.5378626910934
"vm(ID, ginv)_No_511903",0.869003204033176,0.774068972400356,1.12264311710936
"vm(ID, ginv)_No_511904",0.322797756423714,0.787975532947996,0.409654542465366
"vm(ID, ginv)_No_511905",0.307320677631353,0.785970049181441,0.391008128046884
"vm(ID, ginv)_No_511906",0.298275779129498,0.798268154760849,0.37365361169751
"vm(ID, ginv)_No_511907",-0.0689071139363975,0.784184525886856,-0.0878710452217461
"vm(ID, ginv)_No_511908",-0.201863356303121,0.785887155814705,-0.256860485388459
"vm(ID, ginv)_No_511909",0.959880533587222,0.806597425488071,1.19003669396341
"vm(ID, ginv)_No_511910",0.406428825837671,0.797315650578318,0.509746454296834
"vm(ID, ginv)_No_511911",-0.236925368372116,0.789519076360232,-0.300088212515862
"vm(ID, ginv)_No_511912",0.0309973552330314,0.790857580284897,0.0391946110219554
"vm(ID, ginv)_No_511913",0.798731548314233,0.765664234140453,1.04318774823131
"vm(ID, ginv)_No_511914",0.928402524247261,0.764555500444132,1.21430363617546
"vm(ID, ginv)_No_511915",0.474356123098822,0.780778572203685,0.607542445433652
"vm(ID, ginv)_No_511916",0.93344901245494,0.771224392099534,1.21034684848825
"vm(ID, ginv)_No_511917",-0.0157876183267571,0.765290574794592,-0.0206295737158328
"vm(ID, ginv)_No_511918",0.613825101677663,0.763723279109882,0.803727107013257
"vm(ID, ginv)_No_511919",1.40786531380833,0.778745550725802,1.8078630593731
"vm(ID, ginv)_No_511920",0.347588689892176,0.762339077010649,0.455950246254162
"vm(ID, ginv)_No_511921",0.435418744025015,0.779411302643977,0.55865079521936
"vm(ID, ginv)_No_511922",0.772218660785133,0.778280339039498,0.992211446248473
"vm(ID, ginv)_No_511923",0.171186507716641,0.764461678115753,0.223930790276606
"vm(ID, ginv)_No_511924",-0.117573965984063,0.780125443667806,-0.15071161559772
"vm(ID, ginv)_No_511925",1.144316992209,0.77583317502366,1.47495238544562
"vm(ID, ginv)_No_511926",0.35201746849899,0.773908376239111,0.454856775435945
"vm(ID, ginv)_No_511927",0.260241500926423,0.79522740073536,0.327254192556461
"vm(ID, ginv)_No_511928",0.303857976995368,0.774281516069981,0.392438629476342
"vm(ID, ginv)_No_511929",0.721882368349797,0.796284355907877,0.906563544786396
"vm(ID, ginv)_No_511930",0.789595422659257,0.791629206119038,0.997430888799882
"vm(ID, ginv)_No_511931",0.351267257919121,0.765842733532089,0.458667612212061
"vm(ID, ginv)_No_511932",0.891475383010651,0.78749033650454,1.13204612385172
"vm(ID, ginv)_No_511933",0.245640128712302,0.794443747346974,0.309197636122899
"vm(ID, ginv)_No_511934",0.521886742602213,0.788828137291858,0.661597524137403
"vm(ID, ginv)_No_511935",0.919001275434178,0.800624909375302,1.14785496263318
"vm(ID, ginv)_No_511936",1.36153955047573,0.777878508872938,1.75032416366465
"vm(ID, ginv)_No_511937",0.583408340139938,0.795302896031224,0.733567478568609
"vm(ID, ginv)_No_511938",0.143871107141303,0.793691473413808,0.181268303818974
"vm(ID, ginv)_No_511939",-0.0547519307082351,0.775075374218916,-0.0706407822121963
"vm(ID, ginv)_No_511940",0.510041729948911,0.759885315039463,0.671208825666573
"vm(ID, ginv)_No_511941",-0.118584285286554,0.787005674790751,-0.150677802060427
"vm(ID, ginv)_No_511942",-0.0478811340650778,0.788859078751712,-0.0606966888697595
"vm(ID, ginv)_No_511943",0.394223381577928,0.79342554986918,0.496862473918224
"vm(ID, ginv)_No_511944",0.421003914959587,0.756315208670375,0.556651393669214
"vm(ID, ginv)_No_511945",1.17284905244461,0.775159043239862,1.51304311376225
"vm(ID, ginv)_No_511946",0.498033726757936,0.802008584724284,0.620983037144361
"vm(ID, ginv)_No_511947",0.883069251322405,0.78435860530475,1.12584887237809
"vm(ID, ginv)_No_511948",0.822113580987731,0.787831604936592,1.04351434473602
"vm(ID, ginv)_No_511949",0.398631052165522,0.776836920996856,0.513146377818898
"vm(ID, ginv)_No_511950",0.0119258096652916,0.78219215489231,0.0152466495485799
"vm(ID, ginv)_No_511951",0.247962731664469,0.785098738021984,0.315836365103832
"vm(ID, ginv)_No_511952",0.686873938331465,0.779140197627482,0.881579387667364
"vm(ID, ginv)_No_511953",0.723407448987819,0.781631054833157,0.925510116972303
"vm(ID, ginv)_No_511954",-0.350653088573317,0.784295914466355,-0.447092840987072
"vm(ID, ginv)_No_511955",0.223134815836655,0.779801684219332,0.286143028865137
"vm(ID, ginv)_No_511956",0.75582281234547,0.798914111575292,0.946062663551086
"vm(ID, ginv)_No_511957",-0.368501246404508,0.775574975656501,-0.475132976141453
"vm(ID, ginv)_No_511958",0.359845813576365,0.797903584794408,0.450989092459191
"vm(ID, ginv)_No_511959",0.0267711140601975,0.783274742870732,0.034178446712172
"vm(ID, ginv)_No_511960",1.24178984785887,0.780502458238635,1.59101337190049
"vm(ID, ginv)_No_511961",0.23594906339648,0.776984447723801,0.303672826512422
"vm(ID, ginv)_No_511962",0.896328847514976,0.79269209122832,1.13074024256514
"vm(ID, ginv)_No_511963",-0.199642822935062,0.778075517628499,-0.256585406444293
"vm(ID, ginv)_No_511964",0.639606742463317,0.761979822123541,0.839401154588076
"vm(ID, ginv)_No_511965",0.893913431284584,0.771070337499539,1.15931502978497
"vm(ID, ginv)_No_511966",0.8357437128111,0.777511657070574,1.07489541180633
"vm(ID, ginv)_No_511967",1.25968588649829,0.774666899723879,1.62610005274175
"vm(ID, ginv)_No_511968",-0.0542475615723312,0.785806750197559,-0.0690342270013498
"vm(ID, ginv)_No_511969",0.586568710519383,0.778284479615696,0.753668775213173
"vm(ID, ginv)_No_511970",0.771790651906829,0.778066042625718,0.991934629742083
"vm(ID, ginv)_No_511971",1.81950123940377,0.769265325241919,2.36524535774645
"vm(ID, ginv)_No_511972",0.364336969301469,0.782140610450775,0.465820294245416
"vm(ID, ginv)_No_511973",-0.0415464598263981,0.788241794801948,-0.0527077606140346
"vm(ID, ginv)_No_511974",1.43827061252443,0.78438005589126,1.83363995772455
"vm(ID, ginv)_No_511975",0.545902144354217,0.770196037644068,0.708783371599862
"vm(ID, ginv)_No_511976",-0.174031216710668,0.780116192573029,-0.223083712871883
"vm(ID, ginv)_No_511977",0.856808730138739,0.783691013413328,1.09329916443338
"vm(ID, ginv)_No_511978",0.307939241999484,0.773793139115951,0.397960677644804
"vm(ID, ginv)_No_511979",-0.0733876940927709,0.780826449293299,-0.0939872031220149
"vm(ID, ginv)_No_511980",1.02765977929121,0.794517981815511,1.29343803766776
"vm(ID, ginv)_No_511981",0.205756649803329,0.75717248829612,0.271743430966895
"vm(ID, ginv)_No_511982",0.335286772148449,0.758533004759741,0.442020017645307
"vm(ID, ginv)_No_511983",0.234750648554256,0.790330006187312,0.297028642107027
"vm(ID, ginv)_No_511984",-0.0352936245669629,0.775950022586024,-0.0454844043297261
"vm(ID, ginv)_No_511985",0.38657111635778,0.772727108367159,0.500268609929628
"vm(ID, ginv)_No_511986",-0.481890063665662,0.784194858683901,-0.614502962279565
"vm(ID, ginv)_No_511987",-0.0486428232069527,0.793000366457754,-0.0613402279046035
"vm(ID, ginv)_No_511988",0.756077787333577,0.806171079503834,0.937862702540648
"vm(ID, ginv)_No_511989",0.143860214508581,0.777664769493877,0.184990011315813
"vm(ID, ginv)_No_511990",0.439062785925674,0.783174297066388,0.560619503947351
"vm(ID, ginv)_No_511991",-0.780337824700311,0.791463412391664,-0.985943017052761
"vm(ID, ginv)_No_511992",0.0707587413867232,0.778502216056292,0.0908908670102061
"vm(ID, ginv)_No_511993",-0.0704035827046808,0.769803669089776,-0.0914565434429882
"vm(ID, ginv)_No_511994",-0.00205415855611397,0.773148858230173,-0.00265687329709854
"vm(ID, ginv)_No_511995",1.46392199281591,0.79081305762422,1.85116062349029
"vm(ID, ginv)_No_511996",0.516781104200951,0.771154970749453,0.670139107965178
"vm(ID, ginv)_No_511997",-0.0836109792418342,0.791948525444624,-0.10557627996705
"vm(ID, ginv)_No_511998",0.906654614174215,0.784349781019123,1.15593149397732
"vm(ID, ginv)_No_511999",0.556992231294745,0.804306244091418,0.692512628599507
"vm(ID, ginv)_No_512000",0.754908772403727,0.764200100518241,0.987841760151283
"vm(ID, ginv)_Nr_503765",-0.450411440600566,0.861606624486926,-0.522757634168353
"vm(ID, ginv)_Nr_503543",-0.791592850062115,0.858127157729613,-0.922465677646737
"vm(ID, ginv)_Nr_504496",-1.06617235265268,0.862894567170694,-1.23557661992068
"vm(ID, ginv)_Nr_502305",-0.535987062417711,0.848048717053803,-0.632023905748927
"vm(ID, ginv)_Nr_503435",-0.302511371757947,0.86238353828596,-0.350785188176489
"vm(ID, ginv)_Nr_500570",0.635229474236329,0.771411393904669,0.823463950954853
"vm(ID, ginv)_Nr_502709",-0.274449553258176,0.859419538934156,-0.319342929529559
"vm(ID, ginv)_Nr_504201",-0.628930176413219,0.858972345008425,-0.732189086258709
"vm(ID, ginv)_Nr_501650",0.0209835959421077,0.860236724054439,0.0243928157858787
"vm(ID, ginv)_Nr_501836",-1.03832765599357,0.856836916406433,-1.21181479942333
"vm(ID, ginv)_Nr_503256",-0.514379168779095,0.853230080093145,-0.602861034532376
"vm(ID, ginv)_Nr_502742",0.0201587895914296,0.857804453535539,0.0235004487425344
"vm(ID, ginv)_Nr_504004",-0.694015389629397,0.860757344945128,-0.80628459774995
"vm(ID, ginv)_Nr_504300",-0.233699291097601,0.856372993196213,-0.272894279658882
"vm(ID, ginv)_Nr_502112",0.166721264961741,0.858981031499063,0.194091905231929
"vm(ID, ginv)_Nr_503495",-0.491794497439462,0.860456397078856,-0.571550748078629
"vm(ID, ginv)_Nr_501947",-0.365994910001737,0.854140191562634,-0.428495127166602
"vm(ID, ginv)_Nr_503009",-0.137140638316171,0.868163815357295,-0.15796631452525
"vm(ID, ginv)_Nr_502250",-0.612763706750738,0.861509079306422,-0.711267845539199
"vm(ID, ginv)_Nr_503876",0.249598977325276,0.859231527048248,0.290490943905111
"vm(ID, ginv)_Nr_503506",-0.143544873198815,0.842551563300917,-0.170369244389555
"vm(ID, ginv)_Nr_500446",-0.224932360958269,0.859490880040904,-0.261704185793762
"vm(ID, ginv)_Nr_502963",-0.618681672426162,0.864360519408568,-0.715768083495403
"vm(ID, ginv)_Nr_501243",-0.43984499931263,0.85138330232721,-0.516623943775193
"vm(ID, ginv)_Nr_500272",-0.868570383469749,0.853192564800004,-1.01802385452497
"vm(ID, ginv)_Nr_500233",-0.352697370338383,0.856657410869639,-0.41171344094291
"vm(ID, ginv)_Nr_501460",-0.125104647279336,0.858388639417231,-0.145743596238961
"vm(ID, ginv)_Nr_502455",-0.0571345621145766,0.868645437878208,-0.0657743189835154
"vm(ID, ginv)_Nr_500258",-0.508926538375041,0.859271825323964,-0.592276533893293
"vm(ID, ginv)_Nr_504246",-0.783998689475617,0.866474628430091,-0.904814363573569
"vm(ID, ginv)_Nr_503037",0.105237335258844,0.854796106512349,0.123113961864218
"vm(ID, ginv)_Nr_503584",0.312186277888304,0.858192940660602,0.363771668464198
"vm(ID, ginv)_Nr_503885",-0.485225651155522,0.862902513000339,-0.562318041546057
"vm(ID, ginv)_Nr_501163",-0.331758934411227,0.846975753837673,-0.391698266341176
"vm(ID, ginv)_Nr_500542",-0.337053149690579,0.859928036901151,-0.391955065106597
"vm(ID, ginv)_Nr_503878",-0.355681635508456,0.859050146598994,-0.414040596950725
"vm(ID, ginv)_Nr_504006",-0.101689881278094,0.852743121449559,-0.119250309642174
"vm(ID, ginv)_Nr_503805",-0.838797516184754,0.863916149102675,-0.970924686447856
"vm(ID, ginv)_Nr_502715",-0.0445220853430267,0.865126987706414,-0.0514630637764077
"vm(ID, ginv)_Nr_500261",-0.239140982211158,0.862543614883884,-0.277250886893819
"vm(ID, ginv)_Nr_504740",-0.473515886713391,0.863737603815493,-0.548217288006996
"vm(ID, ginv)_Nr_500329",-0.368169599117819,0.869791301825365,-0.423284986116979
"vm(ID, ginv)_Nr_502400",-0.473560883924404,0.86360106583511,-0.548356067007012
"vm(ID, ginv)_Nr_500887",-0.0545478818117635,0.840604571689685,-0.0648912504747836
"vm(ID, ginv)_Nr_500229",-0.654156070189568,0.864746637190413,-0.756471366358752
"vm(ID, ginv)_Nr_500698",-0.385102679122466,0.853127944120014,-0.451400849985863
"vm(ID, ginv)_Nr_501000",-0.220497131563636,0.860259918870708,-0.256314547181379
"vm(ID, ginv)_Nr_501028",-0.412038154960975,0.856885176198557,-0.480855739375631
"vm(ID, ginv)_Nr_502404",-0.192553731817216,0.859913997624691,-0.223922080986122
"vm(ID, ginv)_Nr_504474",-0.310240866600074,0.859399098648313,-0.360997430749031
"vm(ID, ginv)_Nr_501412",-0.188370497614423,0.860809749551142,-0.218829419291134
"vm(ID, ginv)_Nr_500110",-0.503476217560467,0.86964209755751,-0.57894646426908
"vm(ID, ginv)_Nr_502132",-0.473229757518482,0.846912997312927,-0.55877021490984
"vm(ID, ginv)_Nr_501784",-0.322281915119445,0.842036074817584,-0.38274122066476
"vm(ID, ginv)_Nr_503703",-0.623792402508066,0.860641801167722,-0.724799099534444
"vm(ID, ginv)_Nr_504255",-0.0207185755861974,0.863624019071992,-0.0239902725360286
"vm(ID, ginv)_Nr_500981",0.838365045120691,0.838359967832989,1.00000605621439
"vm(ID, ginv)_Nr_500857",0.384408811341214,0.847938131429712,0.453345352794857
"vm(ID, ginv)_Nr_504498",-0.368992309677026,0.839208148943228,-0.439691047020551
"vm(ID, ginv)_Nr_502651",2.29741600929511,0.7167369239877,3.20538252238075
"vm(ID, ginv)_Nr_504319",-0.367039165795951,0.858138711286569,-0.427715427550945
"vm(ID, ginv)_Nr_501581",-0.918142683449233,0.838032534873204,-1.09559312466091
"vm(ID, ginv)_Nr_503988",-0.618837524592485,0.856847539023314,-0.722225946167591
"vm(ID, ginv)_Nr_503321",-0.820676970832814,0.862179776453203,-0.951862933051942
"vm(ID, ginv)_Nr_500948",-0.364197159727749,0.860347867908919,-0.423313840031861
"vm(ID, ginv)_Nr_501869",0.314092963334335,0.866518565069969,0.362476900086928
"vm(ID, ginv)_Nr_500613",-0.827899343295766,0.869094447928933,-0.952599968011146
"vm(ID, ginv)_Nr_502461",0.0487171621307746,0.86544353166143,0.0562915549640196
"vm(ID, ginv)_Nr_500799",-0.122089515124267,0.854502201849618,-0.142877940934496
"vm(ID, ginv)_Nr_501518",0.212647907213511,0.852066561103809,0.249567248523445
"vm(ID, ginv)_Nr_501453",-0.363280960260699,0.865550056211415,-0.419711093140944
"vm(ID, ginv)_Nr_502525",-0.274020217853678,0.849647045894613,-0.322510646247415
"vm(ID, ginv)_Nr_503377",-0.878021996231979,0.858541916222426,-1.02268972503435
"vm(ID, ginv)_Nr_501058",0.053408913912247,0.848729623501691,0.0629280661748229
"vm(ID, ginv)_Nr_500719",0.00438658056934059,0.846096282747298,0.00518449337124759
"vm(ID, ginv)_Nr_502542",-0.062375121050884,0.849967292020939,-0.073385319219257
"vm(ID, ginv)_Nr_501218",-0.225696996583587,0.855051933339111,-0.263957062470118
"vm(ID, ginv)_Nr_504061",-0.847901719750272,0.862248096032313,-0.983361660816583
"vm(ID, ginv)_Nr_502403",-0.181102855268964,0.857857597412772,-0.211110627002844
"vm(ID, ginv)_Nr_501294",-0.880923100550041,0.849433875776999,-1.0370708370257
"vm(ID, ginv)_Nr_503811",-0.297874462237901,0.849941926874309,-0.350464488007251
"vm(ID, ginv)_Nr_504857",-0.0995135126217891,0.867860679816994,-0.114665308540967
"vm(ID, ginv)_Nr_501373",0.00356672868067012,0.850007297922333,0.00419611536205424
"vm(ID, ginv)_Nr_500780",-1.12051380418933,0.865136983125753,-1.29518657281405
"vm(ID, ginv)_Nr_504210",-0.0819635694286818,0.839776339405499,-0.0976016655657459
"vm(ID, ginv)_Nr_500803",-0.478233550679318,0.859970062431887,-0.5561048826827
"vm(ID, ginv)_Nr_504934",-0.0968977014725457,0.860316178084833,-0.112630337474592
"vm(ID, ginv)_Nr_502626",-0.0282031693859995,0.860549709827828,-0.0327734343105434
"vm(ID, ginv)_Nr_502032",-0.80193049009257,0.862241214379964,-0.930053535737371
"vm(ID, ginv)_Nr_504285",0.0586978030257663,0.859283627361559,0.0683101611117607
"vm(ID, ginv)_Nr_502446",-0.477185541202731,0.864350817888761,-0.552073916431631
"vm(ID, ginv)_Nr_500364",-0.0205720184921187,0.880395188868251,-0.0233668002190744
"vm(ID, ginv)_Nr_500530",-0.392195239412702,0.851500502173692,-0.460593080581297
"vm(ID, ginv)_Nr_500738",-0.468787115660063,0.85657023660603,-0.547283918616561
"vm(ID, ginv)_Nr_500347",-0.286736809605958,0.856039224156062,-0.334957559787802
"vm(ID, ginv)_Nr_504009",0.440421029862782,0.864587702099679,0.509400062935438
"vm(ID, ginv)_Nr_503223",0.579366000851949,0.732256696318949,0.79120614910648
"vm(ID, ginv)_Nr_503569",-0.464589302217093,0.853350063326805,-0.544429914736141
"vm(ID, ginv)_Nr_503255",0.158772730386284,0.851957451724153,0.186362276736904
"vm(ID, ginv)_Nr_500379",-0.619982680799704,0.862667160164649,-0.718681212672305
"vm(ID, ginv)_Nr_501860",-0.699030406760696,0.860686151718565,-0.812178057431173
"vm(ID, ginv)_Nr_504839",-0.427011598595302,0.859362351764193,-0.496893537072791
"vm(ID, ginv)_Nr_501131",-0.292347423525906,0.854332836563252,-0.342193827761484
"vm(ID, ginv)_Nr_503182",-0.175108078719483,0.868935997166612,-0.201520111136456
"vm(ID, ginv)_Nr_500965",-0.590986635363866,0.864880297641825,-0.683316103945534
"vm(ID, ginv)_Nr_501167",-0.551329504432073,0.855580114104699,-0.644392611916884
"vm(ID, ginv)_Nr_502581",-0.330395441358983,0.867930294848619,-0.380670479323008
"vm(ID, ginv)_Nr_503452",-0.632004481516014,0.865387607205038,-0.730313764900347
"vm(ID, ginv)_Nr_500666",-0.550562978673198,0.858095233863503,-0.641610577644551
"vm(ID, ginv)_Nr_503694",-0.16634782409102,0.864439221761301,-0.192434378153371
"vm(ID, ginv)_Nr_500697",0.125105335837407,0.852145163447488,0.146812234820736
"vm(ID, ginv)_Nr_502248",-0.388900935534174,0.856007543288267,-0.45431951924191
"vm(ID, ginv)_Nr_503379",-0.822734169860419,0.859581385842922,-0.95713353431174
"vm(ID, ginv)_Nr_501095",-0.519311107581493,0.857568781874759,-0.605562047683464
"vm(ID, ginv)_Nr_504921",0.424992438208584,0.837904569529217,0.507208641250601
"vm(ID, ginv)_Nr_503682",0.251718973449374,0.863426365164531,0.291534963032322
"vm(ID, ginv)_Nr_500254",-0.169212189176066,0.860505249346907,-0.19664283199259
"vm(ID, ginv)_Nr_504528",0.0539177271748509,0.863369344882277,0.0624503608964745
"vm(ID, ginv)_Nr_504899",0.161160251299942,0.844285174527267,0.190883668412369
"vm(ID, ginv)_Nr_503586",-0.303088246832832,0.85629190273058,-0.353954353493629
"vm(ID, ginv)_Nr_503821",-0.667746109269859,0.855375486774427,-0.780646768108696
"vm(ID, ginv)_Nr_503029",-0.313115896022533,0.862392003101879,-0.363078385347159
"vm(ID, ginv)_Nr_500647",-0.749628094624793,0.859808229950119,-0.871854988720312
"vm(ID, ginv)_Nr_504997",-0.171613231931153,0.864178998580657,-0.198585284082364
"vm(ID, ginv)_Nr_501160",-0.514090228716007,0.856129719448515,-0.600481699253664
"vm(ID, ginv)_Nr_502203",-0.0205906549717359,0.86543613010253,-0.0237922294384641
"vm(ID, ginv)_Nr_504651",-0.214925251893192,0.860524165019575,-0.249760855801537
"vm(ID, ginv)_Nr_502387",-0.126909807424594,0.859106405510386,-0.147723037112263
"vm(ID, ginv)_Nr_500977",-0.163121352296566,0.862743471435313,-0.189072833000043
"vm(ID, ginv)_Nr_502322",0.0291649844875404,0.85260384968766,0.0342069584816262
"vm(ID, ginv)_Nr_504125",-0.274334318394045,0.853829416582172,-0.321298743128562
"vm(ID, ginv)_Nr_503443",-0.0149211047084692,0.721429348418796,-0.0206826971222792
"vm(ID, ginv)_Nr_502916",-0.263380850553174,0.858333922886823,-0.30685126560925
"vm(ID, ginv)_Nr_504213",-0.367389185524526,0.829563192446808,-0.442870644297642
"vm(ID, ginv)_Nr_503875",-0.29149209829338,0.861104136934527,-0.338509694461662
"vm(ID, ginv)_Nr_501945",-0.224281993130325,0.854728970598776,-0.262401300114124
"vm(ID, ginv)_Nr_502949",-0.833838867562011,0.860995832022555,-0.968458657463242
"vm(ID, ginv)_Nr_502944",-0.250176693452238,0.875420036816375,-0.285779035127013
"vm(ID, ginv)_Nr_502739",-0.44207971715534,0.854736757335438,-0.51721154304102
"vm(ID, ginv)_Nr_502371",-0.0258946230500117,0.862848087781587,-0.0300106396672764
"vm(ID, ginv)_Nr_502273",-0.0776692159476829,0.850093070088507,-0.0913655441745884
"vm(ID, ginv)_Nr_500773",-0.726843623908924,0.851221722122248,-0.853882842764836
"vm(ID, ginv)_Nr_500959",-0.736828901345168,0.86843614130614,-0.848454902207279
"vm(ID, ginv)_Nr_500633",-0.303195785581934,0.859738193423665,-0.352660598192738
"vm(ID, ginv)_Nr_504598",-0.427409241232113,0.862639368182499,-0.49546688569596
"vm(ID, ginv)_Nr_504306",-0.0128894901936843,0.864497382710404,-0.01490980823247
"vm(ID, ginv)_Nr_504984",-0.281250628241511,0.860614343529192,-0.326802162148685
"vm(ID, ginv)_Nr_504171",-0.401626405388373,0.859058133335189,-0.467519472552
"vm(ID, ginv)_Nr_500835",-0.761140602818879,0.85325403561418,-0.892044538964299
"vm(ID, ginv)_Nr_501471",-0.569204425081919,0.854472517592174,-0.666147141497172
"vm(ID, ginv)_Nr_504966",0.0682790482373601,0.86215687257288,0.0791956202049393
"vm(ID, ginv)_Nr_504068",-0.389704973055743,0.865061182903897,-0.450494116205231
"vm(ID, ginv)_Nr_503174",-0.400941017790003,0.875654293955119,-0.457875922676116
"vm(ID, ginv)_Nr_501878",-0.410144746071686,0.867161716248432,-0.472973769928496
"vm(ID, ginv)_Nr_504762",-0.311418643773522,0.863376630930966,-0.360698486172511
"vm(ID, ginv)_Nr_502126",-0.586274368982317,0.857865039986088,-0.683410958199001
"vm(ID, ginv)_Nr_502128",0.23333180794855,0.852002720692399,0.273862749826582
"vm(ID, ginv)_Nr_504860",0.279827307602005,0.850918643218126,0.32885318688484
"vm(ID, ginv)_Nr_502515",-0.760514164554815,0.854656675117115,-0.889847568850499
"vm(ID, ginv)_Nr_504164",-0.206033258416314,0.857803487911056,-0.240187014065484
"vm(ID, ginv)_Nr_502846",0.801380214857896,0.743234544497998,1.07823327210816
"vm(ID, ginv)_Nr_504079",-0.27609027235085,0.863797439718561,-0.319623860474517
"vm(ID, ginv)_Nr_502688",-0.495103048786571,0.854081866317577,-0.579690388371359
"vm(ID, ginv)_Nr_502024",-0.360180308748607,0.861319191718084,-0.418172858809927
"vm(ID, ginv)_Nr_500700",-0.105271419512929,0.85418254370849,-0.123242297900267
"vm(ID, ginv)_Nr_500020",0.0411158884298986,0.855795244677582,0.0480440720903852
"vm(ID, ginv)_Nr_503146",0.137616768017136,0.863700798802803,0.159333843627203
"vm(ID, ginv)_Nr_503302",0.0892200332173853,0.855844581886274,0.104247938359024
"vm(ID, ginv)_Nr_504844",-0.132558017668145,0.867264270104313,-0.152846164932173
"vm(ID, ginv)_Nr_504608",-0.245980654990228,0.85465364628974,-0.287813263370595
"vm(ID, ginv)_Nr_500433",-0.818742416455014,0.867041303020068,-0.944294595428362
"vm(ID, ginv)_Nr_502669",-0.247144553682002,0.858867107317346,-0.287756454492655
"vm(ID, ginv)_Nr_502502",-0.485636851718296,0.849078406052807,-0.571957605159132
"vm(ID, ginv)_Nr_500429",0.0276431293032855,0.853183818260826,0.0323999690472736
"vm(ID, ginv)_Nr_500112",-0.83937140304775,0.848941965567113,-0.988726482012266
"vm(ID, ginv)_Nr_503628",0.118777219545448,0.855832683303331,0.138785561550411
"vm(ID, ginv)_Nr_503038",-0.532647893008983,0.855789404249009,-0.622405337533249
"vm(ID, ginv)_Nr_500412",-0.129782298085709,0.853760083393588,-0.152012609408771
"vm(ID, ginv)_Nr_503350",-0.316789014723807,0.854318574589533,-0.370808998125801
"vm(ID, ginv)_Nr_503892",-0.163387111626405,0.863149785617395,-0.189291724737598
"vm(ID, ginv)_Nr_504318",-0.121830384043213,0.859808045478778,-0.141694863968588
"vm(ID, ginv)_Nr_502208",-0.855807842226902,0.855220958546653,-1.00068623631634
"vm(ID, ginv)_Nr_504440",-0.598169225387794,0.873756781299789,-0.684594658593626
"vm(ID, ginv)_Nr_502885",-0.0184376516762194,0.860024060703177,-0.0214385300582687
"vm(ID, ginv)_Nr_501039",-0.0588906139167714,0.849479587083982,-0.0693255197796169
"vm(ID, ginv)_Nr_500708",0.425405427435888,0.858573074542583,0.495479581237192
"vm(ID, ginv)_Nr_501022",0.200177380217363,0.851735666331607,0.235022892817814
"vm(ID, ginv)_Nr_503914",-0.29097488986029,0.856816052629471,-0.339600184855689
"vm(ID, ginv)_Nr_503084",-0.0969508143576058,0.873197990413998,-0.111029589419508
"vm(ID, ginv)_Nr_504555",-0.722851185339697,0.863528646601276,-0.83708998906375
"vm(ID, ginv)_Nr_502649",-0.396374973573821,0.859871326237444,-0.460970102710887
"vm(ID, ginv)_Nr_501014",-0.174552381640001,0.856952462238806,-0.20368969030555
"vm(ID, ginv)_Nr_500555",-0.072905727886338,0.848369963000877,-0.0859362436978012
"vm(ID, ginv)_Nr_502980",0.0490123045045321,0.853302404951529,0.0574383761490936
"vm(ID, ginv)_Nr_504504",-0.294869261518801,0.849887016289322,-0.346951130994123
"vm(ID, ginv)_Nr_502363",-0.208807925136769,0.85830471913545,-0.243279479282248
"vm(ID, ginv)_Nr_502516",-0.29637734083999,0.864541364740649,-0.342814529098789
"vm(ID, ginv)_Nr_503579",-0.540140645218925,0.858270169820138,-0.629336384057387
"vm(ID, ginv)_Nr_500144",0.193005189950979,0.863607069227099,0.223487274280551
"vm(ID, ginv)_Nr_501400",-0.912378029261189,0.841602968555441,-1.08409554546514
"vm(ID, ginv)_Nr_504600",0.33858780088545,0.860172446530198,0.393627815272694
"vm(ID, ginv)_Nr_503941",-0.373294830400411,0.855357681576906,-0.436419568609261
"vm(ID, ginv)_Nr_500707",0.0553823080215189,0.847687934462407,0.0653333682950692
"vm(ID, ginv)_Nr_501837",-0.14943995835686,0.853799884531244,-0.175029255759276
"vm(ID, ginv)_Nr_500830",0.316907454570637,0.856364534992684,0.370061395143301
"vm(ID, ginv)_Nr_504193",-0.289537050415653,0.868174306530054,-0.333501058759598
"vm(ID, ginv)_Nr_500509",0.00437267453700831,0.84251134315724,0.00519004826762579
"vm(ID, ginv)_Nr_503736",-0.373370426714511,0.858394538339966,-0.434963656032302
"vm(ID, ginv)_Nr_500385",-0.304550660670956,0.847064346220797,-0.359536630280472
"vm(ID, ginv)_Nr_501601",-0.161875592498629,0.862604213034242,-0.187659172135533
"vm(ID, ginv)_Nr_504765",-0.806614321741073,0.855858851740332,-0.942461855831574
"vm(ID, ginv)_Nr_500274",-0.0018105760270106,0.859925745214526,-0.0021055027565885
"vm(ID, ginv)_Nr_502494",0.413069197022542,0.868478176739774,0.475624152783187
"vm(ID, ginv)_Nr_501048",-0.571536659042249,0.864282131614847,-0.661284826025935
"vm(ID, ginv)_Nr_500833",-0.37709900936965,0.867036451610408,-0.434928668419001
"vm(ID, ginv)_Nr_500310",0.293516920717587,0.849916659980096,0.345347884726087
"vm(ID, ginv)_Nr_503341",-0.0743751460785245,0.861473587683686,-0.0863347955664004
"vm(ID, ginv)_Nr_500539",0.0177036133541939,0.863499348805266,0.020502173370123
"vm(ID, ginv)_Nr_504134",-0.0995526255592904,0.855876064586193,-0.1163166370442
"vm(ID, ginv)_Nr_501935",0.102968391399143,0.852635396037811,0.12076485667571
"vm(ID, ginv)_Nr_504633",-0.205373272986928,0.861725076144758,-0.238328068513151
"vm(ID, ginv)_Nr_500704",-0.406514266356261,0.8594591591849,-0.472988462583602
"vm(ID, ginv)_Nr_500072",0.0178782061955384,0.857791099769956,0.0208421446670792
"vm(ID, ginv)_Nr_502958",-0.0385971412437423,0.863992426595733,-0.0446730087621499
"vm(ID, ginv)_Nr_501473",-0.242998401544076,0.859004115624824,-0.282883861816336
"vm(ID, ginv)_Nr_500280",-0.0899810261436446,0.863876403443022,-0.104159606380057
"vm(ID, ginv)_Nr_500620",0.0507672813597472,0.859508316103427,0.0590654917568456
"vm(ID, ginv)_Nr_502599",0.242600086135816,0.863841551481914,0.28083863958574
"vm(ID, ginv)_Nr_500816",-0.232485686494405,0.854033708708716,-0.272220738038454
"vm(ID, ginv)_Nr_504527",-0.675310570239304,0.864958142257982,-0.780743642087002
"vm(ID, ginv)_Nr_501204",-0.430715892902167,0.8631498738266,-0.499004756836348
"vm(ID, ginv)_Nr_502733",-0.395864376163316,0.857455280308552,-0.461673495113199
"vm(ID, ginv)_Nr_500098",0.332632240129365,0.715312032522432,0.465016978613363
"vm(ID, ginv)_Nr_504747",-0.289197547158455,0.851758256721298,-0.339530077784832
"vm(ID, ginv)_Nr_502440",-0.891253509284262,0.86651351464868,-1.02855119304817
"vm(ID, ginv)_Nr_504415",-0.491887965025763,0.847280619036081,-0.580549057743543
"vm(ID, ginv)_Nr_504280",-0.435201961511299,0.841799424687719,-0.516990091401815
"vm(ID, ginv)_Nr_500052",-0.00937606413078518,0.868121861149712,-0.0108004009003619
"vm(ID, ginv)_Nr_501635",-0.458657457519239,0.851102970871968,-0.538897728261173
"vm(ID, ginv)_Nr_504243",-0.455049545565576,0.858075261897074,-0.530314257702209
"vm(ID, ginv)_Nr_501912",-0.0958974762412472,0.861875935961944,-0.11126598648356
"vm(ID, ginv)_Nr_503410",0.157876817885277,0.851140957999283,0.185488451003917
"vm(ID, ginv)_Nr_502392",-0.184789028502234,0.867937591378256,-0.212905893623982
"vm(ID, ginv)_Nr_502156",-0.968468112266466,0.865322967480199,-1.11919843649432
"vm(ID, ginv)_Nr_500706",-0.153903919441664,0.856469098022843,-0.179695822998111
"vm(ID, ginv)_Nr_501247",-0.239146196716036,0.85949084018063,-0.278241704897957
"vm(ID, ginv)_Nr_504098",-0.437197614487017,0.862269674108256,-0.507031184807884
"vm(ID, ginv)_Nr_502321",-0.743623853089004,0.860855580708612,-0.86381951834115
"vm(ID, ginv)_Nr_500944",0.104813424229058,0.854875630613762,0.122606634784766
"vm(ID, ginv)_Nr_503814",-0.451059454809628,0.856927390498305,-0.526368347903241
"vm(ID, ginv)_Nr_504895",-0.211799018911001,0.853607723926638,-0.24812219122938
"vm(ID, ginv)_Nr_501079",-0.330514633842552,0.855911459435272,-0.38615516850379
"vm(ID, ginv)_Nr_504653",-0.459195251499433,0.86091842864511,-0.533378350632013
"vm(ID, ginv)_Nr_500413",-0.16273169949331,0.864734604529154,-0.188186871024917
"vm(ID, ginv)_Nr_503400",-0.392163799234038,0.858588351943743,-0.456754157386628
"vm(ID, ginv)_Nr_502613",-0.492287768392345,0.854954635305768,-0.575805718880373
"vm(ID, ginv)_Nr_504669",-0.400009905651144,0.860428689168657,-0.464896057844878
"vm(ID, ginv)_Nr_500864",-0.508025575722207,0.857396850889434,-0.592520925631111
"vm(ID, ginv)_Nr_502484",0.456214498391578,0.847120811277015,0.538547149731625
"vm(ID, ginv)_Nr_504451",-1.08394318647183,0.855705069414689,-1.26672521317801
"vm(ID, ginv)_Nr_502183",-0.382276350640624,0.86523379037073,-0.441818563832127
"vm(ID, ginv)_Nr_500319",-0.0158765706153765,0.861615271135561,-0.0184265195235596
"vm(ID, ginv)_Nr_500886",-0.405603067520718,0.86389885739222,-0.469502956335743
"vm(ID, ginv)_Nr_503549",-0.527731810442607,0.85753713657275,-0.615404030840868
"vm(ID, ginv)_Nr_500648",-0.597455649559055,0.855322141764256,-0.69851535507627
"vm(ID, ginv)_Nr_502692",-0.42324083099201,0.860545233406082,-0.49182868553789
"vm(ID, ginv)_Nr_503548",-0.0690186739339644,0.866759415239659,-0.0796284098222119
"vm(ID, ginv)_Nr_500878",-0.462708009998403,0.856613187488966,-0.540159802296253
"vm(ID, ginv)_Nr_501574",-0.370210858978889,0.863651533312481,-0.428657675809326
"vm(ID, ginv)_Nr_503660",0.276330899438902,0.85690311849692,0.322476244366586
"vm(ID, ginv)_Nr_502034",0.0048274067149226,0.868030548354884,0.00556133274810621
"vm(ID, ginv)_Nr_501396",-0.498080206150789,0.857852660538155,-0.580612766111059
"vm(ID, ginv)_Nr_503015",-0.137100083843179,0.86801497861843,-0.157946679746695
"vm(ID, ginv)_Nr_502239",-0.614655119687168,0.864830418438557,-0.710723289309044
"vm(ID, ginv)_Nr_501645",-0.578572661033191,0.854390996213891,-0.677175512847223
"vm(ID, ginv)_Nr_501310",-0.288325767101773,0.851428483503682,-0.338637680895164
"vm(ID, ginv)_Nr_500024",-0.431034227774411,0.861543672463088,-0.500304559770158
"vm(ID, ginv)_Nr_503977",-0.884413677834222,0.862521542513852,-1.02538155192804
"vm(ID, ginv)_Nr_503353",0.0781577313863321,0.857451739541666,0.0911511724591169
"vm(ID, ginv)_Nr_503614",-0.381027303273932,0.861683303679179,-0.442189493108475
"vm(ID, ginv)_Nr_501726",-0.375810580729368,0.859000282074203,-0.437497622028608
"vm(ID, ginv)_Nr_503143",0.120395256370575,0.859426094773349,0.140087969288769
"vm(ID, ginv)_Nr_501977",-0.447178147422916,0.863017749564914,-0.518156373548932
"vm(ID, ginv)_Nr_503055",-0.573346425029113,0.851045740144143,-0.673696369048277
"vm(ID, ginv)_Nr_500006",0.0365642388682832,0.861368563785076,0.0424490054612749
"vm(ID, ginv)_Nr_500295",0.577680995757145,0.744475932149781,0.775956576714318
"vm(ID, ginv)_Nr_504036",0.465919430838017,0.867061728501328,0.537354395336229
"vm(ID, ginv)_Nr_501387",0.0822871086420162,0.863887828038969,0.095252075525602
"vm(ID, ginv)_Nr_500101",-0.166302424444705,0.850408825524417,-0.195555854376455
"vm(ID, ginv)_Nr_502992",0.0403824099192425,0.864718823767839,0.0467000472399621
"vm(ID, ginv)_Nr_501549",-0.381177860976434,0.858808008492239,-0.44384525668973
"vm(ID, ginv)_Nr_503961",-0.25272589392818,0.857875156558167,-0.294595189050733
"vm(ID, ginv)_Nr_504615",-0.37916443691716,0.860568982833298,-0.440597377410486
"vm(ID, ginv)_Nr_500695",-0.252867855208414,0.868350676830082,-0.29120476548888
"vm(ID, ginv)_Nr_503935",-0.0763337784566639,0.851413611102327,-0.0896553419645646
"vm(ID, ginv)_Nr_501087",-0.391813846066629,0.859283214126364,-0.455977539913878
"vm(ID, ginv)_Nr_500218",-0.311306651266712,0.851145603348261,-0.365750172522874
"vm(ID, ginv)_Nr_500801",0.158683200800777,0.858914219180681,0.184748601498465
"vm(ID, ginv)_Nr_502915",-0.201888000347786,0.854583550701138,-0.236241383516156
"vm(ID, ginv)_Nr_502003",-0.148413416797297,0.858180059474735,-0.172939717205892
"vm(ID, ginv)_Nr_503842",0.20071161422544,0.852855263496741,0.235340769783743
"vm(ID, ginv)_Nr_503959",-0.0566792465434127,0.856960997318739,-0.0661398205061266
"vm(ID, ginv)_Nr_502394",-0.165224372387891,0.854363649648326,-0.193388813365247
"vm(ID, ginv)_Nr_503707",0.099689999970207,0.844943680108851,0.117984195061811
"vm(ID, ginv)_Nr_500226",0.337258958855275,0.864630063074732,0.390061568823943
"vm(ID, ginv)_Nr_502931",-0.645009354054659,0.857193787738172,-0.752466202253528
"vm(ID, ginv)_Nr_502664",-0.519987827115554,0.870865660929744,-0.597093042525537
"vm(ID, ginv)_Nr_501476",-0.800451712376978,0.853619817690024,-0.937714537301953
"vm(ID, ginv)_Nr_502316",-0.386621972478167,0.856287894935636,-0.451509328538655
"vm(ID, ginv)_Nr_500200",-0.343277084865421,0.85784191446917,-0.400163572186653
"vm(ID, ginv)_Nr_504327",-0.346592582506639,0.857699303919283,-0.404095678896873
"vm(ID, ginv)_Nr_503214",-0.621022103225472,0.852963270976559,-0.728076019632666
"vm(ID, ginv)_Nr_504034",-0.421667622327907,0.852263194231679,-0.494762210995212
"vm(ID, ginv)_Nr_500547",-0.301049985443269,0.853171068320484,-0.352860049551262
"vm(ID, ginv)_Nr_504721",-0.391294727944123,0.86144022270056,-0.454233175596839
"vm(ID, ginv)_Nr_503662",-0.364874006740913,0.845237217711848,-0.431682371640789
"vm(ID, ginv)_Nr_500026",-0.300824512318407,0.861060897446417,-0.349364967344981
"vm(ID, ginv)_Nr_500137",0.0971051761554023,0.860149147429417,0.112893416735463
"vm(ID, ginv)_Nr_504392",-0.974881556333916,0.848266329240373,-1.1492635304845
"vm(ID, ginv)_Nr_503248",0.0199646967691712,0.856558169025949,0.0233080454907977
"vm(ID, ginv)_Nr_503884",-0.243013248982587,0.852235561348279,-0.285147980211161
"vm(ID, ginv)_Nr_502767",-0.272031115811188,0.863759192988111,-0.31493860559691
"vm(ID, ginv)_Nr_502477",-0.820047246519999,0.857572094041655,-0.956242923735071
"vm(ID, ginv)_Nr_501037",0.0437432856659323,0.865369945653165,0.0505486536546121
"vm(ID, ginv)_Nr_500969",-0.926957316033205,0.851123053081233,-1.08909905879936
"vm(ID, ginv)_Nr_500566",0.263984310607027,0.839755217592737,0.314358642943323
"vm(ID, ginv)_Nr_502145",-0.31743152868393,0.870866930706881,-0.364500611392227
"vm(ID, ginv)_Nr_503857",-0.0729077661628995,0.857064818934862,-0.0850668053946111
"vm(ID, ginv)_Nr_504324",-0.0813917337980202,0.861662794941623,-0.0944589162672787
"vm(ID, ginv)_Nr_501536",-0.142901957131303,0.854461648512425,-0.167242096096516
"vm(ID, ginv)_Nr_501900",0.0950100010991751,0.853050670892306,0.11137673803104
"vm(ID, ginv)_Nr_500745",0.166005374234602,0.86078520398653,0.192853424368572
"vm(ID, ginv)_Nr_501709",-0.263118515938682,0.850144775186889,-0.309498480280421
"vm(ID, ginv)_Nr_500601",-0.662233940297069,0.856980229739659,-0.772752879606392
"vm(ID, ginv)_Nr_501891",-0.295399437429791,0.865531071664008,-0.341292701210457
"vm(ID, ginv)_Nr_501430",0.13272614966155,0.873854618307946,0.15188584792119
"vm(ID, ginv)_Nr_501676",-0.705102784583461,0.858437914111666,-0.821378894142996
"vm(ID, ginv)_Nr_500795",-0.953183908618876,0.858768071134816,-1.1099433486847
"vm(ID, ginv)_Nr_502979",-0.313270201221112,0.862752075051792,-0.363105705891587
"vm(ID, ginv)_Nr_504374",-0.516026749442849,0.85570982032029,-0.603039414984978
"vm(ID, ginv)_Nr_501565",-0.223271059842054,0.854165135026197,-0.261390977794014
"vm(ID, ginv)_Nr_500778",-0.507983591466506,0.851641313310086,-0.596475985285542
"vm(ID, ginv)_Nr_501631",-0.118695403542468,0.864849995244644,-0.137243919980472
"vm(ID, ginv)_Nr_503200",-0.736689954967085,0.863313779685319,-0.853328155187806
"vm(ID, ginv)_Nr_501651",-0.36055004260653,0.858305547020274,-0.420071900802959
"vm(ID, ginv)_Nr_504062",-0.694168247288466,0.853633772680037,-0.813192108260995
"vm(ID, ginv)_Nr_504577",-0.81016135067781,0.856213883124818,-0.946213751780179
"vm(ID, ginv)_Nr_501809",-0.784105110907161,0.849794572025473,-0.922699599078701
"vm(ID, ginv)_Nr_500685",-0.0373854421729346,0.855129751089498,-0.0437190287500848
"vm(ID, ginv)_Nr_500757",-0.324068047241121,0.856610337115277,-0.378314425124093
"vm(ID, ginv)_Nr_504925",0.0951323228516523,0.850887204349059,0.111803682515628
"vm(ID, ginv)_Nr_503615",-0.00670208211562897,0.862660089928372,-0.00776908795697904
"vm(ID, ginv)_Nr_504888",-0.216873208008954,0.865492774709707,-0.250577722132567
"vm(ID, ginv)_Nr_503412",-0.295854886206182,0.857550598625485,-0.344999917999462
"vm(ID, ginv)_Nr_504221",-0.315047926993119,0.859217685071164,-0.366668345481071
"vm(ID, ginv)_Nr_503129",-0.634344243987248,0.866518715187085,-0.732060638586774
"vm(ID, ginv)_Nr_502279",-0.0871748408545888,0.866026939922321,-0.100660657118135
"vm(ID, ginv)_Nr_504364",-0.00977499701077254,0.853721551521707,-0.0114498655836311
"vm(ID, ginv)_Nr_501776",-0.914583475397063,0.859394720025977,-1.0642181690032
"vm(ID, ginv)_Nr_503220",-0.589901960363892,0.862802719169562,-0.68370433617973
"vm(ID, ginv)_Nr_504266",-0.644161345729846,0.851866840757244,-0.756176100430481
"vm(ID, ginv)_Nr_502405",-0.135088766323174,0.856544146411018,-0.157713723092038
"vm(ID, ginv)_Nr_500230",0.327626805380958,0.866497642801031,0.378104670108363
"vm(ID, ginv)_Nr_500720",-0.903157785088421,0.853980972191612,-1.05758537309163
"vm(ID, ginv)_Nr_504508",-0.507084250981307,0.858001923904007,-0.591005960306027
"vm(ID, ginv)_Nr_501441",-0.401948213984352,0.856130409626588,-0.469494144191965
"vm(ID, ginv)_Nr_501910",0.107713675784575,0.856948409495099,0.12569446957494
"vm(ID, ginv)_Nr_502972",-0.247509298697402,0.849746678563841,-0.291274217294639
"vm(ID, ginv)_Nr_504028",-0.387119446535295,0.864498757252573,-0.447796417620753
"vm(ID, ginv)_Nr_502453",-0.324552293424735,0.856036815556986,-0.379133569405613
"vm(ID, ginv)_Nr_504647",0.448697678780507,0.858805352939608,0.522467259018191
"vm(ID, ginv)_Nr_501467",-0.639933329489737,0.857613894688957,-0.746178826454102
"vm(ID, ginv)_Nr_502928",-0.776550978538207,0.868515451302615,-0.894113026283553
"vm(ID, ginv)_Nr_503364",-0.0263087069562962,0.856431588683222,-0.0307189824662427
"vm(ID, ginv)_Nr_501255",-0.194428456997366,0.854688894678773,-0.227484477928592
"vm(ID, ginv)_Nr_503470",-0.287256620833799,0.84646561249005,-0.339360059753373
"vm(ID, ginv)_Nr_500650",-0.338305476022644,0.876384400951948,-0.386024073061055
"vm(ID, ginv)_Nr_502028",-0.287772239508955,0.85733127079702,-0.335660495903092
"vm(ID, ginv)_Nr_500894",-0.229712996842348,0.861388888430367,-0.266677455360417
"vm(ID, ginv)_Nr_503840",-0.511393210127421,0.859594478871434,-0.59492379569356
"vm(ID, ginv)_Nr_500022",0.421701073062663,0.864280636317124,0.487921463634332
"vm(ID, ginv)_Nr_503053",-0.212789870166028,0.849898597582809,-0.250370892211403
"vm(ID, ginv)_Nr_503042",-0.315697581266836,0.85855629902118,-0.367707489452649
"vm(ID, ginv)_Nr_503082",-0.469073281996938,0.860388878468709,-0.545187523613484
"vm(ID, ginv)_Nr_501054",0.162849854167653,0.856998720965315,0.190023450658387
"vm(ID, ginv)_Nr_504764",-0.468233993093364,0.867239161141236,-0.539913341179376
"vm(ID, ginv)_Nr_504802",-1.13699053178736,0.861010288144849,-1.32053071541937
"vm(ID, ginv)_Nr_504715",-0.169438453930526,0.851918865275707,-0.198890364842068
"vm(ID, ginv)_Nr_501686",0.00561155219141261,0.860728399419421,0.00651953879434874
"vm(ID, ginv)_Nr_501428",-0.0838845424353511,0.852206946290978,-0.0984321270795058
"vm(ID, ginv)_Nr_502668",-0.646424350170494,0.862836895685986,-0.749184873065221
"vm(ID, ginv)_Nr_503263",-0.207933045148037,0.865242743574913,-0.240317583351144
"vm(ID, ginv)_Nr_501094",-0.736810670387316,0.863150124279476,-0.853629802813707
"vm(ID, ginv)_Nr_503425",-0.821727188283358,0.867826574627131,-0.946879494484736
"vm(ID, ginv)_Nr_500465",-0.639089257255294,0.864219361632936,-0.739498888393034
"vm(ID, ginv)_Nr_502785",-0.104836532047547,0.866520167130031,-0.120985680454239
"vm(ID, ginv)_Nr_504688",-0.393026074954516,0.852297811340273,-0.461137022441095
"vm(ID, ginv)_Nr_503233",-0.770234940016827,0.848461462129269,-0.90780191487292
"vm(ID, ginv)_Nr_501827",-0.0971082329381533,0.867055260092115,-0.111997743866794
"vm(ID, ginv)_Nr_504854",-0.0686920616671319,0.861460150060266,-0.079739105357719
"vm(ID, ginv)_Nr_504021",-0.744925380287753,0.854076021745479,-0.872200320956612
"vm(ID, ginv)_Nr_504240",-0.235716886631207,0.861038235526258,-0.273758907451002
"vm(ID, ginv)_Nr_504471",-0.663484726255615,0.868269249436155,-0.764146290665569
"vm(ID, ginv)_Nr_503011",-0.436851891199981,0.861296972236491,-0.507202399731683
"vm(ID, ginv)_Nr_500259",1.05207090138771,0.720395866514651,1.46040663236693
"vm(ID, ginv)_Nr_504330",-0.436805956632771,0.858150987461322,-0.509008278280934
"vm(ID, ginv)_Nr_500041",-0.12698481153041,0.857414741915891,-0.148101969003546
"vm(ID, ginv)_Nr_502432",-0.0927243373197197,0.857109254176028,-0.108182634673405
"vm(ID, ginv)_Nr_503893",-0.147787895095486,0.85483377268019,-0.17288495122522
"vm(ID, ginv)_Nr_502898",-0.0477538148796016,0.856926662411869,-0.0557268398502105
"vm(ID, ginv)_Nr_503306",-0.247809103779209,0.854096581781782,-0.290141781462513
"vm(ID, ginv)_Nr_503860",0.138737700895287,0.854485048262155,0.162364105934271
"vm(ID, ginv)_Nr_500129",-1.1047143244945,0.855355523482143,-1.29152649882615
"vm(ID, ginv)_Nr_503081",-0.926937635238853,0.861291946213824,-1.07621769751082
"vm(ID, ginv)_Nr_500891",0.0864211285299393,0.852582741472173,0.101363919683284
"vm(ID, ginv)_Nr_503510",0.219780272999732,0.870139082213518,0.252580624744081
"vm(ID, ginv)_Nr_502743",-1.05662524489207,0.860411020539647,-1.22804708408937
"vm(ID, ginv)_Nr_500202",-0.545653720883433,0.855598256208264,-0.637745246585231
"vm(ID, ginv)_Nr_501026",-0.0985741105353318,0.831014831452565,-0.118618954565504
"vm(ID, ginv)_Nr_504229",-0.142472128165943,0.859053067069393,-0.165847877887193
"vm(ID, ginv)_Nr_504517",-1.13966415654226,0.861506568477464,-1.32287343851177
"vm(ID, ginv)_Nr_500520",-0.544963813717222,0.841909953382029,-0.647294656071059
"vm(ID, ginv)_Nr_501797",-0.579913260689126,0.857822049045401,-0.676029791183921
"vm(ID, ginv)_Nr_504629",-1.1171769004182,0.855121856947106,-1.30645345027978
"vm(ID, ginv)_Nr_503022",-0.151463233340886,0.852495686483946,-0.177670380909005
"vm(ID, ginv)_Nr_503898",-0.906189386518298,0.861405873454164,-1.05198886430221
"vm(ID, ginv)_Nr_502223",0.397141836926541,0.84009986063088,0.472731701953032
"vm(ID, ginv)_Nr_503697",-0.356490372670501,0.858687483532141,-0.41515729471694
"vm(ID, ginv)_Nr_502134",-0.0900149517362056,0.860196552448403,-0.104644632066931
"vm(ID, ginv)_Nr_502876",-0.325442666990853,0.85582026097576,-0.380269878887655
"vm(ID, ginv)_Nr_501963",-0.531061468807141,0.85697737399371,-0.619691353497786
"vm(ID, ginv)_Nr_500290",-0.304842109016519,0.857027950344494,-0.355696811164657
"vm(ID, ginv)_Nr_502323",-0.335442205271396,0.8499215220145,-0.394674327667718
"vm(ID, ginv)_Nr_500783",-0.726667813082059,0.855425713562742,-0.849480909400745
"vm(ID, ginv)_Nr_503262",-0.555348772624449,0.863051991036164,-0.64347082028941
"vm(ID, ginv)_Nr_504154",-0.295581171528471,0.856304276098448,-0.345182407444254
"vm(ID, ginv)_Nr_504704",-0.236140201299174,0.864835245069127,-0.273046459016941
"vm(ID, ginv)_Nr_503257",0.201945292137124,0.851198877149898,0.237248071582643
"vm(ID, ginv)_Nr_501395",-0.4464254037587,0.86146074943039,-0.518219087815531
"vm(ID, ginv)_Nr_502487",-0.389632657270519,0.860100811230068,-0.453008126702367
"vm(ID, ginv)_Nr_501446",-0.158179850766886,0.854530802142008,-0.185107254613157
"vm(ID, ginv)_Nr_503398",-0.624345029257178,0.860050996664425,-0.725939545071867
"vm(ID, ginv)_Nr_503960",-0.311943310659847,0.851872348409586,-0.366185510355201
"vm(ID, ginv)_Nr_502910",-0.1653154672851,0.862835523781604,-0.191595573812911
"vm(ID, ginv)_Nr_504759",-0.0922176729552243,0.859206076568601,-0.107328934780714
"vm(ID, ginv)_Nr_503275",-0.448323885860736,0.862282037001716,-0.519927200872264
"vm(ID, ginv)_Nr_502124",-0.812712921327276,0.861185403749968,-0.943714231323915
"vm(ID, ginv)_Nr_502010",0.0420157345267681,0.851117146609756,0.049365395461869
"vm(ID, ginv)_Nr_502547",-0.721026185095274,0.858211415189744,-0.84014984225753
"vm(ID, ginv)_Nr_501942",0.00642225908707052,0.856157792833524,0.00750125635814811
"vm(ID, ginv)_Nr_500380",-0.15425494857264,0.852083421528305,-0.181032683743532
"vm(ID, ginv)_Nr_501578",-0.463368128805725,0.850309858825553,-0.544940322632185
"vm(ID, ginv)_Nr_503131",-0.363113366422862,0.863941674082084,-0.420298473052201
"vm(ID, ginv)_Nr_500286",-0.251854034097809,0.860900545873654,-0.292547188295977
"vm(ID, ginv)_Nr_500213",-0.842188670855841,0.858125838580419,-0.981427936314163
"vm(ID, ginv)_Nr_501506",-0.692351936944662,0.860663502318851,-0.804439755002142
"vm(ID, ginv)_Nr_503259",-0.0163021077063178,0.864613896528789,-0.0188547833567871
"vm(ID, ginv)_Nr_501566",0.147001398466848,0.859821337970815,0.170967376564266
"vm(ID, ginv)_Nr_501960",-0.472596695974212,0.861502231604653,-0.548572805312347
"vm(ID, ginv)_Nr_504133",-0.304015163954743,0.862058033941408,-0.35266206216391
"vm(ID, ginv)_Nr_504676",-0.386616739889841,0.861937971215988,-0.448543575988905
"vm(ID, ginv)_Nr_503107",-0.183350665685229,0.861684658941706,-0.212781629314852
"vm(ID, ginv)_Nr_503942",-0.602253134865727,0.853602161543984,-0.705543123012224
"vm(ID, ginv)_Nr_503207",-0.214798663924646,0.854915396633611,-0.251251369165249
"vm(ID, ginv)_Nr_504283",-0.294283416019055,0.856586579867737,-0.343553614935801
"vm(ID, ginv)_Nr_503769",-0.0640225537286617,0.849358722371189,-0.0753775195831596
"vm(ID, ginv)_Nr_504804",-0.706456289486203,0.858554342805789,-0.822843999807253
"vm(ID, ginv)_Nr_502039",-0.0942177278418857,0.858640989579185,-0.109728895994193
"vm(ID, ginv)_Nr_500262",-0.38248487068568,0.855856399836421,-0.44690309117135
"vm(ID, ginv)_Nr_502104",-1.18625802416954,0.853750313087357,-1.38946716151677
"vm(ID, ginv)_Nr_501003",0.315349282910773,0.856201145763922,0.368312147759871
"vm(ID, ginv)_Nr_504880",-0.00618274861669765,0.846850296847869,-0.00730087553810982
"vm(ID, ginv)_Nr_503271",0.201998235543458,0.845126065906068,0.239015507499338
"vm(ID, ginv)_Nr_503782",-0.389026934158401,0.858096386815284,-0.453360415141969
"vm(ID, ginv)_Nr_501793",-0.994133058722743,0.848637667689034,-1.17144583203561
"vm(ID, ginv)_Nr_500560",-0.218159331068482,0.861561008816577,-0.253214025282019
"vm(ID, ginv)_Nr_501228",-0.374809727731055,0.849318866903441,-0.441306254148793
"vm(ID, ginv)_Nr_504579",-0.319668611328377,0.869826276708035,-0.367508570260952
"vm(ID, ginv)_Nr_502923",-0.0664729748773023,0.850346243243857,-0.078171657022585
"vm(ID, ginv)_Nr_504986",-0.72235812321141,0.866713829979007,-0.833444786763016
"vm(ID, ginv)_Nr_500232",-0.987039390948259,0.86773103017152,-1.1374946344297
"vm(ID, ginv)_Nr_500986",-0.0844749617222559,0.864772801790127,-0.0976845728119433
"vm(ID, ginv)_Nr_500086",0.0961062585284661,0.86271729958802,0.111399479962162
"vm(ID, ginv)_Nr_500980",-0.387213442018018,0.861815038740502,-0.449299936311056
"vm(ID, ginv)_Nr_501020",-0.801205925659859,0.857684219007304,-0.934150247730087
"vm(ID, ginv)_Nr_502167",-0.184470258974193,0.86579492273829,-0.213064611641243
"vm(ID, ginv)_Nr_501608",-1.02270633421939,0.87600428174213,-1.16746727788306
"vm(ID, ginv)_Nr_502343",0.288031382005404,0.852792990060107,0.337750644485367
"vm(ID, ginv)_Nr_503920",-0.44582020736434,0.856106639118398,-0.520753124661475
"vm(ID, ginv)_Nr_502249",-0.436249601926583,0.854900570338957,-0.510292795516109
"vm(ID, ginv)_Nr_500713",-0.186811585380276,0.855959123267462,-0.218248255439066
"vm(ID, ginv)_Nr_503674",-0.262425060782432,0.835883799596123,-0.313949212688688
"vm(ID, ginv)_Nr_500359",0.128697130787676,0.856047085397974,0.1503388458216
"vm(ID, ginv)_Nr_504835",-0.788483908681189,0.856190653654244,-0.920920948291036
"vm(ID, ginv)_Nr_500529",-0.178592829181494,0.864520897415455,-0.206580118208143
"vm(ID, ginv)_Nr_501997",-0.259596749514437,0.857157593262283,-0.30285766766229
"vm(ID, ginv)_Nr_504284",-0.00263757066962928,0.852548814167279,-0.00309374739111626
"vm(ID, ginv)_Nr_500727",-0.340449779047773,0.866764262315179,-0.392782436759
"vm(ID, ginv)_Nr_504939",-0.470471710555056,0.845810217644615,-0.556237913352727
"vm(ID, ginv)_Nr_500476",0.2108702400807,0.862632314158665,0.244449734399718
"vm(ID, ginv)_Nr_500050",-0.398236931398452,0.868349963147137,-0.458613402774997
"vm(ID, ginv)_Nr_502105",-0.416849175733594,0.85206896215958,-0.489219997730096
"vm(ID, ginv)_Nr_500890",0.142960260536464,0.844187933852067,0.169346486491616
"vm(ID, ginv)_Nr_504581",-0.128809352314172,0.859923855184383,-0.149791579263204
"vm(ID, ginv)_Nr_501129",0.265527830461729,0.851759691796384,0.311740310112261
"vm(ID, ginv)_Nr_502850",0.0899046955028208,0.862935966125713,0.104184666107338
"vm(ID, ginv)_Nr_504178",-0.567860703605921,0.866860337299861,-0.655077501151709
"vm(ID, ginv)_Nr_503659",-0.732962775329492,0.863231746908159,-0.849091542282531
"vm(ID, ginv)_Nr_503311",-0.451977337288162,0.860730889596105,-0.525108768316949
"vm(ID, ginv)_Nr_503167",-0.0931009946715415,0.853586649995203,-0.109070350001449
"vm(ID, ginv)_Nr_501422",-0.739903630914559,0.865719676203186,-0.854668839409515
"vm(ID, ginv)_Nr_500646",-0.0127035403119659,0.859664282706981,-0.014777327111886
"vm(ID, ginv)_Nr_501007",0.0549860474806886,0.8590055198281,0.0640112853892861
"vm(ID, ginv)_Nr_501922",-0.227532562244282,0.850110996384938,-0.267650416488971
"vm(ID, ginv)_Nr_500501",-0.332349591181985,0.867293643944305,-0.383203074878441
"vm(ID, ginv)_Nr_502976",-0.527735639337536,0.869895469069361,-0.606665580063456
"vm(ID, ginv)_Nr_503666",0.106315591006144,0.863875201303469,0.123068228889692
"vm(ID, ginv)_Nr_500077",-0.137567702794565,0.86100985671567,-0.159774829198029
"vm(ID, ginv)_Nr_504155",-0.244923642409342,0.854603802210808,-0.28659320468238
"vm(ID, ginv)_Nr_501257",-0.281390336007332,0.851432117498406,-0.330490628934794
"vm(ID, ginv)_Nr_501982",0.0186204259523878,0.82568148555991,0.0225515846946247
"vm(ID, ginv)_Nr_503221",-0.573942409920202,0.864555321212789,-0.663858512969513
"vm(ID, ginv)_Nr_503963",0.266458766511082,0.850413424727434,0.313328504422992
"vm(ID, ginv)_Nr_504090",-0.104252423379608,0.853920703452194,-0.122086773348088
"vm(ID, ginv)_Nr_501877",-0.678675154486934,0.849008721008355,-0.799373596163867
"vm(ID, ginv)_Nr_504744",0.172438461571023,0.853064233975382,0.202140067187484
"vm(ID, ginv)_Nr_500294",-0.437668382660326,0.834987122970287,-0.524161835099223
"vm(ID, ginv)_Nr_504585",-0.790468355152364,0.863584280204471,-0.915334349260277
"vm(ID, ginv)_Nr_503160",-0.162141361030478,0.875832050910821,-0.185128371200687
"vm(ID, ginv)_Nr_501393",-1.01896435322939,0.860066710141653,-1.18475037019113
"vm(ID, ginv)_Nr_502973",0.478463974416926,0.711349344065133,0.672614627972606
"vm(ID, ginv)_Nr_503938",-0.362274487754537,0.858423846095041,-0.42202286132022
"vm(ID, ginv)_Nr_502662",-0.301901203191849,0.859113939846336,-0.351409969259546
"vm(ID, ginv)_Nr_500031",0.115911975704384,0.857433058339507,0.135184869042555
"vm(ID, ginv)_Nr_502093",0.291852301459697,0.864521369651964,0.337588302273187
"vm(ID, ginv)_Nr_504906",-0.281189392540677,0.867432843452159,-0.324162722985696
"vm(ID, ginv)_Nr_502815",-0.871432445807358,0.856682676567544,-1.01721730769544
"vm(ID, ginv)_Nr_503513",-0.423806880955857,0.866432497147966,-0.48914010306735
"vm(ID, ginv)_Nr_500190",-0.734540756817061,0.857688699505144,-0.856418834993238
"vm(ID, ginv)_Nr_503512",-0.644795950303894,0.854697851665122,-0.754413912527922
"vm(ID, ginv)_Nr_503180",0.290057767748098,0.698634854632473,0.415177922808743
"vm(ID, ginv)_Nr_502565",-0.192067851378012,0.859900935046939,-0.223360440197135
"vm(ID, ginv)_Nr_501917",-0.422151014453796,0.864859272719393,-0.488115266575588
"vm(ID, ginv)_Nr_504145",-0.948389783878487,0.861933567007794,-1.1003049656957
"vm(ID, ginv)_Nr_501090",-0.993171016197368,0.853258965237129,-1.16397372504765
"vm(ID, ginv)_Nr_501235",-0.369488326625664,0.856805226975537,-0.431239580470269
"vm(ID, ginv)_Nr_503755",-0.759993453882377,0.8493250746255,-0.894820459901631
"vm(ID, ginv)_Nr_501431",0.016403485249002,0.855397275538302,0.0191764525304097
"vm(ID, ginv)_Nr_504535",-0.890769924075949,0.866422523810048,-1.02810107031709
"vm(ID, ginv)_Nr_504620",-0.204830433757076,0.859672538039357,-0.238265647317558
"vm(ID, ginv)_Nr_502001",0.295865326449878,0.857426925528833,0.345061856166224
"vm(ID, ginv)_Nr_501558",-0.177172040344757,0.863144297090542,-0.205263524235707
"vm(ID, ginv)_Nr_501099",-0.853725245087759,0.856248064385373,-0.997053635035748
"vm(ID, ginv)_Nr_502275",-0.878391518252158,0.856865436540478,-1.02512189288273
"vm(ID, ginv)_Nr_502048",-0.0532570553384895,0.855704923359761,-0.0622376404349597
"vm(ID, ginv)_Nr_501831",-0.360389380387188,0.863908449027855,-0.417161541587804
"vm(ID, ginv)_Nr_500875",-0.957480636386229,0.852522876883272,-1.12311430267616
"vm(ID, ginv)_Nr_504218",-0.158787586334744,0.85737924705153,-0.18520110777209
"vm(ID, ginv)_Nr_504539",-0.478259598973111,0.859740745185239,-0.556283509478273
"vm(ID, ginv)_Nr_504655",-0.0259688437363664,0.860848347420057,-0.0301665720962286
"vm(ID, ginv)_Nr_502912",-0.149357318692033,0.855594095182663,-0.17456562584171
"vm(ID, ginv)_Nr_503461",0.192310370767514,0.832389620041765,0.23103408084049
"vm(ID, ginv)_Nr_502886",-0.114237947215118,0.862494976078109,-0.132450565375551
"vm(ID, ginv)_Nr_502037",-0.279116987496162,0.840755494014688,-0.331983542757897
"vm(ID, ginv)_Nr_502888",-0.00299306949745059,0.849008090622673,-0.00352537217313846
"vm(ID, ginv)_Nr_504923",-0.432939607435044,0.856940565818694,-0.505215442825288
"vm(ID, ginv)_Nr_504331",-0.662024568747831,0.856400084557434,-0.773031881576645
"vm(ID, ginv)_Nr_503734",-0.94312822105805,0.862898381937889,-1.09297715791283
"vm(ID, ginv)_Nr_501119",-0.670037612011266,0.863672553824845,-0.775800514956681
"vm(ID, ginv)_Nr_504542",-0.785094607333922,0.860546060614882,-0.912321423879335
"vm(ID, ginv)_Nr_503688",-0.0400228409001218,0.858286542798682,-0.0466310945172415
"vm(ID, ginv)_Nr_504681",0.0116038737076282,0.863606736229093,0.0134365252386707
"vm(ID, ginv)_Nr_504050",-0.918937047317149,0.851142032013392,-1.07965182396572
"vm(ID, ginv)_Nr_503880",-0.682667570976928,0.85090724233582,-0.802282007969448
"vm(ID, ginv)_Nr_500662",-0.793766758376292,0.861940256614913,-0.92090693326431
"vm(ID, ginv)_Nr_502463",-0.0292800580755411,0.855787180641356,-0.034214181677269
"vm(ID, ginv)_Nr_501584",-0.455911924778,0.867863727241726,-0.525326627288588
"vm(ID, ginv)_Nr_500336",1.21188687363658,0.774417696654852,1.56490080078413
"vm(ID, ginv)_Nr_501105",-0.400673884374646,0.864180234389362,-0.463646202991169
"vm(ID, ginv)_Nr_500060",0.122843175171899,0.85790546468346,0.1431896406176
"vm(ID, ginv)_Nr_500892",-0.0924753177882924,0.846497360896589,-0.109244661661254
"vm(ID, ginv)_Nr_504701",-0.658607123754896,0.86442592523457,-0.761901169930989
"vm(ID, ginv)_Nr_503555",-0.854727022212488,0.86561301535411,-0.987423949330096
"vm(ID, ginv)_Nr_504516",-0.696084575716166,0.857022854321809,-0.812212384075803
"vm(ID, ginv)_Nr_500222",-0.150092709141523,0.859886244451485,-0.174549494319758
"vm(ID, ginv)_Nr_501064",-0.544051774944428,0.870465997574744,-0.625012092902241
"vm(ID, ginv)_Nr_501358",-0.343285590893927,0.861210805283116,-0.398608086182888
"vm(ID, ginv)_Nr_504733",-0.651585850946196,0.862937848649998,-0.755078540089015
"vm(ID, ginv)_Nr_502903",-0.214950730901011,0.848470493099474,-0.253339076195559
"vm(ID, ginv)_Nr_501815",-0.189695312289261,0.856299886133397,-0.221529064012639
"vm(ID, ginv)_Nr_502945",0.162709682907978,0.850765285492347,0.191250966256593
"vm(ID, ginv)_Nr_501052",0.0856324238492324,0.853433888110777,0.100338673026911
"vm(ID, ginv)_Nr_500135",0.212792651246431,0.858631307482765,0.247827733966832
"vm(ID, ginv)_Nr_504639",-0.0413273055093054,0.856365832093362,-0.0482589378984002
"vm(ID, ginv)_Nr_504790",-0.00556802577995438,0.861329504050408,-0.00646445495454492
"vm(ID, ginv)_Nr_504483",-0.39628493664036,0.859497763063995,-0.461065698679258
"vm(ID, ginv)_Nr_500211",-0.165121121113384,0.852269852687424,-0.193742768904373
"vm(ID, ginv)_Nr_502748",-0.691146482119829,0.849735038567112,-0.813367050610614
"vm(ID, ginv)_Nr_504377",-0.568179807668741,0.858663331932201,-0.661702656371966
"vm(ID, ginv)_Nr_501177",0.605977349185799,0.857567255882218,0.70662370214031
"vm(ID, ginv)_Nr_500184",-0.431363141699536,0.863696681324215,-0.499438229909802
"vm(ID, ginv)_Nr_502431",-0.46617141505895,0.855561810758506,-0.544871696231581
"vm(ID, ginv)_Nr_504529",-1.1329429033913,0.860833458890999,-1.3160999862283
"vm(ID, ginv)_Nr_501800",-0.301180426290661,0.86095240552862,-0.349822387807532
"vm(ID, ginv)_Nr_500267",0.0481729052340164,0.853829022150571,0.0564198498578573
"vm(ID, ginv)_Nr_503639",-0.418823254135608,0.863577092195948,-0.484986526299121
"vm(ID, ginv)_Nr_501313",-0.794018000486231,0.861455619781202,-0.921716664507802
"vm(ID, ginv)_Nr_500375",-0.626449181544217,0.855830713190577,-0.73197791559593
"vm(ID, ginv)_Nr_502393",-0.0107235125242892,0.863376386859375,-0.0124204375837717
"vm(ID, ginv)_Nr_503331",0.273524678898367,0.690171588223377,0.396314023303202
"vm(ID, ginv)_Nr_500216",-0.385450041304201,0.864125066594858,-0.446058164731979
"vm(ID, ginv)_Nr_500860",-0.161699060311368,0.860261506714072,-0.18796500720927
"vm(ID, ginv)_Nr_504571",-0.662939750761864,0.85265023933847,-0.77750491371023
"vm(ID, ginv)_Nr_504703",-0.278783410410302,0.849650847174269,-0.328115262095563
"vm(ID, ginv)_Nr_501887",-0.521521660630358,0.838829054647453,-0.621725794714568
"vm(ID, ginv)_Nr_502772",-0.904148615814732,0.850808538158314,-1.06269339723821
"vm(ID, ginv)_Nr_504853",-0.780848587576949,0.869584240393004,-0.897956231617134
"vm(ID, ginv)_Nr_500208",-0.26887863734171,0.838652209760622,-0.320608035383889
"vm(ID, ginv)_Nr_503599",-0.480376296682737,0.857492674388055,-0.560210379669489
"vm(ID, ginv)_Nr_500576",-0.216939019685426,0.856970439065126,-0.253146444493565
"vm(ID, ginv)_Nr_504038",-0.0828225162345893,0.869035201162996,-0.0953039832261699
"vm(ID, ginv)_Nr_503820",-0.353469986441139,0.867866259334266,-0.407286240984047
"vm(ID, ginv)_Nr_502841",-0.125796682541339,0.851469592331158,-0.147740663523794
"vm(ID, ginv)_Nr_502580",-0.414372819211467,0.861169628963856,-0.481174446096099
"vm(ID, ginv)_Nr_503493",-0.134722550107332,0.865063710857826,-0.155737142150764
"vm(ID, ginv)_Nr_501196",-0.355538525371271,0.857910906019742,-0.414423599090008
"vm(ID, ginv)_Nr_501370",-0.609603497208945,0.862661338267692,-0.706654477448923
"vm(ID, ginv)_Nr_503576",-0.697075123563698,0.860251039734859,-0.810315932635833
"vm(ID, ginv)_Nr_501854",-0.606494654554566,0.860141872463719,-0.705110021928561
"vm(ID, ginv)_Nr_503139",0.894909196818265,0.749057452821391,1.19471369445362
"vm(ID, ginv)_Nr_501779",0.250029323901071,0.839625677742863,0.297786657231847
"vm(ID, ginv)_Nr_504831",-0.367347826640108,0.867992459333413,-0.423215458487068
"vm(ID, ginv)_Nr_504338",-0.0556993507401583,0.852103491918885,-0.0653668847368842
"vm(ID, ginv)_Nr_503926",-0.281636244423401,0.860495610106796,-0.327295387815456
"vm(ID, ginv)_Nr_501168",-0.352820156032708,0.862256013819815,-0.409182598181839
"vm(ID, ginv)_Nr_503468",-0.31708073300216,0.8647920174721,-0.366655480850793
"vm(ID, ginv)_Nr_501399",-0.501398711658134,0.858230580825284,-0.584223777223113
"vm(ID, ginv)_Nr_501849",-0.417796982806263,0.854002754726505,-0.489222055191219
"vm(ID, ginv)_Nr_504190",-0.295999839672105,0.857852720160101,-0.345047387174879
"vm(ID, ginv)_Nr_503669",-0.539864791669299,0.857941775971745,-0.629255745307219
"vm(ID, ginv)_Nr_501335",-0.860310172549051,0.848038160103373,-1.01447106159018
"vm(ID, ginv)_Nr_501864",-0.0964688164509695,0.869855251295309,-0.110902148727983
"vm(ID, ginv)_Nr_500045",-0.322349965394333,0.85176970876704,-0.378447322176957
"vm(ID, ginv)_Nr_502283",-0.198217244439107,0.859135364418813,-0.230717128695077
"vm(ID, ginv)_Nr_502783",-1.21350830270429,0.845338581006005,-1.43552930147839
"vm(ID, ginv)_Nr_503359",-0.288067980477255,0.859386216208693,-0.335202002364093
"vm(ID, ginv)_Nr_500659",-0.50678524735669,0.843583572055118,-0.600752864499331
"vm(ID, ginv)_Nr_502697",-0.408088388248138,0.853957803730601,-0.477878867627139
"vm(ID, ginv)_Nr_502029",0.0600458049046782,0.857919044283481,0.0699900594406636
"vm(ID, ginv)_Nr_503871",-0.220716649484821,0.862456907152759,-0.255916147988745
"vm(ID, ginv)_Nr_503850",0.0244035365465495,0.856941271414039,0.0284774900691634
"vm(ID, ginv)_Nr_500241",-0.518787749883822,0.863802798678942,-0.600585863668457
"vm(ID, ginv)_Nr_500312",-0.990769660336048,0.855972060338526,-1.1574789718536
"vm(ID, ginv)_Nr_502447",0.0683116883348368,0.858367684007325,0.0795832480737402
"vm(ID, ginv)_Nr_500960",-1.06355879058439,0.875029761653271,-1.21545441903018
"vm(ID, ginv)_Nr_502342",-0.745405491448797,0.857156519926505,-0.869625878261663
"vm(ID, ginv)_Nr_504622",-0.663396264827573,0.854158238060382,-0.776666705614184
"vm(ID, ginv)_Nr_504008",-0.496927225849132,0.854493557781562,-0.581545900871687
"vm(ID, ginv)_Nr_504158",-0.581607990088331,0.863433259287684,-0.673599243290844
"vm(ID, ginv)_Nr_504214",-0.134302714222019,0.858786739227189,-0.156386571994435
"vm(ID, ginv)_Nr_500595",-0.169994258191749,0.862240507556844,-0.197154108049768
"vm(ID, ginv)_Nr_501958",0.170734692042317,0.856623333746592,0.199311278733885
"vm(ID, ginv)_Nr_504614",0.124030710271709,0.858034262014072,0.144552165062233
"vm(ID, ginv)_Nr_501386",-0.0542677407768343,0.863516545837414,-0.0628450503217712
"vm(ID, ginv)_Nr_500786",0.223388474054748,0.866841790021667,0.257703858565892
"vm(ID, ginv)_Nr_500553",-0.746835235640215,0.861956416933087,-0.866441992853324
"vm(ID, ginv)_Nr_501043",-0.748918232464718,0.861647726356951,-0.869169858581471
"vm(ID, ginv)_Nr_500016",-0.437882698892037,0.866856525216332,-0.505138608471292
"vm(ID, ginv)_Nr_503212",-0.476597149803138,0.859490776410909,-0.554511069674684
"vm(ID, ginv)_Nr_503069",-0.738514361662118,0.861770994044958,-0.856972869550527
"vm(ID, ginv)_Nr_503858",0.328893431442244,0.854756128195744,0.384780431041175
"vm(ID, ginv)_Nr_500301",-0.00450496588338747,0.861667246225646,-0.00522819673501638
"vm(ID, ginv)_Nr_502416",-0.547779295127898,0.857804122052469,-0.63858319288234
"vm(ID, ginv)_Nr_502240",-0.367333117124276,0.852807688263103,-0.430733824494965
"vm(ID, ginv)_Nr_501032",-0.176587521049816,0.865588105642339,-0.204008719503803
"vm(ID, ginv)_Nr_503246",0.922753411693316,0.70739525368196,1.30443822868534
"vm(ID, ginv)_Nr_501866",-0.645011615631798,0.861810876496525,-0.748437543807675
"vm(ID, ginv)_Nr_502472",-0.532449566476895,0.859882599526814,-0.619211932849783
"vm(ID, ginv)_Nr_501850",0.122089481008305,0.866876377614969,0.140838398831687
"vm(ID, ginv)_Nr_502889",-0.229471663741039,0.862345812767723,-0.266101673300347
"vm(ID, ginv)_Nr_502207",-0.0258440078722727,0.857228346761994,-0.0301483355863035
"vm(ID, ginv)_Nr_501624",-0.0279439391989978,0.859558124736864,-0.032509656292938
"vm(ID, ginv)_Nr_501999",-0.15693296242587,0.85335506429976,-0.183901132120948
"vm(ID, ginv)_Nr_501127",-0.921670857659305,0.86619156427717,-1.06404968100611
"vm(ID, ginv)_Nr_501041",0.147680541656107,0.863578828275586,0.17100991457954
"vm(ID, ginv)_Nr_503613",-0.213073095387452,0.858955383175827,-0.248060725342513
"vm(ID, ginv)_Nr_502824",-0.0728443230206648,0.857706405269442,-0.0849292048807556
"vm(ID, ginv)_Nr_503717",-0.0127859625266004,0.859470120201147,-0.0148765643226876
"vm(ID, ginv)_Nr_504711",0.229666963486474,0.863431925068602,0.265993133700988
"vm(ID, ginv)_Nr_501660",-0.412433131403963,0.837546944054909,-0.492429868357235
"vm(ID, ginv)_Nr_501643",-0.290758429827283,0.860532955657584,-0.33788180675207
"vm(ID, ginv)_Nr_500463",-0.29470326147108,0.863225872371823,-0.34139762361541
"vm(ID, ginv)_Nr_502655",-0.0706684748020627,0.862599178729513,-0.081925042991749
"vm(ID, ginv)_Nr_502330",-0.471895992994699,0.863955844825327,-0.546203831852201
"vm(ID, ginv)_Nr_504217",-0.246656829229351,0.86006905926569,-0.286787237108543
"vm(ID, ginv)_Nr_503825",0.18270363044641,0.851323658681065,0.214611245186665
"vm(ID, ginv)_Nr_502535",-0.679193217897886,0.8692233428065,-0.781379404405944
"vm(ID, ginv)_Nr_501352",-0.768517394218315,0.861374434007809,-0.892198983248844
"vm(ID, ginv)_Nr_502589",-0.672682402344013,0.856792851923041,-0.785116730180697
"vm(ID, ginv)_Nr_504771",-0.30068963323846,0.866157186492964,-0.347153655164994
"vm(ID, ginv)_Nr_504694",-0.304772177769532,0.861472821213082,-0.353780375033036
"vm(ID, ginv)_Nr_503921",-0.0130511857105644,0.854061862084245,-0.0152813119165799
"vm(ID, ginv)_Nr_503521",-0.587902137251209,0.851354470468756,-0.6905491867888
"vm(ID, ginv)_Nr_502868",0.0365930973733254,0.843797073887517,0.0433671773768244
"vm(ID, ginv)_Nr_502632",-0.36382204089061,0.845064360033779,-0.430525836962367
"vm(ID, ginv)_Nr_502597",-0.17883781193133,0.865623703879342,-0.20659994767918
"vm(ID, ginv)_Nr_503685",-0.163530363842102,0.868131653353546,-0.188370465712652
"vm(ID, ginv)_Nr_503795",-0.249648433591131,0.861382545243492,-0.289822953773183
"vm(ID, ginv)_Nr_502983",-0.712833071586749,0.854920168408607,-0.833800742955513
"vm(ID, ginv)_Nr_504944",-0.228742217764702,0.866607174865543,-0.263951446975029
"vm(ID, ginv)_Nr_503581",0.0499035098949434,0.847745440302104,0.0588661495804208
"vm(ID, ginv)_Nr_503806",-0.139621335206124,0.864678971659839,-0.161471875438472
"vm(ID, ginv)_Nr_500382",-0.296834020952453,0.864832299746253,-0.343227260405915
"vm(ID, ginv)_Nr_502987",-0.414189264345559,0.846430576215967,-0.489336368491347
"vm(ID, ginv)_Nr_504019",0.215585643786941,0.857414582585874,0.251436875655598
"vm(ID, ginv)_Nr_502006",-0.399112453248357,0.849768837754546,-0.469671792511224
"vm(ID, ginv)_Nr_501394",-0.465398017152804,0.860960302364605,-0.540556882674615
"vm(ID, ginv)_Nr_502865",-0.0247512413397905,0.842259758994222,-0.0293867076937726
"vm(ID, ginv)_Nr_502209",-0.93824974321723,0.86627084368933,-1.08309052538505
"vm(ID, ginv)_Nr_503310",-0.149730267240164,0.852804527622084,-0.175573959084931
"vm(ID, ginv)_Nr_501455",-0.244784100095317,0.851699824329351,-0.287406540547388
"vm(ID, ginv)_Nr_500298",-0.257297081012467,0.865418807863793,-0.297309324311522
"vm(ID, ginv)_Nr_500411",-0.732739258645355,0.870330827241283,-0.841908887644419
"vm(ID, ginv)_Nr_503309",-0.270544235823112,0.869055201038616,-0.311308459462393
"vm(ID, ginv)_Nr_502844",-0.281353983599513,0.871495172252981,-0.322840553289766
"vm(ID, ginv)_Nr_504163",-0.637008640710304,0.863181949056192,-0.737977249648018
"vm(ID, ginv)_Nr_500365",0.117914609980883,0.847753049092306,0.139090753029004
"vm(ID, ginv)_Nr_500607",-0.302117604218849,0.853912307791449,-0.353804016480619
"vm(ID, ginv)_Nr_503807",-0.292330060117375,0.854111662164832,-0.342262110525964
"vm(ID, ginv)_Nr_501238",-0.0524691189976481,0.859456111630103,-0.0610492127377297
"vm(ID, ginv)_Nr_502822",-0.575688682335174,0.86022250596341,-0.669232295533152
"vm(ID, ginv)_Nr_504204",0.48430217280691,0.857974651830774,0.564471423221526
"vm(ID, ginv)_Nr_502362",0.247566228152429,0.869155657526899,0.284835318056671
"vm(ID, ginv)_Nr_501985",-0.483779556140459,0.856350247893748,-0.564931880769986
"vm(ID, ginv)_Nr_504805",-0.798876481971364,0.858264971642418,-0.930804015504203
"vm(ID, ginv)_Nr_503083",-1.05492208640802,0.855221134075314,-1.233507971653
"vm(ID, ginv)_Nr_504017",-0.372126332845339,0.85442793754785,-0.435526878853372
"vm(ID, ginv)_Nr_502354",-0.274961866188917,0.851065723054197,-0.323079474053036
"vm(ID, ginv)_Nr_504623",-0.758571252011902,0.845595822605902,-0.897084909518813
"vm(ID, ginv)_Nr_504729",-0.245362747692885,0.852674523921071,-0.287756630237492
"vm(ID, ginv)_Nr_504431",-0.354998887840802,0.86041426772417,-0.41259065680046
"vm(ID, ginv)_Nr_500215",-0.331989237070204,0.872905830219756,-0.380326520429615
"vm(ID, ginv)_Nr_502693",-0.497351575450711,0.874157358161617,-0.568949710034654
"vm(ID, ginv)_Nr_502026",-0.765409115352284,0.861712607584731,-0.888241750921606
"vm(ID, ginv)_Nr_504037",0.00783538623906539,0.856495045236561,0.00914819797574111
"vm(ID, ginv)_Nr_501293",-0.539297335880583,0.85686412140981,-0.629384895931072
"vm(ID, ginv)_Nr_504628",-0.572492941539261,0.856861122680499,-0.668128038938614
"vm(ID, ginv)_Nr_500726",-0.100890793981337,0.852946975777466,-0.11828495421931
"vm(ID, ginv)_Nr_503545",0.0795160261984915,0.867532036783441,0.0916577403796106
"vm(ID, ginv)_Nr_500256",-0.602985262295691,0.859698014517492,-0.701391944744827
"vm(ID, ginv)_Nr_503086",0.164956273405778,0.858826306558212,0.192071752048268
"vm(ID, ginv)_Nr_500111",-0.559164424764738,0.85964201750046,-0.65046195204673
"vm(ID, ginv)_Nr_500164",0.0130830721365602,0.869582052583552,0.0150452416740778
"vm(ID, ginv)_Nr_501406",-0.593607634655507,0.837702734267192,-0.708613700747658
"vm(ID, ginv)_Nr_503213",-0.404562070218721,0.854650967701308,-0.473365251439241
"vm(ID, ginv)_Nr_502035",0.333403341314299,0.840278263439039,0.396777300830996
"vm(ID, ginv)_Nr_501603",-0.416038931457222,0.863607355151254,-0.481745470294606
"vm(ID, ginv)_Nr_501712",-0.342834520626373,0.847613774917303,-0.40447020892248
"vm(ID, ginv)_Nr_500397",-0.349839345302218,0.860852613345623,-0.406387039870391
"vm(ID, ginv)_Nr_502199",-0.913080761034582,0.851230236391176,-1.07266015937782
"vm(ID, ginv)_Nr_504131",0.100710377359274,0.857066725692366,0.117505877127497
"vm(ID, ginv)_Nr_502765",-0.086871468155434,0.848753706121654,-0.102351798323674
"vm(ID, ginv)_Nr_501924",-0.334980143540772,0.863268498960644,-0.388037028970802
"vm(ID, ginv)_Nr_501008",-0.335081454741442,0.866192172870349,-0.386844242232141
"vm(ID, ginv)_Nr_504586",-0.198458790754459,0.854693632038647,-0.232198747381665
"vm(ID, ginv)_Nr_503866",0.117390180739585,0.881799065101769,0.133125771375179
"vm(ID, ginv)_Nr_502096",-0.462279229870352,0.857410991795434,-0.539157107027903
"vm(ID, ginv)_Nr_502340",-0.32174333921695,0.859414048759529,-0.374375238200204
"vm(ID, ginv)_Nr_503336",-0.281908757209521,0.863630034528393,-0.326423058414666
"vm(ID, ginv)_Nr_501504",-0.55901216353911,0.858611526774037,-0.651065291004679
"vm(ID, ginv)_Nr_500157",0.609172429306678,0.743870904139162,0.818922242981983
"vm(ID, ginv)_Nr_502182",-0.936011805072488,0.866971110934388,-1.07963436528316
"vm(ID, ginv)_Nr_500453",-0.258833676545338,0.84558439228715,-0.306100347766875
"vm(ID, ginv)_Nr_504367",-0.347987754855699,0.856853430448215,-0.406122847257166
"vm(ID, ginv)_Nr_501592",-0.563698241662192,0.860580772886754,-0.655020724866196
"vm(ID, ginv)_Nr_503020",-0.385269851175119,0.861502884403878,-0.447206687464208
"vm(ID, ginv)_Nr_502219",-0.109728683847299,0.85626141510263,-0.128148579291229
"vm(ID, ginv)_Nr_501615",0.12795145832941,0.858638890971431,0.149016611843252
"vm(ID, ginv)_Nr_502855",-0.452235387465362,0.854076814136251,-0.529502007290432
"vm(ID, ginv)_Nr_503727",-0.96690095574733,0.853346954447178,-1.13306897119439
"vm(ID, ginv)_Nr_500898",-0.288577556041485,0.863430341157569,-0.3342221627915
"vm(ID, ginv)_Nr_503980",-0.875750057603557,0.864028963359287,-1.01356562654879
"vm(ID, ginv)_Nr_504684",-0.823426615566786,0.86040073354061,-0.957026863724683
"vm(ID, ginv)_Nr_503409",-0.224727903271178,0.863545736788543,-0.260238564904418
"vm(ID, ginv)_Nr_501620",-0.423066287479631,0.860191332279772,-0.491828121957907
"vm(ID, ginv)_Nr_500114",1.33826196418676,0.717594681488299,1.86492737294428
"vm(ID, ginv)_Nr_501269",-0.0974641453795124,0.866680837437603,-0.112456790515493
"vm(ID, ginv)_Nr_503070",-0.184524149647564,0.851925105446953,-0.21659668023371
"vm(ID, ginv)_Nr_502666",-0.64939028603829,0.850838020241511,-0.763236092639537
"vm(ID, ginv)_Nr_502750",-0.667195040550021,0.862493934349725,-0.773564907506336
"vm(ID, ginv)_Nr_501149",-0.278964738430808,0.857656962204644,-0.325263771792532
"vm(ID, ginv)_Nr_500809",-0.487017889625293,0.862804324860373,-0.564459258713273
"vm(ID, ginv)_Nr_502370",0.21369676213343,0.85242780409103,0.250691919137131
"vm(ID, ginv)_Nr_502164",-0.707263983910442,0.854177980691953,-0.828005403905987
"vm(ID, ginv)_Nr_502540",-0.362188322829621,0.857786221831322,-0.422236116192646
"vm(ID, ginv)_Nr_501295",-0.461827605184074,0.856689672380552,-0.539083894755912
"vm(ID, ginv)_Nr_504045",0.425128410201933,0.854821707436319,0.497329918629381
"vm(ID, ginv)_Nr_500716",-0.260909781607272,0.842310975259888,-0.309754697814272
"vm(ID, ginv)_Nr_502652",0.309563161110998,0.85632399273471,0.361502379633664
"vm(ID, ginv)_Nr_500221",-0.169849697988211,0.868021853678145,-0.19567444905735
"vm(ID, ginv)_Nr_503663",-0.138140691799659,0.86146508768501,-0.160355531262306
"vm(ID, ginv)_Nr_501811",-0.126937475559974,0.863721010872056,-0.146965830357434
"vm(ID, ginv)_Nr_503715",0.160828729875539,0.853157637336351,0.1885099808491
"vm(ID, ginv)_Nr_504184",0.510077098476876,0.86738813043044,0.588060962079053
"vm(ID, ginv)_Nr_503192",-0.0857779796592376,0.870084615736293,-0.098585790517224
"vm(ID, ginv)_Nr_502238",-0.443608293517174,0.861695253849087,-0.514808792941159
"vm(ID, ginv)_Nr_504941",-0.538980502924893,0.85406574048248,-0.631076130767652
"vm(ID, ginv)_Nr_502643",-0.0557158953640471,0.832399471422768,-0.0669340830656889
"vm(ID, ginv)_Nr_503933",0.781566834780939,0.71885297286522,1.08724156994963
"vm(ID, ginv)_Nr_503847",0.0759484862689702,0.856630664468942,0.0886595465457141
"vm(ID, ginv)_Nr_502165",-0.348318114407822,0.860373269118191,-0.404845346677052
"vm(ID, ginv)_Nr_500828",0.0614851273644319,0.865783906517355,0.0710167131793405
"vm(ID, ginv)_Nr_503675",-0.17891628457025,0.865398069665355,-0.206744492322979
"vm(ID, ginv)_Nr_504442",-0.359249767759899,0.855700832737426,-0.419831036754566
"vm(ID, ginv)_Nr_502008",-0.335423488164782,0.8650842446427,-0.387735056142792
"vm(ID, ginv)_Nr_503750",-1.07630930460627,0.861464762836922,-1.24939446282381
"vm(ID, ginv)_Nr_502554",-0.556711089509693,0.861104743773335,-0.646507981212834
"vm(ID, ginv)_Nr_500514",-0.819648440077394,0.863329302459878,-0.949404170276597
"vm(ID, ginv)_Nr_502014",0.409904907134488,0.854948139486111,0.479450025332381
"vm(ID, ginv)_Nr_503057",-0.213404734245173,0.854591519345431,-0.249715483262259
"vm(ID, ginv)_Nr_503406",-0.288090305670933,0.860242330363865,-0.334894361161089
"vm(ID, ginv)_Nr_504268",-0.320076830632955,0.845920069415848,-0.378377156666805
"vm(ID, ginv)_Nr_502636",-0.18781321046227,0.862368295385027,-0.217787703313485
"vm(ID, ginv)_Nr_503570",0.0557979579576539,0.856528188873389,0.0651443334644318
"vm(ID, ginv)_Nr_501450",-0.364410208238092,0.864595221256489,-0.421480710601785
"vm(ID, ginv)_Nr_504077",-0.280510085041114,0.858994123569202,-0.326556465689856
"vm(ID, ginv)_Nr_504972",-0.445059760978,0.86820023525552,-0.51262340518373
"vm(ID, ginv)_Nr_504773",0.0324385942349532,0.858159359645631,0.0378001986115357
"vm(ID, ginv)_Nr_500236",-0.32932236584495,0.859483582948525,-0.383163067193424
"vm(ID, ginv)_Nr_503239",0.0925105742251575,0.858975458054048,0.107698739652858
"vm(ID, ginv)_Nr_500395",-0.0495493430356636,0.858868256689744,-0.0576914359678829
"vm(ID, ginv)_Nr_503777",-0.406712138684128,0.85648663068562,-0.474861047578237
"vm(ID, ginv)_Nr_504837",-0.296112207762044,0.865270853379824,-0.342219094293312
"vm(ID, ginv)_Nr_504978",-0.221744900777349,0.856468418681994,-0.258906103179599
"vm(ID, ginv)_Nr_501510",0.115932390514072,0.845348300240514,0.137141566950672
"vm(ID, ginv)_Nr_504234",-1.23208949858617,0.855155027632639,-1.44077910878571
"vm(ID, ginv)_Nr_500837",-0.641499813652842,0.863623452679661,-0.742800362429238
"vm(ID, ginv)_Nr_500544",-0.906098152637309,0.860507319648026,-1.0529813424573
"vm(ID, ginv)_Nr_503217",-0.113841228893561,0.850713821153661,-0.133818478156591
"vm(ID, ginv)_Nr_503515",0.486680331197419,0.871294151692687,0.558571786866618
"vm(ID, ginv)_Nr_504501",-0.261822942307939,0.859063885781796,-0.304777033048788
"vm(ID, ginv)_Nr_500448",-0.00295902009982663,0.867767548585578,-0.00340992251283157
"vm(ID, ginv)_Nr_501994",-0.0385462604350903,0.857447341163325,-0.0449546678665927
"vm(ID, ginv)_Nr_503982",-0.813663933880058,0.859671685884566,-0.946482182954336
"vm(ID, ginv)_Nr_501156",-0.223975609279218,0.854915082628805,-0.26198579698759
"vm(ID, ginv)_Nr_502884",-0.129176341706985,0.86431347249312,-0.149455430023988
"vm(ID, ginv)_Nr_502838",-0.765049491001493,0.863588840288746,-0.885895527257733
"vm(ID, ginv)_Nr_504363",-0.533848873678059,0.859457177279403,-0.621146565286648
"vm(ID, ginv)_Nr_501109",-0.361953043904139,0.907392981407275,-0.39889336959912
"vm(ID, ginv)_Nr_504406",-0.129806006428492,0.861040363850889,-0.150754844811168
"vm(ID, ginv)_Nr_501142",-0.440112725128908,0.856428989828432,-0.513892839168225
"vm(ID, ginv)_Nr_504023",-0.904569425533805,0.86858729227578,-1.04142604154817
"vm(ID, ginv)_Nr_504235",-0.440877716702762,0.860451969051766,-0.512379229242299
"vm(ID, ginv)_Nr_504095",-1.25816871001587,0.864060076012276,-1.4561125377097
"vm(ID, ginv)_Nr_501066",0.683463930162283,0.893050232992249,0.765314094227681
"vm(ID, ginv)_Nr_502769",-0.333139811759454,0.854533510403943,-0.389849909574614
"vm(ID, ginv)_Nr_503768",0.0705009369783825,0.852652577750725,0.0826842477440954
"vm(ID, ginv)_Nr_502968",-0.606558839262036,0.849929633817125,-0.713657713683797
"vm(ID, ginv)_Nr_504391",0.223754045404531,0.857627757105927,0.26089879152185
"vm(ID, ginv)_Nr_504613",-0.709910101585657,0.87074691923075,-0.815288674478249
"vm(ID, ginv)_Nr_500080",1.0353995014804,0.718488422087246,1.44108028696204
"vm(ID, ginv)_Nr_500930",-0.522753173037701,0.858317402266138,-0.609044127099745
"vm(ID, ginv)_Nr_502648",0.242757859713085,0.858946583394563,0.282622766544695
"vm(ID, ginv)_Nr_503834",-0.443480890550172,0.859516818910146,-0.515965343310558
"vm(ID, ginv)_Nr_501593",-0.849022372923778,0.865064123695891,-0.981455998078413
"vm(ID, ginv)_Nr_502417",-0.561182977556418,0.858974582113261,-0.653317326545086
"vm(ID, ginv)_Nr_501245",0.0546476095238741,0.864579353496781,0.0632071646204047
"vm(ID, ginv)_Nr_502295",-0.538196539680003,0.855409890476269,-0.629168011349915
"vm(ID, ginv)_Nr_503813",-0.0771181700676016,0.846880328366307,-0.0910614728959026
"vm(ID, ginv)_Nr_504136",-0.709780659277634,0.85290182611707,-0.83219502824726
"vm(ID, ginv)_Nr_503165",0.0596203028511315,0.825066909986045,0.072261173160053
"vm(ID, ginv)_Nr_503356",0.0157255820101338,0.867798522023341,0.0181212362213621
"vm(ID, ginv)_Nr_501609",-0.490188377171033,0.850245694419809,-0.576525562420551
"vm(ID, ginv)_Nr_501675",-0.203792541435359,0.861339712815883,-0.236599495417578
"vm(ID, ginv)_Nr_501273",-0.801722918941324,0.865297757560307,-0.926528367762986
"vm(ID, ginv)_Nr_503636",-0.422689082401688,0.84895501200052,-0.497893382366213
"vm(ID, ginv)_Nr_500029",0.0271239856971061,0.857831434166373,0.0316192489768865
"vm(ID, ginv)_Nr_502845",-0.285336186515869,0.849140091116754,-0.336029578041247
"vm(ID, ginv)_Nr_500674",-0.0427896292228369,0.849398154287913,-0.0503764094692545
"vm(ID, ginv)_Nr_503997",-0.653320973761826,0.86442742196566,-0.755784646762143
"vm(ID, ginv)_Nr_501794",-0.426274647672498,0.861872984209851,-0.49459103079243
"vm(ID, ginv)_Nr_502277",0.0286258754384226,0.855087843487565,0.0334771165985345
"vm(ID, ginv)_Nr_502007",0.28775553486154,0.869057088626705,0.331112349956497
"vm(ID, ginv)_Nr_502350",-0.918470289975919,0.852955062368703,-1.07680970604158
"vm(ID, ginv)_Nr_501203",-0.432160480752825,0.860330721651247,-0.502319015091513
"vm(ID, ginv)_Nr_502087",-0.0025873579173038,0.861641602229639,-0.00300282380819193
"vm(ID, ginv)_Nr_503444",0.21939157915438,0.868909448616785,0.252490727893026
"vm(ID, ginv)_Nr_503554",-0.909340525150375,0.852454911666817,-1.0667315217556
"vm(ID, ginv)_Nr_501250",-0.231631302684103,0.857459597094008,-0.270136696200168
"vm(ID, ginv)_Nr_501284",-0.45352308009461,0.86083320598261,-0.526841990925443
"vm(ID, ginv)_Nr_502326",-0.401286713873549,0.863365673245089,-0.464793454626535
"vm(ID, ginv)_Nr_504824",-0.1837687426369,0.865611234810136,-0.212299396364938
"vm(ID, ginv)_Nr_501569",-0.0391199432387054,0.846765753880449,-0.0461992505712844
"vm(ID, ginv)_Nr_501835",-0.052824725634373,0.866259132232034,-0.0609802813833119
"vm(ID, ginv)_Nr_502114",-0.338912947950058,0.863798050061599,-0.392352064149588
"vm(ID, ginv)_Nr_501717",-0.646716926748395,0.856869247263469,-0.754744004191742
"vm(ID, ginv)_Nr_500579",0.0589439072801279,0.855098341331287,0.068932313900129
"vm(ID, ginv)_Nr_501538",0.748233459870638,0.717749374661235,1.04247176839937
"vm(ID, ginv)_Nr_504677",-0.170258232485938,0.863254989053555,-0.197228205622772
"vm(ID, ginv)_Nr_504476",-0.636421784661581,0.855348103983909,-0.744050032609359
