"","Np2_500950","Np2_501936","Np2_503591","Np2_502373","Np2_502773","Np2_504993","Np2_500061","Np2_504762","Np2_502343","Np2_500460","Np2_500315","Np2_501214","Np2_501998","Np2_504793","Np2_503037","Np2_504956","Np2_500211","Np2_501886","Np2_501958","Np2_504312","Np2_501896","Np2_500280","Np2_502259","Np2_501105","Np2_504600","Np2_504489","Np2_503239","Np2_503171","Np2_503436","Np2_502194","Np2_502457","Np2_502609","Np2_500755","Np2_502286","Np2_500945","Np2_501358","Np2_504683","Np2_501471","Np2_502811","Np2_500747","Np2_500385","Np2_504424","Np2_504045","Np2_503924","Np2_503273","Np2_503577","Np2_501192","Np2_504591","Np2_502494","Np2_501171","Np2_501748","Np2_504445","Np2_500560","Np2_501206","Np2_504277","Np2_501954","Np2_504044","Np2_502550","Np2_503828","Np2_503476","Np2_503913","Np2_502086","Np2_501594","Np2_503559","Np2_502191","Np2_500137","Np2_500273","Np2_504121","Np2_504540","Np2_503947","Np2_503353","Np2_502571","Np2_501515","Np2_503464","Np2_500784","Np2_504720","Np2_503475","Np2_502729","Np2_501414","Np2_504780","Np2_500220","Np2_502171","Np2_500366","Np2_502686","Np2_504061","Np2_500028","Np2_500655","Np2_502897","Np2_501994","Np2_503212","Np2_503270","Np2_503978","Np2_504472","Np2_503645","Np2_503855","Np2_504112","Np2_502498","Np2_503678","Np2_504255","Np2_504617"
"Np2_500950",1.00594458,-0.01361504,-0.03658917,-0.00495865,0.00678256,-0.02404443,-0.01163662,-0.01034912,-0.01375809,0.01672794,-0.01494059,-0.001816,-0.00098963,-0.01902986,0.00265829,-0.00729168,-0.02938156,-0.02195641,-0.00888812,0.01330072,-0.00018608,0.01107118,0.00489544,0.00599575,-0.02632418,0.00374034,-0.03505968,-0.00812414,-0.01216927,0.00673994,-0.01375049,-0.00485822,0.00246045,-0.01554173,-0.02208884,0.00415124,-0.02273864,0.00202215,0.0051846,-0.02330324,-0.01576544,-0.01543975,0.00247871,-0.02821733,-0.03333544,-0.01449469,0.0045728,-0.01352829,-0.01156967,-0.00453558,-0.02505796,-0.01385092,-0.01198056,0.00092945,-0.02514015,7.568e-05,-0.02173118,0.00715085,-0.0156665,0.00242697,-0.00775583,-0.0011966,0.00885381,-0.01948943,0.01509193,-0.03234165,-0.01392704,0.00567615,-0.00359049,-0.01332437,-0.02314953,-0.00816523,-0.00489321,-0.01526627,-0.01519483,-0.00340788,-0.02536689,-0.01344458,-0.01784433,0.00596988,-0.0291762,-0.01619005,-0.01515669,-0.02037667,0.00999067,-0.01000973,0.00891773,-0.00477452,-0.0303099,-0.00854114,-0.02536995,-0.01231385,-0.01179795,-0.00928227,-0.0038203,-0.02312216,-0.00883789,-0.00185557,-0.01703013,-0.029931
"Np2_501936",-0.01361504,0.99075727,0.00383317,-0.03652062,-0.00392987,-0.01284193,-0.00682598,0.00922363,0.00048811,0.01697295,-0.0038903,-0.02257275,-0.0196158,-0.01969793,-0.01155441,-0.02880933,-0.02289686,-0.01531953,-0.02310084,0.01430665,-0.01394223,-0.01425118,-0.03138434,0.00441452,-0.00477299,-0.01853827,-0.02172657,-0.01381439,-0.01770734,-0.01584303,-0.01533169,-0.00643944,-0.02773185,-0.01042672,-0.00753823,-0.02071454,-0.02264579,-0.01492992,-0.04022643,-0.00890484,-0.01384634,-0.00849851,-0.00032001,0.00992214,-0.0317207,-0.00587938,-0.00461775,-0.0070436,0.00906841,0.00834093,0.00212411,-0.02075865,-0.01051803,-0.02652346,-0.00861113,0.03197553,0.01808241,-0.01649745,-0.00309437,-0.02685221,-0.00598894,-0.01571368,-0.00535891,-0.02380999,-0.01601347,0.00290635,-0.02159571,-0.0035144,-0.01384635,0.00320464,0.00159754,-0.00396335,0.00767892,-0.01167314,-0.00581854,-0.02264272,-0.01325129,-0.01015581,-0.02368675,-0.01372156,-0.02040868,-0.01290127,-0.00456296,-4.303e-05,-0.0224845,0.00682363,0.00748869,0.00186235,-0.01058498,-0.00433926,-0.01751557,-0.00293761,-0.00759606,-0.00218885,-0.01498927,-0.00278847,-0.00798412,-0.01500299,-0.00887138,-0.01842413
"Np2_503591",-0.03658917,0.00383317,0.99868426,0.06423301,0.00353337,-0.00309589,-0.00575459,-0.01999015,-0.01228949,-0.0052402,-0.01392855,-0.01967512,-0.01900097,-5.976e-05,-0.01428769,-0.02956419,-0.0260867,-0.01166096,0.00064638,0.0091384,-0.02291516,-9.173e-05,-0.02894329,-0.00699339,0.00451649,-0.00848786,-0.02872108,-0.01350394,-0.01739689,-0.01583695,-0.01106438,-0.01023803,0.00499435,0.01971235,-0.01544587,-0.0179691,-0.02187878,-0.01964163,-0.01328329,-0.0187909,-0.01140528,0.00535656,-0.01020604,-0.01776971,0.00770176,-0.01728732,-0.01709097,-0.02636523,-0.02653725,0.00560767,-0.00060916,-0.02866628,0.00668515,-0.00247192,0.01574483,-0.01473971,-0.02695878,-0.00629486,-0.00217516,-0.01117091,-0.01054845,-0.00490235,-0.02026713,-0.00843307,-0.01007211,-0.00895813,-0.02082869,-0.00837829,-0.02845019,-0.02053041,-0.01194098,0.00273895,-0.01362113,-0.01699358,-0.01007371,0.006431,-0.01826737,-0.02369434,-0.0095273,-0.02178137,0.00942605,-0.01943921,0.01522739,-0.00292848,-0.00025913,-0.00169273,-0.01974664,-0.01578523,-0.01925353,-0.00737691,-0.01979229,-0.00688839,-0.02083024,-0.01709705,-0.02107065,0.00665319,-0.00630398,-0.00632226,0.00163559,-0.01841805
"Np2_502373",-0.00495865,-0.03652062,0.06423301,0.98539347,-0.00212189,-0.01590393,-0.00577894,-0.01560107,-0.00303045,0.00021417,0.00476607,-0.00752452,-0.01674249,-0.01210686,-0.0112683,-0.01132613,-0.01515361,-0.00985906,0.0032092,0.00135253,-0.00208993,-0.00133357,-0.03170696,-0.01630112,0.00875337,-0.01140376,-0.02007078,-0.00667988,-0.02426961,-0.02468811,-0.01215403,-0.01300172,-0.01648829,-0.0102928,-0.01014367,-0.0138844,-0.01429378,-0.00718666,0.20964599,-0.00466189,-0.01112525,0.00365815,-0.01631784,-0.02144652,-0.00130161,-0.01852914,-0.02061559,-0.02912891,-0.0090601,-0.02744118,-0.02574429,-0.02960372,-0.02499401,-0.01238838,-0.00421598,-0.01719902,0.00817201,-0.02184224,-0.02350561,-0.01956551,0.01788604,-0.01329694,-0.01192119,-0.01408831,-0.02379322,-0.02389676,-0.014309,-0.00611983,-0.00534216,0.00105576,-0.02992333,0.00332334,-0.02049386,-0.00940859,-0.02227305,-0.03011811,-0.03472785,-0.01002189,-0.03116215,-0.01678355,-0.01829631,-0.01535452,-0.01188619,-0.01908458,-0.02098089,-0.01693573,-0.01322695,-0.0212883,0.01115941,-0.01333653,-0.01692508,-0.00858678,-0.01263648,0.03720916,-0.01500752,-0.01726445,-0.03098254,-0.01867373,-0.00173686,-0.0137246
"Np2_502773",0.00678256,-0.00392987,0.00353337,-0.00212189,0.99518044,-0.01207644,-0.00469081,-0.01086047,-0.01061695,-0.0189385,0.00433235,-0.00354484,0.00626056,-0.01391028,-0.01307172,-0.02180419,-0.01634828,-0.01044499,-0.01198664,-0.03043167,0.01102095,-0.01607286,-0.02285733,-0.02327889,-0.02394396,-0.00727189,-0.02248295,-0.0118314,-0.01663747,-0.01994751,0.0014134,-0.01556607,-0.00779084,-0.01163966,-0.0222958,0.00896643,-0.00453101,-0.0190344,-0.00658858,-0.03538075,-0.02342954,-0.0068199,0.00957669,-0.01503187,-0.00538783,-0.02839846,-0.00400444,-0.00597374,-0.00751541,-0.00048132,-0.03028707,0.00070421,-0.02664526,-0.02104019,-0.02382524,-0.01169749,0.01260826,-0.01542758,-0.00598134,0.03007014,-0.00872374,-0.03123214,0.00195062,-0.02060951,0.0813904,-0.0060681,-0.01793867,-0.01401071,-0.03438699,-0.00546544,-0.0244218,-0.01659029,-0.02260166,-0.01471231,-0.01798898,-0.00681076,-0.02268231,-0.00452036,-0.00268042,-0.01326043,-0.0112729,-0.00711362,-0.01384179,-0.01008276,-0.00863093,0.00074073,-0.02035691,0.03245648,-0.00768887,-0.01087872,-0.02922938,-0.01130332,-0.0121571,0.01196905,-0.03735614,-0.00537108,-0.01041455,-0.01210688,-0.01099743,0.00227782
"Np2_504993",-0.02404443,-0.01284193,-0.00309589,-0.01590393,-0.01207644,1.00627335,-0.00492822,-0.01125007,-0.00035348,-0.0161322,0.01185647,-0.00256476,0.00024005,-0.0244964,-0.01848349,-0.00240953,-0.0246516,-0.01098678,-0.02028997,-0.01058044,-0.01782757,-0.03913831,-0.01137638,-0.02092914,-0.00348397,0.00238284,-0.00643639,-0.02059128,0.00032222,-0.01638027,0.00132817,-0.01047696,0.00810353,-0.02922637,0.01186104,-0.00998996,-0.03018362,-0.02368525,0.00123991,-0.01005082,-0.01255733,-0.00888355,0.00036027,-0.00918183,-0.02525735,0.00636709,-0.0013503,0.00368099,-0.01627529,-0.01213274,-0.00160903,0.00457584,-0.01790367,-0.00149336,-0.01021367,-0.00828242,-0.024154,-0.01901311,-0.0148934,-0.0153667,-0.00911334,-0.0221862,0.00049572,-0.00334547,-0.02172504,0.00571725,-0.00889269,-0.01029128,-0.00555675,-0.0120947,-0.02709422,-0.01728427,-0.00107637,-0.02895092,-0.00239889,-0.01922311,0.00843074,-0.00506214,0.0036262,-0.00619289,-0.01577155,-0.01161226,-0.01666639,0.00246349,0.00787222,0.00582986,-0.00781064,-0.01922011,-0.00762192,-0.02481296,-0.01424813,-0.00575765,0.0037373,-0.02114065,-0.02344021,-0.00926098,0.00304485,0.00576596,-0.02995386,-0.02048324
"Np2_500061",-0.01163662,-0.00682598,-0.00575459,-0.00577894,-0.00469081,-0.00492822,0.99928092,-0.00690818,-0.01016497,0.05745459,-0.01012997,-0.03033428,-0.01018021,-0.00310959,-0.00911944,-0.02743965,-0.01437443,-0.01866764,-0.00575156,-0.01156509,0.03993186,0.01588181,-0.00536043,-0.014761,-0.01527388,-0.01108113,-0.02294408,-0.01381439,-0.01725079,-0.01690835,0.00764849,-0.00202602,-0.00992603,-0.01179641,-0.02001756,-0.01645332,0.0061175,-0.00336374,0.00573399,-0.00479581,-0.01369417,-0.00849851,-0.02984421,-0.02051515,-0.0227417,-0.03007709,-0.00918335,-0.0242407,0.00724216,-0.00520368,-6.5e-06,-0.01406245,-0.02984575,-0.00415206,-0.01606829,-0.01398485,-0.00246279,0.00343901,-0.02029145,-0.01482948,-0.01603325,-0.02499707,-0.0077939,-0.01863566,-0.01951376,-0.00409424,0.00777633,-0.02558147,0.00593791,-0.01840588,-0.02138264,-0.00244149,0.01057048,-0.00832503,-0.01099293,-0.02096868,-0.02710029,-0.01335174,-0.00329374,-0.00732972,-0.01219059,-0.00833568,0.00365511,-0.00110833,-0.03694228,0.0083455,-0.03664546,-0.01579132,-0.00358441,-0.01042672,-0.01188468,-0.00400293,-0.02037976,-0.00918943,-0.02016362,-0.02074651,-0.00554914,-0.00374117,-0.01861135,-0.01279324
"Np2_504762",-0.01034912,0.00922363,-0.01999015,-0.01560107,-0.01086047,-0.01125007,-0.00690818,1.0023129,-0.03170547,-0.00974188,-0.00777715,-0.0288946,-0.02989453,-0.02297606,0.00784328,-0.00788977,0.02648157,-0.03107696,-0.01481275,-0.02260472,0.00256393,0.00027657,0.01845071,-0.01484319,0.01218975,-0.02059889,0.00314985,-0.02607152,-0.03955225,-0.01988208,-0.01130484,0.01082768,-0.01898723,-0.01796607,-0.01279478,-0.02353609,-0.00811806,-0.00298936,-0.02478558,0.00166604,-0.00144923,-0.02227749,0.00705496,-0.01953203,-0.02084545,-0.01798433,-0.0085046,-0.00271238,-0.02616897,0.00080162,-0.00419772,-0.00577437,-0.01942706,-0.01747447,0.00332944,-0.0064577,0.0035425,0.01872769,-0.01048151,0.00411167,-0.00363615,-0.0165568,-0.01396355,-0.00684728,-0.00194231,-0.00919859,-0.0055461,-0.00877093,-0.01560259,-0.00616094,-0.01081176,-0.01195926,-0.01690531,-0.01327719,-0.0148798,-0.00659314,-0.00815914,-0.00552022,-0.02513863,-0.01593437,-0.01105528,-0.00065634,-0.00281891,-0.02325755,0.00574008,-0.01989121,-0.01116027,-0.0100904,-0.00062285,-0.02192292,-0.03449049,0.00702454,-0.00204733,-0.03179522,-0.02009362,0.0056518,-0.00745756,0.01261284,-0.02173727,-0.0061792
"Np2_502343",-0.01375809,0.00048811,-0.01228949,-0.00303045,-0.01061695,-0.00035348,-0.01016497,-0.03170547,0.99107996,-0.02076017,-0.01849109,0.00163407,0.00154733,0.00679168,0.00062964,-0.0128206,-0.02425741,-0.00846199,0.0009538,-0.02433963,-0.02062931,-0.00876332,-0.02741835,-0.01049064,-0.02180877,-0.01731165,0.00187149,-0.00528281,-0.01191511,-0.01218142,-0.02354064,-0.01632244,-0.00626441,-0.01270039,-0.02335654,-0.0025952,-0.01365765,-0.02344324,-0.00810588,-0.00554761,-0.02662089,-0.00909812,-0.0181167,-0.00163489,-0.01512321,-0.00434839,-0.02317538,-0.0248403,-0.00872833,-0.01234732,-0.01399853,-0.01511862,-0.01248733,-0.01099131,-0.01560258,-0.01108417,-0.0295429,-0.02942418,-0.01799951,-0.01268972,-0.0149588,-0.01707422,-0.01950313,-0.00386443,0.00149711,0.01919947,-0.01778191,0.00562593,-0.00211885,-0.01276583,-0.0088942,-0.00456297,-0.00692186,-0.02003427,-0.01494066,-0.00802369,-0.00654595,-0.00025457,-0.00039306,-0.00518998,0.00942909,0.01937142,0.01157795,-0.01601347,-0.0267366,-0.01036432,0.03139113,-0.0029985,-0.02381607,-0.0102654,-0.0202458,-0.01814715,0.0036749,-0.00902811,0.02763211,-0.00901899,-0.0101056,-0.03523471,0.01335703,-0.00273977
"Np2_500460",0.01672794,0.01697295,-0.0052402,0.00021417,-0.0189385,-0.0161322,0.05745459,-0.00974188,-0.02076017,0.97869632,-0.02939981,-0.01460119,-0.00540456,0.00181821,-0.01758403,-0.00470602,-0.01020754,-0.00536956,-0.00965056,-0.01242036,-0.02529837,0.02385331,-0.0086507,-0.02779119,-0.00623702,-0.00615332,-0.01192879,-0.01482185,-0.01597543,-0.01289364,-0.0271444,-0.00485973,0.00108924,-0.01873915,-0.00032762,0.00156254,0.00206628,-0.01198054,-0.03073299,-0.0156954,-0.01454944,-0.00767974,-0.01015429,0.00800154,-0.01903135,-0.00049502,-0.01840888,-0.02555252,-0.02283299,-0.01534233,-0.00497082,-0.02891886,-0.01761296,-0.00896419,-0.005053,-0.02884129,-0.02127609,-0.01035214,-0.00547151,-0.01081478,-0.01156199,-0.01306866,-0.00880136,-0.02070841,-0.00438947,-0.00738451,-0.01925505,-0.0278064,-0.00861417,-0.02108739,-0.01478076,-0.01653701,-0.03654952,-0.00872375,-0.01626163,-0.01238838,-0.00969316,0.00877312,-0.00947554,-0.00224973,-0.00163186,-0.00964751,-0.0206369,0.00975473,-0.00796892,-0.01944679,-0.01969487,0.01059482,-0.01113589,-0.02117412,0.01024022,-0.00577132,-0.00586416,0.00015178,0.01230995,-0.01505774,-0.0144703,-0.01981512,0.01005761,-0.01912722
"Np2_500315",-0.01494059,-0.0038903,-0.01392855,0.00476607,0.00433235,0.01185647,-0.01012997,-0.00777715,-0.01849109,-0.02939981,0.99693387,-0.00730995,-0.00617921,-0.02132786,-0.03022923,-0.01902526,0.00225803,-0.00614419,-0.02183921,-0.01699967,-0.00689751,-0.02455575,-0.01596936,-0.01639092,-0.01172945,-0.01195011,0.00327617,-0.00950903,-0.0097495,-0.01153768,-0.02533188,-0.00943903,-0.0188609,-0.01205665,-0.01388595,-0.01823542,-0.01499233,-0.01062456,0.00151689,0.0215766,-0.02689026,-0.02154243,-0.010168,0.00600943,-0.02132787,-0.00827024,-0.01187858,-0.0214572,-0.00884551,-0.03103128,-0.01015887,0.00317876,0.01372379,-0.01430442,0.03191466,-0.00572264,-0.00652771,-0.00351745,-0.00137618,-0.02285124,0.01383942,-0.00851677,-0.00911945,-0.02726616,-0.02281772,-0.01470319,-0.01394225,-0.01275365,-0.01288911,-0.0200358,0.00635947,0.00490761,-0.0166268,-0.0277608,-0.01551441,-0.00372746,-0.0139681,-0.0268522,-0.01557673,0.01462929,-0.01092896,-0.00950904,0.00522111,-0.03271898,0.00130079,0.00793308,-0.01636048,0.00327618,-0.00977992,-0.02088348,-0.00955774,-0.01065501,-0.00603006,-0.00412314,-0.0108361,-0.01172335,0.0046915,-0.02804693,0.0033477,-0.01457534
"Np2_501214",-0.001816,-0.02257275,-0.01967512,-0.00752452,-0.00354484,-0.00256476,-0.03033428,-0.0288946,0.00163407,-0.01460119,-0.00730995,0.99715914,-0.01101266,-0.00439861,-0.00264694,-0.02583712,-0.01657656,0.01291568,-0.01297586,-0.02274624,0.0092708,-0.02314954,-0.00406228,0.00251676,-0.01930227,-0.00689142,-0.01951531,-0.00932032,-0.02614914,-0.02656762,-0.00794608,-0.01959903,-0.00314915,-0.02510819,-0.0129363,0.01254281,-0.00445492,0.00630468,0.00901057,-0.00517171,-0.00935228,-0.01739687,-0.02367608,-0.00080244,-0.02433508,-0.02893112,-0.02006012,-0.00315828,-0.01443991,0.00766066,-0.01590544,0.23347358,-0.02382981,-0.00331047,0.01186254,-0.00827328,-0.00801305,-0.00561154,-0.02979854,-0.01307476,-0.02538814,-0.01228492,0.00065704,0.0051861,-0.04043483,-0.00857918,-0.00051328,-0.00145532,-0.01620068,-0.00980276,-0.00867048,-0.00327395,-0.01065501,-0.00991842,-0.02734852,-0.0166268,-0.01317064,-0.02011947,-0.0271064,-0.02094587,-0.0206324,0.00224587,-0.0069173,-0.03603056,-0.02544759,-0.02703332,0.0208096,-0.00520977,-0.01872241,-0.01871634,-0.00921684,-0.00787912,-0.02456033,-0.01276125,-0.02480075,-0.03055798,-0.01064283,-0.02694511,-0.02294411,-0.01956097
"Np2_501998",-0.00098963,-0.0196158,-0.01900097,-0.01674249,0.00626056,0.00024005,-0.01018021,-0.02989453,0.00154733,-0.00540456,-0.00617921,-0.01101266,1.02605733,-0.01970407,-0.00562524,-0.02211926,-0.00829307,-0.02750062,-0.01717168,-0.01811524,-0.02307957,-0.01182231,-0.02332459,0.00075595,0.07024915,-0.01002193,-0.02021085,0.00139819,-0.01253911,-0.01691447,-0.0037716,0.02323095,-0.01160618,-0.03052153,-0.01302308,-0.00321917,-0.01534695,0.00652232,-0.00020738,-0.01332438,-0.02115744,0.00017003,-0.00336983,-0.0075854,-0.02122595,-0.00649423,-0.01984254,-0.02181185,-0.03157166,-0.00886226,-0.0243625,-0.0067636,0.00043332,-0.02196401,-0.01637877,-0.01094722,-0.04066784,-0.03172228,-0.00477451,-0.01742277,-0.01649592,-0.00734952,-0.01099593,-0.01635898,-0.01693271,-0.02677622,0.01218368,-0.01676076,0.00227935,0.0050248,-0.02473688,-0.01949254,-0.01454644,0.0053657,0.00315444,-0.00210363,0.01246217,-0.01518409,-0.00269108,0.00864381,-0.00626139,0.00459412,-0.00061221,-0.01983339,-0.02218627,-0.01753234,0.00626513,-0.01762368,-0.01485233,-0.02534717,-0.03289258,-0.00811807,-0.00592811,0.00176191,-0.01240821,0.01653319,-0.00662054,-0.02170535,-0.02698777,-0.0085381
"Np2_504793",-0.01902986,-0.01969793,-5.976e-05,-0.01210686,-0.01391028,-0.0244964,-0.00310959,-0.02297606,0.00679168,0.00181821,-0.02132786,-0.00439861,-0.01970407,0.99560357,0.00525002,-0.00987428,-0.01902828,-0.0222562,0.01455321,-0.02915483,-0.01296519,-0.01327414,-0.02340672,-0.01347959,-0.03468987,-0.0008207,-0.00126964,-0.01983794,-0.00440317,0.01633225,-0.02394243,-0.02311607,0.00063877,-0.02588586,-0.02193207,0.02059197,-0.00873289,-0.02034472,0.0012323,0.01413924,0.00280591,0.01043655,-0.01212664,0.00115925,-0.01902529,-0.02225164,-0.00577132,-0.0193068,-0.00897792,-0.00772693,-0.03007553,-0.01080262,0.00506892,-0.02722048,-0.01174314,-0.01042064,-0.03177092,0.00639448,0.00290483,-0.01293932,-0.01536058,0.05405171,-0.01762211,0.00121252,-0.00301371,-0.01026998,-0.00342157,-0.01532104,-0.03174047,0.01300851,-0.02299277,-0.02566215,-0.02726009,-0.01176141,-0.02508244,-0.01846978,-0.01318738,-0.01161377,-0.01677443,-0.01700575,-0.01167011,-0.00157554,-0.01149964,-0.00971904,-0.02774713,0.01236627,-0.01573195,0.00238284,-0.01173856,0.01094334,-0.02460443,-0.00911336,0.00646905,-0.0318013,-0.00168512,-0.01550824,-0.0114205,-0.00869941,0.01630337,-0.01014213
"Np2_503037",0.00265829,-0.01155441,-0.01428769,-0.0112683,-0.01307172,-0.01848349,-0.00911944,0.00784328,0.00062964,-0.01758403,-0.03022923,-0.00264694,-0.00562524,0.00525002,0.98297336,0.00892228,-0.00160141,4.068e-05,-0.0136759,-0.01081479,-0.00603917,0.01343614,-0.00354483,-0.0243594,-0.02289385,-0.01230927,-0.01047541,-0.00438947,0.00434908,-0.0223977,-0.0135161,-0.00660227,-0.02789468,-0.01622046,0.01604008,-0.01068086,-0.0048506,-0.0179843,-0.02851869,-0.01256797,-0.00868265,-0.01870565,-0.02285425,0.00549808,0.00509784,-0.0325227,-0.02486919,0.00572941,-0.00783499,-0.0190633,0.03133326,-0.00646377,-0.01418115,-0.01968571,-0.03068883,-0.00166838,-0.02058365,-0.02868302,-0.01284495,-0.01407918,-0.02928408,-0.00294066,-0.01769667,-0.01088478,-0.00324046,-0.02069324,0.00426538,0.00819331,-0.01233513,-0.01354655,-0.015458,-0.00032153,-0.00602853,-0.02324996,-0.00826419,-0.00226038,-0.02421936,0.00322594,-0.01578369,-0.00627506,-0.0263546,-0.00012825,0.00060072,-0.00857612,0.01144251,-0.01966747,-0.03528639,-0.00530107,-0.01135656,0.00706409,-0.01052563,-0.02242815,-0.01962945,-0.00646073,-0.00084657,-0.00660379,-0.0054076,-0.02170986,-0.00172925,-0.00762952
"Np2_504956",-0.00729168,-0.02880933,-0.02956419,-0.01132613,-0.02180419,-0.00240953,-0.02743965,-0.00788977,-0.0128206,-0.00470602,-0.01902526,-0.02583712,-0.02211926,-0.00987428,0.00892228,0.98224885,-0.00805107,-0.01782299,0.01244237,-0.01665571,-0.02375064,-0.02801645,-0.01425572,-0.0066114,-0.01732077,-0.01754143,-0.00170642,-0.01296975,-0.01549301,0.0020465,-0.03168413,-0.00239888,-0.00710295,-0.01247363,0.00822072,0.01498083,0.00285309,-0.0352392,-0.01594501,-0.00288587,-0.00432707,-0.00674075,-0.01621587,-0.01023494,0.00275721,-0.02862367,-0.02020925,-0.00893832,-0.00971906,-0.01699052,-0.02031578,-0.00850002,-0.00099875,-0.01152548,0.03210638,-0.00963991,0.00492587,-0.02615368,0.03427501,-0.01946354,-0.02416758,-0.0051291,-0.00375334,-0.01976943,-0.0198866,-0.00203211,0.00283787,-0.00814848,-0.00265302,0.01272391,0.00015939,-0.00798868,-0.00365137,-0.01767689,-0.02293202,-0.0204284,0.01331286,-0.00733275,-0.02253773,-0.00968099,-0.02139027,-0.01662223,-0.01071891,-0.00695989,-0.00474711,-0.02596494,-0.00916813,-0.00764171,-0.00334851,0.03485641,-0.01058346,-0.0119851,0.00466259,-0.0104754,-0.00288283,-0.0226412,-0.01109633,-0.0330295,-0.00467863,-0.01133983
"Np2_500211",-0.02938156,-0.02289686,-0.0260867,-0.01515361,-0.01634828,-0.0246516,-0.01437443,0.02648157,-0.02425741,-0.01020754,0.00225803,-0.01657656,-0.00829307,-0.01902828,-0.00160141,-0.00805107,0.97230968,-0.01601956,-0.02121369,-0.00450361,-0.01494664,-0.0026241,-0.01336543,-0.011352,-0.00836459,-0.02136891,-0.02592689,-0.01847127,0.05905556,-0.0150212,0.02384112,-0.01961878,-0.00362549,0.00774436,-0.02147852,-0.00847872,-0.01512775,-0.01121655,-0.00227103,-0.02345385,0.01010781,0.01271628,-0.01760837,-0.0209108,0.15416,-0.00657944,-0.02464547,-0.01261362,-0.03287426,-0.00240343,-0.00253279,-0.01628435,0.00430494,-0.0215926,0.00682059,0.00388186,-0.02675175,0.00349988,-0.03134013,-0.01994291,-0.0252557,0.00230521,2.85e-05,-0.02344471,-0.02356188,-0.01164268,-0.02260011,-0.00573632,-0.01941635,-0.00099571,-0.03288789,-0.0227736,-0.00063046,0.00041049,0.0067217,-0.00918942,-0.02277815,-0.03261849,-0.03275704,-0.01609565,-0.01426031,0.00024765,-0.02626475,-0.01322235,-0.01222709,-0.01853062,-0.01816995,-0.02957941,0.00241174,0.01109246,0.01009106,0.01082005,-0.02488444,-0.01780316,-0.02360299,-0.03575205,-0.00670574,-0.00565871,-0.03483442,0.01785714
"Np2_501886",-0.02195641,-0.01531953,-0.01166096,-0.00985906,-0.01044499,-0.01098678,-0.01866764,-0.03107696,-0.00846199,-0.00536956,-0.00614419,0.01291568,-0.02750062,-0.0222562,4.068e-05,-0.01782299,-0.01601956,0.99872992,-0.01302761,-0.00970992,-0.00097746,0.00951887,-0.00517933,-0.00590526,-0.02574586,-0.01577,-0.02276298,-0.01058956,-0.01006909,-0.01063977,-0.00936751,-0.01188925,-0.00594025,0.00314681,-0.0053787,-0.01277192,-0.01531192,-0.01414008,-0.02010887,-0.02120305,-0.01123026,-0.00268651,-0.02540188,-0.00952881,0.00422429,-0.00265455,0.00454236,-0.00838437,-0.00977386,-0.01613221,-0.01063065,-0.00231517,0.0190351,0.00013808,0.01318048,-0.01365157,-0.01887006,-0.02179508,-0.00382639,0.00315746,-0.02665739,-0.03425154,-0.01111309,-0.00993211,-0.00670118,-0.0066525,-0.00726124,0.00610228,-0.00468624,-0.00848483,-0.01420095,-0.01550063,-0.01116331,-0.0026652,-0.00868119,-0.01546105,-0.01550519,-0.0067788,-0.00813479,-0.01034454,-0.00074765,-0.0146986,-0.02431833,-0.0135587,0.02380924,-0.00532238,-0.00085265,-0.008914,-0.00644704,-0.01161531,-0.01885634,-0.01264866,-0.0034581,-0.01661766,-0.0087207,-0.01463013,-0.0058246,-0.01969188,-0.00899466,-0.02767862
"Np2_501958",-0.00888812,-0.02310084,0.00064638,0.0032092,-0.01198664,-0.02028997,-0.00575156,-0.01481275,0.0009538,-0.00965056,-0.02183921,-0.01297586,-0.01717168,0.01455321,-0.0136759,0.01244237,-0.02121369,-0.01302761,1.00082126,-0.01612155,-0.0163681,-0.00739365,0.00819332,-0.001816,-0.00963384,-0.02233382,0.0922704,-0.01593588,-0.01404574,-0.00031087,-0.01867069,-0.01769214,-0.02087434,-0.01209166,-0.02442186,-0.00335613,-0.01289672,-0.02085608,-0.00947557,-0.03537621,-0.00714102,-0.01335936,-0.03105257,-0.02765879,9.546e-05,-0.00632682,-0.01358763,-0.00262107,-0.02638203,-0.01280388,-0.02510817,-0.01466207,-0.01903137,-0.01327412,-0.00936294,-0.02645504,-0.01478079,-0.01329241,-0.00430273,0.001768,0.0039123,-0.00474711,0.01291264,-0.00903878,-0.01600434,-0.00819415,-0.02447814,-0.02511578,-0.00561915,-0.00926555,-0.01498167,0.00076356,-0.00585656,-0.00725059,-0.02224568,-0.03343886,0.00319398,-0.01090762,-0.00541522,-0.02314802,0.00258068,-0.03435047,-0.01307629,-0.00170794,0.00674451,-0.00138531,0.00369317,-0.03191402,-0.01666332,-0.02198379,-0.01781082,0.00635491,-0.01930532,-0.0035494,-0.01771951,-0.00886681,-0.0148234,0.00205107,0.00909581,0.01171797
"Np2_504312",0.01330072,0.01430665,0.0091384,0.00135253,-0.03043167,-0.01058044,-0.01156509,-0.02260472,-0.02433963,-0.01242036,-0.01699967,-0.02274624,-0.01811524,-0.02915483,-0.01081479,-0.01665571,-0.00450361,-0.00970992,-0.01612155,0.99588972,-0.01883352,0.00475086,0.00877163,-0.01356481,-0.0070771,-0.01201555,-0.011247,-0.00363919,-0.00814088,0.0119858,-0.00196058,-0.00798261,-0.00507736,0.01116249,-0.01045109,-0.02834518,-0.02571083,0.00163712,-0.00189666,-0.02855823,-0.00108398,-0.01034605,-0.02438679,0.00168277,0.00173909,-0.00072634,0.00799243,0.02185054,-0.01469406,-0.01146463,0.01290805,-0.00586568,-0.02499708,-0.00462992,-0.00756714,-0.00517933,-0.01085437,-0.02519341,0.00434147,-0.00648052,-0.01635893,-0.02227901,-0.02242513,-0.01470011,-0.00522953,-0.03531384,-0.01994296,-0.01007973,-0.00656271,-0.0033607,-0.00648965,-0.03076953,-0.02369284,-0.00591135,-0.00310048,-0.01916375,-0.00901138,-0.01322085,-0.02690399,-0.02363501,-0.02332155,-0.0196188,-0.00625833,-0.00417336,0.00169191,-0.01769971,-0.0007507,-0.00363768,-0.02947742,-0.01060022,0.00589986,-0.00600266,-0.02298824,0.00113794,-0.01896743,-0.00128791,-0.00404858,-0.02095959,-0.00128334,-0.01372765
"Np2_501896",-0.00018608,-0.01394223,-0.02291516,-0.00208993,0.01102095,-0.01782757,0.03993186,0.00256393,-0.02062931,-0.02529837,-0.00689751,0.0092708,-0.02307957,-0.01296519,-0.00603917,-0.02375064,-0.01494664,-0.00097746,-0.0163681,-0.01883352,0.99143917,0.00298244,-0.01354198,-0.00239735,-0.00047524,-0.00769649,-0.00738451,-0.03112713,-0.01432271,-0.00865374,0.041927,0.0037936,-0.02054255,-0.01708641,-0.0215029,-0.01261212,-0.0107387,-0.01413247,-0.00427382,-0.02926132,-0.0004174,-0.01272321,-0.01839368,-0.02732701,-0.01266083,-0.02699682,0.00607183,0.01308155,-0.01083156,-0.01764646,-0.02766794,0.02097698,-0.00667684,-0.01522514,-0.02957636,-0.01333957,-0.0112531,-0.00672098,0.0089649,-0.0073358,-0.0006259,-0.00958969,-0.02054105,0.04105798,-0.02176003,-0.00390553,-0.02323324,-0.02189246,-0.01289671,-0.01410812,0.00254719,0.02042305,-0.01328631,-0.02274623,-0.01278264,-0.00388726,-0.01230165,-0.02488138,-0.00599657,-0.0129241,-0.0116975,-0.03554055,-0.00924423,-0.01583388,-0.0130124,-0.00653226,-0.01652028,-0.00890639,-0.01359219,-0.01221644,-0.00591286,-0.00381421,-0.02156072,-0.02071907,0.00057029,-0.02390589,-0.02149221,-0.01618396,-0.01126985,-0.01016952
"Np2_500280",0.01107118,-0.01425118,-9.173e-05,-0.00133357,-0.01607286,-0.03913831,0.01588181,0.00027657,-0.00876332,0.02385331,-0.02455575,-0.02314954,-0.01182231,-0.01327414,0.01343614,-0.02801645,-0.0026241,0.00951887,-0.00739365,0.00475086,0.00298244,1.00208459,0.00015026,-0.00833721,-0.00656727,-0.00830981,-0.0060194,0.01863332,-0.0061092,-0.02189855,-0.0157563,-0.01599525,0.00912927,-0.00339418,-0.01176751,-0.00850765,-0.02307041,-0.02296387,0.0133753,-0.02470031,-0.01548845,-0.01303215,-0.02737727,-0.01698291,-0.00977385,-0.01284802,0.01535065,-0.0246653,-0.01266237,-0.01445511,-0.02402004,-0.02255295,-0.0241829,-0.0255784,-0.03277687,-0.01334415,-0.02875916,-0.01950924,-0.00245366,-0.01905875,-0.01691442,-0.02389981,0.00289114,0.01959514,-0.00958968,-0.0049754,-0.00056198,-0.00089527,-0.02492404,-0.00193775,0.01395663,0.019201,-0.02090022,-0.01879396,-0.00426471,-0.01074022,-0.01200186,-0.02001599,-0.02593761,-0.00912401,-0.01474581,-0.01271713,-0.01183598,0.0015108,-0.003277,-0.01460272,-0.02733011,0.01574333,-0.01192271,-0.01541693,-0.01900549,0.00029027,-0.01593439,-0.02239771,-0.01450076,-0.01264865,-0.00932184,-0.03003755,-0.00305633,-0.02219685
"Np2_502259",0.00489544,-0.03138434,-0.02894329,-0.03170696,-0.02285733,-0.01137638,-0.00536043,0.01845071,-0.02741835,-0.0086507,-0.01596936,-0.00406228,-0.02332459,-0.02340672,-0.00354483,-0.01425572,-0.01336543,-0.00517933,0.00819332,0.00877163,-0.01354198,0.00015026,0.99338438,-0.00675141,-0.02537451,-0.02742141,0.00484978,-0.01234883,-0.01776365,-0.02000838,0.01033154,-0.02628003,-0.00769953,-0.01443989,0.00047136,-0.0190968,-0.02818082,-0.00996407,-0.01730254,0.00321377,-0.00294522,-0.01494666,-0.02137805,-0.01920178,-0.01381897,-0.01978469,-0.02202333,0.00248784,0.00916428,0.01893769,-0.01315085,0.01677511,-0.02427115,-0.02216637,0.0068556,-0.01921551,-0.01788996,-0.00544413,-0.02552209,0.01585591,0.00080313,-0.00922596,-0.00967645,-0.00773453,-0.00267737,-0.01221645,-0.01784735,-0.00570132,-0.00294522,-0.01420096,0.01569459,-0.02928266,-0.00805261,0.00303267,-0.01789767,-0.01752469,-0.00082831,-0.00016782,-0.01308999,-0.00251606,-0.00676817,-0.00808761,-0.01907701,0.01709774,0.00728782,-0.01986533,-0.0053513,-0.0103689,0.01249105,-0.00804804,-0.00889724,-0.01075545,-0.01267453,-0.026595,-0.00591438,-0.01836782,-0.02036755,-0.02129897,0.00081227,-0.03339474
"Np2_501105",0.00599575,0.00441452,-0.00699339,-0.01630112,-0.02327889,-0.02092914,-0.014761,-0.01484319,-0.01049064,-0.02779119,-0.01639092,0.00251676,0.00075595,-0.01347959,-0.0243594,-0.0066114,-0.011352,-0.00590526,-0.001816,-0.01356481,-0.00239735,-0.00833721,-0.00675141,0.99497648,-0.00692491,-0.01855958,0.00762413,-0.00440013,0.00525155,-0.01068999,1.785e-05,-0.01894006,-0.00127269,-0.01516583,-0.01532107,-0.01069153,0.07184084,0.00194149,-0.01711535,-0.02262295,-0.01980293,-0.01612914,-0.0015588,-0.01520993,-0.0215455,-0.01107504,-0.00539999,-0.00660836,-0.01271563,0.00147123,0.02249581,-0.03325926,-0.02408396,-0.01573954,-0.02004644,-0.00746212,0.00542961,-0.00236539,0.01408141,-0.02519946,-0.01027147,-0.01497406,-0.00781521,-0.01622197,-0.01725227,-0.00883334,0.01338594,-0.01890656,-0.01067174,-0.01538344,-0.00344592,0.00316812,-0.00832198,-0.02006471,-0.03064641,-0.00881506,-0.02225162,-0.0150471,-0.02035995,0.00710671,-0.01160315,-0.02053192,-0.01082393,-0.01178269,-0.02144051,-0.00856852,-0.01292563,-0.01626918,-0.00588851,-0.00816523,-0.00718819,-0.01985165,-0.01553109,-0.00601483,-0.00968405,-0.01878938,-0.01941943,-0.01426336,-0.01345829,-0.02088043
"Np2_504600",-0.02632418,-0.00477299,0.00451649,0.00875337,-0.02394396,-0.00348397,-0.01527388,0.01218975,-0.02180877,-0.00623702,-0.01172945,-0.01930227,0.07024915,-0.03468987,-0.02289385,-0.01732077,-0.00836459,-0.02574586,-0.00963384,-0.0070771,-0.00047524,-0.00656727,-0.02537451,-0.00692491,1.00247424,0.01349552,-0.02058671,-0.02028386,-0.01474123,-0.00770258,0.00315746,-0.00332113,-0.01274301,-0.00883029,-0.01126834,-0.0066388,0.00056116,-0.0052676,-0.01077982,0.00410559,-0.00235778,-0.02957788,-0.01120287,-0.00491756,-0.02358025,-0.02315412,-0.01337,-0.02066584,-0.00074917,-0.00908596,-0.00860657,-0.02129285,-0.01105222,-0.01473055,-0.01218905,-0.01101874,-0.00938882,-0.00774824,-0.01245536,0.00320312,-0.01428463,-0.01929159,-0.01715491,-0.0059296,-0.01472141,-0.01999929,-0.03628327,-0.00983167,0.00753435,-0.02320129,-0.00532847,-0.01088938,-0.02268385,-0.00672859,-0.01487523,-0.00110986,0.00097662,-0.01738621,-0.01843785,-0.01912573,0.00081988,-0.01708794,0.00677342,0.00261872,-0.00414751,-0.022626,-0.01724318,-0.04128417,-0.00320546,0.02571611,-0.00739668,0.00520286,-0.00706493,-0.01078892,-0.00289196,-0.01519321,-0.02799821,-0.02177685,-0.00118747,-0.01408835
"Np2_504489",0.00374034,-0.01853827,-0.00848786,-0.01140376,-0.00727189,0.00238284,-0.01108113,-0.02059889,-0.01731165,-0.00615332,-0.01195011,-0.00689142,-0.01002193,-0.0008207,-0.01230927,-0.01754143,-0.02136891,-0.01577,-0.02233382,-0.01201555,-0.00769649,-0.00830981,-0.02742141,-0.01855958,0.01349552,0.9954879,-0.01639396,-0.00300305,0.09035134,-0.00609701,-0.00878159,-0.00201993,-0.02072518,-0.03568365,-0.00494497,-0.01507755,-0.02827062,-0.00883637,-0.02652354,0.00205867,0.00518306,-0.00910117,0.00272982,-0.01974813,-0.00812567,-0.02550539,-0.02470029,-0.01616872,-0.01436229,-0.00930662,-0.01887155,-0.02364412,-0.00868571,-0.00703751,-0.02245403,-0.00834785,-0.01310978,0.00588008,-0.01937223,-0.00234408,-0.01967963,-0.02225162,-0.01722339,-0.00828088,-0.00291935,-0.00895813,-0.01124093,-0.01948791,-0.01155747,0.00260198,0.00906078,0.01187016,-0.00220712,-0.00801457,-0.02514027,-0.02141915,-0.03029011,-0.00375789,-0.01926726,0.02022215,-0.00822764,0.01358529,-0.03271142,-0.00231973,-0.01821719,-0.03319535,0.00475543,-0.0150243,0.00555288,-0.01635592,-0.01157421,-0.01693271,-0.0095684,-0.01146614,-0.00661292,-0.01952292,-0.00889116,0.0324854,-0.02271431,-0.02146179
"Np2_503239",-0.03505968,-0.02172657,-0.02872108,-0.02007078,-0.02248295,-0.00643639,-0.02294408,0.00314985,0.00187149,-0.01192879,0.00327617,-0.01951531,-0.02021085,-0.00126964,-0.01047541,-0.00170642,-0.02592689,-0.02276298,0.0922704,-0.011247,-0.00738451,-0.0060194,0.00484978,0.00762413,-0.02058671,-0.01639396,0.9912413,0.00141797,-0.00125748,-0.00624159,-0.01090459,-0.02073129,-0.02056538,-0.00904334,-0.00935077,-0.01720055,-0.0156315,-0.00076287,-0.0163194,0.00434908,-0.01094111,-0.0017886,-0.0083722,-0.00984839,-0.01557521,-0.01210535,-0.02240987,-0.01981359,-0.02013778,-0.02512642,-0.02632109,-0.02196245,-0.00502562,-0.0093127,0.00540373,-0.01625395,-0.00625376,-0.02257122,-0.00566783,-0.00461927,0.00163407,0.00134492,-0.00823675,-0.01192574,0.02585148,-0.0091027,-0.00712427,-0.01598,-0.0053102,-0.0147397,-0.01391178,0.00015939,-0.01665723,-0.0166816,-0.00413078,-0.03495614,0.01674315,-0.02094736,-0.01028062,-0.00746821,-0.0085244,-0.01547475,-0.01946356,0.00590594,-0.02338393,-0.00944663,0.00080618,-0.03358348,-0.00920161,-0.01802236,0.00136927,-0.01890352,-0.00727798,0.00239044,-0.01999773,-0.00277477,-0.02592844,-0.00951057,-0.00231365,-0.01156203
"Np2_503171",-0.00812414,-0.01381439,-0.01350394,-0.00667988,-0.0118314,-0.02059128,-0.01381439,-0.02607152,-0.00528281,-0.01482185,-0.00950903,-0.00932032,0.00139819,-0.01983794,-0.00438947,-0.01296975,-0.01847127,-0.01058956,-0.01593588,-0.00363919,-0.03112713,0.01863332,-0.01234883,-0.00440013,-0.02028386,-0.00300305,0.00141797,0.98667201,-0.01799953,-0.02191831,-0.00116616,-0.02682028,-0.00078265,-0.01832826,-0.00098202,-0.01217991,-0.00193623,0.0027359,0.00285461,-0.01908917,-0.01322542,-0.01929157,-0.00076438,-0.01319802,-0.0113155,-0.02869521,-0.00247496,-0.01433638,-0.02059585,-0.01340957,-0.03256224,0.00801677,-0.00213559,0.02721051,-0.010273,-0.00940707,-0.02056083,-0.00568002,-0.01662678,-0.02303536,0.00924186,-0.00854873,-0.00930358,-0.00203514,-0.02498027,-0.02325758,-0.02264883,-0.00319785,-0.01839977,-0.02006774,-0.00143401,0.01141968,0.00221238,-0.01805279,-0.00717605,-0.00680314,0.00806699,0.01435837,-0.00876028,-0.00883942,-3.45e-06,-0.00756256,-0.00607266,-0.00353113,-0.01653704,0.00044398,-0.02598019,-0.01654007,-0.01209467,-0.0052402,-0.00563283,-0.01099133,-0.01184511,-0.01800406,-0.00721558,-0.01099437,-0.01177661,-0.01088177,-0.01403356,-0.0132376
"Np2_503436",-0.01216927,-0.01770734,-0.01739689,-0.02426961,-0.01663747,0.00032222,-0.01725079,-0.03955225,-0.01191511,-0.01597543,-0.0097495,-0.02614914,-0.01253911,-0.00440317,0.00434908,-0.01549301,0.05905556,-0.01006909,-0.01404574,-0.00814088,-0.01432271,-0.0061092,-0.01776365,0.00525155,-0.01474123,0.09035134,-0.00125748,-0.01799953,0.99928092,-0.0072445,0.03450945,-0.01168988,-0.03587386,-0.01369874,-0.01537586,-0.00876789,-0.0283528,-0.03144219,-0.01214797,0.01278174,0.00860118,-0.01253146,-0.02474595,-0.00354635,0.02953449,-0.03547973,-0.02508685,-0.00255411,-0.00500888,-0.01562847,-0.00495257,-0.04518461,-0.01759473,-0.01868588,0.00227021,-0.02212685,-0.02658441,-0.0285963,-0.02158504,-0.01307934,-0.02234899,-0.00011456,0.01084898,-0.01445053,0.02073956,-0.01573654,-0.035673,-0.01911354,-0.02092304,0.00891164,-0.02511121,-0.01073567,-0.00076744,-0.01890201,-0.01852621,0.00619662,-0.02032798,-0.00399226,-0.033655,-0.02201574,-0.01333199,0.01182906,-0.02974987,-0.01731619,-0.02377811,-0.00040523,-0.01374135,-0.01297587,-0.01218294,-0.02085152,0.03567367,-0.02584173,-0.01193339,-0.00759148,0.0024361,-0.00895204,-0.00669054,-0.00883943,-0.01396965,0.01467648
"Np2_502194",0.00673994,-0.01584303,-0.01583695,-0.02468811,-0.01994751,-0.01638027,-0.01690835,-0.01988208,-0.01218142,-0.01289364,-0.01153768,-0.02656762,-0.01691447,0.01633225,-0.0223977,0.0020465,-0.0150212,-0.01063977,-0.00031087,0.0119858,-0.00865374,-0.02189855,-0.02000838,-0.01068999,-0.00770258,-0.00609701,-0.00624159,-0.02191831,-0.0072445,0.98337519,-0.02693591,-0.00465123,-0.00935532,0.01358072,-0.00422817,-0.02075257,-0.02085758,-0.01755513,-0.02017581,0.00094923,-0.02590712,-0.04475693,-0.01633763,-0.00305175,0.00111359,0.00108316,-0.00541673,-0.0110385,-0.00497083,0.01986906,-0.00658857,-0.00101245,-0.01573042,-0.01240816,-0.00621419,-0.00763104,-0.00508801,-0.01577455,0.00478128,-0.02065059,-0.02824618,-0.01499078,-0.00889724,4.524e-05,-0.00874656,-0.01615503,-0.01828564,-0.02272795,0.02477099,0.00910187,0.01556066,0.01228257,-0.03284074,0.01522586,-0.02122752,-0.03059445,0.00801677,0.00198106,-0.00135335,-0.00371529,-0.01572893,-0.0266361,0.00331269,-0.00388573,0.01704604,-0.0248692,-0.00426772,-0.02526493,-0.00910116,-0.01487817,-0.00735711,-0.01880307,-0.01372156,-0.02581579,-0.01594043,-0.00845742,-0.0065003,-0.00058329,-0.01225753,-0.01800561
"Np2_502457",-0.01375049,-0.01533169,-0.01106438,-0.01215403,0.0014134,0.00132817,0.00764849,-0.01130484,-0.02354064,-0.0271444,-0.02533188,-0.00794608,-0.0037716,-0.02394243,-0.0135161,-0.03168413,0.02384112,-0.00936751,-0.01867069,-0.00196058,0.041927,-0.0157563,0.01033154,1.785e-05,0.00315746,-0.00878159,-0.01090459,-0.00116616,0.03450945,-0.02693591,0.99261726,-0.0201195,0.01733212,-0.02151962,0.01165406,-0.01780625,-0.01943313,-0.03682806,-0.00946795,-0.02121522,-0.01793865,-0.00315524,-0.01445661,-0.01334564,0.01623488,-0.01545041,-0.00460102,-0.01326651,-0.00354636,-0.01081784,-0.01155594,-0.00308828,-0.02115436,-0.01007059,-0.02457399,-0.0186859,-0.01629505,-0.0027839,-0.02103564,-0.00294218,-0.0093203,-0.02163221,-0.00945121,-0.02166264,-0.01523579,-0.03436266,0.00140122,-0.00715014,-0.01078588,-0.00712732,-0.01466968,-0.01277345,0.00678255,-0.02961442,-0.01386774,-0.00816827,-0.02327887,-0.02033557,-0.01256038,-0.0173573,-0.0045645,-0.01425421,-0.01991708,-0.00443969,-0.00603158,-0.03074971,0.0009614,0.00096597,-0.0212213,0.00176495,0.00167668,0.01214561,-0.00316589,-0.03321815,-0.0107113,-0.0213385,-0.0065977,-0.01468188,0.00149406,-0.00592809
"Np2_502609",-0.00485822,-0.00643944,-0.01023803,-0.01300172,-0.01556607,-0.01047696,-0.00202602,0.01082768,-0.01632244,-0.00485973,-0.00943903,-0.01959903,0.02323095,-0.02311607,-0.00660227,-0.00239888,-0.01961878,-0.01188925,-0.01769214,-0.00798261,0.0037936,-0.01599525,-0.02628003,-0.01894006,-0.00332113,-0.00201993,-0.02073129,-0.02682028,-0.01168988,-0.00465123,-0.0201195,1.00385933,-0.01684444,-0.02708511,-0.00852136,-0.00982711,0.01335246,-0.01758711,-0.01503344,-0.01993231,-0.0043286,-0.0248525,0.0029581,-0.00536651,-0.02311608,-0.00229691,0.00535656,-0.02050605,-0.01717777,-0.02368828,0.01498998,-0.00941468,-0.01682771,0.00764849,-0.01705142,-0.01116332,0.00218499,-0.01093656,-0.01123026,-0.00409423,-0.00484146,-0.00528282,0.00218043,-0.01261821,-0.00893072,-0.00264238,0.01942472,-0.02489055,-0.00858983,-0.02258494,-0.01993079,-0.01803456,-0.01080567,-0.00519911,-0.01030199,-0.00566784,-0.02275689,-0.00672554,0.02281239,-0.02322716,-0.01043435,-0.01221036,0.00860727,-0.00650487,-0.03335981,-0.01805279,-0.02073587,-0.02697098,-0.00791564,-0.01491016,-0.02945616,-0.01320414,-0.00188296,-0.01321629,-0.01445054,-0.00620659,-0.01459816,-0.00852897,-0.00087549,0.00874729
"Np2_500755",0.00246045,-0.02773185,0.00499435,-0.01648829,-0.00779084,0.00810353,-0.00992603,-0.01898723,-0.00626441,0.00108924,-0.0188609,-0.00314915,-0.01160618,0.00063877,-0.02789468,-0.00710295,-0.00362549,-0.00594025,-0.02087434,-0.00507736,-0.02054255,0.00912927,-0.00769953,-0.00127269,-0.01274301,-0.02072518,-0.02056538,-0.00078265,-0.03587386,-0.00935532,0.01733212,-0.01684444,0.98623061,-0.01230927,-0.00424642,-0.01133526,-0.01767993,-0.00311568,-0.00543196,-0.00333025,-0.00659769,-0.01844694,-0.02229116,0.0101702,-0.01594958,0.00654362,-0.01456618,0.01009716,0.00566398,-0.01378243,-0.01238992,-0.00240039,-0.00281282,-0.00359962,-0.00821088,-0.00841025,-0.01073718,0.00581769,-0.00817282,-0.01655982,-0.02065514,-0.00937814,-0.01089393,0.01524563,-0.0212441,-0.00734647,0.01000281,-0.01909373,-0.01131549,-0.00872223,-0.01672114,-0.00417185,-0.01520537,0.01125075,0.00523484,0.0039336,-0.0178732,-0.02558295,-0.00822001,-0.01743034,-0.01361657,-0.01676224,-0.02607758,-0.0305366,-0.00275652,-0.01286473,-0.00793846,-0.01599981,-0.01612,-0.02737575,-0.02305059,0.00111511,-0.01815325,-0.00315828,-0.02250271,-0.01014974,-0.026455,-0.01612461,-0.01745015,-0.02015449
"Np2_502286",-0.01554173,-0.01042672,0.01971235,-0.0102928,-0.01163966,-0.02922637,-0.01179641,-0.01796607,-0.01270039,-0.01873915,-0.01205665,-0.02510819,-0.03052153,-0.02588586,-0.01622046,-0.01247363,0.00774436,0.00314681,-0.01209166,0.01116249,-0.01708641,-0.00339418,-0.01443989,-0.01516583,-0.00883029,-0.03568365,-0.00904334,-0.01832826,-0.01369874,0.01358072,-0.02151962,-0.02708511,-0.01230927,0.99968883,-0.00429056,-0.02279342,-0.01559347,-0.00924728,-0.01004171,-0.01874525,0.00903339,-0.00631616,-0.00863852,-0.01483251,-0.00640596,0.26232552,0.00578268,-0.03453765,0.00181518,-0.01687031,-0.00345505,-0.02375065,-0.0185322,-0.0177971,-0.0164731,-0.00738908,0.01509043,-0.01264105,-0.01734816,-0.01447336,-0.01887305,-0.03103279,-0.01169901,-0.00549587,-0.02935414,0.01087181,0.00021874,-0.01244168,-0.01942553,-0.02200662,-0.01478687,0.0040021,-0.02027168,-0.01481732,-0.01489805,-0.01863415,-0.02309169,-0.00492973,0.00451953,-0.00682142,-0.02187882,-0.02319823,-0.00603309,-0.03103733,-0.02243277,-0.02356195,-0.02396221,-0.0376545,-0.02209943,0.00301745,-0.01746384,0.012485,-0.02595893,-0.0214648,-0.01113287,-0.011107,-0.00717145,-0.02682184,0.00061594,4.22e-05
"Np2_500945",-0.02208884,-0.00753823,-0.01544587,-0.01014367,-0.0222958,0.01186104,-0.02001756,-0.01279478,-0.02335654,-0.00032762,-0.01388595,-0.0129363,-0.01302308,-0.02193207,0.01604008,0.00822072,-0.02147852,-0.0053787,-0.02442186,-0.01045109,-0.0215029,-0.01176751,0.00047136,-0.01532107,-0.01126834,-0.00494497,-0.00935077,-0.00098202,-0.01537586,-0.00422817,0.01165406,-0.00852136,-0.00424642,-0.00429056,1.01794769,0.0041406,0.00129622,-0.01746842,-0.02343723,-0.00048588,-0.01075393,-0.01590698,-0.01975121,-0.02351022,0.00241784,-0.01480973,-0.00959122,-0.01095178,0.00850837,-0.01063372,-0.00193623,-0.0172097,-0.01305653,-0.01019083,-0.01160618,-0.01987147,-0.00150098,-0.02451469,-0.01978622,0.00439474,-0.01217991,0.00457585,-0.01109332,-0.02969662,-0.01337761,-0.01226364,-0.00298023,-0.0255328,-0.00694926,-0.00953036,-0.01494212,-0.02567741,-0.01129572,-0.03049564,-0.0126183,-0.02092001,0.0039945,-0.00021499,-0.0189203,-0.02539128,-0.02994781,-0.0128526,-0.01181925,-0.01840891,-0.00539088,-0.00362855,-0.02259561,-0.02319981,-0.00536195,-0.01281303,0.00779612,-0.00669359,0.00888883,-0.01811976,0.05019538,-0.02495907,-0.00991386,0.01061312,-0.00517021,-0.01791891
"Np2_501358",0.00415124,-0.02071454,-0.0179691,-0.0138844,0.00896643,-0.00998996,-0.01645332,-0.02353609,-0.0025952,0.00156254,-0.01823542,0.01254281,-0.00321917,0.02059197,-0.01068086,0.01498083,-0.00847872,-0.01277192,-0.00335613,-0.02834518,-0.01261212,-0.00850765,-0.0190968,-0.01069153,-0.0066388,-0.01507755,-0.01720055,-0.01217991,-0.00876789,-0.02075257,-0.01780625,-0.00982711,-0.01133526,-0.02279342,0.0041406,0.99220021,-0.00868418,0.00420603,0.01756499,-0.00544413,-0.00140661,0.00744151,-0.02136131,-0.01583693,-0.01288911,-0.01824608,-0.02961591,-0.01484469,-0.00299393,-0.01726599,-0.00248105,-0.01242797,-0.01192728,-0.00799628,-0.00012825,-0.0371568,-0.0146773,-0.0121236,-0.00419924,-0.02795708,-0.01789905,0.00250915,-0.00068069,-0.00026066,-0.02929325,0.00423647,-0.01417813,-0.0055324,-0.02971333,-0.00642269,-0.0179219,-0.00978602,-0.01001429,-0.01734361,0.00799096,-0.01263798,-0.0140518,-0.0031948,-0.00896421,-0.03704569,-0.01040391,-0.01187553,-0.01495123,-0.00997471,-0.00791413,0.00374033,-0.03622845,-0.00106876,-0.00438491,0.01068766,-0.02592541,-0.01028215,-0.00428752,-0.01196836,-0.01168074,-0.00237148,-0.01365459,-0.01519475,-0.01286781,-0.00050567
"Np2_504683",-0.02273864,-0.02264579,-0.02187878,-0.01429378,-0.00453101,-0.03018362,0.0061175,-0.00811806,-0.01365765,0.00206628,-0.01499233,-0.00445492,-0.01534695,-0.00873289,-0.0048506,0.00285309,-0.01512775,-0.01531192,-0.01289672,-0.02571083,-0.0107387,-0.02307041,-0.02818082,0.07184084,0.00056116,-0.02827062,-0.0156315,-0.00193623,-0.0283528,-0.02085758,-0.01943313,0.01335246,-0.01767993,-0.01559347,0.00129622,-0.00868418,0.99442548,0.06984565,-0.01465144,-0.02487683,0.02192511,-0.01533929,0.00166603,-0.00011456,-0.01192882,-0.02474293,-0.0027839,0.01807479,0.01288069,-0.00047828,-0.01339131,-0.01025017,-0.01492384,0.00026896,-0.0099732,-0.0282828,-0.00123769,-0.02425137,0.00817505,-0.02303994,-0.02104778,-0.01677137,-0.00976471,0.00130839,0.00210432,-0.00682599,0.01417578,-0.02283449,-0.0144475,-0.02920352,-0.01620068,-0.01095634,-0.00616245,-0.00451274,-0.01220281,-0.01974358,-0.01643961,-0.00071264,0.00067073,-0.0201058,-0.02146638,-0.02141612,-0.0200784,-0.01494968,-0.00467103,-0.00443056,-0.02415853,-0.02339306,-0.02990506,-0.0014401,-0.00548522,-0.01601806,0.00793461,-0.01192117,-0.02335193,-0.01647766,-0.01665116,-0.01393008,-0.0178428,-0.02800429
"Np2_501471",0.00202215,-0.01492992,-0.01964163,-0.00718666,-0.0190344,-0.02368525,-0.00336374,-0.00298936,-0.02344324,-0.01198054,-0.01062456,0.00630468,0.00652232,-0.02034472,-0.0179843,-0.0352392,-0.01121655,-0.01414008,-0.02085608,0.00163712,-0.01413247,-0.02296387,-0.00996407,0.00194149,-0.0052676,-0.00883637,-0.00076287,0.0027359,-0.03144219,-0.01755513,-0.03682806,-0.01758711,-0.00311568,-0.00924728,-0.01746842,0.00420603,0.06984565,0.99144221,-0.0204802,-0.00802978,-0.02225465,-0.0295383,-0.00370615,-0.0182704,-0.00649574,0.02086744,-0.01272169,0.00524546,-0.02201576,0.00099793,-0.02028536,-0.00390399,-0.02181789,-0.00282042,0.00048202,-0.0242194,-0.02061106,-0.02003579,-0.03311315,-0.02765118,-0.00450512,-0.0227523,-0.01544127,-0.00238974,-0.00965969,-0.00808914,-0.00489321,-0.00720492,0.00072552,-0.00839959,-0.03313904,-0.01298042,-0.0165568,0.00396406,-0.02746721,0.02677985,-0.00978905,0.00061138,-0.01611546,-0.00325873,-0.00066242,-0.02404894,-0.01662376,-0.01712594,0.0245032,-0.00386747,-0.03150913,0.00715085,-0.01625393,-0.02263971,-0.01664049,-0.00556284,-0.01935249,0.07584475,-0.0276588,-0.00754431,-0.01654462,-0.01686728,-0.00525695,-0.0193753
"Np2_502811",0.0051846,-0.04022643,-0.01328329,0.20964599,-0.00658858,0.00123991,0.00573399,-0.02478558,-0.00810588,-0.03073299,0.00151689,0.00901057,-0.00020738,0.0012323,-0.02851869,-0.01594501,-0.00227103,-0.02010887,-0.00947557,-0.00189666,-0.00427382,0.0133753,-0.01730254,-0.01711535,-0.01077982,-0.02652354,-0.0163194,0.00285461,-0.01214797,-0.02017581,-0.00946795,-0.01503344,-0.00543196,-0.01004171,-0.02343723,0.01756499,-0.01465144,-0.0204802,1.01040123,-0.0030411,-0.01878787,-0.0067438,-0.02108893,-0.03352256,-0.01033391,-0.01097309,-0.01838609,-0.00361485,-0.00013433,-0.03053823,-0.01681858,-0.03133109,-0.01713361,-0.00528889,-0.00198645,0.00131449,-0.00892617,-0.01459057,-0.02066736,-0.01459664,-0.01458292,-0.01852459,4.829e-05,-0.00501039,-0.02125935,-0.02668944,-0.0073617,-0.01652181,-0.02274473,-0.00782434,-0.00456145,-0.00433926,-0.02556932,-0.01676684,0.01358995,-0.01890961,-0.02549778,-0.01433639,-0.01888833,0.00370839,-0.0078487,-0.03199617,-0.02381005,-0.02202942,-0.01662076,0.00979585,-0.01099743,-0.00947101,-0.03348453,-0.00441079,-0.00997778,0.00840487,-0.01877725,-0.01747905,-0.01977861,-0.0189918,-0.01657812,-0.02816262,0.00460173,-0.03173594
"Np2_500747",-0.02330324,-0.00890484,-0.0187909,-0.00466189,-0.03538075,-0.01005082,-0.00479581,0.00166604,-0.00554761,-0.0156954,0.0215766,-0.00517171,-0.01332438,0.01413924,-0.01256797,-0.00288587,-0.02345385,-0.02120305,-0.03537621,-0.02855823,-0.02926132,-0.02470031,0.00321377,-0.02262295,0.00410559,0.00205867,0.00434908,-0.01908917,0.01278174,0.00094923,-0.02121522,-0.01993231,-0.00333025,-0.01874525,-0.00048588,-0.00544413,-0.02487683,-0.00802978,-0.0030411,0.98644675,-0.01668614,-0.01209924,0.00490608,-0.03111644,-0.0229943,-0.00643638,0.00045614,0.00853116,-0.0077726,-0.01534843,-0.00939032,-0.00016173,-0.01670594,-0.01186181,0.01579047,0.00752522,-0.00088918,-0.01081479,-0.00593417,0.00439778,-0.0193296,-0.02311906,0.01234649,-0.02375824,-0.01352673,-0.02550082,-0.01834803,-0.0132026,-0.01668614,-0.01211447,-0.00428598,-0.01456468,-0.02422852,-0.01131701,-0.02859491,0.01621658,-0.0057424,-0.01071281,-0.01374286,-0.01473512,0.00094924,-0.02289383,-0.00466341,-0.00546999,-0.00462689,-0.01549604,-0.01985315,-0.01254365,-0.01403352,0.00880054,-0.01000668,-0.00060307,-0.0122621,-0.01552951,-0.01204598,-0.01384634,-0.01569389,-0.00992907,-0.00303654,0.00734716
"Np2_500385",-0.01576544,-0.01384634,-0.01140528,-0.01112525,-0.02342954,-0.01255733,-0.01369417,-0.00144923,-0.02662089,-0.01454944,-0.02689026,-0.00935228,-0.02115744,0.00280591,-0.00868265,-0.00432707,0.01010781,-0.01123026,-0.00714102,-0.00108398,-0.0004174,-0.01548845,-0.00294522,-0.01980293,-0.00235778,0.00518306,-0.01094111,-0.01322542,0.00860118,-0.02590712,-0.01793865,-0.0043286,-0.00659769,0.00903339,-0.01075393,-0.00140661,0.02192511,-0.02225465,-0.01878787,-0.01668614,0.98554263,-0.0039527,-0.02240683,-0.00455535,0.00311028,0.00505827,-0.0184865,-0.0125421,-0.00419164,-0.0012666,-0.01067934,-0.00723383,-0.031083,-0.0079765,-0.01015278,-0.01217839,-0.00217821,-0.01514754,-0.01422376,-0.01758861,-0.02077079,-0.01390722,-0.02242359,0.00234631,-0.02227288,0.00395188,-0.01217991,0.00300984,-0.01477925,-0.01949096,0.00659992,-0.00809217,-0.01547322,-0.02980312,-0.01268676,0.00229608,-0.01798885,-0.01930677,-0.02248903,-0.01830694,0.00148645,-0.01946507,-0.01386613,-0.00493277,0.00854184,-0.01039323,-0.01992468,-0.00120117,-0.01988814,0.00766371,-0.01099132,-0.0200023,-0.02161702,-0.00814391,-0.01044345,-0.01985315,-0.01378699,-0.0066525,0.0203287,-0.0026165
"Np2_504424",-0.01543975,-0.00849851,0.00535656,0.00365815,-0.0068199,-0.00888355,-0.00849851,-0.02227749,-0.00909812,-0.00767974,-0.02154243,-0.01739687,0.00017003,0.01043655,-0.01870565,-0.00674075,0.01271628,-0.00268651,-0.01335936,-0.01034605,-0.01272321,-0.01303215,-0.01494666,-0.01612914,-0.02957788,-0.00910117,-0.0017886,-0.01929157,-0.01253146,-0.04475693,-0.00315524,-0.0248525,-0.01844694,-0.00631616,-0.01590698,0.00744151,-0.01533929,-0.0295383,-0.0067438,-0.01209924,-0.0039527,0.98314992,-0.01827649,-0.0083387,-0.00082527,0.00675363,0.00268872,-0.00049806,-0.00493127,0.011234,-0.01187552,-0.00919096,0.00196279,-0.00825956,-0.01302302,-0.01870111,-0.00717906,0.0037449,-0.00248409,-0.0175673,-0.02211916,-0.01555996,0.03086303,-0.00432859,-0.02651279,0.01919185,-0.0098758,-0.00868722,-0.01597543,-0.01901308,-0.01514144,-0.01461489,-0.0031248,-0.02917306,0.00057486,-0.01214032,0.00729541,-0.01806798,-0.01440183,-0.01235035,-0.00107941,0.00079705,-0.02495444,-0.02621754,-0.01335176,-0.00748038,-0.01488122,-0.01776821,0.01665792,-0.02199137,-0.01142658,-0.0312428,-0.00850765,-0.0336899,-0.00874809,0.01654075,-0.0136135,-0.01743645,-0.00476081,-0.01979228
"Np2_504045",0.00247871,-0.00032001,-0.01020604,-0.01631784,0.00957669,0.00036027,-0.02984421,0.00705496,-0.0181167,-0.01015429,-0.010168,-0.02367608,-0.00336983,-0.01212664,-0.02285425,-0.01621587,-0.01760837,-0.02540188,-0.03105257,-0.02438679,-0.01839368,-0.02737727,-0.02137805,-0.0015588,-0.01120287,0.00272982,-0.0083722,-0.00076438,-0.02474595,-0.01633763,-0.01445661,0.0029581,-0.02229116,-0.00863852,-0.01975121,-0.02136131,0.00166603,-0.00370615,-0.02108893,0.00490608,-0.02240683,-0.01827649,0.98215753,-0.00837827,-0.01090915,0.00519219,0.00341009,0.02137722,-0.03358195,-0.00219798,-0.02241596,0.00127035,0.00024917,-0.01377784,0.00763479,-0.01737099,-0.0108711,-0.00709992,0.02897892,-0.01319345,-0.00267889,-0.00448991,-0.00265759,-0.0229349,-0.01346433,-0.01128506,0.00165082,0.00010003,-0.01799343,-0.00779084,-0.00498452,-0.02622065,-0.01138244,0.00411623,-0.00874814,-0.01309302,-0.01298496,-0.0063892,-0.02083324,-0.02821733,-0.01679423,-0.02328799,0.0087914,-0.00829913,-0.00075983,0.0054159,0.00181974,-0.01598154,0.02483641,-0.00742103,-0.01405332,-0.02367304,0.00286679,-0.02825076,-0.01700573,-0.01697987,-0.0031522,-0.02051975,-0.00906161,-0.00263476
"Np2_503924",-0.02821733,0.00992214,-0.01776971,-0.02144652,-0.01503187,-0.00918183,-0.02051515,-0.01953203,-0.00163489,0.00800154,0.00600943,-0.00080244,-0.0075854,0.00115925,0.00549808,-0.01023494,-0.0209108,-0.00952881,-0.02765879,0.00168277,-0.02732701,-0.01698291,-0.01920178,-0.01520993,-0.00491756,-0.01974813,-0.00984839,-0.01319802,-0.00354635,-0.00305175,-0.01334564,-0.00536651,0.0101702,-0.01483251,-0.02351022,-0.01583693,-0.00011456,-0.0182704,-0.03352256,-0.03111644,-0.00455535,-0.0083387,-0.00837827,0.97372521,-0.02242967,-0.01500296,0.00665166,-0.00840566,-0.01207795,-0.01919721,-0.00091201,0.00892531,-0.01020603,-0.0312336,-0.02990962,-0.01017256,-0.00762952,-0.0189248,0.00284851,-0.01436528,0.00817198,-0.01707573,-0.00109007,0.00663491,0.00788739,-0.00530412,-0.01854434,-0.0146164,-0.00120725,-0.03300815,-0.01163506,-0.00608635,-0.00159685,-0.00649117,-0.00946342,-0.00528584,-0.01248274,-0.00497386,-0.02550535,0.00439626,-0.02298821,0.01876113,-0.00942532,0.00650859,-0.02293343,-0.01599672,-0.00680923,-0.01015278,-0.00357679,0.00038614,-0.02405196,-0.02180113,-0.02661177,-0.00979055,0.00997693,-0.00201993,-0.02730418,0.01955101,-0.00414597,-0.00030631
"Np2_503273",-0.03333544,-0.0317207,0.00770176,-0.00130161,-0.00538783,-0.02525735,-0.0227417,-0.02084545,-0.01512321,-0.01903135,-0.02132787,-0.02433508,-0.02122595,-0.01902529,0.00509784,0.00275721,0.15416,0.00422429,9.546e-05,0.00173909,-0.01266083,-0.00977385,-0.01381897,-0.0215455,-0.02358025,-0.00812567,-0.01557521,-0.0113155,0.02953449,0.00111359,0.01623488,-0.02311608,-0.01594958,-0.00640596,0.00241784,-0.01288911,-0.01192882,-0.00649574,-0.01033391,-0.0229943,0.00311028,-0.00082527,-0.01090915,-0.02242967,1.00412722,-0.0123595,-0.00622789,-0.01306716,-0.02084851,-0.01914094,-0.00907379,-0.01886852,-0.00680164,-0.02219834,0.00454084,-0.01544281,-0.02629222,-0.0226732,-0.01094415,-0.01354807,-0.01536059,-0.01534539,-0.01138247,-0.03242073,-0.03147258,-0.01316154,-0.03492425,-0.01775604,-0.0096734,-0.00753671,-0.00807849,-0.01911813,-0.00960644,0.00284852,-0.01168995,-0.02212227,-0.00436056,-0.02135371,-0.03534124,-0.00087396,0.02759414,-0.00157554,0.00021874,-0.02722049,-0.01389814,0.00201759,-0.01634071,-0.01161836,-0.00062894,-0.00625377,-0.02445225,-0.01063523,-0.03081675,-0.01795234,0.00333704,-0.01383419,0.00288505,-0.00961254,-0.00058938,-0.01607743
"Np2_503577",-0.01449469,-0.00587938,-0.01728732,-0.01852914,-0.02839846,0.00636709,-0.03007709,-0.01798433,-0.00434839,-0.00049502,-0.00827024,-0.02893112,-0.00649423,-0.02225164,-0.0325227,-0.02862367,-0.00657944,-0.00265455,-0.00632682,-0.00072634,-0.02699682,-0.01284802,-0.01978469,-0.01107504,-0.02315412,-0.02550539,-0.01210535,-0.02869521,-0.03547973,0.00108316,-0.01545041,-0.00229691,0.00654362,0.26232552,-0.01480973,-0.01824608,-0.02474293,0.02086744,-0.01097309,-0.00643638,0.00505827,0.00675363,0.00519219,-0.01500296,-0.0123595,1.00026114,0.02600523,-0.02542472,-0.00535588,-0.0178017,-0.02067041,-0.02498641,-0.01489797,-0.02162003,-0.00842547,-0.01623418,-0.01353895,-0.00641965,-0.02649762,-0.0137307,-0.02330472,-0.03226855,-0.01750038,-0.00551413,-0.03135083,-0.02156225,0.01222323,0.00975932,-0.00939946,-0.00741495,-0.0014127,-0.04212876,-0.01465903,-0.00783499,0.00745525,-0.01058651,-0.00743473,-0.00464362,-0.00204276,-0.00942686,-0.01093961,-0.01210687,-0.00605136,-0.01279321,-0.02199448,-0.00866592,0.00447845,-0.02123658,-0.01526929,-0.02256819,-0.03467919,-0.03029776,-0.01045413,-0.02833146,-0.01586892,-0.00716841,-0.02743054,-0.01253453,0.00059769,-0.0018023
"Np2_501192",0.0045728,-0.00461775,-0.01709097,-0.02061559,-0.00400444,-0.0013503,-0.00918335,-0.0085046,-0.02317538,-0.01840888,-0.01187858,-0.02006012,-0.01984254,-0.00577132,-0.02486919,-0.02020925,-0.02464547,0.00454236,-0.01358763,0.00799243,0.00607183,0.01535065,-0.02202333,-0.00539999,-0.01337,-0.02470029,-0.02240987,-0.00247496,-0.02508685,-0.00541673,-0.00460102,0.00535656,-0.01456618,0.00578268,-0.00959122,-0.02961591,-0.0027839,-0.01272169,-0.01838609,0.00045614,-0.0184865,0.00268872,0.00341009,0.00665166,-0.00622789,0.02600523,0.98178005,-0.00848785,-0.02631351,-0.01577912,-0.02032187,-0.01672418,-0.01804974,-0.00346569,-0.0165994,-0.00021043,0.00948538,-0.02128979,0.01509344,-0.01444748,-0.00378071,-0.0173101,0.01039393,-0.01871021,0.01069676,-0.00614723,-0.01132158,-0.00389334,0.00038462,-0.01041455,-0.00608635,-0.02747466,-0.01796299,-0.01707422,-0.0241556,-0.0079552,-0.00799934,-0.0144916,0.00348009,-0.01212207,-0.00252519,-0.02028078,-0.01270342,-0.01244469,-0.00871006,-0.02049231,-0.01297888,-0.005365,0.00882031,-0.01415376,-0.01469859,-0.02584017,-0.02334585,-0.00454622,-0.02845624,0.0204215,-0.01064586,-0.02846998,-0.02188182,-0.01378091
"Np2_504591",-0.01352829,-0.0070436,-0.02636523,-0.02912891,-0.00597374,0.00368099,-0.0242407,-0.00271238,-0.0248403,-0.02555252,-0.0214572,-0.00315828,-0.02181185,-0.0193068,0.00572941,-0.00893832,-0.01261362,-0.00838437,-0.00262107,0.02185054,0.01308155,-0.0246653,0.00248784,-0.00660836,-0.02066584,-0.01616872,-0.01981359,-0.01433638,-0.00255411,-0.0110385,-0.01326651,-0.02050605,0.01009716,-0.03453765,-0.01095178,-0.01484469,0.01807479,0.00524546,-0.00361485,0.00853116,-0.0125421,-0.00049806,0.02137722,-0.00840566,-0.01306716,-0.02542472,-0.00848785,0.98621235,-0.02128222,-0.00618224,-0.02244336,0.01006977,0.00539612,-0.01334868,-0.02922176,-0.02105087,-0.02657372,-0.00530107,0.00734106,-0.01322085,-0.03116511,-0.02293188,-0.01151181,-0.00941771,-0.00131683,-0.01055151,-0.02105239,0.00859508,-0.0102593,-0.02166723,-0.03164456,-0.00752909,-0.00684424,-0.0170651,-0.01988522,-0.00825044,-0.01179486,0.00149711,-0.0042723,-0.01013451,-0.01651725,-0.0266635,0.0020678,0.00232652,0.03421576,0.01391095,-0.00186013,0.01214561,0.00517697,0.00411776,0.00250763,-0.01867828,-0.02531516,-0.02203853,-0.04138297,-0.02994312,-0.02387696,0.00471585,-0.01898115,-0.01575021
"Np2_502494",-0.01156967,0.00906841,-0.02653725,-0.0090601,-0.00751541,-0.01627529,0.00724216,-0.02616897,-0.00872833,-0.02283299,-0.00884551,-0.01443991,-0.03157166,-0.00897792,-0.00783499,-0.00971906,-0.03287426,-0.00977386,-0.02638203,-0.01469406,-0.01083156,-0.01266237,0.00916428,-0.01271563,-0.00074917,-0.01436229,-0.02013778,-0.02059585,-0.00500888,-0.00497083,-0.00354636,-0.01717777,0.00566398,0.00181518,0.00850837,-0.00299393,0.01288069,-0.02201576,-0.00013433,-0.0077726,-0.00419164,-0.00493127,-0.03358195,-0.01207795,-0.02084851,-0.00535588,-0.02631351,-0.02128222,1.01661435,-0.01198513,-0.0095273,0.00122317,-0.00679861,-0.00454166,-0.03548127,-0.0163529,-0.01609266,-0.01825676,-0.00241866,-0.01491472,-0.02874998,0.00337661,-0.00042197,-0.0129378,-0.01548997,0.02412732,8.177e-05,-0.01105678,-0.01332285,-0.01453426,-0.01309761,-0.00633139,0.00728934,-0.02256365,-0.01138254,-0.02592391,-0.01744559,-0.00658858,0.00620881,0.00567312,-0.01212364,0.00801527,-0.02367157,0.06059422,-0.01693885,-0.02095958,-0.014968,-0.02029,-0.00762649,-0.01005541,-0.01729645,-0.01580655,-0.01163816,-0.01566651,-0.00305176,0.0051922,-0.01780932,-0.01782761,-0.02737126,-0.01150879
"Np2_501171",-0.00453558,0.00834093,0.00560767,-0.02744118,-0.00048132,-0.01213274,-0.00520368,0.00080162,-0.01234732,-0.01534233,-0.03103128,0.00766066,-0.00886226,-0.00772693,-0.0190633,-0.01699052,-0.00240343,-0.01613221,-0.01280388,-0.01146463,-0.01764646,-0.01445511,0.01893769,0.00147123,-0.00908596,-0.00930662,-0.02512642,-0.01340957,-0.01562847,0.01986906,-0.01081784,-0.02368828,-0.01378243,-0.01687031,-0.01063372,-0.01726599,-0.00047828,0.00099793,-0.03053823,-0.01534843,-0.0012666,0.011234,-0.00219798,-0.01919721,-0.01914094,-0.0178017,-0.01577912,-0.00618224,-0.01198513,0.99171923,-0.0175597,0.00962691,-0.01193946,-0.00618223,-0.01718533,-0.01068848,-0.00844982,-0.00924423,-0.02338691,-0.00879375,-0.01197596,-0.01104763,-0.01210687,-0.01686115,-0.00039001,-0.01845154,-0.01555999,0.00023852,-0.01450685,-0.00247802,-0.01504254,-0.01238537,-0.00743929,0.01019001,-0.0191106,-0.02893412,-0.00721558,0.00029331,-0.00547609,-0.02777448,0.0060201,-0.00793085,-0.01435466,0.01010172,-0.01660096,-0.00433773,-0.01173857,-0.0222349,-0.00561457,-0.00058633,-0.02319822,-0.00603309,-0.01495277,-0.01365458,-0.01047541,-0.0064927,-0.00544869,0.00122926,-0.01501061,-0.03004207
"Np2_501748",-0.02505796,0.00212411,-0.00060916,-0.02574429,-0.03028707,-0.00160903,-6.5e-06,-0.00419772,-0.01399853,-0.00497082,-0.01015887,-0.01590544,-0.0243625,-0.03007553,0.03133326,-0.02031578,-0.00253279,-0.01063065,-0.02510817,0.01290805,-0.02766794,-0.02402004,-0.01315085,0.02249581,-0.00860657,-0.01887155,-0.02632109,-0.03256224,-0.00495257,-0.00658857,-0.01155594,0.01498998,-0.01238992,-0.00345505,-0.00193623,-0.00248105,-0.01339131,-0.02028536,-0.01681858,-0.00939032,-0.01067934,-0.01187552,-0.02241596,-0.00091201,-0.00907379,-0.02067041,-0.02032187,-0.02244336,-0.0095273,-0.0175597,0.98689424,0.00523632,-0.02500468,0.00647207,-0.00103072,-0.00853504,0.04179461,0.00812787,-0.00357984,-0.01516275,-0.01058345,0.0102813,-0.02928112,-0.02520858,-0.00386746,-0.01903745,0.00226869,-0.01084827,-0.00930967,0.00378447,0.00156863,-0.03686459,-0.00117682,-0.01109329,-0.00493433,-0.00988797,-0.0336732,-0.00181448,-0.01488883,-0.01755514,-0.01830697,0.00715845,-0.00641812,-0.00905093,-0.01170814,-0.01481577,-0.02799971,-0.01521148,0.00232195,0.00263242,0.00300071,-0.00707557,-0.01371244,-0.00876178,-0.01912722,-0.02518882,-0.01775297,-0.00163946,-0.00661749,-0.00932184
"Np2_504445",-0.01385092,-0.02075865,-0.02866628,-0.02960372,0.00070421,0.00457584,-0.01406245,-0.00577437,-0.01511862,-0.02891886,0.00317876,0.23347358,-0.0067636,-0.01080262,-0.00646377,-0.00850002,-0.01628435,-0.00231517,-0.01466207,-0.00586568,0.02097698,-0.02255295,0.01677511,-0.03325926,-0.02129285,-0.02364412,-0.02196245,0.00801677,-0.04518461,-0.00101245,-0.00308828,-0.00941468,-0.00240039,-0.02375065,-0.0172097,-0.01242797,-0.01025017,-0.00390399,-0.03133109,-0.00016173,-0.00723383,-0.00919096,0.00127035,0.00892531,-0.01886852,-0.02498641,-0.01672418,0.01006977,0.00122317,0.00962691,0.00523632,0.98084854,-0.01851542,-0.01975876,-0.02787033,-0.00843764,-0.01304737,0.00670341,-0.02037512,-0.01460879,-0.01413851,-0.01944984,-0.02613998,0.00304332,-0.02218461,-0.00478668,-0.00098201,-0.0148599,-0.02199593,-0.01529364,-0.0126395,0.0009751,-0.00747125,-0.02880172,-0.02431692,-0.03018354,-0.02018338,-0.01023951,-0.01798734,0.01511019,-0.00770867,-0.01313716,-0.01803908,-0.02341123,-0.03063409,-0.02689328,-0.02531512,-0.00963535,-0.01203836,-0.01340196,-0.03190479,-0.00971752,0.00464737,-0.02890517,-0.00639833,-0.02706983,0.01217299,-0.01767385,-0.01595567,-0.01333347
"Np2_500560",-0.01198056,-0.01051803,0.00668515,-0.02499401,-0.02664526,-0.01790367,-0.02984575,-0.01942706,-0.01248733,-0.01761296,0.01372379,-0.02382981,0.00043332,0.00506892,-0.01418115,-0.00099875,0.00430494,0.0190351,-0.01903137,-0.02499708,-0.00667684,-0.0241829,-0.02427115,-0.02408396,-0.01105222,-0.00868571,-0.00502562,-0.00213559,-0.01759473,-0.01573042,-0.02115436,-0.01682771,-0.00281282,-0.0185322,-0.01305653,-0.01192728,-0.01492384,-0.02181789,-0.01713361,-0.01670594,-0.031083,0.00196279,0.00024917,-0.01020603,-0.00680164,-0.01489797,-0.01804974,0.00539612,-0.00679861,-0.01193946,-0.02500468,-0.01851542,0.99448332,0.00387425,0.00367642,-0.01889439,-0.02106914,-0.00116616,-0.00846046,-0.0176084,-0.01013755,0.04512139,-0.01209469,-0.00497843,-0.01498773,-0.01904811,-0.0134172,-0.00157554,-0.00186318,-0.01159704,-0.00955165,-0.02439595,-0.02523296,0.00213629,0.00677345,0.00745064,0.00847181,0.01735037,-0.02570475,0.0191112,-0.01086048,0.00577811,-0.00932032,-0.00906159,-0.01050132,0.01378465,-0.00639986,0.0063884,-0.00971144,-0.01929313,0.00999064,-0.03113173,-0.00870094,-0.01775144,-0.03663934,-0.02580823,-0.01228492,-0.02889157,-0.02093372,0.00375556
"Np2_501206",0.00092945,-0.02652346,-0.00247192,-0.01238838,-0.02104019,-0.00149336,-0.00415206,-0.01747447,-0.01099131,-0.00896419,-0.01430442,-0.00331047,-0.02196401,-0.02722048,-0.01968571,-0.01152548,-0.0215926,0.00013808,-0.01327412,-0.00462992,-0.01522514,-0.0255784,-0.02216637,-0.01573954,-0.01473055,-0.00703751,-0.0093127,0.02721051,-0.01868588,-0.01240816,-0.01007059,0.00764849,-0.00359962,-0.0177971,-0.01019083,-0.00799628,0.00026896,-0.00282042,-0.00528889,-0.01186181,-0.0079765,-0.00825956,-0.01377784,-0.0312336,-0.02219834,-0.02162003,-0.00346569,-0.01334868,-0.00454166,-0.00618223,0.00647207,-0.01975876,0.00387425,0.97281805,-0.01035061,0.00436429,-0.00435447,-0.00438794,-0.00163794,-0.00530715,-0.00346722,-0.00223451,-0.01577302,-0.01641827,-0.01044799,-0.02561798,-0.00218125,-0.00190578,0.01576458,-0.01481881,-0.01049062,-0.01544278,-0.00897485,0.00332791,-0.01851552,-0.00779388,-0.01864324,0.00119273,0.00607639,0.006606,-0.0227569,0.01199188,-0.00615026,-0.00710903,-0.00794,-0.00785171,-0.02179656,-0.02620543,-0.01749879,0.00640055,-0.01012385,-0.01182987,-0.02151047,-0.01519012,-0.0048582,-0.00939793,-0.0253988,-0.01278562,-0.02035081,-0.0078365
"Np2_504277",-0.02514015,-0.00861113,0.01574483,-0.00421598,-0.02382524,-0.01021367,-0.01606829,0.00332944,-0.01560258,-0.005053,0.03191466,0.01186254,-0.01637877,-0.01174314,-0.03068883,0.03210638,0.00682059,0.01318048,-0.00936294,-0.00756714,-0.02957636,-0.03277687,0.0068556,-0.02004644,-0.01218905,-0.02245403,0.00540373,-0.010273,0.00227021,-0.00621419,-0.02457399,-0.01705142,-0.00821088,-0.0164731,-0.01160618,-0.00012825,-0.0099732,0.00048202,-0.00198645,0.01579047,-0.01015278,-0.01302302,0.00763479,-0.02990962,0.00454084,-0.00842547,-0.0165994,-0.02922176,-0.03548127,-0.01718533,-0.00103072,-0.02787033,0.00367642,-0.01035061,0.99281817,-0.01637874,-0.01824912,0.00241479,-0.02466376,-0.02635456,0.00090053,-0.01049824,-0.0238846,-0.01524646,-0.0133852,-0.00968406,-0.00953187,-0.01488731,-0.01730556,-0.0032983,-0.00307915,-0.01777126,-0.01297737,-0.00234866,-0.01719151,-0.01773167,0.00672624,-0.01300627,-0.02258036,-0.02052887,-0.03147724,-0.00281587,-0.02095804,0.00106337,-0.00661598,-0.01033235,-0.02412505,-0.03325171,-0.02013164,-0.02119089,0.01539783,0.01430058,0.00020656,-0.00671336,0.00787981,-0.02283602,-0.03168414,-0.02394092,-0.00822155,0.01266304
"Np2_501954",7.568e-05,0.03197553,-0.01473971,-0.01719902,-0.01169749,-0.00828242,-0.01398485,-0.0064577,-0.01108417,-0.02884129,-0.00572264,-0.00827328,-0.01094722,-0.01042064,-0.00166838,-0.00963991,0.00388186,-0.01365157,-0.02645504,-0.00517933,-0.01333957,-0.01334415,-0.01921551,-0.00746212,-0.01101874,-0.00834785,-0.01625395,-0.00940707,-0.02212685,-0.00763104,-0.0186859,-0.01116332,-0.00841025,-0.00738908,-0.01987147,-0.0371568,-0.0282828,-0.0242194,0.00131449,0.00752522,-0.01217839,-0.01870111,-0.01737099,-0.01017256,-0.01544281,-0.01623418,-0.00021043,-0.02105087,-0.0163529,-0.01068848,-0.00853504,-0.00843764,-0.01889439,0.00436429,-0.01637874,0.99805108,-0.00673011,0.00130231,-0.01527538,-0.01240058,0.00130991,-0.01800257,-0.01875743,-0.00220559,-0.02819448,-0.00227409,-0.02190617,-0.01310825,0.00227934,-0.01521605,-0.00419164,-0.01994905,0.01984777,-0.03481161,0.05078915,-0.00042958,-0.00382182,-0.02431526,-0.02171442,-0.00870549,-0.00550045,-0.0159511,-0.01293933,-0.01663744,-0.02081655,-0.0199673,0.04202899,-0.02279801,-0.00739516,-0.01515061,0.02113375,-0.00553088,-0.00592809,-0.012848,-0.01073413,-0.02501382,-0.02260013,-0.01333503,0.01181995,-0.0004722
"Np2_504044",-0.02173118,0.01808241,-0.02695878,0.00817201,0.01260826,-0.024154,-0.00246279,0.0035425,-0.0295429,-0.02127609,-0.00652771,-0.00801305,-0.04066784,-0.03177092,-0.02058365,0.00492587,-0.02675175,-0.01887006,-0.01478079,-0.01085437,-0.0112531,-0.02875916,-0.01788996,0.00542961,-0.00938882,-0.01310978,-0.00625376,-0.02056083,-0.02658441,-0.00508801,-0.01629505,0.00218499,-0.01073718,0.01509043,-0.00150098,-0.0146773,-0.00123769,-0.02061106,-0.00892617,-0.00088918,-0.00217821,-0.00717906,-0.0108711,-0.00762952,-0.02629222,-0.01353895,0.00948538,-0.02657372,-0.01609266,-0.00844982,0.04179461,-0.01304737,-0.02106914,-0.00435447,-0.01824912,-0.00673011,0.99948488,-0.01456925,-0.01760232,-0.00864005,0.00354858,-0.02626479,0.00767893,-0.00392378,-0.01317215,0.00696518,-0.00307916,-0.00949991,-0.02424528,-0.01145551,-0.01351916,-0.00203515,0.00397622,-0.01552803,-0.01408689,-0.02421483,-0.0056922,-0.01385852,-0.01612765,-0.00692339,-0.00600115,-0.02071303,-0.02820214,-0.01348565,0.00014112,-0.01514146,-0.00610614,-0.02025497,0.00686625,0.00854639,0.01287154,-0.01516278,-0.00460255,-0.00330438,-0.01656136,-0.02079673,-0.01031714,-0.00303045,-0.01455253,-0.01390876
"Np2_502550",0.00715085,-0.01649745,-0.00629486,-0.02184224,-0.01542758,-0.01901311,0.00343901,0.01872769,-0.02942418,-0.01035214,-0.00351745,-0.00561154,-0.03172228,0.00639448,-0.02868302,-0.02615368,0.00349988,-0.02179508,-0.01329241,-0.02519341,-0.00672098,-0.01950924,-0.00544413,-0.00236539,-0.00774824,0.00588008,-0.02257122,-0.00568002,-0.0285963,-0.01577455,-0.0027839,-0.01093656,0.00581769,-0.01264105,-0.02451469,-0.0121236,-0.02425137,-0.02003579,-0.01459057,-0.01081479,-0.01514754,0.0037449,-0.00709992,-0.0189248,-0.0226732,-0.00641965,-0.02128979,-0.00530107,-0.01825676,-0.00924423,0.00812787,0.00670341,-0.00116616,-0.00438794,0.00241479,0.00130231,-0.01456925,0.99667816,0.00321377,-0.02663155,0.0102113,0.03016297,-0.00970384,0.01095702,-0.01731466,-0.01665726,-0.01772256,-0.0207952,-0.01499536,-0.01559804,-0.01827042,-0.00085113,-0.01249342,-0.00232126,-0.01975131,-0.01100807,-0.00679098,-0.00536956,0.03482144,0.01130553,-0.00923055,-0.01176748,-0.00784259,-0.02036752,-0.0239379,-0.01578368,-0.01420552,-0.01496191,-0.00792933,-0.00518389,-0.02779579,-0.01002191,-0.00783195,-0.02723114,-0.02466074,0.00443279,-0.00502409,-0.02726165,-0.00712885,-0.01028976
"Np2_503828",-0.0156665,-0.00309437,-0.00217516,-0.02350561,-0.00598134,-0.0148934,-0.02029145,-0.01048151,-0.01799951,-0.00547151,-0.00137618,-0.02979854,-0.00477451,0.00290483,-0.01284495,0.03427501,-0.03134013,-0.00382639,-0.00430273,0.00434147,0.0089649,-0.00245366,-0.02552209,0.01408141,-0.01245536,-0.01937223,-0.00566783,-0.01662678,-0.02158504,0.00478128,-0.02103564,-0.01123026,-0.00817282,-0.01734816,-0.01978622,-0.00419924,0.00817505,-0.03311315,-0.02066736,-0.00593417,-0.01422376,-0.00248409,0.02897892,0.00284851,-0.01094415,-0.02649762,0.01509344,0.00734106,-0.00241866,-0.02338691,-0.00357984,-0.02037512,-0.00846046,-0.00163794,-0.02466376,-0.01527538,-0.01760232,0.00321377,0.97889115,-0.01977247,-0.01854126,-0.00330743,-0.00999755,-0.02875298,-0.03039201,0.00222456,-0.01938594,-0.01956702,0.01514823,-0.03704567,0.00730758,-0.0108848,-0.01796147,0.00468998,-0.01547939,-0.01054084,-0.00617157,-0.0064242,0.00728628,-0.00633746,-0.00024087,-0.01875739,-0.00402727,-0.01685657,-0.03077562,0.00918556,-0.00825957,-0.02469118,-0.01111458,-0.01841346,-0.02808947,-0.02583865,-0.01543062,0.00078183,0.01446187,-0.01640612,-0.01871022,-0.01035824,-0.02507622,-0.00297413
"Np2_503476",0.00242697,-0.02685221,-0.01117091,-0.01956551,0.03007014,-0.0153667,-0.01482948,0.00411167,-0.01268972,-0.01081478,-0.02285124,-0.01307476,-0.01742277,-0.01293932,-0.01407918,-0.01946354,-0.01994291,0.00315746,0.001768,-0.00648052,-0.0073358,-0.01905875,0.01585591,-0.02519946,0.00320312,-0.00234408,-0.00461927,-0.02303536,-0.01307934,-0.02065059,-0.00294218,-0.00409423,-0.01655982,-0.01447336,0.00439474,-0.02795708,-0.02303994,-0.02765118,-0.01459664,0.00439778,-0.01758861,-0.0175673,-0.01319345,-0.01436528,-0.01354807,-0.0137307,-0.01444748,-0.01322085,-0.01491472,-0.00879375,-0.01516275,-0.01460879,-0.0176084,-0.00530715,-0.02635456,-0.01240058,-0.00864005,-0.02663155,-0.01977247,0.98464156,-0.00318719,-0.01686876,-0.02690701,-0.01446421,0.26331081,-0.02442486,-0.02366392,-0.01136571,-0.01515363,-0.00129856,-0.02010273,-0.03144674,-0.01006451,-0.01298041,-0.01762676,-0.00431794,-0.03312532,-0.02044208,-0.0149497,0.00536417,-0.01988971,-0.01299106,-0.0314376,-0.01017711,-0.02911832,-0.00285391,-0.00234104,-0.01572892,-0.0080876,-0.02071301,-0.02962808,0.00823441,0.00479347,-0.00197427,-0.01416593,-0.00713948,-0.00655204,0.01443145,-0.02067955,-0.02840604
"Np2_503913",-0.00775583,-0.00598894,-0.01054845,0.01788604,-0.00872374,-0.00911334,-0.01603325,-0.00363615,-0.0149588,-0.01156199,0.01383942,-0.02538814,-0.01649592,-0.01536058,-0.02928408,-0.02416758,-0.0252557,-0.02665739,0.0039123,-0.01635893,-0.0006259,-0.01691442,0.00080313,-0.01027147,-0.01428463,-0.01967963,0.00163407,0.00924186,-0.02234899,-0.02824618,-0.0093203,-0.00484146,-0.02065514,-0.01887305,-0.01217991,-0.01789905,-0.02104778,-0.00450512,-0.01458292,-0.0193296,-0.02077079,-0.02211916,-0.00267889,0.00817198,-0.01536059,-0.02330472,-0.00378071,-0.03116511,-0.02874998,-0.01197596,-0.01058345,-0.01413851,-0.01013755,-0.00346722,0.00090053,0.00130991,0.00354858,0.0102113,-0.01854126,-0.00318719,0.96442531,-0.00346265,-0.02887169,-0.01642891,-0.01335018,-0.00447469,-0.01527993,-0.01013449,0.00023092,-0.00980731,-0.01689309,-0.01088783,-0.00746363,0.01427467,-0.02156991,-0.01526165,0.01634895,-0.02012399,-0.01174007,5.133e-05,-0.0003961,-0.03626185,-0.00829153,-0.01214182,-0.01723402,0.01024781,-0.00384921,0.07544454,-0.00152988,-0.02754767,-0.00496017,-0.00377464,-0.00812869,-0.01367891,-0.00532541,-0.02036599,0.00731062,-0.00503475,-0.00772997,-0.02108736
"Np2_502086",-0.0011966,-0.01571368,-0.00490235,-0.01329694,-0.03123214,-0.0221862,-0.02499707,-0.0165568,-0.01707422,-0.01306866,-0.00851677,-0.01228492,-0.00734952,0.05405171,-0.00294066,-0.0051291,0.00230521,-0.03425154,-0.00474711,-0.02227901,-0.00958969,-0.02389981,-0.00922596,-0.01497406,-0.01929159,-0.02225162,0.00134492,-0.00854873,-0.00011456,-0.01499078,-0.02163221,-0.00528282,-0.00937814,-0.03103279,0.00457585,0.00250915,-0.01677137,-0.0227523,-0.01852459,-0.02311906,-0.01390722,-0.01555996,-0.00448991,-0.01707573,-0.01534539,-0.03226855,-0.0173101,-0.02293188,0.00337661,-0.01104763,0.0102813,-0.01944984,0.04512139,-0.00223451,-0.01049824,-0.01800257,-0.02626479,0.03016297,-0.00330743,-0.01686876,-0.00346265,0.98561265,-0.01622503,-0.01458748,-0.02216178,-0.0167866,-0.01739534,-0.01696769,-0.02501684,0.03251579,-0.01870413,-0.00995951,-0.01977553,-0.00366811,-0.00466192,-0.00337591,-0.02229117,-0.00991231,-0.01126831,-0.01956552,-0.00098963,-0.0134187,-0.00477602,-0.01060476,-0.01889289,0.02122047,-0.01829172,0.00728021,-0.00273216,-0.00622637,0.00099032,-0.02917459,-0.00233039,0.00444647,0.01477842,-0.0078715,-0.02798143,-0.02236883,-0.00314916,-0.00646226
"Np2_501594",0.00885381,-0.00535891,-0.02026713,-0.01192119,0.00195062,0.00049572,-0.0077939,-0.01396355,-0.01950313,-0.00880136,-0.00911945,0.00065704,-0.01099593,-0.01762211,-0.01769667,-0.00375334,2.85e-05,-0.01111309,0.01291264,-0.02242513,-0.02054105,0.00289114,-0.00967645,-0.00781521,-0.01715491,-0.01722339,-0.00823675,-0.00930358,0.01084898,-0.00889724,-0.00945121,0.00218043,-0.01089393,-0.01169901,-0.01109332,-0.00068069,-0.00976471,-0.01544127,4.829e-05,0.01234649,-0.02242359,0.03086303,-0.00265759,-0.00109007,-0.01138247,-0.01750038,0.01039393,-0.01151181,-0.00042197,-0.01210687,-0.02928112,-0.02613998,-0.01209469,-0.01577302,-0.0238846,-0.01875743,0.00767893,-0.00970384,-0.00999755,-0.02690701,-0.02887169,-0.01622503,0.99795366,-0.01412485,-0.01545951,-0.01678053,-0.00658401,-0.02183159,-0.00963992,-0.02454814,-0.0148934,-0.0183237,-0.01870416,-0.02770754,-0.00648208,-0.00336982,-0.02882912,-0.00381878,-0.0266331,-0.00236235,0.01103923,-0.02132633,-0.01983643,-0.02003424,-0.01340809,-0.0029711,-0.01235036,-0.01584612,-0.01550975,0.00108468,0.00480108,-0.00040523,-0.01571675,-0.0072658,-0.01321783,0.00354858,0.00337509,-0.00105659,-0.02262299,-0.02350109
"Np2_503559",-0.01948943,-0.02380999,-0.00843307,-0.01408831,-0.02060951,-0.00334547,-0.01863566,-0.00684728,-0.00386443,-0.02070841,-0.02726616,0.0051861,-0.01635898,0.00121252,-0.01088478,-0.01976943,-0.02344471,-0.00993211,-0.00903878,-0.01470011,0.04105798,0.01959514,-0.00773453,-0.01622197,-0.0059296,-0.00828088,-0.01192574,-0.00203514,-0.01445053,4.524e-05,-0.02166264,-0.01261821,0.01524563,-0.00549587,-0.02969662,-0.00026066,0.00130839,-0.00238974,-0.00501039,-0.02375824,0.00234631,-0.00432859,-0.0229349,0.00663491,-0.03242073,-0.00551413,-0.01871021,-0.00941771,-0.0129378,-0.01686115,-0.02520858,0.00304332,-0.00497843,-0.01641827,-0.01524646,-0.00220559,-0.00392378,0.01095702,-0.02875298,-0.01446421,-0.01642891,-0.01458748,-0.01412485,0.97824579,-0.01412634,-0.00981645,0.0303608,-0.0058885,-0.01378546,-0.00373507,-0.01645176,0.02075175,-0.02117564,-0.02272187,-0.0053011,-0.00127573,-0.01912568,-0.01892174,0.01457298,-0.03009681,-0.01258626,-0.00355701,-0.01378546,-0.02067948,-0.00690056,-0.00787758,-0.00964752,-0.002338,-0.02985176,-0.01432269,0.00339487,-0.00698577,-0.02747163,-0.00836761,-0.03121233,0.00214238,-0.0173588,-0.00961557,-0.01931138,0.00020352
"Np2_502191",0.01509193,-0.01601347,-0.01007211,-0.02379322,0.0813904,-0.02172504,-0.01951376,-0.00194231,0.00149711,-0.00438947,-0.02281772,-0.04043483,-0.01693271,-0.00301371,-0.00324046,-0.0198866,-0.02356188,-0.00670118,-0.01600434,-0.00522953,-0.02176003,-0.00958968,-0.00267737,-0.01725227,-0.01472141,-0.00291935,0.02585148,-0.02498027,0.02073956,-0.00874656,-0.01523579,-0.00893072,-0.0212441,-0.02935414,-0.01337761,-0.02929325,0.00210432,-0.00965969,-0.02125935,-0.01352673,-0.02227288,-0.02651279,-0.01346433,0.00788739,-0.03147258,-0.03135083,0.01069676,-0.00131683,-0.01548997,-0.00039001,-0.00386746,-0.02218461,-0.01498773,-0.01044799,-0.0133852,-0.02819448,-0.01317215,-0.01731466,-0.03039201,0.26331081,-0.01335018,-0.02216178,-0.01545951,-0.01412634,0.9685745,-0.02058668,-0.03032661,-0.01254969,-0.01740292,-0.00522193,-0.02098234,-0.02502139,-0.01414005,-0.00883788,-0.03844291,-0.02239462,-0.01924285,-0.00960336,-0.02967829,-0.00860351,-0.02198683,-0.0181319,-0.02364257,-0.01394827,-0.00580024,-0.01469096,-0.00398161,-0.00625985,-0.01627217,-0.01033082,-0.01331063,-0.0144079,-0.00993515,-0.00376702,-0.01139308,-0.01091065,0.00915664,0.02237863,-0.03190786,-0.02000227
"Np2_500137",-0.03234165,0.00290635,-0.00895813,-0.02389676,-0.0060681,0.00571725,-0.00409424,-0.00919859,0.01919947,-0.00738451,-0.01470319,-0.00857918,-0.02677622,-0.01026998,-0.02069324,-0.00203211,-0.01164268,-0.0066525,-0.00819415,-0.03531384,-0.00390553,-0.0049754,-0.01221645,-0.00883334,-0.01999929,-0.00895813,-0.0091027,-0.02325758,-0.01573654,-0.01615503,-0.03436266,-0.00264238,-0.00734647,0.01087181,-0.01226364,0.00423647,-0.00682599,-0.00808914,-0.02668944,-0.02550082,0.00395188,0.01919185,-0.01128506,-0.00530412,-0.01316154,-0.02156225,-0.00614723,-0.01055151,0.02412732,-0.01845154,-0.01903745,-0.00478668,-0.01904811,-0.02561798,-0.00968406,-0.00227409,0.00696518,-0.01665726,0.00222456,-0.02442486,-0.00447469,-0.0167866,-0.01678053,-0.00981645,-0.02058668,1.00428856,-0.01582023,-0.02467597,-0.00533151,-0.00897791,-0.00951969,0.0103346,0.00462759,-0.01670292,-0.02515399,-0.02082412,0.00272069,-0.00909813,-0.03358653,-0.01083763,0.00012895,-0.02477946,-0.00350528,-0.01557366,-0.00453406,-0.01296824,-0.00971601,-0.01032021,-0.00663574,-0.00921685,-0.01767539,-0.02318607,-0.02297455,0.00145601,0.00783112,-0.02197161,0.00174822,-0.00450971,0.00892687,0.0005916
"Np2_500273",-0.01392704,-0.02159571,-0.02082869,-0.014309,-0.01793867,-0.00889269,0.00777633,-0.0055461,-0.01778191,-0.01925505,-0.01394225,-0.00051328,0.01218368,-0.00342157,0.00426538,0.00283787,-0.02260011,-0.00726124,-0.02447814,-0.01994296,-0.02323324,-0.00056198,-0.01784735,0.01338594,-0.03628327,-0.01124093,-0.00712427,-0.02264883,-0.035673,-0.01828564,0.00140122,0.01942472,0.01000281,0.00021874,-0.00298023,-0.01417813,0.01417578,-0.00489321,-0.0073617,-0.01834803,-0.01217991,-0.0098758,0.00165082,-0.01854434,-0.03492425,0.01222323,-0.01132158,-0.02105239,8.177e-05,-0.01555999,0.00226869,-0.00098201,-0.0134172,-0.00218125,-0.00953187,-0.02190617,-0.00307916,-0.01772256,-0.01938594,-0.02366392,-0.01527993,-0.01739534,-0.00658401,0.0303608,-0.03032661,-0.01582023,0.9994179,-0.00123921,-0.00791869,-0.01339133,-0.00921532,-0.01218905,-0.00556893,-0.01122419,0.00680542,-0.00317046,-0.02558603,-0.00529346,-0.01912877,-0.0088592,-0.02315566,-0.01214795,-0.00335309,-0.02531359,-0.01670903,0.00651166,-0.03132653,-0.01290738,0.00553918,-0.0315883,-0.00565262,-0.02044671,5.68e-06,-0.01361045,-0.03036774,-0.00614419,-0.00890485,-0.02155464,0.00146972,0.02144118
"Np2_504121",0.00567615,-0.0035144,-0.00837829,-0.00611983,-0.01401071,-0.01029128,-0.02558147,-0.00877093,0.00562593,-0.0278064,-0.01275365,-0.00145532,-0.01676076,-0.01532104,0.00819331,-0.00814848,-0.00573632,0.00610228,-0.02511578,-0.01007973,-0.02189246,-0.00089527,-0.00570132,-0.01890656,-0.00983167,-0.01948791,-0.01598,-0.00319785,-0.01911354,-0.02272795,-0.00715014,-0.02489055,-0.01909373,-0.01244168,-0.0255328,-0.0055324,-0.02283449,-0.00720492,-0.01652181,-0.0132026,0.00300984,-0.00868722,0.00010003,-0.0146164,-0.01775604,0.00975932,-0.00389334,0.00859508,-0.01105678,0.00023852,-0.01084827,-0.0148599,-0.00157554,-0.00190578,-0.01488731,-0.01310825,-0.00949991,-0.0207952,-0.01956702,-0.01136571,-0.01013449,-0.01696769,-0.02183159,-0.0058885,-0.01254969,-0.02467597,-0.00123921,0.98764006,-0.00703448,-0.00383248,-0.00178708,-0.03595908,0.01403423,-0.00927467,-0.01255132,-0.01233056,-0.01298345,-0.0106489,-0.00941773,-0.01451901,-0.01055305,-0.00304567,-0.00642573,-0.02564685,-0.00014955,-0.00234408,0.00303875,-0.01719752,-0.00270781,0.00414667,-0.0026378,-0.03173741,-0.00367572,-0.0277927,-0.00224212,0.00417558,0.0221123,-0.01047391,-0.01666943,-0.01526473
"Np2_504540",-0.00359049,-0.01384635,-0.02845019,-0.00534216,-0.03438699,-0.00555675,0.00593791,-0.01560259,-0.00211885,-0.00861417,-0.01288911,-0.01620068,0.00227935,-0.03174047,-0.01233513,-0.00265302,-0.01941635,-0.00468624,-0.00561915,-0.00656271,-0.01289671,-0.02492404,-0.00294522,-0.01067174,0.00753435,-0.01155747,-0.0053102,-0.01839977,-0.02092304,0.02477099,-0.01078588,-0.00858983,-0.01131549,-0.01942553,-0.00694926,-0.02971333,-0.0144475,0.00072552,-0.02274473,-0.01668614,-0.01477925,-0.01597543,-0.01799343,-0.00120725,-0.0096734,-0.00939946,0.00038462,-0.0102593,-0.01332285,-0.01450685,-0.00930967,-0.02199593,-0.00186318,0.01576458,-0.01730556,0.00227934,-0.02424528,-0.01499536,0.01514823,-0.01515363,0.00023092,-0.02501684,-0.00963992,-0.01378546,-0.01740292,-0.00533151,-0.00791869,-0.00703448,0.99147874,-0.00822915,-0.02551145,-0.00504845,-0.01440792,-0.01945444,0.00861948,-0.02083627,-0.00033522,0.00580398,-0.00711818,-0.0097845,-0.01601504,-0.00348548,-0.00336526,-0.01893392,-0.00758998,-0.01541539,-0.02022906,-0.0135283,-0.01273538,0.00020656,-0.01083915,-0.01391484,0.01749499,0.0052485,-0.00709535,-0.02015754,-0.00983015,-0.0135009,-0.01406552,-0.0026165
"Np2_503947",-0.01332437,0.00320464,-0.02053041,0.00105576,-0.00546544,-0.0120947,-0.01840588,-0.00616094,-0.01276583,-0.02108739,-0.0200358,-0.00980276,0.0050248,0.01300851,-0.01354655,0.01272391,-0.00099571,-0.00848483,-0.00926555,-0.0033607,-0.01410812,-0.00193775,-0.01420096,-0.01538344,-0.02320129,0.00260198,-0.0147397,-0.02006774,0.00891164,0.00910187,-0.00712732,-0.02258494,-0.00872223,-0.02200662,-0.00953036,-0.00642269,-0.02920352,-0.00839959,-0.00782434,-0.01211447,-0.01949096,-0.01901308,-0.00779084,-0.03300815,-0.00753671,-0.00741495,-0.01041455,-0.02166723,-0.01453426,-0.00247802,0.00378447,-0.01529364,-0.01159704,-0.01481881,-0.0032983,-0.01521605,-0.01145551,-0.01559804,-0.03704567,-0.00129856,-0.00980731,0.03251579,-0.02454814,-0.00373507,-0.00522193,-0.00897791,-0.01339133,-0.00383248,-0.00822915,0.99940573,-0.01119983,-0.02680508,-0.01440184,0.03381702,-0.01039786,-0.01550366,-0.00504692,-0.0215835,-0.01030802,-0.02423615,-0.00063807,-0.01017562,-0.02055627,-0.00797042,0.00078639,-0.025758,-0.01139616,-0.00089071,-0.00435903,-0.00191797,-0.01874677,-0.0308015,-0.02206752,0.00434147,-0.0146986,-0.00112811,-0.01012844,-0.00877703,-0.02197317,-0.00534978
"Np2_503353",-0.02314953,0.00159754,-0.01194098,-0.02992333,-0.0244218,-0.02709422,-0.02138264,-0.01081176,-0.0088942,-0.01478076,0.00635947,-0.00867048,-0.02473688,-0.02299277,-0.015458,0.00015939,-0.03288789,-0.01420095,-0.01498167,-0.00648965,0.00254719,0.01395663,0.01569459,-0.00344592,-0.00532847,0.00906078,-0.01391178,-0.00143401,-0.02511121,0.01556066,-0.01466968,-0.01993079,-0.01672114,-0.01478687,-0.01494212,-0.0179219,-0.01620068,-0.03313904,-0.00456145,-0.00428598,0.00659992,-0.01514144,-0.00498452,-0.01163506,-0.00807849,-0.0014127,-0.00608635,-0.03164456,-0.01309761,-0.01504254,0.00156863,-0.0126395,-0.00955165,-0.01049062,-0.00307915,-0.00419164,-0.01351916,-0.01827042,0.00730758,-0.02010273,-0.01689309,-0.01870413,-0.0148934,-0.01645176,-0.02098234,-0.00951969,-0.00921532,-0.00178708,-0.02551145,-0.01119983,0.98690641,-0.041348,0.00468845,0.00846878,-0.00683058,-0.00828393,0.01282587,-0.00873287,0.00726042,0.00246349,-0.011072,8.786e-05,-0.01607588,-0.01353435,-0.02836652,-0.00149336,0.0025198,0.00039375,-0.00992297,-0.01022126,-0.00102615,-0.01186337,0.00234935,-0.02785509,-0.0070223,0.00867879,-0.00580024,-0.00520977,-0.02190618,-0.00330438
"Np2_502571",-0.00816523,-0.00396335,0.00273895,0.00332334,-0.01659029,-0.01728427,-0.00244149,-0.01195926,-0.00456297,-0.01653701,0.00490761,-0.00327395,-0.01949254,-0.02566215,-0.00032153,-0.00798868,-0.0227736,-0.01550063,0.00076356,-0.03076953,0.02042305,0.019201,-0.02928266,0.00316812,-0.01088938,0.01187016,0.00015939,0.01141968,-0.01073567,0.01228257,-0.01277345,-0.01803456,-0.00417185,0.0040021,-0.02567741,-0.00978602,-0.01095634,-0.01298042,-0.00433926,-0.01456468,-0.00809217,-0.01461489,-0.02622065,-0.00608635,-0.01911813,-0.04212876,-0.02747466,-0.00752909,-0.00633139,-0.01238537,-0.03686459,0.0009751,-0.02439595,-0.01544278,-0.01777126,-0.01994905,-0.00203515,-0.00085113,-0.0108848,-0.03144674,-0.01088783,-0.00995951,-0.0183237,0.02075175,-0.02502139,0.0103346,-0.01218905,-0.03595908,-0.00504845,-0.02680508,-0.041348,0.99952749,0.03656549,-0.01444142,-0.02410998,0.00456975,0.00117751,-0.01003254,-0.00240953,-0.01222861,-0.03048195,-0.01551737,-0.02315867,0.00312398,-0.02190468,-0.02196855,-0.00821545,-0.00303654,-0.0004174,-0.01167314,-0.01191358,-0.01011931,0.00226718,0.00691342,-0.00177795,-0.01377484,-0.00953491,-0.01792346,-0.00600875,-0.00932185
"Np2_501515",-0.00489321,0.00767892,-0.01362113,-0.02049386,-0.02260166,-0.00107637,0.01057048,-0.01690531,-0.00692186,-0.03654952,-0.0166268,-0.01065501,-0.01454644,-0.02726009,-0.00602853,-0.00365137,-0.00063046,-0.01116331,-0.00585656,-0.02369284,-0.01328631,-0.02090022,-0.00805261,-0.00832198,-0.02268385,-0.00220712,-0.01665723,0.00221238,-0.00076744,-0.03284074,0.00678255,-0.01080567,-0.01520537,-0.02027168,-0.01129572,-0.01001429,-0.00616245,-0.0165568,-0.02556932,-0.02422852,-0.01547322,-0.0031248,-0.01138244,-0.00159685,-0.00960644,-0.01465903,-0.01796299,-0.00684424,0.00728934,-0.00743929,-0.00117682,-0.00747125,-0.02523296,-0.00897485,-0.01297737,0.01984777,0.00397622,-0.01249342,-0.01796147,-0.01006451,-0.00746363,-0.01977553,-0.01870416,-0.02117564,-0.01414005,0.00462759,-0.00556893,0.01403423,-0.01440792,-0.01440184,0.00468845,0.03656549,0.99146048,-0.00127725,-0.00683668,-0.01163812,-0.00179013,-0.02213137,-0.01009496,-0.02067497,0.0017056,8.177e-05,-0.01760384,-0.00897484,-0.01376267,-0.02752335,0.00297027,-0.02107068,-0.00703751,-0.01464077,-0.01685964,-0.02815343,-0.01013606,-0.00807694,0.0089512,-0.02374305,-0.0062629,-4.151e-05,-0.02130353,-0.00087549
"Np2_503464",-0.01526627,-0.01167314,-0.01699358,-0.00940859,-0.01471231,-0.02895092,-0.00832503,-0.01327719,-0.02003427,-0.00872375,-0.0277608,-0.00991842,0.0053657,-0.01176141,-0.02324996,-0.01767689,0.00041049,-0.0026652,-0.00725059,-0.00591135,-0.02274623,-0.01879396,0.00303267,-0.02006471,-0.00672859,-0.00801457,-0.0166816,-0.01805279,-0.01890201,0.01522586,-0.02961442,-0.00519911,0.01125075,-0.01481732,-0.03049564,-0.01734361,-0.00451274,0.00396406,-0.01676684,-0.01131701,-0.02980312,-0.02917306,0.00411623,-0.00649117,0.00284852,-0.00783499,-0.01707422,-0.0170651,-0.02256365,0.01019001,-0.01109329,-0.02880172,0.00213629,0.00332791,-0.00234866,-0.03481161,-0.01552803,-0.00232126,0.00468998,-0.01298041,0.01427467,-0.00366811,-0.02770754,-0.02272187,-0.00883788,-0.01670292,-0.01122419,-0.00927467,-0.01945444,0.03381702,0.00846878,-0.01444142,-0.00127725,0.99856554,-0.03364604,-0.02931612,-0.00501039,-0.01287235,-0.00479278,-0.02237338,-0.01779868,0.01390641,-0.00408358,-0.01386917,-0.00678643,-0.03089582,0.0834527,-0.01729037,-0.01527994,-0.02927506,0.00868336,-0.01295911,-0.02583566,-0.02088497,-0.0018784,-0.00352658,-0.00202602,0.00434757,-0.01584916,-0.00516107
"Np2_500784",-0.01519483,-0.00581854,-0.01007371,-0.02227305,-0.01798898,-0.00239889,-0.01099293,-0.0148798,-0.01494066,-0.01626163,-0.01551441,-0.02734852,0.00315444,-0.02508244,-0.00826419,-0.02293202,0.0067217,-0.00868119,-0.02224568,-0.00310048,-0.01278264,-0.00426471,-0.01789767,-0.03064641,-0.01487523,-0.02514027,-0.00413078,-0.00717605,-0.01852621,-0.02122752,-0.01386774,-0.01030199,0.00523484,-0.01489805,-0.0126183,0.00799096,-0.01220281,-0.02746721,0.01358995,-0.02859491,-0.01268676,0.00057486,-0.00874814,-0.00946342,-0.01168995,0.00745525,-0.0241556,-0.01988522,-0.01138254,-0.0191106,-0.00493433,-0.02431692,0.00677345,-0.01851552,-0.01719151,0.05078915,-0.01408689,-0.01975131,-0.01547939,-0.01762676,-0.02156991,-0.00466192,-0.00648208,-0.0053011,-0.03844291,-0.02515399,0.00680542,-0.01255132,0.00861948,-0.01039786,-0.00683058,-0.02410998,-0.00683668,-0.03364604,1.08105309,0.01747679,0.00419235,-0.01051808,0.00943217,-0.01727978,-0.01042224,-0.00611074,-0.00066395,-0.0115149,-0.00169274,-0.02306289,-0.00657035,-0.01478393,-0.01125162,-0.01641993,0.003124,-0.00527828,0.00330358,-0.00118138,-0.02372188,-0.00878164,-0.00515044,-0.02449655,-0.02262616,-0.01528613
"Np2_504720",-0.00340788,-0.02264272,0.006431,-0.03011811,-0.00681076,-0.01922311,-0.02096868,-0.00659314,-0.00802369,-0.01238838,-0.00372746,-0.0166268,-0.00210363,-0.01846978,-0.00226038,-0.0204284,-0.00918942,-0.01546105,-0.03343886,-0.01916375,-0.00388726,-0.01074022,-0.01752469,-0.00881506,-0.00110986,-0.02141915,-0.03495614,-0.00680314,0.00619662,-0.03059445,-0.00816827,-0.00566784,0.0039336,-0.01863415,-0.02092001,-0.01263798,-0.01974358,0.02677985,-0.01890961,0.01621658,0.00229608,-0.01214032,-0.01309302,-0.00528584,-0.02212227,-0.01058651,-0.0079552,-0.00825044,-0.02592391,-0.02893412,-0.00988797,-0.03018354,0.00745064,-0.00779388,-0.01773167,-0.00042958,-0.02421483,-0.01100807,-0.01054084,-0.00431794,-0.01526165,-0.00337591,-0.00336982,-0.00127573,-0.02239462,-0.02082412,-0.00317046,-0.01233056,-0.02083627,-0.01550366,-0.00828393,0.00456975,-0.01163812,-0.02931612,0.01747679,0.98301598,0.00684797,0.00111664,0.00447844,0.00150776,-0.01294086,-0.02308711,-0.0047045,-0.00064112,-0.0045158,-0.02010272,-0.02111173,-0.02065063,-0.01833583,-0.0247216,-0.00243844,-0.01586282,0.00215455,0.00527893,-0.0139133,0.01183209,-0.00142944,-0.00068678,-0.01388288,0.03485184
"Np2_503475",-0.02536689,-0.01325129,-0.01826737,-0.03472785,-0.02268231,0.00843074,-0.02710029,-0.00815914,-0.00654595,-0.00969316,-0.0139681,-0.01317064,0.01246217,-0.01318738,-0.02421936,0.01331286,-0.02277815,-0.01550519,0.00319398,-0.00901138,-0.01230165,-0.01200186,-0.00082831,-0.02225162,0.00097662,-0.03029011,0.01674315,0.00806699,-0.02032798,0.00801677,-0.02327887,-0.02275689,-0.0178732,-0.02309169,0.0039945,-0.0140518,-0.01643961,-0.00978905,-0.02549778,-0.0057424,-0.01798885,0.00729541,-0.01298496,-0.01248274,-0.00436056,-0.00743473,-0.00799934,-0.01179486,-0.01744559,-0.00721558,-0.0336732,-0.02018338,0.00847181,-0.01864324,0.00672624,-0.00382182,-0.0056922,-0.00679098,-0.00617157,-0.03312532,0.01634895,-0.02229117,-0.02882912,-0.01912568,-0.01924285,0.00272069,-0.02558603,-0.01298345,-0.00033522,-0.00504692,0.01282587,0.00117751,-0.00179013,-0.00501039,0.00419235,0.00684797,0.98536303,0.01644333,-0.00195753,0.00800765,-0.00628877,-0.01871784,-0.01220577,-0.02062166,0.00624533,-0.02288621,-0.00776346,-0.00638921,-0.02035839,-0.01639548,0.0101489,-0.0029711,0.00028418,-0.01668004,0.00080466,-0.01073566,-0.02141002,-0.01792801,-0.0349288,-0.01480512
"Np2_502729",-0.01344458,-0.01015581,-0.02369434,-0.01002189,-0.00452036,-0.00506214,-0.01335174,-0.00552022,-0.00025457,0.00877312,-0.0268522,-0.02011947,-0.01518409,-0.01161377,0.00322594,-0.00733275,-0.03261849,-0.0067788,-0.01090762,-0.01322085,-0.02488138,-0.02001599,-0.00016782,-0.0150471,-0.01738621,-0.00375789,-0.02094736,0.01435837,-0.00399226,0.00198106,-0.02033557,-0.00672554,-0.02558295,-0.00492973,-0.00021499,-0.0031948,-0.00071264,0.00061138,-0.01433639,-0.01071281,-0.01930677,-0.01806798,-0.0063892,-0.00497386,-0.02135371,-0.00464362,-0.0144916,0.00149711,-0.00658858,0.00029331,-0.00181448,-0.01023951,0.01735037,0.00119273,-0.01300627,-0.02431526,-0.01385852,-0.00536956,-0.0064242,-0.02044208,-0.02012399,-0.00991231,-0.00381878,-0.01892174,-0.00960336,-0.00909813,-0.00529346,-0.0106489,0.00580398,-0.0215835,-0.00873287,-0.01003254,-0.02213137,-0.01287235,-0.01051808,0.00111664,0.01644333,0.97618185,-0.02092911,-0.01598608,-0.00699796,-0.02323168,-0.02752486,-0.00154662,-0.01957467,0.00760282,-0.02293035,0.00644622,-0.01711072,-0.01619154,-0.00090896,-0.02696483,0.00490152,-0.02834663,-0.01360131,-0.00063959,0.00405688,-0.01407159,-0.0090053,-0.0042525
"Np2_501414",-0.01784433,-0.02368675,-0.0095273,-0.03116215,-0.00268042,0.0036262,-0.00329374,-0.02513863,-0.00039306,-0.00947554,-0.01557673,-0.0271064,-0.00269108,-0.01677443,-0.01578369,-0.02253773,-0.03275704,-0.00813479,-0.00541522,-0.02690399,-0.00599657,-0.02593761,-0.01308999,-0.02035995,-0.01843785,-0.01926726,-0.01028062,-0.00876028,-0.033655,-0.00135335,-0.01256038,0.02281239,-0.00822001,0.00451953,-0.0189203,-0.00896421,0.00067073,-0.01611546,-0.01888833,-0.01374286,-0.02248903,-0.01440183,-0.02083324,-0.02550535,-0.03534124,-0.00204276,0.00348009,-0.0042723,0.00620881,-0.00547609,-0.01488883,-0.01798734,-0.02570475,0.00607639,-0.02258036,-0.02171442,-0.01612765,0.03482144,0.00728628,-0.0149497,-0.01174007,-0.01126831,-0.0266331,0.01457298,-0.02967829,-0.03358653,-0.01912877,-0.00941773,-0.00711818,-0.01030802,0.00726042,-0.00240953,-0.01009496,-0.00479278,0.00943217,0.00447844,-0.00195753,-0.02092911,0.99949705,0.00579029,-0.0231161,0.03476512,-0.01290128,-0.00031544,-0.01803913,-0.00958056,-0.02687355,-0.02610807,-0.02592387,-0.01906941,-0.00119964,-0.01873308,-0.01669532,0.02691073,0.02004561,0.03178988,-0.0155615,0.02611943,-0.02497124,-0.00241258
"Np2_504780",0.00596988,-0.01372156,-0.02178137,-0.01678355,-0.01326043,-0.00619289,-0.00732972,-0.01593437,-0.00518998,-0.00224973,0.01462929,-0.02094587,0.00864381,-0.01700575,-0.00627506,-0.00968099,-0.01609565,-0.01034454,-0.02314802,-0.02363501,-0.0129241,-0.00912401,-0.00251606,0.00710671,-0.01912573,0.02022215,-0.00746821,-0.00883942,-0.02201574,-0.00371529,-0.0173573,-0.02322716,-0.01743034,-0.00682142,-0.02539128,-0.03704569,-0.0201058,-0.00325873,0.00370839,-0.01473512,-0.01830694,-0.01235035,-0.02821733,0.00439626,-0.00087396,-0.00942686,-0.01212207,-0.01013451,0.00567312,-0.02777448,-0.01755514,0.01511019,0.0191112,0.006606,-0.02052887,-0.00870549,-0.00692339,0.01130553,-0.00633746,0.00536417,5.133e-05,-0.01956552,-0.00236235,-0.03009681,-0.00860351,-0.01083763,-0.0088592,-0.01451901,-0.0097845,-0.02423615,0.00246349,-0.01222861,-0.02067497,-0.02237338,-0.01727978,0.00150776,0.00800765,-0.01598608,0.00579029,0.99416369,-0.01832524,0.00181366,-0.00719732,-0.02154849,-0.01142204,-0.0232043,0.00013656,-0.00275043,-0.00287065,-0.01519169,-0.02349803,-0.01561629,0.00011829,-0.01760686,-0.01290584,-0.00877093,-0.01229252,-0.01307175,-0.02855067,-0.01588414
"Np2_500220",-0.0291762,-0.02040868,0.00942605,-0.01829631,-0.0112729,-0.01577155,-0.01219059,-0.01105528,0.00942909,-0.00163186,-0.01092896,-0.0206324,-0.00626139,-0.01167011,-0.0263546,-0.02139027,-0.01426031,-0.00074765,0.00258068,-0.02332155,-0.0116975,-0.01474581,-0.00676817,-0.01160315,0.00081988,-0.00822764,-0.0085244,-3.45e-06,-0.01333199,-0.01572893,-0.0045645,-0.01043435,-0.01361657,-0.02187882,-0.02994781,-0.01040391,-0.02146638,-0.00066242,-0.0078487,0.00094924,0.00148645,-0.00107941,-0.01679423,-0.02298821,0.02759414,-0.01093961,-0.00252519,-0.01651725,-0.01212364,0.0060201,-0.01830697,-0.00770867,-0.01086048,-0.0227569,-0.03147724,-0.00550045,-0.00600115,-0.00923055,-0.00024087,-0.01988971,-0.0003961,-0.00098963,0.01103923,-0.01258626,-0.02198683,0.00012895,-0.02315566,-0.01055305,-0.01601504,-0.00063807,-0.011072,-0.03048195,0.0017056,-0.01779868,-0.01042224,-0.01294086,-0.00628877,-0.00699796,-0.0231161,-0.01832524,1.01960067,-0.00685187,0.02111857,0.00509328,-0.0141523,0.01013371,-0.00989865,-0.01232909,-0.01594959,0.00110142,-0.02835892,-0.00769347,-0.01433036,-0.03296863,-0.00406989,-0.00176122,-0.00558719,-0.02067199,-0.01849724,-0.01572285
"Np2_502171",-0.01619005,-0.01290127,-0.01943921,-0.01535452,-0.00711362,-0.01161226,-0.00833568,-0.00065634,0.01937142,-0.00964751,-0.00950904,0.00224587,0.00459412,-0.00157554,-0.00012825,-0.01662223,0.00024765,-0.0146986,-0.03435047,-0.0196188,-0.03554055,-0.01271713,-0.00808761,-0.02053192,-0.01708794,0.01358529,-0.01547475,-0.00756256,0.01182906,-0.0266361,-0.01425421,-0.01221036,-0.01676224,-0.02319823,-0.0128526,-0.01187553,-0.02141612,-0.02404894,-0.03199617,-0.02289383,-0.01946507,0.00079705,-0.02328799,0.01876113,-0.00157554,-0.01210687,-0.02028078,-0.0266635,0.00801527,-0.00793085,0.00715845,-0.01313716,0.00577811,0.01199188,-0.00281587,-0.0159511,-0.02071303,-0.01176748,-0.01875739,-0.01299106,-0.03626185,-0.0134187,-0.02132633,-0.00355701,-0.0181319,-0.02477946,-0.01214795,-0.00304567,-0.00348548,-0.01017562,8.786e-05,-0.01551737,8.177e-05,0.01390641,-0.00611074,-0.02308711,-0.01871784,-0.02323168,0.03476512,0.00181366,-0.00685187,0.99093384,0.00884163,-0.00870547,-0.01897203,-0.01705748,-0.03739419,0.00202672,-0.00478972,-0.00569676,-0.01537278,-0.00612136,-0.00636639,0.00436734,-0.01360742,-0.01023344,-0.01497253,0.02579526,-0.0123595,-0.0213035
"Np2_500366",-0.01515669,-0.00456296,0.01522739,-0.01188619,-0.01384179,-0.01666639,0.00365511,-0.00281891,0.01157795,-0.0206369,0.00522111,-0.0069173,-0.00061221,-0.01149964,0.00060072,-0.01071891,-0.02626475,-0.02431833,-0.01307629,-0.00625833,-0.00924423,-0.01183598,-0.01907701,-0.01082393,0.00677342,-0.03271142,-0.01946356,-0.00607266,-0.02974987,0.00331269,-0.01991708,0.00860727,-0.02607758,-0.00603309,-0.01181925,-0.01495123,-0.0200784,-0.01662376,-0.02381005,-0.00466341,-0.01386613,-0.02495444,0.0087914,-0.00942532,0.00021874,-0.00605136,-0.01270342,0.0020678,-0.02367157,-0.01435466,-0.00641812,-0.01803908,-0.00932032,-0.00615026,-0.02095804,-0.01293933,-0.02820214,-0.00784259,-0.00402727,-0.0314376,-0.00829153,-0.00477602,-0.01983643,-0.01378546,-0.02364257,-0.00350528,-0.00335309,-0.00642573,-0.00336526,-0.02055627,-0.01607588,-0.02315867,-0.01760384,-0.00408358,-0.00066395,-0.0047045,-0.01220577,-0.02752486,-0.01290128,-0.00719732,0.02111857,0.00884163,0.99300082,-0.00249779,0.00214999,-0.02743812,0.01599136,-0.03300822,-0.01669223,0.00492435,-0.01966596,0.04345955,-0.00487648,-0.0329503,-0.01318282,0.00723606,-0.02139633,-0.00680469,-0.01056522,-0.00763866
"Np2_502686",-0.02037667,-4.303e-05,-0.00292848,-0.01908458,-0.01008276,0.00246349,-0.00110833,-0.02325755,-0.01601347,0.00975473,-0.03271898,-0.03603056,-0.01983339,-0.00971904,-0.00857612,-0.00695989,-0.01322235,-0.0135587,-0.00170794,-0.00417336,-0.01583388,0.0015108,0.01709774,-0.01178269,0.00261872,-0.00231973,0.00590594,-0.00353113,-0.01731619,-0.00388573,-0.00443969,-0.00650487,-0.0305366,-0.03103733,-0.01840891,-0.00997471,-0.01494968,-0.01712594,-0.02202942,-0.00546999,-0.00493277,-0.02621754,-0.00829913,0.00650859,-0.02722049,-0.01279321,-0.01244469,0.00232652,0.06059422,0.01010172,-0.00905093,-0.02341123,-0.00906159,-0.00710903,0.00106337,-0.01663744,-0.01348565,-0.02036752,-0.01685657,-0.01017711,-0.01214182,-0.01060476,-0.02003424,-0.02067948,-0.01394827,-0.01557366,-0.02531359,-0.02564685,-0.01893392,-0.00797042,-0.01353435,0.00312398,-0.00897484,-0.01386917,-0.0115149,-0.00064112,-0.02062166,-0.00154662,-0.00031544,-0.02154849,0.00509328,-0.00870547,-0.00249779,0.97007831,-0.01707119,0.00356227,0.00300983,-0.02377043,-0.02039032,-0.01566648,-0.0174288,0.01130248,-0.01496644,-0.01260296,0.00990388,0.00688603,-0.01733292,0.00136775,-0.00619746,-0.02777292
"Np2_504061",0.00999067,-0.0224845,-0.00025913,-0.02098089,-0.00863093,0.00787222,-0.03694228,0.00574008,-0.0267366,-0.00796892,0.00130079,-0.02544759,-0.02218627,-0.02774713,0.01144251,-0.00474711,-0.01222709,0.02380924,0.00674451,0.00169191,-0.0130124,-0.003277,0.00728782,-0.02144051,-0.00414751,-0.01821719,-0.02338393,-0.01653704,-0.02377811,0.01704604,-0.00603158,-0.03335981,-0.00275652,-0.02243277,-0.00539088,-0.00791413,-0.00467103,0.0245032,-0.01662076,-0.00462689,0.00854184,-0.01335176,-0.00075983,-0.02293343,-0.01389814,-0.02199448,-0.00871006,0.03421576,-0.01693885,-0.01660096,-0.01170814,-0.03063409,-0.01050132,-0.00794,-0.00661598,-0.02081655,0.00014112,-0.0239379,-0.03077562,-0.02911832,-0.01723402,-0.01889289,-0.01340809,-0.00690056,-0.00580024,-0.00453406,-0.01670903,-0.00014955,-0.00758998,0.00078639,-0.02836652,-0.02190468,-0.01376267,-0.00678643,-0.00169274,-0.0045158,0.00624533,-0.01957467,-0.01803913,-0.01142204,-0.0141523,-0.01897203,0.00214999,-0.01707119,1.01803597,-0.00548675,-0.02841067,0.00294441,-0.02441726,-0.00645314,0.03089657,-0.02194426,-0.02264586,-0.01754297,-0.01847285,-0.00642423,-0.00811958,-0.02411751,-0.01052872,-0.01429838
"Np2_500028",-0.01000973,0.00682363,-0.00169273,-0.01693573,0.00074073,0.00582986,0.0083455,-0.01989121,-0.01036432,-0.01944679,0.00793308,-0.02703332,-0.01753234,0.01236627,-0.01966747,-0.02596494,-0.01853062,-0.00532238,-0.00138531,-0.01769971,-0.00653226,-0.01460272,-0.01986533,-0.00856852,-0.022626,-0.03319535,-0.00944663,0.00044398,-0.00040523,-0.0248692,-0.03074971,-0.01805279,-0.01286473,-0.02356195,-0.00362855,0.00374033,-0.00443056,-0.00386747,0.00979585,-0.01549604,-0.01039323,-0.00748038,0.0054159,-0.01599672,0.00201759,-0.00866592,-0.02049231,0.01391095,-0.02095958,-0.00433773,-0.01481577,-0.02689328,0.01378465,-0.00785171,-0.01033235,-0.0199673,-0.01514146,-0.01578368,0.00918556,-0.00285391,0.01024781,0.02122047,-0.0029711,-0.00787758,-0.01469096,-0.01296824,0.00651166,-0.00234408,-0.01541539,-0.025758,-0.00149336,-0.02196855,-0.02752335,-0.03089582,-0.02306289,-0.02010272,-0.02288621,0.00760282,-0.00958056,-0.0232043,0.01013371,-0.01705748,-0.02743812,0.00356227,-0.00548675,0.9829003,-0.01782146,0.02159946,-0.01261058,-0.01519167,-0.0236502,-0.00602853,-0.01662225,-0.01212815,-0.00849242,-0.01318433,-0.00498756,-0.01170206,-0.01820194,-0.01070978
"Np2_500655",0.00891773,0.00748869,-0.01974664,-0.01322695,-0.02035691,-0.00781064,-0.03664546,-0.01116027,0.03139113,-0.01969487,-0.01636048,0.0208096,0.00626513,-0.01573195,-0.03528639,-0.00916813,-0.01816995,-0.00085265,0.00369317,-0.0007507,-0.01652028,-0.02733011,-0.0053513,-0.01292563,-0.01724318,0.00475543,0.00080618,-0.02598019,-0.01374135,-0.00426772,0.0009614,-0.02073587,-0.00793846,-0.02396221,-0.02259561,-0.03622845,-0.02415853,-0.03150913,-0.01099743,-0.01985315,-0.01992468,-0.01488122,0.00181974,-0.00680923,-0.01634071,0.00447845,-0.01297888,-0.00186013,-0.014968,-0.01173857,-0.02799971,-0.02531512,-0.00639986,-0.02179656,-0.02412505,0.04202899,-0.00610614,-0.01420552,-0.00825957,-0.00234104,-0.00384921,-0.01829172,-0.01235036,-0.00964752,-0.00398161,-0.00971601,-0.03132653,0.00303875,-0.02022906,-0.01139616,0.0025198,-0.00821545,0.00297027,0.0834527,-0.00657035,-0.02111173,-0.00776346,-0.02293035,-0.02687355,0.00013656,-0.00989865,-0.03739419,0.01599136,0.00300983,-0.02841067,-0.01782146,0.99397191,0.00019743,-0.02609888,-0.01970098,-0.00426621,-0.00977689,-0.01930531,-0.02531207,-0.00843611,-0.01784582,-0.01284497,0.01605226,-0.00901444,0.00182582
"Np2_502897",-0.00477452,0.00186235,-0.01578523,-0.0212883,0.03245648,-0.01922011,-0.01579132,-0.0100904,-0.0029985,0.01059482,0.00327618,-0.00520977,-0.01762368,0.00238284,-0.00530107,-0.00764171,-0.02957941,-0.008914,-0.03191402,-0.00363768,-0.00890639,0.01574333,-0.0103689,-0.01626918,-0.04128417,-0.0150243,-0.03358348,-0.01654007,-0.01297587,-0.02526493,0.00096597,-0.02697098,-0.01599981,-0.0376545,-0.02319981,-0.00106876,-0.02339306,0.00715085,-0.00947101,-0.01254365,-0.00120117,-0.01776821,-0.01598154,-0.01015278,-0.01161836,-0.02123658,-0.005365,0.01214561,-0.02029,-0.0222349,-0.01521148,-0.00963535,0.0063884,-0.02620543,-0.03325171,-0.02279801,-0.02025497,-0.01496191,-0.02469118,-0.01572892,0.07544454,0.00728021,-0.01584612,-0.002338,-0.00625985,-0.01032021,-0.01290738,-0.01719752,-0.0135283,-0.00089071,0.00039375,-0.00303654,-0.02107068,-0.01729037,-0.01478393,-0.02065063,-0.00638921,0.00644622,-0.02610807,-0.00275043,-0.01232909,0.00202672,-0.03300822,-0.02377043,0.00294441,0.02159946,0.00019743,1.01041949,0.02077916,-0.01650051,-0.00897944,-0.01190295,-0.01351767,-0.00902356,-0.03065083,0.00042115,-0.01344916,-0.02625116,0.01260067,-0.01004019
"Np2_501994",-0.0303099,-0.01058498,-0.01925353,0.01115941,-0.00768887,-0.00762192,-0.00358441,-0.00062285,-0.02381607,-0.01113589,-0.00977992,-0.01872241,-0.01485233,-0.01173856,-0.01135656,-0.00334851,0.00241174,-0.00644704,-0.01666332,-0.02947742,-0.01359219,-0.01192271,0.01249105,-0.00588851,-0.00320546,0.00555288,-0.00920161,-0.01209467,-0.01218294,-0.00910116,-0.0212213,-0.00791564,-0.01612,-0.02209943,-0.00536195,-0.00438491,-0.02990506,-0.01625393,-0.03348453,-0.01403352,-0.01988814,0.01665792,0.02483641,-0.00357679,-0.00062894,-0.01526929,0.00882031,0.00517697,-0.00762649,-0.00561457,0.00232195,-0.01203836,-0.00971144,-0.01749879,-0.02013164,-0.00739516,0.00686625,-0.00792933,-0.01111458,-0.0080876,-0.00152988,-0.00273216,-0.01550975,-0.02985176,-0.01627217,-0.00663574,0.00553918,-0.00270781,-0.01273538,-0.00435903,-0.00992297,-0.0004174,-0.00703751,-0.01527994,-0.01125162,-0.01833583,-0.02035839,-0.01711072,-0.02592387,-0.00287065,-0.01594959,-0.00478972,-0.01669223,-0.02039032,-0.02441726,-0.01261058,-0.02609888,0.02077916,0.97851976,-0.00185861,-0.00894745,0.00349988,-0.00876789,-0.00853502,-0.02377041,-0.02130957,-0.00793845,-0.00460863,-0.0159785,-0.01579129
"Np2_503212",-0.00854114,-0.00433926,-0.00737691,-0.01333653,-0.01087872,-0.02481296,-0.01042672,-0.02192292,-0.0102654,-0.02117412,-0.02088348,-0.01871634,-0.02534717,0.01094334,0.00706409,0.03485641,0.01109246,-0.01161531,-0.02198379,-0.01060022,-0.01221644,-0.01541693,-0.00804804,-0.00816523,0.02571611,-0.01635592,-0.01802236,-0.0052402,-0.02085152,-0.01487817,0.00176495,-0.01491016,-0.02737575,0.00301745,-0.01281303,0.01068766,-0.0014401,-0.02263971,-0.00441079,0.00880054,0.00766371,-0.02199137,-0.00742103,0.00038614,-0.00625377,-0.02256819,-0.01415376,0.00411776,-0.01005541,-0.00058633,0.00263242,-0.01340196,-0.01929313,0.00640055,-0.02119089,-0.01515061,0.00854639,-0.00518389,-0.01841346,-0.02071301,-0.02754767,-0.00622637,0.00108468,-0.01432269,-0.01033082,-0.00921685,-0.0315883,0.00414667,0.00020656,-0.00191797,-0.01022126,-0.01167314,-0.01464077,-0.02927506,-0.01641993,-0.0247216,-0.01639548,-0.01619154,-0.01906941,-0.01519169,0.00110142,-0.00569676,0.00492435,-0.01566648,-0.00645314,-0.01519167,-0.01970098,-0.01650051,-0.00185861,0.99603584,-0.00711514,-0.02388764,-0.02261082,-0.00594178,-0.01082849,-0.02282537,0.00180757,-0.02758277,-0.00060155,-0.02035082
"Np2_503270",-0.02536995,-0.01751557,-0.01979229,-0.01692508,-0.02922938,-0.01424813,-0.01188468,-0.03449049,-0.0202458,0.01024022,-0.00955774,-0.00921684,-0.03289258,-0.02460443,-0.01052563,-0.01058346,0.01009106,-0.01885634,-0.01781082,0.00589986,-0.00591286,-0.01900549,-0.00889724,-0.00718819,-0.00739668,-0.01157421,0.00136927,-0.00563283,0.03567367,-0.00735711,0.00167668,-0.02945616,-0.02305059,-0.01746384,0.00779612,-0.02592541,-0.00548522,-0.01664049,-0.00997778,-0.01000668,-0.01099132,-0.01142658,-0.01405332,-0.02405196,-0.02445225,-0.03467919,-0.01469859,0.00250763,-0.01729645,-0.02319822,0.00300071,-0.03190479,0.00999064,-0.01012385,0.01539783,0.02113375,0.01287154,-0.02779579,-0.02808947,-0.02962808,-0.00496017,0.00099032,0.00480108,0.00339487,-0.01331063,-0.01767539,-0.00565262,-0.0026378,-0.01083915,-0.01874677,-0.00102615,-0.01191358,-0.01685964,0.00868336,0.003124,-0.00243844,0.0101489,-0.00090896,-0.00119964,-0.02349803,-0.02835892,-0.01537278,-0.01966596,-0.0174288,0.03089657,-0.0236502,-0.00426621,-0.00897944,-0.00894745,-0.00711514,0.98992318,-0.0079963,-0.01235037,-0.01500903,-0.01289518,-0.02245707,0.00826332,-0.00042958,-0.00677729,-0.00354636
"Np2_503978",-0.01231385,-0.00293761,-0.00688839,-0.00858678,-0.01130332,-0.00575765,-0.00400293,0.00702454,-0.01814715,-0.00577132,-0.01065501,-0.00787912,-0.00811807,-0.00911336,-0.02242815,-0.0119851,0.01082005,-0.01264866,0.00635491,-0.00600266,-0.00381421,0.00029027,-0.01075545,-0.01985165,0.00520286,-0.01693271,-0.01890352,-0.01099133,-0.02584173,-0.01880307,0.01214561,-0.01320414,0.00111511,0.012485,-0.00669359,-0.01028215,-0.01601806,-0.00556284,0.00840487,-0.00060307,-0.0200023,-0.0312428,-0.02367304,-0.02180113,-0.01063523,-0.03029776,-0.02584017,-0.01867828,-0.01580655,-0.00603309,-0.00707557,-0.00971752,-0.03113173,-0.01182987,0.01430058,-0.00553088,-0.01516278,-0.01002191,-0.02583865,0.00823441,-0.00377464,-0.02917459,-0.00040523,-0.00698577,-0.0144079,-0.02318607,-0.02044671,-0.03173741,-0.01391484,-0.0308015,-0.01186337,-0.01011931,-0.02815343,-0.01295911,-0.00527828,-0.01586282,-0.0029711,-0.02696483,-0.01873308,-0.01561629,-0.00769347,-0.00612136,0.04345955,0.01130248,-0.02194426,-0.00602853,-0.00977689,-0.01190295,0.00349988,-0.02388764,-0.0079963,0.99777406,-0.00903423,-0.00575763,-0.01307934,-0.0080313,0.00944886,-0.01217993,-0.00498302,-0.00312176
"Np2_504472",-0.01179795,-0.00759606,-0.02083024,-0.01263648,-0.0121571,0.0037373,-0.02037976,-0.00204733,0.0036749,-0.00586416,-0.00603006,-0.02456033,-0.00592811,0.00646905,-0.01962945,0.00466259,-0.02488444,-0.0034581,-0.01930532,-0.02298824,-0.02156072,-0.01593439,-0.01267453,-0.01553109,-0.00706493,-0.0095684,-0.00727798,-0.01184511,-0.01193339,-0.01372156,-0.00316589,-0.00188296,-0.01815325,-0.02595893,0.00888883,-0.00428752,0.00793461,-0.01935249,-0.01877725,-0.0122621,-0.02161702,-0.00850765,0.00286679,-0.02661177,-0.03081675,-0.01045413,-0.02334585,-0.02531516,-0.01163816,-0.01495277,-0.01371244,0.00464737,-0.00870094,-0.02151047,0.00020656,-0.00592809,-0.00460255,-0.00783195,-0.01543062,0.00479347,-0.00812869,-0.00233039,-0.01571675,-0.02747163,-0.00993515,-0.02297455,5.68e-06,-0.00367572,0.01749499,-0.02206752,0.00234935,0.00226718,-0.01013606,-0.02583566,0.00330358,0.00215455,0.00028418,0.00490152,-0.01669532,0.00011829,-0.01433036,-0.00636639,-0.00487648,-0.01496644,-0.02264586,-0.01662225,-0.01930531,-0.01351767,-0.00876789,-0.02261082,-0.01235037,-0.00903423,1.01083045,-0.0066114,-0.00373659,-0.02212533,-0.00388422,0.00964216,-0.00461929,-0.01401987
"Np2_503645",-0.00928227,-0.00218885,-0.01709705,0.03720916,0.01196905,-0.02114065,-0.00918943,-0.03179522,-0.00902811,0.00015178,-0.00412314,-0.01276125,0.00176191,-0.0318013,-0.00646073,-0.0104754,-0.01780316,-0.01661766,-0.0035494,0.00113794,-0.02071907,-0.02239771,-0.026595,-0.00601483,-0.01078892,-0.01146614,0.00239044,-0.01800406,-0.00759148,-0.02581579,-0.03321815,-0.01321629,-0.00315828,-0.0214648,-0.01811976,-0.01196836,-0.01192117,0.07584475,-0.01747905,-0.01552951,-0.00814391,-0.0336899,-0.02825076,-0.00979055,-0.01795234,-0.02833146,-0.00454622,-0.02203853,-0.01566651,-0.01365458,-0.00876178,-0.02890517,-0.01775144,-0.01519012,-0.00671336,-0.012848,-0.00330438,-0.02723114,0.00078183,-0.00197427,-0.01367891,0.00444647,-0.0072658,-0.00836761,-0.00376702,0.00145601,-0.01361045,-0.0277927,0.0052485,0.00434147,-0.02785509,0.00691342,-0.00807694,-0.02088497,-0.00118138,0.00527893,-0.01668004,-0.02834663,0.02691073,-0.01760686,-0.03296863,0.00436734,-0.0329503,-0.01260296,-0.01754297,-0.01212815,-0.02531207,-0.00902356,-0.00853502,-0.00594178,-0.01500903,-0.00575763,-0.0066114,0.97461411,0.03728221,0.01189296,-0.00075982,0.01017936,-0.01610481,-0.01043888
"Np2_503855",-0.0038203,-0.01498927,-0.02107065,-0.01500752,-0.03735614,-0.02344021,-0.02016362,-0.02009362,0.02763211,0.01230995,-0.0108361,-0.02480075,-0.01240821,-0.00168512,-0.00084657,-0.00288283,-0.02360299,-0.0087207,-0.01771951,-0.01896743,0.00057029,-0.01450076,-0.00591438,-0.00968405,-0.00289196,-0.00661292,-0.01999773,-0.00721558,0.0024361,-0.01594043,-0.0107113,-0.01445054,-0.02250271,-0.01113287,0.05019538,-0.01168074,-0.02335193,-0.0276588,-0.01977861,-0.01204598,-0.01044345,-0.00874809,-0.01700573,0.00997693,0.00333704,-0.01586892,-0.02845624,-0.04138297,-0.00305176,-0.01047541,-0.01912722,-0.00639833,-0.03663934,-0.0048582,0.00787981,-0.01073413,-0.01656136,-0.02466074,0.01446187,-0.01416593,-0.00532541,0.01477842,-0.01321783,-0.03121233,-0.01139308,0.00783112,-0.03036774,-0.00224212,-0.00709535,-0.0146986,-0.0070223,-0.00177795,0.0089512,-0.0018784,-0.02372188,-0.0139133,0.00080466,-0.01360131,0.02004561,-0.01290584,-0.00406989,-0.01360742,-0.01318282,0.00990388,-0.01847285,-0.00849242,-0.00843611,-0.03065083,-0.02377041,-0.01082849,-0.01289518,-0.01307934,-0.00373659,0.03728221,0.98690946,-0.01536517,-0.00777714,-0.01586132,-0.02083935,-0.00695534
"Np2_504112",-0.02312216,-0.00278847,0.00665319,-0.01726445,-0.00537108,-0.00926098,-0.02074651,0.0056518,-0.00901899,-0.01505774,-0.01172335,-0.03055798,0.01653319,-0.01550824,-0.00660379,-0.0226412,-0.03575205,-0.01463013,-0.00886681,-0.00128791,-0.02390589,-0.01264865,-0.01836782,-0.01878938,-0.01519321,-0.01952292,-0.00277477,-0.01099437,-0.00895204,-0.00845742,-0.0213385,-0.00620659,-0.01014974,-0.011107,-0.02495907,-0.00237148,-0.01647766,-0.00754431,-0.0189918,-0.01384634,-0.01985315,0.01654075,-0.01697987,-0.00201993,-0.01383419,-0.00716841,0.0204215,-0.02994312,0.0051922,-0.0064927,-0.02518882,-0.02706983,-0.02580823,-0.00939793,-0.02283602,-0.02501382,-0.02079673,0.00443279,-0.01640612,-0.00713948,-0.02036599,-0.0078715,0.00354858,0.00214238,-0.01091065,-0.02197161,-0.00614419,0.00417558,-0.02015754,-0.00112811,0.00867879,-0.01377484,-0.02374305,-0.00352658,-0.00878164,0.01183209,-0.01073566,-0.00063959,0.03178988,-0.00877093,-0.00176122,-0.01023344,0.00723606,0.00688603,-0.00642423,-0.01318433,-0.01784582,0.00042115,-0.02130957,-0.02282537,-0.02245707,-0.0080313,-0.02212533,0.01189296,-0.01536517,0.99228849,-0.01262125,-0.00168208,-0.01092134,0.00159299
"Np2_502498",-0.00883789,-0.00798412,-0.00630398,-0.03098254,-0.01041455,0.00304485,-0.00554914,-0.00745756,-0.0101056,-0.0144703,0.0046915,-0.01064283,-0.00662054,-0.0114205,-0.0054076,-0.01109633,-0.00670574,-0.0058246,-0.0148234,-0.00404858,-0.02149221,-0.00932184,-0.02036755,-0.01941943,-0.02799821,-0.00889116,-0.02592844,-0.01177661,-0.00669054,-0.0065003,-0.0065977,-0.01459816,-0.026455,-0.00717145,-0.00991386,-0.01365459,-0.01665116,-0.01654462,-0.01657812,-0.01569389,-0.01378699,-0.0136135,-0.0031522,-0.02730418,0.00288505,-0.02743054,-0.01064586,-0.02387696,-0.01780932,-0.00544869,-0.01775297,0.01217299,-0.01228492,-0.0253988,-0.03168414,-0.02260013,-0.01031714,-0.00502409,-0.01871022,-0.00655204,0.00731062,-0.02798143,0.00337509,-0.0173588,0.00915664,0.00174822,-0.00890485,0.0221123,-0.00983015,-0.01012844,-0.00580024,-0.00953491,-0.0062629,-0.00202602,-0.00515044,-0.00142944,-0.02141002,0.00405688,-0.0155615,-0.01229252,-0.00558719,-0.01497253,-0.02139633,-0.01733292,-0.00811958,-0.00498756,-0.01284497,-0.01344916,-0.00793845,0.00180757,0.00826332,0.00944886,-0.00388422,-0.00075982,-0.00777714,-0.01262125,0.9890495,-0.01479145,0.01751629,-0.00832046
"Np2_503678",-0.00185557,-0.01500299,-0.00632226,-0.01867373,-0.01210688,0.00576596,-0.00374117,0.01261284,-0.03523471,-0.01981512,-0.02804693,-0.02694511,-0.02170535,-0.00869941,-0.02170986,-0.0330295,-0.00565871,-0.01969188,0.00205107,-0.02095959,-0.01618396,-0.03003755,-0.02129897,-0.01426336,-0.02177685,0.0324854,-0.00951057,-0.01088177,-0.00883943,-0.00058329,-0.01468188,-0.00852897,-0.01612461,-0.02682184,0.01061312,-0.01519475,-0.01393008,-0.01686728,-0.02816262,-0.00992907,-0.0066525,-0.01743645,-0.02051975,0.01955101,-0.00961254,-0.01253453,-0.02846998,0.00471585,-0.01782761,0.00122926,-0.00163946,-0.01767385,-0.02889157,-0.01278562,-0.02394092,-0.01333503,-0.00303045,-0.02726165,-0.01035824,0.01443145,-0.00503475,-0.02236883,-0.00105659,-0.00961557,0.02237863,-0.00450971,-0.02155464,-0.01047391,-0.0135009,-0.00877703,-0.00520977,-0.01792346,-4.151e-05,0.00434757,-0.02449655,-0.00068678,-0.01792801,-0.01407159,0.02611943,-0.01307175,-0.02067199,0.02579526,-0.00680469,0.00136775,-0.02411751,-0.01170206,0.01605226,-0.02625116,-0.00460863,-0.02758277,-0.00042958,-0.01217993,0.00964216,0.01017936,-0.01586132,-0.00168208,-0.01479145,1.01184416,-0.01293936,-0.01259996
"Np2_504255",-0.01703013,-0.00887138,0.00163559,-0.00173686,-0.01099743,-0.02995386,-0.01861135,-0.02173727,0.01335703,0.01005761,0.0033477,-0.02294411,-0.02698777,0.01630337,-0.00172925,-0.00467863,-0.03483442,-0.00899466,0.00909581,-0.00128334,-0.01126985,-0.00305633,0.00081227,-0.01345829,-0.00118747,-0.02271431,-0.00231365,-0.01403356,-0.01396965,-0.01225753,0.00149406,-0.00087549,-0.01745015,0.00061594,-0.00517021,-0.01286781,-0.0178428,-0.00525695,0.00460173,-0.00303654,0.0203287,-0.00476081,-0.00906161,-0.00414597,-0.00058938,0.00059769,-0.02188182,-0.01898115,-0.02737126,-0.01501061,-0.00661749,-0.01595567,-0.02093372,-0.02035081,-0.00822155,0.01181995,-0.01455253,-0.00712885,-0.02507622,-0.02067955,-0.00772997,-0.00314916,-0.02262299,-0.01931138,-0.03190786,0.00892687,0.00146972,-0.01666943,-0.01406552,-0.02197317,-0.02190618,-0.00600875,-0.02130353,-0.01584916,-0.02262616,-0.01388288,-0.0349288,-0.0090053,-0.02497124,-0.02855067,-0.01849724,-0.0123595,-0.01056522,-0.00619746,-0.01052872,-0.01820194,-0.00901444,0.01260067,-0.0159785,-0.00060155,-0.00677729,-0.00498302,-0.00461929,-0.01610481,-0.02083935,-0.01092134,0.01751629,-0.01293936,1.01284568,-0.00951209
"Np2_504617",-0.029931,-0.01842413,-0.01841805,-0.0137246,0.00227782,-0.02048324,-0.01279324,-0.0061792,-0.00273977,-0.01912722,-0.01457534,-0.01956097,-0.0085381,-0.01014213,-0.00762952,-0.01133983,0.01785714,-0.02767862,0.01171797,-0.01372765,-0.01016952,-0.02219685,-0.03339474,-0.02088043,-0.01408835,-0.02146179,-0.01156203,-0.0132376,0.01467648,-0.01800561,-0.00592809,0.00874729,-0.02015449,4.22e-05,-0.01791891,-0.00050567,-0.02800429,-0.0193753,-0.03173594,0.00734716,-0.0026165,-0.01979228,-0.00263476,-0.00030631,-0.01607743,-0.0018023,-0.01378091,-0.01575021,-0.01150879,-0.03004207,-0.00932184,-0.01333347,0.00375556,-0.0078365,0.01266304,-0.0004722,-0.01390876,-0.01028976,-0.00297413,-0.02840604,-0.02108736,-0.00646226,-0.02350109,0.00020352,-0.02000227,0.0005916,0.02144118,-0.01526473,-0.0026165,-0.00534978,-0.00330438,-0.00932185,-0.00087549,-0.00516107,-0.01528613,0.03485184,-0.01480512,-0.0042525,-0.00241258,-0.01588414,-0.01572285,-0.0213035,-0.00763866,-0.02777292,-0.01429838,-0.01070978,0.00182582,-0.01004019,-0.01579129,-0.02035082,-0.00354636,-0.00312176,-0.01401987,-0.01043888,-0.00695534,0.00159299,-0.00832046,-0.01259996,-0.00951209,0.99647725
