"","solution","std.error","z.ratio"
"vm(ID, ginv)_Np1_503448",0.896502345571853,0.875052588523143,1.02451253482366
"vm(ID, ginv)_Np1_503464",-0.082171982742233,0.849438007036118,-0.0967368802214887
"vm(ID, ginv)_Np1_502854",1.37259385037439,0.863102728435485,1.59030183216132
"vm(ID, ginv)_Np1_504533",-0.322885727782566,0.816411329961815,-0.39549393293901
"vm(ID, ginv)_Np1_500157",0.0031732546400861,0.817439136390912,0.0038819460664636
"vm(ID, ginv)_Np1_502993",-0.202515605899973,0.778974668751558,-0.259977139211137
"vm(ID, ginv)_Np1_503331",0.365857032093746,0.825018235815029,0.443453267105446
"vm(ID, ginv)_Np1_501959",1.20441728109074,0.782356911387197,1.53947292285715
"vm(ID, ginv)_Np1_504915",0.665900167034789,0.843705545943173,0.789256595783525
"vm(ID, ginv)_Np1_502095",1.33868678249602,0.805349931102102,1.66224237539086
"vm(ID, ginv)_Np1_503180",1.13229901911422,0.902216305218867,1.25501945881984
"vm(ID, ginv)_Np1_500336",2.16862973902992,0.803825057812742,2.69788770324093
"vm(ID, ginv)_Np1_504215",1.6467484120243,0.783044808399144,2.10300661515259
"vm(ID, ginv)_Np1_504933",0.952290784014965,0.770735449252795,1.23556115777234
"vm(ID, ginv)_Np1_502651",2.05125707910037,0.80488026517409,2.54852450464381
"vm(ID, ginv)_Np1_501933",-0.54866001355665,0.756063315960537,-0.725679982052307
"vm(ID, ginv)_Np1_501929",0.781918877022623,0.806170398213765,0.969917623811447
"vm(ID, ginv)_Np1_503933",0.100210345197803,0.833827590368778,0.120181133792279
"vm(ID, ginv)_Np1_501894",0.607582692359094,0.759610908731671,0.799860409289777
"vm(ID, ginv)_Np1_501695",0.681368602294371,0.81124498343888,0.839904857600524
"vm(ID, ginv)_Np1_503354",1.48066936839834,0.801689531454996,1.84693613961886
"vm(ID, ginv)_Np1_500051",-0.312652742462623,0.847810049058728,-0.368776877332066
"vm(ID, ginv)_Np1_504360",0.460479189394628,0.838422631258212,0.549220849040765
"vm(ID, ginv)_Np1_504548",0.430141146057552,0.841202316824752,0.511340895590001
"vm(ID, ginv)_Np1_502663",0.0159391880687248,0.78089788739302,0.020411360212456
"vm(ID, ginv)_Np1_500182",0.525209745992016,0.867001104401251,0.605777482088359
"vm(ID, ginv)_Np1_502407",0.99091696360817,0.780759608246221,1.26917037349564
"vm(ID, ginv)_Np1_503901",0.261152598635234,0.841098316609513,0.310489978969338
"vm(ID, ginv)_Np1_503246",0.39392825332277,0.835544337217868,0.47146301611527
"vm(ID, ginv)_Np1_503689",0.689145090536859,0.759415513478183,0.907467754221295
"vm(ID, ginv)_Np1_503445",1.05705234748529,0.769449227591304,1.37377790448151
"vm(ID, ginv)_Np1_500178",0.526379175881165,0.78987007099223,0.666412357186709
"vm(ID, ginv)_Np1_501649",0.489746805015634,0.779183205242063,0.628538707868438
"vm(ID, ginv)_Np1_503553",0.586889282614647,0.886249789391981,0.662216555241482
"vm(ID, ginv)_Np1_504658",0.684527916146566,0.810081767235332,0.845010891286618
"vm(ID, ginv)_Np1_504275",0.948967163877105,0.872355796364096,1.0878212397193
"vm(ID, ginv)_Np1_500295",0.325818102713155,0.81249903937656,0.401007369760288
"vm(ID, ginv)_Np1_504026",0.815996262948387,0.859105700810898,0.949820565942211
"vm(ID, ginv)_Np1_503328",0.353204785032781,0.85907665835476,0.411144665144567
"vm(ID, ginv)_Np1_503504",1.14611966831426,0.81257000081559,1.41048730221873
"vm(ID, ginv)_Np1_504964",1.39482779744514,0.888182386070852,1.57042947408087
"vm(ID, ginv)_Np1_501573",0.122838624330594,0.849782573801217,0.14455300463637
"vm(ID, ginv)_Np1_503536",0.484415310500933,0.794089642183108,0.610025977884789
"vm(ID, ginv)_Np1_500079",1.1003214459164,0.791655992242578,1.38989846182992
"vm(ID, ginv)_Np1_503106",0.252004049950945,0.852168274110479,0.295720995027649
"vm(ID, ginv)_Np1_503258",-0.363924242676345,0.790348692353009,-0.460460359076293
"vm(ID, ginv)_Np1_501538",0.347146298438184,0.800181431861179,0.43383448380043
"vm(ID, ginv)_Np1_501049",0.779331246823205,0.811849795986313,0.959945116296296
"vm(ID, ginv)_Np1_501531",0.476827391877828,0.788195561276981,0.604960767738027
"vm(ID, ginv)_Np1_503363",1.95281351336574,0.823817865565329,2.37044326785225
"vm(ID, ginv)_Np1_500080",0.549433968589008,0.862145249827746,0.637287010163059
"vm(ID, ginv)_Np1_501123",0.285109869997722,0.811289807751234,0.351427895770071
"vm(ID, ginv)_Np1_501470",1.514255946354,0.834949216929427,1.81359047430784
"vm(ID, ginv)_Np1_500107",0.598571163537838,0.839789792651128,0.712763085209946
"vm(ID, ginv)_Np1_503722",1.62917241949542,0.834083495938799,1.95324859852515
"vm(ID, ginv)_Np1_504973",0.512861539558202,0.801267310193311,0.640062976529606
"vm(ID, ginv)_Np1_504827",0.22775526685731,0.775449434039806,0.293707438370015
"vm(ID, ginv)_Np1_503087",0.431052552053675,0.848464173389349,0.508038601478899
"vm(ID, ginv)_Np1_503803",0.447100500858069,0.836314445296936,0.534608129002632
"vm(ID, ginv)_Np1_500114",1.21137497039011,0.838060150714914,1.44545110438283
"vm(ID, ginv)_Np1_500570",0.255590028036486,0.794842337577119,0.321560661722662
"vm(ID, ginv)_Np1_501158",0.764052243257172,0.834673573555182,0.915390480140388
"vm(ID, ginv)_Np1_501774",0.750073062585107,0.843818305867433,0.888903520307068
"vm(ID, ginv)_Np1_503643",0.145564076562941,0.81714445366105,0.17813750789199
"vm(ID, ginv)_Np1_503557",0.69493708893612,0.734756818076394,0.945805567011243
"vm(ID, ginv)_Np1_502917",1.12014789554663,0.764332552686884,1.46552425591313
"vm(ID, ginv)_Np1_503223",0.254064061417226,0.813801234211422,0.312194244413275
"vm(ID, ginv)_Np1_503172",0.967881080464101,0.829909690345749,1.16624867949291
"vm(ID, ginv)_Np1_500259",0.780597148631616,0.773132840625612,1.00965462545863
"vm(ID, ginv)_Np1_500098",0.953654647072836,0.795821916260297,1.1983266954424
"vm(ID, ginv)_Np1_504560",0.32045442856814,0.863853845384205,0.370959080960757
"vm(ID, ginv)_Np1_502173",-0.409593914748993,0.843954339376136,-0.485327103184008
"vm(ID, ginv)_Np1_504630",1.0488443477559,0.872874874414863,1.20159759262059
"vm(ID, ginv)_Np1_503873",0.868065037082982,0.817011665457462,1.06248793473094
"vm(ID, ginv)_Np1_502930",1.27123434362816,0.803740725249568,1.58164729457181
"vm(ID, ginv)_Np1_503139",0.883268227976509,0.791801230015669,1.11551762550183
"vm(ID, ginv)_Np1_501804",0.925602763591577,0.845620542456308,1.09458405646455
"vm(ID, ginv)_Np1_503983",1.32237376986749,0.785522335062528,1.68343242558752
"vm(ID, ginv)_Np1_503793",0.390403520054307,0.796077781856604,0.490408762751564
"vm(ID, ginv)_Np1_502846",0.419050011170981,0.88670556679883,0.472592060839123
"vm(ID, ginv)_Np1_501873",0.352897318390786,0.905454574736759,0.389746021763028
"vm(ID, ginv)_Np1_502827",-0.227638847762929,0.768729812513048,-0.296123350568071
"vm(ID, ginv)_Np1_501184",1.2347709190624,0.775637139213708,1.59194403753556
"vm(ID, ginv)_Np1_503443",0.207672740329193,0.80279806723369,0.258686148865305
"vm(ID, ginv)_Np1_504397",-0.170337899417558,0.873100485706295,-0.195095412505427
"vm(ID, ginv)_Np1_503102",0.646507137065788,0.798915297314484,0.809231140321121
"vm(ID, ginv)_Np1_502973",1.08418468056238,0.775577209533088,1.39790683278984
"vm(ID, ginv)_Np1_500039",0.339770288956288,0.884081803048661,0.384319966528693
"vm(ID, ginv)_Np1_502147",0.769154307627165,0.839322461952654,0.916399051012831
"vm(ID, ginv)_Np1_500315",-0.0526301304319724,0.799382344235737,-0.0658384949473588
"vm(ID, ginv)_Np1_503222",0.392224763944299,0.842693122019675,0.465441990322951
"vm(ID, ginv)_Np1_503535",0.740115961285149,0.831741090456822,0.889839362004648
"vm(ID, ginv)_Np1_502421",0.622749183633728,0.79653117874641,0.781826500017008
"vm(ID, ginv)_Np1_500677",0.561296861997964,0.85727060225661,0.654748757883977
"vm(ID, ginv)_Np1_504188",0.964670096683487,0.791581706558868,1.2186614327876
"vm(ID, ginv)_Np1_500457",0.815587725646667,0.868594368785215,0.938974226585557
"vm(ID, ginv)_Np1_503046",0.206449135435598,0.867011781681954,0.238115720913386
"vm(ID, ginv)_Np1_503929",0.845603380932122,0.862113586632453,0.980849152644929
"vm(ID, ginv)_Np1_502926",0.698668844672394,0.779509790649093,0.896292584202973
"vm(ID, ginv)_Np1_503911",0.826646402638615,0.747185077868497,1.10634757990189
"vm(ID, ginv)_No_510501",0.402893740820493,0.864744886395607,0.465910521309721
"vm(ID, ginv)_No_510502",0.0817369238621577,0.848206473799673,0.096364418790633
"vm(ID, ginv)_No_510503",-0.308469281361632,0.860241883776114,-0.358584355376394
"vm(ID, ginv)_No_510504",0.17518349994648,0.8592617795351,0.203876751088896
"vm(ID, ginv)_No_510505",0.832453932367921,0.892543803889018,0.932675717136491
"vm(ID, ginv)_No_510506",-0.174845627676358,0.86894573477137,-0.201215818985937
"vm(ID, ginv)_No_510507",-0.169116716598427,0.893123437004159,-0.189354247790991
"vm(ID, ginv)_No_510508",0.10481782840081,0.856933172632271,0.122317389206486
"vm(ID, ginv)_No_510509",0.160621119812866,0.864715383269282,0.185750274507197
"vm(ID, ginv)_No_510510",0.933274304107419,0.831972068352427,1.12176158264015
"vm(ID, ginv)_No_510511",0.510809293761206,0.869037550787125,0.587787366953872
"vm(ID, ginv)_No_510512",1.14696260098742,0.866355424899304,1.32389382927997
"vm(ID, ginv)_No_510513",0.152914676193836,0.844457195560251,0.181080434861338
"vm(ID, ginv)_No_510514",0.603869718763971,0.889304138401185,0.679036217968832
"vm(ID, ginv)_No_510515",1.41395568839223,0.887261790257636,1.59361724343123
"vm(ID, ginv)_No_510516",1.09199229822451,0.854382614587845,1.27810688043001
"vm(ID, ginv)_No_510517",0.279034495647666,0.886908801120403,0.314614642785336
"vm(ID, ginv)_No_510518",-0.300375525630721,0.852324692902568,-0.352419128686511
"vm(ID, ginv)_No_510519",0.880123111488879,0.889127999707703,0.989872225121935
"vm(ID, ginv)_No_510520",-0.487053117338569,0.859241646064198,-0.566840678136985
"vm(ID, ginv)_No_510521",0.291292030972478,0.859278317222832,0.338996137961361
"vm(ID, ginv)_No_510522",1.73028934709065,0.876093333816569,1.97500572176814
"vm(ID, ginv)_No_510523",0.688751146039347,0.857943224136707,0.802793386161879
"vm(ID, ginv)_No_510524",1.0835415554684,0.85670571279781,1.26477685310373
"vm(ID, ginv)_No_510525",0.712116276831687,0.859005633762745,0.829000705981833
"vm(ID, ginv)_No_510526",1.0487118151566,0.875249914979407,1.1981855664405
"vm(ID, ginv)_No_510527",0.342934767767285,0.847641291574091,0.404575344755146
"vm(ID, ginv)_No_510528",1.05117170316823,0.873810408243294,1.20297457349072
"vm(ID, ginv)_No_510529",-0.356292852635946,0.873242250197656,-0.408011468244121
"vm(ID, ginv)_No_510530",0.449582458421632,0.883496223895522,0.508867436285497
"vm(ID, ginv)_No_510531",0.370664388423997,0.869098527824583,0.426492942465104
"vm(ID, ginv)_No_510532",0.751685068218201,0.875544723107161,0.858534176929988
"vm(ID, ginv)_No_510533",-0.0586888883062892,0.863956307691712,-0.0679303892844906
"vm(ID, ginv)_No_510534",0.871822519648704,0.894591094756669,0.974548623117964
"vm(ID, ginv)_No_510535",-1.29459369783337,0.86709591297674,-1.49302248858379
"vm(ID, ginv)_No_510536",0.375380928154774,0.830131953280294,0.452194288716925
"vm(ID, ginv)_No_510537",0.462596323852791,0.847607186396686,0.545767345153552
"vm(ID, ginv)_No_510538",1.30691750396216,0.881439039131787,1.48270889527364
"vm(ID, ginv)_No_510539",0.714890173212287,0.877254104738261,0.814918014462392
"vm(ID, ginv)_No_510540",1.60060351278044,0.868127486820466,1.84374246534075
"vm(ID, ginv)_No_510541",-0.21013582083071,0.88670134897085,-0.236986016852917
"vm(ID, ginv)_No_510542",0.324688583114569,0.880340016880857,0.368821792589841
"vm(ID, ginv)_No_510543",0.729012310694634,0.853520435456385,0.854124026104688
"vm(ID, ginv)_No_510544",0.0470398761273026,0.860107128011063,0.0546907176970838
"vm(ID, ginv)_No_510545",0.993291588771031,0.872965920017637,1.13783547100093
"vm(ID, ginv)_No_510546",0.611837877613307,0.901967705186994,0.678336789770608
"vm(ID, ginv)_No_510547",-0.0342845876537243,0.867228551190934,-0.0395335089079373
"vm(ID, ginv)_No_510548",-0.0207227754939469,0.889719634400233,-0.0232913545938731
"vm(ID, ginv)_No_510549",-0.835411883359598,0.855041827955909,-0.977042123607872
"vm(ID, ginv)_No_510550",0.165622109442764,0.855146954667474,0.193676780977565
"vm(ID, ginv)_No_510551",-0.152173024764389,0.887608756646766,-0.171441554203761
"vm(ID, ginv)_No_510552",0.771359770928823,0.874773511800571,0.881782267665046
"vm(ID, ginv)_No_510553",0.888722610714501,0.878476465473658,1.01166353982553
"vm(ID, ginv)_No_510554",0.547898057897113,0.849220740827669,0.645177433329195
"vm(ID, ginv)_No_510555",0.294845344847667,0.87198083027053,0.338132828856102
"vm(ID, ginv)_No_510556",0.297156816992443,0.874775491085967,0.339694950327821
"vm(ID, ginv)_No_510557",0.22692921856974,0.865084148188617,0.262320398593481
"vm(ID, ginv)_No_510558",0.628519582009493,0.887910771075882,0.70786345034188
"vm(ID, ginv)_No_510559",-0.100440967528688,0.867527525137387,-0.115778421569715
"vm(ID, ginv)_No_510560",0.856539554756139,0.868819466280129,0.985865980217309
"vm(ID, ginv)_No_510561",1.05127144948263,0.869772891246152,1.20867350553596
"vm(ID, ginv)_No_510562",0.775096678147076,0.878324540317011,0.88247184562021
"vm(ID, ginv)_No_510563",0.699929999626005,0.88967036541466,0.786729587536368
"vm(ID, ginv)_No_510564",0.550829846668495,0.876142987748402,0.628698573601635
"vm(ID, ginv)_No_510565",0.837247193870387,0.86146955005067,0.971882516127403
"vm(ID, ginv)_No_510566",0.746717551684206,0.885300650011776,0.843462107109345
"vm(ID, ginv)_No_510567",0.32306867484865,0.864932071910287,0.373519129814577
"vm(ID, ginv)_No_510568",1.19067080776864,0.860200222883741,1.38417867851398
"vm(ID, ginv)_No_510569",0.847871953784277,0.869769197268984,0.974824075681844
"vm(ID, ginv)_No_510570",0.837644595970498,0.881806305248619,0.949919036623729
"vm(ID, ginv)_No_510571",0.998914160983641,0.872083956707685,1.14543347954109
"vm(ID, ginv)_No_510572",0.540765983674599,0.875720398043678,0.61750986374492
"vm(ID, ginv)_No_510573",1.45071698991393,0.860676552133255,1.68555421466777
"vm(ID, ginv)_No_510574",-0.102920831235052,0.865996257816376,-0.118846739008513
"vm(ID, ginv)_No_510575",1.36979687830984,0.878471762886504,1.5592952854955
"vm(ID, ginv)_No_510576",0.476955630930619,0.885074494243587,0.538887555830247
"vm(ID, ginv)_No_510577",0.312989361959628,0.856613233742818,0.36538002173055
"vm(ID, ginv)_No_510578",0.787228908729809,0.889881083729325,0.884645064518824
"vm(ID, ginv)_No_510579",0.720367733402942,0.900366436906415,0.800082837247983
"vm(ID, ginv)_No_510580",0.79613763019125,0.869210217798761,0.915932203612879
"vm(ID, ginv)_No_510581",0.966036312673461,0.871942903029324,1.10791235219329
"vm(ID, ginv)_No_510582",0.774387805282781,0.889417220930186,0.870668778453489
"vm(ID, ginv)_No_510583",0.723779442465165,0.891948398323266,0.811458873434569
"vm(ID, ginv)_No_510584",0.38438385815931,0.85863859580293,0.447666643496109
"vm(ID, ginv)_No_510585",0.643223335579921,0.855789982214526,0.751613537138461
"vm(ID, ginv)_No_510586",0.356923295662589,0.868317431658268,0.411051630025388
"vm(ID, ginv)_No_510587",0.526039813897602,0.897877729163472,0.585870210176278
"vm(ID, ginv)_No_510588",0.977776542944146,0.851273596740118,1.14860433436261
"vm(ID, ginv)_No_510589",0.880987573307954,0.881237561014179,0.999716322002959
"vm(ID, ginv)_No_510590",0.824692894089768,0.869850146456826,0.948086170300716
"vm(ID, ginv)_No_510591",0.237406604122069,0.877087821252339,0.270675978356524
"vm(ID, ginv)_No_510592",0.561353345388813,0.874671833670953,0.641787381025912
"vm(ID, ginv)_No_510593",0.170456746048231,0.836531810967822,0.203766006042282
"vm(ID, ginv)_No_510594",0.404776758407964,0.886552370710013,0.456573995830377
"vm(ID, ginv)_No_510595",0.978497740135541,0.903574166971126,1.08291911821203
"vm(ID, ginv)_No_510596",0.896373390240948,0.886284448150955,1.01138341320446
"vm(ID, ginv)_No_510597",0.69779112085345,0.89853796164643,0.776585019930441
"vm(ID, ginv)_No_510598",0.188559611955269,0.872429626616184,0.216131600994132
"vm(ID, ginv)_No_510599",0.143647334609631,0.866191368674024,0.165837873482309
"vm(ID, ginv)_No_510600",1.25616760993853,0.894611799357602,1.40414826949583
"vm(ID, ginv)_No_510601",1.21956690779358,0.878168278604284,1.38876219684444
"vm(ID, ginv)_No_510602",-0.416356492112956,0.862032074188008,-0.48299420007677
"vm(ID, ginv)_No_510603",0.524595315626414,0.901681126628721,0.581796934785376
"vm(ID, ginv)_No_510604",0.178703330836742,0.862356790395828,0.207226675579045
"vm(ID, ginv)_No_510605",1.29125888237262,0.887279335899417,1.45530142552424
"vm(ID, ginv)_No_510606",0.160642794021928,0.870159510816691,0.184613041660782
"vm(ID, ginv)_No_510607",0.479666221788548,0.888558818581564,0.539824952223484
"vm(ID, ginv)_No_510608",0.43077169076067,0.862788097471669,0.499278666480231
"vm(ID, ginv)_No_510609",0.119767265878283,0.896488191017984,0.133596032918498
"vm(ID, ginv)_No_510610",1.16298169225574,0.883508421227193,1.31632213605882
"vm(ID, ginv)_No_510611",0.378846838608255,0.843936939434019,0.448904202323844
"vm(ID, ginv)_No_510612",1.74010321314717,0.865723716256995,2.00999831755864
"vm(ID, ginv)_No_510613",0.108174046083214,0.873288807348034,0.123869726913954
"vm(ID, ginv)_No_510614",0.680538964330632,0.865029698909483,0.786723236425948
"vm(ID, ginv)_No_510615",-0.113958136035764,0.868293138975326,-0.131243851782874
"vm(ID, ginv)_No_510616",0.224760010035765,0.874692885651803,0.25695877229901
"vm(ID, ginv)_No_510617",0.464960347360084,0.867038183450051,0.536262826984101
"vm(ID, ginv)_No_510618",-0.0176558186148108,0.890330802400201,-0.019830627635496
"vm(ID, ginv)_No_510619",0.718040136801525,0.8715253707722,0.823888966267635
"vm(ID, ginv)_No_510620",0.390543321709937,0.87522573157659,0.446220109418436
"vm(ID, ginv)_No_510621",-0.333255180661614,0.877079134085284,-0.37996021990555
"vm(ID, ginv)_No_510622",0.933652219107895,0.869943316383577,1.07323339523908
"vm(ID, ginv)_No_510623",1.0462073678763,0.861914909406709,1.21381746209315
"vm(ID, ginv)_No_510624",1.64646797627631,0.865917839596339,1.90141362261786
"vm(ID, ginv)_No_510625",0.819455491509005,0.866183890477187,0.946052565186314
"vm(ID, ginv)_No_510626",0.707862655213898,0.872950490399217,0.810885225449819
"vm(ID, ginv)_No_510627",0.923596439781902,0.863633342853807,1.06943119719064
"vm(ID, ginv)_No_510628",0.186241696959205,0.893285134531491,0.20849076040752
"vm(ID, ginv)_No_510629",1.35874730212029,0.892525650291479,1.52236218833212
"vm(ID, ginv)_No_510630",0.548512568774915,0.855760223705941,0.640965253560788
"vm(ID, ginv)_No_510631",0.731116336991527,0.876755815763962,0.833888209061343
"vm(ID, ginv)_No_510632",0.888824005406476,0.843682350037626,1.05350551112849
"vm(ID, ginv)_No_510633",0.444652251740568,0.866472370109904,0.513175338394423
"vm(ID, ginv)_No_510634",1.00051097586512,0.879734907336238,1.13728688894997
"vm(ID, ginv)_No_510635",0.435505448310696,0.889819595543557,0.489431172893717
"vm(ID, ginv)_No_510636",1.62644777067415,0.844362704761857,1.9262430250669
"vm(ID, ginv)_No_510637",1.009278857816,0.885817678025177,1.13937538486031
"vm(ID, ginv)_No_510638",1.95773026632614,0.864003890282355,2.26588130950007
"vm(ID, ginv)_No_510639",0.399099263110548,0.882457465693502,0.45225892309371
"vm(ID, ginv)_No_510640",-0.0125200585747528,0.858608157010655,-0.0145818071637507
"vm(ID, ginv)_No_510641",-0.0566528799472039,0.879853519472687,-0.0643889905460139
"vm(ID, ginv)_No_510642",0.883906174066586,0.886372956238969,0.997216992965523
"vm(ID, ginv)_No_510643",0.0950899930679529,0.867503711969236,0.109613355834638
"vm(ID, ginv)_No_510644",1.10860682539006,0.847893754682723,1.30748318320247
"vm(ID, ginv)_No_510645",1.92510184131936,0.893041805280415,2.15566822284974
"vm(ID, ginv)_No_510646",0.823545742767445,0.865176217697581,0.951882085893527
"vm(ID, ginv)_No_510647",0.123229941321246,0.883296452992818,0.139511418735707
"vm(ID, ginv)_No_510648",1.52430305437176,0.875327656799913,1.74140853716929
"vm(ID, ginv)_No_510649",-0.213828783644554,0.859357360667318,-0.248824055546006
"vm(ID, ginv)_No_510650",0.0717667703085483,0.853365859927005,0.0840984783650555
"vm(ID, ginv)_No_510651",0.733923674847334,0.883808815899552,0.830409995515079
"vm(ID, ginv)_No_510652",0.784012755966492,0.871532544491154,0.899579437305166
"vm(ID, ginv)_No_510653",0.699855048353354,0.893617114865746,0.783171043516212
"vm(ID, ginv)_No_510654",0.284187278543213,0.860427636622161,0.33028608850695
"vm(ID, ginv)_No_510655",0.0280519664642721,0.867329891885239,0.0323429028870411
"vm(ID, ginv)_No_510656",-0.190361729521465,0.874693033732115,-0.217632611876689
"vm(ID, ginv)_No_510657",1.26911930849561,0.880861211496607,1.44077102264424
"vm(ID, ginv)_No_510658",0.415772474627898,0.884203325255805,0.470222699634853
"vm(ID, ginv)_No_510659",0.644605711011911,0.870548555072957,0.740459227984004
"vm(ID, ginv)_No_510660",0.75709443358723,0.889272917333015,0.851363421544201
"vm(ID, ginv)_No_510661",0.648549429829414,0.867384812242685,0.747706693356255
"vm(ID, ginv)_No_510662",0.409145879068985,0.83518913472372,0.489884101766159
"vm(ID, ginv)_No_510663",0.596448454554596,0.88086309563468,0.677118223604137
"vm(ID, ginv)_No_510664",0.253620123869055,0.853221060981286,0.29725019161783
"vm(ID, ginv)_No_510665",1.28027695902099,0.884783997392238,1.44699380051448
"vm(ID, ginv)_No_510666",0.866759429415493,0.870173412304516,0.996076663753744
"vm(ID, ginv)_No_510667",0.448237147094871,0.862365889974364,0.51977606292869
"vm(ID, ginv)_No_510668",0.239732570158139,0.852054562745328,0.281358237652901
"vm(ID, ginv)_No_510669",0.00995876524604489,0.85777227822883,0.0116100339202011
"vm(ID, ginv)_No_510670",0.126453040062384,0.887069806933053,0.14255139682815
"vm(ID, ginv)_No_510671",0.176510547172222,0.885743140735717,0.19927960946512
"vm(ID, ginv)_No_510672",0.107320337931019,0.854438279898223,0.125603382310777
"vm(ID, ginv)_No_510673",0.10725457814677,0.861130382971974,0.124550916176721
"vm(ID, ginv)_No_510674",0.384683103737066,0.88078585107379,0.436749867482644
"vm(ID, ginv)_No_510675",0.703699497953245,0.893210669012912,0.787831496382487
"vm(ID, ginv)_No_510676",0.733837388703229,0.892159950008498,0.822540160759557
"vm(ID, ginv)_No_510677",0.6375567522714,0.899288790879715,0.708956631882091
"vm(ID, ginv)_No_510678",1.3102970199277,0.886462450882032,1.47811903214169
"vm(ID, ginv)_No_510679",0.172575227119987,0.898074777885115,0.192161311473847
"vm(ID, ginv)_No_510680",1.48942392236681,0.876474631152187,1.69933489165437
"vm(ID, ginv)_No_510681",-0.137694774173677,0.856481980296842,-0.160767858917422
"vm(ID, ginv)_No_510682",1.08498931277905,0.862196801807558,1.25840099441846
"vm(ID, ginv)_No_510683",0.831152072863451,0.894615394693859,0.929060776053239
"vm(ID, ginv)_No_510684",0.497033756078314,0.866631686142114,0.573523636426107
"vm(ID, ginv)_No_510685",1.25249313660327,0.868599912341973,1.44196783675263
"vm(ID, ginv)_No_510686",-0.0971963260401598,0.875933291712156,-0.110963160048608
"vm(ID, ginv)_No_510687",0.0684213402758829,0.8829346217735,0.0774930992494652
"vm(ID, ginv)_No_510688",1.02067782273157,0.870151514435799,1.17298861841707
"vm(ID, ginv)_No_510689",0.295754204170531,0.884419489908649,0.334404892186489
"vm(ID, ginv)_No_510690",-0.107684783300574,0.860640109524565,-0.125121734519277
"vm(ID, ginv)_No_510691",0.449043290372766,0.838675826090395,0.535419379459218
"vm(ID, ginv)_No_510692",0.899397783367404,0.862360137065073,1.04294916324447
"vm(ID, ginv)_No_510693",0.178949779065645,0.874765617556537,0.204568830180479
"vm(ID, ginv)_No_510694",0.812397392417988,0.897248263600889,0.905432114359996
"vm(ID, ginv)_No_510695",-0.589587017426812,0.875488386849704,-0.673437850556009
"vm(ID, ginv)_No_510696",0.487020193656269,0.873982142100112,0.55724272865118
"vm(ID, ginv)_No_510697",0.172440346454782,0.855360289122617,0.201599663495791
"vm(ID, ginv)_No_510698",0.76965789630422,0.847358612138498,0.90830244158588
"vm(ID, ginv)_No_510699",0.769784789156649,0.859418094857902,0.895704656164968
"vm(ID, ginv)_No_510700",0.654512648027279,0.854023485999479,0.76638717641505
"vm(ID, ginv)_No_510701",1.07211380617251,0.849189941153684,1.26251354875444
"vm(ID, ginv)_No_510702",0.482645247265052,0.852439716990051,0.56619282002634
"vm(ID, ginv)_No_510703",1.52611801910173,0.85004043897416,1.79534754951595
"vm(ID, ginv)_No_510704",-0.199118119204021,0.870309096174224,-0.228790116154503
"vm(ID, ginv)_No_510705",0.25513562016968,0.831847064073077,0.306709768163907
"vm(ID, ginv)_No_510706",0.988532622276023,0.871080613898985,1.13483483216475
"vm(ID, ginv)_No_510707",1.24627374639279,0.871456111139631,1.43010500524576
"vm(ID, ginv)_No_510708",0.878573490532991,0.869466265269288,1.01047450099847
"vm(ID, ginv)_No_510709",0.426104139369986,0.896970736788579,0.475047983054124
"vm(ID, ginv)_No_510710",0.973504280725795,0.879746473228843,1.1065736667893
"vm(ID, ginv)_No_510711",-0.0817564000649416,0.866333240050926,-0.0943706143148052
"vm(ID, ginv)_No_510712",-0.0240204449698928,0.874511067709651,-0.0274672852715317
"vm(ID, ginv)_No_510713",0.445059330502587,0.853201199945783,0.521634674835043
"vm(ID, ginv)_No_510714",1.39508636646638,0.87394211929689,1.59631437330056
"vm(ID, ginv)_No_510715",0.745834198238872,0.865643894205537,0.86159470797559
"vm(ID, ginv)_No_510716",0.596931938841496,0.865275212608734,0.689875232923633
"vm(ID, ginv)_No_510717",1.26570404588348,0.83650996567633,1.51307706759971
"vm(ID, ginv)_No_510718",0.710681706621353,0.855579294244458,0.83064388234049
"vm(ID, ginv)_No_510719",1.07874415123174,0.85967182588468,1.25483250555712
"vm(ID, ginv)_No_510720",0.512740924538077,0.878075121341681,0.583937424117675
"vm(ID, ginv)_No_510721",-0.262733027017234,0.849596791744504,-0.309244372825085
"vm(ID, ginv)_No_510722",1.25252704770901,0.859947482864505,1.45651574388801
"vm(ID, ginv)_No_510723",0.039556739051823,0.907618395227719,0.043583007197533
"vm(ID, ginv)_No_510724",0.550564615977409,0.877466831658649,0.627447780489541
"vm(ID, ginv)_No_510725",0.709718710481628,0.889297361037118,0.798066812718233
"vm(ID, ginv)_No_510726",0.801657519484837,0.861559579945652,0.930472526967208
"vm(ID, ginv)_No_510727",1.12143405613768,0.861037056571554,1.3024225236054
"vm(ID, ginv)_No_510728",0.350544265877642,0.89934184451279,0.38977866760725
"vm(ID, ginv)_No_510729",0.302505426972963,0.853495273471582,0.354431285533106
"vm(ID, ginv)_No_510730",1.35487947706677,0.877430322368596,1.54414480845535
"vm(ID, ginv)_No_510731",0.284242877222775,0.900349152604786,0.315702943019868
"vm(ID, ginv)_No_510732",0.200594094091667,0.873088123933941,0.229752402527061
"vm(ID, ginv)_No_510733",0.834604159769915,0.872753770417363,0.956288231640404
"vm(ID, ginv)_No_510734",0.820951165698599,0.890585561126292,0.921810549747035
"vm(ID, ginv)_No_510735",1.39161482592107,0.86991066214215,1.59972154208827
"vm(ID, ginv)_No_510736",0.047170188529867,0.871584097878691,0.0541200655733307
"vm(ID, ginv)_No_510737",0.712837030810701,0.87830655713082,0.811603904153168
"vm(ID, ginv)_No_510738",0.180120327901334,0.881846083495144,0.204253702854174
"vm(ID, ginv)_No_510739",0.603188588673508,0.87341307036398,0.690610902378802
"vm(ID, ginv)_No_510740",0.398090697699656,0.863775862789701,0.460872681037832
"vm(ID, ginv)_No_510741",0.500952050946418,0.902457637944596,0.555097580078515
"vm(ID, ginv)_No_510742",1.26102060761767,0.844579139709048,1.49307572059154
"vm(ID, ginv)_No_510743",0.564191452709538,0.833758772404749,0.676684277734532
"vm(ID, ginv)_No_510744",1.63885781773275,0.871326021355353,1.88087785463299
"vm(ID, ginv)_No_510745",0.759197101525358,0.876874679380178,0.865798864282407
"vm(ID, ginv)_No_510746",0.950351849620543,0.883260029250144,1.07595930773337
"vm(ID, ginv)_No_510747",-0.275908119534782,0.874634101966459,-0.315455478941939
"vm(ID, ginv)_No_510748",0.581021783784779,0.858814110024623,0.676539634133539
"vm(ID, ginv)_No_510749",0.152942692891825,0.853823529649035,0.179126819045022
"vm(ID, ginv)_No_510750",0.802458178472782,0.879953555882203,0.911932423147347
"vm(ID, ginv)_No_510751",0.433785903190634,0.86927217366729,0.499021959210515
"vm(ID, ginv)_No_510752",0.585111054898846,0.879906115824477,0.664969869371341
"vm(ID, ginv)_No_510753",0.429272627037976,0.877643495729436,0.489119590274175
"vm(ID, ginv)_No_510754",0.542444734032688,0.862136655708991,0.629186487363306
"vm(ID, ginv)_No_510755",0.702291827070147,0.880287968888421,0.797797825133249
"vm(ID, ginv)_No_510756",0.790707786872314,0.882449097796234,0.896037843822349
"vm(ID, ginv)_No_510757",0.723766692217676,0.866944907255363,0.834847388986953
"vm(ID, ginv)_No_510758",0.0159627641069743,0.889904953711287,0.0179376056290087
"vm(ID, ginv)_No_510759",0.609750785417527,0.900938113402497,0.676795416185394
"vm(ID, ginv)_No_510760",0.488214586790697,0.894320241595557,0.545905777464763
"vm(ID, ginv)_No_510761",-0.0308227209422784,0.882583644403768,-0.0349232858978491
"vm(ID, ginv)_No_510762",0.436349266365399,0.879440067683368,0.496167143617683
"vm(ID, ginv)_No_510763",0.029477837856014,0.875494436125074,0.0336699316862395
"vm(ID, ginv)_No_510764",0.282380601998701,0.867621017828546,0.325465377389582
"vm(ID, ginv)_No_510765",-0.527605647262201,0.830421128695496,-0.635347089603818
"vm(ID, ginv)_No_510766",0.952749731392848,0.897287297422023,1.06181123273468
"vm(ID, ginv)_No_510767",-0.105474816631037,0.846427817605454,-0.124611708685834
"vm(ID, ginv)_No_510768",0.383074990447734,0.857502887806512,0.446733178272598
"vm(ID, ginv)_No_510769",0.506149099654717,0.873560034586633,0.579409633699905
"vm(ID, ginv)_No_510770",0.850862742685792,0.879855799565174,0.967047944795374
"vm(ID, ginv)_No_510771",0.580189960429457,0.864974115299259,0.670759910808113
"vm(ID, ginv)_No_510772",1.11678091499752,0.874709982028785,1.2767442214473
"vm(ID, ginv)_No_510773",1.10897803732237,0.858542670740778,1.29169821735885
"vm(ID, ginv)_No_510774",0.490879846603922,0.875537778575574,0.56066095446223
"vm(ID, ginv)_No_510775",1.35551588533573,0.871453745057831,1.55546509843247
"vm(ID, ginv)_No_510776",-0.14986045643254,0.892189933536223,-0.167969230316872
"vm(ID, ginv)_No_510777",0.635216569947096,0.89161690366694,0.712432175001002
"vm(ID, ginv)_No_510778",0.711747829923931,0.863616883636976,0.824147655528138
"vm(ID, ginv)_No_510779",0.449792793243993,0.852488158022638,0.527623508914535
"vm(ID, ginv)_No_510780",0.201283076100905,0.877008435266101,0.229510992148932
"vm(ID, ginv)_No_510781",1.12335674063206,0.863289582001983,1.30125135765797
"vm(ID, ginv)_No_510782",1.12201413898029,0.858162655190064,1.30746092502917
"vm(ID, ginv)_No_510783",1.05506624447724,0.873547602644321,1.20779479135819
"vm(ID, ginv)_No_510784",0.638506293592468,0.863309150008438,0.739603296902653
"vm(ID, ginv)_No_510785",1.20011018873315,0.869022264257457,1.38098900119504
"vm(ID, ginv)_No_510786",-0.116788551204632,0.880806744851599,-0.132592707636803
"vm(ID, ginv)_No_510787",0.0504964937518293,0.875574940185458,0.0576723835210878
"vm(ID, ginv)_No_510788",1.27009082760541,0.875507337680742,1.4506912425999
"vm(ID, ginv)_No_510789",0.557531318936548,0.896438908960575,0.621940115900377
"vm(ID, ginv)_No_510790",0.429039625953712,0.871945921783482,0.492048434696675
"vm(ID, ginv)_No_510791",0.378016682427889,0.865279833722889,0.436872174405664
"vm(ID, ginv)_No_510792",0.564086110867179,0.877326850978585,0.642960044181924
"vm(ID, ginv)_No_510793",-0.149330047942437,0.88144516697866,-0.169415016993397
"vm(ID, ginv)_No_510794",0.366395671108492,0.874092175992158,0.419172807138568
"vm(ID, ginv)_No_510795",0.281706277686571,0.845126884610045,0.333330157656214
"vm(ID, ginv)_No_510796",0.524613255719773,0.874159734695335,0.600134317445556
"vm(ID, ginv)_No_510797",0.999281672780259,0.902108935351251,1.10771729845595
"vm(ID, ginv)_No_510798",0.592858934578612,0.895475311560188,0.662060613983508
"vm(ID, ginv)_No_510799",0.501313871448656,0.85822521317387,0.584128575755434
"vm(ID, ginv)_No_510800",-0.0525789149482171,0.874943449727218,-0.0600940723250282
"vm(ID, ginv)_No_510801",1.26242140220941,0.88715033445614,1.42300730009117
"vm(ID, ginv)_No_510802",-0.0711571952860802,0.874338098616725,-0.0813840725900619
"vm(ID, ginv)_No_510803",-0.238547340100897,0.868936592321218,-0.274527902506278
"vm(ID, ginv)_No_510804",0.891498406526698,0.889386402882836,1.00237467498605
"vm(ID, ginv)_No_510805",0.449043308871384,0.850615729806142,0.527903838521446
"vm(ID, ginv)_No_510806",1.66452682127078,0.855104591984843,1.94657687126568
"vm(ID, ginv)_No_510807",1.0965956843461,0.880727018650999,1.24510280838862
"vm(ID, ginv)_No_510808",1.03534780144099,0.880497938432891,1.17586624141755
"vm(ID, ginv)_No_510809",0.735469224908797,0.890343222215943,0.826051354755432
"vm(ID, ginv)_No_510810",1.02033852898952,0.861141817861301,1.18486700776371
"vm(ID, ginv)_No_510811",0.728377763689026,0.883258739705127,0.82464823833183
"vm(ID, ginv)_No_510812",0.691412050114861,0.904647417668636,0.764288977795014
"vm(ID, ginv)_No_510813",0.399422770174024,0.87340956181151,0.457314400526592
"vm(ID, ginv)_No_510814",1.25104053321392,0.871191120028966,1.43601157593563
"vm(ID, ginv)_No_510815",-0.113449042324655,0.899177801294534,-0.126169754370408
"vm(ID, ginv)_No_510816",0.821124531299589,0.888504767814664,0.924164462638956
"vm(ID, ginv)_No_510817",0.934769811933902,0.882694656926313,1.05899566129574
"vm(ID, ginv)_No_510818",0.790457927084156,0.880787702499222,0.897444327209886
"vm(ID, ginv)_No_510819",0.535357677225419,0.895009065016334,0.598158944027733
"vm(ID, ginv)_No_510820",0.790203522506551,0.862322602607511,0.91636647365744
"vm(ID, ginv)_No_510821",0.540498132171877,0.863968047186638,0.625599678057441
"vm(ID, ginv)_No_510822",0.183445693809018,0.867721290252098,0.211410848010565
"vm(ID, ginv)_No_510823",1.17527819406748,0.891090882781454,1.31892068113071
"vm(ID, ginv)_No_510824",0.724976339493808,0.872356801345816,0.831054837166811
"vm(ID, ginv)_No_510825",0.803274446589955,0.878957074813083,0.913894966669194
"vm(ID, ginv)_No_510826",1.09000837489046,0.860597073345612,1.26657225390391
"vm(ID, ginv)_No_510827",0.323908328061585,0.87905263408473,0.368474327363615
"vm(ID, ginv)_No_510828",0.658959599314271,0.898514598978898,0.733387749139673
"vm(ID, ginv)_No_510829",0.192382940133787,0.874761843817431,0.219926076444115
"vm(ID, ginv)_No_510830",-0.394741936507057,0.870227611654425,-0.453607689781984
"vm(ID, ginv)_No_510831",1.11444289174277,0.893116522326794,1.24781354267119
"vm(ID, ginv)_No_510832",-0.371373607883473,0.855013563122466,-0.434348206743336
"vm(ID, ginv)_No_510833",0.825150293655532,0.880054728983992,0.937612476224239
"vm(ID, ginv)_No_510834",0.953078463705955,0.883543407049018,1.0787002156342
"vm(ID, ginv)_No_510835",0.397007626358458,0.874830939606611,0.453810683166947
"vm(ID, ginv)_No_510836",0.0708241594022232,0.895863765128986,0.0790568411839114
"vm(ID, ginv)_No_510837",0.986160296207047,0.869153973059431,1.13462093803213
"vm(ID, ginv)_No_510838",0.263077855429086,0.873548796349101,0.301159885433521
"vm(ID, ginv)_No_510839",0.0702097186187976,0.880395412860382,0.0797479377938693
"vm(ID, ginv)_No_510840",0.774141256422524,0.872904439688632,0.886856821003985
"vm(ID, ginv)_No_510841",0.0515443598476366,0.861370477211655,0.0598399425233275
"vm(ID, ginv)_No_510842",0.620911509011748,0.911740298674082,0.681017949864365
"vm(ID, ginv)_No_510843",0.0851323366148025,0.850480151851213,0.100099145676119
"vm(ID, ginv)_No_510844",0.419553897421998,0.86803150036156,0.483339483932602
"vm(ID, ginv)_No_510845",-0.266538338360724,0.859569560895094,-0.310083500494329
"vm(ID, ginv)_No_510846",1.13565556533516,0.898126694004618,1.26447145254244
"vm(ID, ginv)_No_510847",0.506849368365086,0.893972935047455,0.566962766426682
"vm(ID, ginv)_No_510848",1.26781648726727,0.871566034575544,1.4546419169314
"vm(ID, ginv)_No_510849",0.314558672442704,0.88117622254018,0.356975896984511
"vm(ID, ginv)_No_510850",1.05003811967871,0.877563468062851,1.19653809427206
"vm(ID, ginv)_No_510851",0.869331125798675,0.878007801429251,0.990117769322264
"vm(ID, ginv)_No_510852",0.954591099810695,0.866747789527045,1.10134817918784
"vm(ID, ginv)_No_510853",0.125332772601933,0.896738993728309,0.139765052572149
"vm(ID, ginv)_No_510854",0.654432483097147,0.858030438147645,0.762714763954023
"vm(ID, ginv)_No_510855",1.72128787616265,0.873423770542636,1.97073623848508
"vm(ID, ginv)_No_510856",0.833006377251026,0.871385294579121,0.955956432169731
"vm(ID, ginv)_No_510857",0.116412395067655,0.910086185622401,0.127913594236178
"vm(ID, ginv)_No_510858",0.727233454602606,0.848839803886759,0.856738163399821
"vm(ID, ginv)_No_510859",0.831736296526793,0.867481117434711,0.958794698593992
"vm(ID, ginv)_No_510860",1.77973481161736,0.862138257717609,2.06432645307837
"vm(ID, ginv)_No_510861",-0.00440423878639503,0.865522832398367,-0.00508852987065734
"vm(ID, ginv)_No_510862",1.27446948344038,0.860900542831769,1.48039107891401
"vm(ID, ginv)_No_510863",1.17177522748132,0.851711819461959,1.37578838370654
"vm(ID, ginv)_No_510864",-0.762406221252037,0.866833560352428,-0.879530115264649
"vm(ID, ginv)_No_510865",1.20046234973646,0.891631955656668,1.34636532721884
"vm(ID, ginv)_No_510866",0.125571449411274,0.869768068560431,0.144373487542615
"vm(ID, ginv)_No_510867",1.24293257159032,0.89124871539862,1.39459676083169
"vm(ID, ginv)_No_510868",-0.0413794084907539,0.874252169392766,-0.047331204816449
"vm(ID, ginv)_No_510869",0.217341878599411,0.888189715636109,0.24470208872409
"vm(ID, ginv)_No_510870",1.04356546399791,0.880460518468553,1.18524958485709
"vm(ID, ginv)_No_510871",0.227689255959619,0.894031850505591,0.254676895270406
"vm(ID, ginv)_No_510872",0.831105692389582,0.859726424923031,0.966709488386365
"vm(ID, ginv)_No_510873",-0.00859838124820407,0.874657161445503,-0.00983057319738164
"vm(ID, ginv)_No_510874",-0.00163382441285496,0.877516574631285,-0.00186187299486789
"vm(ID, ginv)_No_510875",0.353440166478492,0.864405758677461,0.408882244166506
"vm(ID, ginv)_No_510876",0.329333153849205,0.866145407127786,0.380228482583892
"vm(ID, ginv)_No_510877",0.196407597108843,0.874689736753892,0.224545446066101
"vm(ID, ginv)_No_510878",0.613112635685198,0.894106831709419,0.685726374009473
"vm(ID, ginv)_No_510879",0.648028979160973,0.875235911061446,0.740404925084795
"vm(ID, ginv)_No_510880",0.462887213911697,0.866185043561329,0.534397606322698
"vm(ID, ginv)_No_510881",0.530276465078428,0.861120581771272,0.615798154525214
"vm(ID, ginv)_No_510882",0.602905070726345,0.868942411593936,0.693837776453347
"vm(ID, ginv)_No_510883",0.67624742332015,0.867067246588651,0.779925001181565
"vm(ID, ginv)_No_510884",0.746810054080233,0.847585060350634,0.881103371231305
"vm(ID, ginv)_No_510885",0.249650772088183,0.848951669921093,0.29406947525221
"vm(ID, ginv)_No_510886",-0.047270281646367,0.867201079358133,-0.054509020769848
"vm(ID, ginv)_No_510887",-0.0617040270232946,0.869031757283051,-0.0710031900516578
"vm(ID, ginv)_No_510888",0.229265545810177,0.870020560269373,0.263517388300792
"vm(ID, ginv)_No_510889",0.679065878344693,0.853746155076716,0.795395533328842
"vm(ID, ginv)_No_510890",0.632798689848578,0.867162883207744,0.729734519433969
"vm(ID, ginv)_No_510891",0.0917669494997466,0.888315664292016,0.103304436911944
"vm(ID, ginv)_No_510892",0.729342492557567,0.883619139974568,0.825403683060281
"vm(ID, ginv)_No_510893",0.90385960294728,0.870605630880655,1.038196366859
"vm(ID, ginv)_No_510894",0.934741562726453,0.894010130524373,1.04556036985642
"vm(ID, ginv)_No_510895",0.750314375589312,0.876010948600257,0.856512554766821
"vm(ID, ginv)_No_510896",0.94688388359831,0.848366466342528,1.11612601530623
"vm(ID, ginv)_No_510897",0.376078317163984,0.873656461167689,0.430464758036969
"vm(ID, ginv)_No_510898",1.4272704511581,0.862928464206924,1.65398467006166
"vm(ID, ginv)_No_510899",-0.402820937347967,0.858688119936181,-0.469112041957568
"vm(ID, ginv)_No_510900",0.0160007403147804,0.878288518382234,0.0182180911851757
"vm(ID, ginv)_No_510901",0.890464619792239,0.8659478482436,1.0283120647489
"vm(ID, ginv)_No_510902",0.393451386371469,0.867884554932996,0.453345302822959
"vm(ID, ginv)_No_510903",1.43242820213626,0.859442332123334,1.66669495857542
"vm(ID, ginv)_No_510904",0.302871045439142,0.886266764867516,0.341738015510959
"vm(ID, ginv)_No_510905",0.85276883335327,0.836316601235813,1.01967225341832
"vm(ID, ginv)_No_510906",0.817253197607774,0.862916413124956,0.947082689791683
"vm(ID, ginv)_No_510907",1.15884588270479,0.898097188305687,1.29033460720551
"vm(ID, ginv)_No_510908",1.00246350252271,0.888293836374265,1.12852691471377
"vm(ID, ginv)_No_510909",0.994149370106859,0.849584355775054,1.17015969438364
"vm(ID, ginv)_No_510910",0.449635732794887,0.85813487419045,0.523968604840896
"vm(ID, ginv)_No_510911",0.35728188378916,0.851799202006363,0.419443787864092
"vm(ID, ginv)_No_510912",1.66213632522615,0.862571489005628,1.92695486277
"vm(ID, ginv)_No_510913",0.590126802031857,0.879404362713635,0.671052847874059
"vm(ID, ginv)_No_510914",0.293309456310552,0.875082968714206,0.335179025071786
"vm(ID, ginv)_No_510915",1.17083661704002,0.897626287973606,1.30436979478752
"vm(ID, ginv)_No_510916",1.02845319010975,0.863595346030149,1.19089709646704
"vm(ID, ginv)_No_510917",0.665783022209055,0.879518805732302,0.756985544674867
"vm(ID, ginv)_No_510918",-0.289052825182257,0.886771628125834,-0.325960840440015
"vm(ID, ginv)_No_510919",0.103520169657363,0.882112828463976,0.117354794440098
"vm(ID, ginv)_No_510920",0.600206768967645,0.87863458202413,0.683113072541415
"vm(ID, ginv)_No_510921",-0.202118996883437,0.861407597506111,-0.234638047619499
"vm(ID, ginv)_No_510922",0.847950333773173,0.86997824725852,0.974679926130611
"vm(ID, ginv)_No_510923",0.784601281863627,0.88475410125772,0.886801520047525
"vm(ID, ginv)_No_510924",0.577442607095454,0.863832612384473,0.668465856482908
"vm(ID, ginv)_No_510925",-1.09851503891986,0.858601920302871,-1.27942299329165
"vm(ID, ginv)_No_510926",0.824785944988787,0.877765383640538,0.939642825247883
"vm(ID, ginv)_No_510927",0.296290959712114,0.848920736426917,0.349020758945286
"vm(ID, ginv)_No_510928",0.805492828323375,0.836732869793245,0.962664259290317
"vm(ID, ginv)_No_510929",-0.0575247725432455,0.850854972179269,-0.0676081993102879
"vm(ID, ginv)_No_510930",0.0551278861753968,0.87406400078811,0.0630707661288992
"vm(ID, ginv)_No_510931",1.31507671853374,0.85802525709575,1.53267833045501
"vm(ID, ginv)_No_510932",1.34522768364812,0.877034607017367,1.53383649046984
"vm(ID, ginv)_No_510933",0.808266662635383,0.836686110303759,0.966033322032729
"vm(ID, ginv)_No_510934",0.665656370515749,0.900638725344584,0.739093658515593
"vm(ID, ginv)_No_510935",0.409904596555138,0.892851586942099,0.459096004923963
"vm(ID, ginv)_No_510936",1.18208624458957,0.889586078998079,1.32880479191055
"vm(ID, ginv)_No_510937",1.30019062967644,0.883864797147398,1.47102886535666
"vm(ID, ginv)_No_510938",-0.26187278922379,0.868524902858287,-0.301514427924836
"vm(ID, ginv)_No_510939",0.450701315359736,0.844274255635469,0.533832830210489
"vm(ID, ginv)_No_510940",1.13626829942284,0.860810069267976,1.31999884758448
"vm(ID, ginv)_No_510941",-0.252422690652878,0.867114391835929,-0.291106563366371
"vm(ID, ginv)_No_510942",0.0161087226816085,0.883684838513445,0.0182290359408078
"vm(ID, ginv)_No_510943",0.332368066885959,0.866338508555071,0.383646881217714
"vm(ID, ginv)_No_510944",2.02601566455812,0.876367914715303,2.31183231441819
"vm(ID, ginv)_No_510945",0.128668687623407,0.880977089517679,0.146052251703675
"vm(ID, ginv)_No_510946",1.47094691467183,0.901767299393124,1.6311823634121
"vm(ID, ginv)_No_510947",0.81464816420922,0.872293047221976,0.933915691296246
"vm(ID, ginv)_No_510948",1.01680365433855,0.868759652756574,1.17040846810994
"vm(ID, ginv)_No_510949",0.35224293276699,0.86036092674144,0.409412982178406
"vm(ID, ginv)_No_510950",0.429615871479908,0.898333359290488,0.478236577810294
"vm(ID, ginv)_No_510951",1.22580298288696,0.84410343349767,1.45219523371403
"vm(ID, ginv)_No_510952",0.251733442031086,0.873497407196592,0.288190256727838
"vm(ID, ginv)_No_510953",1.1341965978136,0.893352582141762,1.26959570105504
"vm(ID, ginv)_No_510954",1.04612998092152,0.897451272040852,1.16566772315401
"vm(ID, ginv)_No_510955",1.05361079588069,0.875023248556338,1.2040946313358
"vm(ID, ginv)_No_510956",0.187365145882465,0.875711409859026,0.213957639209734
"vm(ID, ginv)_No_510957",1.94444393042873,0.856879812341907,2.26921430803049
"vm(ID, ginv)_No_510958",1.34629990307811,0.85329678430776,1.57776277590253
"vm(ID, ginv)_No_510959",0.648688868806685,0.88825177688185,0.730298419535805
"vm(ID, ginv)_No_510960",1.47003322144152,0.86582715470298,1.69783681818782
"vm(ID, ginv)_No_510961",0.10466196019101,0.886356170572595,0.118081154806422
"vm(ID, ginv)_No_510962",0.503193002911722,0.868854360513742,0.579145396259726
"vm(ID, ginv)_No_510963",1.17715074388581,0.850072694962924,1.38476479818841
"vm(ID, ginv)_No_510964",1.08457678411319,0.880145721278464,1.23226956388287
"vm(ID, ginv)_No_510965",1.15991279595178,0.888332513557426,1.30571917412635
"vm(ID, ginv)_No_510966",0.32426385821659,0.868496233082608,0.373362423306846
"vm(ID, ginv)_No_510967",1.21650992418511,0.836747160404754,1.45385605323914
"vm(ID, ginv)_No_510968",-0.112771901486972,0.878193758007056,-0.128413462813597
"vm(ID, ginv)_No_510969",0.526953240882926,0.864811078504782,0.609327579144804
"vm(ID, ginv)_No_510970",-0.318514908741656,0.846338139402973,-0.376344742027511
"vm(ID, ginv)_No_510971",0.449328805194857,0.885991384035074,0.507148052781819
"vm(ID, ginv)_No_510972",0.874470806992263,0.873524564899028,1.00108324611723
"vm(ID, ginv)_No_510973",1.61421368656105,0.875108092024138,1.84458777295426
"vm(ID, ginv)_No_510974",-0.507487870383669,0.875963868102677,-0.579347949000316
"vm(ID, ginv)_No_510975",-0.399155606546326,0.872488234768987,-0.457491104911016
"vm(ID, ginv)_No_510976",0.14601463028995,0.872941179716999,0.167267432998506
"vm(ID, ginv)_No_510977",0.497132759774135,0.888678760116914,0.559406595594489
"vm(ID, ginv)_No_510978",-0.576734063482521,0.840840594690428,-0.685901783434774
"vm(ID, ginv)_No_510979",0.984241772748075,0.87759230426256,1.12152507259636
"vm(ID, ginv)_No_510980",-0.267899196289361,0.894037553211154,-0.299650943438713
"vm(ID, ginv)_No_510981",0.423418120790682,0.869332425452064,0.487061230426898
"vm(ID, ginv)_No_510982",0.0811853226379888,0.87914270379068,0.0923460119590763
"vm(ID, ginv)_No_510983",0.619060717988708,0.86580094971341,0.715015059978422
"vm(ID, ginv)_No_510984",-0.0290846160680935,0.90448013094631,-0.0321561691329402
"vm(ID, ginv)_No_510985",0.625508459745649,0.855460687118377,0.731194862796884
"vm(ID, ginv)_No_510986",0.265771432548622,0.886605729194594,0.299762818801152
"vm(ID, ginv)_No_510987",0.774361013172813,0.876676265803434,0.883291864258634
"vm(ID, ginv)_No_510988",1.27968920531832,0.873767050012983,1.46456564744494
"vm(ID, ginv)_No_510989",0.190225702186503,0.884272802462357,0.215121059538185
"vm(ID, ginv)_No_510990",0.532048533020503,0.855931596139056,0.62160169740254
"vm(ID, ginv)_No_510991",0.102649113200255,0.879897392110225,0.116660322124692
"vm(ID, ginv)_No_510992",1.05870406286996,0.87484544470638,1.21016125679809
"vm(ID, ginv)_No_510993",0.0200047352358525,0.884756865066919,0.0226104323410245
"vm(ID, ginv)_No_510994",-0.254274869067097,0.891449716948786,-0.285237478045781
"vm(ID, ginv)_No_510995",0.542014578829871,0.902533139035052,0.600548118830704
"vm(ID, ginv)_No_510996",0.531466412384472,0.898697632770362,0.591373998333736
"vm(ID, ginv)_No_510997",1.06737246564157,0.862667934994879,1.23729238371182
"vm(ID, ginv)_No_510998",1.09699974302876,0.883809890203479,1.24121686709819
"vm(ID, ginv)_No_510999",0.567483779195382,0.868081064965101,0.653722102806373
"vm(ID, ginv)_No_511000",0.982541070916476,0.889963127362415,1.10402447102324
"vm(ID, ginv)_Nr_502624",-0.760247801697476,0.978522749370357,-0.776934212502129
"vm(ID, ginv)_Nr_503925",0.227025543714908,0.961936257179081,0.236008926808383
"vm(ID, ginv)_Nr_503796",0.691424372896773,0.969550644790813,0.713138995483782
"vm(ID, ginv)_Nr_504880",0.0740323690379449,0.968058215052798,0.076475120903661
"vm(ID, ginv)_Nr_503548",-0.0527010647692986,0.980399062903735,-0.0537547074078276
"vm(ID, ginv)_Nr_504241",-0.714537271994756,0.968376733108548,-0.737871168900401
"vm(ID, ginv)_Nr_501245",-0.153578834794262,0.982756337638445,-0.156273563356824
"vm(ID, ginv)_Nr_504018",-0.847110710735094,0.967634645368569,-0.875444791884681
"vm(ID, ginv)_Nr_501083",-1.12922885779141,0.96801769078822,-1.16653741820764
"vm(ID, ginv)_Nr_501671",-0.249397396781318,0.970038573182417,-0.257100494429945
"vm(ID, ginv)_Nr_504894",-0.352143319259927,0.97332796258031,-0.361793077768349
"vm(ID, ginv)_Nr_504258",-0.647746217923239,0.974318237153024,-0.664819966642486
"vm(ID, ginv)_Nr_504429",-0.552353001220119,0.97365146843788,-0.567300537333252
"vm(ID, ginv)_Nr_500336",2.16862973902993,0.803825057812743,2.69788770324093
"vm(ID, ginv)_Nr_500211",-0.0703891542841573,0.961948113006479,-0.0731735457790572
"vm(ID, ginv)_Nr_501968",-1.62222448466317,0.969782346748016,-1.67277172048243
"vm(ID, ginv)_Nr_503277",-0.894490951689998,0.974867057321501,-0.917551726640204
"vm(ID, ginv)_Nr_503732",-0.452547062807067,0.976020244176862,-0.463665651923775
"vm(ID, ginv)_Nr_502538",-0.3079708731665,0.976485853685764,-0.315386927525942
"vm(ID, ginv)_Nr_500428",-0.876182529160247,0.96921008039308,-0.904017144358317
"vm(ID, ginv)_Nr_503584",0.398511254567375,0.98112046816984,0.406179737857013
"vm(ID, ginv)_Nr_502925",-0.783153411412009,0.979574646233172,-0.799483137322433
"vm(ID, ginv)_Nr_501124",0.122514213369563,0.958081752376721,0.12787448781447
"vm(ID, ginv)_Nr_501287",-0.0947100319283191,0.977712678264071,-0.0968689820985821
"vm(ID, ginv)_Nr_503048",0.0798144947812337,0.985942892524756,0.0809524521007992
"vm(ID, ginv)_Nr_503871",-0.44462470388769,0.968905662508761,-0.458893699451023
"vm(ID, ginv)_Nr_501669",-0.450499302844916,0.974324698461162,-0.462370812888588
"vm(ID, ginv)_Nr_500445",-0.142145935178168,0.971319346502274,-0.146343152424623
"vm(ID, ginv)_Nr_504714",-0.606847061653741,0.977441361771745,-0.620852652023798
"vm(ID, ginv)_Nr_502961",-0.582521453754397,0.967811539871324,-0.601895544489836
"vm(ID, ginv)_Nr_503510",0.434923973057947,0.982900164559266,0.442490487579649
"vm(ID, ginv)_Nr_500085",-0.470104490846595,0.967890793640037,-0.48569993013223
"vm(ID, ginv)_Nr_502705",-0.488807338902635,0.962315294977174,-0.507949256812165
"vm(ID, ginv)_Nr_500766",-0.289602117178532,0.983072528265801,-0.294588760088136
"vm(ID, ginv)_Nr_500654",-0.176894248206569,0.98187371510806,-0.180159877471718
"vm(ID, ginv)_Nr_503086",0.248207284201664,0.975255850197834,0.254504788821635
"vm(ID, ginv)_Nr_503586",-0.197877960337112,0.983697052635368,-0.201157419153578
"vm(ID, ginv)_Nr_503167",-0.000558293291295577,0.972381846715918,-0.000574150261217991
"vm(ID, ginv)_Nr_500360",-0.377267228072778,0.969774422582859,-0.389025756183566
"vm(ID, ginv)_Nr_504738",0.409471332268272,0.973947528826342,0.420424427547659
"vm(ID, ginv)_Nr_504908",0.0898933815257744,0.978851087635574,0.0918356046811092
"vm(ID, ginv)_Nr_501426",-0.370490630871656,0.970266031498881,-0.38184437962784
"vm(ID, ginv)_Nr_502639",-0.889276722776405,0.965658433515947,-0.920901937902165
"vm(ID, ginv)_Nr_502185",-0.00607236027875829,0.983387379617115,-0.00617494225024789
"vm(ID, ginv)_Nr_500268",-0.537485951905495,0.979105274025186,-0.54895624215754
"vm(ID, ginv)_Nr_502732",-0.104766068782399,0.965930876849867,-0.108461248411549
"vm(ID, ginv)_Nr_501681",-0.886021734351222,0.966090147335884,-0.917121178385412
"vm(ID, ginv)_Nr_502088",-1.11476486408365,0.96875635817927,-1.15071746850653
"vm(ID, ginv)_Nr_503383",-0.625519238885026,0.969200988946086,-0.64539682276348
"vm(ID, ginv)_Nr_504787",-0.344277102362742,0.973927562303531,-0.353493540678178
"vm(ID, ginv)_Nr_504950",-0.396432801522146,0.967530801907184,-0.40973662103646
"vm(ID, ginv)_Nr_504309",0.336999431916869,0.969342450840615,0.347657766999292
"vm(ID, ginv)_Nr_501847",-0.156450862401933,0.967861956023511,-0.161645843633234
"vm(ID, ginv)_Nr_500748",0.00323202838392683,0.970365080948811,0.00333073442911466
"vm(ID, ginv)_Nr_500668",-1.63136984552249,0.964523387855177,-1.6913740672999
"vm(ID, ginv)_Nr_500374",-0.243153273806231,0.983356456379692,-0.247268701220938
"vm(ID, ginv)_Nr_502248",-0.474794156940201,0.976628399611185,-0.486156410287911
"vm(ID, ginv)_Nr_503025",0.336585321446335,0.980719606797774,0.343202398640063
"vm(ID, ginv)_Nr_501849",-0.538506082568963,0.974099909404665,-0.55282428154426
"vm(ID, ginv)_Nr_501460",-0.138853344206629,0.972598398808755,-0.142765343205066
"vm(ID, ginv)_Nr_500004",-0.135368802067789,0.981894553460824,-0.137864907785325
"vm(ID, ginv)_Nr_503467",0.291494408391926,0.962200041833692,0.302945744874857
"vm(ID, ginv)_Nr_500523",0.33664145093385,0.96862482010402,0.347545761730221
"vm(ID, ginv)_Nr_501156",-0.39304356857422,0.957565241605156,-0.410461398865487
"vm(ID, ginv)_Nr_504097",-0.790612927752199,0.979483410260103,-0.807173372688621
"vm(ID, ginv)_Nr_502506",-0.234629727183083,0.982678360088025,-0.238765537853165
"vm(ID, ginv)_Nr_502171",-0.610375722073866,0.970154814250875,-0.629152907461661
"vm(ID, ginv)_Nr_504885",-0.368411725514953,0.972783894822091,-0.378718981138489
"vm(ID, ginv)_Nr_500373",-0.0925920688176057,0.987189763020622,-0.093793586892849
"vm(ID, ginv)_Nr_501173",-0.452389681146907,0.962100250443011,-0.47021054296431
"vm(ID, ginv)_Nr_501043",-0.856117141924092,0.968517940486319,-0.883945568932066
"vm(ID, ginv)_Nr_504042",-0.186979553420111,0.96489594611782,-0.193782090361564
"vm(ID, ginv)_Nr_504280",-0.295721035072044,0.949752448577561,-0.311366436080206
"vm(ID, ginv)_Nr_503215",-0.322914153222862,0.971251659221982,-0.332472176656595
"vm(ID, ginv)_Nr_503930",0.145079494396964,0.975528702503035,0.148718837308134
"vm(ID, ginv)_Nr_500484",0.478191493078008,0.966890426224988,0.494566374956263
"vm(ID, ginv)_Nr_500671",-0.694225584795164,0.980572500339708,-0.707979863349888
"vm(ID, ginv)_Nr_502751",-0.0610641514205756,0.959999970593872,-0.0636084930115157
"vm(ID, ginv)_Nr_500079",1.1003214459164,0.791655992242578,1.38989846182992
"vm(ID, ginv)_Nr_503487",-0.693096739379474,0.983493790118967,-0.704729146582241
"vm(ID, ginv)_Nr_504616",-0.599764893826518,0.975672454351656,-0.614719510786094
"vm(ID, ginv)_Nr_501715",-0.36784579143806,0.979489884744555,-0.375548330990669
"vm(ID, ginv)_Nr_500135",0.250938243799706,0.961272705055086,0.261047923737028
"vm(ID, ginv)_Nr_503899",-1.03793470925201,0.963022399633584,-1.0777887509646
"vm(ID, ginv)_Nr_502324",-0.224918903572343,0.974205519303218,-0.230874183235188
"vm(ID, ginv)_Nr_502655",0.210620766007964,0.976889268788153,0.215603521030836
"vm(ID, ginv)_Nr_500001",-0.30754949268747,0.984805101919874,-0.312294780041151
"vm(ID, ginv)_Nr_502393",0.198190519179968,0.981391559796692,0.201948465117253
"vm(ID, ginv)_Nr_504841",-0.49759797015942,0.958775217731562,-0.518993358356429
"vm(ID, ginv)_Nr_503721",-0.927890381801551,0.980325633204198,-0.94651241421561
"vm(ID, ginv)_Nr_501377",-0.336640777991582,0.973922233452693,-0.345654680043747
"vm(ID, ginv)_Nr_502337",-0.918195308764373,0.971885413057401,-0.944756754683531
"vm(ID, ginv)_Nr_500388",-0.16124887689844,0.972116509430247,-0.165874023673302
"vm(ID, ginv)_Nr_502408",-0.566949232621217,0.981919476779937,-0.577388722831372
"vm(ID, ginv)_Nr_504822",-1.0360005334876,0.961829920863024,-1.07711406249249
"vm(ID, ginv)_Nr_501590",-1.13757548653509,0.972862176523841,-1.16930795953008
"vm(ID, ginv)_Nr_504354",-0.229628923327396,0.972655797423581,-0.236084464756853
"vm(ID, ginv)_Nr_504805",-0.837584207002716,0.974196592542575,-0.859769181512623
"vm(ID, ginv)_Nr_501802",-0.752275634966931,0.96216783428867,-0.781854899070792
"vm(ID, ginv)_Nr_504281",-1.02290483804514,0.967958930370726,-1.05676470969008
"vm(ID, ginv)_Nr_501927",-0.0943395908893539,0.983026717133504,-0.0959684912373971
"vm(ID, ginv)_Nr_504715",-0.282345845938497,0.967408414767037,-0.29185795950151
"vm(ID, ginv)_Nr_501957",0.143306937613026,0.977954545946221,0.14653742160825
"vm(ID, ginv)_Nr_503851",0.230930505979873,0.969968788509706,0.238080347239505
"vm(ID, ginv)_Nr_503733",-0.816225611569427,0.964682074024644,-0.846108405605737
"vm(ID, ginv)_Nr_500357",0.483297451845851,0.962061556084957,0.50235605901622
"vm(ID, ginv)_Nr_504989",0.0725671677950497,0.964738593737609,0.0752195136237979
"vm(ID, ginv)_Nr_500177",0.0924509499642926,0.973402561233267,0.0949770974992715
"vm(ID, ginv)_Nr_500245",-0.908153432212419,0.966863959884398,-0.939277364647041
"vm(ID, ginv)_Nr_503302",0.165586536115138,0.964032467054192,0.171764480734889
"vm(ID, ginv)_Nr_502983",-1.09747206166872,0.97896623805805,-1.1210520026163
"vm(ID, ginv)_Nr_501572",-0.438821988737164,0.97504852693234,-0.450051434996542
"vm(ID, ginv)_Nr_502491",-0.432672533179245,0.968156433503462,-0.446903535633736
"vm(ID, ginv)_Nr_500717",-0.515523016085965,0.971411713623212,-0.530694667210822
"vm(ID, ginv)_Nr_502959",-0.129747684591643,0.965749709468675,-0.134349183147077
"vm(ID, ginv)_Nr_503308",-0.599067747209584,0.981945132569229,-0.610082709654197
"vm(ID, ginv)_Nr_502742",-0.00850127146069035,0.974139594964049,-0.00872695402654697
"vm(ID, ginv)_Nr_502727",0.340898212509816,0.977446248369973,0.348764152584667
"vm(ID, ginv)_Nr_501877",-0.999357257762758,0.963510384728221,-1.03720444906741
"vm(ID, ginv)_Nr_501785",-0.29999947802388,0.964395448928077,-0.311075169794019
"vm(ID, ginv)_Nr_501771",-1.26685846878142,0.990135342521486,-1.27948010173561
"vm(ID, ginv)_Nr_500359",-0.433696309517284,0.968382143868193,-0.447856574249592
"vm(ID, ginv)_Nr_504604",-0.137163255915623,0.977706169288665,-0.1402908769773
"vm(ID, ginv)_Nr_502103",-0.689455824532532,0.967071230441552,-0.712931791195707
"vm(ID, ginv)_Nr_501656",-0.686773992434569,0.983043467183244,-0.698620168243843
"vm(ID, ginv)_Nr_501257",-0.625716571098274,0.974105757402174,-0.642349730861859
"vm(ID, ginv)_Nr_500912",-0.0869461381771701,0.964960138456793,-0.0901033469799263
"vm(ID, ginv)_Nr_500821",-0.872382393976006,0.970280621064045,-0.899103182148809
"vm(ID, ginv)_Nr_504682",-0.725545832402503,0.966676035647311,-0.750557379770627
"vm(ID, ginv)_Nr_500121",-0.550415500220525,0.968154095229614,-0.568520551565694
"vm(ID, ginv)_Nr_501696",-0.919954944105483,0.968084957613274,-0.950283275110017
"vm(ID, ginv)_Nr_500279",-0.59012409053272,0.981002269427779,-0.601552217485635
"vm(ID, ginv)_Nr_501932",-1.44505986670135,0.980261303582916,-1.47415782038887
"vm(ID, ginv)_Nr_501744",-0.381541234568971,0.979166617084227,-0.389659152908142
"vm(ID, ginv)_Nr_503271",-0.0974393276132191,0.952907892793393,-0.102254717743581
"vm(ID, ginv)_Nr_500210",-0.802663913908093,0.971281878763641,-0.826396467861437
"vm(ID, ginv)_Nr_501554",0.177131444405447,0.978323076515959,0.181056185484507
"vm(ID, ginv)_Nr_501471",-0.63873742471052,0.963902739816808,-0.66265754658184
"vm(ID, ginv)_Nr_504887",-0.332935524371616,0.974280585229837,-0.341724477957318
"vm(ID, ginv)_Nr_503789",-1.05855306565035,0.976540485733484,-1.08398277502572
"vm(ID, ginv)_Nr_501841",0.378674304681998,0.975676568410732,0.388114583195143
"vm(ID, ginv)_Nr_504707",0.0884966202456141,0.976788139493948,0.0905996056539571
"vm(ID, ginv)_Nr_504704",-0.445784663295616,0.975297868487992,-0.457075399935732
"vm(ID, ginv)_Nr_503320",-1.03740411739472,0.974017569564555,-1.06507741729803
"vm(ID, ginv)_Nr_502697",-0.403947017181484,0.95499508391475,-0.422983347228983
"vm(ID, ginv)_Nr_503608",-0.1458371541528,0.976354770392225,-0.149369018901003
"vm(ID, ginv)_Nr_500658",-0.95530462011012,0.98076780687306,-0.974037497372469
"vm(ID, ginv)_Nr_502726",0.353368031728799,0.966276099881004,0.365700892086968
"vm(ID, ginv)_Nr_504197",-0.34339964171452,0.964422196820037,-0.35606775004433
"vm(ID, ginv)_Nr_501620",-0.38881059603993,0.976403459390885,-0.39820690135867
"vm(ID, ginv)_Nr_501528",0.444545552540336,0.927446520243102,0.47932203403363
"vm(ID, ginv)_Nr_500458",0.378930307357563,0.971361448870786,0.390102271196857
"vm(ID, ginv)_Nr_501697",0.208683116961169,0.97821893955228,0.213329663251747
"vm(ID, ginv)_Nr_504178",-0.601608319566108,0.980863808368348,-0.61334541496324
"vm(ID, ginv)_Nr_501805",-0.522372779909302,0.980386329761565,-0.532823402419682
"vm(ID, ginv)_Nr_500304",-0.386743807014012,0.982978460152519,-0.393440774840585
"vm(ID, ginv)_Nr_502413",-0.779366040212204,0.948035655391589,-0.822085156586525
"vm(ID, ginv)_Nr_501975",0.269411376234601,0.964967827748385,0.279192081318642
"vm(ID, ginv)_Nr_503416",-0.624525261752572,0.977526348758758,-0.638883302271679
"vm(ID, ginv)_Nr_500712",-0.412281033218807,0.971518299102687,-0.424367748502111
"vm(ID, ginv)_Nr_502363",-0.364042753145844,0.979050842238541,-0.371832327229791
"vm(ID, ginv)_Nr_501779",0.131601390686388,0.940266237222423,0.139961837910019
"vm(ID, ginv)_Nr_503394",-1.5190984141543,0.966048130027985,-1.57248729844371
"vm(ID, ginv)_Nr_501701",0.106103964089604,0.972162371005482,0.109142224852689
"vm(ID, ginv)_Nr_503034",-0.312463538143578,0.974822853319944,-0.32053366114615
"vm(ID, ginv)_Nr_502101",0.0235930779798321,0.941129547900424,0.0250688951722599
"vm(ID, ginv)_Nr_502018",-0.336562672387348,0.987106435755939,-0.34095884718815
"vm(ID, ginv)_Nr_504337",-0.441036530511307,0.978058960636323,-0.450930412440953
"vm(ID, ginv)_Nr_502157",-0.869692411027543,0.970182415574096,-0.896421535854069
"vm(ID, ginv)_Nr_503997",-0.926683875486481,0.977020549244354,-0.948479411413809
"vm(ID, ginv)_Nr_504789",-0.239957658822881,0.976595081561437,-0.245708444936281
"vm(ID, ginv)_Nr_503527",-0.156769408171338,0.953697555833736,-0.164380633265111
"vm(ID, ginv)_Nr_503175",-0.661639819850462,0.982974631979144,-0.673099588051729
"vm(ID, ginv)_Nr_500991",-1.64952336588579,0.97206576520549,-1.69692568643963
"vm(ID, ginv)_Nr_501128",-1.14701356799644,0.980380755082045,-1.16996744586285
"vm(ID, ginv)_Nr_502764",-0.218724242967187,0.980393811442109,-0.223098351309924
"vm(ID, ginv)_Nr_500960",-1.09218092343059,0.996171112089279,-1.09637883509787
"vm(ID, ginv)_Nr_501393",-0.873710879091043,0.978384403125356,-0.893013907723853
"vm(ID, ginv)_Nr_500610",0.022288897182042,0.969679469601869,0.0229858400438171
"vm(ID, ginv)_Nr_500599",-0.938350196631959,0.980689271352368,-0.956827227586548
"vm(ID, ginv)_Nr_504497",0.349522930125746,0.952537516703978,0.366938754638437
"vm(ID, ginv)_Nr_503459",-0.289454587579598,0.969578980536583,-0.298536368248628
"vm(ID, ginv)_Nr_504135",-0.188102807888427,0.977211657824514,-0.192489320386522
"vm(ID, ginv)_Nr_504259",-0.738663243595366,0.979841198167809,-0.75386016119406
"vm(ID, ginv)_Nr_503445",1.05705234748529,0.769449227591303,1.37377790448151
"vm(ID, ginv)_Nr_500228",-0.628399230480737,0.969953910047506,-0.647865041803851
"vm(ID, ginv)_Nr_502830",-0.845770300234051,0.948884570436388,-0.891331070801462
"vm(ID, ginv)_Nr_504467",-1.15649840739616,0.975377644250815,-1.18569296129855
"vm(ID, ginv)_Nr_503000",-0.29573725521263,0.981162388667061,-0.301415197553993
"vm(ID, ginv)_Nr_504243",-0.303673612628271,0.973405976175986,-0.311970154345312
"vm(ID, ginv)_Nr_500137",-0.0858264010254982,0.980908896105069,-0.087496811749075
"vm(ID, ginv)_Nr_504909",-0.501294628851378,0.968422981566486,-0.517640161781892
"vm(ID, ginv)_Nr_500826",0.11918753797973,0.97313702401831,0.122477652209323
"vm(ID, ginv)_Nr_503946",-1.02387334863032,0.970037051760804,-1.0554992170369
"vm(ID, ginv)_Nr_502378",-0.137722853252909,0.939677358210789,-0.146563979699525
"vm(ID, ginv)_Nr_503644",-0.666952706669105,0.968981007412337,-0.688303177840607
"vm(ID, ginv)_Nr_502217",0.286833332068511,0.974508233294019,0.294336489183843
"vm(ID, ginv)_Nr_503790",-0.0132955715267551,0.978419664687526,-0.0135888228810296
"vm(ID, ginv)_Nr_503577",0.34059451884626,0.984967632320486,0.345792600355662
"vm(ID, ginv)_Nr_501982",-0.253589017094887,0.936333298302555,-0.270831997061954
"vm(ID, ginv)_Nr_504139",-1.23847284861517,0.963336321184926,-1.28560796616889
"vm(ID, ginv)_Nr_501712",-0.660218458253423,0.969607171408384,-0.680913340703159
"vm(ID, ginv)_Nr_502296",-1.13498901791013,0.967401998820423,-1.17323410463701
"vm(ID, ginv)_Nr_500779",-0.650622486833536,0.965028049566567,-0.674200596682922
"vm(ID, ginv)_Nr_502229",0.295198116683001,0.982976352284511,0.300310496785541
"vm(ID, ginv)_Nr_504952",-0.15721109337936,0.956777763198134,-0.164313071881881
"vm(ID, ginv)_Nr_504310",-0.144029531141352,0.979192720398845,-0.147090075468174
"vm(ID, ginv)_Nr_500221",-0.149486694415252,0.984497075777072,-0.15184066879758
"vm(ID, ginv)_Nr_501412",0.105014619168144,0.967026420740374,0.108595398135805
"vm(ID, ginv)_Nr_504939",-1.1312362404592,0.967222048858538,-1.16957242837281
"vm(ID, ginv)_Nr_502402",-0.683048509655046,0.972905174308145,-0.702071001051852
"vm(ID, ginv)_Nr_502460",-0.417026755579784,0.979609196193729,-0.425707268980469
"vm(ID, ginv)_Nr_501991",-0.782426017732902,0.96639789800763,-0.809631332338353
"vm(ID, ginv)_Nr_503151",-0.382305830278127,0.979277744169435,-0.390395710057086
"vm(ID, ginv)_Nr_502243",-1.43153751710424,0.975461098769942,-1.46754957107916
"vm(ID, ginv)_Nr_501159",-0.199058611496958,0.97640914830594,-0.203868032005151
"vm(ID, ginv)_Nr_500197",-0.080419119801754,0.974037809514559,-0.0825626264362709
"vm(ID, ginv)_Nr_500046",-0.525470909279469,0.978968000132134,-0.536760046506674
"vm(ID, ginv)_Nr_504025",-0.361237182656267,0.968252584577684,-0.373081557860055
"vm(ID, ginv)_Nr_500863",-0.23845862167603,0.973886077737712,-0.244852685675471
"vm(ID, ginv)_Nr_503493",0.228943446033452,0.980386194906031,0.233523735057689
"vm(ID, ginv)_Nr_504308",0.0860042465406758,0.964943204687194,0.0891288172432447
"vm(ID, ginv)_Nr_503011",-1.0335080099537,0.97898123943798,-1.05569746213627
"vm(ID, ginv)_Nr_501973",-0.211836184405778,0.991058601679203,-0.213747384914326
"vm(ID, ginv)_Nr_501727",0.0636965826402801,0.971752988378799,0.0655481211810285
"vm(ID, ginv)_Nr_501440",-0.724225571600696,0.976566000371271,-0.74160432712726
"vm(ID, ginv)_Nr_500234",-0.646595773395498,0.968603528701173,-0.667554633279662
"vm(ID, ginv)_Nr_503163",-1.65254225157791,1.04276439393938,-1.58477050154627
"vm(ID, ginv)_Nr_502282",-0.83071651714621,0.958420445399133,-0.866755838874305
"vm(ID, ginv)_Nr_500183",-0.187881875733659,0.970695842553279,-0.193553806967446
"vm(ID, ginv)_Nr_501734",-0.510446117696592,0.973615721137834,-0.524278836726311
"vm(ID, ginv)_Nr_504437",0.380718293965218,0.979169469745157,0.388817570123286
"vm(ID, ginv)_Nr_500008",0.168189086449744,0.933182429638276,0.180231732947371
"vm(ID, ginv)_Nr_501784",-0.319008502399318,0.951110235134977,-0.33540644461054
"vm(ID, ginv)_Nr_503139",0.883268227976508,0.791801230015669,1.11551762550183
"vm(ID, ginv)_Nr_503921",-0.168702247463981,0.967128554197235,-0.174436218155106
"vm(ID, ginv)_Nr_503813",-0.282525453917656,0.967801880428214,-0.291924886313147
"vm(ID, ginv)_Nr_502788",0.103619729982228,0.966669824706401,0.107192473928417
"vm(ID, ginv)_Nr_504535",-0.850449228794647,0.983180043188546,-0.864998465628492
"vm(ID, ginv)_Nr_502065",-0.866292187643322,0.976604687225105,-0.887044880057639
"vm(ID, ginv)_Nr_503078",-0.429387778086841,0.973166647703956,-0.441227388032583
"vm(ID, ginv)_Nr_503189",-0.175898546594915,0.975711783344319,-0.18027715724823
"vm(ID, ginv)_Nr_502646",-0.282958813844841,0.965380557379204,-0.293105979483378
"vm(ID, ginv)_Nr_504096",-0.414513232323395,0.966667301964363,-0.42880651024511
"vm(ID, ginv)_Nr_504867",-0.632213877983447,0.973590151664287,-0.649363468706745
"vm(ID, ginv)_Nr_501511",-0.285690626010607,0.976664524821064,-0.292516640821933
"vm(ID, ginv)_Nr_504004",-0.955166536875208,0.980832277117643,-0.973832692050206
"vm(ID, ginv)_Nr_500879",-0.577505103491909,0.97309286729684,-0.593473781280675
"vm(ID, ginv)_Nr_504603",-0.565245649711113,0.97853832038028,-0.57764283517425
"vm(ID, ginv)_Nr_504627",-0.449149074612385,0.94726250852822,-0.474154809853328
"vm(ID, ginv)_Nr_504062",-0.861275905418049,0.969873573617639,-0.888029047131865
"vm(ID, ginv)_Nr_504112",-0.127452216981709,0.97340997618776,-0.130933748471389
"vm(ID, ginv)_Nr_503326",0.541771002328986,0.978348014136618,0.553761028285107
"vm(ID, ginv)_Nr_501354",-0.354412804279194,0.973483049018332,-0.36406674429163
"vm(ID, ginv)_Nr_504582",-1.20257960093979,0.970548910351482,-1.23907161000704
"vm(ID, ginv)_Nr_500123",0.386657300006623,0.981371070359477,0.393997043203027
"vm(ID, ginv)_Nr_500716",-0.491331760591849,0.95506336288533,-0.51444938596272
"vm(ID, ginv)_Nr_500710",-0.667167410491075,0.964473498174424,-0.691742605425555
"vm(ID, ginv)_Nr_502125",-0.563477128916673,0.970728201392614,-0.580468485522832
"vm(ID, ginv)_Nr_501905",-0.992785237299401,0.965774299794731,-1.0279681676251
"vm(ID, ginv)_Nr_504765",-1.24278435466302,0.962942443860839,-1.29061125364895
"vm(ID, ginv)_Nr_501295",-0.81540681700984,0.97905786020494,-0.832848445585388
"vm(ID, ginv)_Nr_503821",-0.405219107843124,0.969994171016559,-0.417754167964177
"vm(ID, ginv)_Nr_503818",-1.01261253204088,0.975444104434762,-1.03810410810536
"vm(ID, ginv)_Nr_500844",-1.31219102455366,0.966324183128207,-1.35792009292968
"vm(ID, ginv)_Nr_504824",-0.488674195705971,0.953708203355449,-0.512393826525408
"vm(ID, ginv)_Nr_503910",-0.467324454296676,0.976038166639281,-0.478797315791225
"vm(ID, ginv)_Nr_500163",-1.3203960163567,0.970287403973183,-1.36082980254085
"vm(ID, ginv)_Nr_501207",-0.322290895403112,0.971232799165252,-0.331836914568898
"vm(ID, ginv)_Nr_503729",-0.525793097945351,0.972563922093058,-0.540625748088403
"vm(ID, ginv)_Nr_502353",-0.658274532112384,0.978103404195689,-0.673011186024543
"vm(ID, ginv)_Nr_500100",0.0149006792819754,0.969657111435811,0.0153669571503594
"vm(ID, ginv)_Nr_504304",-1.05975090639065,0.971652340322994,-1.09066881477213
"vm(ID, ginv)_Nr_502939",-0.929340155865518,0.973927789934261,-0.954218747498978
"vm(ID, ginv)_Nr_501206",-0.0175903285439898,0.964496565573654,-0.0182378342980699
"vm(ID, ginv)_Nr_500532",0.382233667029639,0.981254739201691,0.38953561369865
"vm(ID, ginv)_Nr_504727",-0.0809251078077447,0.98149905174906,-0.0824505206230549
"vm(ID, ginv)_Nr_503932",-0.4407050185643,0.971579745253375,-0.453596342160643
"vm(ID, ginv)_Nr_500483",0.22612377236001,0.947712073215128,0.238599653577148
"vm(ID, ginv)_Nr_503534",-0.881520450676876,0.988603054804952,-0.891682911955797
"vm(ID, ginv)_Nr_503157",-0.279270958332342,0.975746379216339,-0.28621265144395
"vm(ID, ginv)_Nr_500503",-0.462875081250858,0.973967559540167,-0.475246918356697
"vm(ID, ginv)_Nr_501148",-1.11353443722254,0.976201391239872,-1.14068105947712
"vm(ID, ginv)_Nr_500477",-0.406629016202471,0.971388025561556,-0.418606165098031
"vm(ID, ginv)_Nr_501850",0.0697463381174283,0.985567761805447,0.0707676740457307
"vm(ID, ginv)_Nr_502966",-0.542022316223686,0.981415410381229,-0.552286331038085
"vm(ID, ginv)_Nr_504200",-1.14673667007515,0.976083769357221,-1.17483427762589
"vm(ID, ginv)_Nr_500111",-0.578795307819092,0.978897995438821,-0.591272339422484
"vm(ID, ginv)_Nr_504757",-0.636662933101499,0.973081569868725,-0.654274988670671
"vm(ID, ginv)_Nr_501983",-0.344428592215147,0.973286850288988,-0.353881892180994
"vm(ID, ginv)_Nr_503280",-0.431800178750116,0.969535034967583,-0.445368308701246
"vm(ID, ginv)_Nr_504635",-0.669372130889261,0.983380797185293,-0.680684565740137
"vm(ID, ginv)_Nr_501811",-0.417511241855332,0.98238662485263,-0.424996871183954
"vm(ID, ginv)_Nr_501232",0.0575767464259605,0.975270045241421,0.059036721887329
"vm(ID, ginv)_Nr_500572",-0.914777820479469,0.969893315432321,-0.943173652116279
"vm(ID, ginv)_Nr_501248",-0.0816207244950701,0.978575092361232,-0.0834077273499013
"vm(ID, ginv)_Nr_503092",-0.781421688709227,0.965195506778657,-0.809599385017057
"vm(ID, ginv)_Nr_502977",-0.0169540946166907,0.979764258183564,-0.0173042591369099
"vm(ID, ginv)_Nr_501909",0.0993675808476535,0.974917333382227,0.101924109301578
"vm(ID, ginv)_Nr_502659",0.493476237767185,0.932904581533545,0.528967535946698
"vm(ID, ginv)_Nr_500528",-0.270815681511513,0.972688592833491,-0.278419715731027
"vm(ID, ginv)_Nr_500970",0.100464259784412,0.971956302993519,0.103362938719563
"vm(ID, ginv)_Nr_501557",0.38023518108452,0.966372378862567,0.393466524293732
"vm(ID, ginv)_Nr_502396",-0.134970055563757,0.975651260067033,-0.138338421819374
"vm(ID, ginv)_Nr_501713",-1.24425940573276,0.970872794182136,-1.28158849767845
"vm(ID, ginv)_Nr_503716",0.204580248166911,0.976566790279066,0.20948925378514
"vm(ID, ginv)_Nr_502490",0.109403422853286,0.971253744573375,0.112641442531932
"vm(ID, ginv)_Nr_504093",-0.620354866416613,0.985087892236764,-0.629745702191122
"vm(ID, ginv)_Nr_503703",-0.902287683637499,0.97255200970802,-0.927752628785769
"vm(ID, ginv)_Nr_502228",-0.548313257629232,0.971242905301601,-0.564548018457817
"vm(ID, ginv)_Nr_504860",0.0327492929155589,0.973542912838817,0.0336392905578893
"vm(ID, ginv)_Nr_501676",-0.947692902513077,0.975170499822292,-0.971822776310171
"vm(ID, ginv)_Nr_500990",-0.40272774512152,0.962450724679167,-0.418439858576417
"vm(ID, ginv)_Nr_501395",-0.329295908012299,0.979961165766565,-0.336029548430841
"vm(ID, ginv)_Nr_502417",-0.483488450071335,0.973075200893508,-0.496866480234396
"vm(ID, ginv)_Nr_503295",-0.0472432592280582,0.970602047168696,-0.0486741804902118
"vm(ID, ginv)_Nr_504795",-0.373224459535173,0.971884562710936,-0.384021388809918
"vm(ID, ginv)_Nr_504695",-0.0775703116755567,0.9746664296525,-0.0795865224405164
"vm(ID, ginv)_Nr_502314",-0.197947287031149,0.962872627851805,-0.205579929582976
"vm(ID, ginv)_Nr_500958",-0.230423741886685,0.977957514858491,-0.235617333458526
"vm(ID, ginv)_Nr_500308",-0.452762883516248,0.979527665582942,-0.462225723095629
"vm(ID, ginv)_Nr_502492",-0.69945411901916,0.973165516261501,-0.718741167182098
"vm(ID, ginv)_Nr_504313",-0.470807351223678,0.97978678480512,-0.480520209626344
"vm(ID, ginv)_Nr_502520",-0.63213138077159,0.973639376883602,-0.649245907447682
"vm(ID, ginv)_Nr_500290",-0.628668126796843,0.958897896514076,-0.655615294477408
"vm(ID, ginv)_Nr_500206",-0.393071020609764,0.977231079818369,-0.402229348541413
"vm(ID, ginv)_Nr_501477",0.0647900119575714,0.978516983917899,0.0662124551974128
"vm(ID, ginv)_Nr_504740",-0.489882484351141,0.980163810738799,-0.499796543173627
"vm(ID, ginv)_Nr_504299",-0.845431887494013,0.984237554060898,-0.858971377393413
"vm(ID, ginv)_Nr_504350",0.0629069353926317,0.974998024378515,0.0645200644716485
"vm(ID, ginv)_Nr_502699",-1.04542503091501,0.965276475841773,-1.08303170861316
"vm(ID, ginv)_Nr_504314",-0.331716148108727,0.972208855234202,-0.341198443444354
"vm(ID, ginv)_Nr_501212",-0.927857984166494,0.975372961593801,-0.951285324385387
"vm(ID, ginv)_Nr_504951",-1.17787082007713,0.965651083240927,-1.21976854841187
"vm(ID, ginv)_Nr_500149",-0.459162885561308,0.974780212835771,-0.471042476565604
"vm(ID, ginv)_Nr_500770",-0.856342707950903,0.973982202421484,-0.879218024540788
"vm(ID, ginv)_Nr_501119",-0.641199589848702,0.982412199079125,-0.652678774194516
"vm(ID, ginv)_Nr_502239",-0.78143448918161,0.982162537079248,-0.795626446418367
"vm(ID, ginv)_Nr_503058",-0.849565104671744,0.9698969980841,-0.875933327301708
"vm(ID, ginv)_Nr_503152",-0.602805940776487,0.971669766746044,-0.620381493184852
"vm(ID, ginv)_Nr_500556",-0.257512052574941,0.981154343525546,-0.262458250604724
"vm(ID, ginv)_Nr_501121",-0.445135701324838,0.960235495887822,-0.463569304853983
"vm(ID, ginv)_Nr_502380",-0.926084052934805,0.964382050439424,-0.960287525584733
"vm(ID, ginv)_Nr_500535",-0.713421853996767,0.976078790644441,-0.730906009673401
"vm(ID, ginv)_Nr_500436",0.578142442588292,0.972351005680988,0.594582037978547
"vm(ID, ginv)_Nr_501822",-0.986613347330885,0.976502162803948,-1.01035449271091
"vm(ID, ginv)_Nr_504775",-0.178124908739697,0.97615855360981,-0.182475385869432
"vm(ID, ginv)_Nr_501879",-1.82760001459918,0.982324059121894,-1.86048585253311
"vm(ID, ginv)_Nr_503914",-0.203546654505635,0.973909508150169,-0.208999555710519
"vm(ID, ginv)_Nr_502298",-0.60317418491358,0.976394650064254,-0.617756544317287
"vm(ID, ginv)_Nr_501015",-0.427052509720237,0.959681922524947,-0.444993804402037
"vm(ID, ginv)_Nr_503016",-0.305383615457987,0.982554675051821,-0.310805722278896
"vm(ID, ginv)_Nr_504409",-0.566374278723882,0.968979537470237,-0.584505922800541
"vm(ID, ginv)_Nr_501944",-0.503700269597269,0.975981496775852,-0.516096126065135
"vm(ID, ginv)_Nr_503708",-0.0387212609999898,0.974940081395109,-0.0397165546261887
"vm(ID, ginv)_Nr_500911",-2.09669995560431,0.972838507002565,-2.15523947758246
"vm(ID, ginv)_Nr_501093",-0.43893968338277,0.974100428245325,-0.450610297106064
"vm(ID, ginv)_Nr_504747",-0.354939473013729,0.967455051792992,-0.366879548931929
"vm(ID, ginv)_Nr_504215",1.64674841202429,0.783044808399144,2.10300661515259
"vm(ID, ginv)_Nr_501633",-0.771887360540496,0.966217994066215,-0.798874959150883
"vm(ID, ginv)_Nr_504102",-0.843354512529891,0.974391348414206,-0.865519294585719
"vm(ID, ginv)_Nr_503845",-0.240397653584663,0.975579397226963,-0.246415262835584
"vm(ID, ginv)_Nr_504677",-0.464127670608905,0.981130705954761,-0.473053863050032
"vm(ID, ginv)_Nr_503949",-1.40029053716032,0.962382474597538,-1.45502497616233
"vm(ID, ginv)_Nr_500721",0.0183194215956678,0.960237329736082,0.0190780143911952
"vm(ID, ginv)_Nr_502072",-0.138718510754131,0.969216533896548,-0.143124375103714
"vm(ID, ginv)_Nr_500369",-0.0165543020311775,0.961877102922811,-0.0172104128280782
"vm(ID, ginv)_Nr_502382",-0.382504463033613,0.957004800176877,-0.39968917915868
"vm(ID, ginv)_Nr_504175",0.130548489420009,0.970169909711009,0.134562500973563
"vm(ID, ginv)_Nr_501523",0.643790730384423,0.958024943453357,0.671997879370212
"vm(ID, ginv)_Nr_503583",-0.812531032665892,0.978879507952263,-0.830062358099253
"vm(ID, ginv)_Nr_503661",-0.225463038138244,0.981133960741845,-0.229798424231253
"vm(ID, ginv)_Nr_500070",-0.291798455293233,0.974044936143676,-0.299573915397052
"vm(ID, ginv)_Nr_501038",-0.493256393351624,0.954525135086563,-0.516755793242566
"vm(ID, ginv)_Nr_500695",-0.351712823008887,0.9813958513837,-0.358380181160331
"vm(ID, ginv)_Nr_502898",0.0250252203756488,0.968970323598433,0.0258266117817866
"vm(ID, ginv)_Nr_503623",-0.115134378932533,0.97736545261161,-0.117800745488685
"vm(ID, ginv)_Nr_502851",-0.199874797803492,0.976391263633694,-0.204707687632975
"vm(ID, ginv)_Nr_500593",-0.0213566079891189,0.983600064175906,-0.021712694790247
"vm(ID, ginv)_Nr_503494",-0.891073630954132,0.963972790148337,-0.924376331013464
"vm(ID, ginv)_Nr_500417",-0.340344749388351,0.975475192137752,-0.348901491428486
"vm(ID, ginv)_Nr_501930",-0.767697563937038,0.95755175584952,-0.801729576753742
"vm(ID, ginv)_Nr_500545",-0.283637089784993,0.983588834436541,-0.288369570550765
"vm(ID, ginv)_Nr_504874",-0.680572997524943,0.984337457031149,-0.691402112825832
"vm(ID, ginv)_Nr_504210",-0.35736295890137,0.947362308510962,-0.377218890482421
"vm(ID, ginv)_Nr_502770",-0.39706353366406,0.969594874290307,-0.409514885229451
"vm(ID, ginv)_Nr_502662",-0.404117033525161,0.977380269892193,-0.413469604384111
"vm(ID, ginv)_Nr_501483",-1.21664272204873,0.967609437024272,-1.25736963230776
"vm(ID, ginv)_Nr_502138",-0.983262562010487,0.963577523917136,-1.02042911712316
"vm(ID, ginv)_Nr_503035",-0.535950526673387,0.964210258979537,-0.555844040946635
"vm(ID, ginv)_Nr_504453",-0.767759806781521,0.971965042518123,-0.789904752945069
"vm(ID, ginv)_Nr_502673",0.0312224163432605,0.978259960877507,0.0319162774639716
"vm(ID, ginv)_Nr_502311",-0.316068528391812,0.965962189656818,-0.327205900785933
"vm(ID, ginv)_Nr_501462",-0.216797038815156,0.968936234827166,-0.22374747792751
"vm(ID, ginv)_Nr_504657",0.123700777980943,0.965509397341907,0.128119703776574
"vm(ID, ginv)_Nr_504608",-0.211279313792156,0.964504883640568,-0.219054685337282
"vm(ID, ginv)_Nr_503906",0.508745210452595,0.982120514335144,0.518006907530075
"vm(ID, ginv)_Nr_504145",-1.1061221277003,0.986838430991244,-1.12087459604632
"vm(ID, ginv)_Nr_501070",-1.00362233354765,0.972593191963633,-1.031903515098
"vm(ID, ginv)_Nr_503333",-0.312026112480514,0.97193903820628,-0.3210346536305
"vm(ID, ginv)_Nr_500249",-0.813978171403919,0.979594671943754,-0.830933645023598
"vm(ID, ginv)_Nr_500090",-0.835541968407645,0.968211758060374,-0.862974407666245
"vm(ID, ginv)_Nr_503911",0.826646402638616,0.747185077868497,1.10634757990189
"vm(ID, ginv)_Nr_501280",-0.239416782977335,0.977174805242368,-0.245009164883198
"vm(ID, ginv)_Nr_503431",-1.34465281365198,0.972909357070266,-1.38209464620749
"vm(ID, ginv)_Nr_504108",-0.435353711789166,0.976970527495183,-0.445616013520237
"vm(ID, ginv)_Nr_501039",-0.353066834805306,0.968107401591973,-0.364698001714187
"vm(ID, ginv)_Nr_501993",-1.026437421673,0.961401147440857,-1.06764738569874
"vm(ID, ginv)_Nr_500223",-0.12335579761442,0.958089825466406,-0.128751808374929
"vm(ID, ginv)_Nr_500906",0.202077305433472,0.971920517590396,0.207915464048918
"vm(ID, ginv)_Nr_502560",0.120711429967816,0.956829359870521,0.126157740377188
"vm(ID, ginv)_Nr_500084",-0.747578692548383,0.963527925186609,-0.775876518995126
"vm(ID, ginv)_Nr_503852",-0.546904838654425,0.97062888974752,-0.563454111485066
"vm(ID, ginv)_Nr_500491",-0.477761597225501,0.96903851289421,-0.493026428638609
"vm(ID, ginv)_Nr_500418",-0.373624464055164,0.97651849852869,-0.382608690586098
"vm(ID, ginv)_Nr_503908",-0.919310843120408,0.979889218610846,-0.938178342673962
"vm(ID, ginv)_Nr_504080",0.27323161591507,0.975405834905597,0.280120956977374
"vm(ID, ginv)_Nr_500455",-1.72956080049529,0.970355681282582,-1.78239879856138
"vm(ID, ginv)_Nr_502487",-0.592415076142549,0.978008335583504,-0.605736223903552
"vm(ID, ginv)_Nr_500992",-0.994380492266045,0.965936211531906,-1.02944736970677
"vm(ID, ginv)_Nr_503938",-0.573768420875199,0.974598210564334,-0.58872303956208
"vm(ID, ginv)_Nr_503477",0.0479195821132236,0.974059232615048,0.0491957578232428
"vm(ID, ginv)_Nr_501503",0.0561734543985458,0.979617938978114,0.0573422067557715
"vm(ID, ginv)_Nr_500895",-0.388802997381894,0.973353811225131,-0.399446730364696
"vm(ID, ginv)_Nr_501387",-0.115102845371754,0.978148638474884,-0.11767418656455
"vm(ID, ginv)_Nr_504185",0.626875435861707,0.974542375756868,0.643251080154263
"vm(ID, ginv)_Nr_503447",-1.76980927490298,0.977681785227809,-1.81020992887845
"vm(ID, ginv)_Nr_501860",-0.843579574023327,0.971528900743882,-0.8683010596776
"vm(ID, ginv)_Nr_502616",0.859400212516384,0.962929872013513,0.892484735902267
"vm(ID, ginv)_Nr_504331",-0.798549841158884,0.972344418469264,-0.821262328441212
"vm(ID, ginv)_Nr_501185",-0.97974154359456,0.970551145570075,-1.00946925678923
"vm(ID, ginv)_Nr_504756",-0.210254525441345,0.962185372447171,-0.218517690522145
"vm(ID, ginv)_Nr_500836",0.0376636518595895,0.98004294603926,0.0384306136907604
"vm(ID, ginv)_Nr_502280",-0.437781231938583,0.959557683549043,-0.4562323239593
"vm(ID, ginv)_Nr_504493",-1.45961359737763,0.973614593483268,-1.49916980204212
"vm(ID, ginv)_Nr_502231",-0.635668802111526,0.974033487810797,-0.652614935796748
"vm(ID, ginv)_Nr_502059",-0.569552533849518,0.982587522737004,-0.579645599674445
"vm(ID, ginv)_Nr_502577",-0.811193577004375,0.979685027955346,-0.828014671916931
"vm(ID, ginv)_Nr_504266",-0.602540722727495,0.969053398734038,-0.621782786701588
"vm(ID, ginv)_Nr_500691",-0.356757105782597,0.976613767510927,-0.365300098821927
"vm(ID, ginv)_Nr_501695",0.681368602294371,0.81124498343888,0.839904857600523
"vm(ID, ginv)_Nr_502593",-0.522220252705508,0.968869531297982,-0.538999561691135
"vm(ID, ginv)_Nr_504381",-0.581973199703467,0.985358383214893,-0.590620843763143
"vm(ID, ginv)_Nr_502306",-1.03126580380101,0.97655680773347,-1.0560223385207
"vm(ID, ginv)_Nr_501094",-1.08429575115661,0.977704397461808,-1.10902206635413
"vm(ID, ginv)_Nr_502165",-0.321696888007684,0.965316997599094,-0.333255178151631
"vm(ID, ginv)_Nr_503199",0.10414124186844,0.969107641831162,0.10746096447208
"vm(ID, ginv)_Nr_501564",-1.45917146673464,0.970811927926839,-1.50304237593237
"vm(ID, ginv)_Nr_502454",-0.776363703935391,0.960129104112558,-0.808603447817551
"vm(ID, ginv)_Nr_500687",0.00238083272496084,0.978967822767591,0.0024319826143316
"vm(ID, ginv)_Nr_502800",-1.12214244094537,0.985627306867872,-1.13850583595469
"vm(ID, ginv)_Nr_503920",-0.629615264013556,0.966615080428958,-0.651360895108474
"vm(ID, ginv)_Nr_504231",0.292501216503215,0.970419588345725,0.301417263229242
"vm(ID, ginv)_Nr_502436",-1.32231526556109,0.972696192723983,-1.35943296113663
"vm(ID, ginv)_Nr_503114",-1.23027346784369,0.984663484989503,-1.24943545342987
"vm(ID, ginv)_Nr_502808",-0.884572504794023,0.963358750146087,-0.91821712800126
"vm(ID, ginv)_Nr_500283",-1.5920148934713,0.981712807157004,-1.62167069825819
"vm(ID, ginv)_Nr_501202",-0.310301964402558,0.979442167586033,-0.316814993954506
"vm(ID, ginv)_Nr_502736",-0.8240415699553,0.976767377505419,-0.843641576216265
"vm(ID, ginv)_Nr_500751",-0.482245860962089,0.975783417729006,-0.494214035820004
"vm(ID, ginv)_Nr_503943",-1.1174597531722,0.978405072842046,-1.1421238341766
"vm(ID, ginv)_Nr_504218",-0.0599003503102447,0.962772946201259,-0.0622164868119623
"vm(ID, ginv)_Nr_501650",0.243389758148841,0.95986025081798,0.253567910475954
"vm(ID, ginv)_Nr_501228",-0.0975532847177266,0.973989020860612,-0.100158505515318
"vm(ID, ginv)_Nr_502935",-0.0488757586294335,0.975437768337104,-0.0501064857399928
"vm(ID, ginv)_Nr_504746",-0.666619547477604,0.975078867428636,-0.683657055593395
"vm(ID, ginv)_Nr_504901",0.499504198940128,0.971212045445638,0.514310135755093
"vm(ID, ginv)_Nr_503916",-1.23905191421905,0.969590285125089,-1.2779128805516
"vm(ID, ginv)_Nr_504008",-0.594035406525316,0.971631085335721,-0.611379581706222
"vm(ID, ginv)_Nr_501403",-0.636008151170996,0.971600400149926,-0.654598486242755
"vm(ID, ginv)_Nr_503304",-0.414191550110079,0.982395412644236,-0.4216138886431
"vm(ID, ginv)_Nr_501652",0.371216109630844,0.957923431765186,0.387521692570768
"vm(ID, ginv)_Nr_503105",-0.387818412136935,0.967469042855386,-0.400858730313818
"vm(ID, ginv)_Nr_500191",-0.154280740153225,0.975417716738985,-0.158168892676069
"vm(ID, ginv)_Nr_502700",-0.484784241959172,0.97893843296528,-0.495214229653568
"vm(ID, ginv)_Nr_504233",-0.22620320787515,0.967881483208228,-0.233709614038029
"vm(ID, ginv)_Nr_500460",-0.893975355294322,0.968949284340629,-0.922623474460454
"vm(ID, ginv)_Nr_503006",-0.470580697876532,0.962347298846424,-0.488992589723712
"vm(ID, ginv)_Nr_501731",-0.00928129676306283,0.982664701394582,-0.00944502916395691
"vm(ID, ginv)_Nr_503342",-0.0448641574212495,0.95798523888993,-0.0468317836225076
"vm(ID, ginv)_Nr_502592",-0.18777406721458,0.930898627119083,-0.201712691096879
"vm(ID, ginv)_Nr_504547",-0.376595573063014,0.969395250724443,-0.38848506095071
"vm(ID, ginv)_Nr_503090",-0.293456817857201,0.947452222826304,-0.309732576257832
"vm(ID, ginv)_Nr_500034",0.371838479770406,0.9655943153912,0.385087685214634
"vm(ID, ginv)_Nr_502158",-0.902673606168016,0.968971397121926,-0.931579207445307
"vm(ID, ginv)_Nr_503288",-0.81810870103577,0.982574410741052,-0.832617552515699
"vm(ID, ginv)_Nr_503983",1.32237376986748,0.785522335062528,1.68343242558752
"vm(ID, ginv)_Nr_504144",-0.176018974028818,0.974470246026708,-0.180630424321846
"vm(ID, ginv)_Nr_501340",-0.537043371238776,0.974039133349285,-0.551357078839455
"vm(ID, ginv)_Nr_500062",0.0933847066502846,0.97273082065992,0.0960026192929001
"vm(ID, ginv)_Nr_501965",-0.658107732052306,0.976473547479792,-0.673963707210333
"vm(ID, ginv)_Nr_501458",-0.755206437376297,0.992156525525021,-0.761176707452147
"vm(ID, ginv)_Nr_501310",-0.396633711104445,0.972363926366343,-0.407906649300163
"vm(ID, ginv)_Nr_502071",0.358698918325155,0.966679012933317,0.371063107325263
"vm(ID, ginv)_Nr_503116",-0.0120676980223565,0.97330240398013,-0.0123987138765999
"vm(ID, ginv)_Nr_503567",-0.281048860647581,0.988116333993119,-0.284428918922757
"vm(ID, ginv)_Nr_504131",0.0262895424665914,0.965959555617922,0.0272159867498531
"vm(ID, ginv)_Nr_502756",-0.591512847110538,0.966457281292878,-0.612042413627679
"vm(ID, ginv)_Nr_503053",-0.30598784649995,0.944743939052937,-0.323884423970678
"vm(ID, ginv)_Nr_501244",-1.29026866658467,0.97072167092504,-1.32918498188581
"vm(ID, ginv)_Nr_501738",-0.841643537436525,0.972520831236445,-0.865424688504075
"vm(ID, ginv)_Nr_501984",-0.548550381091129,0.971537762329177,-0.564620751102899
"vm(ID, ginv)_Nr_501041",0.279039885569894,0.973442084458736,0.286652786051518
"vm(ID, ginv)_Nr_502671",-1.0583873834726,0.975122543443995,-1.08538910374744
"vm(ID, ginv)_Nr_502272",-0.433861017077362,0.972375551893854,-0.446186677804013
"vm(ID, ginv)_Nr_504428",0.0173107886745195,0.958143278798465,0.0180670146705278
"vm(ID, ginv)_Nr_504594",0.0441324640260844,0.977401300389304,0.0451528599445347
"vm(ID, ginv)_Nr_502354",-0.347247209714992,0.964042554155453,-0.360199047457191
"vm(ID, ginv)_Nr_500236",-0.693594573055215,0.96902028154395,-0.715768891802866
"vm(ID, ginv)_Nr_503728",-0.750936752033356,0.977301723179795,-0.768377599489002
"vm(ID, ginv)_Nr_500686",0.43804018712583,0.95568108868659,0.458353934499045
"vm(ID, ginv)_Nr_500449",-0.535964203737489,0.976123043860948,-0.549074429815263
"vm(ID, ginv)_Nr_504256",-0.0845373948971035,0.97170645120288,-0.0869989025929119
"vm(ID, ginv)_Nr_503609",-0.282358448722843,0.965973416548975,-0.292304574727939
"vm(ID, ginv)_Nr_500193",-0.353317778195015,0.976466177512657,-0.361833093999239
"vm(ID, ginv)_Nr_500864",-0.318619550265916,0.982774935009727,-0.324203984977255
"vm(ID, ginv)_Nr_501254",-0.172638764054823,0.973323914860425,-0.177370309533162
"vm(ID, ginv)_Nr_500012",-0.469978134843588,0.973411543750451,-0.482815452375685
"vm(ID, ginv)_Nr_504907",-1.30472209193435,0.977731922234999,-1.33443744881714
"vm(ID, ginv)_Nr_500032",-0.836490396291663,0.981859217041348,-0.851945352015203
"vm(ID, ginv)_Nr_501066",0.331138395593809,1.0289160687296,0.321832271511383
"vm(ID, ginv)_Nr_501508",0.368438531133873,0.97339872449209,0.378507308324367
"vm(ID, ginv)_Nr_500325",0.152833741856471,0.966913210638799,0.158063557488785
"vm(ID, ginv)_Nr_503024",-0.560625667679473,0.967350780026218,-0.579547439517522
"vm(ID, ginv)_Nr_504146",-0.239617377614789,0.987547122261146,-0.242638930551635
"vm(ID, ginv)_Nr_502946",-0.927932925133182,0.967078032486477,-0.95952228668389
"vm(ID, ginv)_Nr_501756",-0.803738394865153,0.981954452751907,-0.818508834714983
"vm(ID, ginv)_Nr_501532",-0.0943890370900706,0.980183973901968,-0.0962972662308707
"vm(ID, ginv)_Nr_502617",-0.300287267601427,0.968770026816687,-0.309967545742668
"vm(ID, ginv)_Nr_503830",0.0174732739548735,0.972112922037857,0.0179745311051354
"vm(ID, ginv)_Nr_502940",-0.289821276214981,0.968477247646554,-0.299254605019644
"vm(ID, ginv)_Nr_500127",-0.0378942488236898,0.969649536282434,-0.039080355742729
"vm(ID, ginv)_Nr_502681",-0.49837242083614,0.9721341920222,-0.512658051662027
"vm(ID, ginv)_Nr_504323",-1.17082654699102,0.970005089329327,-1.20703134434124
"vm(ID, ginv)_Nr_501888",-0.0861690022465272,0.973859933453449,-0.0884819256717539
"vm(ID, ginv)_Nr_500830",0.380072950000234,0.97400657150743,0.390216001738069
"vm(ID, ginv)_Nr_500637",-0.556850001326685,0.973381148749796,-0.572078062167014
"vm(ID, ginv)_Nr_500750",-0.662136506519175,0.976332551845656,-0.678187473384426
"vm(ID, ginv)_Nr_502025",-1.96424489657029,0.979574183254373,-2.00520280153221
"vm(ID, ginv)_Nr_502273",-0.460299878119996,0.955154950807069,-0.481911210040905
"vm(ID, ginv)_Nr_503181",-0.785330963564421,0.981730997709906,-0.799945163589996
"vm(ID, ginv)_Nr_502317",-0.357909769541611,0.978643688891066,-0.365720203996994
"vm(ID, ginv)_Nr_503678",-0.17883971903835,0.982876397828174,-0.181955451808107
"vm(ID, ginv)_Nr_502622",-1.34662423325737,0.968006657909262,-1.39113116862839
"vm(ID, ginv)_Nr_501092",0.219041793128989,0.966449843964441,0.226645794913128
"vm(ID, ginv)_Nr_502100",-0.190900413145344,0.955945239617319,-0.19969806348088
"vm(ID, ginv)_Nr_502986",-1.08661067603005,0.978870135001781,-1.11006622551425
"vm(ID, ginv)_Nr_503647",-0.820865312813105,0.97879247455185,-0.838651025784548
"vm(ID, ginv)_Nr_504590",-0.253512052585076,0.976593310348442,-0.259588151893673
"vm(ID, ginv)_Nr_501175",-0.435599053009394,0.944765334902454,-0.461065872039399
"vm(ID, ginv)_Nr_503336",-0.491566360534624,0.980430605971604,-0.501378024656302
"vm(ID, ginv)_Nr_502978",0.0818179541139079,0.969116180636408,0.0844253307794107
"vm(ID, ginv)_Nr_501259",-0.055407785401153,0.98165911630102,-0.056442999897902
"vm(ID, ginv)_Nr_502541",-0.55192246060431,0.977440994643165,-0.564660643076262
"vm(ID, ginv)_Nr_500116",-0.559510520033608,0.973637711674817,-0.574659869194218
"vm(ID, ginv)_Nr_501344",-0.194567921064854,0.974473473352456,-0.199664666494704
"vm(ID, ginv)_Nr_502373",-0.681716318258138,0.973046685944202,-0.700599804825017
"vm(ID, ginv)_Nr_503575",0.0550283938377205,0.972102623941655,0.0566075972664211
"vm(ID, ginv)_Nr_505000",-0.164468657269178,0.956334534226124,-0.171978163898753
"vm(ID, ginv)_Nr_504761",-1.54081353287703,0.971808052017566,-1.58551221064505
"vm(ID, ginv)_Nr_503557",0.694937088936119,0.734756818076393,0.945805567011242
"vm(ID, ginv)_Nr_500196",-0.210109212079755,0.977953516915391,-0.214845806518975
"vm(ID, ginv)_Nr_503368",-0.748476828594091,0.97212053967703,-0.769942407391947
"vm(ID, ginv)_Nr_504974",-0.27285051842527,0.963911271705236,-0.283066010777709
"vm(ID, ginv)_Nr_504614",-0.103407591409889,0.966464731071072,-0.106995721711737
"vm(ID, ginv)_Nr_500877",-1.05361217276164,0.967604946555201,-1.08888671612587
"vm(ID, ginv)_Nr_504696",-0.597951848463738,0.981126248867167,-0.609454541812685
"vm(ID, ginv)_Nr_501411",-0.612476113054584,0.951192050475605,-0.64390373400234
"vm(ID, ginv)_Nr_501019",-0.716427409122281,0.977815503591711,-0.732681581024949
"vm(ID, ginv)_Nr_502061",-0.589331442645105,0.980428408062761,-0.601095845243378
"vm(ID, ginv)_Nr_500860",-0.246068213598019,0.974249982199072,-0.252571945695698
"vm(ID, ginv)_Nr_501486",-0.813212054343149,0.982779690438098,-0.827461192223701
"vm(ID, ginv)_Nr_501959",1.20441728109074,0.782356911387196,1.53947292285715
"vm(ID, ginv)_Nr_500162",0.150934027710781,0.975659441641228,0.154699499916573
"vm(ID, ginv)_Nr_504121",-0.0835805923083031,0.976235785746838,-0.0856151695405864
"vm(ID, ginv)_Nr_503749",-0.544095775833744,0.959391028718553,-0.567126186869276
"vm(ID, ginv)_Nr_504124",-0.282073137541951,0.979940221513687,-0.287847290425777
"vm(ID, ginv)_Nr_502051",-1.3698607810427,0.974116335086711,-1.40625994216672
"vm(ID, ginv)_Nr_500715",0.246093089740502,0.985880761442552,0.249617498753517
"vm(ID, ginv)_Nr_503386",-0.352488784818122,0.98172929520355,-0.359048860556858
"vm(ID, ginv)_Nr_503759",-0.563312435019612,0.97043131473421,-0.580476357746037
"vm(ID, ginv)_Nr_501305",-1.12964805778223,1.02154247444325,-1.10582583303538
"vm(ID, ginv)_Nr_504036",0.683211607646884,0.972687569043221,0.702395742878591
"vm(ID, ginv)_Nr_500529",-0.214606208428949,0.982716122536296,-0.218380673225418
"vm(ID, ginv)_Nr_503324",0.120902861492805,0.979989369482105,0.123371605098837
"vm(ID, ginv)_Nr_501058",0.0386928327235668,0.971460107257839,0.0398295642142072
"vm(ID, ginv)_Nr_503227",-0.616850662032404,0.97132761083835,-0.635059330291252
"vm(ID, ginv)_Nr_503325",-0.76154088419771,0.972773734745338,-0.782855104940795
"vm(ID, ginv)_Nr_504661",-0.794521538021844,0.977807069002935,-0.812554504061843
"vm(ID, ginv)_Nr_502177",-0.55318415994813,0.975845850827977,-0.566876581458813
"vm(ID, ginv)_Nr_501479",-1.41366935828526,0.968680913280005,-1.45937567149796
"vm(ID, ginv)_Nr_501618",-0.692494283122741,0.975711469488683,-0.709732646153723
"vm(ID, ginv)_Nr_502765",-0.245096182810786,0.967768952509054,-0.253258985189952
"vm(ID, ginv)_Nr_502892",-0.85239916788282,0.974298998110769,-0.874884578076831
"vm(ID, ginv)_Nr_503890",-0.110887489042494,0.963068468231652,-0.115139777388934
"vm(ID, ginv)_Nr_500212",-0.259615521481954,0.975925567860335,-0.266019797033443
"vm(ID, ginv)_Nr_502815",-1.3183931653179,0.965729782250799,-1.36517811664165
"vm(ID, ginv)_Nr_503565",-0.802417187933333,0.963198583190617,-0.833075548424612
"vm(ID, ginv)_Nr_500816",-0.360086361449748,0.978220164022689,-0.368103597424308
"vm(ID, ginv)_Nr_500264",-0.3395957253549,0.979041604015072,-0.346865469212146
"vm(ID, ginv)_Nr_501596",-0.217329801989341,0.962054283818632,-0.225901807875856
"vm(ID, ginv)_Nr_502162",0.166547671193985,0.981948127947445,0.169609439087295
"vm(ID, ginv)_Nr_502113",-0.0103210874370687,0.973752382138825,-0.010599293646295
"vm(ID, ginv)_Nr_503525",0.0195311651870908,0.952819252828035,0.0204982898163748
"vm(ID, ginv)_Nr_501489",-0.657584756382021,0.981919668521885,-0.669693028322678
"vm(ID, ginv)_Nr_503267",-0.205690798315144,0.968758745105261,-0.212324068664582
"vm(ID, ginv)_Nr_504673",-0.915322413786579,0.96747208559639,-0.94609697521385
"vm(ID, ginv)_Nr_504355",-0.707666581928686,0.968622822865316,-0.730590447822934
"vm(ID, ginv)_Nr_500839",-0.614512129031854,0.983799028657506,-0.624631770444435
"vm(ID, ginv)_Nr_503318",-0.481783452612565,0.972126242181483,-0.495597620666455
"vm(ID, ginv)_Nr_504029",-0.6193739061319,0.973501457742494,-0.636233157337227
"vm(ID, ginv)_Nr_500020",-0.270667390852611,0.966459597361307,-0.280060740864497
"vm(ID, ginv)_Nr_504451",-1.16906848123208,0.978702908475829,-1.19450802803142
"vm(ID, ginv)_Nr_503635",-1.46457918136639,0.969304147613977,-1.51095936705891
"vm(ID, ginv)_Nr_501373",-0.121242992633543,0.967531790295286,-0.125311637146869
"vm(ID, ginv)_Nr_502991",-1.16526331396891,0.980271791556678,-1.18871452183528
"vm(ID, ginv)_Nr_501367",-1.01132832864533,0.964498977459091,-1.0485530335238
"vm(ID, ginv)_Nr_500998",-0.227967285042269,0.971622037017157,-0.234625478176803
"vm(ID, ginv)_Nr_500682",-1.16419874091326,0.97059097086066,-1.19947410996511
"vm(ID, ginv)_Nr_501302",-0.892699235204125,0.964427112702566,-0.925626440242393
"vm(ID, ginv)_Nr_504935",-0.645250605715497,0.97153022718483,-0.664159063362565
"vm(ID, ginv)_Nr_500794",-0.402767438539458,0.968415150533059,-0.415903694110689
"vm(ID, ginv)_Nr_502207",0.535481343956084,0.976408843240947,0.548419186965459
"vm(ID, ginv)_Nr_502565",-0.212858114472327,0.972408554305431,-0.21889782183618
"vm(ID, ginv)_Nr_500099",-0.651701197947957,0.976816959067679,-0.667168185296427
"vm(ID, ginv)_Nr_504753",-0.781899241482884,0.975392204830927,-0.801625477023796
"vm(ID, ginv)_Nr_503401",-0.691415676360236,0.960516433416323,-0.71983742527032
"vm(ID, ginv)_Nr_504203",-0.210702479939752,0.980964603100731,-0.214791114046055
"vm(ID, ginv)_Nr_504551",-0.0273821183073578,0.983220381259535,-0.0278494209734347
"vm(ID, ginv)_Nr_501017",-0.401943182136105,0.959727734105499,-0.418809593442385
"vm(ID, ginv)_Nr_501238",-0.0481758469503696,0.976578148147397,-0.0493312768074535
"vm(ID, ginv)_Nr_504816",-0.799576543414279,0.965120035831788,-0.828473675531112
"vm(ID, ginv)_Nr_503221",-1.07343971771702,0.985294247934592,-1.0894610619794
"vm(ID, ginv)_Nr_501755",-1.20957775410081,0.979324472528383,-1.23511439572011
"vm(ID, ginv)_Nr_500584",-0.297997470196485,0.977000551504484,-0.305012591587178
"vm(ID, ginv)_Nr_500681",-0.465287388971129,0.962711964818247,-0.483309033204933
"vm(ID, ginv)_Nr_503349",-0.534043126720737,0.972217785329114,-0.549304008607447
"vm(ID, ginv)_Nr_504338",0.414051609473686,0.96159287608125,0.430589306319591
"vm(ID, ginv)_Nr_504998",-0.8941281104778,0.966148066043027,-0.925456606397616
"vm(ID, ginv)_Nr_500064",0.0709742625423081,0.980553920459576,0.0723818048772302
"vm(ID, ginv)_Nr_502143",-0.714136315835076,0.972043850580863,-0.73467499990698
"vm(ID, ginv)_Nr_503110",-0.713156534972137,0.96698950344243,-0.737501836817606
"vm(ID, ginv)_Nr_504660",0.195954297986095,0.965878665353346,0.202876722527471
"vm(ID, ginv)_Nr_501964",-0.652917675765682,0.972647072955904,-0.67127912468954
"vm(ID, ginv)_Nr_503972",-0.104649965136953,0.977501133869448,-0.107058663679186
"vm(ID, ginv)_Nr_503637",-0.605918370449081,0.970817958901355,-0.624131810596892
"vm(ID, ginv)_Nr_500554",0.27386525450994,0.987602499238206,0.277303120153289
"vm(ID, ginv)_Nr_502187",-0.177763499652448,0.970781519596313,-0.183113806828924
"vm(ID, ginv)_Nr_501152",-0.203608581298415,0.98803882390522,-0.206073462269077
"vm(ID, ginv)_Nr_500083",-0.845725867001656,0.972756028468963,-0.869412105656912
"vm(ID, ginv)_Nr_501519",0.180895447891468,0.971658734382647,0.186171792101887
"vm(ID, ginv)_Nr_504394",-0.0647321632198453,0.942312203690641,-0.0686950280027327
"vm(ID, ginv)_Nr_504876",-0.680802505113262,0.968311332826024,-0.703082244350415
"vm(ID, ginv)_Nr_502350",-1.0789551687159,0.974684461547944,-1.10697893654974
"vm(ID, ginv)_Nr_501767",-0.739385097315815,0.969419771548804,-0.762708910026179
"vm(ID, ginv)_Nr_504722",-0.751063127237246,0.967697275771414,-0.7761343821481
"vm(ID, ginv)_Nr_501546",-0.299821517192492,0.978464812600182,-0.306420336563503
"vm(ID, ginv)_Nr_501875",-0.289946222389944,0.985229902332797,-0.294292958124208
"vm(ID, ginv)_Nr_501385",-1.2774197340708,0.963796119092836,-1.32540452152179
"vm(ID, ginv)_Nr_501186",-0.380870075477628,0.968791536258868,-0.393139350647524
"vm(ID, ginv)_Nr_502328",-0.227473866225133,0.975730433212505,-0.233131875856527
"vm(ID, ginv)_Nr_503350",-0.0698035739849209,0.973260752380149,-0.0717213488925895
"vm(ID, ginv)_Nr_500339",0.281841687135186,0.943531835185336,0.298709250313556
"vm(ID, ginv)_Nr_500096",-0.928885973855217,0.972003409355158,-0.955640654050229
"vm(ID, ginv)_Nr_503437",-1.13167546369356,0.978774190558143,-1.15621710769491
"vm(ID, ginv)_Nr_504027",-0.485054574560972,0.968982678415342,-0.500581264625104
"vm(ID, ginv)_Nr_501529",-0.305189288713775,0.975967369747901,-0.312704397886384
"vm(ID, ginv)_Nr_500435",0.249788598876161,0.974996051470265,0.256194472274516
"vm(ID, ginv)_Nr_504071",-0.00689570967786301,0.970088677609761,-0.00710832920435029
"vm(ID, ginv)_Nr_504848",-0.77426067393042,0.98572179911196,-0.785475855995022
"vm(ID, ginv)_Nr_503296",-0.00633372666764322,0.973201675295475,-0.00650813374907131
"vm(ID, ginv)_Nr_500170",-0.397909610194326,0.972642576976026,-0.409101575042539
"vm(ID, ginv)_Nr_500606",0.0256975256207541,0.979390212616865,0.0262382912241813
"vm(ID, ginv)_Nr_500086",0.0492006555559473,0.968416087114862,0.050805285259694
"vm(ID, ginv)_Nr_501002",-0.233488366851139,0.959660689923802,-0.243303043776523
"vm(ID, ginv)_Nr_504109",0.0628826066692741,0.980968951216536,0.0641025453367215
"vm(ID, ginv)_Nr_501062",0.0504230751385402,0.974941790104754,0.0517190622561398
"vm(ID, ginv)_Nr_500010",-0.392196071736476,0.966220594168718,-0.405907381920274
"vm(ID, ginv)_Nr_504024",-0.521821583854484,0.97241606267692,-0.536623780584193
"vm(ID, ginv)_Nr_500198",-0.257739115604788,0.980590733154225,-0.262840660114878
"vm(ID, ginv)_Nr_500516",-0.335926303059868,0.976998735375284,-0.343834941537394
"vm(ID, ginv)_Nr_504999",-0.40129175844179,0.97585285205867,-0.411221586938256
"vm(ID, ginv)_Nr_502552",-0.728533422953715,0.959680802846114,-0.759141394506499
"vm(ID, ginv)_Nr_500913",-0.577826395373759,0.955663677631289,-0.604633626764974
"vm(ID, ginv)_Nr_502458",0.0398790106502243,0.981795812420903,0.0406184362834987
"vm(ID, ginv)_Nr_504588",-0.930876416545863,0.968268501329186,-0.961382524855457
"vm(ID, ginv)_Nr_501839",0.0272488770880046,0.967076363943522,0.0281765516188295
"vm(ID, ginv)_Nr_502394",0.0528298562070434,0.96853318537016,0.0545462530402121
"vm(ID, ginv)_Nr_504515",-0.951649910127913,0.972242210713444,-0.978819783425758
"vm(ID, ginv)_Nr_502633",-0.948710514138093,0.970858206579881,-0.977187510707861
"vm(ID, ginv)_Nr_504513",0.449492067236164,0.98015779285032,0.458591535480253
"vm(ID, ginv)_Nr_500427",-0.169938890306646,0.983166651628399,-0.172848509482273
"vm(ID, ginv)_Nr_503529",-0.665176160813251,0.982090592611068,-0.677306315545451
"vm(ID, ginv)_Nr_503299",-0.305330267766285,0.961719220236052,-0.317483795001354
"vm(ID, ginv)_Nr_501348",0.0438755789279837,0.974447219272807,0.0450261215386569
"vm(ID, ginv)_Nr_504307",0.526203839205575,0.963584161030438,0.546090170933136
"vm(ID, ginv)_Nr_501243",-0.418895248219212,0.973410272423272,-0.430337813444671
"vm(ID, ginv)_Nr_502916",-0.643523707461849,0.977220119707705,-0.658524824124919
"vm(ID, ginv)_Nr_503064",-0.392153410131805,0.978469961639962,-0.400782267730056
"vm(ID, ginv)_Nr_501686",0.204484669590644,0.976574905542877,0.209389641726429
"vm(ID, ginv)_Nr_503987",-0.109393093115763,0.977779822209958,-0.111879065849932
"vm(ID, ginv)_Nr_502323",-0.116452781099745,0.969075067373222,-0.120168999307146
"vm(ID, ginv)_Nr_503877",0.363874659652063,0.974343764834391,0.37345613815665
"vm(ID, ginv)_Nr_500730",-0.103405079607178,0.975205629301192,-0.106034129111084
"vm(ID, ginv)_Nr_502045",0.339315320962268,0.971061361750035,0.34942727033311
"vm(ID, ginv)_Nr_502031",-0.215274112329158,0.974730887968247,-0.220854920046579
"vm(ID, ginv)_Nr_504059",-0.00953174472617435,0.981099016236983,-0.00971537486882157
"vm(ID, ginv)_Nr_502667",0.216768827875209,0.982795566009314,0.220563498017607
"vm(ID, ginv)_Nr_502637",-1.34987066790882,0.984174042720746,-1.37157718992172
"vm(ID, ginv)_Nr_500853",-0.761653562981014,0.98894496853484,-0.77016779215676
"vm(ID, ginv)_Nr_502920",-0.245447262458475,0.978307619523919,-0.250889656341345
"vm(ID, ginv)_Nr_504926",-0.844086958724959,0.97923912395312,-0.861982469937923
"vm(ID, ginv)_Nr_501570",-0.160526817750729,0.945210645295467,-0.1698317920452
"vm(ID, ginv)_Nr_504340",-0.41745929551596,0.976185970801374,-0.427643203244621
"vm(ID, ginv)_Nr_504478",-0.482895103040965,0.983326117975451,-0.491083369203279
"vm(ID, ginv)_Nr_503338",-0.48541755236056,0.974211152284528,-0.49826729166696
"vm(ID, ginv)_Nr_500465",-0.922720277068732,0.97209331755252,-0.949209567032004
"vm(ID, ginv)_Nr_503352",-0.834238594708474,0.96927155071897,-0.860686145270298
"vm(ID, ginv)_Nr_502909",-0.259142681101242,0.975889843678214,-0.265545012872058
"vm(ID, ginv)_Nr_502488",-0.291282892266547,0.967679702093286,-0.301011679418762
"vm(ID, ginv)_Nr_503482",-1.0190081217474,0.97936834200642,-1.04047484285613
"vm(ID, ginv)_Nr_503303",-1.86476937745155,0.964336317131343,-1.93373343337184
"vm(ID, ginv)_Nr_504670",-0.40144055253596,0.980881161701649,-0.409265228256127
"vm(ID, ginv)_Nr_500974",-0.493375516504569,0.977651002173473,-0.504654028285878
"vm(ID, ginv)_Nr_500653",0.340957802616099,0.977257461381092,0.348892503858959
"vm(ID, ginv)_Nr_501824",-0.421290803587621,0.972410599536623,-0.433243738589827
"vm(ID, ginv)_Nr_502888",-0.695861181268673,0.949698575335256,-0.732717937397163
"vm(ID, ginv)_Nr_503662",-0.33065508495885,0.964641745223379,-0.342775011133569
"vm(ID, ginv)_Nr_500345",0.0157429826455262,0.980881338266082,0.0160498339925147
"vm(ID, ginv)_Nr_504358",-0.332339188201571,0.959483535758065,-0.346372997363626
"vm(ID, ginv)_Nr_501856",-0.363053886402948,0.978028080321987,-0.371210084564671
"vm(ID, ginv)_Nr_500482",-0.282385760840749,0.979854113056894,-0.288191636977241
"vm(ID, ginv)_Nr_501794",-0.889329966651647,0.967858599633656,-0.918863527160132
"vm(ID, ginv)_Nr_503028",-0.49035674437281,0.973995629810033,-0.503448608356127
"vm(ID, ginv)_Nr_500984",-0.61589961502844,0.969268210391944,-0.635427437344084
"vm(ID, ginv)_Nr_500365",-0.327506549027639,0.961283427441027,-0.340697175961385
"vm(ID, ginv)_Nr_504654",-0.748399343103131,0.962225856071379,-0.777779289946261
"vm(ID, ginv)_Nr_502169",-0.449355579977905,0.977734037306449,-0.459588766302778
"vm(ID, ginv)_Nr_503455",-0.299379818820497,0.968467929858652,-0.309127240655446
"vm(ID, ginv)_Nr_501837",-0.142056766611758,0.966097120342392,-0.147041910818875
"vm(ID, ginv)_Nr_501506",-0.669131434771324,0.983054790502369,-0.680665453478314
"vm(ID, ginv)_Nr_502586",0.0972207639492957,0.941616890362334,0.103248746857
"vm(ID, ginv)_Nr_501812",-0.650234580830061,0.961526265604449,-0.676252541495891
"vm(ID, ginv)_Nr_500849",-0.656141840913325,0.973172359538465,-0.674229836556913
"vm(ID, ginv)_Nr_501679",-0.796129869394931,0.967128232719912,-0.823189565209908
"vm(ID, ginv)_Nr_503767",-0.0566707633517517,0.976162072984138,-0.0580546662487189
"vm(ID, ginv)_Nr_504710",-0.688957387212554,1.03593192661828,-0.665060482749672
"vm(ID, ginv)_Nr_502179",-0.452348615544328,0.97111185755025,-0.465804852476452
"vm(ID, ginv)_Nr_502211",-0.418320930454563,0.978040220436377,-0.427713422938699
"vm(ID, ginv)_Nr_500226",0.682446444765582,0.97890256304429,0.697154620418238
"vm(ID, ginv)_Nr_503195",0.0342453387816478,0.960788985266208,0.0356429344078704
"vm(ID, ginv)_Nr_502524",-0.0343673357106404,0.981337510624739,-0.035020913129838
"vm(ID, ginv)_Nr_500901",-0.228420655205743,0.970528180062987,-0.235357055980506
"vm(ID, ginv)_Nr_504290",-0.653676720767057,0.97718595824427,-0.668937897901779
"vm(ID, ginv)_Nr_504922",-0.583618596268805,0.961733965078447,-0.606839955185736
"vm(ID, ginv)_Nr_503367",-0.804579122090144,0.967190322229039,-0.831872593840545
"vm(ID, ginv)_Nr_501143",-0.0602175751677582,0.971131687230924,-0.0620076308491818
"vm(ID, ginv)_Nr_502811",-1.45586442841035,0.981658164741116,-1.48306659150978
"vm(ID, ginv)_Nr_503395",-0.197385383898255,0.97767601570781,-0.201892427273419
"vm(ID, ginv)_Nr_502719",-0.22449221335448,0.963041653887942,-0.233107480292437
"vm(ID, ginv)_Nr_503962",-0.859713066655974,0.964648590238513,-0.891218911586661
"vm(ID, ginv)_Nr_502395",-0.384059186466706,0.966710446396758,-0.397284613917455
"vm(ID, ginv)_Nr_501192",-0.641695950039887,0.967601163466928,-0.663182284465928
"vm(ID, ginv)_Nr_500037",-1.48691537506469,0.972009417417335,-1.52973350712535
"vm(ID, ginv)_Nr_503995",-0.445873457334085,0.969905370940295,-0.459708205246687
"vm(ID, ginv)_Nr_500804",-0.126861494288863,0.971913849541163,-0.130527509561422
"vm(ID, ginv)_Nr_504430",-0.80620827607874,0.974916859873125,-0.82695079884418
"vm(ID, ginv)_Nr_501184",1.2347709190624,0.775637139213708,1.59194403753556
"vm(ID, ginv)_Nr_504091",0.119482944345572,0.97381643057765,0.122695551845123
"vm(ID, ginv)_Nr_502276",-0.918796264268675,0.968706312432048,-0.948477626786525
"vm(ID, ginv)_Nr_503843",-0.0460407614461428,0.954642476989666,-0.0482282766123356
"vm(ID, ginv)_Nr_502238",-0.894915174574874,0.972138508458315,-0.920563445217382
"vm(ID, ginv)_Nr_500323",0.14893855770692,0.960730471917345,0.155026370101159
"vm(ID, ginv)_Nr_504730",-0.0544297693298231,0.969665932898047,-0.056132496237285
"vm(ID, ginv)_Nr_501787",-0.761002217617298,0.985712745547885,-0.772032441555083
"vm(ID, ginv)_Nr_503905",-0.53301634710047,0.973944834724528,-0.547275706073465
"vm(ID, ginv)_Nr_500187",-1.01817900448381,0.98069386583452,-1.03822307853164
"vm(ID, ginv)_Nr_503679",-0.34084589746506,0.984084579682502,-0.34635833596237
"vm(ID, ginv)_Nr_504732",-0.0589393599456267,1.01063744741942,-0.0583189947058894
"vm(ID, ginv)_Nr_503359",-0.669055510637091,0.974433948148719,-0.686609402215715
"vm(ID, ginv)_Nr_500564",-0.527541570644937,0.977053102020256,-0.539931319550737
"vm(ID, ginv)_Nr_501327",-0.228055597819489,0.981062091114574,-0.232457863661205
"vm(ID, ginv)_Nr_502548",0.560058714940771,0.973867132760423,0.575087397552156
"vm(ID, ginv)_Nr_503769",0.0802966184681609,0.949272087460338,0.084587569284782
"vm(ID, ginv)_Nr_504285",-0.192790807143301,0.966039680276044,-0.199568207268889
"vm(ID, ginv)_Nr_502346",-0.971859225004248,0.976568492871238,-0.99517773929697
"vm(ID, ginv)_Nr_503566",-1.00791928762582,0.977357812255962,-1.03126948491803
"vm(ID, ginv)_Nr_502463",0.0960564037558021,0.964129706995993,0.0996301670395489
"vm(ID, ginv)_Nr_504157",-0.293575098915963,0.969070202889548,-0.302945130332754
"vm(ID, ginv)_Nr_500700",0.192689364100599,0.969578638721262,0.198735158145325
"vm(ID, ginv)_Nr_500433",-0.938253647356269,0.975012366867538,-0.962299227414556
"vm(ID, ginv)_Nr_503990",-0.579498653763571,0.972732353309469,-0.595743167986525
"vm(ID, ginv)_Nr_503516",-0.0463923651499497,0.981479262394963,-0.0472677996647072
"vm(ID, ginv)_Nr_503998",-1.15477078791301,0.97904069681588,-1.17949212087777
"vm(ID, ginv)_Nr_503474",-0.165232946607355,0.960884496635731,-0.171959217976637
"vm(ID, ginv)_Nr_504869",-0.0741607152141872,0.970112476104885,-0.076445481365162
"vm(ID, ginv)_Nr_502372",0.81352619141489,0.985744701354885,0.825290960526307
"vm(ID, ginv)_Nr_503900",-0.404998553697259,0.968442030201062,-0.41819596947189
"vm(ID, ginv)_Nr_501351",-0.383649759224435,0.975903109910354,-0.393122796032156
"vm(ID, ginv)_Nr_504544",-0.946023607194624,0.976116137381378,-0.969171157985889
"vm(ID, ginv)_Nr_501737",-0.420569524283142,0.975851330688385,-0.430977046458976
"vm(ID, ginv)_Nr_500450",-0.288324739502104,0.970928296738292,-0.296957808800808
"vm(ID, ginv)_Nr_504485",-0.310475184592355,0.962516304928194,-0.322566156025292
"vm(ID, ginv)_Nr_502235",0.520053710134326,0.980950785096297,0.530152702903718
"vm(ID, ginv)_Nr_500101",-0.327992719506031,0.97237043712818,-0.337312516899148
"vm(ID, ginv)_Nr_504005",-1.19000337255665,0.975914536269044,-1.21937252528902
"vm(ID, ginv)_Nr_500489",-0.584407820822305,0.962807860319842,-0.606982810285914
"vm(ID, ginv)_Nr_500190",-0.961737722213806,0.965777003587665,-0.995817583811942
"vm(ID, ginv)_Nr_501443",0.208302999940756,0.977570617207541,0.213082304515023
"vm(ID, ginv)_Nr_502122",-0.64818538090447,0.969660453428036,-0.668466346763904
"vm(ID, ginv)_Nr_504797",-0.101989537971758,0.978760956231219,-0.104202703757693
"vm(ID, ginv)_Nr_501074",-0.502096498985506,0.991189673158401,-0.506559453334081
"vm(ID, ginv)_Nr_500098",0.953654647072838,0.795821916260297,1.1983266954424
"vm(ID, ginv)_Nr_500229",-0.857455938766579,0.958989843037391,-0.894124108813055
"vm(ID, ginv)_Nr_501077",-0.0110383505263723,0.974303398423174,-0.0113294796510378
"vm(ID, ginv)_Nr_501303",-0.0624546837793136,0.968969446276658,-0.0644547503735032
"vm(ID, ginv)_Nr_502290",-0.201961614803091,0.97239858551281,-0.207694270448351
"vm(ID, ginv)_Nr_501776",-1.21919780297808,0.966375836600513,-1.26161867546993
"vm(ID, ginv)_Nr_504191",0.205571627214518,0.977671707535326,0.210266519558755
"vm(ID, ginv)_Nr_502972",-0.0546138274110624,0.967739182334765,-0.0564344488762987
"vm(ID, ginv)_Nr_501374",-0.490622596966864,0.975139205541031,-0.503130829094965
"vm(ID, ginv)_Nr_504573",0.444025223743743,0.979778497124987,0.453189394385229
"vm(ID, ginv)_Nr_500834",0.435157410750471,0.978271450038998,0.444822764410762
"vm(ID, ginv)_Nr_504373",-0.531081375845134,0.971092885189376,-0.546890399409698
"vm(ID, ginv)_Nr_500382",-0.260906463195474,0.968141841361929,-0.269491981493585
"vm(ID, ginv)_Nr_504474",-0.290314570411966,0.972083602605807,-0.298651854257943
"vm(ID, ginv)_Nr_504634",0.375214429805146,0.962484104142999,0.389839612093375
"vm(ID, ginv)_Nr_503596",-1.25171147704002,0.974529029518751,-1.28442708131347
"vm(ID, ginv)_Nr_504799",-0.454441247249868,0.985703051864945,-0.461032606513764
"vm(ID, ginv)_Nr_504532",0.306346170946421,0.955564247309593,0.320591913949213
"vm(ID, ginv)_Nr_504115",-1.16198322342348,0.980799081673885,-1.18473114946272
"vm(ID, ginv)_Nr_504442",-0.604150183144101,0.965049895497564,-0.626029996959495
"vm(ID, ginv)_Nr_500761",-0.435622266704817,0.978550563517093,-0.445170932342126
"vm(ID, ginv)_Nr_504022",0.229060314616548,0.966345627527402,0.237037668605846
"vm(ID, ginv)_Nr_501515",-0.114299130632445,0.976918310258883,-0.116999680968366
"vm(ID, ginv)_Nr_501455",-0.139434250056741,0.979266984282038,-0.14238634845733
"vm(ID, ginv)_Nr_501978",-0.469414398530632,0.976769636817605,-0.480578409521433
"vm(ID, ginv)_Nr_502930",1.27123434362816,0.803740725249568,1.5816472945718
"vm(ID, ginv)_Nr_503057",-0.495256983228797,0.982802239441053,-0.503923336103165
"vm(ID, ginv)_Nr_503568",-0.489882601183359,0.978583673208293,-0.500603693475976
"vm(ID, ginv)_Nr_502446",-0.816551122063066,0.968751175816608,-0.842890457784224
"vm(ID, ginv)_Nr_504521",-0.148360982255204,0.970988190645311,-0.152793807056092
"vm(ID, ginv)_Nr_502213",-0.0882868395809981,0.975951403847467,-0.0904623316621578
"vm(ID, ginv)_Nr_502785",-0.158275590593954,0.980940199253864,-0.161350906726367
"vm(ID, ginv)_Nr_504181",-0.303634726031642,0.973006861774784,-0.312058154942305
"vm(ID, ginv)_Nr_504948",-0.568383389822799,0.966511248138959,-0.58807736683586
"vm(ID, ginv)_Nr_503239",-0.0551781873660817,0.965656290714363,-0.0571406077883701
"vm(ID, ginv)_Nr_504046",-0.622549142597126,0.98791491734575,-0.630164735511577
"vm(ID, ginv)_Nr_500117",-0.846432234133049,0.979945407145127,-0.86375447852647
"vm(ID, ginv)_Nr_501740",-0.824107843558968,0.973413831945529,-0.846616122057616
"vm(ID, ginv)_Nr_502792",-0.314110975399614,0.966572553562273,-0.324974027290521
"vm(ID, ginv)_Nr_502386",-0.514019797024185,0.982206788983914,-0.523331545647261
"vm(ID, ginv)_Nr_502198",-0.723644244665089,0.983853643246094,-0.735520216480086
"vm(ID, ginv)_Nr_503704",-0.730478763841427,0.977081478409961,-0.747612947315469
"vm(ID, ginv)_Nr_504800",-0.398201162034001,0.964752210714891,-0.412749675628035
"vm(ID, ginv)_Nr_504330",-0.412416293786002,0.971708153497077,-0.424424033390847
"vm(ID, ginv)_Nr_501902",-0.422101683744244,0.982921726525749,-0.42943570413914
"vm(ID, ginv)_Nr_500426",-0.598080926526536,0.973901961726617,-0.61410793902315
"vm(ID, ginv)_Nr_500540",-1.1485326287352,0.978394712295658,-1.17389496723704
"vm(ID, ginv)_Nr_504469",0.567153350943878,0.964517472066166,0.588017705608729
"vm(ID, ginv)_Nr_502192",0.341600484509204,0.930752531983721,0.367015369575356
"vm(ID, ginv)_Nr_502626",-0.0429179870981107,0.978744971793909,-0.0438500205211249
"vm(ID, ginv)_Nr_503919",-1.42766834856803,0.97674255305055,-1.46166289582568
"vm(ID, ginv)_Nr_503094",-0.19303177530787,0.972701547366349,-0.198449129468866
"vm(ID, ginv)_Nr_500866",-0.471366600861359,0.985295738132926,-0.478401136449214
"vm(ID, ginv)_Nr_502095",1.33868678249602,0.805349931102102,1.66224237539086
"vm(ID, ginv)_Nr_502748",-0.453950208411376,0.966330671035791,-0.469766946261569
"vm(ID, ginv)_Nr_501833",-0.642563979348048,0.968277681417158,-0.66361539843364
"vm(ID, ginv)_Nr_504224",0.386554598127944,0.967494949479185,0.399541721986282
"vm(ID, ginv)_Nr_500113",-0.748215259217259,0.975575242683185,-0.766947772433622
"vm(ID, ginv)_Nr_501591",-0.313507445980422,0.956715864577626,-0.327691279708036
"vm(ID, ginv)_Nr_504460",-0.646734762128764,0.962915191151345,-0.671642495696295
"vm(ID, ginv)_Nr_501692",-0.0303894698451025,0.966962977159384,-0.0314277491102882
"vm(ID, ginv)_Nr_504554",-0.277350832180343,0.974029954380396,-0.284745690759349
"vm(ID, ginv)_Nr_504092",-0.115371542305968,0.978945001444877,-0.117852935696781
"vm(ID, ginv)_Nr_504914",-0.587233803448096,0.97054331189754,-0.60505677206716
"vm(ID, ginv)_Nr_504829",-0.405400223586136,0.962884736401846,-0.42102674210109
"vm(ID, ginv)_Nr_501504",-0.833716362792093,0.979697941706547,-0.850993277927923
"vm(ID, ginv)_Nr_501221",-0.347873180194279,0.965570207893789,-0.360277458179969
"vm(ID, ginv)_Nr_502598",-1.38905402056102,0.973539143949805,-1.42680859746985
"vm(ID, ginv)_Nr_501101",-0.0445126196060921,0.966262906030818,-0.0460667788531172
"vm(ID, ginv)_Nr_504188",0.964670096683485,0.791581706558868,1.2186614327876
"vm(ID, ginv)_Nr_504790",-0.0763555026581789,0.981649104601722,-0.0777828883052444
"vm(ID, ginv)_Nr_503878",-0.586371950656728,0.969092186886268,-0.605073447698267
"vm(ID, ginv)_Nr_503127",-0.542293546990345,0.982121527773228,-0.552165421136722
"vm(ID, ginv)_Nr_504487",-1.02899487266795,0.969123109344618,-1.06177931652443
"vm(ID, ginv)_Nr_502067",-0.56174196075113,0.969487751856388,-0.579421410611428
"vm(ID, ginv)_Nr_504349",-0.992876228660866,0.974032351302113,-1.01934625408855
"vm(ID, ginv)_Nr_500511",-0.322033710426621,0.982003115310875,-0.327935528315177
"vm(ID, ginv)_Nr_502709",-0.344114387586198,0.973512054849852,-0.353477274238039
"vm(ID, ginv)_Nr_503019",0.223497408676188,0.975434743807843,0.229125946245991
"vm(ID, ginv)_Nr_503712",-1.1285450500293,0.943939697774004,-1.19556901006562
"vm(ID, ginv)_Nr_501323",0.136992921047208,0.996420409671739,0.137485061242713
"vm(ID, ginv)_Nr_504480",-0.119694989378421,0.96033045842753,-0.124639376298043
"vm(ID, ginv)_Nr_504624",-0.0609983113863686,0.963030814885761,-0.0633399372517529
"vm(ID, ginv)_Nr_501544",-1.34310135498376,0.965851313995624,-1.39058811177415
"vm(ID, ginv)_Nr_501876",-0.124054745708126,0.97529261273732,-0.127197462677325
"vm(ID, ginv)_Nr_501786",-0.548416865934094,0.980661515428486,-0.559231556766527
"vm(ID, ginv)_Nr_501792",-0.289013364142458,0.981212389513378,-0.294547202248222
"vm(ID, ginv)_Nr_501239",0.0723634914426387,0.982486022262492,0.0736534564390019
