"","Np2_502277","Np2_500880","Np2_502943","Np2_502454","Np2_504044","Np2_502609","Np2_503367","Np2_500503","Np2_503198","Np2_503820","Np2_501914","Np2_504033","Np2_502502","Np2_504454","Np2_501559","Np2_502661","Np2_504102","Np2_504165","Np2_500244","Np2_500940","Np2_504445","Np2_502362","Np2_503615","Np2_504016","Np2_503222","Np2_503142","Np2_501406","Np2_503064","Np2_504687","Np2_502944","Np2_500896","Np2_502981","Np2_504908","Np2_504680","Np2_504762","Np2_504116","Np2_503421","Np2_504464","Np2_501649","Np2_503333","Np2_502231","Np2_500742","Np2_504160","Np2_501923","Np2_503125","Np2_504002","Np2_502912","Np2_502329","Np2_504634","Np2_500696","Np2_503025","Np2_504981","Np2_502540","Np2_503162","Np2_502264","Np2_503725","Np2_503124","Np2_501650","Np2_500872","Np2_503258","Np2_504261","Np2_500252","Np2_504316","Np2_503418","Np2_501637","Np2_503993","Np2_501937","Np2_500107","Np2_501796","Np2_503383","Np2_503433","Np2_500434","Np2_503283","Np2_504402","Np2_500227","Np2_504552","Np2_500420","Np2_501360","Np2_501298","Np2_501409","Np2_503327","Np2_500770","Np2_503349","Np2_501814","Np2_503704","Np2_500210","Np2_500864","Np2_500762","Np2_504292","Np2_503077","Np2_502248","Np2_500558","Np2_500508","Np2_504440","Np2_500288","Np2_501450","Np2_502881","Np2_501114","Np2_501550","Np2_500128"
"Np2_502277",1.00224986,-0.02204458,-0.02898325,-0.00403576,-0.03367438,-0.02836892,-0.02753403,-0.00854138,0.01867944,-0.00614944,-0.00984457,-0.01700977,-0.01690178,-0.0041939,-0.00847904,-0.02944697,0.00136096,0.00995859,-0.01181379,0.00329216,-0.00383351,-0.00596241,-0.01860645,-0.00725799,-0.01877523,-0.00775675,-0.01892425,-0.00178522,0.00836498,-0.02339497,-0.00664213,-0.00520209,-0.01254066,-0.00489644,-0.02702772,0.00055503,-0.01705542,-0.02364736,-0.00174417,-0.00496182,-0.00896869,-0.00326783,0.01809242,-0.02027305,-0.00861894,-0.00806087,-0.02439092,-0.03012827,-0.00991146,-0.00769743,0.02414154,-0.00835284,0.01411754,-0.00789055,-0.01265925,-0.00179435,-0.01140625,-0.02266043,-0.03356188,-0.00778107,-0.00214713,-0.00041666,-0.01084818,-0.02959453,-0.01305767,0.0006493,-0.01091812,-0.00738419,-0.00645051,-0.01042089,-0.01303788,0.01365372,-0.00884856,-0.00703748,-0.01990962,-0.03184051,0.00204677,-0.01968914,-0.00590765,-0.01378452,-0.01586628,-0.01920707,-0.01247678,-0.00737657,-0.0104589,-0.01065658,-0.0064201,-0.0237325,-0.03025445,-0.00403272,-0.01905349,-0.00030565,-0.00242997,-0.00710136,-0.02411261,-0.02011797,-0.00285119,0.01112797,0.00471243,0.00321004
"Np2_500880",-0.02204458,0.98948085,-0.01681513,-0.01406888,0.07855117,-0.03201536,-0.00867519,-0.00640946,0.00575711,-0.00842734,-0.00467137,0.0197925,-0.02298124,-0.00495117,-0.01988071,-0.02108045,-0.00608708,-0.00463639,-0.00466378,-0.02285961,-0.01797232,-0.01386666,-0.00506978,-0.01850763,-0.00356588,0.00015358,-0.01892118,0.00749366,-0.02751884,-0.02430428,-0.02093302,-0.02511931,-0.00782365,-0.01614606,-0.01957357,-0.03289575,-0.00108573,-0.00661323,-0.00478238,-0.03141776,0.0019829,-0.01938345,-0.00258506,-0.00871321,-0.02473458,-0.01687749,-0.01283107,-0.00579513,-0.02040075,-0.00115568,-0.02162641,-0.00713328,-0.00701619,-0.01655508,-0.02406091,0.0018582,-0.01702953,0.00273713,-0.0072519,-0.01690179,-0.00807455,-0.01866115,-0.0134302,-0.02807083,-0.01411906,-0.01029619,-0.02475279,0.17463818,-0.01770011,-0.01513179,-0.00649613,-0.0065676,-0.01888167,-0.01342107,-0.02431639,-0.00507435,-0.01650189,-0.01694895,0.00975787,-0.01971192,-0.02331431,-0.00673487,-0.01110515,-0.01284779,-0.00635015,-0.01551954,0.01259081,-0.02433769,0.00229006,-0.02988039,-0.0109911,-0.02143937,-0.0250843,-0.01074784,-0.00783883,-0.01144731,-0.01455701,-0.01821714,-0.00577688,-0.01229733
"Np2_502943",-0.02898325,-0.01681513,1.0061706,-0.00990693,0.01230799,-0.00048205,-0.02656236,0.00733248,-0.02155801,-0.00289681,-0.01693223,-0.02059999,-0.0241415,-0.00854442,-0.01480639,-0.01585408,-0.00116481,-0.00032238,-0.02361541,-0.00942183,-0.01669957,-0.01000883,-0.01809095,-0.02346948,-0.01126484,-0.00100666,-0.02388302,-0.03000967,-0.01529755,-0.02455217,0.00375749,-0.02110943,0.02523035,-0.00894284,-0.00932909,-0.00592438,-0.0145631,0.01457982,-0.02282165,-0.00946442,0.01329183,-0.02115197,-0.0160624,-0.02066994,-0.01677106,0.00020985,-0.01323102,0.05478227,-0.02414607,0.00285421,-0.02582794,0.01770928,-0.01486722,-0.02227724,-0.00971075,-0.0158769,-0.02716152,-0.02746715,-0.00917246,0.00033758,-0.02535351,0.00420453,-0.03481485,0.00224597,-0.01086948,-0.01434563,-0.01557278,-0.0097579,0.02751883,0.00195553,-0.01708427,-0.0148748,-0.02247496,-0.00819468,-0.03292775,-0.01748727,0.03708063,0.00226726,-0.01755721,-0.02056806,-0.00835588,-0.02340554,0.00552597,-0.01081472,-0.00097169,-0.01272615,0.01538422,0.00552293,0.0049314,-0.01735497,-0.01762562,-0.00526443,-0.01438365,-0.02468142,-0.01842698,-0.01154313,-0.0097868,-0.01481551,0.0020346,-0.02775152
"Np2_502454",-0.00403576,-0.01406888,-0.00990693,1.00710135,-0.00836348,-0.01476687,-0.02092691,-0.01638024,-0.00406161,0.00532374,-0.01646692,-0.01678928,-0.02717364,-0.0044296,-0.00536935,-0.0033758,-0.01712231,0.01017908,-0.02086915,-0.02416282,-0.02459773,-0.02277303,-0.01230343,-0.02574131,-0.00912684,-0.02076576,-0.01140473,-4.41e-05,-0.03338394,0.01027949,-0.03120798,-0.02003586,-0.0234208,-0.0156245,-0.02498248,-0.00971683,-0.01166478,-0.0059396,-0.01642588,0.00194944,-0.008292,-0.00578448,-0.0163574,-0.00667101,-0.00018704,0.00249992,-0.02021679,-0.00390499,-0.01927094,-0.02116261,-0.00194489,-0.01801646,-0.00831938,-0.01694591,-0.02019398,-0.00628781,-0.01225021,0.00675616,0.01912044,0.00186733,-0.01698091,-0.00186886,-0.03556604,0.05806228,0.01423007,-0.00399622,-0.00279036,-0.00959671,-0.01048778,-0.0143061,0.00299715,-0.02915959,-0.00391411,0.00245886,-0.01756026,-0.02143179,-0.00305496,-0.00487058,-0.03047344,0.0135032,-0.02781086,-0.01913865,-0.0142331,-0.00867672,-0.02316376,-0.02305731,0.00307624,-0.02047075,-0.00022962,-0.0006189,-0.01639999,0.00584531,-0.01589515,-0.01387579,-0.00822965,-0.00560353,-0.00628023,-0.00355372,-0.01377083,0.00905688
"Np2_504044",-0.03367438,0.07855117,0.01230799,-0.00836348,0.99815575,0.00303822,-0.01513481,0.00096864,0.00568412,-0.01002097,-0.02223161,-0.00339404,-0.00267783,-0.00730511,-0.02725273,-0.00579512,-0.01421941,-0.00653414,-0.02648178,-0.02232436,-0.00968185,-0.03918218,-0.02065321,-0.00945683,-0.01337091,-0.03109235,-0.01610499,-0.00702532,-0.01086491,-0.02483348,-0.00671208,-0.01971804,0.00289984,-0.01120098,0.00681242,-0.026278,-0.0198625,-0.0047094,0.00168333,-0.01704476,-0.0231805,-0.02858023,-0.00402663,-0.01927855,-0.00230224,-0.03230889,-0.01548914,-0.02198681,-0.00952522,-0.02297366,-0.00314771,-0.00279644,0.00340317,-0.03046581,-0.01120856,0.01379819,-0.02637837,0.00844253,0.03418836,-0.022297,-0.01757546,-0.0234481,-0.00726862,0.00576623,-0.02042664,-0.01280219,-0.02132835,0.00242996,-0.01457979,-0.0241765,-0.01599701,-0.00952978,-0.00678963,-0.01075693,0.02198983,-0.02491554,-0.00395364,-0.00835435,0.00497093,-0.02754014,-0.00605212,0.0056613,-0.01817305,-0.01216048,-0.01417835,0.00083026,-0.00831482,-0.00585899,-0.01177272,-0.02158993,-0.02353325,-0.00813081,0.01316257,-0.02344209,-0.00791183,-0.00984762,-0.01493414,-0.0188984,0.0095085,0.00314009
"Np2_502609",-0.02836892,-0.03201536,-0.00048205,-0.01476687,0.00303822,1.00527026,-0.01347886,-0.01273377,-0.00786624,0.00060673,-0.01768646,0.01103521,-0.01546784,-0.00853834,-0.02848597,-0.03394347,-0.0160609,-0.02373397,-0.02056806,-0.00378941,-0.00468051,-0.02171163,-0.01306678,-0.02376752,-0.01004225,-0.00039233,-0.01095158,-0.00506523,-0.01772448,-0.01663879,-0.00459992,-0.02368842,-0.00365561,-0.0145631,0.0154633,-0.01686683,0.00794834,-0.0089839,-0.00882575,-0.02861831,-0.01620232,-0.02145001,0.00082266,-0.01032357,-0.00703292,-0.01286152,-0.0273668,-0.01592102,-0.01851367,-0.01614757,-0.01137586,-0.01026428,-0.00452084,-0.0093458,-0.01213768,-0.03077299,0.00036798,-0.01772903,-0.00430036,-0.00208935,0.00506522,-0.01920707,-0.00272345,-0.00018096,-0.01071134,-0.0050637,-0.01571876,-0.01400958,-0.01490065,-0.00685805,-0.00901886,0.00991754,0.00931235,-0.00286639,-0.00843951,-0.01869769,-0.0237386,-0.00882727,-0.01070828,-0.01843309,-0.00758948,-0.01716488,-0.00830569,-0.02054067,-0.01601983,0.00932906,0.00641858,0.00492076,-0.01604721,-0.00594415,-0.01549066,0.00219275,-0.00586203,0.00893068,-0.0237431,-0.01883608,-0.00430644,0.00921654,0.00264893,0.0116389
"Np2_503367",-0.02753403,-0.00867519,-0.02656236,-0.02092691,-0.01513481,-0.01347886,0.97469825,-0.02223918,0.00726252,0.00843644,-0.01305003,-0.01124352,-0.02497322,-0.00222924,0.00276145,-0.02398483,-0.01142447,-0.0168166,-0.01730018,0.00464855,-0.01205705,-0.00764726,0.00251816,-0.02506153,-0.02730288,0.01123896,0.00083178,-0.00924846,-0.03042321,-0.00622395,-0.00665428,0.00284509,-0.01969977,-0.01722569,-0.01426655,-0.01557579,-0.0065752,-0.01483983,-0.01817912,-0.00968793,-0.01004528,0.0081247,-0.02054364,-0.01906868,-0.01745075,0.00713327,-0.01573546,-0.01158871,-0.01707055,-0.00253945,-0.00886831,0.00684131,-0.01448247,-0.02478166,-0.01556058,-0.00165445,-0.00381526,-0.00944309,-0.02201719,-0.00475197,-0.01189132,-0.01350621,0.01985635,-0.01044672,-0.00394604,-0.01183201,-0.01822928,-0.02473149,0.00053222,-0.01134541,-0.00757577,0.0096879,-0.01235816,-0.02438477,-0.00365103,-0.00052766,-0.02138309,0.00919067,0.00867822,-0.00512908,-0.00249688,0.00206957,-0.01689873,-0.00054591,0.0044311,0.00636229,-0.01175446,-0.02587349,-0.02555261,-0.0108877,-0.01800117,-0.00807302,-0.01597571,-0.02140744,-0.01393654,0.00511235,0.00778106,-0.01123744,-0.00822508,-0.0095754
"Np2_500503",-0.00854138,-0.00640946,0.00733248,-0.01638024,0.00096864,-0.01273377,-0.02223918,0.98942002,-0.00643835,-0.00055048,-0.02659885,-0.00593654,-0.00613269,-0.01653835,-0.01884668,-0.0030154,-0.00246798,-0.00846837,0.01750701,0.00508954,-0.01937129,-0.02378118,-0.01376778,-0.02127518,-0.02473304,-0.01188981,-0.00937163,-0.01139256,-0.00367537,-0.01551502,-0.01320821,-0.01633006,-0.01834642,-0.01131046,-0.0285757,0.00220034,-0.01358532,-0.00056112,0.01419508,-0.0201955,-0.01173318,-0.02139069,0.00635622,-0.03079274,0.00686412,-0.00808824,-0.02168114,-0.01692614,-5.475e-05,-0.00301085,-0.01101241,0.00241628,-0.0033971,-0.01628137,0.02487292,-0.00197378,-0.02800848,-0.01249957,-0.00500136,-0.0144992,0.00208326,0.01308956,-0.00296827,0.01265163,-0.02068819,-0.01945037,-0.01413881,-0.01303788,-0.01681815,-0.00664667,-0.03055245,-0.02165221,-0.02514667,-0.01284323,-0.00929257,0.00994947,-0.00056567,-0.01819586,-0.01931655,-0.02658517,-0.01102762,-0.00798178,0.04193437,0.01494929,-0.01155069,-0.03349335,-0.01435475,-0.0173732,-0.013859,-0.00253946,-0.02820461,-0.02040534,-0.02617914,0.01370394,-0.0031553,-0.00661171,-0.01534774,-0.02128882,-0.02998529,-0.00578904
"Np2_503198",0.01867944,0.00575711,-0.02155801,-0.00406161,0.00568412,-0.00786624,0.00726252,-0.00643835,1.00645652,-0.00891244,-0.00591677,-0.01946864,-0.00658737,-0.01562447,-0.01124203,-0.025063,-0.00900518,0.00993273,-0.00408442,-0.02456123,-0.01997805,-0.01648065,-0.0215215,-0.00089718,-0.01499952,0.00818403,-0.01089076,-0.00317964,-0.01720747,-0.02250845,-0.00012926,-0.00279493,-0.01363097,-0.03563907,-0.01869011,-0.00707398,-0.00567652,-0.03218876,-0.00055352,-0.0148718,0.00210607,-0.03994087,-0.01858055,-0.02835825,-0.0132067,-0.00595785,-0.00890634,-0.03091444,-0.01754046,0.00200875,0.00130622,-0.02404121,-0.01875395,-0.01430305,-0.01253304,0.00578295,-0.02222859,0.04026781,-0.01944586,0.00587875,0.01424984,-0.02249164,-0.02182257,0.02101665,-0.00563243,-0.01549523,-0.01687444,0.00095343,-0.01499189,-0.01135912,-0.01108691,-0.03229512,-0.00644141,0.00251664,-0.0103555,-0.00677594,-0.01455398,-0.01941087,0.00121346,-0.00666341,-0.01467563,-0.01223803,-0.00702836,-0.00314467,-0.00166509,-0.00551229,-0.01891514,-0.01965265,-0.0196359,-0.00329825,-0.01558189,-0.01051974,-0.00838629,-0.00986436,-0.01577501,0.00342598,-0.00622243,-0.01474861,-0.02040383,-0.0211459
"Np2_503820",-0.00614944,-0.00842734,-0.00289681,0.00532374,-0.01002097,0.00060673,0.00843644,-0.00055048,-0.00891244,1.00941304,-0.01903679,-0.00065539,-0.01316865,-0.02752797,-0.01478206,-0.01689419,0.00539824,0.02646501,0.00697361,-0.02810126,-0.01606699,-0.01302576,-0.01700219,-0.00610991,-0.01397765,-0.01162675,-0.01123747,-0.01523522,-0.021964,-0.01266689,-0.01583437,-0.00542258,-0.02142878,-0.03735435,-0.01797237,-0.01700065,0.01115993,-0.02614881,-0.00135641,0.01002401,-0.01070982,-0.01458893,-0.0175587,-0.01958117,-0.00716675,-0.01512423,-0.00362671,-0.00510628,-0.00268088,0.00485537,-0.01820045,-0.01876158,-0.00784799,-0.02483798,-0.01181531,-0.00459991,-0.00219884,-0.00919525,-0.00990845,-0.00480824,-0.00936254,0.01122377,-0.00757122,-0.02221188,-0.01829626,-0.01295274,0.01045433,-0.02053005,-0.00408594,-0.00683981,-0.02131771,-0.00800764,-0.02533983,-0.01501318,-0.02499615,0.01173319,-0.00805784,0.00320397,-0.0067364,-0.02312881,-0.01669504,-0.01532188,-0.0187798,-0.00896564,-0.02025936,-0.02045704,-0.00162252,-0.01604572,-0.02758575,-0.01398525,-0.01075846,-0.00782517,-0.02089803,0.00605972,-0.0112557,-0.01334356,-0.00596089,-0.0201134,0.00403575,0.0098324
"Np2_501914",-0.00984457,-0.00467137,-0.01693223,-0.01646692,-0.02223161,-0.01768646,-0.01305003,-0.02659885,-0.00591677,-0.01903679,0.99198416,-0.0040464,-0.00104923,-0.03411226,0.00037863,-0.02560737,-0.02962185,-0.01235661,-0.00265198,-0.01826276,-0.01246308,-0.01413582,0.00332866,-0.0149752,-0.02831717,-0.01547394,-0.00854593,-0.00813386,-0.02170547,-0.01818678,-0.01344695,0.00122258,0.00680939,-0.00014446,-0.02638144,-0.01750244,-0.00652503,-0.01418141,0.00574494,-0.01343934,-0.00132752,0.00954346,-0.00239803,-0.01476075,-0.02682849,-0.0090873,-0.01142753,0.00503633,-0.01808483,0.01043606,-0.00303975,4.866e-05,-0.00302758,-0.00055352,-0.00638665,-0.02639051,-0.0028527,-0.02064558,-0.00417566,-0.00531004,-0.00378181,0.0047915,-0.00792097,-0.00477022,0.00477174,-0.00357044,-0.00951153,-0.03061179,-0.01051819,-0.02148346,0.01330701,-0.0045558,-0.02447304,0.00577383,-0.02428142,-0.00762444,-0.02285357,-0.02071555,-0.01560166,-0.0161795,0.01093485,0.00090325,-0.00787686,-0.02817117,-0.00601105,-0.01016236,-0.02554203,-0.02567128,-0.01181681,-0.00186582,0.00470634,-0.02186059,-0.01060335,-0.01709952,0.00877097,-0.00548188,-0.00615857,-0.00343207,0.00916027,-0.00344271
"Np2_504033",-0.01700977,0.0197925,-0.02059999,-0.01678928,-0.00339404,0.01103521,-0.01124352,-0.00593654,-0.01946864,-0.00065539,-0.0040464,0.98601637,-0.03239238,-0.01785977,-0.03081251,0.01801638,-0.03040041,-0.01572024,-0.01924508,-0.01995369,-0.00290136,-0.02419023,-0.00338037,-0.01301662,-0.00811104,-0.01260299,-0.01723177,0.00279643,-0.00256378,0.00810193,-0.02015598,-0.01780354,0.00192512,-0.01491283,-0.0238146,-0.01341499,-0.01171342,-0.00097017,0.01500253,-0.00448586,-0.01153397,-0.01510896,-0.01397304,-0.03409099,-0.0158982,-0.00043794,-0.0052112,-0.00121651,0.00120889,-0.02075505,-0.01476684,0.00185517,-0.0133861,-0.00984759,-0.00762139,-0.01363548,-0.00332714,-0.02112,-0.01088467,-0.02038251,-0.01946254,0.00325262,0.02992445,0.00342293,-0.02748387,-0.0244213,-0.01074628,-0.0037149,-0.019204,-0.01131348,-0.01043302,-0.01795557,0.0241689,-0.02511317,-0.00878924,-0.01995979,-0.0163331,0.00161947,4.257e-05,7.299e-05,-0.02025633,0.003318,-0.00850336,-0.0233234,-0.00542104,-0.00972442,0.00378788,-0.0237127,0.00048204,-0.01252848,-0.00990993,-0.00728078,-0.01655204,-0.00768984,-0.02363662,-0.0175131,5.778e-05,-0.01941692,-0.00423951,-0.00726252
"Np2_502502",-0.01690178,-0.02298124,-0.0241415,-0.02717364,-0.00267783,-0.01546784,-0.02497322,-0.00613269,-0.00658737,-0.01316865,-0.00104923,-0.03239238,0.96904679,-0.00634709,-0.00257291,-0.02460523,-0.00733094,-0.01606844,-0.02126598,0.00524463,-0.01997647,-0.01571877,0.00144155,-0.01336483,-0.00815513,-0.0178172,0.013897,0.00807453,-0.02039921,0.00562481,-0.0195918,-0.02271363,-0.00739483,0.00207413,0.00579359,0.00585289,-0.01419051,-0.00466377,-0.01743097,-0.02718732,-0.00701617,-0.00101122,-0.01842693,0.00068732,-0.00697056,-0.02055435,-0.00996923,-0.01966019,-0.00309296,-0.00756968,-0.00568716,-0.0089854,-0.01008481,-0.01323705,-0.01891811,-0.01520018,-0.03423996,0.14078262,-0.00393387,-0.00780538,-0.01889837,-0.01291012,0.00311728,-0.02809816,-0.01505878,-0.02294475,-0.02006618,-0.00512756,-0.01666301,-0.01926482,-0.01351836,-0.01799964,-0.01921315,-0.00265197,-0.00427144,-0.01589817,-0.00588484,-0.02397118,-0.02448361,0.04078169,-0.01680295,-0.00813079,-0.00824332,0.01814562,0.00624369,-0.02634332,-0.01343931,0.00680785,-0.02526063,0.0100848,-0.00280708,-0.01447181,-0.01051362,-0.03845067,-0.0078662,-0.01482005,-0.01975451,-0.02174193,-0.01599244,-0.0053298
"Np2_504454",-0.0041939,-0.00495117,-0.00854442,-0.0044296,-0.00730511,-0.00853834,-0.00222924,-0.01653835,-0.01562447,-0.02752797,-0.03411226,-0.01785977,-0.00634709,0.98032233,-0.00689605,-0.02451857,0.00598518,-0.02267253,-0.01038285,-0.01519716,-0.01411143,-0.00681243,-0.00957236,-0.0085642,-0.01080559,-0.01271247,0.00257898,-0.01343172,-0.02685127,-0.00417262,-0.00627564,-0.01213463,0.02964318,-0.00787534,-0.00476413,-0.0325323,-0.02033843,0.01899266,-0.00578752,-0.02238672,-0.01696566,-0.01491432,-0.01149745,-0.02446843,-0.00703596,-0.0105836,-0.00897019,-0.001326,-0.02505537,-0.02040834,-0.01335569,-0.00798635,-0.01334352,-0.01360657,-0.01563814,0.00206957,-0.01012739,-0.00830415,-0.01312304,-0.00802283,-0.00907968,-0.01647295,-0.01382708,0.04467455,-0.02379177,0.0001034,-0.01709034,0.00469113,-0.01627222,-0.01750548,-0.01419201,-0.00483559,-0.00544082,-0.00302149,-0.01133173,-0.01687595,-0.00245278,0.00211824,-0.0094948,-0.01052883,-0.01686835,-0.00986888,-0.00830871,-0.00366471,-0.01875997,-0.01591641,0.00230983,0.00081201,-0.01528991,-0.00807606,-0.00773848,-0.01027946,-0.00997076,-0.00855964,-0.01310171,-0.01701433,-0.02058023,-0.00173504,-0.00389281,0.00327239
"Np2_501559",-0.00847904,-0.01988071,-0.01480639,-0.00536935,-0.02725273,-0.02848597,0.00276145,-0.01884668,-0.01124203,-0.01478206,0.00037863,-0.03081251,-0.00257291,-0.00689605,0.9898489,-0.02454597,0.00246038,-0.03532111,-0.02607272,-0.01309566,-0.02782447,-0.01763631,0.00028436,-0.016803,-0.0217815,-0.01000271,-0.0052036,-0.03170666,-0.01623424,0.00385936,-0.01664332,0.25942267,-0.01813202,-0.00105989,-0.00737658,0.00287094,-0.03785306,-0.00673336,0.00087588,-0.01222588,-0.0200343,-0.01266076,-0.0153264,-0.00700858,-0.018316,-0.0306833,-0.0182734,-0.01610347,-0.0101806,-0.01404909,-0.02934969,-0.00679722,0.02190771,-0.01971648,-0.01672996,0.00021745,-0.01684553,-0.01639086,-0.02120976,-0.01291623,-0.0077385,-0.00676832,-0.0067075,-0.0128326,-0.02032171,0.00980806,-0.00997077,-0.00704508,-0.02055737,0.00618896,-0.02577616,-0.00379853,-0.03283955,-0.01840721,-0.03006285,-0.00580273,-0.01799059,-0.01357162,-0.00039841,-0.00888352,-0.03301442,-0.01947621,0.01325684,-0.01813806,-0.0186353,-0.01275047,-0.00988258,-0.0167026,-0.00330432,-0.00202092,-0.00229159,-0.02961883,-0.02170698,-0.00721845,-0.02316524,-0.00685348,0.00326631,0.00447216,0.01934544,-0.01469841
"Np2_502661",-0.02944697,-0.02108045,-0.01585408,-0.0033758,-0.00579512,-0.03394347,-0.02398483,-0.0030154,-0.025063,-0.01689419,-0.02560737,0.01801638,-0.02460523,-0.02451857,-0.02454597,0.97117597,0.00795135,-0.02754915,-0.01495537,-0.02326711,-0.0037818,-0.01108084,-0.01155982,-0.00583771,-0.00853529,-0.0061844,-0.02465089,-0.00036495,0.021342,-0.01315498,-0.00506978,-0.0279598,0.00469418,-0.01123136,-0.00781604,-0.01414335,-0.01472273,-0.01431977,-0.03043234,-0.00460599,-0.01469535,0.00241019,-0.01166015,-0.03162601,-0.01130436,-0.01454787,-0.01916903,-0.01912798,-0.02339331,-0.0292386,0.13459082,-0.03719307,-0.01122528,-0.02547809,0.00944156,-0.02926598,-0.00542408,-0.01439729,0.00176849,-0.02187118,-0.01334808,-0.01344234,0.03482235,0.02018177,-0.00935643,-0.01131195,-0.00843339,-0.00216234,-0.01050448,-0.00094127,-0.02393465,-0.00286942,-0.00043338,-0.01595746,-0.0034351,-0.02403353,-0.00504849,-0.00199811,-0.01148225,-4.715e-05,-0.0246342,-0.0139852,-0.02367768,-0.03028632,-0.00934273,0.09477454,-0.01990198,-0.00741002,0.00553203,-0.02709455,-0.01945793,-0.02093449,-0.01013346,-0.01830231,-0.00490098,-0.01200689,-0.00325568,0.01376471,-0.01667672,-0.0271508
"Np2_504102",0.00136096,-0.00608708,-0.00116481,-0.01712231,-0.01421941,-0.0160609,-0.01142447,-0.00246798,-0.00900518,0.00539824,-0.02962185,-0.03040041,-0.00733094,0.00598518,0.00246038,0.00795135,0.98595858,-0.00845012,-0.00634863,-0.00447217,-0.01859272,-0.0164639,-0.02591457,-0.01593472,-0.01543895,-0.01065506,-0.00190231,-0.00437942,-0.01506183,-0.01078281,-0.01577504,-0.02224227,-0.00570694,-0.01646235,-0.00407529,-0.00127885,-0.01006962,-8.668e-05,-0.01011676,-0.02489121,-0.01475619,0.006303,-0.01278543,-0.01359139,-0.00011253,-0.00791793,0.00357956,-0.02846467,-0.02269384,-0.01302874,-0.01266685,-0.02098319,0.05029937,-0.01550281,-0.00871473,-0.01746594,0.00227029,-0.00335755,0.01797841,-0.01463301,-0.01797081,-0.01730475,-0.01237792,-0.01363701,-0.02203849,0.00033606,0.0097533,-0.03400431,-0.02333859,0.0178537,-0.03068626,-0.00901275,-0.02482429,-0.02210081,0.00228246,-0.01709948,0.00264589,-0.0075332,-0.01063071,-0.00026003,-0.01724395,-0.00020833,-0.01324619,-0.00540888,-0.02187271,-0.00412699,-0.01829013,-0.02009208,-0.01688201,-0.02593891,-0.02423272,0.01610802,-0.02464026,0.00338188,0.00674702,-0.0064414,-0.01441711,-0.0010462,-0.0165855,-0.02447453
"Np2_504165",0.00995859,-0.00463639,-0.00032238,0.01017908,-0.00653414,-0.02373397,-0.0168166,-0.00846837,0.00993273,0.02646501,-0.01235661,-0.01572024,-0.01606844,-0.02267253,-0.03532111,-0.02754915,-0.00845012,0.96498309,-0.01569439,0.01705078,0.00232199,-0.00847447,-0.0161004,-0.01220306,-0.01338,-0.01331006,-0.0164182,-0.015702,-0.00342293,0.01043608,-0.00535262,-0.01607761,-0.00577688,-0.0274808,-0.01661438,-0.01549062,0.01358225,-0.02752793,-0.01277176,0.00666795,-0.00235698,-0.00441134,-0.0090538,0.01066871,-0.00428817,-0.01376625,-0.01169666,-0.00405248,0.01738074,0.00849421,-0.0081749,-0.02439848,-0.02047981,-0.00401598,-0.0122821,-0.01358223,-0.01619924,-0.02045851,-0.01782633,0.0038487,0.00750582,-0.00840297,-0.03921088,-0.0102095,0.01195365,-0.02360773,-0.01282192,-0.01871588,0.00122562,-0.01901544,-0.01402929,-0.03356474,-0.01272918,-0.01319904,-6.843e-05,-0.01002245,-0.00305038,-0.00152063,0.00572211,-0.02055431,0.00427905,-0.0083376,-0.02289607,-0.00958451,-0.02665656,-0.01575369,-0.00862804,-0.01940169,-0.01497512,-0.01429998,-0.00727164,0.00904317,-0.0250143,-0.02436354,0.00226725,-0.03220994,-0.01859274,0.00177304,-0.0090523,-0.01648511
"Np2_500244",-0.01181379,-0.00466378,-0.02361541,-0.02086915,-0.02648178,-0.02056806,-0.01730018,0.01750701,-0.00408442,0.00697361,-0.00265198,-0.01924508,-0.02126598,-0.01038285,-0.02607272,-0.01495537,-0.00634863,-0.01569439,0.99549731,0.00166508,-0.00682915,-0.01351996,0.00348833,-0.02181046,-0.00990995,-0.00603843,-0.01644561,-0.01223196,-0.00633951,-0.00753474,-0.01495998,-0.01929834,-0.00717283,-0.02416283,-0.0021958,0.00987648,0.00062954,-0.01660682,0.01077063,-0.03228757,0.0109972,0.00149173,-0.01318688,-0.02737439,-0.00887745,0.00050029,-0.02160816,0.00686868,-0.00697664,-0.02027302,-0.01078736,0.00127277,-0.0004349,-0.01240682,-0.00546666,0.00691886,-0.01333744,-0.03538809,-0.01587691,-0.01670715,-0.0112253,-0.03899501,-0.0036556,-0.01403846,0.01238249,-0.02044183,0.01497819,-0.0071865,-0.01644104,0.0025501,-0.01694589,0.01004983,0.01005289,-0.00942486,-0.00906752,-0.02251902,0.00102794,-0.00930322,-0.01027185,-0.01297858,-0.00593655,0.00121497,0.00095039,-0.00976396,-0.00995708,-0.01426046,-0.0227973,-0.00209391,-0.01986854,-0.01858516,-0.0082114,-0.01759522,-0.01196431,-0.02560747,-0.00521119,-0.01520632,-0.0180119,-0.01513331,-0.02018028,0.00127885
"Np2_500940",0.00329216,-0.02285961,-0.00942183,-0.02416282,-0.02232436,-0.00378941,0.00464855,0.00508954,-0.02456123,-0.02810126,-0.01826276,-0.01995369,0.00524463,-0.01519716,-0.01309566,-0.02326711,-0.00447217,0.01705078,0.00166508,0.98601941,-0.01924659,-0.02365649,0.00430034,-0.00214258,-0.00666492,-0.01419812,-0.00666188,-0.01309263,0.01150356,-0.00626653,-0.00426386,-0.0143806,-0.01867792,-0.0180286,-0.00077553,-0.00208479,-0.0172622,-0.00530244,-0.01229125,-0.00866608,-0.00765485,-0.02126599,-0.03016618,-0.00633799,-0.00061434,-0.00051245,-0.00543777,-0.00022658,-0.01163888,-0.00714392,-0.02092388,-0.0029333,-0.00920285,-0.0045999,-0.00632734,-0.01218936,-0.01237336,-0.01055013,-0.01704171,0.00706635,0.00296827,-0.01294054,-0.02641332,-0.0187007,-0.00079529,0.01002246,-0.00717128,-0.02112458,-0.0185182,-0.02172827,-0.00548947,-0.02137546,-0.03125656,-0.01378297,0.00223684,-0.00421975,-0.00500288,0.01629507,-0.01113252,-0.00608404,-0.01227149,-0.01637261,-0.00188711,-0.01290557,0.00317202,-0.01907476,-0.02046463,-0.02074596,-0.00369817,-0.00682459,-0.02002058,-0.00370578,-0.00142027,-0.01688815,-0.01930132,-0.00968033,-0.01841637,0.00194944,-0.01982445,-0.00900973
"Np2_504445",-0.00383351,-0.01797232,-0.01669957,-0.02459773,-0.00968185,-0.00468051,-0.01205705,-0.01937129,-0.01997805,-0.01606699,-0.01246308,-0.00290136,-0.01997647,-0.01411143,-0.02782447,-0.0037818,-0.01859272,0.00232199,-0.00682915,-0.01924659,0.98727867,-0.01223046,-0.02426621,-0.00713937,0.00765029,-0.01402478,-0.01758911,0.00730511,-0.03105278,0.01032965,-0.01762412,-0.01405519,-0.00998904,-0.00067212,0.00137464,-0.01270789,-0.04172306,-0.01638175,-0.0191128,0.01538118,-0.02694556,-0.01607456,-0.01083294,-0.00190687,-0.02142568,-0.00687782,-0.00267935,0.01606545,-0.01176965,-0.00499374,-0.00736898,-0.00656152,-0.00385936,-0.00168942,-0.01147619,-0.00228399,-0.00763812,-0.02147735,0.05308065,-0.01511353,-0.00826311,-0.00485993,-0.03353899,-0.03190889,0.01032659,-0.01976058,-0.00684587,-0.02323218,-0.01013347,0.00034214,-0.03603278,-0.01283866,0.04814164,-0.0198442,0.00423495,-0.00054895,-0.00832698,-0.01652925,-0.00700554,-0.01123289,-0.0081445,-0.00509867,0.00193575,-0.01866267,-0.01505422,0.02352411,-0.02257223,-0.01068851,-0.00656607,-0.01623121,-0.0117879,-0.00779019,-0.00307168,-0.01823542,0.00276906,-0.03596596,-0.02888745,-0.01399588,0.0045269,-0.01872046
"Np2_502362",-0.00596241,-0.01386666,-0.01000883,-0.02277303,-0.03918218,-0.02171163,-0.00764726,-0.02378118,-0.01648065,-0.01302576,-0.01413582,-0.02419023,-0.01571877,-0.00681243,-0.01763631,-0.01108084,-0.0164639,-0.00847447,-0.01351996,-0.02365649,-0.01223046,1.03031856,-0.01073264,-0.00805178,-0.00360239,-0.00839847,-0.01622059,-0.00653265,-0.00444178,0.00455127,-0.01032512,-0.02698064,-0.00421065,-0.02256927,-0.01291932,-0.00708159,0.02123111,-0.0197272,-0.02595572,-0.00134577,-0.01189136,-0.02763142,0.00194032,-0.01331163,0.00138378,-0.00049117,0.04263552,-0.00872084,-0.01785222,-0.0043855,-0.0181655,0.00332258,-0.00963778,-0.00761989,-0.02014382,-0.00699795,-0.01372068,-0.01691552,-0.03481191,-0.02317293,-0.01586631,0.0077613,-0.02350292,-0.01548615,-0.02616861,-0.0323819,-0.00076336,-0.0118275,-0.00876493,-0.02337975,-0.0136796,-0.01466345,-0.02728172,-0.02121283,-0.02632978,-0.03004926,-0.00406923,-0.00117089,-0.02692585,-0.0075834,-0.00358262,-0.0282123,-0.0015617,-0.00877861,-0.0028892,-0.01023386,-0.00934278,-0.00977617,-0.02116416,-0.02170554,0.1995799,-0.03500957,-0.01493262,-0.01549833,0.01493411,0.00767616,-0.01626625,-6.08e-06,-0.0099191,-0.01841639
"Np2_503615",-0.01860645,-0.00506978,-0.01809095,-0.01230343,-0.02065321,-0.01306678,0.00251816,-0.01376778,-0.0215215,-0.01700219,0.00332866,-0.00338037,0.00144155,-0.00957236,0.00028436,-0.01155982,-0.02591457,-0.0161004,0.00348833,0.00430034,-0.02426621,-0.01073264,0.99590186,0.00180955,-0.01609435,-0.00431556,0.00352482,-0.00701163,-0.00355219,-0.00763663,-0.00928346,-0.02213736,-0.01411756,-0.00571301,-0.0314938,-0.01470752,-0.00449043,-0.02431186,-0.01928769,-0.00805935,-0.02864107,-0.00271585,-0.02621409,0.00369665,-0.03483007,-0.00218667,-0.00604755,-0.02273343,-0.01118423,-0.00577688,-0.01758002,-0.01677257,-0.02775607,0.01410231,-0.00283141,-0.01888165,-0.00249079,0.00298195,-0.00411788,0.00463183,-0.01664939,-0.02556329,-0.01820347,-0.01049083,0.0069584,-0.00609772,0.00149477,-0.02416738,-0.01547848,-0.01990505,-0.00838018,-0.03126106,0.00128341,-0.01758607,-0.0108421,-0.00635016,-0.00333171,-0.0094051,-0.01736863,-0.01140777,-0.00801525,-0.00785861,0.01255735,0.00108268,0.06399565,-0.0227258,-0.02594044,-0.00675769,-0.00765333,-0.01032357,-0.01089835,-0.01328728,-0.00643986,-0.01050302,-0.01778222,-0.02139073,0.00712872,-0.01705995,-0.02073835,0.00193728
"Np2_504016",-0.00725799,-0.01850763,-0.02346948,-0.02574131,-0.00945683,-0.02376752,-0.02506153,-0.02127518,-0.00089718,-0.00610991,-0.0149752,-0.01301662,-0.01336483,-0.0085642,-0.016803,-0.00583771,-0.01593472,-0.01220306,-0.02181046,-0.00214258,-0.00713937,-0.00805178,0.00180955,1.03000831,-0.01098051,-0.01091056,0.00133967,-0.01360664,-0.0051291,-0.02259515,-0.01663881,-0.02006479,-0.02709925,-0.02021532,-0.00113744,0.01047868,-0.01655972,-0.01372374,-0.02922813,-0.02347405,-0.00315076,-0.02071558,-0.02915962,-0.00502722,-0.01603054,0.01311548,0.03297646,-0.02689546,-0.01519415,0.00298652,-0.02767251,-0.00055808,-0.01397463,-0.02336148,0.02798116,-0.00449195,-0.01288737,-0.02140443,-0.00858399,-0.01656121,0.00062954,-0.01147773,-0.004422,-0.03320457,0.01237644,-0.00706638,-0.02061065,-0.0179891,-0.02359413,-0.01311851,-0.03018151,-0.00713936,-0.01352301,-0.01490524,-0.00344728,-0.02161278,-0.01175147,0.01684558,0.00036646,-0.00081962,0.01200085,0.02401838,-0.03555088,0.00345943,-0.01543746,-0.00210152,-0.00364344,-0.00529333,-0.01850609,-3.954e-05,-0.01414796,-0.00558833,0.00871019,0.00571151,0.00983696,-0.01840577,-0.02014691,-0.02365498,-0.01820959,-0.00663452
"Np2_503222",-0.01877523,-0.00356588,-0.01126484,-0.00912684,-0.01337091,-0.01004225,-0.02730288,-0.02473304,-0.01499952,-0.01397765,-0.02831717,-0.00811104,-0.00815513,-0.01080559,-0.0217815,-0.00853529,-0.01543895,-0.01338,-0.00990995,-0.00666492,0.00765029,-0.00360239,-0.01609435,-0.01098051,0.9958684,-0.02288397,0.00031476,-0.01463151,-0.00432923,-0.00689304,0.00210455,0.00536935,-0.00166509,0.00719562,-0.01311089,0.0071728,-0.02868519,-0.03938284,-0.00592286,-0.00229768,0.00783732,-0.01991569,-0.01619468,-0.03159869,-0.02648332,-0.01345608,-0.00697665,-0.00663147,0.00506977,-0.02343289,-0.02139833,-0.00158298,-0.01560775,-0.01115686,0.01098958,0.00132599,0.00022961,-0.01528232,-0.00945681,-0.0035963,0.00142939,-0.00170615,-0.0136583,-0.01248438,-0.00826464,-0.02025632,0.00315074,-0.01171493,-0.00591524,-0.02098622,-0.01052579,-0.00557919,-0.01257107,-0.00923935,-0.01709341,0.00184452,-0.03102393,-0.01504816,0.02595258,-0.00762292,-0.012898,-0.02475432,-0.01118119,-0.00805781,0.00376203,-0.01468319,-0.00542865,-0.02137246,-0.034129,-0.01018823,-0.01593315,-0.01163131,-0.00524009,0.00605516,-0.01521389,-0.00300781,-0.01539337,-0.01297098,0.01938954,-0.00142483
"Np2_503142",-0.00775675,0.00015358,-0.00100666,-0.02076576,-0.03109235,-0.00039233,0.01123896,-0.01188981,0.00818403,-0.01162675,-0.01547394,-0.01260299,-0.0178172,-0.01271247,-0.01000271,-0.0061844,-0.01065506,-0.01331006,-0.00603843,-0.01419812,-0.01402478,-0.00839847,-0.00431556,-0.01091056,-0.02288397,1.00057085,-0.01588602,-0.02398948,0.006081,-0.00956023,-0.02702166,-0.00642163,-0.0158891,-0.01311089,0.0099206,-0.0068991,-0.00534959,-0.02334627,-0.00174721,-0.02245213,0.00653871,-0.02258288,-0.0085216,-0.00765486,-0.01957053,0.00288463,0.00571452,-0.00960279,-0.02724967,0.00385631,0.00452235,0.00426537,-0.00109182,-0.01397611,-0.01965718,0.00534957,-0.00441439,-0.00730511,0.00490707,-0.01629964,-0.03271487,-0.0287034,-0.00081506,-0.00770048,-0.00424104,-0.03235142,-0.01867638,-0.01316562,-0.01147163,-0.01376931,-0.0093914,-0.00581337,-0.0134135,-0.02133443,0.01506184,-0.01253153,-0.00753625,-0.01680298,-0.00332563,0.00187493,-0.00704965,-0.01236729,-0.01628139,-0.03110145,-0.00711655,-0.00199203,-0.01402631,-0.01658857,0.00882269,0.00083026,-0.02726792,-0.01612326,-0.01642281,0.0140324,-0.01392744,-0.00673944,-0.02688023,-0.02430576,-0.01080104,-0.00439615
"Np2_501406",-0.01892425,-0.01892118,-0.02388302,-0.01140473,-0.01610499,-0.01095158,0.00083178,-0.00937163,-0.01089076,-0.01123747,-0.00854593,-0.01723177,0.013897,0.00257898,-0.0052036,-0.02465089,-0.00190231,-0.0164182,-0.01644561,-0.00666188,-0.01758911,-0.01622059,0.00352482,0.00133967,0.00031476,-0.01588602,0.98568483,0.00012165,-0.02652738,-0.00856268,-0.01081778,-0.00937774,-0.00835284,-0.00542257,-0.00322374,-0.01867484,0.00644443,-0.02995186,-0.0092652,-0.02206283,-0.02074747,-0.03359827,-0.02136176,0.00657216,0.01837833,-0.00949938,0.00306254,-0.02244297,-0.00329064,-0.03407423,-0.01424831,0.00571909,-0.00632886,-0.00126972,-0.01987613,-0.01311694,-0.03033199,-0.01269421,-0.0023068,-0.02351348,-0.0054104,0.00331496,0.00550468,-0.03589903,-0.01388792,0.00666187,-0.00201636,0.00729597,-0.0136674,-0.00456037,-0.02466457,-0.00496789,-0.00618136,-0.00239347,-0.00538151,-0.03145423,-0.00410571,-0.00516102,-0.01145186,-0.00533893,-0.00574799,-0.01380274,-0.01163433,-0.00759858,-0.00231744,-0.00631669,-0.01196431,-0.01680752,-0.01846346,-0.0063836,-0.01486565,-0.01847109,-0.01284019,-0.00853987,0.00577382,-0.00498159,-0.01158873,0.00102186,-0.00280861,-0.01297856
"Np2_503064",-0.00178522,0.00749366,-0.03000967,-4.41e-05,-0.00702532,-0.00506523,-0.00924846,-0.01139256,-0.00317964,-0.01523522,-0.00813386,0.00279643,0.00807453,-0.01343172,-0.03170666,-0.00036495,-0.00437942,-0.015702,-0.01223196,-0.01309263,0.00730511,-0.00653265,-0.00701163,-0.01360664,-0.01463151,-0.02398948,0.00012165,0.99989255,-0.01881629,-0.0023722,-0.00569173,-0.02584467,0.01882239,0.00183236,-0.01740972,-0.01385294,-0.01047868,0.00117696,0.00224749,-0.01207078,-0.0133405,-3.65e-05,-0.02277444,-0.02084328,-0.00949331,-0.0215565,-0.03302049,-0.00484777,-0.02629624,-0.00188102,-0.00319181,-0.00664213,-0.02097102,-0.00709222,-0.02372183,-0.00373315,-0.01167236,-0.01973321,-0.02546451,0.006855,-0.00727927,-0.01193543,-0.00077401,-0.01100481,0.00553205,-0.02166595,-0.02471783,-0.00749823,-0.01386358,0.02854527,-0.01862618,-0.01626464,-0.00379246,-0.00699947,-0.00770656,-0.00458318,-0.02726342,-0.01949905,-0.01499341,-0.00751192,-0.01035399,-0.01627986,-0.02627649,-0.01615821,-0.03399062,-0.01198712,-0.00805478,-0.02703987,0.00095647,-0.00551533,-0.01095613,0.00292569,-0.02124777,-0.0167954,-0.00065691,-0.00761076,0.01148077,-0.02320026,0.0024695,-0.00177002
"Np2_504687",0.00836498,-0.02751884,-0.01529755,-0.03338394,-0.01086491,-0.01772448,-0.03042321,-0.00367537,-0.01720747,-0.021964,-0.02170547,-0.00256378,-0.02039921,-0.02685127,-0.01623424,0.021342,-0.01506183,-0.00342293,-0.00633951,0.01150356,-0.03105278,-0.00444178,-0.00355219,-0.0051291,-0.00432923,0.006081,-0.02652738,-0.01881629,0.99510189,-0.0028664,-0.02352115,-0.01660682,0.00935644,-0.01067484,-0.00969251,-0.01601983,-0.00336972,-0.02516797,-0.01816699,-0.01743101,-0.01261819,-0.00600496,-0.02068357,0.00755448,-0.02884334,0.01505274,-0.01922076,-0.01781115,0.00225357,-0.01530057,0.01045585,-0.00470332,0.00119217,0.00032085,0.00741307,-0.01243875,-0.02098622,-0.02463724,-0.00330129,-0.01477596,-0.01339981,0.00277666,-0.01373738,0.00340317,0.0068626,0.01479116,-0.02201871,-0.02259048,-0.00766701,-0.01787197,0.01859119,-0.00383351,-0.0197971,-0.01555299,-0.02416738,-0.00918309,-0.02517253,-0.01984119,-0.01290254,-0.01332833,-0.02392562,-0.02422514,-0.01627834,0.00235545,-0.01410839,0.01336936,-0.00505153,-0.01825822,0.01080254,-0.01650189,-0.00247863,-0.01216657,0.00638968,-0.0023874,-0.0301951,-0.0310665,0.01174688,-0.02034908,-0.01018975,0.02449886
"Np2_502944",-0.02339497,-0.02430428,-0.02455217,0.01027949,-0.02483348,-0.01663879,-0.00622395,-0.01551502,-0.02250845,-0.01266689,-0.01818678,0.00810193,0.00562481,-0.00417262,0.00385936,-0.01315498,-0.01078281,0.01043608,-0.00753474,-0.00626653,0.01032965,0.00455127,-0.00763663,-0.02259515,-0.00689304,-0.00956023,-0.00856268,-0.0023722,-0.0028664,1.02921139,-0.01909007,-0.01217573,-0.01069464,-0.00806849,-0.00632584,-0.00246495,-0.02129193,-0.02256167,-0.00491622,0.02455977,-0.02126454,0.01287215,-0.02598454,-0.01553784,0.00615249,-0.0130577,-0.01524587,-0.01459657,0.01124658,0.00205589,-0.00624981,-0.02551474,-0.03452143,-0.02566068,-0.02039321,-0.02579905,0.00747087,-0.01153857,-0.00449653,-0.00426234,-0.00851252,-0.02274866,0.05349588,-0.02394695,-0.01987926,-0.00510782,0.0120647,-0.02104862,-0.01251177,-0.03655451,-0.00206807,-0.00806999,-0.00609015,-0.03362727,-0.01198107,-0.02877801,-0.01617956,-0.02301328,-0.00482193,-0.00539978,-0.02724979,-0.02435597,-0.01397614,-0.01860798,-0.00694017,-0.02797051,-0.01369787,-0.01276269,0.001548,0.00648094,-0.00747543,-0.02491863,-0.01077217,-0.0338433,-0.02545993,0.05882424,-0.01727595,-0.01485356,-0.02993671,-0.00178675
"Np2_500896",-0.00664213,-0.02093302,0.00375749,-0.03120798,-0.00671208,-0.00459992,-0.00665428,-0.01320821,-0.00012926,-0.01583437,-0.01344695,-0.02015598,-0.0195918,-0.00627564,-0.01664332,-0.00506978,-0.01577504,-0.00535262,-0.01495998,-0.00426386,-0.01762412,-0.01032512,-0.00928346,-0.01663881,0.00210455,-0.02702166,-0.01081778,-0.00569173,-0.02352115,-0.01909007,1.01937761,-0.00834828,0.00256074,-0.00043946,-0.00341078,0.00470787,-0.02126607,-0.01067486,-0.00215323,-0.00749977,-0.02534439,-0.01751463,-0.00527811,-0.00334692,-0.00081658,0.01327514,-0.0041194,-0.0133542,-0.01123291,0.00633951,-0.01960553,0.01678476,-0.00073751,0.00994796,-0.00303214,-0.02759794,-0.02002674,-0.00649463,-0.02606367,-0.01518503,0.02025331,-0.03716879,-0.02676769,-0.0047611,-0.01057753,-0.01511813,-0.0265335,0.00239499,-0.00488275,-0.01295883,-0.01101393,0.00974723,-0.01153858,-0.00577385,0.00401143,-0.01004835,-0.01387275,-0.02420392,0.01558039,-0.01449772,-4.56e-06,-0.00988411,-0.02368233,-0.02953067,-0.02105618,-0.00726406,-0.01853804,0.00475046,-0.0035963,-0.01022018,-0.01611717,-0.02762991,-0.01226694,-0.01374503,-0.02345724,-0.02387243,-0.01755422,0.00281164,0.00141419,-0.01666309
"Np2_502981",-0.00520209,-0.02511931,-0.02110943,-0.02003586,-0.01971804,-0.02368842,0.00284509,-0.01633006,-0.00279493,-0.00542258,0.00122258,-0.01780354,-0.02271363,-0.01213463,0.25942267,-0.0279598,-0.02224227,-0.01607761,-0.01929834,-0.0143806,-0.01405519,-0.02698064,-0.02213736,-0.02006479,0.00536935,-0.00642163,-0.00937774,-0.02584467,-0.01660682,-0.01217573,-0.00834828,1.00765798,-0.03158204,0.00039232,0.0019829,-0.01620536,-0.02438791,-0.01851067,0.00993124,-0.02096193,-0.01234753,-0.02930407,-0.01372216,-0.00251513,-0.01047717,-0.00794227,-0.01895011,-0.0072002,-0.00249383,-0.00879533,-0.03033054,-0.00595328,-0.00020985,-0.00640337,-0.00174417,-0.00365256,-0.02466921,-0.02269389,-0.01717251,-0.0132888,-0.01100026,-0.00942183,-0.00738419,-0.01046803,-0.01871747,-0.01413427,0.00151758,-0.00452844,-0.01895313,-0.00513214,-0.02751732,-0.01283868,-0.0321477,-0.01847566,-0.00640947,-0.02381462,-0.01942762,-0.03462479,0.01762867,-0.01929225,-0.02730449,-0.0152869,0.00041513,-0.01957508,-0.00471396,-0.01722874,-0.02378877,-0.02346183,0.02080525,-0.00969251,-0.00844254,-0.00885465,-0.01660529,-0.01078435,0.00124843,-0.00236003,-0.01124813,0.01307135,-0.00915876,-0.0211535
"Np2_504908",-0.01254066,-0.00782365,0.02523035,-0.0234208,0.00289984,-0.00365561,-0.01969977,-0.01834642,-0.01363097,-0.02142878,0.00680939,0.00192512,-0.00739483,0.02964318,-0.01813202,0.00469418,-0.00570694,-0.00577688,-0.00717283,-0.01867792,-0.00998904,-0.00421065,-0.01411756,-0.02709925,-0.00166509,-0.0158891,-0.00835284,0.01882239,0.00935644,-0.01069464,0.00256074,-0.03158204,1.0163998,0.00521881,-0.01402328,-0.00742524,-0.02686047,0.01125421,-0.01687143,-0.0258675,-0.01664485,-0.01626619,-0.01421788,-0.00726863,-0.02906844,-0.02166752,-0.01169062,-0.02792034,-0.00998446,-0.02601799,-0.02155042,-0.02135122,5.474e-05,0.0013123,0.00049725,-0.00840606,-0.00326784,-0.01710711,-0.00018096,-0.00663756,-0.03947565,0.00772176,-0.01213769,-0.01476535,-0.02240654,-0.02603474,-0.01190351,-0.00137465,-0.01701586,-0.02265894,-0.02345117,0.00628172,-0.01074633,-0.00939142,8.971e-05,-0.00651896,-0.02250843,-0.0220431,-0.00035431,-0.00792706,-0.01000882,-0.01608676,0.00326479,-0.00805783,-0.00536175,-0.01863686,-0.03933877,-0.01817917,0.00981719,-0.02630695,0.0175207,0.00616008,-0.02181498,-0.00550166,-0.01186852,-0.01380431,-0.00991911,-0.01449162,-0.02166749,-0.0044661
"Np2_504680",-0.00489644,-0.01614606,-0.00894284,-0.0156245,-0.01120098,-0.0145631,-0.01722569,-0.01131046,-0.03563907,-0.03735435,-0.00014446,-0.01491283,0.00207413,-0.00787534,-0.00105989,-0.01123136,-0.01646235,-0.0274808,-0.02416283,-0.0180286,-0.00067212,-0.02256927,-0.00571301,-0.02021532,0.00719562,-0.01311089,-0.00542257,0.00183236,-0.01067484,-0.00806849,-0.00043946,0.00039232,0.00521881,1.00659643,0.00654632,-0.02532762,0.00572214,-0.02002978,-0.01074784,-0.02491405,0.00711807,-0.0036039,-0.00018704,0.00220035,-0.00697818,-0.01812899,-0.02183778,0.01515461,-0.01374497,-0.02065472,-0.00919222,-0.00534351,-0.0263632,-0.00655392,-0.02303148,0.00866607,0.01821411,-0.03364091,-0.00804719,-0.02575645,-0.01647301,-0.01246157,-0.02061215,-0.02004649,0.01108845,-0.02006321,-0.01931352,-0.01836467,-0.02488206,-0.01942454,-0.00044859,-0.00143243,-0.01389859,-0.01847414,-0.0029105,0.00583922,-0.01501626,-0.01455093,-0.00502721,-0.0177701,0.00827984,-0.02349678,0.00467442,-0.01911736,-0.02448062,-0.01889991,0.0020635,0.00710438,-0.00169854,-0.01166782,-0.02972983,-0.00459535,-0.01979709,-0.02522885,0.00109789,0.00220339,-0.00105837,0.00379701,0.01638936,-0.00929106
"Np2_504762",-0.02702772,-0.01957357,-0.00932909,-0.02498248,0.00681242,0.0154633,-0.01426655,-0.0285757,-0.01869011,-0.01797237,-0.02638144,-0.0238146,0.00579359,-0.00476413,-0.00737658,-0.00781604,-0.00407529,-0.01661438,-0.0021958,-0.00077553,0.00137464,-0.01291932,-0.0314938,-0.00113744,-0.01311089,0.0099206,-0.00322374,-0.01740972,-0.00969251,-0.00632584,-0.00341078,0.0019829,-0.01402328,0.00654632,1.00856136,0.00697969,0.02084635,0.00406617,-0.01904136,-0.02225903,-0.01349257,-0.02041294,-0.04178231,-0.01308808,-0.00280253,-0.0049816,-0.00686565,-0.02005409,-0.00683219,-0.02240953,-0.00167118,-0.01211641,-0.02446849,-0.01545569,0.00836346,-0.00327696,-0.01015174,-0.01395483,-0.01512422,-0.00987194,-0.03252177,-7.451e-05,-0.00807303,-0.0222575,-0.00921808,-0.01786438,-0.01924358,-0.02468137,-0.02055435,0.00832089,-0.013304,-0.02690906,0.01749639,-0.01749181,-0.01637416,-0.02876124,-0.02543867,-0.00429274,-0.0089109,-0.0142027,-0.02297524,-0.01141386,-0.00422736,-0.00566588,-0.02441067,0.00808519,-0.01520176,-0.0232383,0.00156473,0.00041513,-7.6e-06,-0.01121619,-0.00132752,-0.00387002,-0.01008482,-0.03209296,-0.01163286,0.00097776,0.03501101,5.474e-05
"Np2_504116",0.00055503,-0.03289575,-0.00592438,-0.00971683,-0.026278,-0.01686683,-0.01557579,0.00220034,-0.00707398,-0.01700065,-0.01750244,-0.01341499,0.00585289,-0.0325323,0.00287094,-0.01414335,-0.00127885,-0.01549062,0.00987648,-0.00208479,-0.01270789,-0.00708159,-0.01470752,0.01047868,0.0071728,-0.0068991,-0.01867484,-0.01385294,-0.01601983,-0.00246495,0.00470787,-0.01620536,-0.00742524,-0.02532762,0.00697969,0.98358606,-0.0242571,-0.0223335,0.01918578,-0.00532069,-0.01115229,-0.01031746,-0.00142635,-0.00405704,-0.01156288,-0.01100481,-0.00543777,-0.0111751,-0.00951,-0.01109754,-0.02381307,-0.01053645,-0.01300443,-0.02132681,-0.00708765,-0.01416617,-0.01693524,0.00176696,-0.01704171,0.00311272,-0.02303451,-0.02723444,-0.01440035,-0.00121346,-0.01265621,-0.01506791,0.0002798,-0.02644677,-0.00665731,-0.01777463,-0.00518534,-0.01483676,-0.02715085,-0.00405096,-0.00262917,0.01296336,-0.01990505,-0.00712263,-0.01006808,0.00091086,0.00567195,-0.00664059,-6.235e-05,-0.00712719,-0.00412699,-0.03215215,-0.00890785,-0.00523553,-0.00947655,0.00579664,-0.01256951,0.0025288,-0.01921162,-0.01034943,-0.0022703,-0.03401041,-0.02404271,-0.01143209,-0.00264134,-0.01509224
"Np2_503421",-0.01705542,-0.00108573,-0.0145631,-0.01166478,-0.0198625,0.00794834,-0.0065752,-0.01358532,-0.00567652,0.01115993,-0.00652503,-0.01171342,-0.01419051,-0.02033843,-0.03785306,-0.01472273,-0.01006962,0.01358225,0.00062954,-0.0172622,-0.04172306,0.02123111,-0.00449043,-0.01655972,-0.02868519,-0.00534959,0.00644443,-0.01047868,-0.00336972,-0.02129193,-0.02126607,-0.02438791,-0.02686047,0.00572214,0.02084635,-0.0242571,1.0066086,-0.01895926,-0.01439127,0.00428818,0.01290255,-0.01059271,-0.00580728,-0.00904624,-0.01746447,0.000885,-0.01498886,-0.01205861,-0.00339861,-0.01289343,-0.02241564,-0.01370091,-0.0036997,-0.01597575,-0.00492989,-0.01276874,0.01517894,-0.01858058,-0.01473189,-0.02240498,-0.0269593,-0.01762562,-0.01558799,-0.01046043,0.0153523,-0.01503905,-0.01672237,-0.00558528,-0.00586812,-0.01364006,-0.01580086,-0.02180278,0.01621602,-0.02789597,-0.0305799,-0.03703651,-0.0244381,-0.0134804,0.00030108,-0.00833611,-0.00965754,-0.0259237,-0.00870105,-0.01074782,0.00244061,0.00285117,-0.01070373,-0.01691551,-0.0179632,-0.0159195,0.02091321,-0.01949146,-0.00230376,-0.01138499,-0.01075693,-0.00265654,-0.00956783,-0.01687749,0.02308622,0.00211976
"Np2_504464",-0.02364736,-0.00661323,0.01457982,-0.0059396,-0.0047094,-0.0089839,-0.01483983,-0.00056112,-0.03218876,-0.02614881,-0.01418141,-0.00097017,-0.00466377,0.01899266,-0.00673336,-0.01431977,-8.668e-05,-0.02752793,-0.01660682,-0.00530244,-0.01638175,-0.0197272,-0.02431186,-0.01372374,-0.03938284,-0.02334627,-0.02995186,0.00117696,-0.02516797,-0.02256167,-0.01067486,-0.01851067,0.01125421,-0.02002978,0.00406617,-0.0223335,-0.01895926,1.00741465,-0.01277179,-0.03378086,-0.01725917,-0.02387541,-0.01848172,-0.01974388,-0.01858214,-0.03064533,-0.01793128,-0.02427689,-0.01242355,0.01336025,-0.02368537,-0.02880839,-0.01302877,-0.00249536,-0.02201417,-0.00902039,-0.01163739,0.20961282,-0.01828257,-0.03386293,-0.02108205,-0.01174839,-0.0062133,-0.02176632,-0.01070373,-0.01053038,-0.01449465,0.01519415,-0.02477714,-0.00563394,-0.01114013,-0.01227604,-0.00208479,-0.00772481,0.00297283,-0.00470028,-0.01202212,-0.02554662,-0.00309753,-0.00641251,-0.02202789,0.12122008,-0.02791422,-0.0085201,0.00831784,-0.02746258,-0.0101487,-0.00145829,-0.01056535,-0.00091847,-0.01213767,-0.02532309,-0.01908391,-0.01341504,-0.00548796,-0.03707606,-0.00597153,-0.02879163,-0.01254977,-0.02165531
"Np2_501649",-0.00174417,-0.00478238,-0.02282165,-0.01642588,0.00168333,-0.00882575,-0.01817912,0.01419508,-0.00055352,-0.00135641,0.00574494,0.01500253,-0.01743097,-0.00578752,0.00087588,-0.03043234,-0.01011676,-0.01277176,0.01077063,-0.01229125,-0.0191128,-0.02595572,-0.01928769,-0.02922813,-0.00592286,-0.00174721,-0.0092652,0.00224749,-0.01816699,-0.00491622,-0.00215323,0.00993124,-0.01687143,-0.01074784,-0.01904136,0.01918578,-0.01439127,-0.01277179,1.00316845,-0.01111735,-0.01573245,-0.02675853,-0.00448586,-0.0192816,-0.0071713,-0.00311578,-0.01473188,-0.02198986,-0.01606697,-0.02023959,-0.015772,-0.01526868,-0.00374684,-0.00933211,-0.02839473,-0.01676951,-7.451e-05,-0.0207566,-0.01812442,-0.02564544,-0.00967122,-0.01767276,-0.00970467,-0.02388912,-0.01191415,-0.01949601,0.00345487,-0.00456798,-0.01443077,-0.00349897,0.00027067,-0.02899687,-0.01105043,-0.01349711,-0.0122274,-0.0319135,-0.00897477,0.02783363,0.01196279,-0.02617462,0.00595784,-0.03524668,0.01345301,0.00076183,-0.01600615,-0.02380698,-0.00999055,-0.01665852,-0.00113135,0.00288919,-0.0141084,-0.01862622,-0.01968608,-0.01842705,0.01763168,-0.01502081,0.00650374,-0.00521577,-0.01406432,-0.01617495
"Np2_503333",-0.00496182,-0.03141776,-0.00946442,0.00194944,-0.01704476,-0.02861831,-0.00968793,-0.0201955,-0.0148718,0.01002401,-0.01343934,-0.00448586,-0.02718732,-0.02238672,-0.01222588,-0.00460599,-0.02489121,0.00666795,-0.03228757,-0.00866608,0.01538118,-0.00134577,-0.00805935,-0.02347405,-0.00229768,-0.02245213,-0.02206283,-0.01207078,-0.01743101,0.02455977,-0.00749977,-0.02096193,-0.0258675,-0.02491405,-0.02225903,-0.00532069,0.00428818,-0.03378086,-0.01111735,1.00753023,-0.01682123,0.03236965,-0.00679113,-0.01413579,-0.00202548,0.00309449,-0.03376409,-0.00391868,-0.00392627,0.00148109,-0.00545603,0.00295459,-0.00848513,-0.00555486,-0.03495778,-0.02165986,-0.00557311,-0.00435813,0.03476926,-0.0185228,-0.0165384,-0.02043422,-0.01048931,-0.00019161,-0.00479152,-0.01282957,-0.00386849,-0.00702532,-0.01810462,0.00362366,-0.01176663,-0.03297485,-0.02126301,-0.01245701,0.00021745,-0.0101928,0.00742372,-0.01689726,-0.01634526,-0.00171679,0.01749031,-0.01215744,-0.01500711,-0.02359259,0.00176089,-0.00786471,-0.01001488,-0.02109269,0.00964079,-0.01796779,-0.00592134,-0.00298805,-0.02822595,-0.00811107,-0.03713529,0.0095891,-0.01541771,0.00160274,-0.01195977,-0.01376627
"Np2_502231",-0.00896869,0.0019829,0.01329183,-0.008292,-0.0231805,-0.01620232,-0.01004528,-0.01173318,0.00210607,-0.01070982,-0.00132752,-0.01153397,-0.00701617,-0.01696566,-0.0200343,-0.01469535,-0.01475619,-0.00235698,0.0109972,-0.00765485,-0.02694556,-0.01189136,-0.02864107,-0.00315076,0.00783732,0.00653871,-0.02074747,-0.0133405,-0.01261819,-0.02126454,-0.02534439,-0.01234753,-0.01664485,0.00711807,-0.01349257,-0.01115229,0.01290255,-0.01725917,-0.01573245,-0.01682123,0.99480077,-0.00995708,-0.00730053,-0.02027152,-0.00998599,-0.01581458,-0.00842278,-0.01796169,-0.00276298,-0.00952066,-0.02101969,-0.01321734,-0.00640946,-0.01564423,-0.02071705,-0.01867181,-0.00684284,-0.0025866,-0.02154735,-0.01979252,-0.00701163,0.02938919,-0.00689302,0.00173199,-0.01655359,-0.01409929,-0.00635471,-0.00540584,0.02472389,-0.02653803,-0.00406465,0.00620415,-0.03013588,0.01349253,-0.01625858,-0.02301931,0.00919526,0.00464248,-0.01487784,-0.01591187,-0.01464825,-0.01053796,-0.00031021,-0.00783125,-0.01517131,-0.01567312,-0.00961191,-0.00913291,-0.0307091,-0.01574005,-0.00734312,-0.00608253,0.00928039,-0.01546332,-0.014227,-0.01464216,-0.02870042,-0.01380885,-0.00927585,-0.01488392
"Np2_500742",-0.00326783,-0.01938345,-0.02115197,-0.00578448,-0.02858023,-0.02145001,0.0081247,-0.02139069,-0.03994087,-0.01458893,0.00954346,-0.01510896,-0.00101122,-0.01491432,-0.01266076,0.00241019,0.006303,-0.00441134,0.00149173,-0.02126599,-0.01607456,-0.02763142,-0.00271585,-0.02071558,-0.01991569,-0.02258288,-0.03359827,-3.65e-05,-0.00600496,0.01287215,-0.01751463,-0.02930407,-0.01626619,-0.0036039,-0.02041294,-0.01031746,-0.01059271,-0.02387541,-0.02675853,0.03236965,-0.00995708,0.98339139,-0.0052492,-0.01000879,0.00924846,-7.755e-05,-0.00667557,-0.00435357,-0.00329672,-0.00458013,-0.02276991,-0.02485167,-0.02230155,-0.01572178,-0.01623271,-0.01555603,-0.00327088,0.00341837,-0.0351585,0.00582857,-0.03141925,-0.01645928,-0.01807115,-0.00929409,-0.01237337,0.02247032,-0.00065387,-0.02768457,-0.02142868,0.0054697,0.00619807,0.00627867,-0.00983696,0.07925814,0.00115111,-0.00454516,-0.02038254,-0.01018517,-0.01449919,-0.00412851,-0.01092421,-0.00833457,-0.00190839,-0.00152215,-0.0122076,-0.02745949,-0.02717669,-0.01620536,-0.00767309,-0.01688203,-0.02460375,0.00843796,-0.01832053,-0.01919037,-0.0355933,0.02603318,0.00406769,-0.03122155,-0.01604416,0.00876033
"Np2_504160",0.01809242,-0.00258506,-0.0160624,-0.0163574,-0.00402663,0.00082266,-0.02054364,0.00635622,-0.01858055,-0.0175587,-0.00239803,-0.01397304,-0.01842693,-0.01149745,-0.0153264,-0.01166015,-0.01278543,-0.0090538,-0.01318688,-0.03016618,-0.01083294,0.00194032,-0.02621409,-0.02915962,-0.01619468,-0.0085216,-0.02136176,-0.02277444,-0.02068357,-0.02598454,-0.00527811,-0.01372216,-0.01421788,-0.00018704,-0.04178231,-0.00142635,-0.00580728,-0.01848172,-0.00448586,-0.00679113,-0.00730053,-0.0052492,0.96574048,-0.02407913,0.04201342,-0.02220727,-0.01542372,0.00727468,-0.00945981,-0.0189546,-0.03410312,-0.0246281,-0.01538723,-0.01169665,0.00619199,-0.02628098,-0.0235758,-0.00411329,-0.02565908,-0.01736555,-0.01066721,-0.02748835,-0.00978827,0.06878557,-0.02766023,-0.01258471,-0.00772934,-0.00602016,0.01346513,0.00736591,-0.00680784,-0.01493861,-0.00824485,-0.0201194,0.05094707,0.02898011,-0.01605328,-0.02836122,-0.01290708,-0.01606998,-0.00598671,-0.0224049,-0.0027493,-0.01620075,-0.00498918,-0.02906067,0.01364763,0.00621936,-0.01337999,-0.02380543,-0.00309144,-0.00836954,-0.01171034,0.00931689,-0.02183617,0.00177457,0.00581184,-0.00970921,-0.01642885,-0.01200079
"Np2_501923",-0.02027305,-0.00871321,-0.02066994,-0.00667101,-0.01927855,-0.01032357,-0.01906868,-0.03079274,-0.02835825,-0.01958117,-0.01476075,-0.03409099,0.00068732,-0.02446843,-0.00700858,-0.03162601,-0.01359139,0.01066871,-0.02737439,-0.00633799,-0.00190687,-0.01331163,0.00369665,-0.00502722,-0.03159869,-0.00765486,0.00657216,-0.02084328,0.00755448,-0.01553784,-0.00334692,-0.00251513,-0.00726863,0.00220035,-0.01308808,-0.00405704,-0.00904624,-0.01974388,-0.0192816,-0.01413579,-0.02027152,-0.01000879,-0.02407913,0.99241608,-0.01688053,-0.02377356,0.00551532,-0.03626095,-0.00022962,-0.02052088,-0.02107139,-0.01737474,-0.01208749,0.02338422,-0.01803162,-0.01157655,0.00222924,0.00101121,-0.02083873,-0.01011218,0.0084471,-0.00791792,-0.02230307,-0.00394604,-0.02405638,0.01276416,0.02902423,0.00473068,-0.00756513,-0.02233197,-0.02175563,-0.01224714,-0.01224413,0.0135929,-0.00870713,-0.00330281,-0.02005257,0.00215777,-0.01812286,0.01049538,-0.01257106,-0.00435509,0.00465617,0.00230527,0.01473336,-0.01481244,-0.03004005,-0.03366676,-0.02924016,-0.01001336,-0.00891545,-0.0070466,0.0370562,-0.02494295,0.00351264,-0.00967578,-0.00761533,-0.00777803,-0.01632244,0.01061095
"Np2_503125",-0.00861894,-0.02473458,-0.01677106,-0.00018704,-0.00230224,-0.00703292,-0.01745075,0.00686412,-0.0132067,-0.00716675,-0.02682849,-0.0158982,-0.00697056,-0.00703596,-0.018316,-0.01130436,-0.00011253,-0.00428817,-0.00887745,-0.00061434,-0.02142568,0.00138378,-0.03483007,-0.01603054,-0.02648332,-0.01957053,0.01837833,-0.00949331,-0.02884334,0.00615249,-0.00081658,-0.01047717,-0.02906844,-0.00697818,-0.00280253,-0.01156288,-0.01746447,-0.01858214,-0.0071713,-0.00202548,-0.00998599,0.00924846,0.04201342,-0.01688053,1.00569001,-0.0131839,-0.00792097,-0.02840844,-0.01640303,-0.03015561,-0.00835284,-0.01773362,-0.00834067,-0.00465009,-0.00789815,-0.00083483,-0.02641336,0.00171678,-0.02256619,0.0032146,0.00960887,0.01438059,-0.01825213,-0.00947506,-0.0218302,-0.01739906,-0.01132718,-0.01022625,-0.01856841,0.00407225,-0.00219427,-0.01625552,-0.01260301,0.00152519,0.0548005,-0.02555878,-0.01965114,-0.01720899,-0.00555638,-0.02255704,-0.02479088,-0.02934816,-0.01106107,-0.00170311,-0.02318504,-0.00270216,-0.02051484,-0.00437334,-0.01378451,-0.02420998,-0.01398828,0.00034974,0.00217906,-0.03472977,-0.01129219,-0.01003466,-0.01831452,0.00265958,-0.0077096,-0.0087558
"Np2_504002",-0.00806087,-0.01687749,0.00020985,0.00249992,-0.03230889,-0.01286152,0.00713327,-0.00808824,-0.00595785,-0.01512423,-0.0090873,-0.00043794,-0.02055435,-0.0105836,-0.0306833,-0.01454787,-0.00791793,-0.01376625,0.00050029,-0.00051245,-0.00687782,-0.00049117,-0.00218667,0.01311548,-0.01345608,0.00288463,-0.00949938,-0.0215565,0.01505274,-0.0130577,0.01327514,-0.00794227,-0.02166752,-0.01812899,-0.0049816,-0.01100481,0.000885,-0.03064533,-0.00311578,0.00309449,-0.01581458,-7.755e-05,-0.02220727,-0.02377356,-0.0131839,1.01410636,-0.0222651,-0.00063107,-0.01462846,-0.01621601,-0.0018643,0.00593807,-0.00458928,-0.0252288,-0.00551533,-0.01745989,-0.01004073,-0.01551652,-0.01699004,-0.0144749,-0.01598794,-0.03022406,-0.02636167,-0.00085764,-0.01184422,-0.00330738,-0.01228974,-0.02852402,0.00829656,-0.00282078,-0.00817491,-0.00809431,-0.00915573,-0.01509987,0.00244062,-0.01025059,0.00234785,-0.00752714,-0.00971227,-0.01105043,0.00739636,-0.00978222,-0.01430458,-0.01817611,-0.01335114,0.00774001,-0.00079681,-0.01430763,-0.00060522,-0.0291262,-0.02240193,-0.00304583,-0.014446,-0.01364314,-0.02107441,-0.0106931,-0.01076153,-0.015182,-0.02281405,-0.03465672
"Np2_502912",-0.02439092,-0.01283107,-0.01323102,-0.02021679,-0.01548914,-0.0273668,-0.01573546,-0.02168114,-0.00890634,-0.00362671,-0.01142753,-0.0052112,-0.00996923,-0.00897019,-0.0182734,-0.01916903,0.00357956,-0.01169666,-0.02160816,-0.00543777,-0.00267935,0.04263552,-0.00604755,0.03297646,-0.00697665,0.00571452,0.00306254,-0.03302049,-0.01922076,-0.01524587,-0.0041194,-0.01895011,-0.01169062,-0.02183778,-0.00686565,-0.00543777,-0.01498886,-0.01793128,-0.01473188,-0.03376409,-0.00842278,-0.00667557,-0.01542372,0.00551532,-0.00792097,-0.0222651,0.99223966,-0.00844559,-0.01575218,-0.00334995,-0.00724581,0.01469842,-0.00540888,0.00360388,-0.01652315,-0.02238518,-0.02530632,-0.01542374,-0.0092941,0.01587841,-0.01026882,-0.00032694,-0.01349559,-0.01688356,-0.02452473,-0.01446727,-0.01310934,-0.00972747,-0.02597689,-0.02295238,-0.00443263,0.00568411,-0.0105836,-0.01561534,-0.02240496,0.00413611,-0.01823998,0.00533892,-0.02178453,0.00607339,-0.01988226,-0.02535192,0.00373162,-0.01762714,-0.01036917,-0.03383246,-0.00237675,-0.00265807,-0.0134378,0.00822204,-0.02094058,-0.01876763,0.00404639,0.00089565,-0.01976511,-0.0016286,-0.03058904,-0.00976701,0.02882808,-0.00247863
"Np2_502329",-0.03012827,-0.00579513,0.05478227,-0.00390499,-0.02198681,-0.01592102,-0.01158871,-0.01692614,-0.03091444,-0.00510628,0.00503633,-0.00121651,-0.01966019,-0.001326,-0.01610347,-0.01912798,-0.02846467,-0.00405248,0.00686868,-0.00022658,0.01606545,-0.00872084,-0.02273343,-0.02689546,-0.00663147,-0.00960279,-0.02244297,-0.00484777,-0.01781115,-0.01459657,-0.0133542,-0.0072002,-0.02792034,0.01515461,-0.02005409,-0.0111751,-0.01205861,-0.02427689,-0.02198986,-0.00391868,-0.01796169,-0.00435357,0.00727468,-0.03626095,-0.02840844,-0.00063107,-0.00844559,0.998101,-0.00947656,0.00170918,-0.00157842,-0.01643347,-0.01996588,0.01307285,-0.02286876,-0.01686987,-0.00853834,-0.03651944,-0.00012926,-0.02103184,-0.01828711,-0.00241476,-0.01193391,-0.01045586,-0.01140626,-0.01275353,0.01247828,-0.00436421,-0.00677592,-0.01971802,0.00929408,0.00344422,0.00481583,-0.00340925,-0.01856233,-0.00844407,-0.01363703,-0.00830569,-0.03223583,-0.01015629,0.00570541,-0.0050865,-0.00291809,-0.00678961,-0.02173284,-0.02284289,-0.00659346,-0.00337732,0.00378636,-0.0086159,-0.00599736,-0.00793009,-0.00792553,0.00215322,-0.01820345,-0.02774241,-0.01458135,-0.00166661,-0.01340436,-0.01931656
"Np2_504634",-0.00991146,-0.02040075,-0.02414607,-0.01927094,-0.00952522,-0.01851367,-0.01707055,-5.475e-05,-0.01754046,-0.00268088,-0.01808483,0.00120889,-0.00309296,-0.02505537,-0.0101806,-0.02339331,-0.02269384,0.01738074,-0.00697664,-0.01163888,-0.01176965,-0.01785222,-0.01118423,-0.01519415,0.00506977,-0.02724967,-0.00329064,-0.02629624,0.00225357,0.01124658,-0.01123291,-0.00249383,-0.00998446,-0.01374497,-0.00683219,-0.00951,-0.00339861,-0.01242355,-0.01606697,-0.00392627,-0.00276298,-0.00329672,-0.00945981,-0.00022962,-0.01640303,-0.01462846,-0.01575218,-0.00947656,0.97588146,-0.02734239,-0.02211451,-0.01659311,-0.00035735,0.00302908,-0.00858242,-0.00760162,0.00635622,-0.01980009,-0.00363431,-0.01830227,0.00025698,-0.00333474,0.06287339,-0.02719036,-0.01491129,-0.01336936,-0.02326408,-0.01608065,-0.00252576,-0.00010949,-0.00987343,0.00191598,-0.02393167,-0.00326479,-0.02039466,-0.01651099,-0.03021948,-0.01485199,-0.01156285,-0.01092419,-0.0312535,-0.00798329,-0.02269384,-0.01287971,-0.02645434,-0.00916482,-0.01025056,0.00315378,-0.03119566,0.00110854,-0.00600495,0.00574797,-0.0263327,0.0067075,0.00657518,-0.00326783,-0.00470483,0.00288767,0.01107017,-0.01719526
"Np2_500696",-0.00769743,-0.00115568,0.00285421,-0.02116261,-0.02297366,-0.01614757,-0.00253945,-0.00301085,0.00200875,0.00485537,0.01043606,-0.02075505,-0.00756968,-0.02040834,-0.01404909,-0.0292386,-0.01302874,0.00849421,-0.02027302,-0.00714392,-0.00499374,-0.0043855,-0.00577688,0.00298652,-0.02343289,0.00385631,-0.03407423,-0.00188102,-0.01530057,0.00205589,0.00633951,-0.00879533,-0.02601799,-0.02065472,-0.02240953,-0.01109754,-0.01289343,0.01336025,-0.02023959,0.00148109,-0.00952066,-0.00458013,-0.0189546,-0.02052088,-0.03015561,-0.01621601,-0.00334995,0.00170918,-0.02734239,0.98137475,-0.00682307,-0.03262664,-0.00787534,-0.0224323,0.00108268,0.00525681,-0.00572365,-0.01104736,0.00861588,-0.03038215,-0.0130394,-0.02484249,-0.01185634,-0.02543253,0.00433379,0.00283444,0.00343206,-0.01234598,-0.01627832,-0.01310173,-0.0040099,-0.02780314,-0.03084142,-0.00758945,-0.01361875,0.00866454,-0.01401565,-0.0173519,-0.02364273,-0.02148345,-0.00881509,-0.00227182,0.00324197,-0.00899299,-0.02211145,-0.01561836,-0.0106216,0.00901733,-0.01149442,0.01214222,-0.00880899,-0.01560774,-0.01727585,-0.01723333,0.00057783,0.01111124,-0.00112223,-0.0079757,-0.00830871,0.0020498
"Np2_503025",0.02414154,-0.02162641,-0.02582794,-0.00194489,-0.00314771,-0.01137586,-0.00886831,-0.01101241,0.00130622,-0.01820045,-0.00303975,-0.01476684,-0.00568716,-0.01335569,-0.02934969,0.13459082,-0.01266685,-0.0081749,-0.01078736,-0.02092388,-0.00736898,-0.0181655,-0.01758002,-0.02767251,-0.02139833,0.00452235,-0.01424831,-0.00319181,0.01045585,-0.00624981,-0.01960553,-0.03033054,-0.02155042,-0.00919222,-0.00167118,-0.02381307,-0.02241564,-0.02368537,-0.015772,-0.00545603,-0.02101969,-0.02276991,-0.03410312,-0.02107139,-0.00835284,-0.0018643,-0.00724581,-0.00157842,-0.02211451,-0.00682307,1.00369466,-0.02116417,-0.00690519,-0.03347514,-0.00646268,-0.01734279,-0.022849,-0.01783243,0.01186701,-0.00477782,0.00450563,-0.01368415,0.01952641,-0.03465064,-0.01127093,-0.01885279,-0.02661863,-0.00879077,-0.019718,-0.0022475,-0.00851401,-0.01071435,-0.00614944,-0.00935643,-0.00839085,-0.02366711,-0.00544235,-0.00117545,-0.0337732,-0.00880446,-0.02274715,-0.03870916,-0.00704052,-0.0209482,-0.04151775,0.16919588,-0.01010764,-0.00673944,-0.01234904,-0.007112,-0.02623846,-0.01007571,-0.01235209,0.01019585,-0.02475887,-0.01361727,-0.02767553,-0.02951089,-0.01539791,-0.01340284
"Np2_504981",-0.00835284,-0.00713328,0.01770928,-0.01801646,-0.00279644,-0.01026428,0.00684131,0.00241628,-0.02404121,-0.01876158,4.866e-05,0.00185517,-0.0089854,-0.00798635,-0.00679722,-0.03719307,-0.02098319,-0.02439848,0.00127277,-0.0029333,-0.00656152,0.00332258,-0.01677257,-0.00055808,-0.00158298,0.00426537,0.00571909,-0.00664213,-0.00470332,-0.02551474,0.01678476,-0.00595328,-0.02135122,-0.00534351,-0.01211641,-0.01053645,-0.01370091,-0.02880839,-0.01526868,0.00295459,-0.01321734,-0.02485167,-0.0246281,-0.01737474,-0.01773362,0.00593807,0.01469842,-0.01643347,-0.01659311,-0.03262664,-0.02116417,1.00850357,-0.00472917,-0.01654903,-0.02177392,0.01722265,-0.02234569,-0.02782147,-0.02397278,-0.01750399,-0.00685197,-0.00131991,-0.0321279,-0.02335083,-0.00468507,-0.01105043,-0.01471058,-0.00631062,-0.01602135,-0.02333714,-0.01667827,-0.0152291,-0.01963593,0.00787382,-0.00925609,-0.00491621,-0.00767616,-0.0135975,0.0009443,0.00416804,0.01136217,-0.01570052,-0.01201147,-0.01375411,-0.01440341,-0.00532525,-0.00869194,-0.00897325,-0.00104924,-0.0155804,0.00771872,-0.01443841,-0.02021223,-0.00085765,-0.00874514,-0.01934853,-0.00983698,-0.00270065,-0.01808791,-0.01776553
"Np2_502540",0.01411754,-0.00701619,-0.01486722,-0.00831938,0.00340317,-0.00452084,-0.01448247,-0.0033971,-0.01875395,-0.00784799,-0.00302758,-0.0133861,-0.01008481,-0.01334352,0.02190771,-0.01122528,0.05029937,-0.02047981,-0.0004349,-0.00920285,-0.00385936,-0.00963778,-0.02775607,-0.01397463,-0.01560775,-0.00109182,-0.00632886,-0.02097102,0.00119217,-0.03452143,-0.00073751,-0.00020985,5.474e-05,-0.0263632,-0.02446849,-0.01300443,-0.0036997,-0.01302877,-0.00374684,-0.00848513,-0.00640946,-0.02230155,-0.01538723,-0.01208749,-0.00834067,-0.00458928,-0.00540888,-0.01996588,-0.00035735,-0.00787534,-0.00690519,-0.00472917,0.99763562,-0.01932112,-0.02652282,-0.00546971,-0.00656608,-0.0242069,0.01978645,-0.01738688,-0.01175296,-0.02157925,-0.01954162,-0.02353785,-0.03863013,-0.00545907,-0.01261666,-0.00680179,-0.012863,-0.01561688,-0.01078278,-0.02073832,-0.01769407,0.00905534,-0.0156777,0.00645355,-0.0264149,-0.03431304,0.00258202,-0.03525125,-0.02121434,-0.01375866,-0.0105258,0.00126516,-0.01960852,-0.00110246,-0.01967544,-0.00687934,-0.00564609,-0.00664364,0.00388217,0.01457068,-0.0292189,0.00640643,-0.01410231,-0.03306918,-0.02036432,0.00471547,0.0037742,-0.01430305
"Np2_503162",-0.00789055,-0.01655508,-0.02227724,-0.01694591,-0.03046581,-0.0093458,-0.02478166,-0.01628137,-0.01430305,-0.02483798,-0.00055352,-0.00984759,-0.01323705,-0.01360657,-0.01971648,-0.02547809,-0.01550281,-0.00401598,-0.01240682,-0.0045999,-0.00168942,-0.00761989,0.01410231,-0.02336148,-0.01115686,-0.01397611,-0.00126972,-0.00709222,0.00032085,-0.02566068,0.00994796,-0.00640337,0.0013123,-0.00655392,-0.01545569,-0.02132681,-0.01597575,-0.00249536,-0.00933211,-0.00555486,-0.01564423,-0.01572178,-0.01169665,0.02338422,-0.00465009,-0.0252288,0.00360388,0.01307285,0.00302908,-0.0224323,-0.03347514,-0.01654903,-0.01932112,0.98357389,-0.01097133,-0.00770959,-0.00880597,-0.0120008,-0.01697176,-0.01886643,-0.01749029,-0.00146589,-0.01737166,-0.00251208,-0.00559136,-0.00024787,-0.00618896,-0.02470413,-0.00749973,-0.00827678,0.01860639,-0.020089,-0.00214257,-0.00474132,0.00489186,-0.01707515,-0.00919069,-0.01921772,0.01554842,-0.00890328,-0.01326598,-0.00459382,-0.00729142,-0.00340773,-0.00040754,-0.02295844,-0.01051059,-0.01717856,-0.00225965,0.0107326,-0.00398405,-0.01108691,-0.01442772,-0.00237219,-0.01968755,-0.02238368,0.00735225,-0.01501165,-0.01960242,-0.01471817
"Np2_502264",-0.01265925,-0.02406091,-0.00971075,-0.02019398,-0.01120856,-0.01213768,-0.01556058,0.02487292,-0.01253304,-0.01181531,-0.00638665,-0.00762139,-0.01891811,-0.01563814,-0.01672996,0.00944156,-0.00871473,-0.0122821,-0.00546666,-0.00632734,-0.01147619,-0.02014382,-0.00283141,0.02798116,0.01098958,-0.01965718,-0.01987613,-0.02372183,0.00741307,-0.02039321,-0.00303214,-0.00174417,0.00049725,-0.02303148,0.00836346,-0.00708765,-0.00492989,-0.02201417,-0.02839473,-0.03495778,-0.02071705,-0.01623271,0.00619199,-0.01803162,-0.00789815,-0.00551533,-0.01652315,-0.02286876,-0.00858242,0.00108268,-0.00646268,-0.02177392,-0.02652282,-0.01097133,0.986354,-0.00639576,-0.00718802,-0.03623354,-0.02447759,-0.01162217,-0.02758119,-0.02554655,0.03640385,-0.01290711,0.01351383,-0.00045467,-0.01749634,-0.03312235,0.00841211,-0.00620265,-0.00684283,0.00418628,-0.02424646,0.02257523,-0.00900061,-0.01241594,0.00915419,-0.01197344,-0.00473068,-0.01625705,0.00218971,-0.00632126,-0.02255244,-0.00848055,-0.01338761,-0.00704659,-0.00083331,-0.01419204,-0.01402323,-0.005897,-0.02730439,-0.00825246,0.0052857,-0.01748119,-0.02126292,-0.01133782,0.00227943,-0.01521846,-0.01098959,-0.0205513
"Np2_503725",-0.00179435,0.0018582,-0.0158769,-0.00628781,0.01379819,-0.03077299,-0.00165445,-0.00197378,0.00578295,-0.00459991,-0.02639051,-0.01363548,-0.01520018,0.00206957,0.00021745,-0.02926598,-0.01746594,-0.01358223,0.00691886,-0.01218936,-0.00228399,-0.00699795,-0.01888165,-0.00449195,0.00132599,0.00534957,-0.01311694,-0.00373315,-0.01243875,-0.02579905,-0.02759794,-0.00365256,-0.00840606,0.00866607,-0.00327696,-0.01416617,-0.01276874,-0.00902039,-0.01676951,-0.02165986,-0.01867181,-0.01555603,-0.02628098,-0.01157655,-0.00083483,-0.01745989,-0.02238518,-0.01686987,-0.00760162,0.00525681,-0.01734279,0.01722265,-0.00546971,-0.00770959,-0.00639576,0.98436169,-0.01928462,-0.0124433,-0.01057143,-0.02782446,-0.03024989,0.01238551,-0.00701771,-0.00934123,-0.02458555,-0.01772141,-0.01453872,-0.02012856,-0.01645775,-0.0099358,-0.01574609,-0.00851855,-0.01383774,0.00911008,-0.00984456,0.01471969,0.00101121,-0.00597456,-0.01652315,-0.00417565,-0.02480909,-0.01765753,-0.00545298,-0.01525494,-0.00875729,-0.01001942,-0.0121696,-0.0256804,-0.00832848,-0.00810952,0.00256834,0.00200418,-0.01836767,-0.00889722,-0.00963773,-0.01096527,-0.01361878,0.01009241,-0.00286183,-0.02550095
"Np2_503124",-0.01140625,-0.01702953,-0.02716152,-0.01225021,-0.02637837,0.00036798,-0.00381526,-0.02800848,-0.02222859,-0.00219884,-0.0028527,-0.00332714,-0.03423996,-0.01012739,-0.01684553,-0.00542408,0.00227029,-0.01619924,-0.01333744,-0.01237336,-0.00763812,-0.01372068,-0.00249079,-0.01288737,0.00022961,-0.00441439,-0.03033199,-0.01167236,-0.02098622,0.00747087,-0.02002674,-0.02466921,-0.00326784,0.01821411,-0.01015174,-0.01693524,0.01517894,-0.01163739,-7.451e-05,-0.00557311,-0.00684284,-0.00327088,-0.0235758,0.00222924,-0.02641336,-0.01004073,-0.02530632,-0.00853834,0.00635622,-0.00572365,-0.022849,-0.02234569,-0.00656608,-0.00880597,-0.00718802,-0.01928462,0.99266246,-0.02479233,-0.03250045,-0.00200571,-0.00579969,0.02102116,-0.02073531,-0.00830873,-0.0072823,0.00900972,0.00428513,-0.02228939,0.00419085,-0.00677441,0.03942076,-0.00505305,-0.01797539,-0.0116024,-0.02401835,-0.00036647,-0.01316259,-0.01224108,-0.01138495,-0.02032626,-0.01891058,-0.01632091,-0.01339218,-0.02973286,0.00185516,-0.00685804,-0.01980468,-0.01628443,-0.00683979,-0.002211,-0.010541,-0.0085201,-0.01551042,-0.00299869,-0.01255886,-0.00947658,0.00109941,-0.00119218,-0.00699947,-0.0086539
"Np2_501650",-0.02266043,0.00273713,-0.02746715,0.00675616,0.00844253,-0.01772903,-0.00944309,-0.01249957,0.04026781,-0.00919525,-0.02064558,-0.02112,0.14078262,-0.00830415,-0.01639086,-0.01439729,-0.00335755,-0.02045851,-0.03538809,-0.01055013,-0.02147735,-0.01691552,0.00298195,-0.02140443,-0.01528232,-0.00730511,-0.01269421,-0.01973321,-0.02463724,-0.01153857,-0.00649463,-0.02269389,-0.01710711,-0.03364091,-0.01395483,0.00176696,-0.01858058,0.20961282,-0.0207566,-0.00435813,-0.0025866,0.00341837,-0.00411329,0.00101121,0.00171678,-0.01551652,-0.01542374,-0.03651944,-0.01980009,-0.01104736,-0.01783243,-0.02782147,-0.0242069,-0.0120008,-0.03623354,-0.0124433,-0.02479233,0.98551145,-0.02702768,-0.01584496,-0.02632972,-0.01091355,-0.02012856,-0.01789021,-0.03100565,0.00383806,-0.02065469,-0.00860525,-0.01801183,-0.03034568,-0.02642394,-0.00976851,-0.02846924,-0.01373279,0.01597269,0.0025212,-0.02669771,-0.03398759,-0.01427567,-0.00375291,-0.00826767,-0.01008785,-0.02008446,-0.02851786,0.02070942,-0.00959669,-0.0185897,-0.00123171,0.02022586,-0.00570997,-0.02590085,-0.01277937,-0.02144238,-0.03006746,0.01511502,-0.02848597,-0.00985066,-0.01305461,-0.02600884,-0.01732301
"Np2_500872",-0.03356188,-0.0072519,-0.00917246,0.01912044,0.03418836,-0.00430036,-0.02201719,-0.00500136,-0.01944586,-0.00990845,-0.00417566,-0.01088467,-0.00393387,-0.01312304,-0.02120976,0.00176849,0.01797841,-0.01782633,-0.01587691,-0.01704171,0.05308065,-0.03481191,-0.00411788,-0.00858399,-0.00945681,0.00490707,-0.0023068,-0.02546451,-0.00330129,-0.00449653,-0.02606367,-0.01717251,-0.00018096,-0.00804719,-0.01512422,-0.01704171,-0.01473189,-0.01828257,-0.01812442,0.03476926,-0.02154735,-0.0351585,-0.02565908,-0.02083873,-0.02256619,-0.01699004,-0.0092941,-0.00012926,-0.00363431,0.00861588,0.01186701,-0.02397278,0.01978645,-0.01697176,-0.02447759,-0.01057143,-0.03250045,-0.02702768,1.00735381,-0.02157624,-0.01822327,-0.01436387,-0.01871289,-0.01890754,-0.0216827,-0.03291406,-0.02212821,-0.00460448,-0.00762444,-0.00459991,-0.00219883,0.00259571,-0.02127517,-0.0127733,-0.00998295,-1.673e-05,0.00847601,-0.00094279,-0.01331616,-0.02864413,-0.02449132,0.00334082,-0.0280967,-0.03196822,-0.00661474,-0.00270672,-0.02036735,-0.01502233,-0.00496942,-0.00992061,-0.02250837,-0.01881478,-0.01135912,0.04890056,0.00071621,-0.00426082,-0.03048415,-0.00844559,-0.01592557,0.00036342
"Np2_503258",-0.00778107,-0.01690179,0.00033758,0.00186733,-0.022297,-0.00208935,-0.00475197,-0.0144992,0.00587875,-0.00480824,-0.00531004,-0.02038251,-0.00780538,-0.00802283,-0.01291623,-0.02187118,-0.01463301,0.0038487,-0.01670715,0.00706635,-0.01511353,-0.02317293,0.00463183,-0.01656121,-0.0035963,-0.01629964,-0.02351348,0.006855,-0.01477596,-0.00426234,-0.01518503,-0.0132888,-0.00663756,-0.02575645,-0.00987194,0.00311272,-0.02240498,-0.03386293,-0.02564544,-0.0185228,-0.01979252,0.00582857,-0.01736555,-0.01011218,0.0032146,-0.0144749,0.01587841,-0.02103184,-0.01830227,-0.03038215,-0.00477782,-0.01750399,-0.01738688,-0.01886643,-0.01162217,-0.02782446,-0.00200571,-0.01584496,-0.02157624,0.98835543,-0.00232657,-0.01823537,-0.00661778,0.00778562,-0.00031173,-0.01306373,-0.01231405,-0.01471057,-0.01058358,0.00141266,1.216e-05,-0.01100782,0.00055199,-0.00250296,-0.00290592,0.0107098,-0.01257866,-0.00739939,-0.01566704,-0.01107475,-0.01756633,-0.03048708,-0.01235207,0.00080745,-0.01094244,-0.01402932,-0.02834454,0.00619656,-0.0102095,-0.00132295,0.00312032,-0.00276603,0.02248097,-0.0010462,0.00612052,0.01634982,-0.02340708,-0.02265738,-0.02587959,-0.02799022
"Np2_504261",-0.00214713,-0.00807455,-0.02535351,-0.01698091,-0.01757546,0.00506522,-0.01189132,0.00208326,0.01424984,-0.00936254,-0.00378181,-0.01946254,-0.01889837,-0.00907968,-0.0077385,-0.01334808,-0.01797081,0.00750582,-0.0112253,0.00296827,-0.00826311,-0.01586631,-0.01664939,0.00062954,0.00142939,-0.03271487,-0.0054104,-0.00727927,-0.01339981,-0.00851252,0.02025331,-0.01100026,-0.03947565,-0.01647301,-0.03252177,-0.02303451,-0.0269593,-0.02108205,-0.00967122,-0.0165384,-0.00701163,-0.03141925,-0.01066721,0.0084471,0.00960887,-0.01598794,-0.01026882,-0.01828711,0.00025698,-0.0130394,0.00450563,-0.00685197,-0.01175296,-0.01749029,-0.02758119,-0.03024989,-0.00579969,-0.02632972,-0.01822327,-0.00232657,1.00342699,0.03651487,-0.01071589,-0.00862959,-0.00121651,-0.0062133,-0.00683219,0.00308839,-0.02547814,-0.00451019,-0.00408594,-0.00674247,-0.02331433,-0.01678928,-0.02068971,-0.01163588,-0.00785711,-0.00876036,0.00882269,-0.00559288,-0.00539368,-0.0087345,-0.01553781,-0.00481128,-0.01549673,-0.00231288,-0.0084167,-0.01584499,-0.00229463,0.01039351,-0.01040567,-0.00777652,-0.01796017,-0.00696907,-0.00740546,0.0016073,-0.0209665,-0.02751582,-0.01598792,-0.01292841
"Np2_500252",-0.00041666,-0.01866115,0.00420453,-0.00186886,-0.0234481,-0.01920707,-0.01350621,0.01308956,-0.02249164,0.01122377,0.0047915,0.00325262,-0.01291012,-0.01647295,-0.00676832,-0.01344234,-0.01730475,-0.00840297,-0.03899501,-0.01294054,-0.00485993,0.0077613,-0.02556329,-0.01147773,-0.00170615,-0.0287034,0.00331496,-0.01193543,0.00277666,-0.02274866,-0.03716879,-0.00942183,0.00772176,-0.01246157,-7.451e-05,-0.02723444,-0.01762562,-0.01174839,-0.01767276,-0.02043422,0.02938919,-0.01645928,-0.02748835,-0.00791792,0.01438059,-0.03022406,-0.00032694,-0.00241476,-0.00333474,-0.02484249,-0.01368415,-0.00131991,-0.02157925,-0.00146589,-0.02554655,0.01238551,0.02102116,-0.01091355,-0.01436387,-0.01823537,0.03651487,0.980882,-0.02495199,-0.02833996,0.00081809,-0.0184726,-0.01726673,-0.03532572,-0.02313938,-0.0073416,-0.01664934,-0.01778524,-0.0048569,-0.0153629,-0.00527355,-0.00169398,-0.0123612,-0.00474893,0.01100934,-0.00462272,-0.01020191,-0.01673603,-0.0007299,-0.00520967,-0.01042087,-0.01578868,-0.00759859,-0.03008109,-0.02519832,-0.00673183,0.01124503,-0.00893522,-0.02322455,-0.02090108,-0.01206161,0.01611106,-0.02075661,-0.00449651,-0.00178826,-0.01104584
"Np2_504316",-0.01084818,-0.0134302,-0.03481485,-0.03556604,-0.00726862,-0.00272345,0.01985635,-0.00296827,-0.02182257,-0.00757122,-0.00792097,0.02992445,0.00311728,-0.01382708,-0.0067075,0.03482235,-0.01237792,-0.03921088,-0.0036556,-0.02641332,-0.03353899,-0.02350292,-0.01820347,-0.004422,-0.0136583,-0.00081506,0.00550468,-0.00077401,-0.01373738,0.05349588,-0.02676769,-0.00738419,-0.01213769,-0.02061215,-0.00807303,-0.01440035,-0.01558799,-0.0062133,-0.00970467,-0.01048931,-0.00689302,-0.01807115,-0.00978827,-0.02230307,-0.01825213,-0.02636167,-0.01349559,-0.01193391,0.06287339,-0.01185634,0.01952641,-0.0321279,-0.01954162,-0.01737166,0.03640385,-0.00701771,-0.02073531,-0.02012856,-0.01871289,-0.00661778,-0.01071589,-0.02495199,0.99104124,-0.02827916,-0.02938163,-0.01841178,-0.00808215,-0.02127513,-0.01775638,-0.00469571,-0.01400346,-0.00814448,0.02166291,-0.02685886,-0.03136755,-0.02976482,0.00518687,-0.02749756,-0.00687325,-0.01277329,-0.01348648,-0.00785557,-0.02378263,-0.01442469,0.00119673,0.00662537,-0.0102749,0.00434595,-0.01266835,0.00427752,-0.02230001,-0.02909878,-0.03167927,0.0012089,-0.03131276,0.00993732,-0.00807456,-0.00504393,-0.01054709,0.01273679
"Np2_503418",-0.02959453,-0.02807083,0.00224597,0.05806228,0.00576623,-0.00018096,-0.01044672,0.01265163,0.02101665,-0.02221188,-0.00477022,0.00342293,-0.02809816,0.04467455,-0.0128326,0.02018177,-0.01363701,-0.0102095,-0.01403846,-0.0187007,-0.03190889,-0.01548615,-0.01049083,-0.03320457,-0.01248438,-0.00770048,-0.03589903,-0.01100481,0.00340317,-0.02394695,-0.0047611,-0.01046803,-0.01476535,-0.02004649,-0.0222575,-0.00121346,-0.01046043,-0.02176632,-0.02388912,-0.00019161,0.00173199,-0.00929409,0.06878557,-0.00394604,-0.00947506,-0.00085764,-0.01688356,-0.01045586,-0.02719036,-0.02543253,-0.03465064,-0.02335083,-0.02353785,-0.00251208,-0.01290711,-0.00934123,-0.00830873,-0.01789021,-0.01890754,0.00778562,-0.00862959,-0.02833996,-0.02827916,0.99886446,-0.01954012,-0.01602136,-0.02028976,-0.01052124,0.00379397,-0.00671511,-0.01936825,-0.02491397,-0.01593927,-0.00956628,-0.00631975,-0.01140778,0.00925001,0.00196009,-0.02409894,-0.00627716,0.00745566,-0.01732606,-0.01743858,-0.00291049,-0.01663721,-0.03797163,-0.01168605,-0.01592101,-0.02867755,-0.01370849,-0.02964162,-0.01439126,-0.00830416,0.01044219,-0.02968266,0.01324014,-0.0024908,0.01620232,-0.01728044,-0.01695807
"Np2_501637",-0.01305767,-0.01411906,-0.01086948,0.01423007,-0.02042664,-0.01071134,-0.00394604,-0.02068819,-0.00563243,-0.01829626,0.00477174,-0.02748387,-0.01505878,-0.02379177,-0.02032171,-0.00935643,-0.02203849,0.01195365,0.01238249,-0.00079529,0.01032659,-0.02616861,0.0069584,0.01237644,-0.00826464,-0.00424104,-0.01388792,0.00553205,0.0068626,-0.01987926,-0.01057753,-0.01871747,-0.02240654,0.01108845,-0.00921808,-0.01265621,0.0153523,-0.01070373,-0.01191415,-0.00479152,-0.01655359,-0.01237337,-0.02766023,-0.02405638,-0.0218302,-0.01184422,-0.02452473,-0.01140626,-0.01491129,0.00433379,-0.01127093,-0.00468507,-0.03863013,-0.00559136,0.01351383,-0.02458555,-0.0072823,-0.03100565,-0.0216827,-0.00031173,-0.00121651,0.00081809,-0.02938163,-0.01954012,1.00319887,-0.00480672,-0.01637414,-0.024397,-0.00263069,-0.00036647,0.01359138,-0.01339522,0.00363887,-0.00063258,-0.03023166,-0.0184407,-0.01086036,0.0051154,-0.00056719,0.0056978,-0.02193056,0.00088348,-0.00363887,-0.01100784,-0.01986855,-0.0226513,-0.00594567,-0.01839204,0.01523062,-0.00523097,-0.01371304,-0.02081593,-0.00910249,-0.0029774,-0.02242167,-0.01903528,-0.01636659,-0.0262613,-0.01549371,-0.01593165
"Np2_503993",0.0006493,-0.01029619,-0.01434563,-0.00399622,-0.01280219,-0.0050637,-0.01183201,-0.01945037,-0.01549523,-0.01295274,-0.00357044,-0.0244213,-0.02294475,0.0001034,0.00980806,-0.01131195,0.00033606,-0.02360773,-0.02044183,0.01002246,-0.01976058,-0.0323819,-0.00609772,-0.00706638,-0.02025632,-0.03235142,0.00666187,-0.02166595,0.01479116,-0.00510782,-0.01511813,-0.01413427,-0.02603474,-0.02006321,-0.01786438,-0.01506791,-0.01503905,-0.01053038,-0.01949601,-0.01282957,-0.01409929,0.02247032,-0.01258471,0.01276416,-0.01739906,-0.00330738,-0.01446727,-0.01275353,-0.01336936,0.00283444,-0.01885279,-0.01105043,-0.00545907,-0.00024787,-0.00045467,-0.01772141,0.00900972,0.00383806,-0.03291406,-0.01306373,-0.0062133,-0.0184726,-0.01841178,-0.01602136,-0.00480672,0.99168304,-0.00783732,-0.01525192,0.01715876,-0.01539942,0.00433683,-0.00379397,-0.00941727,0.02736826,-0.02412783,-0.00169247,-0.02193967,0.00346399,-0.03232706,-0.00234025,-0.03194542,-0.00122411,-0.0174553,-0.00596847,0.00220186,-0.00864022,-0.01656879,-0.00879077,0.00019768,0.01242963,-0.02828977,-0.02718127,-0.00239044,-0.01329642,-0.00719409,-0.009434,0.00448738,-0.03369107,-0.01623272,-0.00511388
"Np2_501937",-0.01091812,-0.02475279,-0.01557278,-0.00279036,-0.02132835,-0.01571876,-0.01822928,-0.01413881,-0.01687444,0.01045433,-0.00951153,-0.01074628,-0.02006618,-0.01709034,-0.00997077,-0.00843339,0.0097533,-0.01282192,0.01497819,-0.00717128,-0.00684587,-0.00076336,0.00149477,-0.02061065,0.00315074,-0.01867638,-0.00201636,-0.02471783,-0.02201871,0.0120647,-0.0265335,0.00151758,-0.01190351,-0.01931352,-0.01924358,0.0002798,-0.01672237,-0.01449465,0.00345487,-0.00386849,-0.00635471,-0.00065387,-0.00772934,0.02902423,-0.01132718,-0.01228974,-0.01310934,0.01247828,-0.02326408,0.00343206,-0.02661863,-0.01471058,-0.01261666,-0.00618896,-0.01749634,-0.01453872,0.00428513,-0.02065469,-0.02212821,-0.01231405,-0.00683219,-0.01726673,-0.00808215,-0.02028976,-0.01637414,-0.00783732,0.98268876,-0.01784762,-0.00414067,-0.02088431,0.01421025,-0.00745412,-0.0111006,-0.00579208,-0.00938836,-0.01356402,-0.00704812,-0.00475805,-0.01287364,-0.01025816,-0.00838628,-0.00746933,-0.01138342,0.00755447,-0.01514393,-0.01108385,-0.01171341,-0.01366742,-0.02611982,-0.01556061,-0.00685955,-0.0124418,-0.00103251,-0.02151847,-0.0110063,0.00104771,-0.01361878,-0.02062429,-0.01152941,-0.01105497
"Np2_500107",-0.00738419,0.17463818,-0.0097579,-0.00959671,0.00242996,-0.01400958,-0.02473149,-0.01303788,0.00095343,-0.02053005,-0.03061179,-0.0037149,-0.00512756,0.00469113,-0.00704508,-0.00216234,-0.03400431,-0.01871588,-0.0071865,-0.02112458,-0.02323218,-0.0118275,-0.02416738,-0.0179891,-0.01171493,-0.01316562,0.00729597,-0.00749823,-0.02259048,-0.02104862,0.00239499,-0.00452844,-0.00137465,-0.01836467,-0.02468137,-0.02644677,-0.00558528,0.01519415,-0.00456798,-0.00702532,-0.00540584,-0.02768457,-0.00602016,0.00473068,-0.01022625,-0.02852402,-0.00972747,-0.00436421,-0.01608065,-0.01234598,-0.00879077,-0.00631062,-0.00680179,-0.02470413,-0.03312235,-0.02012856,-0.02228939,-0.00860525,-0.00460448,-0.01471057,0.00308839,-0.03532572,-0.02127513,-0.01052124,-0.024397,-0.01525192,-0.01784762,0.99249517,-0.02752185,-0.00822661,0.00831631,-0.01426045,0.00034062,-0.02035362,-0.02471024,-0.01717705,-0.02982111,-0.02205674,0.00221707,-0.00870105,0.00016574,0.01933023,-0.01119487,-0.00746325,-0.01313063,-0.02230002,-0.01487025,-0.00937317,0.00128797,-0.02130252,-0.00469419,-0.02365797,-0.00160427,0.00969099,-0.01173012,-0.01792368,-0.01647149,-0.00401295,-0.0054104,-0.0076731
"Np2_501796",-0.00645051,-0.01770011,0.02751883,-0.01048778,-0.01457979,-0.01490065,0.00053222,-0.01681815,-0.01499189,-0.00408594,-0.01051819,-0.019204,-0.01666301,-0.01627222,-0.02055737,-0.01050448,-0.02333859,0.00122562,-0.01644104,-0.0185182,-0.01013347,-0.00876493,-0.01547848,-0.02359413,-0.00591524,-0.01147163,-0.0136674,-0.01386358,-0.00766701,-0.01251177,-0.00488275,-0.01895313,-0.01701586,-0.02488206,-0.02055435,-0.00665731,-0.00586812,-0.02477714,-0.01443077,-0.01810462,0.02472389,-0.02142868,0.01346513,-0.00756513,-0.01856841,0.00829656,-0.02597689,-0.00677592,-0.00252576,-0.01627832,-0.019718,-0.01602135,-0.012863,-0.00749973,0.00841211,-0.01645775,0.00419085,-0.01801183,-0.00762444,-0.01058358,-0.02547814,-0.02313938,-0.01775638,0.00379397,-0.00263069,0.01715876,-0.00414067,-0.02752185,0.97656889,-0.02964617,-0.00032998,-0.00526745,-0.01621295,-0.04177314,-0.02955493,0.0748423,0.0162753,-0.01671323,-0.00764571,-0.00959212,-0.01958115,-0.01547086,-0.03489535,0.00685194,-0.01493408,-0.00950544,0.12018285,-0.02212515,-0.02895121,-0.00668317,-0.02763434,-0.0087345,-0.02180732,-0.01248894,-0.00790726,-0.02109569,-0.00078769,-0.00201484,-0.01755413,-0.02133746
"Np2_503383",-0.01042089,-0.01513179,0.00195553,-0.0143061,-0.0241765,-0.00685805,-0.01134541,-0.00664667,-0.01135912,-0.00683981,-0.02148346,-0.01131348,-0.01926482,-0.01750548,0.00618896,-0.00094127,0.0178537,-0.01901544,0.0025501,-0.02172827,0.00034214,-0.02337975,-0.01990505,-0.01311851,-0.02098622,-0.01376931,-0.00456037,0.02854527,-0.01787197,-0.03655451,-0.01295883,-0.00513214,-0.02265894,-0.01942454,0.00832089,-0.01777463,-0.01364006,-0.00563394,-0.00349897,0.00362366,-0.02653803,0.0054697,0.00736591,-0.02233197,0.00407225,-0.00282078,-0.02295238,-0.01971802,-0.00010949,-0.01310173,-0.0022475,-0.02333714,-0.01561688,-0.00827678,-0.00620265,-0.0099358,-0.00677441,-0.03034568,-0.00459991,0.00141266,-0.00451019,-0.0073416,-0.00469571,-0.00671511,-0.00036647,-0.01539942,-0.02088431,-0.00822661,-0.02964617,0.99265638,-0.01129523,-0.01805745,-0.03006744,-0.01487479,-0.01847109,0.00092302,-0.0056385,-0.01277634,-0.02895126,-0.01873264,0.00321157,-0.00742827,-0.00586811,-0.01049995,-0.02848441,0.0020346,-0.00422127,-0.0163635,0.02912003,-0.01673606,-0.0293238,0.01527473,-0.0069219,-0.00322983,-0.01400651,-0.01700674,0.01698698,-0.01267598,-0.01696263,-0.00341077
"Np2_503433",-0.01303788,-0.00649613,-0.01708427,0.00299715,-0.01599701,-0.00901886,-0.00757577,-0.03055245,-0.01108691,-0.02131771,0.01330701,-0.01043302,-0.01351836,-0.01419201,-0.02577616,-0.02393465,-0.03068626,-0.01402929,-0.01694589,-0.00548947,-0.03603278,-0.0136796,-0.00838018,-0.03018151,-0.01052579,-0.0093914,-0.02466457,-0.01862618,0.01859119,-0.00206807,-0.01101393,-0.02751732,-0.02345117,-0.00044859,-0.013304,-0.00518534,-0.01580086,-0.01114013,0.00027067,-0.01176663,-0.00406465,0.00619807,-0.00680784,-0.02175563,-0.00219427,-0.00817491,-0.00443263,0.00929408,-0.00987343,-0.0040099,-0.00851401,-0.01667827,-0.01078278,0.01860639,-0.00684283,-0.01574609,0.03942076,-0.02642394,-0.00219883,1.216e-05,-0.00408594,-0.01664934,-0.01400346,-0.01936825,0.01359138,0.00433683,0.01421025,0.00831631,-0.00032998,-0.01129523,0.97662364,-0.00440373,-0.01808637,-0.02053303,-0.01759063,-0.03012974,-0.00019617,-0.01584952,-0.04494974,-0.02545531,-0.01947774,-0.01019733,-0.01836918,0.00163315,-0.02471474,0.00261091,-0.027975,0.00276449,0.00384567,-0.01570354,-0.01475768,0.03546714,-0.00223988,-0.0043262,-0.01221367,-0.005786,-0.01604266,0.00690821,-0.02855131,-0.0128706
"Np2_500434",0.01365372,-0.0065676,-0.0148748,-0.02915959,-0.00952978,0.00991754,0.0096879,-0.02165221,-0.03229512,-0.00800764,-0.0045558,-0.01795557,-0.01799964,-0.00483559,-0.00379853,-0.00286942,-0.00901275,-0.03356474,0.01004983,-0.02137546,-0.01283866,-0.01466345,-0.03126106,-0.00713936,-0.00557919,-0.00581337,-0.00496789,-0.01626464,-0.00383351,-0.00806999,0.00974723,-0.01283868,0.00628172,-0.00143243,-0.02690906,-0.01483676,-0.02180278,-0.01227604,-0.02899687,-0.03297485,0.00620415,0.00627867,-0.01493861,-0.01224714,-0.01625552,-0.00809431,0.00568411,0.00344422,0.00191598,-0.02780314,-0.01071435,-0.0152291,-0.02073832,-0.020089,0.00418628,-0.00851855,-0.00505305,-0.00976851,0.00259571,-0.01100782,-0.00674247,-0.01778524,-0.00814448,-0.02491397,-0.01339522,-0.00379397,-0.00745412,-0.01426045,-0.00526745,-0.01805745,-0.00440373,0.9723744,0.00541191,-0.00904773,-0.00808214,-0.01910061,-0.0033089,0.0005018,0.00789661,-0.02370202,0.00751798,0.00204828,-0.02482727,-0.02368072,-0.01110057,-0.00491163,-0.01785825,-0.01099262,-0.02040377,-0.02702764,-0.00205589,-0.01143969,-0.0261852,0.00350961,0.04169706,0.00159361,-0.02630234,-0.02144694,-0.01219999,-0.00929256
"Np2_503283",-0.00884856,-0.01888167,-0.02247496,-0.00391411,-0.00678963,0.00931235,-0.01235816,-0.02514667,-0.00644141,-0.02533983,-0.02447304,0.0241689,-0.01921315,-0.00544082,-0.03283955,-0.00043338,-0.02482429,-0.01272918,0.01005289,-0.03125656,0.04814164,-0.02728172,0.00128341,-0.01352301,-0.01257107,-0.0134135,-0.00618136,-0.00379246,-0.0197971,-0.00609015,-0.01153858,-0.0321477,-0.01074633,-0.01389859,0.01749639,-0.02715085,0.01621602,-0.00208479,-0.01105043,-0.02126301,-0.03013588,-0.00983696,-0.00824485,-0.01224413,-0.01260301,-0.00915573,-0.0105836,0.00481583,-0.02393167,-0.03084142,-0.00614944,-0.01963593,-0.01769407,-0.00214257,-0.02424646,-0.01383774,-0.01797539,-0.02846924,-0.02127517,0.00055199,-0.02331433,-0.0048569,0.02166291,-0.01593927,0.00363887,-0.00941727,-0.0111006,0.00034062,-0.01621295,-0.03006744,-0.01808637,0.00541191,1.00659948,-0.02166594,-0.0258705,-0.01681668,-0.00437031,-0.02884334,-0.02296913,-0.0226346,0.00904168,0.00068276,-0.00612054,-0.01166476,0.00578143,-0.00293178,-0.01831145,0.11385427,-0.02541885,0.0061251,-0.01330552,0.01061248,-0.00702228,-0.01367051,-0.02733635,-0.00463793,-0.01732763,-0.02478933,-0.0158465,-0.02829743
"Np2_504402",-0.00703748,-0.01342107,-0.00819468,0.00245886,-0.01075693,-0.00286639,-0.02438477,-0.01284323,0.00251664,-0.01501318,0.00577383,-0.02511317,-0.00265197,-0.00302149,-0.01840721,-0.01595746,-0.02210081,-0.01319904,-0.00942486,-0.01378297,-0.0198442,-0.02121283,-0.01758607,-0.01490524,-0.00923935,-0.02133443,-0.00239347,-0.00699947,-0.01555299,-0.03362727,-0.00577385,-0.01847566,-0.00939142,-0.01847414,-0.01749181,-0.00405096,-0.02789597,-0.00772481,-0.01349711,-0.01245701,0.01349253,0.07925814,-0.0201194,0.0135929,0.00152519,-0.01509987,-0.01561534,-0.00340925,-0.00326479,-0.00758945,-0.00935643,0.00787382,0.00905534,-0.00474132,0.02257523,0.00911008,-0.0116024,-0.01373279,-0.0127733,-0.00250296,-0.01678928,-0.0153629,-0.02685886,-0.00956628,-0.00063258,0.02736826,-0.00579208,-0.02035362,-0.04177314,-0.01487479,-0.02053303,-0.00904773,-0.02166594,0.98269485,-0.00277059,-0.02078397,0.00291505,-0.01501926,-0.01948533,-0.0150451,-0.02822746,0.00036494,-0.00704659,-0.00407528,-0.02996701,-0.02621105,-0.01361116,-0.00765789,-0.01144272,0.00398252,-0.00906142,0.00299563,-0.00627563,-0.02296003,-0.02537318,-0.00647637,-0.01566859,-0.02966899,-0.00719257,-0.01036765
"Np2_500227",-0.01990962,-0.02431639,-0.03292775,-0.01756026,0.02198983,-0.00843951,-0.00365103,-0.00929257,-0.0103555,-0.02499615,-0.02428142,-0.00878924,-0.00427144,-0.01133173,-0.03006285,-0.0034351,0.00228246,-6.843e-05,-0.00906752,0.00223684,0.00423495,-0.02632978,-0.0108421,-0.00344728,-0.01709341,0.01506184,-0.00538151,-0.00770656,-0.02416738,-0.01198107,0.00401143,-0.00640947,8.971e-05,-0.0029105,-0.01637416,-0.00262917,-0.0305799,0.00297283,-0.0122274,0.00021745,-0.01625858,0.00115111,0.05094707,-0.00870713,0.0548005,0.00244062,-0.02240496,-0.01856233,-0.02039466,-0.01361875,-0.00839085,-0.00925609,-0.0156777,0.00489186,-0.00900061,-0.00984456,-0.02401835,0.01597269,-0.00998295,-0.00290592,-0.02068971,-0.00527355,-0.03136755,-0.00631975,-0.03023166,-0.02412783,-0.00938836,-0.02471024,-0.02955493,-0.01847109,-0.01759063,-0.00808214,-0.0258705,-0.00277059,0.99405555,-0.01495236,-0.01223804,-0.00173656,-0.01943213,-0.00738874,0.04314335,-0.01995826,-0.02113522,-0.00204525,-0.01531577,-0.02615785,-0.02633124,-0.00684436,-0.01047714,-0.02166291,-0.01083296,-0.00713936,-0.01747507,-0.02701253,0.00326782,-0.00338189,-0.02093759,-0.0221647,-0.02569104,-0.0051443
"Np2_504552",-0.03184051,-0.00507435,-0.01748727,-0.02143179,-0.02491554,-0.01869769,-0.00052766,0.00994947,-0.00677594,0.01173319,-0.00762444,-0.01995979,-0.01589817,-0.01687595,-0.00580273,-0.02403353,-0.01709948,-0.01002245,-0.02251902,-0.00421975,-0.00054895,-0.03004926,-0.00635016,-0.02161278,0.00184452,-0.01253153,-0.03145423,-0.00458318,-0.00918309,-0.02877801,-0.01004835,-0.02381462,-0.00651896,0.00583922,-0.02876124,0.01296336,-0.03703651,-0.00470028,-0.0319135,-0.0101928,-0.02301931,-0.00454516,0.02898011,-0.00330281,-0.02555878,-0.01025059,0.00413611,-0.00844407,-0.01651099,0.00866454,-0.02366711,-0.00491621,0.00645355,-0.01707515,-0.01241594,0.01471969,-0.00036647,0.0025212,-1.673e-05,0.0107098,-0.01163588,-0.00169398,-0.02976482,-0.01140778,-0.0184407,-0.00169247,-0.01356402,-0.01717705,0.0748423,0.00092302,-0.03012974,-0.01910061,-0.01681668,-0.02078397,-0.01495236,0.99969484,-0.0168699,0.00564457,-0.01965414,-0.00593807,0.00536175,-0.02398185,-0.02090106,0.00685652,-0.01432129,-0.01360659,0.00249079,-0.00949938,-0.01906261,-0.01549827,-0.02154731,-0.03017085,-0.01237489,-0.03088408,0.0284403,-0.01668133,-0.01629359,-0.01235057,-0.00964232,0.00664667
"Np2_500420",0.00204677,-0.01650189,0.03708063,-0.00305496,-0.00395364,-0.0237386,-0.02138309,-0.00056567,-0.01455398,-0.00805784,-0.02285357,-0.0163331,-0.00588484,-0.00245278,-0.01799059,-0.00504849,0.00264589,-0.00305038,0.00102794,-0.00500288,-0.00832698,-0.00406923,-0.00333171,-0.01175147,-0.03102393,-0.00753625,-0.00410571,-0.02726342,-0.02517253,-0.01617956,-0.01387275,-0.01942762,-0.02250843,-0.01501626,-0.02543867,-0.01990505,-0.0244381,-0.01202212,-0.00897477,0.00742372,0.00919526,-0.02038254,-0.01605328,-0.02005257,-0.01965114,0.00234785,-0.01823998,-0.01363703,-0.03021948,-0.01401565,-0.00544235,-0.00767616,-0.0264149,-0.00919069,0.00915419,0.00101121,-0.01316259,-0.02669771,0.00847601,-0.01257866,-0.00785711,-0.0123612,0.00518687,0.00925001,-0.01086036,-0.02193967,-0.00704812,-0.02982111,0.0162753,-0.0056385,-0.00019617,-0.0033089,-0.00437031,0.00291505,-0.01223804,-0.0168699,1.00877428,-0.00988867,-0.02880075,0.01289495,-0.01260453,-0.01305614,-0.01362485,-0.02297065,-0.00810952,-0.00785102,0.02314857,-0.00556856,-0.02562415,0.00029347,-0.00469114,-0.00784038,-0.0087482,-0.02528055,-0.02176325,-0.02445938,-0.00658435,0.00268087,-0.03551587,-0.00812626
"Np2_501360",-0.01968914,-0.01694895,0.00226726,-0.00487058,-0.00835435,-0.00882727,0.00919067,-0.01819586,-0.01941087,0.00320397,-0.02071555,0.00161947,-0.02397118,0.00211824,-0.01357162,-0.00199811,-0.0075332,-0.00152063,-0.00930322,0.01629507,-0.01652925,-0.00117089,-0.0094051,0.01684558,-0.01504816,-0.01680298,-0.00516102,-0.01949905,-0.01984119,-0.02301328,-0.02420392,-0.03462479,-0.0220431,-0.01455093,-0.00429274,-0.00712263,-0.0134804,-0.02554662,0.02783363,-0.01689726,0.00464248,-0.01018517,-0.02836122,0.00215777,-0.01720899,-0.00752714,0.00533892,-0.00830569,-0.01485199,-0.0173519,-0.00117545,-0.0135975,-0.03431304,-0.01921772,-0.01197344,-0.00597456,-0.01224108,-0.03398759,-0.00094279,-0.00739939,-0.00876036,-0.00474893,-0.02749756,0.00196009,0.0051154,0.00346399,-0.00475805,-0.02205674,-0.01671323,-0.01277634,-0.01584952,0.0005018,-0.02884334,-0.01501926,-0.00173656,0.00564457,-0.00988867,0.99845079,-0.00567803,-0.00838475,-0.01472428,-0.01578413,-0.00251513,-0.00790728,-0.00597151,-0.02502499,-0.02276537,-0.01179402,-0.02652738,-0.02037798,-0.01046041,-0.0158906,0.01178944,-0.02162189,0.00637751,0.00930778,-0.01600314,0.00010492,-0.00676681,-0.00461967
"Np2_501298",-0.00590765,0.00975787,-0.01755721,-0.03047344,0.00497093,-0.01070828,0.00867822,-0.01931655,0.00121346,-0.0067364,-0.01560166,4.257e-05,-0.02448361,-0.0094948,-0.00039841,-0.01148225,-0.01063071,0.00572211,-0.01027185,-0.01113252,-0.00700554,-0.02692585,-0.01736863,0.00036646,0.02595258,-0.00332563,-0.01145186,-0.01499341,-0.01290254,-0.00482193,0.01558039,0.01762867,-0.00035431,-0.00502721,-0.0089109,-0.01006808,0.00030108,-0.00309753,0.01196279,-0.01634526,-0.01487784,-0.01449919,-0.01290708,-0.01812286,-0.00555638,-0.00971227,-0.02178453,-0.03223583,-0.01156285,-0.02364273,-0.0337732,0.0009443,0.00258202,0.01554842,-0.00473068,-0.01652315,-0.01138495,-0.01427567,-0.01331616,-0.01566704,0.00882269,0.01100934,-0.00687325,-0.02409894,-0.00056719,-0.03232706,-0.01287364,0.00221707,-0.00764571,-0.02895126,-0.04494974,0.00789661,-0.02296913,-0.01948533,-0.01943213,-0.01965414,-0.02880075,-0.00567803,0.98677983,-0.02805713,0.00209847,-0.00017792,-0.01580085,-0.00978828,-0.01621597,-0.02249617,-0.00594262,-0.00683219,-0.00924846,-0.02013011,-0.02374612,-0.00074055,-0.01001182,-0.0321705,-0.00386696,-0.01751158,-0.03567555,-0.00375291,0.01005591,0.0017107
"Np2_501409",-0.01378452,-0.01971192,-0.02056806,0.0135032,-0.02754014,-0.01843309,-0.00512908,-0.02658517,-0.00666341,-0.02312881,-0.0161795,7.299e-05,0.04078169,-0.01052883,-0.00888352,-4.715e-05,-0.00026003,-0.02055431,-0.01297858,-0.00608404,-0.01123289,-0.0075834,-0.01140777,-0.00081962,-0.00762292,0.00187493,-0.00533893,-0.00751192,-0.01332833,-0.00539978,-0.01449772,-0.01929225,-0.00792706,-0.0177701,-0.0142027,0.00091086,-0.00833611,-0.00641251,-0.02617462,-0.00171679,-0.01591187,-0.00412851,-0.01606998,0.01049538,-0.02255704,-0.01105043,0.00607339,-0.01015629,-0.01092419,-0.02148345,-0.00880446,0.00416804,-0.03525125,-0.00890328,-0.01625705,-0.00417565,-0.02032626,-0.00375291,-0.02864413,-0.01107475,-0.00559288,-0.00462272,-0.01277329,-0.00627716,0.0056978,-0.00234025,-0.01025816,-0.00870105,-0.00959212,-0.01873264,-0.02545531,-0.02370202,-0.0226346,-0.0150451,-0.00738874,-0.00593807,0.01289495,-0.00838475,-0.02805713,0.99246779,-0.00836347,0.02935269,0.00034822,-0.00823725,-0.02850265,-0.01623119,-0.02233502,-0.02368078,-0.01971039,0.00514277,0.0097381,-0.0235196,-0.00906903,0.00070557,-0.0109835,-0.00896565,-0.00219124,-0.00554726,-0.03477223,-0.00951154
"Np2_503327",-0.01586628,-0.02331431,-0.00835588,-0.02781086,-0.00605212,-0.00758948,-0.00249688,-0.01102762,-0.01467563,-0.01669504,0.01093485,-0.02025633,-0.01680295,-0.01686835,-0.03301442,-0.0246342,-0.01724395,0.00427905,-0.00593655,-0.01227149,-0.0081445,-0.00358262,-0.00801525,0.01200085,-0.012898,-0.00704965,-0.00574799,-0.01035399,-0.02392562,-0.02724979,-4.56e-06,-0.02730449,-0.01000882,0.00827984,-0.02297524,0.00567195,-0.00965754,-0.02202789,0.00595784,0.01749031,-0.01464825,-0.01092421,-0.00598671,-0.01257106,-0.02479088,0.00739636,-0.01988226,0.00570541,-0.0312535,-0.00881509,-0.02274715,0.01136217,-0.02121434,-0.01326598,0.00218971,-0.02480909,-0.01891058,-0.00826767,-0.02449132,-0.01756633,-0.00539368,-0.01020191,-0.01348648,0.00745566,-0.02193056,-0.03194542,-0.00838628,0.00016574,-0.01958115,0.00321157,-0.01947774,0.00751798,0.00904168,-0.02822746,0.04314335,0.00536175,-0.01260453,-0.01472428,0.00209847,-0.00836347,1.00792261,0.0053739,-0.01861252,-0.0132082,-0.00184452,-0.00827679,0.00310664,0.0099723,-0.00324047,-0.01412211,-0.01484895,-0.01495694,-0.02057869,-0.03087649,0.00092454,-0.01074327,-0.01978345,-0.019642,-0.02347246,-0.01402631
"Np2_500770",-0.01920707,-0.00673487,-0.02340554,-0.01913865,0.0056613,-0.01716488,0.00206957,-0.00798178,-0.01223803,-0.01532188,0.00090325,0.003318,-0.00813079,-0.00986888,-0.01947621,-0.0139852,-0.00020833,-0.0083376,0.00121497,-0.01637261,-0.00509867,-0.0282123,-0.00785861,0.02401838,-0.02475432,-0.01236729,-0.01380274,-0.01627986,-0.02422514,-0.02435597,-0.00988411,-0.0152869,-0.01608676,-0.02349678,-0.01141386,-0.00664059,-0.0259237,0.12122008,-0.03524668,-0.01215744,-0.01053796,-0.00833457,-0.0224049,-0.00435509,-0.02934816,-0.00978222,-0.02535192,-0.0050865,-0.00798329,-0.00227182,-0.03870916,-0.01570052,-0.01375866,-0.00459382,-0.00632126,-0.01765753,-0.01632091,-0.01008785,0.00334082,-0.03048708,-0.0087345,-0.01673603,-0.00785557,-0.01732606,0.00088348,-0.00122411,-0.00746933,0.01933023,-0.01547086,-0.00742827,-0.01019733,0.00204828,0.00068276,0.00036494,-0.01995826,-0.02398185,-0.01305614,-0.01578413,-0.00017792,0.02935269,0.0053739,0.98344614,-0.00644291,-0.01426805,0.01412662,-0.03108163,-0.00555638,-0.01252847,-0.02026692,-0.0331254,-0.03202745,0.00618439,-0.00795288,0.0022779,-0.0170143,-0.02594499,-0.00046684,-0.01811678,-0.02346786,-0.00839539
"Np2_503349",-0.01247678,-0.01110515,0.00552597,-0.0142331,-0.01817305,-0.00830569,-0.01689873,0.04193437,-0.00702836,-0.0187798,-0.00787686,-0.00850336,-0.00824332,-0.00830871,0.01325684,-0.02367768,-0.01324619,-0.02289607,0.00095039,-0.00188711,0.00193575,-0.0015617,0.01255735,-0.03555088,-0.01118119,-0.01628139,-0.01163433,-0.02627649,-0.01627834,-0.01397614,-0.02368233,0.00041513,0.00326479,0.00467442,-0.00422736,-6.235e-05,-0.00870105,-0.02791422,0.01345301,-0.01500711,-0.00031021,-0.00190839,-0.0027493,0.00465617,-0.01106107,-0.01430458,0.00373162,-0.00291809,-0.02269384,0.00324197,-0.00704052,-0.01201147,-0.0105258,-0.00729142,-0.02255244,-0.00545298,-0.01339218,-0.02008446,-0.0280967,-0.01235207,-0.01553781,-0.0007299,-0.02378263,-0.01743858,-0.00363887,-0.0174553,-0.01138342,-0.01119487,-0.03489535,-0.00586811,-0.01836918,-0.02482727,-0.00612054,-0.00704659,-0.02113522,-0.02090106,-0.01362485,-0.00251513,-0.01580085,0.00034822,-0.01861252,-0.00644291,0.98611066,-0.00632126,0.00489034,-0.01690026,-0.00825398,-0.00747086,-0.00410874,0.01025208,-0.01145945,-0.01901852,-0.01049842,0.00763965,-0.03659084,-0.02438483,-0.01441711,1.824e-05,-0.02692578,-0.01246156
"Np2_501814",-0.00737657,-0.01284779,-0.01081472,-0.00867672,-0.01216048,-0.02054067,-0.00054591,0.01494929,-0.00314467,-0.00896564,-0.02817117,-0.0233234,0.01814562,-0.00366471,-0.01813806,-0.03028632,-0.00540888,-0.00958451,-0.00976396,-0.01290557,-0.01866267,-0.00877861,0.00108268,0.00345943,-0.00805781,-0.03110145,-0.00759858,-0.01615821,0.00235545,-0.01860798,-0.02953067,-0.01957508,-0.00805783,-0.01911736,-0.00566588,-0.00712719,-0.01074782,-0.0085201,0.00076183,-0.02359259,-0.00783125,-0.00152215,-0.01620075,0.00230527,-0.00170311,-0.01817611,-0.01762714,-0.00678961,-0.01287971,-0.00899299,-0.0209482,-0.01375411,0.00126516,-0.00340773,-0.00848055,-0.01525494,-0.02973286,-0.02851786,-0.03196822,0.00080745,-0.00481128,-0.00520967,-0.01442469,-0.00291049,-0.01100784,-0.00596847,0.00755447,-0.00746325,0.00685194,-0.01049995,0.00163315,-0.02368072,-0.01166476,-0.00407528,-0.00204525,0.00685652,-0.02297065,-0.00790728,-0.00978828,-0.00823725,-0.0132082,-0.01426805,-0.00632126,0.98475407,-0.02072616,-0.02533365,-0.02900448,-0.00054591,-0.00676375,-0.00532829,-0.02095728,-0.02076116,0.01072042,-0.00216234,0.0130637,0.00808671,-0.01098961,-0.01480181,-0.00509867,-0.01070675
"Np2_503704",-0.0104589,-0.00635015,-0.00097169,-0.02316376,-0.01417835,-0.01601983,0.0044311,-0.01155069,-0.00166509,-0.02025936,-0.00601105,-0.00542104,0.00624369,-0.01875997,-0.0186353,-0.00934273,-0.02187271,-0.02665656,-0.00995708,0.00317202,-0.01505422,-0.0028892,0.06399565,-0.01543746,0.00376203,-0.00711655,-0.00231744,-0.03399062,-0.01410839,-0.00694017,-0.02105618,-0.00471396,-0.00536175,-0.02448062,-0.02441067,-0.00412699,0.00244061,0.00831784,-0.01600615,0.00176089,-0.01517131,-0.0122076,-0.00498918,0.01473336,-0.02318504,-0.01335114,-0.01036917,-0.02173284,-0.02645434,-0.02211145,-0.04151775,-0.01440341,-0.01960852,-0.00040754,-0.01338761,-0.00875729,0.00185516,0.02070942,-0.00661474,-0.01094244,-0.01549673,-0.01042087,0.00119673,-0.01663721,-0.01986855,0.00220186,-0.01514393,-0.01313063,-0.01493408,-0.02848441,-0.02471474,-0.01110057,0.00578143,-0.02996701,-0.01531577,-0.01432129,-0.00810952,-0.00597151,-0.01621597,-0.02850265,-0.00184452,0.01412662,0.00489034,-0.02072616,0.97950107,-0.02765564,-0.00745261,-0.00393235,-0.01030225,-0.01023536,0.01990652,-0.02171458,0.00550923,0.00524769,-0.01678164,-0.00503176,-0.01407192,-0.00495877,-0.02414758,-0.01409318
"Np2_500210",-0.01065658,-0.01551954,-0.01272615,-0.02305731,0.00083026,0.00932906,0.00636229,-0.03349335,-0.00551229,-0.02045704,-0.01016236,-0.00972442,-0.02634332,-0.01591641,-0.01275047,0.09477454,-0.00412699,-0.01575369,-0.01426046,-0.01907476,0.02352411,-0.01023386,-0.0227258,-0.00210152,-0.01468319,-0.00199203,-0.00631669,-0.01198712,0.01336936,-0.02797051,-0.00726406,-0.01722874,-0.01863686,-0.01889991,0.00808519,-0.03215215,0.00285117,-0.02746258,-0.02380698,-0.00786471,-0.01567312,-0.02745949,-0.02906067,-0.01481244,-0.00270216,0.00774001,-0.03383246,-0.02284289,-0.00916482,-0.01561836,0.16919588,-0.00532525,-0.00110246,-0.02295844,-0.00704659,-0.01001942,-0.00685804,-0.00959669,-0.00270672,-0.01402932,-0.00231288,-0.01578868,0.00662537,-0.03797163,-0.0226513,-0.00864022,-0.01108385,-0.02230002,-0.00950544,0.0020346,0.00261091,-0.00491163,-0.00293178,-0.02621105,-0.02615785,-0.01360659,-0.00785102,-0.02502499,-0.02249617,-0.01623119,-0.00827679,-0.03108163,-0.01690026,-0.02533365,-0.02765564,0.98093067,-0.0100833,-0.02876423,-0.00456949,-0.02138157,-0.02940741,-0.00685804,-0.00943854,-0.01791152,-0.00207718,-0.01435323,-0.0014963,-0.00606883,-0.00731423,-0.01794038
"Np2_500864",-0.0064201,0.01259081,0.01538422,0.00307624,-0.00831482,0.00641858,-0.01175446,-0.01435475,-0.01891514,-0.00162252,-0.02554203,0.00378788,-0.01343931,0.00230983,-0.00988258,-0.01990198,-0.01829013,-0.00862804,-0.0227973,-0.02046463,-0.02257223,-0.00934278,-0.02594044,-0.00364344,-0.00542865,-0.01402631,-0.01196431,-0.00805478,-0.00505153,-0.01369787,-0.01853804,-0.02378877,-0.03933877,0.0020635,-0.01520176,-0.00890785,-0.01070373,-0.0101487,-0.00999055,-0.01001488,-0.00961191,-0.02717669,0.01364763,-0.03004005,-0.02051484,-0.00079681,-0.00237675,-0.00659346,-0.01025056,-0.0106216,-0.01010764,-0.00869194,-0.01967544,-0.01051059,-0.00083331,-0.0121696,-0.01980468,-0.0185897,-0.02036735,-0.02834454,-0.0084167,-0.00759859,-0.0102749,-0.01168605,-0.00594567,-0.01656879,-0.01171341,-0.01487025,0.12018285,-0.00422127,-0.027975,-0.01785825,-0.01831145,-0.01361116,-0.02633124,0.00249079,0.02314857,-0.02276537,-0.00594262,-0.02233502,0.00310664,-0.00555638,-0.00825398,-0.02900448,-0.00745261,-0.0100833,0.99640069,-0.00475958,-0.0266399,-0.02398796,-0.01331007,-0.01022473,-0.00216082,-0.0101776,-0.00453148,-0.01787198,-0.0209817,-0.00776282,0.00878316,-0.01644106
"Np2_500762",-0.0237325,-0.02433769,0.00552293,-0.02047075,-0.00585899,0.00492076,-0.02587349,-0.0173732,-0.01965265,-0.01604572,-0.02567128,-0.0237127,0.00680785,0.00081201,-0.0167026,-0.00741002,-0.02009208,-0.01940169,-0.00209391,-0.02074596,-0.01068851,-0.00977617,-0.00675769,-0.00529333,-0.02137246,-0.01658857,-0.01680752,-0.02703987,-0.01825822,-0.01276269,0.00475046,-0.02346183,-0.01817917,0.00710438,-0.0232383,-0.00523553,-0.01691551,-0.00145829,-0.01665852,-0.02109269,-0.00913291,-0.01620536,0.00621936,-0.03366676,-0.00437334,-0.01430763,-0.00265807,-0.00337732,0.00315378,0.00901733,-0.00673944,-0.00897325,-0.00687934,-0.01717856,-0.01419204,-0.0256804,-0.01628443,-0.00123171,-0.01502233,0.00619656,-0.01584499,-0.03008109,0.00434595,-0.01592101,-0.01839204,-0.00879077,-0.01366742,-0.00937317,-0.02212515,-0.0163635,0.00276449,-0.01099262,0.11385427,-0.00765789,-0.00684436,-0.00949938,-0.00556856,-0.01179402,-0.00683219,-0.02368078,0.0099723,-0.01252847,-0.00747086,-0.00054591,-0.00393235,-0.02876423,-0.00475958,1.00009635,-0.01353969,-0.01940326,-0.00279492,-0.00594415,-0.00746021,-0.01426051,-0.00268391,-0.00872539,-0.02430428,-0.01093334,-0.01567618,0.0022855
"Np2_504292",-0.03025445,0.00229006,0.0049314,-0.00022962,-0.01177272,-0.01604721,-0.02555261,-0.013859,-0.0196359,-0.02758575,-0.01181681,0.00048204,-0.02526063,-0.01528991,-0.00330432,0.00553203,-0.01688201,-0.01497512,-0.01986854,-0.00369817,-0.00656607,-0.02116416,-0.00765333,-0.01850609,-0.034129,0.00882269,-0.01846346,0.00095647,0.01080254,0.001548,-0.0035963,0.02080525,0.00981719,-0.00169854,0.00156473,-0.00947655,-0.0179632,-0.01056535,-0.00113135,0.00964079,-0.0307091,-0.00767309,-0.01337999,-0.02924016,-0.01378451,-0.00060522,-0.0134378,0.00378636,-0.03119566,-0.01149442,-0.01234904,-0.00104924,-0.00564609,-0.00225965,-0.01402323,-0.00832848,-0.00683979,0.02022586,-0.00496942,-0.0102095,-0.00229463,-0.02519832,-0.01266835,-0.02867755,0.01523062,0.00019768,-0.02611982,0.00128797,-0.02895121,0.02912003,0.00384567,-0.02040377,-0.02541885,-0.01144272,-0.01047714,-0.01906261,-0.02562415,-0.02652738,-0.00924846,-0.01971039,-0.00324047,-0.02026692,-0.00410874,-0.00676375,-0.01030225,-0.00456949,-0.0266399,-0.01353969,0.980663,-0.00935035,-0.01692001,0.03056768,-0.01033267,-0.02093454,-0.02897402,-0.01524735,0.00703748,-0.00164076,-0.02934508,-0.01700975
"Np2_503077",-0.00403272,-0.02988039,-0.01735497,-0.0006189,-0.02158993,-0.00594415,-0.0108877,-0.00253946,-0.00329825,-0.01398525,-0.00186582,-0.01252848,0.0100848,-0.00807606,-0.00202092,-0.02709455,-0.02593891,-0.01429998,-0.01858516,-0.00682459,-0.01623121,-0.02170554,-0.01032357,-3.954e-05,-0.01018823,0.00083026,-0.0063836,-0.00551533,-0.01650189,0.00648094,-0.01022018,-0.00969251,-0.02630695,-0.01166782,0.00041513,0.00579664,-0.0159195,-0.00091847,0.00288919,-0.01796779,-0.01574005,-0.01688203,-0.02380543,-0.01001336,-0.02420998,-0.0291262,0.00822204,-0.0086159,0.00110854,0.01214222,-0.007112,-0.0155804,-0.00664364,0.0107326,-0.005897,-0.00810952,-0.002211,-0.00570997,-0.00992061,-0.00132295,0.01039351,-0.00673183,0.00427752,-0.01370849,-0.00523097,0.01242963,-0.01556061,-0.02130252,-0.00668317,-0.01673606,-0.01570354,-0.02702764,0.0061251,0.00398252,-0.02166291,-0.01549827,0.00029347,-0.02037798,-0.02013011,0.00514277,-0.01412211,-0.0331254,0.01025208,-0.00532829,-0.01023536,-0.02138157,-0.02398796,-0.01940326,-0.00935035,1.00011155,-0.02643309,-0.02517253,-0.00068581,-0.01250417,-0.0307319,-0.01867793,-0.01053495,-0.01738841,0.000222,-0.01466192
"Np2_502248",-0.01905349,-0.0109911,-0.01762562,-0.01639999,-0.02353325,-0.01549066,-0.01800117,-0.02820461,-0.01558189,-0.01075846,0.00470634,-0.00990993,-0.00280708,-0.00773848,-0.00229159,-0.01945793,-0.02423272,-0.00727164,-0.0082114,-0.02002058,-0.0117879,0.1995799,-0.01089835,-0.01414796,-0.01593315,-0.02726792,-0.01486565,-0.01095613,-0.00247863,-0.00747543,-0.01611717,-0.00844254,0.0175207,-0.02972983,-7.6e-06,-0.01256951,0.02091321,-0.01213767,-0.0141084,-0.00592134,-0.00734312,-0.02460375,-0.00309144,-0.00891545,-0.01398828,-0.02240193,-0.02094058,-0.00599736,-0.00600495,-0.00880899,-0.02623846,0.00771872,0.00388217,-0.00398405,-0.02730439,0.00256834,-0.010541,-0.02590085,-0.02250837,0.00312032,-0.01040567,0.01124503,-0.02230001,-0.02964162,-0.01371304,-0.02828977,-0.00685955,-0.00469419,-0.02763434,-0.0293238,-0.01475768,-0.00205589,-0.01330552,-0.00906142,-0.01083296,-0.02154731,-0.00469114,-0.01046041,-0.02374612,0.0097381,-0.01484895,-0.03202745,-0.01145945,-0.02095728,0.01990652,-0.02940741,-0.01331007,-0.00279492,-0.01692001,-0.02643309,0.97827831,-0.01221369,-0.00597455,-0.00289072,-0.00287094,-0.01742794,0.00516102,-0.01400955,-0.01084512,-0.02162333
"Np2_500558",-0.00030565,-0.02143937,-0.00526443,0.00584531,-0.00813081,0.00219275,-0.00807302,-0.02040534,-0.01051974,-0.00782517,-0.02186059,-0.00728078,-0.01447181,-0.01027946,-0.02961883,-0.02093449,0.01610802,0.00904317,-0.01759522,-0.00370578,-0.00779019,-0.03500957,-0.01328728,-0.00558833,-0.01163131,-0.01612326,-0.01847109,0.00292569,-0.01216657,-0.02491863,-0.02762991,-0.00885465,0.00616008,-0.00459535,-0.01121619,0.0025288,-0.01949146,-0.02532309,-0.01862622,-0.00298805,-0.00608253,0.00843796,-0.00836954,-0.0070466,0.00034974,-0.00304583,-0.01876763,-0.00793009,0.00574797,-0.01560774,-0.01007571,-0.01443841,0.01457068,-0.01108691,-0.00825246,0.00200418,-0.0085201,-0.01277937,-0.01881478,-0.00276603,-0.00777652,-0.00893522,-0.02909878,-0.01439126,-0.02081593,-0.02718127,-0.0124418,-0.02365797,-0.0087345,0.01527473,0.03546714,-0.01143969,0.01061248,0.00299563,-0.00713936,-0.03017085,-0.00784038,-0.0158906,-0.00074055,-0.0235196,-0.01495694,0.00618439,-0.01901852,-0.02076116,-0.02171458,-0.00685804,-0.01022473,-0.00594415,0.03056768,-0.02517253,-0.01221369,0.99996251,-0.01064441,-0.00953741,-0.02533214,-0.020121,-0.00695994,-0.01959181,-0.02007689,-0.03906652
"Np2_500508",-0.00242997,-0.0250843,-0.01438365,-0.01589515,0.01316257,-0.00586203,-0.01597571,-0.02617914,-0.00838629,-0.02089803,-0.01060335,-0.01655204,-0.01051362,-0.00997076,-0.02170698,-0.01013346,-0.02464026,-0.0250143,-0.01196431,-0.00142027,-0.00307168,-0.01493262,-0.00643986,0.00871019,-0.00524009,-0.01642281,-0.01284019,-0.02124777,0.00638968,-0.01077217,-0.01226694,-0.01660529,-0.02181498,-0.01979709,-0.00132752,-0.01921162,-0.00230376,-0.01908391,-0.01968608,-0.02822595,0.00928039,-0.01832053,-0.01171034,0.0370562,0.00217906,-0.014446,0.00404639,-0.00792553,-0.0263327,-0.01727585,-0.01235209,-0.02021223,-0.0292189,-0.01442772,0.0052857,-0.01836767,-0.01551042,-0.02144238,-0.01135912,0.02248097,-0.01796017,-0.02322455,-0.03167927,-0.00830416,-0.00910249,-0.00239044,-0.00103251,-0.00160427,-0.02180732,-0.0069219,-0.00223988,-0.0261852,-0.00702228,-0.00627563,-0.01747507,-0.01237489,-0.0087482,0.01178944,-0.01001182,-0.00906903,-0.02057869,-0.00795288,-0.01049842,0.01072042,0.00550923,-0.00943854,-0.00216082,-0.00746021,-0.01033267,-0.00068581,-0.00597455,-0.01064441,0.98628404,0.00552142,-0.01696412,-0.01479421,0.0430734,-0.01548152,-0.03938428,0.00610076
"Np2_504440",-0.00710136,-0.01074784,-0.02468142,-0.01387579,-0.02344209,0.00893068,-0.02140744,0.01370394,-0.00986436,0.00605972,-0.01709952,-0.00768984,-0.03845067,-0.00855964,-0.00721845,-0.01830231,0.00338188,-0.02436354,-0.02560747,-0.01688815,-0.01823542,-0.01549833,-0.01050302,0.00571151,0.00605516,0.0140324,-0.00853987,-0.0167954,-0.0023874,-0.0338433,-0.01374503,-0.01078435,-0.00550166,-0.02522885,-0.00387002,-0.01034943,-0.01138499,-0.01341504,-0.01842705,-0.00811107,-0.01546332,-0.01919037,0.00931689,-0.02494295,-0.03472977,-0.01364314,0.00089565,0.00215322,0.0067075,-0.01723333,0.01019585,-0.00085765,0.00640643,-0.00237219,-0.01748119,-0.00889722,-0.00299869,-0.03006746,0.04890056,-0.0010462,-0.00696907,-0.02090108,0.0012089,0.01044219,-0.0029774,-0.01329642,-0.02151847,0.00969099,-0.01248894,-0.00322983,-0.0043262,0.00350961,-0.01367051,-0.02296003,-0.02701253,-0.03088408,-0.02528055,-0.02162189,-0.0321705,0.00070557,-0.03087649,0.0022779,0.00763965,-0.00216234,0.00524769,-0.01791152,-0.0101776,-0.01426051,-0.02093454,-0.01250417,-0.00289072,-0.00953741,0.00552142,1.02393406,-0.02771806,-0.01201454,-0.007369,-0.02167358,-0.03508405,-0.02335693
"Np2_500288",-0.02411261,-0.00783883,-0.01842698,-0.00822965,-0.00791183,-0.0237431,-0.01393654,-0.0031553,-0.01577501,-0.0112557,0.00877097,-0.02363662,-0.0078662,-0.01310171,-0.02316524,-0.00490098,0.00674702,0.00226725,-0.00521119,-0.01930132,0.00276906,0.01493411,-0.01778222,0.00983696,-0.01521389,-0.01392744,0.00577382,-0.00065691,-0.0301951,-0.02545993,-0.02345724,0.00124843,-0.01186852,0.00109789,-0.01008482,-0.0022703,-0.01075693,-0.00548796,0.01763168,-0.03713529,-0.014227,-0.0355933,-0.02183617,0.00351264,-0.01129219,-0.02107441,-0.01976511,-0.01820345,0.00657518,0.00057783,-0.02475887,-0.00874514,-0.01410231,-0.01968755,-0.02126292,-0.00963773,-0.01255886,0.01511502,0.00071621,0.00612052,-0.00740546,-0.01206161,-0.03131276,-0.02968266,-0.02242167,-0.00719409,-0.0110063,-0.01173012,-0.00790726,-0.01400651,-0.01221367,0.04169706,-0.02733635,-0.02537318,0.00326782,0.0284403,-0.02176325,0.00637751,-0.00386696,-0.0109835,0.00092454,-0.0170143,-0.03659084,0.0130637,-0.01678164,-0.00207718,-0.00453148,-0.00268391,-0.02897402,-0.0307319,-0.00287094,-0.02533214,-0.01696412,-0.02771806,0.97196073,-0.00287095,-0.01358379,-0.00720778,0.03792596,-0.01254061
"Np2_501450",-0.02011797,-0.01144731,-0.01154313,-0.00560353,-0.00984762,-0.01883608,0.00511235,-0.00661171,0.00342598,-0.01334356,-0.00548188,-0.0175131,-0.01482005,-0.01701433,-0.00685348,-0.01200689,-0.0064414,-0.03220994,-0.01520632,-0.00968033,-0.03596596,0.00767616,-0.02139073,-0.01840577,-0.00300781,-0.00673944,-0.00498159,-0.00761076,-0.0310665,0.05882424,-0.02387243,-0.00236003,-0.01380431,0.00220339,-0.03209296,-0.03401041,-0.00265654,-0.03707606,-0.01502081,0.0095891,-0.01464216,0.02603318,0.00177457,-0.00967578,-0.01003466,-0.0106931,-0.0016286,-0.02774241,-0.00326783,0.01111124,-0.01361727,-0.01934853,-0.03306918,-0.02238368,-0.01133782,-0.01096527,-0.00947658,-0.02848597,-0.00426082,0.01634982,0.0016073,0.01611106,0.00993732,0.01324014,-0.01903528,-0.009434,0.00104771,-0.01792368,-0.02109569,-0.01700674,-0.005786,0.00159361,-0.00463793,-0.00647637,-0.00338189,-0.01668133,-0.02445938,0.00930778,-0.01751158,-0.00896565,-0.01074327,-0.02594499,-0.02438483,0.00808671,-0.00503176,-0.01435323,-0.01787198,-0.00872539,-0.01524735,-0.01867793,-0.01742794,-0.020121,-0.01479421,-0.01201454,-0.00287095,1.00565351,-0.01080563,-0.02313336,-0.01327815,-0.01158721
"Np2_502881",-0.00285119,-0.01455701,-0.0097868,-0.00628023,-0.01493414,-0.00430644,0.00778106,-0.01534774,-0.00622243,-0.00596089,-0.00615857,5.778e-05,-0.01975451,-0.02058023,0.00326631,-0.00325568,-0.01441711,-0.01859274,-0.0180119,-0.01841637,-0.02888745,-0.01626625,0.00712872,-0.02014691,-0.01539337,-0.02688023,-0.01158873,0.01148077,0.01174688,-0.01727595,-0.01755422,-0.01124813,-0.00991911,-0.00105837,-0.01163286,-0.02404271,-0.00956783,-0.00597153,0.00650374,-0.01541771,-0.02870042,0.00406769,0.00581184,-0.00761533,-0.01831452,-0.01076153,-0.03058904,-0.01458135,-0.00470483,-0.00112223,-0.02767553,-0.00983698,-0.02036432,0.00735225,0.00227943,-0.01361878,0.00109941,-0.00985066,-0.03048415,-0.02340708,-0.0209665,-0.02075661,-0.00807456,-0.0024908,-0.01636659,0.00448738,-0.01361878,-0.01647149,-0.00078769,0.01698698,-0.01604266,-0.02630234,-0.01732763,-0.01566859,-0.02093759,-0.01629359,-0.00658435,-0.01600314,-0.03567555,-0.00219124,-0.01978345,-0.00046684,-0.01441711,-0.01098961,-0.01407192,-0.0014963,-0.0209817,-0.02430428,0.00703748,-0.01053495,0.00516102,-0.00695994,0.0430734,-0.007369,-0.01358379,-0.01080563,1.01768339,-0.00571454,-0.00528725,-0.01576136
"Np2_501114",0.01112797,-0.01821714,-0.01481551,-0.00355372,-0.0188984,0.00921654,-0.01123744,-0.02128882,-0.01474861,-0.0201134,-0.00343207,-0.01941692,-0.02174193,-0.00173504,0.00447216,0.01376471,-0.0010462,0.00177304,-0.01513331,0.00194944,-0.01399588,-6.08e-06,-0.01705995,-0.02365498,-0.01297098,-0.02430576,0.00102186,-0.02320026,-0.02034908,-0.01485356,0.00281164,0.01307135,-0.01449162,0.00379701,0.00097776,-0.01143209,-0.01687749,-0.02879163,-0.00521577,0.00160274,-0.01380885,-0.03122155,-0.00970921,-0.00777803,0.00265958,-0.015182,-0.00976701,-0.00166661,0.00288767,-0.0079757,-0.02951089,-0.00270065,0.00471547,-0.01501165,-0.01521846,0.01009241,-0.00119218,-0.01305461,-0.00844559,-0.02265738,-0.02751582,-0.00449651,-0.00504393,0.01620232,-0.0262613,-0.03369107,-0.02062429,-0.00401295,-0.00201484,-0.01267598,0.00690821,-0.02144694,-0.02478933,-0.02966899,-0.0221647,-0.01235057,0.00268087,0.00010492,-0.00375291,-0.00554726,-0.019642,-0.01811678,1.824e-05,-0.01480181,-0.00495877,-0.00606883,-0.00776282,-0.01093334,-0.00164076,-0.01738841,-0.01400955,-0.01959181,-0.01548152,-0.02167358,-0.00720778,-0.02313336,-0.00571454,0.99378484,-0.01472578,0.00475652
"Np2_501550",0.00471243,-0.00577688,0.0020346,-0.01377083,0.0095085,0.00264893,-0.00822508,-0.02998529,-0.02040383,0.00403575,0.00916027,-0.00423951,-0.01599244,-0.00389281,0.01934544,-0.01667672,-0.0165855,-0.0090523,-0.02018028,-0.01982445,0.0045269,-0.0099191,-0.02073835,-0.01820959,0.01938954,-0.01080104,-0.00280861,0.0024695,-0.01018975,-0.02993671,0.00141419,-0.00915876,-0.02166749,0.01638936,0.03501101,-0.00264134,0.02308622,-0.01254977,-0.01406432,-0.01195977,-0.00927585,-0.01604416,-0.01642885,-0.01632244,-0.0077096,-0.02281405,0.02882808,-0.01340436,0.01107017,-0.00830871,-0.01539791,-0.01808791,0.0037742,-0.01960242,-0.01098959,-0.00286183,-0.00699947,-0.02600884,-0.01592557,-0.02587959,-0.01598792,-0.00178826,-0.01054709,-0.01728044,-0.01549371,-0.01623272,-0.01152941,-0.0054104,-0.01755413,-0.01696263,-0.02855131,-0.01219999,-0.0158465,-0.00719257,-0.02569104,-0.00964232,-0.03551587,-0.00676681,0.01005591,-0.03477223,-0.02347246,-0.02346786,-0.02692578,-0.00509867,-0.02414758,-0.00731423,0.00878316,-0.01567618,-0.02934508,0.000222,-0.01084512,-0.02007689,-0.03938428,-0.03508405,0.03792596,-0.01327815,-0.00528725,-0.01472578,0.99114161,-0.02112307
"Np2_500128",0.00321004,-0.01229733,-0.02775152,0.00905688,0.00314009,0.0116389,-0.0095754,-0.00578904,-0.0211459,0.0098324,-0.00344271,-0.00726252,-0.0053298,0.00327239,-0.01469841,-0.0271508,-0.02447453,-0.01648511,0.00127885,-0.00900973,-0.01872046,-0.01841639,0.00193728,-0.00663452,-0.00142483,-0.00439615,-0.01297856,-0.00177002,0.02449886,-0.00178675,-0.01666309,-0.0211535,-0.0044661,-0.00929106,5.474e-05,-0.01509224,0.00211976,-0.02165531,-0.01617495,-0.01376627,-0.01488392,0.00876033,-0.01200079,0.01061095,-0.0087558,-0.03465672,-0.00247863,-0.01931656,-0.01719526,0.0020498,-0.01340284,-0.01776553,-0.01430305,-0.01471817,-0.0205513,-0.02550095,-0.0086539,-0.01732301,0.00036342,-0.02799022,-0.01292841,-0.01104584,0.01273679,-0.01695807,-0.01593165,-0.00511388,-0.01105497,-0.0076731,-0.02133746,-0.00341077,-0.0128706,-0.00929256,-0.02829743,-0.01036765,-0.0051443,0.00664667,-0.00812626,-0.00461967,0.0017107,-0.00951154,-0.01402631,-0.00839539,-0.01246156,-0.01070675,-0.01409318,-0.01794038,-0.01644106,0.0022855,-0.01700975,-0.01466192,-0.02162333,-0.03906652,0.00610076,-0.02335693,-0.01254061,-0.01158721,-0.01576136,0.00475652,-0.02112307,0.99072186
