"","Np2_504849","Np2_504829","Np2_504454","Np2_500357","Np2_500944","Np2_504182","Np2_502096","Np2_503522","Np2_504252","Np2_502115","Np2_503901","Np2_501923","Np2_502875","Np2_501643","Np2_500936","Np2_501058","Np2_501611","Np2_503445","Np2_500347","Np2_504485","Np2_501421","Np2_503219","Np2_504242","Np2_502945","Np2_500794","Np2_501158","Np2_504794","Np2_504507","Np2_500500","Np2_500160","Np2_503478","Np2_501145","Np2_503339","Np2_501242","Np2_501078","Np2_502835","Np2_504088","Np2_504068","Np2_502063","Np2_504799","Np2_502733","Np2_501985","Np2_502612","Np2_501679","Np2_500999","Np2_502104","Np2_504007","Np2_501740","Np2_503177","Np2_500695","Np2_500273","Np2_503912","Np2_502422","Np2_502311","Np2_503271","Np2_501842","Np2_503789","Np2_500645","Np2_501389","Np2_501273","Np2_501625","Np2_504477","Np2_504697","Np2_500397","Np2_503750","Np2_500714","Np2_500290","Np2_501277","Np2_503000","Np2_501217","Np2_502476","Np2_500473","Np2_503525","Np2_504051","Np2_504183","Np2_503283","Np2_503808","Np2_501423","Np2_500269","Np2_500458","Np2_500631","Np2_503016","Np2_501857","Np2_502277","Np2_502441","Np2_501289","Np2_500086","Np2_501603","Np2_502343","Np2_502804","Np2_501831","Np2_503278","Np2_501652","Np2_501817","Np2_501972","Np2_503288","Np2_503029","Np2_503948","Np2_503119","Np2_503492"
"Np2_504849",0.99651282,0.00397196,-0.01940379,-0.03050988,-0.0272818,-0.01587649,-0.0144622,-0.019937,-0.00178994,-0.01438928,-0.00373591,-0.02039122,-0.01408853,0.00822998,-0.01809435,-0.01455635,-0.00108357,-0.02774512,-0.01421003,-0.00088153,-0.01285653,-0.0140946,-0.00877322,-0.02240095,0.10102973,-0.01304944,0.01840482,-0.00376173,-0.01043508,-0.00406858,-0.02369524,-0.00994139,-0.02053703,-0.02095632,-0.01473715,-0.01525215,-0.00510764,-0.00647027,-0.02144853,-0.0004015,0.00031855,-0.03534207,0.01606849,-0.02136041,-0.00696093,-0.01318616,-0.01659045,-0.01010089,-0.02275035,-0.00490561,-0.0046352,-0.03277329,-0.00063848,-0.01821584,-0.00610113,0.0181709,-0.01525363,-0.02513991,-0.01116577,0.00368638,-0.00530664,-0.02591464,-0.00350804,-0.01035307,-0.03457955,-0.01783919,-0.01186456,0.00056161,-0.00698221,-0.01330618,-0.01838297,0.01051014,-0.02281111,-0.00022224,-0.03363011,-0.02373325,-0.01775865,-0.00690777,-0.01065081,0.0160624,-0.01389256,-0.00678928,-0.01248282,-0.01984587,-0.01601319,0.02856763,-0.01255726,-0.00760503,-0.01934911,-0.0013008,-0.02568223,-0.01587649,-0.004102,-0.00184768,0.00283112,-0.00879295,-0.00370856,0.00074085,-0.02483455,-0.02188751
"Np2_504829",0.00397196,0.97181505,-0.00980009,-0.02850159,-0.00977882,0.00147458,-0.00911195,0.01169348,-0.00737714,-0.00827949,-0.01160174,-0.02825703,0.00219918,-0.01330769,0.01353613,-0.01026947,-0.02702657,-0.02983838,-0.00810024,-0.01558326,-0.00203756,-0.01466878,-0.02772842,-0.00839189,-0.01134957,-0.02121906,-0.01270306,0.00249997,-0.01921233,-0.00965579,-0.00406554,-0.01324994,0.00045982,-0.01758087,-0.0112098,-0.00731944,-0.02588569,-0.01555139,-0.01199671,-0.02831934,-0.00283811,-0.00507876,-0.00881117,-0.01692159,0.03894895,-0.01649471,-0.00607529,0.01423796,-0.01983063,-0.01474627,-0.01629876,0.02513739,-0.01792269,-0.00132055,-0.01897996,-0.01430419,-0.02676525,-0.02222017,0.00314709,-0.011623,-0.01241292,-0.0056773,-0.01137387,0.00350408,-0.02072236,0.00908219,-0.02292046,-0.00517752,-0.01940531,-0.01190555,-0.01196934,0.00158092,-0.01290358,-0.01583544,-0.01308893,-0.01488906,0.00111151,-0.01598888,-0.01016164,0.00212019,-0.01477057,-0.02741546,-0.01351273,-0.00371007,-0.01127057,0.00292835,0.01588313,0.00017575,0.01258518,0.00678379,-0.01076169,-0.00399414,-0.023361,-0.00880206,-0.00199654,-0.01650688,-0.00580186,-0.0233792,-0.03406753,-0.02808232
"Np2_504454",-0.01940379,-0.00980009,0.9788403,-0.00053214,-0.0182675,-0.02752181,-0.01760062,0.04042249,-0.03212006,-0.01297043,-0.02723014,-0.022922,-0.00720095,-0.00842837,-0.00421897,-0.02088486,0.00990553,-0.0132621,-0.01932327,-0.01191923,-0.03331256,-0.01920784,-0.01297502,-0.01870346,0.00051755,0.0350054,-0.02939478,-0.00036808,-0.00597807,-0.00583984,0.00567486,-0.01019354,-0.0248907,0.00142597,-0.00101369,0.00469961,-0.0210064,0.01165857,0.01111169,-0.02769349,-0.01709931,-0.03255602,0.00685367,-0.01158656,-0.00220009,-0.00766578,-0.01501969,-0.00792251,-0.01419178,-0.00758832,-0.0156729,-0.01904981,-0.00544792,-0.00768247,0.00260934,0.00105683,-0.02993712,-2.324e-05,-0.01962101,-0.00446506,0.00689771,-0.01948278,-0.01955873,-0.02898621,-0.02556522,-0.02826925,0.0103658,-0.02110975,-0.01209546,0.02289981,-0.0376237,-0.00538867,-0.01410063,0.03173028,-0.01610888,-0.00317384,-0.01542834,-0.01293247,-0.01819459,0.02082321,-0.01870198,-0.00764908,0.00519027,-0.00399567,-0.00532791,0.0015794,-0.01265751,-0.02395954,-0.00441037,0.02123336,-0.01393355,-0.01628055,-0.01893742,-0.01577165,-0.01033331,-0.00600693,-0.02765853,-0.03338696,-0.00837671,-0.00937931
"Np2_500357",-0.03050988,-0.02850159,-0.00053214,0.99278445,0.00510976,-0.00080254,-0.01928834,-0.01610433,-0.011781,0.06068871,0.00055249,-0.012457,-0.02058568,-0.01133137,-0.02443958,-0.01512905,-0.01791054,0.00024107,-0.00445291,-0.00859395,-0.00355513,0.00037172,-0.02605594,-0.00793466,-0.01848779,-0.00405187,-0.01087864,0.01435039,-0.01617267,0.01541073,-0.02897712,-0.01750189,-0.01655245,-0.00497092,-0.0162213,-0.0313196,-0.00689561,-0.00734679,-0.00394402,-0.01798803,-0.01164731,-0.01768569,-0.01534175,-0.01995828,-0.02500316,0.01176186,0.01838358,-0.02996604,-0.0142085,-0.0086684,-0.00216972,-0.01283827,0.00349802,-0.00800302,0.00137736,-0.02053096,-0.01932023,-0.01401559,-0.02039728,0.00554423,-0.01636104,-0.01570179,-0.00909374,-0.01882504,-0.01585978,-0.02175389,-0.00636089,-0.01732875,0.0173582,0.00556549,0.00033678,-0.01239321,-0.00864863,-0.00444076,-0.0109607,-0.00607683,-0.01650844,-0.01841792,-0.00757768,0.01002098,-0.00170488,-0.00705816,-0.0214105,-0.00598719,-0.02251035,-0.03049019,-0.01464905,-0.01015255,-0.02432716,-0.00491168,-0.01653274,-0.01295527,0.02828956,-0.0095601,-0.02584476,0.0015718,-0.01597826,-0.00530056,-0.0196347,-0.02306784
"Np2_500944",-0.0272818,-0.00977882,-0.0182675,0.00510976,0.98647935,-0.02370283,-0.01454118,0.00565664,-0.0302759,-0.02100035,-0.02887989,-0.01788774,-0.01097742,0.00799908,-0.01285652,-0.00111547,-0.01225192,-0.00655685,0.00849733,-0.00096052,-0.02265768,-0.01326212,-0.0185744,-0.00971959,-0.00918335,-0.01267269,-0.01904374,-0.00763844,0.00634781,0.00663797,-0.00569705,-0.00500737,-0.0342878,0.01375186,-0.0158795,-0.00621659,-0.02842867,-0.00791645,0.00034742,-0.01339277,-0.01069788,-0.01871106,-0.00801214,-0.00427366,-0.01600254,-0.00521397,-0.01150453,-0.01792724,-0.02708278,-0.00878233,0.02202179,0.08973816,-0.01651602,0.0029724,-0.00314194,-0.00408681,-0.00834481,-0.00926843,0.00227514,-0.01477361,-0.00766426,-0.00837217,-0.01072675,-0.02577488,-0.00275761,-0.01108224,-0.02759016,-0.0178984,-0.00782074,-0.00791644,-0.02028485,-0.02921715,-0.01590228,-0.01442877,-0.02960754,-0.02457177,-0.02269873,-0.00334094,-0.00814734,-0.00619531,-0.02247844,-0.02783172,-0.00420681,0.00514014,0.01717589,-0.00508335,-0.00093925,-0.0190772,-0.01547846,-0.00532943,-0.00874738,-0.01914557,-0.00478863,-0.01605421,-0.01380595,-0.01707504,-0.0012051,-0.01787101,-0.01853335,0.00355421
"Np2_504182",-0.01587649,0.00147458,-0.02752181,-0.00080254,-0.02370283,0.99911386,-0.00480687,-0.0008633,-0.01021178,-0.00777212,-0.00851193,-0.02319242,-0.02023175,-0.01128124,0.00629617,-0.02313009,-0.0207467,-0.00077216,-0.01442878,-0.02039273,-0.01550582,-0.02859281,-0.00625761,-0.00758071,-0.00370248,-0.01083764,-0.0223736,-0.00382857,-0.02113554,0.02670215,-0.02664837,-0.00529905,-0.0143756,-0.01418725,-0.01556353,-0.00863499,-0.0224921,-0.01322113,-0.01467946,-0.00608899,-0.02086364,-0.00852103,0.01159629,-0.01580661,-0.01097741,0.00421654,-0.00207402,-0.01472502,-0.01415838,-0.01347937,-0.01974105,-0.00838279,-0.02409936,0.02273271,0.00066794,-0.00923957,-0.01592811,-0.02581439,-0.0027257,0.00027754,-0.00522156,-0.00729666,-0.00949934,-0.02409174,-0.02067074,-0.02003276,-0.01405812,-0.0136328,0.00252124,0.00804617,-0.00933526,-0.00641862,-0.01194051,-0.02110064,-0.00270748,-0.02304054,-0.00962239,0.02325533,-0.03046583,-0.00906943,-0.01608613,-0.02675624,-0.02151229,0.01229204,-0.02352358,-0.00248873,0.01897299,-0.02195134,-0.01789686,-0.00957073,-0.01268487,0.01124842,-0.00432075,0.00264276,0.01810711,-0.00460635,-0.0201816,-0.00631379,-0.01274867,-0.01572609
"Np2_502096",-0.0144622,-0.00911195,-0.01760062,-0.01928834,-0.01454118,-0.00480687,0.98796522,-0.01069029,-0.00712651,-0.02884037,-0.02836492,0.00374258,0.00260175,-0.01594333,-0.02054462,-0.02870361,-0.02829505,-0.00710524,-0.01711605,-0.01077536,-0.00285027,-0.03340679,-0.01547697,-0.01193898,0.00150952,-0.03342496,-0.00288217,0.00107962,-0.03308923,-0.00484788,0.00089428,-0.01436648,0.00086239,-0.02659669,-0.01232635,-0.01117034,-0.02244499,-0.02350385,-0.0088598,-0.01394117,-0.00592946,-0.01166401,-0.00172462,-0.03687487,-0.02536166,-0.00712955,-0.02268655,0.00370308,-0.00454102,-0.00644444,0.01327032,-0.01410823,-0.02192552,0.00561408,-0.01827361,0.04154512,-0.01542528,-0.00146182,-0.01240079,-0.00453646,-0.00350347,-0.00269229,-0.01932632,-0.02571564,0.01644219,-0.00631381,-0.02023929,-0.00948415,-0.03115549,-0.00846482,0.00468745,-0.00652344,-0.0170583,-0.00221681,-0.01374975,-0.01175215,-0.00410657,-0.0084466,0.00543181,-0.01737733,0.02725508,-0.0314183,-0.01083156,0.03436594,-0.00312067,-0.00866992,0.00671544,-0.01005532,-0.01952075,-0.02258779,-0.01719505,-0.01756723,-0.01080575,-0.00566514,-0.01663298,-0.01124325,0.0129817,-0.01310259,0.02193368,-0.00732399
"Np2_503522",-0.019937,0.01169348,0.04042249,-0.01610433,0.00565664,-0.0008633,-0.01069029,0.98612991,-0.0091074,-0.02945408,0.13401978,-0.01965748,-0.02125408,-0.01868377,-0.00809416,-0.01032873,-0.01827513,0.00382613,-0.01119767,-0.01032571,-0.02275643,-0.01700668,-0.0212556,-0.01513514,0.01046607,0.01669888,-0.02202874,-0.01502882,-0.00301737,-0.02217159,-0.02174624,-0.01118248,0.00526167,-0.01536149,-0.02919431,-0.03472235,0.02707121,-0.01758546,0.01923732,-0.01865642,-0.00563172,-0.02002508,-0.01236433,-0.02579158,-0.01488601,-0.0101738,0.02044953,-0.01893743,0.0054789,-0.0094887,-0.01559848,-0.00864559,-0.02147586,0.00454465,-0.01463386,-0.01041382,-0.01543136,-0.02759626,-0.00177323,-0.02216399,-0.00031947,-0.00816709,-0.03482711,-0.00491016,0.00078947,-0.0017626,-0.02358736,-0.01602232,0.00362561,-0.01409154,-0.01172479,-0.02172042,-0.01934301,-0.0209077,-0.02256654,-0.01479641,-0.01884783,-0.01908631,-0.02769043,-0.01616812,-0.02698255,-0.02914574,-0.01600254,-0.00118687,-0.01406419,0.01866767,-0.02974879,-0.00292167,-0.0070703,-0.01317552,-0.00504839,0.00885888,-0.01855917,-0.02238122,-0.01208178,-0.01018595,-0.01330466,-0.02267893,0.00035653,-0.02252096
"Np2_504252",-0.00178994,-0.00737714,-0.03212006,-0.011781,-0.0302759,-0.01021178,-0.00712651,-0.0091074,0.98429459,-0.03439719,0.01514487,-0.00059898,-0.00827191,-0.01831007,-0.01486018,-0.01238557,-0.01820524,-0.00187653,-0.01006443,0.0260504,-0.01038191,0.03896574,-0.01936281,-0.00671027,-0.01468094,-0.02591762,-0.00676799,-0.03075747,-0.02649334,-0.02088643,-0.0140809,0.01030656,0.00396436,-0.01103816,-0.02031371,-0.01763864,0.02303955,-0.00824912,-0.03507628,-0.00932008,-0.01999318,-0.02937354,-0.02566244,0.00374866,-0.02544976,-0.01496501,-0.00955857,-0.01750037,0.00068769,-0.01002646,-0.01583242,-0.01267725,-0.01563343,-0.02804584,0.00685519,-0.02523101,-0.01414621,-0.0228172,0.01105699,0.01178161,-0.01574429,-0.00323612,-0.01197088,0.01414835,-0.01342011,0.00013019,0.03633464,-0.02035781,-0.00891296,-0.02192092,-0.01879462,0.00432592,0.00396892,0.00589816,-0.01672413,-0.00849826,-0.02637341,-0.00701562,-0.00939147,-0.01670589,-0.00655685,0.01087624,-0.00104559,0.00389601,-0.02386839,-0.01908786,-0.02496974,0.00565512,-0.01657068,-0.01462472,-0.00194033,-0.02190878,-0.00208313,-0.00089216,-0.00958136,-0.03153525,-0.00655077,-0.00027845,-0.02433475,-0.00908309
"Np2_502115",-0.01438928,-0.00827949,-0.01297043,0.06068871,-0.02100035,-0.00777212,-0.02884037,-0.02945408,-0.03439719,0.98765529,-0.021608,-0.01243877,-0.01965599,-0.00311004,-0.00831899,0.01603047,-0.01029685,-0.00262697,-0.01841031,-0.02315898,-0.01295526,0.0028205,-0.00826432,0.01775616,-0.02788792,0.00067553,-0.01374668,-0.00659482,-0.01493917,-0.01419333,0.01068938,-0.00183704,-0.02549684,-0.01801687,-0.01711451,-0.01671807,-0.02085298,-0.01249347,-0.01197698,-0.02267898,0.00614426,-0.01219874,-0.0200327,-0.01796523,-0.00888257,-0.03272923,-0.00666318,-0.00321182,-0.01494981,-0.0157899,-0.02448212,-0.01251622,-0.00620595,-0.02940391,-0.02047932,-0.01990509,-0.0073012,-0.00093318,-0.01475841,-0.0068941,-0.03533142,-0.02920346,-0.01256941,-0.00741362,0.00208374,0.00454467,0.03057122,-0.00819596,-0.00708094,-0.02495,-0.01422825,0.00084112,-0.02685947,0.01395846,-0.02248756,-0.00104559,-0.01527492,0.03917386,-0.01971217,-0.00636696,-0.01596611,-0.02618048,0.03982701,-0.00794378,-0.03753109,0.00963212,-0.01144073,0.00946196,-0.00456076,-0.00808353,-0.01271677,-0.01688667,-0.02729091,0.0083834,-0.00653406,-0.00205579,0.00667443,-0.01804267,-0.00290648,-0.02715115
"Np2_503901",-0.00373591,-0.01160174,-0.02723014,0.00055249,-0.02887989,-0.00851193,-0.02836492,0.13401978,0.01514487,-0.021608,0.9983299,-0.01940684,-0.02130726,-0.01828122,-0.01908479,-0.00278646,-0.00754275,-0.0206844,-0.01960585,-0.03255761,-0.03055697,0.00299215,-0.01568813,-0.01108677,0.03532601,-0.0091788,-0.02648729,0.00284328,-0.02524923,-0.01493313,-0.02088796,-0.02202119,-0.01256485,0.01116942,-0.02393069,-0.02171135,0.19624461,-0.00427063,-0.02638863,-0.0071645,-0.01039407,-0.02083781,0.01720477,-0.01900886,-0.02253465,-0.00278344,-0.01135263,-0.02157308,-0.01994308,-0.01668162,-0.02370284,0.00892267,0.0003459,-0.02087729,-0.01195267,-0.02186017,-0.01107918,-0.02233263,-0.02248603,-0.02647064,-0.01556353,-0.02067682,0.00750234,-0.03443372,-0.04893802,-0.00910743,-0.019539,-0.02443052,-0.01283375,-0.01763863,-0.01177796,-0.0084056,-0.00982593,-0.00409897,-0.02231592,-0.01287477,-0.01829338,-0.01610131,-0.01938861,-0.00984113,-0.00273027,-0.02175538,-0.00633354,-0.02584933,0.01261864,-0.02498348,-0.01567444,-0.01786195,-0.00438911,-0.02933105,0.01221608,-0.01200585,-0.01557418,-0.00572439,0.00016968,0.00221742,-0.02748539,-0.00192058,-0.00379819,-0.02333369
"Np2_501923",-0.02039122,-0.02825703,-0.022922,-0.012457,-0.01788774,-0.02319242,0.00374258,-0.01965748,-0.00059898,-0.01243877,-0.01940684,0.9949449,-0.00074481,-0.01898608,-0.0073331,-0.00592186,-0.0330088,0.00473911,-0.00755034,-0.01123565,-0.01045028,0.01808585,-0.01350672,-0.01072826,0.00530269,-0.00274393,-0.01260889,0.00730333,-0.00985175,0.00517357,-0.03313791,0.01768175,-0.00597808,-0.0071569,-0.01931873,-0.03365748,-0.01774038,-0.02441987,-0.01387737,0.00367575,0.00834542,-0.02701138,-0.01464146,0.00580703,-0.02141659,-0.02445173,-0.01539948,0.01099016,-0.01153339,-0.02239948,-0.00146942,-0.0346205,0.00951514,-0.02036687,0.0159014,0.00265188,0.01555957,-0.01285956,-0.00875953,-0.02444112,-0.02872491,-0.02669849,-0.01158352,-0.00885828,-0.02336258,-0.01391384,-0.01371177,-0.00569098,-0.00639887,0.00034134,-0.01233091,0.00045982,-0.01660714,-0.01072827,0.00341142,-0.00795899,0.01244698,-0.00465344,-0.03513247,-0.00082381,-0.00282749,0.0027567,0.01195022,-0.01804727,0.00416641,0.00651646,-0.00772048,-0.01021179,-0.01086651,-0.01697173,-0.00762934,-0.0076977,-0.02250731,-0.00491016,-0.02301773,-0.02962881,-0.02165815,-0.0085499,-0.00921222,-0.01249346
"Np2_502875",-0.01408853,0.00219918,-0.00720095,-0.02058568,-0.01097742,-0.02023175,0.00260175,-0.02125408,-0.00827191,-0.01965599,-0.02130726,-0.00074481,1.0122619,-0.01648111,-0.00877777,-0.02848187,-0.01546483,-0.01052929,-0.02008438,-0.01814905,0.00192879,-0.01358875,-0.00948265,-0.02326229,0.00188322,-0.01072069,-0.00843293,-0.01632007,-0.00218187,-0.01343684,-0.00116256,-0.01657527,-0.0034731,0.00036109,-0.02425731,-0.02158224,-0.02799578,0.00816315,-0.0274748,-0.0090102,-0.01482223,-0.00794834,0.00821936,0.00542574,-0.02969719,-0.00857877,-0.0094006,-0.02736844,-0.01875061,0.00152471,-0.00868663,-0.01084829,-0.01061438,0.00036717,0.00670938,-0.01671806,-0.02872343,-0.00853168,-0.01643247,-0.00872006,-0.01664969,-0.00444532,0.02950639,-0.00149221,-0.00247658,-0.02006771,-0.0078648,0.00045982,-0.01027408,-0.0090026,-0.01590231,-0.01769486,-0.00665863,-0.01885696,-0.02006008,-0.01259375,0.00477406,-0.02296004,-0.01075259,-0.00515474,0.00575387,-0.00582771,-0.01440752,-0.01068121,-0.01550736,-0.00753669,-0.02238125,0.02085214,-0.017628,-0.02251795,-0.00087089,-0.01673783,-0.00298851,-0.01562129,-0.01261349,0.00371373,0.00378513,-0.00710829,-0.02250581,0.00824062
"Np2_501643",0.00822998,-0.01330769,-0.00842837,-0.01133137,0.00799908,-0.01128124,-0.01594333,-0.01868377,-0.01831007,-0.00311004,-0.01828122,-0.01898608,-0.01648111,1.00965478,-0.01137238,-0.02788638,-0.00013413,-0.00765517,-0.01265298,0.00918245,-0.0085651,-0.00084052,0.00387323,-0.00139954,-0.00314194,-0.01270765,-0.01938253,-0.00797721,0.03274504,-0.00919553,-0.03884822,-0.02995543,-0.01928379,-0.01757636,-0.01925645,-0.00625153,-0.00674067,-0.02633244,-0.02049911,-0.0193522,-0.01969547,0.01118005,-0.01214864,-0.01919572,0.00128014,-0.02180702,-0.00956466,0.00239363,-0.00600239,-0.00334855,-0.01994007,0.01754656,-0.01320898,0.0052161,-0.00910134,-0.00640039,-0.00807594,-0.02343096,0.01165857,-0.01085893,-0.0042053,-0.02420569,-0.01744572,-0.01730293,-0.02193313,-0.01506685,-0.02276405,-0.03509913,-0.00770377,9.98e-05,-0.00755945,0.00386412,-0.01153187,-0.02433784,-0.00898286,0.00091403,-0.02060697,-0.0003377,-0.01015711,-0.00835698,-0.01172785,-0.00629558,-0.01457158,0.00875104,-0.00488586,-0.01514432,0.00738081,-0.02275799,-0.02280506,-0.01295983,-0.0065037,-0.01295225,-0.01910304,-0.00499979,-0.00654926,-0.00617253,-0.01384851,-0.00362653,-0.00595986,-0.0157732
"Np2_500936",-0.01809435,0.01353613,-0.00421897,-0.02443958,-0.01285652,0.00629617,-0.02054462,-0.00809416,-0.01486018,-0.00831899,-0.01908479,-0.0073331,-0.00877777,-0.01137238,0.98935994,-0.01106853,-0.00093773,-0.00481293,-0.02834365,-0.02519305,-0.00086178,-0.01091057,-0.0023991,0.00159458,-0.02612426,-0.01335932,-0.01198302,-0.01926252,-0.02077095,0.00321698,-0.00030731,-0.00478255,-0.00641557,-0.01792421,-0.01200886,0.00023652,-0.03428021,-0.0073878,-0.02373324,-0.00937022,-0.02338532,-0.0297275,-0.00900259,-0.00830229,-0.00332119,-0.01030596,-0.03117978,-0.01147415,0.00200474,-0.01979878,-0.02879482,-0.01576556,-0.01553166,-0.01670283,0.01941352,-0.01738189,-0.01206962,-0.00357488,0.0015885,-0.0080167,-0.01154097,0.00856266,-0.02265464,-0.0246386,-0.03792761,-0.03288428,-0.02873253,-0.02374995,-0.02855937,-0.00981834,-0.01504703,-0.00909223,-0.00656292,-0.01754595,0.00342965,0.01074408,-0.01108071,-0.02104138,-0.01734087,-0.02799729,-0.01556963,-0.00952971,-0.01750188,0.00460543,-0.01450017,-0.00698525,-0.04279324,-0.01596611,-0.0094811,-0.00707941,-0.01520657,0.001587,0.00850037,-0.02570347,0.00935714,-0.0083433,-0.02224755,-0.01551947,0.22702449,-0.01004468
"Np2_501058",-0.01455635,-0.01026947,-0.02088486,-0.01512905,-0.00111547,-0.02313009,-0.02870361,-0.01032873,-0.01238557,0.01603047,-0.00278646,-0.00592186,-0.02848187,-0.02788638,-0.01106853,0.96620274,-0.02200902,-0.02679564,-0.02222319,-0.02195886,-0.00522308,-0.00433442,-0.02757194,-0.02205911,-0.02927024,-0.00283355,-0.02090155,-0.00250847,-0.01951159,-0.01025886,-0.01606177,-0.01673928,-0.01776465,-0.01423431,-0.02442129,-0.01734087,-0.0096269,-0.01980027,-0.01411888,-0.00249025,0.02770008,0.00814184,-0.02293412,-0.02709492,-0.01269547,-0.01998405,-0.02186924,-0.00748045,-0.00706573,0.00105683,-0.02069955,-0.00979704,0.01732476,-0.0052656,-0.01988684,-0.01840116,-0.00822783,-0.00611327,0.00786081,-0.01177035,-0.02121905,-0.02861096,-0.01106549,0.00943308,0.01422125,-0.02372562,0.00609868,0.01791721,-0.0067923,-0.01357199,0.01036579,-0.01542832,-0.02079827,-0.01051406,-0.01566681,-0.02339139,-0.01118855,-0.01674385,-0.01608152,-0.01033177,-0.02600726,-0.01784063,-0.01836925,-0.02755521,-0.00929119,-0.01468855,-0.01601316,-0.02139074,0.28313908,-0.00369336,-0.02807474,-0.01340793,-0.0210778,0.00988729,-0.01049888,-0.03047792,-0.01886147,-0.01015859,-0.01082092,-0.01622887
"Np2_501611",-0.00108357,-0.02702657,0.00990553,-0.01791054,-0.01225192,-0.0207467,-0.02829505,-0.01827513,-0.01820524,-0.01029685,-0.00754275,-0.0330088,-0.01546483,-0.00013413,-0.00093773,-0.02200902,1.00241986,-0.01043662,-0.0082947,-0.0068151,-0.00678927,-0.00027997,-0.0080228,-0.02484062,0.00197588,-0.00120965,-0.00849216,0.00428035,-0.00482357,-0.02078772,0.02596994,-0.02544523,0.02320364,0.00592248,-0.02203791,-0.00705817,-0.00207857,-0.00161829,-0.01598892,-0.01393054,-0.00607074,-0.00588085,-0.01052473,0.02572233,-0.01395787,-0.00210592,0.00497153,-0.0198322,-0.00042884,-0.0029399,-0.03046889,-0.02518697,0.00071959,-0.02065551,-0.0134019,-0.00128258,-0.02589639,-0.01876885,-0.00980771,-0.02169157,-0.0212662,0.02253528,-0.01217598,-0.00139954,0.00840164,-0.02134223,-0.01536758,-0.01327127,-0.00288977,-0.0149863,-0.01292335,-0.01426018,0.01287839,-0.01071309,-0.0050803,-0.01007053,-0.01731205,-0.01542381,-0.00898892,0.00010284,-0.00417948,-0.01819159,-0.01203621,-0.00132207,-0.01541468,-0.02552125,-0.00086938,-0.03738836,-0.01373759,-0.01604509,-0.02432417,-0.02272153,-0.00942794,-0.01644007,-0.00917882,-0.01897999,-0.01404751,0.0034661,-0.01056422,-0.01976991
"Np2_503445",-0.02774512,-0.02983838,-0.0132621,0.00024107,-0.00655685,-0.00077216,-0.00710524,0.00382613,-0.00187653,-0.00262697,-0.0206844,0.00473911,-0.01052929,-0.00765517,-0.00481293,-0.02679564,-0.01043662,0.98828732,-0.0208287,-0.0193491,-0.02266528,-0.012814,-0.01675908,-0.00608137,0.01450686,-0.01480702,-0.03181167,-0.00475977,0.13546265,-0.01509263,0.01373972,-0.01154706,-0.02275033,-0.01709327,-0.01239319,-0.02338992,-0.03527217,-0.00412631,0.02251856,0.002702,-0.01693374,-0.03421337,-0.02989463,-0.0199279,-0.0102376,-0.01737428,-0.0195633,0.00485152,-0.02253311,-0.02398084,0.00272175,-0.00794681,-0.01242208,0.00326862,-0.01742898,0.00486823,0.00774993,0.02262489,0.00469809,-0.01235067,-0.01860929,0.0043806,-0.0268367,-0.01909848,0.0137929,-0.0381297,-0.01514123,-0.01213345,0.00098239,-0.01020267,-8.856e-05,-0.02649038,-0.0282145,0.00257744,0.02188205,-0.02564273,-0.02316206,-0.00638672,-0.02820692,-0.00984872,-0.0100295,-0.0290546,-0.00725259,-0.02281873,-0.01761887,0.00782135,-0.00307358,-0.0140718,-0.0180685,-0.01262865,-0.00829925,-0.02264707,-0.01436649,-0.01909999,-0.00439518,-0.01860171,-0.02096088,-0.00299154,-0.01124931,-0.02197409
"Np2_500347",-0.01421003,-0.00810024,-0.01932327,-0.00445291,0.00849733,-0.01442878,-0.01711605,-0.01119767,-0.01006443,-0.01841031,-0.01960585,-0.00755034,-0.02008438,-0.01265298,-0.02834365,-0.02222319,-0.0082947,-0.0208287,0.99454684,-0.00581401,-0.01566229,-0.01203926,-0.0167439,-0.01913034,-0.01783459,-0.02026055,-0.02222624,-0.01416295,0.00650731,-0.01249499,0.00099455,-0.01578532,-0.01164579,-0.01449562,-0.0122261,-0.01107009,-0.00517903,-0.02036541,-0.03230549,0.00089428,-0.01919719,-0.01612104,-0.03018327,-0.00502562,-0.01189342,0.00436389,-0.01028166,-0.00242493,0.00193942,0.003378,0.03311877,0.00118291,-0.00617861,-0.00507117,-0.02318635,-0.0087884,-0.0080334,-0.01883112,-0.00576844,-0.0159813,-0.00872003,0.04632271,-0.00069317,-0.02181766,0.00864317,-0.02839232,-0.01208786,-0.00938389,-0.01419333,-0.03023948,-0.0175429,-0.02009501,-0.00966642,-0.01396546,-0.0054464,-0.01089235,-0.03575534,-0.01624563,-0.02986274,0.01264901,0.00244224,-0.01096223,-0.01012367,-0.00229581,0.00199259,0.00753273,-0.01521111,-0.01481615,-0.03263658,-0.01200583,-0.00813216,0.04587916,0.00342205,-0.0124008,-0.01212736,-0.00263608,-0.02474343,0.00158092,0.0112484,-0.01694592
"Np2_504485",-0.00088153,-0.01558326,-0.01191923,-0.00859395,-0.00096052,-0.02039273,-0.01077536,-0.01032571,0.0260504,-0.02315898,-0.03255761,-0.01123565,-0.01814905,0.00918245,-0.02519305,-0.02195886,-0.0068151,-0.0193491,-0.00581401,0.98960607,-0.00825823,-0.01040775,-0.01982157,0.02047837,0.03453454,-0.01756568,0.0093313,-0.00372071,-0.0164704,-0.02970021,-0.02684431,0.01364552,-0.02277464,-0.02972602,0.00733067,0.03431128,-0.02496668,-0.00931553,-0.02490142,0.00632352,0.04562841,-0.00340018,-0.01199367,-0.00536893,-0.01892072,-0.0142085,-0.00181425,-0.02889659,-0.01389861,0.0081996,0.00254554,-0.01541465,-0.02353576,-0.01407329,-0.01183266,-0.01095461,-0.01536452,0.00072567,-0.00504839,-0.00234898,-0.02531759,-0.01539189,-0.02093655,-0.01380596,-0.01539797,0.00073479,-0.01091208,-0.02096849,-0.02653746,-0.0073407,-0.01758239,-0.00995659,-0.02763116,-0.0164355,0.00590729,-0.02490749,-0.01209698,-0.02403248,-0.03248468,-0.01321502,-0.00367362,-0.00051999,-0.02413878,0.0041968,-0.00518663,-0.00222897,0.00297848,0.00018335,-0.01809281,0.00041122,-0.01546329,-0.03786229,-0.01287171,-0.02049147,0.00120114,-0.01725884,-0.02751728,0.00442769,0.00087909,-0.00954186
"Np2_501421",-0.01285653,-0.00203756,-0.03331256,-0.00355513,-0.02265768,-0.01550582,-0.00285027,-0.02275643,-0.01038191,-0.01295526,-0.03055697,-0.01045028,0.00192879,-0.0085651,-0.00086178,-0.00522308,-0.00678927,-0.02266528,-0.01566229,-0.00825823,0.99208861,-0.0065842,-0.01858048,-0.01124476,-0.01663298,-0.00250088,-0.01540401,-0.00870788,-0.01173541,-0.02496521,-0.01071613,0.01002554,-0.0105961,-0.02332003,-0.01072067,-0.0101723,-0.01096524,-0.01004926,-0.01484959,-0.01871567,0.0040312,-0.01324844,-0.00406858,-0.01233092,-0.00172918,0.0007044,-0.02563815,-0.01216078,-0.00718879,-0.0153205,0.00272327,-0.00961628,-0.0262443,-0.02270627,-0.01666792,-0.00986543,0.00197892,-0.02735169,-0.00866838,0.00800667,-0.01526578,-0.01460652,-0.00055493,-0.03064205,-0.01157441,-0.0075944,-0.00010072,-0.02899386,-0.00570009,-0.01141643,0.00264732,-0.0153995,-0.01362973,0.00288278,-0.0176128,-0.00012047,-0.00872916,-0.01610738,0.00794894,-0.01744265,0.00364384,-0.01948281,0.00702836,-0.00580339,-0.02171889,-0.01633072,-0.01188278,0.03043909,-0.00728146,0.00636149,-0.01786801,-0.02036692,-0.00555425,-0.00664192,-0.00287457,0.00737624,0.00699192,-0.0265359,-0.00517144,-0.00283204
"Np2_503219",-0.0140946,-0.01466878,-0.01920784,0.00037172,-0.01326212,-0.02859281,-0.03340679,-0.01700668,0.03896574,0.0028205,0.00299215,0.01808585,-0.01358875,-0.00084052,-0.01091057,-0.00433442,-0.00027997,-0.012814,-0.01203926,-0.01040775,-0.0065842,1.002982,-0.0269583,-0.0120271,-0.01103514,0.00036261,-0.01755354,-0.02012387,-0.02558192,-0.01587346,-0.00618164,-0.00913778,-0.01563189,-0.00875954,0.02525898,-0.00806837,0.00101278,-0.01159115,-0.00727692,-0.01767511,-0.00738476,-0.01144832,0.012011,-0.00931553,-0.03304525,-0.01283829,-0.00712804,-0.01947521,8.006e-05,-0.0039501,-0.01659198,-0.01814598,-0.00120206,-0.02303289,-0.01334872,-0.00669813,-0.00837369,-0.00701867,-0.0191729,-0.02513232,-0.03123903,-0.0225286,-0.0219969,-0.0180564,-0.01266058,-0.00427519,-0.0034655,-0.015041,-0.02774972,-0.0061224,-0.00497092,-0.00797874,-0.02033652,-0.0152172,-0.01550887,-0.01457464,0.00476797,-0.0065599,-0.00361893,0.00592856,-0.00108812,-0.01327733,-0.01380595,-0.01326974,0.00438668,0.00111607,-0.0040063,-0.00862434,-0.00851952,-0.02039729,-0.00801671,-0.01735154,-0.00633659,0.00047502,-0.02644329,-0.0184711,-0.03860364,0.02341935,-0.0129416,0.00063908
"Np2_504242",-0.00877322,-0.02772842,-0.01297502,-0.02605594,-0.0185744,-0.00625761,-0.01547697,-0.0212556,-0.01936281,-0.00826432,-0.01568813,-0.01350672,-0.00948265,0.00387323,-0.0023991,-0.02757194,-0.0080228,-0.01675908,-0.0167439,-0.01982157,-0.01858048,-0.0269583,1.01560132,-0.01733937,-0.02136043,-0.02150775,-0.01208026,-0.01844833,-0.03332475,-0.02194529,0.01539403,0.01228596,0.02174229,-0.01118554,-0.02486648,0.00773478,-0.03255458,-0.01189041,-0.02626105,-0.0021758,-0.0172543,-0.00096204,-0.01001128,-0.02450192,-0.01222915,-0.01815057,0.0089789,-0.00716602,-0.00827039,-0.00121118,-0.00792861,-0.0123689,-0.02261675,-0.01968635,-0.00331816,-0.01975777,0.00682178,-0.02023023,0.00316229,0.008748,-0.01771458,0.00725017,-0.01895417,-0.00422809,-0.02328969,0.05117637,-0.01941142,-0.02536631,-0.01756726,0.00223717,0.00110999,0.00402666,-0.01334416,-0.01369356,-0.0133776,-0.00393644,-0.00312676,-0.01612564,-0.02123585,0.0106423,-0.02979445,0.00237388,-0.02640987,0.00314103,-0.01247069,-0.02075436,-0.01083766,-0.01545572,-0.01535088,-0.01082247,0.00383677,-0.02084091,0.0008077,-0.01653427,-0.02583112,0.0018893,-0.00168513,-0.00908462,0.0172929,0.03178504
"Np2_502945",-0.02240095,-0.00839189,-0.01870346,-0.00793466,-0.00971959,-0.00758071,-0.01193898,-0.01513514,-0.00671027,0.01775616,-0.01108677,-0.01072826,-0.02326229,-0.00139954,0.00159458,-0.02205911,-0.02484062,-0.00608137,-0.01913034,0.02047837,-0.01124476,-0.0120271,-0.01733937,0.9777069,-0.00931551,-0.01675447,-0.01780871,-0.01384695,-0.00365841,-0.00792555,-0.00598112,-0.00513953,-0.00449392,-0.00050783,-0.02816435,-0.0124251,-0.00015388,-0.01594787,-0.00160766,0.0287058,-0.01796975,-0.02112185,-0.01558783,-0.00805163,-0.01917287,-0.01977746,0.02193518,-0.01213495,-0.02615156,-0.00025567,-0.02003725,-0.00594464,-0.00996418,-0.0047552,-0.02484518,-0.01302968,-0.02062967,0.00427122,-0.03477086,-0.01110804,-0.00992313,-0.00941578,0.01025643,-0.01679248,-0.01230813,-0.01637931,-0.0018978,-0.01089082,-0.0046109,-0.0150364,-0.00279558,-0.00079038,-0.01481915,-0.00863648,-0.00664951,-0.00495573,-0.01569115,-0.01456245,-0.00569704,-0.02364507,-0.01683806,-0.00244315,0.00401601,-0.0048661,-0.02351596,-0.00081013,-0.01595849,0.00965336,-0.01956023,-0.02657691,-0.01556353,-0.0107708,-0.01798495,-0.01375581,-0.00603884,-0.00991556,0.00443529,0.00113734,-0.00636088,-0.00493294
"Np2_500794",0.10102973,-0.01134957,0.00051755,-0.01848779,-0.00918335,-0.00370248,0.00150952,0.01046607,-0.01468094,-0.02788792,0.03532601,0.00530269,0.00188322,-0.00314194,-0.02612426,-0.02927024,0.00197588,0.01450686,-0.01783459,0.03453454,-0.01663298,-0.01103514,-0.02136043,-0.00931551,0.99412447,-0.01500298,-0.01666486,0.0023359,0.02999394,-0.02774515,-0.02033197,-0.02389574,-0.0007676,-0.01455487,-0.0133487,-0.01659807,-0.00371919,-0.01480402,-0.00502106,-0.01982461,-0.03247251,-0.00904056,-0.00289888,-0.03440332,-0.00891448,0.01144436,-0.01307528,-0.02223236,-0.02272908,0.00453403,-0.00567731,-0.0104214,-0.00775695,-0.01986557,-0.01823259,-0.01218963,-0.00429492,-0.01357354,-0.01949949,-0.02819328,-0.01409609,-0.01936128,0.00972931,-0.0036478,-0.0101009,-0.00612089,-0.02992046,-0.01126605,-0.00756858,-0.00553754,-0.02565332,0.0021764,-0.00699131,-0.00096052,-0.00687283,-0.0193066,-0.01059765,-0.00597505,-0.01397153,-0.01733632,-0.02435302,-0.01071765,-0.02674098,-0.01207723,-0.01766293,-0.00422354,-0.02362536,-0.00879904,-0.02191029,-0.01631852,-0.01214104,-0.02193158,-0.01425864,-0.02035932,-0.02084542,-0.01469614,-0.0055102,-0.02399902,-0.02162319,-0.0127517
"Np2_501158",-0.01304944,-0.02121906,0.0350054,-0.00405187,-0.01267269,-0.01083764,-0.03342496,0.01669888,-0.02591762,0.00067553,-0.0091788,-0.00274393,-0.01072069,-0.01270765,-0.01335932,-0.00283355,-0.00120965,-0.01480702,-0.02026055,-0.01756568,-0.00250088,0.00036261,-0.02150775,-0.01675447,-0.01500298,0.9790925,-0.00800149,-0.00738171,0.00569308,-0.00313131,-0.00984568,0.0201624,-0.02142263,-0.01728466,-0.00453342,-0.02798668,-0.0328811,-0.00978645,-0.00926995,-0.00994594,-0.00041516,-0.00614973,-0.00608441,-0.01753683,-0.00465646,-0.00207097,-0.01717224,-0.00308725,-0.02135732,-0.01065232,-5.211e-05,-0.02682299,-0.00562565,-0.03019078,-0.00349285,-0.00489345,-0.02494996,-0.00885979,0.00101277,-0.00631379,-0.01439533,-0.02300251,-0.00697612,0.00136977,-0.02711014,-0.01766143,-0.0201937,-0.00290648,-0.01667855,0.03973588,0.0112651,-0.00769313,-0.01412645,-0.01158959,-0.00793163,-0.03631584,-0.01712517,-0.02419956,-0.00789061,-0.02219282,0.00177992,-0.00539626,-0.00303863,-0.0076673,-0.01097436,-0.01151062,0.00767246,0.01915679,-0.02038662,-0.0120605,-0.00803492,-0.02390183,-0.01455788,-0.01427838,-0.00564995,-0.0203122,0.00133026,-0.01548756,-0.02769497,-0.00408833
"Np2_504794",0.01840482,-0.01270306,-0.02939478,-0.01087864,-0.01904374,-0.0223736,-0.00288217,-0.02202874,-0.00676799,-0.01374668,-0.02648729,-0.01260889,-0.00843293,-0.01938253,-0.01198302,-0.02090155,-0.00849216,-0.03181167,-0.02222624,0.0093313,-0.01540401,-0.01755354,-0.01208026,-0.01780871,-0.01666486,-0.00800149,0.97029878,-0.00798023,-0.01829936,-0.01086954,-0.02867326,0.00665163,-0.01138753,-0.01393354,-0.02214571,0.00817681,0.00449756,-0.01630941,-0.00333638,-0.01358264,-0.00845722,-0.01844521,-0.00637911,0.0048029,-0.00890079,-0.00783439,-0.00713713,-0.01781329,-0.01147412,-0.00350347,-0.02525986,-0.01223062,-0.00212263,-0.02258622,0.00654226,-0.0080744,-0.02007975,-0.01477511,0.00785778,-0.02605283,-0.00709459,-0.00673914,-0.02322123,-0.02642046,-0.01707502,0.00012107,0.03951557,0.02140809,-0.00466862,-0.02056283,-0.01060064,0.00249389,-0.00986389,-0.01674537,-0.00564387,0.00637972,-0.00906487,-0.00641709,-0.00970439,-0.01701879,0.00239666,-0.00174133,-0.0045486,0.00419071,-0.00549652,0.00596805,-0.01799102,-0.02382433,-0.01232633,-0.00612694,-0.03066023,-0.01417052,-0.01302968,0.00335217,-0.00776755,0.0273963,-0.00838279,-0.01882042,-0.034066,0.01111167
"Np2_504507",-0.00376173,0.00249997,-0.00036808,0.01435039,-0.00763844,-0.00382857,0.00107962,-0.01502882,-0.03075747,-0.00659482,0.00284328,0.00730333,-0.01632007,-0.00797721,-0.01926252,-0.00250847,0.00428035,-0.00475977,-0.01416295,-0.00372071,-0.00870788,-0.02012387,-0.01844833,-0.01384695,0.0023359,-0.00738171,-0.00798023,0.99493578,0.00890444,-0.01966814,-0.01529315,-0.00609656,-0.03416173,-0.01149086,-0.02031069,-0.01854707,-0.00521245,-0.01751256,-0.02747781,-0.01903924,-0.0207497,-0.01053382,-0.01745633,-0.02268049,-0.01785129,-0.02908951,-0.00970744,-0.00595226,-0.00492991,-0.01837844,-0.00701866,-0.02224448,-0.00347767,-0.02120693,-0.0320305,-0.00730273,-0.03449898,-0.00048353,0.02746621,0.00282202,-0.0198428,-0.00080254,-0.01090449,-0.00590061,-0.01751862,-0.02629902,0.00246198,-0.01002496,-0.00420074,-0.00110636,-0.00739842,-0.01997652,-0.01440902,-0.01050497,-0.01489819,-0.01487542,-0.02287648,0.00012715,0.00063756,-0.01062649,-0.01657982,-0.00674219,-0.00499219,-0.00369641,0.00119962,0.00552449,0.00450365,-0.03399013,-0.00426303,-0.01006443,-0.01196331,-0.00823394,-0.01484045,-0.01851059,-0.01899669,0.00143205,-0.0042691,0.00185131,-0.01415382,0.00428793
"Np2_500500",-0.01043508,-0.01921233,-0.00597807,-0.01617267,0.00634781,-0.02113554,-0.03308923,-0.00301737,-0.02649334,-0.01493917,-0.02524923,-0.00985175,-0.00218187,0.03274504,-0.02077095,-0.01951159,-0.00482357,0.13546265,0.00650731,-0.0164704,-0.01173541,-0.02558192,-0.03332475,-0.00365841,0.02999394,0.00569308,-0.01829936,0.00890444,0.96988857,-0.01829029,-0.00890231,0.00074997,-0.01652964,-0.02029092,0.00066338,-0.00911803,-0.01963313,-0.0209958,-0.0169854,-0.00459722,-0.02347339,-0.01948578,-0.01152122,-0.01704919,-0.00781464,-0.01236887,0.01506434,0.00529964,-0.01965441,-0.0136586,-0.0273638,-0.0009666,-0.00756857,-0.00175196,-0.00027086,-0.00364627,-0.00228365,-0.02812031,-0.01186757,-0.01205442,-0.00555272,-0.0179576,-0.02046409,-0.03186639,-0.03026831,-0.01990815,-0.00892054,-0.01122957,-0.01983672,-0.00307053,-0.01148931,-0.02209258,0.01248947,-0.02279894,-0.0075959,-0.02094111,-0.01238408,0.02034167,-0.01727704,-0.00621049,0.01912943,-0.01022544,-0.03186938,-0.01644612,-0.01413254,-0.02803681,0.00253946,-0.02228245,-0.02551961,-0.00169879,0.00718787,-0.00624847,-0.02728631,-0.03110835,0.01428201,-0.00281077,-0.02810817,-0.01120221,-0.01778898,-0.01666486
"Np2_500160",-0.00406858,-0.00965579,-0.00583984,0.01541073,0.00663797,0.02670215,-0.00484788,-0.02217159,-0.02088643,-0.01419333,-0.01493313,0.00517357,-0.01343684,-0.00919553,0.00321698,-0.01025886,-0.02078772,-0.01509263,-0.01249499,-0.02970021,-0.02496521,-0.01587346,-0.02194529,-0.00792555,-0.02774515,-0.00313131,-0.01086954,-0.01966814,-0.01829029,1.00374165,-0.00648546,0.02048448,-0.03036707,-0.0048099,-0.01180683,0.00210957,-0.01159568,-0.00217277,0.00928121,-0.01023155,-0.00525803,0.00328685,-0.00409137,0.01498995,-0.00311915,-0.01633221,-0.02201514,-0.00960112,0.00266251,-0.01078602,-0.00170488,-0.01601926,-0.00256924,0.00431071,-0.01091818,-0.01945849,-0.01657678,-0.01309504,-0.02798363,0.00190752,-0.00906031,-0.01751559,-0.01728772,-0.02352513,-0.00081165,-0.00625001,-0.01744115,-0.00774935,-0.00253278,-0.01888277,-0.01408546,-0.01739711,-0.02200752,-0.00063392,-0.0094325,-0.03067703,-0.02287953,-0.03025775,-0.00999912,-0.01138909,-0.02493788,-0.01616361,0.02128503,-0.0176751,-0.00806988,-0.01589779,-0.02512168,0.00884522,-0.02948297,-0.02784084,-0.01454881,0.00573868,0.00065124,0.00700711,-0.00745464,-0.00312827,-0.00882943,-0.02184953,-0.01613169,-0.00771592
"Np2_503478",-0.02369524,-0.00406554,0.00567486,-0.02897712,-0.00569705,-0.02664837,0.00089428,-0.02174624,-0.0140809,0.01068938,-0.02088796,-0.03313791,-0.00116256,-0.03884822,-0.00030731,-0.01606177,0.02596994,0.01373972,0.00099455,-0.02684431,-0.01071613,-0.00618164,0.01539403,-0.00598112,-0.02033197,-0.00984568,-0.02867326,-0.01529315,-0.00890231,-0.00648546,0.99699595,-0.00992771,-0.01809281,-0.01820829,0.01322778,0.00952274,0.00462821,-0.02362236,-0.00654775,-0.00950239,0.00580095,-0.00737715,-0.00883094,-0.02696737,0.01006656,-0.02137558,-0.00138587,-0.00735286,-0.01757178,-0.00960112,0.01391138,-0.01468246,-0.00639735,0.01020477,0.00044464,-0.00505751,-0.0123537,-0.00401086,-0.00583528,-0.0218207,-0.02230677,-0.02225516,-0.01974864,-0.00638976,-0.02940097,-0.02921872,-0.03281434,-0.0203882,-0.019577,-0.0047856,-0.02201511,-0.00405947,-0.01079663,0.00085479,-0.00672851,0.00651037,-0.01212434,-0.01114755,0.07898924,-0.00898891,-0.00476434,0.01039013,-0.02477377,-0.02833912,-0.02420262,-0.01592816,-0.01056878,0.00395374,-0.02237362,-0.00873067,-0.02642811,-0.04001638,-0.00545552,-0.01474628,-0.00824457,-0.01364038,-0.01250563,-0.02658908,-0.00598415,-0.01792421
"Np2_501145",-0.00994139,-0.01324994,-0.01019354,-0.01750189,-0.00500737,-0.00529905,-0.01436648,-0.01118248,0.01030656,-0.00183704,-0.02202119,0.01768175,-0.01657527,-0.02995543,-0.00478255,-0.01673928,-0.02544523,-0.01154706,-0.01578532,0.01364552,0.01002554,-0.00913778,0.01228596,-0.00513953,-0.02389574,0.0201624,0.00665163,-0.00609656,0.00074997,0.02048448,-0.00992771,0.98667686,-0.00099698,-0.01356897,-0.02497124,-0.02958782,-0.0217219,-0.00713412,-0.01968181,-0.03007999,-0.01234609,-0.01504247,-0.02667415,-0.02627769,-0.00489041,-0.01825535,-0.00889928,-0.01881591,-0.00624847,0.00141837,-0.00256469,-0.02280349,-0.00479623,-0.01158806,0.00022285,-0.01409001,-0.01743656,-0.00134638,-0.00210744,0.01942871,0.00132115,-0.03113573,0.00266402,-0.00129472,-0.02293873,-0.00376781,-0.01997194,-0.01058397,-5.059e-05,-0.03143954,-0.0071979,-0.00595226,0.00645111,0.00716509,-0.00041821,-0.02637189,0.00193335,-0.0341557,-0.01815054,-0.00678016,-0.02230375,-0.01033939,0.00189233,-0.02491506,-0.01409458,-0.01614994,-0.01641119,0.00859304,-0.02715265,-0.02186471,-0.0172315,0.00077732,-0.01661475,-0.00372678,-0.02745498,-0.0077858,-0.01272741,-0.01116423,2.232e-05,-0.01905744
"Np2_503339",-0.02053703,0.00045982,-0.0248907,-0.01655245,-0.0342878,-0.0143756,0.00086239,0.00526167,0.00396436,-0.02549684,-0.01256485,-0.00597808,-0.0034731,-0.01928379,-0.00641557,-0.01776465,0.02320364,-0.02275033,-0.01164579,-0.02277464,-0.0105961,-0.01563189,0.02174229,-0.00449392,-0.0007676,-0.02142263,-0.01138753,-0.03416173,-0.01652964,-0.03036707,-0.01809281,-0.00099698,0.97702929,-0.01277144,-0.00427365,-0.02377728,-0.0075564,0.05199651,-0.01341555,-0.0101419,-0.01276383,0.0038322,-0.01266055,-0.01651752,-0.01685322,-0.00636848,-0.01235521,-0.0114863,-0.01274257,-0.0094811,-0.0008557,-0.00757462,-0.01204989,-0.01899359,-0.01887971,-0.00174741,-0.00995504,0.00157788,-0.01194353,-0.00134486,-0.02431345,-0.02760384,-0.01157743,0.00618679,-0.01515338,0.01510691,0.00057376,-0.01966054,-0.01079815,-0.0152992,-0.0033622,-0.01442119,-0.00854989,-0.03259707,-0.01784976,-0.02846062,-0.01580204,-0.01026799,-0.02585991,-0.01464144,-0.01998713,-0.00589604,-0.00976668,0.00611236,-0.02195585,-0.02234023,-0.00908157,-0.00033162,-0.01602532,0.00414969,-0.01476298,-0.01407179,-0.01277903,-0.01477816,0.06661465,-0.01792571,-0.01223369,-0.00930335,0.02482145,-0.01248737
"Np2_501242",-0.02095632,-0.01758087,0.00142597,-0.00497092,0.01375186,-0.01418725,-0.02659669,-0.01536149,-0.01103816,-0.01801687,0.01116942,-0.0071569,0.00036109,-0.01757636,-0.01792421,-0.01423431,0.00592248,-0.01709327,-0.01449562,-0.02972602,-0.02332003,-0.00875954,-0.01118554,-0.00050783,-0.01455487,-0.01728466,-0.01393354,-0.01149086,-0.02029092,-0.0048099,-0.01820829,-0.01356897,-0.01277144,0.99700507,-0.00651583,-0.01766448,-0.02149557,-0.0107055,-0.01034092,-0.01785284,-0.00725867,0.00189384,0.01274472,0.01238166,-0.01332288,-0.00238239,0.04176087,-0.01980485,0.00840923,-0.01521721,-0.01950407,-0.02440007,-0.01474782,-0.02229916,-0.00425999,-0.00793923,-0.01872932,-0.02269114,-0.01995826,-0.01862604,-0.01151667,-0.00341386,-0.01746545,0.00455226,-0.00144511,-0.01447895,-0.0147326,-0.00899045,-0.00757161,0.00539687,-0.00408529,0.00156573,0.02779281,-0.02557284,-0.01781333,-0.0218921,-0.0109045,-0.01235827,0.00592551,-0.00078127,-0.01645678,-0.01770852,-0.00714777,-0.01891619,-0.02100797,0.01491401,-0.02150167,0.01033848,-0.02054615,0.00752815,-0.02353728,-0.02603618,-0.02732587,-0.00380427,-0.02388665,0.00763146,-0.01174152,-0.01549517,-0.02572778,0.00851252
"Np2_501078",-0.01473715,-0.0112098,-0.00101369,-0.0162213,-0.0158795,-0.01556353,-0.01232635,-0.02919431,-0.02031371,-0.01711451,-0.02393069,-0.01931873,-0.02425731,-0.01925645,-0.01200886,-0.02442129,-0.02203791,-0.01239319,-0.0122261,0.00733067,-0.01072067,0.02525898,-0.02486648,-0.02816435,-0.0133487,-0.00453342,-0.02214571,-0.02031069,0.00066338,-0.01180683,0.01322778,-0.02497124,-0.00427365,-0.00651583,0.98240154,-0.01266057,-0.00114889,-0.01360088,0.00241034,-0.01679856,-0.00286242,-9.008e-05,-0.03602719,-0.02104745,0.00216272,-0.01317703,-0.02265768,-0.01267422,-0.00739842,-0.01158049,0.00752664,-0.02380152,-0.01308591,2.232e-05,-0.01414318,-0.01843004,0.08273668,0.01071976,-0.00447266,-0.00389996,-0.00924714,0.00690684,-0.02233563,-0.01869894,0.00097632,0.00541207,0.00318355,-0.00915147,-0.01958153,-0.00539778,-0.01412038,-0.00831748,-0.01019354,-0.0286201,-0.01554379,0.02762118,-0.01592661,-0.00796201,-0.02006003,-0.01689273,-0.00142688,-0.01422371,-0.00882788,0.0497376,-0.00187653,-0.01973044,-0.01406723,-0.03539527,-0.01235217,-0.02742001,0.00318963,0.00388082,-0.02323342,0.00393399,-0.01569265,-0.00939147,-0.01418117,-0.02537834,-0.01647042,-0.01914402
"Np2_502835",-0.01525215,-0.00731944,0.00469961,-0.0313196,-0.00621659,-0.00863499,-0.01117034,-0.03472235,-0.01763864,-0.01671807,-0.02171135,-0.03365748,-0.02158224,-0.00625153,0.00023652,-0.01734087,-0.00705817,-0.02338992,-0.01107009,0.03431128,-0.0101723,-0.00806837,0.00773478,-0.0124251,-0.01659807,-0.02798668,0.00817681,-0.01854707,-0.00911803,0.00210957,0.00952274,-0.02958782,-0.02377728,-0.01766448,-0.01266057,1.01509995,-0.01594332,-0.01138151,-0.00433291,-0.02050368,-0.00763086,0.00729422,-0.00069165,-0.01427083,-0.01111262,-0.00184312,-0.02302079,-0.01242968,-0.00198895,-0.01346268,0.00078339,-0.01186,-0.02013302,-0.00216364,-0.02513994,-0.02243897,-0.00634115,0.0083819,-0.02382437,-0.00228821,-0.01887669,0.01900036,-0.02345828,-0.01875823,-0.01655251,-0.00133118,-0.03303009,-0.0166543,-0.00612088,-0.00105167,-0.01372393,-0.00792101,-0.01420245,-0.00300674,-0.01636261,-0.01527647,0.00361044,-0.01197091,-0.01176432,-0.01604055,-0.0315642,-0.00547224,-0.01769787,-0.00227454,-0.01317707,-0.02267601,0.0153439,-0.02375757,-0.00998089,-0.01137694,-0.0161621,-0.02564885,0.03488855,0.04124444,-0.01408093,-0.02524931,-0.00922743,0.00980528,0.01020632,-0.01373457
"Np2_504088",-0.00510764,-0.02588569,-0.0210064,-0.00689561,-0.02842867,-0.0224921,-0.02244499,0.02707121,0.02303955,-0.02085298,0.19624461,-0.01774038,-0.02799578,-0.00674067,-0.03428021,-0.0096269,-0.00207857,-0.03527217,-0.00517903,-0.02496668,-0.01096524,0.00101278,-0.03255458,-0.00015388,-0.00371919,-0.0328811,0.00449756,-0.00521245,-0.01963313,-0.01159568,0.00462821,-0.0217219,-0.0075564,-0.02149557,-0.00114889,-0.01594332,0.97644284,-0.02493481,-0.02381068,0.0019455,-0.01753832,-0.0099049,-0.02548621,-0.01673475,-0.01783,-0.0099277,-0.0084709,-0.03570512,-0.01630179,-0.02959841,-0.01276993,-0.00034832,0.00277188,-0.02802153,-0.03261683,-0.02611814,0.00623388,-0.0282616,-0.01565466,-0.02951333,-0.00204818,-0.00138891,-0.01057939,-0.02410841,-0.0117248,-0.02035325,-0.0086061,-0.00559831,-0.02575055,-0.02022561,-0.0169474,-0.0143346,-0.01955263,-0.02719367,-0.01761126,-0.0212343,-0.01586736,-0.02810666,0.17003723,0.02190328,0.00729117,-0.00110028,-0.01393353,-0.01537213,-0.01032419,-0.01344291,-0.01552707,-0.0251581,-0.01882499,-0.00654924,0.0070466,-0.02097302,-0.02256652,-0.00739994,-0.01669677,-0.00796504,-0.03022427,0.00688556,0.00257743,-0.01741377
"Np2_504068",-0.00647027,-0.01555139,0.01165857,-0.00734679,-0.00791645,-0.01322113,-0.02350385,-0.01758546,-0.00824912,-0.01249347,-0.00427063,-0.02441987,0.00816315,-0.02633244,-0.0073878,-0.01980027,-0.00161829,-0.00412631,-0.02036541,-0.00931553,-0.01004926,-0.01159115,-0.01189041,-0.01594787,-0.01480402,-0.00978645,-0.01630941,-0.01751256,-0.0209958,-0.00217277,-0.02362236,-0.00713412,0.05199651,-0.0107055,-0.01360088,-0.01138151,-0.02493481,1.0129152,-0.00162741,-0.01688671,-0.01252081,-0.02311647,-0.02487408,0.00392944,-0.00400175,-0.02997518,-0.01849238,-0.03053575,-0.01705683,0.0015475,-0.01246158,-0.00824305,-0.00056557,-0.01176277,-0.01180077,-0.00651736,-0.01518074,-0.01443336,-0.02780288,-0.00687436,-0.02042464,-0.01551192,-0.00161221,-0.00845725,-0.01141645,0.00669116,-0.01847566,-0.01410069,0.00539537,-0.013689,-0.00934743,-0.01903926,-0.02532068,-0.00607379,-0.01988538,-0.00801368,0.00069529,-0.01032878,-0.01862909,-0.01637323,0.0226386,-0.01552712,-0.005574,-0.01005079,-0.02718158,-0.01024828,-0.02281419,-0.00024047,-0.01988385,-0.00046834,-0.00282294,0.03599751,0.00645265,-0.00967404,-0.02155335,0.00966097,-0.00485093,0.00704205,-0.03083803,-0.00540843
"Np2_502063",-0.02144853,-0.01199671,0.01111169,-0.00394402,0.00034742,-0.01467946,-0.0088598,0.01923732,-0.03507628,-0.01197698,-0.02638863,-0.01387737,-0.0274748,-0.02049911,-0.02373324,-0.01411888,-0.01598892,0.02251856,-0.03230549,-0.02490142,-0.01484959,-0.00727692,-0.02626105,-0.00160766,-0.00502106,-0.00926995,-0.00333638,-0.02747781,-0.0169854,0.00928121,-0.00654775,-0.01968181,-0.01341555,-0.01034092,0.00241034,-0.00433291,-0.02381068,-0.00162741,1.01121358,-0.01409158,-0.00835849,0.00261693,-0.00658421,-0.01241601,-0.01624563,-0.02383805,0.00283569,0.00461606,-0.02216097,0.00646936,-9.616e-05,-0.00225783,-0.00126434,-0.00911955,-0.02936149,-0.00402605,-0.00494206,0.03044065,-0.01300692,-0.02063734,0.01548668,0.00141078,-0.00671637,-0.01113086,-0.01560914,-0.01086959,-0.01644008,-0.00598873,-0.00639281,-0.0130206,-0.00974239,-0.02535869,-0.01508199,-0.02378641,-0.01344444,-0.01630794,-0.00683942,-0.01406574,-0.01887214,-0.01585674,-0.01527798,0.01461171,-0.0197927,-0.01515493,-0.00327106,-0.02750521,-0.02108242,-0.00640799,0.01162211,-0.03291614,-0.01445919,-0.00905881,-0.00639887,-0.02070266,0.01785192,0.00243009,-8.097e-05,-0.02312709,-0.01209243,-0.01233549
"Np2_504799",-0.0004015,-0.02831934,-0.02769349,-0.01798803,-0.01339277,-0.00608899,-0.01394117,-0.01865642,-0.00932008,-0.02267898,-0.0071645,0.00367575,-0.0090102,-0.0193522,-0.00937022,-0.00249025,-0.01393054,0.002702,0.00089428,0.00632352,-0.01871567,-0.01767511,-0.0021758,0.0287058,-0.01982461,-0.00994594,-0.01358264,-0.01903924,-0.00459722,-0.01023155,-0.00950239,-0.03007999,-0.0101419,-0.01785284,-0.01679856,-0.02050368,0.0019455,-0.01688671,-0.01409158,1.0098614,-0.01784522,-0.01400952,-0.01956485,-0.01400346,9.22e-05,-0.01312085,-0.01455033,-0.01170658,-0.00445596,-0.01000521,-0.00092407,-0.00976973,-0.02472676,-0.00280773,0.0088513,-0.01594333,-0.00592187,-0.00274394,-0.0232532,-0.01311023,-0.00979859,0.04357321,-0.01832982,-0.01347785,-0.00595531,-0.02035634,-0.0045076,0.01034913,-0.03684302,-0.02129206,0.00082289,-0.00947657,-0.01332744,-0.01489212,-0.00029668,-0.02169312,0.00965035,-0.00775391,-0.0140794,-0.00438,-0.01094097,0.00831506,-0.00087241,0.00179055,-0.00607379,-0.0075215,-0.00899804,-0.01072981,-0.02551208,-0.0180974,-0.01832528,-0.02173564,-0.01694897,-0.00907399,-0.01791512,-0.00128409,-0.01716318,-0.00694118,-0.02127535,0.00202753
"Np2_502733",0.00031855,-0.00283811,-0.01709931,-0.01164731,-0.01069788,-0.02086364,-0.00592946,-0.00563172,-0.01999318,0.00614426,-0.01039407,0.00834542,-0.01482223,-0.01969547,-0.02338532,0.02770008,-0.00607074,-0.01693374,-0.01919719,0.04562841,0.0040312,-0.00738476,-0.0172543,-0.01796975,-0.03247251,-0.00041516,-0.00845722,-0.0207497,-0.02347339,-0.00525803,0.00580095,-0.01234609,-0.01276383,-0.00725867,-0.00286242,-0.00763086,-0.01753832,-0.01252081,-0.00835849,-0.01784522,0.98106759,-0.01359326,-0.01322413,-0.03181628,-0.00708701,-0.01923667,-0.00304472,-0.00232771,-0.01026798,-0.02098214,-0.02329418,-0.01618937,-0.01732265,-0.01044266,-0.01078448,-0.00504536,-0.00748045,-0.00855597,-0.04015453,-0.01269397,-0.0104457,-0.02816743,-0.01107765,-0.03372123,-0.00903297,0.00345396,-0.01199062,-0.0232623,-0.00376628,-0.00386198,-0.01091359,-0.00678168,-0.00136612,0.00512039,-0.0041339,0.01259888,-0.01271981,-0.0266301,-0.0094097,-0.01095157,-0.02070262,-0.02256199,-0.01914097,-0.03349184,-0.00672091,0.00246503,0.00919155,-0.00469293,0.0400731,-0.01676968,-0.0107693,-0.00536893,-0.01607698,-0.00744247,-0.01005531,-0.01438775,-0.01036673,-0.01943718,0.00663644,0.00274757
"Np2_501985",-0.03534207,-0.00507876,-0.03255602,-0.01768569,-0.01871106,-0.00852103,-0.01166401,-0.02002508,-0.02937354,-0.01219874,-0.02083781,-0.02701138,-0.00794834,0.01118005,-0.0297275,0.00814184,-0.00588085,-0.03421337,-0.01612104,-0.00340018,-0.01324844,-0.01144832,-0.00096204,-0.02112185,-0.00904056,-0.00614973,-0.01844521,-0.01053382,-0.01948578,0.00328685,-0.00737715,-0.01504247,0.0038322,0.00189384,-9.008e-05,0.00729422,-0.0099049,-0.02311647,0.00261693,-0.01400952,-0.01359326,0.97780109,-0.01288233,-0.00534614,-0.00841621,-0.01403379,-0.00467773,0.00302708,-0.01919261,-0.01684261,0.01335386,0.0029891,-0.00862586,0.03638318,-0.01697476,-0.00865319,-0.0062272,-0.005176,-0.01231722,-0.00809872,0.00949232,-0.01081182,-0.01574885,0.00262301,0.01379137,-0.00683789,-0.02866262,0.00867659,-0.00828558,-0.01506526,0.046394,-0.0135796,-0.00953121,-0.03646467,-0.00364019,0.00033222,-0.02604983,-0.02461731,0.01630088,-0.02093957,-0.02248755,-0.01675147,0.00672151,-0.01689578,-0.01139211,-0.014207,-0.03102633,-0.00693359,-0.00303104,-0.02858058,0.00506723,-0.01991421,-0.03107798,-0.01165795,8.66e-06,-0.02543912,0.00152016,-0.01134804,-0.01930199,-0.00131599
"Np2_502612",0.01606849,-0.00881117,0.00685367,-0.01534175,-0.00801214,0.01159629,-0.00172462,-0.01236433,-0.02566244,-0.0200327,0.01720477,-0.01464146,0.00821936,-0.01214864,-0.00900259,-0.02293412,-0.01052473,-0.02989463,-0.03018327,-0.01199367,-0.00406858,0.012011,-0.01001128,-0.01558783,-0.00289888,-0.00608441,-0.00637911,-0.01745633,-0.01152122,-0.00409137,-0.00883094,-0.02667415,-0.01266055,0.01274472,-0.03602719,-0.00069165,-0.02548621,-0.02487408,-0.00658421,-0.01956485,-0.01322413,-0.01288233,0.9932767,-0.01637019,-0.00592035,0.00502014,-0.0178285,0.0096245,-0.02140596,-0.0166254,-0.00921527,0.0076117,-0.01129491,-0.00274393,-0.00733919,-0.00190388,-0.01846651,-0.01604814,-0.00723892,-0.00575478,-0.0288753,-0.01864578,-0.00368273,-0.01417358,-0.03004506,0.01996348,-0.02191333,-0.01100629,-0.0138409,-0.00877168,-0.01111412,0.00410717,-0.01189645,-0.00434658,-0.02651316,-0.00750174,0.00151104,-0.01969092,-0.00505295,-0.00811392,-0.01619397,-0.01471134,-0.01554378,-0.00650065,-0.03001161,-0.01140733,-0.02306177,0.01318374,-0.02241007,0.0220704,-0.01689428,0.00202601,-0.00108661,-0.01159264,-0.01937039,-0.00516993,-0.00449089,-0.02313162,-0.02364206,-0.0018583
"Np2_501679",-0.02136041,-0.01692159,-0.01158656,-0.01995828,-0.00427366,-0.01580661,-0.03687487,-0.02579158,0.00374866,-0.01796523,-0.01900886,0.00580703,0.00542574,-0.01919572,-0.00830229,-0.02709492,0.02572233,-0.0199279,-0.00502562,-0.00536893,-0.01233092,-0.00931553,-0.02450192,-0.00805163,-0.03440332,-0.01753683,0.0048029,-0.02268049,-0.01704919,0.01498995,-0.02696737,-0.02627769,-0.01651752,0.01238166,-0.02104745,-0.01427083,-0.01673475,0.00392944,-0.01241601,-0.01400346,-0.03181628,-0.00534614,-0.01637019,1.00014698,-5.515e-05,0.01498689,0.00018943,0.00090644,-0.00946439,-0.02412821,-0.00319814,-0.01568961,-0.02578555,-0.02270324,0.02267959,-0.00971048,-0.00485395,-0.00957529,0.00120874,-0.03179049,-0.02225057,0.02428526,0.02466503,-0.00800456,-0.00701411,-0.00819902,0.00096568,-0.0154709,0.0084305,-0.00852712,-0.01102146,-0.01980183,-0.00496788,-0.02293874,0.0083667,-0.02335956,-0.00842231,-0.01276235,-0.00769466,-0.01516099,-0.01458222,-0.03588598,0.00703141,-0.01400345,0.01474233,-0.02559416,-0.0059553,-0.01178862,-0.00773415,-0.00776301,-0.00935806,-0.01747762,-0.01481767,-0.0034488,-0.00818836,-0.03044609,0.01504615,-0.00891144,-0.01959977,0.00355117
"Np2_500999",-0.00696093,0.03894895,-0.00220009,-0.02500316,-0.01600254,-0.01097741,-0.02536166,-0.01488601,-0.02544976,-0.00888257,-0.02253465,-0.02141659,-0.02969719,0.00128014,-0.00332119,-0.01269547,-0.01395787,-0.0102376,-0.01189342,-0.01892072,-0.00172918,-0.03304525,-0.01222915,-0.01917287,-0.00891448,-0.00465646,-0.00890079,-0.01785129,-0.00781464,-0.00311915,0.01006656,-0.00489041,-0.01685322,-0.01332288,0.00216272,-0.01111262,-0.01783,-0.00400175,-0.01624563,9.22e-05,-0.00708701,-0.00841621,-0.00592035,-5.515e-05,0.98701718,-0.00767946,-0.02126164,0.00558372,-0.02909253,-0.01474172,-0.0007995,-0.00903751,-0.01108223,-0.00222744,-0.01305097,-0.02645236,0.00726686,-0.01796219,-0.00824152,0.0046358,-0.014687,-0.01098956,0.00746738,0.04771419,-0.01479337,-0.00686372,-0.03035947,-0.01413561,-0.02213513,-0.01372392,0.00915053,-0.01421308,0.00213994,-0.01233698,0.00620806,-0.00197224,-0.01544203,-0.0153767,-0.02048691,-0.00805315,0.00331116,-0.01206812,-0.00393793,-0.01403533,-0.01612712,0.00186955,0.00798843,-0.00680751,-0.01338667,-0.00961781,-0.02047932,-0.00885069,-0.01621674,-0.02414032,-0.00882789,-0.01817333,-0.0240264,-0.01790595,-0.02616374,-0.00757009
"Np2_502104",-0.01318616,-0.01649471,-0.00766578,0.01176186,-0.00521397,0.00421654,-0.00712955,-0.0101738,-0.01496501,-0.03272923,-0.00278344,-0.02445173,-0.00857877,-0.02180702,-0.01030596,-0.01998405,-0.00210592,-0.01737428,0.00436389,-0.0142085,0.0007044,-0.01283829,-0.01815057,-0.01977746,0.01144436,-0.00207097,-0.00783439,-0.02908951,-0.01236887,-0.01633221,-0.02137558,-0.01825535,-0.00636848,-0.00238239,-0.01317703,-0.00184312,-0.0099277,-0.02997518,-0.02383805,-0.01312085,-0.01923667,-0.01403379,0.00502014,0.01498689,-0.00767946,0.98580781,-0.0094097,-0.00489497,-0.00645507,-0.00030731,0.00634326,-0.00994592,-0.0129021,-0.01027556,-0.00606011,-0.0089798,-0.00549044,0.0061944,-0.01613774,-0.00918488,-0.0187855,-0.03119043,-0.01410064,-0.01714795,-0.00020705,0.00574779,-0.01091208,-0.00790429,-0.02881609,-0.01994915,-0.00968312,-0.02772995,-0.01319982,-0.00048505,0.02747837,-0.01351429,-0.01179316,-0.01431029,0.01886057,-0.00759438,0.0183532,0.01391138,-0.02125251,-0.00628494,-0.00761717,-0.03352229,-0.00203452,-0.02655264,-0.01748517,-0.01493158,-0.02412211,-0.00337891,-0.01712515,-0.00484484,-0.01505313,-0.00692903,-0.01901037,-0.02078918,-0.00823544,0.00397804
"Np2_504007",-0.01659045,-0.00607529,-0.01501969,0.01838358,-0.01150453,-0.00207402,-0.02268655,0.02044953,-0.00955857,-0.00666318,-0.01135263,-0.01539948,-0.0094006,-0.00956466,-0.03117978,-0.02186924,0.00497153,-0.0195633,-0.01028166,-0.00181425,-0.02563815,-0.00712804,0.0089789,0.02193518,-0.01307528,-0.01717224,-0.00713713,-0.00970744,0.01506434,-0.02201514,-0.00138587,-0.00889928,-0.01235521,0.04176087,-0.02265768,-0.02302079,-0.0084709,-0.01849238,0.00283569,-0.01455033,-0.00304472,-0.00467773,-0.0178285,0.00018943,-0.02126164,-0.0094097,0.99236816,-0.01680616,-0.0141128,-0.01419333,-0.0168092,-0.00545095,-0.02192704,-0.02552873,-0.01554076,-0.02575207,0.00675189,0.01387948,-0.02789702,-0.02048844,-0.00973326,-0.02335345,-0.01826448,0.00390513,-0.00649761,-0.0155818,-0.01856982,-0.0067513,0.00044008,0.00049629,-0.02432867,0.00988123,-0.01083157,-0.02895433,0.00387019,-0.00339866,0.00439883,-0.01376495,0.00102492,-0.02451858,-0.02409173,0.00139254,-0.00718727,-0.01804423,-0.01633828,-0.01368446,-0.01060371,0.00391879,-0.02651009,-0.0307924,-0.0042843,-0.02091075,-0.01445308,-0.00733766,-0.0249895,-0.01291577,-0.0066161,0.01682193,-0.03017263,-0.01340188
"Np2_501740",-0.01010089,0.01423796,-0.00792251,-0.02996604,-0.01792724,-0.01472502,0.00370308,-0.01893743,-0.01750037,-0.00321182,-0.02157308,0.01099016,-0.02736844,0.00239363,-0.01147415,-0.00748045,-0.0198322,0.00485152,-0.00242493,-0.02889659,-0.01216078,-0.01947521,-0.00716602,-0.01213495,-0.02223236,-0.00308725,-0.01781329,-0.00595226,0.00529964,-0.00960112,-0.00735286,-0.01881591,-0.0114863,-0.01980485,-0.01267422,-0.01242968,-0.03570512,-0.03053575,0.00461606,-0.01170658,-0.00232771,0.00302708,0.0096245,0.00090644,0.00558372,-0.00489497,-0.01680616,0.9959294,0.01896082,-0.01408396,-0.00986392,-0.00412631,-0.01619703,0.0031395,0.02376117,-0.00695789,-0.01395026,-0.01077233,-0.00560894,-0.00944162,-0.00673762,-0.01169898,0.00478316,-0.02256961,-0.02507307,-0.01623198,-0.00889018,-0.00041365,-0.01752774,-0.02506697,-0.02224449,-0.02434088,-0.0092031,-0.00043795,-0.02169308,-0.0133153,-0.02526601,-0.01882048,-0.01694288,-0.02213056,-0.01927318,-0.01353709,0.00203664,-0.02234023,-0.01881136,-0.0251202,-0.01505161,-0.00630165,0.0010948,-0.03387313,0.00418008,-0.00257228,0.00661974,0.00234198,0.00550169,-0.0027804,0.00792464,-0.01967874,-0.00074481,-0.01450778
"Np2_503177",-0.02275035,-0.01983063,-0.01419178,-0.0142085,-0.02708278,-0.01415838,-0.00454102,0.0054789,0.00068769,-0.01494981,-0.01994308,-0.01153339,-0.01875061,-0.00600239,0.00200474,-0.00706573,-0.00042884,-0.02253311,0.00193942,-0.01389861,-0.00718879,8.006e-05,-0.00827039,-0.02615156,-0.02272908,-0.02135732,-0.01147412,-0.00492991,-0.01965441,0.00266251,-0.01757178,-0.00624847,-0.01274257,0.00840923,-0.00739842,-0.00198895,-0.01630179,-0.01705683,-0.02216097,-0.00445596,-0.01026798,-0.01919261,-0.02140596,-0.00946439,-0.02909253,-0.00645507,-0.0141128,0.01896082,0.98581997,-0.01321351,-0.00808202,-0.00705358,0.00715599,-0.00495268,0.00852923,0.00287517,-0.01080118,-0.02934625,-0.01096676,-0.00598871,0.00552599,0.00208374,-0.01698084,-0.00347006,0.0395992,-0.01961499,-0.012577,-0.01670895,-0.00815038,-0.0289057,-0.00937324,-0.01207723,-0.00073722,0.00711647,0.01517982,-0.00697613,-0.01102755,-0.02281112,-0.02199687,-0.00728449,0.00332028,0.00419527,-0.01911971,-0.00734222,-0.02204245,-0.02090774,-0.01281399,-0.01788775,-0.02036536,-0.01735605,-0.00041821,-0.01415839,-0.01013127,-0.00681357,-0.0124646,-0.01983522,-0.00958592,-0.01030139,-0.01855917,-0.00908005
"Np2_500695",-0.00490561,-0.01474627,-0.00758832,-0.0086684,-0.00878233,-0.01347937,-0.00644444,-0.0094887,-0.01002646,-0.0157899,-0.01668162,-0.02239948,0.00152471,-0.00334855,-0.01979878,0.00105683,-0.0029399,-0.02398084,0.003378,0.0081996,-0.0153205,-0.0039501,-0.00121118,-0.00025567,0.00453403,-0.01065232,-0.00350347,-0.01837844,-0.0136586,-0.01078602,-0.00960112,0.00141837,-0.0094811,-0.01521721,-0.01158049,-0.01346268,-0.02959841,0.0015475,0.00646936,-0.01000521,-0.02098214,-0.01684261,-0.0166254,-0.02412821,-0.01474172,-0.00030731,-0.01419333,-0.01408396,-0.01321351,1.00844845,-0.02274583,-0.01716011,-0.02573696,-0.01536301,-0.01798348,-0.01285197,0.00218247,-0.01271679,-0.01180684,0.01033697,0.00104012,0.01020632,-0.01934002,-0.02709652,2.232e-05,-0.01179623,-0.00612544,0.00341447,-0.02402947,-0.01926407,-0.00884612,-0.02522197,0.001309,-0.01772523,0.00446567,-0.01009484,-0.01688064,-0.01149847,-0.00749414,-0.00766883,-0.00830534,0.00229185,-0.01555443,-0.01213194,-0.01680618,-0.01460808,0.0004735,-0.01584156,-0.00768554,-0.02457632,-0.00718273,0.00854748,-0.00428733,-0.01099565,-0.02834369,-0.00275001,0.00127102,-0.0132682,-0.00633507,-0.02936451
"Np2_500273",-0.0046352,-0.01629876,-0.0156729,-0.00216972,0.02202179,-0.01974105,0.01327032,-0.01559848,-0.01583242,-0.02448212,-0.02370284,-0.00146942,-0.00868663,-0.01994007,-0.02879482,-0.02069955,-0.03046889,0.00272175,0.03311877,0.00254554,0.00272327,-0.01659198,-0.00792861,-0.02003725,-0.00567731,-5.211e-05,-0.02525986,-0.00701866,-0.0273638,-0.00170488,0.01391138,-0.00256469,-0.0008557,-0.01950407,0.00752664,0.00078339,-0.01276993,-0.01246158,-9.616e-05,-0.00092407,-0.02329418,0.01335386,-0.00921527,-0.00319814,-0.0007995,0.00634326,-0.0168092,-0.00986392,-0.00808202,-0.02274583,0.99774649,-0.00595225,-0.01209851,-0.01478879,-0.00783897,-0.00559375,-0.02170066,-0.02338384,-0.00409288,-0.0234203,-0.02223537,-0.01914558,-0.01952533,-0.02378792,-0.00866992,-0.00104408,0.00599387,-0.00527779,-0.01965751,0.0068309,-0.01525971,-0.01355836,-0.00738323,0.00442009,-0.02199994,-0.02349627,-0.02663623,-0.00879752,-0.00889474,-0.01666489,-0.00925021,-0.00837522,-0.00373894,-0.00381034,-0.01152277,-0.01418576,0.00119962,-0.01071005,-0.01987168,-0.00501346,0.00691141,-0.02110824,0.00828771,-0.00950997,-0.03460536,-0.0155438,-0.00848459,-0.02378332,-0.02657239,-0.025904
"Np2_503912",-0.03277329,0.02513739,-0.01904981,-0.01283827,0.08973816,-0.00838279,-0.01410823,-0.00864559,-0.01267725,-0.01251622,0.00892267,-0.0346205,-0.01084829,0.01754656,-0.01576556,-0.00979704,-0.02518697,-0.00794681,0.00118291,-0.01541465,-0.00961628,-0.01814598,-0.0123689,-0.00594464,-0.0104214,-0.02682299,-0.01223062,-0.02224448,-0.0009666,-0.01601926,-0.01468246,-0.02280349,-0.00757462,-0.02440007,-0.02380152,-0.01186,-0.00034832,-0.00824305,-0.00225783,-0.00976973,-0.01618937,0.0029891,0.0076117,-0.01568961,-0.00903751,-0.00994592,-0.00545095,-0.00412631,-0.00705358,-0.01716011,-0.00595225,0.97746989,-0.02504571,0.00082289,-0.01653272,-0.01322412,0.00348129,-0.01354466,-0.01567289,-0.0132773,-0.00221833,0.00588449,0.00337799,0.01825596,0.01605633,-0.00867448,-0.0236633,-0.01746545,-0.02333823,-0.01036976,-0.02197861,-0.0022001,-0.04083808,-0.00776756,-0.01793331,-0.03173426,-0.01983523,-0.00214845,-0.00680294,-0.02399142,-0.02508368,-0.04289349,-0.01729375,-0.00809872,-0.00806378,0.00172979,-0.01539339,-0.0095297,-0.01869131,0.0086234,-0.0025419,-0.01294007,-0.02273666,-0.01106399,-0.00760046,0.00416944,-0.02446996,-0.002551,0.00559738,-0.00588693
"Np2_502422",-0.00063848,-0.01792269,-0.00544792,0.00349802,-0.01651602,-0.02409936,-0.02192552,-0.02147586,-0.01563343,-0.00620595,0.0003459,0.00951514,-0.01061438,-0.01320898,-0.01553166,0.01732476,0.00071959,-0.01242208,-0.00617861,-0.02353576,-0.0262443,-0.00120206,-0.02261675,-0.00996418,-0.00775695,-0.00562565,-0.00212263,-0.00347767,-0.00756857,-0.00256924,-0.00639735,-0.00479623,-0.01204989,-0.01474782,-0.01308591,-0.02013302,0.00277188,-0.00056557,-0.00126434,-0.02472676,-0.01732265,-0.00862586,-0.01129491,-0.02578555,-0.01108223,-0.0129021,-0.02192704,-0.01619703,0.00715599,-0.02573696,-0.01209851,-0.02504571,1.01348949,-0.01823561,-0.01781791,-0.01314212,-0.00585503,-0.01452603,-0.01650235,-0.02565186,0.0028767,-0.00831293,-0.02737754,-0.00110636,-0.00831901,-0.00874438,-0.02251796,-0.00158488,0.00439124,-0.01560458,-0.01642791,-0.01259982,-0.01948888,-9.008e-05,0.00888472,-0.01327127,-5.01e-06,0.00097176,-0.00489801,0.00388994,-0.01345659,-0.02610153,-0.00824912,-0.01986564,-0.01314669,-0.00289737,-0.0106022,0.02047844,-0.01283678,-0.01165037,0.0019455,-0.01771917,-0.02083178,-0.02313472,-0.0035688,0.02475923,-0.00904515,-0.02236907,-0.02242378,-0.01294465
"Np2_502311",-0.01821584,-0.00132055,-0.00768247,-0.00800302,0.0029724,0.02273271,0.00561408,0.00454465,-0.02804584,-0.02940391,-0.02087729,-0.02036687,0.00036717,0.0052161,-0.01670283,-0.0052656,-0.02065551,0.00326862,-0.00507117,-0.01407329,-0.02270627,-0.02303289,-0.01968635,-0.0047552,-0.01986557,-0.03019078,-0.02258622,-0.02120693,-0.00175196,0.00431071,0.01020477,-0.01158806,-0.01899359,-0.02229916,2.232e-05,-0.00216364,-0.02802153,-0.01176277,-0.00911955,-0.00280773,-0.01044266,0.03638318,-0.00274393,-0.02270324,-0.00222744,-0.01027556,-0.02552873,0.0031395,-0.00495268,-0.01536301,-0.01478879,0.00082289,-0.01823561,0.96875821,0.00182245,0.0046753,-0.01507739,-0.01691247,-0.01190098,-0.02758255,-0.00239605,-0.01449712,-0.01973796,0.00471024,-0.00690776,-0.02176448,-0.01624558,-0.01171872,-0.01561669,-0.00644595,-0.02549833,-0.00541602,-0.01352033,-0.00505902,-0.00276823,-0.01231571,-0.01849385,-0.00460482,-0.01594329,-0.01566225,0.01256393,-0.00813215,0.00212475,-0.0295437,-0.0132545,-0.00300522,-0.01131766,-0.01608761,-0.00458962,-0.01312537,-0.01639143,0.00131355,-0.00590059,0.00182245,-0.02190571,0.00292835,0.0057341,-0.01776769,-0.01417658,-0.015483
"Np2_503271",-0.00610113,-0.01897996,0.00260934,0.00137736,-0.00314194,0.00066794,-0.01827361,-0.01463386,0.00685519,-0.02047932,-0.01195267,0.0159014,0.00670938,-0.00910134,0.01941352,-0.01988684,-0.0134019,-0.01742898,-0.02318635,-0.01183266,-0.01666792,-0.01334872,-0.00331816,-0.02484518,-0.01823259,-0.00349285,0.00654226,-0.0320305,-0.00027086,-0.01091818,0.00044464,0.00022285,-0.01887971,-0.00425999,-0.01414318,-0.02513994,-0.03261683,-0.01180077,-0.02936149,0.0088513,-0.01078448,-0.01697476,-0.00733919,0.02267959,-0.01305097,-0.00606011,-0.01554076,0.02376117,0.00852923,-0.01798348,-0.00783897,-0.01653272,-0.01781791,0.00182245,1.00058758,0.0091946,-0.03380021,-0.02484977,-0.01755962,-0.03217786,-0.01473867,-0.01681377,-0.01278817,-0.02160803,-0.00056557,-0.03000561,-0.02235996,0.00632049,0.00485304,-0.0174214,-0.01702946,-0.01548001,-0.00262089,-0.00084356,0.00934652,0.01331895,-0.02020288,-0.01406117,-0.02691876,-0.0012689,-0.00327258,-0.02138625,-0.01918049,-0.00770681,0.00524041,-0.00592949,-0.01044421,-0.00853016,-0.01769178,-0.01377102,-0.01794854,-0.01239626,-0.0012294,-0.01674845,-0.01070246,-0.01944027,-0.01010242,-0.02221107,-0.01542986,-0.00655837
"Np2_501842",0.0181709,-0.01430419,0.00105683,-0.02053096,-0.00408681,-0.00923957,0.04154512,-0.01041382,-0.02523101,-0.01990509,-0.02186017,0.00265188,-0.01671806,-0.00640039,-0.01738189,-0.01840116,-0.00128258,0.00486823,-0.0087884,-0.01095461,-0.00986543,-0.00669813,-0.01975777,-0.01302968,-0.01218963,-0.00489345,-0.0080744,-0.00730273,-0.00364627,-0.01945849,-0.00505751,-0.01409001,-0.00174741,-0.00793923,-0.01843004,-0.02243897,-0.02611814,-0.00651736,-0.00402605,-0.01594333,-0.00504536,-0.00865319,-0.00190388,-0.00971048,-0.02645236,-0.0089798,-0.02575207,-0.00695789,0.00287517,-0.01285197,-0.00559375,-0.01322412,-0.01314212,0.0046753,0.0091946,0.98730281,-0.01195873,-0.02351599,0.00625667,0.00956374,-0.00459418,-0.01411281,-0.00947958,-0.0110078,-0.01366316,-0.01894963,-0.02163381,-0.01011913,0.00193335,-0.01213799,-0.01569568,-0.00624696,-0.00842684,-0.00832051,-0.00694118,-0.03365442,0.00163864,-0.01971522,-0.01206507,-0.01072068,-0.02031982,-0.01352037,-0.01192227,-0.0089555,-0.01287019,-0.03892722,-0.00090736,-0.02390639,-0.00131903,-0.01365251,-0.01463994,-0.00863194,-0.01964381,-0.0075154,-0.00040606,-0.01020722,-0.00102129,-0.00750931,-0.01880527,0.00069984
"Np2_503789",-0.01525363,-0.02676525,-0.02993712,-0.01932023,-0.00834481,-0.01592811,-0.01542528,-0.01543136,-0.01414621,-0.0073012,-0.01107918,0.01555957,-0.02872343,-0.00807594,-0.01206962,-0.00822783,-0.02589639,0.00774993,-0.0080334,-0.01536452,0.00197892,-0.00837369,0.00682178,-0.02062967,-0.00429492,-0.02494996,-0.02007975,-0.03449898,-0.00228365,-0.01657678,-0.0123537,-0.01743656,-0.00995504,-0.01872932,0.08273668,-0.00634115,0.00623388,-0.01518074,-0.00494206,-0.00592187,-0.00748045,-0.0062272,-0.01846651,-0.00485395,0.00726686,-0.00549044,0.00675189,-0.01395026,-0.01080118,0.00218247,-0.02170066,0.00348129,-0.00585503,-0.01507739,-0.03380021,-0.01195873,0.98136841,-0.01653272,-0.00711586,-0.03282344,-0.00444683,-0.00956009,-0.00750931,-0.01511389,-0.01746544,0.01476968,-0.00037111,0.00856114,-0.01751556,0.03115151,-0.00035744,-0.01399888,-0.01192529,-0.01759151,-0.00694573,-0.02044287,-0.00170792,-0.01136477,-0.02027271,-0.02242221,-0.00513347,-0.00349893,-0.014965,-0.01260587,-0.00482357,-0.02298129,-0.01321654,-0.01342921,-0.00907094,-0.01259371,-0.00598567,-0.00331967,-0.0204079,-0.01481158,-0.01286715,-0.01811104,-0.01272284,-0.00417188,-0.03308926,-0.0059887
"Np2_500645",-0.02513991,-0.02222017,-2.324e-05,-0.01401559,-0.00926843,-0.02581439,-0.00146182,-0.02759626,-0.0228172,-0.00093318,-0.02233263,-0.01285956,-0.00853168,-0.02343096,-0.00357488,-0.00611327,-0.01876885,0.02262489,-0.01883112,0.00072567,-0.02735169,-0.00701867,-0.02023023,0.00427122,-0.01357354,-0.00885979,-0.01477511,-0.00048353,-0.02812031,-0.01309504,-0.00401086,-0.00134638,0.00157788,-0.02269114,0.01071976,0.0083819,-0.0282616,-0.01443336,0.03044065,-0.00274394,-0.00855597,-0.005176,-0.01604814,-0.00957529,-0.01796219,0.0061944,0.01387948,-0.01077233,-0.02934625,-0.01271679,-0.02338384,-0.01354466,-0.01452603,-0.01691247,-0.02484977,-0.02351599,-0.01653272,1.0009431,0.0050247,-0.00184616,-0.01554834,-0.01975018,7.398e-05,-0.01710088,-0.00638824,-0.00924415,-0.02377728,-0.01666795,-0.01752774,-0.00638216,-0.02953613,-0.01188432,-0.01360847,-0.00605859,-0.00832508,-0.00161829,0.00390057,0.00715599,0.00569158,-0.02273821,-0.01577927,-0.01490427,-0.01740771,-0.00684549,0.01233001,-0.0152461,0.00940576,-0.00888411,-0.01500756,-0.01427687,-0.01769485,0.01398583,-0.01677426,-0.02697649,-0.0110564,0.02380371,-0.00726628,-0.00934894,-0.01304945,-0.01465969
"Np2_501389",-0.01116577,0.00314709,-0.01962101,-0.02039728,0.00227514,-0.0027257,-0.01240079,-0.00177323,0.01105699,-0.01475841,-0.02248603,-0.00875953,-0.01643247,0.01165857,0.0015885,0.00786081,-0.00980771,0.00469809,-0.00576844,-0.00504839,-0.00866838,-0.0191729,0.00316229,-0.03477086,-0.01949949,0.00101277,0.00785778,0.02746621,-0.01186757,-0.02798363,-0.00583528,-0.00210744,-0.01194353,-0.01995826,-0.00447266,-0.02382437,-0.01565466,-0.02780288,-0.01300692,-0.0232532,-0.04015453,-0.01231722,-0.00723892,0.00120874,-0.00824152,-0.01613774,-0.02789702,-0.00560894,-0.01096676,-0.01180684,-0.00409288,-0.01567289,-0.01650235,-0.01190098,-0.01755962,0.00625667,-0.00711586,0.0050247,0.98574704,-0.0225073,-0.0027895,-0.00881422,-0.02605588,0.01084889,-0.01185848,-0.02094268,-0.01208178,-0.00573199,-0.01783306,-0.01261194,-0.00735892,-0.02829201,-0.01907869,-0.01821282,-0.00118687,-0.0048099,-0.02648278,-0.02763271,-0.02408411,-0.01757481,-0.01562886,-0.00214542,0.01737792,0.00469809,-0.00863497,-0.00841168,-0.00335613,-0.00721462,-0.01348996,-0.01412646,0.00159611,0.00927511,-0.01920631,-0.01755962,3.144e-05,-0.00779491,-0.02169915,-0.003426,-0.00317687,-0.01405356
"Np2_501273",0.00368638,-0.011623,-0.00446506,0.00554423,-0.01477361,0.00027754,-0.00453646,-0.02216399,0.01178161,-0.0068941,-0.02647064,-0.02444112,-0.00872006,-0.01085893,-0.0080167,-0.01177035,-0.02169157,-0.01235067,-0.0159813,-0.00234898,0.00800667,-0.02513232,0.008748,-0.01110804,-0.02819328,-0.00631379,-0.02605283,0.00282202,-0.01205442,0.00190752,-0.0218207,0.01942871,-0.00134486,-0.01862604,-0.00389996,-0.00228821,-0.02951333,-0.00687436,-0.02063734,-0.01311023,-0.01269397,-0.00809872,-0.00575478,-0.03179049,0.0046358,-0.00918488,-0.02048844,-0.00944162,-0.00598871,0.01033697,-0.0234203,-0.0132773,-0.02565186,-0.02758255,-0.03217786,0.00956374,-0.03282344,-0.00184616,-0.0225073,0.99965473,-0.02880088,-0.01538127,-0.01515339,-0.00437696,-0.02161562,0.00864471,-0.016674,-0.00014629,-0.00890537,-0.00884917,0.00187258,0.00691598,-0.00878384,0.00074085,-0.02066619,-0.01228841,-0.00768099,-0.00245076,-0.01363734,-0.03188922,-0.01809437,-0.01053536,-0.0045319,-0.02830115,-0.01231573,-0.04672781,-0.01934152,-0.03049167,-0.01200583,0.01546085,0.02981629,-0.0184073,-0.00511371,-0.0030113,0.0015156,-0.00904513,0.00393854,0.00094441,0.00757373,0.00201386
"Np2_501625",-0.00530664,-0.01241292,0.00689771,-0.01636104,-0.00766426,-0.00522156,-0.00350347,-0.00031947,-0.01574429,-0.03533142,-0.01556353,-0.02872491,-0.01664969,-0.0042053,-0.01154097,-0.02121905,-0.0212662,-0.01860929,-0.00872003,-0.02531759,-0.01526578,-0.03123903,-0.01771458,-0.00992313,-0.01409609,-0.01439533,-0.00709459,-0.0198428,-0.00555272,-0.00906031,-0.02230677,0.00132115,-0.02431345,-0.01151667,-0.00924714,-0.01887669,-0.00204818,-0.02042464,0.01548668,-0.00979859,-0.0104457,0.00949232,-0.0288753,-0.02225057,-0.014687,-0.0187855,-0.00973326,-0.00673762,0.00552599,0.00104012,-0.02223537,-0.00221833,0.0028767,-0.00239605,-0.01473867,-0.00459418,-0.00444683,-0.01554834,-0.0027895,-0.02880088,0.97847566,-0.00265127,-0.00804404,0.00045375,-0.00387261,-0.02009653,0.0237034,0.00392487,0.01643305,-0.01328489,0.005488,0.00597413,-0.01504246,-0.01159415,-0.02662099,-0.01854704,-0.02138319,-0.02633084,-0.00804708,-0.01080422,-0.00278192,-0.01800928,-0.02263942,0.02119085,0.00709824,0.00519484,-0.00995353,-0.01988838,-0.03011334,-0.01054597,-0.01381203,0.00055097,-0.01699298,-0.0033455,-0.00641406,-0.02077249,0.01727615,0.00653465,-0.00263455,-0.0112326
"Np2_504477",-0.02591464,-0.0056773,-0.01948278,-0.01570179,-0.00837217,-0.00729666,-0.00269229,-0.00816709,-0.00323612,-0.02920346,-0.02067682,-0.02669849,-0.00444532,-0.02420569,0.00856266,-0.02861096,0.02253528,0.0043806,0.04632271,-0.01539189,-0.01460652,-0.0225286,0.00725017,-0.00941578,-0.01936128,-0.02300251,-0.00673914,-0.00080254,-0.0179576,-0.01751559,-0.02225516,-0.03113573,-0.02760384,-0.00341386,0.00690684,0.01900036,-0.00138891,-0.01551192,0.00141078,0.04357321,-0.02816743,-0.01081182,-0.01864578,0.02428526,-0.01098956,-0.03119043,-0.02335345,-0.01169898,0.00208374,0.01020632,-0.01914558,0.00588449,-0.00831293,-0.01449712,-0.01681377,-0.01411281,-0.00956009,-0.01975018,-0.00881422,-0.01538127,-0.00265127,0.99954534,-0.00708094,-0.02957263,-0.01916381,-0.01731054,-0.02227337,-0.00316321,-0.00918792,-0.02584172,0.00417248,0.00405096,-0.02759928,-0.02323951,-0.0452542,-0.00360831,-0.01009028,-0.0092654,-0.00951452,-0.01257549,-0.01290818,-0.02555311,-0.00997936,-0.00230341,-0.00591428,-0.01678038,-0.00564844,-0.01254512,0.00092771,-0.01444397,-0.01467185,-0.01170203,-0.00129472,-0.01347176,-0.01122351,-0.00036504,-0.01411739,0.00263668,-0.014128,0.00476949
"Np2_504697",-0.00350804,-0.01137387,-0.01955873,-0.00909374,-0.01072675,-0.00949934,-0.01932632,-0.03482711,-0.01197088,-0.01256941,0.00750234,-0.01158352,0.02950639,-0.01744572,-0.02265464,-0.01106549,-0.01217598,-0.0268367,-0.00069317,-0.02093655,-0.00055493,-0.0219969,-0.01895417,0.01025643,0.00972931,-0.00697612,-0.02322123,-0.01090449,-0.02046409,-0.01728772,-0.01974864,0.00266402,-0.01157743,-0.01746545,-0.02233563,-0.02345828,-0.01057939,-0.00161221,-0.00671637,-0.01832982,-0.01107765,-0.01574885,-0.00368273,0.02466503,0.00746738,-0.01410064,-0.01826448,0.00478316,-0.01698084,-0.01934002,-0.01952533,0.00337799,-0.02737754,-0.01973796,-0.01278817,-0.00947958,-0.00750931,7.398e-05,-0.02605588,-0.01515339,-0.00804404,-0.00708094,0.99103725,-0.00063392,-0.01392294,-0.00887956,-0.01824777,0.04491607,0.01382631,-0.00905575,-0.01322109,-0.02853356,-0.02007978,-0.00675737,-0.00674522,0.04112896,-0.01593878,-0.02589944,0.0051447,-0.00733462,-0.01252841,-0.01545114,-0.00413086,-0.01757027,-0.01145896,-0.03462972,-0.01180075,0.01274776,-0.01145287,-0.00722828,-0.01429208,-0.03107043,-0.00319359,-0.00731944,-0.02497127,-0.01016317,-0.01161088,0.01638443,-0.02529331,-0.01201646
"Np2_500397",-0.01035307,0.00350408,-0.02898621,-0.01882504,-0.02577488,-0.02409174,-0.02571564,-0.00491016,0.01414835,-0.00741362,-0.03443372,-0.00885828,-0.00149221,-0.01730293,-0.0246386,0.00943308,-0.00139954,-0.01909848,-0.02181766,-0.01380596,-0.03064205,-0.0180564,-0.00422809,-0.01679248,-0.0036478,0.00136977,-0.02642046,-0.00590061,-0.03186639,-0.02352513,-0.00638976,-0.00129472,0.00618679,0.00455226,-0.01869894,-0.01875823,-0.02410841,-0.00845725,-0.01113086,-0.01347785,-0.03372123,0.00262301,-0.01417358,-0.00800456,0.04771419,-0.01714795,0.00390513,-0.02256961,-0.00347006,-0.02709652,-0.02378792,0.01825596,-0.00110636,0.00471024,-0.02160803,-0.0110078,-0.01511389,-0.01710088,0.01084889,-0.00437696,0.00045375,-0.02957263,-0.00063392,1.00317343,0.01006961,-0.00190084,-0.01202863,-0.02269268,-0.02112192,0.00111303,-0.00563477,-0.00560439,-0.02889963,-0.01375431,-0.01222308,0.00754792,-0.0045547,-0.00433747,-0.02646151,-0.01980029,-0.0120818,0.02145369,-0.00034226,-0.01879468,-0.00888562,-0.01033335,-0.01348088,-0.00397137,0.01755264,0.0179795,0.00681419,-0.02135739,-0.03115399,-0.02631721,-0.00933375,-0.02475558,0.00448238,-0.00990492,-0.02150471,-0.01005077
"Np2_503750",-0.03457955,-0.02072236,-0.02556522,-0.01585978,-0.00275761,-0.02067074,0.01644219,0.00078947,-0.01342011,0.00208374,-0.04893802,-0.02336258,-0.00247658,-0.02193313,-0.03792761,0.01422125,0.00840164,0.0137929,0.00864317,-0.01539797,-0.01157441,-0.01266058,-0.02328969,-0.01230813,-0.0101009,-0.02711014,-0.01707502,-0.01751862,-0.03026831,-0.00081165,-0.02940097,-0.02293873,-0.01515338,-0.00144511,0.00097632,-0.01655251,-0.0117248,-0.01141645,-0.01560914,-0.00595531,-0.00903297,0.01379137,-0.03004506,-0.00701411,-0.01479337,-0.00020705,-0.00649761,-0.02507307,0.0395992,2.232e-05,-0.00866992,0.01605633,-0.00831901,-0.00690776,-0.00056557,-0.01366316,-0.01746544,-0.00638824,-0.01185848,-0.02161562,-0.00387261,-0.01916381,-0.01392294,0.01006961,1.00409109,-0.00668295,0.00977337,-0.01410676,-0.01025737,-0.02478444,-0.01573367,-0.02527361,-0.00527474,-0.01716923,-0.00302953,-0.00984266,-0.01207118,0.00121026,-0.01590079,-0.00878385,-0.00471117,-0.02160955,-0.01363126,-0.02464014,0.02355002,-0.01192535,-0.02935235,-0.01163974,-0.01913037,-0.0035126,-0.01847566,-0.0050241,-0.0111749,0.00596653,-0.00424177,-0.01206813,-0.01032573,0.02556886,-0.02765399,-0.00161677
"Np2_500714",-0.01783919,0.00908219,-0.02826925,-0.02175389,-0.01108224,-0.02003276,-0.00631381,-0.0017626,0.00013019,0.00454467,-0.00910743,-0.01391384,-0.02006771,-0.01506685,-0.03288428,-0.02372562,-0.02134223,-0.0381297,-0.02839232,0.00073479,-0.0075944,-0.00427519,0.05117637,-0.01637931,-0.00612089,-0.01766143,0.00012107,-0.02629902,-0.01990815,-0.00625001,-0.02921872,-0.00376781,0.01510691,-0.01447895,0.00541207,-0.00133118,-0.02035325,0.00669116,-0.01086959,-0.02035634,0.00345396,-0.00683789,0.01996348,-0.00819902,-0.00686372,0.00574779,-0.0155818,-0.01623198,-0.01961499,-0.01179623,-0.00104408,-0.00867448,-0.00874438,-0.02176448,-0.03000561,-0.01894963,0.01476968,-0.00924415,-0.02094268,0.00864471,-0.02009653,-0.01731054,-0.00887956,-0.00190084,-0.00668295,1.02572595,-0.00690626,-0.02622917,-0.01220183,0.00046286,-0.00689258,0.00893638,-0.0155742,-0.02230379,-0.02198783,0.01525278,-0.01067363,0.00625365,0.00478924,0.00127254,-0.02184656,-0.02568076,-0.01739863,-0.02400215,-0.00725717,-0.02936461,-0.02035936,-0.01555902,-0.01499846,0.00396133,-0.00127954,-0.01684266,-0.00643534,-0.02073913,-0.03049172,-0.00672094,-0.01029536,-0.01739103,-0.02276255,0.00768008
"Np2_500290",-0.01186456,-0.02292046,0.0103658,-0.00636089,-0.02759016,-0.01405812,-0.02023929,-0.02358736,0.03633464,0.03057122,-0.019539,-0.01371177,-0.0078648,-0.02276405,-0.02873253,0.00609868,-0.01536758,-0.01514123,-0.01208786,-0.01091208,-0.00010072,-0.0034655,-0.01941142,-0.0018978,-0.02992046,-0.0201937,0.03951557,0.00246198,-0.00892054,-0.01744115,-0.03281434,-0.01997194,0.00057376,-0.0147326,0.00318355,-0.03303009,-0.0086061,-0.01847566,-0.01644008,-0.0045076,-0.01199062,-0.02866262,-0.02191333,0.00096568,-0.03035947,-0.01091208,-0.01856982,-0.00889018,-0.012577,-0.00612544,0.00599387,-0.0236633,-0.02251796,-0.01624558,-0.02235996,-0.02163381,-0.00037111,-0.02377728,-0.01208178,-0.016674,0.0237034,-0.02227337,-0.01824777,-0.01202863,0.00977337,-0.00690626,0.99118614,-0.0067346,-0.01731658,-0.00738628,0.00166446,-0.02002817,-0.00048505,-0.02696279,-0.01069638,-0.01082551,-0.02216858,0.05445896,-0.02098517,-0.00520942,-0.02422693,-0.00983202,-0.02220954,-0.0095206,0.03699851,-0.00227454,-0.00800455,-0.0194585,-0.01054294,-0.01193899,-0.02234477,0.00401906,-0.00608138,-0.01157441,-0.02208651,-0.00758224,0.00540143,-0.00306142,-0.0046352,-0.01384088
"Np2_501277",0.00056161,-0.00517752,-0.02110975,-0.01732875,-0.0178984,-0.0136328,-0.00948415,-0.01602232,-0.02035781,-0.00819596,-0.02443052,-0.00569098,0.00045982,-0.03509913,-0.02374995,0.01791721,-0.01327127,-0.01213345,-0.00938389,-0.02096849,-0.02899386,-0.015041,-0.02536631,-0.01089082,-0.01126605,-0.00290648,0.02140809,-0.01002496,-0.01122957,-0.00774935,-0.0203882,-0.01058397,-0.01966054,-0.00899045,-0.00915147,-0.0166543,-0.00559831,-0.01410069,-0.00598873,0.01034913,-0.0232623,0.00867659,-0.01100629,-0.0154709,-0.01413561,-0.00790429,-0.0067513,-0.00041365,-0.01670895,0.00341447,-0.00527779,-0.01746545,-0.00158488,-0.01171872,0.00632049,-0.01011913,0.00856114,-0.01666795,-0.00573199,-0.00014629,0.00392487,-0.00316321,0.04491607,-0.02269268,-0.01410676,-0.02622917,-0.0067346,1.01376297,-0.00078887,-0.02655724,0.00968527,-0.00471573,-0.00461697,-0.00633355,-0.01300542,-0.01343837,-0.00761568,-0.01848783,-0.03423169,-0.0035688,-0.00177476,-0.03143355,-0.00218795,-0.00408226,-0.00511069,-0.02585091,-0.01076931,-0.00627279,-0.01467489,0.01431091,-0.02784393,-0.01196181,-0.01689733,-0.00871854,-0.00495118,-0.02234783,-0.01407335,-0.00977581,-0.02228706,-0.03027749
"Np2_503000",-0.00698221,-0.01940531,-0.01209546,0.0173582,-0.00782074,0.00252124,-0.03115549,0.00362561,-0.00891296,-0.00708094,-0.01283375,-0.00639887,-0.01027408,-0.00770377,-0.02855937,-0.0067923,-0.00288977,0.00098239,-0.01419333,-0.02653746,-0.00570009,-0.02774972,-0.01756726,-0.0046109,-0.00756858,-0.01667855,-0.00466862,-0.00420074,-0.01983672,-0.00253278,-0.019577,-5.059e-05,-0.01079815,-0.00757161,-0.01958153,-0.00612088,-0.02575055,0.00539537,-0.00639281,-0.03684302,-0.00376628,-0.00828558,-0.0138409,0.0084305,-0.02213513,-0.02881609,0.00044008,-0.01752774,-0.00815038,-0.02402947,-0.01965751,-0.02333823,0.00439124,-0.01561669,0.00485304,0.00193335,-0.01751556,-0.01752774,-0.01783306,-0.00890537,0.01643305,-0.00918792,0.01382631,-0.02112192,-0.01025737,-0.01220183,-0.01731658,-0.00078887,1.00019256,-0.02103684,-0.0122899,-0.00329689,-0.0007676,-0.02770109,0.00968072,-0.01536152,-0.01759004,-0.01463843,-0.00714018,-0.02812643,-0.01053384,-0.00950694,0.0332585,-0.02104444,-0.01842704,-0.02169769,-0.01436346,-0.00439823,-0.0126484,-0.02346281,0.00502015,-0.01145442,0.00943462,-0.00471724,0.01864639,-0.02047325,-0.00460331,-0.02688987,-0.00476584,-0.01442726
"Np2_501217",-0.01330618,-0.01190555,0.02289981,0.00556549,-0.00791644,0.00804617,-0.00846482,-0.01409154,-0.02192092,-0.02495,-0.01763863,0.00034134,-0.0090026,9.98e-05,-0.00981834,-0.01357199,-0.0149863,-0.01020267,-0.03023948,-0.0073407,-0.01141643,-0.0061224,0.00223717,-0.0150364,-0.00553754,0.03973588,-0.02056283,-0.00110636,-0.00307053,-0.01888277,-0.0047856,-0.03143954,-0.0152992,0.00539687,-0.00539778,-0.00105167,-0.02022561,-0.013689,-0.0130206,-0.02129206,-0.00386198,-0.01506526,-0.00877168,-0.00852712,-0.01372392,-0.01994915,0.00049629,-0.02506697,-0.0289057,-0.01926407,0.0068309,-0.01036976,-0.01560458,-0.00644595,-0.0174214,-0.01213799,0.03115151,-0.00638216,-0.01261194,-0.00884917,-0.01328489,-0.02584172,-0.00905575,0.00111303,-0.02478444,0.00046286,-0.00738628,-0.02655724,-0.02103684,0.99377199,-0.03182993,-5.059e-05,0.00840314,-0.00531424,-0.01046699,0.00520243,-0.01434373,-0.00637912,-0.01680616,0.01446432,-0.01533872,-0.008995,-0.02304352,-0.01810195,-0.00317991,-0.0172361,-0.00534462,-0.02317875,-0.02125101,0.01138056,-0.01208939,-0.03372885,-0.00949781,-0.02121912,-0.01881896,-0.00097268,-0.01457311,-0.01285802,-0.03326853,0.01828939
"Np2_502476",-0.01838297,-0.01196934,-0.0376237,0.00033678,-0.02028485,-0.00933526,0.00468745,-0.01172479,-0.01879462,-0.01422825,-0.01177796,-0.01233091,-0.01590231,-0.00755945,-0.01504703,0.01036579,-0.01292335,-8.856e-05,-0.0175429,-0.01758239,0.00264732,-0.00497092,0.00110999,-0.00279558,-0.02565332,0.0112651,-0.01060064,-0.00739842,-0.01148931,-0.01408546,-0.02201511,-0.0071979,-0.0033622,-0.00408529,-0.01412038,-0.01372393,-0.0169474,-0.00934743,-0.00974239,0.00082289,-0.01091359,0.046394,-0.01111412,-0.01102146,0.00915053,-0.00968312,-0.02432867,-0.02224449,-0.00937324,-0.00884612,-0.01525971,-0.02197861,-0.01642791,-0.02549833,-0.01702946,-0.01569568,-0.00035744,-0.02953613,-0.00735892,0.00187258,0.005488,0.00417248,-0.01322109,-0.00563477,-0.01573367,-0.00689258,0.00166446,0.00968527,-0.0122899,-0.03182993,0.98042645,-0.01895111,-0.02219433,-0.01297348,-0.00202388,0.0063539,-0.00985025,-0.01494982,-0.02583257,-0.02023472,-0.0065918,-0.00860307,-0.02113249,-0.00494965,-0.02922014,-0.01213497,-0.0034336,-0.02050817,-0.01128881,0.01450684,-0.00273482,0.01527399,-0.02536013,-0.00320574,-0.01219875,0.00777424,-0.02420716,-0.00942791,-0.00872307,-0.01656156
"Np2_500473",0.01051014,0.00158092,-0.00538867,-0.01239321,-0.02921715,-0.00641862,-0.00652344,-0.02172042,0.00432592,0.00084112,-0.0084056,0.00045982,-0.01769486,0.00386412,-0.00909223,-0.01542832,-0.01426018,-0.02649038,-0.02009501,-0.00995659,-0.0153995,-0.00797874,0.00402666,-0.00079038,0.0021764,-0.00769313,0.00249389,-0.01997652,-0.02209258,-0.01739711,-0.00405947,-0.00595226,-0.01442119,0.00156573,-0.00831748,-0.00792101,-0.0143346,-0.01903926,-0.02535869,-0.00947657,-0.00678168,-0.0135796,0.00410717,-0.01980183,-0.01421308,-0.02772995,0.00988123,-0.02434088,-0.01207723,-0.02522197,-0.01355836,-0.0022001,-0.01259982,-0.00541602,-0.01548001,-0.00624696,-0.01399888,-0.01188432,-0.02829201,0.00691598,0.00597413,0.00405096,-0.02853356,-0.00560439,-0.02527361,0.00893638,-0.02002817,-0.00471573,-0.00329689,-5.059e-05,-0.01895111,1.00722693,-0.01593572,-0.00048657,-0.01642489,-0.00288218,-0.01969399,0.00118291,-0.01319377,-0.007444,-0.00124459,-0.02133309,-0.00332878,-0.03089577,-0.00928971,-0.01818099,0.00479987,0.00109329,-0.02174017,-0.01508503,-0.01592056,0.00026538,-0.01925344,-0.01456856,-0.0108012,-0.00450001,-0.00442862,-0.01258764,-0.02950425,-0.00058075
"Np2_503525",-0.02281111,-0.01290358,-0.01410063,-0.00864863,-0.01590228,-0.01194051,-0.0170583,-0.01934301,0.00396892,-0.02685947,-0.00982593,-0.01660714,-0.00665863,-0.01153187,-0.00656292,-0.02079827,0.01287839,-0.0282145,-0.00966642,-0.02763116,-0.01362973,-0.02033652,-0.01334416,-0.01481915,-0.00699131,-0.01412645,-0.00986389,-0.01440902,0.01248947,-0.02200752,-0.01079663,0.00645111,-0.00854989,0.02779281,-0.01019354,-0.01420245,-0.01955263,-0.02532068,-0.01508199,-0.01332744,-0.00136612,-0.00953121,-0.01189645,-0.00496788,0.00213994,-0.01319982,-0.01083157,-0.0092031,-0.00073722,0.001309,-0.00738323,-0.04083808,-0.01948888,-0.01352033,-0.00262089,-0.00842684,-0.01192529,-0.01360847,-0.01907869,-0.00878384,-0.01504246,-0.02759928,-0.02007978,-0.02889963,-0.00527474,-0.0155742,-0.00048505,-0.00461697,-0.0007676,0.00840314,-0.02219433,-0.01593572,0.98068473,-0.01421154,-0.0110093,-0.00536589,-0.00379667,-0.00038935,-0.02327291,-0.02238424,0.01282978,0.08783639,-0.00307813,-0.00330144,-0.0186093,-0.01352494,-0.00725411,-0.00853014,0.01299382,-0.01589772,-0.01597369,-0.01634587,0.00591032,-0.00231707,-0.01860171,-0.02764333,0.01238012,-0.01507133,-0.0095054,-0.0206859
"Np2_504051",-0.00022224,-0.01583544,0.03173028,-0.00444076,-0.01442877,-0.02110064,-0.00221681,-0.0209077,0.00589816,0.01395846,-0.00409897,-0.01072827,-0.01885696,-0.02433784,-0.01754595,-0.01051406,-0.01071309,0.00257744,-0.01396546,-0.0164355,0.00288278,-0.0152172,-0.01369356,-0.00863648,-0.00096052,-0.01158959,-0.01674537,-0.01050497,-0.02279894,-0.00063392,0.00085479,0.00716509,-0.03259707,-0.02557284,-0.0286201,-0.00300674,-0.02719367,-0.00607379,-0.02378641,-0.01489212,0.00512039,-0.03646467,-0.00434658,-0.02293874,-0.01233698,-0.00048505,-0.02895433,-0.00043795,0.00711647,-0.01772523,0.00442009,-0.00776756,-9.008e-05,-0.00505902,-0.00084356,-0.00832051,-0.01759151,-0.00605859,-0.01821282,0.00074085,-0.01159415,-0.02323951,-0.00675737,-0.01375431,-0.01716923,-0.02230379,-0.02696279,-0.00633355,-0.02770109,-0.00531424,-0.01297348,-0.00048657,-0.01421154,0.99411536,-0.01227016,0.02436275,-0.00551324,-0.01851211,-0.02954677,-9.92e-05,-0.02245871,-0.01338061,-0.00327561,-0.00410657,-0.01546481,-0.00749415,-0.00335006,0.00752665,-0.006648,0.04360502,-0.02574147,-0.01517619,-0.00021161,-0.01512301,-0.00072202,-0.01584002,-0.0317191,-0.00022984,-0.02899534,-0.01708567
"Np2_504183",-0.03363011,-0.01308893,-0.01610888,-0.0109607,-0.02960754,-0.00270748,-0.01374975,-0.02256654,-0.01672413,-0.02248756,-0.02231592,0.00341142,-0.02006008,-0.00898286,0.00342965,-0.01566681,-0.0050803,0.02188205,-0.0054464,0.00590729,-0.0176128,-0.01550887,-0.0133776,-0.00664951,-0.00687283,-0.00793163,-0.00564387,-0.01489819,-0.0075959,-0.0094325,-0.00672851,-0.00041821,-0.01784976,-0.01781333,-0.01554379,-0.01636261,-0.01761126,-0.01988538,-0.01344444,-0.00029668,-0.0041339,-0.00364019,-0.02651316,0.0083667,0.00620806,0.02747837,0.00387019,-0.02169308,0.01517982,0.00446567,-0.02199994,-0.01793331,0.00888472,-0.00276823,0.00934652,-0.00694118,-0.00694573,-0.00832508,-0.00118687,-0.02066619,-0.02662099,-0.0452542,-0.00674522,-0.01222308,-0.00302953,-0.02198783,-0.01069638,-0.01300542,0.00968072,-0.01046699,-0.00202388,-0.01642489,-0.0110093,-0.01227016,0.99945722,-0.01770397,-0.00610873,-0.01242359,-0.00917881,-0.00996114,-0.02107939,-0.00941884,-0.0055421,-0.01852579,-0.00740147,-0.02312867,0.00137128,-0.00385439,-0.0175733,-0.00605707,-0.01813386,-0.01987322,-0.00976973,-0.00812304,-0.00921679,-0.01537215,-0.00497093,-0.01662385,-0.00650065,-0.0134277
"Np2_503283",-0.02373325,-0.01488906,-0.00317384,-0.00607683,-0.02457177,-0.02304054,-0.01175215,-0.01479641,-0.00849826,-0.00104559,-0.01287477,-0.00795899,-0.01259375,0.00091403,0.01074408,-0.02339139,-0.01007053,-0.02564273,-0.01089235,-0.02490749,-0.00012047,-0.01457464,-0.00393644,-0.00495573,-0.0193066,-0.03631584,0.00637972,-0.01487542,-0.02094111,-0.03067703,0.00651037,-0.02637189,-0.02846062,-0.0218921,0.02762118,-0.01527647,-0.0212343,-0.00801368,-0.01630794,-0.02169312,0.01259888,0.00033222,-0.00750174,-0.02335956,-0.00197224,-0.01351429,-0.00339866,-0.0133153,-0.00697613,-0.01009484,-0.02349627,-0.03173426,-0.01327127,-0.01231571,0.01331895,-0.03365442,-0.02044287,-0.00161829,-0.0048099,-0.01228841,-0.01854704,-0.00360831,0.04112896,0.00754792,-0.00984266,0.01525278,-0.01082551,-0.01343837,-0.01536152,0.00520243,0.0063539,-0.00288218,-0.00536589,0.02436275,-0.01770397,1.0105937,-0.02689754,-0.01164127,-0.0003453,-0.00857118,-0.01953751,-0.01866253,-0.01083613,-0.00589454,-0.02332916,0.00530119,-0.02898778,-0.02282028,-0.00539779,-0.01651602,-0.00018579,0.00688559,-0.01612714,-0.01493618,-0.0123841,-0.02005856,-0.0139108,-0.01872781,0.00081377,0.00391273
"Np2_503808",-0.01775865,0.00111151,-0.01542834,-0.01650844,-0.02269873,-0.00962239,-0.00410657,-0.01884783,-0.02637341,-0.01527492,-0.01829338,0.01244698,0.00477406,-0.02060697,-0.01108071,-0.01118855,-0.01731205,-0.02316206,-0.03575534,-0.01209698,-0.00872916,0.00476797,-0.00312676,-0.01569115,-0.01059765,-0.01712517,-0.00906487,-0.02287648,-0.01238408,-0.02287953,-0.01212434,0.00193335,-0.01580204,-0.0109045,-0.01592661,0.00361044,-0.01586736,0.00069529,-0.00683942,0.00965035,-0.01271981,-0.02604983,0.00151104,-0.00842231,-0.01544203,-0.01179316,0.00439883,-0.02526601,-0.01102755,-0.01688064,-0.02663623,-0.01983523,-5.01e-06,-0.01849385,-0.02020288,0.00163864,-0.00170792,0.00390057,-0.02648278,-0.00768099,-0.02138319,-0.01009028,-0.01593878,-0.0045547,-0.01207118,-0.01067363,-0.02216858,-0.00761568,-0.01759004,-0.01434373,-0.00985025,-0.01969399,-0.00379667,-0.00551324,-0.00610873,-0.02689754,1.012821,-0.00293231,-0.01062499,-0.00517904,0.00831202,0.02133978,0.00349345,-0.00265431,-0.01583548,-0.01576412,-0.0050879,-0.01092123,-0.01871567,-0.01707353,-0.02261825,0.00921437,0.01582393,-0.00273331,-0.0225119,0.00748715,0.00527991,0.02218587,-0.01432702,-0.02262126
"Np2_501423",-0.00690777,-0.01598888,-0.01293247,-0.01841792,-0.00334094,0.02325533,-0.0084466,-0.01908631,-0.00701562,0.03917386,-0.01610131,-0.00465344,-0.02296004,-0.0003377,-0.02104138,-0.01674385,-0.01542381,-0.00638672,-0.01624563,-0.02403248,-0.01610738,-0.0065599,-0.01612564,-0.01456245,-0.00597505,-0.02419956,-0.00641709,0.00012715,0.02034167,-0.03025775,-0.01114755,-0.0341557,-0.01026799,-0.01235827,-0.00796201,-0.01197091,-0.02810666,-0.01032878,-0.01406574,-0.00775391,-0.0266301,-0.02461731,-0.01969092,-0.01276235,-0.0153767,-0.01431029,-0.01376495,-0.01882048,-0.02281112,-0.01149847,-0.00879752,-0.00214845,0.00097176,-0.00460482,-0.01406117,-0.01971522,-0.01136477,0.00715599,-0.02763271,-0.00245076,-0.02633084,-0.0092654,-0.02589944,-0.00433747,0.00121026,0.00625365,0.05445896,-0.01848783,-0.01463843,-0.00637912,-0.01494982,0.00118291,-0.00038935,-0.01851211,-0.01242359,-0.01164127,-0.00293231,1.0015569,-0.01526885,-0.02516572,-0.0136495,-0.01398978,-0.01132831,-0.01003254,0.0348156,-0.02405381,-0.00061721,-0.01465362,0.00884521,-0.00136156,0.00646177,-0.0019616,-0.00659331,-0.01208635,-0.01242056,-0.02206982,0.00595287,-0.01587799,-0.03036405,-0.02483456
"Np2_500269",-0.01065081,-0.01016164,-0.01819459,-0.00757768,-0.00814734,-0.03046583,0.00543181,-0.02769043,-0.00939147,-0.01971217,-0.01938861,-0.03513247,-0.01075259,-0.01015711,-0.01734087,-0.01608152,-0.00898892,-0.02820692,-0.02986274,-0.03248468,0.00794894,-0.00361893,-0.02123585,-0.00569704,-0.01397153,-0.00789061,-0.00970439,0.00063756,-0.01727704,-0.00999912,0.07898924,-0.01815054,-0.02585991,0.00592551,-0.02006003,-0.01176432,0.17003723,-0.01862909,-0.01887214,-0.0140794,-0.0094097,0.01630088,-0.00505295,-0.00769466,-0.02048691,0.01886057,0.00102492,-0.01694288,-0.02199687,-0.00749414,-0.00889474,-0.00680294,-0.00489801,-0.01594329,-0.02691876,-0.01206507,-0.02027271,0.00569158,-0.02408411,-0.01363734,-0.00804708,-0.00951452,0.0051447,-0.02646151,-0.01590079,0.00478924,-0.02098517,-0.03423169,-0.00714018,-0.01680616,-0.02583257,-0.01319377,-0.02327291,-0.02954677,-0.00917881,-0.0003453,-0.01062499,-0.01526885,0.9931582,-0.01037585,-0.01602536,0.0272323,-0.00276672,-0.02547259,-0.00037263,-0.01655555,-0.02441224,-0.00958593,-0.02330481,-0.01862449,-0.00624393,-0.00691992,-0.02993262,-0.01005684,-0.02011322,-0.01031812,-0.02893156,0.00422868,-0.00706727,-0.00837369
"Np2_500458",0.0160624,0.00212019,0.02082321,0.01002098,-0.00619531,-0.00906943,-0.01737733,-0.01616812,-0.01670589,-0.00636696,-0.00984113,-0.00082381,-0.00515474,-0.00835698,-0.02799729,-0.01033177,0.00010284,-0.00984872,0.01264901,-0.01321502,-0.01744265,0.00592856,0.0106423,-0.02364507,-0.01733632,-0.02219282,-0.01701879,-0.01062649,-0.00621049,-0.01138909,-0.00898891,-0.00678016,-0.01464144,-0.00078127,-0.01689273,-0.01604055,0.02190328,-0.01637323,-0.01585674,-0.00438,-0.01095157,-0.02093957,-0.00811392,-0.01516099,-0.00805315,-0.00759438,-0.02451858,-0.02213056,-0.00728449,-0.00766883,-0.01666489,-0.02399142,0.00388994,-0.01566225,-0.0012689,-0.01072068,-0.02242221,-0.02273821,-0.01757481,-0.03188922,-0.01080422,-0.01257549,-0.00733462,-0.01980029,-0.00878385,0.00127254,-0.00520942,-0.0035688,-0.02812643,0.01446432,-0.02023472,-0.007444,-0.02238424,-9.92e-05,-0.00996114,-0.00857118,-0.00517904,-0.02516572,-0.01037585,0.9890105,-0.00100913,-0.01198305,-0.02420866,-0.027774,-0.01163669,0.0487427,-0.01456094,-0.00565907,-0.00859243,-0.02092592,-0.00535525,-0.03550163,-0.00306751,0.01346628,-0.00433746,-0.03069672,-0.02075125,-0.02404915,-0.01666032,-0.00551019
"Np2_500631",-0.01389256,-0.01477057,-0.01870198,-0.00170488,-0.02247844,-0.01608613,0.02725508,-0.02698255,-0.00655685,-0.01596611,-0.00273027,-0.00282749,0.00575387,-0.01172785,-0.01556963,-0.02600726,-0.00417948,-0.0100295,0.00244224,-0.00367362,0.00364384,-0.00108812,-0.02979445,-0.01683806,-0.02435302,0.00177992,0.00239666,-0.01657982,0.01912943,-0.02493788,-0.00476434,-0.02230375,-0.01998713,-0.01645678,-0.00142688,-0.0315642,0.00729117,0.0226386,-0.01527798,-0.01094097,-0.02070262,-0.02248755,-0.01619397,-0.01458222,0.00331116,0.0183532,-0.02409173,-0.01927318,0.00332028,-0.00830534,-0.00925021,-0.02508368,-0.01345659,0.01256393,-0.00327258,-0.02031982,-0.00513347,-0.01577927,-0.01562886,-0.01809437,-0.00278192,-0.01290818,-0.01252841,-0.0120818,-0.00471117,-0.02184656,-0.02422693,-0.00177476,-0.01053384,-0.01533872,-0.0065918,-0.00124459,0.01282978,-0.02245871,-0.02107939,-0.01953751,0.00831202,-0.0136495,-0.01602536,-0.00100913,1.00369,0.01882566,-0.01451536,-0.0197517,-0.00589302,-0.00080861,-0.01018445,-0.00735894,-0.04280084,-0.02353726,0.00935108,-0.02292205,-0.0085651,-0.01436195,-0.02122825,-0.01781333,-0.01120984,-0.00873523,-0.01137238,-0.00584288
"Np2_503016",-0.00678928,-0.02741546,-0.00764908,-0.00705816,-0.02783172,-0.02675624,-0.0314183,-0.02914574,0.01087624,-0.02618048,-0.02175538,0.0027567,-0.00582771,-0.00629558,-0.00952971,-0.01784063,-0.01819159,-0.0290546,-0.01096223,-0.00051999,-0.01948281,-0.01327733,0.00237388,-0.00244315,-0.01071765,-0.00539626,-0.00174133,-0.00674219,-0.01022544,-0.01616361,0.01039013,-0.01033939,-0.00589604,-0.01770852,-0.01422371,-0.00547224,-0.00110028,-0.01552712,0.01461171,0.00831506,-0.02256199,-0.01675147,-0.01471134,-0.03588598,-0.01206812,0.01391138,0.00139254,-0.01353709,0.00419527,0.00229185,-0.00837522,-0.04289349,-0.02610153,-0.00813215,-0.02138625,-0.01352037,-0.00349893,-0.01490427,-0.00214542,-0.01053536,-0.01800928,-0.02555311,-0.01545114,0.02145369,-0.02160955,-0.02568076,-0.00983202,-0.03143355,-0.00950694,-0.008995,-0.00860307,-0.02133309,0.08783639,-0.01338061,-0.00941884,-0.01866253,0.02133978,-0.01398978,0.0272323,-0.01198305,0.01882566,1.00498444,-0.0157671,-0.00398959,-0.01398066,-0.00403517,-0.02936147,-0.0105855,0.00030487,-0.02858672,-0.02000387,-0.01900887,-0.0076901,-0.01652514,-0.01047916,-0.02012843,-0.01063867,-0.02031677,0.00970653,-0.02076644
"Np2_501857",-0.01248282,-0.01351273,0.00519027,-0.0214105,-0.00420681,-0.02151229,-0.01083156,-0.01600254,-0.00104559,0.03982701,-0.00633354,0.01195022,-0.01440752,-0.01457158,-0.01750188,-0.01836925,-0.01203621,-0.00725259,-0.01012367,-0.02413878,0.00702836,-0.01380595,-0.02640987,0.00401601,-0.02674098,-0.00303863,-0.0045486,-0.00499219,-0.03186938,0.02128503,-0.02477377,0.00189233,-0.00976668,-0.00714777,-0.00882788,-0.01769787,-0.01393353,-0.005574,-0.0197927,-0.00087241,-0.01914097,0.00672151,-0.01554378,0.00703141,-0.00393793,-0.02125251,-0.00718727,0.00203664,-0.01911971,-0.01555443,-0.00373894,-0.01729375,-0.00824912,0.00212475,-0.01918049,-0.01192227,-0.014965,-0.01740771,0.01737792,-0.0045319,-0.02263942,-0.00997936,-0.00413086,-0.00034226,-0.01363126,-0.01739863,-0.02220954,-0.00218795,0.0332585,-0.02304352,-0.02113249,-0.00332878,-0.00307813,-0.00327561,-0.0055421,-0.01083613,0.00349345,-0.01132831,-0.00276672,-0.02420866,-0.01451536,-0.0157671,0.97992204,-0.01621522,-0.02043373,-0.01124782,0.00778336,-0.02235539,-0.01602228,-0.00708853,-0.01293703,-0.01087866,-0.02052335,-0.01750949,-0.02331241,-0.01245395,-0.01709174,-0.01005985,-0.02500162,-0.01810496
"Np2_502277",-0.01984587,-0.00371007,-0.00399567,-0.00598719,0.00514014,0.01229204,0.03436594,-0.00118687,0.00389601,-0.00794378,-0.02584933,-0.01804727,-0.01068121,0.00875104,0.00460543,-0.02755521,-0.00132207,-0.02281873,-0.00229581,0.0041968,-0.00580339,-0.01326974,0.00314103,-0.0048661,-0.01207723,-0.0076673,0.00419071,-0.00369641,-0.01644612,-0.0176751,-0.02833912,-0.02491506,0.00611236,-0.01891619,0.0497376,-0.00227454,-0.01537213,-0.01005079,-0.01515493,0.00179055,-0.03349184,-0.01689578,-0.00650065,-0.01400345,-0.01403533,-0.00628494,-0.01804423,-0.02234023,-0.00734222,-0.01213194,-0.00381034,-0.00809872,-0.01986564,-0.0295437,-0.00770681,-0.0089555,-0.01260587,-0.00684549,0.00469809,-0.02830115,0.02119085,-0.00230341,-0.01757027,-0.01879468,-0.02464014,-0.02400215,-0.0095206,-0.00408226,-0.02104444,-0.01810195,-0.00494965,-0.03089577,-0.00330144,-0.00410657,-0.01852579,-0.00589454,-0.00265431,-0.01003254,-0.02547259,-0.027774,-0.0197517,-0.00398959,-0.01621522,1.00211296,-0.00683333,-0.0123826,-0.01249195,-0.00055189,-0.01381507,-0.01733784,-0.01574282,0.00089884,-0.02454442,-0.01013736,-0.01761129,-0.01450019,-0.00561806,-0.02592981,-0.0123127,-0.02531611
"Np2_502441",-0.01601319,-0.01127057,-0.00532791,-0.02251035,0.01717589,-0.02352358,-0.00312067,-0.01406419,-0.02386839,-0.03753109,0.01261864,0.00416641,-0.01550736,-0.00488586,-0.01450017,-0.00929119,-0.01541468,-0.01761887,0.00199259,-0.00518663,-0.02171889,0.00438668,-0.01247069,-0.02351596,-0.01766293,-0.01097436,-0.00549652,0.00119962,-0.01413254,-0.00806988,-0.02420262,-0.01409458,-0.02195585,-0.02100797,-0.00187653,-0.01317707,-0.01032419,-0.02718158,-0.00327106,-0.00607379,-0.00672091,-0.01139211,-0.03001161,0.01474233,-0.01612712,-0.00761717,-0.01633828,-0.01881136,-0.02204245,-0.01680618,-0.01152277,-0.00806378,-0.01314669,-0.0132545,0.00524041,-0.01287019,-0.00482357,0.01233001,-0.00863497,-0.01231573,0.00709824,-0.00591428,-0.01145896,-0.00888562,0.02355002,-0.00725717,0.03699851,-0.00511069,-0.01842704,-0.00317991,-0.02922014,-0.00928971,-0.0186093,-0.01546481,-0.00740147,-0.02332916,-0.01583548,0.0348156,-0.00037263,-0.01163669,-0.00589302,-0.01398066,-0.02043373,-0.00683333,0.99428248,-0.01523393,-0.025825,-0.00142841,-0.00390604,-0.02231589,-0.00750478,-0.0021044,-0.01433156,-0.01116577,-0.01833589,-0.02403552,-0.00588694,-0.02240095,-0.00270748,-0.01373607
"Np2_501289",0.02856763,0.00292835,0.0015794,-0.03049019,-0.00508335,-0.00248873,-0.00866992,0.01866767,-0.01908786,0.00963212,-0.02498348,0.00651646,-0.00753669,-0.01514432,-0.00698525,-0.01468855,-0.02552125,0.00782135,0.00753273,-0.00222897,-0.01633072,0.00111607,-0.02075436,-0.00081013,-0.00422354,-0.01151062,0.00596805,0.00552449,-0.02803681,-0.01589779,-0.01592816,-0.01614994,-0.02234023,0.01491401,-0.01973044,-0.02267601,-0.01344291,-0.01024828,-0.02750521,-0.0075215,0.00246503,-0.014207,-0.01140733,-0.02559416,0.00186955,-0.03352229,-0.01368446,-0.0251202,-0.02090774,-0.01460808,-0.01418576,0.00172979,-0.00289737,-0.00300522,-0.00592949,-0.03892722,-0.02298129,-0.0152461,-0.00841168,-0.04672781,0.00519484,-0.01678038,-0.03462972,-0.01033335,-0.01192535,-0.02936461,-0.00227454,-0.02585091,-0.02169769,-0.0172361,-0.01213497,-0.01818099,-0.01352494,-0.00749415,-0.02312867,0.00530119,-0.01576412,-0.02405381,-0.01655555,0.0487427,-0.00080861,-0.00403517,-0.01124782,-0.0123826,-0.01523393,1.02602677,0.00310913,-0.00576239,-0.02251949,-0.01388953,0.00122545,0.01391749,-0.00681663,-0.00866385,-0.01431489,-0.01545724,-0.02222178,-0.01549368,0.00222501,-0.0056135
"Np2_500086",-0.01255726,0.01588313,-0.01265751,-0.01464905,-0.00093925,0.01897299,0.00671544,-0.02974879,-0.02496974,-0.01144073,-0.01567444,-0.00772048,-0.02238125,0.00738081,-0.04279324,-0.01601316,-0.00086938,-0.00307358,-0.01521111,0.00297848,-0.01188278,-0.0040063,-0.01083766,-0.01595849,-0.02362536,0.00767246,-0.01799102,0.00450365,0.00253946,-0.02512168,-0.01056878,-0.01641119,-0.00908157,-0.02150167,-0.01406723,0.0153439,-0.01552707,-0.02281419,-0.02108242,-0.00899804,0.00919155,-0.03102633,-0.02306177,-0.0059553,0.00798843,-0.00203452,-0.01060371,-0.01505161,-0.01281399,0.0004735,0.00119962,-0.01539339,-0.0106022,-0.01131766,-0.01044421,-0.00090736,-0.01321654,0.00940576,-0.00335613,-0.01934152,-0.00995353,-0.00564844,-0.01180075,-0.01348088,-0.02935235,-0.02035936,-0.00800455,-0.01076931,-0.01436346,-0.00534462,-0.0034336,0.00479987,-0.00725411,-0.00335006,0.00137128,-0.02898778,-0.0050879,-0.00061721,-0.02441224,-0.01456094,-0.01018445,-0.02936147,0.00778336,-0.01249195,-0.025825,0.00310913,0.99405458,-0.02820239,0.01215834,-0.01794851,0.00309089,-0.02796694,0.00082137,-0.01089993,-0.01093032,-0.02863077,-0.01488756,0.0070314,-0.01429054,-0.01696414
"Np2_501603",-0.00760503,0.00017575,-0.02395954,-0.01015255,-0.0190772,-0.02195134,-0.01005532,-0.00292167,0.00565512,0.00946196,-0.01786195,-0.01021179,0.02085214,-0.02275799,-0.01596611,-0.02139074,-0.03738836,-0.0140718,-0.01481615,0.00018335,0.03043909,-0.00862434,-0.01545572,0.00965336,-0.00879904,0.01915679,-0.02382433,-0.03399013,-0.02228245,0.00884522,0.00395374,0.00859304,-0.00033162,0.01033848,-0.03539527,-0.02375757,-0.0251581,-0.00024047,-0.00640799,-0.01072981,-0.00469293,-0.00693359,0.01318374,-0.01178862,-0.00680751,-0.02655264,0.00391879,-0.00630165,-0.01788775,-0.01584156,-0.01071005,-0.0095297,0.02047844,-0.01608761,-0.00853016,-0.02390639,-0.01342921,-0.00888411,-0.00721462,-0.03049167,-0.01988838,-0.01254512,0.01274776,-0.00397137,-0.01163974,-0.01555902,-0.0194585,-0.00627279,-0.00439823,-0.02317875,-0.02050817,0.00109329,-0.00853014,0.00752665,-0.00385439,-0.02282028,-0.01092123,-0.01465362,-0.00958593,-0.00565907,-0.00735894,-0.0105855,-0.02235539,-0.00055189,-0.00142841,-0.00576239,-0.02820239,1.00092183,-0.02724686,-0.01876882,-0.01292034,-0.01754598,0.00303925,-0.02691117,-0.02147282,0.00077884,-0.01920179,-0.02113251,-0.02407349,-0.00745464
"Np2_502343",-0.01934911,0.01258518,-0.00441037,-0.02432716,-0.01547846,-0.01789686,-0.01952075,-0.0070703,-0.01657068,-0.00456076,-0.00438911,-0.01086651,-0.017628,-0.02280506,-0.0094811,0.28313908,-0.01373759,-0.0180685,-0.03263658,-0.01809281,-0.00728146,-0.00851952,-0.01535088,-0.01956023,-0.02191029,-0.02038662,-0.01232633,-0.00426303,-0.02551961,-0.02948297,-0.02237362,-0.02715265,-0.01602532,-0.02054615,-0.01235217,-0.00998089,-0.01882499,-0.01988385,0.01162211,-0.02551208,0.0400731,-0.00303104,-0.02241007,-0.00773415,-0.01338667,-0.01748517,-0.02651009,0.0010948,-0.02036536,-0.00768554,-0.01987168,-0.01869131,-0.01283678,-0.00458962,-0.01769178,-0.00131903,-0.00907094,-0.01500756,-0.01348996,-0.01200583,-0.03011334,0.00092771,-0.01145287,0.01755264,-0.01913037,-0.01499846,-0.01054294,-0.01467489,-0.0126484,-0.02125101,-0.01128881,-0.02174017,0.01299382,-0.006648,-0.0175733,-0.00539779,-0.01871567,0.00884521,-0.02330481,-0.00859243,-0.04280084,0.00030487,-0.01602228,-0.01381507,-0.00390604,-0.02251949,0.01215834,-0.02724686,0.98487496,0.00898344,-0.02831023,-0.01151668,-0.01022394,-0.0044757,0.00536801,-0.02159888,-0.01727405,-0.02786357,-0.01789229,-0.01585672
"Np2_502804",-0.0013008,0.00678379,0.02123336,-0.00491168,-0.00532943,-0.00957073,-0.02258779,-0.01317552,-0.01462472,-0.00808353,-0.02933105,-0.01697173,-0.02251795,-0.01295983,-0.00707941,-0.00369336,-0.01604509,-0.01262865,-0.01200583,0.00041122,0.00636149,-0.02039729,-0.01082247,-0.02657691,-0.01631852,-0.0120605,-0.00612694,-0.01006443,-0.00169879,-0.02784084,-0.00873067,-0.02186471,0.00414969,0.00752815,-0.02742001,-0.01137694,-0.00654924,-0.00046834,-0.03291614,-0.0180974,-0.01676968,-0.02858058,0.0220704,-0.00776301,-0.00961781,-0.01493158,-0.0307924,-0.03387313,-0.01735605,-0.02457632,-0.00501346,0.0086234,-0.01165037,-0.01312537,-0.01377102,-0.01365251,-0.01259371,-0.01427687,-0.01412646,0.01546085,-0.01054597,-0.01444397,-0.00722828,0.0179795,-0.0035126,0.00396133,-0.01193899,0.01431091,-0.02346281,0.01138056,0.01450684,-0.01508503,-0.01589772,0.04360502,-0.00605707,-0.01651602,-0.01707353,-0.00136156,-0.01862449,-0.02092592,-0.02353726,-0.02858672,-0.00708853,-0.01733784,-0.02231589,-0.01388953,-0.01794851,-0.01876882,0.00898344,0.98572881,-0.02742765,-0.00774782,0.03972526,-0.02561991,-0.01638384,-0.00886739,-0.01350518,-0.00434657,-0.01047762,-0.0178604
"Np2_501831",-0.02568223,-0.01076169,-0.01393355,-0.01653274,-0.00874738,-0.01268487,-0.01719505,-0.00504839,-0.00194033,-0.01271677,0.01221608,-0.00762934,-0.00087089,-0.0065037,-0.01520657,-0.02807474,-0.02432417,-0.00829925,-0.00813216,-0.01546329,-0.01786801,-0.00801671,0.00383677,-0.01556353,-0.01214104,-0.00803492,-0.03066023,-0.01196331,0.00718787,-0.01454881,-0.02642811,-0.0172315,-0.01476298,-0.02353728,0.00318963,-0.0161621,0.0070466,-0.00282294,-0.01445919,-0.01832528,-0.0107693,0.00506723,-0.01689428,-0.00935806,-0.02047932,-0.02412211,-0.0042843,0.00418008,-0.00041821,-0.00718273,0.00691141,-0.0025419,0.0019455,-0.01639143,-0.01794854,-0.01463994,-0.00598567,-0.01769485,0.00159611,0.02981629,-0.01381203,-0.01467185,-0.01429208,0.00681419,-0.01847566,-0.00127954,-0.02234477,-0.02784393,0.00502015,-0.01208939,-0.00273482,-0.01592056,-0.01597369,-0.02574147,-0.01813386,-0.00018579,-0.02261825,0.00646177,-0.00624393,-0.00535525,0.00935108,-0.02000387,-0.01293703,-0.01574282,-0.00750478,0.00122545,0.00309089,-0.01292034,-0.02831023,-0.02742765,1.00426429,-0.01283679,-0.00820204,-0.01430271,-0.00476282,-0.00620899,-0.02375907,-0.0022958,0.01177706,-0.02127837
"Np2_503278",-0.01587649,-0.00399414,-0.01628055,-0.01295527,-0.01914557,0.01124842,-0.01756723,0.00885888,-0.02190878,-0.01688667,-0.01200585,-0.0076977,-0.01673783,-0.01295225,0.001587,-0.01340793,-0.02272153,-0.02264707,0.04587916,-0.03786229,-0.02036692,-0.01735154,-0.02084091,-0.0107708,-0.02193158,-0.02390183,-0.01417052,-0.00823394,-0.00624847,0.00573868,-0.04001638,0.00077732,-0.01407179,-0.02603618,0.00388082,-0.02564885,-0.02097302,0.03599751,-0.00905881,-0.02173564,-0.00536893,-0.01991421,0.00202601,-0.01747762,-0.00885069,-0.00337891,-0.02091075,-0.00257228,-0.01415839,0.00854748,-0.02110824,-0.01294007,-0.01771917,0.00131355,-0.01239626,-0.00863194,-0.00331967,0.01398583,0.00927511,-0.0184073,0.00055097,-0.01170203,-0.03107043,-0.02135739,-0.0050241,-0.01684266,0.00401906,-0.01196181,-0.01145442,-0.03372885,0.01527399,0.00026538,-0.01634587,-0.01517619,-0.01987322,0.00688559,0.00921437,-0.0019616,-0.00691992,-0.03550163,-0.02292205,-0.01900887,-0.01087866,0.00089884,-0.0021044,0.01391749,-0.02796694,-0.01754598,-0.01151668,-0.00774782,-0.01283679,1.00443142,-0.02452467,-0.01133289,-0.00710981,-0.00369489,-0.00012959,-0.00221225,-0.00530513,-0.005852
"Np2_501652",-0.004102,-0.023361,-0.01893742,0.02828956,-0.00478863,-0.00432075,-0.01080575,-0.01855917,-0.00208313,-0.02729091,-0.01557418,-0.02250731,-0.00298851,-0.01910304,0.00850037,-0.0210778,-0.00942794,-0.01436649,0.00342205,-0.01287171,-0.00555425,-0.00633659,0.0008077,-0.01798495,-0.01425864,-0.01455788,-0.01302968,-0.01484045,-0.02728631,0.00065124,-0.00545552,-0.01661475,-0.01277903,-0.02732587,-0.02323342,0.03488855,-0.02256652,0.00645265,-0.00639887,-0.01694897,-0.01607698,-0.03107798,-0.00108661,-0.01481767,-0.01621674,-0.01712515,-0.01445308,0.00661974,-0.01013127,-0.00428733,0.00828771,-0.02273666,-0.02083178,-0.00590059,-0.0012294,-0.01964381,-0.0204079,-0.01677426,-0.01920631,-0.00511371,-0.01699298,-0.00129472,-0.00319359,-0.03115399,-0.0111749,-0.00643534,-0.00608138,-0.01689733,0.00943462,-0.00949781,-0.02536013,-0.01925344,0.00591032,-0.00021161,-0.00976973,-0.01612714,0.01582393,-0.00659331,-0.02993262,-0.00306751,-0.0085651,-0.0076901,-0.02052335,-0.02454442,-0.01433156,-0.00681663,0.00082137,0.00303925,-0.01022394,0.03972526,-0.00820204,-0.02452467,0.99303969,-0.00745768,-0.01827361,-0.01987168,-0.00384984,-0.02051576,-0.00583528,-0.00319207
"Np2_501817",-0.00184768,-0.00880206,-0.01577165,-0.0095601,-0.01605421,0.00264276,-0.00566514,-0.02238122,-0.00089216,0.0083834,-0.00572439,-0.00491016,-0.01562129,-0.00499979,-0.02570347,0.00988729,-0.01644007,-0.01909999,-0.0124008,-0.02049147,-0.00664192,0.00047502,-0.01653427,-0.01375581,-0.02035932,-0.01427838,0.00335217,-0.01851059,-0.03110835,0.00700711,-0.01474628,-0.00372678,-0.01477816,-0.00380427,0.00393399,0.04124444,-0.00739994,-0.00967404,-0.02070266,-0.00907399,-0.00744247,-0.01165795,-0.01159264,-0.0034488,-0.02414032,-0.00484484,-0.00733766,0.00234198,-0.00681357,-0.01099565,-0.00950997,-0.01106399,-0.02313472,0.00182245,-0.01674845,-0.0075154,-0.01481158,-0.02697649,-0.01755962,-0.0030113,-0.0033455,-0.01347176,-0.00731944,-0.02631721,0.00596653,-0.02073913,-0.01157441,-0.00871854,-0.00471724,-0.02121912,-0.00320574,-0.01456856,-0.00231707,-0.01512301,-0.00812304,-0.01493618,-0.00273331,-0.01208635,-0.01005684,0.01346628,-0.01436195,-0.01652514,-0.01750949,-0.01013736,-0.01116577,-0.00866385,-0.01089993,-0.02691117,-0.0044757,-0.02561991,-0.01430271,-0.01133289,-0.00745768,0.99618161,-0.01556355,-0.00622417,-0.00751997,0.00968981,-0.02894977,-0.02433173
"Np2_501972",0.00283112,-0.00199654,-0.01033331,-0.02584476,-0.01380595,0.01810711,-0.01663298,-0.01208178,-0.00958136,-0.00653406,0.00016968,-0.02301773,-0.01261349,-0.00654926,0.00935714,-0.01049888,-0.00917882,-0.00439518,-0.01212736,0.00120114,-0.00287457,-0.02644329,-0.02583112,-0.00603884,-0.02084542,-0.00564995,-0.00776755,-0.01899669,0.01428201,-0.00745464,-0.00824457,-0.02745498,0.06661465,-0.02388665,-0.01569265,-0.01408093,-0.01669677,-0.02155335,0.01785192,-0.01791512,-0.01005531,8.66e-06,-0.01937039,-0.00818836,-0.00882789,-0.01505313,-0.0249895,0.00550169,-0.0124646,-0.02834369,-0.03460536,-0.00760046,-0.0035688,-0.02190571,-0.01070246,-0.00040606,-0.01286715,-0.0110564,3.144e-05,0.0015156,-0.00641406,-0.01122351,-0.02497127,-0.00933375,-0.00424177,-0.03049172,-0.02208651,-0.00495118,0.01864639,-0.01881896,-0.01219875,-0.0108012,-0.01860171,-0.00072202,-0.00921679,-0.0123841,-0.0225119,-0.01242056,-0.02011322,-0.00433746,-0.02122825,-0.01047916,-0.02331241,-0.01761129,-0.01833589,-0.01431489,-0.01093032,-0.02147282,0.00536801,-0.01638384,-0.00476282,-0.00710981,-0.01827361,-0.01556355,0.9964247,0.00620199,-0.01028471,-0.00917728,-0.01181442,0.00920979
"Np2_503288",-0.00879295,-0.01650688,-0.00600693,0.0015718,-0.01707504,-0.00460635,-0.01124325,-0.01018595,-0.03153525,-0.00205579,0.00221742,-0.02962881,0.00371373,-0.00617253,-0.0083433,-0.03047792,-0.01897999,-0.01860171,-0.00263608,-0.01725884,0.00737624,-0.0184711,0.0018893,-0.00991556,-0.01469614,-0.0203122,0.0273963,0.00143205,-0.00281077,-0.00312827,-0.01364038,-0.0077858,-0.01792571,0.00763146,-0.00939147,-0.02524931,-0.00796504,0.00966097,0.00243009,-0.00128409,-0.01438775,-0.02543912,-0.00516993,-0.03044609,-0.01817333,-0.00692903,-0.01291577,-0.0027804,-0.01983522,-0.00275001,-0.0155438,0.00416944,0.02475923,0.00292835,-0.01944027,-0.01020722,-0.01811104,0.02380371,-0.00779491,-0.00904513,-0.02077249,-0.00036504,-0.01016317,-0.02475558,-0.01206813,-0.00672094,-0.00758224,-0.02234783,-0.02047325,-0.00097268,0.00777424,-0.00450001,-0.02764333,-0.01584002,-0.01537215,-0.02005856,0.00748715,-0.02206982,-0.01031812,-0.03069672,-0.01781333,-0.02012843,-0.01245395,-0.01450019,-0.02403552,-0.01545724,-0.02863077,0.00077884,-0.02159888,-0.00886739,-0.00620899,-0.00369489,-0.01987168,-0.00622417,0.00620199,0.99611476,-0.01005988,-0.01988989,-0.01143769,-0.00028756
"Np2_503029",-0.00370856,-0.00580186,-0.02765853,-0.01597826,-0.0012051,-0.0201816,0.0129817,-0.01330466,-0.00655077,0.00667443,-0.02748539,-0.02165815,0.00378513,-0.01384851,-0.02224755,-0.01886147,-0.01404751,-0.02096088,-0.02474343,-0.02751728,0.00699192,-0.03860364,-0.00168513,0.00443529,-0.0055102,0.00133026,-0.00838279,-0.0042691,-0.02810817,-0.00882943,-0.01250563,-0.01272741,-0.01223369,-0.01174152,-0.01418117,-0.00922743,-0.03022427,-0.00485093,-8.097e-05,-0.01716318,-0.01036673,0.00152016,-0.00449089,0.01504615,-0.0240264,-0.01901037,-0.0066161,0.00792464,-0.00958592,0.00127102,-0.00848459,-0.02446996,-0.00904515,0.0057341,-0.01010242,-0.00102129,-0.01272284,-0.00726628,-0.02169915,0.00393854,0.01727615,-0.01411739,-0.01161088,0.00448238,-0.01032573,-0.01029536,0.00540143,-0.01407335,-0.00460331,-0.01457311,-0.02420716,-0.00442862,0.01238012,-0.0317191,-0.00497093,-0.0139108,0.00527991,0.00595287,-0.02893156,-0.02075125,-0.01120984,-0.01063867,-0.01709174,-0.00561806,-0.00588694,-0.02222178,-0.01488756,-0.01920179,-0.01727405,-0.01350518,-0.02375907,-0.00012959,-0.00384984,-0.00751997,-0.01028471,-0.01005988,1.00430987,-0.01602078,-0.00893576,-0.01130554
"Np2_503948",0.00074085,-0.0233792,-0.03338696,-0.00530056,-0.01787101,-0.00631379,-0.01310259,-0.02267893,-0.00027845,-0.01804267,-0.00192058,-0.0085499,-0.00710829,-0.00362653,-0.01551947,-0.01015859,0.0034661,-0.00299154,0.00158092,0.00442769,-0.0265359,0.02341935,-0.00908462,0.00113734,-0.02399902,-0.01548756,-0.01882042,0.00185131,-0.01120221,-0.02184953,-0.02658908,-0.01116423,-0.00930335,-0.01549517,-0.02537834,0.00980528,0.00688556,0.00704205,-0.02312709,-0.00694118,-0.01943718,-0.01134804,-0.02313162,-0.00891144,-0.01790595,-0.02078918,0.01682193,-0.01967874,-0.01030139,-0.0132682,-0.02378332,-0.002551,-0.02236907,-0.01776769,-0.02221107,-0.00750931,-0.00417188,-0.00934894,-0.003426,0.00094441,0.00653465,0.00263668,0.01638443,-0.00990492,0.02556886,-0.01739103,-0.00306142,-0.00977581,-0.02688987,-0.01285802,-0.00942791,-0.01258764,-0.01507133,-0.00022984,-0.01662385,-0.01872781,0.02218587,-0.01587799,0.00422868,-0.02404915,-0.00873523,-0.02031677,-0.01005985,-0.02592981,-0.02240095,-0.01549368,0.0070314,-0.02113251,-0.02786357,-0.00434657,-0.0022958,-0.00221225,-0.02051576,0.00968981,-0.00917728,-0.01988989,-0.01602078,0.97811407,-0.02104439,-0.00366602
"Np2_503119",-0.02483455,-0.03406753,-0.00837671,-0.0196347,-0.01853335,-0.01274867,0.02193368,0.00035653,-0.02433475,-0.00290648,-0.00379819,-0.00921222,-0.02250581,-0.00595986,0.22702449,-0.01082092,-0.01056422,-0.01124931,0.0112484,0.00087909,-0.00517144,-0.0129416,0.0172929,-0.00636088,-0.02162319,-0.02769497,-0.034066,-0.01415382,-0.01778898,-0.01613169,-0.00598415,2.232e-05,0.02482145,-0.02572778,-0.01647042,0.01020632,0.00257743,-0.03083803,-0.01209243,-0.02127535,0.00663644,-0.01930199,-0.02364206,-0.01959977,-0.02616374,-0.00823544,-0.03017263,-0.00074481,-0.01855917,-0.00633507,-0.02657239,0.00559738,-0.02242378,-0.01417658,-0.01542986,-0.01880527,-0.03308926,-0.01304945,-0.00317687,0.00757373,-0.00263455,-0.014128,-0.02529331,-0.02150471,-0.02765399,-0.02276255,-0.0046352,-0.02228706,-0.00476584,-0.03326853,-0.00872307,-0.02950425,-0.0095054,-0.02899534,-0.00650065,0.00081377,-0.01432702,-0.03036405,-0.00706727,-0.01666032,-0.01137238,0.00970653,-0.02500162,-0.0123127,-0.00270748,0.00222501,-0.01429054,-0.02407349,-0.01789229,-0.01047762,0.01177706,-0.00530513,-0.00583528,-0.02894977,-0.01181442,-0.01143769,-0.00893576,-0.02104439,0.99015909,-0.00767034
"Np2_503492",-0.02188751,-0.02808232,-0.00937931,-0.02306784,0.00355421,-0.01572609,-0.00732399,-0.02252096,-0.00908309,-0.02715115,-0.02333369,-0.01249346,0.00824062,-0.0157732,-0.01004468,-0.01622887,-0.01976991,-0.02197409,-0.01694592,-0.00954186,-0.00283204,0.00063908,0.03178504,-0.00493294,-0.0127517,-0.00408833,0.01111167,0.00428793,-0.01666486,-0.00771592,-0.01792421,-0.01905744,-0.01248737,0.00851252,-0.01914402,-0.01373457,-0.01741377,-0.00540843,-0.01233549,0.00202753,0.00274757,-0.00131599,-0.0018583,0.00355117,-0.00757009,0.00397804,-0.01340188,-0.01450778,-0.00908005,-0.02936451,-0.025904,-0.00588693,-0.01294465,-0.015483,-0.00655837,0.00069984,-0.0059887,-0.01465969,-0.01405356,0.00201386,-0.0112326,0.00476949,-0.01201646,-0.01005077,-0.00161677,0.00768008,-0.01384088,-0.03027749,-0.01442726,0.01828939,-0.01656156,-0.00058075,-0.0206859,-0.01708567,-0.0134277,0.00391273,-0.02262126,-0.02483456,-0.00837369,-0.00551019,-0.00584288,-0.02076644,-0.01810496,-0.02531611,-0.01373607,-0.0056135,-0.01696414,-0.00745464,-0.01585672,-0.0178604,-0.02127837,-0.005852,-0.00319207,-0.02433173,0.00920979,-0.00028756,-0.01130554,-0.00366602,-0.00767034,0.99043257
