"","solution","std.error","z.ratio"
"vm(ID, ginv)_Np1_503448",0.395373906719355,0.785707048254078,0.503207789210898
"vm(ID, ginv)_Np1_502917",1.09125081567152,0.758636384591319,1.43843722478376
"vm(ID, ginv)_Np1_502147",1.07350726955421,0.748231743965731,1.43472564243862
"vm(ID, ginv)_Np1_503445",1.11656442596563,0.703500344973251,1.58715547752586
"vm(ID, ginv)_Np1_500114",1.18169011695859,0.768994309923059,1.53666951980025
"vm(ID, ginv)_Np1_501184",0.598019378531087,0.75416269808746,0.79295804479279
"vm(ID, ginv)_Np1_504630",-0.0147434879913039,0.786181929161629,-0.0187532776376915
"vm(ID, ginv)_Np1_501158",0.637369950523421,0.792506396649858,0.804245812043611
"vm(ID, ginv)_Np1_503557",0.433189190478676,0.757485320932047,0.57187800015142
"vm(ID, ginv)_Np1_504964",0.812033478539292,0.728388263306396,1.11483602831984
"vm(ID, ginv)_Np1_500315",0.929513810842793,0.792878159387974,1.17232868611274
"vm(ID, ginv)_Np1_503222",0.996034303390787,0.739449416737315,1.3469945081377
"vm(ID, ginv)_Np1_501873",0.351121736821852,0.821028308871481,0.427660938152639
"vm(ID, ginv)_Np1_503087",0.370007282652685,0.7426552541677,0.498222130088281
"vm(ID, ginv)_Np1_504658",0.659756959830102,0.738350270366293,0.893555520068814
"vm(ID, ginv)_Np1_501649",-0.225882355380936,0.721471933185042,-0.313085436856491
"vm(ID, ginv)_Np1_503983",0.409223190481615,0.752019343007366,0.544165777498634
"vm(ID, ginv)_Np1_500039",0.0957742314163799,0.740003561557141,0.129424014142376
"vm(ID, ginv)_Np1_502973",0.41902378138124,0.833842010822781,0.502521791829336
"vm(ID, ginv)_Np1_503246",0.892009915495861,0.747547336587778,1.1932487373542
"vm(ID, ginv)_Np1_503223",-0.0657596643906274,0.70834954953927,-0.0928350479412309
"vm(ID, ginv)_Np1_500336",0.745793472686992,0.742593383467705,1.00430934248881
"vm(ID, ginv)_Np1_501804",1.00573305014161,0.783480793689485,1.28367288418841
"vm(ID, ginv)_Np1_500051",1.1061283263337,0.763516833306718,1.44872814597049
"vm(ID, ginv)_Np1_500677",0.430113814114607,0.773085420048226,0.556360012697919
"vm(ID, ginv)_Np1_504827",0.418455837301189,0.747358727189968,0.559912960238736
"vm(ID, ginv)_Np1_501929",0.0486600568795605,0.776265857091081,0.0626847830998332
"vm(ID, ginv)_Np1_501959",1.29073494427958,0.7093153727609,1.81969120344255
"vm(ID, ginv)_Np1_503901",0.7311537368265,0.729878188580022,1.00174761798124
"vm(ID, ginv)_Np1_503464",-0.0959392623534788,0.788804025711935,-0.121626233165949
"vm(ID, ginv)_Np1_502846",-0.0736717685264838,0.746999567011316,-0.0986235759429399
"vm(ID, ginv)_Np1_504933",0.650689009841488,0.789648232988515,0.824023891472384
"vm(ID, ginv)_Np1_501049",0.712836730739989,0.787248433391324,0.905478754234183
"vm(ID, ginv)_Np1_504275",0.436267309580104,0.791299514215287,0.551330187549451
"vm(ID, ginv)_Np1_503793",0.0663538693495604,0.777817540199821,0.0853077565369818
"vm(ID, ginv)_Np1_503873",0.779990670310526,0.792488707374159,0.984229381507474
"vm(ID, ginv)_Np1_503331",0.173539023776091,0.775994400756982,0.223634376236225
"vm(ID, ginv)_Np1_503553",0.803425712263808,0.775882293955425,1.03549948042759
"vm(ID, ginv)_Np1_502095",0.568991536882451,0.751573389582154,0.757067167051761
"vm(ID, ginv)_Np1_503046",-0.119129369374489,0.807959743698202,-0.147444684346783
"vm(ID, ginv)_Np1_502827",0.682468150416048,0.707853001797814,0.964138244356818
"vm(ID, ginv)_Np1_503139",0.415743037559262,0.791555361744511,0.525222944157696
"vm(ID, ginv)_Np1_503328",0.45984401306531,0.733551327639005,0.626873670238395
"vm(ID, ginv)_Np1_500259",0.936404156253462,0.736868188591356,1.27078922764131
"vm(ID, ginv)_Np1_503911",0.0281188009233342,0.767150430978831,0.0366535685673233
"vm(ID, ginv)_Np1_500295",0.341733817046974,0.736514712077429,0.463987767580463
"vm(ID, ginv)_Np1_504188",-0.0466903579892427,0.79994047033257,-0.0583672907183099
"vm(ID, ginv)_Np1_504560",0.248972895989093,0.793993278249203,0.313570533667604
"vm(ID, ginv)_Np1_502651",1.80910351724738,0.72217649570905,2.50507116750063
"vm(ID, ginv)_Np1_503354",1.78068940716562,0.757945132695038,2.3493645256801
"vm(ID, ginv)_Np1_504533",-0.0155538636082783,0.773736761871426,-0.020102267818655
"vm(ID, ginv)_Np1_504548",0.0529489502085853,0.710594408932072,0.0745136037421974
"vm(ID, ginv)_Np1_500157",0.383318423666725,0.710605203947322,0.539425297672237
"vm(ID, ginv)_Np1_501531",0.241167569509171,0.737130897915664,0.327170615410511
"vm(ID, ginv)_Np1_500178",0.297549283740947,0.772105040228449,0.385374098390691
"vm(ID, ginv)_Np1_502173",-0.418193270404016,0.733798934506474,-0.569901713860183
"vm(ID, ginv)_Np1_504215",0.272054098180689,0.797216566369747,0.341254948350523
"vm(ID, ginv)_Np1_501894",0.223298345671008,0.752359418771224,0.296797434975568
"vm(ID, ginv)_Np1_503643",0.461908132671169,0.780954237982026,0.591466324409395
"vm(ID, ginv)_Np1_500107",0.541367083566084,0.73566480197333,0.735888249803353
"vm(ID, ginv)_Np1_503803",0.583950292281991,0.824262381572931,0.708451950903843
"vm(ID, ginv)_Np1_504360",0.286688014829201,0.750778122454648,0.381854513676934
"vm(ID, ginv)_Np1_504973",0.520713560435236,0.745709170901486,0.698279678934009
"vm(ID, ginv)_Np1_502421",0.00895097890869568,0.764945922239934,0.0117014531987898
"vm(ID, ginv)_Np1_504397",0.089092342088115,0.7418225263448,0.120099267579675
"vm(ID, ginv)_Np1_501933",0.0715389801929861,0.795604408459788,0.0899177775189538
"vm(ID, ginv)_Np1_503933",0.644839508846028,0.797940337125034,0.808129980205506
"vm(ID, ginv)_Np1_502663",0.462804620787751,0.805440852826012,0.574597897740014
"vm(ID, ginv)_Np1_501774",0.400326209007649,0.768815666182078,0.520705061846177
"vm(ID, ginv)_Np1_500570",0.240160303531889,0.781605270636206,0.307265460654333
"vm(ID, ginv)_Np1_500457",0.56057775307909,0.808345244487324,0.69348803237486
"vm(ID, ginv)_Np1_503443",1.15566335017577,0.719597597212252,1.60598556005864
"vm(ID, ginv)_Np1_500182",0.108674129950278,0.782300470456975,0.13891609944552
"vm(ID, ginv)_Np1_503172",0.78895782516048,0.733074392569299,1.07623159826293
"vm(ID, ginv)_Np1_503363",0.691234385078277,0.750260196496187,0.921326212301321
"vm(ID, ginv)_Np1_503106",0.821730571074955,0.812812181748529,1.01097226336746
"vm(ID, ginv)_Np1_504026",0.317586284097896,0.793949636087834,0.400008098325725
"vm(ID, ginv)_Np1_504915",0.68225883032789,0.721134826131333,0.946090530654302
"vm(ID, ginv)_Np1_503535",1.20897941561476,0.761646305366378,1.58732394169916
"vm(ID, ginv)_Np1_501123",0.722523461254583,0.763026876869569,0.946917445711537
"vm(ID, ginv)_Np1_500098",0.711110071418701,0.822950758657109,0.864097959614364
"vm(ID, ginv)_Np1_503722",1.23455842807712,0.712484765834752,1.73275063170045
"vm(ID, ginv)_Np1_503504",0.516848115497823,0.772615945928311,0.668958643970027
"vm(ID, ginv)_Np1_502930",0.632671645411577,0.847661019867921,0.746373409396786
"vm(ID, ginv)_Np1_501538",0.827177557089089,0.730506131912729,1.13233485792
"vm(ID, ginv)_Np1_503258",-0.29847642408755,0.757177660586964,-0.394196025086334
"vm(ID, ginv)_Np1_503536",0.543751044592222,0.753135211494805,0.721983299005498
"vm(ID, ginv)_Np1_502926",0.10240245408302,0.744625926289657,0.137522010002087
"vm(ID, ginv)_Np1_501573",0.937752498418327,0.73930604215218,1.26842260843487
"vm(ID, ginv)_Np1_500079",0.0364393007369064,0.781286757851319,0.0466401105237226
"vm(ID, ginv)_Np1_503180",1.03200928376888,0.753424062591179,1.36975885827112
"vm(ID, ginv)_Np1_501695",0.00403919639778017,0.816043032162753,0.00494973455881992
"vm(ID, ginv)_Np1_503102",0.330998556883757,0.807274722344302,0.410019721567086
"vm(ID, ginv)_Np1_503689",1.06533316136386,0.710996269616335,1.49836673818096
"vm(ID, ginv)_Np1_501470",0.508350249619133,0.748041805177177,0.679574652246511
"vm(ID, ginv)_Np1_500080",0.213081031313818,0.742636189148752,0.286925192210283
"vm(ID, ginv)_Np1_502993",1.08291723884053,0.717957770302097,1.50832999325973
"vm(ID, ginv)_Np1_502407",0.678935020072465,0.727903375864633,0.932726846150422
"vm(ID, ginv)_Np1_502854",1.1708980832836,0.810988634838027,1.44379098915172
"vm(ID, ginv)_Np1_503929",-0.177597153826399,0.735836040469031,-0.241354247494043
"vm(ID, ginv)_No_516501",0.107588972572415,0.801692063562478,0.134202367046422
"vm(ID, ginv)_No_516502",0.970400977061511,0.782761698488769,1.23971443535754
"vm(ID, ginv)_No_516503",1.23726365997308,0.808049686999219,1.53117274825982
"vm(ID, ginv)_No_516504",0.457159370614291,0.775750797913732,0.58931215004065
"vm(ID, ginv)_No_516505",-0.178829973075811,0.791037224648843,-0.226070237282699
"vm(ID, ginv)_No_516506",0.100549592916597,0.805021284050992,0.124903024191628
"vm(ID, ginv)_No_516507",0.787646107298975,0.790083081215212,0.996915547270689
"vm(ID, ginv)_No_516508",0.649443363214523,0.817208342635264,0.794709658886073
"vm(ID, ginv)_No_516509",-0.319666145715573,0.812974136684961,-0.393205799902892
"vm(ID, ginv)_No_516510",0.34346456798794,0.777321186066458,0.441856692117195
"vm(ID, ginv)_No_516511",0.475038877718553,0.805588023377397,0.589679667439655
"vm(ID, ginv)_No_516512",0.135151419424588,0.801968470023691,0.16852460473988
"vm(ID, ginv)_No_516513",-0.253766812649669,0.798341768795235,-0.317867387838951
"vm(ID, ginv)_No_516514",0.267551521708713,0.814521550872374,0.328476909447219
"vm(ID, ginv)_No_516515",1.04460141267189,0.796239942664001,1.31191787387221
"vm(ID, ginv)_No_516516",0.78370604232995,0.807355003548204,0.970708101003498
"vm(ID, ginv)_No_516517",0.432812045489677,0.793802682812864,0.545238829322161
"vm(ID, ginv)_No_516518",0.240093470179318,0.780879536146983,0.307465440013946
"vm(ID, ginv)_No_516519",0.950672221722673,0.80370469868396,1.18286259030135
"vm(ID, ginv)_No_516520",1.01573203257933,0.787316773402719,1.29011862428564
"vm(ID, ginv)_No_516521",0.713585738247052,0.785499599494339,0.908448252177873
"vm(ID, ginv)_No_516522",0.736580657353306,0.809896528087511,0.909475015398161
"vm(ID, ginv)_No_516523",0.180970806766929,0.774787688856543,0.233574706167585
"vm(ID, ginv)_No_516524",0.212305082208164,0.814771380331779,0.260570127195327
"vm(ID, ginv)_No_516525",0.663322182106606,0.834261845775789,0.795100705450308
"vm(ID, ginv)_No_516526",0.307953546173553,0.827570360067672,0.372117660362281
"vm(ID, ginv)_No_516527",0.192123276478858,0.798788362234871,0.240518372027017
"vm(ID, ginv)_No_516528",0.83684070274771,0.794808737637,1.05288311907047
"vm(ID, ginv)_No_516529",0.555170084548938,0.794040035012439,0.699171402031688
"vm(ID, ginv)_No_516530",0.296662060351377,0.815655665794036,0.363709924165829
"vm(ID, ginv)_No_516531",1.08935431378642,0.790362822824574,1.37829650171717
"vm(ID, ginv)_No_516532",0.135117323171191,0.796726981541459,0.169590494989607
"vm(ID, ginv)_No_516533",0.585836393584788,0.789471037998126,0.742061919168438
"vm(ID, ginv)_No_516534",0.148868174970813,0.798889713839752,0.186343837443217
"vm(ID, ginv)_No_516535",0.126585621076105,0.809302370200704,0.156413258798084
"vm(ID, ginv)_No_516536",0.336935165262782,0.795186175343642,0.423718590325309
"vm(ID, ginv)_No_516537",0.63255004828448,0.812554493703255,0.778470924948804
"vm(ID, ginv)_No_516538",0.360395842727102,0.825687885676789,0.436479508757353
"vm(ID, ginv)_No_516539",0.754914496120252,0.780618555079212,0.967072190647131
"vm(ID, ginv)_No_516540",0.204194705084175,0.798213611349843,0.255814611753946
"vm(ID, ginv)_No_516541",0.152726294628683,0.79777167482089,0.191441109591879
"vm(ID, ginv)_No_516542",1.51004305403929,0.785254658243626,1.92299789397849
"vm(ID, ginv)_No_516543",0.783829651584894,0.79178508347468,0.989952536293214
"vm(ID, ginv)_No_516544",0.985054605146263,0.809957699869942,1.21618030831047
"vm(ID, ginv)_No_516545",0.981336397553946,0.78561580542962,1.24913016104264
"vm(ID, ginv)_No_516546",0.346119024080856,0.831833047920888,0.416091936892816
"vm(ID, ginv)_No_516547",0.708468486866704,0.816776308023906,0.867395980890729
"vm(ID, ginv)_No_516548",0.632329577712859,0.808392783834553,0.782205866204605
"vm(ID, ginv)_No_516549",0.442423235487017,0.78505182864086,0.56355927003313
"vm(ID, ginv)_No_516550",-0.0604549588125016,0.783207915387715,-0.0771889017267839
"vm(ID, ginv)_No_516551",0.0533707099321342,0.807515104847627,0.0660925221234158
"vm(ID, ginv)_No_516552",0.0957217497962506,0.820382819563206,0.116679369086758
"vm(ID, ginv)_No_516553",0.10750724774164,0.771367684771168,0.139372247326556
"vm(ID, ginv)_No_516554",-0.0415364431953051,0.787885709124512,-0.0527188686306544
"vm(ID, ginv)_No_516555",0.176398559225468,0.811234928911422,0.217444482404343
"vm(ID, ginv)_No_516556",-0.237688973805823,0.818524133326332,-0.290387252040937
"vm(ID, ginv)_No_516557",1.15838926862255,0.816770243122118,1.41825596411861
"vm(ID, ginv)_No_516558",0.398683114461984,0.800812455730366,0.497848293453894
"vm(ID, ginv)_No_516559",0.658987100040026,0.804708338313225,0.818914218561908
"vm(ID, ginv)_No_516560",0.608157423503223,0.818208663217615,0.743279130181337
"vm(ID, ginv)_No_516561",0.805132377653875,0.80256591622111,1.00319782011782
"vm(ID, ginv)_No_516562",-0.240683609839927,0.799685855290753,-0.300972698525996
"vm(ID, ginv)_No_516563",0.236093705491807,0.820533968641033,0.287731787488122
"vm(ID, ginv)_No_516564",0.222810689057234,0.801557394012525,0.277972220980787
"vm(ID, ginv)_No_516565",1.32146603624957,0.821102052425639,1.6093809927107
"vm(ID, ginv)_No_516566",0.0525672414446176,0.830236676292086,0.063315971151007
"vm(ID, ginv)_No_516567",0.754114097815237,0.805563898345494,0.936131943554165
"vm(ID, ginv)_No_516568",-0.177960977215297,0.825891532446661,-0.215477420731142
"vm(ID, ginv)_No_516569",0.137911869880776,0.808036685517929,0.170675258131848
"vm(ID, ginv)_No_516570",0.57594083607271,0.814418051202487,0.707180833261657
"vm(ID, ginv)_No_516571",0.261135740663398,0.806147438911512,0.323930497150735
"vm(ID, ginv)_No_516572",0.160926795996461,0.812773688233605,0.197997054193772
"vm(ID, ginv)_No_516573",0.782412895507735,0.810352820378872,0.965521283855008
"vm(ID, ginv)_No_516574",0.928442145861224,0.804571183952541,1.1539589838405
"vm(ID, ginv)_No_516575",0.136288437533335,0.807330262893686,0.168813735589251
"vm(ID, ginv)_No_516576",0.374174137658533,0.795844236675985,0.470160014252729
"vm(ID, ginv)_No_516577",1.11194072379118,0.775438519114709,1.43395085023716
"vm(ID, ginv)_No_516578",0.538430177066048,0.811330461993498,0.663638557022851
"vm(ID, ginv)_No_516579",0.300929928636564,0.799234702315213,0.376522600638879
"vm(ID, ginv)_No_516580",0.205060952435984,0.800445594671531,0.256183498042903
"vm(ID, ginv)_No_516581",0.278856766299064,0.797304547534123,0.349749373889191
"vm(ID, ginv)_No_516582",1.07923475978436,0.767921373274468,1.40539747602339
"vm(ID, ginv)_No_516583",0.945550851288344,0.785024362673672,1.20448599590966
"vm(ID, ginv)_No_516584",0.52978604929996,0.804986154924896,0.658130634991342
"vm(ID, ginv)_No_516585",0.465760560005895,0.815686513261396,0.571004365566404
"vm(ID, ginv)_No_516586",0.178721440450794,0.82368157389331,0.216978801171949
"vm(ID, ginv)_No_516587",-0.0998798000403428,0.795379702601126,-0.125574992313365
"vm(ID, ginv)_No_516588",0.508043832738351,0.814730726136369,0.623572692719723
"vm(ID, ginv)_No_516589",0.916964299211515,0.805798298353384,1.13795760190273
"vm(ID, ginv)_No_516590",0.057755263590669,0.811119864974474,0.0712043510270662
"vm(ID, ginv)_No_516591",0.495672290165728,0.82144113211288,0.603417908829058
"vm(ID, ginv)_No_516592",-0.0434390475091411,0.811772587611178,-0.0535113505581289
"vm(ID, ginv)_No_516593",1.07592660200602,0.79511168617549,1.35317669292632
"vm(ID, ginv)_No_516594",0.229671601456982,0.782863246119665,0.293373846064905
"vm(ID, ginv)_No_516595",0.696741685589153,0.813711010245007,0.856252006937161
"vm(ID, ginv)_No_516596",0.943822055759777,0.787006685538408,1.19925544865491
"vm(ID, ginv)_No_516597",0.642268755903868,0.801316010804973,0.801517437869072
"vm(ID, ginv)_No_516598",-0.293840286912351,0.810274890258201,-0.362642716003104
"vm(ID, ginv)_No_516599",0.615952640757145,0.80981340257296,0.760610578684083
"vm(ID, ginv)_No_516600",0.455364932416218,0.801236698663262,0.56832760303656
"vm(ID, ginv)_No_516601",0.113600446085618,0.779662911257174,0.145704565967415
"vm(ID, ginv)_No_516602",0.904112296495069,0.816692074976573,1.10704183889749
"vm(ID, ginv)_No_516603",0.439417791457296,0.823937003030163,0.533314792079086
"vm(ID, ginv)_No_516604",-0.185531054592595,0.782821437161349,-0.23700303260136
"vm(ID, ginv)_No_516605",1.07487702830393,0.787915090090756,1.36420414055037
"vm(ID, ginv)_No_516606",0.607201017860511,0.790390225519597,0.768229411568623
"vm(ID, ginv)_No_516607",0.721380893145084,0.805118271572918,0.89599369262327
"vm(ID, ginv)_No_516608",1.66292724890559,0.774142876652159,2.14808829101037
"vm(ID, ginv)_No_516609",1.11894526999236,0.817467219130765,1.36879527864391
"vm(ID, ginv)_No_516610",1.05864404019086,0.809438839448938,1.30787403395614
"vm(ID, ginv)_No_516611",0.654818982419149,0.807285628415982,0.811136677490474
"vm(ID, ginv)_No_516612",0.148960285869452,0.800033017421655,0.18619267283433
"vm(ID, ginv)_No_516613",-0.0192767944866673,0.799697278305928,-0.0241051145347188
"vm(ID, ginv)_No_516614",0.138877425600832,0.820108308768315,0.169340347020025
"vm(ID, ginv)_No_516615",1.31611124004623,0.797935983034449,1.6493945229055
"vm(ID, ginv)_No_516616",0.623180992268244,0.820708670704337,0.759320590256987
"vm(ID, ginv)_No_516617",0.140315221928665,0.814850946956543,0.172197409173715
"vm(ID, ginv)_No_516618",0.585645738670964,0.814830680288595,0.718733048273957
"vm(ID, ginv)_No_516619",0.636641557466029,0.796859966509848,0.798937811187132
"vm(ID, ginv)_No_516620",0.146030963350319,0.787665466593645,0.185397188963796
"vm(ID, ginv)_No_516621",0.781368866848809,0.815915735575988,0.957658778693867
"vm(ID, ginv)_No_516622",-0.0613896488241254,0.795781221505078,-0.0771438771928016
"vm(ID, ginv)_No_516623",0.362908372461877,0.804919484861413,0.450862948763579
"vm(ID, ginv)_No_516624",0.63413396846618,0.791152545598282,0.801531856270067
"vm(ID, ginv)_No_516625",1.03790534699522,0.797302546246341,1.30177101764145
"vm(ID, ginv)_No_516626",1.77092660571841,0.801827910509317,2.2086118261879
"vm(ID, ginv)_No_516627",0.578594778444522,0.792537342964753,0.73005364804653
"vm(ID, ginv)_No_516628",0.103354691467963,0.797529933586267,0.12959349500928
"vm(ID, ginv)_No_516629",1.26587427516448,0.819182611204231,1.54528948472624
"vm(ID, ginv)_No_516630",0.162640450686499,0.822076172810901,0.197841095588974
"vm(ID, ginv)_No_516631",0.689298722518423,0.801804216709603,0.859684581539277
"vm(ID, ginv)_No_516632",1.24861611053919,0.78386640385317,1.59289402428973
"vm(ID, ginv)_No_516633",0.145075560260779,0.819867543188349,0.176949998162631
"vm(ID, ginv)_No_516634",0.420338515181503,0.793191990811116,0.529932878862866
"vm(ID, ginv)_No_516635",0.319965095978423,0.812034208507437,0.394029084767914
"vm(ID, ginv)_No_516636",0.345905699556967,0.802339723261526,0.431121243942471
"vm(ID, ginv)_No_516637",-0.0201501384061432,0.813530296494217,-0.0247687621382721
"vm(ID, ginv)_No_516638",0.336144315034147,0.836239375081877,0.401971403225583
"vm(ID, ginv)_No_516639",1.09356602881839,0.796766499410089,1.37250503080645
"vm(ID, ginv)_No_516640",0.463686658998449,0.814411324760088,0.5693519293031
"vm(ID, ginv)_No_516641",1.31303076748849,0.811650413680852,1.6177294378917
"vm(ID, ginv)_No_516642",2.0054944545166,0.770519696723094,2.60278155515773
"vm(ID, ginv)_No_516643",0.899418489845585,0.806715358761232,1.11491430041286
"vm(ID, ginv)_No_516644",1.47511071295135,0.81892036077918,1.8012871380409
"vm(ID, ginv)_No_516645",0.40934268385186,0.785448925795475,0.521157608608723
"vm(ID, ginv)_No_516646",0.618261320517202,0.801575940634965,0.771307232634064
"vm(ID, ginv)_No_516647",1.1073256202,0.802207938031009,1.38034737342277
"vm(ID, ginv)_No_516648",-0.100017965860897,0.800334751008803,-0.124970164965131
"vm(ID, ginv)_No_516649",0.59843486854724,0.808684836124923,0.740010003668221
"vm(ID, ginv)_No_516650",1.01139709863912,0.813988467850227,1.2425201812874
"vm(ID, ginv)_No_516651",0.0841348378199916,0.783894718039271,0.107329257212544
"vm(ID, ginv)_No_516652",0.177936912502969,0.807415703836869,0.22037831523143
"vm(ID, ginv)_No_516653",0.647226473267358,0.783035250146005,0.826561094339847
"vm(ID, ginv)_No_516654",0.436005394792016,0.800859835660424,0.544421602105276
"vm(ID, ginv)_No_516655",0.0574977716001258,0.79813484718205,0.0720401719122168
"vm(ID, ginv)_No_516656",0.187317160465695,0.801922257365798,0.233585187024246
"vm(ID, ginv)_No_516657",1.10827634974669,0.834697032627465,1.32775882317211
"vm(ID, ginv)_No_516658",0.820431374723173,0.800959247013405,1.02431100930837
"vm(ID, ginv)_No_516659",0.178500527218883,0.796310372264773,0.224159490364558
"vm(ID, ginv)_No_516660",0.116935247147372,0.810851977831565,0.144212816080301
"vm(ID, ginv)_No_516661",0.91579766483977,0.801460308197475,1.14266128399976
"vm(ID, ginv)_No_516662",0.218947128088941,0.807051116516034,0.271292764000025
"vm(ID, ginv)_No_516663",0.168569935341765,0.791605294777309,0.21294695279822
"vm(ID, ginv)_No_516664",0.841228681650042,0.80474205344691,1.04533953214804
"vm(ID, ginv)_No_516665",0.38825161180062,0.804427838936269,0.482643181909296
"vm(ID, ginv)_No_516666",0.490877526538167,0.831484947311026,0.590362493182392
"vm(ID, ginv)_No_516667",1.24966326352635,0.820679748914785,1.52271731473675
"vm(ID, ginv)_No_516668",1.44823828297853,0.807810186001204,1.79279527304249
"vm(ID, ginv)_No_516669",0.246692292848139,0.80091665489885,0.308012439670511
"vm(ID, ginv)_No_516670",1.35022695396287,0.793458157528146,1.70169900095201
"vm(ID, ginv)_No_516671",0.395512840558771,0.797590120810971,0.495884828859995
"vm(ID, ginv)_No_516672",0.286359462500527,0.781581982567705,0.366384421452194
"vm(ID, ginv)_No_516673",0.382117837075857,0.8283896409578,0.461277903758001
"vm(ID, ginv)_No_516674",0.225000652326381,0.796139371384799,0.282614653179401
"vm(ID, ginv)_No_516675",0.963346077914936,0.785374417388156,1.22660740735437
"vm(ID, ginv)_No_516676",0.131563843278139,0.806678144544217,0.163093352866866
"vm(ID, ginv)_No_516677",1.02416689204594,0.828990468196533,1.23543868275592
"vm(ID, ginv)_No_516678",0.85062753386452,0.821692288185952,1.03521421107949
"vm(ID, ginv)_No_516679",1.25330917510729,0.832805583419193,1.50492407839254
"vm(ID, ginv)_No_516680",1.16859195522167,0.781885584004708,1.49458178936655
"vm(ID, ginv)_No_516681",0.846288780290599,0.781182835402464,1.08334277449221
"vm(ID, ginv)_No_516682",0.0913796098745515,0.796538705419261,0.114720865731758
"vm(ID, ginv)_No_516683",0.680305283297778,0.798065858563323,0.852442534658057
"vm(ID, ginv)_No_516684",0.317617511512937,0.79604560191494,0.398994116353243
"vm(ID, ginv)_No_516685",-0.121330703042209,0.813912050335526,-0.14907102431054
"vm(ID, ginv)_No_516686",0.553604960020284,0.823324554466938,0.672401857829584
"vm(ID, ginv)_No_516687",0.249869405970143,0.80971859376633,0.308587956227977
"vm(ID, ginv)_No_516688",0.756402528939232,0.790616830013236,0.956724547498652
"vm(ID, ginv)_No_516689",0.498004259644929,0.820508537973465,0.606945859301996
"vm(ID, ginv)_No_516690",0.656809370703393,0.785278343730207,0.836403265093795
"vm(ID, ginv)_No_516691",0.455754756595635,0.789712825395641,0.577114543337073
"vm(ID, ginv)_No_516692",-0.182229558065051,0.804715462315694,-0.226452164272645
"vm(ID, ginv)_No_516693",1.0983826990289,0.806813131063253,1.36138426203029
"vm(ID, ginv)_No_516694",-0.290244633994815,0.830999787303542,-0.349271610449638
"vm(ID, ginv)_No_516695",0.372033879880561,0.817913515999344,0.454857234417995
"vm(ID, ginv)_No_516696",0.428448971370771,0.784052955002743,0.546454124861084
"vm(ID, ginv)_No_516697",-0.149441469614074,0.807310624428823,-0.185110247644523
"vm(ID, ginv)_No_516698",0.377748887518622,0.810093979517714,0.466302548925882
"vm(ID, ginv)_No_516699",0.220600773411297,0.807424780106211,0.273215262705064
"vm(ID, ginv)_No_516700",0.0812932818177177,0.790270976095731,0.102867603994949
"vm(ID, ginv)_No_516701",0.123760796968577,0.816118246805049,0.151645668324508
"vm(ID, ginv)_No_516702",0.936912903875222,0.788318027858786,1.18849610279756
"vm(ID, ginv)_No_516703",0.153168085059461,0.789775451273896,0.193938776917417
"vm(ID, ginv)_No_516704",0.674504144951428,0.833286473744207,0.809450490562601
"vm(ID, ginv)_No_516705",0.789241098011147,0.801883984374521,0.984233521794009
"vm(ID, ginv)_No_516706",0.619572782679488,0.815466602671591,0.759777016802006
"vm(ID, ginv)_No_516707",0.488409519624547,0.790376059076895,0.617945741163992
"vm(ID, ginv)_No_516708",0.707274309026006,0.816646714285283,0.866071333728442
"vm(ID, ginv)_No_516709",0.416921946439998,0.796192136456576,0.52364489342421
"vm(ID, ginv)_No_516710",-0.122771626998956,0.794296769866969,-0.15456644374812
"vm(ID, ginv)_No_516711",0.687761714687479,0.803620285131126,0.855829211149464
"vm(ID, ginv)_No_516712",0.336101951745326,0.811517787878609,0.414164614461417
"vm(ID, ginv)_No_516713",-0.0254918443834106,0.808705838300124,-0.0315217761219502
"vm(ID, ginv)_No_516714",0.177870062711732,0.816506737861193,0.217842737192415
"vm(ID, ginv)_No_516715",1.29822399598362,0.790782713675757,1.64169496061586
"vm(ID, ginv)_No_516716",-0.185394662486837,0.805709525204822,-0.230101117942855
"vm(ID, ginv)_No_516717",0.604175025713041,0.816144857351348,0.74027915543545
"vm(ID, ginv)_No_516718",1.15779656723891,0.798949595416315,1.44914844926557
"vm(ID, ginv)_No_516719",-0.686973174144006,0.799993226456625,-0.858723738433119
"vm(ID, ginv)_No_516720",1.12501115867258,0.784696188075183,1.4336901029584
"vm(ID, ginv)_No_516721",0.68661359485806,0.784057654333585,0.875718247329211
"vm(ID, ginv)_No_516722",0.711723469988823,0.822851513858616,0.86494763393133
"vm(ID, ginv)_No_516723",1.49344743854634,0.785639832481527,1.90093141513602
"vm(ID, ginv)_No_516724",-0.24622997913275,0.785892852446519,-0.313312404313419
"vm(ID, ginv)_No_516725",0.0594265837113517,0.794952891065863,0.0747548494750088
"vm(ID, ginv)_No_516726",0.886509490692112,0.806151578429148,1.09968089676082
"vm(ID, ginv)_No_516727",0.946100292549873,0.79709202762177,1.18693985106424
"vm(ID, ginv)_No_516728",0.0539689590516382,0.786920976858863,0.0685824379305086
"vm(ID, ginv)_No_516729",-0.111424978100973,0.811731216455936,-0.137268317199208
"vm(ID, ginv)_No_516730",0.249852999666602,0.79283758879117,0.315137681662584
"vm(ID, ginv)_No_516731",0.832119551875373,0.792129826125639,1.05048380256722
"vm(ID, ginv)_No_516732",1.22909297659486,0.788469180692056,1.55883451971586
"vm(ID, ginv)_No_516733",0.689834826358107,0.799329865672909,0.863016454136086
"vm(ID, ginv)_No_516734",0.258261204724124,0.782251721636279,0.330151021187789
"vm(ID, ginv)_No_516735",0.234827020711144,0.810472264139253,0.289740970914702
"vm(ID, ginv)_No_516736",0.345814588856231,0.805566273682242,0.429281364121059
"vm(ID, ginv)_No_516737",-0.0416438996630956,0.804693628287577,-0.0517512481759246
"vm(ID, ginv)_No_516738",0.652195449202958,0.802613367762942,0.812589816465142
"vm(ID, ginv)_No_516739",1.2877237030886,0.77856230052982,1.65397644120745
"vm(ID, ginv)_No_516740",-0.30045827065362,0.796271827052709,-0.377331283671966
"vm(ID, ginv)_No_516741",0.701635126152285,0.807691597424537,0.868691872479011
"vm(ID, ginv)_No_516742",-0.139461700937997,0.798894054855311,-0.174568455091652
"vm(ID, ginv)_No_516743",0.518451510236011,0.792154389437497,0.65448291033792
"vm(ID, ginv)_No_516744",0.367035621769852,0.812706735828283,0.451621237512917
"vm(ID, ginv)_No_516745",0.0331078649597646,0.794420636593771,0.0416754845414399
"vm(ID, ginv)_No_516746",1.03330685552438,0.797586049030024,1.29554279037481
"vm(ID, ginv)_No_516747",0.244884360097915,0.792434515077433,0.309027882353138
"vm(ID, ginv)_No_516748",0.928616836332058,0.79469861087657,1.16851448287769
"vm(ID, ginv)_No_516749",0.609286599718684,0.785747882833857,0.77542251532546
"vm(ID, ginv)_No_516750",0.915261482876138,0.805929945931099,1.13565885905719
"vm(ID, ginv)_No_516751",-0.0687525501850007,0.80778619446207,-0.0851123114709644
"vm(ID, ginv)_No_516752",0.946507149000973,0.801518736481932,1.1808921063473
"vm(ID, ginv)_No_516753",0.116230642464099,0.838916279811109,0.138548559923369
"vm(ID, ginv)_No_516754",0.839965160486895,0.812024440649886,1.03440871781476
"vm(ID, ginv)_No_516755",0.233810695443036,0.786442950007137,0.297301534003088
"vm(ID, ginv)_No_516756",0.170108374072441,0.783897960817587,0.217003210334955
"vm(ID, ginv)_No_516757",0.626867578786079,0.80545467380374,0.778277908334323
"vm(ID, ginv)_No_516758",-0.617950525413212,0.785521699884789,-0.786675308274546
"vm(ID, ginv)_No_516759",1.09409108182042,0.808991308292948,1.35241388950033
"vm(ID, ginv)_No_516760",0.077069863454963,0.823457986878287,0.0935929515325164
"vm(ID, ginv)_No_516761",0.866805110210954,0.808889043200755,1.07159951973268
"vm(ID, ginv)_No_516762",0.794902896453953,0.810398358088667,0.980879204060506
"vm(ID, ginv)_No_516763",-0.400965870301735,0.814128871123241,-0.492509091034358
"vm(ID, ginv)_No_516764",1.03606269874167,0.81986355115668,1.26370137723524
"vm(ID, ginv)_No_516765",0.821072683312506,0.815618294929654,1.00668742770578
"vm(ID, ginv)_No_516766",0.0237758927358742,0.805959642908565,0.029500103317917
"vm(ID, ginv)_No_516767",0.714826230144876,0.807693689938565,0.885021437024285
"vm(ID, ginv)_No_516768",0.387649015521266,0.809338980445953,0.47896990616672
"vm(ID, ginv)_No_516769",0.302671009742417,0.79078002826197,0.382749941734932
"vm(ID, ginv)_No_516770",0.228148197457488,0.799602380785443,0.28532706122433
"vm(ID, ginv)_No_516771",0.631622946270464,0.790441081172019,0.799076567900458
"vm(ID, ginv)_No_516772",0.658502316862425,0.789875758471966,0.833678347258452
"vm(ID, ginv)_No_516773",0.123228839763398,0.83396108308194,0.14776329766852
"vm(ID, ginv)_No_516774",0.767377926380808,0.781782636621338,0.981574532912648
"vm(ID, ginv)_No_516775",0.18742722592833,0.804336911111297,0.233020794320348
"vm(ID, ginv)_No_516776",0.0525591785415307,0.812234876513031,0.0647093347766229
"vm(ID, ginv)_No_516777",0.755146751797179,0.792026719655813,0.953435954945231
"vm(ID, ginv)_No_516778",0.227177133609398,0.798085483087747,0.284652632360212
"vm(ID, ginv)_No_516779",0.16746985014088,0.809390801880568,0.206908516567985
"vm(ID, ginv)_No_516780",1.18878090721869,0.777740321695012,1.5285062045232
"vm(ID, ginv)_No_516781",0.284477428674492,0.830372829218054,0.342590001339975
"vm(ID, ginv)_No_516782",0.311367801872583,0.802432045879364,0.388030118527187
"vm(ID, ginv)_No_516783",-0.30366805414026,0.818145257575879,-0.371166429589793
"vm(ID, ginv)_No_516784",0.399961176010899,0.840419901752271,0.475906359638773
"vm(ID, ginv)_No_516785",1.52041048634669,0.791676670336331,1.92049424129268
"vm(ID, ginv)_No_516786",0.697695044739952,0.802640394460503,0.869249852804767
"vm(ID, ginv)_No_516787",-0.16876031118193,0.797680447073443,-0.211563805783486
"vm(ID, ginv)_No_516788",0.489246536946383,0.795159107247648,0.615281309724105
"vm(ID, ginv)_No_516789",-0.361127897921689,0.811446530635107,-0.445042136835609
"vm(ID, ginv)_No_516790",0.469332596703584,0.814615569528087,0.576139978487609
"vm(ID, ginv)_No_516791",0.549217456210477,0.816510006801283,0.672640202368202
"vm(ID, ginv)_No_516792",0.248892272366829,0.794262016777556,0.313362929498534
"vm(ID, ginv)_No_516793",0.857697947952708,0.814214668585164,1.05340517807558
"vm(ID, ginv)_No_516794",-0.233109022918603,0.81124131897445,-0.287348557656424
"vm(ID, ginv)_No_516795",0.507926300217376,0.792637104444875,0.640805606208787
"vm(ID, ginv)_No_516796",0.414710573622923,0.822605949851122,0.504142443533235
"vm(ID, ginv)_No_516797",0.51200293985902,0.807002956620254,0.634449893471642
"vm(ID, ginv)_No_516798",0.268223522650448,0.807275861441657,0.332257578185785
"vm(ID, ginv)_No_516799",0.88269414007632,0.796685592702745,1.10795795500932
"vm(ID, ginv)_No_516800",1.14601340036615,0.799580376859616,1.43326854126556
"vm(ID, ginv)_No_516801",0.916072271118102,0.791855846197745,1.15686747217541
"vm(ID, ginv)_No_516802",0.212930428092814,0.809329886529384,0.263094730142631
"vm(ID, ginv)_No_516803",1.21836196712866,0.787597346997941,1.54693508272045
"vm(ID, ginv)_No_516804",0.107908346518115,0.802346578114108,0.134490941273471
"vm(ID, ginv)_No_516805",0.626345154822117,0.814429418105174,0.76906008169419
"vm(ID, ginv)_No_516806",0.118071471755501,0.804607942961369,0.146744104117264
"vm(ID, ginv)_No_516807",0.294792085098235,0.808490998007941,0.364620120477012
"vm(ID, ginv)_No_516808",0.424535426448973,0.801004651124441,0.530003697048469
"vm(ID, ginv)_No_516809",0.760880933084091,0.831291053735237,0.915300278603057
"vm(ID, ginv)_No_516810",0.980109637035771,0.787975268504568,1.24383299350986
"vm(ID, ginv)_No_516811",-0.278615096239592,0.814138376709041,-0.342220811854892
"vm(ID, ginv)_No_516812",-0.00779191232605124,0.814090679242035,-0.00957130762546742
"vm(ID, ginv)_No_516813",1.17900638871764,0.799625920937301,1.47444743579052
"vm(ID, ginv)_No_516814",0.770690003569239,0.825278330894352,0.933854646024747
"vm(ID, ginv)_No_516815",0.447495139383415,0.815249849886434,0.548905515831437
"vm(ID, ginv)_No_516816",0.307916229477696,0.791503851068777,0.389026824142313
"vm(ID, ginv)_No_516817",0.220140642224324,0.809591420578977,0.271915730118399
"vm(ID, ginv)_No_516818",0.295937279093567,0.809905848054909,0.36539713820353
"vm(ID, ginv)_No_516819",1.70678306089936,0.79270044929892,2.15312488142132
"vm(ID, ginv)_No_516820",1.22322125658603,0.804819267155999,1.5198707417984
"vm(ID, ginv)_No_516821",0.385591947496731,0.815281738210866,0.47295545751204
"vm(ID, ginv)_No_516822",0.697183087793903,0.799683948939638,0.8718232855847
"vm(ID, ginv)_No_516823",1.16958265158594,0.784919413175948,1.49006717371604
"vm(ID, ginv)_No_516824",0.351144983020408,0.797336444395778,0.44039750783812
"vm(ID, ginv)_No_516825",0.909765855268864,0.824149066243148,1.10388507678107
"vm(ID, ginv)_No_516826",1.08824795408891,0.808624821885241,1.34580082707795
"vm(ID, ginv)_No_516827",0.520833925386221,0.80187373698671,0.649521117056927
"vm(ID, ginv)_No_516828",1.28201150104749,0.773881865598116,1.65659845260316
"vm(ID, ginv)_No_516829",0.0225374458029144,0.790819494335701,0.028498849565976
"vm(ID, ginv)_No_516830",0.650307434987897,0.786010187568076,0.827352425291021
"vm(ID, ginv)_No_516831",0.460108399093955,0.796487918074018,0.57767153606867
"vm(ID, ginv)_No_516832",0.434548541989559,0.789027060289629,0.550739719661894
"vm(ID, ginv)_No_516833",-0.0274760647702888,0.805139530374215,-0.0341258424580375
"vm(ID, ginv)_No_516834",0.376544877189267,0.791104675363969,0.475973520212136
"vm(ID, ginv)_No_516835",0.31332213023814,0.806107922017636,0.388685090023573
"vm(ID, ginv)_No_516836",0.700840981646682,0.798017143103629,0.878227977560718
"vm(ID, ginv)_No_516837",-0.043943949042593,0.83062310712356,-0.052904799620577
"vm(ID, ginv)_No_516838",0.318078942552717,0.81207567567455,0.391686331804613
"vm(ID, ginv)_No_516839",0.8114741604855,0.815020658701639,0.995648578746717
"vm(ID, ginv)_No_516840",0.696358312589152,0.80736809156561,0.862504128988807
"vm(ID, ginv)_No_516841",1.41823100642115,0.806271402545411,1.758999515478
"vm(ID, ginv)_No_516842",0.0645643840697386,0.800605510223178,0.0806444412951149
"vm(ID, ginv)_No_516843",0.84353928810911,0.788767632200026,1.06943953285243
"vm(ID, ginv)_No_516844",0.51907149696377,0.789274138326658,0.657656790914567
"vm(ID, ginv)_No_516845",0.87766388194198,0.802196475514543,1.09407596359611
"vm(ID, ginv)_No_516846",0.285912254885531,0.810849809455929,0.352608154495806
"vm(ID, ginv)_No_516847",-0.124540437531023,0.791160742759424,-0.157414834685362
"vm(ID, ginv)_No_516848",0.225543163400578,0.779662349606926,0.289283128157064
"vm(ID, ginv)_No_516849",-0.0423328812199518,0.805155652372634,-0.0525772639056873
"vm(ID, ginv)_No_516850",0.742103660216287,0.8096168094147,0.916610983846517
"vm(ID, ginv)_No_516851",0.781756981287668,0.829325649653306,0.942641749491863
"vm(ID, ginv)_No_516852",0.00299844807242336,0.834521483452088,0.00359301483770071
"vm(ID, ginv)_No_516853",0.164454204145571,0.812906475328458,0.202303966245468
"vm(ID, ginv)_No_516854",-0.0892221975373329,0.798081834778713,-0.111795800442033
"vm(ID, ginv)_No_516855",0.785525892284174,0.802054792468547,0.979391806719961
"vm(ID, ginv)_No_516856",0.755243822516663,0.813142893728384,0.92879594514287
"vm(ID, ginv)_No_516857",-0.322593957777559,0.803759694164609,-0.401356226394069
"vm(ID, ginv)_No_516858",0.853064284613228,0.775434450385223,1.10011140746899
"vm(ID, ginv)_No_516859",0.307765450336085,0.820355503461893,0.37516107228795
"vm(ID, ginv)_No_516860",0.772730504820595,0.793065633521326,0.974358832559115
"vm(ID, ginv)_No_516861",0.633667298854862,0.818999690139827,0.773708838335062
"vm(ID, ginv)_No_516862",1.25112238805823,0.802402987972482,1.55921950293278
"vm(ID, ginv)_No_516863",0.771523516026711,0.813502591611142,0.948397121266336
"vm(ID, ginv)_No_516864",0.495284363366052,0.794921993434801,0.623060334795825
"vm(ID, ginv)_No_516865",1.10262553470913,0.801355652757467,1.37595027989756
"vm(ID, ginv)_No_516866",0.734355490392517,0.791636628703692,0.927642132470584
"vm(ID, ginv)_No_516867",0.108003114644046,0.832073685246652,0.129799940268548
"vm(ID, ginv)_No_516868",0.281082450320378,0.79786678470403,0.352292457474145
"vm(ID, ginv)_No_516869",-0.391498473187231,0.794107976477994,-0.493004081036427
"vm(ID, ginv)_No_516870",1.23704561114903,0.808042090527266,1.53091729459517
"vm(ID, ginv)_No_516871",1.10217130589387,0.783204691463163,1.40725830412842
"vm(ID, ginv)_No_516872",0.471352315478273,0.80011465437879,0.589105964874786
"vm(ID, ginv)_No_516873",0.468470060133855,0.796822762288061,0.587922537238586
"vm(ID, ginv)_No_516874",0.824835969113961,0.807697422435259,1.02121901866051
"vm(ID, ginv)_No_516875",0.767333333309603,0.800679477815019,0.958352692395196
"vm(ID, ginv)_No_516876",0.793111139385812,0.815739015353818,0.972260887928486
"vm(ID, ginv)_No_516877",-0.269544262654779,0.790734529676799,-0.340878325833262
"vm(ID, ginv)_No_516878",0.657264414381782,0.80174802198957,0.819789255919527
"vm(ID, ginv)_No_516879",0.485099647180568,0.810911533372192,0.598215251870042
"vm(ID, ginv)_No_516880",0.997430716703538,0.790849174120342,1.26121484265692
"vm(ID, ginv)_No_516881",0.475993464067037,0.813109359264529,0.585399071654496
"vm(ID, ginv)_No_516882",1.15804009110361,0.796737812919457,1.45347700626915
"vm(ID, ginv)_No_516883",0.604811858213415,0.832081044851253,0.726866525749945
"vm(ID, ginv)_No_516884",0.309223900353494,0.804969169290169,0.384143781091854
"vm(ID, ginv)_No_516885",1.28406838616022,0.796281060435432,1.61258185075764
"vm(ID, ginv)_No_516886",0.0211750358742877,0.79420862969722,0.0266618053273488
"vm(ID, ginv)_No_516887",0.595975812205264,0.785059491184121,0.759147324371993
"vm(ID, ginv)_No_516888",0.0977864340650654,0.809274252357317,0.120832256531362
"vm(ID, ginv)_No_516889",0.408285496751769,0.797674049839709,0.511845028472235
"vm(ID, ginv)_No_516890",0.935689865186276,0.810179527857266,1.15491669810635
"vm(ID, ginv)_No_516891",0.566933721953105,0.790225421325354,0.717432907944485
"vm(ID, ginv)_No_516892",0.498946982949223,0.811524769880558,0.614826560405124
"vm(ID, ginv)_No_516893",0.12579997853459,0.794111172506736,0.158416079372719
"vm(ID, ginv)_No_516894",0.414729192602008,0.814041324830906,0.50946945806241
"vm(ID, ginv)_No_516895",0.856751434382575,0.782908120891396,1.09431925857035
"vm(ID, ginv)_No_516896",0.500181562321986,0.779984394631712,0.641271243071676
"vm(ID, ginv)_No_516897",0.375751573933242,0.793833760756519,0.473337860530337
"vm(ID, ginv)_No_516898",0.0899562900336849,0.785210912503938,0.114563219386274
"vm(ID, ginv)_No_516899",0.683526354842566,0.791961784096505,0.863079972504424
"vm(ID, ginv)_No_516900",0.0991006512828726,0.78106513521772,0.126878856595293
"vm(ID, ginv)_No_516901",0.369175767237534,0.809837993604675,0.455863728490056
"vm(ID, ginv)_No_516902",0.783429565461403,0.807916925175998,0.969690745481956
"vm(ID, ginv)_No_516903",0.36517516363063,0.796978221964306,0.458199676687006
"vm(ID, ginv)_No_516904",0.444401903862002,0.836430938966177,0.531307347874147
"vm(ID, ginv)_No_516905",0.780385339441078,0.796312925733425,0.979998332593086
"vm(ID, ginv)_No_516906",-0.102121394656819,0.806027522989091,-0.126697155797
"vm(ID, ginv)_No_516907",0.541224908978344,0.821539719293639,0.658793356264855
"vm(ID, ginv)_No_516908",0.791100443926896,0.810187512780294,0.976441171269233
"vm(ID, ginv)_No_516909",1.2105701586775,0.793375489183232,1.52584769151838
"vm(ID, ginv)_No_516910",-0.453178225877686,0.808848905074524,-0.560275501437357
"vm(ID, ginv)_No_516911",0.548391844199908,0.793697559019253,0.690933010903471
"vm(ID, ginv)_No_516912",0.682759631024186,0.809792513170946,0.843129097786629
"vm(ID, ginv)_No_516913",1.00218663694328,0.815870355045991,1.2283650591604
"vm(ID, ginv)_No_516914",0.406257980033068,0.806990456692549,0.503423524607858
"vm(ID, ginv)_No_516915",0.55931273279876,0.796677312563519,0.70205681017704
"vm(ID, ginv)_No_516916",0.583118437523635,0.793105413610419,0.735234468857212
"vm(ID, ginv)_No_516917",0.968715519200149,0.789288492124584,1.22732756003143
"vm(ID, ginv)_No_516918",0.578907300866614,0.805649962019337,0.718559334894773
"vm(ID, ginv)_No_516919",-0.19914593889312,0.796328046486147,-0.250080277558809
"vm(ID, ginv)_No_516920",0.152615831658395,0.804740789251469,0.189645950220009
"vm(ID, ginv)_No_516921",0.328452597949472,0.81394757686123,0.403530408206461
"vm(ID, ginv)_No_516922",1.07197707212858,0.789068627737637,1.35853465015087
"vm(ID, ginv)_No_516923",0.609691379717311,0.799139178478568,0.762935163406786
"vm(ID, ginv)_No_516924",-0.100465038260491,0.799059779548243,-0.125729064122449
"vm(ID, ginv)_No_516925",0.977871870684569,0.78421775362429,1.24693921575392
"vm(ID, ginv)_No_516926",0.623566393927509,0.822794961042221,0.757863651884362
"vm(ID, ginv)_No_516927",0.264600847730717,0.807093970899718,0.32784391566666
"vm(ID, ginv)_No_516928",0.859432533862941,0.814902571580042,1.05464452296004
"vm(ID, ginv)_No_516929",0.431606975481928,0.833591406026881,0.517768024431876
"vm(ID, ginv)_No_516930",0.0678109768699712,0.794269533787641,0.0853752712213451
"vm(ID, ginv)_No_516931",-0.152539997736384,0.800711011105337,-0.190505682600531
"vm(ID, ginv)_No_516932",-0.131250111215706,0.771459912832967,-0.170132120972724
"vm(ID, ginv)_No_516933",0.518998553400395,0.797833763353237,0.650509639024403
"vm(ID, ginv)_No_516934",0.951684538972018,0.785157360134396,1.21209401744526
"vm(ID, ginv)_No_516935",-0.337352650657545,0.799373881276378,-0.422021107468368
"vm(ID, ginv)_No_516936",0.42062094587404,0.79071797734385,0.531948125533928
"vm(ID, ginv)_No_516937",1.11320443431699,0.796011217798046,1.39847832471052
"vm(ID, ginv)_No_516938",0.444485718163368,0.820794600317305,0.541530996904144
"vm(ID, ginv)_No_516939",1.44170285981823,0.782401598644076,1.8426634893343
"vm(ID, ginv)_No_516940",0.63785960593812,0.799429066259218,0.797893938136209
"vm(ID, ginv)_No_516941",0.431719523436974,0.794610310317452,0.543309742941165
"vm(ID, ginv)_No_516942",-0.480180350023152,0.812266119945178,-0.591161367232159
"vm(ID, ginv)_No_516943",0.906852232942689,0.794670812193589,1.14116715881314
"vm(ID, ginv)_No_516944",1.10379664924916,0.80487166955669,1.37139458499902
"vm(ID, ginv)_No_516945",0.715410050931143,0.785673268249527,0.910569418411129
"vm(ID, ginv)_No_516946",0.385422286441063,0.817664747903552,0.471369577114905
"vm(ID, ginv)_No_516947",0.737440616109844,0.797885421107961,0.924243753051432
"vm(ID, ginv)_No_516948",0.710518330455098,0.818516822502761,0.868055867541686
"vm(ID, ginv)_No_516949",0.38483663342516,0.801797068102411,0.47996762364814
"vm(ID, ginv)_No_516950",0.190608365284316,0.784438576448642,0.242986985860958
"vm(ID, ginv)_No_516951",-0.234333937808812,0.805773978844605,-0.29081844780446
"vm(ID, ginv)_No_516952",0.385258822031014,0.789987805931233,0.487676922527777
"vm(ID, ginv)_No_516953",1.04802829819521,0.798247932225595,1.31291075853238
"vm(ID, ginv)_No_516954",0.915808574987568,0.802383489813799,1.14136019324138
"vm(ID, ginv)_No_516955",1.29906826367358,0.771184168152145,1.68451106405142
"vm(ID, ginv)_No_516956",0.598696291611443,0.780655405566153,0.76691493755462
"vm(ID, ginv)_No_516957",0.922126626137086,0.786219677965772,1.17286129052754
"vm(ID, ginv)_No_516958",0.515275549592725,0.793239715000858,0.649583650248989
"vm(ID, ginv)_No_516959",0.357875609979757,0.806710994387496,0.443623072537245
"vm(ID, ginv)_No_516960",0.696477780819637,0.806651796877356,0.863418123551927
"vm(ID, ginv)_No_516961",0.699601695471943,0.792624297452773,0.882639729466062
"vm(ID, ginv)_No_516962",0.853665085550772,0.813295703556823,1.04963678255941
"vm(ID, ginv)_No_516963",1.0298611481199,0.789141547382248,1.30503982655098
"vm(ID, ginv)_No_516964",0.330803861003179,0.821140192286164,0.402859175705646
"vm(ID, ginv)_No_516965",0.382792617022689,0.802477070142762,0.477013775551979
"vm(ID, ginv)_No_516966",0.72613439433338,0.795209285479591,0.913136211551463
"vm(ID, ginv)_No_516967",0.381331557621458,0.805837162117361,0.473211680408853
"vm(ID, ginv)_No_516968",0.475553142628691,0.788869017064388,0.60282902781296
"vm(ID, ginv)_No_516969",0.473375886139074,0.812826013219675,0.582382795875332
"vm(ID, ginv)_No_516970",0.353757024629784,0.821479974551402,0.430633777558565
"vm(ID, ginv)_No_516971",0.82709979108684,0.804914676191156,1.02756207030621
"vm(ID, ginv)_No_516972",1.21351403660676,0.789333911626628,1.53738996732827
"vm(ID, ginv)_No_516973",0.55417046779866,0.796841729663979,0.695458642749983
"vm(ID, ginv)_No_516974",0.166362312926218,0.811257927348304,0.205067102974259
"vm(ID, ginv)_No_516975",0.41404968590408,0.810028443713507,0.511154502187484
"vm(ID, ginv)_No_516976",-0.0933474261631684,0.814561204627994,-0.114598418919054
"vm(ID, ginv)_No_516977",0.0276123730263048,0.793393963689599,0.0348028524163409
"vm(ID, ginv)_No_516978",-0.00959328014621345,0.81052470881542,-0.0118358885816498
"vm(ID, ginv)_No_516979",0.760100702646659,0.778519705200531,0.976340993772113
"vm(ID, ginv)_No_516980",0.693451459040275,0.817686510588129,0.848065181534552
"vm(ID, ginv)_No_516981",-0.174027085085146,0.814960845537019,-0.213540424718773
"vm(ID, ginv)_No_516982",0.711720741351677,0.818679503857777,0.869352094437336
"vm(ID, ginv)_No_516983",0.318548271844288,0.796635150356814,0.399867206087517
"vm(ID, ginv)_No_516984",0.116950983870436,0.815213201389921,0.14346061088196
"vm(ID, ginv)_No_516985",0.760021553648659,0.784899128539851,0.968304748996891
"vm(ID, ginv)_No_516986",1.01540491445842,0.796856435946926,1.27426330346669
"vm(ID, ginv)_No_516987",0.692840178687537,0.801588744117186,0.864333716974261
"vm(ID, ginv)_No_516988",-0.401853197879554,0.801241540956833,-0.50153814716055
"vm(ID, ginv)_No_516989",1.06191287583322,0.79276346985702,1.33950783078431
"vm(ID, ginv)_No_516990",1.2699465474844,0.808746422296999,1.57026542865871
"vm(ID, ginv)_No_516991",0.623161329844523,0.813215089908422,0.766293367619013
"vm(ID, ginv)_No_516992",0.706221409552256,0.823717833306808,0.8573584072074
"vm(ID, ginv)_No_516993",0.778767284669847,0.799268427776241,0.974350115187919
"vm(ID, ginv)_No_516994",-0.0419075076798201,0.805045316972867,-0.052056085286479
"vm(ID, ginv)_No_516995",-0.059624406586651,0.81630668778865,-0.073041673526125
"vm(ID, ginv)_No_516996",0.381017867328554,0.779190991666232,0.488991622597922
"vm(ID, ginv)_No_516997",0.20734995635505,0.78969397172871,0.262570012914171
"vm(ID, ginv)_No_516998",0.428897070809632,0.78843070073366,0.543988292706676
"vm(ID, ginv)_No_516999",0.02111789741782,0.829508170870783,0.0254583356251347
"vm(ID, ginv)_No_517000",-0.208328433284518,0.814956307764993,-0.255631413978323
"vm(ID, ginv)_Nr_504564",-0.0929650761572039,0.891082769205504,-0.104328216603371
"vm(ID, ginv)_Nr_501493",-0.107948555806998,0.873734994496147,-0.123548394521211
"vm(ID, ginv)_Nr_503216",0.01603750869142,0.886321877717874,0.0180944520208774
"vm(ID, ginv)_Nr_501850",0.176907963256697,0.894904534914546,0.197683614681414
"vm(ID, ginv)_Nr_501506",-0.67781934774105,0.884282470553253,-0.766519036973526
"vm(ID, ginv)_Nr_500878",-0.567114978199012,0.884097686659122,-0.641461895847797
"vm(ID, ginv)_Nr_503905",-0.515800473863921,0.892881092854355,-0.577681035013313
"vm(ID, ginv)_Nr_500107",0.541367083566086,0.73566480197333,0.735888249803356
"vm(ID, ginv)_Nr_501545",0.304223202158009,0.889782860211386,0.341907240251553
"vm(ID, ginv)_Nr_501260",0.0177154483882895,0.891886614126517,0.0198628930042182
"vm(ID, ginv)_Nr_502414",-0.487996513424044,0.894777280783953,-0.545383218711688
"vm(ID, ginv)_Nr_504583",0.109025213320367,0.880402649319011,0.123835626124816
"vm(ID, ginv)_Nr_503128",-0.71024334750995,0.881342565967922,-0.805865250284304
"vm(ID, ginv)_Nr_502425",-0.218541323685649,0.883117756554101,-0.247465665890799
"vm(ID, ginv)_Nr_503655",-1.15927218017499,0.887874054107791,-1.3056718740812
"vm(ID, ginv)_Nr_501490",-0.814161041041716,0.889937973045198,-0.914851445495479
"vm(ID, ginv)_Nr_504520",-0.703822984158956,0.895754789700373,-0.785731756337449
"vm(ID, ginv)_Nr_502737",-0.0696999200090817,0.879721720262261,-0.0792295090637331
"vm(ID, ginv)_Nr_500246",-0.735065501506098,0.883898076097838,-0.831617944855368
"vm(ID, ginv)_Nr_504234",-1.13917312356876,0.87472303502723,-1.30232436777351
"vm(ID, ginv)_Nr_500378",0.366661353245325,0.885319672675008,0.414157015326963
"vm(ID, ginv)_Nr_501210",-0.625343467185505,0.879209698068876,-0.711256334591201
"vm(ID, ginv)_Nr_502667",-0.0357111387829497,0.895608882753438,-0.0398735870876584
"vm(ID, ginv)_Nr_503529",-0.937814222674226,0.90183584906738,-1.03989459239622
"vm(ID, ginv)_Nr_502839",-0.318473851523971,0.890602719453918,-0.357593621226809
"vm(ID, ginv)_Nr_500013",0.194099144267573,0.876891730631612,0.221349041720084
"vm(ID, ginv)_Nr_504175",0.125633548082478,0.885541845618095,0.141871949591256
"vm(ID, ginv)_Nr_503135",-0.673496624421296,0.882362339519644,-0.763288044215425
"vm(ID, ginv)_Nr_504399",-0.126275957283228,0.889576700489209,-0.141950612256126
"vm(ID, ginv)_Nr_501037",-0.176628044803069,0.882289365646603,-0.200192875127338
"vm(ID, ginv)_Nr_504304",-0.942619109705112,0.883387880948375,-1.06705008075631
"vm(ID, ginv)_Nr_503157",-0.231734811990843,0.87923340762474,-0.263564612060042
"vm(ID, ginv)_Nr_501315",0.243110545515832,0.890658052800649,0.272956096620221
"vm(ID, ginv)_Nr_504375",-0.428208141600058,0.888219070274665,-0.482097441870554
"vm(ID, ginv)_Nr_503343",-0.877419968587878,0.887165145332632,-0.989015374650341
"vm(ID, ginv)_Nr_503982",-0.663087542886714,0.886928302321492,-0.747622486678027
"vm(ID, ginv)_Nr_501538",0.827177557089089,0.730506131912729,1.13233485792
"vm(ID, ginv)_Nr_501859",-0.446713887605518,0.883076596780069,-0.505860861033296
"vm(ID, ginv)_Nr_500932",-0.0373957142942489,0.892919918025697,-0.04188025548465
"vm(ID, ginv)_Nr_500875",-0.991964268708149,0.887930996740956,-1.11716368991401
"vm(ID, ginv)_Nr_504242",-0.218411674506465,0.898481424840806,-0.243089805162264
"vm(ID, ginv)_Nr_503411",-0.0888504259944009,0.890232688041989,-0.0998058453569279
"vm(ID, ginv)_Nr_503686",-0.649480519730677,0.90453276473043,-0.718028738211861
"vm(ID, ginv)_Nr_503748",-0.159030922603633,0.868517843986735,-0.183106108532713
"vm(ID, ginv)_Nr_500109",-0.944796381236087,0.885037534226617,-1.06752125723311
"vm(ID, ginv)_Nr_501620",-0.569990345554916,0.887507900586535,-0.642236925641137
"vm(ID, ginv)_Nr_501355",-0.701687879869926,0.88788249142511,-0.790293633050101
"vm(ID, ginv)_Nr_502946",-0.750620585091275,0.899132116129894,-0.834827909742728
"vm(ID, ginv)_Nr_504477",-0.435118509364901,0.889131494802535,-0.489374757174174
"vm(ID, ginv)_Nr_501798",0.156725376750961,0.875612101941402,0.178989505059912
"vm(ID, ginv)_Nr_500470",-0.562480374566727,0.895975456719836,-0.627785471519461
"vm(ID, ginv)_Nr_504305",-0.149490560985177,0.896291699016132,-0.166787845016611
"vm(ID, ginv)_Nr_503499",-0.392107108730741,0.881549004187494,-0.44479332047132
"vm(ID, ginv)_Nr_503654",0.0933456653284144,0.884212602578731,0.105569254561832
"vm(ID, ginv)_Nr_503761",-1.13928224373719,0.895924975916435,-1.27162683747244
"vm(ID, ginv)_Nr_500193",-0.44308456434936,0.891769539448687,-0.496859945029391
"vm(ID, ginv)_Nr_501048",-0.401545286822802,0.890484146483237,-0.450929180950176
"vm(ID, ginv)_Nr_502905",-0.217621348108074,0.884118410602102,-0.246145024804844
"vm(ID, ginv)_Nr_503663",-0.113015397926144,0.890716778471543,-0.126881406814944
"vm(ID, ginv)_Nr_502991",-0.710417217431611,0.883359640982214,-0.804221954991846
"vm(ID, ginv)_Nr_504339",0.0199047510461412,0.873025809682713,0.0227997280554343
"vm(ID, ginv)_Nr_504017",-0.454226561640239,0.879773040042917,-0.516299705681003
"vm(ID, ginv)_Nr_502665",-0.42144770616674,0.887052839389067,-0.475110035673861
"vm(ID, ginv)_Nr_500456",-0.391108940526771,0.889281038018964,-0.439803530949044
"vm(ID, ginv)_Nr_500256",-0.506790102444103,0.880372860310875,-0.575653936293705
"vm(ID, ginv)_Nr_501985",-0.503255986032714,0.886346438876723,-0.567787000611743
"vm(ID, ginv)_Nr_502229",0.129452844977695,0.892548020826243,0.145037400741597
"vm(ID, ginv)_Nr_501602",-0.128523161649737,0.886803311979295,-0.144928599063168
"vm(ID, ginv)_Nr_502167",-0.361215058919392,0.894079461726183,-0.404007780496378
"vm(ID, ginv)_Nr_501920",-0.500992049933004,0.895554732313415,-0.559420917400359
"vm(ID, ginv)_Nr_502570",-0.648312355953421,0.888076654347174,-0.730018464937575
"vm(ID, ginv)_Nr_501393",-0.918578329983294,0.889939779625596,-1.03218032389759
"vm(ID, ginv)_Nr_500171",-0.412551215414561,0.901052092119706,-0.457855010850752
"vm(ID, ginv)_Nr_501039",-0.343406014740046,0.880358640972785,-0.390075133880195
"vm(ID, ginv)_Nr_500051",1.1061283263337,0.763516833306718,1.44872814597049
"vm(ID, ginv)_Nr_500684",-0.764410933674276,0.874990945556709,-0.873621535806777
"vm(ID, ginv)_Nr_502561",-0.450489438289451,0.887209002538241,-0.507760219971431
"vm(ID, ginv)_Nr_504547",-0.358732160161469,0.880469032039605,-0.407433023885538
"vm(ID, ginv)_Nr_501031",-0.402112236927731,0.881031517320281,-0.456410728813406
"vm(ID, ginv)_Nr_502493",-0.344516141048701,0.888600870294478,-0.387706283626
"vm(ID, ginv)_Nr_504390",-0.557663485176226,0.876406197165906,-0.636307099355961
"vm(ID, ginv)_Nr_503169",0.0917866735678711,0.881907387850113,0.104077451705701
"vm(ID, ginv)_Nr_502596",-0.321203927763555,0.883004695995528,-0.363762423031533
"vm(ID, ginv)_Nr_503747",-0.0020339697311817,0.880895532098315,-0.00230897950672622
"vm(ID, ginv)_Nr_501539",-0.0573085287764209,0.88873038614131,-0.0644835933035249
"vm(ID, ginv)_Nr_502020",-0.35683528008245,0.885983909681218,-0.402755937419723
"vm(ID, ginv)_Nr_501591",-0.0105272979033677,0.877969092296754,-0.0119905108229134
"vm(ID, ginv)_Nr_504044",-0.685048525230445,0.891522520883811,-0.76840293899847
"vm(ID, ginv)_Nr_501023",0.143198044487375,0.892833160725787,0.160386117794917
"vm(ID, ginv)_Nr_503114",-1.03746704771093,0.896633936275567,-1.15706868292355
"vm(ID, ginv)_Nr_503932",-0.371351026468126,0.886738335151221,-0.418783097276151
"vm(ID, ginv)_Nr_502441",-0.517196259487021,0.889752168115874,-0.581281257883561
"vm(ID, ginv)_Nr_502406",-0.515558725225837,0.905709289308947,-0.569232016621146
"vm(ID, ginv)_Nr_504856",-0.954137525936055,0.88943818859661,-1.07274180282447
"vm(ID, ginv)_Nr_501497",-0.815630316192274,0.888441687750338,-0.918045975822642
"vm(ID, ginv)_Nr_500978",-0.151538879036439,0.867452224615154,-0.174694207630477
"vm(ID, ginv)_Nr_500093",-0.92962668618093,0.88684621318419,-1.04823888557086
"vm(ID, ginv)_Nr_504820",-0.485054076615627,0.894483371701557,-0.542272882829469
"vm(ID, ginv)_Nr_501060",-0.401372700851345,0.891308805377166,-0.450318339087315
"vm(ID, ginv)_Nr_502475",-0.180843805021452,0.88064678005922,-0.205353393796876
"vm(ID, ginv)_Nr_500054",-0.729369259142114,0.89177640292425,-0.817883559993759
"vm(ID, ginv)_Nr_501368",-0.515993436365377,0.892399653677837,-0.578208915970349
"vm(ID, ginv)_Nr_504481",0.263285291932228,0.88881418144508,0.296220849564039
"vm(ID, ginv)_Nr_500716",-0.263952427397209,0.873038014461221,-0.30233783984779
"vm(ID, ginv)_Nr_501479",-0.900074255803318,0.886710373191253,-1.01507130514778
"vm(ID, ginv)_Nr_501549",-0.303948424933846,0.892739733111107,-0.340467006968108
"vm(ID, ginv)_Nr_503772",-0.381868665336434,0.892024130032905,-0.428092304321798
"vm(ID, ginv)_Nr_502084",-0.341036614415269,0.885889527942736,-0.384965171907206
"vm(ID, ginv)_Nr_504042",-0.349166461837603,0.885595292890847,-0.394273168162197
"vm(ID, ginv)_Nr_504097",-0.787697008526681,0.890923771088138,-0.884135134888835
"vm(ID, ginv)_Nr_501091",0.269178419275722,0.880598274208156,0.305676750863236
"vm(ID, ginv)_Nr_504943",-0.431262462044313,0.894770165173195,-0.481981271649616
"vm(ID, ginv)_Nr_501899",-0.540738700337504,0.883100396889694,-0.612318488636176
"vm(ID, ginv)_Nr_502994",-0.886398504147779,0.888686739560452,-0.997425149593428
"vm(ID, ginv)_Nr_503799",-0.0602996757254847,0.890656653560087,-0.067702492856768
"vm(ID, ginv)_Nr_500023",-0.488626606203074,0.869646837446106,-0.561867858495323
"vm(ID, ginv)_Nr_503634",-0.916465918353337,0.885167357822336,-1.03535891857558
"vm(ID, ginv)_Nr_501323",0.0427324506797807,0.903233548883398,0.0473105219935727
"vm(ID, ginv)_Nr_503348",-0.125372487097066,0.892019207404379,-0.140549089141117
"vm(ID, ginv)_Nr_503199",-0.0761125792108578,0.890714118463379,-0.0854511875731395
"vm(ID, ginv)_Nr_501690",-0.301768671109979,0.87832814004339,-0.343571675951395
"vm(ID, ginv)_Nr_500267",-0.499181346937656,0.883240297281548,-0.565170484718649
"vm(ID, ginv)_Nr_504893",0.144422544751984,0.88887319940473,0.162478230695562
"vm(ID, ginv)_Nr_502787",0.119541681805704,0.883278318946766,0.135338634767178
"vm(ID, ginv)_Nr_503222",0.996034303390789,0.739449416737316,1.3469945081377
"vm(ID, ginv)_Nr_504958",0.0491267060540645,0.887350789757331,0.0553633429091774
"vm(ID, ginv)_Nr_503443",1.15566335017577,0.719597597212252,1.60598556005865
"vm(ID, ginv)_Nr_502766",-0.666807145854751,0.886685021048517,-0.752022567231645
"vm(ID, ginv)_Nr_501928",-0.53727839428717,0.878476433088132,-0.611602513226747
"vm(ID, ginv)_Nr_500409",-0.717085047970954,0.879944109937134,-0.814921129504673
"vm(ID, ginv)_Nr_503088",0.40703697796071,0.889491270519935,0.457606489744171
"vm(ID, ginv)_Nr_503830",-0.220835645148998,0.889699271989177,-0.248213808982059
"vm(ID, ginv)_Nr_501005",-0.177583881773532,0.885309558153794,-0.200589590542614
"vm(ID, ginv)_Nr_503590",-1.01155917834349,0.888436529761773,-1.13858350535714
"vm(ID, ginv)_Nr_501461",-0.557100466436195,0.895507503129867,-0.622105861189422
"vm(ID, ginv)_Nr_500593",-0.156832009152043,0.889824489526255,-0.176250497708308
"vm(ID, ginv)_Nr_501715",-0.516726595929715,0.885487341971492,-0.58355051668977
"vm(ID, ginv)_Nr_503941",-0.342654955923692,0.884030133251728,-0.38760551596053
"vm(ID, ginv)_Nr_503491",-0.54012678211993,0.894244312814616,-0.604003597652069
"vm(ID, ginv)_Nr_502693",-0.492804076828392,0.901284178851947,-0.546779904043278
"vm(ID, ginv)_Nr_504581",-0.254553979893658,0.885275364957547,-0.287542147867026
"vm(ID, ginv)_Nr_502746",-0.422206032902526,0.887730164399652,-0.475601764853909
"vm(ID, ginv)_Nr_504163",-0.293762267940169,0.882431260646431,-0.332901021349778
"vm(ID, ginv)_Nr_504431",-0.192882253456674,0.877751568565431,-0.219745837392139
"vm(ID, ginv)_Nr_503494",-0.794911102265789,0.88433664843036,-0.898878389442194
"vm(ID, ginv)_Nr_503762",0.00979049535129502,0.887839968712329,0.0110273198958305
"vm(ID, ginv)_Nr_501294",-0.914995076711265,0.895152270602399,-1.02216696171202
"vm(ID, ginv)_Nr_501881",-0.850874153415996,0.893291464540825,-0.952515709811878
"vm(ID, ginv)_Nr_504906",-0.168266130104258,0.894597363127239,-0.188091466663898
"vm(ID, ginv)_Nr_503016",-0.137178897042179,0.879909339616586,-0.155901171707024
"vm(ID, ginv)_Nr_500388",-0.135670833618974,0.880421227302044,-0.154097640324646
"vm(ID, ginv)_Nr_503535",1.20897941561476,0.761646305366378,1.58732394169916
"vm(ID, ginv)_Nr_502633",-0.564411690147121,0.88752987919216,-0.635935424124374
"vm(ID, ginv)_Nr_503942",-0.479445976278179,0.874482915795586,-0.54826225603503
"vm(ID, ginv)_Nr_503340",-1.05184656807777,0.887522218373767,-1.18514956166968
"vm(ID, ginv)_Nr_501514",-0.763910585171779,0.891170394313153,-0.857199240511736
"vm(ID, ginv)_Nr_501645",-0.505145766734841,0.885957346809076,-0.570169397606113
"vm(ID, ginv)_Nr_501941",-0.320248505692866,0.886668221701393,-0.361181891777236
"vm(ID, ginv)_Nr_503136",-0.314541988521265,0.886595448981919,-0.354775099378701
"vm(ID, ginv)_Nr_504647",0.308725168836262,0.885511375422169,0.34864054534486
"vm(ID, ginv)_Nr_503410",0.052498989076824,0.883211267710037,0.059441031830291
"vm(ID, ginv)_Nr_504421",0.125915709309516,0.886672485951718,0.142009266447874
"vm(ID, ginv)_Nr_504475",-0.59491683212348,0.897642895092577,-0.662754459903707
"vm(ID, ginv)_Nr_504338",0.026602144236463,0.885901731022549,0.0300283240283971
"vm(ID, ginv)_Nr_501239",-0.211946781837897,0.877063200000402,-0.241655084648176
"vm(ID, ginv)_Nr_500440",-0.381327806282505,0.894027946671551,-0.426527836967716
"vm(ID, ginv)_Nr_504835",-1.08655350756267,0.877162017736717,-1.2387147249789
"vm(ID, ginv)_Nr_503244",-0.35720898838823,0.873101916135941,-0.409126336555438
"vm(ID, ginv)_Nr_504391",0.260726898898871,0.887119963041194,0.293902639734379
"vm(ID, ginv)_Nr_501179",-0.384645309208792,0.877728522442916,-0.438228107408698
"vm(ID, ginv)_Nr_503672",0.408653091986614,0.886010645954719,0.461228196131065
"vm(ID, ginv)_Nr_503012",-0.535171392114966,0.886012094886383,-0.604022671026397
"vm(ID, ginv)_Nr_501032",-0.289258094312834,0.893012674972875,-0.323912641353742
"vm(ID, ginv)_Nr_500835",-0.737052102177485,0.879431178698068,-0.838100945282194
"vm(ID, ginv)_Nr_502309",0.043916501945692,0.889510086845915,0.0493715614866315
"vm(ID, ginv)_Nr_503431",-1.46920971225881,0.885925992119413,-1.65838876534597
"vm(ID, ginv)_Nr_504354",-0.447893225823564,0.892861072005075,-0.501638205390389
"vm(ID, ginv)_Nr_504554",-0.214101215933369,0.890284367587368,-0.240486325187956
"vm(ID, ginv)_Nr_502344",-0.961114124629947,0.875401042537265,-1.09791293124835
"vm(ID, ginv)_Nr_501446",-0.0884026787425065,0.88691534848641,-0.0996743137813238
"vm(ID, ginv)_Nr_501236",0.169552782505431,0.883735424811514,0.191859212322052
"vm(ID, ginv)_Nr_504451",-1.26787882785372,0.880907357244148,-1.4392873636794
"vm(ID, ginv)_Nr_500009",-0.398299972451435,0.881486236693348,-0.451850472385759
"vm(ID, ginv)_Nr_500706",-0.182504951989769,0.887303535033931,-0.205684914782617
"vm(ID, ginv)_Nr_503307",-0.767723046986037,0.887169406832949,-0.865362399867557
"vm(ID, ginv)_Nr_500595",-0.308027202167611,0.888784120550231,-0.346571450868088
"vm(ID, ginv)_Nr_501754",-0.476956949918476,0.888317178777721,-0.536921902799115
"vm(ID, ginv)_Nr_501600",-0.60284091755796,0.889967830001143,-0.677373829969996
"vm(ID, ginv)_Nr_502456",-1.26855634892603,0.885452795694662,-1.43266400546041
"vm(ID, ginv)_Nr_501860",-0.81236165372044,0.890298789108607,-0.912459573862613
"vm(ID, ginv)_Nr_502011",-0.758829633091371,0.893358578508239,-0.84941215246233
"vm(ID, ginv)_Nr_500632",-0.398125904929698,0.879867813798889,-0.452483769363903
"vm(ID, ginv)_Nr_504782",-0.381325524132269,0.88137103283467,-0.43265039345104
"vm(ID, ginv)_Nr_504411",-0.119461528796483,0.890308800197333,-0.134179880924467
"vm(ID, ginv)_Nr_502279",0.221159317585398,0.890251046183239,0.248423541352263
"vm(ID, ginv)_Nr_501831",-0.492009873554929,0.894134841414072,-0.550263618826011
"vm(ID, ginv)_Nr_501356",-0.3464981523802,0.883412509999804,-0.392226902447054
"vm(ID, ginv)_Nr_504871",-1.19236175925563,0.892293409774388,-1.33628887784469
"vm(ID, ginv)_Nr_503584",0.1198806034803,0.893799137165716,0.134124769755817
"vm(ID, ginv)_Nr_500369",0.0483754439872538,0.883662355227529,0.0547442625580649
"vm(ID, ginv)_Nr_504485",-0.241411412695148,0.87342526543786,-0.276396186654991
"vm(ID, ginv)_Nr_501896",-0.422377674344131,0.881659572676569,-0.479071160155233
"vm(ID, ginv)_Nr_502258",0.0459197220377501,0.850068159214363,0.054018870769362
"vm(ID, ginv)_Nr_503768",-0.0427907515255982,0.883325243630641,-0.0484428038643159
"vm(ID, ginv)_Nr_503544",-0.163245826410084,0.894854900392625,-0.182427146946905
"vm(ID, ginv)_Nr_501410",0.0186783172766308,0.897258171151436,0.020817104683105
"vm(ID, ginv)_Nr_504776",-0.268836180334169,0.871934948703562,-0.30832137275136
"vm(ID, ginv)_Nr_501176",-0.328762965222045,0.888828430324926,-0.36988349382778
"vm(ID, ginv)_Nr_501607",-0.672067761498814,0.888103741070525,-0.756744657655309
"vm(ID, ginv)_Nr_503730",0.253453944919712,0.890692745446523,0.284558223040932
"vm(ID, ginv)_Nr_500551",-0.321433925765707,0.884432235016943,-0.363435335166802
"vm(ID, ginv)_Nr_504532",0.304073800044591,0.868752593257209,0.35001196244437
"vm(ID, ginv)_Nr_504220",-0.110563559560505,0.887400101664704,-0.124592682999579
"vm(ID, ginv)_Nr_501682",-0.00743306607199769,0.889356134544215,-0.00835780603886771
"vm(ID, ginv)_Nr_503815",-0.357864030567344,0.883588209932892,-0.405012229163316
"vm(ID, ginv)_Nr_501449",-0.733506644171642,0.874091285859879,-0.839164805824671
"vm(ID, ginv)_Nr_500928",-0.274319350393746,0.888448408707731,-0.308762273312808
"vm(ID, ginv)_Nr_504940",-0.327975187790956,0.89179146504317,-0.367771166967918
"vm(ID, ginv)_Nr_503763",0.503798462770409,0.880869244140478,0.571933310331431
"vm(ID, ginv)_Nr_504091",0.0579037490128311,0.883877573724775,0.0655110512294334
"vm(ID, ginv)_Nr_503891",-0.993885849499424,0.885427728844818,-1.12249234705593
"vm(ID, ginv)_Nr_500667",-0.777419905900802,0.892824546891899,-0.87074208320902
"vm(ID, ginv)_Nr_504023",-1.19601649311227,0.894911591207153,-1.33646329409921
"vm(ID, ginv)_Nr_500992",-0.781582121898094,0.888232185337346,-0.87992997191523
"vm(ID, ginv)_Nr_501324",-0.863673244537012,0.880660761106832,-0.980710487715531
"vm(ID, ginv)_Nr_503889",-0.950163788565879,0.885917253566127,-1.07251979204732
"vm(ID, ginv)_Nr_502966",-0.397798957726641,0.900802064453588,-0.441605290911427
"vm(ID, ginv)_Nr_502187",-0.0558686330357207,0.886108490190424,-0.0630494275297086
"vm(ID, ginv)_Nr_500385",-0.412684604134581,0.880761108144097,-0.468554526668614
"vm(ID, ginv)_Nr_503645",-0.53989181090988,0.88316163478892,-0.61131710169783
"vm(ID, ginv)_Nr_501064",-0.20085215166349,0.893587657668471,-0.224770507895721
"vm(ID, ginv)_Nr_501088",-0.195300509232245,0.876671088050798,-0.222775122727588
"vm(ID, ginv)_Nr_500003",-0.116938685937159,0.886987114642104,-0.131838088746468
"vm(ID, ginv)_Nr_502282",-0.756727697194745,0.879068880467536,-0.86082867225635
"vm(ID, ginv)_Nr_500563",-0.196984519774574,0.851813367451604,-0.231253144528477
"vm(ID, ginv)_Nr_503944",-0.201519584238519,0.885331034821014,-0.227620603268764
"vm(ID, ginv)_Nr_503825",0.0841123337076151,0.889425734881699,0.0945692601516672
"vm(ID, ginv)_Nr_500320",-0.713869204647207,0.88744966537439,-0.804405289111293
"vm(ID, ginv)_Nr_504108",-0.108651743785235,0.888467952270541,-0.122291123171712
"vm(ID, ginv)_Nr_502026",-1.09035290842885,0.886638911809491,-1.22975981981618
"vm(ID, ginv)_Nr_502287",-0.375187348190729,0.892633993860915,-0.420314877957906
"vm(ID, ginv)_Nr_504060",-0.633732977076667,0.879758604890547,-0.720348711059793
"vm(ID, ginv)_Nr_500664",-1.04516115298412,0.883296611011633,-1.18325049587489
"vm(ID, ginv)_Nr_503365",0.183611046267491,0.884526214238558,0.20758123762963
"vm(ID, ginv)_Nr_500606",0.156922573929424,0.892072409018065,0.17590788857841
"vm(ID, ginv)_Nr_503000",-0.281467382332448,0.892719129046383,-0.315292204652449
"vm(ID, ginv)_Nr_502636",-0.11297724381621,0.892688847374911,-0.126558368179951
"vm(ID, ginv)_Nr_503822",-0.0597475774101332,0.879532614144307,-0.0679310538907773
"vm(ID, ginv)_Nr_502035",0.549229428548859,0.863889042218597,0.635763855897924
"vm(ID, ginv)_Nr_504919",-0.665895090690208,0.879569346805779,-0.757069460308564
"vm(ID, ginv)_Nr_503283",-0.320880326710689,0.887736330510059,-0.361459045532499
"vm(ID, ginv)_Nr_503897",-0.719466631099151,0.881127789095395,-0.816529270785782
"vm(ID, ginv)_Nr_500722",-1.110018883613,0.892930295404197,-1.24311929982231
"vm(ID, ginv)_Nr_503383",-0.872409491135381,0.885991517257335,-0.984670252640795
"vm(ID, ginv)_Nr_502924",-0.582885818117463,0.884632505524499,-0.658901650659863
"vm(ID, ginv)_Nr_504225",-0.471774869070131,0.88959472776732,-0.530325612713756
"vm(ID, ginv)_Nr_500342",-0.0862202922786856,0.875833704857191,-0.0984436792059107
"vm(ID, ginv)_Nr_503950",0.200730818581664,0.886296678456445,0.226482647922423
"vm(ID, ginv)_Nr_502708",-0.393792261991277,0.889129722185504,-0.442896297542867
"vm(ID, ginv)_Nr_501157",-1.04230575944098,0.885825993597512,-1.1766484241538
"vm(ID, ginv)_Nr_502164",-0.759868995433635,0.88357052139703,-0.859998129218019
"vm(ID, ginv)_Nr_501284",-0.59550205296661,0.883419099546104,-0.674087817744235
"vm(ID, ginv)_Nr_504501",-0.165065946892866,0.887526222702641,-0.185984304092129
"vm(ID, ginv)_Nr_504965",0.191573511202499,0.880674679708465,0.217530395294113
"vm(ID, ginv)_Nr_504079",-0.40041391672984,0.891102494328622,-0.449346645619616
"vm(ID, ginv)_Nr_502108",-0.365057898492057,0.891204226448189,-0.409623167909516
"vm(ID, ginv)_Nr_500938",-0.261989810141522,0.896652389297284,-0.292186596800178
"vm(ID, ginv)_Nr_502157",-0.637230943988766,0.896880308282428,-0.710497195784236
"vm(ID, ginv)_Nr_500747",-0.42660957868967,0.888110193678679,-0.480356583818267
"vm(ID, ginv)_Nr_501674",-0.530992393696821,0.8934256741375,-0.594333036387647
"vm(ID, ginv)_Nr_504045",0.299091735156515,0.886084948559378,0.337542958655134
"vm(ID, ginv)_Nr_501025",-0.705251256629243,0.887946341485555,-0.794249859117997
"vm(ID, ginv)_Nr_501707",0.47388830885667,0.860639042122748,0.550623764043791
"vm(ID, ginv)_Nr_504568",-0.133225071502544,0.891309771096382,-0.149471121963205
"vm(ID, ginv)_Nr_503598",-0.767061977915389,0.890065436940164,-0.861804027075097
"vm(ID, ginv)_Nr_504394",-0.0309823203401884,0.859426045434212,-0.0360500132673255
"vm(ID, ginv)_Nr_503841",-0.231920583228236,0.875869178849324,-0.264789067624143
"vm(ID, ginv)_Nr_503505",0.173521067651754,0.889523228486961,0.195071991483466
"vm(ID, ginv)_Nr_501916",-0.705203058573368,0.891635107871412,-0.790909927556452
"vm(ID, ginv)_Nr_501722",-0.0596354656653583,0.889258815034193,-0.0670619898921837
"vm(ID, ginv)_Nr_503970",-0.260431433716617,0.884338080865848,-0.294493067019833
"vm(ID, ginv)_Nr_500838",-0.130674777089869,0.882875687425326,-0.148010392574007
"vm(ID, ginv)_Nr_501502",-0.449082695308145,0.905258713897485,-0.496082156861735
"vm(ID, ginv)_Nr_503873",0.779990670310525,0.792488707374159,0.984229381507472
"vm(ID, ginv)_Nr_503209",0.0806071678919104,0.860445090634753,0.0936807807601601
"vm(ID, ginv)_Nr_500053",-0.563133594514588,0.861693767824808,-0.65351940044329
"vm(ID, ginv)_Nr_502662",-0.276303526260775,0.881636950321562,-0.313398305458951
"vm(ID, ginv)_Nr_500650",-0.21082324244236,0.908035334868531,-0.232175152603377
"vm(ID, ginv)_Nr_501405",-0.674078904503049,0.877593263519635,-0.768099451674936
"vm(ID, ginv)_Nr_502504",-0.743114389976409,0.891171727473189,-0.833862169397385
"vm(ID, ginv)_Nr_501098",-0.322965646662402,0.886552456146592,-0.364293894200209
"vm(ID, ginv)_Nr_500490",-0.761998094317957,0.876922137201787,-0.868946126447957
"vm(ID, ginv)_Nr_501741",0.142352332310561,0.884753049335195,0.16089498919221
"vm(ID, ginv)_Nr_504778",-0.615042017609199,0.894594083076969,-0.68750959708313
"vm(ID, ginv)_Nr_501096",-0.446914059039251,0.893931526825481,-0.499942160700302
"vm(ID, ginv)_Nr_503071",-0.00189812734402533,0.872454193800779,-0.00217561833906292
"vm(ID, ginv)_Nr_504819",-1.14982489058523,0.873073279237077,-1.31698554741017
"vm(ID, ginv)_Nr_503223",-0.0657596643906277,0.70834954953927,-0.0928350479412313
"vm(ID, ginv)_Nr_502150",-0.0630959599819059,0.890764797283435,-0.0708334682447371
"vm(ID, ginv)_Nr_502915",-0.257114795256623,0.889070995809959,-0.289194897222338
"vm(ID, ginv)_Nr_502796",-0.339109189334989,0.870458737467054,-0.389575260421605
"vm(ID, ginv)_Nr_501875",-0.541097805504874,0.901193248236744,-0.600423723284185
"vm(ID, ginv)_Nr_501712",-0.546744885750264,0.876017664709405,-0.624125411822183
"vm(ID, ginv)_Nr_504875",0.286677615328388,0.899502249525364,0.31870694651365
"vm(ID, ginv)_Nr_502347",0.166312327409193,0.88235102559229,0.188487713603046
"vm(ID, ginv)_Nr_502019",0.308778291926622,0.883230262368271,0.349601123379392
"vm(ID, ginv)_Nr_502230",-0.266958848858252,0.875974675204076,-0.30475635473829
"vm(ID, ginv)_Nr_503586",0.168956193148387,0.891506462260376,0.18951763144824
"vm(ID, ginv)_Nr_503495",-0.570257111437891,0.890251477022568,-0.640557332569789
"vm(ID, ginv)_Nr_504626",0.0209147410673225,0.886423754832486,0.0235945178063001
"vm(ID, ginv)_Nr_500142",-0.0946425828806671,0.895456560040697,-0.105691986751837
"vm(ID, ginv)_Nr_501188",-1.04344385854274,0.880424306438423,-1.18516021299296
"vm(ID, ginv)_Nr_500088",-0.0958407170222569,0.887293132080302,-0.108014717523569
"vm(ID, ginv)_Nr_500921",-0.529792169165029,0.89164439444707,-0.594174283452504
"vm(ID, ginv)_Nr_503368",-0.537483913419453,0.884773516433587,-0.607481918746827
"vm(ID, ginv)_Nr_500550",-0.699543591951265,0.887155509901839,-0.788524203641216
"vm(ID, ginv)_Nr_502071",0.141274303021267,0.885622070704975,0.159519853551989
"vm(ID, ginv)_Nr_503277",-0.510865353748297,0.879052640920811,-0.581154449650664
"vm(ID, ginv)_Nr_504416",-0.705018017412164,0.871837019054085,-0.808658042734966
"vm(ID, ginv)_Nr_503549",-0.484401506355516,0.884722445239024,-0.547518048131634
"vm(ID, ginv)_Nr_502680",-0.12330851445374,0.885503700349978,-0.13925239883809
"vm(ID, ginv)_Nr_500471",-0.588507842687444,0.892179283645378,-0.6596295761126
"vm(ID, ginv)_Nr_504257",-0.913025525330278,0.879048760302279,-1.03865174102096
"vm(ID, ginv)_Nr_500592",-0.162237359489884,0.889124666246951,-0.182468629708248
"vm(ID, ginv)_Nr_503254",-0.210175300067458,0.887636148390238,-0.236780915748665
"vm(ID, ginv)_Nr_502328",0.0274702108111473,0.879685453966907,0.0312273104974869
"vm(ID, ginv)_Nr_502562",-0.290286242450493,0.891063659276152,-0.325774976264103
"vm(ID, ginv)_Nr_502918",-0.52285773174403,0.893673807570366,-0.585065520903567
"vm(ID, ginv)_Nr_503375",-0.111204886312445,0.88393781660609,-0.125806232320074
"vm(ID, ginv)_Nr_502878",-0.867222763612279,0.890911075398472,-0.973411137833709
"vm(ID, ginv)_Nr_504342",-0.402353765495407,0.891358301938462,-0.451393973243304
"vm(ID, ginv)_Nr_500461",-0.962548683742805,0.887289837860246,-1.08481878487874
"vm(ID, ginv)_Nr_502400",-0.337452837205606,0.885013151875369,-0.381296974503185
"vm(ID, ginv)_Nr_503232",-0.0622676518676131,0.89593998522634,-0.06949980232424
"vm(ID, ginv)_Nr_503882",0.204810812640122,0.885943600158075,0.231178161458109
"vm(ID, ginv)_Nr_504393",-0.986125546934553,0.886887177627716,-1.1118951449634
"vm(ID, ginv)_Nr_504719",-0.39176490138514,0.890484790836179,-0.439945640191414
"vm(ID, ginv)_Nr_501613",-1.40663509244522,0.872072535406077,-1.61297946596865
"vm(ID, ginv)_Nr_504625",-0.770358340393426,0.900068743647267,-0.855888337230524
"vm(ID, ginv)_Nr_501585",-0.370997646586574,0.886684681298565,-0.418409897465739
"vm(ID, ginv)_Nr_501989",-0.503291741153818,0.885943277740471,-0.568085738443012
"vm(ID, ginv)_Nr_504658",0.659756959830103,0.738350270366293,0.893555520068814
"vm(ID, ginv)_Nr_502855",-0.743320154300906,0.879527402722624,-0.845135867284997
"vm(ID, ginv)_Nr_504243",-0.58030338145486,0.882549416303087,-0.657530752086035
"vm(ID, ginv)_Nr_500427",-0.261010293070846,0.890481136680849,-0.293111535235578
"vm(ID, ginv)_Nr_502430",-0.462957249685768,0.88385048253439,-0.523795889501882
"vm(ID, ginv)_Nr_504427",-0.0416367028580827,0.878027085931449,-0.0474207499121883
"vm(ID, ginv)_Nr_500235",-0.453345561408586,0.88661100509425,-0.511324085538949
"vm(ID, ginv)_Nr_500115",-0.169187008198209,0.893141514294559,-0.189429116764145
"vm(ID, ginv)_Nr_503888",0.320222018462419,0.885583471539219,0.361594393700513
"vm(ID, ginv)_Nr_501119",-0.793642393941107,0.890017367174218,-0.891715626247723
"vm(ID, ginv)_Nr_503871",-0.361468444023003,0.886041842931637,-0.407958661215159
"vm(ID, ginv)_Nr_503352",-0.787039450252243,0.887098352257427,-0.88720652929795
"vm(ID, ginv)_Nr_502791",-0.445448131314232,0.883576817866066,-0.504141940244695
"vm(ID, ginv)_Nr_501691",0.305002462023722,0.886620806481237,0.344005531783306
"vm(ID, ginv)_Nr_504779",-0.344213871065888,0.889426068040418,-0.387006726511018
"vm(ID, ginv)_Nr_504518",-0.453070334462045,0.870901387144385,-0.520231499398142
"vm(ID, ginv)_Nr_501795",-0.421075447598838,0.895126632109671,-0.470408803061115
"vm(ID, ginv)_Nr_500124",-0.675241075539443,0.883272974827023,-0.764476096046842
"vm(ID, ginv)_Nr_501305",-0.984553861987837,0.921670013905172,-1.06822815881383
"vm(ID, ginv)_Nr_504817",-0.306169830063625,0.879015168612989,-0.348310064485844
"vm(ID, ginv)_Nr_501589",-0.340371889922458,0.889526345623427,-0.382643967317131
"vm(ID, ginv)_Nr_502403",-0.229883349624082,0.887071876400999,-0.259148503903379
"vm(ID, ginv)_Nr_502914",-0.113861777065024,0.88499728237063,-0.128657770292835
"vm(ID, ginv)_Nr_502375",-0.779797474628002,0.891084417628416,-0.875110662021675
"vm(ID, ginv)_Nr_500514",-0.984089751076004,0.89000384293366,-1.10571404706772
"vm(ID, ginv)_Nr_501322",-0.104942587248579,0.887243560117857,-0.11827934511538
"vm(ID, ginv)_Nr_501264",-0.463598415080521,0.891165516035177,-0.520215837281366
"vm(ID, ginv)_Nr_500030",-1.032746953548,0.884852095114193,-1.16714076764968
"vm(ID, ginv)_Nr_502842",-0.577757167358978,0.881746504923843,-0.655241800373089
"vm(ID, ginv)_Nr_504098",-0.420246160145793,0.883389466330682,-0.475720139488827
"vm(ID, ginv)_Nr_504245",-0.365404096656403,0.874658209908894,-0.417767869227986
"vm(ID, ginv)_Nr_501112",0.302864225653093,0.895691696651534,0.338134457185798
"vm(ID, ginv)_Nr_503187",-0.346099720629566,0.88902393639754,-0.389303039501967
"vm(ID, ginv)_Nr_501226",-0.535146055008743,0.880980093263883,-0.607443980971372
"vm(ID, ginv)_Nr_504479",-0.329012358309739,0.879751710381588,-0.373983198244686
"vm(ID, ginv)_Nr_504522",-0.285377225153492,0.898282592172595,-0.317692035491054
"vm(ID, ginv)_Nr_501262",-1.01068606500978,0.894749885152887,-1.12957384156253
"vm(ID, ginv)_Nr_502472",-0.626456343074173,0.883388815347595,-0.709151318412012
"vm(ID, ginv)_Nr_501001",-0.798361678016854,0.87869411094808,-0.90857747658676
"vm(ID, ginv)_Nr_502272",-0.284574061301035,0.884485822632495,-0.321739539537284
"vm(ID, ginv)_Nr_502550",-0.447714613570407,0.887912986305247,-0.504232532326644
"vm(ID, ginv)_Nr_500123",0.322890435942311,0.89339135257692,0.361421044664197
"vm(ID, ginv)_Nr_504617",-0.747429362810519,0.889606019892991,-0.840180198983395
"vm(ID, ginv)_Nr_504254",-1.44754696613325,0.87238596062082,-1.65929649429838
"vm(ID, ginv)_Nr_504036",0.481309968113565,0.887128055978056,0.542548468476653
"vm(ID, ginv)_Nr_500670",-0.29654474933765,0.886206900175721,-0.334622478428964
"vm(ID, ginv)_Nr_503632",-0.107645390613736,0.880031435911002,-0.122319937926198
"vm(ID, ginv)_Nr_501717",-0.787333578627364,0.891043699973455,-0.883608265959144
"vm(ID, ginv)_Nr_501547",-0.33463160560767,0.878562418376571,-0.380885408490396
"vm(ID, ginv)_Nr_502724",0.257670655116931,0.883181495954358,0.291752778219719
"vm(ID, ginv)_Nr_500041",-0.052932927686068,0.881336372517776,-0.060059846996727
"vm(ID, ginv)_Nr_501200",-0.600151671656425,0.876687700371628,-0.684567231183945
"vm(ID, ginv)_Nr_502277",0.146196037319367,0.884165683017493,0.165349142278885
"vm(ID, ginv)_Nr_503129",-0.72069563003299,0.893897972070424,-0.806239249389652
"vm(ID, ginv)_Nr_503948",-0.210686944424924,0.881659848521832,-0.238966246198187
"vm(ID, ginv)_Nr_500880",0.0142047689117305,0.874446340075845,0.0162443002626078
"vm(ID, ginv)_Nr_504646",-0.076553817679006,0.892037063536295,-0.0858190996857511
"vm(ID, ginv)_Nr_504888",-0.298073705763426,0.893308393713275,-0.333673911340296
"vm(ID, ginv)_Nr_503931",-0.0889654671881802,0.882100258510441,-0.100856412102647
"vm(ID, ginv)_Nr_500462",0.0227730917675065,0.874637971494601,0.0260371633861165
"vm(ID, ginv)_Nr_500439",-0.400946484159079,0.881780181038662,-0.454701174715447
"vm(ID, ginv)_Nr_504051",-0.640828083793118,0.891408548223187,-0.718893805842964
"vm(ID, ginv)_Nr_501861",-0.228262233576403,0.889005730632089,-0.256761262285797
"vm(ID, ginv)_Nr_504142",-0.575449006516141,0.882096364386226,-0.652365240068239
"vm(ID, ginv)_Nr_503226",-0.393140855597207,0.8884938798767,-0.442480094124863
"vm(ID, ginv)_Nr_502649",-0.410894183984934,0.88735257744579,-0.463056280478361
"vm(ID, ginv)_Nr_503804",-0.301476754173215,0.894686781539586,-0.336963460725809
"vm(ID, ginv)_Nr_501248",0.142424685259158,0.886489632153121,0.160661422416452
"vm(ID, ginv)_Nr_504539",-0.424528616512404,0.888783377816082,-0.477651390775956
"vm(ID, ginv)_Nr_502278",-0.875168209944749,0.891871074881121,-0.981272108260043
"vm(ID, ginv)_Nr_502096",-0.512773255355354,0.884130203611608,-0.579974819614478
"vm(ID, ginv)_Nr_503667",-0.442335302950522,0.882900507061619,-0.501002433923906
"vm(ID, ginv)_Nr_501067",0.13055267065959,0.888312457857608,0.146967060413012
"vm(ID, ginv)_Nr_501661",-0.363491663032872,0.890375973221728,-0.40824513909289
"vm(ID, ginv)_Nr_502413",-0.417141369496448,0.869524705784418,-0.479734924978509
"vm(ID, ginv)_Nr_504741",-0.118952937454715,0.893477615199546,-0.133134770733063
"vm(ID, ginv)_Nr_504525",-0.683436554338859,0.884520785508291,-0.772663079868859
"vm(ID, ginv)_Nr_504813",-0.70070715657011,0.886135953206793,-0.790744528573021
"vm(ID, ginv)_Nr_501983",-0.703432942153043,0.880825416949814,-0.798606544062888
"vm(ID, ginv)_Nr_504538",0.088723604218156,0.878888144836277,0.100949824775124
"vm(ID, ginv)_Nr_501689",-0.0274098284853911,0.90038250124011,-0.0304424269103844
"vm(ID, ginv)_Nr_501706",-0.46471760059112,0.88146841199086,-0.527208456105105
"vm(ID, ginv)_Nr_501528",0.340883038085307,0.836718992907373,0.407404446385077
"vm(ID, ginv)_Nr_503629",-1.119226949761,0.87643585513194,-1.27702095162744
"vm(ID, ginv)_Nr_500629",-0.036682033042009,0.884949654696633,-0.0414509829427346
"vm(ID, ginv)_Nr_504757",-0.641988341566779,0.892738156582927,-0.719122776183415
"vm(ID, ginv)_Nr_500559",0.0970778675654551,0.888407668987087,0.109271757723724
"vm(ID, ginv)_Nr_503372",-0.459304050411575,0.896186953191506,-0.512509191052044
"vm(ID, ginv)_Nr_503739",-0.309334132426328,0.885493010919184,-0.349335487250457
"vm(ID, ginv)_Nr_502741",-0.721083095799776,0.878749909409417,-0.820578287495239
"vm(ID, ginv)_Nr_501574",-0.811721752631839,0.892306734485028,-0.909689147533223
"vm(ID, ginv)_Nr_504161",-0.263750764306225,0.871506097695501,-0.302637887449846
"vm(ID, ginv)_Nr_503877",0.211385672455785,0.891765910251356,0.23704166085044
"vm(ID, ginv)_Nr_503787",0.262827826087871,0.888225290542735,0.295902209592878
"vm(ID, ginv)_Nr_501649",-0.225882355380936,0.721471933185042,-0.313085436856491
"vm(ID, ginv)_Nr_501925",0.150999299884231,0.897056291676008,0.168327563482234
"vm(ID, ginv)_Nr_501686",-0.126352708492954,0.885544678914032,-0.142683606487144
"vm(ID, ginv)_Nr_504874",-0.898524693589056,0.888615551439632,-1.01115121396803
"vm(ID, ginv)_Nr_502227",-0.131550256067858,0.891470902339621,-0.147565395261484
"vm(ID, ginv)_Nr_503860",0.00627639003974632,0.888431167397759,0.00706457660431933
"vm(ID, ginv)_Nr_502219",-0.0147377600538263,0.886266878176607,-0.016629031747353
"vm(ID, ginv)_Nr_501330",-0.0749903000846447,0.880124968646551,-0.0852041502696648
"vm(ID, ginv)_Nr_501565",-0.707205479162616,0.883935775727044,-0.800064324335028
"vm(ID, ginv)_Nr_500845",-0.390280565614724,0.882879204071669,-0.442054319339299
"vm(ID, ginv)_Nr_500258",-0.590495164158708,0.886845485246009,-0.665837706773584
"vm(ID, ginv)_Nr_503270",-0.806779041806557,0.891885730816242,-0.904576689514029
"vm(ID, ginv)_Nr_504308",0.277469202399593,0.886294227596285,0.313066692482152
"vm(ID, ginv)_Nr_501522",-0.406189352238912,0.896973947663669,-0.452844091288165
"vm(ID, ginv)_Nr_502485",-0.0949091280467428,0.893003298884391,-0.106280825799088
"vm(ID, ginv)_Nr_504404",-0.445389546514365,0.890397962863728,-0.500214022370276
"vm(ID, ginv)_Nr_503691",-0.166245124604435,0.891342391970434,-0.186510959314891
"vm(ID, ginv)_Nr_502852",-0.355715839233728,0.888362766582207,-0.400417321183183
"vm(ID, ginv)_Nr_502984",-0.922283696083443,0.882231407630546,-1.04539884672715
"vm(ID, ginv)_Nr_504202",-0.812386515883906,0.888803204030826,-0.914022938035819
"vm(ID, ginv)_Nr_503361",-0.377180253517182,0.883218259370122,-0.427052146528507
"vm(ID, ginv)_Nr_500083",-0.529727749001642,0.88120394654344,-0.60114091758159
"vm(ID, ginv)_Nr_504998",-0.942480431619876,0.882079375325335,-1.0684757607809
"vm(ID, ginv)_Nr_504015",-0.922239934140745,0.891979055907234,-1.03392554795217
"vm(ID, ginv)_Nr_501911",-0.780560822303859,0.867257064384346,-0.900033974191917
"vm(ID, ginv)_Nr_503458",-0.12746883438236,0.908057761914243,-0.140375248941926
"vm(ID, ginv)_Nr_504618",-0.400936862780549,0.890495753637509,-0.450240061384681
"vm(ID, ginv)_Nr_500720",-1.04105639079929,0.888771027219571,-1.17134375324556
"vm(ID, ginv)_Nr_500174",-0.279076312905438,0.894900034294793,-0.311851941234261
"vm(ID, ginv)_Nr_502759",-0.719258039708201,0.872475885569763,-0.824387300101131
"vm(ID, ginv)_Nr_504609",-0.336644502538775,0.883793762112101,-0.380908439242949
"vm(ID, ginv)_Nr_500302",-0.253956156483762,0.888428795907666,-0.285848632612484
"vm(ID, ginv)_Nr_502083",-0.739315111468064,0.884643322465927,-0.835721123635723
"vm(ID, ginv)_Nr_500518",-0.988918019889386,0.890912531251169,-1.11000573591729
"vm(ID, ginv)_Nr_501202",-0.210855582534695,0.889697676061344,-0.236996890301147
"vm(ID, ginv)_Nr_501837",0.0242818921934176,0.881789006846125,0.0275370774696614
"vm(ID, ginv)_Nr_500681",-0.275055245858,0.883440759373975,-0.311345433114168
"vm(ID, ginv)_Nr_504441",-0.700144575225564,0.880817996652337,-0.794879961452371
"vm(ID, ginv)_Nr_500332",-0.360898437894315,0.885144929294737,-0.407728074748019
"vm(ID, ginv)_Nr_503861",0.0208431276606498,0.891090559469304,0.0233905829650614
"vm(ID, ginv)_Nr_502089",-1.27086120152835,0.890513592514733,-1.42711039136365
"vm(ID, ginv)_Nr_501890",0.357616328844166,0.888731503528238,0.402389616463959
"vm(ID, ginv)_Nr_504464",-0.0508201669520663,0.887322040759093,-0.0572736443113599
"vm(ID, ginv)_Nr_501723",-0.761615546139125,0.884288377680945,-0.861275083289537
"vm(ID, ginv)_Nr_504213",-0.300194189550427,0.876362760439658,-0.342545579412598
"vm(ID, ginv)_Nr_504566",-0.598557679600479,0.891877244890489,-0.671121147029572
"vm(ID, ginv)_Nr_501725",-0.243343979282755,0.899682799386127,-0.27047752768953
"vm(ID, ginv)_Nr_503404",-0.190460189284582,0.857583133925145,-0.222089476518561
"vm(ID, ginv)_Nr_501544",-1.0940437273502,0.88260435166625,-1.23956303329434
"vm(ID, ginv)_Nr_501675",-0.0316581784461544,0.890601434437898,-0.0355469654797215
"vm(ID, ginv)_Nr_503616",-0.229908083106866,0.878486242627964,-0.261709372270991
"vm(ID, ginv)_Nr_500319",-0.20276247890343,0.880674507292815,-0.230235435707932
"vm(ID, ginv)_Nr_501206",0.084606728499427,0.872249838512302,0.096998273618177
"vm(ID, ginv)_Nr_503953",-0.100301491688562,0.893181208442157,-0.112296912138918
"vm(ID, ginv)_Nr_500399",-0.185317732363777,0.889215244811206,-0.208405932585111
"vm(ID, ginv)_Nr_504885",-0.573223839677201,0.885014162278982,-0.647700188436651
"vm(ID, ginv)_Nr_504286",-0.355878194434292,0.890236639214995,-0.399756849760871
"vm(ID, ginv)_Nr_502300",-0.042907558818147,0.877538235483443,-0.048895372398798
"vm(ID, ginv)_Nr_502153",-0.973477189159459,0.877514534553081,-1.10935733919809
"vm(ID, ginv)_Nr_503310",-0.294322569250321,0.876024311662211,-0.335975343757138
"vm(ID, ginv)_Nr_501445",-0.291237597498951,0.887845095860122,-0.328027489093475
"vm(ID, ginv)_Nr_503069",-0.763561321080941,0.875047020310212,-0.872594618755746
"vm(ID, ginv)_Nr_501705",-0.152579130018438,0.894482299250888,-0.170578143520806
"vm(ID, ginv)_Nr_500513",-0.497275788714881,0.878633691030947,-0.565964854058125
"vm(ID, ginv)_Nr_502163",-0.668288133715371,0.891008118759194,-0.750035964482591
"vm(ID, ginv)_Nr_504548",0.0529489502085857,0.710594408932071,0.0745136037421979
"vm(ID, ginv)_Nr_503552",-0.469125281052965,0.894334251035258,-0.524552515471612
"vm(ID, ginv)_Nr_501512",-0.541612112137275,0.90276788803354,-0.599946142653617
"vm(ID, ginv)_Nr_504845",-0.127983444339993,0.889003992461829,-0.143962732929446
"vm(ID, ginv)_Nr_503455",-0.480727696692608,0.879382076478586,-0.546665334160144
"vm(ID, ginv)_Nr_502155",-0.371034657483773,0.888896347442874,-0.41741048723076
"vm(ID, ginv)_Nr_500376",-0.306905765485143,0.873075610788814,-0.351522550501505
"vm(ID, ginv)_Nr_501484",-0.0739324069742011,0.877133606518618,-0.0842886493286264
"vm(ID, ginv)_Nr_504964",0.812033478539292,0.728388263306396,1.11483602831984
"vm(ID, ginv)_Nr_502682",0.0624565101218697,0.892285958307703,0.0699960696908465
"vm(ID, ginv)_Nr_503355",-0.137439915527319,0.886575955383744,-0.155023283332594
"vm(ID, ginv)_Nr_504578",-0.904092784532707,0.882307348685272,-1.02469143647041
"vm(ID, ginv)_Nr_500686",0.368099470269966,0.874599524005114,0.420877739087145
"vm(ID, ginv)_Nr_500188",-0.032548208772354,0.878634664820239,-0.0370440753996578
"vm(ID, ginv)_Nr_502765",0.0319477091760148,0.883114936144892,0.0361761622054292
"vm(ID, ginv)_Nr_502950",-0.432803427791174,0.898945417087354,-0.481456848841265
"vm(ID, ginv)_Nr_500419",-0.913729439167741,0.885917258487523,-1.03139365489696
"vm(ID, ginv)_Nr_504362",-0.674249305555261,0.878046790874405,-0.76789678245257
"vm(ID, ginv)_Nr_504714",-0.631455317763722,0.888678255054811,-0.710555607917711
"vm(ID, ginv)_Nr_502007",0.334746409413566,0.895364752000639,0.373865967657979
"vm(ID, ginv)_Nr_503752",-0.209506192261388,0.882576997262893,-0.23738007325267
"vm(ID, ginv)_Nr_500826",-0.158347936288309,0.883025581741056,-0.179324290895509
"vm(ID, ginv)_Nr_503446",-0.80049795833624,0.897889474632063,-0.891532845581321
"vm(ID, ginv)_Nr_504809",-0.430738674657383,0.890276027908999,-0.483825983351549
"vm(ID, ginv)_Nr_502372",0.468772257918741,0.896548374643701,0.522863318005609
"vm(ID, ginv)_Nr_500827",0.544876000389998,0.897572159870991,0.607055370866576
"vm(ID, ginv)_Nr_503346",0.356747772142231,0.863665594196046,0.413062387270752
"vm(ID, ginv)_Nr_504283",-0.438149340431113,0.885580768191399,-0.494759321982495
"vm(ID, ginv)_Nr_502707",-0.611288098258914,0.88766373391899,-0.688648274003611
"vm(ID, ginv)_Nr_504996",-0.437294538849794,0.888867143804279,-0.4919683913371
"vm(ID, ginv)_Nr_502198",-0.85436994294091,0.894076888759924,-0.955588891382611
"vm(ID, ginv)_Nr_503062",-0.305916395669667,0.88774654259994,-0.34459880268723
"vm(ID, ginv)_Nr_502004",-0.35341847302423,0.891847926944419,-0.396276609886941
"vm(ID, ginv)_Nr_502178",-0.0172664605809172,0.866921440914782,-0.0199169841303008
"vm(ID, ginv)_Nr_503564",-0.775307626625458,0.876368565328747,-0.88468215006619
"vm(ID, ginv)_Nr_504230",-0.516693210460926,0.885274752989707,-0.583652937933647
"vm(ID, ginv)_Nr_501556",-0.468784926432521,0.879960290412032,-0.532734183053893
"vm(ID, ginv)_Nr_503064",-0.0618324678758975,0.87681458419763,-0.0705194336297226
"vm(ID, ginv)_Nr_503328",0.459844013065311,0.733551327639005,0.626873670238395
"vm(ID, ginv)_Nr_502102",-0.0884151327178479,0.902938130852866,-0.0979193697738026
"vm(ID, ginv)_Nr_500755",-0.561645487055411,0.88090249719856,-0.637579628666682
"vm(ID, ginv)_Nr_503642",-0.968558995190297,0.897174043244564,-1.07956644809693
"vm(ID, ginv)_Nr_501632",-0.418631223811432,0.889030833323377,-0.470884932355499
"vm(ID, ginv)_Nr_504984",-0.25034934113857,0.88846580337304,-0.281777126579464
"vm(ID, ginv)_Nr_501092",0.495415317036696,0.88774931009924,0.558057676193873
"vm(ID, ginv)_Nr_503050",-0.0994885590551742,0.884021064075229,-0.112540937199555
"vm(ID, ginv)_Nr_500781",-0.663206319189114,0.898348146254676,-0.738250890764458
"vm(ID, ginv)_Nr_503883",0.0991603183468362,0.88757846386258,0.111720058996597
"vm(ID, ginv)_Nr_503041",-0.854040998811378,0.889056546923319,-0.960614936999096
"vm(ID, ginv)_Nr_500260",-0.0729709897935246,0.884436859860306,-0.0825055954871104
"vm(ID, ginv)_Nr_504967",-0.455378157363146,0.888999356757202,-0.512236768116713
"vm(ID, ginv)_Nr_500021",0.10364184626763,0.889489015828041,0.116518410484415
"vm(ID, ginv)_Nr_503004",-0.587371680353233,0.896609469575835,-0.655103141651075
"vm(ID, ginv)_Nr_502525",-0.245126203503613,0.884531170459581,-0.277125568538474
"vm(ID, ginv)_Nr_504290",-0.729213812564835,0.890760768442471,-0.818641590872814
"vm(ID, ginv)_Nr_502312",-0.157688023091116,0.884253119104454,-0.178329054977853
"vm(ID, ginv)_Nr_500340",-0.691995784384944,0.887349280644505,-0.779845996925054
"vm(ID, ginv)_Nr_501370",-0.885804147308272,0.88447147014529,-1.001506749746
"vm(ID, ginv)_Nr_504371",-0.377122882046091,0.890678670650489,-0.423410702953813
"vm(ID, ginv)_Nr_504791",0.502937572896405,0.88107266050049,0.570824173128597
"vm(ID, ginv)_Nr_503832",-0.11153014531288,0.879987648419444,-0.126740580408373
"vm(ID, ginv)_Nr_504088",-0.0315032368231603,0.872568912547204,-0.0361040100903848
"vm(ID, ginv)_Nr_502819",-0.212375276618186,0.89544508884959,-0.23717286438081
"vm(ID, ginv)_Nr_500104",-0.601835452436903,0.888470325977922,-0.677383852718407
"vm(ID, ginv)_Nr_504924",-0.307094001048464,0.875061820830307,-0.35093977789715
"vm(ID, ginv)_Nr_504563",0.221709722129392,0.87856925089941,0.252353154748385
"vm(ID, ginv)_Nr_502882",-0.235608125656657,0.885198668452971,-0.266164121177928
"vm(ID, ginv)_Nr_503445",1.11656442596563,0.703500344973251,1.58715547752586
"vm(ID, ginv)_Nr_501862",-0.042541662228835,0.88560707049598,-0.0480367237865544
"vm(ID, ginv)_Nr_503556",-0.191398352738608,0.890604811529295,-0.214908285089938
"vm(ID, ginv)_Nr_501532",-0.272455894726268,0.890370049742565,-0.306002986965975
"vm(ID, ginv)_Nr_502732",-0.267698881879687,0.886011285999735,-0.302139358843073
"vm(ID, ginv)_Nr_501813",-1.20882875603213,0.888209974120314,-1.36097183239735
"vm(ID, ginv)_Nr_504250",-0.134557169870773,0.888972665171366,-0.151362550438865
"vm(ID, ginv)_Nr_500329",-0.448345132225665,0.896601716824102,-0.500049379577111
"vm(ID, ginv)_Nr_504733",-0.687598093549034,0.893300453168413,-0.769727689166864
"vm(ID, ginv)_Nr_500536",-0.843071142490161,0.871222279512133,-0.96768776730809
"vm(ID, ginv)_Nr_502643",0.153579644088196,0.853301298634369,0.1799829020933
"vm(ID, ginv)_Nr_503472",-0.409440736413139,0.890201430128742,-0.459941674497114
"vm(ID, ginv)_Nr_500634",-0.979378899352106,0.890736462413427,-1.09951589575496
"vm(ID, ginv)_Nr_502775",-0.284494769124245,0.886457218761849,-0.320934573155837
"vm(ID, ginv)_Nr_501400",-0.598205531644216,0.887240625642552,-0.674231447879189
"vm(ID, ginv)_Nr_501635",-0.276448964708204,0.893722799032561,-0.309322941081346
"vm(ID, ginv)_Nr_501573",0.937752498418327,0.739306042152179,1.26842260843487
"vm(ID, ginv)_Nr_504715",-0.281244362714661,0.879074079242048,-0.319932494150157
"vm(ID, ginv)_Nr_501828",0.294299790360707,0.886025479319345,0.332157254198594
"vm(ID, ginv)_Nr_501343",-0.090263449616579,0.887237301851548,-0.101735408811387
"vm(ID, ginv)_Nr_503892",0.189057650127058,0.881370254359369,0.2145042326899
"vm(ID, ginv)_Nr_503585",-0.0326888247771981,0.886413937677644,-0.0368776069370491
"vm(ID, ginv)_Nr_502401",-0.54909872493875,0.885794245294705,-0.619894211161944
"vm(ID, ginv)_Nr_503733",-0.392763003218787,0.884409602038653,-0.444096267513863
"vm(ID, ginv)_Nr_500279",-0.501352241345829,0.893583861687325,-0.561057851245368
"vm(ID, ginv)_Nr_504503",-0.54634545752522,0.896322060431201,-0.609541460200572
"vm(ID, ginv)_Nr_502548",0.436521713093749,0.889202517528563,0.490913717054031
"vm(ID, ginv)_Nr_504107",-0.515965192202318,0.891420791368949,-0.578812158296144
"vm(ID, ginv)_Nr_502744",-0.0366694023614878,0.885919936124817,-0.0413913276654398
"vm(ID, ginv)_Nr_503506",-0.1506227706193,0.860671733649955,-0.175006061812366
"vm(ID, ginv)_Nr_504844",-0.268459163818116,0.890746159242856,-0.301386832861911
"vm(ID, ginv)_Nr_500516",-0.098426527887693,0.888345602944491,-0.110797562977123
"vm(ID, ginv)_Nr_504725",0.0559209408285038,0.885453547638075,0.0631551378134646
"vm(ID, ginv)_Nr_502204",-0.228371274589899,0.888227140470474,-0.257109093141351
"vm(ID, ginv)_Nr_503630",-0.134943092353521,0.886175941279052,-0.1522757344989
"vm(ID, ginv)_Nr_500713",-0.452436807934869,0.886205946752074,-0.510532353786432
"vm(ID, ginv)_Nr_501287",-0.10922388001474,0.888465353750841,-0.122935440930396
"vm(ID, ginv)_Nr_503794",0.154498927880601,0.886104754181369,0.174357407689721
"vm(ID, ginv)_Nr_504480",-0.320630508077126,0.886534422580165,-0.361667296735038
"vm(ID, ginv)_Nr_504980",0.271437185125215,0.878414160325757,0.309008207500381
"vm(ID, ginv)_Nr_504753",-0.916366729258757,0.885207193083361,-1.03520027448812
"vm(ID, ginv)_Nr_502745",0.287982581164298,0.902335770559156,0.319152349447304
"vm(ID, ginv)_Nr_502524",-0.429846795321518,0.885469310642664,-0.485445164677181
"vm(ID, ginv)_Nr_503425",-1.06689678659858,0.893282567104094,-1.19435532035213
"vm(ID, ginv)_Nr_502094",-0.485217765533337,0.880404809001374,-0.551130298894789
"vm(ID, ginv)_Nr_503829",-0.987480122867652,0.874270841152374,-1.12948994337505
"vm(ID, ginv)_Nr_501986",-1.35987219168139,0.895767035728171,-1.51810921527822
"vm(ID, ginv)_Nr_503241",-0.706552471890032,0.861354312033939,-0.820280878633591
"vm(ID, ginv)_Nr_503322",-0.545433127966686,0.884511458858395,-0.616649024163752
"vm(ID, ginv)_Nr_500692",-1.2072041800111,0.882968801430163,-1.36721045868864
"vm(ID, ginv)_Nr_502888",-0.355275225927291,0.877724363749216,-0.404768559015185
"vm(ID, ginv)_Nr_500703",-0.74710659655089,0.892098705093451,-0.837470777936649
"vm(ID, ginv)_Nr_501436",-0.622986515400241,0.894831322446843,-0.696205530330269
"vm(ID, ginv)_Nr_502522",-0.00818826327851431,0.892288270211513,-0.00917670169145373
"vm(ID, ginv)_Nr_503546",-0.193857427555265,0.87722608616604,-0.220989127674633
"vm(ID, ginv)_Nr_504489",-0.0876351708838659,0.890844013143325,-0.0983731939496871
"vm(ID, ginv)_Nr_503427",-0.569016722000456,0.869076338895682,-0.654737330351779
"vm(ID, ginv)_Nr_504255",-0.315035959786668,0.896142128552107,-0.351546869351706
"vm(ID, ginv)_Nr_504537",-0.434691494718639,0.891372402364717,-0.487665417467994
"vm(ID, ginv)_Nr_500930",-0.728221724566175,0.889287220953401,-0.818882479594671
"vm(ID, ginv)_Nr_503591",0.100048906193707,0.879803722579644,0.113717302650592
"vm(ID, ginv)_Nr_504011",-0.593942586672227,0.875023663269903,-0.67877317106226
"vm(ID, ginv)_Nr_503805",-1.07377258646074,0.892250627177707,-1.2034427925898
"vm(ID, ginv)_Nr_503412",0.046411856215196,0.876890592315417,0.0529277615952591
"vm(ID, ginv)_Nr_503995",-0.462655809272201,0.882782334337592,-0.524088205298491
"vm(ID, ginv)_Nr_503432",-0.404029057125826,0.884486873691305,-0.456794859419063
"vm(ID, ginv)_Nr_504487",-0.695624798430957,0.876229485249527,-0.793884262217975
"vm(ID, ginv)_Nr_500036",-0.883839199609166,0.885110050186003,-0.998564189191424
"vm(ID, ginv)_Nr_504194",-1.00716390072915,0.88863874852765,-1.13337832994327
"vm(ID, ginv)_Nr_501046",-0.369369465451699,0.889652969087603,-0.415183760731458
"vm(ID, ginv)_Nr_500007",-0.164027158346296,0.887203712881891,-0.184881054897177
"vm(ID, ginv)_Nr_504848",-0.583607476048072,0.897673634678094,-0.65013324832399
"vm(ID, ginv)_Nr_501167",-0.453543662586335,0.882140328029575,-0.514140038920349
"vm(ID, ginv)_Nr_502426",-0.28546145762861,0.886031341038625,-0.322179864759621
"vm(ID, ginv)_Nr_503456",-1.80555884919224,0.893449881090266,-2.02088431305059
"vm(ID, ginv)_Nr_503813",-0.226764140705373,0.883878232598226,-0.256555860685451
"vm(ID, ginv)_Nr_501699",-0.467101239908247,0.888098097209733,-0.525956807447068
"vm(ID, ginv)_Nr_504424",-0.378438419590291,0.886901451171099,-0.426697260547478
"vm(ID, ginv)_Nr_504784",-0.928909903757663,0.895519210423771,-1.03728640652844
"vm(ID, ginv)_Nr_504650",0.0872489819340243,0.880905079847312,0.0990447029198052
"vm(ID, ginv)_Nr_504691",-0.014131391941096,0.891861038465395,-0.0158448360581056
"vm(ID, ginv)_Nr_502474",-0.336582850602355,0.861497871144791,-0.390694930162846
"vm(ID, ginv)_Nr_501192",-0.422695289850746,0.880188107108701,-0.480232902986207
"vm(ID, ginv)_Nr_504294",0.0844725151854848,0.894975471963072,0.0943852852192694
"vm(ID, ginv)_Nr_501147",-0.611734296628375,0.895189058815723,-0.683357655686342
"vm(ID, ginv)_Nr_500980",-0.623839561639623,0.889355875197849,-0.701450992833259
"vm(ID, ginv)_Nr_501681",-0.930754271010937,0.888892209303798,-1.04709464350006
"vm(ID, ginv)_Nr_500855",-0.277693411149669,0.890377048997713,-0.311882939325835
"vm(ID, ginv)_Nr_500001",-0.23537526198993,0.896715930712003,-0.262485870863295
"vm(ID, ginv)_Nr_502654",-0.246044776582414,0.888771329816593,-0.276836986441931
"vm(ID, ginv)_Nr_500868",-0.953084051497401,0.890904671001703,-1.06979352844316
"vm(ID, ginv)_Nr_501767",-0.715203527779825,0.892253334898736,-0.80157002479682
"vm(ID, ginv)_Nr_501736",0.313485910973141,0.887229247133286,0.353331353746556
"vm(ID, ginv)_Nr_502811",-1.13044914420302,0.88329838563243,-1.27980438161181
"vm(ID, ginv)_Nr_500752",0.018637532782177,0.885795065987139,0.0210404567578023
"vm(ID, ginv)_Nr_503930",0.0807965528526826,0.891661034582552,0.0906135288176062
"vm(ID, ginv)_Nr_500451",-0.195362830863419,0.88771825952202,-0.220073011642917
"vm(ID, ginv)_Nr_502761",-0.408764450849937,0.893000128157073,-0.457742880388521
"vm(ID, ginv)_Nr_502013",-0.742817007404764,0.87882030883328,-0.845243333521647
"vm(ID, ginv)_Nr_504976",0.651273385369001,0.881230101336016,0.739050316576361
"vm(ID, ginv)_Nr_503109",-0.510251218976248,0.882222098999872,-0.578370480125914
"vm(ID, ginv)_Nr_500848",-0.321306792454931,0.882001785194409,-0.364292678142493
"vm(ID, ginv)_Nr_503043",-0.380147874574715,0.88555375300406,-0.429277018233101
"vm(ID, ginv)_Nr_502935",-0.24041746710979,0.888403101247807,-0.270617545990228
"vm(ID, ginv)_Nr_504351",-0.264630405516533,0.887353725552245,-0.298224257019759
"vm(ID, ginv)_Nr_501698",0.133347270694697,0.894363150704064,0.149097456206377
"vm(ID, ginv)_Nr_500849",-0.524809469200106,0.893710839306509,-0.587225136048861
"vm(ID, ginv)_Nr_504847",-0.496800310561401,0.880559932555274,-0.5641868227183
"vm(ID, ginv)_Nr_504324",-0.180155833607967,0.882826951201433,-0.204066984319854
"vm(ID, ginv)_Nr_504159",-0.0939840999978471,0.885553264346286,-0.106130374966464
"vm(ID, ginv)_Nr_500802",-0.0193080153154903,0.878587163853844,-0.021976209202508
"vm(ID, ginv)_Nr_504136",-0.918186070507227,0.882442243500119,-1.04050557106756
"vm(ID, ginv)_Nr_503951",0.0983200164191493,0.887326987954922,0.110804717712637
"vm(ID, ginv)_Nr_500986",-0.419769247298155,0.892978113693426,-0.470077867375671
"vm(ID, ginv)_Nr_502885",-0.211961212557659,0.891225873162134,-0.237831080695184
"vm(ID, ginv)_Nr_501959",1.29073494427959,0.7093153727609,1.81969120344256
"vm(ID, ginv)_Nr_504939",-0.532947107602604,0.875376152280609,-0.608820683787332
"vm(ID, ginv)_Nr_500175",-0.86402098414425,0.877680771135904,-0.984436497367972
"vm(ID, ginv)_Nr_500314",-0.164123594811523,0.877288653845993,-0.187080494079129
"vm(ID, ginv)_Nr_503298",-0.0539395878675296,0.887319536656735,-0.0607893612607298
"vm(ID, ginv)_Nr_504409",-0.349263346262916,0.886809425813544,-0.393842618375992
"vm(ID, ginv)_Nr_501243",-0.36068868267909,0.890019311328491,-0.405259389417862
"vm(ID, ginv)_Nr_500396",-0.587748962939634,0.883198006256053,-0.665478136019746
"vm(ID, ginv)_Nr_503694",-0.0828290408677081,0.889853587383642,-0.0930816507817236
"vm(ID, ginv)_Nr_503203",0.0168877159217653,0.893612205601962,0.0188982601355465
"vm(ID, ginv)_Nr_500356",-0.556508683372402,0.869323544006945,-0.640162902763802
"vm(ID, ginv)_Nr_503034",-0.625042033019394,0.881858211599627,-0.708778378199386
"vm(ID, ginv)_Nr_503409",-0.147671998678452,0.88932785622492,-0.166048997166579
"vm(ID, ginv)_Nr_500476",0.177542275579569,0.893118741988333,0.198789105225034
"vm(ID, ginv)_Nr_504951",-0.92208286134193,0.879285484668249,-1.04867290250996
"vm(ID, ginv)_Nr_504640",-0.0107813551987505,0.89418508786664,-0.0120571851902303
"vm(ID, ginv)_Nr_502831",-0.324597860227929,0.886372893636786,-0.366209145787508
"vm(ID, ginv)_Nr_500261",-0.37112187198297,0.893221896901105,-0.415486760087857
"vm(ID, ginv)_Nr_503154",0.0721382794663176,0.880673753161589,0.081912602944443
"vm(ID, ginv)_Nr_504534",0.00465554465084175,0.884563435724142,0.00526309867989345
"vm(ID, ginv)_Nr_504469",0.395566288010684,0.882776553470828,0.448093332854649
"vm(ID, ginv)_Nr_503879",-1.18138626595319,0.867164828387724,-1.36235491486628
"vm(ID, ginv)_Nr_501668",-0.0867428344730078,0.889194772150107,-0.0975521192767028
"vm(ID, ginv)_Nr_501950",-0.205917247533745,0.877083112556768,-0.234775068161419
"vm(ID, ginv)_Nr_501019",-0.732831149750004,0.899639327323239,-0.814583275200349
"vm(ID, ginv)_Nr_501348",-0.453636383402947,0.889053312960366,-0.510246547411684
"vm(ID, ginv)_Nr_502658",-0.0136468025960331,0.880153708303165,-0.0155050219834245
"vm(ID, ginv)_Nr_502993",1.08291723884053,0.717957770302097,1.50832999325973
"vm(ID, ginv)_Nr_501746",-1.21006797554894,0.888340189361658,-1.362167320628
"vm(ID, ginv)_Nr_501683",-0.541149775685746,0.893547798910986,-0.605619281190413
"vm(ID, ginv)_Nr_501806",0.265782807909298,0.883616571705762,0.300789750237733
"vm(ID, ginv)_Nr_502560",-0.0868691959920343,0.88051468181533,-0.0986572941781491
"vm(ID, ginv)_Nr_500985",-0.202808904288585,0.892151541796755,-0.227325622147261
"vm(ID, ginv)_Nr_500768",-0.494421924148608,0.87922127532499,-0.562340719025314
"vm(ID, ginv)_Nr_504576",-0.336047612772518,0.882067959918185,-0.380977008623789
"vm(ID, ginv)_Nr_502603",-0.180383884280107,0.887357142829898,-0.203282168558241
"vm(ID, ginv)_Nr_504775",-0.341693490285316,0.88613577755953,-0.38559947463848
"vm(ID, ginv)_Nr_500966",-0.331384474972314,0.901346961348238,-0.36765473139958
"vm(ID, ginv)_Nr_503706",-0.351036323240708,0.891024893138585,-0.393969153885479
"vm(ID, ginv)_Nr_503725",-0.225243282249478,0.8789020744894,-0.256278018663607
"vm(ID, ginv)_Nr_502515",-0.703045614834403,0.879460778514003,-0.799405308355327
"vm(ID, ginv)_Nr_502464",-0.255737237198295,0.882866764125253,-0.289666853017941
"vm(ID, ginv)_Nr_501024",0.184541930500513,0.885628237217823,0.208374036356662
"vm(ID, ginv)_Nr_503921",-0.10025721102729,0.88078857290203,-0.113826648201125
"vm(ID, ginv)_Nr_502826",0.240865552781437,0.889405743293984,0.270816277719742
"vm(ID, ginv)_Nr_503520",-0.799737438289642,0.890513609147697,-0.898063129046466
"vm(ID, ginv)_Nr_504698",-0.0974603736105909,0.881803937187644,-0.110523858536426
"vm(ID, ginv)_Nr_503010",-0.396929020287868,0.894856062895481,-0.443567448158675
"vm(ID, ginv)_Nr_503769",-0.00618337176643883,0.871232458588147,-0.00709726974183116
"vm(ID, ginv)_Nr_501415",-0.169746377501147,0.878321046665544,-0.193262336301256
"vm(ID, ginv)_Nr_500792",-0.00245933018477637,0.883203731469384,-0.00278455592650723
"vm(ID, ginv)_Nr_501919",0.0244796371739942,0.887768335863791,0.0275743526605685
"vm(ID, ginv)_Nr_504752",-0.0918330716044651,0.891495275120536,-0.103010160757216
"vm(ID, ginv)_Nr_500769",-0.373624258659244,0.894551237452811,-0.417666694781084
"vm(ID, ginv)_Nr_500961",-0.0959221460948673,0.887068661727797,-0.108133846040772
"vm(ID, ginv)_Nr_500422",-0.51879163379004,0.886813399294052,-0.585006534861814
"vm(ID, ginv)_Nr_503434",-0.246217207162008,0.889472116267754,-0.276812732697165
"vm(ID, ginv)_Nr_502128",-0.0807169619124679,0.875732974228144,-0.092170746435134
"vm(ID, ginv)_Nr_504326",-0.364709594824362,0.889888778745793,-0.409837278022971
"vm(ID, ginv)_Nr_501191",-0.229535058211898,0.883492855778044,-0.259804090899817
"vm(ID, ginv)_Nr_504174",-0.0314262895608539,0.864226023088564,-0.0363635076024937
"vm(ID, ginv)_Nr_503541",-0.825432428498246,0.883413591625936,-0.934366910723011
"vm(ID, ginv)_Nr_500410",-0.513137963895253,0.884504788948312,-0.580141532648321
"vm(ID, ginv)_Nr_504141",-0.618834591627773,0.880442848654607,-0.702867417883404
"vm(ID, ginv)_Nr_503900",-0.270944080973275,0.879474905065705,-0.308074828983361
"vm(ID, ginv)_Nr_503539",-0.728673221568563,0.875669848197545,-0.832132364804435
"vm(ID, ginv)_Nr_502641",-0.539072712209875,0.89421536195474,-0.602844387543814
"vm(ID, ginv)_Nr_502297",0.247206203119682,0.886966623780727,0.278709701686358
"vm(ID, ginv)_Nr_502675",-0.804555613505723,0.891987004477469,-0.901981317515984
"vm(ID, ginv)_Nr_504473",-0.0115311891868529,0.879356686304597,-0.0131132103348319
"vm(ID, ginv)_Nr_500425",-0.651334923565174,0.882672157291625,-0.737912619294255
"vm(ID, ginv)_Nr_504458",-0.764533908966562,0.884882573190828,-0.863994762841473
"vm(ID, ginv)_Nr_504699",-0.0858213937804215,0.880015057596517,-0.0975226424134327
"vm(ID, ginv)_Nr_504076",-0.0652509884934167,0.886041532817061,-0.0736432617170428
"vm(ID, ginv)_Nr_503555",-1.27319509038343,0.876223984977663,-1.4530475223363
"vm(ID, ginv)_Nr_502750",-0.571507474349242,0.888753101834051,-0.643044140346589
"vm(ID, ginv)_Nr_502495",-0.532067931535165,0.88425684016886,-0.601711977069422
"vm(ID, ginv)_Nr_501496",0.0382315512244854,0.883604751190835,0.0432677067127137
"vm(ID, ginv)_Nr_501469",-0.243283458836066,0.879841181731051,-0.276508378884262
"vm(ID, ginv)_Nr_504171",-0.272160929784051,0.891104488286748,-0.305419772160852
"vm(ID, ginv)_Nr_500389",-0.136922202306976,0.9046153825478,-0.151359577726107
"vm(ID, ginv)_Nr_504450",-0.146248254343763,0.894189024596442,-0.16355407002425
"vm(ID, ginv)_Nr_503384",0.0217707065635498,0.8857679255774,0.024578341498828
"vm(ID, ginv)_Nr_501988",-0.593346506258131,0.886005214768086,-0.669687374710814
"vm(ID, ginv)_Nr_504693",0.0355906367706981,0.875521726483255,0.0406507750683201
"vm(ID, ginv)_Nr_500091",-0.410545001361438,0.876451248477675,-0.468417384394764
"vm(ID, ginv)_Nr_504761",-0.843270246915094,0.887647769885282,-0.950005481367994
"vm(ID, ginv)_Nr_500492",-1.02011036673864,0.878288083534233,-1.16147581398772
"vm(ID, ginv)_Nr_503164",0.053893217216836,0.87660628280041,0.0614793873535431
"vm(ID, ginv)_Nr_503732",-0.505907254399466,0.889266910686078,-0.568903720941504
"vm(ID, ginv)_Nr_503498",0.111155923774062,0.886339237178548,0.125410135432908
"vm(ID, ginv)_Nr_500157",0.383318423666727,0.710605203947322,0.539425297672241
"vm(ID, ginv)_Nr_503449",-0.68002150166583,0.880989085092806,-0.771884139284421
"vm(ID, ginv)_Nr_503405",-0.251125438340962,0.88496109474334,-0.283770032188584
"vm(ID, ginv)_Nr_502987",-0.233008680853458,0.884147909175398,-0.263540385534332
"vm(ID, ginv)_Nr_500611",0.0259901237759236,0.894926781108323,0.0290416203029885
"vm(ID, ginv)_Nr_503166",-0.611539758378248,0.888109871725683,-0.688585700764667
"vm(ID, ginv)_Nr_500224",-0.0892841211100619,0.888700862254549,-0.100465887794411
"vm(ID, ginv)_Nr_501588",-0.105821544858284,0.899899949940621,-0.117592566668402
"vm(ID, ginv)_Nr_503208",0.0608541355466484,0.886091656401083,0.0686770212844699
"vm(ID, ginv)_Nr_501766",-0.339056838782553,0.879565714462946,-0.385482100094793
"vm(ID, ginv)_Nr_502481",0.599648568240494,0.883391758199818,0.678802538822031
"vm(ID, ginv)_Nr_500333",-0.122563697137726,0.884767891844585,-0.138526384453444
"vm(ID, ginv)_Nr_502012",-0.346915152453063,0.882991446161767,-0.392886198344335
"vm(ID, ginv)_Nr_503250",0.293392993282648,0.879605346658139,0.333550716122097
"vm(ID, ginv)_Nr_502630",-0.401346992854214,0.882459315212736,-0.454805095187261
"vm(ID, ginv)_Nr_504696",-0.49712670270262,0.887690110876638,-0.560022801438762
"vm(ID, ginv)_Nr_501738",-0.783978440879675,0.884971869532455,-0.885879504050071
"vm(ID, ginv)_Nr_504284",-0.313269818441678,0.865058151685342,-0.362137294274786
"vm(ID, ginv)_Nr_500196",-0.0147271682799306,0.886369226419121,-0.0166151619900292
"vm(ID, ginv)_Nr_504138",-0.797907451397047,0.888808756173551,-0.897726812269664
"vm(ID, ginv)_Nr_504861",0.0714778582663885,0.867800033447711,0.0823667383169044
"vm(ID, ginv)_Nr_501334",-0.512592320327475,0.882352505064884,-0.580938250172227
"vm(ID, ginv)_Nr_500395",-0.123922275870225,0.88565987830999,-0.139920841967791
"vm(ID, ginv)_Nr_504593",-1.1085123061791,0.884215798966385,-1.25366715622466
"vm(ID, ginv)_Nr_502612",-0.444145556042015,0.89167164274874,-0.498104385906964
"vm(ID, ginv)_Nr_503737",-0.934113353375681,0.882239062586137,-1.05879845156423
"vm(ID, ginv)_Nr_500973",-0.722003115537046,0.891457899931499,-0.809912745843101
"vm(ID, ginv)_Nr_500205",-0.118119815885409,0.894191837942682,-0.132096727875725
"vm(ID, ginv)_Nr_504710",-0.643108111261413,0.924481714043044,-0.695641786627561
"vm(ID, ginv)_Nr_501914",-0.833931426249056,0.883020434283741,-0.94440784592431
"vm(ID, ginv)_Nr_500413",-0.385214058752133,0.893029678414207,-0.431356390569432
"vm(ID, ginv)_Nr_503228",-0.650851349990232,0.896416840757558,-0.726058815941253
"vm(ID, ginv)_Nr_503754",-0.165641498906549,0.888691842424567,-0.186388004254251
"vm(ID, ginv)_Nr_500488",-0.938563795470601,0.875804420531969,-1.07165912099474
"vm(ID, ginv)_Nr_501407",-0.80754380614707,0.892003894160498,-0.905314216040596
"vm(ID, ginv)_Nr_500074",-0.345458225130607,0.888544939909786,-0.388790943050873
"vm(ID, ginv)_Nr_504588",-0.668390265575075,0.895179071752435,-0.746655375071057
"vm(ID, ginv)_Nr_503605",0.284803677992979,0.878931282025062,0.32403406707381
"vm(ID, ginv)_Nr_504414",1.05180225708553,0.856155999817732,1.22851706617655
"vm(ID, ginv)_Nr_501082",-1.13828014102615,0.887153973969097,-1.28306942698292
"vm(ID, ginv)_Nr_500773",-0.736063805659841,0.885751384313789,-0.831004973511936
"vm(ID, ginv)_Nr_501603",-0.23141118545176,0.894474237326765,-0.258711962619916
"vm(ID, ginv)_Nr_504495",-0.0492624089545336,0.881953035331668,-0.0558560455954527
"vm(ID, ginv)_Nr_504740",-0.600256485756525,0.891045111211601,-0.673654429168378
"vm(ID, ginv)_Nr_501672",-0.495078449575785,0.879024420874107,-0.563213532888513
"vm(ID, ginv)_Nr_502201",-0.150478228821756,0.894680930463738,-0.168192060094271
"vm(ID, ginv)_Nr_503007",-0.626234538669079,0.889887447869575,-0.703723308119817
"vm(ID, ginv)_Nr_501845",-0.0950235793726831,0.892102002283953,-0.106516496016604
"vm(ID, ginv)_Nr_503557",0.433189190478675,0.757485320932046,0.571878000151419
"vm(ID, ginv)_Nr_504945",-0.743569686205668,0.882916131018762,-0.842174766189504
"vm(ID, ginv)_Nr_503108",-0.854673238055449,0.867358924507443,-0.985374351847249
"vm(ID, ginv)_Nr_502040",-0.159558795985291,0.885593211010943,-0.180171656694553
"vm(ID, ginv)_Nr_500225",-0.0820180159077697,0.870150008830611,-0.0942573292827901
"vm(ID, ginv)_Nr_504069",-0.140141007313173,0.88823548442445,-0.157774610191328
"vm(ID, ginv)_Nr_504957",-0.82385969887374,0.879170092291472,-0.937087949302766
"vm(ID, ginv)_Nr_504759",-0.169157342597365,0.893529925646661,-0.18931357276584
"vm(ID, ginv)_Nr_501231",-0.227602647545081,0.893392235939405,-0.254762285129729
"vm(ID, ginv)_Nr_502754",-0.907040393321517,0.879082031536705,-1.03180404192307
"vm(ID, ginv)_Nr_502340",-0.273441091251911,0.886567923890185,-0.308426555804179
"vm(ID, ginv)_Nr_500117",-0.524669104896989,0.892930215246449,-0.587581309198032
"vm(ID, ginv)_Nr_500627",0.0556831318067768,0.89133851532323,0.0624713628430879
"vm(ID, ginv)_Nr_500407",-0.583060063479019,0.878225853417078,-0.663906740174406
"vm(ID, ginv)_Nr_504648",-0.381982519899272,0.883369517303287,-0.432415328372855
"vm(ID, ginv)_Nr_504952",-0.171799216161692,0.867964119927921,-0.197933546119348
"vm(ID, ginv)_Nr_502031",-0.253960044289703,0.888782104404081,-0.285739376424529
"vm(ID, ginv)_Nr_502275",-0.840817629027537,0.882881288111409,-0.952356381712595
"vm(ID, ginv)_Nr_500796",-0.631038408179298,0.886989167332222,-0.711438686536903
"vm(ID, ginv)_Nr_504949",0.502672252476372,0.886903695478799,0.566772080259517
"vm(ID, ginv)_Nr_502321",-0.712653693058939,0.887383501849912,-0.80309549543493
"vm(ID, ginv)_Nr_500954",-0.413178650402394,0.895022159898762,-0.461640693286443
"vm(ID, ginv)_Nr_500532",0.194753358789178,0.892874898357746,0.218119424285961
"vm(ID, ginv)_Nr_500208",0.0336155715547785,0.872079695538407,0.0385464444668957
"vm(ID, ginv)_Nr_500766",-0.22385247946697,0.893270415805877,-0.250598783421052
"vm(ID, ginv)_Nr_504536",-0.361855321673356,0.887836625200074,-0.407569716547582
"vm(ID, ginv)_Nr_500955",-0.785084862483339,0.882991597309149,-0.88911929046191
"vm(ID, ginv)_Nr_501374",-0.293899827524305,0.886683710002529,-0.3314595996395
"vm(ID, ginv)_Nr_502906",-0.137001879657062,0.886139904958744,-0.154605247873857
"vm(ID, ginv)_Nr_504295",-0.113621242841135,0.890243235642561,-0.127629436868594
"vm(ID, ginv)_Nr_504196",-0.101595922949117,0.885114580012141,-0.114782792243376
"vm(ID, ginv)_Nr_500517",-0.983807972834118,0.878567767392094,-1.11978609886226
"vm(ID, ginv)_Nr_502552",-0.804837083948065,0.883407798295316,-0.911059519172385
"vm(ID, ginv)_Nr_504367",-0.239456513390812,0.885543905633086,-0.270406144593837
"vm(ID, ginv)_Nr_502428",-0.162018418379403,0.891800646034385,-0.18167560104364
"vm(ID, ginv)_Nr_503248",-0.240669445763839,0.878857944132167,-0.273843397981103
"vm(ID, ginv)_Nr_503708",0.368692896448509,0.882597771129024,0.417736038441242
"vm(ID, ginv)_Nr_502673",-0.27504173370044,0.889523696779222,-0.309201131680144
"vm(ID, ginv)_Nr_503641",-0.334975727492558,0.886804753834259,-0.37773334665182
"vm(ID, ginv)_Nr_501898",-0.119777123836076,0.875852205218018,-0.136754949205455
"vm(ID, ginv)_Nr_504632",-0.388771949610443,0.893640936455003,-0.435042681854603
"vm(ID, ginv)_Nr_500575",-0.485745227612978,0.883917448118768,-0.549536869813787
"vm(ID, ginv)_Nr_502458",0.0669883115701882,0.896153670658549,0.0747509202533993
"vm(ID, ginv)_Nr_500374",-0.333888871498078,0.893512924055764,-0.373681076690548
"vm(ID, ginv)_Nr_502188",-1.44619078941584,0.885517448017695,-1.63315899946778
"vm(ID, ginv)_Nr_501778",0.206438824937979,0.884353054426855,0.233434852635603
"vm(ID, ginv)_Nr_501533",-0.76283922756574,0.896198321420264,-0.851194662311819
"vm(ID, ginv)_Nr_500327",-0.199042386790484,0.882346533750559,-0.225583009823161
"vm(ID, ginv)_Nr_504293",-0.31217812083609,0.873506443159266,-0.357385023637623
"vm(ID, ginv)_Nr_502880",-0.260489943897301,0.887780635132842,-0.293417014956992
"vm(ID, ginv)_Nr_502573",-0.760972777976916,0.882849427825622,-0.861950808362783
"vm(ID, ginv)_Nr_503408",0.0433324601731755,0.895939759120643,0.0483653724840897
"vm(ID, ginv)_Nr_504154",-0.0577514235120895,0.885860722391568,-0.0651924417149654
"vm(ID, ginv)_Nr_504258",-0.625465271741489,0.889503227296909,-0.703162453544099
"vm(ID, ginv)_Nr_503678",0.0584856338168317,0.89884962968844,0.0650672057762365
"vm(ID, ginv)_Nr_501240",-1.13024326998846,0.88711684416521,-1.27406358860431
"vm(ID, ginv)_Nr_502809",-0.329150255676054,0.888820580567119,-0.370322495757285
"vm(ID, ginv)_Nr_501687",-0.214377088436066,0.895739510811012,-0.239329722367574
"vm(ID, ginv)_Nr_504912",-0.219660546114828,0.880478807970726,-0.249478515696577
"vm(ID, ginv)_Nr_501626",-0.0826275790082693,0.878397161714449,-0.0940663091932098
"vm(ID, ginv)_Nr_500263",-0.26664473745789,0.881330054183718,-0.302548104642652
"vm(ID, ginv)_Nr_500599",-0.900121021782567,0.880304083612216,-1.02251146909263
"vm(ID, ginv)_Nr_504179",-0.159514752195708,0.891435526398042,-0.178941434878916
"vm(ID, ginv)_Nr_504361",0.0982761482778893,0.888904676275194,0.110558703200549
"vm(ID, ginv)_Nr_500412",-0.0836690719449501,0.882292060457242,-0.0948314914015992
"vm(ID, ginv)_Nr_503191",-0.310251072130444,0.880049777841568,-0.352538094937508
"vm(ID, ginv)_Nr_501755",-1.09236229262729,0.88961204747089,-1.22790860997533
"vm(ID, ginv)_Nr_503528",-0.025325060786437,0.883026949793074,-0.0286798277134934
"vm(ID, ginv)_Nr_501477",0.0716304118398239,0.895607511981529,0.0799796907479503
"vm(ID, ginv)_Nr_502545",-0.524830906505104,0.899166952897302,-0.583685715777242
"vm(ID, ginv)_Nr_500833",-0.469040092178732,0.89151033212235,-0.526118515151838
"vm(ID, ginv)_Nr_503447",-1.5780948389182,0.884122329386904,-1.78492815582719
"vm(ID, ginv)_Nr_502753",-0.399695138631292,0.878015062044649,-0.455225833712368
"vm(ID, ginv)_Nr_502211",-0.462722658054371,0.890335758806169,-0.519717032004673
"vm(ID, ginv)_Nr_501606",-0.718925273075652,0.895130046048418,-0.803151761299235
"vm(ID, ginv)_Nr_504129",-1.08292670820924,0.883524358630242,-1.22568970241877
"vm(ID, ginv)_Nr_502100",-0.413271178256369,0.878387631885957,-0.470488384916177
"vm(ID, ginv)_Nr_500125",-0.697671679684542,0.886714748744286,-0.786805092249277
"vm(ID, ginv)_Nr_503078",-0.39974641314681,0.878628597708993,-0.454966312488737
