"","Np2_504874","Np2_502608","Np2_502088","Np2_504486","Np2_503781","Np2_503215","Np2_504775","Np2_500768","Np2_500791","Np2_501583","Np2_500447","Np2_502581","Np2_504004","Np2_504229","Np2_502468","Np2_504115","Np2_500396","Np2_501060","Np2_502491","Np2_500307","Np2_501264","Np2_504474","Np2_504469","Np2_503140","Np2_502305","Np2_500333","Np2_503176","Np2_500770","Np2_502254","Np2_502635","Np2_500404","Np2_500888","Np2_502194","Np2_503329","Np2_503695","Np2_500066","Np2_503265","Np2_503213","Np2_504328","Np2_500174","Np2_504262","Np2_502483","Np2_503374","Np2_500045","Np2_503856","Np2_502991","Np2_501830","Np2_500500","Np2_503262","Np2_503254","Np2_500757","Np2_504574","Np2_501930","Np2_500694","Np2_500060","Np2_503014","Np2_500537","Np2_500774","Np2_500870","Np2_503257","Np2_501804","Np2_500385","Np2_502415","Np2_502808","Np2_501816","Np2_502510","Np2_500502","Np2_502880","Np2_501725","Np2_504132","Np2_504805","Np2_501305","Np2_503907","Np2_504439","Np2_504876","Np2_501763","Np2_504598","Np2_503564","Np2_504399","Np2_500671","Np2_504022","Np2_502391","Np2_502786","Np2_501095","Np2_503595","Np2_502521","Np2_500184","Np2_500348","Np2_500483","Np2_502689","Np2_503640","Np2_501875","Np2_504464","Np2_500933","Np2_504528","Np2_504727","Np2_504907","Np2_502454","Np2_503192","Np2_502587"
"Np2_504874",1.00313195,-0.02510759,-0.02679538,-0.02258322,-0.00056132,-0.02915994,-0.02157957,-0.02006199,-0.01696902,0.01127532,0.01318371,-0.0214793,0.03765845,-0.01526285,-0.01087733,-0.02277181,0.00260464,-0.02559107,0.00368733,-0.01030254,0.00740835,-0.01182317,-0.01214705,-0.00939472,-0.00267046,-0.01647327,0.01209191,0.00109009,0.0060504,-0.00131861,-0.02011674,-0.01744193,-0.00595047,0.05702675,-0.01335748,0.0085914,-0.03058783,-0.0199008,-0.0104318,-0.00561593,-0.00519167,-0.02848022,-0.02202973,-0.01559739,-0.01265496,-0.0171591,-0.01933361,-0.00234351,-0.00199681,-0.00898566,0.02928726,-0.01519443,-0.01590607,-0.01832238,-0.01540425,0.00303346,-0.01758637,-0.03151085,-0.01233866,-0.01265343,-0.005733,-0.01202997,-0.0090632,0.00328893,-0.00768095,-0.00599303,-0.02261514,-0.01383194,-0.02092424,0.01054693,-0.00069819,-0.01233724,-0.00669559,-0.01531457,-0.02598334,0.01575058,-0.02845744,-0.02999323,-0.00241498,-0.0276576,0.005947,-0.03831419,-0.00630172,-0.02430766,0.00546648,0.02641784,-0.008125,-0.01949784,-0.02293902,-0.00134598,-0.02592864,-0.01876948,-0.01144455,-0.01284505,-0.01636989,-0.00449978,-0.01300776,-0.01016265,-0.01646722,-0.03262857
"Np2_502608",-0.02510759,1.06612874,-0.02875561,-0.03290698,-0.03597558,-0.02214838,-0.00666062,0.00489322,-0.02014571,-0.01151757,-0.03196263,-0.01507594,0.0020922,-3.975e-05,-0.01557465,-0.02549233,0.01554684,-0.01219276,-0.04267557,-0.02093036,-0.00838963,-0.01302301,-0.00665606,-0.01074661,-0.02181385,-0.0088534,0.01454172,-0.00984181,-0.02525808,-0.00981749,-0.01584229,-0.02107481,-0.02129226,-0.00651922,-0.02200848,-0.00887925,-0.00015836,-0.01745112,-0.02440505,-0.02475936,0.00379683,-0.02952806,0.01600307,0.00768512,-0.01887293,-0.00497728,-0.00395845,-0.02407199,-0.01916337,-0.01079374,-0.02391841,-0.03525029,-0.01284813,-0.01191903,-0.00763232,-0.02462551,-0.0057087,-0.02373898,-0.02098965,-0.00488148,-0.00069819,-0.01839999,-0.02288435,0.0057387,-0.01253032,0.01166311,0.00857471,-0.0115343,-0.00904654,-0.01574344,-0.00554752,0.00288599,-0.02523078,-0.01560203,0.0012528,-0.02255292,-0.01855664,0.03297796,0.10876077,0.00109922,-0.00696172,-0.01031778,-0.02985497,-0.01486302,-0.00713811,-0.02405073,0.01226837,0.01184409,-0.0250513,-0.00908456,-0.01420305,-0.00750005,0.00317034,-0.01799856,-0.01376813,0.0072259,-0.01223076,-0.00467164,-0.01052004,-0.03063513
"Np2_502088",-0.02679538,-0.02875561,0.99537864,-0.03064106,-0.0268668,-0.00939014,-0.01230215,-0.04393446,-0.01407828,-0.01153273,-0.00734337,0.00254838,-0.02270944,-0.01495719,-0.00372881,-0.00923658,-0.00560527,-0.01829046,-0.00710767,-0.01744801,-0.02011373,0.01053171,-0.02415856,-0.02247067,-0.01164069,-0.01586349,-0.00904345,-0.01046523,-0.0121957,-0.02336632,-0.02847871,-0.02078579,0.00135011,0.00061261,-0.02019881,-0.01497697,-0.01705263,0.0024541,-0.00069819,-0.02477445,-0.02815176,0.01668421,-0.01320849,-0.01513966,-0.00246516,0.0023066,-0.02374192,-0.00599152,-0.0170496,-0.01354605,-0.01785096,-0.02857452,0.01116278,-0.02349102,-0.02118114,-0.02372821,-0.02625245,-0.02831598,-0.01431396,0.22715227,-0.02245847,-0.00853098,-0.00875754,0.00405077,-0.01832388,-0.01617976,0.00840739,-0.0159593,-0.00069819,-0.00633062,-0.01027667,0.0062162,-0.01825093,0.00780066,-0.00773417,-0.00781782,-0.03681941,-0.01387296,-0.01457855,-0.03100147,-0.02370391,-0.00440246,-0.00675639,-0.01350958,-0.00274344,-0.01478994,0.02457028,0.00513803,0.0147743,-0.02263341,-0.00539848,-0.00690696,-0.00551253,-0.02029464,0.0002066,-0.01042876,-0.01026908,-0.01898083,-0.01859459,-0.0146835
"Np2_504486",-0.02258322,-0.03290698,-0.03064106,1.00015412,-0.00090955,-0.02038435,-0.01067508,-0.00930955,-0.01686105,-0.01340311,-0.01681693,-0.01772178,-0.01652045,-0.00709551,-0.0055992,-0.01703747,-0.02420266,-0.00875605,-0.00639297,-0.01308378,-0.00206372,-0.02646538,-0.01812164,-0.00472484,-0.0297819,0.00188234,-0.00635192,0.00469552,-0.01284958,-0.02097893,-0.0198567,-0.01961491,-0.01922411,-0.01022954,-0.02982445,-0.01000449,-0.01329666,-0.00108899,-0.00849907,0.00756953,-0.02150658,-0.02274589,-0.01568714,-0.01503322,-0.01117842,-0.00853556,-0.00021766,-0.01059905,-0.02089681,-0.0084215,-0.00329847,0.00498596,-0.00515365,-0.00407248,0.00660087,-0.0038535,0.01430288,-0.00387935,-0.0180091,-0.01102482,-0.0158133,-0.00431882,-0.00560983,-0.00739964,-0.02353967,0.00232636,-0.02113859,-0.00110268,-0.01716673,-0.01124229,0.00503614,-0.01998459,0.02139215,-0.02068089,0.00727452,0.01144869,-0.00462751,-0.0146789,-0.02694134,-0.0200985,-0.01553809,-0.00581665,0.00125736,-0.00899328,-0.01373765,-0.02030986,-0.00619226,-0.0070727,-0.01370723,0.00727757,0.04017507,-0.00710464,-0.00571021,0.0172195,-0.02371306,-0.02492045,-0.01168327,-0.02526107,-0.01058082,0.00321442
"Np2_503781",-0.00056132,-0.03597558,-0.0268668,-0.00090955,0.97819908,0.000421,-0.01465608,-0.00234199,-0.00122584,-0.01951301,-0.00452714,0.00384397,-0.00742396,-0.0036254,-0.00699513,-0.01371941,-0.01084842,-0.00178848,-0.00611621,0.00620094,-0.00589268,-0.0219308,0.00405228,-0.02786586,0.02447745,-0.01639265,-0.01170151,-0.0030871,-0.02093629,-0.0220707,0.00201311,-0.02511653,-0.00693431,-0.00341403,-0.01206036,-0.01474581,-0.0075456,-0.01388969,-0.00730991,0.00191579,-0.00876058,-0.00680657,-0.01495417,-0.00654502,-0.02337085,-0.01053974,0.01009529,0.00108248,-0.0203159,-0.00981744,-0.01701154,-0.01587414,0.01854088,0.00137444,0.00718174,-0.01832689,-0.00032259,-0.00512323,-0.02351073,-0.02154455,0.00970599,-0.01073285,-0.01612956,-0.01198891,0.01277616,-0.00347942,-0.01356276,-0.00128211,0.00713615,-0.0210017,-0.02981377,-0.01651444,-0.02379819,-0.01538601,-0.00871953,-0.01777495,-0.00876059,-0.01607483,-0.01951755,-0.01145821,0.00830854,-0.01648845,-0.01306397,-0.01692796,-0.02273674,-0.01744799,-0.03252665,-0.00116958,-0.01267014,0.0063378,-0.01261846,-0.01382281,-0.01638204,-0.01352475,-0.00792577,-0.01764873,-0.0260046,-0.00430361,-0.00285293,-0.0146044
"Np2_503215",-0.02915994,-0.02214838,-0.00939014,-0.02038435,0.000421,0.98410911,-0.01527499,-0.01831931,-0.00138856,-0.02378143,0.03575905,0.00596222,-0.00834699,-0.01884241,-0.02555753,0.00619031,-0.01876636,-0.01289979,-0.0134259,-0.01677131,-0.00635953,-0.00597479,-0.00097645,-0.02088159,-0.02586622,-0.02400647,0.00486278,-0.02043298,-0.0045241,-0.0152385,-0.02476073,-0.01204973,-0.00846559,0.00311405,-0.00279514,-0.01490852,-0.0256518,-0.01542097,-0.00275864,-0.01603837,-0.01242076,-0.01654928,-0.0087302,-0.00914075,-0.00969579,-0.01024627,-0.01880743,-0.00181737,-0.00953004,-0.00876364,-0.01246029,0.0067727,0.01944263,-0.0120178,-0.01700698,-0.01347152,-0.01356274,-0.01121641,-0.01120424,-0.02201139,-0.0345551,0.01100158,0.01047087,0.0003176,0.00303346,-0.03511924,-0.02011214,-0.02471056,-0.0278492,-0.00854314,-0.00777522,-0.01089869,-0.01590152,-0.00277537,0.00951744,-0.00501224,-0.01530998,-0.01350039,-0.00477805,-0.02211332,-0.00158624,-0.00509434,0.0042606,-0.01648242,-0.00328326,-0.00529355,-0.01976395,-0.00543801,-0.01070396,-0.01830717,-0.00867545,0.00639103,-0.01380761,0.0053205,0.0104633,-0.02191717,0.00880732,-0.01556698,-0.02141536,0.01442911
"Np2_504775",-0.02157957,-0.00666062,-0.01230215,-0.01067508,-0.01465608,-0.01527499,0.98117386,-0.01332402,-0.02330852,-0.00890201,0.00106575,0.01156578,-0.0100425,-0.00487537,-0.01873747,-0.00919094,-0.00114981,-0.00927306,-0.01572966,-0.01040745,-0.00881535,-6.712e-05,-0.00799418,-0.00630629,0.01684083,-0.00791055,0.00605648,-0.00783452,-0.01762436,-0.01252417,-0.00896892,-0.03153666,-0.00651157,-0.01211512,-0.02653984,-0.01721229,0.00534634,-0.00555966,-0.02741578,0.0053798,-0.01198737,-0.00471114,0.00827814,-0.00414546,-0.00059478,-0.00950875,-0.03373247,0.00287379,-0.00651157,-0.01350041,0.00743722,0.00051528,-0.00916811,-0.01994791,0.00273845,-0.01410257,-0.01206492,0.01233061,-0.01594102,-0.02020943,-0.02286902,-0.02703709,-0.03000078,-0.0097414,-0.01021888,0.01306202,-0.0224159,-0.00253207,-0.02376628,-0.00567674,-0.01448882,-0.01396279,-0.02139863,-0.00173374,-0.01012156,0.00043925,-0.00560071,-0.01793304,-0.0025199,-0.02259232,-0.039777,-0.02716635,-0.01917996,-0.0174176,-0.0131902,-0.02523669,-0.00792577,-0.00758971,-0.01650518,-0.00434011,0.01000558,-0.01187944,-0.01170152,-0.00747566,-0.00598239,-0.01327234,0.01958102,-0.01346089,0.01049523,-0.00718674
"Np2_500768",-0.02006199,0.00489322,-0.04393446,-0.00930955,-0.00234199,-0.01831931,-0.01332402,0.99318252,-0.00673664,-0.00282251,-0.02037826,0.00791321,0.00075098,-0.02479875,-0.01995705,-0.00949813,-0.01194936,-0.02554694,-0.02804988,-0.00432795,-0.00957872,0.00722889,-0.02305152,-0.00767791,0.00984287,-0.01931837,0.00209979,0.00478371,-0.02507852,-0.03214343,-0.00167292,0.00465141,-0.01487812,-0.01059753,-0.00677464,-0.00976422,0.00108552,-0.02411446,-0.01069182,0.0211914,-0.01077391,-0.00836371,-0.00541064,0.00117372,-0.00896133,-0.01939594,-0.013359,-0.03027911,-0.02673908,-0.0121349,0.00925894,-0.0127173,0.00436249,-0.01812621,0.00410399,-0.00057197,-0.00187971,-0.01321911,-0.00514757,-0.00363757,-0.00325589,-0.01685189,-0.01464544,0.00135619,0.01091492,-0.01248766,-0.01800911,-0.004664,0.00801204,-0.0035509,-0.02255124,-0.01746335,-0.01820835,-0.01603077,0.00067191,0.00074034,-0.00864504,-0.02143356,-0.00024199,-0.01438393,-0.01362512,-0.00025416,-0.01325254,-0.02198258,-0.01364945,-0.01170608,-0.02769714,-0.01838928,-0.02578412,0.00021876,-0.02527626,0.0021074,-0.00014771,-0.01812317,-0.01815055,-0.00582426,-0.02512875,-0.0031236,-0.0076034,0.00315055
"Np2_500791",-0.01696902,-0.02014571,-0.01407828,-0.01686105,-0.00122584,-0.00138856,-0.02330852,-0.00673664,0.99845684,-0.02573244,-0.01409196,-0.00511262,-0.02003008,-0.0141026,-0.01975328,0.00454346,-0.00931258,-0.01089711,-0.01659341,-0.00686133,-0.01895499,-0.00382005,-0.01037855,-0.01644591,-0.02158262,-0.01698572,0.00154324,-0.01219571,-0.02669953,0.00212259,-0.00907234,-0.02358072,-0.01528261,0.00572499,-0.02162517,-0.00758363,-0.00403294,-0.0033821,-0.00546995,0.01424817,0.00630891,-0.01819615,-0.0233025,-0.01078761,-0.01073439,-0.02497061,-0.0120908,-0.01395661,-0.01148102,-0.0225756,-0.00163794,-0.00779956,0.06006948,-0.01883483,-0.00344749,-0.01648695,0.02295834,0.00295134,-0.00205459,-0.02457064,-0.01795435,-0.00113765,-0.00349311,-0.02778835,-0.00743309,-0.00878644,0.03191949,-0.02240377,-0.01824334,-0.01019001,-0.01155097,-0.01011253,0.00419676,-0.00837589,-0.01843641,-0.01760771,-0.012547,-0.01043329,0.00057002,-0.01676526,-0.01767915,0.00648834,0.00671947,-0.00854925,-0.01815966,-0.02579631,-0.02034638,-0.01681694,-0.03135878,-0.01630451,-0.00256705,-0.01715303,-0.02609896,-0.00499399,0.00501486,-0.01383195,-0.01169544,-0.02147164,0.00157213,-0.00196792
"Np2_501583",0.01127532,-0.01151757,-0.01153273,-0.01340311,-0.01951301,-0.02378143,-0.00890201,-0.00282251,-0.02573244,0.99411937,0.02586126,0.00366758,-0.0167242,0.08819671,-0.00701947,-0.0076612,-0.02471054,-0.01139284,0.00784932,-0.00735706,-0.01747388,-0.02834183,0.00691716,-0.01754989,-0.01523548,-0.0176335,-0.01704809,0.00555619,-0.02065652,-0.00597631,-0.00515821,-0.01282373,0.00049247,-0.00252599,0.02380229,0.00226097,-0.01471693,-0.01619499,-0.02010761,-0.02274287,-0.00559159,-0.03450648,-0.01026453,-0.01660556,-0.03327934,-0.00311295,-0.00756842,-0.01855805,-0.00437356,-0.02033417,0.00927111,-0.02517437,-0.01508948,0.00256662,-0.01671656,-0.0168306,-0.0108393,0.00869022,-0.02551191,-0.01183683,-0.02635738,-0.01547116,0.00072513,-0.01763961,-0.00625611,-0.01718946,0.00450847,-0.01347154,-0.02117209,-0.00764446,-0.01189462,-0.02885604,-0.02214984,-0.01373766,-0.0190842,0.0050103,-0.01638812,-0.0247668,0.00037843,-0.00022983,-0.02364916,-0.02229122,-0.03376895,-0.01178213,-0.02488999,-0.01747234,-0.01247858,-0.00241042,0.00707378,-0.01832087,-0.0164444,-0.00183411,-0.01093209,-0.00123193,0.00497532,-0.01797721,0.00499205,-0.00280731,-0.01565063,-0.00535286
"Np2_500447",0.01318371,-0.03196263,-0.00734337,-0.01681693,-0.00452714,0.03575905,0.00106575,-0.02037826,-0.01409196,0.02586126,0.98881159,0.00025374,-0.01071007,-0.02470294,-0.01271425,-0.00742549,-0.02660372,-0.03183783,-0.00164706,-0.00027848,0.00785237,-0.01122707,-0.01459223,-0.00225987,-0.00283468,-0.01922256,-0.01301079,-0.0109351,-0.00597478,-0.00908602,-0.03077334,-0.02475312,0.00878755,-0.01688839,-0.01458614,0.01192462,-0.02892726,-0.00577103,0.0006567,-0.00714873,-0.02345146,-0.01541489,-0.02553934,-0.01165588,-0.00704076,-0.01823569,-0.0166086,0.00311861,-0.0085477,0.00970601,-0.016344,0.00440964,-0.01211663,-0.02289644,-0.01632879,-0.01948411,-0.01334073,-0.01829345,-0.00581208,-0.01494653,-0.0118277,-0.00443895,-0.01090011,-0.01284199,-0.00297914,-0.02562137,-0.01380759,-0.00806567,-0.00132013,-0.01273098,-0.01013829,0.00011992,0.00804245,-0.02308197,0.00107184,-0.00555054,-0.01767306,0.00010319,-0.01808969,-0.02447639,-0.00106009,-0.02007869,-0.00068754,-0.00439943,-0.01902793,-0.02544807,-0.01832543,-0.0135795,-0.0015102,-0.00120607,-0.00297914,-0.01330733,-0.00400557,-0.00266892,0.00399451,-0.02078278,-0.01864626,0.00381507,-0.01936859,-0.02868704
"Np2_502581",-0.0214793,-0.01507594,0.00254838,-0.01772178,0.00384397,0.00596222,0.01156578,0.00791321,-0.00511262,0.00366758,0.00025374,1.04509838,0.00359155,-0.02302273,0.00143528,-0.01380462,-0.00500311,-0.01434293,-0.0014874,-0.01699796,-0.0006556,-0.0121319,-0.01869041,-0.02506192,0.01116282,-0.03077191,-0.01057021,-0.0276546,0.00057155,-0.02078739,-0.01403879,0.00369038,-0.03104562,-0.01399164,-0.00925635,-0.03064572,-0.01264891,-0.00439486,-0.00070427,-0.01869804,-0.0223795,-0.00856446,-0.01534352,-0.02594236,-0.0099224,-0.00013251,-0.03028684,-0.01892307,0.00529771,-0.03955516,-0.01907361,-0.03435914,-0.00496206,-0.01376507,-0.0271178,0.00987179,-0.01652652,-0.01189923,-0.00063432,-0.02193393,-0.01957541,-0.02085428,-0.02442625,-0.00599154,-0.0061649,-0.00158776,-0.01364798,-0.01338035,-0.00967608,-0.01530852,-0.02412062,-0.00808401,-0.0232752,0.02847535,0.18431675,-0.0075198,-0.00443593,-0.01098987,-0.03876288,-0.00774181,-0.01169699,-0.01855052,-0.02257716,-0.0135157,-0.01704356,-0.02239928,-0.01679725,-0.0167653,-0.01716521,-0.0088017,-0.02578121,-0.02516081,-0.02939276,-0.0172595,-0.01607038,-0.01651745,0.00812458,-0.01077549,-0.00476287,-0.01955568
"Np2_504004",0.03765845,0.0020922,-0.02270944,-0.01652045,-0.00742396,-0.00834699,-0.0100425,0.00075098,-0.02003008,-0.0167242,-0.01071007,0.00359155,1.01525923,0.00296504,-0.01591522,-0.01959825,-0.00684308,-0.01952829,-0.00864961,-0.01138676,-0.00356003,-0.00971405,-0.0123189,-0.02948694,-0.02108995,-0.01329971,0.00234006,0.00152651,-0.01601861,-0.01031014,-0.01815969,-0.00225532,-0.01691883,-0.01826461,-0.00318899,-0.01241319,0.01546772,-0.02752377,-0.01379699,-0.0212983,-0.00642795,-0.00538631,-0.0106447,-0.0049727,-0.0183011,0.01536282,-0.02209053,-0.02410841,-0.01798329,-0.02147468,-0.01908878,-0.00137639,-0.01136393,-0.00906626,-0.01618436,-0.01781905,-0.0043766,-0.02848938,-0.01980956,-0.02286147,-0.02460869,-0.01585134,0.00688371,-0.0082877,-0.04009033,-0.02243568,0.00534483,-0.02099873,4.085e-05,-0.00604779,0.001563,0.0023933,-0.02572338,-0.00605845,-0.0009126,-0.0032772,0.01470894,-0.01480666,0.00243129,-0.007757,-0.02022776,0.0016588,0.00584359,0.00045902,-0.01736286,-0.00979313,0.00037082,-0.00628806,-0.01702832,0.00486889,-0.03294338,-0.00403903,0.00891228,-0.01195243,-0.02657797,-0.02748124,-0.00694497,-0.02523677,-0.00052027,-0.0092305
"Np2_504229",-0.01526285,-3.975e-05,-0.01495719,-0.00709551,-0.0036254,-0.01884241,-0.00487537,-0.02479875,-0.0141026,0.08819671,-0.02470294,-0.02302273,0.00296504,0.98970281,-0.02686681,-0.00758821,-0.01429722,0.00327828,-0.0083485,-0.01990535,-0.02363551,-0.01534343,0.00014729,-0.00394322,-0.00193294,-0.01710432,-0.0076992,-0.0261521,-0.00689781,-0.01076936,-0.00493316,-0.0217225,0.00071753,-0.00929586,-0.01033901,0.00157365,-0.00901758,-0.01049564,-0.01532065,-0.02251781,-0.01373003,-0.02911125,-0.01292868,0.00764554,-0.02134539,-0.01398856,-0.02178942,-0.00905712,-0.01296819,-0.01250593,-0.01665878,-0.01536929,-0.02596506,-0.00770072,-0.00721563,-0.01523698,-0.0045317,-0.01054886,-0.01205732,-0.03031558,-0.02126628,-0.00901149,-0.01227933,-0.00327262,-0.03294631,-0.02471963,0.00230051,-0.02039347,-0.02718165,-0.01015655,-0.01638354,-0.0017155,-0.01249682,-0.0130564,-0.0240293,-0.02091965,-0.00916813,-0.00264459,0.00516539,0.01200826,-0.0033517,0.00925894,-0.02061849,0.00790711,-0.00033475,-0.01192505,0.00128016,-0.0175438,0.00319313,-0.02782789,0.00552578,0.00994782,0.04616487,-0.00937038,-0.01426379,-0.022162,-0.0107496,-0.01930927,-0.0123843,-0.01288306
"Np2_502468",-0.01087733,-0.01557465,-0.00372881,-0.0055992,-0.00699513,-0.02555753,-0.01873747,-0.01995705,-0.01975328,-0.00701947,-0.01271425,0.00143528,-0.01591522,-0.02686681,0.9879812,0.01033101,-0.0211644,-0.00647813,-0.01034967,0.00561702,-0.00860551,-0.03057412,-0.0033745,-0.0062485,-0.01381823,-0.02929373,-0.01958451,-0.02526405,-0.00585769,0.01079934,0.00021268,0.006537,-0.00614966,-0.01692337,0.01898492,-0.00498942,-0.02865811,-0.0316568,-0.01215163,-0.01980499,0.01331296,0.05525968,-0.01842732,-0.00910578,-0.01042113,-2.302e-05,-0.00615119,-0.0226151,-0.00371664,-0.01131375,-0.00755929,0.0176042,-0.00196335,0.00763339,-0.02685614,-0.01115559,-0.02113095,-0.00692366,-0.01299404,-0.02258467,0.00349573,-0.02241742,-0.00074685,-0.00816299,-0.0151792,-0.01622841,-0.01916479,0.00497684,-0.01732182,0.00411311,-0.02249041,-0.004477,-0.02012434,-0.00030738,-0.02101235,0.00566721,-0.01192961,-0.00084416,-0.00717609,-0.02375105,0.01015764,-0.01433524,-0.00604473,0.00088784,-0.02681814,-0.01255763,0.02756289,-0.033991,-0.02405058,-0.01766395,-0.02460718,-0.00254577,-0.01453296,-0.01015503,-0.02204338,0.00624961,-0.02993395,-0.01416344,-0.01940356,-0.01731724
"Np2_504115",-0.02277181,-0.02549233,-0.00923658,-0.01703747,-0.01371941,0.00619031,-0.00919094,-0.00949813,0.00454346,-0.0076612,-0.00742549,-0.01380462,-0.01959825,-0.00758821,0.01033101,1.01848344,0.00845454,-0.03160219,-0.00795012,-0.01205584,-0.00240435,-0.02467715,-0.00295177,-0.0141893,-0.01506822,-0.00849449,-0.02554851,-0.01860675,-0.01668769,-0.01949481,-0.00164554,-0.00414091,-0.0185003,-0.01695686,-0.01617523,-0.00426257,-0.01090015,-0.01192202,-0.02039657,0.00662066,-0.01956627,0.00382875,-0.01633191,-0.01142021,-0.00437205,-0.00112093,-0.02519265,0.00852449,-0.0042063,-0.00435228,0.02403652,-0.00463057,0.026135,-0.01551378,-0.02080709,0.00675446,-0.02815937,-0.02383622,-0.01500435,-0.02322643,-0.01067965,-0.02670871,-0.02176509,-0.02233841,0.01672074,-0.01732635,-0.0237602,-0.02349258,-0.02845601,-0.02420423,-0.01948263,-0.00375014,-0.01681243,-0.01691582,-0.00857661,-0.01656761,-0.01758946,-0.00756842,-0.00796988,-0.00203939,-0.00721108,0.00129385,-0.00881534,-0.02742956,-0.01255764,-0.00270696,-0.01763358,0.00536004,-0.01419994,-0.02180317,-0.00913014,0.00578431,-0.00985246,-0.01216533,-0.00702253,0.01336319,0.00926505,-0.00628959,-0.00103729,-0.00229638
"Np2_500396",0.00260464,0.01554684,-0.00560527,-0.02420266,-0.01084842,-0.01876636,-0.00114981,-0.01194936,-0.00931258,-0.02471054,-0.02660372,-0.00500311,-0.00684308,-0.01429722,-0.0211644,0.00845454,0.97860058,0.00016097,-0.01207405,-0.00948898,-0.00683244,-6.104e-05,-0.01528715,0.01514076,0.00240087,-0.00212606,0.00682288,-0.00706812,-0.02157191,-0.01844856,-0.00668189,-0.00187819,-0.00559311,-0.01028427,-0.00174742,-0.00717001,-0.02217106,-0.00327261,-0.00931411,-0.00115285,-0.00924414,-0.01124378,0.03398301,0.04588949,-0.02248584,-0.01984299,-0.02597114,-0.02631631,-0.03874295,-0.02368259,-0.01779924,-0.01179579,-0.01904615,-0.03013009,-0.01778402,-0.01607331,0.00542845,-0.00499853,0.01219679,-0.00834241,0.00618116,-0.01653863,-0.0071852,0.01140151,-0.02359438,-0.02114612,0.00785083,-0.0054152,-0.03288402,-0.01190527,0.01152012,-0.01365258,-0.02382556,-0.01252418,-0.01802277,-0.0086785,-0.02247369,-0.02279298,-0.01559128,-0.00798812,-0.0043401,-0.00723995,-0.01217896,-0.01725945,-0.0074057,-0.0206687,-0.0108089,0.0032129,-0.01239338,-0.00874387,-0.01492678,-0.02327814,-0.00804591,-0.0240445,-0.00734489,-0.01189767,-0.01265039,-0.00706813,-0.02523367,-0.00733272
"Np2_501060",-0.02559107,-0.01219276,-0.01829046,-0.00875605,-0.00178848,-0.01289979,-0.00927306,-0.02554694,-0.01089711,-0.01139284,-0.03183783,-0.01434293,-0.01952829,0.00327828,-0.00647813,-0.03160219,0.00016097,1.01314829,0.00093954,-0.00255792,-0.0193656,-0.01593954,-0.00820405,0.03256428,0.01708721,-0.00720803,-0.02167694,-0.02461934,-0.02300441,-0.00132925,0.00587554,-0.02596815,-0.03029133,-0.00456973,-0.00941448,-0.0215279,0.05546963,-0.01063556,-0.0055764,-0.01110089,-0.01812774,-0.02453723,-0.01671815,0.00035865,-0.02042087,-0.01245578,-0.00428993,-0.02835706,-0.01447669,-0.03043732,-0.0272911,0.00501942,-0.00876973,-0.01498763,-0.02073714,-0.00792577,-0.01531606,0.00162839,-0.0144782,-0.01494503,-0.01273859,0.00210131,-0.02443228,-0.0031084,-0.02076909,-0.00311447,-0.01487054,-0.03452329,-0.01150691,-0.00877582,-0.01926062,-0.01767017,-0.00275257,-0.01532522,-0.00348855,0.00144591,0.0010323,0.00390631,-0.01778408,-0.02553937,0.00091826,0.00166793,-0.01376349,0.026167,-0.01051087,-0.00765511,-0.01497853,-0.02574311,-0.01762745,-0.00850364,-0.00206525,-0.01315377,-0.0140403,0.01360343,-0.01075418,-0.00755171,-0.01758032,-0.00774027,0.01743242,-0.00465945
"Np2_502491",0.00368733,-0.04267557,-0.00710767,-0.00639297,-0.00611621,-0.0134259,-0.01572966,-0.02804988,-0.01659341,0.00784932,-0.00164706,-0.0014874,-0.00864961,-0.0083485,-0.01034967,-0.00795012,-0.01207405,0.00093954,0.99247685,-0.01829043,0.01675572,-0.01068724,-0.01785399,-0.01403721,-0.01096248,-0.01001512,0.01185925,0.0101333,-0.01805623,-0.00763381,-0.00499095,0.00011688,-0.00633518,0.00372382,0.01271686,-0.00684764,0.00810782,-0.01724422,-0.0079273,-0.01831782,-0.00238304,-0.00027697,-0.02484746,0.00378617,-0.00650094,-0.03335844,-0.02564879,-0.0253857,-0.01621932,0.00355504,-0.02264704,-0.00630325,0.00560637,-0.00152389,-0.01442039,-0.0263954,-0.0149298,-0.0195784,-0.0192621,-0.02079338,-0.00946312,-0.00511563,-0.02769552,0.00974707,-0.02190345,-0.02188822,0.00041797,0.01726054,-0.00777524,-0.02177117,-0.0094464,-0.0233665,-0.01225048,-0.00718371,-0.03381916,-0.02705999,0.00522013,0.00946269,-0.02925877,-0.0318439,0.00297719,-0.01969093,-0.01930771,-0.01435201,0.00629827,0.00231116,-0.00288334,-0.01045459,-0.01222309,-0.0017307,-0.01886221,0.00456779,-0.0154788,-0.01718341,-0.00884728,-0.01826613,-0.00959087,-0.0065937,-0.01335446,-0.01050782
"Np2_500307",-0.01030254,-0.02093036,-0.01744801,-0.01308378,0.00620094,-0.01677131,-0.01040745,-0.00432795,-0.00686133,-0.00735706,-0.00027848,-0.01699796,-0.01138676,-0.01990535,0.00561702,-0.01205584,-0.00948898,-0.00255792,-0.01829043,0.99536647,0.0088484,0.00451912,-0.00568891,-0.00658609,0.0326798,-0.02233227,-0.01307923,-0.00826639,0.00064758,0.00012144,-0.01761224,-0.01204822,0.00735055,-0.00859333,-0.0149587,-0.01612353,0.00962846,-0.01998137,-0.00184474,-0.02029465,0.00993411,-0.01244206,-0.00659979,-0.01476559,-0.01319174,-0.00309776,-0.00709703,-0.02188824,0.03380963,-0.01484467,-0.02051815,-0.02257409,-0.02328571,0.00212564,-0.01928643,-0.01833604,-0.01158441,-0.01258348,-0.00375162,-0.00148131,-0.01645804,-0.01119817,0.00393367,-0.00728406,-0.01688536,-0.00455299,0.00650051,-0.02942303,-0.02541468,-0.02101086,-0.00366799,-0.0039022,-0.01863717,-0.02117358,-0.01648391,-0.00501072,-0.00664083,-0.01334683,-0.00416828,-0.00568892,-0.01785554,-0.0248611,-0.02037216,-0.00568437,-0.01468652,-0.00392346,-0.00090652,-0.03189558,-0.02651707,-0.01100659,-0.0214473,-0.01885007,-0.00772354,-0.01216531,-0.00291679,-0.01689756,0.00166185,-0.02271247,-0.02034941,-0.00989956
"Np2_501264",0.00740835,-0.00838963,-0.02011373,-0.00206372,-0.00589268,-0.00635953,-0.00881535,-0.00957872,-0.01895499,-0.01747388,0.00785237,-0.0006556,-0.00356003,-0.02363551,-0.00860551,-0.00240435,-0.00683244,-0.0193656,0.01675572,0.0088484,1.02334105,-0.00483736,-0.01626192,-0.01031624,-0.01925455,-0.01161638,-0.02091511,-0.01336511,-0.04018611,-0.01151602,-0.01617222,-0.02155679,-0.01797264,0.00197054,-0.00515518,-0.00814476,-0.01143695,-0.01717279,-0.02488703,-0.00668951,-0.00641731,-0.01206648,-0.00333498,-0.01773543,-0.01798634,-0.01732032,0.00650813,-0.00615424,-0.03105016,0.00043317,-0.01208321,-0.01672422,-0.01348219,0.01329779,-0.01328451,-0.0346875,0.00840739,-0.01479299,-0.02314434,-0.01935337,-0.02277329,-0.00093844,-0.01104917,-0.02059424,-0.00099927,-0.00919551,0.00170595,-0.00426105,-0.01682765,-0.01774609,0.00948097,0.01852285,-0.01081045,-0.00726431,-0.00333498,-0.01223835,-0.0018554,-0.02224714,-0.01687018,0.0068518,-0.01002884,-0.01870712,-0.01665119,-0.01367231,-0.01081348,-0.02392445,-0.0116316,-0.02315652,0.00685635,0.00624811,0.01223031,-0.00965478,-0.01981723,-0.00753194,-0.0207889,0.00066126,-0.01195244,-0.00865114,-0.02666467,-0.03081296
"Np2_504474",-0.01182317,-0.01302301,0.01053171,-0.02646538,-0.0219308,-0.00597479,-6.712e-05,0.00722889,-0.00382005,-0.02834183,-0.01122707,-0.0121319,-0.00971405,-0.01534343,-0.03057412,-0.02467715,-6.104e-05,-0.01593954,-0.01068724,0.00451912,-0.00483736,0.98913097,-0.03442891,-0.00460926,-0.02297551,-0.00834242,-0.00091412,-0.01313242,0.01585392,-0.01097921,-0.01593953,-0.00429297,-0.00025264,-0.00235872,0.00785083,0.01900318,-0.0089233,-0.01085755,-0.01948415,-0.011627,-0.01530845,-0.00864047,0.04069209,-0.03879163,-0.00072251,-0.02377842,-0.02458434,-0.01899903,0.00598197,-0.018038,0.00077075,-0.01192961,-0.00062823,-0.02372518,-0.00423214,-0.02350619,-0.01660249,0.03197116,0.00552425,-0.01045305,-0.00626979,-0.02169055,-0.02374187,-0.00743613,-0.01947043,-0.02538567,-0.0248246,-0.02242808,-0.00260507,0.03525271,-0.02480482,-0.01895662,0.00873434,-0.00231767,-0.00386262,-0.01671964,-0.02519261,-0.00574365,-0.00903431,-0.02621753,-0.0003682,-0.01178362,-0.00197247,-0.01115866,-0.02244175,-0.01608856,-0.0072932,-0.02657334,-0.00203482,-0.007205,-0.00897806,-0.01763354,-0.01046069,-0.00608276,-0.00382918,-0.0213074,-0.02114772,-0.02909915,0.01051957,-0.01157226
"Np2_504469",-0.01214705,-0.00665606,-0.02415856,-0.01812164,0.00405228,-0.00097645,-0.00799418,-0.02305152,-0.01037855,0.00691716,-0.01459223,-0.01869041,-0.0123189,0.00014729,-0.0033745,-0.00295177,-0.01528715,-0.00820405,-0.01785399,-0.00568891,-0.01626192,-0.03442891,0.97966214,-0.01907507,-0.01204669,-0.01839836,-0.01614026,-0.02759821,-0.02355026,-0.00157103,0.00031152,-0.01632575,-0.02323399,-0.01135024,-0.00402989,-0.0118855,-0.02019576,-0.03079763,-0.00688262,-0.01377566,-0.00650853,-0.01246181,-0.00616336,-0.01934724,-0.01746927,-0.01330578,-0.02019425,0.02948944,-0.01639114,-0.01136697,0.00546495,-0.01864017,-0.01570228,-0.01340462,-0.00060238,-0.00938404,-0.00293655,-0.01883783,-0.01624058,-0.02659153,0.00070536,0.00368428,0.00208914,0.02462953,0.00225489,0.00287835,-0.01480816,-0.00024655,-0.02482616,-0.02452806,-0.00779346,-0.01593508,-0.01820072,-0.02119332,0.00052745,-0.01369812,0.0184299,-0.01655991,-0.01376803,0.00265482,0.01375393,-0.01073893,-0.00731445,-0.01862955,-0.01653103,-0.01306704,-0.01537234,-0.01305943,-0.01482792,-0.00266285,-0.01462417,-0.01369965,-0.01382586,0.0054543,-0.0006556,-0.00231919,-0.01949477,0.00266243,0.01110805,0.00118133
"Np2_503140",-0.00939472,-0.01074661,-0.02247067,-0.00472484,-0.02786586,-0.02088159,-0.00630629,-0.00767791,-0.01644591,-0.01754989,-0.00225987,-0.02506192,-0.02948694,-0.00394322,-0.0062485,-0.0141893,0.01514076,0.03256428,-0.01403721,-0.00658609,-0.01031624,-0.00460926,-0.01907507,0.99672611,-0.00777371,0.00062477,-0.02509683,-0.01420144,-0.02520778,-0.02999174,-0.02004982,-0.00779499,-0.01242229,-0.01011854,0.00176372,-0.02053794,-0.01060057,-0.01086212,-0.01173346,-0.01132744,-0.01500889,-0.01107804,0.00997063,-0.01705111,-0.01775821,-0.01374678,0.00582383,-0.01398551,-0.02139405,-0.0011635,-0.00881382,-0.00448305,-0.02116138,0.01063665,-0.00895067,-0.01590758,-0.01113277,3.324e-05,-0.01865842,-0.00817667,-0.00764293,-0.00785734,-0.0085401,-0.01717277,-0.03528962,0.00198118,0.00953723,-0.0239533,-0.00595504,0.00164208,-0.00671382,-0.02838921,-0.02183507,-0.01357495,-0.01238276,-0.01535563,-0.0242848,0.01371592,-0.00265221,-0.02272463,-0.00265373,-0.00190405,-0.00577862,-0.01405244,-0.00708789,-0.01077089,-0.01839843,-0.02247219,0.00510761,-0.00644925,-0.01612963,-0.00303997,0.00215605,-0.00365431,-0.00809153,0.01335861,-0.01050782,-0.00386111,0.00306387,-0.01446605
"Np2_502305",-0.00267046,-0.02181385,-0.01164069,-0.0297819,0.02447745,-0.02586622,0.01684083,0.00984287,-0.02158262,-0.01523548,-0.00283468,0.01116282,-0.02108995,-0.00193294,-0.01381823,-0.01506822,0.00240087,0.01708721,-0.01096248,0.0326798,-0.01925455,-0.02297551,-0.01204669,-0.00777371,0.99207838,-0.01165892,-0.02627989,-0.00808543,-0.01513813,-0.00897348,-0.00359347,-0.0296587,-0.01695074,-0.02179398,-0.02253298,-0.02613083,-0.01026299,-0.0056585,-0.01246032,-0.03075815,0.00251188,0.0044659,-0.01767156,-0.0126078,-0.0099695,-0.02618255,-0.01086973,-0.016233,0.01102896,-0.00766878,-0.00680353,-0.01935185,0.00152955,-0.01335596,-0.01697658,-0.00568587,0.01368702,-0.01057775,0.01270013,-0.00707877,-0.00015836,-0.0164915,-0.02204029,-0.01729138,-0.0049955,-0.00543648,0.00926654,-0.01540427,-0.00090347,-0.02143815,0.00183519,-0.01725501,-0.0134381,-0.01764721,-0.01980041,0.01356998,-0.02075387,-0.00860397,-0.01341527,-0.01995403,-0.02010759,0.02002656,-0.00635342,-0.00154975,-0.03290525,-0.00130948,-0.02566404,-0.01012157,-0.01493134,-0.01341072,-0.0197457,-0.01958149,0.00827207,-0.01426531,-0.02554541,-0.02812139,-0.00180673,-0.01736134,0.00020812,-0.01640942
"Np2_500333",-0.01647327,-0.0088534,-0.01586349,0.00188234,-0.01639265,-0.02400647,-0.00791055,-0.01931837,-0.01698572,-0.0176335,-0.01922256,-0.03077191,-0.01329971,-0.01710432,-0.02929373,-0.00849449,-0.00212606,-0.00720803,-0.01001512,-0.02233227,-0.01161638,-0.00834242,-0.01839836,0.00062477,-0.01165892,0.98165445,0.03762188,-0.01763045,-0.01373457,-0.01821438,-0.01830867,-0.00225227,-3.671e-05,-0.01567644,-0.01367831,-0.00754408,0.0235301,-0.01383495,-0.00847168,-0.02433648,-0.01661315,-0.03686039,-0.01048957,-0.01333314,-0.0192104,-0.02858058,0.00619638,0.00858833,-0.01919671,-0.01189158,0.01041462,-0.01216987,-0.02900022,-0.02122829,0.14576623,0.04209703,-0.005438,-0.02179547,-0.0076414,-0.00309014,-0.02293289,-0.02405969,-0.01455419,-0.02409925,-0.01682148,0.01071721,-0.01168325,-0.02373279,-0.00314945,-0.00011426,-0.01805015,-0.01569938,-0.01644439,-0.01806842,-0.00820859,-0.02608373,-0.01570078,-0.00993755,-0.02022314,-0.01687776,-0.00349767,0.01032946,-0.02061239,-0.01215924,-0.01766391,-0.01419992,-0.00373186,-0.00141896,-0.01139889,-0.01808972,0.00978965,-0.0102706,-0.02681971,-0.01179731,-0.02231708,-0.01805019,-0.00496509,-0.00394474,0.00252405,-0.00664235
"Np2_503176",0.01209191,0.01454172,-0.00904345,-0.00635192,-0.01170151,0.00486278,0.00605648,0.00209979,0.00154324,-0.01704809,-0.01301079,-0.01057021,0.00234006,-0.0076992,-0.01958451,-0.02554851,0.00682288,-0.02167694,0.01185925,-0.01307923,-0.02091511,-0.00091412,-0.01614026,-0.02509683,-0.02627989,0.03762188,1.00776751,-0.01461202,-0.01193264,-0.00820101,-0.02015628,-0.0123113,-0.01496176,0.00619791,-0.01415734,-0.01258502,-0.01314004,-0.03028067,-0.02263646,0.0054452,-0.0056874,-0.02076452,-0.02009244,-0.00879406,-0.01938531,-0.02556216,-0.01663599,-0.0185018,-0.00583794,-0.02255889,-0.00998472,-0.02055621,-0.00514909,-0.00528443,0.01527307,-0.011148,-0.01488876,-0.0227307,-0.02165408,-0.00463359,-0.00227508,-0.01419841,-0.01792243,-0.01499827,-0.00102968,-0.01181099,-0.02219849,-0.00307494,-0.02963144,0.00853057,0.00412832,-0.0170908,0.02200498,-0.03740338,-0.01066444,-0.01956782,-0.00781629,-0.02273373,0.00058675,-0.02298317,-0.02161609,-0.01356734,-0.00177936,-0.01491922,0.00056091,-0.00631542,0.00126344,-0.00661195,-0.00290615,-0.02738847,-0.01654021,-0.04739709,0.01740809,-0.02322493,-0.01123926,0.00017466,-0.00970189,0.00561247,-0.00221274,-0.02035093
"Np2_500770",0.00109009,-0.00984181,-0.01046523,0.00469552,-0.0030871,-0.02043298,-0.00783452,0.00478371,-0.01219571,0.00555619,-0.0109351,-0.0276546,0.00152651,-0.0261521,-0.02526405,-0.01860675,-0.00706812,-0.02461934,0.0101333,-0.00826639,-0.01336511,-0.01313242,-0.02759821,-0.01420144,-0.00808543,-0.01763045,-0.01461202,0.98317531,-0.01761219,-0.00125929,-0.01868884,-0.00825878,-0.02474703,-0.03171915,-0.01968482,-0.02069758,-0.01927578,-0.00995733,-0.00079246,-0.0047963,-0.00254728,-0.00469897,-0.00813258,0.00027655,-0.00803373,0.00707836,-0.01091077,-0.01308071,0.01159615,-0.00345205,-0.01201475,-0.01695988,-0.00748326,-0.00913924,-0.01945064,-0.00101296,-0.022241,0.01584024,-0.0215552,-0.00635951,0.0084682,-0.01653256,-0.00702706,-0.02508767,0.0084971,-0.01414514,-0.02681358,0.00401883,-0.00717915,-0.03288396,0.00483541,-0.00452261,-0.03051029,-0.0192089,-0.01208622,-0.0079121,-0.01136697,-0.01487961,-0.00661345,-0.01178363,-0.00980831,-0.00540911,-0.01719097,-0.02485657,-0.0279282,-0.0065207,-0.01399617,-0.00271151,-0.03139524,-0.01132288,-0.00670926,-0.00715329,0.12684081,-0.02160541,-0.00581817,-0.02542528,-0.00777826,-0.01740239,-0.0319184,0.00483846
"Np2_502254",0.0060504,-0.02525808,-0.0121957,-0.01284958,-0.02093629,-0.0045241,-0.01762436,-0.02507852,-0.02669953,-0.02065652,-0.00597478,0.00057155,-0.01601861,-0.00689781,-0.00585769,-0.01668769,-0.02157191,-0.02300441,-0.01805623,0.00064758,-0.04018611,0.01585392,-0.02355026,-0.02520778,-0.01513813,-0.01373457,-0.01193264,-0.01761219,0.97515129,-0.0112012,-0.0108393,-0.0206337,-0.02252384,-0.00334104,-0.01153118,-0.01756202,-0.01598816,-0.01366464,0.00766532,-0.02370996,-0.01522632,-0.01327231,-0.00651766,-0.01194631,-0.0131096,0.00549993,-0.0232857,-0.01435499,0.32919896,-0.03361841,-0.02074014,-0.01534495,-0.00237088,-0.01223829,-0.02832809,-0.00715327,-0.02914161,-0.02299372,-0.01750726,-0.01265188,-0.00436291,-0.01765477,-0.01240705,-0.00552924,-0.02197338,0.00875863,-0.02337388,0.00989152,-0.02548459,-0.00754712,-0.01453443,-0.02678185,-0.00882295,-0.01303206,-0.00408464,-0.0259134,0.03282575,-0.02132404,-0.00773568,-0.00515061,-0.01153879,-0.01519895,-0.00675638,-0.00149652,-0.01232343,-0.02376166,-0.00827552,-0.01067659,-0.01959206,-0.01822352,-0.0006845,-0.01451014,-0.00931411,-0.03002668,-0.0265566,-0.02031288,-0.01954494,-0.02506334,0.02717662,-0.00753649
"Np2_502635",-0.00131861,-0.00981749,-0.02336632,-0.02097893,-0.0220707,-0.0152385,-0.01252417,-0.03214343,0.00212259,-0.00597631,-0.00908602,-0.02078739,-0.01031014,-0.01076936,0.01079934,-0.01949481,-0.01844856,-0.00132925,-0.00763381,0.00012144,-0.01151602,-0.01097921,-0.00157103,-0.02999174,-0.00897348,-0.01821438,-0.00820101,-0.00125929,-0.0112012,0.99098033,-0.01547118,-0.01857478,-0.0067792,-0.02834944,-0.01114494,-0.01671961,-0.01985972,-0.01753619,-0.0097399,-0.01860977,0.00660087,0.02315299,-0.00597936,-0.00851882,-0.01606877,-0.00521447,-0.01362359,-0.01336051,-0.01088493,6.974e-05,-0.02932568,-0.00948443,-0.01202083,-0.00516125,-0.00771744,-0.00250925,-0.02738684,-0.00238304,-0.03126295,-0.00451042,0.01077349,-0.01772474,-0.00015988,-0.01183381,-0.00957414,0.01537948,-0.01097465,0.00130602,0.01078873,0.00074642,0.00060196,-0.03050138,-0.01756055,-0.01006075,-0.00339427,-0.01761987,0.02667328,-0.01576768,-0.00978246,-0.03654571,-0.02711925,-0.02180766,0.00351398,0.00314751,-0.01224133,-0.00619224,-0.00925786,-0.02945039,0.00208306,-0.01053824,-0.01474432,-0.00484801,-0.02154919,-0.00485408,-0.00214431,0.005468,-0.01870253,-0.00977487,-0.00178544,-0.00228421
"Np2_500404",-0.02011674,-0.01584229,-0.02847871,-0.0198567,0.00201311,-0.02476073,-0.00896892,-0.00167292,-0.00907234,-0.00515821,-0.03077334,-0.01403879,-0.01815969,-0.00493316,0.00021268,-0.00164554,-0.00668189,0.00587554,-0.00499095,-0.01761224,-0.01617222,-0.01593953,0.00031152,-0.02004982,-0.00359347,-0.01830867,-0.02015628,-0.01868884,-0.0108393,-0.01547118,0.99809184,-0.00635191,-0.01508492,-0.00107226,-0.00987066,-0.01955105,-0.01189463,-0.00531332,-0.01226721,-0.02478662,-0.00581057,-0.01830259,-0.0012076,0.00674533,-0.01829195,-0.00317986,0.01517423,-0.00357066,-0.01189159,0.00636213,-0.00204851,-0.03117177,-0.01743734,-0.0003895,-0.00857204,-0.02313213,0.00019443,-0.00749543,-0.02086486,-0.02254819,-0.01273858,0.01107306,-0.00861765,-0.00858269,0.00736272,-0.02485955,0.0097638,-0.02266228,-0.00375163,0.0129693,0.001268,-0.01523712,-0.01506975,-0.02399284,-0.02249651,-0.02364465,-0.00748327,-0.00217624,-0.01580723,-0.01276597,-0.00501223,0.01961144,-0.0224311,-0.02796783,-0.00351592,0.01089668,-0.02303791,-0.00886401,-0.002269,-0.00257313,-0.01864021,0.00144439,-0.01981872,-0.0212192,-0.01166655,-0.00694345,-0.00769616,-0.00637169,-0.0108515,-0.00237849
"Np2_500888",-0.01744193,-0.02107481,-0.02078579,-0.01961491,-0.02511653,-0.01204973,-0.03153666,0.00465141,-0.02358072,-0.01282373,-0.02475312,0.00369038,-0.00225532,-0.0217225,0.006537,-0.00414091,-0.00187819,-0.02596815,0.00011688,-0.01204822,-0.02155679,-0.00429297,-0.01632575,-0.00779499,-0.0296587,-0.00225227,-0.0123113,-0.00825878,-0.0206337,-0.01857478,-0.00635191,0.98625656,-0.01697202,-0.00873779,0.00907494,-0.01611591,-0.02883602,-0.00750455,0.00150826,-0.00492859,-0.0092183,-0.0080246,-0.01161029,-0.02327353,-0.01379238,0.01743845,-0.01286784,-0.01640634,-0.0133225,-0.01331642,-0.01032228,0.01681803,-0.02723174,-0.03831569,-0.01380453,0.00402491,-0.01765933,-0.02915079,-0.01849418,-0.00542735,0.00103687,-0.01347152,0.00059588,-0.00529963,-0.02554536,-0.00545776,-0.01721381,-0.00462903,-0.0150667,-0.00868608,-0.00761403,-0.00769622,-0.01513208,-0.00535133,-0.00720042,0.00472898,0.02347538,0.00049855,-0.00826639,-0.00172766,0.03202895,-0.00736617,-0.023862,-0.01191138,-0.01315827,0.00459971,-0.01458466,-0.0066454,0.0070966,-0.02225171,-0.01702983,-0.00591702,0.00171202,-0.02584343,-0.00199681,-0.01156771,0.0194609,-0.02148835,-0.01197828,0.0028814
"Np2_502194",-0.00595047,-0.02129226,0.00135011,-0.01922411,-0.00693431,-0.00846559,-0.00651157,-0.01487812,-0.01528261,0.00049247,0.00878755,-0.03104562,-0.01691883,0.00071753,-0.00614966,-0.0185003,-0.00559311,-0.03029133,-0.00633518,0.00735055,-0.01797264,-0.00025264,-0.02323399,-0.01242229,-0.01695074,-3.671e-05,-0.01496176,-0.02474703,-0.02252384,-0.0067792,-0.01508492,-0.01697202,0.98445282,-0.03039621,-0.01060664,-0.01390035,-0.00426711,-0.02505724,-0.01786923,0.00306539,0.00789949,0.00209826,-0.01867062,-0.00098558,-0.02313364,-0.00756538,-0.01126052,-0.01175776,-0.02905044,0.02767537,-0.01282068,0.0001777,-0.00768094,-0.00751215,-0.01949626,-0.01596079,-0.01103393,0.03753971,-0.01080432,0.00758471,-0.00678376,-0.02585405,-0.02319139,-0.00764597,-0.02150504,0.00572954,5.605e-05,-0.01260173,0.0022032,0.01040855,-0.00159688,-0.01642929,-0.02310478,-0.01773388,-0.00255184,-0.01282375,-0.02783546,-0.019183,-0.02186543,-0.0007286,-0.01487203,-0.00895219,0.00709354,-0.00665453,-0.01018238,-0.02603047,0.00891986,-0.00777522,0.00368581,-0.00863135,-0.01359775,-0.0157145,-0.01447213,-0.01997833,-0.01255459,-0.00418196,-0.02014104,0.00384092,-0.00839414,-0.00828465
"Np2_503329",0.05702675,-0.00651922,0.00061261,-0.01022954,-0.00341403,0.00311405,-0.01211512,-0.01059753,0.00572499,-0.00252599,-0.01688839,-0.01399164,-0.01826461,-0.00929586,-0.01692337,-0.01695686,-0.01028427,-0.00456973,0.00372382,-0.00859333,0.00197054,-0.00235872,-0.01135024,-0.01011854,-0.02179398,-0.01567644,0.00619791,-0.03171915,-0.00334104,-0.02834944,-0.00107226,-0.00873779,-0.03039621,0.9922548,-0.01134415,-0.01098833,-0.00835002,-0.01150078,-0.03001153,0.00886663,-0.01960121,-0.02175291,-0.01621479,-0.01708151,-0.02067783,-0.01149623,-0.01595169,-0.00975813,-0.00667428,-0.01533583,0.02248087,-0.01166046,-0.00309622,-0.00885792,-0.00213823,-0.01532974,-0.01040288,0.00745395,-0.01138977,0.00274149,-0.02926635,0.00230051,-0.00841844,-0.02906416,-0.01524763,-0.02329176,-0.02333895,0.01844208,-0.02742648,-6.104e-05,0.00754974,-0.00728259,-0.01350196,-0.01679869,-0.01606269,-0.0067184,-0.0192971,-0.01414211,-0.01834516,0.00446438,-0.00648573,-0.02672083,-0.0150849,-0.01666794,0.00139726,-0.00289398,-0.00337451,-0.01520354,-0.0166679,-0.00845648,-0.01311876,-0.02648823,-0.01338488,-0.00490123,-0.0158772,-0.00856902,-0.0068887,-0.01544838,-0.00913165,-0.02285996
"Np2_503695",-0.01335748,-0.02200848,-0.02019881,-0.02982445,-0.01206036,-0.00279514,-0.02653984,-0.00677464,-0.02162517,0.02380229,-0.01458614,-0.00925635,-0.00318899,-0.01033901,0.01898492,-0.01617523,-0.00174742,-0.00941448,0.01271686,-0.0149587,-0.00515518,0.00785083,-0.00402989,0.00176372,-0.02253298,-0.01367831,-0.01415734,-0.01968482,-0.01153118,-0.01114494,-0.00987066,0.00907494,-0.01060664,-0.01134415,0.97921805,-0.025261,0.00231571,-0.01497694,-0.01508797,-0.00707877,-0.01395356,-0.00941446,-0.01011093,0.00529311,-0.00742699,-0.00022222,-0.00939166,-0.02646381,-0.01319172,-0.00938405,-0.00076357,-0.0210671,-0.00596413,-0.01279027,-0.01002423,-0.00709701,-0.00338666,-0.02217714,-0.01805926,-0.0118353,-0.01160569,-0.02048772,-0.01447967,-0.0162695,-0.0261749,-0.02600759,-0.00415763,-0.0184881,-0.02147467,-0.0011042,-0.01265341,0.01053027,-0.0133286,-0.01419231,-0.02075536,-0.01749363,-0.00771896,-0.01548938,-0.01923624,-0.00524641,-0.0099619,-0.0005446,0.00500875,-0.01360536,0.01267124,-0.01397334,-0.00973989,-0.0019527,0.00844387,0.00753151,-0.0213089,-0.0097399,-0.01777343,-0.00655263,-0.00962128,-0.01219724,-0.00108899,-0.01086516,-0.02081926,-0.00124562
"Np2_500066",0.0085914,-0.00887925,-0.01497697,-0.01000449,-0.01474581,-0.01490852,-0.01721229,-0.00976422,-0.00758363,0.00226097,0.01192462,-0.03064572,-0.01241319,0.00157365,-0.00498942,-0.00426257,-0.00717001,-0.0215279,-0.00684764,-0.01612353,-0.00814476,0.01900318,-0.0118855,-0.02053794,-0.02613083,-0.00754408,-0.01258502,-0.02069758,-0.01756202,-0.01671961,-0.01955105,-0.01611591,-0.01390035,-0.01098833,-0.025261,0.9934654,0.00890615,-0.0042808,-0.01199501,-0.00733121,0.00905974,0.00858074,-0.0064097,-0.01685646,-0.01345785,-0.02784613,-0.02591491,0.01069137,-0.03077942,-0.01997682,-0.01302902,0.01152622,-0.01214704,0.00216366,-0.01103698,-0.01008659,-0.01473972,-0.02349404,0.01027624,-0.00980679,0.0059333,-0.01815509,0.00336343,-0.00724605,-0.00620289,-0.01044545,0.00501789,0.02353317,-0.01853378,-0.02477443,-0.00515061,-0.01101123,0.02367462,-0.00714569,-0.02039955,-0.0218518,-0.00675489,-0.01300469,-0.02982901,-0.00108899,-0.01295148,-0.01402656,-0.00680049,-0.00671079,-0.01419231,-0.00799116,-0.01744347,0.00448567,-0.01492221,-0.02632703,-0.00559464,-0.0236781,-0.03444878,-0.00802157,-0.0112423,-0.01579509,-0.01183381,-0.01704809,-0.00966691,-0.00073772
"Np2_503265",-0.03058783,-0.00015836,-0.01705263,-0.01329666,-0.0075456,-0.0256518,0.00534634,0.00108552,-0.00403294,-0.01471693,-0.02892726,-0.01264891,0.01546772,-0.00901758,-0.02865811,-0.01090015,-0.02217106,0.05546963,0.00810782,0.00962846,-0.01143695,-0.0089233,-0.02019576,-0.01060057,-0.01026299,0.0235301,-0.01314004,-0.01927578,-0.01598816,-0.01985972,-0.01189463,-0.02883602,-0.00426711,-0.00835002,0.00231571,0.00890615,0.98703219,-0.00179456,0.00949921,0.00169377,-0.01171974,-0.02679685,-0.00361933,-0.01421816,-0.01872685,0.00109921,-0.00502896,-0.0038535,-0.02586015,-0.00791057,-0.01008659,0.00610515,-0.02638779,-0.01238124,-0.01706629,-0.02006955,-0.01453443,-0.01173191,-0.0231245,0.00606104,-0.00769918,-0.02159931,-0.0050989,-0.00293504,-0.01801061,-0.00613445,-0.00663779,-0.02933178,-0.00327414,-0.01149166,-0.00965929,-0.00776464,-0.02630118,-0.00724452,-0.02962219,-0.00339884,-0.00913467,-0.01933812,-0.01456942,-0.01046372,-0.00149347,-0.02233682,-0.003706,-0.01365251,-0.01520353,-0.00915444,-0.00628958,-0.00245603,-0.01867058,-0.00711376,-0.00402077,-0.01815056,-0.00094148,0.00282817,-0.02487481,-0.01741456,-0.02196886,-0.02475012,0.00133491,-0.00615879
"Np2_503213",-0.0199008,-0.01745112,0.0024541,-0.00108899,-0.01388969,-0.01542097,-0.00555966,-0.02411446,-0.0033821,-0.01619499,-0.00577103,-0.00439486,-0.02752377,-0.01049564,-0.0316568,-0.01192202,-0.00327261,-0.01063556,-0.01724422,-0.01998137,-0.01717279,-0.01085755,-0.03079763,-0.01086212,-0.0056585,-0.01383495,-0.03028067,-0.00995733,-0.01366464,-0.01753619,-0.00531332,-0.00750455,-0.02505724,-0.01150078,-0.01497694,-0.0042808,-0.00179456,0.98742153,-0.00977031,0.00143223,-0.02292988,-0.00014315,-0.03642256,-0.0245159,0.29076516,-0.01011093,-0.02064894,-0.02160235,-0.01851852,-0.01790419,-0.01354147,-0.01498913,-0.00095061,-0.03986218,-0.02234594,-0.02109141,-0.00293503,0.00093194,-0.01243749,0.01218615,-0.02620835,-0.01486594,-0.01235536,-0.02737472,-0.00063279,-0.00822076,-0.00096886,-0.01894887,0.00589227,-0.01114495,-0.00900845,-0.023993,-0.01226872,-0.00309622,-0.00677008,-0.01126359,-0.01699941,-0.00484952,-0.01315827,-0.00281795,-0.01437631,-0.00936884,-0.00275104,-0.00798357,-0.00664539,-0.00895981,-0.02130132,-0.01092903,-0.01132894,-0.02121311,-0.00093692,-0.01293781,-0.01169545,-0.01689753,-0.01084236,-0.00581513,-0.02070977,-0.01041354,-0.02994766,-0.02527624
"Np2_504328",-0.0104318,-0.02440505,-0.00069819,-0.00849907,-0.00730991,-0.00275864,-0.02741578,-0.01069182,-0.00546995,-0.02010761,0.0006567,-0.00070427,-0.01379699,-0.01532065,-0.01215163,-0.02039657,-0.00931411,-0.0055764,-0.0079273,-0.00184474,-0.02488703,-0.01948415,-0.00688262,-0.01173346,-0.01246032,-0.00847168,-0.02263646,-0.00079246,0.00766532,-0.0097399,-0.01226721,0.00150826,-0.01786923,-0.03001153,-0.01508797,-0.01199501,0.00949921,-0.00977031,1.00773101,-0.00749848,-0.025626,-0.01971831,-0.01980656,-0.01915265,0.01100921,0.0388947,-0.01999965,-0.02262577,-0.01011397,-0.00858726,0.01082977,-0.00840935,-0.0153556,-0.03571545,0.00126496,-0.00934149,-0.01216987,0.00203745,-0.01817487,-0.0064766,-0.02114923,-0.01087125,-0.00714416,-0.01136699,0.01233369,-0.00285749,-0.00184018,-0.01541037,0.0120159,-0.0120163,-0.02143664,-0.01817351,-0.02530519,-0.0185657,0.00087415,-0.02156291,-0.01680632,-0.01317196,-0.01007595,-0.00384135,-0.00353873,-0.01373766,0.00017922,-0.0173705,-0.00979769,0.00704795,-0.02141236,-0.006174,-0.0029244,-0.02223654,-0.02446579,-0.03114447,-0.02153857,-0.00286662,0.02326102,-0.00258073,-0.02158112,-0.00702709,-0.00359957,-0.0113974
"Np2_500174",-0.00561593,-0.02475936,-0.02477445,0.00756953,0.00191579,-0.01603837,0.0053798,0.0211914,0.01424817,-0.02274287,-0.00714873,-0.01869804,-0.0212983,-0.02251781,-0.01980499,0.00662066,-0.00115285,-0.01110089,-0.01831782,-0.02029465,-0.00668951,-0.011627,-0.01377566,-0.01132744,-0.03075815,-0.02433648,0.0054452,-0.0047963,-0.02370996,-0.01860977,-0.02478662,-0.00492859,0.00306539,0.00886663,-0.00707877,-0.00733121,0.00169377,0.00143223,-0.00749848,1.00185139,-0.01518377,-0.01703135,-0.00130492,-0.00506089,0.00198726,-0.01757119,-0.00605996,-0.00975053,-0.01244511,-0.00924569,-0.02282649,-0.01819161,-0.00263243,-0.00869826,-0.02919794,-0.00330911,-0.00750607,-0.01002577,-0.00104185,0.00046815,0.00525967,0.00398082,-0.01479751,-0.03072927,0.0344848,-0.02404449,-0.02409168,-0.00481607,-0.01738266,-0.01586807,-0.00521599,-0.00909978,-0.03584779,0.00358546,-0.01362208,-0.0240461,-0.02567619,-0.00774785,-0.00951788,-0.01392774,6.062e-05,-0.01454815,-0.01614176,-0.00403903,-0.02353359,-0.01094577,-0.00868915,-0.0031829,0.00432448,-0.00251839,-0.00854924,-0.00458342,-0.01854747,-0.00170028,-0.01465309,-0.0116027,-0.01874209,-0.02334811,-0.01475041,-0.01418473
"Np2_504262",-0.00519167,0.00379683,-0.02815176,-0.02150658,-0.00876058,-0.01242076,-0.01198737,-0.01077391,0.00630891,-0.00559159,-0.02345146,-0.0223795,-0.00642795,-0.01373003,0.01331296,-0.01956627,-0.00924414,-0.01812774,-0.00238304,0.00993411,-0.00641731,-0.01530845,-0.00650853,-0.01500889,0.00251188,-0.01661315,-0.0056874,-0.00254728,-0.01522632,0.00660087,-0.00581057,-0.0092183,0.00789949,-0.01960121,-0.01395356,0.00905974,-0.01171974,-0.02292988,-0.025626,-0.01518377,0.98551438,-0.00368167,-0.01213339,-0.00798203,0.01548899,-0.02034025,0.00059892,-0.00157103,-0.01901576,-0.01444778,-0.01966506,0.0013927,-0.00677008,-0.03138766,-0.01356731,-0.02919184,-0.02837068,0.00271565,0.00637733,-0.01188092,-0.00815385,-0.01445081,-0.02456148,-0.01251353,-0.00310687,0.00086199,-0.01469563,-0.02309564,0.01208583,-0.0133149,-0.01361142,-0.01080442,-0.01732788,-0.0043538,-0.01471844,0.00435794,-0.01399919,-0.01112517,-0.01882567,-0.00027393,-0.015938,-0.00788926,0.01119774,0.00246779,-0.01155248,-0.01067356,-0.01602014,-0.01568406,-0.02779286,-0.00696017,-0.00295481,-0.03198686,-0.0298321,-0.02697478,-0.00616944,0.01543274,-0.00934604,-0.02748574,0.00361738,0.00585576
"Np2_502483",-0.02848022,-0.02952806,0.01668421,-0.02274589,-0.00680657,-0.01654928,-0.00471114,-0.00836371,-0.01819615,-0.03450648,-0.01541489,-0.00856446,-0.00538631,-0.02911125,0.05525968,0.00382875,-0.01124378,-0.02453723,-0.00027697,-0.01244206,-0.01206648,-0.00864047,-0.01246181,-0.01107804,0.0044659,-0.03686039,-0.02076452,-0.00469897,-0.01327231,0.02315299,-0.01830259,-0.0080246,0.00209826,-0.02175291,-0.00941446,0.00858074,-0.02679685,-0.00014315,-0.01971831,-0.01703135,-0.00368167,0.9839479,-0.00713809,-0.022755,-0.00612686,-0.02705386,-0.00946009,-0.00722019,-0.02664175,-0.01568709,-0.02120851,0.03695278,0.01312743,0.01010289,-0.02393043,-0.0173537,-0.01653254,-0.00977637,-0.02421023,-0.01235992,0.01143951,0.0075756,-0.00071035,-0.0193792,0.00082398,-0.01010938,-0.02019273,-0.0136905,-0.01333166,-0.0171393,-0.00952851,0.0011859,-0.00792273,-0.01258804,-0.01641395,-0.01132744,0.00741898,-0.01358099,-0.01915261,-0.01352628,-0.0047081,-0.01338636,-0.00433554,-0.00470203,-0.01203148,-0.01160875,-0.01695533,-0.00962432,0.00487798,-0.01276141,0.00097604,-0.00874388,-0.01510471,-0.01239948,-0.0106021,-0.01986887,-0.02487935,-0.01032534,-0.01495721,-0.00374706
"Np2_503374",-0.02202973,0.01600307,-0.01320849,-0.01568714,-0.01495417,-0.0087302,0.00827814,-0.00541064,-0.0233025,-0.01026453,-0.02553934,-0.01534352,-0.0106447,-0.01292868,-0.01842732,-0.01633191,0.03398301,-0.01671815,-0.02484746,-0.00659979,-0.00333498,0.04069209,-0.00616336,0.00997063,-0.01767156,-0.01048957,-0.02009244,-0.00813258,-0.00651766,-0.00597936,-0.0012076,-0.01161029,-0.01867062,-0.01621479,-0.01011093,-0.0064097,-0.00361933,-0.03642256,-0.01980656,-0.00130492,-0.01213339,-0.00713809,1.01768651,-0.01341529,-0.03206593,-0.014977,-0.01228546,0.00987482,-0.00939472,-0.00163337,0.00303347,0.00188994,-0.00262331,-0.01766092,-0.00607516,-0.00968667,-0.01449188,-0.01321,0.00292093,-0.00940688,0.00450848,-0.00619834,0.01668878,-0.02448556,-0.02709191,-0.03680874,-0.02575528,-0.0063276,-0.02178342,-0.0211812,0.02201255,-0.02475338,-0.01561416,0.014087,-0.0353581,0.00409488,-0.01715151,-0.02142447,-0.0131583,-0.00935672,-0.00388393,-0.02153398,-0.01111454,-0.00965629,-0.01637749,-0.00226901,-0.02206169,-0.00819189,-0.00509436,-0.00205308,-0.02922085,-0.02266995,-0.0183863,-0.01765788,-0.02346371,-0.01524312,0.00362044,-0.00205004,-0.01899911,0.00209523
"Np2_500045",-0.01559739,0.00768512,-0.01513966,-0.01503322,-0.00654502,-0.00914075,-0.00414546,0.00117372,-0.01078761,-0.01660556,-0.01165588,-0.02594236,-0.0049727,0.00764554,-0.00910578,-0.01142021,0.04588949,0.00035865,0.00378617,-0.01476559,-0.01773543,-0.03879163,-0.01934724,-0.01705111,-0.0126078,-0.01333314,-0.00879406,0.00027655,-0.01194631,-0.00851882,0.00674533,-0.02327353,-0.00098558,-0.01708151,0.00529311,-0.01685646,-0.01421816,-0.0245159,-0.01915265,-0.00506089,-0.00798203,-0.022755,-0.01341529,0.98431899,-0.03354087,-0.02481548,-0.01284807,-0.01456181,-0.02075384,0.00540717,-0.01714537,-0.02421939,-0.01398244,-0.01274922,-0.01332857,0.0076942,-0.01809575,-0.026698,-0.03155185,-0.02335106,-0.02692304,0.05482475,-0.02173767,-0.01197066,-0.02035543,-0.01608243,-0.00989499,-0.00810673,-0.0135263,0.00912512,-0.01017934,-0.01680033,-0.00979008,-0.03087827,-0.04063462,0.01524115,0.0019021,-0.01924991,-0.00885487,-0.03212063,-0.0105291,0.00086503,0.00216061,0.00346685,-0.02667216,-0.01013069,-0.00239978,0.00401883,-0.00124714,0.00103382,0.00473505,0.0039869,0.01192007,-0.00544713,-0.01824786,0.00365845,-0.00469745,-0.02314127,-0.00055373,-0.00698298
"Np2_503856",-0.01265496,-0.01887293,-0.00246516,-0.01117842,-0.02337085,-0.00969579,-0.00059478,-0.00896133,-0.01073439,-0.03327934,-0.00704076,-0.0099224,-0.0183011,-0.02134539,-0.01042113,-0.00437205,-0.02248584,-0.02042087,-0.00650094,-0.01319174,-0.01798634,-0.00072251,-0.01746927,-0.01775821,-0.0099695,-0.0192104,-0.01938531,-0.00803373,-0.0131096,-0.01606877,-0.01829195,-0.01379238,-0.02313364,-0.02067783,-0.00742699,-0.01345785,-0.01872685,0.29076516,0.01100921,0.00198726,0.01548899,-0.00612686,-0.03206593,-0.03354087,0.99020469,-0.02096068,-0.01659644,-0.01161939,-0.01431396,-0.02419202,-0.01055342,0.00883165,-0.02259685,-0.02303634,-0.00034995,-0.00350527,-0.00876667,-0.00398731,0.00241152,-0.00140071,-0.01713776,-0.0035144,-0.01666636,-0.02484286,-0.00403142,0.00997362,-0.0134913,-0.00577255,-0.00769465,-0.01454358,-0.028982,-0.00260508,-0.00608733,-0.00771136,-0.01579505,-0.01755143,0.00773375,-0.02360655,-0.0199023,-0.00439181,-0.0262905,-0.01839382,-0.02150806,-0.02217873,-0.017191,-0.01387907,-0.02393963,-0.00809304,-0.03814536,-0.02050603,0.00098669,-0.01983392,0.00573868,-0.00919551,-0.00466096,-0.01605664,-0.01939442,-0.01730964,-0.02118118,-0.02426502
"Np2_502991",-0.0171591,-0.00497728,0.0023066,-0.00853556,-0.01053974,-0.01024627,-0.00950875,-0.01939594,-0.02497061,-0.00311295,-0.01823569,-0.00013251,0.01536282,-0.01398856,-2.302e-05,-0.00112093,-0.01984299,-0.01245578,-0.03335844,-0.00309776,-0.01732032,-0.02377842,-0.01330578,-0.01374678,-0.02618255,-0.02858058,-0.02556216,0.00707836,0.00549993,-0.00521447,-0.00317986,0.01743845,-0.00756538,-0.01149623,-0.00022222,-0.02784613,0.00109921,-0.01011093,0.0388947,-0.01757119,-0.02034025,-0.02705386,-0.014977,-0.02481548,-0.02096068,1.00142251,-0.01349739,-0.01216987,-0.00452411,-0.00117262,-0.01596994,-0.00555663,-0.01584828,0.0048491,-0.02462235,0.0032433,-0.00293047,0.01082065,-0.01015198,-0.03251597,-0.02027332,-0.02124807,-0.01721684,0.00699625,0.0268953,-0.01764414,0.01561065,-0.01058081,-0.0202582,-0.03121282,0.00072817,-0.0172976,-0.02458136,-0.01966663,-0.01041505,-0.01110697,-0.00695865,-0.01670591,-0.02668739,-0.00874388,-0.0192378,0.00857923,-0.00593981,0.00038451,-0.01287544,-0.01184446,-0.00533006,-0.01168479,0.02410644,-0.0084352,-0.02374195,-0.01536629,-0.01032232,-0.01552441,-0.01798481,-0.00292136,0.00240848,-0.01223376,-0.02431676,-0.01173802
"Np2_501830",-0.01933361,-0.00395845,-0.02374192,-0.00021766,0.01009529,-0.01880743,-0.03373247,-0.013359,-0.0120908,-0.00756842,-0.0166086,-0.03028684,-0.02209053,-0.02178942,-0.00615119,-0.02519265,-0.02597114,-0.00428993,-0.02564879,-0.00709703,0.00650813,-0.02458434,-0.02019425,0.00582383,-0.01086973,0.00619638,-0.01663599,-0.01091077,-0.0232857,-0.01362359,0.01517423,-0.01286784,-0.01126052,-0.01595169,-0.00939166,-0.02591491,-0.00502896,-0.02064894,-0.01999965,-0.00605996,0.00059892,-0.00946009,-0.01228546,-0.01284807,-0.01659644,-0.01349739,0.99296656,-0.01723358,-0.01521419,-0.00578015,-0.00263395,-0.01487813,-0.02425739,-0.00705749,0.00042252,-0.02250105,0.07427214,0.00362803,-0.01704045,-0.02009236,-0.00891417,-0.02646384,-0.00190405,-0.00643099,-0.02789324,-0.0046123,-0.00906929,-0.01686104,0.00341819,-0.02107016,0.03535305,-0.01034822,-0.00850819,-0.00633063,-0.02429845,-0.00461384,-0.01293476,-0.0068674,-0.00666059,-0.00346726,-0.023085,-0.00423975,-0.02362479,-0.01182622,0.00715134,-0.0109777,-0.02544812,-0.01598819,0.00125128,-0.00802462,-0.00660434,0.00025069,-0.01690669,-0.01009572,-0.00875453,0.01223941,-0.00098255,-0.00239522,-0.01402203,0.00555164
"Np2_500500",-0.00234351,-0.02407199,-0.00599152,-0.01059905,0.00108248,-0.00181737,0.00287379,-0.03027911,-0.01395661,-0.01855805,0.00311861,-0.01892307,-0.02410841,-0.00905712,-0.0226151,0.00852449,-0.02631631,-0.02835706,-0.0253857,-0.02188824,-0.00615424,-0.01899903,0.02948944,-0.01398551,-0.016233,0.00858833,-0.0185018,-0.01308071,-0.01435499,-0.01336051,-0.00357066,-0.01640634,-0.01175776,-0.00975813,-0.02646381,0.01069137,-0.0038535,-0.02160235,-0.02262577,-0.00975053,-0.00157103,-0.00722019,0.00987482,-0.01456181,-0.01161939,-0.01216987,-0.01723358,0.98163012,-0.00780412,-0.01281613,-0.01119056,-0.00305821,-0.01334986,-0.0206322,-0.00509281,0.00422107,-0.00028,-0.00888224,-0.01145515,-0.00888071,-0.00941141,-0.00247885,-0.01000446,-0.01909332,0.00597589,-0.02138031,-0.01352018,-0.00762621,-0.00224924,-0.01624516,-0.01015501,-0.02437923,-0.00946162,-0.00515517,-0.02662045,-0.01073744,-0.01312786,-0.01922558,-0.01141561,0.02492759,-0.01263366,0.00575539,-0.01484616,-0.01080283,0.00300456,-0.01649303,0.00066583,-0.00143113,-0.01642915,-0.00608884,0.00399907,-0.00997865,-0.00615119,-0.0004047,-0.01046828,-0.03007539,-0.01334075,-0.00410897,-0.00600369,-0.00619833
"Np2_503262",-0.00199681,-0.01916337,-0.0170496,-0.02089681,-0.0203159,-0.00953004,-0.00651157,-0.02673908,-0.01148102,-0.00437356,-0.0085477,0.00529771,-0.01798329,-0.01296819,-0.00371664,-0.0042063,-0.03874295,-0.01447669,-0.01621932,0.03380963,-0.03105016,0.00598197,-0.01639114,-0.02139405,0.01102896,-0.01919671,-0.00583794,0.01159615,0.32919896,-0.01088493,-0.01189159,-0.0133225,-0.02905044,-0.00667428,-0.01319172,-0.03077942,-0.02586015,-0.01851852,-0.01011397,-0.01244511,-0.01901576,-0.02664175,-0.00939472,-0.02075384,-0.01431396,-0.00452411,-0.01521419,-0.00780412,0.99129667,-0.02950056,-0.01723054,-0.03479696,0.02242764,-0.00918486,-0.03546294,-0.00364365,-0.0253279,-0.02526253,-0.01262908,-0.01005465,-0.01438694,-0.02326898,-0.02121458,-0.00110724,-0.01557457,-0.02665997,-0.03339795,0.00534179,-0.0206064,-0.01757117,-0.01573879,-0.01156323,-0.0117,-0.01712564,0.00505134,-0.00582882,0.00942014,-0.01887889,-0.00316161,-0.01334989,-0.01867364,-0.00895219,0.00405228,-0.00072403,-0.00622873,-0.01781904,-0.00780718,-0.00655872,-0.01745103,-0.0223171,-0.02348191,-0.01601863,-0.01477627,-0.01480818,-0.02608828,-0.00555054,-0.01633946,-0.03356679,-0.02694593,-0.01284656
"Np2_503254",-0.00898566,-0.01079374,-0.01354605,-0.0084215,-0.00981744,-0.00876364,-0.01350041,-0.0121349,-0.0225756,-0.02033417,0.00970601,-0.03955516,-0.02147468,-0.01250593,-0.01131375,-0.00435228,-0.02368259,-0.03043732,0.00355504,-0.01484467,0.00043317,-0.018038,-0.01136697,-0.0011635,-0.00766878,-0.01189158,-0.02255889,-0.00345205,-0.03361841,6.974e-05,0.00636213,-0.01331642,0.02767537,-0.01533583,-0.00938405,-0.01997682,-0.00791057,-0.01790419,-0.00858726,-0.00924569,-0.01444778,-0.01568709,-0.00163337,0.00540717,-0.02419202,-0.00117262,-0.00578015,-0.01281613,-0.02950056,0.99359011,-0.01372699,-0.00331368,-0.00037581,-0.0065937,-0.00626067,-0.04499886,-0.00783452,-0.01658883,-0.00912555,0.01063207,-0.01042721,-0.01961337,-0.01010787,-0.0059672,-0.00644466,-0.00369231,-0.0031312,-0.0048404,-0.01193267,-0.01254699,-0.0066089,-0.01916039,-0.01169393,-0.01438241,-0.02094545,-0.00916815,-0.01840144,-0.01461503,-0.01790571,-0.00406792,-0.00330911,-0.00727342,0.01500694,-0.00041383,-0.01747536,0.05335288,-0.01920589,-0.01020216,-0.00026176,-0.01060211,-0.00826945,-0.00780109,-0.0138578,0.00314143,-0.00296849,-0.00584859,-0.00888225,-0.010447,-0.02617953,-0.02363701
"Np2_500757",0.02928726,-0.02391841,-0.01785096,-0.00329847,-0.01701154,-0.01246029,0.00743722,0.00925894,-0.00163794,0.00927111,-0.016344,-0.01907361,-0.01908878,-0.01665878,-0.00755929,0.02403652,-0.01779924,-0.0272911,-0.02264704,-0.02051815,-0.01208321,0.00077075,0.00546495,-0.00881382,-0.00680353,0.01041462,-0.00998472,-0.01201475,-0.02074014,-0.02932568,-0.00204851,-0.01032228,-0.01282068,0.02248087,-0.00076357,-0.01302902,-0.01008659,-0.01354147,0.01082977,-0.02282649,-0.01966506,-0.02120851,0.00303347,-0.01714537,-0.01055342,-0.01596994,-0.00263395,-0.01119056,-0.01723054,-0.01372699,0.98391444,-0.00275256,-0.01091532,-0.00527226,-0.0063078,-0.02056375,-0.00772959,-0.03579596,-0.01920887,-0.00583792,-0.00956195,0.00771093,-0.01030706,-0.02304546,-0.02337085,-0.00465183,-0.01549549,-0.01142627,0.00048944,-0.02749635,-0.02140619,-0.00947536,-0.02238553,-0.0040892,-0.02251321,-0.02335723,-0.00947682,-0.02439422,-0.00898108,-0.01612809,-0.00822229,-0.00823293,-0.01971067,-0.01946895,-0.01539361,0.01407328,-0.0092168,0.01666596,0.00075555,-0.00608732,-0.00664388,0.00979118,-0.01725034,-0.01500129,-0.00468834,-0.00665604,-0.01121035,0.00151891,-0.02470601,-0.02094698
"Np2_504574",-0.01519443,-0.03525029,-0.02857452,0.00498596,-0.01587414,0.0067727,0.00051528,-0.0127173,-0.00779956,-0.02517437,0.00440964,-0.03435914,-0.00137639,-0.01536929,0.0176042,-0.00463057,-0.01179579,0.00501942,-0.00630325,-0.02257409,-0.01672422,-0.01192961,-0.01864017,-0.00448305,-0.01935185,-0.01216987,-0.02055621,-0.01695988,-0.01534495,-0.00948443,-0.03117177,0.01681803,0.0001777,-0.01166046,-0.0210671,0.01152622,0.00610515,-0.01498913,-0.00840935,-0.01819161,0.0013927,0.03695278,0.00188994,-0.02421939,0.00883165,-0.00555663,-0.01487813,-0.00305821,-0.03479696,-0.00331368,-0.00275256,1.00002941,-0.01662076,0.00301217,-0.01505451,0.017221,-0.00446327,-0.01580267,0.00504222,-0.00850209,-0.00781628,-0.02855929,-0.01099441,-0.02160392,-0.01645502,-0.00168963,-0.01618284,-0.01591521,-0.01266715,-0.0186037,-0.02452656,-0.01548499,-0.00011122,-0.01025084,-0.03049962,-0.00305974,-0.00833939,0.02920511,-0.01514272,-0.02989293,-0.0124071,-0.01956473,-0.04123072,-0.01392168,-0.0217073,0.03361046,-0.01233717,0.00214084,-0.01802736,-0.02654297,-0.00292136,-0.02419817,-0.02265167,0.00818539,0.00967866,-0.02863234,-0.01509103,-0.01285418,-0.0071457,-0.01281464
"Np2_501930",-0.01590607,-0.01284813,0.01116278,-0.00515365,0.01854088,0.01944263,-0.00916811,0.00436249,0.06006948,-0.01508948,-0.01211663,-0.00496206,-0.01136393,-0.02596506,-0.00196335,0.026135,-0.01904615,-0.00876973,0.00560637,-0.02328571,-0.01348219,-0.00062823,-0.01570228,-0.02116138,0.00152955,-0.02900022,-0.00514909,-0.00748326,-0.00237088,-0.01202083,-0.01743734,-0.02723174,-0.00768094,-0.00309622,-0.00596413,-0.01214704,-0.02638779,-0.00095061,-0.0153556,-0.00263243,-0.00677008,0.01312743,-0.00262331,-0.01398244,-0.02259685,-0.01584828,-0.02425739,-0.01334986,0.02242764,-0.00037581,-0.01091532,-0.01662076,0.98020356,-0.03389062,-0.01728678,0.00099884,-0.01825237,-0.0306562,-0.03231672,-0.00480389,-0.02768791,-0.02410074,-0.01170605,0.01037813,-0.01427745,-0.01182922,-0.01096399,-0.00491795,-0.00896894,-0.02904739,-0.0114004,-0.01695695,-0.00264764,-0.00944185,-0.00095061,-0.02810161,-0.02501772,-0.00191925,-0.00673054,-0.00840325,-0.02239462,-0.00963191,0.00322049,-0.0172184,-0.01542401,-0.0124162,-0.03053614,-0.00222034,-0.01813074,-0.02269268,-0.02066414,-0.00620594,-0.01895344,-0.00469137,-0.02357465,-0.02341347,-0.01443409,0.00209675,-0.00147067,0.01004359
"Np2_500694",-0.01832238,-0.01191903,-0.02349102,-0.00407248,0.00137444,-0.0120178,-0.01994791,-0.01812621,-0.01883483,0.00256662,-0.02289644,-0.01376507,-0.00906626,-0.00770072,0.00763339,-0.01551378,-0.03013009,-0.01498763,-0.00152389,0.00212564,0.01329779,-0.02372518,-0.01340462,0.01063665,-0.01335596,-0.02122829,-0.00528443,-0.00913924,-0.01223829,-0.00516125,-0.0003895,-0.03831569,-0.00751215,-0.00885792,-0.01279027,0.00216366,-0.01238124,-0.03986218,-0.03571545,-0.00869826,-0.03138766,0.01010289,-0.01766092,-0.01274922,-0.02303634,0.0048491,-0.00705749,-0.0206322,-0.00918486,-0.0065937,-0.00527226,0.00301217,-0.03389062,0.99590181,-0.00495292,0.00953113,0.00943989,-0.01862649,-0.00614511,-0.02638019,0.01049673,-0.02149896,-0.00119695,-0.01530391,-0.00559312,0.00445829,-0.01855047,-0.0112879,-0.00347792,-0.00956654,-0.01396878,-0.01009732,0.00010623,-0.01094577,-0.01659644,-0.03067,-0.02636959,0.00235526,-0.0126443,0.00028111,-0.02024902,-0.00870281,0.00019595,0.00728061,-0.00993301,-0.01437633,-0.01379242,-0.00752585,-0.00670926,-0.01948264,-0.02216808,0.10177623,-0.01209386,-0.02079341,-0.02811986,-0.01290436,-0.01487357,-0.01035577,-0.01574795,-0.00590637
"Np2_500060",-0.01540425,-0.00763232,-0.02118114,0.00660087,0.00718174,-0.01700698,0.00273845,0.00410399,-0.00344749,-0.01671656,-0.01632879,-0.0271178,-0.01618436,-0.00721563,-0.02685614,-0.02080709,-0.01778402,-0.02073714,-0.01442039,-0.01928643,-0.01328451,-0.00423214,-0.00060238,-0.00895067,-0.01697658,0.14576623,0.01527307,-0.01945064,-0.02832809,-0.00771744,-0.00857204,-0.01380453,-0.01949626,-0.00213823,-0.01002423,-0.01103698,-0.01706629,-0.02234594,0.00126496,-0.02919794,-0.01356731,-0.02393043,-0.00607516,-0.01332857,-0.00034995,-0.02462235,0.00042252,-0.00509281,-0.03546294,-0.00626067,-0.0063078,-0.01505451,-0.01728678,-0.00495292,0.97679685,0.03282571,-0.01638199,-0.02452804,-0.03379173,-0.02011667,-0.00817818,-0.00839259,-0.01394137,-0.00143721,-0.00510802,0.02395127,-0.01821742,-0.01323582,-0.01135634,-0.00862526,-0.02063066,0.01517433,-0.01339855,-0.01791179,-0.02994911,-0.009048,-0.00201049,-0.00491489,-0.01307158,-0.00425191,-0.01550613,-0.01262756,-0.0037288,-0.01109022,-0.00503807,-0.02377535,-0.03368386,-0.0014144,0.00092281,-0.0253842,-0.00419565,-0.00038189,-0.03168118,-0.01270512,-0.00147979,0.00978204,-0.02001482,-0.02157957,-0.02377841,-0.00846256
"Np2_503014",0.00303346,-0.02462551,-0.02372821,-0.0038535,-0.01832689,-0.01347152,-0.01410257,-0.00057197,-0.01648695,-0.0168306,-0.01948411,0.00987179,-0.01781905,-0.01523698,-0.01115559,0.00675446,-0.01607331,-0.00792577,-0.0263954,-0.01833604,-0.0346875,-0.02350619,-0.00938404,-0.01590758,-0.00568587,0.04209703,-0.011148,-0.00101296,-0.00715327,-0.00250925,-0.02313213,0.00402491,-0.01596079,-0.01532974,-0.00709701,-0.01008659,-0.02006955,-0.02109141,-0.00934149,-0.00330911,-0.02919184,-0.0173537,-0.00968667,0.0076942,-0.00350527,0.0032433,-0.02250105,0.00422107,-0.00364365,-0.04499886,-0.02056375,0.017221,0.00099884,0.00953113,0.03282571,0.98067502,-0.02060175,-0.00031194,-0.02569437,-0.03102722,-0.01163762,-0.00485712,-0.02272303,-0.02299223,0.00268523,-0.0125059,-0.02000417,-0.00650701,-0.00280275,-0.01102026,-0.01420598,-0.01961048,0.00625569,-0.02836617,-0.01607332,-0.01722144,-0.00090803,-0.01035117,-0.01485834,-0.01789963,-0.01227479,0.0105241,-0.01479141,-0.01333317,0.00138661,-0.01826306,0.00087263,-0.02038434,-0.00633821,-0.00618617,0.00207698,-0.01220486,-0.02936222,0.00056242,-0.00463512,-0.01253331,0.00389718,0.00446134,-0.00382005,-0.00218993
"Np2_500537",-0.01758637,-0.0057087,-0.02625245,0.01430288,-0.00032259,-0.01356274,-0.01206492,-0.00187971,0.02295834,-0.0108393,-0.01334073,-0.01652652,-0.0043766,-0.0045317,-0.02113095,-0.02815937,0.00542845,-0.01531606,-0.0149298,-0.01158441,0.00840739,-0.01660249,-0.00293655,-0.01113277,0.01368702,-0.005438,-0.01488876,-0.022241,-0.02914161,-0.02738684,0.00019443,-0.01765933,-0.01103393,-0.01040288,-0.00338666,-0.01473972,-0.01453443,-0.00293503,-0.01216987,-0.00750607,-0.02837068,-0.01653254,-0.01449188,-0.01809575,-0.00876667,-0.00293047,0.07427214,-0.00028,-0.0253279,-0.00783452,-0.00772959,-0.00446327,-0.01825237,0.00943989,-0.01638199,-0.02060175,0.97167157,0.00142158,-0.01498909,-0.00587593,-0.02358979,-0.02669341,-0.01581934,-0.0303825,-0.02416916,-0.01092443,-0.00276017,-0.01648238,-0.00684764,0.00166185,0.05732464,-0.0081448,-0.01755748,-0.02389548,-0.02103058,-0.00438725,-0.00860244,-0.0248884,-0.00932322,-0.01783879,-0.01358252,-0.01146427,-0.00651917,-0.03106379,0.00524902,-0.01972285,-0.01244814,-0.03096794,-0.00034691,-0.01494502,-0.02523365,0.00610363,-0.0241312,-0.00302628,-0.01841207,-0.01216835,-0.00638232,0.00923614,-0.00573606,-0.00456212
"Np2_500774",-0.03151085,-0.02373898,-0.02831598,-0.00387935,-0.00512323,-0.01121641,0.01233061,-0.01321911,0.00295134,0.00869022,-0.01829345,-0.01189923,-0.02848938,-0.01054886,-0.00692366,-0.02383622,-0.00499853,0.00162839,-0.0195784,-0.01258348,-0.01479299,0.03197116,-0.01883783,3.324e-05,-0.01057775,-0.02179547,-0.0227307,0.01584024,-0.02299372,-0.00238304,-0.00749543,-0.02915079,0.03753971,0.00745395,-0.02217714,-0.02349404,-0.01173191,0.00093194,0.00203745,-0.01002577,0.00271565,-0.00977637,-0.01321,-0.026698,-0.00398731,0.01082065,0.00362803,-0.00888224,-0.02526253,-0.01658883,-0.03579596,-0.01580267,-0.0306562,-0.01862649,-0.02452804,-0.00031194,0.00142158,0.98533796,0.00058675,-0.02284166,-0.02793425,-0.00412265,-0.01925143,-0.02788413,-0.00813713,0.02046599,-0.0130351,-0.01565668,-0.00997561,0.00172723,0.00082246,-0.01522646,-0.0272242,-0.01318566,-0.0218776,0.01635882,-0.02845741,-0.02254209,-0.00849753,0.01720124,-0.00819492,0.00137444,-0.00812648,-0.0147276,-0.0054821,-0.01114192,0.01590111,-0.02649274,-0.01944153,-0.03206286,-0.01908573,-0.00477958,0.00087263,0.00540261,-0.01484924,-0.0124071,-0.02091504,0.012799,-0.01296974,-0.00571324
"Np2_500870",-0.01233866,-0.02098965,-0.01431396,-0.0180091,-0.02351073,-0.01120424,-0.01594102,-0.00514757,-0.00205459,-0.02551191,-0.00581208,-0.00063432,-0.01980956,-0.01205732,-0.01299404,-0.01500435,0.01219679,-0.0144782,-0.0192621,-0.00375162,-0.02314434,0.00552425,-0.01624058,-0.01865842,0.01270013,-0.0076414,-0.02165408,-0.0215552,-0.01750726,-0.03126295,-0.02086486,-0.01849418,-0.01080432,-0.01138977,-0.01805926,0.01027624,-0.0231245,-0.01243749,-0.01817487,-0.00104185,0.00637733,-0.02421023,0.00292093,-0.03155185,0.00241152,-0.01015198,-0.01704045,-0.01145515,-0.01262908,-0.00912555,-0.01920887,0.00504222,-0.03231672,-0.00614511,-0.03379173,-0.02569437,-0.01498909,0.00058675,0.98064765,-0.00442981,0.01617629,0.00105967,-0.00935515,-0.01084083,-0.00265067,-0.01008657,0.0014231,-0.00195879,-0.00753041,-0.00525553,-0.00920157,-0.00837137,-0.0092685,0.19028769,-0.0277959,-0.00628653,-0.02145031,-0.00245756,-0.00970186,-0.01669681,-0.00362085,-0.00834546,-0.00902669,-0.01182621,-0.02432581,-0.02025356,-0.01830109,-0.0280012,-0.02201444,-0.00650398,0.00267155,-0.00309471,0.00331783,-0.01207254,-0.0285228,-0.01315525,-0.01482033,-0.0204908,-0.02466647,-0.01391251
"Np2_503257",-0.01265343,-0.00488148,0.22715227,-0.01102482,-0.02154455,-0.02201139,-0.02020943,-0.00363757,-0.02457064,-0.01183683,-0.01494653,-0.02193393,-0.02286147,-0.03031558,-0.02258467,-0.02322643,-0.00834241,-0.01494503,-0.02079338,-0.00148131,-0.01935337,-0.01045305,-0.02659153,-0.00817667,-0.00707877,-0.00309014,-0.00463359,-0.00635951,-0.01265188,-0.00451042,-0.02254819,-0.00542735,0.00758471,0.00274149,-0.0118353,-0.00980679,0.00606104,0.01218615,-0.0064766,0.00046815,-0.01188092,-0.01235992,-0.00940688,-0.02335106,-0.00140071,-0.03251597,-0.02009236,-0.00888071,-0.01005465,0.01063207,-0.00583792,-0.00850209,-0.00480389,-0.02638019,-0.02011667,-0.03102722,-0.00587593,-0.02284166,-0.00442981,0.9749992,-0.01850479,-0.01218049,-0.01666482,-0.00370448,-0.01908417,-0.0059915,-0.00527834,-0.0179361,-0.02396395,0.00264114,-0.01377412,-0.01020679,-0.01414518,-0.01364031,0.01112171,-0.01754989,-0.01841966,-0.01432914,-0.01564298,-0.02552713,-0.0110826,-0.01641546,-0.00949352,-0.01442194,-0.00928217,-0.00627436,-0.00128059,-0.01006834,-0.0115327,-0.02050448,-0.00038037,-0.00325741,-0.01646112,-0.01573271,-0.00055373,-0.02517892,-0.01422272,-0.02399891,-0.01981107,-0.01240252
"Np2_501804",-0.005733,-0.00069819,-0.02245847,-0.0158133,0.00970599,-0.0345551,-0.02286902,-0.00325589,-0.01795435,-0.02635738,-0.0118277,-0.01957541,-0.02460869,-0.02126628,0.00349573,-0.01067965,0.00618116,-0.01273859,-0.00946312,-0.01645804,-0.02277329,-0.00626979,0.00070536,-0.00764293,-0.00015836,-0.02293289,-0.00227508,0.0084682,-0.00436291,0.01077349,-0.01273858,0.00103687,-0.00678376,-0.02926635,-0.01160569,0.0059333,-0.00769918,-0.02620835,-0.02114923,0.00525967,-0.00815385,0.01143951,0.00450848,-0.02692304,-0.01713776,-0.02027332,-0.00891417,-0.00941141,-0.01438694,-0.01042721,-0.00956195,-0.00781628,-0.02768791,0.01049673,-0.00817818,-0.01163762,-0.02358979,-0.02793425,0.01617629,-0.01850479,0.97500224,-0.02898197,-0.02206155,-0.01214248,-0.01018694,-0.00408919,-0.00063888,-0.00462902,-0.02464672,-0.02237179,-0.01658577,-0.01088957,0.00752542,0.00863852,-0.01966962,-0.01564757,0.00507567,-0.00725667,-0.00811431,0.03963365,-0.02104124,-0.00675791,-0.02675118,-0.0189063,-0.00996493,0.00809718,-0.00485257,-0.00968665,-0.00096278,-0.00385199,-0.01946284,-0.00622114,0.02345715,-0.0179361,-0.00625459,-0.00822229,-0.0331531,-0.01069181,0.00064301,-0.02677101
"Np2_500385",-0.01202997,-0.01839999,-0.00853098,-0.00431882,-0.01073285,0.01100158,-0.02703709,-0.01685189,-0.00113765,-0.01547116,-0.00443895,-0.02085428,-0.01585134,-0.00901149,-0.02241742,-0.02670871,-0.01653863,0.00210131,-0.00511563,-0.01119817,-0.00093844,-0.02169055,0.00368428,-0.00785734,-0.0164915,-0.02405969,-0.01419841,-0.01653256,-0.01765477,-0.01772474,0.01107306,-0.01347152,-0.02585405,0.00230051,-0.02048772,-0.01815509,-0.02159931,-0.01486594,-0.01087125,0.00398082,-0.01445081,0.0075756,-0.00619834,0.05482475,-0.0035144,-0.02124807,-0.02646384,-0.00247885,-0.02326898,-0.01961337,0.00771093,-0.02855929,-0.02410074,-0.02149896,-0.00839259,-0.00485712,-0.02669341,-0.00412265,0.00105967,-0.01218049,-0.02898197,0.98293805,0.14240862,0.01516662,-0.00827247,-0.02376771,-0.00708789,-0.00605995,-0.01817032,-0.00099318,-0.01603987,-0.0209882,-0.03769987,-0.01909941,-0.01349737,-0.00536959,-0.02828861,-0.02298154,0.00033889,-0.02338305,0.00657198,-0.02096217,0.00572802,0.00095171,0.00274605,-0.01036487,-0.01784034,-0.03590395,0.0059698,-0.01714388,-0.02256647,-0.00613143,-0.00717002,-0.01769434,-0.00920615,-0.00630782,-0.0301742,0.01403223,-0.02131651,-0.00782541
"Np2_502415",-0.0090632,-0.02288435,-0.00875754,-0.00560983,-0.01612956,0.01047087,-0.03000078,-0.01464544,-0.00349311,0.00072513,-0.01090011,-0.02442625,0.00688371,-0.01227933,-0.00074685,-0.02176509,-0.0071852,-0.02443228,-0.02769552,0.00393367,-0.01104917,-0.02374187,0.00208914,-0.0085401,-0.02204029,-0.01455419,-0.01792243,-0.00702706,-0.01240705,-0.00015988,-0.00861765,0.00059588,-0.02319139,-0.00841844,-0.01447967,0.00336343,-0.0050989,-0.01235536,-0.00714416,-0.01479751,-0.02456148,-0.00071035,0.01668878,-0.02173767,-0.01666636,-0.01721684,-0.00190405,-0.01000446,-0.02121458,-0.01010787,-0.01030706,-0.01099441,-0.01170605,-0.00119695,-0.01394137,-0.02272303,-0.01581934,-0.01925143,-0.00935515,-0.01666482,-0.02206155,0.14240862,0.97016593,0.01311526,0.00579493,-0.02140918,-0.00944335,-0.01966811,-0.0229588,-0.00228421,-0.01626643,-0.01954203,-0.01542099,-0.00031803,-0.00961821,0.00656894,0.00782802,-0.0186462,-0.0080991,-0.02011213,0.00041493,-0.02772745,-0.03327468,-0.0334892,-0.01086209,0.00263809,-0.00833482,-0.01788287,0.00011688,-0.02725457,-0.01944762,-0.01380912,-0.00739659,0.00093498,-0.00106922,-0.01307312,-0.01884392,-0.02344995,-0.00557639,-0.00561896
"Np2_502808",0.00328893,0.0057387,0.00405077,-0.00739964,-0.01198891,0.0003176,-0.0097414,0.00135619,-0.02778835,-0.01763961,-0.01284199,-0.00599154,-0.0082877,-0.00327262,-0.00816299,-0.02233841,0.01140151,-0.0031084,0.00974707,-0.00728406,-0.02059424,-0.00743613,0.02462953,-0.01717277,-0.01729138,-0.02409925,-0.01499827,-0.02508767,-0.00552924,-0.01183381,-0.00858269,-0.00529963,-0.00764597,-0.02906416,-0.0162695,-0.00724605,-0.00293504,-0.02737472,-0.01136699,-0.03072927,-0.01251353,-0.0193792,-0.02448556,-0.01197066,-0.02484286,0.00699625,-0.00643099,-0.01909332,-0.00110724,-0.0059672,-0.02304546,-0.02160392,0.01037813,-0.01530391,-0.00143721,-0.02299223,-0.0303825,-0.02788413,-0.01084083,-0.00370448,-0.01214248,0.01516662,0.01311526,0.99821959,-0.0175879,0.01010288,-0.0077357,-0.02160999,-0.02049085,-0.01213338,-0.00330607,-0.01494515,0.0008848,-0.01989928,-0.00897501,-0.0072339,-0.03258596,-0.01861127,-0.00715176,0.02493371,-0.01262758,-0.0156795,-0.00085024,-0.03208572,-0.00413635,0.00784324,-0.00069667,-0.02393049,-0.00152085,-0.0009126,-0.03020922,-0.00693129,-0.01496484,-0.00754561,-0.01365555,-0.01760009,-0.00922897,-0.01201022,0.0028221,-0.00847321
"Np2_501816",-0.00768095,-0.01253032,-0.01832388,-0.02353967,0.01277616,0.00303346,-0.01021888,0.01091492,-0.00743309,-0.00625611,-0.00297914,-0.0061649,-0.04009033,-0.03294631,-0.0151792,0.01672074,-0.02359438,-0.02076909,-0.02190345,-0.01688536,-0.00099927,-0.01947043,0.00225489,-0.03528962,-0.0049955,-0.01682148,-0.00102968,0.0084971,-0.02197338,-0.00957414,0.00736272,-0.02554536,-0.02150504,-0.01524763,-0.0261749,-0.00620289,-0.01801061,-0.00063279,0.01233369,0.0344848,-0.00310687,0.00082398,-0.02709191,-0.02035543,-0.00403142,0.0268953,-0.02789324,0.00597589,-0.01557457,-0.00644466,-0.02337085,-0.01645502,-0.01427745,-0.00559312,-0.00510802,0.00268523,-0.02416916,-0.00813713,-0.00265067,-0.01908417,-0.01018694,-0.00827247,0.00579493,-0.0175879,0.98661852,-0.01881044,-0.02296333,0.00315511,0.01035687,0.00502854,-0.01792546,-0.00280125,0.0034486,-0.00517038,0.00088784,-0.02565491,-0.00736466,-0.01285413,-0.02253146,-0.01127878,-0.01675458,-0.01296363,0.00034498,-0.02663268,0.00222904,-0.01696444,-0.04086282,0.00463621,-0.00853706,-0.01309899,-0.00848537,-0.03401995,-0.02775948,-0.00452563,-0.01534953,-0.00363149,-0.01137913,-0.00260355,0.00356112,-0.0164018
"Np2_502510",-0.00599303,0.01166311,-0.01617976,0.00232636,-0.00347942,-0.03511924,0.01306202,-0.01248766,-0.00878644,-0.01718946,-0.02562137,-0.00158776,-0.02243568,-0.02471963,-0.01622841,-0.01732635,-0.02114612,-0.00311447,-0.02188822,-0.00455299,-0.00919551,-0.02538567,0.00287835,0.00198118,-0.00543648,0.01071721,-0.01181099,-0.01414514,0.00875863,0.01537948,-0.02485955,-0.00545776,0.00572954,-0.02329176,-0.02600759,-0.01044545,-0.00613445,-0.00822076,-0.00285749,-0.02404449,0.00086199,-0.01010938,-0.03680874,-0.01608243,0.00997362,-0.01764414,-0.0046123,-0.02138031,-0.02665997,-0.00369231,-0.00465183,-0.00168963,-0.01182922,0.00445829,0.02395127,-0.0125059,-0.01092443,0.02046599,-0.01008657,-0.0059915,-0.00408919,-0.02376771,-0.02140918,0.01010288,-0.01881044,0.96809453,-0.01154335,-0.01522936,-0.004074,-0.01563689,-0.01882261,-0.02118586,-0.01311113,-0.0179285,-0.02053788,0.00522926,-0.0170815,-0.0116224,-0.00350832,0.01048153,-0.01187332,-0.01583761,-0.01803947,0.01535214,-0.01645954,-0.01329968,-0.01925451,0.00586792,0.0050118,-0.027986,0.00551969,-0.01332403,-0.01892454,-0.01256977,-0.01229303,-0.0027039,-0.00193598,-0.02357311,-0.023491,-0.02398975
"Np2_500502",-0.02261514,0.00857471,0.00840739,-0.02113859,-0.01356276,-0.02011214,-0.0224159,-0.01800911,0.03191949,0.00450847,-0.01380759,-0.01364798,0.00534483,0.00230051,-0.01916479,-0.0237602,0.00785083,-0.01487054,0.00041797,0.00650051,0.00170595,-0.0248246,-0.01480816,0.00953723,0.00926654,-0.01168325,-0.02219849,-0.02681358,-0.02337388,-0.01097465,0.0097638,-0.01721381,5.605e-05,-0.02333895,-0.00415763,0.00501789,-0.00663779,-0.00096886,-0.00184018,-0.02409168,-0.01469563,-0.02019273,-0.02575528,-0.00989499,-0.0134913,0.01561065,-0.00906929,-0.01352018,-0.03339795,-0.0031312,-0.01549549,-0.01618284,-0.01096399,-0.01855047,-0.01821742,-0.02000417,-0.00276017,-0.0130351,0.0014231,-0.00527834,-0.00063888,-0.00708789,-0.00944335,-0.0077357,-0.02296333,-0.01154335,0.99157346,-0.01786162,-0.00184019,-0.01446755,-0.02616883,-0.03461473,-0.00646749,-0.02116901,-0.03746412,-0.01458618,-0.02838139,-0.01729591,-0.01648087,-0.00994215,-0.01055191,0.0101181,-0.00637776,0.00146721,-0.01483401,-0.02657639,-0.01154643,-0.00056588,-0.00932931,-0.00279058,-0.00060999,-0.00242259,-0.00559008,-0.00182042,-0.02192021,-0.01293933,0.00303498,-0.00841391,0.00839524,-0.0065496
"Np2_502880",-0.01383194,-0.0115343,-0.0159593,-0.00110268,-0.00128211,-0.02471056,-0.00253207,-0.004664,-0.02240377,-0.01347154,-0.00806567,-0.01338035,-0.02099873,-0.02039347,0.00497684,-0.02349258,-0.0054152,-0.03452329,0.01726054,-0.02942303,-0.00426105,-0.02242808,-0.00024655,-0.0239533,-0.01540427,-0.02373279,-0.00307494,0.00401883,0.00989152,0.00130602,-0.02266228,-0.00462903,-0.01260173,0.01844208,-0.0184881,0.02353317,-0.02933178,-0.01894887,-0.01541037,-0.00481607,-0.02309564,-0.0136905,-0.0063276,-0.00810673,-0.00577255,-0.01058081,-0.01686104,-0.00762621,0.00534179,-0.0048404,-0.01142627,-0.01591521,-0.00491795,-0.0112879,-0.01323582,-0.00650701,-0.01648238,-0.01565668,-0.00195879,-0.0179361,-0.00462902,-0.00605995,-0.01966811,-0.02160999,0.00315511,-0.01522936,-0.01786162,0.99849639,-0.01312943,-0.00112245,-0.01312786,0.00321292,-0.0039189,-0.01375439,-0.00085329,-0.01294998,0.01431204,-0.01718035,-0.01347609,-0.01712565,-0.02579478,-0.00573301,-0.01280092,-0.0019147,-0.01988862,-0.00319507,0.00164664,-0.00364366,-0.01468804,-0.00176264,-0.0309072,0.01001016,-0.02661141,-0.01432614,-0.00507763,-0.00263548,-0.01099139,-0.01179581,-0.01034512,-0.0082588
"Np2_501725",-0.02092424,-0.00904654,-0.00069819,-0.01716673,0.00713615,-0.0278492,-0.02376628,0.00801204,-0.01824334,-0.02117209,-0.00132013,-0.00967608,4.085e-05,-0.02718165,-0.01732182,-0.02845601,-0.03288402,-0.01150691,-0.00777524,-0.02541468,-0.01682765,-0.00260507,-0.02482616,-0.00595504,-0.00090347,-0.00314945,-0.02963144,-0.00717915,-0.02548459,0.01078873,-0.00375163,-0.0150667,0.0022032,-0.02742648,-0.02147467,-0.01853378,-0.00327414,0.00589227,0.0120159,-0.01738266,0.01208583,-0.01333166,-0.02178342,-0.0135263,-0.00769465,-0.0202582,0.00341819,-0.00224924,-0.0206064,-0.01193267,0.00048944,-0.01266715,-0.00896894,-0.00347792,-0.01135634,-0.00280275,-0.00684764,-0.00997561,-0.00753041,-0.02396395,-0.02464672,-0.01817032,-0.0229588,-0.02049085,0.01035687,-0.004074,-0.00184019,-0.01312943,1.0244604,-0.02615827,-0.02158872,-0.02532059,-0.01466072,-0.009746,-0.00490427,-0.01715306,-0.00433708,0.00872521,-0.02406585,0.00056851,-0.01403116,-0.00020398,-0.00270999,-0.00642189,-0.02059423,-0.02594995,-0.00194815,0.00371016,0.00695976,-0.01493748,0.0073156,-0.01472156,-0.01788906,-0.01031776,-0.00760799,-0.01292111,0.01354566,-0.01158902,-0.00664085,0.02099225
"Np2_504132",0.01054693,-0.01574344,-0.00633062,-0.01124229,-0.0210017,-0.00854314,-0.00567674,-0.0035509,-0.01019001,-0.00764446,-0.01273098,-0.01530852,-0.00604779,-0.01015655,0.00411311,-0.02420423,-0.01190527,-0.00877582,-0.02177117,-0.02101086,-0.01774609,0.03525271,-0.02452806,0.00164208,-0.02143815,-0.00011426,0.00853057,-0.03288396,-0.00754712,0.00074642,0.0129693,-0.00868608,0.01040855,-6.104e-05,-0.0011042,-0.02477443,-0.01149166,-0.01114495,-0.0120163,-0.01586807,-0.0133149,-0.0171393,-0.0211812,0.00912512,-0.01454358,-0.03121282,-0.02107016,-0.01624516,-0.01757117,-0.01254699,-0.02749635,-0.0186037,-0.02904739,-0.00956654,-0.00862526,-0.01102026,0.00166185,0.00172723,-0.00525553,0.00264114,-0.02237179,-0.00099318,-0.00228421,-0.01213338,0.00502854,-0.01563689,-0.01446755,-0.00112245,-0.02615827,0.99372699,-0.02220302,-0.01620273,-0.01025692,-0.00868761,-0.00871194,-0.02278547,-0.02046191,-0.0128739,-0.00749694,-0.0233116,0.00010471,-0.02955834,-0.00058718,-0.01372703,0.00540261,-0.00177783,-0.00940537,0.00400819,-0.00232222,0.00832224,-0.00135814,-0.01837714,0.00035258,-0.02157654,-0.02905505,-0.01748908,-0.00425191,-0.00505633,-0.01364186,-0.00015075
"Np2_504805",-0.00069819,-0.00554752,-0.01027667,0.00503614,-0.02981377,-0.00777522,-0.01448882,-0.02255124,-0.01155097,-0.01189462,-0.01013829,-0.02412062,0.001563,-0.01638354,-0.02249041,-0.01948263,0.01152012,-0.01926062,-0.0094464,-0.00366799,0.00948097,-0.02480482,-0.00779346,-0.00671382,0.00183519,-0.01805015,0.00412832,0.00483541,-0.01453443,0.00060196,0.001268,-0.00761403,-0.00159688,0.00754974,-0.01265341,-0.00515061,-0.00965929,-0.00900845,-0.02143664,-0.00521599,-0.01361142,-0.00952851,0.02201255,-0.01017934,-0.028982,0.00072817,0.03535305,-0.01015501,-0.01573879,-0.0066089,-0.02140619,-0.02452656,-0.0114004,-0.01396878,-0.02063066,-0.01420598,0.05732464,0.00082246,-0.00920157,-0.01377412,-0.01658577,-0.01603987,-0.01626643,-0.00330607,-0.01792546,-0.01882261,-0.02616883,-0.01312786,-0.02158872,-0.02220302,0.98385665,-0.01163317,-0.01359472,-0.00503048,-0.01782814,-0.02292993,-0.01117841,-0.00967297,-0.01570077,-0.00490427,-0.01372547,0.02047819,-0.02855924,-0.02253912,-0.0104044,-0.0098296,0.00155084,-0.01043025,-0.01888954,0.00559269,-0.00484801,-0.03798577,-0.02777163,-0.02126479,-0.00502135,0.01186684,-0.02294814,-0.01082715,-0.00739964,-0.02857907
"Np2_501305",-0.01233724,0.00288599,0.0062162,-0.01998459,-0.01651444,-0.01089869,-0.01396279,-0.01746335,-0.01011253,-0.02885604,0.00011992,-0.00808401,0.0023933,-0.0017155,-0.004477,-0.00375014,-0.01365258,-0.01767017,-0.0233665,-0.0039022,0.01852285,-0.01895662,-0.01593508,-0.02838921,-0.01725501,-0.01569938,-0.0170908,-0.00452261,-0.02678185,-0.03050138,-0.01523712,-0.00769622,-0.01642929,-0.00728259,0.01053027,-0.01101123,-0.00776464,-0.023993,-0.01817351,-0.00909978,-0.01080442,0.0011859,-0.02475338,-0.01680033,-0.00260508,-0.0172976,-0.01034822,-0.02437923,-0.01156323,-0.01916039,-0.00947536,-0.01548499,-0.01695695,-0.01009732,0.01517433,-0.01961048,-0.0081448,-0.01522646,-0.00837137,-0.01020679,-0.01088957,-0.0209882,-0.01954203,-0.01494515,-0.00280125,-0.02118586,-0.03461473,0.00321292,-0.02532059,-0.01620273,-0.01163317,1.11615873,-0.00090347,-0.01834229,0.01326288,-0.01434452,-0.02677124,-0.0169022,-0.00681119,-0.01456652,0.0121954,-0.01807615,-0.02833746,-0.00315709,0.00776118,-0.00382921,0.00314146,-0.0185719,-0.01060825,0.00490236,-0.00918798,-0.02073278,0.007121,-0.01404797,0.003108,0.01376168,-0.0093446,-0.00513089,-0.02861886,-0.03124652
"Np2_503907",-0.00669559,-0.02523078,-0.01825093,0.02139215,-0.02379819,-0.01590152,-0.02139863,-0.01820835,0.00419676,-0.02214984,0.00804245,-0.0232752,-0.02572338,-0.01249682,-0.02012434,-0.01681243,-0.02382556,-0.00275257,-0.01225048,-0.01863717,-0.01081045,0.00873434,-0.01820072,-0.02183507,-0.0134381,-0.01644439,0.02200498,-0.03051029,-0.00882295,-0.01756055,-0.01506975,-0.01513208,-0.02310478,-0.01350196,-0.0133286,0.02367462,-0.02630118,-0.01226872,-0.02530519,-0.03584779,-0.01732788,-0.00792273,-0.01561416,-0.00979008,-0.00608733,-0.02458136,-0.00850819,-0.00946162,-0.0117,-0.01169393,-0.02238553,-0.00011122,-0.00264764,0.00010623,-0.01339855,0.00625569,-0.01755748,-0.0272242,-0.0092685,-0.01414518,0.00752542,-0.03769987,-0.01542099,0.0008848,0.0034486,-0.01311113,-0.00646749,-0.0039189,-0.01466072,-0.01025692,-0.01359472,-0.00090347,1.01383571,-0.02699462,-0.00740268,-0.00885491,-0.01230979,0.01352585,0.00080725,-0.0019299,-0.01075113,-0.03129039,-0.0219354,-0.01074507,0.01446714,-0.02312611,0.13149881,0.00334064,-0.01013679,-0.0127219,-0.00552318,-0.01721996,-0.00654961,-0.00795012,-0.02029468,-0.00507916,-0.02803321,0.00218343,-0.01430945,-0.01815361
"Np2_504439",-0.01531457,-0.01560203,0.00780066,-0.02068089,-0.01538601,-0.00277537,-0.00173374,-0.01603077,-0.00837589,-0.01373766,-0.02308197,0.02847535,-0.00605845,-0.0130564,-0.00030738,-0.01691582,-0.01252418,-0.01532522,-0.00718371,-0.02117358,-0.00726431,-0.00231767,-0.02119332,-0.01357495,-0.01764721,-0.01806842,-0.03740338,-0.0192089,-0.01303206,-0.01006075,-0.02399284,-0.00535133,-0.01773388,-0.01679869,-0.01419231,-0.00714569,-0.00724452,-0.00309622,-0.0185657,0.00358546,-0.0043538,-0.01258804,0.014087,-0.03087827,-0.00771136,-0.01966663,-0.00633063,-0.00515517,-0.01712564,-0.01438241,-0.0040892,-0.01025084,-0.00944185,-0.01094577,-0.01791179,-0.02836617,-0.02389548,-0.01318566,0.19028769,-0.01364031,0.00863852,-0.01909941,-0.00031803,-0.01989928,-0.00517038,-0.0179285,-0.02116901,-0.01375439,-0.009746,-0.00868761,-0.00503048,-0.01834229,-0.02699462,1.00252665,-0.00020702,-0.01275991,-0.01560653,-0.01166805,0.00116003,-0.02666766,-0.01997836,-0.0085842,0.00533266,-0.00233288,-0.02760586,-0.0261187,-0.01002427,-0.01440218,-0.0214929,-0.01601864,-0.00334561,0.02175711,-0.01684131,-0.00698907,-0.02146251,-0.02479881,-0.00608732,-0.02042545,-0.03889515,-0.00198616
"Np2_504876",-0.02598334,0.0012528,-0.00773417,0.00727452,-0.00871953,0.00951744,-0.01012156,0.00067191,-0.01843641,-0.0190842,0.00107184,0.18431675,-0.0009126,-0.0240293,-0.02101235,-0.00857661,-0.01802277,-0.00348855,-0.03381916,-0.01648391,-0.00333498,-0.00386262,0.00052745,-0.01238276,-0.01980041,-0.00820859,-0.01066444,-0.01208622,-0.00408464,-0.00339427,-0.02249651,-0.00720042,-0.00255184,-0.01606269,-0.02075536,-0.02039955,-0.02962219,-0.00677008,0.00087415,-0.01362208,-0.01471844,-0.01641395,-0.0353581,-0.04063462,-0.01579505,-0.01041505,-0.02429845,-0.02662045,0.00505134,-0.02094545,-0.02251321,-0.03049962,-0.00095061,-0.01659644,-0.02994911,-0.01607332,-0.02103058,-0.0218776,-0.0277959,0.01112171,-0.01966962,-0.01349737,-0.00961821,-0.00897501,0.00088784,-0.02053788,-0.03746412,-0.00085329,-0.00490427,-0.00871194,-0.01782814,0.01326288,-0.00740268,-0.00020702,0.98590068,-0.01248009,0.01067618,-0.00272062,-0.00464271,-0.01635162,-0.00251535,-0.01088948,0.01291149,0.00159646,-0.01257586,-0.01291345,-0.02130132,-0.01473061,-0.01619498,0.00114026,-0.01872839,-0.01308987,-0.02568532,-0.00853403,-0.01145061,-0.01843643,-0.02147009,-0.01086973,0.00411463,-0.00657241
"Np2_501763",0.01575058,-0.02255292,-0.00781782,0.01144869,-0.01777495,-0.00501224,0.00043925,0.00074034,-0.01760771,0.0050103,-0.00555054,-0.0075198,-0.0032772,-0.02091965,0.00566721,-0.01656761,-0.0086785,0.00144591,-0.02705999,-0.00501072,-0.01223835,-0.01671964,-0.01369812,-0.01535563,0.01356998,-0.02608373,-0.01956782,-0.0079121,-0.0259134,-0.01761987,-0.02364465,0.00472898,-0.01282375,-0.0067184,-0.01749363,-0.0218518,-0.00339884,-0.01126359,-0.02156291,-0.0240461,0.00435794,-0.01132744,0.00409488,0.01524115,-0.01755143,-0.01110697,-0.00461384,-0.01073744,-0.00582882,-0.00916815,-0.02335723,-0.00305974,-0.02810161,-0.03067,-0.009048,-0.01722144,-0.00438725,0.01635882,-0.00628653,-0.01754989,-0.01564757,-0.00536959,0.00656894,-0.0072339,-0.02565491,0.00522926,-0.01458618,-0.01294998,-0.01715306,-0.02278547,-0.02292993,-0.01434452,-0.00885491,-0.01275991,-0.01248009,1.01888799,-0.00218081,-0.01740238,-0.0007727,-0.00563875,-0.00776916,-0.01203759,0.00233548,0.00242521,-0.02254369,-0.00585011,-0.00998019,-0.0122292,-0.01673484,-0.00456974,0.01160076,-0.02168914,-0.00736924,-0.0072491,-0.02461179,-0.01928043,-0.00558704,-0.01916485,-0.02562151,-0.0174526
"Np2_504598",-0.02845744,-0.01855664,-0.03681941,-0.00462751,-0.00876059,-0.01530998,-0.00560071,-0.00864504,-0.012547,-0.01638812,-0.01767306,-0.00443593,0.01470894,-0.00916813,-0.01192961,-0.01758946,-0.02247369,0.0010323,0.00522013,-0.00664083,-0.0018554,-0.02519261,0.0184299,-0.0242848,-0.02075387,-0.01570078,-0.00781629,-0.01136697,0.03282575,0.02667328,-0.00748327,0.02347538,-0.02783546,-0.0192971,-0.00771896,-0.00675489,-0.00913467,-0.01699941,-0.01680632,-0.02567619,-0.01399919,0.00741898,-0.01715151,0.0019021,0.00773375,-0.00695865,-0.01293476,-0.01312786,0.00942014,-0.01840144,-0.00947682,-0.00833939,-0.02501772,-0.02636959,-0.00201049,-0.00090803,-0.00860244,-0.02845741,-0.02145031,-0.01841966,0.00507567,-0.02828861,0.00782802,-0.03258596,-0.00736466,-0.0170815,-0.02838139,0.01431204,-0.00433708,-0.02046191,-0.01117841,-0.02677124,-0.01230979,-0.01560653,0.01067618,-0.00218081,0.99813746,-0.0118855,-0.01487203,-0.00498791,-0.03418566,-0.01625278,-0.00796226,-0.02429548,-0.00045184,-0.00687197,-0.0192135,-0.03043426,-0.01806081,-0.00619986,-0.01177451,-0.00750457,-0.0278553,-0.00568588,-0.00480087,0.02501279,-0.00615271,-0.00695714,-0.01782363,0.01695643
"Np2_503564",-0.02999323,0.03297796,-0.01387296,-0.0146789,-0.01607483,-0.01350039,-0.01793304,-0.02143356,-0.01043329,-0.0247668,0.00010319,-0.01098987,-0.01480666,-0.00264459,-0.00084416,-0.00756842,-0.02279298,0.00390631,0.00946269,-0.01334683,-0.02224714,-0.00574365,-0.01655991,0.01371592,-0.00860397,-0.00993755,-0.02273373,-0.01487961,-0.02132404,-0.01576768,-0.00217624,0.00049855,-0.019183,-0.01414211,-0.01548938,-0.01300469,-0.01933812,-0.00484952,-0.01317196,-0.00774785,-0.01112517,-0.01358099,-0.02142447,-0.01924991,-0.02360655,-0.01670591,-0.0068674,-0.01922558,-0.01887889,-0.01461503,-0.02439422,0.02920511,-0.00191925,0.00235526,-0.00491489,-0.01035117,-0.0248884,-0.02254209,-0.00245756,-0.01432914,-0.00725667,-0.02298154,-0.0186462,-0.01861127,-0.01285413,-0.0116224,-0.01729591,-0.01718035,0.00872521,-0.0128739,-0.00967297,-0.0169022,0.01352585,-0.01166805,-0.00272062,-0.01740238,-0.0118855,0.97407756,0.01978324,-0.0284209,-0.01869034,-0.01185811,-0.02592091,-0.0110811,0.00789645,-0.00521447,0.00282057,-0.01159353,-0.01822805,0.00047575,0.01345285,-0.00463056,-0.02239617,-0.02273218,-0.01165893,-0.01301838,-0.00099775,-0.00469138,0.08358768,-0.02806963
"Np2_504399",-0.00241498,0.10876077,-0.01457855,-0.02694134,-0.01951755,-0.00477805,-0.0025199,-0.00024199,0.00057002,0.00037843,-0.01808969,-0.03876288,0.00243129,0.00516539,-0.00717609,-0.00796988,-0.01559128,-0.01778408,-0.02925877,-0.00416828,-0.01687018,-0.00903431,-0.01376803,-0.00265221,-0.01341527,-0.02022314,0.00058675,-0.00661345,-0.00773568,-0.00978246,-0.01580723,-0.00826639,-0.02186543,-0.01834516,-0.01923624,-0.02982901,-0.01456942,-0.01315827,-0.01007595,-0.00951788,-0.01882567,-0.01915261,-0.0131583,-0.00885487,-0.0199023,-0.02668739,-0.00666059,-0.01141561,-0.00316161,-0.01790571,-0.00898108,-0.01514272,-0.00673054,-0.0126443,-0.01307158,-0.01485834,-0.00932322,-0.00849753,-0.00970186,-0.01564298,-0.00811431,0.00033889,-0.0080991,-0.00715176,-0.02253146,-0.00350832,-0.01648087,-0.01347609,-0.02406585,-0.00749694,-0.01570077,-0.00681119,0.00080725,0.00116003,-0.00464271,-0.0007727,-0.01487203,0.01978324,0.98528929,0.00721673,-0.02623879,-0.00450433,-0.00594589,-0.0163486,-0.01789961,-0.00592005,-0.00487995,-0.01777341,-0.01650063,-0.01330732,0.00134251,0.00850168,-0.01899603,-0.00899173,-0.00324069,-0.02801797,-0.0181262,-0.00570109,-0.01671963,-0.01448124
"Np2_500671",-0.0276576,0.00109922,-0.03100147,-0.0200985,-0.01145821,-0.02211332,-0.02259232,-0.01438393,-0.01676526,-0.00022983,-0.02447639,-0.00774181,-0.007757,0.01200826,-0.02375105,-0.00203939,-0.00798812,-0.02553937,-0.0318439,-0.00568892,0.0068518,-0.02621753,0.00265482,-0.02272463,-0.01995403,-0.01687776,-0.02298317,-0.01178363,-0.00515061,-0.03654571,-0.01276597,-0.00172766,-0.0007286,0.00446438,-0.00524641,-0.00108899,-0.01046372,-0.00281795,-0.00384135,-0.01392774,-0.00027393,-0.01352628,-0.00935672,-0.03212063,-0.00439181,-0.00874388,-0.00346726,0.02492759,-0.01334989,-0.00406792,-0.01612809,-0.02989293,-0.00840325,0.00028111,-0.00425191,-0.01789963,-0.01783879,0.01720124,-0.01669681,-0.02552713,0.03963365,-0.02338305,-0.02011213,0.02493371,-0.01127878,0.01048153,-0.00994215,-0.01712565,0.00056851,-0.0233116,-0.00490427,-0.01456652,-0.0019299,-0.02666766,-0.01635162,-0.00563875,-0.00498791,-0.0284209,0.00721673,1.00536456,-0.01072832,-0.00754561,-0.00412114,-0.01756513,-0.01683519,-0.00835308,-0.01339553,-0.01564454,-0.00904953,0.01999469,-0.01690516,-0.01065839,-0.02933642,-0.01096857,0.00709966,-0.00429602,-0.00717762,-0.00782999,-0.0161114,-0.01159204
"Np2_504022",0.005947,-0.00696172,-0.02370391,-0.01553809,0.00830854,-0.00158624,-0.039777,-0.01362512,-0.01767915,-0.02364916,-0.00106009,-0.01169699,-0.02022776,-0.0033517,0.01015764,-0.00721108,-0.0043401,0.00091826,0.00297719,-0.01785554,-0.01002884,-0.0003682,0.01375393,-0.00265373,-0.02010759,-0.00349767,-0.02161609,-0.00980831,-0.01153879,-0.02711925,-0.00501223,0.03202895,-0.01487203,-0.00648573,-0.0099619,-0.01295148,-0.00149347,-0.01437631,-0.00353873,6.062e-05,-0.015938,-0.0047081,-0.00388393,-0.0105291,-0.0262905,-0.0192378,-0.023085,-0.01263366,-0.01867364,-0.00330911,-0.00822229,-0.0124071,-0.02239462,-0.02024902,-0.01550613,-0.01227479,-0.01358252,-0.00819492,-0.00362085,-0.0110826,-0.02104124,0.00657198,0.00041493,-0.01262758,-0.01675458,-0.01187332,-0.01055191,-0.02579478,-0.01403116,0.00010471,-0.01372547,0.0121954,-0.01075113,-0.01997836,-0.00251535,-0.00776916,-0.03418566,-0.01869034,-0.02623879,-0.01072832,0.99441137,-0.01879984,-0.00898868,0.00113723,-0.00740875,-0.01367682,0.00028871,0.00229747,-0.00144786,-0.00388088,-0.00884728,-0.01963167,-0.01261087,-0.00960152,0.00466511,-0.00977184,0.01076438,-0.02334202,-0.0199145,-0.02816852
"Np2_502391",-0.03831419,-0.01031778,-0.00440246,-0.00581665,-0.01648845,-0.00509434,-0.02716635,-0.00025416,0.00648834,-0.02229122,-0.02007869,-0.01855052,0.0016588,0.00925894,-0.01433524,0.00129385,-0.00723995,0.00166793,-0.01969093,-0.0248611,-0.01870712,-0.01178362,-0.01073893,-0.00190405,0.02002656,0.01032946,-0.01356734,-0.00540911,-0.01519895,-0.02180766,0.01961144,-0.00736617,-0.00895219,-0.02672083,-0.0005446,-0.01402656,-0.02233682,-0.00936884,-0.01373766,-0.01454815,-0.00788926,-0.01338636,-0.02153398,0.00086503,-0.01839382,0.00857923,-0.00423975,0.00575539,-0.00895219,-0.00727342,-0.00823293,-0.01956473,-0.00963191,-0.00870281,-0.01262756,0.0105241,-0.01146427,0.00137444,-0.00834546,-0.01641546,-0.00675791,-0.02096217,-0.02772745,-0.0156795,-0.01296363,-0.01583761,0.0101181,-0.00573301,-0.00020398,-0.02955834,0.02047819,-0.01807615,-0.03129039,-0.0085842,-0.01088948,-0.01203759,-0.01625278,-0.01185811,-0.00450433,-0.00754561,-0.01879984,0.9869379,-0.00626218,-0.01590457,-0.02049686,-0.01764112,-0.01644896,-0.02143511,0.01055452,0.0035596,-0.02512875,-0.03271981,0.00760298,-0.02481853,0.01423448,-0.00689327,-0.00764598,-0.01909486,-0.0162756,-0.00248037
"Np2_502786",-0.00630172,-0.02985497,-0.00675639,0.00125736,-0.01306397,0.0042606,-0.01917996,-0.01325254,0.00671947,-0.03376895,-0.00068754,-0.02257716,0.00584359,-0.02061849,-0.00604473,-0.00881534,-0.01217896,-0.01376349,-0.01930771,-0.02037216,-0.01665119,-0.00197247,-0.00731445,-0.00577862,-0.00635342,-0.02061239,-0.00177936,-0.01719097,-0.00675638,0.00351398,-0.0224311,-0.023862,0.00709354,-0.0150849,0.00500875,-0.00680049,-0.003706,-0.00275104,0.00017922,-0.01614176,0.01119774,-0.00433554,-0.01111454,0.00216061,-0.02150806,-0.00593981,-0.02362479,-0.01484616,0.00405228,0.01500694,-0.01971067,-0.04123072,0.00322049,0.00019595,-0.0037288,-0.01479141,-0.00651917,-0.00812648,-0.00902669,-0.00949352,-0.02675118,0.00572802,-0.03327468,-0.00085024,0.00034498,-0.01803947,-0.00637776,-0.01280092,-0.00270999,-0.00058718,-0.02855924,-0.02833746,-0.0219354,0.00533266,0.01291149,0.00233548,-0.00796226,-0.02592091,-0.00594589,-0.00412114,-0.00898868,-0.00626218,0.9721917,-0.00381245,-0.01509555,-0.01193568,-0.03066386,-0.01436109,-0.0085264,-0.00213975,0.00019291,-0.00967907,-0.02425134,-0.01896101,-0.0089522,0.00930457,-0.02535833,0.009116,-0.02592859,-0.01821591
"Np2_501095",-0.02430766,-0.01486302,-0.01350958,-0.00899328,-0.01692796,-0.01648242,-0.0174176,-0.02198258,-0.00854925,-0.01178213,-0.00439943,-0.0135157,0.00045902,0.00790711,0.00088784,-0.02742956,-0.01725945,0.026167,-0.01435201,-0.00568437,-0.01367231,-0.01115866,-0.01862955,-0.01405244,-0.00154975,-0.01215924,-0.01491922,-0.02485657,-0.00149652,0.00314751,-0.02796783,-0.01191138,-0.00665453,-0.01666794,-0.01360536,-0.00671079,-0.01365251,-0.00798357,-0.0173705,-0.00403903,0.00246779,-0.00470203,-0.00965629,0.00346685,-0.02217873,0.00038451,-0.01182622,-0.01080283,-0.00072403,-0.00041383,-0.01946895,-0.01392168,-0.0172184,0.00728061,-0.01109022,-0.01333317,-0.03106379,-0.0147276,-0.01182621,-0.01442194,-0.0189063,0.00095171,-0.0334892,-0.03208572,-0.02663268,0.01535214,0.00146721,-0.0019147,-0.00642189,-0.01372703,-0.02253912,-0.00315709,-0.01074507,-0.00233288,0.00159646,0.00242521,-0.02429548,-0.0110811,-0.0163486,-0.01756513,0.00113723,-0.01590457,-0.00381245,1.02012596,0.01768786,-0.02614002,-0.02433962,-0.01579206,-0.01938532,0.00448872,0.00469249,-0.02707677,-0.00348096,0.00773985,-0.02619782,0.00574478,-0.00078638,-0.02972268,-0.00743919,0.00377098
"Np2_503595",0.00546648,-0.00713811,-0.00274344,-0.01373765,-0.02273674,-0.00328326,-0.0131902,-0.01364945,-0.01815966,-0.02488999,-0.01902793,-0.01704356,-0.01736286,-0.00033475,-0.02681814,-0.01255764,-0.0074057,-0.01051087,0.00629827,-0.01468652,-0.01081348,-0.02244175,-0.01653103,-0.00708789,-0.03290525,-0.01766391,0.00056091,-0.0279282,-0.01232343,-0.01224133,-0.00351592,-0.01315827,-0.01018238,0.00139726,0.01267124,-0.01419231,-0.01520353,-0.00664539,-0.00979769,-0.02353359,-0.01155248,-0.01203148,-0.01637749,-0.02667216,-0.017191,-0.01287544,0.00715134,0.00300456,-0.00622873,-0.01747536,-0.01539361,-0.0217073,-0.01542401,-0.00993301,-0.00503807,0.00138661,0.00524902,-0.0054821,-0.02432581,-0.00928217,-0.00996493,0.00274605,-0.01086209,-0.00413635,0.00222904,-0.01645954,-0.01483401,-0.01988862,-0.02059423,0.00540261,-0.0104044,0.00776118,0.01446714,-0.02760586,-0.01257586,-0.02254369,-0.00045184,0.00789645,-0.01789961,-0.01683519,-0.00740875,-0.02049686,-0.01509555,0.01768786,0.98675844,-0.01826306,-0.00353722,0.00136076,0.00156908,-0.01546206,-0.0114567,-0.01707091,-0.00199072,-0.02224712,0.01498111,0.00039211,0.00663433,-0.00998472,0.00347901,-0.02591187
"Np2_502521",0.02641784,-0.02405073,-0.01478994,-0.02030986,-0.01744799,-0.00529355,-0.02523669,-0.01170608,-0.02579631,-0.01747234,-0.02544807,-0.02239928,-0.00979313,-0.01192505,-0.01255763,-0.00270696,-0.0206687,-0.00765511,0.00231116,-0.00392346,-0.02392445,-0.01608856,-0.01306704,-0.01077089,-0.00130948,-0.01419992,-0.00631542,-0.0065207,-0.02376166,-0.00619224,0.01089668,0.00459971,-0.02603047,-0.00289398,-0.01397334,-0.00799116,-0.00915444,-0.00895981,0.00704795,-0.01094577,-0.01067356,-0.01160875,-0.00226901,-0.01013069,-0.01387907,-0.01184446,-0.0109777,-0.01649303,-0.01781904,0.05335288,0.01407328,0.03361046,-0.0124162,-0.01437633,-0.02377535,-0.01826306,-0.01972285,-0.01114192,-0.02025356,-0.00627436,0.00809718,-0.01036487,0.00263809,0.00784324,-0.01696444,-0.01329968,-0.02657639,-0.00319507,-0.02594995,-0.00177783,-0.0098296,-0.00382921,-0.02312611,-0.0261187,-0.01291345,-0.00585011,-0.00687197,-0.00521447,-0.00592005,-0.00835308,-0.01367682,-0.01764112,-0.01193568,-0.02614002,-0.01826306,0.99916252,-0.0195374,-0.00627588,-0.01655994,-0.03465559,-0.00221426,-0.00585164,-0.02939571,-0.0058577,-0.01105526,0.02027904,0.00842564,-0.00028609,-0.01693101,-0.02898662
"Np2_500184",-0.008125,0.01226837,0.02457028,-0.00619226,-0.03252665,-0.01976395,-0.00792577,-0.02769714,-0.02034638,-0.01247858,-0.01832543,-0.01679725,0.00037082,0.00128016,0.02756289,-0.01763358,-0.0108089,-0.01497853,-0.00288334,-0.00090652,-0.0116316,-0.0072932,-0.01537234,-0.01839843,-0.02566404,-0.00373186,0.00126344,-0.01399617,-0.00827552,-0.00925786,-0.02303791,-0.01458466,0.00891986,-0.00337451,-0.00973989,-0.01744347,-0.00628958,-0.02130132,-0.02141236,-0.00868915,-0.01602014,-0.01695533,-0.02206169,-0.00239978,-0.02393963,-0.00533006,-0.02544812,0.00066583,-0.00780718,-0.01920589,-0.0092168,-0.01233717,-0.03053614,-0.01379242,-0.03368386,0.00087263,-0.01244814,0.01590111,-0.01830109,-0.00128059,-0.00485257,-0.01784034,-0.00833482,-0.00069667,-0.04086282,-0.01925451,-0.01154643,0.00164664,-0.00194815,-0.00940537,0.00155084,0.00314146,0.13149881,-0.01002427,-0.02130132,-0.00998019,-0.0192135,0.00282057,-0.00487995,-0.01339553,0.00028871,-0.01644896,-0.03066386,-0.02433962,-0.00353722,-0.0195374,1.01782035,-0.01192659,-0.01932145,-0.01734465,-0.0238317,-0.02366749,-0.02075241,0.0027856,-0.02233235,-0.03616107,-0.00665301,0.00546801,-0.01969252,-0.02916305
"Np2_500348",-0.01949784,0.01184409,0.00513803,-0.0070727,-0.00116958,-0.00543801,-0.00758971,-0.01838928,-0.01681694,-0.00241042,-0.0135795,-0.0167653,-0.00628806,-0.0175438,-0.033991,0.00536004,0.0032129,-0.02574311,-0.01045459,-0.03189558,-0.02315652,-0.02657334,-0.01305943,-0.02247219,-0.01012157,-0.00141896,-0.00661195,-0.00271151,-0.01067659,-0.02945039,-0.00886401,-0.0066454,-0.00777522,-0.01520354,-0.0019527,0.00448567,-0.00245603,-0.01092903,-0.006174,-0.0031829,-0.01568406,-0.00962432,-0.00819189,0.00401883,-0.00809304,-0.01168479,-0.01598819,-0.00143113,-0.00655872,-0.01020216,0.01666596,0.00214084,-0.00222034,-0.00752585,-0.0014144,-0.02038434,-0.03096794,-0.02649274,-0.0280012,-0.01006834,-0.00968665,-0.03590395,-0.01788287,-0.02393049,0.00463621,0.00586792,-0.00056588,-0.00364366,0.00371016,0.00400819,-0.01043025,-0.0185719,0.00334064,-0.01440218,-0.01473061,-0.0122292,-0.03043426,-0.01159353,-0.01777341,-0.01564454,0.00229747,-0.02143511,-0.01436109,-0.01579206,0.00136076,-0.00627588,-0.01192659,0.99537559,-0.00286662,0.00519277,-0.00099014,-0.01283897,-0.01114042,-0.00828313,-0.01272036,-0.01240711,-0.0123995,-0.02111124,-0.00840783,0.00447503
"Np2_500483",-0.02293902,-0.0250513,0.0147743,-0.01370723,-0.01267014,-0.01070396,-0.01650518,-0.02578412,-0.03135878,0.00707378,-0.0015102,-0.01716521,-0.01702832,0.00319313,-0.02405058,-0.01419994,-0.01239338,-0.01762745,-0.01222309,-0.02651707,0.00685635,-0.00203482,-0.01482792,0.00510761,-0.01493134,-0.01139889,-0.00290615,-0.03139524,-0.01959206,0.00208306,-0.002269,0.0070966,0.00368581,-0.0166679,0.00844387,-0.01492221,-0.01867058,-0.01132894,-0.0029244,0.00432448,-0.02779286,0.00487798,-0.00509436,-0.00124714,-0.03814536,0.02410644,0.00125128,-0.01642915,-0.01745103,-0.00026176,0.00075555,-0.01802736,-0.01813074,-0.00670926,0.00092281,-0.00633821,-0.00034691,-0.01944153,-0.02201444,-0.0115327,-0.00096278,0.0059698,0.00011688,-0.00152085,-0.00853706,0.0050118,-0.00932931,-0.01468804,0.00695976,-0.00232222,-0.01888954,-0.01060825,-0.01013679,-0.0214929,-0.01619498,-0.01673484,-0.01806081,-0.01822805,-0.01650063,-0.00904953,-0.00144786,0.01055452,-0.0085264,-0.01938532,0.00156908,-0.01655994,-0.01932145,-0.00286662,0.9854505,-0.02896532,-0.01918153,-0.00122584,-0.01686257,-0.01415733,-0.01479297,-0.00718067,-0.00397972,-0.01177908,-0.02112491,-0.02116748
"Np2_502689",-0.00134598,-0.00908456,-0.02263341,0.00727757,0.0063378,-0.01830717,-0.00434011,0.00021876,-0.01630451,-0.01832087,-0.00120607,-0.0088017,0.00486889,-0.02782789,-0.01766395,-0.02180317,-0.00874387,-0.00850364,-0.0017307,-0.01100659,0.00624811,-0.007205,-0.00266285,-0.00644925,-0.01341072,-0.01808972,-0.02738847,-0.01132288,-0.01822352,-0.01053824,-0.00257313,-0.02225171,-0.00863135,-0.00845648,0.00753151,-0.02632703,-0.00711376,-0.02121311,-0.02223654,-0.00251839,-0.00696017,-0.01276141,-0.00205308,0.00103382,-0.02050603,-0.0084352,-0.00802462,-0.00608884,-0.0223171,-0.01060211,-0.00608732,-0.02654297,-0.02269268,-0.01948264,-0.0253842,-0.00618617,-0.01494502,-0.03206286,-0.00650398,-0.02050448,-0.00385199,-0.01714388,-0.02725457,-0.0009126,-0.01309899,-0.027986,-0.00279058,-0.00176264,-0.01493748,0.00832224,0.00559269,0.00490236,-0.0127219,-0.01601864,0.00114026,-0.00456974,-0.00619986,0.00047575,-0.01330732,0.01999469,-0.00388088,0.0035596,-0.00213975,0.00448872,-0.01546206,-0.03465559,-0.01734465,0.00519277,-0.02896532,1.01176127,-0.00139008,-0.02570818,-0.00743463,0.00196141,-0.01981112,-0.0193458,-0.02116295,-0.00448002,-0.00196488,-0.00809002
"Np2_503640",-0.02592864,-0.01420305,-0.00539848,0.04017507,-0.01261846,-0.00867545,0.01000558,-0.02527626,-0.00256705,-0.0164444,-0.00297914,-0.02578121,-0.03294338,0.00552578,-0.02460718,-0.00913014,-0.01492678,-0.00206525,-0.01886221,-0.0214473,0.01223031,-0.00897806,-0.01462417,-0.01612963,-0.0197457,0.00978965,-0.01654021,-0.00670926,-0.0006845,-0.01474432,-0.01864021,-0.01702983,-0.01359775,-0.01311876,-0.0213089,-0.00559464,-0.00402077,-0.00093692,-0.02446579,-0.00854924,-0.00295481,0.00097604,-0.02922085,0.00473505,0.00098669,-0.02374195,-0.00660434,0.00399907,-0.02348191,-0.00826945,-0.00664388,-0.00292136,-0.02066414,-0.02216808,-0.00419565,0.00207698,-0.02523365,-0.01908573,0.00267155,-0.00038037,-0.01946284,-0.02256647,-0.01944762,-0.03020922,-0.00848537,0.00551969,-0.00060999,-0.0309072,0.0073156,-0.00135814,-0.00484801,-0.00918798,-0.00552318,-0.00334561,-0.01872839,0.01160076,-0.01177451,0.01345285,0.00134251,-0.01690516,-0.00884728,-0.02512875,0.00019291,0.00469249,-0.0114567,-0.00221426,-0.0238317,-0.00099014,-0.01918153,-0.00139008,1.00669379,-0.02048629,-0.00814325,-0.01851551,-0.0202156,-0.01534044,-0.01396424,-0.02617348,-0.02213769,-0.00362845
"Np2_501875",-0.01876948,-0.00750005,-0.00690696,-0.00710464,-0.01382281,0.00639103,-0.01187944,0.0021074,-0.01715303,-0.00183411,-0.01330733,-0.02516081,-0.00403903,0.00994782,-0.00254577,0.00578431,-0.02327814,-0.01315377,0.00456779,-0.01885007,-0.00965478,-0.01763354,-0.01369965,-0.00303997,-0.01958149,-0.0102706,-0.04739709,-0.00715329,-0.01451014,-0.00484801,0.00144439,-0.00591702,-0.0157145,-0.02648823,-0.0097399,-0.0236781,-0.01815056,-0.01293781,-0.03114447,-0.00458342,-0.03198686,-0.00874388,-0.02266995,0.0039869,-0.01983392,-0.01536629,0.00025069,-0.00997865,-0.01601863,-0.00780109,0.00979118,-0.02419817,-0.00620594,0.10177623,-0.00038189,-0.01220486,0.00610363,-0.00477958,-0.00309471,-0.00325741,-0.00622114,-0.00613143,-0.01380912,-0.00693129,-0.03401995,-0.01332403,-0.00242259,0.01001016,-0.01472156,-0.01837714,-0.03798577,-0.02073278,-0.01721996,0.02175711,-0.01308987,-0.02168914,-0.00750457,-0.00463056,0.00850168,-0.01065839,-0.01963167,-0.03271981,-0.00967907,-0.02707677,-0.01707091,-0.00585164,-0.02366749,-0.01283897,-0.00122584,-0.02570818,-0.02048629,1.02101414,0.00038451,-0.00420934,-0.03008762,-0.00726888,-0.01744956,0.00668453,-0.01680331,-0.01715
"Np2_504464",-0.01144455,0.00317034,-0.00551253,-0.00571021,-0.01638204,-0.01380761,-0.01170152,-0.00014771,-0.02609896,-0.01093209,-0.00400557,-0.02939276,0.00891228,0.04616487,-0.01453296,-0.00985246,-0.00804591,-0.0140403,-0.0154788,-0.00772354,-0.01981723,-0.01046069,-0.01382586,0.00215605,0.00827207,-0.02681971,0.01740809,0.12684081,-0.00931411,-0.02154919,-0.01981872,0.00171202,-0.01447213,-0.01338488,-0.01777343,-0.03444878,-0.00094148,-0.01169545,-0.02153857,-0.01854747,-0.0298321,-0.01510471,-0.0183863,0.01192007,0.00573868,-0.01032232,-0.01690669,-0.00615119,-0.01477627,-0.0138578,-0.01725034,-0.02265167,-0.01895344,-0.01209386,-0.03168118,-0.02936222,-0.0241312,0.00087263,0.00331783,-0.01646112,0.02345715,-0.00717002,-0.00739659,-0.01496484,-0.02775948,-0.01892454,-0.00559008,-0.02661141,-0.01788906,0.00035258,-0.02777163,0.007121,-0.00654961,-0.01684131,-0.02568532,-0.00736924,-0.0278553,-0.02239617,-0.01899603,-0.02933642,-0.01261087,0.00760298,-0.02425134,-0.00348096,-0.00199072,-0.02939571,-0.02075241,-0.01114042,-0.01686257,-0.00743463,-0.00814325,0.00038451,1.01893666,-0.01406765,-0.00710008,-0.03066091,-0.01316592,0.00169226,-0.01921048,0.00462102
"Np2_500933",-0.01284505,-0.01799856,-0.02029464,0.0172195,-0.01352475,0.0053205,-0.00747566,-0.01812317,-0.00499399,-0.00123193,-0.00266892,-0.0172595,-0.01195243,-0.00937038,-0.01015503,-0.01216533,-0.0240445,0.01360343,-0.01718341,-0.01216531,-0.00753194,-0.00608276,0.0054543,-0.00365431,-0.01426531,-0.01179731,-0.02322493,-0.02160541,-0.03002668,-0.00485408,-0.0212192,-0.02584343,-0.01997833,-0.00490123,-0.00655263,-0.00802157,0.00282817,-0.01689753,-0.00286662,-0.00170028,-0.02697478,-0.01239948,-0.01765788,-0.00544713,-0.00919551,-0.01552441,-0.01009572,-0.0004047,-0.01480818,0.00314143,-0.01500129,0.00818539,-0.00469137,-0.02079341,-0.01270512,0.00056242,-0.00302628,0.00540261,-0.01207254,-0.01573271,-0.0179361,-0.01769434,0.00093498,-0.00754561,-0.00452563,-0.01256977,-0.00182042,-0.01432614,-0.01031776,-0.02157654,-0.02126479,-0.01404797,-0.00795012,-0.00698907,-0.00853403,-0.0072491,-0.00568588,-0.02273218,-0.00899173,-0.01096857,-0.00960152,-0.02481853,-0.01896101,0.00773985,-0.02224712,-0.0058577,0.0027856,-0.00828313,-0.01415733,0.00196141,-0.01851551,-0.00420934,-0.01406765,0.99605998,-0.02112188,-0.02780358,-0.00422607,0.01367338,-0.02015477,0.00702209
"Np2_504528",-0.01636989,-0.01376813,0.0002066,-0.02371306,-0.00792577,0.0104633,-0.00598239,-0.01815055,0.00501486,0.00497532,0.00399451,-0.01607038,-0.02657797,-0.01426379,-0.02204338,-0.00702253,-0.00734489,-0.01075418,-0.00884728,-0.00291679,-0.0207889,-0.00382918,-0.0006556,-0.00809153,-0.02554541,-0.02231708,-0.01123926,-0.00581817,-0.0265566,-0.00214431,-0.01166655,-0.00199681,-0.01255459,-0.0158772,-0.00962128,-0.0112423,-0.02487481,-0.01084236,0.02326102,-0.01465309,-0.00616944,-0.0106021,-0.02346371,-0.01824786,-0.00466096,-0.01798481,-0.00875453,-0.01046828,-0.02608828,-0.00296849,-0.00468834,0.00967866,-0.02357465,-0.02811986,-0.00147979,-0.00463512,-0.01841207,-0.01484924,-0.0285228,-0.00055373,-0.00625459,-0.00920615,-0.00106922,-0.01365555,-0.01534953,-0.01229303,-0.02192021,-0.00507763,-0.00760799,-0.02905505,-0.00502135,0.003108,-0.02029468,-0.02146251,-0.01145061,-0.02461179,-0.00480087,-0.01165893,-0.00324069,0.00709966,0.00466511,0.01423448,-0.0089522,-0.02619782,0.01498111,-0.01105526,-0.02233235,-0.01272036,-0.01479297,-0.01981112,-0.0202156,-0.03008762,-0.00710008,-0.02112188,1.00680329,-0.02114016,0.02722379,0.01227743,-0.00208653,0.00410552
"Np2_504727",-0.00449978,0.0072259,-0.01042876,-0.02492045,-0.01764873,-0.02191717,-0.01327234,-0.00582426,-0.01383195,-0.01797721,-0.02078278,-0.01651745,-0.02748124,-0.022162,0.00624961,0.01336319,-0.01189767,-0.00755171,-0.01826613,-0.01689756,0.00066126,-0.0213074,-0.00231919,0.01335861,-0.02812139,-0.01805019,0.00017466,-0.02542528,-0.02031288,0.005468,-0.00694345,-0.01156771,-0.00418196,-0.00856902,-0.01219724,-0.01579509,-0.01741456,-0.00581513,-0.00258073,-0.0116027,0.01543274,-0.01986887,-0.01524312,0.00365845,-0.01605664,-0.00292136,0.01223941,-0.03007539,-0.00555054,-0.00584859,-0.00665604,-0.02863234,-0.02341347,-0.01290436,0.00978204,-0.01253331,-0.01216835,-0.0124071,-0.01315525,-0.02517892,-0.00822229,-0.00630782,-0.01307312,-0.01760009,-0.00363149,-0.0027039,-0.01293933,-0.00263548,-0.01292111,-0.01748908,0.01186684,0.01376168,-0.00507916,-0.02479881,-0.01843643,-0.01928043,0.02501279,-0.01301838,-0.02801797,-0.00429602,-0.00977184,-0.00689327,0.00930457,0.00574478,0.00039211,0.02027904,-0.03616107,-0.01240711,-0.00718067,-0.0193458,-0.01534044,-0.00726888,-0.03066091,-0.02780358,-0.02114016,1.01320912,-0.01853833,-0.00261571,-0.00466249,-0.01610988
"Np2_504907",-0.01300776,-0.01223076,-0.01026908,-0.01168327,-0.0260046,0.00880732,0.01958102,-0.02512875,-0.01169544,0.00499205,-0.01864626,0.00812458,-0.00694497,-0.0107496,-0.02993395,0.00926505,-0.01265039,-0.01758032,-0.00959087,0.00166185,-0.01195244,-0.02114772,-0.01949477,-0.01050782,-0.00180673,-0.00496509,-0.00970189,-0.00777826,-0.01954494,-0.01870253,-0.00769616,0.0194609,-0.02014104,-0.0068887,-0.00108899,-0.01183381,-0.02196886,-0.02070977,-0.02158112,-0.01874209,-0.00934604,-0.02487935,0.00362044,-0.00469745,-0.01939442,0.00240848,-0.00098255,-0.01334075,-0.01633946,-0.00888225,-0.01121035,-0.01509103,-0.01443409,-0.01487357,-0.02001482,0.00389718,-0.00638232,-0.02091504,-0.01482033,-0.01422272,-0.0331531,-0.0301742,-0.01884392,-0.00922897,-0.01137913,-0.00193598,0.00303498,-0.01099139,0.01354566,-0.00425191,-0.02294814,-0.0093446,-0.02803321,-0.00608732,-0.02147009,-0.00558704,-0.00615271,-0.00099775,-0.0181262,-0.00717762,0.01076438,-0.00764598,-0.02535833,-0.00078638,0.00663433,0.00842564,-0.00665301,-0.0123995,-0.00397972,-0.02116295,-0.01396424,-0.01744956,-0.01316592,-0.00422607,0.02722379,-0.01853833,0.99877622,-0.02374499,-0.00997713,-0.00895525
"Np2_502454",-0.01016265,-0.00467164,-0.01898083,-0.02526107,-0.00430361,-0.01556698,-0.01346089,-0.0031236,-0.02147164,-0.00280731,0.00381507,-0.01077549,-0.02523677,-0.01930927,-0.01416344,-0.00628959,-0.00706813,-0.00774027,-0.0065937,-0.02271247,-0.00865114,-0.02909915,0.00266243,-0.00386111,-0.01736134,-0.00394474,0.00561247,-0.01740239,-0.02506334,-0.00977487,-0.00637169,-0.02148835,0.00384092,-0.01544838,-0.01086516,-0.01704809,-0.02475012,-0.01041354,-0.00702709,-0.02334811,-0.02748574,-0.01032534,-0.00205004,-0.02314127,-0.01730964,-0.01223376,-0.00239522,-0.00410897,-0.03356679,-0.010447,0.00151891,-0.01285418,0.00209675,-0.01035577,-0.02157957,0.00446134,0.00923614,0.012799,-0.0204908,-0.02399891,-0.01069181,0.01403223,-0.02344995,-0.01201022,-0.00260355,-0.02357311,-0.00841391,-0.01179581,-0.01158902,-0.00505633,-0.01082715,-0.00513089,0.00218343,-0.02042545,-0.01086973,-0.01916485,-0.00695714,-0.00469138,-0.00570109,-0.00782999,-0.02334202,-0.01909486,0.009116,-0.02972268,-0.00998472,-0.00028609,0.00546801,-0.02111124,-0.01177908,-0.00448002,-0.02617348,0.00668453,0.00169226,0.01367338,0.01227743,-0.00261571,-0.02374499,1.01085484,-0.0025701,-0.00823904
"Np2_503192",-0.01646722,-0.01052004,-0.01859459,-0.01058082,-0.00285293,-0.02141536,0.01049523,-0.0076034,0.00157213,-0.01565063,-0.01936859,-0.00476287,-0.00052027,-0.0123843,-0.01940356,-0.00103729,-0.02523367,0.01743242,-0.01335446,-0.02034941,-0.02666467,0.01051957,0.01110805,0.00306387,0.00020812,0.00252405,-0.00221274,-0.0319184,0.02717662,-0.00178544,-0.0108515,-0.01197828,-0.00839414,-0.00913165,-0.02081926,-0.00966691,0.00133491,-0.02994766,-0.00359957,-0.01475041,0.00361738,-0.01495721,-0.01899911,-0.00055373,-0.02118118,-0.02431676,-0.01402203,-0.00600369,-0.02694593,-0.02617953,-0.02470601,-0.0071457,-0.00147067,-0.01574795,-0.02377841,-0.00382005,-0.00573606,-0.01296974,-0.02466647,-0.01981107,0.00064301,-0.02131651,-0.00557639,0.0028221,0.00356112,-0.023491,0.00839524,-0.01034512,-0.00664085,-0.01364186,-0.00739964,-0.02861886,-0.01430945,-0.03889515,0.00411463,-0.02562151,-0.01782363,0.08358768,-0.01671963,-0.0161114,-0.0199145,-0.0162756,-0.02592859,-0.00743919,0.00347901,-0.01693101,-0.01969252,-0.00840783,-0.02112491,-0.00196488,-0.02213769,-0.01680331,-0.01921048,-0.02015477,-0.00208653,-0.00466249,-0.00997713,-0.0025701,1.01253995,-0.01743283
"Np2_502587",-0.03262857,-0.03063513,-0.0146835,0.00321442,-0.0146044,0.01442911,-0.00718674,0.00315055,-0.00196792,-0.00535286,-0.02868704,-0.01955568,-0.0092305,-0.01288306,-0.01731724,-0.00229638,-0.00733272,-0.00465945,-0.01050782,-0.00989956,-0.03081296,-0.01157226,0.00118133,-0.01446605,-0.01640942,-0.00664235,-0.02035093,0.00483846,-0.00753649,-0.00228421,-0.00237849,0.0028814,-0.00828465,-0.02285996,-0.00124562,-0.00073772,-0.00615879,-0.02527624,-0.0113974,-0.01418473,0.00585576,-0.00374706,0.00209523,-0.00698298,-0.02426502,-0.01173802,0.00555164,-0.00619833,-0.01284656,-0.02363701,-0.02094698,-0.01281464,0.01004359,-0.00590637,-0.00846256,-0.00218993,-0.00456212,-0.00571324,-0.01391251,-0.01240252,-0.02677101,-0.00782541,-0.00561896,-0.00847321,-0.0164018,-0.02398975,-0.0065496,-0.0082588,0.02099225,-0.00015075,-0.02857907,-0.03124652,-0.01815361,-0.00198616,-0.00657241,-0.0174526,0.01695643,-0.02806963,-0.01448124,-0.01159204,-0.02816852,-0.00248037,-0.01821591,0.00377098,-0.02591187,-0.02898662,-0.02916305,0.00447503,-0.02116748,-0.00809002,-0.00362845,-0.01715,0.00462102,0.00702209,0.00410552,-0.01610988,-0.00895525,-0.00823904,-0.01743283,1.00317757
