"","Np2_503538","Np2_504603","Np2_503498","Np2_500877","Np2_500563","Np2_503737","Np2_502144","Np2_504434","Np2_504602","Np2_503778","Np2_501594","Np2_503687","Np2_504421","Np2_502535","Np2_504431","Np2_504202","Np2_504476","Np2_504997","Np2_502317","Np2_504143","Np2_504861","Np2_501857","Np2_500934","Np2_502275","Np2_503849","Np2_504023","Np2_502473","Np2_503390","Np2_502921","Np2_504253","Np2_500470","Np2_503728","Np2_501090","Np2_500009","Np2_501055","Np2_502603","Np2_501313","Np2_500644","Np2_503580","Np2_503812","Np2_503168","Np2_504278","Np2_502659","Np2_503677","Np2_504024","Np2_500554","Np2_503409","Np2_503266","Np2_501388","Np2_501206","Np2_500495","Np2_501696","Np2_502917","Np2_501895","Np2_501121","Np2_500024","Np2_501240","Np2_500692","Np2_503248","Np2_500864","Np2_503835","Np2_500125","Np2_502368","Np2_503745","Np2_503543","Np2_503647","Np2_504268","Np2_500143","Np2_501478","Np2_503555","Np2_504972","Np2_501579","Np2_502034","Np2_503758","Np2_502373","Np2_503577","Np2_503164","Np2_502399","Np2_501426","Np2_500695","Np2_502157","Np2_501512","Np2_500977","Np2_504085","Np2_502585","Np2_502457","Np2_501407","Np2_502105","Np2_503974","Np2_503276","Np2_501012","Np2_501199","Np2_501887","Np2_500920","Np2_503852","Np2_503261","Np2_504299","Np2_502595","Np2_504909","Np2_500386"
"Np2_503538",0.96817764,-0.02036265,-0.01706583,0.00327925,-0.02181091,-0.02302194,-0.01690001,-0.00397458,-0.01651053,-0.0101528,-0.01308141,-0.01415245,0.01913787,0.00413578,0.00014678,-0.01683611,-0.01302664,-0.01988339,-0.0151459,-0.03019359,-0.0124394,-0.02082815,-0.01391969,-0.00482197,0.0156144,-0.0081857,-0.0138832,-0.00707661,0.01094536,-0.01888843,-0.00647874,-0.01457994,-0.02712808,0.02057706,-0.03181386,-0.02157972,-0.02685426,-0.01696545,-0.01452669,-0.01995184,-0.01737924,-0.01181717,-0.02085094,-0.03980556,0.00059557,-0.03257612,-0.0039122,-0.00606037,-0.02528118,-0.01202404,-0.02375528,0.04839509,0.0044157,0.00320318,-0.03556552,-0.00509733,-0.01550037,0.06001659,-0.02703983,-0.01864806,-0.02403824,-0.03365014,-0.01148703,-0.00235128,-0.01799234,-0.02765297,-0.01024256,-0.02295804,-0.00399131,-0.01347088,-0.00095316,-0.00176709,-0.01456171,-0.02083272,0.00064579,-0.00036135,-0.02064707,-0.01866021,-0.0251792,0.05166753,-0.00237259,-0.00690776,-0.01379036,0.00216866,-0.01906189,0.0748636,-0.02072774,-0.0076517,-0.00685907,-0.01303577,0.01233588,-0.0112147,-0.00892963,-0.01164676,-0.01436392,-0.00156779,-0.01093936,-0.00725613,-0.01571943,-0.01644513
"Np2_504603",-0.02036265,1.01161232,-0.0060771,-0.01752837,-0.00564959,-0.00397002,-0.00606341,-0.01458912,-0.02377812,-0.01757251,0.0222491,0.04780189,-0.00973293,0.00188874,-0.00909853,8.593e-05,-0.01314382,-0.00661263,-0.01617591,-0.00079646,-0.00312415,-0.01835904,-0.01768814,-0.03049795,-0.03333836,0.00554153,-0.01171834,-0.00582456,-0.00484176,0.00198915,0.00451005,-0.00024421,-0.00244714,-0.01681335,-0.00835002,-0.0034406,0.01440954,0.00086943,-0.0084063,-0.00713749,-0.01080245,-0.02243175,-0.01701263,-0.01527678,0.00291261,-0.00911223,0.01316202,-0.00952454,-0.02615907,-0.02126937,-0.01489645,-0.02809426,-0.02080388,-0.02399417,-0.01240596,-0.0073444,-0.01303124,-0.02331865,-0.00342385,-0.00552942,-0.02065632,-0.00729572,-0.02164519,-0.0061197,-0.02449925,0.00524333,-0.03181092,-0.03098633,-0.02342977,0.00223408,-0.01658822,-0.01740213,-0.02198145,-0.0005637,-0.01453282,-0.00458618,-0.01315749,-0.02410217,-0.02529642,-0.01280306,-0.01131364,-0.00489502,-0.03338098,0.01041899,-0.01811414,0.01313159,0.00577886,-0.004574,0.0091502,0.00129997,-0.02231611,-0.01574383,-0.01802284,-0.0052221,-0.03517162,-0.01765921,-0.01212148,-0.01452369,0.01033076,-0.01260678
"Np2_503498",-0.01706583,-0.0060771,0.98275426,-0.00525556,0.02716147,-0.01573467,-0.02513057,-0.00414193,-0.02474109,0.00367633,-0.02328974,-0.01036428,-0.00658827,0.00031717,-0.01447347,-0.01730776,-0.00862993,-0.00970553,-0.0209423,-0.01377819,-0.00865124,-0.00836826,-0.01667336,-0.00787989,-0.01285018,-0.01991539,-0.01709329,-0.02732589,-0.00899963,-0.02057715,-0.01029735,-0.02037632,-0.00143239,-0.01138663,-0.01266001,-0.01687875,-0.01561145,-0.00724399,-0.00982572,0.01091646,-0.00659284,-0.02598104,-0.0153893,-0.00117832,-0.00626574,0.003617,-0.01488119,-0.0115525,-0.0056709,-0.03196901,-0.03046449,-0.01886412,-0.01279085,-0.01141706,0.00290956,0.00082074,-0.00258405,-0.02169531,-0.00499541,-0.0169898,-0.01477319,-0.0043032,-0.02017399,-0.00769125,0.03584846,-0.00697774,0.00632501,0.00030348,-0.00385439,-0.01424679,0.00800764,-0.00512929,-0.00210179,-0.01308903,-0.00575913,-0.00996113,0.00322295,-0.02034893,-0.00922021,-0.00570285,-0.00238781,-0.00844434,-0.00756803,-0.00119354,-0.00553702,-0.01065182,-0.02059084,0.0055689,-0.00991701,-0.0246133,-0.01065182,-0.01305556,-0.00772777,-0.01029277,-0.0111843,-0.00964619,-0.00699904,-0.02552762,-0.01558253,-0.01630822
"Np2_500877",0.00327925,-0.01752837,-0.00525556,0.98130268,0.02955456,-0.01653642,-0.02319388,0.00448874,-0.01139422,0.00500447,-0.01618043,-0.02531466,0.00021676,-0.01493751,-0.01162396,0.02311927,-0.02981786,-0.01765767,-0.00516124,-0.01534062,-0.02253667,-0.00049827,-0.02006142,0.00485842,-0.0011768,-0.00367792,-0.00876688,-0.00926282,-0.00189032,0.01133028,-0.0149025,-0.01235421,-0.02733653,0.00576363,-0.02608902,0.00407493,-0.00500302,-0.01245768,-0.01595221,0.0028122,-0.00222197,-0.01111279,-0.02547132,-0.01445521,-0.0174127,-0.00707359,-0.02161624,-0.01326706,-0.0096675,-0.00462571,-0.01620479,0.01015275,-0.01131057,0.00040845,-0.01462712,-0.00591432,-0.0109926,-0.00804419,-0.01644665,-0.02053,-0.0149664,-0.02914239,-0.01154334,-0.00605884,-0.01667942,-0.02314522,-0.02323039,-0.01251699,-0.03417051,-0.02265534,-0.00131372,-0.01764551,-0.01842142,-0.00887031,-0.00154041,-0.02582434,0.02265521,0.00273461,-0.02645261,0.01205598,0.0182616,-0.00422561,-0.01247745,-0.01796952,-0.00831654,-0.01480056,-0.00237563,-0.02505146,-0.03475623,-0.01476556,-0.00217329,-0.00777188,-0.01917903,-0.03315419,-0.01609372,-0.0051232,-0.01525545,-0.01613629,0.01191295,0.02640084
"Np2_500563",-0.02181091,-0.00564959,0.02716147,0.02955456,0.96717644,-0.01013454,-0.03185341,-0.00675713,-0.0343545,0.00866789,-0.01312553,0.00634174,-0.00448728,-0.02770473,-0.01328527,-0.01596742,-0.00485543,-0.01658053,-0.01625497,-0.00407042,-0.02237234,-0.02650128,-0.0066613,-0.01673265,-0.00420734,-0.00807768,-0.02670675,-0.025377,-0.00994133,-0.01969322,-0.01823731,-0.02086161,-0.01956542,-0.01628386,-0.0058428,-0.00793163,0.02026368,-0.01944374,0.00779311,0.00799697,-0.01194648,-0.01338265,-0.01146267,0.01780973,0.00952744,-0.00417084,-0.01125882,-0.02162237,-0.00128786,-0.02576034,-0.01041144,-0.00748282,-0.00308306,0.00620177,0.06175709,-0.02461482,-0.01113255,-0.00362009,-0.01689087,-0.00849909,-0.00780383,-0.00722266,-0.01457386,-0.01304489,-0.00145369,0.00653343,-0.00572261,-0.02710982,-0.0247259,-0.01686199,-0.01073397,-0.00683168,-0.02388611,-0.01859481,-0.00913501,-0.00953362,0.00091202,-0.00166516,-0.01122686,-0.01896755,-0.00956709,-0.02551245,-0.02265835,-0.00396087,-0.03082046,-0.02254729,-0.00236346,-0.00663086,0.00192068,-0.0101893,-0.00672518,-0.02586384,-0.02023178,-0.03085995,-0.01288668,-0.02838775,0.00772923,0.00532699,-0.00648328,0.00374478
"Np2_503737",-0.02302194,-0.00397002,-0.01573467,-0.01653642,-0.01013454,0.98970782,-0.01389535,-0.01953047,-0.0127452,-0.00973444,0.0007249,0.00254444,-0.00539401,-0.00670391,-0.01738688,-0.00698535,-0.01230401,-0.00866341,-0.01381474,-0.00725918,0.0073002,-0.00656545,-0.00650308,-0.02372483,-0.01758921,-0.00868015,-0.00038113,-0.02506669,-0.0224104,-0.00310436,-0.01245008,-0.00396849,0.00889002,-0.01916839,-0.02196312,-0.00123157,-0.01700351,0.00216562,-0.00467592,-0.00842759,0.03978577,-0.0180928,-0.00795748,-0.01519764,-0.02241493,-0.0123801,-0.01688178,-0.00944542,0.01362754,-0.01571335,-0.01025324,-0.002152,0.0294801,-0.03106541,-0.01019693,0.0015586,-0.00656241,0.01631575,0.00456632,-0.00073409,-0.02209854,-0.02410367,-0.03784459,-0.00908329,-0.0031211,-0.00243649,-0.02762409,-0.00610905,-0.00022595,-0.01396534,-0.01072791,2.05e-05,-0.01536045,-0.01950157,-0.02738523,0.00446897,-0.020533,-0.00424538,0.00079792,-0.00085731,-0.02203617,-0.01546542,-0.00774299,-0.01140944,-0.02229481,-2.514e-05,-0.01802736,-0.01347089,-0.01876372,-0.02113701,-0.01630366,-0.02083731,-0.02083427,0.00915778,-0.02961557,-0.01636299,-0.00063216,0.00305104,-0.02169079,-0.01283193
"Np2_502144",-0.01690001,-0.00606341,-0.02513057,-0.02319388,-0.03185341,-0.01389535,0.98978086,-0.01721192,-0.01544713,-0.02126025,-0.00654111,-0.03088894,-0.01722409,-0.00697167,-0.03347677,-0.00710097,-0.01318032,-0.00923544,-0.02290638,-0.00737481,-0.01883066,-0.00196487,-0.01452977,-0.0095397,-0.02196464,-0.01974957,-0.01875311,0.0041799,-0.001227,-0.00854474,0.0432682,-0.01032168,-0.01541519,-0.01989255,0.01686803,-0.01580012,0.00037651,-0.01088156,-0.01757095,-0.01006457,-0.0102304,-0.02185969,-0.0165927,-0.01972521,0.01687256,-0.0170598,-0.00300091,-0.01290803,-0.02543487,-0.02876049,-0.01402013,-0.0068317,-0.0311856,-0.02387851,0.00109763,0.00235579,-0.01702327,-0.00631594,0.00110371,-0.01347699,-0.02145348,0.00590359,0.0049421,-0.00448271,-0.01875457,-0.01411444,-0.00841847,0.02328966,-0.0152509,0.00280611,0.01699737,-0.01804715,-0.00939063,-0.0158138,-0.00224632,0.00511402,-0.0192794,-0.00907721,-0.01392273,-0.00553702,-0.01986976,0.00389237,-0.01774744,-0.00498324,0.03205427,-0.01641929,-0.01114474,-0.02195399,-0.00594779,-0.0023878,-0.01200736,-0.00939061,0.01039009,-0.00221589,-0.00767149,-0.01967346,-0.01094089,-0.00406282,-0.01283039,-0.003363
"Np2_504434",-0.00397458,-0.01458912,-0.00414193,0.00448874,-0.00675713,-0.01953047,-0.01721192,0.99539849,-0.01971302,-0.0087912,-0.01141555,-0.00427125,-0.01220969,-0.01078116,-0.00457704,-0.01684376,0.00430921,-0.01091502,-0.03417054,0.00555064,0.01554598,0.01582893,-0.02518538,-0.02247733,-0.01771093,-0.01975566,-0.0208891,-0.02062433,0.00028827,0.00149014,-0.02687258,-0.02645417,-0.02744001,-0.0116833,-0.01478232,-0.00515669,0.00310886,0.0277549,-0.00692754,0.01305397,-0.01480058,-0.02034442,-0.021315,-0.00969033,-0.02238451,-0.00976336,-0.01852485,1.747e-05,-0.01524786,-0.00822828,-0.02041593,-0.01277109,-0.00213374,0.01764849,-0.00286399,-0.00464855,-0.00637985,-0.01636298,0.0137249,-0.00846259,0.00120869,-0.03228859,-0.0175801,0.00479148,-0.01541367,-0.02340082,-0.01572708,-0.00972988,0.00071729,-0.01956396,-0.02012993,-0.01029431,-0.01958984,-0.022666,-0.02720268,-0.02912267,-0.01639492,-0.01425591,-0.0108861,-0.00812942,0.02028807,-0.00691538,-0.00512625,-0.0232456,-0.00324738,-0.01231772,0.00041149,-0.0088764,0.00058798,0.00551718,-0.01992451,-0.00346341,-0.03845162,-0.00815527,0.00571039,-0.00218394,-0.0177931,-0.023238,0.01333087,-0.01158442
"Np2_504602",-0.01651053,-0.02377812,-0.02474109,-0.01139422,-0.0343545,-0.0127452,-0.01544713,-0.01971302,0.98158265,-0.01706738,0.00267223,-0.01619869,-0.01729102,-0.02620774,0.10246567,-0.00442947,-0.03272062,-0.02147323,-0.01491011,-0.01063659,-0.01707196,-0.0084215,-0.01368388,-0.02116894,-0.00286247,-0.00962339,-0.00482351,-0.00471092,-0.0347638,-0.01089371,-0.00091818,-0.01890821,-0.01715561,-0.02954403,0.00645584,-0.02955927,-0.00075539,-0.00516733,-0.02052846,-0.02169381,-0.02444597,-0.03394535,-0.0195502,-0.00518711,-0.00068997,-0.0186481,-0.00671911,-0.02621082,-0.017895,-0.01361387,-0.01469561,-0.02241649,-0.01619109,-0.0131438,-0.02042044,-0.02235715,-0.00278945,-0.00318804,-0.02056648,-0.00745849,-0.01573924,-0.01576662,0.0012239,-0.00044199,-0.01258393,-0.02878641,-0.02719809,-0.03245894,-0.00771104,-0.00623684,0.00080401,-0.01841835,-0.01234815,-0.01861917,0.00012091,-0.02355447,-0.02056342,0.14877263,0.09570009,0.03881971,0.00212303,-0.02340691,-0.02009641,0.03100595,-0.0247594,-0.00081624,-0.02505603,-0.00482958,-0.01529501,-0.02268879,-0.02196311,-0.01204385,-0.01508354,-0.02723307,-0.00652133,-0.00346188,-0.01831034,-0.02771077,0.00961874,0.00402472
"Np2_503778",-0.0101528,-0.01757251,0.00367633,0.00500447,0.00866789,-0.00973444,-0.02126025,-0.0087912,-0.01706738,0.99521286,-0.00679214,-0.02429386,-0.02340842,-0.02426195,-0.01090741,0.00390606,-0.00202115,0.00161945,-0.01387712,-0.00290963,-0.01253984,-0.01834229,-0.03227643,-0.00066258,-0.00684995,-0.01132885,-0.03649981,-0.00093947,-0.01593094,0.02056646,-0.00840478,-0.01270261,-0.00121332,0.00085117,-0.02841521,-0.00068541,0.01016646,-0.00793773,-0.02284246,-0.00772929,-0.016719,-0.00537576,-0.00649851,-0.00689255,-0.01015433,-0.00894336,-0.02181251,0.02122375,-0.00849455,-0.01045098,0.00079031,-0.02199205,-0.01013761,0.00690618,-0.01786611,-0.00945757,-0.03127079,-0.01432589,-0.01983778,-0.01950919,0.00142015,0.01675849,-0.00930542,-0.01796955,-0.02965511,-0.01847314,-0.02738221,-0.01423462,-0.01245921,0.00225082,0.00716177,-0.00491022,-0.00614253,0.00036586,-0.02303567,-0.00320022,-0.01222793,-0.01754357,-0.01797715,-0.01415553,-0.0096234,-0.00883382,0.00634328,-0.0148188,-0.01109912,-0.01560537,-0.01824188,0.01187341,-0.02491155,-0.00385591,0.00447656,-0.01679203,-0.01207277,-0.0185933,-0.02009339,-0.02509711,-0.02397135,0.03874057,-0.02449161,-0.01943615
"Np2_501594",-0.01308141,0.0222491,-0.02328974,-0.01618043,-0.01312553,0.0007249,-0.00654111,-0.01141555,0.00267223,-0.00679214,0.99650619,-0.0323951,-0.01736102,-0.01486753,0.01004931,-0.01925663,-0.00981812,0.00112501,0.001907,-0.00416475,-0.00177622,0.01463315,-0.00462573,-0.00967662,-0.02925196,0.00521596,-0.01173963,-0.00067323,-0.01825101,-0.02009186,-0.03095896,-0.00817657,-0.01114018,-0.01303123,-0.0100448,0.00049365,-0.02379791,-0.01147489,-0.02242409,-0.01309207,-0.0182784,0.05772266,-0.04091921,-0.01834078,0.0591815,0.00836213,-0.0229155,-0.0131971,-0.00488131,-0.01961716,-0.01841686,-0.01777028,-0.00941496,-0.01716933,-0.00086492,-0.00660502,-0.00848845,-0.01056053,-0.00572718,-0.02715402,-0.01078876,0.00515814,-0.0277519,0.00313929,-0.01980431,-0.02064108,0.00026849,-0.01670683,-0.01051948,-0.01102304,-0.00869842,-0.02609516,-0.00983183,-0.01503791,-0.0119678,-0.01419204,-0.01104888,-0.00890986,0.00419664,-0.00978162,0.00250946,0.00071272,0.00037194,-0.01029277,-0.01235424,-0.00910156,-0.01158594,-0.01813539,-0.02890512,-0.00389394,-0.01990321,-0.0093754,-0.01074159,-0.01482794,-0.03488861,-0.00642244,-0.01427267,-0.02884573,-0.02087839,-0.00745545
"Np2_503687",-0.01415245,0.04780189,-0.01036428,-0.02531466,0.00634174,0.00254444,-0.03088894,-0.00427125,-0.01619869,-0.02429386,-0.0323951,0.99847206,-0.02603886,0.00536048,-0.00684386,-0.01911059,-0.01940877,-0.00892205,-0.01209561,-0.00782209,-0.00832415,-0.01838641,-0.00554463,-0.01211689,-0.01754358,-0.00254908,-0.02832858,-0.00402631,0.00288979,-0.00747067,0.00630829,-0.01152964,-0.01479752,0.00050278,0.00607551,-0.00544574,-0.03764837,-0.01802283,-0.01619261,0.01261279,-0.01432896,-0.03006592,-0.01551864,0.00401712,-0.01461038,-0.0301344,0.00993976,-0.00133655,0.01595523,-0.01034297,-0.01842296,-0.02097123,-0.00363988,-0.02691212,-0.00771712,-0.00600256,-0.02599017,-0.00448119,-0.00649394,-0.02852934,-0.00790426,-0.01006154,-0.03399557,-6.164e-05,-0.01600701,0.00552022,-0.00049827,-0.00636767,-0.01341615,0.00190243,-0.01250791,-0.01697308,-0.02033531,-0.01976021,-0.03357717,-0.02089211,-0.02474717,-0.01424071,-0.00432905,-0.02743549,-0.00571199,0.02139715,0.0145145,-0.02490389,-0.01068684,0.0054974,-0.01174417,-0.00323216,-0.00867711,-0.00024878,-0.00499998,-0.01348916,-0.01150835,-0.01650752,0.00116153,-0.02042502,-0.0034771,-0.00481437,-0.01358196,0.01353322
"Np2_504421",0.01913787,-0.00973293,-0.00658827,0.00021676,-0.00448728,-0.00539401,-0.01722409,-0.01220969,-0.01729102,-0.02340842,-0.01736102,-0.02603886,0.99430905,-0.02494199,0.00529962,-0.03632932,-0.01061227,-0.00940583,0.00506837,-0.01074005,-0.0217395,-0.01871806,-0.02261124,-0.00742806,-0.00859495,-0.003185,-0.02044486,-0.00907417,0.00407949,-0.00901941,0.00734585,-0.00364597,-0.02517014,0.00549587,-0.0033843,-0.00912438,-0.02611342,-0.0192673,-0.01043883,-0.00780079,-0.00811877,-0.01685747,0.01016491,-0.01654862,0.00209716,-0.02088147,-0.01001742,-0.02616216,-0.01754206,-0.01888994,0.00315299,0.00577733,-0.01614242,-0.00670542,-0.01732906,-0.00177013,-0.00623988,5.55e-05,0.00017264,-0.01197389,-0.00260689,0.00269049,0.01055288,-0.01895387,0.00115696,0.00838342,-0.01528284,-0.00761215,0.00481279,-0.02398808,-0.02409764,0.00156012,-0.01671142,-0.02343885,-0.00074322,-0.0251793,-0.0057576,-0.00027159,-0.02382981,-0.01118431,-0.00497868,-0.03552913,0.00429401,-0.02097573,-0.01756034,-0.0115692,0.00039932,-0.00904071,-0.00657459,0.00580927,-0.02115376,-0.0112345,-0.0173169,-0.01334006,-0.01316664,-0.02714637,-0.00715575,-0.02325017,-0.00645896,0.01046311
"Np2_502535",0.00413578,0.00188874,0.00031717,-0.01493751,-0.02770473,-0.00670391,-0.00697167,-0.01078116,-0.02620774,-0.02426195,-0.01486753,0.00536048,-0.02494199,1.01938145,-0.00574697,-0.01847012,0.00070512,0.00099874,0.00847471,-0.02802425,-0.00114182,-0.00664001,-0.00125287,0.00312864,-0.00899204,-0.02427262,0.02373402,-0.00460291,-0.0103141,0.01614237,-0.02089214,-0.01575752,0.00318645,-0.02000365,-0.00484633,0.00386652,-0.00612427,0.01121925,0.00346486,-0.00363381,-0.00243041,-0.00082385,-0.00879272,-0.01801067,-0.0075802,-0.01184613,-0.01528287,-0.00723793,-0.00607255,0.00353332,-0.00043894,-0.00374791,-0.01425748,-0.01562213,-0.01544413,-0.03472436,-0.00724552,-0.01509875,-0.02091493,-0.00354709,-0.02354236,-0.02524322,-0.01312101,-0.02224155,-0.02434256,-0.02244088,-0.00670391,-0.01120409,0.00913195,-0.00126048,-0.00182643,-0.00857367,-0.00204703,-0.02490092,-0.02000516,-0.01462261,-0.00204702,-0.02059849,-0.009774,-0.02420871,-0.03382526,-0.01584427,-0.00021074,-0.02943605,-0.04047363,-0.00740222,-0.01019087,-0.00639507,-0.00681954,-0.01101849,-0.00116463,-0.00889315,-0.00341321,-0.01677988,-0.02299618,-0.00822222,-0.00998701,-0.01178068,-0.02450383,-0.00971164
"Np2_504431",0.00014678,-0.00909853,-0.01447347,-0.01162396,-0.01328527,-0.01738688,-0.03347677,-0.00457704,0.10246567,-0.01090741,0.01004931,-0.00684386,0.00529962,-0.00574697,0.99512156,-0.03721627,0.01421174,0.00324731,-0.01574839,-0.01527827,0.00110676,-0.02340841,-0.02152042,-0.01774742,0.00466673,-0.02293682,-0.02483095,-0.00722268,-0.02951667,-0.01766529,-0.01697004,-0.0240063,-0.02560069,-0.00619272,-0.00944386,-0.02765912,0.01559771,-0.02152347,-0.02243169,-0.03181239,-0.00520232,0.00157686,-0.00669628,-0.00693819,-0.01278627,-0.03120086,-0.00862234,-0.00346798,-0.02421018,-0.00562829,-0.00032028,-0.01260526,-0.00561917,-0.00850519,-0.01821602,-0.02213049,-0.01610285,0.00023349,-0.01623215,-0.00981813,-0.01018782,-0.01979976,-0.01513223,-0.0061486,-0.02285464,-0.00224024,-0.00795446,-0.01336745,0.00012244,-0.00311959,-0.02042051,-0.00936781,-0.02307527,0.00990478,-0.02125569,-0.00674498,-0.00131981,-0.01850202,0.00951378,-0.00187816,-0.02396984,-0.01344354,0.00888395,-0.01684221,-0.02285924,0.0009318,-0.01676616,-0.02757542,-0.00594018,-0.01348611,-0.01808518,-0.00147195,5.245e-05,0.00920189,-0.01481427,0.00148101,-0.01990931,-0.03843789,0.01517019,0.00212151
"Np2_504202",-0.01683611,8.593e-05,-0.01730776,0.02311927,-0.01596742,-0.00698535,-0.00710097,-0.01684376,-0.00442947,0.00390606,-0.01925663,-0.01911059,-0.03632932,-0.01847012,-0.03721627,0.99386475,-0.01570273,-0.01282281,-0.01219297,-0.00320325,-0.02211375,0.00418446,-0.00579413,0.00041302,-0.00957774,-0.00599343,-0.01245162,-0.01279542,-0.02687407,-0.01563123,-0.00428647,-0.00295527,0.01842285,-0.01206973,-0.01669009,-0.02288661,-0.00701426,-0.00777494,-0.01355153,-0.02232367,-0.02279379,-0.02635988,-0.01470319,0.02156751,0.00309213,-0.0072592,-0.0160207,-0.01619114,-0.02902224,-0.00678908,-0.00482807,-0.00220372,-0.00677997,0.00463479,-0.02105031,-0.01294604,-0.0022022,-0.00290506,-0.02621682,-0.00215504,0.00371285,-0.00300852,0.02721784,0.02144426,0.0045861,-0.03276327,0.01355299,0.01239979,-0.00590672,-0.01356067,-0.01747363,-0.02163452,-0.00704469,-0.01483708,0.0115098,-0.00821005,-0.02180182,-0.01494661,-0.02344338,-0.02829352,-0.01493752,0.01856133,-0.01707501,-0.01024409,0.00808068,-0.03339461,-0.02218677,0.00853707,-0.01683769,-0.03351174,-0.03993646,-0.01084808,-0.01130145,-0.01645276,-0.00334778,-0.02113093,-0.0070736,-0.00552028,0.00777182,-0.01927337
"Np2_504476",-0.01302664,-0.01314382,-0.00862993,-0.02981786,-0.00485543,-0.01230401,-0.01318032,0.00430921,-0.03272062,-0.00202115,-0.00981812,-0.01940877,-0.01061227,0.00070512,0.01421174,-0.01570273,0.98809496,-0.00886118,-0.00579718,-0.01688937,-0.0082633,-0.02441097,-0.01126493,-0.00657914,-0.00318195,-0.02302657,0.00079031,-0.00792098,0.0002122,-0.01288669,-0.01082222,-0.01740208,-0.01260676,-0.00308763,-0.01668401,-0.01420877,-0.0147671,-0.00716031,-0.00167885,-0.0023878,-0.01076897,0.00011787,-0.01135011,-0.02878338,-0.02808958,-0.02246672,-0.01799238,-0.00751328,-0.01562819,-0.0093693,-0.01623218,-0.00767453,0.02167552,-0.01026844,-0.01191606,-0.01719976,-0.00858582,-0.00989721,-0.00825871,-0.02420865,-0.00936476,0.02453415,0.07849369,-0.00760758,-0.02750845,0.00253836,0.00397452,-0.03764678,-0.01731082,0.00211542,-0.00453597,-0.01432591,-0.00430016,-0.02046002,0.00786463,-0.02600387,-0.02057864,-0.02026527,-0.02237234,-0.01961568,-0.00443404,-0.00242736,-0.00550659,-0.00384831,-0.01686355,-0.01832707,-0.00088166,-0.01595071,-0.01835296,-0.00140501,-0.01041601,-0.01753596,-0.0119039,-0.00762279,-0.00060325,0.00199979,-0.01543499,-0.02468328,-0.02310565,-0.00542291
"Np2_504997",-0.01988339,-0.00661263,-0.00970553,-0.01765767,-0.01658053,-0.00866341,-0.00923544,-0.01091502,-0.02147323,0.00161945,0.00112501,-0.00892205,-0.00940583,0.00099874,0.00324731,-0.01282281,-0.00886118,0.99598581,-0.02817182,-0.01933421,-0.01542434,-0.00936019,-0.01477472,-0.01465298,-0.00501823,0.00404299,-0.0062186,0.00682554,-0.0106001,-0.01898279,-0.00642094,-0.0274537,-0.01611654,-0.00218546,-0.00102467,-0.02745526,0.00119651,0.00165292,-0.00153736,-0.02461028,-0.00028224,-0.00247909,-0.01014368,-0.01190695,-0.01623367,-0.00635096,-0.01480818,-0.01102307,-0.00894487,-0.01881236,-0.03312995,0.00053016,-0.01332638,-0.03964132,0.00587317,-0.01934031,-0.01711608,-0.02405648,-0.02515644,0.00133952,-0.01713435,-0.02233434,0.0069792,-0.00335843,0.00062601,-0.03961395,-0.01170613,-0.00616533,0.00565106,-0.00519776,-0.02356364,-0.0030785,-5.1e-05,0.00828301,0.01317873,-0.00152063,-0.01739446,-0.02286223,-0.01462408,-0.01658362,-0.0087045,-0.0141525,-0.01875307,-0.01435632,0.01842137,-0.00449336,0.02238448,-0.00363836,-0.01669011,-0.01373866,-0.01362152,-0.0221107,0.00025631,-0.00185229,-0.02039158,0.01294292,-0.00829525,-0.02819307,-0.00942408,-0.01304036
"Np2_502317",-0.0151459,-0.01617591,-0.0209423,-0.00516124,-0.01625497,-0.01381474,-0.02290638,-0.03417054,-0.01491011,-0.01387712,0.001907,-0.01209561,0.00506837,0.00847471,-0.01574839,-0.01219297,-0.00579718,-0.02817182,1.00728802,0.00761513,-0.01844577,-0.00340559,0.00380717,-0.00808986,-0.02203617,0.01471382,-0.01000072,0.00897675,-0.00997027,-0.01089829,-0.00548683,-0.02712815,-0.00681496,-0.00262057,-0.01241357,-0.0064392,-0.03422989,0.04594584,-0.01216558,-0.0207856,-0.03464369,-0.00321848,-0.0190984,-0.00960362,-0.0069321,0.00249424,-0.01356981,-0.01054537,-0.01607397,-0.01179284,-0.02854459,-0.00918525,-0.01284868,-0.02014665,-0.0257498,-0.01962331,-0.00598886,-0.00334474,-0.01920186,0.00577277,-0.01330966,-0.01364131,-0.00958232,-0.03026518,-0.01684833,-0.00444926,-0.0246164,0.00374479,-0.01349679,0.00866792,-0.02354236,0.0066795,0.00149167,-0.0002153,-0.02437754,0.01006301,0.00742495,-0.02360164,-0.01810192,-0.02675546,0.03239357,-0.01641325,-0.02573004,-0.00520688,-0.03282723,-0.03063946,-0.02460423,0.00353332,-0.00495435,0.07010952,0.00222191,-0.02726204,-0.03045386,0.0252492,-0.00987291,-0.02567829,-0.0231833,-0.01280607,-0.01944376,-0.00967208
"Np2_504143",-0.03019359,-0.00079646,-0.01377819,-0.01534062,-0.00407042,-0.00725918,-0.00737481,0.00555064,-0.01063659,-0.00290963,-0.00416475,-0.00782209,-0.01074005,-0.02802425,-0.01527827,-0.00320325,-0.01688937,-0.01933421,0.00761513,0.98099228,-0.00413128,0.00467129,0.00808066,-0.00396849,-0.01106867,-0.01022281,-0.01013914,-0.02569651,0.00723478,0.00067773,-0.01307991,0.01791775,-0.02247123,-0.0082359,-0.02867837,0.00574538,-0.00028985,-0.01489489,-0.01367322,-0.00342841,0.00142624,-0.001227,0.014233,-0.01217622,0.00814302,-0.00783732,0.01124204,-0.0216376,-0.00328084,-0.00295527,-0.00266774,-0.02134241,-0.00188119,-0.01222186,-0.02451897,-0.01641473,-0.01921097,-0.02219584,-0.00990786,-0.0199245,-0.00538488,0.01299617,-0.01671899,-0.01077808,-0.02170294,-0.01630214,-0.01425744,-0.02682078,-0.01956851,-0.02950449,-0.01759532,-0.01521437,-0.01294757,-0.00978617,-0.01614847,-0.02400175,-0.02177137,-0.012482,0.01568591,-0.00452988,-0.00151911,-0.01366108,-0.00289594,-0.02299303,0.01358799,-0.01282584,-0.01561448,-0.01714345,-0.0076791,0.00333554,-0.00354555,0.00759077,-0.03348283,-0.01185824,-0.02339928,-0.02323037,-0.0093252,-0.00761974,-0.03190516,-0.01163613
"Np2_504861",-0.0124394,-0.00312415,-0.00865124,-0.02253667,-0.02237234,0.0073002,-0.01883066,0.01554598,-0.01707196,-0.01253984,-0.00177622,-0.00832415,-0.0217395,-0.00114182,0.00110676,-0.02211375,-0.0082633,-0.01542434,-0.01844577,-0.00413128,1.0023551,-0.03827665,-2.818e-05,-0.01344656,-0.02617578,-0.00859496,0.00031261,0.0051414,-0.01913037,0.00595685,-0.00247605,-0.03446261,-0.0263203,-0.00539097,0.00231167,-0.0210762,-0.00915938,-0.01220211,0.00103829,-0.01655774,-0.0100296,-0.01815976,-0.00163474,-0.01769877,-0.02841518,2.811e-05,-0.01664447,0.00691837,0.00245468,-0.01867088,-0.00834242,-0.01880177,-0.00283965,-0.01637519,-0.02121766,0.0037737,-0.01454043,-0.02832694,-0.00386809,-0.01479754,-0.00345276,0.00154035,-0.00200747,0.00058645,0.00441875,-0.01878199,0.01216856,0.0069077,-0.00227066,-0.00596909,-0.01444613,-0.0243882,-0.01999149,-0.0008558,-0.01832404,-0.02343888,-0.01101541,-0.0228729,-0.00459378,-0.02602672,-0.02347236,-0.01051188,-0.01982868,-0.02349512,-0.00806097,-0.00602538,-0.02068064,-0.02525232,-0.00939824,-0.01040232,0.02501036,-0.01055902,-0.00583977,-0.01509875,-0.01386039,0.02084333,-0.0116529,-0.00097142,-0.00487066,-0.00103227
"Np2_501857",-0.02082815,-0.01835904,-0.00836826,-0.00049827,-0.02650128,-0.00656545,-0.00196487,0.01582893,-0.0084215,-0.01834229,0.01463315,-0.01838641,-0.01871806,-0.00664001,-0.02340841,0.00418446,-0.02441097,-0.00936019,-0.00340559,0.00467129,-0.03827665,0.98603172,0.00603596,-0.03735313,-0.0106792,-0.00344363,-0.01157531,-0.00294309,-0.00226457,-0.00684386,-0.02014511,0.01009189,-0.01599635,0.02379781,-0.01307534,0.00932971,-0.0148097,0.00496796,0.00482039,-0.02585929,-0.001227,-0.01346482,-0.01260979,-0.01315598,0.00533764,-0.000906,0.00219909,0.00050734,-0.00988962,0.01051785,-0.01095002,-0.01304188,-0.02552918,-0.02111268,-0.00648177,-0.03032604,-0.00041309,-0.01283038,-0.01651663,-0.01360174,-0.00575609,-0.00973901,-0.02956534,-0.00856299,-0.01979213,0.00295216,-0.02314825,-0.00558874,0.01535581,-0.02272533,-0.00077517,-0.00782666,-0.01149315,-0.01213515,-0.03218967,-0.01357132,-0.02229473,-0.01696088,0.00451307,-0.01494206,-0.00615013,-0.00064432,-0.0081355,-0.0180395,0.00834842,-0.01791326,-0.03378558,-0.02055738,-0.01291866,-0.01072788,-0.00026551,-0.00875468,-0.01438067,-0.00812179,-0.00323216,-0.01523413,-0.01000069,-0.02594296,-0.00626117,-0.02280899
"Np2_500934",-0.01391969,-0.01768814,-0.01667336,-0.02006142,-0.0066613,-0.00650308,-0.01452977,-0.02518538,-0.01368388,-0.03227643,-0.00462573,-0.00554463,-0.02261124,-0.00125287,-0.02152042,-0.00579413,-0.01126493,-0.01477472,0.00380717,0.00808066,-2.818e-05,0.00603596,0.99939413,-0.01066703,-0.01852791,-0.02011622,0.00552632,-0.01003111,0.00814304,-0.00754217,-0.01004177,-0.01190542,-0.02780058,0.00484321,-0.03279065,-0.00156171,-0.02128918,-0.00455422,-0.01002654,0.00052256,-0.01409619,-0.01051187,-0.01346023,-0.01096371,-0.00859646,0.00159055,-0.00443251,-0.02985755,-0.01150075,-0.01589136,-0.0207765,-0.02499827,-0.02668392,-0.03017848,-0.0327389,0.00244555,-0.009631,0.0077703,-0.01128166,-0.01977695,-0.00599799,-0.02747654,-0.02098339,-0.02097576,0.00156925,-0.00550507,-0.02369444,-0.01237248,0.00552935,-0.01338267,-0.0204905,-0.01308905,-0.01416923,-0.0058352,-0.02026072,-0.01107478,-0.01827685,-0.02830871,0.00061992,-0.00803358,-0.01202107,0.26109222,-0.02632945,-0.01812929,-0.00665067,-0.00765779,-0.02581218,-0.01334463,-0.00920503,-0.0263355,-0.02028508,-0.01736406,-0.03698656,-0.01992602,0.01660789,-0.01562818,-0.00872123,-0.01949091,-0.01258852,-0.01666119
"Np2_502275",-0.00482197,-0.03049795,-0.00787989,0.00485842,-0.01673265,-0.02372483,-0.0095397,-0.02247733,-0.02116894,-0.00066258,-0.00967662,-0.01211689,-0.00742806,0.00312864,-0.01774742,0.00041302,-0.00657914,-0.01465298,-0.00808986,-0.00396849,-0.01344656,-0.03735313,-0.01066703,0.97970504,-0.02023179,-0.014974,-0.01169549,0.00256573,-0.00542747,0.00140342,0.00042519,-0.03156133,-0.01733361,-0.01222642,-0.01213057,-0.03293211,-0.00078125,-0.02664434,-0.02070645,-0.02035046,-0.00362923,0.01136527,-0.00512319,-0.0070386,-0.01805927,0.01479595,-0.00948341,-0.0133051,-0.02385416,0.03230516,-0.02141544,-0.02913632,-0.01378278,-0.00556287,-0.02181553,-0.02086165,-0.00814005,-0.00640874,-0.01146421,0.00666428,-0.03599917,-0.01351045,0.00804414,-0.0083789,0.00716784,0.00435334,-0.00759845,-0.00875163,-0.02584106,-0.00398066,0.0061029,-0.00505626,-0.00917915,-0.01727581,-0.01496638,0.00562975,0.0072515,-0.01206058,-0.01355912,0.00121629,-0.01615915,-0.01187044,-0.01205907,0.03250143,-0.01367933,-0.00677539,0.00930079,-0.0106366,-0.0107568,-0.00521905,-0.02107615,-0.02576192,-0.01952133,-0.01113255,-0.01521894,-0.02615594,-0.01559776,0.02581509,-0.00409933,-0.02414625
"Np2_503849",0.0156144,-0.03333836,-0.01285018,-0.0011768,-0.00420734,-0.01758921,-0.02196464,-0.01771093,-0.00286247,-0.00684995,-0.02925196,-0.01754358,-0.00859495,-0.00899204,0.00466673,-0.00957774,-0.00318195,-0.00501823,-0.02203617,-0.01106867,-0.02617578,-0.0106792,-0.01852791,-0.02023179,0.991978,-0.01325032,-0.00723336,-0.0162489,-0.0114627,-0.03308121,-0.01458607,-0.00549593,0.00249423,-0.0086771,-0.00356077,-0.025123,-0.0115327,-0.00712076,-0.01730928,-0.02014813,-0.00525252,0.00441723,0.00116457,-0.01611655,-0.02515946,-0.02881688,-0.00943321,-0.00108401,-0.01421942,-0.00248365,0.00434573,-0.01402469,0.00224169,-0.01007675,-0.01963544,-0.0268969,-0.01021975,-0.00757563,-0.00289441,-0.01488882,0.00269354,-0.00996113,-0.00970554,0.01570874,-0.01514591,0.00866335,-0.01515504,-0.00611513,-0.03659255,-0.01670988,-0.02229634,-0.00972228,-0.01414944,-0.0141829,0.21998143,-0.02976772,0.00593249,-0.04091618,-0.01792085,-0.00816593,-0.02280294,-0.00969034,-0.01398665,-0.03043248,-0.016824,-0.01889607,-0.00099425,0.00021524,-0.01800913,-0.02890202,-0.01357131,-0.02312544,-0.00562678,0.00093636,-0.01182176,-0.01576053,-0.00413737,-0.01475491,-0.03036861,-0.0081218
"Np2_504023",-0.0081857,0.00554153,-0.01991539,-0.00367792,-0.00807768,-0.00868015,-0.01974957,-0.01975566,-0.00962339,-0.01132885,0.00521596,-0.00254908,-0.003185,-0.02427262,-0.02293682,-0.00599343,-0.02302657,0.00404299,0.01471382,-0.01022281,-0.00859496,-0.00344363,-0.02011622,-0.014974,-0.01325032,1.00934214,-0.02342676,-0.00140653,0.0030754,-0.00256885,-0.00674195,-0.03249095,-0.01826319,-0.02563115,-0.00073713,-0.01149772,-0.02985598,-0.0176851,-0.00809594,-0.01915014,-0.00273316,-0.01892653,0.00307539,0.01013604,-0.00149325,-0.01367023,-0.01026085,-0.01362613,-0.00972229,-0.02248037,-0.00363228,-0.02200272,-0.01243031,-0.01820692,-0.00479308,0.04149737,-0.00328845,-0.01494508,-0.01269806,-0.00080711,-0.00695798,-0.01930837,-0.00977249,-0.00474439,-0.01582141,-0.02548206,-0.01887326,-0.01439742,-0.01490405,-0.00278032,-0.01338727,-0.01876526,0.00023654,-0.01835753,-0.02395917,-0.00488436,-0.02730003,-0.01801064,-0.01524937,-0.01401405,0.00101548,-0.02208033,-0.01831342,-0.01011326,-0.00669783,-0.00161952,0.01293533,-0.00517647,0.06818512,-0.02227502,-0.00390156,0.00677839,-0.04068501,-0.01084504,-0.01812628,-0.00426517,-0.02063502,-0.01725605,-0.01704762,-0.02127246
"Np2_502473",-0.0138832,-0.01171834,-0.01709329,-0.00876688,-0.02670675,-0.00038113,-0.01875311,-0.0208891,-0.00482351,-0.03649981,-0.01173963,-0.02832858,-0.02044486,0.02373402,-0.02483095,-0.01245162,0.00079031,-0.0062186,-0.01000072,-0.01013914,0.00031261,-0.01157531,0.00552632,-0.01169549,-0.00723336,-0.02342676,1.03431107,-0.03813982,-0.01890068,-0.02667484,-0.02415398,-0.01932362,-0.02609063,-0.03482783,-0.00339191,-0.00182948,-0.01242881,-0.02003564,-0.02261736,-0.02530408,-0.0014324,-0.01260529,-0.02392115,-0.01609985,0.01136986,-0.01008745,-0.00333105,-0.02708265,-0.00720445,-0.00946518,-0.01632808,-0.02207122,-0.00504411,-0.00656091,-0.02174867,-0.01638284,-0.00624751,-0.01927339,-0.0202212,-0.00148412,-0.00596149,-0.01329142,-0.02246829,-0.00952908,-0.02532234,-0.00196944,-0.00464095,-0.02359408,-0.017711,-0.0154761,-0.01634634,-0.02248503,-0.00987293,-0.03607383,-0.02494048,0.00052408,0.19794483,0.00261138,0.00248207,0.00508665,-0.02506832,-0.01286849,-0.00773236,-0.00987746,-0.027609,-0.00168798,0.00845494,-0.01969787,-0.0207309,-0.02675547,-0.02557338,-0.00378746,-0.02873478,-0.02201946,-0.00541532,0.09820613,-0.01370524,-0.01215191,-0.03567673,0.02901616
"Np2_503390",-0.00707661,-0.00582456,-0.02732589,-0.00926282,-0.025377,-0.02506669,0.0041799,-0.02062433,-0.00471092,-0.00093947,-0.00067323,-0.00402631,-0.00907417,-0.00460291,-0.00722268,-0.01279542,-0.00792098,0.00682554,0.00897675,-0.02569651,0.0051414,-0.00294309,-0.01003111,0.00256573,-0.0162489,-0.00140653,-0.03813982,0.99010648,0.00159816,0.01071109,-0.00852346,-0.00171537,-0.00635246,0.0007325,-0.01864504,-0.00749805,-0.01505465,-0.01155552,-0.0135287,0.00325796,-0.01759835,0.00104742,-0.02700334,-0.01492228,-0.0154456,0.00386955,-0.01036885,0.00193591,-0.01713282,-0.02228408,-0.01225992,-0.01252614,-0.01482035,-0.01846704,0.00346638,-0.00409934,-0.0099383,0.00563735,-0.02436837,-0.00274077,-0.01512919,-0.00739764,-0.01870438,-0.02128306,-0.01881999,-0.01204996,-0.01472145,-0.01922162,-0.01151293,-0.00380115,0.00369611,-0.02298092,-0.02999442,-0.00538184,-0.01737318,0.0029187,-0.01980123,-0.02511688,-0.01687873,-0.00590671,-0.00791643,-0.02599172,0.00135626,-0.01889299,-0.03312537,-0.00522666,0.00263419,0.015406,0.00691835,0.00591425,-0.01754966,0.00438832,-0.00230261,-0.01612566,-0.01077962,-0.02673712,-0.01511398,-0.02938276,0.00110066,-0.01164375
"Np2_502921",0.01094536,-0.00484176,-0.00899963,-0.00189032,-0.00994133,-0.0224104,-0.001227,0.00028827,-0.0347638,-0.01593094,-0.01825101,0.00288979,0.00407949,-0.0103141,-0.02951667,-0.02687407,0.0002122,-0.0106001,-0.00997027,0.00723478,-0.01913037,-0.00226457,0.00814304,-0.00542747,-0.0114627,0.0030754,-0.01890068,0.00159816,0.99313744,-0.02999133,-0.01986367,0.00900412,-0.01267218,0.00460588,-0.02450835,0.02725894,-0.02304787,-0.00311806,-0.0120895,0.01063046,-0.00124983,-0.02398503,-0.01461038,-0.0305223,-0.03074132,-0.02329283,-0.01714498,-0.0121428,-0.00823895,-0.00989113,-0.00777799,-0.0104784,-0.01368542,-0.01505007,-0.01365498,-0.01680878,0.0076273,-0.02152494,-0.02931887,-0.03294583,-0.01505921,-0.02178056,0.00114327,0.03340365,-0.01707651,0.01342672,-0.00369769,-0.00089535,-0.01205148,-0.01635845,-0.01159966,-0.00800162,-0.02170909,-0.02493739,-0.02065018,-0.02485221,-0.01805776,-0.02002642,-0.01178827,0.01165891,-0.00693364,-0.00933891,-0.00800618,-0.01304186,-0.01099566,-0.00683017,-0.00383766,-0.02651351,-0.02374314,-0.00892508,0.02679185,-0.00923392,-0.0063403,-0.00920957,-0.00873187,-0.00917153,0.00929776,-0.00238476,-0.02834368,-0.01157377
"Np2_504253",-0.01888843,0.00198915,-0.02057715,0.01133028,-0.01969322,-0.00310436,-0.00854474,0.00149014,-0.01089371,0.02056646,-0.02009186,-0.00747067,-0.00901941,0.01614237,-0.01766529,-0.01563123,-0.01288669,-0.01898279,-0.01089829,0.00067773,0.00595685,-0.00684386,-0.00754217,0.00140342,-0.03308121,-0.00256885,-0.02667484,0.01071109,-0.02999133,0.99234622,-0.02855064,-0.01641776,-0.03140009,-0.01899038,-0.01007066,-0.00850824,0.00766838,-0.00739308,-0.02488412,0.00027001,-0.00126504,-0.02263102,-0.01797257,-0.02064867,-0.01721646,-0.02056959,-0.02476699,-0.00865887,-0.0138832,-0.02192505,0.01152807,-0.02053459,-0.00928869,-0.00943626,-0.02249407,-0.01058641,-0.01125276,-0.01712821,-0.00453596,-0.00481589,-0.01111889,-0.00338734,-0.0139334,-0.01605568,-0.01998231,-0.00393198,-0.00660349,-0.01688482,0.00573321,-0.01895997,0.01911663,0.00810957,-0.0065107,0.0085173,-0.00773385,0.01255803,-0.02141996,0.01860084,-0.0131727,-0.00752544,-0.00847021,-0.03810784,-0.02947256,-0.02005531,-0.00157845,-0.01399577,-0.00385287,-0.00796814,-0.01173961,-0.0072668,-0.0179513,-0.02263708,-0.02506822,0.00309821,0.0242664,-0.0187713,-0.00136698,-0.00042221,-0.0202957,-0.02528121
"Np2_500470",-0.00647874,0.00451005,-0.01029735,-0.0149025,-0.01823731,-0.01245008,0.0432682,-0.02687258,-0.00091818,-0.00840478,-0.03095896,0.00630829,0.00734585,-0.02089214,-0.01697004,-0.00428647,-0.01082222,-0.00642094,-0.00548683,-0.01307991,-0.00247605,-0.02014511,-0.01004177,0.00042519,-0.01458607,-0.00674195,-0.02415398,-0.00852346,-0.01986367,-0.02855064,1.0086483,-0.01587466,-0.02127245,-0.0176866,-0.00100793,-0.00979075,-0.03012679,-0.01095763,-0.01399578,-0.00572871,-0.00848085,0.00484018,-0.00845345,-0.01067314,-0.00130764,-0.02519912,-0.01722563,0.00953207,-0.03676904,-0.01620933,-0.01014067,-0.00203942,-0.00798489,-0.00615469,-0.01480058,-0.02023642,-0.02881383,0.01627621,-0.01631585,-0.00761976,0.00813697,-0.01957918,-0.02251845,-0.00608015,-0.00985464,-0.01510334,-0.00286551,-0.02486133,-0.01152359,-0.01004939,-0.01974352,-0.00336604,-0.01022739,-0.01375998,-0.026512,-0.00561157,-0.01463929,0.01640554,-0.01110823,-0.02310875,-0.01507749,-0.00972382,-0.01995344,0.05685996,-0.02172584,-0.01071421,-0.01745839,-0.01853096,-0.01652126,0.00057885,0.02944969,-0.03335205,-0.0117457,-0.02009186,0.00077206,-0.00818723,-0.01162551,-0.00444316,-0.00697319,-0.01560995
"Np2_503728",-0.01457994,-0.00024421,-0.02037632,-0.01235421,-0.02086161,-0.00396849,-0.01032168,-0.02645417,-0.01890821,-0.01270261,-0.00817657,-0.01152964,-0.00364597,-0.01575752,-0.0240063,-0.00295527,-0.01740208,-0.0274537,-0.02712815,0.01791775,-0.03446261,0.01009189,-0.01190542,-0.03156133,-0.00549593,-0.03249095,-0.01932362,-0.00171537,0.00900412,-0.01641776,-0.01587466,0.98757459,-0.01294298,0.02943748,0.01508042,-0.01941334,0.00862987,0.00163162,-0.01920641,-0.01641623,-0.0184077,-0.00904223,-0.01914097,-0.02242561,0.02025758,-0.00393807,-0.00326715,-0.00526319,0.00077053,0.1013534,-0.00257189,-0.00953211,-0.01639038,0.0113029,-0.0221411,0.0107613,0.00629154,-0.02133932,0.00159816,-0.03702002,-0.01122234,-0.0167266,-0.01647102,-0.02254882,-0.02358487,-0.01103368,-0.00670694,0.0041586,-0.01810345,-0.01586857,0.00045258,0.00344204,0.00631741,0.00521899,-0.00920653,-0.01660338,-0.00965683,-0.0087349,-0.02681622,-0.01477927,0.00846558,-0.01356524,-0.01542737,-0.01665964,-0.01233142,-0.01272999,-0.02251689,-0.01035363,-0.01519005,-0.02821284,-0.00512321,-0.02502256,-0.01756487,-0.00506843,-0.02878033,-0.02587299,-0.00405674,-0.00387264,-0.02678885,-0.02234194
"Np2_501090",-0.02712808,-0.00244714,-0.00143239,-0.02733653,-0.01956542,0.00889002,-0.01541519,-0.02744001,-0.01715561,-0.00121332,-0.01114018,-0.01479752,-0.02517014,0.00318645,-0.02560069,0.01842285,-0.01260676,-0.01611654,-0.00681496,-0.02247123,-0.0263203,-0.01599635,-0.02780058,-0.01733361,0.00249423,-0.01826319,-0.02609063,-0.00635246,-0.01267218,-0.03140009,-0.02127245,-0.01294298,0.98864577,0.00076293,-0.01283345,0.01687412,-0.00635247,-0.01289431,0.00125889,-0.0085782,-0.01315598,0.01324873,-0.001262,-0.01839098,-0.02332622,-0.00142479,-0.01064269,-0.00685758,-0.00919132,-0.01206057,-0.01344657,0.01747506,-0.02011467,-0.0013974,-0.02236627,-0.00026551,0.00013309,-0.00908937,-0.02159949,0.01372034,-0.009774,-0.02060303,-0.01426201,-0.02429534,-0.02213655,0.00273765,0.00021828,-0.01569207,-0.01300385,-0.03009023,-0.00311959,-0.00971467,-0.00364445,-0.0248248,-0.01430003,0.01238155,-0.00197095,-0.01565404,0.01799076,-0.02534968,-0.02386028,-0.01013914,-0.01428331,0.00380564,0.00052712,-0.0237568,-0.00189945,0.01087236,-0.02789036,0.00518399,-0.0275602,-0.01688026,-0.0095747,-0.00970553,0.00416012,-0.00312566,0.00134713,0.00792091,-0.00586715,-5.1e-05
"Np2_500009",0.02057706,-0.01681335,-0.01138663,0.00576363,-0.01628386,-0.01916839,-0.01989255,-0.0116833,-0.02954403,0.00085117,-0.01303123,0.00050278,0.00549587,-0.02000365,-0.00619272,-0.01206973,-0.00308763,-0.00218546,-0.00262057,-0.0082359,-0.00539097,0.02379781,0.00484321,-0.01222642,-0.0086771,-0.02563115,-0.03482783,0.0007325,0.00460588,-0.01899038,-0.0176866,0.02943748,0.00076293,0.99262315,-0.03404575,-0.00890227,-0.00626575,-0.00337517,0.00134561,-0.00484023,-0.01352567,0.00055602,-0.0119769,-0.00187359,-0.01913185,-0.00255515,-0.01633714,-0.00372813,-0.01062596,-0.04118389,-0.01290345,-0.01271327,-0.02322282,-0.00724399,-0.02912567,-0.00519928,0.01771542,-0.01234964,-0.00918979,-0.00110226,-0.02185817,-0.02629748,-0.00915481,-0.00610448,-0.01885498,0.01469097,-0.01080091,0.01543033,-0.01672054,0.00544415,-0.02691824,-0.00917154,-0.01192522,-0.01819625,0.00602074,-0.00928717,-0.01466361,-0.03230225,-0.02680254,-0.02602365,-0.02772911,0.01048595,-0.0027864,-0.00462724,-0.01885958,-0.01971456,-0.02950146,-0.01155703,-0.01624131,-5.405e-05,-0.00815223,-0.01998839,-0.02287595,-0.0108359,-0.00746763,-0.00349535,0.00158598,-0.00370682,-0.03483836,-0.01502573
"Np2_501055",-0.03181386,-0.00835002,-0.01266001,-0.02608902,-0.0058428,-0.02196312,0.01686803,-0.01478232,0.00645584,-0.02841521,-0.0100448,0.00607551,-0.0033843,-0.00484633,-0.00944386,-0.01669009,-0.01668401,-0.00102467,-0.01241357,-0.02867837,0.00231167,-0.01307534,-0.03279065,-0.01213057,-0.00356077,-0.00073713,-0.00339191,-0.01864504,-0.02450835,-0.01007066,-0.00100793,0.01508042,-0.01283345,-0.03404575,0.9923584,-0.00028681,-0.01971001,-0.01666729,-0.01209863,-0.02208787,-0.01708109,0.0003476,-0.0051871,-0.01607851,-0.00610447,-0.00626272,-0.00680887,0.00169248,0.00042367,-0.02541808,-0.0123512,-0.03543783,-0.00821765,-0.00943017,-0.03374603,-0.02807596,-0.02585172,-0.02792376,0.00840166,-0.00359272,0.00486147,-0.02757085,-0.00023508,0.01772454,-0.00506691,-0.0157925,-0.00401109,0.01476551,-0.00430167,0.00356223,-0.02408394,0.02515488,-0.00650461,0.00624134,-0.04591384,-0.01056056,0.01159955,-0.00117072,-0.01666574,-0.00402022,-0.01363675,-0.01710697,-0.00147347,0.01372489,-0.00096381,-0.02220502,0.04088115,-0.02545769,-0.01918819,-0.02490846,-0.00394872,-0.00589606,-0.02019378,-0.01484772,-0.01345721,-0.00659436,-0.00029594,-0.018216,-0.02515796,-0.01705978
"Np2_502603",-0.02157972,-0.0034406,-0.01687875,0.00407493,-0.00793163,-0.00123157,-0.01580012,-0.00515669,-0.02955927,-0.00068541,0.00049365,-0.00544574,-0.00912438,0.00386652,-0.02765912,-0.02288661,-0.01420877,-0.02745526,-0.0064392,0.00574538,-0.0210762,0.00932971,-0.00156171,-0.03293211,-0.025123,-0.01149772,-0.00182948,-0.00749805,0.02725894,-0.00850824,-0.00979075,-0.01941334,0.01687412,-0.00890227,-0.00028681,1.0067433,-0.01495273,-0.018604,-0.00384222,0.01872561,-0.01034604,0.00023654,0.00291717,-0.01269046,-0.01519155,-0.01017719,-0.0008345,-0.02397749,-0.00622924,-0.0112284,-0.02539384,-0.01668404,-0.00893726,0.02058168,-0.01575295,-0.00217178,0.00781139,-0.00323672,-0.00570589,0.00283806,-0.0235469,-0.01109911,-0.0149512,-0.01174873,-0.00365662,-0.03324709,-0.01522809,-0.02733505,-0.02069131,-0.01617438,-0.0283027,-0.01709784,-0.01756949,-0.00421496,-0.03172418,-0.00519472,-0.01346176,-0.03536022,0.00482647,-0.01980131,-0.01907259,-0.00215656,0.00921713,-0.01879108,-0.01385432,-0.01714348,-0.01993212,-0.01567993,-0.01838645,-0.00798033,0.00643761,0.01590046,-0.02562963,-0.02271773,-0.01691528,-0.01613784,0.03777917,-0.00828611,-0.02146565,-0.02356057
"Np2_501313",-0.02685426,0.01440954,-0.01561145,-0.00500302,0.02026368,-0.01700351,0.00037651,0.00310886,-0.00075539,0.01016646,-0.02379791,-0.03764837,-0.02611342,-0.00612427,0.01559771,-0.00701426,-0.0147671,0.00119651,-0.03422989,-0.00028985,-0.00915938,-0.0148097,-0.02128918,-0.00078125,-0.0115327,-0.02985598,-0.01242881,-0.01505465,-0.02304787,0.00766838,-0.03012679,0.00862987,-0.00635247,-0.00626575,-0.01971001,-0.01495273,1.00380059,-0.00547009,-0.00333561,-0.02275728,-0.03265982,-0.01903454,-0.00874708,-0.01659579,0.00189786,-0.00814921,-0.01615003,-0.0030846,-0.01652429,0.00342682,-0.00556594,-0.02150218,0.0133248,-0.01009958,0.0183757,-0.00805487,-0.0056785,-0.01703086,-0.00687276,-0.02069282,-0.03886243,-0.0008558,-0.00090448,-0.01641473,-0.02992593,-0.02619861,-0.0013335,-0.01085417,-0.01257788,0.0048706,-0.0160816,-0.00320326,-0.02147481,0.00100787,-0.00048611,-0.02355299,-0.01721494,0.00135474,-0.01809582,-0.00864517,-0.00685148,-0.01944989,-0.01963851,-0.00915632,-0.00893575,-0.01252919,0.00582906,-0.02049807,0.01498157,-0.02329584,-0.00613948,-0.02543031,0.00469564,-0.00912743,-0.0110839,-0.01289279,0.00451156,-0.01964609,-0.00589758,-0.00997027
"Np2_500644",-0.01696545,0.00086943,-0.00724399,-0.01245768,-0.01944374,0.00216562,-0.01088156,0.0277549,-0.00516733,-0.00793773,-0.01147489,-0.01802283,-0.0192673,0.01121925,-0.02152347,-0.00777494,-0.00716031,0.00165292,0.04594584,-0.01489489,-0.01220211,0.00496796,-0.00455422,-0.02664434,-0.00712076,-0.0176851,-0.02003564,-0.01155552,-0.00311806,-0.00739308,-0.01095763,0.00163162,-0.01289431,-0.00337517,-0.01666729,-0.018604,-0.00547009,1.00653941,-0.02569959,-0.00237107,-0.01546846,-0.01431833,-0.02091794,-0.0242026,-0.01605416,-0.03051323,-0.01858421,-0.00917005,-0.02428323,-0.02426187,-0.00191466,-0.01845947,-0.02090581,-0.02120551,-0.02711294,-0.00455575,-0.02986813,-0.01048903,-0.01311034,-0.00304504,-0.01026086,0.01724839,-0.00653351,-0.0183925,-0.01608156,-0.00322608,-0.00985312,-0.01115844,-0.0185112,-0.01003874,-0.0077141,0.02844104,0.00393193,-0.00446903,-0.00368096,-0.00286247,-0.03668832,-0.00016662,-0.01657447,-0.01503489,-0.01795743,-0.01762426,-0.0153787,-2.818e-05,-0.01928101,0.0250484,-0.02003406,-0.01136992,-0.02198751,-0.00336604,-0.00035831,-0.00686973,-0.03196913,-0.01247442,0.00184766,-0.00741589,-0.02804557,-0.01249571,-0.00042068,-0.01225231
"Np2_503580",-0.01452669,-0.0084063,-0.00982572,-0.01595221,0.00779311,-0.00467592,-0.01757095,-0.00692754,-0.02052846,-0.02284246,-0.02242409,-0.01619261,-0.01043883,0.00346486,-0.02243169,-0.01355153,-0.00167885,-0.00153736,-0.01216558,-0.01367322,0.00103829,0.00482039,-0.01002654,-0.02070645,-0.01730928,-0.00809594,-0.02261736,-0.0135287,-0.0120895,-0.02488412,-0.01399578,-0.01920641,0.00125889,0.00134561,-0.01209863,-0.00384222,-0.00333561,-0.02569959,0.98570306,0.00417533,-0.01546388,-0.00518559,-0.00235281,-0.02130741,0.00388019,-0.02061978,0.00713133,0.0121336,-0.01591116,0.00206217,-0.02716467,-0.00278488,0.00146276,-0.03565382,-0.03182454,-0.00668108,0.00527984,-0.0325441,-0.03607824,0.00045865,-0.00964773,-0.01576053,-0.01367933,-0.00743414,0.01313309,-0.0248248,-0.00634941,-0.00628552,0.01009494,-0.01429396,-0.02124963,-3.83e-06,-0.00367031,-0.00416019,-0.01204385,-0.00909548,-0.02162229,-0.0071603,-0.00881097,-0.01518244,-0.01749643,-0.00910005,-0.00913655,-0.00413128,0.00034912,-0.02363053,-0.01257481,-0.01516873,-0.02198291,0.02174092,-0.00628704,-0.01310273,0.03862648,-0.01246983,-0.02538009,-0.01182326,-0.03230077,0.02356502,-0.00254602,-0.0210716
"Np2_503812",-0.01995184,-0.00713749,0.01091646,0.0028122,0.00799697,-0.00842759,-0.01006457,0.01305397,-0.02169381,-0.00772929,-0.01309207,0.01261279,-0.00780079,-0.00363381,-0.03181239,-0.02232367,-0.0023878,-0.02461028,-0.0207856,-0.00342841,-0.01655774,-0.02585929,0.00052256,-0.02035046,-0.02014813,-0.01915014,-0.02530408,0.00325796,0.01063046,0.00027001,-0.00572871,-0.01641623,-0.0085782,-0.00484023,-0.02208787,0.01872561,-0.02275728,-0.00237107,0.00417533,0.98504574,-0.01176089,-0.01806541,-0.00656088,-0.0077156,-0.01082524,-0.01204844,-0.01381168,-0.01900261,-0.01449021,-0.02253205,-0.01037799,-0.01064422,-0.00730939,-0.01947569,0.00139277,-0.0034345,-0.00410085,-0.010737,-0.01274976,-0.02048436,0.0243303,-0.0109926,-0.0157575,-0.02153103,0.00907715,0.00093789,-0.0110139,-0.02129523,-0.01206518,-0.0022235,-0.01252615,-0.03190064,-0.01350742,-0.00775972,-0.02857491,-0.00524035,-0.02157056,-0.01045556,-0.00799856,-0.02380245,-0.00101402,-0.00889619,-0.00878055,-0.02918191,-0.00340256,-0.00517037,-0.00567698,-0.0146606,-0.01675856,-0.00513537,-0.02875141,3.267e-05,-0.01335223,-0.01302665,0.02822345,-0.02211676,-0.01505768,-0.01898123,-0.00857972,0.00758165
"Np2_503168",-0.01737924,-0.01080245,-0.00659284,-0.00222197,-0.01194648,0.03978577,-0.0102304,-0.01480058,-0.02444597,-0.016719,-0.0182784,-0.01432896,-0.00811877,-0.00243041,-0.00520232,-0.02279379,-0.01076897,-0.00028224,-0.03464369,0.00142624,-0.0100296,-0.001227,-0.01409619,-0.00362923,-0.00525252,-0.00273316,-0.0014324,-0.01759835,-0.00124983,-0.00126504,-0.00848085,-0.0184077,-0.01315598,-0.01352567,-0.01708109,-0.01034604,-0.03265982,-0.01546846,-0.01546388,-0.01176089,0.99490854,-0.00879882,-0.01174719,-0.01777027,-0.00749195,-0.01951682,-0.01489033,0.00760754,-0.00583216,-0.00930997,0.0001057,0.00911976,-0.01401708,-0.02268425,-0.01322596,0.00659278,-0.00396241,-0.01637971,-0.00317891,-0.00391526,-0.01980281,-0.00324738,-0.00877295,-0.01211232,-0.01223555,-0.0062262,-0.01133187,-0.01796194,-0.02090276,-0.01638584,0.00236949,-0.01152813,-0.02006298,-0.00777342,-0.03467406,0.00493906,-0.01519457,-0.01503333,-0.016684,-0.01407946,-0.01137296,-0.01408252,-0.01092415,-0.01656837,-0.01558714,-0.00609687,-0.01116756,-0.01558712,-0.01007829,-0.03116429,-0.0214626,-0.00058956,-0.00621555,0.00232537,0.00417229,0.00571039,0.01429086,0.01371425,-0.01939506,-0.01951222
"Np2_504278",-0.01181717,-0.02243175,-0.02598104,-0.01111279,-0.01338265,-0.0180928,-0.02185969,-0.02034442,-0.03394535,-0.00537576,0.05772266,-0.03006592,-0.01685747,-0.00082385,0.00157686,-0.02635988,0.00011787,-0.00247909,-0.00321848,-0.001227,-0.01815976,-0.01346482,-0.01051187,0.01136527,0.00441723,-0.01892653,-0.01260529,0.00104742,-0.02398503,-0.02263102,0.00484018,-0.00904223,0.01324873,0.00055602,0.0003476,0.00023654,-0.01903454,-0.01431833,-0.00518559,-0.01806541,-0.00879882,1.00649072,-0.00816287,-0.0093176,-0.02779296,-0.0037616,-0.01952136,-0.01604053,-0.00620338,-0.001618,-0.01806544,-0.02715557,-0.00313024,-0.0104282,-0.01709631,-0.00488436,-0.01954722,-0.01203472,-0.00263731,-0.03760427,0.0132959,-0.02278772,-0.00655786,-0.02495869,-0.01336746,-0.02546228,-0.00257493,0.00433508,-0.00986378,-0.01447502,-0.00910767,-0.01874548,0.03174851,-0.01666426,0.00192372,-0.00760304,-0.00522057,-0.02377202,-0.01796804,-0.01947118,-0.03334752,-0.00456488,-0.00262361,-0.02667628,-0.00972078,0.00631132,-0.00682257,-0.0098729,-0.02383748,-0.01495271,0.02517619,0.01273146,-0.01982259,-0.00823895,-0.01293388,-0.01170004,-0.02000669,-0.01115083,-0.01079027,-0.01303733
"Np2_502659",-0.02085094,-0.01701263,-0.0153893,-0.02547132,-0.01146267,-0.00795748,-0.0165927,-0.021315,-0.0195502,-0.00649851,-0.04091921,-0.01551864,0.01016491,-0.00879272,-0.00669628,-0.01470319,-0.01135011,-0.01014368,-0.0190984,0.014233,-0.00163474,-0.01260979,-0.01346023,-0.00512319,0.00116457,0.00307539,-0.02392115,-0.02700334,-0.01461038,-0.01797257,-0.00845345,-0.01914097,-0.001262,-0.0119769,-0.0051871,0.00291717,-0.00874708,-0.02091794,-0.00235281,-0.00656088,-0.01174719,-0.00816287,0.97305274,-0.01880781,-0.01446279,-0.01370823,-0.01851418,-0.01396841,0.00317124,0.00349679,-0.00990788,-0.0092613,-0.00547007,-0.01809277,-0.00787381,-0.02563262,-0.04151252,-0.00920194,-0.00619423,0.02380084,-0.01916686,-0.01980277,-0.01178827,-0.00584736,-0.0179893,-0.00543813,-0.00476264,-0.02980111,-0.00763953,-0.02244385,-0.01966284,-0.00648025,-0.00299635,0.00701114,-0.01197843,-0.00461811,-0.0153193,-0.00587779,-0.00402934,-0.00538032,0.01177908,-0.0093389,0.02226883,-0.00832564,-0.02529642,-0.02219586,-0.00901027,-0.00551875,-0.00153128,-0.01409767,0.01614232,-0.00193139,-0.00664456,0.01984833,-0.01192671,-0.01632189,-0.02751911,0.0059827,-0.00491478,0.00394408
"Np2_503677",-0.03980556,-0.01527678,-0.00117832,-0.01445521,0.01780973,-0.01519764,-0.01972521,-0.00969033,-0.00518711,-0.00689255,-0.01834078,0.00401712,-0.01654862,-0.01801067,-0.00693819,0.02156751,-0.02878338,-0.01190695,-0.00960362,-0.01217622,-0.01769877,-0.01315598,-0.01096371,-0.0070386,-0.01611655,0.01013604,-0.01609985,-0.01492228,-0.0305223,-0.02064867,-0.01067314,-0.02242561,-0.01839098,-0.00187359,-0.01607851,-0.01269046,-0.01659579,-0.0242026,-0.02130741,-0.0077156,-0.01777027,-0.0093176,-0.01880781,0.99843554,-0.01485684,-0.01562365,-0.00202116,-0.02835901,-0.02278163,-0.01424069,-0.00558571,-0.01558865,-0.01636149,0.0049421,0.13276207,0.006074,-0.00250343,0.01002951,-0.02362748,-0.02512453,-0.01940879,-0.01852334,-0.00761824,-0.02814896,-0.00012707,-0.00780993,-0.02904201,-0.00676627,0.00657148,-0.01234055,-0.00271338,-0.00063673,0.00315147,0.00935556,-0.02758606,-0.02418129,-0.00521601,-0.01342221,0.00303127,-0.0194666,-0.02269342,-0.00288682,-0.01859333,-0.00461202,-0.00439145,-0.01422246,-0.01488121,-0.00302222,-0.01014066,-0.0050593,-0.0326309,-0.00749805,-0.01662316,-0.0074737,-0.02814291,-0.01656381,0.02137889,-0.00201811,-0.00454814,-0.01516266
"Np2_504024",0.00059557,0.00291261,-0.00626574,-0.0174127,0.00952744,-0.02241493,0.01687256,-0.02238451,-0.00068997,-0.01015433,0.0591815,-0.01461038,0.00209716,-0.0075802,-0.01278627,0.00309213,-0.02808958,-0.01623367,-0.0069321,0.00814302,-0.02841518,0.00533764,-0.00859646,-0.01805927,-0.02515946,-0.00149325,0.01136986,-0.0154456,-0.03074132,-0.01721646,-0.00130764,0.02025758,-0.02332622,-0.01913185,-0.00610447,-0.01519155,0.00189786,-0.01605416,0.00388019,-0.01082524,-0.00749195,-0.02779296,-0.01446279,-0.01485684,0.97289145,0.02462544,0.00232383,-0.01442938,0.01001278,-0.01537254,-0.00458769,-0.01033081,-0.02205743,-0.01459821,-0.02141844,-0.00783731,-0.01930528,-0.00798943,-0.00543812,-0.02093162,-0.01597657,-0.01919879,-0.01179283,-0.0087425,-0.02560065,-0.01517938,-0.01602524,-0.00226914,-0.01509875,-0.00556135,-0.01297342,-0.01013608,-0.02673411,-0.02083425,-0.02171967,-0.02409606,-0.01212902,0.00172443,0.00387714,-0.01162245,0.00082074,-0.01056055,-0.01987732,-0.01395922,-0.00674041,-0.02463459,-0.0310745,-0.00597972,-0.0153802,0.00369762,-0.01489792,-0.01060768,-0.00345427,-0.01012694,-0.00158604,-0.01739141,-0.01352718,-0.02323189,-0.01648164,-0.00473221
"Np2_500554",-0.03257612,-0.00911223,0.003617,-0.00707359,-0.00417084,-0.0123801,-0.0170598,-0.00976336,-0.0186481,-0.00894336,0.00836213,-0.0301344,-0.02088147,-0.01184613,-0.03120086,-0.0072592,-0.02246672,-0.00635096,0.00249424,-0.00783732,2.811e-05,-0.000906,0.00159055,0.01479595,-0.02881688,-0.01367023,-0.01008745,0.00386955,-0.02329283,-0.02056959,-0.02519912,-0.00393807,-0.00142479,-0.00255515,-0.00626272,-0.01017719,-0.00814921,-0.03051323,-0.02061978,-0.01204844,-0.01951682,-0.0037616,-0.01370823,-0.01562365,0.02462544,1.01548319,-0.00741895,-0.02888848,-0.01859488,-0.0001651,-0.00581088,-0.01474887,0.00243034,0.00928103,-0.03298692,-0.01332032,0.0006184,-0.00738698,-0.00057586,-0.00039939,-0.02404591,-0.01494512,-0.01955789,-0.01970241,-0.00232999,0.00139734,-0.00903311,-0.00379658,-0.0021733,-0.01454349,-0.02058636,-0.00877296,0.0007964,-0.00577893,-0.01305407,-0.01299627,0.00307843,-0.01151749,-0.02001428,-0.00234825,-0.01531179,-0.03247429,-0.02870736,-0.00559787,-0.00674651,-0.01505618,-0.02240892,0.00040389,0.02477764,-0.01060924,-0.01520832,-0.02187187,0.00323362,0.02622745,-0.0102639,0.00907411,-0.01535894,-0.03647386,-0.02105185,-0.02132115
"Np2_503409",-0.0039122,0.01316202,-0.01488119,-0.02161624,-0.01125882,-0.01688178,-0.00300091,-0.01852485,-0.00671911,-0.02181251,-0.0229155,0.00993976,-0.01001742,-0.01528287,-0.00862234,-0.0160207,-0.01799238,-0.01480818,-0.01356981,0.01124204,-0.01664447,0.00219909,-0.00443251,-0.00948341,-0.00943321,-0.01026085,-0.00333105,-0.01036885,-0.01714498,-0.02476699,-0.01722563,-0.00326715,-0.01064269,-0.01633714,-0.00680887,-0.0008345,-0.01615003,-0.01858421,0.00713133,-0.01381168,-0.01489033,-0.01952136,-0.01851418,-0.00202116,0.00232383,-0.00741895,0.99461032,-0.01330816,-0.01320771,-0.0102958,0.00931298,-0.00997027,-0.00131068,-0.01621543,0.01362906,-0.01112802,0.00463631,-0.0026084,-0.00446902,-0.00094555,-0.02246215,-0.00271186,-0.01477927,-0.02222631,0.01355451,-0.00599495,-0.01581684,-0.01316662,-0.02371423,-0.01569818,0.00944686,-0.01479601,-0.02241805,-0.01164984,-0.00812332,-0.00137154,-0.01283343,0.00041149,-0.02147322,-0.01795589,-0.02818096,-0.01141709,-0.00962795,-0.0260738,-0.01048753,-0.01758009,-0.01093632,-0.00561917,-0.00147956,-0.01404597,0.00645738,-0.03200257,-0.00628857,-0.00839717,-0.00365966,-0.01079331,-0.00358207,-0.01830729,-0.0225108,-0.00300243
"Np2_503266",-0.00606037,-0.00952454,-0.0115525,-0.01326706,-0.02162237,-0.00944542,-0.01290803,1.747e-05,-0.02621082,0.02122375,-0.0131971,-0.00133655,-0.02616216,-0.00723793,-0.00346798,-0.01619114,-0.00751328,-0.01102307,-0.01054537,-0.0216376,0.00691837,0.00050734,-0.02985755,-0.0133051,-0.00108401,-0.01362613,-0.02708265,0.00193591,-0.0121428,-0.00865887,0.00953207,-0.00526319,-0.00685758,-0.00372813,0.00169248,-0.02397749,-0.0030846,-0.00917005,0.0121336,-0.01900261,0.00760754,-0.01604053,-0.01396841,-0.02835901,-0.01442938,-0.02888848,-0.01330816,1.03763418,0.00092267,-0.01198759,-0.02843511,0.01861309,-0.00924003,-0.02323201,-0.02640099,0.00132888,-0.0162246,-0.02240434,-0.01087701,-0.02697914,-0.01243946,-0.00501217,-0.00962494,-0.02848221,-0.02677981,-0.01757559,-0.02100777,-0.01866183,-0.00654114,-0.01069598,-0.00091666,-0.01238013,0.00905589,-0.01242881,-0.02761504,0.01914862,-0.00463638,0.00921714,-0.02210009,-0.02862374,-0.00933437,-0.00261145,0.00632808,-0.02000669,-0.00533318,-0.00877449,-0.01536656,-0.00776736,-0.0151901,-0.01604203,-0.00877449,0.0082952,-0.01999911,-0.02317265,-0.00078734,0.01459515,-0.00314393,-0.00950169,-0.01644368,-0.02873173
"Np2_501388",-0.02528118,-0.02615907,-0.0056709,-0.0096675,-0.00128786,0.01362754,-0.02543487,-0.01524786,-0.017895,-0.00849455,-0.00488131,0.01595523,-0.01754206,-0.00607255,-0.02421018,-0.02902224,-0.01562819,-0.00894487,-0.01607397,-0.00328084,0.00245468,-0.00988962,-0.01150075,-0.02385416,-0.01421942,-0.00972229,-0.00720445,-0.01713282,-0.00823895,-0.0138832,-0.03676904,0.00077053,-0.00919132,-0.01062596,0.00042367,-0.00622924,-0.01652429,-0.02428323,-0.01591116,-0.01449021,-0.00583216,-0.00620338,0.00317124,-0.02278163,0.01001278,-0.01859488,-0.01320771,0.00092267,0.99979582,-0.01477772,0.00087551,-0.00471549,-0.00259776,-0.02008883,0.01021209,0.00508055,-0.0146028,-0.0014613,-0.0223389,-0.01698982,0.00241817,-0.0123664,-0.00952451,-0.00434427,-0.00477178,-0.00956406,-0.00128178,0.01064872,-0.00218091,-0.00603147,-0.01055296,-0.01319251,-0.01746754,-0.01917449,-0.00149934,-0.00463638,-0.00377528,0.01555509,0.00431986,-0.02532841,-0.01471083,-0.01681184,-0.02369445,-0.01062595,-0.01709937,-0.02008426,-0.00248669,-0.00264644,-0.00124526,-0.03739274,-0.01460737,-0.02613926,-0.01746448,-0.00162104,0.00539851,-0.02729395,-0.00289138,-0.00042525,-0.02318934,-0.00718009
"Np2_501206",-0.01202404,-0.02126937,-0.03196901,-0.00462571,-0.02576034,-0.01571335,-0.02876049,-0.00822828,-0.01361387,-0.01045098,-0.01961716,-0.01034297,-0.01888994,0.00353332,-0.00562829,-0.00678908,-0.0093693,-0.01881236,-0.01179284,-0.00295527,-0.01867088,0.01051785,-0.01589136,0.03230516,-0.00248365,-0.02248037,-0.00946518,-0.02228408,-0.00989113,-0.02192505,-0.01620933,0.1013534,-0.01206057,-0.04118389,-0.02541808,-0.0112284,0.00342682,-0.02426187,0.00206217,-0.02253205,-0.00930997,-0.001618,0.00349679,-0.01424069,-0.01537254,-0.0001651,-0.0102958,-0.01198759,-0.01477772,0.96590746,-0.00184164,-0.0081933,0.00457392,0.01112032,0.00049669,8.136e-05,-0.00408411,-0.02623804,-0.02962004,-0.01088306,-0.00014684,-0.0009349,-0.00950319,-0.02699114,0.0233946,-0.01562817,-0.01556122,-0.01473664,0.00803349,-0.02609205,0.01061524,-0.01225837,-0.0131864,-0.01443694,-0.01517023,-0.02104572,0.01648002,-0.01713277,-0.00463484,-0.00111747,-0.01058184,-0.01876826,-0.03204055,-0.03540269,-0.00764562,-0.01245613,-0.02802417,-0.01555665,0.00227515,-0.02443984,0.01355905,-0.00390612,-0.00937995,0.00418141,-0.03291838,0.00087246,-0.0063692,-0.00268598,-0.02347225,-0.02115525
"Np2_500495",-0.02375528,-0.01489645,-0.03046449,-0.01620479,-0.01041144,-0.01025324,-0.01402013,-0.02041593,-0.01469561,0.00079031,-0.01841686,-0.01842296,0.00315299,-0.00043894,-0.00032028,-0.00482807,-0.01623218,-0.03312995,-0.02854459,-0.00266774,-0.00834242,-0.01095002,-0.0207765,-0.02141544,0.00434573,-0.00363228,-0.01632808,-0.01225992,-0.00777799,0.01152807,-0.01014067,-0.00257189,-0.01344657,-0.01290345,-0.0123512,-0.02539384,-0.00556594,-0.00191466,-0.02716467,-0.01037799,0.0001057,-0.01806544,-0.00990788,-0.00558571,-0.00458769,-0.00581088,0.00931298,-0.02843511,0.00087551,-0.00184164,1.01349906,-0.00866647,-0.00198465,-0.01415097,-0.00667044,-0.00236955,-0.00836067,-0.00100032,-0.01609677,-0.00892206,0.00409623,-0.00764563,-0.00723791,-0.01438068,-0.02226286,0.00991392,-0.01147033,-0.01916536,-0.02514891,0.02044478,-0.00583218,-0.0032991,0.0080959,-0.00806401,0.00185222,-0.01497708,-0.01928856,-0.00026247,0.00325948,-0.02395464,-0.02185669,-0.01285175,-0.01882155,-0.0148812,-0.0224196,-0.00988659,-0.00461203,-0.01831189,-0.00747829,-0.02567374,-0.0212968,0.00124977,-0.00681041,-0.00481133,0.00099113,0.00100787,-0.01657908,-0.0165471,-0.03185655,0.00073555
"Np2_501696",0.04839509,-0.02809426,-0.01886412,0.01015275,-0.00748282,-0.002152,-0.0068317,-0.01277109,-0.02241649,-0.02199205,-0.01777028,-0.02097123,0.00577733,-0.00374791,-0.01260526,-0.00220372,-0.00767453,0.00053016,-0.00918525,-0.02134241,-0.01880177,-0.01304188,-0.02499827,-0.02913632,-0.01402469,-0.02200272,-0.02207122,-0.01252614,-0.0104784,-0.02053459,-0.00203942,-0.00953211,0.01747506,-0.01271327,-0.03543783,-0.01668404,-0.02150218,-0.01845947,-0.00278488,-0.01064422,0.00911976,-0.02715557,-0.0092613,-0.01558865,-0.01033081,-0.01474887,-0.00997027,0.01861309,-0.00471549,-0.0081933,-0.00866647,1.00535867,0.00596446,-0.00635399,-0.02641007,-0.0052221,-0.01638584,0.02124952,-0.00525709,-0.00066867,-0.01564342,-0.01658361,-0.02195706,-0.01525545,0.00287762,-0.01880177,-0.00032637,-0.00330519,-0.0092887,-0.0018812,-0.01203173,-0.01299778,-0.02031554,-0.01182937,-0.01864809,0.00057885,-0.02366246,-0.01589443,-0.02058781,-0.00900725,-0.01421184,-0.03745977,-0.00615622,-0.01940723,0.01656531,0.00779922,-0.00655177,-0.00975423,-0.02311027,-0.00357599,-0.01441264,-0.01635997,0.00783269,-0.02348601,-0.00125287,-0.00458312,-0.01136841,0.0011387,-0.00960665,-0.01398361
"Np2_502917",0.0044157,-0.02080388,-0.01279085,-0.01131057,-0.00308306,0.0294801,-0.0311856,-0.00213374,-0.01619109,-0.01013761,-0.00941496,-0.00363988,-0.01614242,-0.01425748,-0.00561917,-0.00677997,0.02167552,-0.01332638,-0.01284868,-0.00188119,-0.00283965,-0.02552918,-0.02668392,-0.01378278,0.00224169,-0.01243031,-0.00504411,-0.01482035,-0.01368542,-0.00928869,-0.00798489,-0.01639038,-0.02011467,-0.02322282,-0.00821765,-0.00893726,0.0133248,-0.02090581,0.00146276,-0.00730939,-0.01401708,-0.00313024,-0.00547007,-0.01636149,-0.02205743,0.00243034,-0.00131068,-0.00924003,-0.00259776,0.00457392,-0.00198465,0.00596446,0.9990959,-0.02568743,-0.01120864,-0.02516409,-0.01868003,-0.02485975,-0.01683158,-0.01772007,-0.00500607,-0.01294451,-0.00356077,0.00527071,-0.00321999,-0.0212481,-0.01433504,-0.02324715,-0.0220803,-0.01832406,-0.02756179,-0.01437917,-0.01409012,-0.00484328,-0.02550637,-0.01434266,0.00066708,0.00417533,0.00054689,-0.00430321,0.00144602,-0.02058482,-0.0108846,-0.00253233,-0.00215961,-0.02613926,-0.00991093,-0.00733223,-0.02357884,-0.01195562,-0.03359393,-0.01865418,-0.00952299,-0.01862982,0.00253836,0.02035498,-0.00118745,-0.01332637,-0.01144445,-0.01049665
"Np2_501895",0.00320318,-0.02399417,-0.01141706,0.00040845,0.00620177,-0.03106541,-0.02387851,0.01764849,-0.0131438,0.00690618,-0.01716933,-0.02691212,-0.00670542,-0.01562213,-0.00850519,0.00463479,-0.01026844,-0.03964132,-0.02014665,-0.01222186,-0.01637519,-0.02111268,-0.03017848,-0.00556287,-0.01007675,-0.01820692,-0.00656091,-0.01846704,-0.01505007,-0.00943626,-0.00615469,0.0113029,-0.0013974,-0.00724399,-0.00943017,0.02058168,-0.01009958,-0.02120551,-0.03565382,-0.01947569,-0.02268425,-0.0104282,-0.01809277,0.0049421,-0.01459821,0.00928103,-0.01621543,-0.02323201,-0.02008883,0.01112032,-0.01415097,-0.00635399,-0.02568743,0.99514895,0.00172747,0.00313777,-0.00680887,-5.708e-05,-0.00922022,-0.01482492,-0.02508345,-0.00168189,-0.01298864,-0.01480664,-0.00443251,-0.02595975,-0.0140262,0.00566323,-0.01675097,-0.01892803,-0.02557945,-0.01285324,-0.01591119,0.00915779,0.0093373,-0.01966286,-0.01728035,-0.00525252,-0.03535257,-0.00323368,0.00723175,-0.01297344,-0.02883208,-0.01561143,-0.01523875,-0.0244612,-0.00047394,-0.02436688,0.01780672,-0.01879717,0.00642238,0.00036738,0.01223702,-0.0085843,-0.00932368,0.00803654,-0.00072648,-0.00373724,0.01001126,-0.01110062
"Np2_501121",-0.03556552,-0.01240596,0.00290956,-0.01462712,0.06175709,-0.01019693,0.00109763,-0.00286399,-0.02042044,-0.01786611,-0.00086492,-0.00771712,-0.01732906,-0.01544413,-0.01821602,-0.02105031,-0.01191606,0.00587317,-0.0257498,-0.02451897,-0.02121766,-0.00648177,-0.0327389,-0.02181553,-0.01963544,-0.00479308,-0.02174867,0.00346638,-0.01365498,-0.02249407,-0.01480058,-0.0221411,-0.02236627,-0.02912567,-0.03374603,-0.01575295,0.0183757,-0.02711294,-0.03182454,0.00139277,-0.01322596,-0.01709631,-0.00787381,0.13276207,-0.02141844,-0.03298692,0.01362906,-0.02640099,0.01021209,0.00049669,-0.00667044,-0.02641007,-0.01120864,0.00172747,0.987745,-0.00596452,-0.01788892,0.02978734,-0.02425578,-0.01601614,-0.00132438,-0.01534825,0.01305246,-0.01736708,-0.01459974,-0.00995961,-0.02328062,-0.01621847,-0.01763791,0.01852327,0.00015743,-0.02986658,-0.01086483,-0.0236777,-0.00204702,-0.02815659,0.00891283,-0.01785391,0.02157204,-0.01324879,-0.01312861,-0.02618341,-0.01176698,-0.00797878,-0.00060782,-0.01272087,-0.0184001,-0.01430004,-0.01533305,-0.01344655,-0.02626096,-0.01664597,-0.03003088,-0.00642853,0.00378587,-0.01977843,0.01557793,-0.00568914,-0.0041115,-0.00924912
"Np2_500024",-0.00509733,-0.0073444,0.00082074,-0.00591432,-0.02461482,0.0015586,0.00235579,-0.00464855,-0.02235715,-0.00945757,-0.00660502,-0.00600256,-0.00177013,-0.03472436,-0.02213049,-0.01294604,-0.01719976,-0.01934031,-0.01962331,-0.01641473,0.0037737,-0.03032604,0.00244555,-0.02086165,-0.0268969,0.04149737,-0.01638284,-0.00409934,-0.01680878,-0.01058641,-0.02023642,0.0107613,-0.00026551,-0.00519928,-0.02807596,-0.00217178,-0.00805487,-0.00455575,-0.00668108,-0.0034345,0.00659278,-0.00488436,-0.02563262,0.006074,-0.00783731,-0.01332032,-0.01112802,0.00132888,0.00508055,8.136e-05,-0.00236955,-0.0052221,-0.02516409,0.00313777,-0.00596452,1.00197775,-0.02804096,-0.01322595,-0.01934638,0.00319406,-0.02075671,-0.01728496,-0.01200889,0.01157979,-0.00025791,-0.02558854,-0.00148412,-0.00248517,-0.01014218,0.0035029,-0.00451772,-0.00639659,-0.01204085,-0.01024867,-0.02893399,-0.02111729,-0.01660488,-0.00792403,-0.03802409,-0.02051026,-0.01582599,-0.01655778,-0.00807465,-0.00170015,-0.02445211,-0.00948495,-0.02459661,-0.00862995,-0.00601169,-0.00412519,0.00207738,-0.02147325,-0.01523265,-0.01581988,-0.00225849,-0.03099543,-0.02013296,-0.00458312,0.00216714,-0.00707816
"Np2_501240",-0.01550037,-0.01303124,-0.00258405,-0.0109926,-0.01113255,-0.00656241,-0.01702327,-0.00637985,-0.00278945,-0.03127079,-0.00848845,-0.02599017,-0.00623988,-0.00724552,-0.01610285,-0.0022022,-0.00858582,-0.01711608,-0.00598886,-0.01921097,-0.01454043,-0.00041309,-0.009631,-0.00814005,-0.01021975,-0.00328845,-0.00624751,-0.0099383,0.0076273,-0.01125276,-0.02881383,0.00629154,0.00013309,0.01771542,-0.02585172,0.00781139,-0.0056785,-0.02986813,0.00527984,-0.00410085,-0.00396241,-0.01954722,-0.04151252,-0.00250343,-0.01930528,0.0006184,0.00463631,-0.0162246,-0.0146028,-0.00408411,-0.00836067,-0.01638584,-0.01868003,-0.00680887,-0.01788892,-0.02804096,0.99136329,-0.00400348,-0.00540769,-0.0233354,-0.01488121,-0.01232227,-0.01374018,-0.02742478,0.01200729,-0.01347547,-0.0077795,-0.00878055,0.00364439,0.01683305,-0.02070195,-0.01512614,0.00174573,-0.02430298,-0.01849441,-0.02436994,-0.00297048,-0.01908774,0.00542893,0.02263856,-0.00553855,-0.0179848,-0.01163158,-0.02594752,-0.00153736,-0.01912731,-0.0042682,0.00165749,-0.00515669,-0.00403086,-0.03342808,-0.00038418,0.00190091,0.00040084,-0.02894008,-0.01690459,-0.02794969,-0.00464093,0.00180506,-0.01185218
"Np2_500692",0.06001659,-0.02331865,-0.02169531,-0.00804419,-0.00362009,0.01631575,-0.00631594,-0.01636298,-0.00318804,-0.01432589,-0.01056053,-0.00448119,5.55e-05,-0.01509875,0.00023349,-0.00290506,-0.00989721,-0.02405648,-0.00334474,-0.02219584,-0.02832694,-0.01283038,0.0077703,-0.00640874,-0.00757563,-0.01494508,-0.01927339,0.00563735,-0.02152494,-0.01712821,0.01627621,-0.02133932,-0.00908937,-0.01234964,-0.02792376,-0.00323672,-0.01703086,-0.01048903,-0.0325441,-0.010737,-0.01637971,-0.01203472,-0.00920194,0.01002951,-0.00798943,-0.00738698,-0.0026084,-0.02240434,-0.0014613,-0.02623804,-0.00100032,0.02124952,-0.02485975,-5.708e-05,0.02978734,-0.01322595,-0.00400348,0.96911188,-0.00793618,-0.0290587,-0.00250039,-0.01028668,-0.02311476,-0.01884734,-0.02612094,-0.02741412,0.01129527,-0.01191757,0.00187656,-0.01444912,0.00552326,-0.00152824,-0.01995188,-0.00172905,-0.01067767,0.00915778,-0.02086463,-0.0100539,-0.00135936,-0.02933409,0.00714655,-0.00819026,-0.00457552,-0.01949998,-0.03038536,-0.01435326,-0.01942394,-0.00786925,-0.01255351,-0.00884138,-0.02211218,-0.00717246,0.0005895,-0.00669171,-0.0296429,-0.03571155,-0.00568002,-0.00838649,-0.02400017,-0.01514133
"Np2_503248",-0.02703983,-0.00342385,-0.00499541,-0.01644665,-0.01689087,0.00456632,0.00110371,0.0137249,-0.02056648,-0.01983778,-0.00572718,-0.00649394,0.00017264,-0.02091493,-0.01623215,-0.02621682,-0.00825871,-0.02515644,-0.01920186,-0.00990786,-0.00386809,-0.01651663,-0.01128166,-0.01146421,-0.00289441,-0.01269806,-0.0202212,-0.02436837,-0.02931887,-0.00453596,-0.01631585,0.00159816,-0.02159949,-0.00918979,0.00840166,-0.00570589,-0.00687276,-0.01311034,-0.03607824,-0.01274976,-0.00317891,-0.00263731,-0.00619423,-0.02362748,-0.00543812,-0.00057586,-0.00446902,-0.01087701,-0.0223389,-0.02962004,-0.01609677,-0.00525709,-0.01683158,-0.00922022,-0.02425578,-0.01934638,-0.00540769,-0.00793618,0.98121443,0.03236914,0.00050734,0.01706275,-0.00078581,-0.00427733,-0.01565859,0.01514888,-0.00547463,-0.00982267,-0.0162626,0.00149014,-0.02585175,-0.01586399,-0.0009699,-0.00176405,-0.00979985,-0.02389068,-0.00492542,-0.007959,-0.00793618,-0.01019998,-0.00566785,-0.02937216,0.00314841,-0.02775031,0.02054517,-0.02914543,-0.03056485,-0.00957774,-0.00817658,0.01318328,-0.01606177,-0.00796814,-0.00674802,-0.00642244,-0.00259775,-0.01262196,-0.0128654,-0.01678895,0.00502273,-0.00239693
"Np2_500864",-0.01864806,-0.00552942,-0.0169898,-0.02053,-0.00849909,-0.00073409,-0.01347699,-0.00846259,-0.00745849,-0.01950919,-0.02715402,-0.02852934,-0.01197389,-0.00354709,-0.00981813,-0.00215504,-0.02420865,0.00133952,0.00577277,-0.0199245,-0.01479754,-0.01360174,-0.01977695,0.00666428,-0.01488882,-0.00080711,-0.00148412,-0.00274077,-0.03294583,-0.00481589,-0.00761976,-0.03702002,0.01372034,-0.00110226,-0.00359272,0.00283806,-0.02069282,-0.00304504,0.00045865,-0.02048436,-0.00391526,-0.03760427,0.02380084,-0.02512453,-0.02093162,-0.00039939,-0.00094555,-0.02697914,-0.01698982,-0.01088306,-0.00892206,-0.00066867,-0.01772007,-0.01482492,-0.01601614,0.00319406,-0.0233354,-0.0290587,0.03236914,1.00089135,-0.01346483,0.00491624,-0.01171527,-0.00547008,-0.00178992,-0.01844881,-0.01001438,-0.02425125,-0.02673567,-0.03028195,0.00672972,-0.00260384,-0.01631131,-0.00447816,-0.00658067,0.01964454,-0.02178814,-0.01706283,-0.01217166,-0.00515516,-0.01233752,-0.01063511,-0.02147326,-0.00825264,-0.01046624,-0.0120819,-0.02825852,-0.00985768,-0.00176253,0.0168589,-0.01390753,-0.00840022,-0.01782961,-0.02724072,0.00944534,-0.00544725,-0.0028001,-0.00474591,-0.00423321,-0.00602386
"Np2_503835",-0.02403824,-0.02065632,-0.01477319,-0.0149664,-0.00780383,-0.02209854,-0.02145348,0.00120869,-0.01573924,0.00142015,-0.01078876,-0.00790426,-0.00260689,-0.02354236,-0.01018782,0.00371285,-0.00936476,-0.01713435,-0.01330966,-0.00538488,-0.00345276,-0.00575609,-0.00599799,-0.03599917,0.00269354,-0.00695798,-0.00596149,-0.01512919,-0.01505921,-0.01111889,0.00813697,-0.01122234,-0.009774,-0.02185817,0.00486147,-0.0235469,-0.03886243,-0.01026086,-0.00964773,0.0243303,-0.01980281,0.0132959,-0.01916686,-0.01940879,-0.01597657,-0.02404591,-0.02246215,-0.01243946,0.00241817,-0.00014684,0.00409623,-0.01564342,-0.00500607,-0.02508345,-0.00132438,-0.02075671,-0.01488121,-0.00250039,0.00050734,-0.01346483,1.00380363,0.00622005,0.01180039,-0.03413704,0.00955486,0.05557602,-0.00977553,-0.00301765,-0.0070234,-0.01239532,-0.05266884,-0.02929306,-0.01485537,-0.02173494,0.02408535,-0.01799849,-0.01744163,-0.02230087,0.01149611,-0.01221884,-0.00388331,-0.02043725,0.0117791,-0.01668552,-0.03030936,-0.00773538,0.00210325,-0.02376748,-0.01491165,-0.01743708,-0.01519005,-0.00618359,-0.00739765,0.00814152,-0.00035679,-0.00703403,-0.01625349,-0.00389851,-0.02012076,-0.02662763
"Np2_500125",-0.03365014,-0.00729572,-0.0043032,-0.02914239,-0.00722266,-0.02410367,0.00590359,-0.03228859,-0.01576662,0.01675849,0.00515814,-0.01006154,0.00269049,-0.02524322,-0.01979976,-0.00300852,0.02453415,-0.02233434,-0.01364131,0.01299617,0.00154035,-0.00973901,-0.02747654,-0.01351045,-0.00996113,-0.01930837,-0.01329142,-0.00739764,-0.02178056,-0.00338734,-0.01957918,-0.0167266,-0.02060303,-0.02629748,-0.02757085,-0.01109911,-0.0008558,0.01724839,-0.01576053,-0.0109926,-0.00324738,-0.02278772,-0.01980277,-0.01852334,-0.01919879,-0.01494512,-0.00271186,-0.00501217,-0.0123664,-0.0009349,-0.00764563,-0.01658361,-0.01294451,-0.00168189,-0.01534825,-0.01728496,-0.01232227,-0.01028668,0.01706275,0.00491624,0.00622005,0.99340219,0.00294912,-0.02625334,-0.02409453,-0.00591432,-0.0055431,-0.01080396,-0.00994136,-0.01105347,-0.01238011,-0.02566917,-0.02233741,-0.00746154,-0.00682561,-0.01057121,-0.01412202,-0.00954883,-9.36e-05,0.00844427,-0.02110206,-0.02031249,-0.00787383,-0.00834543,0.0060238,0.00090898,-0.02059238,0.00830582,-0.00733223,0.00505164,-0.01202257,-0.00529816,-0.01700958,-0.02170448,-0.00373117,-0.00051958,-0.00973902,-0.00331735,-0.0216695,-0.00642093
"Np2_502368",-0.01148703,-0.02164519,-0.02017399,-0.01154334,-0.01457386,-0.03784459,0.0049421,-0.0175801,0.0012239,-0.00930542,-0.0277519,-0.03399557,0.01055288,-0.01312101,-0.01513223,0.02721784,0.07849369,0.0069792,-0.00958232,-0.01671899,-0.00200747,-0.02956534,-0.02098339,0.00804414,-0.00970554,-0.00977249,-0.02246829,-0.01870438,0.00114327,-0.0139334,-0.02251845,-0.01647102,-0.01426201,-0.00915481,-0.00023508,-0.0149512,-0.00090448,-0.00653351,-0.01367933,-0.0157575,-0.00877295,-0.00655786,-0.01178827,-0.00761824,-0.01179283,-0.01955789,-0.01477927,-0.00962494,-0.00952451,-0.00950319,-0.00723791,-0.02195706,-0.00356077,-0.01298864,0.01305246,-0.01200889,-0.01374018,-0.02311476,-0.00078581,-0.01171527,0.01180039,0.00294912,0.99802167,-0.02736698,-0.01166809,-0.00596301,-0.00361403,-0.01130905,-0.00588237,-0.00608167,-0.00953821,-0.0279999,-0.01660494,-0.01055295,-0.00200595,-0.03100612,-0.01143226,-0.01979062,-0.02478827,-0.02766065,0.00288675,-0.00940737,0.00166205,-0.02208633,-0.01836666,-0.01906951,-0.02550942,-0.01654101,-0.01437917,-0.03074896,-0.01967805,-0.00747675,-0.0048874,-0.00425755,-0.00149781,-0.00406738,-0.01206975,-0.01797107,0.01585937,0.02882592
"Np2_503745",-0.00235128,-0.0061197,-0.00769125,-0.00605884,-0.01304489,-0.00908329,-0.00448271,0.00479148,-0.00044199,-0.01796955,0.00313929,-6.164e-05,-0.01895387,-0.02224155,-0.0061486,0.02144426,-0.00760758,-0.00335843,-0.03026518,-0.01077808,0.00058645,-0.00856299,-0.02097576,-0.0083789,0.01570874,-0.00474439,-0.00952908,-0.02128306,0.03340365,-0.01605568,-0.00608015,-0.02254882,-0.02429534,-0.00610448,0.01772454,-0.01174873,-0.01641473,-0.0183925,-0.00743414,-0.02153103,-0.01211232,-0.02495869,-0.00584736,-0.02814896,-0.0087425,-0.01970241,-0.02222631,-0.02848221,-0.00434427,-0.02699114,-0.01438068,-0.01525545,0.00527071,-0.01480664,-0.01736708,0.01157979,-0.02742478,-0.01884734,-0.00427733,-0.00547008,-0.03413704,-0.02625334,-0.02736698,0.98403846,0.01268124,-0.01401859,0.0283421,0.00117369,-0.0238268,-0.00485697,-0.01439895,-0.01277868,-0.01477168,0.01075368,0.02310405,-0.01046013,0.01732896,0.00395017,-0.0199123,-0.01776418,-0.02753284,-0.02111422,-0.01810799,0.00271939,-0.00208049,0.00223713,-0.01044035,-0.01562057,-0.01072029,-0.0182662,-0.01054228,-0.02846387,-0.00564046,-0.00896615,-0.0133568,-0.00786316,-0.02179883,-0.01674636,-0.01106106,-0.02730459
"Np2_503543",-0.01799234,-0.02449925,0.03584846,-0.01667942,-0.00145369,-0.0031211,-0.01875457,-0.01541367,-0.01258393,-0.02965511,-0.01980431,-0.01600701,0.00115696,-0.02434256,-0.02285464,0.0045861,-0.02750845,0.00062601,-0.01684833,-0.02170294,0.00441875,-0.01979213,0.00156925,0.00716784,-0.01514591,-0.01582141,-0.02532234,-0.01881999,-0.01707651,-0.01998231,-0.00985464,-0.02358487,-0.02213655,-0.01885498,-0.00506691,-0.00365662,-0.02992593,-0.01608156,0.01313309,0.00907715,-0.01223555,-0.01336746,-0.0179893,-0.00012707,-0.02560065,-0.00232999,0.01355451,-0.02677981,-0.00477178,0.0233946,-0.02226286,0.00287762,-0.00321999,-0.00443251,-0.01459974,-0.00025791,0.01200729,-0.02612094,-0.01565859,-0.00178992,0.00955486,-0.02409453,-0.01166809,0.01268124,0.9868351,-0.02098793,-0.00068693,0.00652735,-0.00447663,-0.02901767,-0.00706751,-0.00757716,-0.01732908,-0.01888389,0.00442027,-0.00845346,-0.02858706,-0.02431817,-0.00177925,-0.0131712,-0.02278772,-0.01423921,-0.02522948,-0.00394567,-0.01087547,-0.00731852,-0.01436698,-0.01924292,-0.00932216,-0.00895702,-0.02177142,0.00396995,0.01279687,-0.01182782,0.00918821,-0.00387873,-0.00290506,-0.02706268,0.00631131,-0.0043032
"Np2_503647",-0.02765297,0.00524333,-0.00697774,-0.02314522,0.00653343,-0.00243649,-0.01411444,-0.02340082,-0.02878641,-0.01847314,-0.02064108,0.00552022,0.00838342,-0.02244088,-0.00224024,-0.03276327,0.00253836,-0.03961395,-0.00444926,-0.01630214,-0.01878199,0.00295216,-0.00550507,0.00435334,0.00866335,-0.02548206,-0.00196944,-0.01204996,0.01342672,-0.00393198,-0.01510334,-0.01103368,0.00273765,0.01469097,-0.0157925,-0.03324709,-0.02619861,-0.00322608,-0.0248248,0.00093789,-0.0062262,-0.02546228,-0.00543813,-0.00780993,-0.01517938,0.00139734,-0.00599495,-0.01757559,-0.00956406,-0.01562817,0.00991392,-0.01880177,-0.0212481,-0.02595975,-0.00995961,-0.02558854,-0.01347547,-0.02741412,0.01514888,-0.01844881,0.05557602,-0.00591432,-0.00596301,-0.01401859,-0.02098793,1.0002249,-0.01399882,-0.00982725,-0.00120571,-0.0178357,0.01400334,-0.00552333,-0.02014362,-0.00541988,-0.0203018,-0.00974663,-0.02835887,-0.01207125,-0.02224152,0.00196633,-0.00886729,-0.02557336,-0.01024411,0.00236796,-0.01673273,-0.01941334,-0.01444306,0.01049963,-0.00681192,-0.01633562,-0.02367314,-0.01284107,0.00131062,-0.00095012,-0.01659883,0.00091354,-0.01606484,0.00131062,-0.01004328,-0.01442023
"Np2_504268",-0.01024256,-0.03181092,0.00632501,-0.02323039,-0.00572261,-0.02762409,-0.00841847,-0.01572708,-0.02719809,-0.02738221,0.00026849,-0.00049827,-0.01528284,-0.00670391,-0.00795446,0.01355299,0.00397452,-0.01170613,-0.0246164,-0.01425744,0.01216856,-0.02314825,-0.02369444,-0.00759845,-0.01515504,-0.01887326,-0.00464095,-0.01472145,-0.00369769,-0.00660349,-0.00286551,-0.00670694,0.00021828,-0.01080091,-0.00401109,-0.01522809,-0.0013335,-0.00985312,-0.00634941,-0.0110139,-0.01133187,-0.00257493,-0.00476264,-0.02904201,-0.01602524,-0.00903311,-0.01581684,-0.02100777,-0.00128178,-0.01556122,-0.01147033,-0.00032637,-0.01433504,-0.0140262,-0.02328062,-0.00148412,-0.0077795,0.01129527,-0.00547463,-0.01001438,-0.00977553,-0.0055431,-0.00361403,0.0283421,-0.00068693,-0.01399882,0.99427253,-0.00048002,-0.02395918,-0.02537556,0.00707202,-0.01960503,-0.02129376,-0.02862973,-0.00319564,-0.00983182,0.00030956,-0.01078722,-0.00969945,-0.04391181,-0.02766522,-0.02428933,-0.01443697,0.01430148,0.01041444,0.00103981,-0.01057272,-0.02031702,-0.00339799,-0.00805334,-0.01843358,-0.02707489,0.01263561,-0.00499084,-0.0017747,-0.02336124,-0.01036886,0.00563736,-0.01484468,-0.0088764
"Np2_500143",-0.02295804,-0.03098633,0.00030348,-0.01251699,-0.02710982,-0.00610905,0.02328966,-0.00972988,-0.03245894,-0.01423462,-0.01670683,-0.00636767,-0.00761215,-0.01120409,-0.01336745,0.01239979,-0.03764678,-0.00616533,0.00374479,-0.02682078,0.0069077,-0.00558874,-0.01237248,-0.00875163,-0.00611513,-0.01439742,-0.02359408,-0.01922162,-0.00089535,-0.01688482,-0.02486133,0.0041586,-0.01569207,0.01543033,0.01476551,-0.02733505,-0.01085417,-0.01115844,-0.00628552,-0.02129523,-0.01796194,0.00433508,-0.02980111,-0.00676627,-0.00226914,-0.00379658,-0.01316662,-0.01866183,0.01064872,-0.01473664,-0.01916536,-0.00330519,-0.02324715,0.00566323,-0.01621847,-0.00248517,-0.00878055,-0.01191757,-0.00982267,-0.02425125,-0.00301765,-0.01080396,-0.01130905,0.00117369,0.00652735,-0.00982725,-0.00048002,0.98740113,-0.01583206,-0.00781602,-0.00229653,0.00997323,-0.01909995,0.0254424,-0.0020668,-0.02878491,-0.00616837,-0.02182922,-0.02195853,-0.01098652,-0.01177916,-0.01601006,-0.02106704,-0.00526012,-0.02025314,-0.02262947,-0.0181156,-0.00230108,-0.01383148,-0.00175188,-0.00650307,0.02273742,-0.00266621,-0.01253373,-0.02407477,0.00013157,-0.00863147,-0.01879259,-0.01660641,-0.01261589
"Np2_501478",-0.00399131,-0.02342977,-0.00385439,-0.03417051,-0.0247259,-0.00022595,-0.0152509,0.00071729,-0.00771104,-0.01245921,-0.01051948,-0.01341615,0.00481279,0.00913195,0.00012244,-0.00590672,-0.01731082,0.00565106,-0.01349679,-0.01956851,-0.00227066,0.01535581,0.00552935,-0.02584106,-0.03659255,-0.01490405,-0.017711,-0.01151293,-0.01205148,0.00573321,-0.01152359,-0.01810345,-0.01300385,-0.01672054,-0.00430167,-0.02069131,-0.01257788,-0.0185112,0.01009494,-0.01206518,-0.02090276,-0.00986378,-0.00763953,0.00657148,-0.01509875,-0.0021733,-0.02371423,-0.00654114,-0.00218091,0.00803349,-0.02514891,-0.0092887,-0.0220803,-0.01675097,-0.01763791,-0.01014218,0.00364439,0.00187656,-0.0162626,-0.02673567,-0.0070234,-0.00994136,-0.00588237,-0.0238268,-0.00447663,-0.00120571,-0.02395918,-0.01583206,1.00875481,-0.0060406,-6.469e-05,0.00033847,-0.02021514,-0.00655634,-0.01717847,-0.00571047,-0.0139775,-0.00575305,-0.02048741,-0.01423161,-0.00635248,-0.01742953,0.01037488,-0.02128459,-0.00235129,-0.00503193,-0.02318632,-0.00402479,-0.0105347,-0.02142762,0.00470477,-0.00317587,-0.00880186,-0.01304036,-0.00571654,-0.01513223,-0.00548683,-0.03268718,0.00920647,-0.01236184
"Np2_503555",-0.01347088,0.00223408,-0.01424679,-0.02265534,-0.01686199,-0.01396534,0.00280611,-0.01956396,-0.00623684,0.00225082,-0.01102304,0.00190243,-0.02398808,-0.00126048,-0.00311959,-0.01356067,0.00211542,-0.00519776,0.00866792,-0.02950449,-0.00596909,-0.02272533,-0.01338267,-0.00398066,-0.01670988,-0.00278032,-0.0154761,-0.00380115,-0.01635845,-0.01895997,-0.01004939,-0.01586857,-0.03009023,0.00544415,0.00356223,-0.01617438,0.0048706,-0.01003874,-0.01429396,-0.0022235,-0.01638584,-0.01447502,-0.02244385,-0.01234055,-0.00556135,-0.01454349,-0.01569818,-0.01069598,-0.00603147,-0.02609205,0.02044478,-0.0018812,-0.01832406,-0.01892803,0.01852327,0.0035029,0.01683305,-0.01444912,0.00149014,-0.03028195,-0.01239532,-0.01105347,-0.00608167,-0.00485697,-0.02901767,-0.0178357,-0.02537556,-0.00781602,-0.0060406,1.00333499,-0.00315458,-0.00168646,0.01183844,-0.00219155,0.00848535,-0.0043884,-0.02132717,-0.00154041,-0.03377038,-0.02690606,-0.00913809,-0.01960659,-0.01462258,-0.01555059,-0.0101574,0.01302508,-0.00528143,0.00368698,-0.03172878,-0.00580477,-0.00949103,-0.03015109,-0.01736864,-0.0143046,-0.00241671,-0.02948016,-0.01222797,-0.00489348,-0.0116833,-0.02032007
"Np2_504972",-0.00095316,-0.01658822,0.00800764,-0.00131372,-0.01073397,-0.01072791,0.01699737,-0.02012993,0.00080401,0.00716177,-0.00869842,-0.01250791,-0.02409764,-0.00182643,-0.02042051,-0.01747363,-0.00453597,-0.02356364,-0.02354236,-0.01759532,-0.01444613,-0.00077517,-0.0204905,0.0061029,-0.02229634,-0.01338727,-0.01634634,0.00369611,-0.01159966,0.01911663,-0.01974352,0.00045258,-0.00311959,-0.02691824,-0.02408394,-0.0283027,-0.0160816,-0.0077141,-0.02124963,-0.01252615,0.00236949,-0.00910767,-0.01966284,-0.00271338,-0.01297342,-0.02058636,0.00944686,-0.00091666,-0.01055296,0.01061524,-0.00583218,-0.01203173,-0.02756179,-0.02557945,0.00015743,-0.00451772,-0.02070195,0.00552326,-0.02585175,0.00672972,-0.05266884,-0.01238011,-0.00953821,-0.01439895,-0.00706751,0.01400334,0.00707202,-0.00229653,-6.469e-05,-0.00315458,1.02000529,-0.0278113,-0.01717698,-0.02390443,-0.0060771,-0.00738854,-0.01063509,0.00093636,-0.0133416,-0.01332336,-0.01533309,-0.01271787,-0.01047232,-0.01611655,0.02320305,-0.01507748,-0.02014818,0.00068686,-0.01814608,0.00062753,0.00013613,-0.01002656,-0.01473974,-0.03358329,-0.01789201,-0.02730769,-0.00883839,-0.01565254,-0.00798946,-0.01251855
"Np2_501579",-0.00176709,-0.01740213,-0.00512929,-0.01764551,-0.00683168,2.05e-05,-0.01804715,-0.01029431,-0.01841835,-0.00491022,-0.02609516,-0.01697308,0.00156012,-0.00857367,-0.00936781,-0.02163452,-0.01432591,-0.0030785,0.0066795,-0.01521437,-0.0243882,-0.00782666,-0.01308905,-0.00505626,-0.00972228,-0.01876526,-0.02248503,-0.02298092,-0.00800162,0.00810957,-0.00336604,0.00344204,-0.00971467,-0.00917154,0.02515488,-0.01709784,-0.00320326,0.02844104,-3.83e-06,-0.03190064,-0.01152813,-0.01874548,-0.00648025,-0.00063673,-0.01013608,-0.00877296,-0.01479601,-0.01238013,-0.01319251,-0.01225837,-0.0032991,-0.01299778,-0.01437917,-0.01285324,-0.02986658,-0.00639659,-0.01512614,-0.00152824,-0.01586399,-0.00260384,-0.02929306,-0.02566917,-0.0279999,-0.01277868,-0.00757716,-0.00552333,-0.01960503,0.00997323,0.00033847,-0.00168646,-0.0278113,1.00118349,-0.00262515,0.00281828,-0.02103966,0.02070341,-0.01540453,0.00772923,-0.01704609,-0.01048601,-0.01462565,-0.00075235,-0.01432896,-0.01632191,-0.02568593,-0.01665207,-0.00742198,-0.01564494,-0.00374638,-0.01829056,-0.01619566,-0.00262514,-0.00368705,0.00561454,-0.01946659,-0.01671139,-0.02623514,-0.00399131,0.00488885,-0.01972218
"Np2_502034",-0.01456171,-0.02198145,-0.00210179,-0.01842142,-0.02388611,-0.01536045,-0.00939063,-0.01958984,-0.01234815,-0.00614253,-0.00983183,-0.02033531,-0.01671142,-0.00204703,-0.02307527,-0.00704469,-0.00430016,-5.1e-05,0.00149167,-0.01294757,-0.01999149,-0.01149315,-0.01416923,-0.00917915,-0.01414944,0.00023654,-0.00987293,-0.02999442,-0.02170909,-0.0065107,-0.01022739,0.00631741,-0.00364445,-0.01192522,-0.00650461,-0.01756949,-0.02147481,0.00393193,-0.00367031,-0.01350742,-0.02006298,0.03174851,-0.00299635,0.00315147,-0.02673411,0.0007964,-0.02241805,0.00905589,-0.01746754,-0.0131864,0.0080959,-0.02031554,-0.01409012,-0.01591119,-0.01086483,-0.01204085,0.00174573,-0.01995188,-0.0009699,-0.01631131,-0.01485537,-0.02233741,-0.01660494,-0.01477168,-0.01732908,-0.02014362,-0.02129376,-0.01909995,-0.02021514,0.01183844,-0.01717698,-0.00262515,1.01606443,0.07400279,-0.00644984,-0.00700059,-0.01298558,-0.02286531,-0.02527665,-0.02738836,-0.01677078,-0.01400342,-0.01114933,-0.01086025,-0.00790123,-0.01484167,-0.00180817,-0.00135937,0.0012589,-0.02636901,-0.01514594,0.01455102,-0.0076578,-0.01935097,0.01201036,-0.00501216,-0.03035806,-0.0173945,0.00456937,-0.0197374
"Np2_503758",-0.02083272,-0.0005637,-0.01308903,-0.00887031,-0.01859481,-0.01950157,-0.0158138,-0.022666,-0.01861917,0.00036586,-0.01503791,-0.01976021,-0.02343885,-0.02490092,0.00990478,-0.01483708,-0.02046002,0.00828301,-0.0002153,-0.00978617,-0.0008558,-0.01213515,-0.0058352,-0.01727581,-0.0141829,-0.01835753,-0.03607383,-0.00538184,-0.02493739,0.0085173,-0.01375998,0.00521899,-0.0248248,-0.01819625,0.00624134,-0.00421496,0.00100787,-0.00446903,-0.00416019,-0.00775972,-0.00777342,-0.01666426,0.00701114,0.00935556,-0.02083425,-0.00577893,-0.01164984,-0.01242881,-0.01917449,-0.01443694,-0.00806401,-0.01182937,-0.00484328,0.00915779,-0.0236777,-0.01024867,-0.02430298,-0.00172905,-0.00176405,-0.00447816,-0.02173494,-0.00746154,-0.01055295,0.01075368,-0.01888389,-0.00541988,-0.02862973,0.0254424,-0.00655634,-0.00219155,-0.02390443,0.00281828,0.07400279,0.99819513,-0.01530718,-0.00962036,-0.02047368,-0.00540314,-0.0321562,-0.00308002,-0.01847773,-0.01053774,-0.01407337,-0.00313479,-0.01645431,-0.0194392,0.02265224,-0.01554148,-0.0094241,-0.00723333,-0.01457085,-0.02093012,-0.00647417,-0.03216382,-0.01768964,-0.01371736,-0.01806847,-0.01834075,-0.01858875,-0.019923
"Np2_502373",0.00064579,-0.01453282,-0.00575913,-0.00154041,-0.00913501,-0.02738523,-0.00224632,-0.02720268,0.00012091,-0.02303567,-0.0119678,-0.03357717,-0.00074322,-0.02000516,-0.02125569,0.0115098,0.00786463,0.01317873,-0.02437754,-0.01614847,-0.01832404,-0.03218967,-0.02026072,-0.01496638,0.21998143,-0.02395917,-0.02494048,-0.01737318,-0.02065018,-0.00773385,-0.026512,-0.00920653,-0.01430003,0.00602074,-0.04591384,-0.03172418,-0.00048611,-0.00368096,-0.01204385,-0.02857491,-0.03467406,0.00192372,-0.01197843,-0.02758606,-0.02171967,-0.01305407,-0.00812332,-0.02761504,-0.00149934,-0.01517023,0.00185222,-0.01864809,-0.02550637,0.0093373,-0.00204702,-0.02893399,-0.01849441,-0.01067767,-0.00979985,-0.00658067,0.02408535,-0.00682561,-0.00200595,0.02310405,0.00442027,-0.0203018,-0.00319564,-0.0020668,-0.01717847,0.00848535,-0.0060771,-0.02103966,-0.00644984,-0.01530718,0.98607736,-0.01415704,0.00267831,0.0042088,-0.03395442,-0.01674487,-0.02757849,-0.01446588,-0.00750413,-0.01862523,-0.02327304,-0.01074006,0.00046778,-0.02068669,-0.01913341,-0.02607076,-0.02869208,-0.01299166,-0.0069032,-0.00703403,-0.00716487,-0.02084033,-0.00982573,-0.01800909,0.01308287,-0.00665977
"Np2_503577",-0.00036135,-0.00458618,-0.00996113,-0.02582434,-0.00953362,0.00446897,0.00511402,-0.02912267,-0.02355447,-0.00320022,-0.01419204,-0.02089211,-0.0251793,-0.01462261,-0.00674498,-0.00821005,-0.02600387,-0.00152063,0.01006301,-0.02400175,-0.02343888,-0.01357132,-0.01107478,0.00562975,-0.02976772,-0.00488436,0.00052408,0.0029187,-0.02485221,0.01255803,-0.00561157,-0.01660338,0.01238155,-0.00928717,-0.01056056,-0.00519472,-0.02355299,-0.00286247,-0.00909548,-0.00524035,0.00493906,-0.00760304,-0.00461811,-0.02418129,-0.02409606,-0.01299627,-0.00137154,0.01914862,-0.00463638,-0.02104572,-0.01497708,0.00057885,-0.01434266,-0.01966286,-0.02815659,-0.02111729,-0.02436994,0.00915778,-0.02389068,0.01964454,-0.01799849,-0.01057121,-0.03100612,-0.01046013,-0.00845346,-0.00974663,-0.00983182,-0.02878491,-0.00571047,-0.0043884,-0.00738854,0.02070341,-0.00700059,-0.00962036,-0.01415704,1.00764711,-0.00395784,0.00091963,-0.01548822,-0.0137965,-0.0056131,-0.01836364,-0.01018478,-0.01522046,-0.00587173,-0.01068226,-0.0092111,-0.01317425,-0.01359873,-0.00973445,-0.01555062,-0.00973902,-0.00927957,-0.02021204,-0.02171213,-0.01348003,-0.02133029,0.01627927,-0.0051156,-0.01238314
"Np2_503164",-0.02064707,-0.01315749,0.00322295,0.02265521,0.00091202,-0.020533,-0.0192794,-0.01639492,-0.02056342,-0.01222793,-0.01104888,-0.02474717,-0.0057576,-0.00204702,-0.00131981,-0.02180182,-0.02057864,-0.01739446,0.00742495,-0.02177137,-0.01101541,-0.02229473,-0.01827685,0.0072515,0.00593249,-0.02730003,0.19794483,-0.01980123,-0.01805776,-0.02141996,-0.01463929,-0.00965683,-0.00197095,-0.01466361,0.01159955,-0.01346176,-0.01721494,-0.03668832,-0.02162229,-0.02157056,-0.01519457,-0.00522057,-0.0153193,-0.00521601,-0.01212902,0.00307843,-0.01283343,-0.00463638,-0.00377528,0.01648002,-0.01928856,-0.02366246,0.00066708,-0.01728035,0.00891283,-0.01660488,-0.00297048,-0.02086463,-0.00492542,-0.02178814,-0.01744163,-0.01412202,-0.01143226,0.01732896,-0.02858706,-0.02835887,0.00030956,-0.00616837,-0.0139775,-0.02132717,-0.01063509,-0.01540453,-0.01298558,-0.02047368,0.00267831,-0.00395784,0.96600484,-0.01906185,-0.00838954,-0.00228588,-0.01494509,-0.03332462,-0.0094758,-0.01588068,-0.02357119,-0.01636298,0.0296839,-0.02387543,0.00688791,-0.01130751,-0.0203185,-0.01724536,-0.01724232,-0.0167646,-0.01157071,-0.01337958,-0.00966749,-0.02545761,-0.02768336,-0.01197843
"Np2_502399",-0.01866021,-0.02410217,-0.02034893,0.00273461,-0.00166516,-0.00424538,-0.00907721,-0.01425591,0.14877263,-0.01754357,-0.00890986,-0.01424071,-0.00027159,-0.02059849,-0.01850202,-0.01494661,-0.02026527,-0.02286223,-0.02360164,-0.012482,-0.0228729,-0.01696088,-0.02830871,-0.01206058,-0.04091618,-0.01801064,0.00261138,-0.02511688,-0.02002642,0.01860084,0.01640554,-0.0087349,-0.01565404,-0.03230225,-0.00117072,-0.03536022,0.00135474,-0.00016662,-0.0071603,-0.01045556,-0.01503333,-0.02377202,-0.00587779,-0.01342221,0.00172443,-0.01151749,0.00041149,0.00921714,0.01555509,-0.01713277,-0.00026247,-0.01589443,0.00417533,-0.00525252,-0.01785391,-0.00792403,-0.01908774,-0.0100539,-0.007959,-0.01706283,-0.02230087,-0.00954883,-0.01979062,0.00395017,-0.02431817,-0.01207125,-0.01078722,-0.02182922,-0.00575305,-0.00154041,0.00093636,0.00772923,-0.02286531,-0.00540314,0.0042088,0.00091963,-0.01906185,0.98412976,-0.01583506,-0.01749034,-0.03821279,-0.0120165,0.00346486,0.02961696,-0.0456218,-0.01270261,0.00398212,-0.01823731,-0.01196781,-0.02012226,-0.01026843,-0.02819002,0.02658189,-0.02740499,-0.02494955,-0.00332952,-0.00448576,-0.03031686,-0.02432728,-0.00268903
"Np2_501426",-0.0251792,-0.02529642,-0.00922021,-0.02645261,-0.01122686,0.00079792,-0.01392273,-0.0108861,0.09570009,-0.01797715,0.00419664,-0.00432905,-0.02382981,-0.009774,0.00951378,-0.02344338,-0.02237234,-0.01462408,-0.01810192,0.01568591,-0.00459378,0.00451307,0.00061992,-0.01355912,-0.01792085,-0.01524937,0.00248207,-0.01687873,-0.01178827,-0.0131727,-0.01110823,-0.02681622,0.01799076,-0.02680254,-0.01666574,0.00482647,-0.01809582,-0.01657447,-0.00881097,-0.00799856,-0.016684,-0.01796804,-0.00402934,0.00303127,0.00387714,-0.02001428,-0.02147322,-0.02210009,0.00431986,-0.00463484,0.00325948,-0.02058781,0.00054689,-0.03535257,0.02157204,-0.03802409,0.00542893,-0.00135936,-0.00793618,-0.01217166,0.01149611,-9.36e-05,-0.02478827,-0.0199123,-0.00177925,-0.02224152,-0.00969945,-0.02195853,-0.02048741,-0.03377038,-0.0133416,-0.01704609,-0.02527665,-0.0321562,-0.03395442,-0.01548822,-0.00838954,-0.01583506,0.97900207,0.02300063,0.00045258,-0.00256124,-0.01705064,-0.0126539,-0.01578034,-0.01480968,-0.0226188,0.00947421,-0.02152954,0.0065243,-0.00446445,0.00073858,-0.02116592,0.00061079,-0.00880033,-0.00543659,-0.01937225,-0.01188562,-0.01304642,-0.00357903
"Np2_500695",0.05166753,-0.01280306,-0.00570285,0.01205598,-0.01896755,-0.00085731,-0.00553702,-0.00812942,0.03881971,-0.01415553,-0.00978162,-0.02743549,-0.01118431,-0.02420871,-0.00187816,-0.02829352,-0.01961568,-0.01658362,-0.02675546,-0.00452988,-0.02602672,-0.01494206,-0.00803358,0.00121629,-0.00816593,-0.01401405,0.00508665,-0.00590671,0.01165891,-0.00752544,-0.02310875,-0.01477927,-0.02534968,-0.02602365,-0.00402022,-0.01980131,-0.00864517,-0.01503489,-0.01518244,-0.02380245,-0.01407946,-0.01947118,-0.00538032,-0.0194666,-0.01162245,-0.00234825,-0.01795589,-0.02862374,-0.02532841,-0.00111747,-0.02395464,-0.00900725,-0.00430321,-0.00323368,-0.01324879,-0.02051026,0.02263856,-0.02933409,-0.01019998,-0.00515516,-0.01221884,0.00844427,-0.02766065,-0.01776418,-0.0131712,0.00196633,-0.04391181,-0.01098652,-0.01423161,-0.02690606,-0.01332336,-0.01048601,-0.02738836,-0.00308002,-0.01674487,-0.0137965,-0.00228588,-0.01749034,0.02300063,1.00657897,0.00868618,-0.0134968,0.00761362,-0.01050577,-0.01819629,0.02430749,-0.01468952,-0.01256722,-0.01603442,-0.00638898,-0.02315893,-0.01947724,0.00212911,0.00945293,-0.0151718,-0.00952602,-0.00444469,-0.00806399,-0.02854605,0.01119642
"Np2_502157",-0.00237259,-0.01131364,-0.00238781,0.0182616,-0.00956709,-0.02203617,-0.01986976,0.02028807,0.00212303,-0.0096234,0.00250946,-0.00571199,-0.00497868,-0.03382526,-0.02396984,-0.01493752,-0.00443404,-0.0087045,0.03239357,-0.00151911,-0.02347236,-0.00615013,-0.01202107,-0.01615915,-0.02280294,0.00101548,-0.02506832,-0.00791643,-0.00693364,-0.00847021,-0.01507749,0.00846558,-0.02386028,-0.02772911,-0.01363675,-0.01907259,-0.00685148,-0.01795743,-0.01749643,-0.00101402,-0.01137296,-0.03334752,0.01177908,-0.02269342,0.00082074,-0.01531179,-0.02818096,-0.00933437,-0.01471083,-0.01058184,-0.02185669,-0.01421184,0.00144602,0.00723175,-0.01312861,-0.01582599,-0.00553855,0.00714655,-0.00566785,-0.01233752,-0.00388331,-0.02110206,0.00288675,-0.02753284,-0.02278772,-0.00886729,-0.02766522,-0.01177916,-0.00635248,-0.00913809,-0.01533309,-0.01462565,-0.01677078,-0.01847773,-0.02757849,-0.0056131,-0.01494509,-0.03821279,0.00045258,0.00868618,1.01381859,-0.00607407,-0.00017727,-0.00764714,-0.01153425,-0.02684216,-0.01989411,0.00824346,-0.01606638,0.00118587,-0.01664904,0.00528897,-0.01159508,-0.01066096,-0.0141388,-0.00103836,-0.02395008,-0.01235576,0.0163021,-0.00633118
"Np2_501512",-0.00690776,-0.00489502,-0.00844434,-0.00422561,-0.02551245,-0.01546542,0.00389237,-0.00691538,-0.02340691,-0.00883382,0.00071272,0.02139715,-0.03552913,-0.01584427,-0.01344354,0.01856133,-0.00242736,-0.0141525,-0.01641325,-0.01366108,-0.01051188,-0.00064432,0.26109222,-0.01187044,-0.00969034,-0.02208033,-0.01286849,-0.02599172,-0.00933891,-0.03810784,-0.00972382,-0.01356524,-0.01013914,0.01048595,-0.01710697,-0.00215656,-0.01944989,-0.01762426,-0.00910005,-0.00889619,-0.01408252,-0.00456488,-0.0093389,-0.00288682,-0.01056055,-0.03247429,-0.01141709,-0.00261145,-0.01681184,-0.01876826,-0.01285175,-0.03745977,-0.02058482,-0.01297344,-0.02618341,-0.01655778,-0.0179848,-0.00819026,-0.02937216,-0.01063511,-0.02043725,-0.02031249,-0.00940737,-0.02111422,-0.01423921,-0.02557336,-0.02428933,-0.01601006,-0.01742953,-0.01960659,-0.01271787,-0.00075235,-0.01400342,-0.01053774,-0.01446588,-0.01836364,-0.03332462,-0.0120165,-0.00256124,-0.0134968,-0.00607407,1.01600661,-0.01688334,-0.00229348,0.00446898,-0.01372955,-0.01530112,-0.01667795,-0.02470924,-0.03012524,-0.01388169,0.05354501,-0.02267212,-0.03101828,-0.0141099,-0.01363674,-0.01570582,-0.01187044,-0.00572871,-0.02014666
"Np2_500977",-0.01379036,-0.03338098,-0.00756803,-0.01247745,-0.02265835,-0.00774299,-0.01774744,-0.00512625,-0.02009641,0.00634328,0.00037194,0.0145145,0.00429401,-0.00021074,0.00888395,-0.01707501,-0.00550659,-0.01875307,-0.02573004,-0.00289594,-0.01982868,-0.0081355,-0.02632945,-0.01205907,-0.01398665,-0.01831342,-0.00773236,0.00135626,-0.00800618,-0.02947256,-0.01995344,-0.01542737,-0.01428331,-0.0027864,-0.00147347,0.00921713,-0.01963851,-0.0153787,-0.00913655,-0.00878055,-0.01092415,-0.00262361,0.02226883,-0.01859333,-0.01987732,-0.02870736,-0.00962795,0.00632808,-0.02369445,-0.03204055,-0.01882155,-0.00615622,-0.0108846,-0.02883208,-0.01176698,-0.00807465,-0.01163158,-0.00457552,0.00314841,-0.02147326,0.0117791,-0.00787383,0.00166205,-0.01810799,-0.02522948,-0.01024411,-0.01443697,-0.02106704,0.01037488,-0.01462258,-0.01047232,-0.01432896,-0.01114933,-0.01407337,-0.00750413,-0.01018478,-0.0094758,0.00346486,-0.01705064,0.00761362,-0.00017727,-0.01688334,0.99934848,0.00603747,-0.00697775,-0.01985149,-0.0208145,-0.02721183,-0.00466377,0.0034603,0.0029689,-0.02103814,0.00163314,-0.00960361,-0.01125581,-0.00150238,-0.00128939,-0.01281975,-0.00683017,-0.01485838
"Np2_504085",0.00216866,0.01041899,-0.00119354,-0.01796952,-0.00396087,-0.01140944,-0.00498324,-0.0232456,0.03100595,-0.0148188,-0.01029277,-0.02490389,-0.02097573,-0.02943605,-0.01684221,-0.01024409,-0.00384831,-0.01435632,-0.00520688,-0.02299303,-0.02349512,-0.0180395,-0.01812929,0.03250143,-0.03043248,-0.01011326,-0.00987746,-0.01889299,-0.01304186,-0.02005531,0.05685996,-0.01665964,0.00380564,-0.00462724,0.01372489,-0.01879108,-0.00915632,-2.818e-05,-0.00413128,-0.02918191,-0.01656837,-0.02667628,-0.00832564,-0.00461202,-0.01395922,-0.00559787,-0.0260738,-0.02000669,-0.01062595,-0.03540269,-0.0148812,-0.01940723,-0.00253233,-0.01561143,-0.00797878,-0.00170015,-0.02594752,-0.01949998,-0.02775031,-0.00825264,-0.01668552,-0.00834543,-0.02208633,0.00271939,-0.00394567,0.00236796,0.01430148,-0.00526012,-0.02128459,-0.01555059,-0.01611655,-0.01632191,-0.01086025,-0.00313479,-0.01862523,-0.01522046,-0.01588068,0.02961696,-0.0126539,-0.01050577,-0.00764714,-0.00229348,0.00603747,0.97329923,-0.02144586,-0.00967358,0.00853249,-0.00973139,-0.01639343,0.00040236,-0.0114992,0.01135156,-0.01968107,-0.00824958,-0.01826925,-0.00440816,-0.0204737,-0.01892036,0.00578188,-0.01730774
"Np2_502585",-0.01906189,-0.01811414,-0.00553702,-0.00831654,-0.03082046,-0.02229481,0.03205427,-0.00324738,-0.0247594,-0.01109912,-0.01235424,-0.01068684,-0.01756034,-0.04047363,-0.02285924,0.00808068,-0.01686355,0.01842137,-0.03282723,0.01358799,-0.00806097,0.00834842,-0.00665067,-0.01367933,-0.016824,-0.00669783,-0.027609,-0.03312537,-0.01099566,-0.00157845,-0.02172584,-0.01233142,0.00052712,-0.01885958,-0.00096381,-0.01385432,-0.00893575,-0.01928101,0.00034912,-0.00340256,-0.01558714,-0.00972078,-0.02529642,-0.00439145,-0.00674041,-0.00674651,-0.01048753,-0.00533318,-0.01709937,-0.00764562,-0.0224196,0.01656531,-0.00215961,-0.01523875,-0.00060782,-0.02445211,-0.00153736,-0.03038536,0.02054517,-0.01046624,-0.03030936,0.0060238,-0.01836666,-0.00208049,-0.01087547,-0.01673273,0.01041444,-0.02025314,-0.00235129,-0.0101574,0.02320305,-0.02568593,-0.00790123,-0.01645431,-0.02327304,-0.00587173,-0.02357119,-0.0456218,-0.01578034,-0.01819629,-0.01153425,0.00446898,-0.00697775,-0.02144586,1.0142142,0.00925973,0.00388476,-0.02031248,-0.01008743,-0.0165684,0.01306313,-0.01444307,0.049305,-0.00955036,-0.0251991,-0.01772767,-0.02116599,-0.00728962,-0.0070812,-0.01800001
"Np2_502457",0.0748636,0.01313159,-0.01065182,-0.01480056,-0.02254729,-2.514e-05,-0.01641929,-0.01231772,-0.00081624,-0.01560537,-0.00910156,0.0054974,-0.0115692,-0.00740222,0.0009318,-0.03339461,-0.01832707,-0.00449336,-0.03063946,-0.01282584,-0.00602538,-0.01791326,-0.00765779,-0.00677539,-0.01889607,-0.00161952,-0.00168798,-0.00522666,-0.00683017,-0.01399577,-0.01071421,-0.01272999,-0.0237568,-0.01971456,-0.02220502,-0.01714348,-0.01252919,0.0250484,-0.02363053,-0.00517037,-0.00609687,0.00631132,-0.02219586,-0.01422246,-0.02463459,-0.01505618,-0.01758009,-0.00877449,-0.02008426,-0.01245613,-0.00988659,0.00779922,-0.02613926,-0.0244612,-0.01272087,-0.00948495,-0.01912731,-0.01435326,-0.02914543,-0.0120819,-0.00773538,0.00090898,-0.01906951,0.00223713,-0.00731852,-0.01941334,0.00103981,-0.02262947,-0.00503193,0.01302508,-0.01507748,-0.01665207,-0.01484167,-0.0194392,-0.01074006,-0.01068226,-0.01636298,-0.01270261,-0.01480968,0.02430749,-0.02684216,-0.01372955,-0.01985149,-0.00967358,0.00925973,0.99409298,-0.01385732,-0.00869232,-0.01185523,-0.00905591,-0.00680888,-0.00951689,-0.00905745,-0.00949254,-0.00262514,-0.00443403,-0.00224328,-0.00981811,0.00149622,-0.03254722
"Np2_501407",-0.02072774,0.00577886,-0.02059084,-0.00237563,-0.00236346,-0.01802736,-0.01114474,0.00041149,-0.02505603,-0.01824188,-0.01158594,-0.01174417,0.00039932,-0.01019087,-0.01676616,-0.02218677,-0.00088166,0.02238448,-0.02460423,-0.01561448,-0.02068064,-0.03378558,-0.02581218,0.00930079,-0.00099425,0.01293533,0.00845494,0.00263419,-0.00383766,-0.00385287,-0.01745839,-0.02251689,-0.00189945,-0.02950146,0.04088115,-0.01993212,0.00582906,-0.02003406,-0.01257481,-0.00567698,-0.01116756,-0.00682257,-0.00901027,-0.01488121,-0.0310745,-0.02240892,-0.01093632,-0.01536656,-0.00248669,-0.02802417,-0.00461203,-0.00655177,-0.00991093,-0.00047394,-0.0184001,-0.02459661,-0.0042682,-0.01942394,-0.03056485,-0.02825852,0.00210325,-0.02059238,-0.02550942,-0.01044035,-0.01436698,-0.01444306,-0.01057272,-0.0181156,-0.02318632,-0.00528143,-0.02014818,-0.00742198,-0.00180817,0.02265224,0.00046778,-0.0092111,0.0296839,0.00398212,-0.0226188,-0.01468952,-0.01989411,-0.01530112,-0.0208145,0.00853249,0.00388476,-0.01385732,0.99262315,-0.02076125,0.01045856,-0.01047534,0.00439897,-0.0159568,-0.0182358,-0.00984702,-0.00830437,-0.02289266,-0.00487979,-0.00789055,-0.02228716,0.00558868
"Np2_502105",-0.0076517,-0.004574,0.0055689,-0.02505146,-0.00663086,-0.01347089,-0.02195399,-0.0088764,-0.00482958,0.01187341,-0.01813539,-0.00323216,-0.00904071,-0.00639507,-0.02757542,0.00853707,-0.01595071,-0.00363836,0.00353332,-0.01714345,-0.02525232,-0.02055738,-0.01334463,-0.0106366,0.00021524,-0.00517647,-0.01969787,0.015406,-0.02651351,-0.00796814,-0.01853096,-0.01035363,0.01087236,-0.01155703,-0.02545769,-0.01567993,-0.02049807,-0.01136992,-0.01516873,-0.0146606,-0.01558712,-0.0098729,-0.00551875,-0.00302222,-0.00597972,0.00040389,-0.00561917,-0.00776736,-0.00264644,-0.01555665,-0.01831189,-0.00975423,-0.00733223,-0.02436688,-0.01430004,-0.00862995,0.00165749,-0.00786925,-0.00957774,-0.00985768,-0.02376748,0.00830582,-0.01654101,-0.01562057,-0.01924292,0.01049963,-0.02031702,-0.00230108,-0.00402479,0.00368698,0.00068686,-0.01564494,-0.00135937,-0.01554148,-0.02068669,-0.01317425,-0.02387543,-0.01823731,0.00947421,-0.01256722,0.00824346,-0.01667795,-0.02721183,-0.00973139,-0.02031248,-0.00869232,-0.02076125,0.9941295,0.00177919,-0.01611198,0.00058798,-0.00348927,-0.00089992,-0.01776568,-0.0092248,-0.01803193,-0.02922917,-0.00150846,0.00295977,-0.01404446
"Np2_503974",-0.00685907,0.0091502,-0.00991701,-0.03475623,0.00192068,-0.01876372,-0.00594779,0.00058798,-0.01529501,-0.02491155,-0.02890512,-0.00867711,-0.00657459,-0.00681954,-0.00594018,-0.01683769,-0.01835296,-0.01669011,-0.00495435,-0.0076791,-0.00939824,-0.01291866,-0.00920503,-0.0107568,-0.01800913,0.06818512,-0.0207309,0.00691835,-0.02374314,-0.01173961,-0.01652126,-0.01519005,-0.02789036,-0.01624131,-0.01918819,-0.01838645,0.01498157,-0.02198751,-0.02198291,-0.01675856,-0.01007829,-0.02383748,-0.00153128,-0.01014066,-0.0153802,0.02477764,-0.00147956,-0.0151901,-0.00124526,0.00227515,-0.00747829,-0.02311027,-0.02357884,0.01780672,-0.01533305,-0.00601169,-0.00515669,-0.01255351,-0.00817658,-0.00176253,-0.01491165,-0.00733223,-0.01437917,-0.01072029,-0.00932216,-0.00681192,-0.00339799,-0.01383148,-0.0105347,-0.03172878,-0.01814608,-0.00374638,0.0012589,-0.0094241,-0.01913341,-0.01359873,0.00688791,-0.01196781,-0.02152954,-0.01603442,-0.01606638,-0.02470924,-0.00466377,-0.01639343,-0.01008743,-0.01185523,0.01045856,0.00177919,1.00834399,-0.02779451,-0.00379202,-0.01714956,-0.01303885,-0.00890987,-0.0038681,-0.00506844,-0.01809131,-0.02018922,-0.0059843,-0.00686212
"Np2_503276",-0.01303577,0.00129997,-0.0246133,-0.01476556,-0.0101893,-0.02113701,-0.0023878,0.00551718,-0.02268879,-0.00385591,-0.00389394,-0.00024878,0.00580927,-0.01101849,-0.01348611,-0.03351174,-0.00140501,-0.01373866,0.07010952,0.00333554,-0.01040232,-0.01072788,-0.0263355,-0.00521905,-0.02890202,-0.02227502,-0.02675547,0.00591425,-0.00892508,-0.0072668,0.00057885,-0.02821284,0.00518399,-5.405e-05,-0.02490846,-0.00798033,-0.02329584,-0.00336604,0.02174092,-0.00513537,-0.03116429,-0.01495271,-0.01409767,-0.0050593,0.00369762,-0.01060924,-0.01404597,-0.01604203,-0.03739274,-0.02443984,-0.02567374,-0.00357599,-0.01195562,-0.01879717,-0.01344655,-0.00412519,-0.00403086,-0.00884138,0.01318328,0.0168589,-0.01743708,0.00505164,-0.03074896,-0.0182662,-0.00895702,-0.01633562,-0.00805334,-0.00175188,-0.02142762,-0.00580477,0.00062753,-0.01829056,-0.02636901,-0.00723333,-0.02607076,-0.00973445,-0.01130751,-0.02012226,0.0065243,-0.00638898,0.00118587,-0.03012524,0.0034603,0.00040236,-0.0165684,-0.00905591,-0.01047534,-0.01611198,-0.02779451,0.98594651,-0.01605416,-0.02043566,-0.01586856,0.02507725,-0.01476101,-0.02524162,-0.02000818,0.00482191,-0.00470635,-0.00315001
"Np2_501012",0.01233588,-0.02231611,-0.01065182,-0.00217329,-0.00672518,-0.01630366,-0.01200736,-0.01992451,-0.02196311,0.00447656,-0.01990321,-0.00499998,-0.02115376,-0.00116463,-0.01808518,-0.03993646,-0.01041601,-0.01362152,0.00222191,-0.00354555,0.02501036,-0.00026551,-0.02028508,-0.02107615,-0.01357131,-0.00390156,-0.02557338,-0.01754966,0.02679185,-0.0179513,0.02944969,-0.00512321,-0.0275602,-0.00815223,-0.00394872,0.00643761,-0.00613948,-0.00035831,-0.00628704,-0.02875141,-0.0214626,0.02517619,0.01614232,-0.0326309,-0.01489792,-0.01520832,0.00645738,-0.00877449,-0.01460737,0.01355905,-0.0212968,-0.01441264,-0.03359393,0.00642238,-0.02626096,0.00207738,-0.03342808,-0.02211218,-0.01606177,-0.01390753,-0.01519005,-0.01202257,-0.01967805,-0.01054228,-0.02177142,-0.02367314,-0.01843358,-0.00650307,0.00470477,-0.00949103,0.00013613,-0.01619566,-0.01514594,-0.01457085,-0.02869208,-0.01555062,-0.0203185,-0.01026843,-0.00446445,-0.02315893,-0.01664904,-0.01388169,0.0029689,-0.0114992,0.01306313,-0.00680888,0.00439897,0.00058798,-0.00379202,-0.01605416,0.9943973,-0.00921262,-0.03157355,-0.01390448,-0.01510028,-0.01341004,0.01023188,0.00569973,-0.02847453,0.0070081
"Np2_501199",-0.0112147,-0.01574383,-0.01305556,-0.00777188,-0.02586384,-0.02083731,-0.00939061,-0.00346341,-0.01204385,-0.01679203,-0.0093754,-0.01348916,-0.0112345,-0.00889315,-0.00147195,-0.01084808,-0.01753596,-0.0221107,-0.02726204,0.00759077,-0.01055902,-0.00875468,-0.01736406,-0.02576192,-0.02312544,0.00677839,-0.00378746,0.00438832,-0.00923392,-0.02263708,-0.03335205,-0.02502256,-0.01688026,-0.01998839,-0.00589606,0.01590046,-0.02543031,-0.00686973,-0.01310273,3.267e-05,-0.00058956,0.01273146,-0.00193139,-0.00749805,-0.01060768,-0.02187187,-0.03200257,0.0082952,-0.02613926,-0.00390612,0.00124977,-0.01635997,-0.01865418,0.00036738,-0.01664597,-0.02147325,-0.00038418,-0.00717246,-0.00796814,-0.00840022,-0.00618359,-0.00529816,-0.00747675,-0.02846387,0.00396995,-0.01284107,-0.02707489,0.02273742,-0.00317587,-0.03015109,-0.01002656,-0.00262514,0.01455102,-0.02093012,-0.01299166,-0.00973902,-0.01724536,-0.02819002,0.00073858,-0.01947724,0.00528897,0.05354501,-0.02103814,0.01135156,-0.01444307,-0.00951689,-0.0159568,-0.00348927,-0.01714956,-0.02043566,-0.00921262,0.99004561,-0.00476721,-0.0106792,-0.00487675,-0.00364293,-0.02168625,-0.00933128,0.0132411,-0.0232365
"Np2_501887",-0.00892963,-0.01802284,-0.00772777,-0.01917903,-0.02023178,-0.02083427,0.01039009,-0.03845162,-0.01508354,-0.01207277,-0.01074159,-0.01150835,-0.0173169,-0.00341321,5.245e-05,-0.01130145,-0.0119039,0.00025631,-0.03045386,-0.03348283,-0.00583977,-0.01438067,-0.03698656,-0.01952133,-0.00562678,-0.04068501,-0.02873478,-0.00230261,-0.0063403,-0.02506822,-0.0117457,-0.01756487,-0.0095747,-0.02287595,-0.02019378,-0.02562963,0.00469564,-0.03196913,0.03862648,-0.01335223,-0.00621555,-0.01982259,-0.00664456,-0.01662316,-0.00345427,0.00323362,-0.00628857,-0.01999911,-0.01746448,-0.00937995,-0.00681041,0.00783269,-0.00952299,0.01223702,-0.03003088,-0.01523265,0.00190091,0.0005895,-0.00674802,-0.01782961,-0.00739765,-0.01700958,-0.0048874,-0.00564046,0.01279687,0.00131062,0.01263561,-0.00266621,-0.00880186,-0.01736864,-0.01473974,-0.00368705,-0.0076578,-0.00647417,-0.0069032,-0.00927957,-0.01724232,0.02658189,-0.02116592,0.00212911,-0.01159508,-0.02267212,0.00163314,-0.01968107,0.049305,-0.00905745,-0.0182358,-0.00089992,-0.01303885,-0.01586856,-0.03157355,-0.00476721,0.99659444,-0.01174111,-0.02678128,-0.00455269,-0.00099272,0.00329903,0.01309201,-0.02201638
"Np2_500920",-0.01164676,-0.0052221,-0.01029277,-0.03315419,-0.03085995,0.00915778,-0.00221589,-0.00815527,-0.02723307,-0.0185933,-0.01482794,-0.01650752,-0.01334006,-0.01677988,0.00920189,-0.01645276,-0.00762279,-0.00185229,0.0252492,-0.01185824,-0.01509875,-0.00812179,-0.01992602,-0.01113255,0.00093636,-0.01084504,-0.02201946,-0.01612566,-0.00920957,0.00309821,-0.02009186,-0.00506843,-0.00970553,-0.0108359,-0.01484772,-0.02271773,-0.00912743,-0.01247442,-0.01246983,-0.01302665,0.00232537,-0.00823895,0.01984833,-0.0074737,-0.01012694,0.02622745,-0.00839717,-0.02317265,-0.00162104,0.00418141,-0.00481133,-0.02348601,-0.01862982,-0.0085843,-0.00642853,-0.01581988,0.00040084,-0.00669171,-0.00642244,-0.02724072,0.00814152,-0.02170448,-0.00425755,-0.00896615,-0.01182782,-0.00095012,-0.00499084,-0.01253373,-0.01304036,-0.0143046,-0.03358329,0.00561454,-0.01935097,-0.03216382,-0.00703403,-0.02021204,-0.0167646,-0.02740499,0.00061079,0.00945293,-0.01066096,-0.03101828,-0.00960361,-0.00824958,-0.00955036,-0.00949254,-0.00984702,-0.01776568,-0.00890987,0.02507725,-0.01390448,-0.0106792,-0.01174111,0.98416019,-0.02478219,-0.00468353,-0.00157997,-0.00291724,-0.01594461,-0.00297809
"Np2_503852",-0.01436392,-0.03517162,-0.0111843,-0.01609372,-0.01288668,-0.02961557,-0.00767149,0.00571039,-0.00652133,-0.02009339,-0.03488861,0.00116153,-0.01316664,-0.02299618,-0.01481427,-0.00334778,-0.00060325,-0.02039158,-0.00987291,-0.02339928,-0.01386039,-0.00323216,0.01660789,-0.01521894,-0.01182176,-0.01812628,-0.00541532,-0.01077962,-0.00873187,0.0242664,0.00077206,-0.02878033,0.00416012,-0.00746763,-0.01345721,-0.01691528,-0.0110839,0.00184766,-0.02538009,0.02822345,0.00417229,-0.01293388,-0.01192671,-0.02814291,-0.00158604,-0.0102639,-0.00365966,-0.00078734,0.00539851,-0.03291838,0.00099113,-0.00125287,0.00253836,-0.00932368,0.00378587,-0.00225849,-0.02894008,-0.0296429,-0.00259775,0.00944534,-0.00035679,-0.00373117,-0.00149781,-0.0133568,0.00918821,-0.01659883,-0.0017747,-0.02407477,-0.00571654,-0.00241671,-0.01789201,-0.01946659,0.01201036,-0.01768964,-0.00716487,-0.02171213,-0.01157071,-0.02494955,-0.00880033,-0.0151718,-0.0141388,-0.0141099,-0.01125581,-0.01826925,-0.0251991,-0.00262514,-0.00830437,-0.0092248,-0.0038681,-0.01476101,-0.01510028,-0.00487675,-0.02678128,-0.02478219,0.99972279,-0.00161952,-0.01449024,-0.01202408,-0.00846867,-0.00889009
"Np2_503261",-0.00156779,-0.01765921,-0.00964619,-0.0051232,-0.02838775,-0.01636299,-0.01967346,-0.00218394,-0.00346188,-0.02509711,-0.00642244,-0.02042502,-0.02714637,-0.00822222,0.00148101,-0.02113093,0.00199979,0.01294292,-0.02567829,-0.02323037,0.02084333,-0.01523413,-0.01562818,-0.02615594,-0.01576053,-0.00426517,0.09820613,-0.02673712,-0.00917153,-0.0187713,-0.00818723,-0.02587299,-0.00312566,-0.00349535,-0.00659436,-0.01613784,-0.01289279,-0.00741589,-0.01182326,-0.02211676,0.00571039,-0.01170004,-0.01632189,-0.01656381,-0.01739141,0.00907411,-0.01079331,0.01459515,-0.02729395,0.00087246,0.00100787,-0.00458312,0.02035498,0.00803654,-0.01977843,-0.03099543,-0.01690459,-0.03571155,-0.01262196,-0.00544725,-0.00703403,-0.00051958,-0.00406738,-0.00786316,-0.00387873,0.00091354,-0.02336124,0.00013157,-0.01513223,-0.02948016,-0.02730769,-0.01671139,-0.00501216,-0.01371736,-0.02084033,-0.01348003,-0.01337958,-0.00332952,-0.00543659,-0.00952602,-0.00103836,-0.01363674,-0.00150238,-0.00440816,-0.01772767,-0.00443403,-0.02289266,-0.01803193,-0.00506844,-0.02524162,-0.01341004,-0.00364293,-0.00455269,-0.00468353,-0.00161952,0.98225823,-0.01751619,-0.01002957,-0.02594752,-0.01237247
"Np2_504299",-0.01093936,-0.01212148,-0.00699904,-0.01525545,0.00772923,-0.00063216,-0.01094089,-0.0177931,-0.01831034,-0.02397135,-0.01427267,-0.0034771,-0.00715575,-0.00998701,-0.01990931,-0.0070736,-0.01543499,-0.00829525,-0.0231833,-0.0093252,-0.0116529,-0.01000069,-0.00872123,-0.01559776,-0.00413737,-0.02063502,-0.01370524,-0.01511398,0.00929776,-0.00136698,-0.01162551,-0.00405674,0.00134713,0.00158598,-0.00029594,0.03777917,0.00451156,-0.02804557,-0.03230077,-0.01505768,0.01429086,-0.02000669,-0.02751911,0.02137889,-0.01352718,-0.01535894,-0.00358207,-0.00314393,-0.00289138,-0.0063692,-0.01657908,-0.01136841,-0.00118745,-0.00072648,0.01557793,-0.02013296,-0.02794969,-0.00568002,-0.0128654,-0.0028001,-0.01625349,-0.00973902,-0.01206975,-0.02179883,-0.00290506,-0.01606484,-0.01036886,-0.00863147,-0.00548683,-0.01222797,-0.00883839,-0.02623514,-0.03035806,-0.01806847,-0.00982573,-0.02133029,-0.00966749,-0.00448576,-0.01937225,-0.00444469,-0.02395008,-0.01570582,-0.00128939,-0.0204737,-0.02116599,-0.00224328,-0.00487979,-0.02922917,-0.01809131,-0.02000818,0.01023188,-0.02168625,-0.00099272,-0.00157997,-0.01449024,-0.01751619,1.00733367,-0.00373117,-0.00230566,-0.01079028
"Np2_502595",-0.00725613,-0.01452369,-0.02552762,-0.01613629,0.00532699,0.00305104,-0.00406282,-0.023238,-0.02771077,0.03874057,-0.02884573,-0.00481437,-0.02325017,-0.01178068,-0.03843789,-0.00552028,-0.02468328,-0.02819307,-0.01280607,-0.00761974,-0.00097142,-0.02594296,-0.01949091,0.02581509,-0.01475491,-0.01725605,-0.01215191,-0.02938276,-0.00238476,-0.00042221,-0.00444316,-0.00387264,0.00792091,-0.00370682,-0.018216,-0.00828611,-0.01964609,-0.01249571,0.02356502,-0.01898123,0.01371425,-0.01115083,0.0059827,-0.00201811,-0.02323189,-0.03647386,-0.01830729,-0.00950169,-0.00042525,-0.00268598,-0.0165471,0.0011387,-0.01332637,-0.00373724,-0.00568914,-0.00458312,-0.00464093,-0.00838649,-0.01678895,-0.00474591,-0.00389851,-0.00331735,-0.01797107,-0.01674636,-0.02706268,0.00131062,0.00563736,-0.01879259,-0.03268718,-0.00489348,-0.01565254,-0.00399131,-0.0173945,-0.01834075,-0.01800909,0.01627927,-0.02545761,-0.03031686,-0.01188562,-0.00806399,-0.01235576,-0.01187044,-0.01281975,-0.01892036,-0.00728962,-0.00981811,-0.00789055,-0.00150846,-0.02018922,0.00482191,0.00569973,-0.00933128,0.00329903,-0.00291724,-0.01202408,-0.01002957,-0.00373117,0.98016151,-0.00759844,-0.00695492
"Np2_504909",-0.01571943,0.01033076,-0.01558253,0.01191295,-0.00648328,-0.02169079,-0.01283039,0.01333087,0.00961874,-0.02449161,-0.02087839,-0.01358196,-0.00645896,-0.02450383,0.01517019,0.00777182,-0.02310565,-0.00942408,-0.01944376,-0.03190516,-0.00487066,-0.00626117,-0.01258852,-0.00409933,-0.03036861,-0.01704762,-0.03567673,0.00110066,-0.02834368,-0.0202957,-0.00697319,-0.02678885,-0.00586715,-0.03483836,-0.02515796,-0.02146565,-0.00589758,-0.00042068,-0.00254602,-0.00857972,-0.01939506,-0.01079027,-0.00491478,-0.00454814,-0.01648164,-0.02105185,-0.0225108,-0.01644368,-0.02318934,-0.02347225,-0.03185655,-0.00960665,-0.01144445,0.01001126,-0.0041115,0.00216714,0.00180506,-0.02400017,0.00502273,-0.00423321,-0.02012076,-0.0216695,0.01585937,-0.01106106,0.00631131,-0.01004328,-0.01484468,-0.01660641,0.00920647,-0.0116833,-0.00798946,0.00488885,0.00456937,-0.01858875,0.01308287,-0.0051156,-0.02768336,-0.02432728,-0.01304642,-0.02854605,0.0163021,-0.00572871,-0.00683017,0.00578188,-0.0070812,0.00149622,-0.02228716,0.00295977,-0.0059843,-0.00470635,-0.02847453,0.0132411,0.01309201,-0.01594461,-0.00846867,-0.02594752,-0.00230566,-0.00759844,0.98544743,-0.00187815
"Np2_500386",-0.01644513,-0.01260678,-0.01630822,0.02640084,0.00374478,-0.01283193,-0.003363,-0.01158442,0.00402472,-0.01943615,-0.00745545,0.01353322,0.01046311,-0.00971164,0.00212151,-0.01927337,-0.00542291,-0.01304036,-0.00967208,-0.01163613,-0.00103227,-0.02280899,-0.01666119,-0.02414625,-0.0081218,-0.02127246,0.02901616,-0.01164375,-0.01157377,-0.02528121,-0.01560995,-0.02234194,-5.1e-05,-0.01502573,-0.01705978,-0.02356057,-0.00997027,-0.01225231,-0.0210716,0.00758165,-0.01951222,-0.01303733,0.00394408,-0.01516266,-0.00473221,-0.02132115,-0.00300243,-0.02873173,-0.00718009,-0.02115525,0.00073555,-0.01398361,-0.01049665,-0.01110062,-0.00924912,-0.00707816,-0.01185218,-0.01514133,-0.00239693,-0.00602386,-0.02662763,-0.00642093,0.02882592,-0.02730459,-0.0043032,-0.01442023,-0.0088764,-0.01261589,-0.01236184,-0.02032007,-0.01251855,-0.01972218,-0.0197374,-0.019923,-0.00665977,-0.01238314,-0.01197843,-0.00268903,-0.00357903,0.01119642,-0.00633118,-0.02014666,-0.01485838,-0.01730774,-0.01800001,-0.03254722,0.00558868,-0.01404446,-0.00686212,-0.00315001,0.0070081,-0.0232365,-0.02201638,-0.00297809,-0.00889009,-0.01237247,-0.01079028,-0.00695492,-0.00187815,0.99373389
