"","solution","std.error","z.ratio"
"vm(ID, ginv)_Np1_500570",1.17333890185478,0.771739868525048,1.52038134831271
"vm(ID, ginv)_Np1_501049",1.41827682065403,0.781232230230043,1.81543562307511
"vm(ID, ginv)_Np1_501959",0.464739939849116,0.871224145139637,0.533433264495474
"vm(ID, ginv)_Np1_503901",0.487105364812212,0.758249371711461,0.642407871321747
"vm(ID, ginv)_Np1_502407",1.65772477154232,0.737857346454807,2.24667380423494
"vm(ID, ginv)_Np1_501929",-0.27492532266686,0.837594325500991,-0.32823207404422
"vm(ID, ginv)_Np1_503139",0.666148556892652,0.751245670107199,0.886725319558376
"vm(ID, ginv)_Np1_502926",0.639091346192438,0.781818715856723,0.817441861176368
"vm(ID, ginv)_Np1_503793",-0.364819194836342,0.815542874917802,-0.447332943559971
"vm(ID, ginv)_Np1_503445",0.71029120852824,0.772062811845474,0.919991479489111
"vm(ID, ginv)_Np1_503102",0.69537601844563,0.766503866801407,0.907204840788879
"vm(ID, ginv)_Np1_503172",0.475735718227258,0.808631354877118,0.588322126464602
"vm(ID, ginv)_Np1_504973",0.638391494362667,0.833331983522436,0.766071034096437
"vm(ID, ginv)_Np1_501184",1.10940149921595,0.75169112522321,1.47587414828999
"vm(ID, ginv)_Np1_503933",0.899693360944503,0.797499245392261,1.12814321285279
"vm(ID, ginv)_Np1_502846",-0.124237077765295,0.815318067627519,-0.152378663859137
"vm(ID, ginv)_Np1_504827",0.623369869418998,0.808084542748233,0.771416648187534
"vm(ID, ginv)_Np1_504933",0.67197608316891,0.809735102598407,0.82987149873158
"vm(ID, ginv)_Np1_501538",0.469163943724091,0.812201237603029,0.577644950540446
"vm(ID, ginv)_Np1_503222",0.649073457784531,0.79603977976697,0.815378168631898
"vm(ID, ginv)_Np1_503106",0.766218153276347,0.841307386849579,0.910746969838912
"vm(ID, ginv)_Np1_504548",0.673553759912956,0.743781110514163,0.905580620953575
"vm(ID, ginv)_Np1_500098",0.45493778791185,0.832417586720074,0.546525920607245
"vm(ID, ginv)_Np1_503803",0.186795626541676,0.825465569326642,0.226291239129515
"vm(ID, ginv)_Np1_503331",0.909799554163204,0.785396905039928,1.15839462611194
"vm(ID, ginv)_Np1_503258",1.08974199214145,0.827898455337737,1.31627494303863
"vm(ID, ginv)_Np1_503929",0.724544917313228,0.76983455985774,0.941169642276282
"vm(ID, ginv)_Np1_503328",0.366835582693719,0.838028623823781,0.437736340102455
"vm(ID, ginv)_Np1_504188",1.42143513833943,0.77729743352415,1.82868883523114
"vm(ID, ginv)_Np1_503873",0.759860592080672,0.793301581452321,0.957845805235346
"vm(ID, ginv)_Np1_503983",0.534593011611321,0.856243297856071,0.624347090307015
"vm(ID, ginv)_Np1_503223",0.147094033012429,0.804934866625363,0.182740292552006
"vm(ID, ginv)_Np1_502173",0.314227688747429,0.787453260528207,0.399042971181111
"vm(ID, ginv)_Np1_503087",0.652748658980213,0.786979082532016,0.829435843301029
"vm(ID, ginv)_Np1_501123",0.16810013530637,0.789478501855175,0.212925538708597
"vm(ID, ginv)_Np1_503354",1.00378498774123,0.825070114758619,1.2166056796699
"vm(ID, ginv)_Np1_501804",0.759334718801985,0.804372366689181,0.944008956855924
"vm(ID, ginv)_Np1_500080",0.520870071893758,0.797226452198368,0.653352721121393
"vm(ID, ginv)_Np1_501531",0.220022587823619,0.7824765191015,0.281187463716184
"vm(ID, ginv)_Np1_501158",1.1916603336851,0.782633672538958,1.52262849848922
"vm(ID, ginv)_Np1_502993",-0.444681661594514,0.767513353344728,-0.579379706759038
"vm(ID, ginv)_Np1_503363",0.923673243431075,0.803950053978409,1.14891869073235
"vm(ID, ginv)_Np1_500039",-0.625370120907325,0.737715314262063,-0.847711995152063
"vm(ID, ginv)_Np1_500295",0.474978544696667,0.817742113786688,0.580841486195692
"vm(ID, ginv)_Np1_503443",-0.0448263067809064,0.772160731046665,-0.0580530775246033
"vm(ID, ginv)_Np1_500114",0.381549914646904,0.832992435775016,0.458047274213132
"vm(ID, ginv)_Np1_500182",-0.240554574248345,0.832130232788241,-0.289082843970604
"vm(ID, ginv)_Np1_503536",1.11489355160873,0.839043181572739,1.32876778703919
"vm(ID, ginv)_Np1_502663",0.210802380828372,0.791245005393281,0.266418592713385
"vm(ID, ginv)_Np1_501873",0.588743089360228,0.803041825208297,0.73314125227228
"vm(ID, ginv)_Np1_504360",0.92101454121937,0.81192171134838,1.13436373032791
"vm(ID, ginv)_Np1_502930",1.15652539090535,0.786345141881273,1.47076052144031
"vm(ID, ginv)_Np1_500107",0.717635220651323,0.792216690351278,0.905857235011187
"vm(ID, ginv)_Np1_503464",0.755504720668269,0.805736250507365,0.937657602214787
"vm(ID, ginv)_Np1_501573",-0.305304960430521,0.837476568898395,-0.364553435604909
"vm(ID, ginv)_Np1_501933",-0.185979232764188,0.808258675306098,-0.230098653372023
"vm(ID, ginv)_Np1_503911",0.230269258004149,0.837634845294672,0.274904105646587
"vm(ID, ginv)_Np1_504533",0.966975185339845,0.77083724584634,1.25444792730294
"vm(ID, ginv)_Np1_504630",0.474495374865949,0.794336047411226,0.597348409923418
"vm(ID, ginv)_Np1_503689",0.839413757863588,0.807915627068873,1.03898690623053
"vm(ID, ginv)_Np1_504026",0.0119122157903723,0.812700380158468,0.0146575737888169
"vm(ID, ginv)_Np1_504397",0.281472302428534,0.747954152552537,0.376322935661171
"vm(ID, ginv)_Np1_503504",1.63200198141186,0.771910495839798,2.11423732441457
"vm(ID, ginv)_Np1_501649",-0.0907600646126353,0.794212804374661,-0.114276758209781
"vm(ID, ginv)_Np1_503246",-0.115637316881103,0.741870594820736,-0.155872624806008
"vm(ID, ginv)_Np1_501695",0.102113155447156,0.790926645733817,0.129105721747957
"vm(ID, ginv)_Np1_501894",0.697648108174891,0.767712848450795,0.908735746161744
"vm(ID, ginv)_Np1_504560",0.432207372011423,0.812328858431736,0.53205960557136
"vm(ID, ginv)_Np1_504964",0.781774782478684,0.802857512448729,0.973740384011924
"vm(ID, ginv)_Np1_500051",-0.316149042197502,0.847379975391288,-0.373090055676046
"vm(ID, ginv)_Np1_500259",1.28931573070222,0.808527612667943,1.59464650372025
"vm(ID, ginv)_Np1_502421",1.1375773949967,0.845458805569039,1.34551487015509
"vm(ID, ginv)_Np1_503180",0.670147131633966,0.79185516813534,0.846300129873533
"vm(ID, ginv)_Np1_504915",1.05385642650139,0.788860430604874,1.33592253536322
"vm(ID, ginv)_Np1_504215",1.51429826344127,0.758890983136661,1.99540948184988
"vm(ID, ginv)_Np1_503722",0.967591317069338,0.84452810505849,1.14571831449271
"vm(ID, ginv)_Np1_502827",0.112601135160672,0.802775193373794,0.140264841377879
"vm(ID, ginv)_Np1_500336",1.1885225588421,0.75051465880543,1.58361005331173
"vm(ID, ginv)_Np1_502095",0.154510534141126,0.856894401776669,0.180314556637045
"vm(ID, ginv)_Np1_504658",0.121174918984566,0.752089651588638,0.161117652301967
"vm(ID, ginv)_Np1_500079",0.457585504275748,0.774454248802346,0.590848981696957
"vm(ID, ginv)_Np1_503448",-0.24570462312929,0.792182135822161,-0.310161782270295
"vm(ID, ginv)_Np1_501774",0.483620765343565,0.810912426426148,0.596390867352937
"vm(ID, ginv)_Np1_502973",0.636247910244145,0.780919424545352,0.814742072288144
"vm(ID, ginv)_Np1_500457",0.208052124404334,0.762357946612831,0.272906087394659
"vm(ID, ginv)_Np1_500677",0.135601895602656,0.762414033132931,0.177858603999505
"vm(ID, ginv)_Np1_500178",0.652529057339039,0.740911124116775,0.880711648265378
"vm(ID, ginv)_Np1_502917",1.13044756035,0.776869427546355,1.45513199550197
"vm(ID, ginv)_Np1_502854",1.25950205602317,0.788760242640589,1.59681229850866
"vm(ID, ginv)_Np1_500157",0.42180640188417,0.783399422476871,0.538430830789415
"vm(ID, ginv)_Np1_504275",1.02319079934369,0.799803648728856,1.27930249001723
"vm(ID, ginv)_Np1_502147",1.31251238462253,0.838865798942042,1.56462736504199
"vm(ID, ginv)_Np1_503643",0.826962551677702,0.808765910990969,1.02249926763659
"vm(ID, ginv)_Np1_503046",-0.153973716078651,0.766989311522144,-0.200750797652028
"vm(ID, ginv)_Np1_501470",0.435986353430352,0.758075057191815,0.575122937094651
"vm(ID, ginv)_Np1_503535",0.667544810283664,0.765859359749753,0.87162845473585
"vm(ID, ginv)_Np1_500315",0.379321643779152,0.789169593713973,0.480659223062557
"vm(ID, ginv)_Np1_502651",2.63338511610201,0.784198662484397,3.35805866814317
"vm(ID, ginv)_Np1_503553",0.756695625111758,0.833816959824393,0.90750807619831
"vm(ID, ginv)_Np1_503557",1.1353257019891,0.755221087178973,1.50330243853486
"vm(ID, ginv)_No_518001",0.507398807421614,0.86668842082838,0.585445467168746
"vm(ID, ginv)_No_518002",0.456804927292437,0.839271960580233,0.544287130689584
"vm(ID, ginv)_No_518003",0.0702658143901183,0.837250039834857,0.083924527974914
"vm(ID, ginv)_No_518004",1.06938559189039,0.829367313521794,1.28939924983225
"vm(ID, ginv)_No_518005",0.773547604192412,0.841451958729064,0.919300972762348
"vm(ID, ginv)_No_518006",0.597652866549811,0.841021904123299,0.710626992733107
"vm(ID, ginv)_No_518007",0.430750476497491,0.83313254554339,0.517025146600826
"vm(ID, ginv)_No_518008",0.639370244893584,0.836964449248226,0.763915654324239
"vm(ID, ginv)_No_518009",-0.52065865888992,0.858989515705967,-0.606129236003554
"vm(ID, ginv)_No_518010",0.89902649720977,0.838735467120555,1.07188324859589
"vm(ID, ginv)_No_518011",0.313763992235308,0.838039918385259,0.374402203703937
"vm(ID, ginv)_No_518012",0.978374261577022,0.861660547946625,1.13545208018231
"vm(ID, ginv)_No_518013",1.00429227248984,0.854434087682831,1.17538881812805
"vm(ID, ginv)_No_518014",1.46469805173731,0.853750477278662,1.71560437237593
"vm(ID, ginv)_No_518015",0.10573227381332,0.852497895481952,0.12402643381723
"vm(ID, ginv)_No_518016",1.38205009614982,0.845516053337471,1.63456399283552
"vm(ID, ginv)_No_518017",0.74474985747485,0.841365516238501,0.885168031136347
"vm(ID, ginv)_No_518018",0.213332846446321,0.860123506520346,0.248025829812936
"vm(ID, ginv)_No_518019",0.178429121411405,0.848648669765945,0.210250870316706
"vm(ID, ginv)_No_518020",0.149879589098349,0.816830397776258,0.183489240246667
"vm(ID, ginv)_No_518021",1.12634634084792,0.858089632143513,1.312620848284
"vm(ID, ginv)_No_518022",0.985766112128079,0.861059246382109,1.14482959943807
"vm(ID, ginv)_No_518023",0.371399121792355,0.870706881571891,0.426548968031431
"vm(ID, ginv)_No_518024",0.236287701766729,0.856297265858497,0.275941207788203
"vm(ID, ginv)_No_518025",-0.137991283229653,0.839017102321121,-0.164467783610017
"vm(ID, ginv)_No_518026",0.34491524423841,0.849010380132428,0.406255626915433
"vm(ID, ginv)_No_518027",0.350951993047073,0.825636895052462,0.425068205103374
"vm(ID, ginv)_No_518028",1.7202858118372,0.852969901654603,2.01681889185089
"vm(ID, ginv)_No_518029",0.244422703453348,0.864608985201997,0.282697389960901
"vm(ID, ginv)_No_518030",0.598416243233618,0.854945300927689,0.699946818333623
"vm(ID, ginv)_No_518031",0.669490191544957,0.844344417775992,0.792911254519096
"vm(ID, ginv)_No_518032",0.550493733379309,0.842740021753303,0.653218927747158
"vm(ID, ginv)_No_518033",0.861037523561094,0.812904114644258,1.05921166844862
"vm(ID, ginv)_No_518034",0.983132370930475,0.841709716543822,1.16801832223983
"vm(ID, ginv)_No_518035",0.525003403497631,0.836757098343527,0.627426291975229
"vm(ID, ginv)_No_518036",1.00406577018467,0.849205489037491,1.18235902045652
"vm(ID, ginv)_No_518037",0.32121952909906,0.821339197751545,0.391092413436999
"vm(ID, ginv)_No_518038",0.696466244458714,0.822990497644272,0.846262801882013
"vm(ID, ginv)_No_518039",0.90594404973202,0.82051111807509,1.10412160149317
"vm(ID, ginv)_No_518040",0.786718414127766,0.856013383175988,0.91904919898434
"vm(ID, ginv)_No_518041",0.249459836591279,0.838618834447493,0.297465101359941
"vm(ID, ginv)_No_518042",0.752313408196819,0.850938066417511,0.88409889965799
"vm(ID, ginv)_No_518043",0.628481252456014,0.826019469546987,0.760855252964789
"vm(ID, ginv)_No_518044",1.09893855885362,0.834290220480193,1.31721376072358
"vm(ID, ginv)_No_518045",0.572110421422296,0.837306796236517,0.683274546431234
"vm(ID, ginv)_No_518046",0.125942470542512,0.82924990983129,0.151875169414411
"vm(ID, ginv)_No_518047",0.138225433255489,0.875324244229456,0.157913406565322
"vm(ID, ginv)_No_518048",1.26168094629577,0.802883018649177,1.57143807626982
"vm(ID, ginv)_No_518049",1.05656840931597,0.838081785811754,1.26069845115724
"vm(ID, ginv)_No_518050",-0.477032166980489,0.842400473548384,-0.56627718283576
"vm(ID, ginv)_No_518051",0.699669120618426,0.858920087792237,0.814591637292884
"vm(ID, ginv)_No_518052",-0.0756114100715286,0.849833602039764,-0.0889720174514713
"vm(ID, ginv)_No_518053",-0.0877810584818975,0.844113765286425,-0.10399197607222
"vm(ID, ginv)_No_518054",0.968004480477736,0.806148373900958,1.20077706761791
"vm(ID, ginv)_No_518055",-0.342340751089604,0.860890410888541,-0.397658920066572
"vm(ID, ginv)_No_518056",1.00361259370725,0.832106171977056,1.20611122415148
"vm(ID, ginv)_No_518057",0.190317953473251,0.829294956217039,0.229493682611331
"vm(ID, ginv)_No_518058",1.4609402859556,0.834135240738161,1.75144294906274
"vm(ID, ginv)_No_518059",0.213213371990321,0.84073878897116,0.253602396829147
"vm(ID, ginv)_No_518060",0.375813439748172,0.83839540493456,0.448253219824727
"vm(ID, ginv)_No_518061",0.88668970188268,0.804619407250608,1.10199890021608
"vm(ID, ginv)_No_518062",0.630015241571618,0.862625135815893,0.730346491672462
"vm(ID, ginv)_No_518063",0.904619479822087,0.832680999135259,1.08639380598517
"vm(ID, ginv)_No_518064",0.899977631555451,0.825495032187904,1.09022779842798
"vm(ID, ginv)_No_518065",0.176076339163927,0.882778109169094,0.199457074586565
"vm(ID, ginv)_No_518066",-0.0176875920623539,0.854098929424082,-0.0207090671267796
"vm(ID, ginv)_No_518067",0.320872414090106,0.839192460366296,0.382358552113361
"vm(ID, ginv)_No_518068",1.14802055325279,0.840655987671331,1.3656246670328
"vm(ID, ginv)_No_518069",0.89431364949306,0.857892928702445,1.04245369039899
"vm(ID, ginv)_No_518070",0.163731521647611,0.851406857906644,0.192307027042486
"vm(ID, ginv)_No_518071",0.483176031295018,0.858573610316917,0.562765994073202
"vm(ID, ginv)_No_518072",1.85746630181075,0.86400024953617,2.14984463581801
"vm(ID, ginv)_No_518073",0.21423531353991,0.823988659870867,0.259997890715492
"vm(ID, ginv)_No_518074",0.234687662808773,0.860140856331174,0.27284794238214
"vm(ID, ginv)_No_518075",0.930572858246882,0.836425361599867,1.11255935193899
"vm(ID, ginv)_No_518076",0.517765689481329,0.846698942187151,0.611510967692792
"vm(ID, ginv)_No_518077",-0.126965912023376,0.811929397231507,-0.156375557353017
"vm(ID, ginv)_No_518078",0.414150760978373,0.866978771468604,0.477694234977436
"vm(ID, ginv)_No_518079",0.430553185246632,0.860668516488785,0.500254368549616
"vm(ID, ginv)_No_518080",-0.82886932720608,0.817669637969893,-1.01369708341378
"vm(ID, ginv)_No_518081",1.21008636671815,0.83163593011524,1.45506744345505
"vm(ID, ginv)_No_518082",0.383113780243885,0.83645760977883,0.45801936136989
"vm(ID, ginv)_No_518083",0.515162551150702,0.828961310083095,0.621455482764404
"vm(ID, ginv)_No_518084",-0.120484560593258,0.840613136410354,-0.143329381108366
"vm(ID, ginv)_No_518085",0.101774458309533,0.826833380147072,0.123089440694121
"vm(ID, ginv)_No_518086",0.388826280190579,0.831570291593467,0.467580773533293
"vm(ID, ginv)_No_518087",0.754657025874935,0.851724633112384,0.886034049663748
"vm(ID, ginv)_No_518088",0.355197237877389,0.836314519975051,0.424717291633279
"vm(ID, ginv)_No_518089",0.231646624866717,0.843509557639966,0.274622406786754
"vm(ID, ginv)_No_518090",0.464136986596038,0.847214580667644,0.547838761498034
"vm(ID, ginv)_No_518091",0.601899859479629,0.862901710832241,0.697530033749864
"vm(ID, ginv)_No_518092",1.40814827599453,0.852810526506861,1.65118538318511
"vm(ID, ginv)_No_518093",-0.0247694643441903,0.859703697272144,-0.028811629428586
"vm(ID, ginv)_No_518094",-0.0133101547525938,0.829592719449958,-0.0160442039093819
"vm(ID, ginv)_No_518095",0.724025723617295,0.871630868201967,0.83065635928067
"vm(ID, ginv)_No_518096",0.480920654715958,0.848520395659375,0.56677559806001
"vm(ID, ginv)_No_518097",0.422937577708101,0.848270815015434,0.498587915818377
"vm(ID, ginv)_No_518098",0.352014258296038,0.856607949903573,0.410939751768196
"vm(ID, ginv)_No_518099",0.376156577191357,0.859509913153213,0.437640766482125
"vm(ID, ginv)_No_518100",0.11869209287065,0.871040657371416,0.136264698858987
"vm(ID, ginv)_No_518101",-0.173036868680914,0.82989234009935,-0.20850520039768
"vm(ID, ginv)_No_518102",0.74321906534478,0.856742959178811,0.867493636664557
"vm(ID, ginv)_No_518103",0.663539784613625,0.838779536374816,0.791077697819653
"vm(ID, ginv)_No_518104",-0.0360703614377138,0.826723241223004,-0.043630515799161
"vm(ID, ginv)_No_518105",0.79339919387606,0.831127204101196,0.954606214260624
"vm(ID, ginv)_No_518106",0.980470953556469,0.836264748409812,1.17244085132235
"vm(ID, ginv)_No_518107",0.457663542577899,0.858924932379839,0.532832993111333
"vm(ID, ginv)_No_518108",0.0419643357107313,0.851941052904369,0.0492573231066514
"vm(ID, ginv)_No_518109",-0.408642367785352,0.857080546381578,-0.476784089325744
"vm(ID, ginv)_No_518110",0.250371498867791,0.830078971202093,0.301623709976909
"vm(ID, ginv)_No_518111",-0.295182160149651,0.887060199799171,-0.332764518368065
"vm(ID, ginv)_No_518112",1.76469432314268,0.842993992377136,2.09336524233876
"vm(ID, ginv)_No_518113",0.468478777244058,0.85678347782078,0.546787828397006
"vm(ID, ginv)_No_518114",0.239244367289022,0.813768834817306,0.293995489938778
"vm(ID, ginv)_No_518115",0.282832822416518,0.85499076929092,0.330802194099807
"vm(ID, ginv)_No_518116",1.26028306986702,0.832478904834946,1.5138918986985
"vm(ID, ginv)_No_518117",0.384171134192109,0.827486729398351,0.464262592430253
"vm(ID, ginv)_No_518118",0.634155701988892,0.854834224130222,0.741846411956814
"vm(ID, ginv)_No_518119",-0.896746163615892,0.854197471211893,-1.04981130691435
"vm(ID, ginv)_No_518120",1.04168369503973,0.826034559275037,1.26106551274798
"vm(ID, ginv)_No_518121",0.733225189648488,0.841624937492896,0.871201834670776
"vm(ID, ginv)_No_518122",0.614683955729311,0.840415002399297,0.731405262845681
"vm(ID, ginv)_No_518123",0.837742583542284,0.848142464631876,0.987738049297996
"vm(ID, ginv)_No_518124",0.456893561517092,0.840943963676635,0.543310352713085
"vm(ID, ginv)_No_518125",0.103895315244276,0.830336537554339,0.12512434482323
"vm(ID, ginv)_No_518126",1.35951556312937,0.839562586295226,1.6193141349099
"vm(ID, ginv)_No_518127",1.0678779201133,0.82289220663919,1.29771300724145
"vm(ID, ginv)_No_518128",0.0688959293517837,0.823887225567745,0.0836230095742862
"vm(ID, ginv)_No_518129",1.08271459495753,0.83142389662666,1.30224137091853
"vm(ID, ginv)_No_518130",1.19076147581671,0.828213233204256,1.43774746415219
"vm(ID, ginv)_No_518131",0.256686549083065,0.833837415744469,0.307837648246918
"vm(ID, ginv)_No_518132",0.782322228538189,0.859636524347549,0.910061643939523
"vm(ID, ginv)_No_518133",0.962753745861786,0.855557280698771,1.12529431702745
"vm(ID, ginv)_No_518134",0.892036609725266,0.829602932495009,1.07525730055279
"vm(ID, ginv)_No_518135",0.788268967029141,0.836484465382073,0.942359361890947
"vm(ID, ginv)_No_518136",0.748972631015626,0.851041845291884,0.880065575105474
"vm(ID, ginv)_No_518137",0.438506514967617,0.849795493486498,0.516014168501335
"vm(ID, ginv)_No_518138",1.10669061938564,0.827378334024008,1.33758713985557
"vm(ID, ginv)_No_518139",1.20959580443473,0.83916316275613,1.4414310090328
"vm(ID, ginv)_No_518140",0.367761904377407,0.864312600276915,0.425496405189026
"vm(ID, ginv)_No_518141",1.12405590977501,0.829017282756298,1.35588959742525
"vm(ID, ginv)_No_518142",0.996536109395009,0.836811357365283,1.19087306909005
"vm(ID, ginv)_No_518143",1.13778230926076,0.848519896541152,1.34090233346175
"vm(ID, ginv)_No_518144",0.438459005303559,0.832336080886265,0.526781206981549
"vm(ID, ginv)_No_518145",0.170673894732299,0.854336453149835,0.199773630287043
"vm(ID, ginv)_No_518146",0.407713056888785,0.852147079934081,0.478453856721922
"vm(ID, ginv)_No_518147",-0.00581532341052942,0.848444266441145,-0.00685410184327389
"vm(ID, ginv)_No_518148",0.506177954093243,0.84108554713038,0.601815066042002
"vm(ID, ginv)_No_518149",0.659244918687208,0.849571123744989,0.775973782843743
"vm(ID, ginv)_No_518150",0.0113693324516539,0.834767422737039,0.0136197605967612
"vm(ID, ginv)_No_518151",1.27481735955004,0.833356034540505,1.52973915914936
"vm(ID, ginv)_No_518152",0.437316502848181,0.857071114366304,0.510245294139357
"vm(ID, ginv)_No_518153",0.0932620115113574,0.853636389971164,0.109252619273304
"vm(ID, ginv)_No_518154",0.5956994754805,0.839899236895495,0.709251121220652
"vm(ID, ginv)_No_518155",0.672710130600202,0.822425323699083,0.817958921272638
"vm(ID, ginv)_No_518156",1.30674929584698,0.828190430020278,1.57783674923046
"vm(ID, ginv)_No_518157",0.00847444125240505,0.844643518684544,0.010033157260951
"vm(ID, ginv)_No_518158",0.14200157885459,0.851105830021395,0.166843621375523
"vm(ID, ginv)_No_518159",0.165850959510456,0.840133346679173,0.197410280363256
"vm(ID, ginv)_No_518160",-0.572940147741722,0.882574145433066,-0.649169421862668
"vm(ID, ginv)_No_518161",-0.251682536136955,0.855321275663644,-0.294254969796788
"vm(ID, ginv)_No_518162",0.796898603291118,0.854510844698214,0.932578689007227
"vm(ID, ginv)_No_518163",1.39444427798209,0.850053322981958,1.64041977165671
"vm(ID, ginv)_No_518164",0.430469868601686,0.838308871284071,0.513497928206722
"vm(ID, ginv)_No_518165",0.0134265120356953,0.848067499997671,0.0158318907819628
"vm(ID, ginv)_No_518166",-0.309037546109829,0.825911867681894,-0.374177388898905
"vm(ID, ginv)_No_518167",0.257440311511847,0.846866717417757,0.303991532807934
"vm(ID, ginv)_No_518168",0.996858139463782,0.839254674376556,1.18778979718439
"vm(ID, ginv)_No_518169",0.940092804603733,0.83275801285163,1.12889073427772
"vm(ID, ginv)_No_518170",1.22612179598718,0.868686001400345,1.41146719759572
"vm(ID, ginv)_No_518171",0.169462003249142,0.827074933275738,0.204893167996237
"vm(ID, ginv)_No_518172",-0.182530292653939,0.846288607333554,-0.215683268180871
"vm(ID, ginv)_No_518173",0.428023005454555,0.845518184703086,0.506225665158059
"vm(ID, ginv)_No_518174",0.332873863758693,0.840436839175516,0.396072433099492
"vm(ID, ginv)_No_518175",0.207748825760309,0.839575873658755,0.247444968678016
"vm(ID, ginv)_No_518176",0.854078174545014,0.82005844805209,1.04148451439496
"vm(ID, ginv)_No_518177",0.769365749980804,0.818808759805437,0.939615924680163
"vm(ID, ginv)_No_518178",0.99091683945175,0.837915390909472,1.18259773027467
"vm(ID, ginv)_No_518179",-0.277755162860071,0.859332206538831,-0.323222102868456
"vm(ID, ginv)_No_518180",0.337472871432211,0.854837822784469,0.394779995032225
"vm(ID, ginv)_No_518181",0.653826926505046,0.856035758054113,0.763784597025811
"vm(ID, ginv)_No_518182",-0.186096120267055,0.844993849224228,-0.220233698077099
"vm(ID, ginv)_No_518183",0.812108013921557,0.825377380586785,0.983923273187115
"vm(ID, ginv)_No_518184",0.501513027709251,0.831786664770863,0.602934681391418
"vm(ID, ginv)_No_518185",0.115181354969292,0.823501526228061,0.139867809956425
"vm(ID, ginv)_No_518186",-0.0181469837791837,0.851188321332897,-0.0213195873631899
"vm(ID, ginv)_No_518187",0.519875307921608,0.849635981653749,0.611880051159924
"vm(ID, ginv)_No_518188",0.383478081194139,0.838165847714667,0.457520527995415
"vm(ID, ginv)_No_518189",1.51731854280839,0.858927276961188,1.76652736908826
"vm(ID, ginv)_No_518190",0.274417776520205,0.792829025660399,0.346124785595008
"vm(ID, ginv)_No_518191",0.498748366367344,0.819537718458228,0.608572802854791
"vm(ID, ginv)_No_518192",0.928083566965038,0.832596010432248,1.11468654105515
"vm(ID, ginv)_No_518193",0.46938118336353,0.859841787098511,0.545892500697636
"vm(ID, ginv)_No_518194",0.0440197184012606,0.836574609487877,0.0526189988340765
"vm(ID, ginv)_No_518195",0.472874450015023,0.849302865661766,0.556779529581082
"vm(ID, ginv)_No_518196",0.373056619890435,0.860263417615189,0.433653939306889
"vm(ID, ginv)_No_518197",0.233874293555951,0.840363824656352,0.278301238932541
"vm(ID, ginv)_No_518198",1.21679505531236,0.858205425965427,1.41783659074813
"vm(ID, ginv)_No_518199",0.33318174975038,0.856195892724576,0.389141962232654
"vm(ID, ginv)_No_518200",0.611482663453268,0.825928973090083,0.740357444013015
"vm(ID, ginv)_No_518201",-0.426087023324544,0.838814911333107,-0.507963100760065
"vm(ID, ginv)_No_518202",0.025450544912184,0.870162088750646,0.029248050726647
"vm(ID, ginv)_No_518203",0.704367678915897,0.853310920431974,0.825452554338954
"vm(ID, ginv)_No_518204",0.697936452911039,0.849910500335807,0.821188175267018
"vm(ID, ginv)_No_518205",0.812211890810799,0.837031888603276,0.970347607862476
"vm(ID, ginv)_No_518206",0.269552342512793,0.814849346609658,0.330800219248281
"vm(ID, ginv)_No_518207",0.217517024351558,0.821740147782166,0.264702929434111
"vm(ID, ginv)_No_518208",1.10874962882638,0.856461206528284,1.29457075273819
"vm(ID, ginv)_No_518209",0.217481418352848,0.854165964068662,0.254612601650522
"vm(ID, ginv)_No_518210",-0.394011083982104,0.847962534300891,-0.464656241336122
"vm(ID, ginv)_No_518211",0.0931753360471722,0.864689274644104,0.107755859566458
"vm(ID, ginv)_No_518212",0.42609826757918,0.818712012527895,0.520449512232682
"vm(ID, ginv)_No_518213",0.783714362898531,0.855639478390177,0.915939928780556
"vm(ID, ginv)_No_518214",1.20870221788206,0.838626929077714,1.44128715161978
"vm(ID, ginv)_No_518215",0.0327393311284276,0.851373881932921,0.038454704593589
"vm(ID, ginv)_No_518216",0.0845108580559651,0.837171009890971,0.100948142085058
"vm(ID, ginv)_No_518217",0.16516994464742,0.841018997678196,0.196392644046574
"vm(ID, ginv)_No_518218",-0.364037304102543,0.864020777632506,-0.421329340134664
"vm(ID, ginv)_No_518219",1.56267064725075,0.820799791920518,1.90383899049778
"vm(ID, ginv)_No_518220",0.715920826968904,0.859369585140479,0.833076756901833
"vm(ID, ginv)_No_518221",0.268046342119114,0.853823806087742,0.313936365100095
"vm(ID, ginv)_No_518222",1.12376106916998,0.836641611098842,1.3431809442206
"vm(ID, ginv)_No_518223",1.16535877155694,0.850755322287628,1.36979310152696
"vm(ID, ginv)_No_518224",0.0203326638030543,0.84211660311308,0.0241447131286688
"vm(ID, ginv)_No_518225",0.306767966724691,0.835049737357857,0.367364904149687
"vm(ID, ginv)_No_518226",0.603698474979349,0.84015170976495,0.718558884023751
"vm(ID, ginv)_No_518227",0.718869930369848,0.817599779460924,0.87924428116141
"vm(ID, ginv)_No_518228",0.300519507305939,0.861350874591476,0.348893251485314
"vm(ID, ginv)_No_518229",0.942537017297042,0.846884112890326,1.11294686362726
"vm(ID, ginv)_No_518230",0.107638366770091,0.837593841445733,0.128509023638834
"vm(ID, ginv)_No_518231",-0.0519230144918934,0.844992331813252,-0.0614479120543885
"vm(ID, ginv)_No_518232",0.388754818587749,0.842247272854714,0.461568509768044
"vm(ID, ginv)_No_518233",0.541169334545724,0.843152115852377,0.641840688496208
"vm(ID, ginv)_No_518234",0.968621650847646,0.856071378371663,1.13147300017209
"vm(ID, ginv)_No_518235",1.75518178272989,0.815182496650997,2.15311514898894
"vm(ID, ginv)_No_518236",0.457409893203511,0.853313983346769,0.536039373701004
"vm(ID, ginv)_No_518237",0.995494260409609,0.850828737708351,1.17002895681557
"vm(ID, ginv)_No_518238",-0.524076950676505,0.837468659982021,-0.625786940716988
"vm(ID, ginv)_No_518239",0.802505355985475,0.844106571395571,0.950715683516933
"vm(ID, ginv)_No_518240",0.526174387877412,0.849313023262285,0.619529400192558
"vm(ID, ginv)_No_518241",1.22487859038101,0.830160245336991,1.47547247324977
"vm(ID, ginv)_No_518242",0.576990435736541,0.832240377676594,0.693297815406834
"vm(ID, ginv)_No_518243",1.36595498647666,0.866705029498436,1.57603214471611
"vm(ID, ginv)_No_518244",0.525718014386389,0.84024258806904,0.625674087282984
"vm(ID, ginv)_No_518245",-0.274034781952269,0.83997667432387,-0.326240942550994
"vm(ID, ginv)_No_518246",-0.247562128441847,0.862382777402725,-0.287067570142623
"vm(ID, ginv)_No_518247",0.905042733355301,0.853196241446527,1.06076737026041
"vm(ID, ginv)_No_518248",-0.404941598217685,0.852777222933067,-0.474850391553514
"vm(ID, ginv)_No_518249",0.585993521057295,0.847055454351143,0.691800658442339
"vm(ID, ginv)_No_518250",-0.138152715671878,0.852899644713122,-0.161980036606003
"vm(ID, ginv)_No_518251",0.545598274618311,0.839023397201224,0.650277783001395
"vm(ID, ginv)_No_518252",0.812841870381887,0.83826733172102,0.969669029941877
"vm(ID, ginv)_No_518253",1.33250277880846,0.835045596803821,1.59572457349477
"vm(ID, ginv)_No_518254",0.753889854743402,0.840057216916503,0.897426793749377
"vm(ID, ginv)_No_518255",0.243226218119127,0.854127408654787,0.28476573360665
"vm(ID, ginv)_No_518256",0.327884668286402,0.856415110536428,0.382857173177417
"vm(ID, ginv)_No_518257",1.34358931194149,0.83669727627648,1.60582489036036
"vm(ID, ginv)_No_518258",0.282129702680092,0.847526956986102,0.332885816025694
"vm(ID, ginv)_No_518259",-0.071805433944298,0.850681440007765,-0.0844093106623351
"vm(ID, ginv)_No_518260",1.37152605012643,0.848024224642849,1.61731942351535
"vm(ID, ginv)_No_518261",1.07919582586659,0.848116709233031,1.27246145974713
"vm(ID, ginv)_No_518262",0.853767947704837,0.862411112048983,0.989977907029037
"vm(ID, ginv)_No_518263",0.654133690582738,0.868751298334967,0.75295851855006
"vm(ID, ginv)_No_518264",0.738353593404285,0.83000847798932,0.889573556155633
"vm(ID, ginv)_No_518265",1.37271794326684,0.859507469743495,1.59709832850726
"vm(ID, ginv)_No_518266",0.865659237508878,0.840696835518858,1.02969251332392
"vm(ID, ginv)_No_518267",0.330161533865219,0.834933144467116,0.395434695643734
"vm(ID, ginv)_No_518268",0.518104854172678,0.836413411954092,0.619436329891271
"vm(ID, ginv)_No_518269",0.767535696351067,0.849815304789135,0.903179422664688
"vm(ID, ginv)_No_518270",0.412532912328186,0.842335954745688,0.489748668573379
"vm(ID, ginv)_No_518271",0.827535544725017,0.83454556350419,0.991600196459331
"vm(ID, ginv)_No_518272",0.460332934709971,0.843658521361831,0.545638932167607
"vm(ID, ginv)_No_518273",0.716118601506148,0.858441464144748,0.83420784225469
"vm(ID, ginv)_No_518274",1.00443139365903,0.853858826979026,1.17634363190076
"vm(ID, ginv)_No_518275",1.22255332382402,0.854733054649765,1.43033350257522
"vm(ID, ginv)_No_518276",0.661484058184963,0.846560179244564,0.78137865966628
"vm(ID, ginv)_No_518277",0.929558068955496,0.835116742421601,1.11308757415166
"vm(ID, ginv)_No_518278",1.08027300077089,0.858333747521855,1.25856987901246
"vm(ID, ginv)_No_518279",1.29888068053443,0.849311212017222,1.52933419711889
"vm(ID, ginv)_No_518280",0.221773570767893,0.845147802624341,0.262408030973097
"vm(ID, ginv)_No_518281",-0.187814011823324,0.866406397872092,-0.216773574484904
"vm(ID, ginv)_No_518282",1.1632661099939,0.863391861837811,1.34732114282127
"vm(ID, ginv)_No_518283",0.461197912719549,0.860936974331867,0.535693002472642
"vm(ID, ginv)_No_518284",0.387050307553174,0.85181575907602,0.454382656612287
"vm(ID, ginv)_No_518285",1.60684196018799,0.834475063557683,1.92557217148876
"vm(ID, ginv)_No_518286",1.16322814026036,0.860171463453383,1.35232124022143
"vm(ID, ginv)_No_518287",0.514251602310665,0.830840761629312,0.618953265246877
"vm(ID, ginv)_No_518288",0.288348069299486,0.84611040636228,0.340792486572992
"vm(ID, ginv)_No_518289",0.123109792470856,0.871558613247767,0.141252453477685
"vm(ID, ginv)_No_518290",0.672127208221732,0.834899553201838,0.805039607033117
"vm(ID, ginv)_No_518291",0.962886805704929,0.845899426206163,1.13829939573721
"vm(ID, ginv)_No_518292",0.0631035596136864,0.83899953723945,0.0752128658155346
"vm(ID, ginv)_No_518293",0.560422295998606,0.838571818761279,0.668305663820721
"vm(ID, ginv)_No_518294",-0.299571145977718,0.856809742663234,-0.349635550415844
"vm(ID, ginv)_No_518295",1.02848389063953,0.823104968515037,1.24951729120894
"vm(ID, ginv)_No_518296",1.04738966659453,0.857925126319508,1.22084041423035
"vm(ID, ginv)_No_518297",0.210252037115955,0.853354954259896,0.246382863386906
"vm(ID, ginv)_No_518298",-0.511656242672613,0.847866635734143,-0.603463116849249
"vm(ID, ginv)_No_518299",0.389657181046826,0.8615258019281,0.452287302568037
"vm(ID, ginv)_No_518300",0.39884881998351,0.827964176251851,0.481722315316922
"vm(ID, ginv)_No_518301",1.07980619965824,0.859452589859425,1.25638832484624
"vm(ID, ginv)_No_518302",0.171002667513663,0.859160413218779,0.199034621338074
"vm(ID, ginv)_No_518303",0.657398940292562,0.831692967579937,0.79043465066858
"vm(ID, ginv)_No_518304",0.0526064766015655,0.831090853186308,0.0632981056161047
"vm(ID, ginv)_No_518305",0.588928653339473,0.834922024293717,0.705369646749543
"vm(ID, ginv)_No_518306",0.0100559497003665,0.853169377059244,0.0117865806846325
"vm(ID, ginv)_No_518307",0.863151133826541,0.861559231997491,1.00184769864906
"vm(ID, ginv)_No_518308",0.540031294258847,0.828364285069183,0.651924888593844
"vm(ID, ginv)_No_518309",0.103103899298966,0.843250124420056,0.122269652044078
"vm(ID, ginv)_No_518310",1.19237261623384,0.849755972005661,1.40319415869418
"vm(ID, ginv)_No_518311",0.369066578684011,0.860610135487814,0.428842937661681
"vm(ID, ginv)_No_518312",-0.193565917469567,0.820261249835593,-0.235980814049626
"vm(ID, ginv)_No_518313",0.832694489219107,0.863577418067373,0.9642383783988
"vm(ID, ginv)_No_518314",-0.0206926724073081,0.823784979870638,-0.0251190212409039
"vm(ID, ginv)_No_518315",0.106674669458375,0.853710980763829,0.124954079146237
"vm(ID, ginv)_No_518316",0.727878863746516,0.844306457899046,0.862102684323597
"vm(ID, ginv)_No_518317",1.47275352303704,0.840930674271845,1.75133761687583
"vm(ID, ginv)_No_518318",0.61847705585448,0.857661485702611,0.721120239353891
"vm(ID, ginv)_No_518319",-0.0339784683336534,0.854044232344926,-0.0397853729898271
"vm(ID, ginv)_No_518320",0.223575898571056,0.842472661327262,0.26538059789243
"vm(ID, ginv)_No_518321",0.151300475988584,0.854514733562833,0.177060113823606
"vm(ID, ginv)_No_518322",0.388671597806487,0.853559589198917,0.455353794538543
"vm(ID, ginv)_No_518323",-0.447670494585719,0.831947807736866,-0.538099253850442
"vm(ID, ginv)_No_518324",0.580233923396052,0.840420585049652,0.690408985355555
"vm(ID, ginv)_No_518325",0.784439073423088,0.876295629199521,0.895176293575329
"vm(ID, ginv)_No_518326",0.387281677147593,0.831691382557467,0.465655512693535
"vm(ID, ginv)_No_518327",-0.0572465954786002,0.852666157355048,-0.0671383459807738
"vm(ID, ginv)_No_518328",0.520451694858319,0.822062814387025,0.633104533801831
"vm(ID, ginv)_No_518329",0.636470318390857,0.844872434852505,0.753333038379895
"vm(ID, ginv)_No_518330",0.514691632236592,0.858440557588824,0.599565837944855
"vm(ID, ginv)_No_518331",0.103629714436477,0.832452230701307,0.12448728060849
"vm(ID, ginv)_No_518332",0.706811409974945,0.820739474196469,0.861188516205994
"vm(ID, ginv)_No_518333",0.254917316511143,0.85475699487952,0.298233671134886
"vm(ID, ginv)_No_518334",0.834615013398961,0.856247351093701,0.974735877819525
"vm(ID, ginv)_No_518335",-0.249612562342952,0.861713337585924,-0.289670069448197
"vm(ID, ginv)_No_518336",-0.00893323264097828,0.854059186247293,-0.0104597348577569
"vm(ID, ginv)_No_518337",0.440290939191643,0.852497202467903,0.516472004737423
"vm(ID, ginv)_No_518338",0.788242311038294,0.81687245206322,0.964951516050501
"vm(ID, ginv)_No_518339",0.0926257537873083,0.839456328446396,0.110340169760508
"vm(ID, ginv)_No_518340",0.178035506791642,0.8477764694875,0.210002887788651
"vm(ID, ginv)_No_518341",0.700683358513326,0.846433958010287,0.827806294729033
"vm(ID, ginv)_No_518342",0.400725527213499,0.865306833114963,0.463102233656185
"vm(ID, ginv)_No_518343",-0.291227323922181,0.822402604055779,-0.354117706444457
"vm(ID, ginv)_No_518344",0.949424262671508,0.843680993524834,1.12533560665494
"vm(ID, ginv)_No_518345",0.321291890186724,0.840479077714038,0.382272323851992
"vm(ID, ginv)_No_518346",0.368152965008435,0.870269147118068,0.423033456060793
"vm(ID, ginv)_No_518347",-0.135393336859273,0.848716680896842,-0.159527130674752
"vm(ID, ginv)_No_518348",0.473637298459734,0.833177975304402,0.568470737943703
"vm(ID, ginv)_No_518349",0.358556961656199,0.854738271021404,0.419493280940524
"vm(ID, ginv)_No_518350",1.22619845612702,0.81545832023721,1.50369237237083
"vm(ID, ginv)_No_518351",-0.813921680247676,0.838115876474403,-0.971132635825369
"vm(ID, ginv)_No_518352",0.30934808715293,0.833991027815214,0.370924958225656
"vm(ID, ginv)_No_518353",0.918613702256391,0.857276059574218,1.07154946413952
"vm(ID, ginv)_No_518354",1.00779059556818,0.810358871964432,1.24363492575227
"vm(ID, ginv)_No_518355",-0.347139071797724,0.858891387442338,-0.404171094125717
"vm(ID, ginv)_No_518356",0.923296648843447,0.820781770294284,1.12489906849711
"vm(ID, ginv)_No_518357",0.800242821188637,0.839581660338409,0.953144713601872
"vm(ID, ginv)_No_518358",0.135990899630722,0.829430764337437,0.163956903309891
"vm(ID, ginv)_No_518359",-0.60719748218964,0.854907008465459,-0.710249741991877
"vm(ID, ginv)_No_518360",0.330347600723763,0.854441626987871,0.386623954509712
"vm(ID, ginv)_No_518361",0.0347186070425823,0.832510555289213,0.0417035037237709
"vm(ID, ginv)_No_518362",0.448757419628097,0.797833822802627,0.562469786066105
"vm(ID, ginv)_No_518363",0.31354879918997,0.860909964336314,0.364206261024855
"vm(ID, ginv)_No_518364",1.065919395884,0.844469892454785,1.26223493034842
"vm(ID, ginv)_No_518365",0.213517117574066,0.849780520978737,0.251261487293386
"vm(ID, ginv)_No_518366",-0.0515357137056839,0.833922620612633,-0.061799155499372
"vm(ID, ginv)_No_518367",1.22805566086038,0.850117939591818,1.4445709279468
"vm(ID, ginv)_No_518368",0.422926935232471,0.840405555767866,0.503241479461721
"vm(ID, ginv)_No_518369",1.12634812458902,0.819882166332951,1.3737926873404
"vm(ID, ginv)_No_518370",-0.142500533782218,0.851827571919296,-0.167288003440817
"vm(ID, ginv)_No_518371",0.51929507075162,0.830806351851134,0.62504947102844
"vm(ID, ginv)_No_518372",0.858068314962256,0.82767341222442,1.03672330449295
"vm(ID, ginv)_No_518373",-0.347396997227015,0.855290621573147,-0.406174215482502
"vm(ID, ginv)_No_518374",0.274219753644713,0.84146369921539,0.325884234697712
"vm(ID, ginv)_No_518375",1.18131256870146,0.847964651839707,1.39311534524292
"vm(ID, ginv)_No_518376",0.993315373692236,0.829269843404716,1.19781924013298
"vm(ID, ginv)_No_518377",0.921128253409086,0.834117821685939,1.10431431802677
"vm(ID, ginv)_No_518378",0.41915508695826,0.856954154237414,0.489121949973225
"vm(ID, ginv)_No_518379",0.921676913427784,0.862717043978716,1.06834207097284
"vm(ID, ginv)_No_518380",0.555539716687101,0.828973270054948,0.670153956411981
"vm(ID, ginv)_No_518381",0.979275875534908,0.839488753988211,1.16651458507645
"vm(ID, ginv)_No_518382",0.755885264042191,0.846061709679471,0.893416231220955
"vm(ID, ginv)_No_518383",0.24361111093911,0.839631417618392,0.290140537654143
"vm(ID, ginv)_No_518384",1.15222839095101,0.843986485939294,1.3652213751606
"vm(ID, ginv)_No_518385",0.219976352465439,0.855094906465604,0.25725372798053
"vm(ID, ginv)_No_518386",1.14904998998002,0.848804402877525,1.35372765042763
"vm(ID, ginv)_No_518387",0.85096364616609,0.839288180822112,1.01391115186746
"vm(ID, ginv)_No_518388",0.0760156642660732,0.847401132296457,0.0897044638824953
"vm(ID, ginv)_No_518389",0.168005799680066,0.852051897088348,0.197177895212932
"vm(ID, ginv)_No_518390",1.30775873453765,0.838905121366296,1.55888753236808
"vm(ID, ginv)_No_518391",0.331445516988704,0.843263827371488,0.393050794105378
"vm(ID, ginv)_No_518392",0.339996469456653,0.841632841382299,0.403972436363393
"vm(ID, ginv)_No_518393",1.12133094380403,0.823117348116445,1.36229778945856
"vm(ID, ginv)_No_518394",0.392989308090568,0.862108565377985,0.455846657686627
"vm(ID, ginv)_No_518395",0.436349596586038,0.864207586441259,0.504912943871382
"vm(ID, ginv)_No_518396",0.280100613444934,0.814810615448029,0.343761615441054
"vm(ID, ginv)_No_518397",-0.261288010515642,0.852953106707856,-0.306333382762547
"vm(ID, ginv)_No_518398",0.716963012719884,0.84780108883882,0.845673616321799
"vm(ID, ginv)_No_518399",0.729018781198416,0.844680899870501,0.863070043740994
"vm(ID, ginv)_No_518400",0.30461157038559,0.839501149765086,0.362848306367214
"vm(ID, ginv)_No_518401",0.0292134426739325,0.845475527794597,0.0345526768233436
"vm(ID, ginv)_No_518402",0.702394749928155,0.849435430338831,0.82689598860737
"vm(ID, ginv)_No_518403",1.6790344262627,0.830278204736465,2.02225521118627
"vm(ID, ginv)_No_518404",0.0422262782593055,0.814726876446548,0.0518287532669556
"vm(ID, ginv)_No_518405",0.391300911848434,0.820338237784178,0.476999478782533
"vm(ID, ginv)_No_518406",1.18565778295572,0.858137546233602,1.38166403295091
"vm(ID, ginv)_No_518407",0.960820538088383,0.855386002051105,1.12325959950766
"vm(ID, ginv)_No_518408",0.121752461427431,0.853881589089182,0.142587055375326
"vm(ID, ginv)_No_518409",1.13015026693651,0.84905991468012,1.33106067946016
"vm(ID, ginv)_No_518410",1.16031875987332,0.832643955453442,1.3935353187563
"vm(ID, ginv)_No_518411",1.20242576459824,0.826988560605686,1.45398113332739
"vm(ID, ginv)_No_518412",0.760138840860995,0.849131556063537,0.895195609482352
"vm(ID, ginv)_No_518413",0.44852041084552,0.829792272741241,0.540521315489985
"vm(ID, ginv)_No_518414",0.205435250006612,0.843295902920968,0.24360992303536
"vm(ID, ginv)_No_518415",0.734866427890445,0.85387021269035,0.860630125010508
"vm(ID, ginv)_No_518416",0.310218524001099,0.86534194812056,0.358492414096952
"vm(ID, ginv)_No_518417",0.535908798649303,0.842964544703495,0.635742988262696
"vm(ID, ginv)_No_518418",0.362207031959294,0.837847809703359,0.432306473519975
"vm(ID, ginv)_No_518419",1.50852078378643,0.854689995189531,1.76499174235907
"vm(ID, ginv)_No_518420",0.389801971554124,0.853987060363957,0.456449505672833
"vm(ID, ginv)_No_518421",0.398812649212412,0.847956314218838,0.470322164626853
"vm(ID, ginv)_No_518422",0.580789518389392,0.829210956438964,0.700412258038154
"vm(ID, ginv)_No_518423",0.186402140434361,0.837607376131402,0.2225411878478
"vm(ID, ginv)_No_518424",0.270788101950885,0.83259763895204,0.325232848716358
"vm(ID, ginv)_No_518425",0.209976245278802,0.845625267026969,0.248308859096692
"vm(ID, ginv)_No_518426",0.762348040917425,0.844434277403157,0.902791444304976
"vm(ID, ginv)_No_518427",1.18412191436523,0.848815359337555,1.39502884972459
"vm(ID, ginv)_No_518428",1.00732415740918,0.862450519663314,1.16797907177611
"vm(ID, ginv)_No_518429",-0.216807122034374,0.847708779971688,-0.255756607878492
"vm(ID, ginv)_No_518430",0.504928883236293,0.854435028627833,0.590950588773468
"vm(ID, ginv)_No_518431",-0.154202916744898,0.871434281224594,-0.176953007320532
"vm(ID, ginv)_No_518432",1.86473433446076,0.84423511587117,2.20878556151568
"vm(ID, ginv)_No_518433",0.545626997697392,0.836187978429233,0.65251715137348
"vm(ID, ginv)_No_518434",0.800077894302647,0.860349417592464,0.929945296576737
"vm(ID, ginv)_No_518435",1.10024411020434,0.838744346129382,1.31177529277153
"vm(ID, ginv)_No_518436",0.318011799515845,0.849157958667915,0.374502524847926
"vm(ID, ginv)_No_518437",1.60673213237363,0.838172152019788,1.91694764434943
"vm(ID, ginv)_No_518438",-0.0471272141163113,0.824658063944086,-0.0571475817394137
"vm(ID, ginv)_No_518439",0.344454176502903,0.851464710679311,0.404543103410701
"vm(ID, ginv)_No_518440",0.928508256724876,0.812813695635991,1.14233835097766
"vm(ID, ginv)_No_518441",0.603693996224188,0.835075311572263,0.722921618994537
"vm(ID, ginv)_No_518442",0.889551292542928,0.851056425245805,1.04523186260653
"vm(ID, ginv)_No_518443",0.996654543019739,0.869356105245449,1.14642841639486
"vm(ID, ginv)_No_518444",0.603556143078029,0.851363212255392,0.7089290850131
"vm(ID, ginv)_No_518445",0.316708110170432,0.84374081423798,0.375361846702255
"vm(ID, ginv)_No_518446",0.602450444093159,0.849637632698007,0.709067514088435
"vm(ID, ginv)_No_518447",0.899369699906655,0.864219915498665,1.04067226845578
"vm(ID, ginv)_No_518448",-0.366571317855608,0.851490558148615,-0.430505440544918
"vm(ID, ginv)_No_518449",0.72613177195551,0.848464001801706,0.855819186687444
"vm(ID, ginv)_No_518450",-0.00460524418155801,0.828001851723896,-0.00556187666968367
"vm(ID, ginv)_No_518451",0.70893977566613,0.861715703384325,0.822707272110536
"vm(ID, ginv)_No_518452",1.26248854656258,0.844583539312375,1.49480600532476
"vm(ID, ginv)_No_518453",0.820936631562689,0.861080409733272,0.953379756737216
"vm(ID, ginv)_No_518454",1.40848991576776,0.848676336735688,1.6596314222514
"vm(ID, ginv)_No_518455",1.27491471262475,0.833402992292647,1.52976978054462
"vm(ID, ginv)_No_518456",-0.404111961077016,0.813667313029538,-0.496655026699279
"vm(ID, ginv)_No_518457",0.429600872067918,0.817608205011803,0.525436106725123
"vm(ID, ginv)_No_518458",0.0908932317261867,0.837542744765103,0.108523693022592
"vm(ID, ginv)_No_518459",1.11509961505681,0.852412576994512,1.30816889045501
"vm(ID, ginv)_No_518460",0.390823661265077,0.832537031381266,0.46943696980861
"vm(ID, ginv)_No_518461",0.245580524820617,0.862285674948632,0.284801814474358
"vm(ID, ginv)_No_518462",-0.182587278766897,0.854447302473952,-0.213690508751373
"vm(ID, ginv)_No_518463",-0.373825303558939,0.840926553263032,-0.444539778305718
"vm(ID, ginv)_No_518464",0.85146926820185,0.812603286683187,1.04782897405855
"vm(ID, ginv)_No_518465",0.458553652802282,0.855559040315505,0.535969618920958
"vm(ID, ginv)_No_518466",0.991706992020686,0.872897493891261,1.1361093358165
"vm(ID, ginv)_No_518467",0.962957418068401,0.82771511979918,1.16339232549241
"vm(ID, ginv)_No_518468",0.600267153160731,0.863232667920493,0.695371219681433
"vm(ID, ginv)_No_518469",0.672761833922213,0.870209320289406,0.773103457106702
"vm(ID, ginv)_No_518470",-0.0418290356624202,0.853385726818544,-0.0490153916897116
"vm(ID, ginv)_No_518471",0.636555568847346,0.843139486294316,0.754982513800975
"vm(ID, ginv)_No_518472",-0.50812192070741,0.849043861404649,-0.598463688161857
"vm(ID, ginv)_No_518473",1.39258975968398,0.82788443980771,1.68210645438322
"vm(ID, ginv)_No_518474",0.775363944844188,0.844998763020656,0.917591810516336
"vm(ID, ginv)_No_518475",-0.326223031774766,0.831376736122888,-0.392388934643639
"vm(ID, ginv)_No_518476",0.311557271743471,0.856676602893713,0.363681312984482
"vm(ID, ginv)_No_518477",-0.232282012934337,0.845619214210108,-0.274688664863548
"vm(ID, ginv)_No_518478",0.605363887268772,0.846153560658191,0.715430289979376
"vm(ID, ginv)_No_518479",0.773175624517408,0.825490527520215,0.936625677389707
"vm(ID, ginv)_No_518480",1.37153663691168,0.847883867052119,1.61759963859222
"vm(ID, ginv)_No_518481",0.581230543911356,0.824438054226383,0.705002081031737
"vm(ID, ginv)_No_518482",1.74223851427987,0.829181225856931,2.10115528421344
"vm(ID, ginv)_No_518483",0.327341504931055,0.839966166698289,0.38970796433118
"vm(ID, ginv)_No_518484",0.632272767523161,0.859649828549957,0.735500370644717
"vm(ID, ginv)_No_518485",0.673446351889171,0.7770179321813,0.866706319117533
"vm(ID, ginv)_No_518486",0.368677182555907,0.845572732515169,0.436008835643589
"vm(ID, ginv)_No_518487",0.972396742718969,0.848546785067063,1.14595536726018
"vm(ID, ginv)_No_518488",0.38318382785941,0.850265077123501,0.450663961356315
"vm(ID, ginv)_No_518489",0.701544320564803,0.845596715307259,0.829644093768608
"vm(ID, ginv)_No_518490",0.356958408347763,0.841267135731407,0.424310416021921
"vm(ID, ginv)_No_518491",0.234623839519573,0.863898244368885,0.271587355396208
"vm(ID, ginv)_No_518492",0.543847242823784,0.819396132978892,0.66371712159129
"vm(ID, ginv)_No_518493",0.612675984467044,0.842733591983282,0.727010279755406
"vm(ID, ginv)_No_518494",0.703421174077987,0.853329981890025,0.824324925886223
"vm(ID, ginv)_No_518495",0.457616373202241,0.822629410617068,0.556284965375813
"vm(ID, ginv)_No_518496",0.238713573490668,0.852883927834294,0.279889872115221
"vm(ID, ginv)_No_518497",0.832832396202106,0.846676920796337,0.983648397335303
"vm(ID, ginv)_No_518498",1.45620246496081,0.843314254128448,1.72676135596187
"vm(ID, ginv)_No_518499",0.436627233160149,0.865842261563424,0.504280343594854
"vm(ID, ginv)_No_518500",1.26091971074175,0.858213065239048,1.46923853972152
"vm(ID, ginv)_Nr_500529",-0.171156593385005,0.947592094075924,-0.180622648136289
"vm(ID, ginv)_Nr_502259",-0.434394664511978,0.944345446923458,-0.459995508981563
"vm(ID, ginv)_Nr_502123",-0.387228886389589,0.943379028916531,-0.410470102175496
"vm(ID, ginv)_Nr_504475",-0.302576552660025,0.936367443940994,-0.323138693701841
"vm(ID, ginv)_Nr_502831",-0.556967482179449,0.93371502891074,-0.596506926561094
"vm(ID, ginv)_Nr_501428",-0.0334898767389248,0.921413741701118,-0.0363461876280417
"vm(ID, ginv)_Nr_500075",-0.497971477300214,0.935028358722786,-0.532573662236752
"vm(ID, ginv)_Nr_501680",0.3051827455603,0.902894171096539,0.338005001394199
"vm(ID, ginv)_Nr_503942",-0.712280255630164,0.92444138049907,-0.770498022541604
"vm(ID, ginv)_Nr_504316",-0.600749515124914,0.944479339643707,-0.636064220686436
"vm(ID, ginv)_Nr_500486",-0.506512875832027,0.944668579199396,-0.536180504978048
"vm(ID, ginv)_Nr_504874",-0.684995378293017,0.947249122254439,-0.723141739802026
"vm(ID, ginv)_Nr_501782",-0.336821850566892,0.940188006668384,-0.358249465189885
"vm(ID, ginv)_Nr_501021",-0.0103168111776929,0.926571331323218,-0.0111343949774052
"vm(ID, ginv)_Nr_501209",-0.267545639702227,0.935867539992944,-0.285879815539113
"vm(ID, ginv)_Nr_503836",-0.28220844360477,0.938330062276692,-0.300756050509605
"vm(ID, ginv)_Nr_503943",-1.22108080208123,0.936811884015935,-1.30344290344256
"vm(ID, ginv)_Nr_502428",-0.0653308206770302,0.943098428768372,-0.0692725368680216
"vm(ID, ginv)_Nr_501311",0.20029687322424,0.94622372817351,0.21168024776854
"vm(ID, ginv)_Nr_504294",-0.211563643029973,0.952625352850754,-0.222084833661904
"vm(ID, ginv)_Nr_502088",-0.7350666909525,0.9417500545829,-0.780532676770654
"vm(ID, ginv)_Nr_500916",-0.137672576496609,0.932547249670567,-0.14763067130941
"vm(ID, ginv)_Nr_504046",-0.819486673838061,0.942808446991948,-0.869197424410708
"vm(ID, ginv)_Nr_500089",0.3431893003731,0.941604285501705,0.364472959243427
"vm(ID, ginv)_Nr_503834",-0.567968687646634,0.936412379215417,-0.606536927803659
"vm(ID, ginv)_Nr_501885",0.00691039735496387,0.942711299156523,0.0073303431932415
"vm(ID, ginv)_Nr_504961",-1.59681346855218,0.933810107236638,-1.70999805654013
"vm(ID, ginv)_Nr_504172",-0.654209510938383,0.925726703541035,-0.706698325149247
"vm(ID, ginv)_Nr_504672",-0.0409797162652434,0.940440219769736,-0.0435750358223484
"vm(ID, ginv)_Nr_501210",-0.673302928233815,0.935975679311877,-0.719359426869748
"vm(ID, ginv)_Nr_501590",-1.17062030472728,0.940738983512494,-1.24436249081171
"vm(ID, ginv)_Nr_503473",-0.0905142990120153,0.948413209434604,-0.0954376195012882
"vm(ID, ginv)_Nr_501979",-0.152022797990024,0.943535625095385,-0.161120358306191
"vm(ID, ginv)_Nr_503894",-0.414710286242446,0.939789068666851,-0.441280176657873
"vm(ID, ginv)_Nr_503266",-0.885425345776202,0.958846643583865,-0.923427486241973
"vm(ID, ginv)_Nr_503258",1.08974199214145,0.827898455337736,1.31627494303864
"vm(ID, ginv)_Nr_503416",-0.844683803744395,0.925049623384565,-0.913122693519804
"vm(ID, ginv)_Nr_502227",-0.225022666629667,0.936970773430715,-0.240159749920211
"vm(ID, ginv)_Nr_504825",-0.398463273379689,0.938138939989637,-0.424738017360297
"vm(ID, ginv)_Nr_500466",-0.425496002233625,0.933519571708762,-0.455797623455044
"vm(ID, ginv)_Nr_503496",-0.165196932892813,0.944017925816307,-0.174993427958441
"vm(ID, ginv)_Nr_502918",-0.810368165223907,0.945440172387727,-0.857133205136933
"vm(ID, ginv)_Nr_503459",-0.201234987221153,0.931721720129482,-0.215981856893051
"vm(ID, ginv)_Nr_500090",-0.826203691692689,0.929635401267319,-0.888739489230264
"vm(ID, ginv)_Nr_503300",0.0814816142343916,0.947518545554278,0.0859947434450759
"vm(ID, ginv)_Nr_502650",-0.674879771418619,0.936535300106616,-0.720613276767881
"vm(ID, ginv)_Nr_502755",0.233568804978195,0.938957805097816,0.248753249304811
"vm(ID, ginv)_Nr_501987",-0.300915155197003,0.936955906229302,-0.32116255759357
"vm(ID, ginv)_Nr_502059",-0.521778835525806,0.942823042353979,-0.553421810972144
"vm(ID, ginv)_Nr_503866",0.561461232457334,0.957282933429981,0.586515452067653
"vm(ID, ginv)_Nr_503998",-1.06576576003739,0.94282918684269,-1.13039114073927
"vm(ID, ginv)_Nr_504723",-0.150121076066799,0.929107759704228,-0.161575527164457
"vm(ID, ginv)_Nr_502592",-0.436666863576255,0.901039204810611,-0.484625820102953
"vm(ID, ginv)_Nr_502900",-0.638310466173204,0.933942660255587,-0.683457875238851
"vm(ID, ginv)_Nr_504382",-0.609484238897778,0.931896715091719,-0.654025525605369
"vm(ID, ginv)_Nr_501432",-0.869694322588079,0.925500428240287,-0.93970169656397
"vm(ID, ginv)_Nr_501342",-0.431293846364119,0.949178214117026,-0.454386584046633
"vm(ID, ginv)_Nr_502994",-1.09953985566278,0.93763783300171,-1.17267010455707
"vm(ID, ginv)_Nr_503819",-0.0940967859620099,0.928755472794121,-0.101314919500742
"vm(ID, ginv)_Nr_500775",-0.62540945998335,0.939415568608244,-0.665743128900772
"vm(ID, ginv)_Nr_501292",-0.26524516679331,0.920460820718642,-0.288165624025389
"vm(ID, ginv)_Nr_503825",0.349260359516272,0.933077937220552,0.374309953739392
"vm(ID, ginv)_Nr_503517",-0.234146940840648,0.945968963574378,-0.247520743128734
"vm(ID, ginv)_Nr_503843",0.0130905955768065,0.933958095519511,0.0140162558037734
"vm(ID, ginv)_Nr_502469",-0.574217224856484,0.936650398978989,-0.61305394785762
"vm(ID, ginv)_Nr_501958",-0.0276707487837977,0.931603421059672,-0.0297022833517754
"vm(ID, ginv)_Nr_502005",-0.99968696438768,0.940598979516712,-1.06281952899984
"vm(ID, ginv)_Nr_503601",-1.29505397848398,0.945314199051183,-1.36997199426798
"vm(ID, ginv)_Nr_500427",-0.278570132749972,0.946382930584449,-0.294352448408952
"vm(ID, ginv)_Nr_504462",-0.192960645789119,0.941028827672152,-0.205052852914666
"vm(ID, ginv)_Nr_500653",0.35563120066269,0.947252409876569,0.375434463881734
"vm(ID, ginv)_Nr_503040",-0.483396575922161,0.942368237802375,-0.512959325803948
"vm(ID, ginv)_Nr_504877",-0.67083019099907,0.944309005651649,-0.710392664884248
"vm(ID, ginv)_Nr_502647",-0.633266317396802,0.92217781930809,-0.686707383476152
"vm(ID, ginv)_Nr_500519",0.26529778599735,0.935741926412442,0.283515976477061
"vm(ID, ginv)_Nr_502270",-0.297300689743669,0.941557184138756,-0.315754257682831
"vm(ID, ginv)_Nr_504193",-0.200356768283189,0.934822590113697,-0.21432598056795
"vm(ID, ginv)_Nr_500440",-0.727306926844195,0.937384140138091,-0.775889942768876
"vm(ID, ginv)_Nr_502004",-0.633715807358565,0.93562731335299,-0.677316489497864
"vm(ID, ginv)_Nr_501552",-0.853822230645021,0.944052156021339,-0.904422732578052
"vm(ID, ginv)_Nr_502475",-0.278217423126005,0.924331283305762,-0.300993191673654
"vm(ID, ginv)_Nr_502837",-0.359796249321219,0.932815738809177,-0.385709882833378
"vm(ID, ginv)_Nr_503487",-0.801963871048263,0.941252351814802,-0.852017920063646
"vm(ID, ginv)_Nr_501775",-0.22775629794727,0.939991772202484,-0.24229605479803
"vm(ID, ginv)_Nr_502962",-0.468077331584252,0.940285989830377,-0.497803154196406
"vm(ID, ginv)_Nr_504843",-0.291323807463256,0.931678763897613,-0.312686967603001
"vm(ID, ginv)_Nr_503005",-0.844344802448584,0.935807544274094,-0.902263299344891
"vm(ID, ginv)_Nr_500157",0.42180640188417,0.783399422476872,0.538430830789415
"vm(ID, ginv)_Nr_504281",-1.11791527970416,0.936464151499865,-1.19376195865445
"vm(ID, ginv)_Nr_503719",-0.719806522640017,0.941391179720773,-0.76461999872733
"vm(ID, ginv)_Nr_500408",0.00533690405918435,0.938035722209399,0.00568944650275588
"vm(ID, ginv)_Nr_504622",-0.75217996442084,0.93390761968585,-0.805411529540642
"vm(ID, ginv)_Nr_503641",-0.048854461832272,0.933262408356269,-0.0523480442315447
"vm(ID, ginv)_Nr_504112",-0.114436638989061,0.938574633513968,-0.121925987452502
"vm(ID, ginv)_Nr_502275",-0.979749756292464,0.926701126950426,-1.05724459353644
"vm(ID, ginv)_Nr_500947",-0.48142058380946,0.930323294429169,-0.517476652140427
"vm(ID, ginv)_Nr_503021",-0.534229734154349,0.938098938198899,-0.569481226767021
"vm(ID, ginv)_Nr_500135",-0.00928243187557172,0.939269894752912,-0.009882603421473
"vm(ID, ginv)_Nr_501667",-0.0664723985945442,0.918338226667931,-0.0723833514322175
"vm(ID, ginv)_Nr_500771",-0.222225613694286,0.932403243171194,-0.238336380017807
"vm(ID, ginv)_Nr_504543",0.349714650942316,0.946021710232188,0.369668737154545
"vm(ID, ginv)_Nr_502051",-1.11022155091561,0.943034905844223,-1.17728574418114
"vm(ID, ginv)_Nr_502032",-0.987221242657749,0.944687822718397,-1.04502378343034
"vm(ID, ginv)_Nr_500461",-1.30701373514453,0.942897160307117,-1.38616785601392
"vm(ID, ginv)_Nr_504106",-0.931033844326238,0.946155008877985,-0.984018301007909
"vm(ID, ginv)_Nr_504590",-0.11762707921069,0.937583671654893,-0.125457687422256
"vm(ID, ginv)_Nr_503740",-0.653195837674178,0.935857197802044,-0.697965287020579
"vm(ID, ginv)_Nr_500443",-0.59629917945046,0.942237755066879,-0.632854262359859
"vm(ID, ginv)_Nr_504511",-0.296250162972208,0.941676172982563,-0.314598767041006
"vm(ID, ginv)_Nr_503599",-0.480602130735804,0.930906843054093,-0.516273066764723
"vm(ID, ginv)_Nr_502325",-0.654962434150353,0.951078965459794,-0.688652002553452
"vm(ID, ginv)_Nr_503773",0.0349822701325081,0.947020723634648,0.0369392868175543
"vm(ID, ginv)_Nr_503154",-0.24008322809501,0.939423411856208,-0.255564450560827
"vm(ID, ginv)_Nr_500787",0.0039228223750934,0.948397156020771,0.00413626543499197
"vm(ID, ginv)_Nr_502450",-0.778722408458055,0.938340281355816,-0.829893402138584
"vm(ID, ginv)_Nr_504842",-0.187325645393731,0.92582617530094,-0.202333494549169
"vm(ID, ginv)_Nr_504439",-0.256926318453244,0.93282633583674,-0.275427813927211
"vm(ID, ginv)_Nr_504784",-0.91823228546991,0.945168403628659,-0.971501249877443
"vm(ID, ginv)_Nr_502244",-0.13599192125093,0.930166627697094,-0.146201677421623
"vm(ID, ginv)_Nr_503100",-0.0342729285663881,0.943710523131927,-0.0363172050393645
"vm(ID, ginv)_Nr_500503",-0.660256707196281,0.935895459660217,-0.705481259024369
"vm(ID, ginv)_Nr_503564",-0.407308262385634,0.93214234204369,-0.436959296895176
"vm(ID, ginv)_Nr_500281",0.159287222574805,0.905534603959042,0.175904070234746
"vm(ID, ginv)_Nr_502472",-0.756598990727849,0.933950531225358,-0.81010606604097
"vm(ID, ginv)_Nr_502212",-0.153334177263463,0.933302672443211,-0.164292015645967
"vm(ID, ginv)_Nr_503881",-0.884583343391309,0.929024650681454,-0.952163478915714
"vm(ID, ginv)_Nr_501856",-0.455750275235806,0.9333372136805,-0.488301836201956
"vm(ID, ginv)_Nr_502117",-0.226171528309592,0.931285316491093,-0.242859545087389
"vm(ID, ginv)_Nr_501464",0.0155174464026594,0.943248319404088,0.0164510724095038
"vm(ID, ginv)_Nr_504417",0.420084585162288,0.946851664728934,0.443664621197609
"vm(ID, ginv)_Nr_500193",-0.442435194472077,0.942477115564472,-0.469438660276746
"vm(ID, ginv)_Nr_504537",-0.467127175347502,0.94697285635759,-0.493284651414663
"vm(ID, ginv)_Nr_503121",0.190185806012384,0.938936322264414,0.202554530592359
"vm(ID, ginv)_Nr_504681",-0.0284155803367385,0.939926375035168,-0.0302317086651338
"vm(ID, ginv)_Nr_502963",-0.84024480952387,0.936332204780592,-0.897378948661455
"vm(ID, ginv)_Nr_501266",-0.240422131119943,0.929333597669897,-0.258703797778053
"vm(ID, ginv)_Nr_502654",-0.140003094421528,0.939809287165339,-0.148969686013432
"vm(ID, ginv)_Nr_504775",-0.574526110076717,0.933218724801671,-0.615639286705071
"vm(ID, ginv)_Nr_500634",-1.47453385686817,0.926481958874045,-1.59154082035248
"vm(ID, ginv)_Nr_502437",-0.673300707947118,0.948534448656183,-0.70983263591639
"vm(ID, ginv)_Nr_504017",-0.562098821395773,0.92390227415194,-0.608396404167021
"vm(ID, ginv)_Nr_502408",-0.664468216840727,0.940349959330306,-0.706618009867247
"vm(ID, ginv)_Nr_501124",0.305523434152177,0.922299256690282,0.331262799938237
"vm(ID, ginv)_Nr_504049",0.243303019500439,0.948182481893703,0.256599361564364
"vm(ID, ginv)_Nr_500136",0.0964704631339532,0.929789131558856,0.10375520627157
"vm(ID, ginv)_Nr_504256",-0.124352002317689,0.919352638605191,-0.135260396387562
"vm(ID, ginv)_Nr_500570",1.17333890185478,0.771739868525048,1.52038134831271
"vm(ID, ginv)_Nr_504794",-0.591945923486327,0.92661950283438,-0.638823078594461
"vm(ID, ginv)_Nr_503050",-0.0771770838100021,0.928361248577135,-0.0831325994361446
"vm(ID, ginv)_Nr_500459",-1.28376891622492,0.936998763478662,-1.37008603027272
"vm(ID, ginv)_Nr_500694",0.353165796037338,0.936505647797291,0.377110161447507
"vm(ID, ginv)_Nr_501384",-0.315247138325027,0.92779983411677,-0.33977925704754
"vm(ID, ginv)_Nr_504890",-0.256167627795052,0.938899442892371,-0.272838193412814
"vm(ID, ginv)_Nr_503645",-0.749057644560238,0.928969135549482,-0.806332111472329
"vm(ID, ginv)_Nr_502231",-0.504739521615577,0.938240774105275,-0.537963746136386
"vm(ID, ginv)_Nr_501696",-1.12161029634894,0.937174393303814,-1.19679998126596
"vm(ID, ginv)_Nr_501388",-0.409256327901453,0.945172079150965,-0.432996633024837
"vm(ID, ginv)_Nr_501385",-0.890567940856199,0.939751760539623,-0.947662966169724
"vm(ID, ginv)_Nr_502892",-0.920223806027411,0.938383627066301,-0.980647764394969
"vm(ID, ginv)_Nr_502371",-0.128163330681204,0.940571609673921,-0.136261109056477
"vm(ID, ginv)_Nr_502614",-0.386586638575565,0.934065450491371,-0.413875321447976
"vm(ID, ginv)_Nr_501066",0.511490199373385,0.984603763997769,0.519488364838857
"vm(ID, ginv)_Nr_504516",-1.04566656589365,0.935027538082086,-1.11832702600237
"vm(ID, ginv)_Nr_500901",-0.404737724882991,0.939518721646067,-0.430792612811246
"vm(ID, ginv)_Nr_503962",-0.812581819999159,0.936671352208929,-0.86752073508266
"vm(ID, ginv)_Nr_501461",-0.667305430902045,0.945320767783619,-0.705903703423967
"vm(ID, ginv)_Nr_500709",-0.073103436087232,0.944453842369165,-0.0774028679938999
"vm(ID, ginv)_Nr_504305",-0.179235325265289,0.949305555082814,-0.188806780183281
"vm(ID, ginv)_Nr_504277",-0.364999890419067,0.937528246081618,-0.389321486520089
"vm(ID, ginv)_Nr_504369",-0.0424888855991941,0.943495279724893,-0.0450334903758958
"vm(ID, ginv)_Nr_502234",-0.974627907959208,0.936370099720437,-1.04085757143483
"vm(ID, ginv)_Nr_504312",-1.79142402644488,0.9358440414475,-1.91423351232117
"vm(ID, ginv)_Nr_501421",-0.553204566651306,0.939487706847378,-0.588836407990569
"vm(ID, ginv)_Nr_501152",-0.233537427025726,0.95251623606255,-0.245179471156426
"vm(ID, ginv)_Nr_501478",0.15412699845233,0.926884193171277,0.166285065154682
"vm(ID, ginv)_Nr_502946",-0.671052028562511,0.952270045633027,-0.704686692225444
"vm(ID, ginv)_Nr_504674",-0.107218241558458,0.947594220015768,-0.113147842498104
"vm(ID, ginv)_Nr_502203",-0.0531682823707978,0.945779113816179,-0.0562163845596738
"vm(ID, ginv)_Nr_504264",-0.0913504054266932,0.944972157084283,-0.0966699439151259
"vm(ID, ginv)_Nr_501339",-1.088250654755,0.931669187388908,-1.16806552098704
"vm(ID, ginv)_Nr_502406",-0.504665560226448,0.960584589881702,-0.525373366950014
"vm(ID, ginv)_Nr_501746",-1.25351030357383,0.93868788116315,-1.33538562575302
"vm(ID, ginv)_Nr_504788",-0.477401190468243,0.921020504103419,-0.518339372838367
"vm(ID, ginv)_Nr_504381",-0.606505324067885,0.94493819938265,-0.641846550879337
"vm(ID, ginv)_Nr_501722",-0.047790533420932,0.941110903267577,-0.0507809794307995
"vm(ID, ginv)_Nr_501165",-0.486271429306873,0.930643313584052,-0.522511065420076
"vm(ID, ginv)_Nr_503225",-0.175448700745321,0.93814559637687,-0.187016494479008
"vm(ID, ginv)_Nr_500337",-0.600546241986962,0.935985253563638,-0.641619341437767
"vm(ID, ginv)_Nr_503981",-0.183156126983839,0.940372184262397,-0.194769826297555
"vm(ID, ginv)_Nr_504343",0.0588249183757102,0.93598855823079,0.0628479032766185
"vm(ID, ginv)_Nr_501407",-0.853511215074711,0.943841802522532,-0.904294779902308
"vm(ID, ginv)_Nr_502279",0.17920475068784,0.945346587199682,0.18956513210534
"vm(ID, ginv)_Nr_501861",-0.310118069704129,0.935854689929713,-0.331374168491286
"vm(ID, ginv)_Nr_504952",-0.6415148977526,0.920182763265277,-0.697160307020073
"vm(ID, ginv)_Nr_500549",0.263050411732131,0.934503834941751,0.281486711874786
"vm(ID, ginv)_Nr_504725",0.00727079515420983,0.935989382006226,0.00776803166145476
"vm(ID, ginv)_Nr_504533",0.966975185339844,0.77083724584634,1.25444792730294
"vm(ID, ginv)_Nr_504863",-0.68138621242351,0.929503691452122,-0.733064557666265
"vm(ID, ginv)_Nr_500922",-0.115805964652634,0.946992336230179,-0.122288175122555
"vm(ID, ginv)_Nr_504402",-0.0651257914725283,0.935913916731379,-0.0695852367490977
"vm(ID, ginv)_Nr_502808",-1.02607917810578,0.92233587385614,-1.11247887802076
"vm(ID, ginv)_Nr_504930",-0.143185591183954,0.919926381982168,-0.155648967122164
"vm(ID, ginv)_Nr_501829",-0.525168672960657,0.93588844034966,-0.561144523555016
"vm(ID, ginv)_Nr_503227",-0.312185365417614,0.936252367297302,-0.333441469759703
"vm(ID, ginv)_Nr_500127",-0.135761064839451,0.931397717760352,-0.145760572793654
"vm(ID, ginv)_Nr_500124",-0.726938656062947,0.937503352628618,-0.775398460202538
"vm(ID, ginv)_Nr_500181",0.0920523037462012,0.92930797545551,0.0990546795867976
"vm(ID, ginv)_Nr_503954",-0.381852066294747,0.947477560173306,-0.403019641145803
"vm(ID, ginv)_Nr_500123",0.260885825943981,0.94485133964162,0.276113093137947
"vm(ID, ginv)_Nr_502782",-1.44595231704551,0.941099442168847,-1.53645008407739
"vm(ID, ginv)_Nr_504971",-0.360662475346787,0.933387441798339,-0.386401679726808
"vm(ID, ginv)_Nr_504306",-0.166916130464072,0.944731518457947,-0.176681022282948
"vm(ID, ginv)_Nr_501781",-0.150179679791832,0.93585962663743,-0.160472442145444
"vm(ID, ginv)_Nr_503089",0.0728969569957726,0.935424365892283,0.0779292903347003
"vm(ID, ginv)_Nr_502460",-0.331502626034614,0.942572306271747,-0.351699942623862
"vm(ID, ginv)_Nr_504479",-0.326477076717539,0.931427706754899,-0.350512524321386
"vm(ID, ginv)_Nr_504888",-0.295125805688266,0.942388959078245,-0.313167724266347
"vm(ID, ginv)_Nr_502689",-0.635136985768885,0.950209043306541,-0.668418165710918
"vm(ID, ginv)_Nr_500010",-0.265179624755454,0.940602594541072,-0.281925253337024
"vm(ID, ginv)_Nr_501318",-0.0251098338105291,0.942085582504595,-0.0266534530162037
"vm(ID, ginv)_Nr_501765",-0.567519585600594,0.940866140316479,-0.603188446562332
"vm(ID, ginv)_Nr_501413",-0.153767334448248,0.934974846735308,-0.164461466514489
"vm(ID, ginv)_Nr_504611",-0.222041069506358,0.942081278683842,-0.235692051769213
"vm(ID, ginv)_Nr_500616",0.739783758227358,0.91818813434031,0.805699540823264
"vm(ID, ginv)_Nr_501411",-0.514823366343103,0.933661734689797,-0.551402448247651
"vm(ID, ginv)_Nr_503581",0.214666907137345,0.929261863852266,0.231007981159843
"vm(ID, ginv)_Nr_504467",-1.36988925308167,0.941942908085423,-1.4543230182242
"vm(ID, ginv)_Nr_500593",-0.202131010916845,0.940204717056189,-0.214986169767073
"vm(ID, ginv)_Nr_504290",-0.897192934245763,0.931764174673324,-0.962897006166091
"vm(ID, ginv)_Nr_501719",-0.509689798168608,0.934706987113868,-0.54529366442675
"vm(ID, ginv)_Nr_504099",0.0645213159818566,0.933690045768141,0.069103570584578
"vm(ID, ginv)_Nr_500506",-0.659876367599137,0.944277676250493,-0.698816020113228
"vm(ID, ginv)_Nr_501315",0.177891238747304,0.939283741322689,0.189390309787328
"vm(ID, ginv)_Nr_504635",-0.614299559996825,0.947152726969505,-0.648574978992382
"vm(ID, ginv)_Nr_503139",0.66614855689265,0.751245670107199,0.886725319558373
"vm(ID, ginv)_Nr_501242",-0.621165540844199,0.942290679938814,-0.659207985464245
"vm(ID, ginv)_Nr_504464",0.0619275305424491,0.947577881579241,0.0653534994287121
"vm(ID, ginv)_Nr_502214",-0.135057003588183,0.932411945381294,-0.144846925500245
"vm(ID, ginv)_Nr_501048",-0.442511770949475,0.945409122830107,-0.468063783460016
"vm(ID, ginv)_Nr_501901",0.3572667964388,0.922753950168538,0.387174496921466
"vm(ID, ginv)_Nr_500336",1.1885225588421,0.75051465880543,1.58361005331173
"vm(ID, ginv)_Nr_501313",-1.21336405001474,0.944918187920062,-1.28409429041214
"vm(ID, ginv)_Nr_504967",-0.534507822854688,0.950556254075038,-0.562310563486644
"vm(ID, ginv)_Nr_502296",-0.888484855581956,0.943871030585346,-0.941320187601221
"vm(ID, ginv)_Nr_501858",-0.221851027307099,0.943269649980341,-0.235193645116985
"vm(ID, ginv)_Nr_500904",0.167328081129338,0.917189919800617,0.182435586694752
"vm(ID, ginv)_Nr_500543",-0.4716209724861,0.908852538640412,-0.518919134221286
"vm(ID, ginv)_Nr_502047",-0.414633174493923,0.932081383920751,-0.444846535556573
"vm(ID, ginv)_Nr_503906",0.254529261201119,0.946933056657737,0.268793300024288
"vm(ID, ginv)_Nr_501111",-0.392271463002344,0.940486252333207,-0.417094308427345
"vm(ID, ginv)_Nr_500812",-0.827659553973866,0.925445183219909,-0.894336659783763
"vm(ID, ginv)_Nr_503558",-0.844475585963395,0.935810014065691,-0.902400672434048
"vm(ID, ginv)_Nr_500647",-0.795859358108039,0.945446241178784,-0.841781714754887
"vm(ID, ginv)_Nr_503068",0.0409672893416173,0.936342069449387,0.043752481788742
"vm(ID, ginv)_Nr_504857",0.18471122491582,0.947943036839863,0.194854772636537
"vm(ID, ginv)_Nr_503339",-1.05161248161931,0.937080608516245,-1.12222200743692
"vm(ID, ginv)_Nr_500159",-0.539994837214575,0.941799995580533,-0.573364663143493
"vm(ID, ginv)_Nr_502359",-0.238242195979609,0.940959861683767,-0.253190604276463
"vm(ID, ginv)_Nr_501073",-0.71039309927798,0.945559495261702,-0.751293919460208
"vm(ID, ginv)_Nr_501603",-0.390154718618661,0.942872709184443,-0.413793627515356
"vm(ID, ginv)_Nr_502655",-0.012649931390254,0.932886794341771,-0.0135599854848193
"vm(ID, ginv)_Nr_504101",-0.345257844020452,0.936694235208343,-0.368591831830436
"vm(ID, ginv)_Nr_502920",-0.130027591110934,0.942116072033507,-0.138016529991126
"vm(ID, ginv)_Nr_502076",-0.366884383624767,0.93693198721357,-0.391580593502714
"vm(ID, ginv)_Nr_503007",-0.798087412012617,0.945343277189007,-0.844230271976697
"vm(ID, ginv)_Nr_501645",-0.490745764825411,0.930104771771428,-0.527624177102933
"vm(ID, ginv)_Nr_501118",0.351385338822337,0.932526149900847,0.376810171875286
"vm(ID, ginv)_Nr_500979",-0.1423711768633,0.934641513683457,-0.152327041736259
"vm(ID, ginv)_Nr_500528",-0.5525920756698,0.936898112358709,-0.589810213491208
"vm(ID, ginv)_Nr_501755",-1.18636323202334,0.943625438626725,-1.25723956080485
"vm(ID, ginv)_Nr_500689",-0.842997941626242,0.938019811372228,-0.898699506562682
"vm(ID, ginv)_Nr_501932",-1.17530785014522,0.942837956480685,-1.24656399550594
"vm(ID, ginv)_Nr_504035",-0.855635869983692,0.936387274155619,-0.913762813313814
"vm(ID, ginv)_Nr_500705",0.0618787685820509,0.933295194413332,0.0663013899058463
"vm(ID, ginv)_Nr_502854",1.25950205602317,0.788760242640589,1.59681229850866
"vm(ID, ginv)_Nr_504287",-0.743818039140052,0.947298515430784,-0.785199202810743
"vm(ID, ginv)_Nr_503415",-0.754221729246962,0.942630643938766,-0.800124347852155
"vm(ID, ginv)_Nr_501819",-0.98906788304653,0.936789635776093,-1.05580574898988
"vm(ID, ginv)_Nr_503362",-0.591794525423334,0.9431914040246,-0.627438421192289
"vm(ID, ginv)_Nr_501708",-0.182256334609754,0.936239617365027,-0.194668470794582
"vm(ID, ginv)_Nr_502744",7.94082642896049e-05,0.935994565539053,8.48383817740144e-05
"vm(ID, ginv)_Nr_501231",-0.270822502899756,0.944355196125239,-0.286780338596072
"vm(ID, ginv)_Nr_500178",0.65252905733904,0.740911124116775,0.88071164826538
"vm(ID, ginv)_Nr_502241",-0.79405567060585,0.935751377218456,-0.848575476283241
"vm(ID, ginv)_Nr_502338",-0.877456859358623,0.944278478789889,-0.929235261702777
"vm(ID, ginv)_Nr_500848",-0.300760130691812,0.93678195512082,-0.321056708071434
"vm(ID, ginv)_Nr_504322",-0.373670846883125,0.945374594187591,-0.395262205247053
"vm(ID, ginv)_Nr_500733",-0.181589078095933,0.938440330316067,-0.193500931524089
"vm(ID, ginv)_Nr_500015",-0.436595705517811,0.933155026016306,-0.467870496697279
"vm(ID, ginv)_Nr_501375",0.215658913464276,0.940730058682383,0.229246329990066
"vm(ID, ginv)_Nr_503137",-0.13800387721886,0.944877975244409,-0.146054708475095
"vm(ID, ginv)_Nr_500117",-0.856624423916798,0.941853735293464,-0.909508973439374
"vm(ID, ginv)_Nr_501042",0.245455987843632,0.949002154891015,0.25864639672164
"vm(ID, ginv)_Nr_503535",0.667544810283663,0.765859359749753,0.871628454735848
"vm(ID, ginv)_Nr_500358",-0.538476302883407,0.932212197381809,-0.577632758288038
"vm(ID, ginv)_Nr_501166",-0.551876425926653,0.929480115239764,-0.593747425983711
"vm(ID, ginv)_Nr_504748",-0.608739375574324,0.933696807517547,-0.651966859769823
"vm(ID, ginv)_Nr_504484",-0.172759243121122,0.934252850965897,-0.184917009289842
"vm(ID, ginv)_Nr_501026",-0.0102647888603225,0.887645886362299,-0.011564058390885
"vm(ID, ginv)_Nr_504048",-0.707442411153249,0.944109989684231,-0.74932202697046
"vm(ID, ginv)_Nr_502659",0.369296553220351,0.90615561745845,0.407542088914198
"vm(ID, ginv)_Nr_504245",-0.266992234676438,0.929854931293304,-0.287133213677845
"vm(ID, ginv)_Nr_501202",-0.141252966937867,0.944234905294347,-0.149595154919457
"vm(ID, ginv)_Nr_502103",-0.687185333650786,0.931444318116865,-0.737763192372137
"vm(ID, ginv)_Nr_502575",0.0675318333031209,0.941450020880505,0.0717317242607959
"vm(ID, ginv)_Nr_504944",-0.39382406623196,0.934761172943626,-0.421309825045238
"vm(ID, ginv)_Nr_501132",-0.351154471467728,0.936692177786391,-0.374887801772385
"vm(ID, ginv)_Nr_503318",-0.437344304973135,0.939585337384527,-0.46546522979014
"vm(ID, ginv)_Nr_504162",-0.0984067810930616,0.936022711349714,-0.105132898913491
"vm(ID, ginv)_Nr_503441",-1.20070182521954,0.930920812083388,-1.28980017380037
"vm(ID, ginv)_Nr_500474",-0.641435674981275,0.99661211925292,-0.643616169811489
"vm(ID, ginv)_Nr_504631",-0.699684245285148,0.917143214278227,-0.762895297476289
"vm(ID, ginv)_Nr_501293",-0.635323066024313,0.935653906710505,-0.679015030523337
"vm(ID, ginv)_Nr_503049",-0.375137967911963,0.941539424650636,-0.39843044071273
"vm(ID, ginv)_Nr_501731",0.0802055398955267,0.943424112921759,0.0850153592609927
"vm(ID, ginv)_Nr_503281",-0.587154974300942,0.941120064730917,-0.623889550658788
"vm(ID, ginv)_Nr_502430",-0.574694825054282,0.942704723933573,-0.609623363990672
"vm(ID, ginv)_Nr_501294",-1.04318365308495,0.933518446073233,-1.11747513664354
"vm(ID, ginv)_Nr_502075",-0.518625333734523,0.925989199674614,-0.560077087202274
"vm(ID, ginv)_Nr_501264",-0.478990057510308,0.940473494175886,-0.509307344094833
"vm(ID, ginv)_Nr_504523",-1.13823885481146,0.928917411542445,-1.22533913205636
"vm(ID, ginv)_Nr_503313",-0.419997436340433,0.934473595864189,-0.449448157978209
"vm(ID, ginv)_Nr_502209",-0.939738295891834,0.947171490753105,-0.992152218543486
"vm(ID, ginv)_Nr_501851",-1.21411445719329,0.932700700563296,-1.30171925083796
"vm(ID, ginv)_Nr_502745",0.414895044383084,0.947386903217412,0.437936225394359
"vm(ID, ginv)_Nr_500056",0.306538095398524,0.932156027930361,0.328848482672071
"vm(ID, ginv)_Nr_503179",0.522291011008922,0.926685169932103,0.563612139220043
"vm(ID, ginv)_Nr_501915",-0.0064116094010968,0.941349873962684,-0.00681108010787385
"vm(ID, ginv)_Nr_504592",-0.590814095258463,0.913537849177776,-0.646731928830558
"vm(ID, ginv)_Nr_503846",-0.778747180228633,0.954288949296067,-0.816049667978527
"vm(ID, ginv)_Nr_503285",-1.13137345922577,0.927790896585892,-1.21942720432915
"vm(ID, ginv)_Nr_502706",-0.441130354695349,0.934991278238497,-0.471801571803353
"vm(ID, ginv)_Nr_502515",-0.862065253017077,0.939830566135743,-0.917256028989982
"vm(ID, ginv)_Nr_503353",0.219861040905873,0.938710620867393,0.234215993745459
"vm(ID, ginv)_Nr_500859",-0.275873742968836,0.931805539031129,-0.296063643553443
"vm(ID, ginv)_Nr_500501",-0.508439552214387,0.943551864995451,-0.538857026388092
"vm(ID, ginv)_Nr_500563",-0.278718103476798,0.899702456549197,-0.309789199137923
"vm(ID, ginv)_Nr_501986",-1.28232141690864,0.944292132883498,-1.35797108993478
"vm(ID, ginv)_Nr_504753",-0.964467351738011,0.927743964186203,-1.03958353702039
"vm(ID, ginv)_Nr_502824",-0.164805657737504,0.936275613470946,-0.1760225892529
"vm(ID, ginv)_Nr_503277",-0.759443692709204,0.935225507763041,-0.812043391038073
"vm(ID, ginv)_Nr_501199",-0.774909329311184,0.935734047871892,-0.828129884846591
"vm(ID, ginv)_Nr_503194",-0.932733673143596,0.941998017710398,-0.990165218617636
"vm(ID, ginv)_Nr_503337",-0.10955815705126,0.942196426633269,-0.116279529357527
"vm(ID, ginv)_Nr_501303",0.0154614507862039,0.926607699747265,0.0166860806255129
"vm(ID, ginv)_Nr_504108",-0.214598456922066,0.940327278308658,-0.22821677289641
"vm(ID, ginv)_Nr_503968",-0.00876962055143739,0.923653379788018,-0.00949449300282975
"vm(ID, ginv)_Nr_501288",-0.237667366071689,0.931098605694383,-0.25525477604431
"vm(ID, ginv)_Nr_504082",-0.166588454610142,0.926021211092089,-0.179897018140306
"vm(ID, ginv)_Nr_503387",-0.12255358832491,0.939087167047628,-0.130502889002522
"vm(ID, ginv)_Nr_501621",-0.245129655767196,0.941670272076313,-0.260313682013879
"vm(ID, ginv)_Nr_504993",-0.456410320944003,0.933708303439587,-0.48881467505717
"vm(ID, ginv)_Nr_502332",-0.49332033658416,0.94343777171129,-0.522896529454542
"vm(ID, ginv)_Nr_504500",-0.183995730181419,0.943069455470889,-0.195103053241765
"vm(ID, ginv)_Nr_501270",-1.38075425591785,0.945630594704787,-1.4601412683236
"vm(ID, ginv)_Nr_502943",-0.261088819881787,0.950146106912709,-0.274788075204705
"vm(ID, ginv)_Nr_503523",-0.368682808425898,0.929294414704441,-0.396734127088406
"vm(ID, ginv)_Nr_502389",-0.662795544115721,0.941310920271353,-0.704119680163337
"vm(ID, ginv)_Nr_504501",-0.0472520398499234,0.939377659681669,-0.0503014302745244
"vm(ID, ginv)_Nr_504704",-0.411073582214269,0.940126936090674,-0.437253275524297
"vm(ID, ginv)_Nr_502438",-0.718770514428535,0.927982662696977,-0.774551662786012
"vm(ID, ginv)_Nr_500049",-0.590594507417061,0.945837156178838,-0.624414576609625
"vm(ID, ginv)_Nr_502891",-0.704915978769596,0.936950754876165,-0.752351150902017
"vm(ID, ginv)_Nr_501554",0.166884501598841,0.940046725138046,0.177527879344863
"vm(ID, ginv)_Nr_501430",0.0239402463685758,0.962784402170349,0.0248656358730041
"vm(ID, ginv)_Nr_504563",0.378268000052585,0.917624629494659,0.412225203960469
"vm(ID, ginv)_Nr_501143",-0.0524481490167363,0.932889234980273,-0.0562211965259148
"vm(ID, ginv)_Nr_502599",0.450111966193466,0.936794202874405,0.480481160976839
"vm(ID, ginv)_Nr_504918",0.0310299653557512,0.936737251745534,0.03312558062352
"vm(ID, ginv)_Nr_500884",-0.980383587012037,0.934554982545576,-1.04903789003578
"vm(ID, ginv)_Nr_504598",-0.859958264594113,0.941117359435048,-0.913763045567819
"vm(ID, ginv)_Nr_502220",-0.215363234224932,0.898277275124019,-0.239751399917357
"vm(ID, ginv)_Nr_503390",-0.705126641799878,0.938661525482287,-0.751204372031316
"vm(ID, ginv)_Nr_504198",-0.27902156906572,0.945417183440281,-0.295130630110178
"vm(ID, ginv)_Nr_502814",-0.022246973415803,0.942266333871632,-0.023610069272446
"vm(ID, ginv)_Nr_503677",0.161300266941949,0.940791949065886,0.171451580875138
"vm(ID, ginv)_Nr_504015",-0.804479661267978,0.934891430092329,-0.860505974676149
"vm(ID, ginv)_Nr_501849",-0.376225179480536,0.937003573423701,-0.401519471378165
"vm(ID, ginv)_Nr_503768",0.0903911510528789,0.930689653217022,0.097122763469469
"vm(ID, ginv)_Nr_501095",-0.4249405756232,0.952438852388493,-0.446160480074441
"vm(ID, ginv)_Nr_501274",-0.201735974950964,0.903891288125327,-0.223186103905664
"vm(ID, ginv)_Nr_503918",-0.0792340119439002,0.936735954666421,-0.0845852148080684
"vm(ID, ginv)_Nr_501271",0.341403533965744,0.941883187266651,0.362469081709058
"vm(ID, ginv)_Nr_504640",-0.019340028046998,0.944640855425225,-0.0204734190099074
"vm(ID, ginv)_Nr_503160",-0.012266560228755,0.957251998424369,-0.0128143479971269
"vm(ID, ginv)_Nr_503519",-0.488975938860464,0.918378426966783,-0.532434042985364
"vm(ID, ginv)_Nr_502524",-0.444136704825769,0.938205088519736,-0.473389784664791
"vm(ID, ginv)_Nr_504271",-0.586035782207272,0.941665316269063,-0.622339776226635
"vm(ID, ginv)_Nr_502164",-0.62114531718559,0.934727780571448,-0.664520013308957
"vm(ID, ginv)_Nr_503270",-0.786744864032937,0.929399403460365,-0.846508897147671
"vm(ID, ginv)_Nr_501178",-0.789051435740972,0.938326922809566,-0.840913136520021
"vm(ID, ginv)_Nr_501237",-0.255668249138199,0.942191184292624,-0.271354957890153
"vm(ID, ginv)_Nr_504688",-0.508024791543966,0.92456297130479,-0.549475597997415
"vm(ID, ginv)_Nr_500702",-0.101880114443834,0.93134442638299,-0.109390373268781
"vm(ID, ginv)_Nr_502585",-0.205926427983684,0.94022504227207,-0.219018233641234
"vm(ID, ginv)_Nr_503375",-0.250430468895538,0.935166493780546,-0.267792388372617
"vm(ID, ginv)_Nr_501859",-0.483532885491225,0.93040595353185,-0.519700979616176
"vm(ID, ginv)_Nr_501451",0.0663584986952515,0.953633709866754,0.0695848919859633
"vm(ID, ginv)_Nr_500768",-0.546641770625788,0.933712440092893,-0.58544980997726
"vm(ID, ginv)_Nr_503809",-0.715127133483102,0.939158577329854,-0.761455147986082
"vm(ID, ginv)_Nr_504818",-1.49607342795695,0.933527543371212,-1.60260234267351
"vm(ID, ginv)_Nr_504276",-0.381843964972749,0.937498483960135,-0.407300887954275
"vm(ID, ginv)_Nr_501970",0.126600983544706,0.900350933105521,0.140612930902432
"vm(ID, ginv)_Nr_502166",-1.20852278703293,0.932499361437089,-1.29600387626052
"vm(ID, ginv)_Nr_503481",-0.796271617157681,0.957326125476017,-0.831766308228291
"vm(ID, ginv)_Nr_500259",1.28931573070222,0.808527612667943,1.59464650372025
"vm(ID, ginv)_Nr_501999",-0.130133525918127,0.933040484134543,-0.13947253964959
"vm(ID, ginv)_Nr_504597",-0.197605134407264,0.922029861584908,-0.214315330381593
"vm(ID, ginv)_Nr_503155",-0.278364195596376,0.9440252484203,-0.294869439204281
"vm(ID, ginv)_Nr_504342",-0.273506082140569,0.941814371845478,-0.29040338554681
"vm(ID, ginv)_Nr_500454",-0.450667295420844,0.931771527151967,-0.483667167635336
"vm(ID, ginv)_Nr_504145",-0.980303413230031,0.95342508361441,-1.02819133886611
"vm(ID, ginv)_Nr_504852",0.396090812239581,0.938949285207348,0.42184473483263
"vm(ID, ginv)_Nr_500996",0.204078991514475,0.943488923548782,0.216302477348505
"vm(ID, ginv)_Nr_503626",-0.714386332782533,0.941325265868419,-0.758915497847045
"vm(ID, ginv)_Nr_501637",-0.783138139090702,0.942986904997321,-0.830486759615105
"vm(ID, ginv)_Nr_500636",0.108689222088303,0.926848319133512,0.11726753973068
"vm(ID, ginv)_Nr_500047",-0.0209636008986185,0.919607932865586,-0.0227962375588626
"vm(ID, ginv)_Nr_502983",-1.00174437710576,0.932315480974199,-1.07446931596482
"vm(ID, ginv)_Nr_504363",-0.471980628718787,0.934873400685407,-0.504860474554899
"vm(ID, ginv)_Nr_504241",-0.657890710220311,0.92908879422314,-0.708103159042412
"vm(ID, ginv)_Nr_502880",-0.389549535181081,0.934750927739207,-0.416741533622489
"vm(ID, ginv)_Nr_502100",-0.353925637193488,0.934113618150895,-0.378889281042807
"vm(ID, ginv)_Nr_503735",-0.311381027241662,0.947376468030855,-0.328677181404848
"vm(ID, ginv)_Nr_501470",0.435986353430354,0.758075057191815,0.575122937094653
"vm(ID, ginv)_Nr_503547",-0.162199747482303,0.950904039168323,-0.170574254394971
"vm(ID, ginv)_Nr_500914",-0.667594677453289,0.942792840269883,-0.7081032533745
"vm(ID, ginv)_Nr_504662",-1.00727187618055,0.934486248498829,-1.07788838819046
"vm(ID, ginv)_Nr_502434",-1.00285802212099,0.926470033543116,-1.08245057671833
"vm(ID, ginv)_Nr_501844",0.293295042319649,0.93081822655042,0.315093789478736
"vm(ID, ginv)_Nr_502017",0.183856015946406,0.922299718473734,0.199345193610879
"vm(ID, ginv)_Nr_500403",0.157266123686417,0.938509615839119,0.167570071773645
"vm(ID, ginv)_Nr_502456",-1.27435870098297,0.936839838862725,-1.36027381428396
"vm(ID, ginv)_Nr_503178",-0.825516685463374,0.92834438398753,-0.889235395508638
"vm(ID, ginv)_Nr_504746",-0.596606897087137,0.934361399572287,-0.638518347783031
"vm(ID, ginv)_Nr_500254",0.0806781183443435,0.940732428013566,0.085760962354303
"vm(ID, ginv)_Nr_500832",-0.0222000047772317,0.940459978186925,-0.0236054752909637
"vm(ID, ginv)_Nr_500273",-0.707542953961111,0.931525245213427,-0.759553171099514
"vm(ID, ginv)_Nr_501854",-0.288907739125743,0.942968721642792,-0.306381041592156
"vm(ID, ginv)_Nr_500050",-0.325761027834549,0.951088707170145,-0.342513821664242
"vm(ID, ginv)_Nr_504939",-0.815009158392422,0.927499710850971,-0.878716347679138
"vm(ID, ginv)_Nr_503509",-0.370106809435695,0.938772368669059,-0.3942455293613
"vm(ID, ginv)_Nr_503488",-1.37735079674884,0.941742929559104,-1.46255496432947
"vm(ID, ginv)_Nr_501895",-0.460283575356707,0.93818520697313,-0.490610565947551
"vm(ID, ginv)_Nr_503311",-0.76991419814219,0.940126655462607,-0.818947312756853
"vm(ID, ginv)_Nr_504882",-0.152934068227438,0.914608138388079,-0.167212669348177
"vm(ID, ginv)_Nr_502198",-0.916654821428424,0.952698003726501,-0.962167253256443
"vm(ID, ginv)_Nr_501083",-0.747506938074684,0.941586175701814,-0.793880536231883
"vm(ID, ginv)_Nr_503759",-0.182393123973723,0.93564102474506,-0.19493921188783
"vm(ID, ginv)_Nr_502727",0.144947231303092,0.941218161513354,0.153999611599118
"vm(ID, ginv)_Nr_502067",-0.734281796417322,0.931049101857501,-0.788660657050615
"vm(ID, ginv)_Nr_501937",-0.0460820060090796,0.94095692608614,-0.0489735552516259
"vm(ID, ginv)_Nr_500041",-0.27220098741024,0.931069392015758,-0.292353061699222
"vm(ID, ginv)_Nr_503472",-0.264756266104192,0.928154908498326,-0.285250084527963
"vm(ID, ginv)_Nr_504151",-0.129142796575127,0.941827597729065,-0.13711935909132
"vm(ID, ginv)_Nr_504502",-0.197791161833305,0.923790112346125,-0.214108333906043
"vm(ID, ginv)_Nr_501675",-0.119587241437963,0.941981077496092,-0.126952912637949
"vm(ID, ginv)_Nr_504514",-0.528318043005624,0.953120109007995,-0.554303742007391
"vm(ID, ginv)_Nr_503302",0.239543427030276,0.933566286208494,0.256589629005496
"vm(ID, ginv)_Nr_502514",-0.371825028975604,0.943110784595686,-0.39425381943332
"vm(ID, ginv)_Nr_501907",-0.42544902841555,0.949226538210374,-0.448205998557174
"vm(ID, ginv)_Nr_504215",1.51429826344127,0.758890983136661,1.99540948184988
"vm(ID, ginv)_Nr_502293",-0.323862336772428,0.943671721197051,-0.343193855975261
"vm(ID, ginv)_Nr_503928",-0.915184911018178,0.933618212829309,-0.980256060177672
"vm(ID, ginv)_Nr_500126",-0.945291900484343,0.941794278808842,-1.00371378522274
"vm(ID, ginv)_Nr_502553",-0.209899062871057,0.943828190264817,-0.222391177797056
"vm(ID, ginv)_Nr_502174",-1.18863226262706,0.927887146118922,-1.28100951457164
"vm(ID, ginv)_Nr_502261",0.257507450517891,0.952712373082096,0.270288764787252
"vm(ID, ginv)_Nr_501988",-0.458051073704494,0.940027621335845,-0.487274058025626
"vm(ID, ginv)_Nr_503410",0.624575302455795,0.929119471491115,0.672222810542797
"vm(ID, ginv)_Nr_501543",-0.947556749226796,0.946638252033688,-1.00097027263702
"vm(ID, ginv)_Nr_502842",-0.28600629359336,0.937389728858538,-0.30510926756327
"vm(ID, ginv)_Nr_500438",-1.12655682060181,0.930634793513568,-1.21052514740884
"vm(ID, ginv)_Nr_501308",-0.266917752715021,0.936448637004197,-0.285031919709895
"vm(ID, ginv)_Nr_503138",-0.429821858554488,0.953441256740441,-0.450811054709268
"vm(ID, ginv)_Nr_501779",0.368553153257179,0.912829040292027,0.403748278143379
"vm(ID, ginv)_Nr_503685",-0.0536872598038836,0.946348046321895,-0.0567309881523464
"vm(ID, ginv)_Nr_501494",-0.506132323724516,0.941625023693861,-0.537509423590965
"vm(ID, ginv)_Nr_501462",-0.484853550412514,0.926553707108322,-0.523287043905627
"vm(ID, ginv)_Nr_502753",-0.275240208319799,0.924397481955805,-0.297750928245127
"vm(ID, ginv)_Nr_503647",-0.929130844124194,0.942068528269583,-0.986266727146534
"vm(ID, ginv)_Nr_501459",-0.385856617775591,0.951928903055851,-0.405341844897163
"vm(ID, ginv)_Nr_501772",0.214024662427028,0.934860235612214,0.228937604011865
"vm(ID, ginv)_Nr_500495",-0.114542510403862,0.937735537847651,-0.122147989258002
"vm(ID, ginv)_Nr_503412",-0.226586422062363,0.929004359035284,-0.243902431521054
"vm(ID, ginv)_Nr_501879",-1.98908165157606,0.940016699555028,-2.11600671830365
"vm(ID, ginv)_Nr_500401",-0.201297879154722,0.934747085920441,-0.2153501007778
"vm(ID, ginv)_Nr_503498",0.354527961268908,0.938584544969224,0.377726186915354
"vm(ID, ginv)_Nr_500646",0.0401667269899129,0.942137022572065,0.042633636114051
"vm(ID, ginv)_Nr_500823",-0.6053027770325,0.941315509996595,-0.643039204819528
"vm(ID, ginv)_Nr_504161",-0.22211409299208,0.928336100738409,-0.239260428217116
"vm(ID, ginv)_Nr_501070",-0.623359574384203,0.924936627316513,-0.673948415463592
"vm(ID, ginv)_Nr_503800",-0.524373894484501,0.947035128574582,-0.553700574205475
"vm(ID, ginv)_Nr_502801",-0.323507364817649,0.934403533389002,-0.34621804526393
"vm(ID, ginv)_Nr_504550",-0.635987547729243,0.932939443059037,-0.68170292558742
"vm(ID, ginv)_Nr_500976",-0.319914199317699,0.937264460283581,-0.341327568550828
"vm(ID, ginv)_Nr_502856",-0.265894965030716,0.926864711426264,-0.286875702303473
"vm(ID, ginv)_Nr_504019",0.731743114807033,0.93325618587126,0.784075290241874
"vm(ID, ginv)_Nr_500937",-1.39544223112051,0.937646137365819,-1.48823972659963
"vm(ID, ginv)_Nr_500011",-1.21128008450176,0.940362365619381,-1.28809927830739
"vm(ID, ginv)_Nr_501569",-0.38860015601806,0.908857238104068,-0.427570073412963
"vm(ID, ginv)_Nr_504397",0.281472302428535,0.747954152552537,0.376322935661172
"vm(ID, ginv)_Nr_504812",-0.516354742691547,0.940522697214907,-0.549008274038029
"vm(ID, ginv)_Nr_503497",-0.490805965056818,0.938684026519436,-0.522866003032657
"vm(ID, ginv)_Nr_504259",-0.62296784831522,0.943545214301218,-0.660241649126041
"vm(ID, ginv)_Nr_503296",-0.0429884673780705,0.943921035506781,-0.0455424402688414
"vm(ID, ginv)_Nr_502855",-0.529748013053983,0.935508328283025,-0.566267554267796
"vm(ID, ginv)_Nr_503379",-0.639496206322802,0.937653294390274,-0.682017767280012
"vm(ID, ginv)_Nr_504202",-1.09864829876129,0.94075183993608,-1.16784071220731
"vm(ID, ginv)_Nr_500993",-0.82285582769035,0.943713475464463,-0.87193395991868
"vm(ID, ginv)_Nr_504436",-0.406843319577,0.96768691159789,-0.420428668302645
"vm(ID, ginv)_Nr_504655",0.290721565140365,0.943773099702146,0.308041800759225
"vm(ID, ginv)_Nr_503315",-0.0928926866596384,0.928011599716826,-0.100098626663701
"vm(ID, ginv)_Nr_504916",-0.750641371239299,0.942154567352481,-0.796728474552379
"vm(ID, ginv)_Nr_503336",-0.713195045746268,0.937190136372501,-0.760992906420002
"vm(ID, ginv)_Nr_504671",0.0512954274899796,0.939494332029899,0.0545989749391561
"vm(ID, ginv)_Nr_501089",-0.359307066606065,0.949961993840189,-0.378233096624823
"vm(ID, ginv)_Nr_503198",0.410653539857384,0.92129659932798,0.44573434891318
"vm(ID, ginv)_Nr_504338",0.0675751119235426,0.936948213995567,0.0721225686907199
"vm(ID, ginv)_Nr_503868",0.00812939200761607,0.943926770666519,0.00861231216260113
"vm(ID, ginv)_Nr_500870",-0.418248280499926,0.930129314224761,-0.449666808801232
"vm(ID, ginv)_Nr_502512",0.181530697428124,0.934247430030956,0.194306873739122
"vm(ID, ginv)_Nr_500845",-0.172880777208969,0.934276876050913,-0.185042337705839
"vm(ID, ginv)_Nr_502255",-0.893823729207425,0.938568391263763,-0.952326689804575
"vm(ID, ginv)_Nr_502319",-0.251289964791841,0.932134646253845,-0.26958547866636
"vm(ID, ginv)_Nr_504867",-0.643581316557179,0.937445346844928,-0.686526759904692
"vm(ID, ginv)_Nr_501192",-0.44222108924128,0.9282878856823,-0.476383561675206
"vm(ID, ginv)_Nr_502967",-0.159995480239758,0.936899439908475,-0.170771241207475
"vm(ID, ginv)_Nr_501891",-0.30113237314003,0.952613121083754,-0.316111930935239
"vm(ID, ginv)_Nr_501159",-0.598383012998644,0.93857184442166,-0.637546306715991
"vm(ID, ginv)_Nr_504780",-0.425203596158449,0.939962760789077,-0.452362172094456
"vm(ID, ginv)_Nr_501323",-0.0509587391689283,0.958468196673191,-0.0531668545141135
"vm(ID, ginv)_Nr_500746",-0.452105088219912,0.934833629204157,-0.483620907609837
"vm(ID, ginv)_Nr_500073",-0.344858740204973,0.930246604891891,-0.370717547789439
"vm(ID, ginv)_Nr_501594",-0.515363226946726,0.943440475283563,-0.546259398921619
"vm(ID, ginv)_Nr_501071",-0.486147184300915,0.935911535357558,-0.519437111238495
"vm(ID, ginv)_Nr_502821",-0.173679998181037,0.92659715663423,-0.187438518386903
"vm(ID, ginv)_Nr_502498",-0.20756073159453,0.936714536854753,-0.221583762638579
"vm(ID, ginv)_Nr_503648",-0.446526638418668,0.930823727341675,-0.479711276477552
"vm(ID, ginv)_Nr_502769",-0.342362590582266,0.936711011941116,-0.365494358684648
"vm(ID, ginv)_Nr_500248",-0.963616874858126,0.940208907028236,-1.02489656038665
"vm(ID, ginv)_Nr_503629",-0.629060592364475,0.936364707759231,-0.671811514414986
"vm(ID, ginv)_Nr_501595",-0.201125732412138,0.942953669099697,-0.213293334553931
"vm(ID, ginv)_Nr_500014",0.299269547404397,0.932233530952451,0.321024225655815
"vm(ID, ginv)_Nr_504519",-0.383219724846918,0.936048659282251,-0.409401499640804
"vm(ID, ginv)_Nr_501801",-1.14950912709429,0.938618758819168,-1.22468160399908
"vm(ID, ginv)_Nr_500761",-0.253342479075341,0.942443205560405,-0.268814584879623
"vm(ID, ginv)_Nr_503925",0.0560748162683007,0.93308284695147,0.0600962888252699
"vm(ID, ginv)_Nr_501038",-0.271255010156398,0.927632666854492,-0.292416405597483
"vm(ID, ginv)_Nr_500676",-0.414477727562519,0.938118025396152,-0.441818317463297
"vm(ID, ginv)_Nr_502720",0.0635940785256924,0.940916304298934,0.0675873913919215
"vm(ID, ginv)_Nr_504731",0.511725104373167,0.925549251840107,0.552888032004558
"vm(ID, ginv)_Nr_500964",-0.339404273554613,0.921734597981802,-0.368223428194798
"vm(ID, ginv)_Nr_500149",-0.365713652778703,0.947134093081948,-0.386126584873195
"vm(ID, ginv)_Nr_502589",-1.01003570927566,0.942130603851723,-1.07207610616439
"vm(ID, ginv)_Nr_504796",-1.45701037784921,0.928836290034752,-1.56864066733945
"vm(ID, ginv)_Nr_504214",-0.264166069938752,0.933224819214825,-0.283067985869696
"vm(ID, ginv)_Nr_502568",-0.118268708042339,0.932841379178426,-0.126783299585725
"vm(ID, ginv)_Nr_502333",-0.0456877168410336,0.936669326614913,-0.0487767833779155
"vm(ID, ginv)_Nr_501925",0.0140875560092822,0.941607517522222,0.014961176230148
"vm(ID, ginv)_Nr_500372",-0.369844715214714,0.921766211645529,-0.401234836493378
"vm(ID, ginv)_Nr_501865",-0.473306049441186,0.94233016260293,-0.502271993643721
"vm(ID, ginv)_Nr_502511",-0.996498864268145,0.945896728534072,-1.05349646975996
"vm(ID, ginv)_Nr_500630",-1.14602729462614,0.929858749166778,-1.23247460504412
"vm(ID, ginv)_Nr_503463",-0.272646329293398,0.928412691359335,-0.293669325969902
"vm(ID, ginv)_Nr_502019",0.268181790152034,0.936131434653854,0.286478778753111
"vm(ID, ginv)_Nr_503622",0.0444047004440404,0.936517105165716,0.0474147244071778
"vm(ID, ginv)_Nr_503664",-1.25722452373658,0.922412184624809,-1.36297475758948
"vm(ID, ginv)_Nr_501169",-0.261889054789759,0.937216092350102,-0.279432947137158
"vm(ID, ginv)_Nr_501181",-0.344812512135756,0.935445669182767,-0.368607737996152
"vm(ID, ginv)_Nr_502493",-0.465080760433913,0.939701400258632,-0.494923983624915
"vm(ID, ginv)_Nr_502700",-0.87040837815661,0.93911217513454,-0.926841756717628
"vm(ID, ginv)_Nr_504936",-0.135565688419173,0.951393363390128,-0.142491732269508
"vm(ID, ginv)_Nr_504395",-0.409112228117597,0.941621038911171,-0.434476515723
"vm(ID, ginv)_Nr_500674",-0.0669766332605387,0.934514123264749,-0.071670006469837
"vm(ID, ginv)_Nr_503081",-0.881540793014394,0.939952584541671,-0.937856661614736
"vm(ID, ginv)_Nr_502541",-0.666518839808968,0.9380287551749,-0.710552673499538
"vm(ID, ginv)_Nr_503000",-0.327413270740993,0.946335224678191,-0.345980221598887
"vm(ID, ginv)_Nr_501254",-0.344155145756114,0.938344549264091,-0.366768417875952
"vm(ID, ginv)_Nr_501797",-0.685098595626646,0.934762570947855,-0.73291188256709
"vm(ID, ginv)_Nr_500750",-0.758984806188653,0.93999045977261,-0.807438839722115
"vm(ID, ginv)_Nr_504174",-0.00470720060772409,0.936413262149422,-0.00502684103055021
"vm(ID, ginv)_Nr_502836",0.253192933792207,0.940933170547614,0.26908705285079
"vm(ID, ginv)_Nr_503595",-0.0612282922471337,0.922925948174096,-0.0663415004944512
"vm(ID, ginv)_Nr_500227",-0.311660960300468,0.923984136473454,-0.337301202475159
"vm(ID, ginv)_Nr_504509",0.0909770850523134,0.922097234906411,0.0986632229317412
"vm(ID, ginv)_Nr_503944",-0.075547880081956,0.942995013046308,-0.0801148246138668
"vm(ID, ginv)_Nr_502487",-0.57016916037812,0.939808789713674,-0.606686345795755
"vm(ID, ginv)_Nr_503173",-0.128560132981725,0.939446312975614,-0.136846705560557
"vm(ID, ginv)_Nr_502125",-0.614150051643219,0.936082440760899,-0.656085431048151
"vm(ID, ginv)_Nr_502217",0.328837040357368,0.929930581368793,0.353614610537211
"vm(ID, ginv)_Nr_503017",-0.076075600840686,0.924989521542875,-0.0822448244751925
"vm(ID, ginv)_Nr_502569",-0.357520713964512,0.931453003105615,-0.383831189305827
"vm(ID, ginv)_Nr_503468",-0.115535212910822,0.946787239139252,-0.122028696770204
"vm(ID, ginv)_Nr_504195",-0.301866654885013,0.938435484265657,-0.321670120052237
"vm(ID, ginv)_Nr_502024",-0.56844446704494,0.936832396395811,-0.606772854175265
"vm(ID, ginv)_Nr_504708",-0.594647356150456,0.94241501382308,-0.630982473144352
"vm(ID, ginv)_Nr_502956",0.30564878357511,0.934878115579073,0.326939713831881
"vm(ID, ginv)_Nr_501023",0.314294379421806,0.946863464145722,0.331932101430662
"vm(ID, ginv)_Nr_503721",-0.845477839516183,0.941948881292583,-0.897583569881183
"vm(ID, ginv)_Nr_504426",0.326361091614437,0.94054124634079,0.346992854257223
"vm(ID, ginv)_Nr_500018",-0.493759052380269,0.94508191578688,-0.522451063905039
"vm(ID, ginv)_Nr_503275",-0.630991226478788,0.940954567685245,-0.670586283491913
"vm(ID, ginv)_Nr_501547",-0.123760530015185,0.915706382324422,-0.135153071338252
"vm(ID, ginv)_Nr_503248",-0.00382021103524712,0.934456870313555,-0.0040881619651052
"vm(ID, ginv)_Nr_501842",-0.0220856874760828,0.939180887874891,-0.0235159038702935
"vm(ID, ginv)_Nr_500714",-0.5402949593554,0.950253347945287,-0.568579906109953
"vm(ID, ginv)_Nr_502931",-0.599408242243561,0.934589006552359,-0.641360253588623
"vm(ID, ginv)_Nr_502593",-0.4900320080991,0.939496862293631,-0.521589829371825
"vm(ID, ginv)_Nr_503153",-0.411876039032184,0.925664353836384,-0.444951820090271
"vm(ID, ginv)_Nr_501183",-0.732298540426658,0.93315981607341,-0.784751473234301
"vm(ID, ginv)_Nr_504902",-0.380065989697412,0.940424605866104,-0.404142966194916
"vm(ID, ginv)_Nr_503493",-0.223907042904782,0.938180246158558,-0.238661007649206
"vm(ID, ginv)_Nr_500371",-0.793063353717428,0.940380972009483,-0.843342621047239
"vm(ID, ginv)_Nr_501598",-0.245744639121994,0.943334026347534,-0.260506493202079
"vm(ID, ginv)_Nr_501542",-0.208131626939634,0.932494576387715,-0.22319875333312
"vm(ID, ginv)_Nr_501306",-0.61316034285167,0.951256233882628,-0.644579579099321
"vm(ID, ginv)_Nr_500106",0.530649850116076,0.93448633213291,0.567851911653859
"vm(ID, ginv)_Nr_504535",-0.843969714513173,0.945903439312706,-0.892236648517106
"vm(ID, ginv)_Nr_500798",-0.578029615092196,0.936174738932778,-0.617437740043209
"vm(ID, ginv)_Nr_504586",-0.336523835813047,0.938706907783651,-0.358497240216973
"vm(ID, ginv)_Nr_504182",-0.884775342728235,0.942264444895875,-0.938988356740985
"vm(ID, ginv)_Nr_503604",0.565833671645357,0.943016330352849,0.600025316034176
"vm(ID, ginv)_Nr_502784",-0.281579405054288,0.935392677107147,-0.301028019510606
"vm(ID, ginv)_Nr_501790",-0.244619960809557,0.946977823713755,-0.258316461783902
"vm(ID, ginv)_Nr_501917",-0.837918097984394,0.944752829280025,-0.886917796925734
"vm(ID, ginv)_Nr_500910",-0.933741822662434,0.938912046190806,-0.994493388864966
"vm(ID, ginv)_Nr_504721",-0.429458161085539,0.939535515284453,-0.457096250326968
"vm(ID, ginv)_Nr_501200",-0.781491481377532,0.928240898712825,-0.841905891521492
"vm(ID, ginv)_Nr_501977",-0.799137603283553,0.938467637043844,-0.851534535384536
"vm(ID, ginv)_Nr_503024",-0.44102069365211,0.930981091109034,-0.473716059180904
"vm(ID, ginv)_Nr_503849",-0.605013279553861,0.934783485869403,-0.647222901024148
"vm(ID, ginv)_Nr_504452",-0.695021088999534,0.930608296682554,-0.746846005432312
"vm(ID, ginv)_Nr_503929",0.724544917313228,0.76983455985774,0.941169642276282
"vm(ID, ginv)_Nr_502179",-0.330436034150798,0.938062885104555,-0.352253606232345
"vm(ID, ginv)_Nr_503568",-0.369765615445367,0.944859570195445,-0.391344520507826
"vm(ID, ginv)_Nr_500058",-0.811297792470615,0.939295547510372,-0.86373005240042
"vm(ID, ginv)_Nr_500962",0.168328888254729,0.940232619779182,0.179028981460207
"vm(ID, ginv)_Nr_500533",-0.0809759336997545,0.945519527736082,-0.0856417359180729
"vm(ID, ginv)_Nr_500428",-0.737222824901453,0.939203246167699,-0.784944928490823
"vm(ID, ginv)_Nr_502077",-0.586169338700804,0.939916788535516,-0.623639609219147
"vm(ID, ginv)_Nr_504661",-0.507224016949789,0.946152371751502,-0.536091259815609
"vm(ID, ginv)_Nr_500780",-1.33244013758936,0.948580299364272,-1.40466773185395
"vm(ID, ginv)_Nr_501815",-0.276842446745522,0.924974188888006,-0.299297483185276
"vm(ID, ginv)_Nr_502543",0.22649706301415,0.938953203196466,0.241222951519936
"vm(ID, ginv)_Nr_503782",-0.18302635349176,0.934312530922511,-0.195894144019502
"vm(ID, ginv)_Nr_503485",-0.240797645914903,0.93904807733928,-0.256427388251712
"vm(ID, ginv)_Nr_503748",-0.417791259106382,0.928501266577448,-0.44996304705798
"vm(ID, ginv)_Nr_502357",-0.570528851772633,0.936546861276391,-0.60918345398657
"vm(ID, ginv)_Nr_503455",-0.948811679194851,0.934390629468269,-1.01543364121148
"vm(ID, ginv)_Nr_502111",-0.689887684469652,0.938095583351915,-0.735412997047284
"vm(ID, ginv)_Nr_503612",-0.778395146357194,0.934212717501614,-0.833209751670768
"vm(ID, ginv)_Nr_500367",-1.34651660213505,0.932588225966241,-1.4438490264446
"vm(ID, ginv)_Nr_501887",-0.526388410819028,0.919659841427624,-0.572372943894011
"vm(ID, ginv)_Nr_503818",-0.807975489402939,0.938689027679562,-0.860748837557261
"vm(ID, ginv)_Nr_501947",-0.624068811061094,0.934646419038876,-0.667705774449809
"vm(ID, ginv)_Nr_502057",-0.773366085148329,0.937440181595482,-0.824976462852375
"vm(ID, ginv)_Nr_501013",-0.39138035670672,0.937862927466661,-0.417310830020661
"vm(ID, ginv)_Nr_504102",-0.92618905239932,0.935154695782259,-0.990412662821055
"vm(ID, ginv)_Nr_501884",0.0231308931185636,0.935318872632114,0.0247304890293405
"vm(ID, ginv)_Nr_503774",0.54116738092967,0.942908889463233,0.573933904937241
"vm(ID, ginv)_Nr_500118",-0.396324736341156,0.934417161349235,-0.424141114626887
"vm(ID, ginv)_Nr_500125",-0.778149733292468,0.939082744813719,-0.828627442672078
"vm(ID, ginv)_Nr_504171",-0.354957618117067,0.944392816914846,-0.375858024075879
"vm(ID, ginv)_Nr_502060",-0.31456730488132,0.928982610602268,-0.338614847351538
"vm(ID, ginv)_Nr_501855",-0.822371566165045,0.941379601593215,-0.873581246898958
"vm(ID, ginv)_Nr_500160",-0.592067356460765,0.941575697656919,-0.628804840581703
"vm(ID, ginv)_Nr_504948",-0.295845397532086,0.936045155457457,-0.316058895030019
"vm(ID, ginv)_Nr_504118",-1.17129565946807,0.919444206796623,-1.27391705859881
"vm(ID, ginv)_Nr_503901",0.487105364812213,0.758249371711461,0.642407871321749
"vm(ID, ginv)_Nr_500571",-0.682228365026431,0.950869822263995,-0.71747819633403
"vm(ID, ginv)_Nr_500569",-0.705528456287683,0.938989803972738,-0.751369666957712
"vm(ID, ginv)_Nr_504765",-1.3773865426806,0.938768881968971,-1.46722645918096
"vm(ID, ginv)_Nr_504682",-0.77739589992402,0.938938326074648,-0.827952037248306
"vm(ID, ginv)_Nr_501052",0.0499243797310163,0.931004196828049,0.0536242262936191
"vm(ID, ginv)_Nr_501562",-0.595609805847955,0.939529316602083,-0.633944886362937
"vm(ID, ginv)_Nr_501612",-0.393361192504555,0.931447641040138,-0.422311652499644
"vm(ID, ginv)_Nr_504303",-0.259036267954726,0.972377466628278,-0.266394766276244
"vm(ID, ginv)_Nr_502134",-0.0407645326554936,0.93882522645811,-0.0434207896279963
"vm(ID, ginv)_Nr_504690",-0.991720779198347,0.940632618321215,-1.05431255506354
"vm(ID, ginv)_Nr_504970",-0.62692579100359,0.941593308522352,-0.665813770477435
"vm(ID, ginv)_Nr_503691",-0.554562579871167,0.919588767130676,-0.603054973802613
"vm(ID, ginv)_Nr_502290",-0.169900110676087,0.944213807419843,-0.179938176439461
"vm(ID, ginv)_Nr_502583",-0.954943092520045,0.94807635425874,-1.00724281143651
"vm(ID, ginv)_Nr_501258",-0.00849666415873447,0.933010360699817,-0.0091067200500983
"vm(ID, ginv)_Nr_503331",0.909799554163204,0.785396905039928,1.15839462611194
"vm(ID, ginv)_Nr_503207",-0.631618607307632,0.924082082010313,-0.683509202920118
"vm(ID, ginv)_Nr_504169",0.0144819358702776,0.941601780272988,0.0153801067220572
"vm(ID, ginv)_Nr_502379",-0.292723235752954,0.948173064598902,-0.308723424743965
"vm(ID, ginv)_Nr_500565",-0.119915825384676,0.936245266826888,-0.128081635906254
"vm(ID, ginv)_Nr_502695",-0.35870393474351,0.944650496829689,-0.379721321215989
"vm(ID, ginv)_Nr_503342",0.00929905110233154,0.93026500937541,0.00999613121918346
"vm(ID, ginv)_Nr_502309",0.116784913627143,0.940711937913588,0.124145244596514
"vm(ID, ginv)_Nr_501580",-0.715724733744436,0.932808732656871,-0.76727919528141
"vm(ID, ginv)_Nr_504859",0.107049899168228,0.943287310586563,0.113485995164783
"vm(ID, ginv)_Nr_501835",-0.0994716897650119,0.940085937783089,-0.105811272956158
"vm(ID, ginv)_Nr_502989",-0.361899796118874,0.934216691282117,-0.387383140866605
"vm(ID, ginv)_Nr_500104",-0.483489722590773,0.93839643157461,-0.515229711369946
"vm(ID, ginv)_Nr_501732",-0.305145098490971,0.931956020256186,-0.327424354646144
"vm(ID, ginv)_Nr_504113",-0.275486176136338,0.964647781628304,-0.285582138250838
"vm(ID, ginv)_Nr_503933",0.899693360944503,0.797499245392262,1.12814321285279
"vm(ID, ginv)_Nr_501599",-0.862322265582743,0.946281542774496,-0.911274527298097
"vm(ID, ginv)_Nr_504554",-0.171442208359429,0.929298181315549,-0.184485681567491
"vm(ID, ginv)_Nr_503844",-0.709763827406423,0.934157520901773,-0.759790304660036
"vm(ID, ginv)_Nr_502496",-0.566359323124692,0.932277249452289,-0.607500959030617
"vm(ID, ginv)_Nr_504389",0.120080553226605,0.936170540480335,0.128267818772629
"vm(ID, ginv)_Nr_502210",-1.18722642976533,0.935463369309065,-1.26913192832149
"vm(ID, ginv)_Nr_501033",-0.115643559210254,0.943303435355955,-0.122594230950315
"vm(ID, ginv)_Nr_502773",-0.573926876519678,0.935344268986652,-0.613599607705372
"vm(ID, ginv)_Nr_500359",-0.402627324632353,0.934404552219091,-0.430891869775425
"vm(ID, ginv)_Nr_501334",-1.01969802284069,0.935513103674873,-1.0899879636481
"vm(ID, ginv)_Nr_501445",-0.322038337702151,0.935044562625778,-0.344409614872053
"vm(ID, ginv)_Nr_504787",-0.257291974330921,0.936997684292508,-0.274591899899084
"vm(ID, ginv)_Nr_500799",0.140453221091978,0.93195265549354,0.150708536816816
"vm(ID, ginv)_Nr_501966",-0.268343640026372,0.938865898190423,-0.285816792945168
"vm(ID, ginv)_Nr_500081",-1.27754183196044,0.938159338540628,-1.36175357370289
"vm(ID, ginv)_Nr_503976",-0.00654432541554611,0.943970957680892,-0.00693276139726155
"vm(ID, ginv)_Nr_500121",-0.516377897373335,0.937786197682623,-0.550634994041674
"vm(ID, ginv)_Nr_501767",-1.00246840856692,0.942885466270868,-1.0631921314173
"vm(ID, ginv)_Nr_502749",-0.78957897024487,0.936933258103265,-0.842727017550108
"vm(ID, ginv)_Nr_504669",-0.220373318930997,0.94487388226007,-0.233230405738256
"vm(ID, ginv)_Nr_501868",-0.212645634104949,0.945843778922473,-0.224821095030301
"vm(ID, ginv)_Nr_504860",0.105276517698728,0.928427529472255,0.113392283572818
"vm(ID, ginv)_Nr_504995",-0.525584361511801,0.939442796233785,-0.559463932896034
"vm(ID, ginv)_Nr_503798",0.343924390551493,0.943347628319839,0.364578634881442
"vm(ID, ginv)_Nr_503577",0.0776448417846641,0.947851302302692,0.081916690514678
"vm(ID, ginv)_Nr_500539",-0.157025492452058,0.943442157689102,-0.166438918562513
"vm(ID, ginv)_Nr_501156",-0.484548455972337,0.932955660176104,-0.519369222628302
"vm(ID, ginv)_Nr_500856",-0.272242991665728,0.93750628763182,-0.29039057684981
"vm(ID, ginv)_Nr_500724",-0.202384908403214,0.941954156792453,-0.214856431115901
"vm(ID, ginv)_Nr_501710",-0.552590099336027,0.930454516347416,-0.593892650986606
"vm(ID, ginv)_Nr_503924",-0.553582777679468,0.932421274992965,-0.59370457595323
"vm(ID, ginv)_Nr_500911",-1.81683531205285,0.941264936819903,-1.93020608861847
"vm(ID, ginv)_Nr_500815",-0.0998907549412571,0.927407074049149,-0.107709718565251
"vm(ID, ginv)_Nr_501600",-0.7010219993442,0.94026037701296,-0.745561566224053
"vm(ID, ginv)_Nr_503993",-1.20119494342725,0.941059580996362,-1.27642815363025
"vm(ID, ginv)_Nr_502509",-0.307210728027942,0.933512196834192,-0.329091284580728
"vm(ID, ginv)_Nr_500933",-0.193260691293096,0.924183665821293,-0.209115025984961
"vm(ID, ginv)_Nr_504515",-0.684181575037213,0.936307086367257,-0.730723482710937
"vm(ID, ginv)_Nr_504935",-0.455249038802123,0.93751142020063,-0.485593059447424
"vm(ID, ginv)_Nr_504977",-0.8228736975173,0.933838032617885,-0.881173896088262
"vm(ID, ginv)_Nr_500552",-0.712764497310799,0.945654725405971,-0.753725940516829
"vm(ID, ginv)_Nr_502140",-0.188700380466568,0.933897304345866,-0.202056885257572
"vm(ID, ginv)_Nr_502802",-0.443307322565818,0.940431600670049,-0.471387097424168
"vm(ID, ginv)_Nr_502381",-1.14199318308869,0.939447373710794,-1.21560101719998
"vm(ID, ginv)_Nr_502109",0.0415229349479856,0.93820434172961,0.0442578797614992
"vm(ID, ginv)_Nr_503896",0.141552006445109,0.942468097840354,0.150192889042582
"vm(ID, ginv)_Nr_502532",0.534424612265082,0.949785282312556,0.562679399457375
"vm(ID, ginv)_Nr_501120",0.074802357722289,0.937673365099038,0.0797744294617864
"vm(ID, ginv)_Nr_504337",-0.442770534089343,0.937270349995502,-0.472404289852408
"vm(ID, ginv)_Nr_502738",-0.123278370292073,0.940052001791717,-0.131139947638117
"vm(ID, ginv)_Nr_504589",-0.629507420250123,0.947154441179731,-0.664630173159552
"vm(ID, ginv)_Nr_501027",-0.347980239179251,0.943167859307932,-0.368948364540951
"vm(ID, ginv)_Nr_504131",0.0541913417195163,0.939157369040322,0.0577020886019259
"vm(ID, ginv)_Nr_501137",-0.181254461021028,0.946723885223874,-0.191454408038059
"vm(ID, ginv)_Nr_500742",0.0782394607691923,0.930936329928396,0.084043836569586
"vm(ID, ginv)_Nr_503912",-0.299139899262588,0.926982300572413,-0.322702924400895
"vm(ID, ginv)_Nr_501902",-0.4192231316658,0.94276465587267,-0.444674213287882
"vm(ID, ginv)_Nr_500894",-0.372397361518793,0.933476144578257,-0.398936131021368
"vm(ID, ginv)_Nr_504458",-0.676939195406864,0.938589298250256,-0.721230464345622
"vm(ID, ginv)_Nr_502582",0.0429886081692394,0.947489859781263,0.0453710482760879
"vm(ID, ginv)_Nr_504819",-1.30101025885328,0.931758655235954,-1.39629532985
"vm(ID, ginv)_Nr_504997",-0.245072563089215,0.94408746592412,-0.259586714086206
"vm(ID, ginv)_Nr_501337",0.180988183913771,0.947322486728958,0.191052346428206
"vm(ID, ginv)_Nr_503527",-0.435426277729609,0.91762755033071,-0.474513082756378
"vm(ID, ginv)_Nr_500382",-0.431086393987677,0.929768160381659,-0.463649340079274
"vm(ID, ginv)_Nr_504188",1.42143513833943,0.777297433524149,1.82868883523114
"vm(ID, ginv)_Nr_504713",-0.754277274169322,0.932188577148376,-0.809146660514447
"vm(ID, ginv)_Nr_504257",-0.831922212694924,0.931835401929386,-0.892778071076083
"vm(ID, ginv)_Nr_502942",-0.440623551487371,0.942605066977955,-0.46745298420688
"vm(ID, ginv)_Nr_501347",-0.360471731206264,0.947789946432524,-0.380328713722991
"vm(ID, ginv)_Nr_500650",-0.323502845779992,0.953374297625453,-0.339324068821378
"vm(ID, ginv)_Nr_503640",-0.26378208382929,0.943114533819904,-0.279692523410589
"vm(ID, ginv)_Nr_503811",-0.422137262841522,0.931154696760002,-0.453348153975241
"vm(ID, ginv)_Nr_504547",-0.259668638724336,0.938549229282704,-0.276670238089472
"vm(ID, ginv)_Nr_500934",-0.427929177760417,0.9422365494787,-0.454163211984477
"vm(ID, ginv)_Nr_501424",-0.801161712633618,0.944493367533475,-0.848244932334289
"vm(ID, ginv)_Nr_501824",-0.42569660044924,0.941004504014231,-0.45238529532352
"vm(ID, ginv)_Nr_500536",-0.850792256290931,0.927999033415942,-0.91680295523497
"vm(ID, ginv)_Nr_501931",-0.579440570791619,0.964177511613331,-0.600968767485623
"vm(ID, ginv)_Nr_500716",-0.432773636960849,0.935502453675489,-0.462610905252602
"vm(ID, ginv)_Nr_502578",-0.487218007032315,0.932029744882349,-0.52274941836091
"vm(ID, ginv)_Nr_502269",-0.615867759037137,0.933823426613174,-0.659512003538816
"vm(ID, ginv)_Nr_501736",-0.0519342625249554,0.942248179597656,-0.0551173922640334
"vm(ID, ginv)_Nr_500745",0.159188911367688,0.942279451241649,0.168940234404903
"vm(ID, ginv)_Nr_504829",-0.787730008305266,0.925225167504458,-0.851392759267403
"vm(ID, ginv)_Nr_502073",-0.692346173713521,0.927399541994882,-0.746545736074282
"vm(ID, ginv)_Nr_500554",0.169814966821798,0.935361826862679,0.181550029031417
"vm(ID, ginv)_Nr_504712",-0.48042353493525,0.93545393957219,-0.513572624596526
"vm(ID, ginv)_Nr_504880",-0.055461544699501,0.935131444774448,-0.0593088223152182
"vm(ID, ginv)_Nr_504204",0.237458912097452,0.937171115240236,0.253378394015677
"vm(ID, ginv)_Nr_500794",-0.147435774188884,0.939549665431684,-0.156921746250788
"vm(ID, ginv)_Nr_500274",-0.261069810126836,0.937905951587084,-0.278353932699824
"vm(ID, ginv)_Nr_504764",-0.142887678147286,0.947479319215952,-0.150808229002325
"vm(ID, ginv)_Nr_502369",0.731417610540419,0.932184992006459,0.78462710386068
"vm(ID, ginv)_Nr_502280",-0.630232144962079,0.926287910454428,-0.680384724715767
"vm(ID, ginv)_Nr_500139",0.112824116388824,0.93577870869355,0.120567090638703
"vm(ID, ginv)_Nr_503010",-0.397678776738879,0.947756584579187,-0.419600120125204
"vm(ID, ginv)_Nr_504482",-0.581517463099485,0.944359958502648,-0.6157794576779
"vm(ID, ginv)_Nr_504003",-0.977102823472069,0.943776200925985,-1.03531199718046
"vm(ID, ginv)_Nr_501320",-0.327204146962126,0.934505826278996,-0.350136016021412
"vm(ID, ginv)_Nr_502768",-0.747487619016811,0.951955196204751,-0.785213024727309
"vm(ID, ginv)_Nr_503096",-0.980918697616503,0.94138308443713,-1.04199736943756
"vm(ID, ginv)_Nr_502632",-0.628011978237155,0.93663635084866,-0.670497122675337
"vm(ID, ginv)_Nr_503074",0.240691748643305,0.932291660905656,0.258172156564707
"vm(ID, ginv)_Nr_500084",-0.786719840590704,0.931786032436533,-0.844313837301795
"vm(ID, ginv)_Nr_500411",-1.04231380076235,0.947125211121455,-1.10050264582039
"vm(ID, ginv)_Nr_503058",-0.680318758625828,0.935592628517848,-0.727152756326841
"vm(ID, ginv)_Nr_504421",-0.0123912451153303,0.94050313610173,-0.0131751236542288
"vm(ID, ginv)_Nr_503283",-0.0114638501270866,0.944199050239025,-0.0121413489286867
"vm(ID, ginv)_Nr_504292",-0.763527604008537,0.93141951110871,-0.819746199110298
"vm(ID, ginv)_Nr_500282",0.0581719754755256,0.956427690163649,0.0608221364498262
"vm(ID, ginv)_Nr_502089",-1.55822305313201,0.953557875994497,-1.63411481605864
"vm(ID, ginv)_Nr_503199",0.162803783795765,0.94254141406516,0.172728520324212
"vm(ID, ginv)_Nr_501630",-0.103369800071382,0.931794890954866,-0.110936216837863
"vm(ID, ginv)_Nr_504057",-0.429495338601128,0.94248705081777,-0.455704232995526
"vm(ID, ginv)_Nr_504724",-0.892231124366691,0.940819395117998,-0.948355368731303
"vm(ID, ginv)_Nr_504856",-0.795252233179801,0.94295372923219,-0.843362944041107
"vm(ID, ginv)_Nr_502423",-0.107737888200315,0.925279458624741,-0.11643821463458
"vm(ID, ginv)_Nr_503781",-1.27780373681443,0.929738455123263,-1.37436902794886
"vm(ID, ginv)_Nr_503727",-0.80781659994788,0.936797790747725,-0.862316935336819
"vm(ID, ginv)_Nr_500472",-0.735303690651804,0.930464853659612,-0.790254127020254
"vm(ID, ginv)_Nr_504685",-0.313225736479623,0.944238476158866,-0.331723123329836
"vm(ID, ginv)_Nr_500951",-0.614969385797191,0.945950097163058,-0.65010764060547
"vm(ID, ginv)_Nr_503069",-1.15777169530401,0.932089936838358,-1.24212444480536
"vm(ID, ginv)_Nr_503539",-0.617081831271276,0.932618425553095,-0.661665922915164
"vm(ID, ginv)_Nr_501644",-0.234227902648213,0.924943171854088,-0.253234911912148
"vm(ID, ginv)_Nr_504870",-0.483225310019571,0.940152751626475,-0.513985955137169
"vm(ID, ginv)_Nr_501768",-0.767456394956531,0.944642422161997,-0.812430584262835
"vm(ID, ginv)_Nr_502144",-0.172373232080023,0.931596316843844,-0.185029963046662
"vm(ID, ginv)_Nr_503366",-0.618903528449105,0.929696392034596,-0.665704991168853
"vm(ID, ginv)_Nr_501447",0.212497014779157,0.937341788508467,0.226701740372943
"vm(ID, ginv)_Nr_503743",-0.377771846137276,0.93262715385193,-0.405062027817875
"vm(ID, ginv)_Nr_504949",0.503163805876366,0.931494951360292,0.540168044004511
"vm(ID, ginv)_Nr_503850",0.186210268679798,0.938650095190854,0.198380919187928
"vm(ID, ginv)_Nr_500840",-0.512645339419207,0.945818092185553,-0.542012617071651
"vm(ID, ginv)_Nr_501330",0.169196050790272,0.930340861193945,0.181864580873225
"vm(ID, ginv)_Nr_500310",0.361384434312035,0.930170858756005,0.388514035792677
"vm(ID, ginv)_Nr_503980",-1.26996550656762,0.944304927975336,-1.34486802826553
"vm(ID, ginv)_Nr_503731",-0.497743223605001,0.938321806427809,-0.530461106408589
"vm(ID, ginv)_Nr_501028",-0.829222683171357,0.934790902208268,-0.887067558330397
"vm(ID, ginv)_Nr_502138",-0.896912339970056,0.929697177484365,-0.96473600403626
"vm(ID, ginv)_Nr_504925",-0.276803085908408,0.93893716547654,-0.294804696295008
"vm(ID, ginv)_Nr_502579",-0.533676283880316,0.938863940641044,-0.568427714367141
"vm(ID, ginv)_Nr_502651",2.633385116102,0.784198662484397,3.35805866814316
"vm(ID, ginv)_Nr_501408",-0.689053234616937,0.94307498160434,-0.730645227641108
"vm(ID, ginv)_Nr_504559",-0.168450294298804,0.939037119637345,-0.179386193342239
"vm(ID, ginv)_Nr_501101",-0.334471429476517,0.92172484018162,-0.362875572942801
"vm(ID, ginv)_Nr_503176",-0.231413698955879,0.942726688866021,-0.245472735299602
"vm(ID, ginv)_Nr_500188",-0.377276865907028,0.931414094502535,-0.405058145602284
"vm(ID, ginv)_Nr_501905",-0.66879731196397,0.938556636308968,-0.712580664917706
"vm(ID, ginv)_Nr_504531",-0.682327997693022,0.926784060953102,-0.736231908208821
"vm(ID, ginv)_Nr_504830",-0.535294825432199,0.92985866772577,-0.575673318980197
"vm(ID, ginv)_Nr_502505",-0.501412709215475,0.939873877512048,-0.533489355553504
"vm(ID, ginv)_Nr_500606",0.0768873378555981,0.941511896062935,0.0816636923836155
"vm(ID, ginv)_Nr_501530",-0.746412983956061,0.943739780798291,-0.790909739255332
"vm(ID, ginv)_Nr_503572",0.697601386774115,0.941896946166515,0.740634513800396
"vm(ID, ginv)_Nr_504222",-0.574364175750444,0.937384905632431,-0.61273034406601
"vm(ID, ginv)_Nr_503077",-0.221851636753341,0.945259046772824,-0.23469930016619
"vm(ID, ginv)_Nr_500808",-0.184492588073585,0.936183733199985,-0.197068782046626
"vm(ID, ginv)_Nr_504887",-0.337493830454056,0.940574080612361,-0.358816851761777
"vm(ID, ginv)_Nr_504326",-0.631763479394836,0.944167835247043,-0.669122009679067
"vm(ID, ginv)_Nr_503055",-0.432257574598999,0.942376490794515,-0.45868883489927
"vm(ID, ginv)_Nr_502407",1.65772477154232,0.737857346454807,2.24667380423494
"vm(ID, ginv)_Nr_503037",-0.0642174158677956,0.937515519518017,-0.0684974430085277
"vm(ID, ginv)_Nr_503088",0.278545211357004,0.93949217746832,0.296484864948646
"vm(ID, ginv)_Nr_500153",0.127549445017688,0.938702614038238,0.135878438080596
"vm(ID, ginv)_Nr_502420",-0.21146801330835,0.942919882494695,-0.224269333200257
"vm(ID, ginv)_Nr_500690",0.114165126325042,0.940061434756315,0.12144432491759
"vm(ID, ginv)_Nr_500421",-0.013035222359049,0.936877087421748,-0.0139134818580327
"vm(ID, ginv)_Nr_501158",1.1916603336851,0.782633672538958,1.52262849848922
"vm(ID, ginv)_Nr_503169",0.35316753456652,0.926813649891872,0.381055603365059
"vm(ID, ginv)_Nr_502328",-0.554624927947491,0.937110165715084,-0.591846026474669
"vm(ID, ginv)_Nr_500429",-0.172655737630985,0.931731100733443,-0.185306401702244
"vm(ID, ginv)_Nr_502913",-0.244139238672502,0.920853782941614,-0.265122697213247
"vm(ID, ginv)_Nr_504358",-0.52341631146804,0.937394787276756,-0.558373396750613
"vm(ID, ginv)_Nr_500622",-0.521707317652272,0.944188825708696,-0.55254553268059
"vm(ID, ginv)_Nr_502492",-0.507869582992325,0.933872779417894,-0.543831659071264
"vm(ID, ginv)_Nr_500213",-0.762492562004239,0.936109669955016,-0.814533367699193
"vm(ID, ginv)_Nr_502171",-0.726686350778364,0.931760349603175,-0.779906926805644
"vm(ID, ginv)_Nr_501191",-0.539910870475343,0.930122492130601,-0.580472867867744
"vm(ID, ginv)_Nr_504740",-0.572200879560338,0.939130826200633,-0.609287719662281
"vm(ID, ginv)_Nr_502517",-0.794004598201174,0.942573571261083,-0.842379441149473
"vm(ID, ginv)_Nr_504054",-0.9932059929212,0.927643714063974,-1.07067614199637
"vm(ID, ginv)_Nr_504325",-0.40556599294986,0.938480709000377,-0.432151656459565
"vm(ID, ginv)_Nr_502191",-0.161475564795183,0.930456280875999,-0.173544494366955
"vm(ID, ginv)_Nr_502392",-0.19389688266357,0.947397983729463,-0.204662545195937
"vm(ID, ginv)_Nr_503739",-0.214922881969236,0.93322642625774,-0.230300895819123
"vm(ID, ginv)_Nr_501978",-0.625859541353092,0.931820875201241,-0.671652200556172
"vm(ID, ginv)_Nr_504762",-0.340819371328434,0.94535310710593,-0.360520707835622
"vm(ID, ginv)_Nr_500657",-0.643218907727242,0.930012182253357,-0.691624174393895
"vm(ID, ginv)_Nr_503141",0.0370658510863948,0.935368390326148,0.0396270084276319
"vm(ID, ginv)_Nr_500818",-0.106431655282084,0.920724567349123,-0.115595541876887
"vm(ID, ginv)_Nr_502085",0.0248158983320154,0.932362013253233,0.0266161619406038
"vm(ID, ginv)_Nr_501548",-0.300552276514608,0.933991466152774,-0.321793386135122
"vm(ID, ginv)_Nr_500507",-0.208601216045563,0.948920742956878,-0.219829967459192
"vm(ID, ginv)_Nr_502925",-1.06853884570604,0.94207333263553,-1.13424168659643
"vm(ID, ginv)_Nr_503950",0.370550169173232,0.943983909037659,0.392538649891806
"vm(ID, ginv)_Nr_504231",0.150755896637863,0.937580354034867,0.160792508065134
"vm(ID, ginv)_Nr_502391",-0.12819307080285,0.934371087787894,-0.137197171956963
