"","Np2_503743","Np2_503776","Np2_500070","Np2_503211","Np2_500364","Np2_500237","Np2_500988","Np2_503273","Np2_504386","Np2_500222","Np2_503725","Np2_503529","Np2_503950","Np2_503560","Np2_502181","Np2_503965","Np2_503522","Np2_504620","Np2_501956","Np2_500857","Np2_502712","Np2_504131","Np2_504628","Np2_501439","Np2_501016","Np2_501451","Np2_502846","Np2_502358","Np2_504421","Np2_502938","Np2_500330","Np2_500795","Np2_501505","Np2_501469","Np2_500920","Np2_502351","Np2_504316","Np2_502744","Np2_503289","Np2_502669","Np2_504468","Np2_502524","Np2_502778","Np2_500880","Np2_503517","Np2_502059","Np2_503520","Np2_503718","Np2_501083","Np2_501582","Np2_500003","Np2_502283","Np2_500469","Np2_501160","Np2_502195","Np2_502118","Np2_501370","Np2_501622","Np2_502703","Np2_503014","Np2_500176","Np2_504949","Np2_504339","Np2_501067","Np2_503186","Np2_502872","Np2_503469","Np2_501601","Np2_502466","Np2_501253","Np2_504090","Np2_501585","Np2_501284","Np2_501741","Np2_500754","Np2_501850","Np2_501260","Np2_504871","Np2_503828","Np2_504827","Np2_500055","Np2_500636","Np2_502344","Np2_503650","Np2_503608","Np2_502645","Np2_500714","Np2_504305","Np2_504565","Np2_504427","Np2_502794","Np2_501374","Np2_504604","Np2_503872","Np2_501874","Np2_504622","Np2_500778","Np2_500086","Np2_503137","Np2_501285"
"Np2_503743",1.00718061,-0.01053166,-0.00374366,0.00933403,-0.01523379,0.00249285,0.00053302,-0.01305361,-0.00607874,-0.00935425,-0.0184454,-0.01930837,0.0002079,-0.01802156,-0.01312198,-0.00719386,0.00059379,-0.01937974,-0.00664087,-0.00578098,-0.01511065,-0.00653451,-0.01473843,-0.01155258,-0.00616534,-0.00755091,-0.00837128,-0.02050402,-0.02768395,-0.02421705,-0.02312161,-0.02472293,-0.00386065,-0.01335443,-0.015059,-0.01586878,0.00169676,-0.01123505,-0.00356134,-0.00861133,-0.02798323,0.00482034,0.00409261,-0.01858517,0.01594275,-0.0073139,-0.03114478,-0.0157032,0.0188217,0.00607066,-0.02362458,0.00356999,-0.03167198,-0.00188866,-0.00860069,-0.02270844,-0.0089805,-0.0075585,-0.00647526,-0.01659951,-0.00733516,-0.00342766,-0.01503925,-0.01502102,-0.00912635,-0.01485084,0.00190185,-0.02391319,-0.0140411,-0.00876932,0.00174538,0.00592178,-0.01596751,-0.01887689,-0.01262669,-0.01650383,-0.01848946,-0.00594353,-0.01556793,-0.00488309,-0.00666213,-0.00686419,-0.0166466,-0.02005278,-0.02939312,0.01321416,-0.01562724,-0.00779247,-0.00657857,-0.01354432,4.078e-05,-0.00748556,-0.01056508,-0.00826797,-0.01090538,-0.02113902,-0.0008495,-0.00726832,-0.00017343,-0.01669067
"Np2_503776",-0.01053166,0.99782371,-0.01191567,-0.0146382,-0.00563059,-0.01008499,-0.00657553,-0.00983127,-0.01698539,-0.01479162,-0.0141596,-0.01061674,-0.01373726,-0.02345893,-0.02600366,-0.02205055,-0.01973219,-0.01068813,-0.02529567,-0.01456071,-0.01538259,-0.01181996,-0.02625277,-0.01015335,-0.01752779,-0.02742116,-0.02489913,-0.01150854,-0.02157505,-0.03345254,0.00197782,-0.02469101,-0.01628658,-0.01089171,-0.00150581,-0.01082335,-0.01999655,0.31558626,-0.00292174,-0.00462938,0.00699133,-0.00897291,-0.01653723,-0.00336081,-0.00909293,-0.01624555,-0.02214932,-0.02767334,-0.02034293,-0.00149365,-0.00748861,0.00709615,-0.00171091,-0.02601276,-0.02847092,-0.01994188,-0.0133544,-0.00220922,-0.02300313,-0.02583499,-0.00487246,0.0049601,-0.00194184,-0.03944896,-0.02109649,0.00052542,-0.01812026,-0.00808111,-0.00565334,-0.00417967,-0.0260249,-0.01425226,-0.02368374,-0.03768363,-0.00818897,-0.01556037,-0.02210373,-0.01609056,-0.00733211,-0.02095519,-0.00814946,-0.01382081,-0.00947424,-0.01971701,-0.02662656,-0.00863106,0.00050871,-0.01566064,0.01684969,-0.0147278,-0.01420821,-0.00365554,-0.01782555,-0.00550142,-0.00358109,-0.00758583,0.00176512,-0.00419792,-0.00804161,-0.01574721
"Np2_500070",-0.00374366,-0.01191567,0.98587459,-0.0276004,-0.00476765,-0.02350294,-0.00434528,-0.00456253,0.00499504,-0.0183345,-0.01679092,-0.01279229,-0.00072036,-0.01059394,-0.00584629,-0.01419908,-0.00929801,-0.02714456,0.0036733,-0.00503806,-0.00783497,-0.02052824,-0.01384358,-0.00913849,-0.02289375,-0.01941774,-0.00641297,-0.00912635,-0.00886199,0.0099493,-0.02101135,-0.01790301,0.00417465,-0.01580191,-0.01431607,-0.01193543,-0.01047391,-0.02416532,-0.01026271,-0.01637617,0.01150044,-0.00248876,-0.01628198,-0.01541145,-0.00564727,-0.02085189,-0.00670163,-0.01176984,-0.01613765,0.01608094,-0.01072764,-0.00981607,-0.01983854,-0.02256709,0.00201731,0.00568478,-0.00687026,0.01232692,0.00307927,-0.0234528,0.01118292,-0.01043288,-0.01748673,-0.0068338,-0.01157385,-0.00651171,-0.01619386,-0.00752202,-0.02651558,-0.00589946,-0.01057721,-0.03162024,-0.01993423,-0.01403199,-0.00671833,-0.01363395,-0.01607535,-0.01932957,0.00219051,0.00938109,-0.00789423,0.0005634,-0.00101509,0.00150381,-0.02667515,-0.01035084,-0.02749407,-0.00507452,0.01604144,-0.00383784,-0.01547221,-0.01570618,0.00081255,-0.011627,-0.01320094,-0.01629412,-0.01226052,-0.01017158,-0.01386334,-0.00440149
"Np2_503211",0.00933403,-0.0146382,-0.0276004,1.01963115,-0.00551513,-0.02106005,-0.01937368,-0.01609667,-0.01686996,-0.00859919,-0.00477675,-0.0214399,-0.0189392,-0.02060886,0.01513148,-0.01676969,-0.01840137,0.00127745,-0.01165895,0.01502818,0.00235612,-0.02340271,-0.01109681,-0.01246869,-0.02090663,-0.01332862,-0.00579312,-0.03357416,-0.0305751,-0.03166595,-0.00854143,-0.00391382,-0.01267686,-0.02323411,-0.01172123,0.00068646,0.01019999,-0.01503774,-0.0110102,-0.02502377,-0.01765693,-0.03270968,-0.00928133,0.0087567,-0.01596603,-0.00063376,0.0072876,-0.00780767,-0.01734093,-0.00836672,0.00265389,-0.01557708,-0.00098775,-0.01131256,0.01068919,-0.01739565,-0.02250636,-0.01348813,-0.02197616,-0.00809631,0.00678928,-0.02986713,0.00014865,-0.01669677,0.00803659,-0.01759006,-0.00114119,-0.0246774,-0.02452846,-0.02229519,-0.00661504,0.00059987,-0.00214693,0.00481882,-0.01399858,-0.00420249,-0.00588428,0.00833283,-0.01997832,-0.00853385,-0.00879364,-0.01644002,-0.00859916,-0.01261303,-0.00372239,-0.01140219,-0.0053009,-0.01068361,-0.01843326,-0.00580072,-0.02366402,0.00329653,-0.00221378,-0.02665542,-0.01015033,0.0016451,-0.00070213,-0.0080325,-0.01278774,0.01961476
"Np2_500364",-0.01523379,-0.00563059,-0.00476765,-0.00551513,1.0618086,-0.00536775,-0.01188534,-0.03717027,-0.00072188,-0.00354162,-0.01232896,-0.01759777,-0.0147932,-0.01813405,0.00909857,-0.01459872,-0.02200357,0.00800622,-0.01298225,0.00094322,-0.01841356,0.00292432,-0.01515476,-0.00027067,0.0008627,-0.00158634,0.0038222,-0.01848957,-0.01032508,-0.02797578,-0.0078897,-0.00721213,-0.02205222,-0.02045547,-0.02033694,-0.00732152,-0.01178508,-0.02866699,-0.0159797,-0.02315668,-0.01016859,0.01063302,-0.00543916,-0.01657071,0.00398021,-0.02216311,-0.00907625,0.01487326,-0.02094312,-0.01698242,-0.03376417,-0.01492537,-0.01993435,-0.01673785,-0.02025948,-0.01142655,-0.02702012,-0.01876149,-0.01995713,-0.01154655,-0.02795753,0.00755045,-0.00679585,-0.00662569,0.02327319,-0.00949403,-0.02996292,-0.02964695,-0.00063224,-0.0017413,-0.0077864,-0.02898147,0.006253,0.01245916,-0.00225633,-0.02603569,-0.00447291,0.0155174,-0.00808416,-0.02824009,-0.02774025,-0.00287466,-0.02329186,-0.00542853,-0.01735163,0.02586349,0.00127593,-0.02157821,-0.01094492,-0.00925096,0.00463803,-0.0153462,-0.02009691,0.01744683,-0.01420828,-0.00818597,-0.00962165,-0.02713104,-0.01654185,-0.01315695
"Np2_500237",0.00249285,-0.01008499,-0.02350294,-0.02106005,-0.00536775,0.99242351,-0.01284544,0.00091435,-0.0194572,-0.01908653,-0.02422762,-0.0103539,-0.02152644,-0.00314204,-0.02209463,-0.00583566,-0.03450988,-0.01741381,-0.00877691,-0.02888263,0.00599774,-0.01307637,-0.01505138,-0.01095398,0.01342383,-0.00680039,-0.01612853,-0.02552663,-0.01310828,-0.01814915,-0.02009222,-0.0109069,-0.01496027,-0.00743847,-0.01886621,-0.01056051,-0.01730292,-0.00607873,-0.02256099,-0.01044353,-0.01477489,-0.02830835,0.00119693,-0.01783465,-0.00214541,0.01926381,-0.00988445,-0.01495267,0.22208743,-0.01976559,-0.0171009,-0.02150666,-0.00190385,-0.01921717,-0.0160541,-0.01436167,-0.00959731,-0.02032926,-0.02623456,-0.00870855,-0.00719234,-0.01832537,-0.01793491,-0.0217148,-0.00397003,-0.02063307,-0.0263652,0.00479147,-0.00326357,-0.01910929,-0.02363512,-0.0106471,0.01607944,-0.00809934,-0.01126847,-0.00253586,-0.01682739,-0.01992968,-0.00676542,-0.01203266,-0.01958481,-0.01902726,0.00309446,-0.00730021,-0.00235963,-0.01216634,-0.01852291,-0.00567462,0.00252779,-0.00656489,-0.01121073,-0.01706591,-0.01741078,-0.01496175,-0.00620483,-0.01932501,-0.01498757,0.00062265,-0.0085384,-0.01016702
"Np2_500988",0.00053302,-0.00657553,-0.00434528,-0.01937368,-0.01188534,-0.01284544,0.98576823,-0.01228789,-0.02627859,-0.01922325,-0.01312195,-0.02340423,-0.0008495,-0.02181357,0.00952087,-0.00977049,-0.01687144,-0.01284088,-0.00131742,-0.02825973,-0.0097872,-0.01488426,0.0255276,0.00516519,-0.01208432,0.00354568,-0.01626525,-0.0050016,-0.00428147,-0.02269169,-0.02220395,-0.0096763,-0.02573172,-0.01699452,-0.02204142,-0.00249332,-0.01364154,-0.01092511,-0.01798806,0.00324487,-0.00442883,0.01485343,-0.00334562,-0.00976746,-0.00304177,-0.00381354,-0.0101731,-0.01706441,0.0010526,-0.02886585,-0.01009715,-0.02923961,-0.00933296,-0.00568069,0.00021701,-0.01297916,-0.00927826,-0.02669489,-0.01163461,-0.02282231,-0.0304216,-0.00068693,-0.00470229,-0.00225328,-0.02294538,-0.0139332,-0.00219403,-0.03302255,-0.00856573,-0.01210557,-0.01344099,-0.00470685,-0.01520179,-0.00808414,0.06394927,-0.01026882,-0.02395263,-0.00684898,-0.0084214,-0.02386755,-0.01789844,-0.0012369,-0.01117123,-0.00743694,0.01375957,-0.0156454,-0.00331524,-0.00915369,0.01591231,-0.02584409,-0.01043591,-0.01750648,-0.0131417,-0.00370415,-0.02138207,0.00044034,-0.01436466,0.00230901,-0.00837127,-0.0188115
"Np2_503273",-0.01305361,-0.00983127,-0.00456253,-0.01609667,-0.03717027,0.00091435,-0.01228789,0.9990089,-0.01889964,-0.02779638,0.00291671,0.00524421,-0.00273792,0.00258097,-0.02639867,-0.00846851,-0.01298674,-0.00044842,-0.00381354,-0.01480378,-0.00073708,-0.02178621,-0.00948032,0.02424235,0.00456206,-0.00214086,-0.01739407,0.05342412,0.02193615,-0.00756456,-0.0066211,-0.01885711,-0.01470656,-0.01873103,-0.03198186,-0.01106643,-0.01006068,-0.01114238,-0.02504192,-0.00715133,-0.01892699,-0.02623156,-0.01571683,-0.01378283,0.00433722,-0.01876751,-0.01737888,-0.01758553,-0.00524163,-0.00052134,-0.0107702,-0.01669523,-0.01790607,-0.01577305,-0.02035814,0.004123,-0.0224091,-0.01992364,0.00303674,-0.01225295,-0.00253282,-0.01214661,-0.01114846,-0.01249754,-0.01176832,-0.00518693,-0.0174518,-0.02260511,-0.01379649,-0.01870366,-0.01441788,-0.01905308,-0.01101324,0.06902827,-0.0292457,-0.02674203,-0.01824485,0.03364953,-0.01258869,0.09867017,-0.00702522,-0.02393899,-0.0320502,-0.00507148,-0.01106947,-0.01434342,-0.01219221,-0.03778089,-0.02319757,-0.00783042,-0.0194648,-0.02699114,-0.02049942,-0.01136571,-0.01932048,-0.02697139,-0.01412616,-0.00869488,-0.01041163,-0.02738462
"Np2_504386",-0.00607874,-0.01698539,0.00499504,-0.01686996,-0.00072188,-0.0194572,-0.02627859,-0.01889964,0.98712968,-0.01839071,-0.02140486,-0.00555612,-0.02189408,-0.02128487,0.00321297,-0.01592646,-0.00616381,-0.0199084,-0.01871581,0.00599623,-0.01275277,-0.00539203,0.00949655,-0.00311773,-0.02507691,-0.02874136,-0.01087498,-0.00584023,0.00445115,-0.01031288,-0.01909255,-0.02616314,0.00259919,-0.01585812,-0.00540875,-0.00895315,-0.0234437,-0.02133496,-0.00530543,-0.01233042,-0.00754632,0.00216468,0.00234851,0.00063633,-0.01178046,-0.02349082,-0.0146579,-0.01820689,-0.02379008,-0.01846208,-0.00804922,-0.02263394,-0.0115389,0.00122883,-0.00517935,-0.00318306,0.01525449,0.02731124,-0.00199045,-0.03110524,0.00839207,-0.01216027,0.01633618,-0.01311891,-0.01968205,-0.02327959,-0.01609814,-0.0166937,0.03434983,-0.02509814,-0.01260844,0.00341806,0.02695419,-0.02548255,0.00203707,-0.01201899,-0.02251238,-0.01361267,-0.01093119,-0.02394655,-0.00916584,-0.01954684,0.01032301,0.00418224,-0.02050245,-0.00053198,-0.02587911,-0.03278101,-0.03263053,-0.00556523,0.00786792,-0.01302775,0.02688735,-0.0153294,-0.01401677,-0.01817343,0.00074875,-0.01493744,-0.011033,-0.01706742
"Np2_500222",-0.00935425,-0.01479162,-0.0183345,-0.00859919,-0.00354162,-0.01908653,-0.01922325,-0.02779638,-0.01839071,1.00883987,-0.01905918,-0.01126244,-0.00146935,-0.02136999,-0.00492412,-0.02315202,-0.02189714,-0.01194151,-0.0039123,-0.01748527,0.00827965,0.0057653,-0.01155409,-0.00882402,-0.00829837,-0.02806686,-0.01764475,-0.03251217,-0.01113024,-0.01252493,-0.01401223,-0.01014425,-0.01875537,0.00122427,-0.01977475,-0.01450753,-0.01699606,-0.01671042,-0.03030612,-0.0320138,-0.01553149,-0.03179961,-0.0016866,-0.00871615,-0.02599457,0.00468209,-0.00106979,-0.0170766,-0.02585021,-0.0279665,-0.01831328,-0.02013633,-0.01238362,-0.02908926,-0.01681071,-0.00569894,-0.01795012,-0.01424926,-0.01514105,-0.02815187,-0.02481259,-0.01133382,0.0259743,0.02933489,0.00697159,-0.00498184,-0.02347563,-0.0099422,-0.02437804,-0.0093831,-0.0081358,0.40927533,0.00757473,-0.01797143,-0.02964831,-0.01119254,-0.02350905,-0.01187467,-0.02392986,-0.02068933,-0.01487214,-0.02130311,-0.02652776,-0.01899538,-0.00114119,-0.03130581,-0.0008966,-0.01159666,-0.00992699,-0.00580224,-0.02032319,-0.01994946,-0.01254618,-0.00705865,-0.01865962,-0.02463936,-0.0066287,-0.02170723,-0.03360294,-0.01745638
"Np2_503725",-0.0184454,-0.0141596,-0.01679092,-0.00477675,-0.01232896,-0.02422762,-0.01312195,0.00291671,-0.02140486,-0.01905918,0.98928732,-0.01868242,-0.00661048,-0.01830716,-0.01097678,-0.01507569,-0.01609967,-0.01799416,-0.00297643,-0.0197398,-0.00157113,0.00335881,-0.00013545,-0.00545736,-0.02255497,-0.00965961,-0.01184729,-0.02215694,0.00256728,-0.00733515,-0.01869755,-0.0043468,0.00846349,0.00945251,-0.01382535,-0.0150909,-0.00041195,-0.02732079,-0.00065655,-0.00707384,-0.01338022,-0.01293661,8.87e-06,0.00619676,-0.00880275,-0.01337265,-0.01289559,-0.01097528,-0.00941803,-0.00165925,-0.00643881,-0.02466973,-0.01023235,-0.00673201,-0.01116517,-0.00567462,-0.01063342,-0.01893459,-0.0069128,-0.00852928,0.01030632,0.0110234,-0.00393052,0.00049352,0.01094592,-0.01027487,-0.00871462,-0.01219674,-0.013719,-0.00252218,-0.01965773,-0.01563325,-0.01412617,-0.01582015,-0.02445854,-0.01709328,-0.00525378,-0.01078687,-0.01600546,-0.00972644,-0.02654598,-0.02431726,-0.01556488,-0.02732689,-0.00795349,-0.00682164,-0.00284731,-0.01415506,0.00513785,-0.01018373,-0.00632181,-0.00989811,-0.00933144,-0.01751711,-0.01529295,-0.00775142,-0.01784677,0.00110577,0.01625264,-0.01089929
"Np2_503529",-0.01930837,-0.01061674,-0.01279229,-0.0214399,-0.01759777,-0.0103539,-0.02340423,0.00524421,-0.00555612,-0.01126244,-0.01868242,1.01491167,-0.01856393,0.03020548,-0.00743392,0.00290001,-0.01362029,-0.00351274,-0.0273877,-0.02060277,-0.01610729,-0.0128485,-0.01953318,-0.00920687,-0.02630451,-0.01234567,-0.00086013,-0.00129464,-0.00999385,-0.0142751,-0.00421614,-0.0123502,-0.01245353,-0.00766637,0.00065608,-1.76e-06,-0.01510004,-0.0184606,-0.01564846,0.00239409,-0.01515472,0.00595066,-0.02121197,0.00852426,-0.00632335,-0.0245665,0.04458055,0.00046769,-0.02486575,-0.00100294,-0.01489801,-0.01672107,-0.00684141,-0.01868547,-0.0124839,-0.01534921,-0.03276583,-0.01949372,-0.02570287,-0.00832875,-0.03324746,-0.013084,-0.01907437,-0.01404264,-0.01619997,-0.01569556,-0.0165661,-0.02931566,-0.00546649,0.00314764,-0.01140523,-0.00084798,-0.00739289,-0.02929287,0.00491149,-0.00701765,0.01059498,-0.02927309,0.02339158,-0.00891821,-0.023307,0.00961052,-0.01885863,-0.02044171,-0.02385699,-0.00024028,-0.01723158,-0.01501802,-0.00529633,-0.01469287,-0.00429818,0.00321601,-0.01080209,-0.00318762,0.00192313,-0.02350298,0.00483856,-0.00628992,-0.00299316,-0.00067175
"Np2_503950",0.0002079,-0.01373726,-0.00072036,-0.0189392,-0.0147932,-0.02152644,-0.0008495,-0.00273792,-0.02189408,-0.00146935,-0.00661048,-0.01856393,1.00365544,-0.01195975,-0.01161792,-0.01298219,0.01121332,-0.02121801,0.00124402,-0.01111354,-0.00920078,-0.02402102,-0.00487853,-0.01384663,0.01220236,0.00914564,-0.01172881,-0.01869611,-0.00886048,-0.02256107,-0.00764052,0.00595064,-0.00144505,-0.03038519,-0.00793374,-0.0105666,-0.0005973,-0.02203688,-0.00068997,-0.02427475,-0.02146566,-0.0193509,-0.01855935,-0.03470437,-0.02387673,-0.00413867,-0.00715589,0.01648969,-0.01112263,-0.00290807,-0.00176257,-0.0192339,-0.01664662,-0.00950009,-0.02866995,0.00553438,-0.01963041,2.255e-05,0.00460004,0.00055277,0.00920944,-0.01590067,-0.00654666,-0.01290927,-0.02478978,-0.02094301,-0.02166164,-0.01785139,-0.00721968,-0.02139425,-0.01969118,-0.00320888,-0.01248844,-5.341e-05,-0.00504565,-0.00816316,0.00899369,-0.00595872,-0.00601189,-0.00185979,0.00015928,-0.02100838,-0.02699264,-0.00928132,-0.01421584,-0.00442428,-0.00637501,0.03640247,-0.01753232,-0.00763445,-0.01212837,-0.02861826,-0.01361876,-0.01436014,-0.02839189,-0.00900024,-0.01119555,-0.0072835,-0.00277135,-0.01549046
"Np2_503560",-0.01802156,-0.02345893,-0.01059394,-0.02060886,-0.01813405,-0.00314204,-0.02181357,0.00258097,-0.02128487,-0.02136999,-0.01830716,0.03020548,-0.01195975,1.0101922,-7.013e-05,-0.0107018,-0.00838344,-0.00951831,-0.00300834,-0.01673324,-0.0155801,-0.01748676,-0.01338479,-0.0173394,0.00278455,-0.01500891,-0.00944843,-0.00198286,-0.01068207,-0.01268444,-0.01341213,0.00215406,-0.00539357,-0.0145835,-0.01127456,-0.01831325,0.02659874,-0.02446617,0.00174233,-0.01895588,-0.01477946,-0.01023389,-0.00913851,-0.00735643,0.00635781,-0.01477189,-0.01231981,-0.01723612,-0.01978083,-0.02144135,-0.00419185,-0.02029586,-0.00403536,-0.02377949,-0.00603165,-0.01725283,-0.01324806,0.01612809,-0.01271786,-0.00628232,-0.01008349,-0.01665878,-0.03252425,-0.02840407,-0.00503807,-0.02443576,0.0439713,-0.01784988,-0.02514526,-0.00984647,-0.01619541,-0.00472661,0.00711136,-0.00764814,-0.00838648,-0.00937704,-0.0133377,0.01060258,-0.00692192,-0.00869488,-0.01290471,-0.00748556,-0.00435439,-0.01961068,-0.02272211,-0.02614798,0.00410934,0.00601903,-0.00795957,-0.0080887,-0.0055941,-0.01296852,-0.02212503,-0.021651,-0.00514593,-0.00246597,-0.0048132,-0.00378772,-0.01583535,-0.01488125
"Np2_502181",-0.01312198,-0.02600366,-0.00584629,0.01513148,0.00909857,-0.02209463,0.00952087,-0.02639867,0.00321297,-0.00492412,-0.01097678,-0.00743392,-0.01161792,-7.013e-05,1.00251887,-0.01780426,0.00882202,-0.01403807,-0.01254161,-0.01031441,-0.00657857,0.01111303,-0.01319487,-0.01046479,-0.03075285,0.02756806,-0.00166229,-0.00559107,-0.00304785,-0.01462147,-0.00653754,-0.02363514,0.00284835,-0.01652053,0.00896939,-0.02298492,-0.02456189,-0.00817225,-0.01022171,-0.01223321,0.01336456,-0.00305545,-0.00515048,-0.0064069,0.00123035,-0.00835306,-0.01699148,-0.01203269,-0.01366585,-0.02049181,-0.01661171,-0.00339423,-0.01280901,-0.01857607,-0.01617262,-0.02769764,-0.01943897,-0.01269962,-0.00538748,-0.01065015,0.00727391,-0.02588819,-0.01698995,-0.00664086,-0.01350785,-0.01862465,-0.01979904,-0.00869641,-0.01583988,-0.00920078,0.00359278,0.00381915,-0.02429905,-0.01900451,-0.02338902,-0.01465642,-0.0324422,-0.01351545,0.0231971,-0.01762045,-0.01180326,-0.02066502,-0.00158177,-0.01319185,-0.00566855,-0.01243678,-0.00284123,-0.01490861,-0.02387365,-0.02704128,-0.01482351,-0.01095551,-0.01996009,0.00786034,-0.01391956,0.00334514,-0.03440047,-0.00390166,-0.01473388,0.00262805
"Np2_503965",-0.00719386,-0.02205055,-0.01419908,-0.01676969,-0.01459872,-0.00583566,-0.00977049,-0.00846851,-0.01592646,-0.02315202,-0.01507569,0.00290001,-0.01298219,-0.0107018,-0.01780426,0.98505104,-0.00788663,-0.00871765,-0.00144808,-0.01228638,-0.02131218,0.00898912,0.00534293,-0.02307147,-0.01069572,-0.02058907,-0.00424196,-0.01105732,-0.00137363,-0.00504717,-0.01124414,-0.02044166,-0.01279685,-0.00314811,-0.02308362,0.03003979,0.00369912,-0.00543457,-0.02601876,-0.00736857,-0.01078838,-0.01687754,-0.0198841,-0.0129366,-0.01684563,-0.0075904,0.00093865,0.00118781,-0.02900715,2.103e-05,0.00010307,-0.00855662,-0.01402134,-0.01781338,-0.01632148,-0.00672898,-0.02855138,-0.02363513,-0.02179227,-0.00912785,0.00211151,-0.01904852,0.00914408,-0.01742445,-0.01669521,-0.01512733,-0.00095736,0.0115126,-0.00884831,-0.01633818,-0.00795044,-0.01987801,-0.02034595,0.00606611,-0.00287617,-0.01343797,-0.00281388,-0.01791819,0.00481728,-0.0145789,4.99e-05,-0.00379835,-0.00492107,-0.00209831,-0.02420029,-0.01091448,-0.01559987,-0.02310948,0.00393156,-0.0188343,-0.01193389,-0.00548319,0.00571819,0.00026714,0.00689712,-0.00515958,-0.01647034,-0.01225446,-0.02156743,-0.01119402
"Np2_503522",0.00059379,-0.01973219,-0.00929801,-0.01840137,-0.02200357,-0.03450988,-0.01687144,-0.01298674,-0.00616381,-0.02189714,-0.01609967,-0.01362029,0.01121332,-0.00838344,0.00882202,-0.00788663,0.99333519,-0.01110895,-0.01599333,-0.007993,-0.01549957,-0.0341179,-0.02029277,-0.01832232,-0.01688514,0.00041603,-0.003139,-0.01147359,-0.02321127,-0.00789424,-0.01576238,-0.00080392,-0.00273033,-0.0208838,-0.0116498,0.00972142,-0.00051526,0.00918966,-0.02491581,-0.01826763,-0.02244707,-0.01820536,-0.02926393,-0.00499703,-0.00723489,0.00186844,-0.02697595,0.00274656,-0.01529447,0.00021245,-0.00897291,-0.01049214,-0.01337415,0.00288785,0.02397802,-0.00471446,-0.00511553,-0.02010138,-0.01020652,-0.00711334,0.01628,-0.01870518,-0.02028974,-0.02376578,0.00385408,-0.01265705,-0.01307181,0.00030969,-0.0218743,-0.00915824,-0.00760709,-0.02242123,-0.01422948,0.00063633,-0.00754632,-0.02372936,0.00056796,-0.01271328,-0.00957602,-0.00056236,0.00160864,-0.0022396,-0.00867968,0.00386624,-0.01595688,0.00963481,0.00221483,-0.00286401,-0.00696749,-0.01211014,0.00269034,-0.01152067,-0.01004245,-0.02536857,-0.01342124,-0.0026893,-0.01126542,-0.0254324,-0.01514711,-0.01647188
"Np2_504620",-0.01937974,-0.01068813,-0.02714456,0.00127745,0.00800622,-0.01741381,-0.01284088,-0.00044842,-0.0199084,-0.01194151,-0.01799416,-0.00351274,-0.02121801,-0.00951831,-0.01403807,-0.00871765,-0.01110895,0.98772227,-0.0227494,-0.0179395,-0.00311317,-0.01717376,0.00591873,0.00074875,-0.0111834,0.02313334,-0.01262971,-0.01807776,-0.01766145,-0.00431946,-0.01856841,0.00094777,-0.00158633,-0.01138394,-0.01141735,-0.00083278,-0.02778115,0.00091435,-0.00964286,-0.00481776,-0.00413562,-0.0153902,-0.0229545,-0.01752623,-0.02538531,0.06499768,-0.00380291,0.00297901,-0.01825243,-0.00821479,-0.00950009,-0.01709629,0.0204336,-0.0067548,-0.00617445,-0.02392836,-0.0199236,-0.03019979,-0.0157472,-0.00293086,-0.00536469,0.01297562,-0.01428416,-0.01244284,-0.01353671,-0.01971696,-0.02043558,-0.01753689,-0.00462633,-0.01242005,-0.00980543,-0.01747913,-0.02265672,0.00223609,-0.00397154,0.00597647,-0.00740351,-0.02174822,-0.03152452,-0.01856084,-0.02170718,-0.0234285,-0.02986854,0.01701227,-0.00113967,-0.00304632,-0.02687421,-0.00597392,0.00633045,-0.02236047,-0.0057369,0.00040995,-0.01558313,-0.01343795,-0.0013387,-0.00017799,-0.01103298,-0.01076713,-0.02524552,-0.01137786
"Np2_501956",-0.00664087,-0.02529567,0.0036733,-0.01165895,-0.01298225,-0.00877691,-0.00131742,-0.00381354,-0.01871581,-0.0039123,-0.00297643,-0.0273877,0.00124402,-0.00300834,-0.01254161,-0.00144808,-0.01599333,-0.0227494,0.99329873,-0.01158145,-0.01103602,-0.02190621,-0.01947542,-0.00550294,-0.01743511,0.00016992,-0.00125817,-0.02432947,-0.0049226,-0.00570956,-0.01783158,-0.01229245,0.00735444,-0.02492803,-0.01478249,-0.0010075,0.01458299,-0.01901053,0.00370368,-0.01517141,9.547e-05,-0.01753994,0.00269794,0.00539156,-0.02753506,-0.02329333,-0.01962584,-0.00357655,-0.00369049,-0.01978382,-0.01924607,-0.00572476,-0.0193934,0.01282067,-0.01288192,0.00688955,-0.02070601,0.02052021,-0.00786993,-0.01936149,0.00676648,0.00186236,-0.0294994,-0.01990994,-0.01933263,-0.02110707,-0.02304109,-0.00191145,0.00461826,-0.00712549,-0.01803214,-0.00884224,-0.02116027,-0.01708113,-0.02404835,-0.00574451,-0.01198403,-0.00323623,-0.01468372,-0.00217579,-0.00349905,-5.493e-05,-0.01530661,-0.01734546,-0.01362028,-0.01036148,-0.01246416,-0.00311014,-0.0102521,-0.00293694,-0.00013849,-0.00903214,-0.00557891,-0.02622238,-0.02232705,-0.01630477,-0.00269993,0.00181981,-0.01174704,-0.01322374
"Np2_500857",-0.00578098,-0.01456071,-0.00503806,0.01502818,0.00094322,-0.02888263,-0.02825973,-0.01480378,0.00599623,-0.01748527,-0.0197398,-0.02060277,-0.01111354,-0.01673324,-0.01031441,-0.01228638,-0.007993,-0.0179395,-0.01158145,1.00808621,-0.03873797,0.01070588,-0.01861555,-0.02424132,-0.01551176,0.00087789,-0.0092099,0.00023069,-0.02821872,-0.01457287,-0.02152945,0.00102525,-0.0048512,-0.01373727,-0.01255528,-0.02415171,-0.00977659,-0.00751594,0.01276749,-0.0029172,-0.02259294,-0.01804738,-0.00479802,-0.02413347,-0.01041924,-0.01331797,-0.00904279,-0.03522859,-0.01118644,-0.01786048,0.00151597,-0.01139763,0.01519375,-0.01564089,0.00028386,-0.01230463,-0.00723641,0.05541128,-0.03374879,-0.02214781,-0.00376797,-0.01277406,-0.00600278,-0.00704802,-0.00738226,0.00649149,-0.01063495,-0.01624404,-0.00363731,0.00634414,-0.0006125,-0.01421126,-0.00677912,-0.01060003,0.00522141,0.0258042,-0.02039155,0.01342383,-0.01367192,-0.02106611,-0.00932385,-0.01013361,-0.01718137,-0.00174889,-0.0182297,-0.02074401,-0.01798512,-0.01334076,-0.02276157,-0.01377524,-0.02373845,-0.02230125,0.00576379,-0.01336048,-0.01842869,-0.02562384,-0.0252364,0.00662976,-0.01574875,0.01984415
"Np2_502712",-0.01511065,-0.01538259,-0.00783497,0.00235612,-0.01841356,0.00599774,-0.0097872,-0.00073708,-0.01275277,0.00827965,-0.00157113,-0.01610729,-0.00920078,-0.0155801,-0.00657857,-0.02131218,-0.01549957,-0.00311317,-0.01103602,-0.03873797,0.98653708,-0.01958936,0.00350314,-0.00561688,-0.02696837,0.01023493,-0.00197981,-0.00955478,-0.00974619,-0.01585053,-0.00883007,0.01281306,-0.02010595,-0.00210135,0.00409412,0.00693056,-0.03110829,-0.01988409,-0.0123623,-0.00799299,-0.01126087,-0.01993274,-0.02187583,-0.0029263,-0.00637955,-0.02826886,-0.01214356,-0.0062732,-0.01352759,-0.02445549,-0.02634855,-0.02027151,-0.02938243,-0.0147916,-0.00555156,0.06936853,-0.01079294,0.00232725,-0.01451662,0.00528825,-0.01021108,-0.01298825,-0.01897862,-0.00543913,-0.03220822,-0.00633243,0.01421836,-0.02405445,-0.01570161,-0.01969722,0.00752913,-0.0129062,-0.02172999,-0.01810661,-0.00608329,-0.01421431,0.04198709,-0.00897137,-0.00294756,-0.01034173,-0.02518625,0.01031391,-0.02134559,-0.01168627,-0.01707656,-0.02794671,0.00838753,-0.0267724,-0.00869486,-0.02796647,-0.01498909,-0.01719808,-0.01435254,-0.01995549,-0.00967934,-0.00168204,-0.00767545,0.00261742,-0.02234376,0.00656441
"Np2_504131",-0.00653451,-0.01181996,-0.02052824,-0.02340271,0.00292432,-0.01307637,-0.01488426,-0.02178621,-0.00539203,0.0057653,0.00335881,-0.0128485,-0.02402102,-0.01748676,0.01111303,0.00898912,-0.0341179,-0.01717376,-0.02190621,0.01070588,-0.01958936,0.98424268,-0.0208883,-0.00433312,-0.0238615,0.00194744,0.00553284,-0.01419607,-0.01469133,-0.01563023,-0.02851184,-0.00960337,-0.00818746,-0.02041585,-0.00556066,-0.01989171,-0.01128975,-0.00112904,-0.00606505,-0.00701307,0.00308838,-0.01317969,-0.00752657,-0.0270139,-0.02302288,-0.00374062,-0.00326357,0.00427796,-0.01968811,-0.0136005,-0.01078385,0.00410476,-0.01472931,-0.03432149,0.00089763,-0.01472933,-0.0120919,-0.01644302,-0.0085232,-0.00862043,-0.01242158,-0.0018294,-0.00402167,-0.00278805,-0.01892242,-0.00793524,-0.00561536,-0.01882065,-0.01836788,-0.02464236,0.0057744,-0.01344553,-0.0184712,-0.02745756,0.0059871,0.00666773,-0.01476424,-0.00069909,-0.01245042,-0.01224838,-0.02238325,0.00840726,-0.02036567,-0.00432552,0.00623626,-0.01602824,0.00101159,0.00200973,-0.00832265,-0.00708447,-0.00398217,-0.01059696,0.00896026,0.00730732,-3.974e-05,0.00096904,-0.0253822,-0.01007587,-0.00252522,-0.03241177
"Np2_504628",-0.01473843,-0.02625277,-0.01384358,-0.01109681,-0.01515476,-0.01505138,0.0255276,-0.00948032,0.00949655,-0.01155409,-0.00013545,-0.01953318,-0.00487853,-0.01338479,-0.01319487,0.00534293,-0.02029277,0.00591873,-0.01947542,-0.01861555,0.00350314,-0.0208883,0.98059595,-0.00281387,-0.0250769,0.02382459,0.01373675,-0.0008267,0.00019726,-0.01016095,-0.01711752,-0.01628804,-0.00955478,0.00981712,-0.0082953,-0.02125902,-0.0097705,-0.0084214,-0.02687865,-0.01901509,-0.01833294,-0.01545855,-0.0064631,-0.01410034,-0.02712483,-0.00677911,-0.00417512,-0.01790303,-0.01452268,-0.01922169,0.00273744,0.00714325,0.02629027,-0.01244436,-0.00320432,-0.02870637,-0.00145719,-0.01036604,-0.01156168,-0.01652048,-0.0063446,-0.00289287,-0.01055441,-0.02360168,-0.00768001,-0.00444098,-0.02247895,-0.02277067,-0.00211199,-0.03087125,-0.00015064,-0.00767241,6.357e-05,-0.00907469,-0.01619385,-0.02341333,-0.02296815,-0.01118186,-0.01108311,-0.01543879,-0.00445618,-0.00541786,-0.01200984,-0.01009865,-0.01336199,-0.02544754,-0.02086558,-0.00406725,-0.00665148,-0.01483261,-0.00610911,-0.00315266,-0.00820719,0.01125734,-0.02191683,-0.01391954,-0.01003786,0.00177424,-0.01209645,-0.01752318
"Np2_501439",-0.01155258,-0.01015335,-0.00913849,-0.01246869,-0.00027067,-0.01095398,0.00516519,0.02424235,-0.00311773,-0.00882402,-0.00545736,-0.00920687,-0.01384663,-0.0173394,-0.01046479,-0.02307147,-0.01832232,0.00074875,-0.00550294,-0.02424132,-0.00561688,-0.00433312,-0.00281387,0.98696861,-0.01702946,-0.01659194,-0.02926238,-0.01313716,-0.02487483,-0.02019253,-0.00375276,-0.03194083,-0.01199013,-0.00674721,-0.00754024,-0.01275581,-0.02040977,-0.01009712,0.01200937,-0.00245989,0.014782,-0.02078048,-0.00829075,-0.02139727,-0.00388495,0.00202796,-0.01435862,0.00488111,0.08224857,-0.00904733,-0.01853658,-0.02522121,0.00425668,-0.02156439,-0.00457621,-0.01777238,-0.00966566,-0.02996886,-0.01323742,-0.02761553,-0.01895889,-0.00867057,-0.01466093,0.00951327,-0.02242124,-0.02525916,-0.02142005,-0.02718106,-0.01138392,-0.02981235,-0.00243406,-0.01405779,0.00735138,-0.01257352,-0.02470618,-0.01582167,0.00422174,0.00127136,-0.02126659,-0.02227994,-0.01691853,0.00688346,-0.00289895,-0.02559951,-0.0062261,-0.02074246,-0.00871616,-0.01106035,-0.020785,-0.02319302,-0.02343304,-0.01075344,-0.00107131,0.00122579,0.01347697,0.00825685,-0.00123082,-0.00157265,-0.00435287,-0.02193355
"Np2_501016",-0.00616534,-0.01752779,-0.02289375,-0.02090663,0.0008627,0.01342383,-0.01208432,0.00456206,-0.02507691,-0.00829837,-0.02255497,-0.02630451,0.01220236,0.00278455,-0.03075285,-0.01069572,-0.01688514,-0.0111834,-0.01743511,-0.01551176,-0.02696837,-0.0238615,-0.0250769,-0.01702946,1.00792515,-0.00193728,-0.00260574,0.04663919,-0.00976444,0.00327375,-0.00960793,-0.00118221,-0.00158937,-0.00181574,-0.02281476,-0.02362454,-0.00681861,-0.03023322,-0.0026574,0.0050543,-0.00656946,-0.01539326,-0.00609394,-0.01130039,-0.01596905,-0.01005615,-0.0152003,0.01376264,0.00164662,-0.00077353,-0.01178202,-0.00372999,-0.01284091,-0.00569438,-0.02866236,-0.00144656,-0.01931897,-0.01409886,-0.01392718,-0.00551662,-0.03058725,-0.02409701,-0.02659311,0.00320233,-0.0088301,-0.01166803,-0.01724824,-0.01586878,-0.01754296,-0.00118069,0.0018897,-0.0212803,-0.01293662,0.0025369,-0.00944387,-0.01575181,-0.00011418,-0.00838192,-0.00023116,-0.00580224,-0.00818898,0.01576498,-0.02197155,-0.02006038,-0.00494083,-0.01155713,-0.00819052,-0.02177715,-0.00947273,-0.01810965,-0.02624976,-0.00597391,-0.01467465,-0.00994673,0.03025859,-0.00823303,-0.01149181,-0.01016248,-0.00899266,-0.03325805
"Np2_501451",-0.00755091,-0.02742116,-0.01941774,-0.01332862,-0.00158634,-0.00680039,0.00354568,-0.00214086,-0.02874136,-0.02806686,-0.00965961,-0.01234567,0.00914564,-0.01500891,0.02756806,-0.02058907,0.00041603,0.02313334,0.00016992,0.00087789,0.01023493,0.00194744,0.02382459,-0.01659194,-0.00193728,1.02399506,-0.00095281,-0.01247784,-0.00978268,-0.00039069,-0.01539931,-0.02155837,-0.0172559,-0.0196092,-0.00201932,-0.01878119,-0.02385245,-0.00731085,-0.01969118,-0.02018345,-0.01205699,-0.01465188,-0.01781038,-0.02483994,-0.02707782,-0.01098594,-0.02023207,-0.03031385,-0.01842568,-0.01598424,0.01083658,-0.02289075,-0.01058028,0.05156306,-0.00148606,-0.01711307,-0.02571806,-0.02627109,-0.03323987,-0.01708114,-0.02179386,-0.0157594,0.00164662,-0.03267014,-0.02130618,-0.01168628,-0.02896469,0.06174662,0.00750636,-0.01821449,-0.00435744,-0.01370232,-0.01523374,-0.01236997,-0.02586998,-0.01820086,-0.01046329,-0.01523678,-0.01255529,-0.01053014,0.00501024,-0.01084007,-0.00087229,-0.00336689,-0.01984771,-0.0153735,-0.00684143,-0.00022204,0.00539765,-0.01630481,-0.01867178,-0.01298069,-0.00253891,-0.02743632,-0.01503319,-0.00141466,-0.0019388,-0.02689246,-0.01250517,-0.02461661
"Np2_502846",-0.00837128,-0.02489913,-0.00641297,-0.00579312,0.0038222,-0.01612853,-0.01626525,-0.01739407,-0.01087498,-0.01764475,-0.01184729,-0.00086013,-0.01172881,-0.00944843,-0.00166229,-0.00424196,-0.003139,-0.01262971,-0.00125817,-0.0092099,-0.00197981,0.00553284,0.01373675,-0.02926238,-0.00260574,-0.00095281,0.98299976,-0.00023268,-0.0004241,-0.02749402,-0.0045215,-0.02237869,-0.01048,-0.00022356,-0.00451087,-0.01914576,-0.01662077,-0.01025817,0.00637905,-0.01021715,-0.01621968,-0.0022548,0.00689257,-0.02596411,-0.00495753,-0.01317362,0.00112856,-0.00348387,-0.00314204,-0.00708142,-0.00927828,0.01077576,-0.00319673,-0.01017917,-0.01582772,0.00075331,-0.03322304,-0.00521428,0.00164207,-0.01197644,-0.00575058,-0.0275183,-0.01725276,-0.00386519,-0.02243036,-0.01311433,0.00196718,0.00699285,0.00714172,-0.00095584,-0.00958362,-0.00814185,-0.0292715,0.01096567,-0.00724399,-0.02616165,-0.00201627,-0.00694166,-0.02841613,-0.01104665,-0.00750833,-0.0257894,-0.01035235,-0.02758363,-0.01413529,-0.02713239,-0.00933298,0.00792111,-0.01973064,-0.0099847,-0.0131113,-0.01896647,-0.01627286,-0.01306421,0.00222545,-0.01119858,-0.03390363,-0.01692613,-0.02016212,-0.02498115
"Np2_502358",-0.02050402,-0.01150854,-0.00912635,-0.03357416,-0.01848957,-0.02552663,-0.0050016,0.05342412,-0.00584023,-0.03251217,-0.02215694,-0.00129464,-0.01869611,-0.00198286,-0.00559107,-0.01105732,-0.01147359,-0.01807776,-0.02432947,0.00023069,-0.00955478,-0.01419607,-0.0008267,-0.01313716,0.04663919,-0.01247784,-0.00023268,1.01723038,-0.00556828,-0.01455921,-0.01179262,-0.01065928,-0.02458779,-0.0014177,0.02559147,-0.02641693,-0.03255164,-0.00902153,-0.00651324,0.00499657,-0.01680614,-0.03459354,-0.01906527,0.0103671,-0.01344407,0.01753646,-0.00507908,-0.01075501,-0.02044019,-0.0183026,-0.01108014,-0.02763991,-0.00484664,-0.02474271,-0.01656613,-0.01289866,-0.00479194,-0.00640843,-0.00562905,0.00657962,0.00627274,-0.00592379,-0.01358534,-0.01675754,-0.01557253,0.00407438,-0.0063674,-0.01714193,0.00488413,-0.00518846,-0.02095673,-0.02908621,-0.0181598,-0.01013059,-0.00129767,-0.02143077,-0.01399706,-0.01573205,-0.0065178,-0.02743329,-0.03787202,-0.00753722,-0.02111775,-0.01312957,-0.01107556,0.01056612,-0.01189446,-0.00573084,-0.01743054,-0.03594258,-0.01081119,-0.01697023,0.00091587,-0.02185459,-0.01780733,-0.00935424,0.01731612,0.00208569,-0.01451969,0.00770386
"Np2_504421",-0.02768395,-0.02157505,-0.00886199,-0.0305751,-0.01032508,-0.01310828,-0.00428147,0.02193615,0.00445115,-0.01113024,0.00256728,-0.00999385,-0.00886048,-0.01068207,-0.00304785,-0.00137363,-0.02321127,-0.01766145,-0.0049226,-0.02821872,-0.00974619,-0.01469133,0.00019726,-0.02487483,-0.00976444,-0.00978268,-0.0004241,-0.00556828,0.99633463,0.02201517,-0.00848976,0.00297444,-0.00259816,-0.01877661,-0.00908684,-0.01551782,-0.00357351,-0.02091111,-0.01065469,-0.00932384,0.00229686,-0.01457893,-0.02032014,-0.02385542,0.00459549,-0.02884011,-0.02669186,0.00804418,-0.0139469,-0.0178863,-0.02205821,-0.01309462,-0.01111504,0.00499505,0.01621012,-0.0003284,-0.01637769,-0.01449993,-0.02313986,0.01307286,0.10346498,-0.02495384,-0.00982671,-0.00190841,0.01431714,-0.00659983,-0.01719353,-0.01399097,-0.01824787,-0.00917799,-0.02266737,-0.00907164,-0.02336471,-0.00485271,-0.00878147,-0.00779701,-0.01449231,-0.01090994,-0.01476121,-0.01638225,-0.0195286,-0.02717498,-0.01037059,-0.00754785,-0.00701308,-0.04021614,-0.01861863,-0.01306273,0.00273592,-0.02094151,-0.02224501,-0.01913664,-0.0168988,0.00256576,-0.02422763,-0.02367462,-0.00520821,-0.01010778,-0.01516686,-0.01588393
"Np2_502938",-0.02421705,-0.03345254,0.0099493,-0.03166595,-0.02797578,-0.01814915,-0.02269169,-0.00756456,-0.01031288,-0.01252493,-0.00733515,-0.0142751,-0.02256107,-0.01268444,-0.01462147,-0.00504717,-0.00789424,-0.00431946,-0.00570956,-0.01457287,-0.01585053,-0.01563023,-0.01016095,-0.02019253,0.00327375,-0.00039069,-0.02749402,-0.01455921,0.02201517,1.00843569,0.00211759,-0.01406846,-0.01918532,-0.00011722,-0.01184884,-0.02025485,-0.00679127,-0.00908836,-0.04349772,-0.00297037,0.0170062,-0.01384666,-0.02080328,-0.0307194,-0.00090115,-0.02461359,0.07385489,-0.01279687,-0.02278589,-0.02763683,-0.03059338,-0.02026243,-0.02253674,-0.02070757,0.0052442,-0.02511949,0.00501631,-0.01012146,-0.01116518,-0.00093154,0.00180007,-0.01905615,-0.02109648,0.00368545,0.01337825,-0.01103299,-0.00324383,-0.01158754,-0.00961554,-0.02029585,-0.01920047,-0.02094911,0.00471398,0.00043731,-0.01351849,-0.02954962,-0.01254465,0.002584,-0.00947121,-0.02886744,-0.00284427,0.01336154,-0.02604616,-0.00028281,-0.00643273,0.00806847,-0.01348054,0.00286203,0.03187808,-0.01671498,-0.00616837,-0.00761774,-0.00522797,-0.0131098,-0.02136843,-0.01367496,-0.00447593,-0.026543,-0.00942109,0.013714
"Np2_500330",-0.02312161,0.00197782,-0.02101135,-0.00854143,-0.0078897,-0.02009222,-0.02220395,-0.0066211,-0.01909255,-0.01401223,-0.01869755,-0.00421614,-0.00764052,-0.01341213,-0.00653754,-0.01124414,-0.01576238,-0.01856841,-0.01783158,-0.02152945,-0.00883007,-0.02851184,-0.01711752,-0.00375276,-0.00960793,-0.01539931,-0.0045215,-0.01179262,-0.00848976,0.00211759,0.97233611,-0.01692308,-0.02538227,-0.01649315,-0.0124246,-0.00427083,-0.01177285,0.01266871,0.00651731,-0.01053467,-0.01137177,-0.0024204,-0.01226357,-0.01291228,-0.00481928,-0.02336622,0.00141873,-0.01352456,-0.01059999,0.00779347,-0.01141889,-0.00488612,-0.01293355,-0.00533126,-0.00854902,-0.02052978,-0.00178839,-0.01753383,0.00132455,-0.02049785,-0.02429902,0.00057404,-0.02060875,-0.01740012,-0.0192536,0.00571059,-0.01111197,0.00181374,-0.02158561,-0.02634085,-0.00944537,-0.01787867,-0.0133331,-0.00287313,-0.01591733,0.00390574,0.03883766,-0.01455154,0.00028386,-0.00285642,-0.01663745,-0.019878,0.0105995,-0.0195453,-0.02432789,-0.01286518,-0.00251004,-0.02050244,-0.02354239,0.00792868,-0.02436735,0.00046617,-0.00154986,-0.00153163,-0.00690368,-0.00072948,-0.00763442,0.00919118,0.02251494,-0.01466396
"Np2_500795",-0.02472293,-0.02469101,-0.01790301,-0.00391382,-0.00721213,-0.0109069,-0.0096763,-0.01885711,-0.02616314,-0.01014425,-0.0043468,-0.0123502,0.00595064,0.00215406,-0.02363514,-0.02044166,-0.00080392,0.00094777,-0.01229245,0.00102525,0.01281306,-0.00960337,-0.01628804,-0.03194083,-0.00118221,-0.02155837,-0.02237869,-0.01065928,0.00297444,-0.01406846,-0.01692308,0.99177318,-0.00434681,-0.01065015,-0.00308735,-0.00556827,-0.01170298,-0.02250782,-0.01863223,-0.01426291,0.00966367,0.03942876,-0.02146109,-0.01405781,-0.02358806,0.00526547,-0.02190774,-0.01284699,0.00648542,-0.01720415,-0.0283646,0.00050111,-0.03170232,0.00871567,-0.01516383,-0.02228302,-0.01706286,-0.0139697,-0.03704247,-0.00979329,0.02681749,-0.01409275,0.02959615,-0.01079751,-0.00429514,-0.00135996,-0.0166633,-0.00859917,-0.02394654,-0.00758431,-0.00922357,-0.0027683,-0.00505932,-0.01693224,0.00618156,-0.02276311,-0.00545432,-0.01068357,-0.00572323,-0.01904244,0.00272681,-0.01357925,-0.0294386,-0.0099042,0.01980009,0.01060104,-0.02021535,-0.02195184,-0.01861097,-0.00081303,0.00016232,-0.00888325,-0.01363394,-0.0124003,-0.02947054,0.00784817,-0.02594738,-0.01671801,-0.00567309,-0.01459409
"Np2_501505",-0.00386065,-0.01628658,0.00417465,-0.01267686,-0.02205222,-0.01496027,-0.02573172,-0.01470656,0.00259919,-0.01875537,0.00846349,-0.01245353,-0.00144505,-0.00539357,0.00284835,-0.01279685,-0.00273033,-0.00158633,0.00735444,-0.0048512,-0.02010595,-0.00818746,-0.00955478,-0.01199013,-0.00158937,-0.0172559,-0.01048,-0.02458779,-0.00259816,-0.01918532,-0.02538227,-0.00434681,1.0211962,-0.0127285,-0.0083561,-0.02496606,-0.00891974,-0.02337081,-0.00992395,-0.0146701,-0.01945724,-0.00625195,-0.00667581,-0.01795926,-0.01260089,-0.00334563,0.00791808,0.00087485,-0.00941805,0.00836777,-0.02953145,-0.00719843,-0.01235932,-0.0132648,-0.00478435,-0.00233229,0.01413028,-0.01407304,-0.00265893,-0.01263126,-0.01293816,-0.01571534,-0.02626345,0.00854553,0.02066914,0.00385408,-0.02147631,-0.00703132,0.00147343,0.00082015,-0.02543092,-0.03021806,-0.02217821,-0.02599916,-0.03691642,-0.02347417,-0.03260025,-0.02263703,-0.01266316,-0.01504383,-0.0213806,-0.01687301,-0.01024755,-0.01881917,0.00541589,-0.01183517,-0.01393785,0.00453169,-0.02266436,-0.01762807,0.0043129,0.00316739,-0.0126738,0.00208113,-0.00010051,-0.00608026,-0.0146564,-0.01636558,0.00516217,-0.00634157
"Np2_501469",-0.01335443,-0.01089171,-0.01580191,-0.02323411,-0.02045547,-0.00743847,-0.01699452,-0.01873103,-0.01585812,0.00122427,0.00945251,-0.00766637,-0.03038519,-0.0145835,-0.01652053,-0.00314811,-0.0208838,-0.01138394,-0.02492803,-0.01373727,-0.00210135,-0.02041585,0.00981712,-0.00674721,-0.00181574,-0.0196092,-0.00022356,-0.0014177,-0.01877661,-0.00011722,-0.01649315,-0.01065015,-0.0127285,1.00585259,-0.01359597,-0.02731934,-0.00929803,-0.00931624,-0.03293896,-0.01383298,-0.01542969,-0.02501313,-0.0076618,-0.01104516,-0.02452545,-0.00995283,0.01118597,-0.0133286,-0.01997528,-0.0160146,0.00032337,-0.00636132,0.000176,-0.02655667,0.00759904,-0.01015489,-0.01769641,-0.00822241,-0.01230461,-0.00465369,-0.01103756,-0.01259935,-0.02071667,0.00543258,-0.00523253,-0.01475514,-0.00256017,-0.02077899,0.04910327,-0.00685051,0.0062469,-0.01525193,0.00737267,-0.00191753,-0.00189626,-0.02521976,-0.02219185,-0.00599974,-0.02367615,-0.02499335,-0.00975683,0.00386624,-0.02019707,-0.00354919,0.00412604,-0.01175767,-0.00489678,0.00506493,-0.01499063,-0.00053502,-0.02508298,-0.01893612,-0.00864627,0.00884328,0.00043275,-0.00478738,-0.00804616,-0.01264188,-0.02286642,-0.00671986
"Np2_500920",-0.015059,-0.00150581,-0.01431607,-0.01172123,-0.02033694,-0.01886621,-0.02204142,-0.03198186,-0.00540875,-0.01977475,-0.01382535,0.00065608,-0.00793374,-0.01127456,0.00896939,-0.02308362,-0.0116498,-0.01141735,-0.01478249,-0.01255528,0.00409412,-0.00556066,-0.0082953,-0.00754024,-0.02281476,-0.00201932,-0.00451087,0.02559147,-0.00908684,-0.01184884,-0.0124246,-0.00308735,-0.0083561,-0.01359597,0.98785598,-0.01003333,-0.02027,0.0009812,0.00607217,-0.01037212,-0.00665148,-0.02702154,-0.00465672,0.00517734,-0.00708752,-0.01803825,-0.01193998,-0.01047545,-0.00512009,0.00370216,-0.01505446,0.0100131,-0.00669403,-0.00319369,-0.01051342,-0.01717683,-0.00527201,-0.02284057,-0.01583228,-0.00134477,0.01247732,-0.00685963,-0.00844419,-0.00386823,-0.02775077,-0.02056166,-0.01216482,-0.0308394,0.01503874,-0.00156658,-0.01763865,-0.02455272,-0.02198218,-0.01972612,-0.00147391,-0.01036454,0.01286927,-0.014389,-0.00745364,-0.02092479,-0.00963832,-0.01060001,0.0002793,-0.00889997,-0.01535374,-0.00768913,0.01026228,-0.01441485,-0.00803551,-0.02031861,-0.02420482,-0.0107656,-0.01354126,-0.01595381,-0.00734882,-0.02457096,-0.01294114,-0.00052134,-0.01089778,-0.01678028
"Np2_502351",-0.01586878,-0.01082335,-0.01193543,0.00068646,-0.00732152,-0.01056051,-0.00249332,-0.01106643,-0.00895315,-0.01450753,-0.0150909,-1.76e-06,-0.0105666,-0.01831325,-0.02298492,0.03003979,0.00972142,-0.00083278,-0.0010075,-0.02415171,0.00693056,-0.01989171,-0.02125902,-0.01275581,-0.02362454,-0.01878119,-0.01914576,-0.02641693,-0.01551782,-0.02025485,-0.00427083,-0.00556827,-0.02496606,-0.02731934,-0.01003333,1.00188677,-0.01211623,-0.00241128,-0.00506844,-0.00586453,-0.01004397,-0.00808111,-0.02202626,0.00998881,-0.02233014,-0.00547864,-0.02277677,-0.00065048,-0.00744909,-0.00971732,-6.405e-05,-0.01343341,-0.01920199,-0.00795349,-0.00919624,-0.02117703,-0.02233769,0.00536726,-0.01405934,0.00027626,-0.02540205,-0.00326357,-0.00667125,-0.01333769,-0.00075834,-0.00921749,0.00221786,-0.02086254,0.00602509,-0.02030343,-0.01373877,-0.01032198,0.00668141,-0.01962436,0.01366841,-0.00236267,-0.01027337,-0.01291991,-0.01646732,0.00120605,-0.01834815,-0.02523491,-0.02757299,0.0004692,-0.00476916,-0.01032198,-0.01561509,-0.00458988,-0.01401071,-0.01550718,0.00430682,-0.0179562,-0.00371632,-0.01706743,0.00855312,-0.00699788,-0.01891634,-0.00269842,-0.00806136,-0.01865353
"Np2_504316",0.00169676,-0.01999655,-0.01047391,0.01019999,-0.01178508,-0.01730292,-0.01364154,-0.01006068,-0.0234437,-0.01699606,-0.00041195,-0.01510004,-0.0005973,0.02659874,-0.02456189,0.00369912,-0.00051526,-0.02778115,0.01458299,-0.00977659,-0.03110829,-0.01128975,-0.0097705,-0.02040977,-0.00681861,-0.02385245,-0.01662077,-0.03255164,-0.00357351,-0.00679127,-0.01177285,-0.01170298,-0.00891974,-0.00929803,-0.02027,-0.01211623,0.99751678,-0.0123441,-0.01484931,0.01397985,-0.00721513,-0.01300043,-0.01737432,-0.00829988,0.00176816,-0.0087268,-0.0067305,-0.0251681,-0.00583566,0.01468478,-0.00969304,-0.01318728,-0.01561353,0.02799491,-0.01760982,-0.01743663,8.94e-05,-0.01170603,-0.00074771,0.00173778,-0.02819441,-0.00058667,-0.01508481,-0.01066079,-0.01388158,-0.01550412,0.00474284,-0.00679127,-0.00876931,-0.01063799,-0.00771952,-0.0252683,0.00419288,-0.01375702,0.00024132,-0.00956086,-0.0103311,-0.01039492,0.00200972,-0.0119172,-0.00230189,-0.00493475,-0.00955172,-0.02890996,-0.0116635,-0.01949517,-0.01764783,0.00781021,-0.00981455,-0.01009562,-0.01200683,-0.00510034,-0.01380106,-0.02153097,-0.00426627,-0.03607317,-0.01137785,-0.02751985,-0.01753841,-0.01126695
"Np2_502744",-0.01123505,0.31558626,-0.02416532,-0.01503774,-0.02866699,-0.00607873,-0.01092511,-0.01114238,-0.02133496,-0.01671042,-0.02732079,-0.0184606,-0.02203688,-0.02446617,-0.00817225,-0.00543457,0.00918966,0.00091435,-0.01901053,-0.00751594,-0.01988409,-0.00112904,-0.0084214,-0.01009712,-0.03023322,-0.00731085,-0.01025817,-0.00902153,-0.02091111,-0.00908836,0.01266871,-0.02250782,-0.02337081,-0.00931624,0.0009812,-0.00241128,-0.0123441,0.9825895,0.00138834,-0.00821935,-0.01179108,-0.01165133,-0.01283481,-0.00695078,-0.02210222,-0.00965657,-0.02087768,-0.01515928,-0.00980391,-0.01116059,-0.0326519,0.00791198,0.00685307,-0.0121314,-0.02887045,-0.03021651,-0.00995584,-0.01537043,-0.00486789,-0.03504614,-0.02228755,-0.01670888,-0.001126,-0.01614827,-0.01633059,-0.0015453,-0.00788511,-0.01683651,-0.00255864,-0.02524094,-0.03493219,-0.01662682,-0.02104479,-0.02030799,-0.00919622,-0.02522731,-0.01475513,-0.01861705,-0.01077015,-0.01816431,-0.01447407,-0.02120888,0.00091283,-0.00127793,-0.0097067,-0.01769029,-0.01751412,-0.01514864,-0.02593674,0.00021701,0.00180006,0.00764307,-0.01564237,-0.01683952,-0.01127302,-0.01421428,-0.01124414,-0.00748403,-0.01239119,-0.02222372
"Np2_503289",-0.00356134,-0.00292174,-0.01026271,-0.0110102,-0.0159797,-0.02256099,-0.01798806,-0.02504192,-0.00530543,-0.03030612,-0.00065655,-0.01564846,-0.00068997,0.00174233,-0.01022171,-0.02601876,-0.02491581,-0.00964286,0.00370368,0.01276749,-0.0123623,-0.00606505,-0.02687865,0.01200937,-0.0026574,-0.01969118,0.00637905,-0.00651324,-0.01065469,-0.04349772,0.00651731,-0.01863223,-0.00992395,-0.03293896,0.00607217,-0.00506844,-0.01484931,0.00138834,0.97119651,0.00386015,-0.00973858,-0.00458531,-0.01214962,-0.00413865,-0.00668035,-0.00410979,0.00852119,-0.02085491,0.01321413,0.01778248,-0.00902608,-0.01738189,0.00222089,0.00146735,-0.01223319,-0.01130037,-0.01473992,-0.00572171,-0.02925021,-0.03679171,-0.01157536,0.00858804,-0.00666971,-0.02974396,-0.01321461,-0.01514098,-0.00051526,-0.01523977,-0.01524278,-0.00905947,-0.01966227,-0.02125898,-0.02370193,0.00498896,0.00713716,-0.00555156,-0.00556218,-0.00623369,-0.01661769,-0.0110983,-0.021537,-0.01110438,-0.00052894,-0.02231791,-0.01449078,-0.01578971,-0.0154616,-0.01264035,-0.0067168,-0.01125174,-0.00100901,-0.01126997,-0.01237447,-0.00430425,-0.01134746,-0.01094638,-0.01739554,3.774e-05,-7.83e-06,-0.00710573
"Np2_502669",-0.00861133,-0.00462938,-0.01637617,-0.02502377,-0.02315668,-0.01044353,0.00324487,-0.00715133,-0.01233042,-0.0320138,-0.00707384,0.00239409,-0.02427475,-0.01895588,-0.01223321,-0.00736857,-0.01826763,-0.00481776,-0.01517141,-0.0029172,-0.00799299,-0.00701307,-0.01901509,-0.00245989,0.0050543,-0.02018345,-0.01021715,0.00499657,-0.00932384,-0.00297037,-0.01053467,-0.01426291,-0.0146701,-0.01383298,-0.01037212,-0.00586453,0.01397985,-0.00821935,0.00386015,0.99345979,-0.00536925,-0.00097559,-0.01643999,-0.00493474,-0.01173034,0.00451344,-0.00883464,-0.0227145,-0.02890538,0.03233079,-0.00268171,-0.01544336,-0.01604651,-0.01695197,0.00125162,-0.01893309,-0.01796682,-0.00910052,0.00975788,-0.02148387,-0.01616957,-0.01788327,-0.00154075,-0.00608025,-0.01978385,-0.02003905,-0.0072364,-0.03381106,-0.02257163,0.0105023,-0.01985068,-0.03785523,0.007558,-0.0234574,-0.0041417,0.02054302,0.01369575,-0.01857605,-0.00936182,-0.02146564,-0.01215419,-0.0213198,-0.00573082,-0.00564271,-0.02257928,-0.00427995,-0.00471143,0.00054061,-0.01571681,-0.0123517,-0.0030205,-0.01540841,0.00308535,-0.01558312,-0.01624552,-0.01143862,0.01006626,-0.02126815,-0.02161757,-0.01094032
"Np2_504468",-0.02798323,0.00699133,0.01150044,-0.01765693,-0.01016859,-0.01477489,-0.00442883,-0.01892699,-0.00754632,-0.01553149,-0.01338022,-0.01515472,-0.02146566,-0.01477946,0.01336456,-0.01078838,-0.02244707,-0.00413562,9.547e-05,-0.02259294,-0.01126087,0.00308838,-0.01833294,0.014782,-0.00656946,-0.01205699,-0.01621968,-0.01680614,0.00229686,0.0170062,-0.01137177,0.00966367,-0.01945724,-0.01542969,-0.00665148,-0.01004397,-0.00721513,-0.01179108,-0.00973858,-0.00536925,0.98753082,-0.00469926,-0.01940403,-0.00941803,-0.01879635,-0.00619876,-0.00997559,-0.02081695,-0.02594436,0.00186843,-0.01172275,-0.00625345,-0.02842986,-0.00381202,0.00147798,0.00742432,-0.01029615,-0.03986675,-0.00186587,-0.02201712,0.00350314,-0.00884528,-0.01817798,-0.00129615,-0.02229212,-0.01571071,-0.02159476,0.02976786,-0.00381049,-0.0164658,-0.00595112,-0.0310961,-0.00467343,-0.01457132,-0.02001931,0.00815963,-0.01190503,-0.02868052,-0.01095853,-0.00619875,-0.00661047,-0.01775108,-0.00049095,-0.01118947,-0.00153924,-0.00937092,-0.01390439,-0.00363883,-0.01944047,-0.00817529,-0.01555577,-0.00758582,-0.00580375,-0.01581252,-0.01799416,-0.00771799,-0.01416717,0.00250651,-0.00756607,-0.02013325
"Np2_502524",0.00482034,-0.00897291,-0.00248876,-0.03270968,0.01063302,-0.02830835,0.01485343,-0.02623156,0.00216468,-0.03179961,-0.01293661,0.00595066,-0.0193509,-0.01023389,-0.00305545,-0.01687754,-0.01820536,-0.0153902,-0.01753994,-0.01804738,-0.01993274,-0.01317969,-0.01545855,-0.02078048,-0.01539326,-0.01465188,-0.0022548,-0.03459354,-0.01457893,-0.01384666,-0.0024204,0.03942876,-0.00625195,-0.02501313,-0.02702154,-0.00808111,-0.01300043,-0.01165133,-0.00458531,-0.00097559,-0.00469926,1.00649988,0.00534751,-0.02158417,0.01020911,-0.00575516,-0.02730717,-0.02128491,-0.02398153,0.0088448,0.00558452,-0.01097528,-0.0182631,-0.01856087,-0.01995555,-0.01476885,-0.02170267,-0.01329213,0.00146432,0.01853457,-0.02324776,-0.01189593,-0.01484783,-0.01224688,-0.00589644,0.00569845,0.00573947,-0.00746582,-0.03177675,0.0006895,-0.00019015,0.01583638,-0.00650868,-0.02172396,0.00351681,0.00647632,-0.01905766,-0.02762925,0.00011979,-0.00256473,0.00082167,-0.00515353,-0.02010135,-0.01530361,-0.02464396,-0.02260053,-0.00677609,-0.02127427,-0.02841619,-0.00773168,-0.00675632,-0.00942108,0.02107475,0.00119085,-0.00402928,-0.01137635,-0.02466212,-0.01133078,-0.01092058,-0.01725886
"Np2_502778",0.00409261,-0.01653723,-0.01628198,-0.00928133,-0.00543916,0.00119693,-0.00334562,-0.01571683,0.00234851,-0.0016866,8.87e-06,-0.02121197,-0.01855935,-0.00913851,-0.00515048,-0.0198841,-0.02926393,-0.0229545,0.00269794,-0.00479802,-0.02187583,-0.00752657,-0.0064631,-0.00829075,-0.00609394,-0.01781038,0.00689257,-0.01906527,-0.02032014,-0.02080328,-0.01226357,-0.02146109,-0.00667581,-0.0076618,-0.00465672,-0.02202626,-0.01737432,-0.01283481,-0.01214962,-0.01643999,-0.01940403,0.00534751,0.99319236,-0.01669066,0.0015813,-0.02972735,-0.0016,-0.00423741,-0.00541482,0.0056863,-0.02446469,-0.01352608,-0.03205632,-0.03539257,-0.00230038,-0.01625617,-0.025165,-0.0094621,0.02322142,-0.01485693,-0.02306391,-0.00533126,0.00508619,0.05493564,-0.00935879,-0.02070447,-0.00729413,-0.02520909,0.00836319,-0.00657097,-0.00957755,-0.00752809,-0.00890757,-0.00452455,-0.01908802,0.01000248,-0.0331547,0.00962417,-0.00395026,-0.01180021,-0.00871766,-0.0254795,-0.02250022,-0.00220618,-0.01185036,-0.01998588,-0.01312503,-0.00209984,0.03512011,-0.00283818,-0.02480341,-0.01531422,-0.01808988,-0.01791971,-0.00202236,-0.03701965,-0.01414742,-0.01418543,0.02192702,-0.01661925
"Np2_500880",-0.01858517,-0.00336081,-0.01541145,0.0087567,-0.01657071,-0.01783465,-0.00976746,-0.01378283,0.00063633,-0.00871615,0.00619676,0.00852426,-0.03470437,-0.00735643,-0.0064069,-0.0129366,-0.00499703,-0.01752623,0.00539156,-0.02413347,-0.0029263,-0.0270139,-0.01410034,-0.02139727,-0.01130039,-0.02483994,-0.02596411,0.0103671,-0.02385542,-0.0307194,-0.01291228,-0.01405781,-0.01795926,-0.01104516,0.00517734,0.00998881,-0.00829988,-0.00695078,-0.00413865,-0.00493474,-0.00941803,-0.02158417,-0.01669066,0.99143889,-0.01365218,-0.01685477,-0.00741415,-0.00838041,-0.01487516,-0.0285377,-0.0121998,-0.00323623,-0.01994337,-0.00368137,-0.02968781,-0.02282995,-0.02611756,0.03698579,0.01057067,-0.00897289,-0.00244318,-0.0023338,-0.01121073,-0.02091568,-0.01046327,-0.02439168,-0.00368897,-0.00534799,-0.0246454,-0.00706776,-0.01660709,-0.01212683,0.00031881,-0.01079448,0.00457116,-0.02710815,-0.00858397,-0.00378619,-0.0328569,-0.01731051,-0.00647981,0.00380091,0.02607452,0.00079129,-0.00672594,-0.00149213,-0.00936793,-0.0066986,-0.00624433,-0.01396969,-0.00889237,-0.01930527,-0.01630782,-0.0146184,-0.00130375,0.02158213,0.01498101,-0.01696109,-0.01715859,-0.02562381
"Np2_503517",0.01594275,-0.00909293,-0.00564727,-0.01596603,0.00398021,-0.00214541,-0.00304177,0.00433722,-0.01178046,-0.02599457,-0.00880275,-0.00632335,-0.02387673,0.00635781,0.00123035,-0.01684563,-0.00723489,-0.02538531,-0.02753506,-0.01041924,-0.00637955,-0.02302288,-0.02712483,-0.00388495,-0.01596905,-0.02707782,-0.00495753,-0.01344407,0.00459549,-0.00090115,-0.00481928,-0.02358806,-0.01260089,-0.02452545,-0.00708752,-0.02233014,0.00176816,-0.02210222,-0.00668035,-0.01173034,-0.01879635,0.01020911,0.0015813,-0.01365218,1.0065637,-0.00465978,0.01009819,-0.00499705,-0.01194759,-0.01558313,-0.02279354,-0.00653755,0.00562098,-0.00652693,-0.00275615,0.00987487,-0.00587061,-0.01508332,-0.01673474,-0.01911083,-0.00695991,-0.01961219,-0.00023116,-0.00416297,-0.00085102,-0.01979295,0.00425213,0.01186053,-0.02019859,-0.01644607,-0.00593137,-0.01801089,-0.00678063,-0.01622277,-0.02394962,-0.01992669,0.0078649,-0.00313748,-0.02126966,-0.02866385,-0.01464273,-0.02958149,-0.0191579,-0.01755057,-0.01777543,-0.02378402,-0.01099809,-0.00756913,0.01400265,-0.01620755,-0.00110321,0.0021571,-0.01793798,-0.01062736,-0.00825127,-0.01392716,-0.02417444,-0.00552574,0.00217684,-0.01540387
"Np2_502059",-0.0073139,-0.01624555,-0.02085189,-0.00063376,-0.02216311,0.01926381,-0.00381354,-0.01876751,-0.02349082,0.00468209,-0.01337265,-0.0245665,-0.00413867,-0.01477189,-0.00835306,-0.0075904,0.00186844,0.06499768,-0.02329333,-0.01331797,-0.02826886,-0.00374062,-0.00677911,0.00202796,-0.01005615,-0.01098594,-0.01317362,0.01753646,-0.02884011,-0.02461359,-0.02336622,0.00526547,-0.00334563,-0.00995283,-0.01803825,-0.00547864,-0.0087268,-0.00965657,-0.00410979,0.00451344,-0.00619876,-0.00575516,-0.02972735,-0.01685477,-0.00465978,1.01276922,-0.01452576,-0.01761898,0.00323272,-0.00055476,-0.00670166,-0.01809599,0.01031849,-0.03388553,-0.00216061,-0.01535681,-0.00573083,-0.0274014,-0.0056564,-0.0302135,-0.01061826,-0.00777422,-0.02318393,0.00235764,-0.00314205,-0.01448775,-0.01171211,-0.00243255,-0.01504533,-0.01433129,-0.0187052,0.00172715,-0.01271785,-0.00894253,-0.00664239,-0.01872346,-0.00688394,-0.01287281,-0.02507994,-0.00907774,-0.00629904,-0.02853017,-0.00564879,-0.01619542,-0.02052225,-0.01376916,-0.0149603,-0.01350636,0.00867313,-0.00406574,-0.02633485,-0.01274368,-0.00670771,-0.00395483,-0.01889814,-0.01226815,-0.01978081,-0.00219555,-0.01333163,-0.00949097
"Np2_503520",-0.03114478,-0.02214932,-0.00670163,0.0072876,-0.00907625,-0.00988445,-0.0101731,-0.01737888,-0.0146579,-0.00106979,-0.01289559,0.04458055,-0.00715589,-0.01231981,-0.01699148,0.00093865,-0.02697595,-0.00380291,-0.01962584,-0.00904279,-0.01214356,-0.00326357,-0.00417512,-0.01435862,-0.0152003,-0.02023207,0.00112856,-0.00507908,-0.02669186,0.07385489,0.00141873,-0.02190774,0.00791808,0.01118597,-0.01193998,-0.02277677,-0.0067305,-0.02087768,0.00852119,-0.00883464,-0.00997559,-0.02730717,-0.0016,-0.00741415,0.01009819,-0.01452576,0.99275476,0.00078521,-0.02196547,-0.02423369,-0.01230159,-0.02126511,0.00866858,-0.01776021,0.00287418,-0.00302962,-0.02105392,-0.01066838,-0.01626983,-0.00785929,-0.0218394,-0.02005883,-0.0061471,-0.02101746,-0.0169459,-0.0140107,-0.01290621,-0.00924789,-0.00454126,-0.02190621,-0.01032806,-0.00129007,-0.0110254,0.03589651,-0.0327521,0.01183469,-0.0238782,-0.01725734,0.01489745,-0.03138935,-0.02298944,-0.03018004,-0.02492189,-0.00508363,-0.01412011,-0.00812667,-0.00354465,-0.00604077,-0.02077893,-0.03458127,-0.01036148,-0.02123016,-0.01169994,-0.0054528,-0.01492681,-0.02971817,-0.03221729,-0.01311284,-0.00905645,0.01726901
"Np2_503718",-0.0157032,-0.02767334,-0.01176984,-0.00780767,0.01487326,-0.01495267,-0.01706441,-0.01758553,-0.01820689,-0.0170766,-0.01097528,0.00046769,0.01648969,-0.01723612,-0.01203269,0.00118781,0.00274656,0.00297901,-0.00357655,-0.03522859,-0.0062732,0.00427796,-0.01790303,0.00488111,0.01376264,-0.03031385,-0.00348387,-0.01075501,0.00804418,-0.01279687,-0.01352456,-0.01284699,0.00087485,-0.0133286,-0.01047545,-0.00065048,-0.0251681,-0.01515928,-0.02085491,-0.0227145,-0.02081695,-0.02128491,-0.00423741,-0.00838041,-0.00499705,-0.01761898,0.00078521,1.01710883,0.01049168,-0.00909596,0.02030759,-0.0235987,-0.02207491,-0.00140706,-0.00766333,-0.00141314,-0.00135845,-0.01391351,-0.02149,-0.00593897,-0.03298464,0.00130783,-0.01896347,-0.01089324,-0.0168487,-0.00236723,-0.02283603,-0.00459293,-0.03574049,-0.02515136,-0.01068662,-0.01805648,0.00791048,-0.01444526,-0.010322,-0.01890882,-0.00615775,-0.02126211,-0.00186891,-0.00835154,-0.01134598,-0.01291536,-0.00704953,-0.01258265,0.01940057,0.00564376,-0.02000726,-0.01293209,0.00742432,0.00349707,-0.01937975,-0.01475213,-0.02087015,-0.02130766,-0.01087957,-0.01883434,-0.01844691,-0.00602709,-0.01442853,-0.01909565
"Np2_501083",0.0188217,-0.02034293,-0.01613765,-0.01734093,-0.02094312,0.22208743,0.0010526,-0.00524163,-0.02379008,-0.02585021,-0.00941803,-0.02486575,-0.01112263,-0.01978083,-0.01366585,-0.02900715,-0.01529447,-0.01825243,-0.00369049,-0.01118644,-0.01352759,-0.01968811,-0.01452268,0.08224857,0.00164662,-0.01842568,-0.00314204,-0.02044019,-0.0139469,-0.02278589,-0.01059999,0.00648542,-0.00941805,-0.01997528,-0.00512009,-0.00744909,-0.00583566,-0.00980391,0.01321413,-0.02890538,-0.02594436,-0.02398153,-0.00541482,-0.01487516,-0.01194759,0.00323272,-0.02196547,0.01049168,0.98861876,-0.01938881,-0.00396244,-0.01216635,-0.01580798,-0.00926915,-0.01142344,-0.00091938,-0.04006117,-0.01812939,-0.00656337,-0.02078957,-0.02079263,-0.02554482,-0.01877353,-0.02194572,-0.02577423,-0.00749466,-0.02644419,0.02066454,-0.00136756,-0.01827674,-0.02356219,0.00416249,-0.02304413,0.0143065,-0.02775529,-0.01157842,-0.01964102,0.00627424,0.01123456,0.00140962,-0.00766178,-0.00543306,-0.02585014,-0.00115031,-0.01808686,-0.02105695,-0.02893279,-0.01821144,-0.02064371,-0.01743052,-0.03635725,-0.01911993,-0.01536284,-0.02765046,-0.03165521,-0.00527505,-0.02311854,-0.00522948,0.00384041,-0.02270382
"Np2_501582",0.00607066,-0.00149365,0.01608094,-0.00836672,-0.01698242,-0.01976559,-0.02886585,-0.00052134,-0.01846208,-0.0279665,-0.00165925,-0.00100294,-0.00290807,-0.02144135,-0.02049181,2.103e-05,0.00021245,-0.00821479,-0.01978382,-0.01786048,-0.02445549,-0.0136005,-0.01922169,-0.00904733,-0.00077353,-0.01598424,-0.00708142,-0.0183026,-0.0178863,-0.02763683,0.00779347,-0.01720415,0.00836777,-0.0160146,0.00370216,-0.00971732,0.01468478,-0.01116059,0.01778248,0.03233079,0.00186843,0.0088448,0.0056863,-0.0285377,-0.01558313,-0.00055476,-0.02423369,-0.00909596,-0.01938881,0.98165047,-0.0285636,0.00622714,-0.02521665,-0.01244892,-0.02690909,0.00653556,0.00127288,-0.01325716,-0.00336232,0.01887332,-0.05147072,-0.02279952,-0.01040704,-0.01038882,-0.00312684,-0.02389182,-0.02233159,-0.0268772,-0.02839942,0.03141315,-0.01337261,-0.01740012,-0.02835084,-0.03353909,-0.02333884,-0.00290808,-0.00170331,-0.0353424,-0.01169536,0.12523856,-0.00628382,-0.01712059,-0.02629526,-0.00372238,-0.00379531,-0.01086737,-0.0120585,-0.01318729,-0.00939068,-0.01027944,-0.02267341,-0.0192612,-0.01368103,-0.01518203,-0.01417325,-0.01939337,-0.0180944,-0.02071513,-0.01817799,-0.00719689
"Np2_500003",-0.02362458,-0.00748861,-0.01072764,0.00265389,-0.03376417,-0.0171009,-0.01009715,-0.0107702,-0.00804922,-0.01831328,-0.00643881,-0.01489801,-0.00176257,-0.00419185,-0.01661171,0.00010307,-0.00897291,-0.00950009,-0.01924607,0.00151597,-0.02634855,-0.01078385,0.00273744,-0.01853658,-0.01178202,0.01083658,-0.00927828,-0.01108014,-0.02205821,-0.03059338,-0.01141889,-0.0283646,-0.02953145,0.00032337,-0.01505446,-6.405e-05,-0.00969304,-0.0326519,-0.00902608,-0.00268171,-0.01172275,0.00558452,-0.02446469,-0.0121998,-0.02279354,-0.00670166,-0.01230159,0.02030759,-0.00396244,-0.0285636,1.02481558,-0.00447746,-0.01389225,-0.00173218,0.00082319,-0.01875386,-0.02659923,-0.01970794,0.01221604,-0.00899874,-0.03422133,-0.00053654,0.06989121,-0.03142437,-0.02947974,-0.0067943,-0.00903216,0.00131087,-0.01418849,-0.01514561,0.00235764,-0.01701429,0.01411814,-0.00793376,-0.02082608,0.01798769,-0.00876174,-0.03313352,-0.02559043,-0.02159027,-0.02230582,-0.01126546,-0.0218075,0.01474255,0.01269461,-0.01078537,-0.02443436,0.00299876,-0.0150818,0.00362772,-0.01727408,-0.00945604,-0.00417969,-0.03090021,-0.00376038,-0.00639779,-0.01102389,-0.01592348,-0.00837281,-0.00088596
"Np2_502283",0.00356999,0.00709615,-0.00981607,-0.01557708,-0.01492537,-0.02150666,-0.02923961,-0.01669523,-0.02263394,-0.02013633,-0.02466973,-0.01672107,-0.0192339,-0.02029586,-0.00339423,-0.00855662,-0.01049214,-0.01709629,-0.00572476,-0.01139763,-0.02027151,0.00410476,0.00714325,-0.02522121,-0.00372999,-0.02289075,0.01077576,-0.02763991,-0.01309462,-0.02026243,-0.00488612,0.00050111,-0.00719843,-0.00636132,0.0100131,-0.01343341,-0.01318728,0.00791198,-0.01738189,-0.01544336,-0.00625345,-0.01097528,-0.01352608,-0.00323623,-0.00653755,-0.01809599,-0.02126511,-0.0235987,-0.01216635,0.00622714,-0.00447746,0.9932106,-0.03075584,-0.00948033,-0.0114827,-0.00584023,0.00788768,-0.00588276,-0.0008495,0.00163599,-0.01249604,-0.01694437,-0.01138849,-0.01045872,-0.01823726,-0.0031481,-0.02088225,0.01376869,-0.00644031,-0.01909561,-0.01875986,-0.01762195,0.00530649,-0.02707624,-0.00077201,-0.01908198,-0.02425801,-0.00912938,-0.02012109,-0.02234984,0.0080791,-0.01111352,-0.00752657,-0.00835001,-0.00340942,0.0057744,-0.0145592,-0.00611673,-0.00262397,0.03522799,-0.02183177,-0.02358499,0.00250499,-0.00978265,-0.00634308,-0.01596901,-0.01360658,0.02023458,-0.02690759,-0.00270905
"Np2_500469",-0.03167198,-0.00171091,-0.01983854,-0.00098775,-0.01993435,-0.00190385,-0.00933296,-0.01790607,-0.0115389,-0.01238362,-0.01023235,-0.00684141,-0.01664662,-0.00403536,-0.01280901,-0.01402134,-0.01337415,0.0204336,-0.0193934,0.01519375,-0.02938243,-0.01472931,0.02629027,0.00425668,-0.01284091,-0.01058028,-0.00319673,-0.00484664,-0.01111504,-0.02253674,-0.01293355,-0.03170232,-0.01235932,0.000176,-0.00669403,-0.01920199,-0.01561353,0.00685307,0.00222089,-0.01604651,-0.02842986,-0.0182631,-0.03205632,-0.01994337,0.00562098,0.01031849,0.00866858,-0.02207491,-0.01580798,-0.02521665,-0.01389225,-0.03075584,0.99656255,-0.01388158,0.01951447,-0.01100111,-0.01261756,-0.01256288,-0.01497392,-0.00762684,-0.00231253,-0.02833416,-0.03143796,-0.00908684,-0.01610576,0.00749115,0.03168816,-0.01418089,-0.00689153,-0.00207553,-0.01283026,-0.00865385,-0.00350058,-0.01689274,-0.0165676,-0.00631575,-0.02394961,-0.00380746,-0.00841837,-0.03647426,-0.03293594,0.0097047,0.01936859,-0.01898017,-0.00598758,-0.01807316,-0.01728929,-0.01218916,-0.02100227,-0.02963919,-0.02182722,-0.01492074,-0.0028078,-0.00096648,0.00551159,0.00819153,0.00098272,-0.0122727,0.0036338,-0.00376797
"Np2_501160",-0.00188866,-0.02601276,-0.02256709,-0.01131256,-0.01673785,-0.01921717,-0.00568069,-0.01577305,0.00122883,-0.02908926,-0.00673201,-0.01868547,-0.00950009,-0.02377949,-0.01857607,-0.01781338,0.00288785,-0.0067548,0.01282067,-0.01564089,-0.0147916,-0.03432149,-0.01244436,-0.02156439,-0.00569438,0.05156306,-0.01017917,-0.02474271,0.00499505,-0.02070757,-0.00533126,0.00871567,-0.0132648,-0.02655667,-0.00319369,-0.00795349,0.02799491,-0.0121314,0.00146735,-0.01695197,-0.00381202,-0.01856087,-0.03539257,-0.00368137,-0.00652693,-0.03388553,-0.01776021,-0.00140706,-0.00926915,-0.01244892,-0.00173218,-0.00948033,-0.01388158,0.99703054,-0.0085855,-0.01767972,-0.02886741,-9.899e-05,-0.01937366,-0.01172273,-0.0149162,-0.01632605,0.03617448,-0.0222982,-0.00576881,-0.01863376,-0.01874468,0.00800619,0.00192617,-0.01452726,-0.00279717,-0.02551139,-0.00136756,-0.03040796,-0.0071422,-0.01071549,-0.00859916,-0.04117482,0.08183077,-0.01990842,-0.00239305,-0.01383753,-0.00842748,-0.0016547,-0.00431034,0.00411387,-0.03581805,-0.02752748,-0.0054999,-0.01337719,-0.0190865,-0.01582621,-0.01085373,-0.00840469,-0.01514407,0.01548998,-0.00994976,-0.01864746,0.0031841,-0.02533516
"Np2_502195",-0.00860069,-0.02847092,0.00201731,0.01068919,-0.02025948,-0.0160541,0.00021701,-0.02035814,-0.00517935,-0.01681071,-0.01116517,-0.0124839,-0.02866995,-0.00603165,-0.01617262,-0.01632148,0.02397802,-0.00617445,-0.01288192,0.00028386,-0.00555156,0.00089763,-0.00320432,-0.00457621,-0.02866236,-0.00148606,-0.01582772,-0.01656613,0.01621012,0.0052442,-0.00854902,-0.01516383,-0.00478435,0.00759904,-0.01051342,-0.00919624,-0.01760982,-0.02887045,-0.01223319,0.00125162,0.00147798,-0.01995555,-0.00230038,-0.02968781,-0.00275615,-0.00216061,0.00287418,-0.00766333,-0.01142344,-0.02690909,0.00082319,-0.0114827,0.01951447,-0.0085855,1.00153425,0.0281742,-0.0235774,-0.01000144,-0.02957996,-0.02025786,-0.014032,-0.0175688,-0.01110136,-0.01108314,0.00559819,-0.02701694,-0.00601037,-0.01921567,-0.01906675,-0.02610086,-0.01816889,-0.01399248,-0.01385272,-0.01752171,-0.00367529,-0.00724856,-0.01500734,-0.00079025,-0.01041465,-0.0058068,-0.02566484,-0.00110321,-0.02987617,-0.0112533,-0.0093512,-0.00472508,-0.02004521,-0.00598152,0.00708248,0.00254754,-0.02382352,0.0049601,-0.02288312,-0.0268149,-0.02291957,-0.01917615,-0.0124079,-0.0136613,0.00209329,-0.00819504
"Np2_502118",-0.02270844,-0.01994188,0.00568478,-0.01739565,-0.01142655,-0.01436167,-0.01297916,0.004123,-0.00318306,-0.00569894,-0.00567462,-0.01534921,0.00553438,-0.01725283,-0.02769764,-0.00672898,-0.00471446,-0.02392836,0.00688955,-0.01230463,0.06936853,-0.01472933,-0.02870637,-0.01777238,-0.00144656,-0.01711307,0.00075331,-0.01289866,-0.0003284,-0.02511949,-0.02052978,-0.02228302,-0.00233229,-0.01015489,-0.01717683,-0.02117703,-0.01743663,-0.03021651,-0.01130037,-0.01893309,0.00742432,-0.01476885,-0.01625617,-0.02282995,0.00987487,-0.01535681,-0.00302962,-0.00141314,-0.00091938,0.00653556,-0.01875386,-0.00584023,-0.01100111,-0.01767972,0.0281742,1.00947805,-0.0220369,-0.01757641,-0.00631423,-0.02859245,-0.00048943,0.00873543,0.00593546,-0.02336776,-0.01990389,-0.01028401,-0.0065968,-0.01144625,0.00435088,0.004913,-0.01404566,-0.00698269,-0.0048679,-0.01506966,-0.02051766,-0.01588702,-0.03169779,-0.01094793,-0.0216358,-0.00411436,0.00109514,-0.00488006,-0.02727219,-0.01305513,-0.01054534,-0.00439997,-0.01561813,-0.016595,-0.01219066,0.00302458,-0.01772527,-0.03011321,-0.01131559,-0.00643576,-0.00709816,-0.01945874,-0.00479041,-0.01257657,-0.0080644,-0.01379499
"Np2_501370",-0.0089805,-0.0133544,-0.00687026,-0.02250636,-0.02702012,-0.00959731,-0.00927826,-0.0224091,0.01525449,-0.01795012,-0.01063342,-0.03276583,-0.01963041,-0.01324806,-0.01943897,-0.02855138,-0.00511553,-0.0199236,-0.02070601,-0.00723641,-0.01079294,-0.0120919,-0.00145719,-0.00966566,-0.01931897,-0.02571806,-0.03322304,-0.00479194,-0.01637769,0.00501631,-0.00178839,-0.01706286,0.01413028,-0.01769641,-0.00527201,-0.02233769,8.94e-05,-0.00995584,-0.01473992,-0.01796682,-0.01029615,-0.02170267,-0.025165,-0.02611756,-0.00587061,-0.00573083,-0.02105392,-0.00135845,-0.04006117,0.00127288,-0.02659923,0.00788768,-0.01261756,-0.02886741,-0.0235774,-0.0220369,0.98664345,-0.00810237,-0.0129442,-0.01380105,-0.02474267,-0.02660828,-0.02561011,-0.01571681,-0.00617597,0.00146887,-0.01687295,-0.00485879,-0.02066194,-0.00232468,-0.01657366,-0.01163763,-0.00010355,0.01157185,-0.02456489,-0.01492075,-0.00232164,-0.01150091,-0.01580795,-0.01013663,-0.00826948,-0.01849855,0.28134057,0.00796516,-0.01079448,-0.01133379,-0.00356135,0.02098511,-0.01958024,0.00201579,-0.00490891,-0.00651019,-0.02812449,-0.0141292,-0.0117531,-0.0262406,-0.03360131,-0.01085068,-0.00162886,-0.01860186
"Np2_501622",-0.0075585,-0.00220922,0.01232692,-0.01348813,-0.01876149,-0.02032926,-0.02669489,-0.01992364,0.02731124,-0.01424926,-0.01893459,-0.01949372,2.255e-05,0.01612809,-0.01269962,-0.02363513,-0.02010138,-0.03019979,0.02052021,0.05541128,0.00232725,-0.01644302,-0.01036604,-0.02996886,-0.01409886,-0.02627109,-0.00521428,-0.00640843,-0.01449993,-0.01012146,-0.01753383,-0.0139697,-0.01407304,-0.00822241,-0.02284057,0.00536726,-0.01170603,-0.01537043,-0.00572171,-0.00910052,-0.03986675,-0.01329213,-0.0094621,0.03698579,-0.01508332,-0.0274014,-0.01066838,-0.01391351,-0.01812939,-0.01325716,-0.01970794,-0.00588276,-0.01256288,-9.899e-05,-0.01000144,-0.01757641,-0.00810237,1.0017956,-0.01061065,-0.00690976,-0.03380348,0.00079281,-0.00322256,0.0136593,-0.0284542,-0.01473235,-0.01681828,-0.01148879,-0.02030341,-0.00333346,-0.01089778,-0.01006371,-0.01387398,-0.00341398,-0.01022932,-0.01395453,-0.01396514,-0.01448472,-0.01134748,-0.02497056,-0.00380898,-0.01434192,-0.01166651,-0.02190928,-0.01666486,-0.01325413,-0.00852019,-0.01390287,0.00751699,-0.01327388,-0.00485423,0.00083687,0.00337857,-0.01604954,0.00941908,-0.01327236,-0.01516381,-0.01307487,0.00662976,-0.01383752
"Np2_502703",-0.00647526,-0.02300313,0.00307927,-0.02197616,-0.01995713,-0.02623456,-0.01163461,0.00303674,-0.00199045,-0.01514105,-0.0069128,-0.02570287,0.00460004,-0.01271786,-0.00538748,-0.02179227,-0.01020652,-0.0157472,-0.00786993,-0.03374879,-0.01451662,-0.0085232,-0.01156168,-0.01323742,-0.01392718,-0.03323987,0.00164207,-0.00562905,-0.02313986,-0.01116518,0.00132455,-0.03704247,-0.00265893,-0.01230461,-0.01583228,-0.01405934,-0.00074771,-0.00486789,-0.02925021,0.00975788,-0.00186587,0.00146432,0.02322142,0.01057067,-0.01673474,-0.0056564,-0.01626983,-0.02149,-0.00656337,-0.00336232,0.01221604,-0.0008495,-0.01497392,-0.01937366,-0.02957996,-0.00631423,-0.0129442,-0.01061065,0.99530139,0.00465624,-0.00856423,-0.00222594,-0.02553569,-0.01290774,-0.02873828,0.00807605,-0.01421581,-0.02635764,-0.02225867,-0.01394842,-0.02865319,-0.02007096,-0.01826004,-0.01463666,0.00118477,-0.01879636,0.01021061,-0.01188225,-0.00266803,-0.03087585,0.00031273,-0.00748556,-0.00617748,-0.03313194,-0.00920079,-0.02113444,-0.01184278,-0.01646584,-0.00689609,-0.02464846,0.07917972,0.00495858,0.01084262,-0.01785288,-0.02109799,0.00588987,0.00430226,0.01292398,-0.01370839,-0.01898319
"Np2_503014",-0.01659951,-0.02583499,-0.0234528,-0.00809631,-0.01154655,-0.00870855,-0.02282231,-0.01225295,-0.03110524,-0.02815187,-0.00852928,-0.00832875,0.00055277,-0.00628232,-0.01065015,-0.00912785,-0.00711334,-0.00293086,-0.01936149,-0.02214781,0.00528825,-0.00862043,-0.01652048,-0.02761553,-0.00551662,-0.01708114,-0.01197644,0.00657962,0.01307286,-0.00093154,-0.02049785,-0.00979329,-0.01263126,-0.00465369,-0.00134477,0.00027626,0.00173778,-0.03504614,-0.03679171,-0.02148387,-0.02201712,0.01853457,-0.01485693,-0.00897289,-0.01911083,-0.0302135,-0.00785929,-0.00593897,-0.02078957,0.01887332,-0.00899874,0.00163599,-0.00762684,-0.01172273,-0.02025786,-0.02859245,-0.01380105,-0.00690976,0.00465624,0.98948486,0.00212519,-0.02374451,-0.00208464,-0.00206641,-0.00635068,0.0060038,0.01455259,-0.01566822,-0.016127,-0.00173978,-0.00580983,-0.01333159,-0.00392444,0.00076242,0.00275871,-0.0023338,0.00783451,-0.0127391,-0.00337296,0.00503301,-0.01619234,-0.0226233,-0.00916127,-0.02137905,-0.03239056,-0.02806826,-0.01269963,0.02384889,-0.0044106,-0.01456675,-0.00797019,-0.00592529,-0.03437619,-0.00351729,-0.00417967,-0.00241128,-0.01372203,-0.00023876,-0.01076713,-0.01376306
"Np2_500176",-0.00733516,-0.00487246,0.01118292,0.00678928,-0.02795753,-0.00719234,-0.0304216,-0.00253282,0.00839207,-0.02481259,0.01030632,-0.03324746,0.00920944,-0.01008349,0.00727391,0.00211151,0.01628,-0.00536469,0.00676648,-0.00376797,-0.01021108,-0.01242158,-0.0063446,-0.01895889,-0.03058725,-0.02179386,-0.00575058,0.00627274,0.10346498,0.00180007,-0.02429902,0.02681749,-0.01293816,-0.01103756,0.01247732,-0.02540205,-0.02819441,-0.02228755,-0.01157536,-0.01616957,0.00350314,-0.02324776,-0.02306391,-0.00244318,-0.00695991,-0.01061826,-0.0218394,-0.03298464,-0.02079263,-0.05147072,-0.03422133,-0.01249604,-0.00231253,-0.0149162,-0.014032,-0.00048943,-0.02474267,-0.03380348,-0.00856423,0.00212519,1.00163454,-0.01493594,-0.0127224,-0.02333888,-0.01714038,-0.01542056,-0.0094545,0.00043275,-0.02494167,-0.00235051,-0.0109783,-0.02001932,-0.02717194,-0.03311982,-0.02291957,-0.0149466,-0.01161486,-0.00225935,0.00011827,-0.02307606,-0.01847426,-0.01335896,-0.01888748,-0.00284731,-0.01811271,-0.00832114,-0.01315845,-0.01565456,-0.01459258,-0.01806406,0.01420773,0.00911219,0.00132303,-0.00610304,-0.00843661,-0.01213748,-0.00521732,-0.01543426,-0.00499704,-0.01209495
"Np2_504949",-0.00342766,0.0049601,-0.01043288,-0.02986713,0.00755045,-0.01832537,-0.00068693,-0.01214661,-0.01216027,-0.01133382,0.0110234,-0.013084,-0.01590067,-0.01665878,-0.02588819,-0.01904852,-0.01870518,0.01297562,0.00186236,-0.01277406,-0.01298825,-0.0018294,-0.00289287,-0.00867057,-0.02409701,-0.0157594,-0.0275183,-0.00592379,-0.02495384,-0.01905615,0.00057404,-0.01409275,-0.01571534,-0.01259935,-0.00685963,-0.00326357,-0.00058667,-0.01670888,0.00858804,-0.01788327,-0.00884528,-0.01189593,-0.00533126,-0.0023338,-0.01961219,-0.00777422,-0.02005883,0.00130783,-0.02554482,-0.02279952,-0.00053654,-0.01694437,-0.02833416,-0.01632605,-0.0175688,0.00873543,-0.02660828,0.00079281,-0.00222594,-0.02374451,-0.01493594,0.99410405,0.00622563,-0.00332738,0.00013649,-0.01591886,-0.02241061,-0.02163886,-0.00888022,-0.00710271,-0.00464001,-0.01170601,-0.0038181,-0.01553909,0.00195351,-0.02911812,-0.01120163,-0.01703857,-0.00524162,-0.02296665,-0.01319943,0.0101468,-0.02470313,-0.00440908,-0.01238209,0.00303065,-0.01259329,-0.00187195,-0.00901391,-0.01066229,-0.00087533,-0.00399585,0.0056863,-0.01358987,-0.01501189,-0.02403012,0.02284613,-0.00605747,-0.00443188,-0.00712398
"Np2_504339",-0.01503925,-0.00194184,-0.01748673,0.00014865,-0.00679585,-0.01793491,-0.00470229,-0.01114846,0.01633618,0.0259743,-0.00393052,-0.01907437,-0.00654666,-0.03252425,-0.01698995,0.00914408,-0.02028974,-0.01428416,-0.0294994,-0.00600278,-0.01897862,-0.00402167,-0.01055441,-0.01466093,-0.02659311,0.00164662,-0.01725276,-0.01358534,-0.00982671,-0.02109648,-0.02060875,0.02959615,-0.02626345,-0.02071667,-0.00844419,-0.00667125,-0.01508481,-0.001126,-0.00666971,-0.00154075,-0.01817798,-0.01484783,0.00508619,-0.01121073,-0.00023116,-0.02318393,-0.0061471,-0.01896347,-0.01877353,-0.01040704,0.06989121,-0.01138849,-0.03143796,0.03617448,-0.01110136,0.00593546,-0.02561011,-0.00322256,-0.02553569,-0.00208464,-0.0127224,0.00622563,0.98394487,-0.02283903,-0.0022077,-0.00352639,-0.03280677,0.02387317,-0.02656874,0.00696093,0.00608129,-0.00523859,-0.01603737,-0.0260872,-0.00692343,-0.00138123,-0.02326897,-0.02865013,0.00092195,-0.02971664,-0.0235956,-0.02607654,-0.02522421,0.00114679,0.01201243,-0.03030609,-0.02390104,-0.00710272,-0.02184087,-0.01574111,-0.01263882,-0.00360541,-0.01580037,-0.0168456,-0.01796377,-0.00662413,-0.02644263,-0.00399585,-0.01346074,0.00298964
"Np2_501067",-0.01502102,-0.03944896,-0.0068338,-0.01669677,-0.00662569,-0.0217148,-0.00225328,-0.01249754,-0.01311891,0.02933489,0.00049352,-0.01404264,-0.01290927,-0.02840407,-0.00664086,-0.01742445,-0.02376578,-0.01244284,-0.01990994,-0.00704802,-0.00543913,-0.00278805,-0.02360168,0.00951327,0.00320233,-0.03267014,-0.00386519,-0.01675754,-0.00190841,0.00368545,-0.01740012,-0.01079751,0.00854553,0.00543258,-0.00386823,-0.01333769,-0.01066079,-0.01614827,-0.02974396,-0.00608025,-0.00129615,-0.01224688,0.05493564,-0.02091568,-0.00416297,0.00235764,-0.02101746,-0.01089324,-0.02194572,-0.01038882,-0.03142437,-0.01045872,-0.00908684,-0.0222982,-0.01108314,-0.02336776,-0.01571681,0.0136593,-0.01290774,-0.00206641,-0.02333888,-0.00332738,-0.02283903,0.9909709,-0.02102811,-0.01946022,-0.01303839,-0.0232052,-0.01743507,0.00971381,0.00473221,0.00192009,-0.01920956,-0.00434376,0.00327374,-0.01685931,-0.00122171,-0.0073625,-0.01470802,-0.01860794,-0.01035996,0.01678438,-0.01092511,-0.00688697,-0.01911387,-0.02390705,-0.00337297,-0.00571716,0.03712399,-0.00311317,-0.02279952,-0.02592006,-0.0185168,-0.01515621,-0.01004548,-0.01192326,-0.00804159,-0.02858938,-0.00113664,-0.01628653
"Np2_503186",-0.00912635,-0.02109649,-0.01157385,0.00803659,0.02327319,-0.00397003,-0.02294538,-0.01176832,-0.01968205,0.00697159,0.01094592,-0.01619997,-0.02478978,-0.00503807,-0.01350785,-0.01669521,0.00385408,-0.01353671,-0.01933263,-0.00738226,-0.03220822,-0.01892242,-0.00768001,-0.02242124,-0.0088301,-0.02130618,-0.02243036,-0.01557253,0.01431714,0.01337825,-0.0192536,-0.00429514,0.02066914,-0.00523253,-0.02775077,-0.00075834,-0.01388158,-0.01633059,-0.01321461,-0.01978385,-0.02229212,-0.00589644,-0.00935879,-0.01046327,-0.00085102,-0.00314205,-0.0169459,-0.0168487,-0.02577423,-0.00312684,-0.02947974,-0.01823726,-0.01610576,-0.00576881,0.00559819,-0.01990389,-0.00617597,-0.0284542,-0.02873828,-0.00635068,-0.01714038,0.00013649,-0.0022077,-0.02102811,0.99774773,0.03778485,-0.00334562,-0.00151037,-0.00531151,-0.00930713,-0.01368103,0.0087263,-0.01194758,-0.01014728,-0.02060879,-0.00306456,-0.03558702,-0.00663326,-0.00592681,-0.02349992,-0.00476915,-0.01530208,-0.02645178,0.02605026,-0.00805376,-0.02515284,-0.01570927,-0.00863412,-0.02549923,0.04410496,-0.02602033,-0.01455613,-0.01687602,-0.00941347,-0.02997798,0.05246231,-0.02356825,-0.01525042,-0.02927307,-0.01343036
"Np2_502872",-0.01485084,0.00052542,-0.00651171,-0.01759006,-0.00949403,-0.02063307,-0.0139332,-0.00518693,-0.02327959,-0.00498184,-0.01027487,-0.01569556,-0.02094301,-0.02443576,-0.01862465,-0.01512733,-0.01265705,-0.01971696,-0.02110707,0.00649149,-0.00633243,-0.00793524,-0.00444098,-0.02525916,-0.01166803,-0.01168628,-0.01311433,0.00407438,-0.00659983,-0.01103299,0.00571059,-0.00135996,0.00385408,-0.01475514,-0.02056166,-0.00921749,-0.01550412,-0.0015453,-0.01514098,-0.02003905,-0.01571071,0.00569845,-0.02070447,-0.02439168,-0.01979295,-0.01448775,-0.0140107,-0.00236723,-0.00749466,-0.02389182,-0.0067943,-0.0031481,0.00749115,-0.01863376,-0.02701694,-0.01028401,0.00146887,-0.01473235,0.00807605,0.0060038,-0.01542056,-0.01591886,-0.00352639,-0.01946022,0.03778485,0.97383735,-0.00724703,-0.03199856,-0.00237633,-0.02429899,-0.0036054,0.00041907,-0.01660859,-0.00280628,-0.0002023,0.02402661,0.00031577,-0.01858665,-0.00086469,-0.01707044,-0.01155711,-0.0018841,-0.0174396,0.00042363,-0.01013208,-0.01811568,-0.01778757,-0.02408179,-0.00402927,-0.0103873,-0.01153888,-0.00843051,0.00808821,-0.00313595,-0.01428111,-0.01205694,-0.00589641,-0.0053267,-0.02390705,-0.00487396
"Np2_503469",0.00190185,-0.01812026,-0.01619386,-0.00114119,-0.02996292,-0.0263652,-0.00219403,-0.0174518,-0.01609814,-0.02347563,-0.00871462,-0.0165661,-0.02166164,0.0439713,-0.01979904,-0.00095736,-0.01307181,-0.02043558,-0.02304109,-0.01063495,0.01421836,-0.00561536,-0.02247895,-0.02142005,-0.01724824,-0.02896469,0.00196718,-0.0063674,-0.01719353,-0.00324383,-0.01111197,-0.0166633,-0.02147631,-0.00256017,-0.01216482,0.00221786,0.00474284,-0.00788511,-0.00051526,-0.0072364,-0.02159476,0.00573947,-0.00729413,-0.00368897,0.00425213,-0.01171211,-0.01290621,-0.02283603,-0.02644419,-0.02233159,-0.00903216,-0.02088225,0.03168816,-0.01874468,-0.00601037,-0.0065968,-0.01687295,-0.01681828,-0.01421581,0.01455259,-0.0094545,-0.02241061,-0.03280677,-0.01303839,-0.00334562,-0.00724703,0.98653101,-0.012967,-0.02071815,-0.00633092,-0.00766634,-0.02293625,-0.01520027,-0.01522307,-0.02082298,-0.00753266,0.00932032,0.05635308,-0.00401407,-0.00502742,0.00246094,-0.01521243,-0.01998131,-0.01518357,-0.01677574,-0.03524211,-0.00118677,-0.00353097,-0.01842106,-0.02022137,-0.00025547,-0.003376,0.0029638,0.00176664,0.00186388,-0.0124717,-0.00813426,-0.0233647,-0.01778907,-0.00787144
"Np2_501601",-0.02391319,-0.00808111,-0.00752202,-0.0246774,-0.02964695,0.00479147,-0.03302255,-0.02260511,-0.0166937,-0.0099422,-0.01219674,-0.02931566,-0.01785139,-0.01784988,-0.00869641,0.0115126,0.00030969,-0.01753689,-0.00191145,-0.01624404,-0.02405445,-0.01882065,-0.02277067,-0.02718106,-0.01586878,0.06174662,0.00699285,-0.01714193,-0.01399097,-0.01158754,0.00181374,-0.00859917,-0.00703132,-0.02077899,-0.0308394,-0.02086254,-0.00679127,-0.01683651,-0.01523977,-0.03381106,0.02976786,-0.00746582,-0.02520909,-0.00534799,0.01186053,-0.00243255,-0.00924789,-0.00459293,0.02066454,-0.0268772,0.00131087,0.01376869,-0.01418089,0.00800619,-0.01921567,-0.01144625,-0.00485879,-0.01148879,-0.02635764,-0.01566822,0.00043275,-0.02163886,0.02387317,-0.0232052,-0.00151037,-0.03199856,-0.012967,1.00448507,-0.01067901,-0.00540724,0.01331139,-0.02520299,-0.00485727,-0.02113601,-0.00850498,-0.00508972,-0.02743326,-0.01914122,-0.01737128,-0.00835761,0.0384792,-0.02461962,8.484e-05,-0.00666365,-0.00795198,-0.00469319,-0.01697481,-0.03238453,-0.00306455,-0.00744758,-0.02394354,0.00316891,-0.03044746,0.00086726,0.00719339,-0.02233466,-0.00356438,-0.0148448,-0.03631174,0.02434871
"Np2_502466",-0.0140411,-0.00565334,-0.02651558,-0.02452846,-0.00063224,-0.00326357,-0.00856573,-0.01379649,0.03434983,-0.02437804,-0.013719,-0.00546649,-0.00721968,-0.02514526,-0.01583988,-0.00884831,-0.0218743,-0.00462633,0.00461826,-0.00363731,-0.01570161,-0.01836788,-0.00211199,-0.01138392,-0.01754296,0.00750636,0.00714172,0.00488413,-0.01824787,-0.00961554,-0.02158561,-0.02394654,0.00147343,0.04910327,0.01503874,0.00602509,-0.00876931,-0.00255864,-0.01524278,-0.02257163,-0.00381049,-0.03177675,0.00836319,-0.0246454,-0.02019859,-0.01504533,-0.00454126,-0.03574049,-0.00136756,-0.02839942,-0.01418849,-0.00644031,-0.00689153,0.00192617,-0.01906675,0.00435088,-0.02066194,-0.02030341,-0.02225867,-0.016127,-0.02494167,-0.00888022,-0.02656874,-0.01743507,-0.00531151,-0.00237633,-0.02071815,-0.01067901,0.97819215,-0.01710843,-0.00872069,-0.03067525,-0.00318913,0.01076512,0.00091131,-0.0053966,-0.00130527,-0.01884037,-0.00658767,-0.01641262,-0.01272238,-0.00350513,-0.02650491,-0.01259173,0.0660322,-0.02125595,-0.02138364,-0.01430849,-0.02190618,-0.01489489,-0.00085405,-0.01369773,-0.00568677,-0.01432821,0.00278454,-0.0150453,-0.01177132,-0.0042131,-0.01048758,-0.0315625
"Np2_501253",-0.00876932,-0.00417967,-0.00589946,-0.02229519,-0.0017413,-0.01910929,-0.01210557,-0.01870366,-0.02509814,-0.0093831,-0.00252218,0.00314764,-0.02139425,-0.00984647,-0.00920078,-0.01633818,-0.00915824,-0.01242005,-0.00712549,0.00634414,-0.01969722,-0.02464236,-0.03087125,-0.02981235,-0.00118069,-0.01821449,-0.00095584,-0.00518846,-0.00917799,-0.02029585,-0.02634085,-0.00758431,0.00082015,-0.00685051,-0.00156658,-0.02030343,-0.01063799,-0.02524094,-0.00905947,0.0105023,-0.0164658,0.0006895,-0.00657097,-0.00706776,-0.01644607,-0.01433129,-0.02190621,-0.02515136,-0.01827674,0.03141315,-0.01514561,-0.01909561,-0.00207553,-0.01452726,-0.02610086,0.004913,-0.00232468,-0.00333346,-0.01394842,-0.00173978,-0.00235051,-0.00710271,0.00696093,0.00971381,-0.00930713,-0.02429899,-0.00633092,-0.00540724,-0.01710843,0.98661002,-0.02471833,0.0002717,-0.03118879,0.01421382,-0.00657856,-0.00574603,0.01186657,-4.734e-05,-0.02380068,-0.00795044,-0.00623521,0.00374166,-0.02275241,0.00240321,-0.01909108,-0.01279378,-0.01216181,-0.0243811,0.00828115,-0.02101745,-0.0176113,0.00722225,-0.02821716,-0.00130831,-0.00227455,-0.01630628,-0.0200208,-0.01231067,-0.0064312,0.00789224
"Np2_504090",0.00174538,-0.0260249,-0.01057721,-0.00661504,-0.0077864,-0.02363512,-0.01344099,-0.01441788,-0.01260844,-0.0081358,-0.01965773,-0.01140523,-0.01969118,-0.01619541,0.00359278,-0.00795044,-0.00760709,-0.00980543,-0.01803214,-0.0006125,0.00752913,0.0057744,-0.00015064,-0.00243406,0.0018897,-0.00435744,-0.00958362,-0.02095673,-0.02266737,-0.01920047,-0.00944537,-0.00922357,-0.02543092,0.0062469,-0.01763865,-0.01373877,-0.00771952,-0.03493219,-0.01966227,-0.01985068,-0.00595112,-0.00019015,-0.00957755,-0.01660709,-0.00593137,-0.0187052,-0.01032806,-0.01068662,-0.02356219,-0.01337261,0.00235764,-0.01875986,-0.01283026,-0.00279717,-0.01816889,-0.01404566,-0.01657366,-0.01089778,-0.02865319,-0.00580983,-0.0109783,-0.00464001,0.00608129,0.00473221,-0.01368103,-0.0036054,-0.00766634,0.01331139,-0.00872069,-0.02471833,0.98819331,-0.00941955,-0.00426627,-0.00094673,-0.00533126,-0.00708144,-0.01119403,0.0101635,-0.00979176,-0.01338781,0.00762181,-0.01400159,-0.00919924,-0.0106304,-0.00508211,-0.01443305,-0.00863564,-0.02662807,-0.02237565,-0.00852775,-0.00770432,-0.0173576,-0.01390436,0.01346025,-0.00117917,-0.02113595,-0.00190993,0.00033095,-0.02128789,-0.00422981
"Np2_501585",0.00592178,-0.01425226,-0.03162024,0.00059987,-0.02898147,-0.0106471,-0.00470685,-0.01905308,0.00341806,0.40927533,-0.01563325,-0.00084798,-0.00320888,-0.00472661,0.00381915,-0.01987801,-0.02242123,-0.01747913,-0.00884224,-0.01421126,-0.0129062,-0.01344553,-0.00767241,-0.01405779,-0.0212803,-0.01370232,-0.00814185,-0.02908621,-0.00907164,-0.02094911,-0.01787867,-0.0027683,-0.03021806,-0.01525193,-0.02455272,-0.01032198,-0.0252683,-0.01662682,-0.02125898,-0.03785523,-0.0310961,0.01583638,-0.00752809,-0.01212683,-0.01801089,0.00172715,-0.00129007,-0.01805648,0.00416249,-0.01740012,-0.01701429,-0.01762195,-0.00865385,-0.02551139,-0.01399248,-0.00698269,-0.01163763,-0.01006371,-0.02007096,-0.01333159,-0.02001932,-0.01170601,-0.00523859,0.00192009,0.0087263,0.00041907,-0.02293625,-0.02520299,-0.03067525,0.0002717,-0.00941955,0.98241628,-0.0233343,-0.0121147,-0.03321088,-0.01597054,-0.01977927,-0.02546427,0.00547511,-0.0222769,-0.00278653,-0.02121951,-0.01535369,-0.03288883,-0.01533853,-0.02408175,-0.00628232,-0.01759007,-0.0223012,-0.00176864,-0.01947996,-0.00406573,-0.02264153,-0.01472322,-0.00946056,-0.02349229,-0.01733174,-0.01493896,-0.02440385,-0.0225382
"Np2_501284",-0.01596751,-0.02368374,-0.01993423,-0.00214693,0.006253,0.01607944,-0.01520179,-0.01101324,0.02695419,0.00757473,-0.01412617,-0.00739289,-0.01248844,0.00711136,-0.02429905,-0.02034595,-0.01422948,-0.02265672,-0.02116027,-0.00677912,-0.02172999,-0.0184712,6.357e-05,0.00735138,-0.01293662,-0.01523374,-0.0292715,-0.0181598,-0.02336471,0.00471398,-0.0133331,-0.00505932,-0.02217821,0.00737267,-0.02198218,0.00668141,0.00419288,-0.02104479,-0.02370193,0.007558,-0.00467343,-0.00650868,-0.00890757,0.00031881,-0.00678063,-0.01271785,-0.0110254,0.00791048,-0.02304413,-0.02835084,0.01411814,0.00530649,-0.00350058,-0.00136756,-0.01385272,-0.0048679,-0.00010355,-0.01387398,-0.01826004,-0.00392444,-0.02717194,-0.0038181,-0.01603737,-0.01920956,-0.01194758,-0.01660859,-0.01520027,-0.00485727,-0.00318913,-0.03118879,-0.00426627,-0.0233343,0.99059711,-0.01835577,0.00293494,-0.02160392,-0.01037212,-0.00253586,-0.01322372,-0.01530055,-0.00279869,-0.00178535,-0.00533886,-0.0186201,-0.00653907,0.0003659,-0.01738499,2.103e-05,-0.03142882,-0.0005654,-0.00110929,-0.02428384,-0.01384208,0.01215523,-0.0111439,-0.01925057,-0.01005155,-0.0284724,-0.01393323,-0.0164734
"Np2_501741",-0.01887689,-0.03768363,-0.01403199,0.00481882,0.01245916,-0.00809934,-0.00808414,0.06902827,-0.02548255,-0.01797143,-0.01582015,-0.02929287,-5.341e-05,-0.00764814,-0.01900451,0.00606611,0.00063633,0.00223609,-0.01708113,-0.01060003,-0.01810661,-0.02745756,-0.00907469,-0.01257352,0.0025369,-0.01236997,0.01096567,-0.01013059,-0.00485271,0.00043731,-0.00287313,-0.01693224,-0.02599916,-0.00191753,-0.01972612,-0.01962436,-0.01375702,-0.02030799,0.00498896,-0.0234574,-0.01457132,-0.02172396,-0.00452455,-0.01079448,-0.01622277,-0.00894253,0.03589651,-0.01444526,0.0143065,-0.03353909,-0.00793376,-0.02707624,-0.01689274,-0.03040796,-0.01752171,-0.01506966,0.01157185,-0.00341398,-0.01463666,0.00076242,-0.03311982,-0.01553909,-0.0260872,-0.00434376,-0.01014728,-0.00280628,-0.01522307,-0.02113601,0.01076512,0.01421382,-0.00094673,-0.0121147,-0.01835577,1.0069618,-0.01015335,-0.01570167,-0.00507756,-0.01759919,-0.02950245,0.08707383,-0.02849673,-0.02869881,-0.04076004,-0.01150245,0.00255362,-0.02366096,-0.00738076,-0.03464062,-0.01489188,-0.00180358,-0.02513615,-0.00972189,-0.01037062,-0.01703705,-0.01223017,0.00138835,-0.00885895,-0.01436623,-0.0093983,-0.02150971
"Np2_500754",-0.01262669,-0.00818897,-0.00671833,-0.01399858,-0.00225633,-0.01126847,0.06394927,-0.0292457,0.00203707,-0.02964831,-0.02445854,0.00491149,-0.00504565,-0.00838648,-0.02338902,-0.00287617,-0.00754632,-0.00397154,-0.02404835,0.00522141,-0.00608329,0.0059871,-0.01619385,-0.02470618,-0.00944387,-0.02586998,-0.00724399,-0.00129767,-0.00878147,-0.01351849,-0.01591733,0.00618156,-0.03691642,-0.00189626,-0.00147391,0.01366841,0.00024132,-0.00919622,0.00713716,-0.0041417,-0.02001931,0.00351681,-0.01908802,0.00457116,-0.02394962,-0.00664239,-0.0327521,-0.010322,-0.02775529,-0.02333884,-0.02082608,-0.00077201,-0.0165676,-0.0071422,-0.00367529,-0.02051766,-0.02456489,-0.01022932,0.00118477,0.00275871,-0.02291957,0.00195351,-0.00692343,0.00327374,-0.02060879,-0.0002023,-0.02082298,-0.00850498,0.00091131,-0.00657856,-0.00533126,-0.03321088,0.00293494,-0.01015335,0.98679539,-0.01689577,-0.02222373,-0.02957992,-0.00805982,-0.03322914,-0.00629447,-0.00102724,-0.01384812,-0.00905038,-0.02021379,-0.01102994,-0.01146145,-0.00134781,0.00396802,-0.01135354,-0.01144165,-0.01744875,-0.02736487,-0.01716769,-0.01038579,-0.0224425,-0.00032992,-0.01115453,-0.01226358,0.01892346
"Np2_501850",-0.01650383,-0.01556037,-0.01363395,-0.00420249,-0.02603569,-0.00253586,-0.01026882,-0.02674203,-0.01201899,-0.01119254,-0.01709328,-0.00701765,-0.00816316,-0.00937704,-0.01465642,-0.01343797,-0.02372936,0.00597647,-0.00574451,0.0258042,-0.01421431,0.00666773,-0.02341333,-0.01582167,-0.01575181,-0.01820086,-0.02616165,-0.02143077,-0.00779701,-0.02954962,0.00390574,-0.02276311,-0.02347417,-0.02521976,-0.01036454,-0.00236267,-0.00956086,-0.02522731,-0.00555156,0.02054302,0.00815963,0.00647632,0.01000248,-0.02710815,-0.01992669,-0.01872346,0.01183469,-0.01890882,-0.01157842,-0.00290808,0.01798769,-0.01908198,-0.00631575,-0.01071549,-0.00724856,-0.01588702,-0.01492075,-0.01395453,-0.01879636,-0.0023338,-0.0149466,-0.02911812,-0.00138123,-0.01685931,-0.00306456,0.02402661,-0.00753266,-0.00508972,-0.0053966,-0.00574603,-0.00708144,-0.01597054,-0.02160392,-0.01570167,-0.01689577,1.01110084,-0.00179295,-0.01948002,-0.01679853,0.01652309,-0.02916216,0.01697279,-0.01119251,-0.02447379,0.00158434,-0.01050126,-0.02399831,-0.01418851,-0.03105361,-0.00216517,-0.02489004,-0.0126662,0.00370065,-0.00326965,0.00153724,-0.01036757,-0.01438597,-0.00196615,-0.01401378,-0.0021211
"Np2_501260",-0.01848946,-0.02210373,-0.01607535,-0.00588428,-0.00447291,-0.01682739,-0.02395263,-0.01824485,-0.02251238,-0.02350905,-0.00525378,0.01059498,0.00899369,-0.0133377,-0.0324422,-0.00281388,0.00056796,-0.00740351,-0.01198403,-0.02039155,0.04198709,-0.01476424,-0.02296815,0.00422174,-0.00011418,-0.01046329,-0.00201627,-0.01399706,-0.01449231,-0.01254465,0.03883766,-0.00545432,-0.03260025,-0.02219185,0.01286927,-0.01027337,-0.0103311,-0.01475513,-0.00556218,0.01369575,-0.01190503,-0.01905766,-0.0331547,-0.00858397,0.0078649,-0.00688394,-0.0238782,-0.00615775,-0.01964102,-0.00170331,-0.00876174,-0.02425801,-0.02394961,-0.00859916,-0.01500734,-0.03169779,-0.00232164,-0.01396514,0.01021061,0.00783451,-0.01161486,-0.01120163,-0.02326897,-0.00122171,-0.03558702,0.00031577,0.00932032,-0.02743326,-0.00130527,0.01186657,-0.01119403,-0.01977927,-0.01037212,-0.00507756,-0.02222373,-0.00179295,0.98783167,-0.00976746,-0.03002654,-0.01311283,0.00349098,-0.0043073,0.00566045,-0.02235745,0.00020638,-0.00048487,0.00227407,-0.01951648,-0.00721209,-0.01584899,-0.00621395,-0.00097863,-0.01408515,-0.0209035,-0.02430054,-0.00688393,-0.01728314,-0.0214231,-0.00764356,-0.02172998
"Np2_504871",-0.00594353,-0.01609056,-0.01932957,0.00833283,0.0155174,-0.01992968,-0.00684898,0.03364953,-0.01361267,-0.01187467,-0.01078687,-0.02927309,-0.00595872,0.01060258,-0.01351545,-0.01791819,-0.01271328,-0.02174822,-0.00323623,0.01342383,-0.00897137,-0.00069909,-0.01118186,0.00127136,-0.00838192,-0.01523678,-0.00694166,-0.01573205,-0.01090994,0.002584,-0.01455154,-0.01068357,-0.02263703,-0.00599974,-0.014389,-0.01291991,-0.01039492,-0.01861705,-0.00623369,-0.01857605,-0.02868052,-0.02762925,0.00962417,-0.00378619,-0.00313748,-0.01287281,-0.01725734,-0.02126211,0.00627424,-0.0353424,-0.03313352,-0.00912938,-0.00380746,-0.04117482,-0.00079025,-0.01094793,-0.01150091,-0.01448472,-0.01188225,-0.0127391,-0.00225935,-0.01703857,-0.02865013,-0.0073625,-0.00663326,-0.01858665,0.05635308,-0.01914122,-0.01884037,-4.734e-05,0.0101635,-0.02546427,-0.00253586,-0.01759919,-0.02957992,-0.01948002,-0.00976746,0.9921105,-0.02492493,-0.00558043,0.00342717,-0.02412129,-0.02266126,-0.00753266,-0.01672106,0.04669979,-0.01738804,-0.0135033,-0.00469318,-0.02426864,0.00830698,-0.00256168,-0.00366617,0.00744253,0.00222241,-0.0178863,-0.02190467,-0.02361386,-0.01515167,-0.02270534
"Np2_503828",-0.01556793,-0.00733211,0.00219051,-0.01997832,-0.00808416,-0.00676542,-0.0084214,-0.01258869,-0.01093119,-0.02392986,-0.01600546,0.02339158,-0.00601189,-0.00692192,0.0231971,0.00481728,-0.00957602,-0.03152452,-0.01468372,-0.01367192,-0.00294756,-0.01245042,-0.01108311,-0.02126659,-0.00023116,-0.01255529,-0.02841613,-0.0065178,-0.01476121,-0.00947121,0.00028386,-0.00572323,-0.01266316,-0.02367615,-0.00745364,-0.01646732,0.00200972,-0.01077015,-0.01661769,-0.00936182,-0.01095853,0.00011979,-0.00395026,-0.0328569,-0.02126966,-0.02507994,0.01489745,-0.00186891,0.01123456,-0.01169536,-0.02559043,-0.02012109,-0.00841837,0.08183077,-0.01041465,-0.0216358,-0.01580795,-0.01134748,-0.00266803,-0.00337296,0.00011827,-0.00524162,0.00092195,-0.01470802,-0.00592681,-0.00086469,-0.00401407,-0.01737128,-0.00658767,-0.02380068,-0.00979176,0.00547511,-0.01322372,-0.02950245,-0.00805982,-0.01679853,-0.03002654,-0.02492493,0.97726528,-0.02492797,0.00777981,0.00453927,0.00675886,-0.0236898,-0.01464728,-0.00698268,-0.02032775,-0.01720265,-0.0188753,-0.01885252,0.00658263,-0.02904967,0.00174993,-0.00917038,-0.0099847,-0.02052216,-0.01679241,-0.02184392,-0.01171057,-0.02351811
"Np2_504827",-0.00488309,-0.02095519,0.00938109,-0.00853385,-0.02824009,-0.01203266,-0.02386755,0.09867017,-0.02394655,-0.02068933,-0.00972644,-0.00891821,-0.00185979,-0.00869488,-0.01762045,-0.0145789,-0.00056236,-0.01856084,-0.00217579,-0.02106611,-0.01034173,-0.01224838,-0.01543879,-0.02227994,-0.00580224,-0.01053014,-0.01104665,-0.02743329,-0.01638225,-0.02886744,-0.00285642,-0.01904244,-0.01504383,-0.02499335,-0.02092479,0.00120605,-0.0119172,-0.01816431,-0.0110983,-0.02146564,-0.00619875,-0.00256473,-0.01180021,-0.01731051,-0.02866385,-0.00907774,-0.03138935,-0.00835154,0.00140962,0.12523856,-0.02159027,-0.02234984,-0.03647426,-0.01990842,-0.0058068,-0.00411436,-0.01013663,-0.02497056,-0.03087585,0.00503301,-0.02307606,-0.02296665,-0.02971664,-0.01860794,-0.02349992,-0.01707044,-0.00502742,-0.00835761,-0.01641262,-0.00795044,-0.01338781,-0.0222769,-0.01530055,0.08707383,-0.03322914,0.01652309,-0.01311283,-0.00558043,-0.02492797,0.98982522,-0.02346647,-0.02518779,-0.00428146,0.01646838,-0.01034327,0.00370216,-0.02832965,-0.02398914,0.00457116,0.03269997,-0.03727336,-0.00788207,-0.01035389,-0.00486638,-0.00993458,-0.01317968,-0.01188071,-0.0087283,-0.01819319,0.00570148
"Np2_500055",-0.00666213,-0.00814946,-0.00789423,-0.00879364,-0.02774025,-0.01958481,-0.01789844,-0.00702522,-0.00916584,-0.01487214,-0.02654598,-0.023307,0.00015928,-0.01290471,-0.01180326,4.99e-05,0.00160864,-0.02170718,-0.00349905,-0.00932385,-0.02518625,-0.02238325,-0.00445618,-0.01691853,-0.00818898,0.00501024,-0.00750833,-0.03787202,-0.0195286,-0.00284427,-0.01663745,0.00272681,-0.0213806,-0.00975683,-0.00963832,-0.01834815,-0.00230189,-0.01447407,-0.021537,-0.01215419,-0.00661047,0.00082167,-0.00871766,-0.00647981,-0.01464273,-0.00629904,-0.02298944,-0.01134598,-0.00766178,-0.00628382,-0.02230582,0.0080791,-0.03293594,-0.00239305,-0.02566484,0.00109514,-0.00826948,-0.00380898,0.00031273,-0.01619234,-0.01847426,-0.01319943,-0.0235956,-0.01035996,-0.00476915,-0.01155711,0.00246094,0.0384792,-0.01272238,-0.00623521,0.00762181,-0.00278653,-0.00279869,-0.02849673,-0.00629447,-0.02916216,0.00349098,0.00342717,0.00777981,-0.02346647,0.98626662,-0.01071091,-0.01228939,0.00587772,0.00853944,-0.01615587,-0.00868729,-0.01969119,-0.01027336,-0.00052742,-0.0110983,0.01008906,-0.01532334,0.00383737,-0.00928282,-0.02149145,-0.01669822,-0.02250936,-0.00265284,-0.00109105
"Np2_500636",-0.00686419,-0.01382081,0.0005634,-0.01644002,-0.00287466,-0.01902726,-0.0012369,-0.02393899,-0.01954684,-0.02130311,-0.02431726,0.00961052,-0.02100838,-0.00748556,-0.02066502,-0.00379835,-0.0022396,-0.0234285,-5.493e-05,-0.01013361,0.01031391,0.00840726,-0.00541786,0.00688346,0.01576498,-0.01084007,-0.0257894,-0.00753722,-0.02717498,0.01336154,-0.019878,-0.01357925,-0.01687301,0.00386624,-0.01060001,-0.02523491,-0.00493475,-0.02120888,-0.01110438,-0.0213198,-0.01775108,-0.00515353,-0.0254795,0.00380091,-0.02958149,-0.02853017,-0.03018004,-0.01291536,-0.00543306,-0.01712059,-0.01126546,-0.01111352,0.0097047,-0.01383753,-0.00110321,-0.00488006,-0.01849855,-0.01434192,-0.00748556,-0.0226233,-0.01335896,0.0101468,-0.02607654,0.01678438,-0.01530208,-0.0018841,-0.01521243,-0.02461962,-0.00350513,0.00374166,-0.01400159,-0.02121951,-0.00178535,-0.02869881,-0.00102724,0.01697279,-0.0043073,-0.02412129,0.00453927,-0.02518779,-0.01071091,0.99406758,-0.01036451,-0.02151883,-0.01156474,0.00643072,0.00691083,-0.00485271,-0.02703518,-0.00376797,-0.0214793,-0.00105156,0.00012282,-0.02355915,-0.02072729,-0.00574146,0.01074992,0.0041792,3.167e-05,-0.02256254
"Np2_502344",-0.0166466,-0.00947424,-0.00101509,-0.00859916,-0.02329186,0.00309446,-0.01117123,-0.0320502,0.01032301,-0.02652776,-0.01556488,-0.01885863,-0.02699264,-0.00435439,-0.00158177,-0.00492107,-0.00867968,-0.02986854,-0.01530661,-0.01718137,-0.02134559,-0.02036567,-0.01200984,-0.00289895,-0.02197155,-0.00087229,-0.01035235,-0.02111775,-0.01037059,-0.02604616,0.0105995,-0.0294386,-0.01024755,-0.02019707,0.0002793,-0.02757299,-0.00955172,0.00091283,-0.00052894,-0.00573082,-0.00049095,-0.02010135,-0.02250022,0.02607452,-0.0191579,-0.00564879,-0.02492189,-0.00704953,-0.02585014,-0.02629526,-0.0218075,-0.00752657,0.01936859,-0.00842748,-0.02987617,-0.02727219,0.28134057,-0.01166651,-0.00617748,-0.00916127,-0.01888748,-0.02470313,-0.02522421,-0.01092511,-0.02645178,-0.0174396,-0.01998131,8.484e-05,-0.02650491,-0.02275241,-0.00919924,-0.01535369,-0.00533886,-0.04076004,-0.01384812,-0.01119251,0.00566045,-0.02266126,0.00675886,-0.00428146,-0.01228939,-0.01036451,0.97495568,-0.00972795,-0.02317023,-0.03479998,-0.01259479,-0.01129278,-0.02390398,-0.01339843,-0.00740958,-0.00095888,-0.01649618,-0.01556638,0.00352137,0.01227828,-0.01832683,-0.01243979,-0.01066228,0.00502845
"Np2_503650",-0.02005278,-0.01971701,0.00150381,-0.01261303,-0.00542853,-0.00730021,-0.00743694,-0.00507148,0.00418224,-0.01899538,-0.02732689,-0.02044171,-0.00928132,-0.01961068,-0.01319185,-0.00209831,0.00386624,0.01701227,-0.01734546,-0.00174889,-0.01168627,-0.00432552,-0.01009865,-0.02559951,-0.02006038,-0.00336689,-0.02758363,-0.01312957,-0.00754785,-0.00028281,-0.0195453,-0.0099042,-0.01881917,-0.00354919,-0.00889997,0.0004692,-0.02890996,-0.00127793,-0.02231791,-0.00564271,-0.01118947,-0.01530361,-0.00220618,0.00079129,-0.01755057,-0.01619542,-0.00508363,-0.01258265,-0.00115031,-0.00372238,0.01474255,-0.00835001,-0.01898017,-0.0016547,-0.0112533,-0.01305513,0.00796516,-0.02190928,-0.03313194,-0.02137905,-0.00284731,-0.00440908,0.00114679,-0.00688697,0.02605026,0.00042363,-0.01518357,-0.00666365,-0.01259173,0.00240321,-0.0106304,-0.03288883,-0.0186201,-0.01150245,-0.00905038,-0.02447379,-0.02235745,-0.00753266,-0.0236898,0.01646838,0.00587772,-0.02151883,-0.00972795,0.99746815,-0.01320705,-0.02088681,-0.01098745,0.00611474,-0.01515622,-0.01148725,0.00832673,-0.01317665,-0.01944658,-0.00818593,-0.00839255,-0.0243993,-0.0129214,-0.01934023,-0.00525683,-0.01174704
"Np2_503608",-0.02939312,-0.02662656,-0.02667515,-0.00372239,-0.01735163,-0.00235963,0.01375957,-0.01106947,-0.02050245,-0.00114119,-0.00795349,-0.02385699,-0.01421584,-0.02272211,-0.00566855,-0.02420029,-0.01595688,-0.00113967,-0.01362028,-0.0182297,-0.01707656,0.00623626,-0.01336199,-0.0062261,-0.00494083,-0.01984771,-0.01413529,-0.01107556,-0.00701308,-0.00643273,-0.02432789,0.01980009,0.00541589,0.00412604,-0.01535374,-0.00476916,-0.0116635,-0.0097067,-0.01449078,-0.02257928,-0.00153924,-0.02464396,-0.01185036,-0.00672594,-0.01777543,-0.02052225,-0.01412011,0.01940057,-0.01808686,-0.00379531,0.01269461,-0.00340942,-0.00598758,-0.00431034,-0.0093512,-0.01054534,-0.01079448,-0.01666486,-0.00920079,-0.03239056,-0.01811271,-0.01238209,0.01201243,-0.01911387,-0.00805376,-0.01013208,-0.01677574,-0.00795198,0.0660322,-0.01909108,-0.00508211,-0.01533853,-0.00653907,0.00255362,-0.02021379,0.00158434,0.00020638,-0.01672106,-0.01464728,-0.01034327,0.00853944,-0.01156474,-0.02317023,-0.01320705,1.00583132,-0.01093272,-0.01227577,-0.01705076,-0.01158296,-0.00715437,-0.00769825,-0.02114966,-0.01374638,-0.00901848,-0.01864442,-0.01763563,-0.00706928,-0.01394388,-0.02735883,-0.00862955
"Np2_502645",0.01321416,-0.00863106,-0.01035084,-0.01140219,0.02586349,-0.01216634,-0.0156454,-0.01434342,-0.00053198,-0.03130581,-0.00682164,-0.00024028,-0.00442428,-0.02614798,-0.01243678,-0.01091448,0.00963481,-0.00304632,-0.01036148,-0.02074401,-0.02794671,-0.01602824,-0.02544754,-0.02074246,-0.01155713,-0.0153735,-0.02713239,0.01056612,-0.04021614,0.00806847,-0.01286518,0.01060104,-0.01183517,-0.01175767,-0.00768913,-0.01032198,-0.01949517,-0.01769029,-0.01578971,-0.00427995,-0.00937092,-0.02260053,-0.01998588,-0.00149213,-0.02378402,-0.01376916,-0.00812667,0.00564376,-0.02105695,-0.01086737,-0.01078537,0.0057744,-0.01807316,0.00411387,-0.00472508,-0.00439997,-0.01133379,-0.01325413,-0.02113444,-0.02806826,-0.00832114,0.00303065,-0.03030609,-0.02390705,-0.02515284,-0.01811568,-0.03524211,-0.00469319,-0.02125595,-0.01279378,-0.01443305,-0.02408175,0.0003659,-0.02366096,-0.01102994,-0.01050126,-0.00048487,0.04669979,-0.00698268,0.00370216,-0.01615587,0.00643072,-0.03479998,-0.02088681,-0.01093272,0.98256823,-0.01235931,-0.00406877,-0.01743962,-0.01164371,-0.01689725,-0.0057369,0.00227407,-0.00302505,-0.00414322,-0.00814794,0.01867428,-0.01311587,-0.00617293,0.05251239
"Np2_500714",-0.01562724,0.00050871,-0.02749407,-0.0053009,0.00127593,-0.01852291,-0.00331524,-0.01219221,-0.02587911,-0.0008966,-0.00284731,-0.01723158,-0.00637501,0.00410934,-0.00284123,-0.01559987,0.00221483,-0.02687421,-0.01246416,-0.01798512,0.00838753,0.00101159,-0.02086558,-0.00871616,-0.00819052,-0.00684143,-0.00933298,-0.01189446,-0.01861863,-0.01348054,-0.00251004,-0.02021535,-0.01393785,-0.00489678,0.01026228,-0.01561509,-0.01764783,-0.01751412,-0.0154616,-0.00471143,-0.01390439,-0.00677609,-0.01312503,-0.00936793,-0.01099809,-0.0149603,-0.00354465,-0.02000726,-0.02893279,-0.0120585,-0.02443436,-0.0145592,-0.01728929,-0.03581805,-0.02004521,-0.01561813,-0.00356135,-0.00852019,-0.01184278,-0.01269963,-0.01315845,-0.01259329,-0.02390104,-0.00337297,-0.01570927,-0.01778757,-0.00118677,-0.01697481,-0.02138364,-0.01216181,-0.00863564,-0.00628232,-0.01738499,-0.00738076,-0.01146145,-0.02399831,0.00227407,-0.01738804,-0.02032775,-0.02832965,-0.00868729,0.00691083,-0.01259479,-0.01098745,-0.01227577,-0.01235931,1.02668149,-0.00343678,-0.0028306,-0.01161945,0.01746199,-0.01194153,-0.01973072,-0.01166046,-0.00563817,0.06328098,0.00350619,-0.0191686,0.00296685,0.00619982
"Np2_504305",-0.00779247,-0.01566064,-0.00507452,-0.01068361,-0.02157821,-0.00567462,-0.00915369,-0.03778089,-0.03278101,-0.01159666,-0.01415506,-0.01501802,0.03640247,0.00601903,-0.01490861,-0.02310948,-0.00286401,-0.00597392,-0.00311014,-0.01334076,-0.0267724,0.00200973,-0.00406725,-0.01106035,-0.02177715,-0.00022204,0.00792111,-0.00573084,-0.01306273,0.00286203,-0.02050244,-0.02195184,0.00453169,0.00506493,-0.01441485,-0.00458988,0.00781021,-0.01514864,-0.01264035,0.00054061,-0.00363883,-0.02127427,-0.00209984,-0.0066986,-0.00756913,-0.01350636,-0.00604077,-0.01293209,-0.01821144,-0.01318729,0.00299876,-0.00611673,-0.01218916,-0.02752748,-0.00598152,-0.016595,0.02098511,-0.01390287,-0.01646584,0.02384889,-0.01565456,-0.00187195,-0.00710272,-0.00571716,-0.00863412,-0.02408179,-0.00353097,-0.03238453,-0.01430849,-0.0243811,-0.02662807,-0.01759007,2.103e-05,-0.03464062,-0.00134781,-0.01418851,-0.01951648,-0.0135033,-0.01720265,-0.02398914,-0.01969119,-0.00485271,-0.01129278,0.00611474,-0.01705076,-0.00406877,-0.00343678,1.01241974,-0.02978657,-0.01183669,-0.00873439,-0.00167597,-0.02526532,-0.01446042,-0.00691889,-0.02216603,-0.00521884,-0.01801851,0.00533232,0.00674218
"Np2_504565",-0.00657857,0.01684969,0.01604144,-0.01843326,-0.01094492,0.00252779,0.01591231,-0.02319757,-0.03263053,-0.00992699,0.00513785,-0.00529633,-0.01753232,-0.00795957,-0.02387365,0.00393156,-0.00696749,0.00633045,-0.0102521,-0.02276157,-0.00869486,-0.00832265,-0.00665148,-0.020785,-0.00947273,0.00539765,-0.01973064,-0.01743054,0.00273592,0.03187808,-0.02354239,-0.01861097,-0.02266436,-0.01499063,-0.00803551,-0.01401071,-0.00981455,-0.02593674,-0.0067168,-0.01571681,-0.01944047,-0.02841619,0.03512011,-0.00624433,0.01400265,0.00867313,-0.02077893,0.00742432,-0.02064371,-0.00939068,-0.0150818,-0.00262397,-0.02100227,-0.0054999,0.00708248,-0.01219066,-0.01958024,0.00751699,-0.00689609,-0.0044106,-0.01459258,-0.00901391,-0.02184087,0.03712399,-0.02549923,-0.00402927,-0.01842106,-0.00306455,-0.02190618,0.00828115,-0.02237565,-0.0223012,-0.03142882,-0.01489188,0.00396802,-0.03105361,-0.00721209,-0.00469318,-0.0188753,0.00457116,-0.01027336,-0.02703518,-0.02390398,-0.01515622,-0.01158296,-0.01743962,-0.0028306,-0.02978657,0.98187535,-0.02961333,-0.01329361,-0.01838916,-0.0153917,-0.00048487,-0.00935118,-0.02383867,0.00192008,-0.01619689,-0.02596563,-0.00814794
"Np2_504427",-0.01354432,-0.0147278,-0.00383784,-0.00580072,-0.00925096,-0.00656489,-0.02584409,-0.00783042,-0.00556523,-0.00580224,-0.01018373,-0.01469287,-0.00763445,-0.0080887,-0.02704128,-0.0188343,-0.01211014,-0.02236047,-0.00293694,-0.01377524,-0.02796647,-0.00708447,-0.01483261,-0.02319302,-0.01810965,-0.01630481,-0.0099847,-0.03594258,-0.02094151,-0.01671498,0.00792868,-0.00081303,-0.01762807,-0.00053502,-0.02031861,-0.01550718,-0.01009562,0.00021701,-0.01125174,-0.0123517,-0.00817529,-0.00773168,-0.00283818,-0.01396969,-0.01620755,-0.00406574,-0.03458127,0.00349707,-0.01743052,-0.01027944,0.00362772,0.03522799,-0.02963919,-0.01337719,0.00254754,0.00302458,0.00201579,-0.01327388,-0.02464846,-0.01456675,-0.01806406,-0.01066229,-0.01574111,-0.00311317,0.04410496,-0.0103873,-0.02022137,-0.00744758,-0.01489489,-0.02101745,-0.00852775,-0.00176864,-0.0005654,-0.00180358,-0.01135354,-0.00216517,-0.01584899,-0.02426864,-0.01885252,0.03269997,-0.00052742,-0.00376797,-0.01339843,-0.01148725,-0.00715437,-0.01164371,-0.01161945,-0.01183669,-0.02961333,0.98936634,-0.00111688,-0.00013545,0.00787552,-0.02385843,-0.00765722,-0.02016971,0.00239864,-0.01207215,-0.00968694,-0.01055594
"Np2_502794",4.078e-05,-0.01420821,-0.01547221,-0.02366402,0.00463803,-0.01121073,-0.01043591,-0.0194648,0.00786792,-0.02032319,-0.00632181,-0.00429818,-0.01212837,-0.0055941,-0.01482351,-0.01193389,0.00269034,-0.0057369,-0.00013849,-0.02373845,-0.01498909,-0.00398217,-0.00610911,-0.02343304,-0.02624976,-0.01867178,-0.0131113,-0.01081119,-0.02224501,-0.00616837,-0.02436735,0.00016232,0.0043129,-0.02508298,-0.02420482,0.00430682,-0.01200683,0.00180006,-0.00100901,-0.0030205,-0.01555577,-0.00675632,-0.02480341,-0.00889237,-0.00110321,-0.02633485,-0.01036148,-0.01937975,-0.03635725,-0.02267341,-0.01727408,-0.02183177,-0.02182722,-0.0190865,-0.02382352,-0.01772527,-0.00490891,-0.00485423,0.07917972,-0.00797019,0.01420773,-0.00087533,-0.01263882,-0.02279952,-0.02602033,-0.01153888,-0.00025547,-0.02394354,-0.00085405,-0.0176113,-0.00770432,-0.01947996,-0.00110929,-0.02513615,-0.01144165,-0.02489004,-0.00621395,0.00830698,0.00658263,-0.03727336,-0.0110983,-0.0214793,-0.00740958,0.00832673,-0.00769825,-0.01689725,0.01746199,-0.00873439,-0.01329361,-0.00111688,0.98387193,0.00068798,-0.00011266,0.00552677,-0.01017612,-0.00081151,-0.01288189,0.00303217,-0.02846176,-0.00183244
"Np2_501374",-0.00748556,-0.00365554,-0.01570618,0.00329653,-0.0153462,-0.01706591,-0.01750648,-0.02699114,-0.01302775,-0.01994946,-0.00989811,0.00321601,-0.02861826,-0.01296852,-0.01095551,-0.00548319,-0.01152067,0.00040995,-0.00903214,-0.02230125,-0.01719808,-0.01059696,-0.00315266,-0.01075344,-0.00597391,-0.01298069,-0.01896647,-0.01697023,-0.01913664,-0.00761774,0.00046617,-0.00888325,0.00316739,-0.01893612,-0.0107656,-0.0179562,-0.00510034,0.00764307,-0.01126997,-0.01540841,-0.00758582,-0.00942108,-0.01531422,-0.01930527,0.0021571,-0.01274368,-0.02123016,-0.01475213,-0.01911993,-0.0192612,-0.00945604,-0.02358499,-0.01492074,-0.01582621,0.0049601,-0.03011321,-0.00651019,0.00083687,0.00495858,-0.00592529,0.00911219,-0.00399585,-0.00360541,-0.02592006,-0.01455613,-0.00843051,-0.003376,0.00316891,-0.01369773,0.00722225,-0.0173576,-0.00406573,-0.02428384,-0.00972189,-0.01744875,-0.0126662,-0.00097863,-0.00256168,-0.02904967,-0.00788207,0.01008906,-0.00105156,-0.00095888,-0.01317665,-0.02114966,-0.0057369,-0.01194153,-0.00167597,-0.01838916,-0.00013545,0.00068798,0.98963376,-0.02632571,-0.00929193,0.01875939,0.00184109,-0.01782551,0.00021549,0.01004501,-0.0356417
"Np2_504604",-0.01056508,-0.01782555,0.00081255,-0.00221378,-0.02009691,-0.01741078,-0.0131417,-0.02049942,0.02688735,-0.01254618,-0.00933144,-0.01080209,-0.01361876,-0.02212503,-0.01996009,0.00571819,-0.01004245,-0.01558313,-0.00557891,0.00576379,-0.01435254,0.00896026,-0.00820719,-0.00107131,-0.01467465,-0.00253891,-0.01627286,0.00091587,-0.0168988,-0.00522797,-0.00154986,-0.01363394,-0.0126738,-0.00864627,-0.01354126,-0.00371632,-0.01380106,-0.01564237,-0.01237447,0.00308535,-0.00580375,0.02107475,-0.01808988,-0.01630782,-0.01793798,-0.00670771,-0.01169994,-0.02087015,-0.01536284,-0.01368103,-0.00417969,0.00250499,-0.0028078,-0.01085373,-0.02288312,-0.01131559,-0.02812449,0.00337857,0.01084262,-0.03437619,0.00132303,0.0056863,-0.01580037,-0.0185168,-0.01687602,0.00808821,0.0029638,-0.03044746,-0.00568677,-0.02821716,-0.01390436,-0.02264153,-0.01384208,-0.01037062,-0.02736487,0.00370065,-0.01408515,-0.00366617,0.00174993,-0.01035389,-0.01532334,0.00012282,-0.01649618,-0.01944658,-0.01374638,0.00227407,-0.01973072,-0.02526532,-0.0153917,0.00787552,-0.00011266,-0.02632571,0.9953257,-0.00796563,-0.0302013,-0.0191655,-0.00844723,-0.01410643,0.01532136,-0.01897104
"Np2_503872",-0.00826797,-0.00550142,-0.011627,-0.02665542,0.01744683,-0.01496175,-0.00370415,-0.01136571,-0.0153294,-0.00705865,-0.01751711,-0.00318762,-0.01436014,-0.021651,0.00786034,0.00026714,-0.02536857,-0.01343795,-0.02622238,-0.01336048,-0.01995549,0.00730732,0.01125734,0.00122579,-0.00994673,-0.02743632,-0.01306421,-0.02185459,0.00256576,-0.0131098,-0.00153163,-0.0124003,0.00208113,0.00884328,-0.01595381,-0.01706743,-0.02153097,-0.01683952,-0.00430425,-0.01558312,-0.01581252,0.00119085,-0.01791971,-0.0146184,-0.01062736,-0.00395483,-0.0054528,-0.02130766,-0.02765046,-0.01518203,-0.03090021,-0.00978265,-0.00096648,-0.00840469,-0.0268149,-0.00643576,-0.0141292,-0.01604954,-0.01785288,-0.00351729,-0.00610304,-0.01358987,-0.0168456,-0.01515621,-0.00941347,-0.00313595,0.00176664,0.00086726,-0.01432821,-0.00130831,0.01346025,-0.01472322,0.01215523,-0.01703705,-0.01716769,-0.00326965,-0.0209035,0.00744253,-0.00917038,-0.00486638,0.00383737,-0.02355915,-0.01556638,-0.00818593,-0.00901848,-0.00302505,-0.01166046,-0.01446042,-0.00048487,-0.02385843,0.00552677,-0.00929193,-0.00796563,0.9832064,-0.00815402,-0.00744908,-0.00797321,-0.00861891,-0.01109527,-0.01864895
"Np2_501874",-0.01090538,-0.00358109,-0.01320094,-0.01015033,-0.01420828,-0.00620483,-0.02138207,-0.01932048,-0.01401677,-0.01865962,-0.01529295,0.00192313,-0.02839189,-0.00514593,-0.01391956,0.00689712,-0.01342124,-0.0013387,-0.02232705,-0.01842869,-0.00967934,-3.974e-05,-0.02191683,0.01347697,0.03025859,-0.01503319,0.00222545,-0.01780733,-0.02422763,-0.02136843,-0.00690368,-0.02947054,-0.00010051,0.00043275,-0.00734882,0.00855312,-0.00426627,-0.01127302,-0.01134746,-0.01624552,-0.01799416,-0.00402928,-0.00202236,-0.00130375,-0.00825127,-0.01889814,-0.01492681,-0.01087957,-0.03165521,-0.01417325,-0.00376038,-0.00634308,0.00551159,-0.01514407,-0.02291957,-0.00709816,-0.0117531,0.00941908,-0.02109799,-0.00417967,-0.00843661,-0.01501189,-0.01796377,-0.01004548,-0.02997798,-0.01428111,0.00186388,0.00719339,0.00278454,-0.00227455,-0.00117917,-0.00946056,-0.0111439,-0.01223017,-0.01038579,0.00153724,-0.02430054,0.00222241,-0.0099847,-0.00993458,-0.00928282,-0.02072729,0.00352137,-0.00839255,-0.01864442,-0.00414322,-0.00563817,-0.00691889,-0.00935118,-0.00765722,-0.01017612,0.01875939,-0.0302013,-0.00815402,0.98871904,-0.01418846,-0.01562412,-0.02872764,-0.01935389,-0.0234133
"Np2_504622",-0.02113902,-0.00758583,-0.01629412,0.0016451,-0.00818597,-0.01932501,0.00044034,-0.02697139,-0.01817343,-0.02463936,-0.00775142,-0.02350298,-0.00900024,-0.00246597,0.00334514,-0.00515958,-0.0026893,-0.00017799,-0.01630477,-0.02562384,-0.00168204,0.00096904,-0.01391954,0.00825685,-0.00823303,-0.00141466,-0.01119858,-0.00935424,-0.02367462,-0.01367496,-0.00072948,0.00784817,-0.00608026,-0.00478738,-0.02457096,-0.00699788,-0.03607317,-0.01421428,-0.01094638,-0.01143862,-0.00771799,-0.01137635,-0.03701965,0.02158213,-0.01392716,-0.01226815,-0.02971817,-0.01883434,-0.00527505,-0.01939337,-0.00639779,-0.01596901,0.00819153,0.01548998,-0.01917615,-0.01945874,-0.0262406,-0.01327236,0.00588987,-0.00241128,-0.01213748,-0.02403012,-0.00662413,-0.01192326,0.05246231,-0.01205694,-0.0124717,-0.02233466,-0.0150453,-0.01630628,-0.02113595,-0.02349229,-0.01925057,0.00138835,-0.0224425,-0.01036757,-0.00688393,-0.0178863,-0.02052216,-0.01317968,-0.02149145,-0.00574146,0.01227828,-0.0243993,-0.01763563,-0.00814794,0.06328098,-0.02216603,-0.02383867,-0.02016971,-0.00081151,0.00184109,-0.0191655,-0.00744908,-0.01418846,0.98526681,-0.00109409,-0.00128399,-0.01257198,0.00524571
"Np2_500778",-0.0008495,0.00176512,-0.01226052,-0.00070213,-0.00962165,-0.01498757,-0.01436466,-0.01412616,0.00074875,-0.0066287,-0.01784677,0.00483856,-0.01119555,-0.0048132,-0.03440047,-0.01647034,-0.01126542,-0.01103298,-0.00269993,-0.0252364,-0.00767545,-0.0253822,-0.01003786,-0.00123082,-0.01149181,-0.0019388,-0.03390363,0.01731612,-0.00520821,-0.00447593,-0.00763442,-0.02594738,-0.0146564,-0.00804616,-0.01294114,-0.01891634,-0.01137785,-0.01124414,-0.01739554,0.01006626,-0.01416717,-0.02466212,-0.01414742,0.01498101,-0.02417444,-0.01978081,-0.03221729,-0.01844691,-0.02311854,-0.0180944,-0.01102389,-0.01360658,0.00098272,-0.00994976,-0.0124079,-0.00479041,-0.03360131,-0.01516381,0.00430226,-0.01372203,-0.00521732,0.02284613,-0.02644263,-0.00804159,-0.02356825,-0.00589641,-0.00813426,-0.00356438,-0.01177132,-0.0200208,-0.00190993,-0.01733174,-0.01005155,-0.00885895,-0.00032992,-0.01438597,-0.01728314,-0.02190467,-0.01679241,-0.01188071,-0.01669822,0.01074992,-0.01832683,-0.0129214,-0.00706928,0.01867428,0.00350619,-0.00521884,0.00192008,0.00239864,-0.01288189,-0.01782551,-0.00844723,-0.00797321,-0.01562412,-0.00109409,0.97312624,0.01520739,-0.00534797,0.01520434
"Np2_500086",-0.00726832,-0.00419792,-0.01017158,-0.0080325,-0.02713104,0.00062265,0.00230901,-0.00869488,-0.01493744,-0.02170723,0.00110577,-0.00628992,-0.0072835,-0.00378772,-0.00390166,-0.01225446,-0.0254324,-0.01076713,0.00181981,0.00662976,0.00261742,-0.01007587,0.00177424,-0.00157265,-0.01016248,-0.02689246,-0.01692613,0.00208569,-0.01010778,-0.026543,0.00919118,-0.01671801,-0.01636558,-0.01264188,-0.00052134,-0.00269842,-0.02751985,-0.00748403,3.774e-05,-0.02126815,0.00250651,-0.01133078,-0.01418543,-0.01696109,-0.00552574,-0.00219555,-0.01311284,-0.00602709,-0.00522948,-0.02071513,-0.01592348,0.02023458,-0.0122727,-0.01864746,-0.0136613,-0.01257657,-0.01085068,-0.01307487,0.01292398,-0.00023876,-0.01543426,-0.00605747,-0.00399585,-0.02858938,-0.01525042,-0.0053267,-0.0233647,-0.0148448,-0.0042131,-0.01231067,0.00033095,-0.01493896,-0.0284724,-0.01436623,-0.01115453,-0.00196615,-0.0214231,-0.02361386,-0.02184392,-0.0087283,-0.02250936,0.0041792,-0.01243979,-0.01934023,-0.01394388,-0.01311587,-0.0191686,-0.01801851,-0.01619689,-0.01207215,0.00303217,0.00021549,-0.01410643,-0.00861891,-0.02872764,-0.00128399,0.01520739,0.99569037,-0.009336,-0.01111655
"Np2_503137",-0.00017343,-0.00804161,-0.01386334,-0.01278774,-0.01654185,-0.0085384,-0.00837127,-0.01041163,-0.011033,-0.03360294,0.01625264,-0.00299316,-0.00277135,-0.01583535,-0.01473388,-0.02156743,-0.01514711,-0.02524552,-0.01174704,-0.01574875,-0.02234376,-0.00252522,-0.01209645,-0.00435287,-0.00899266,-0.01250517,-0.02016212,-0.01451969,-0.01516686,-0.00942109,0.02251494,-0.00567309,0.00516217,-0.02286642,-0.01089778,-0.00806136,-0.01753841,-0.01239119,-7.83e-06,-0.02161757,-0.00756607,-0.01092058,0.02192702,-0.01715859,0.00217684,-0.01333163,-0.00905645,-0.01442853,0.00384041,-0.01817799,-0.00837281,-0.02690759,0.0036338,0.0031841,0.00209329,-0.0080644,-0.00162886,0.00662976,-0.01370839,-0.01076713,-0.00499704,-0.00443188,-0.01346074,-0.00113664,-0.02927307,-0.02390705,-0.01778907,-0.03631174,-0.01048758,-0.0064312,-0.02128789,-0.02440385,-0.01393323,-0.0093983,-0.01226358,-0.01401378,-0.00764356,-0.01515167,-0.01171057,-0.01819319,-0.00265284,3.167e-05,-0.01066228,-0.00525683,-0.02735883,-0.00617293,0.00296685,0.00533232,-0.02596563,-0.00968694,-0.02846176,0.01004501,0.01532136,-0.01109527,-0.01935389,-0.01257198,-0.00534797,-0.009336,0.99575115,-0.00159089
"Np2_501285",-0.01669067,-0.01574721,-0.00440149,0.01961476,-0.01315695,-0.01016702,-0.0188115,-0.02738462,-0.01706742,-0.01745638,-0.01089929,-0.00067175,-0.01549046,-0.01488125,0.00262805,-0.01119402,-0.01647188,-0.01137786,-0.01322374,0.01984415,0.00656441,-0.03241177,-0.01752318,-0.02193355,-0.03325805,-0.02461661,-0.02498115,0.00770386,-0.01588393,0.013714,-0.01466396,-0.01459409,-0.00634157,-0.00671986,-0.01678028,-0.01865353,-0.01126695,-0.02222372,-0.00710573,-0.01094032,-0.02013325,-0.01725886,-0.01661925,-0.02562381,-0.01540387,-0.00949097,0.01726901,-0.01909565,-0.02270382,-0.00719689,-0.00088596,-0.00270905,-0.00376797,-0.02533516,-0.00819504,-0.01379499,-0.01860186,-0.01383752,-0.01898319,-0.01376306,-0.01209495,-0.00712398,0.00298964,-0.01628653,-0.01343036,-0.00487396,-0.00787144,0.02434871,-0.0315625,0.00789224,-0.00422981,-0.0225382,-0.0164734,-0.02150971,0.01892346,-0.0021211,-0.02172998,-0.02270534,-0.02351811,0.00570148,-0.00109105,-0.02256254,0.00502845,-0.01174704,-0.00862955,0.05251239,0.00619982,0.00674218,-0.00814794,-0.01055594,-0.00183244,-0.0356417,-0.01897104,-0.01864895,-0.0234133,0.00524571,0.01520434,-0.01111655,-0.00159089,0.98702331
