"","solution","std.error","z.ratio"
"vm(ID, ginv)_Np1_504360",0.857857194687717,0.76103589446435,1.12722304023717
"vm(ID, ginv)_Np1_503933",0.580971170315271,0.710282915048809,0.817943326533974
"vm(ID, ginv)_Np1_503911",-0.0792427879733301,0.783227991160495,-0.101174611821416
"vm(ID, ginv)_Np1_502663",0.328510094227187,0.774580731609241,0.424113434302305
"vm(ID, ginv)_Np1_503535",0.481945299059313,0.75646670750762,0.637100475508314
"vm(ID, ginv)_Np1_504275",-0.35449278730909,0.772233346469788,-0.459048795198536
"vm(ID, ginv)_Np1_504973",-0.423557668803785,0.74280493571638,-0.570213858898629
"vm(ID, ginv)_Np1_500259",1.35000826228326,0.803006572659128,1.68119204530637
"vm(ID, ginv)_Np1_502854",1.24808371076896,0.775352531260338,1.6096983764794
"vm(ID, ginv)_Np1_501123",0.371238046547857,0.709092858063563,0.523539395900358
"vm(ID, ginv)_Np1_503901",0.00418135632299958,0.791050306294658,0.0052858285872935
"vm(ID, ginv)_Np1_504560",0.563088103490914,0.764282495693968,0.736753892262873
"vm(ID, ginv)_Np1_504397",-0.327253470856236,0.770592933548821,-0.424677487437021
"vm(ID, ginv)_Np1_502993",0.828631878731135,0.784723246350731,1.05595429036236
"vm(ID, ginv)_Np1_502421",0.159413636581831,0.752610996899613,0.21181412075898
"vm(ID, ginv)_Np1_503046",0.356593021219682,0.795265572563253,0.448394892878781
"vm(ID, ginv)_Np1_500178",1.1352854535468,0.751081635968471,1.51153403196035
"vm(ID, ginv)_Np1_500157",0.265493516863883,0.807366899486952,0.328838743615316
"vm(ID, ginv)_Np1_504964",1.07570687717166,0.743297945100506,1.44720819459041
"vm(ID, ginv)_Np1_503354",1.23222427902042,0.770304252243316,1.5996591936652
"vm(ID, ginv)_Np1_500182",0.0658705739953501,0.722879768551232,0.0911224478274794
"vm(ID, ginv)_Np1_503106",0.58237458485381,0.740933762947998,0.786000873460916
"vm(ID, ginv)_Np1_503803",1.04181221555499,0.745364966391428,1.39772093206738
"vm(ID, ginv)_Np1_500570",0.42710921770416,0.776078956265868,0.550342480305369
"vm(ID, ginv)_Np1_500039",-0.648597920521328,0.745167016481227,-0.870406105176381
"vm(ID, ginv)_Np1_503246",0.345696152161047,0.733717411535343,0.471157078632847
"vm(ID, ginv)_Np1_503328",0.0726171970984344,0.853925515098002,0.0850392637466751
"vm(ID, ginv)_Np1_503445",0.0654404967794907,0.751767513052582,0.0870488490700627
"vm(ID, ginv)_Np1_501049",0.906366003860055,0.723328085401211,1.25304964946483
"vm(ID, ginv)_Np1_503222",-0.0293072494542379,0.776724991743848,-0.0377318224156008
"vm(ID, ginv)_Np1_504915",0.755262332369739,0.766623400793096,0.985180378773197
"vm(ID, ginv)_Np1_502407",1.17814204867338,0.718364229353852,1.64003440111861
"vm(ID, ginv)_Np1_501774",0.765575260847137,0.761733175733624,1.00504387262615
"vm(ID, ginv)_Np1_503722",0.677090605809394,0.827983062670438,0.817759005390302
"vm(ID, ginv)_Np1_502147",1.01656899480583,0.74807653736933,1.35891041093292
"vm(ID, ginv)_Np1_502917",1.27714024358524,0.727879182251442,1.75460471287947
"vm(ID, ginv)_Np1_503331",0.109230591179086,0.822803760865861,0.132754122397471
"vm(ID, ginv)_Np1_502827",-0.383258984704675,0.74075587593764,-0.517389057791206
"vm(ID, ginv)_Np1_500079",-0.0210633626884683,0.748943349520196,-0.0281241067191028
"vm(ID, ginv)_Np1_500114",1.66363756760279,0.713585792338978,2.33137708943133
"vm(ID, ginv)_Np1_501959",0.807416755975127,0.78024528235026,1.03482427159703
"vm(ID, ginv)_Np1_503180",0.560524846073872,0.824198416790836,0.680084837163818
"vm(ID, ginv)_Np1_500295",0.745412815507689,0.745194416801665,1.00029307614375
"vm(ID, ginv)_Np1_503536",0.466021524066674,0.756390198877501,0.61611258945219
"vm(ID, ginv)_Np1_504548",0.0215138833669753,0.753629622104184,0.0285470246072694
"vm(ID, ginv)_Np1_501649",0.453240359582618,0.73460553265448,0.616984680124644
"vm(ID, ginv)_Np1_503689",0.949617067850783,0.74016606374613,1.28297839412493
"vm(ID, ginv)_Np1_504215",0.829051968577268,0.740247115449022,1.11996649669398
"vm(ID, ginv)_Np1_500080",0.620351636150794,0.761738803359326,0.814388913122184
"vm(ID, ginv)_Np1_501573",-0.0196905639012924,0.776937957958661,-0.0253438047396058
"vm(ID, ginv)_Np1_504188",0.512672359607607,0.701340540334549,0.730989198718008
"vm(ID, ginv)_Np1_501695",-0.640997774119206,0.775323690712998,-0.826748597775642
"vm(ID, ginv)_Np1_501873",0.931463474332872,0.798575224634417,1.16640667729116
"vm(ID, ginv)_Np1_500098",-0.300471181150614,0.781062704620411,-0.384695337996761
"vm(ID, ginv)_Np1_501158",0.109259721961054,0.776099363804639,0.14078058436414
"vm(ID, ginv)_Np1_503172",0.478745389608603,0.774074755651284,0.618474360665334
"vm(ID, ginv)_Np1_501933",0.350089082690999,0.760061450871418,0.460606286885907
"vm(ID, ginv)_Np1_503223",0.565838423330554,0.816217681136316,0.693244506223891
"vm(ID, ginv)_Np1_503443",0.299942246591356,0.777509104380525,0.385773291787152
"vm(ID, ginv)_Np1_503504",0.904051172510828,0.744066244928699,1.2150143601763
"vm(ID, ginv)_Np1_500336",0.846406542050262,0.787618857153498,1.07463976308189
"vm(ID, ginv)_Np1_502930",0.903695517840433,0.801898626371946,1.12694483831335
"vm(ID, ginv)_Np1_503258",0.503581711893105,0.745881552980814,0.675149706921439
"vm(ID, ginv)_Np1_501470",0.411847258998147,0.804300491574026,0.512056455656463
"vm(ID, ginv)_Np1_503983",-0.113711022794494,0.761115616165676,-0.149400459508825
"vm(ID, ginv)_Np1_501804",0.663784717220014,0.747154689220613,0.888416718514388
"vm(ID, ginv)_Np1_502651",1.90625630992544,0.750819956620113,2.53889936344611
"vm(ID, ginv)_Np1_501184",-0.0750795310789327,0.807455669112629,-0.0929828521254212
"vm(ID, ginv)_Np1_500107",0.236472489040529,0.788844647252167,0.299770670770537
"vm(ID, ginv)_Np1_502173",0.814531012535186,0.752055479341525,1.08307303770775
"vm(ID, ginv)_Np1_504533",0.243188961289558,0.801309826952925,0.303489303524846
"vm(ID, ginv)_Np1_503929",-0.321573297039634,0.75643167660417,-0.425118760868483
"vm(ID, ginv)_Np1_503873",0.667254153282665,0.726972811193894,0.917852969200933
"vm(ID, ginv)_Np1_503087",0.892102740595149,0.76791927109221,1.16171422462977
"vm(ID, ginv)_Np1_503553",0.280766372799691,0.770284631578907,0.364496916190817
"vm(ID, ginv)_Np1_503464",0.224144419153391,0.778741778580516,0.287828938062062
"vm(ID, ginv)_Np1_503363",0.588412354123072,0.72791979200337,0.808347788571117
"vm(ID, ginv)_Np1_504827",0.830186712495722,0.739927514309426,1.12198383820141
"vm(ID, ginv)_Np1_503557",-0.051831229746933,0.771859710795653,-0.0671511014527549
"vm(ID, ginv)_Np1_501894",0.844095903946984,0.776275638634468,1.08736621624739
"vm(ID, ginv)_Np1_503643",-0.472963825721288,0.794864107697662,-0.595024761013849
"vm(ID, ginv)_Np1_504658",-0.423663885521577,0.819375740150394,-0.517056906571111
"vm(ID, ginv)_Np1_503448",0.52216316964759,0.776565621671545,0.672400573854457
"vm(ID, ginv)_Np1_504630",0.472795306176942,0.806568231566935,0.586181413639903
"vm(ID, ginv)_Np1_503139",0.345770807984191,0.734758245019237,0.47059125954434
"vm(ID, ginv)_Np1_503102",0.207890075781894,0.760374074534531,0.273405002543197
"vm(ID, ginv)_Np1_504933",0.996669958962859,0.760760986411708,1.31009604430935
"vm(ID, ginv)_Np1_502926",0.434816704973886,0.767827677180136,0.566294649042556
"vm(ID, ginv)_Np1_500677",0.56686770977762,0.769310782637909,0.736851377324875
"vm(ID, ginv)_Np1_502846",-0.0907201172122753,0.767443664758714,-0.118210783902683
"vm(ID, ginv)_Np1_502973",1.03310694785817,0.799762892150763,1.29176654480665
"vm(ID, ginv)_Np1_501538",0.892642849181359,0.732206564285741,1.21911342061256
"vm(ID, ginv)_Np1_501531",0.529658305998659,0.765617050116893,0.691805787133126
"vm(ID, ginv)_Np1_501929",0.446021344875266,0.728223822540959,0.612478376934969
"vm(ID, ginv)_Np1_502095",0.366737975011085,0.719824357321417,0.5094825859683
"vm(ID, ginv)_Np1_500051",0.43229389992944,0.70377110706699,0.614253548616185
"vm(ID, ginv)_Np1_500315",0.0673802387348074,0.746070759080482,0.090313469486262
"vm(ID, ginv)_Np1_503793",0.766603944888312,0.799193365788485,0.959222107821153
"vm(ID, ginv)_Np1_504026",0.409020737037256,0.7915585845872,0.516728319294979
"vm(ID, ginv)_Np1_500457",0.27923137164683,0.788247312181164,0.35424335399783
"vm(ID, ginv)_No_516001",0.55241715410459,0.791719594379998,0.69774344101865
"vm(ID, ginv)_No_516002",0.385023865179367,0.798928978930482,0.48192502128887
"vm(ID, ginv)_No_516003",-0.10053911714448,0.826161266332844,-0.121694300182762
"vm(ID, ginv)_No_516004",0.808571800872013,0.796922141856724,1.0146183151445
"vm(ID, ginv)_No_516005",0.053583359521516,0.800334423163268,0.0669512118568278
"vm(ID, ginv)_No_516006",0.322825843975985,0.789940755845693,0.408670956128064
"vm(ID, ginv)_No_516007",0.77440858291188,0.82431273191831,0.939459689176103
"vm(ID, ginv)_No_516008",0.506911998966672,0.799192139566311,0.634280511369584
"vm(ID, ginv)_No_516009",0.607899249548933,0.796635852732593,0.76308296628094
"vm(ID, ginv)_No_516010",0.559743209318537,0.810419090262615,0.690683642628844
"vm(ID, ginv)_No_516011",0.741787288023862,0.818242422820342,0.906561756437717
"vm(ID, ginv)_No_516012",0.556825121110118,0.818459355512975,0.680333259506972
"vm(ID, ginv)_No_516013",0.265094418075471,0.799038232446474,0.331766875865016
"vm(ID, ginv)_No_516014",1.3162813042193,0.795267746972901,1.65514232059526
"vm(ID, ginv)_No_516015",0.222248980938438,0.794040005109697,0.279896452959866
"vm(ID, ginv)_No_516016",1.00674909944884,0.813334004422741,1.23780524848875
"vm(ID, ginv)_No_516017",1.22083631929952,0.803992329395189,1.5184676204783
"vm(ID, ginv)_No_516018",0.761056689619091,0.813455891803826,0.935584457974063
"vm(ID, ginv)_No_516019",0.762042255284964,0.809590213927339,0.941269104017799
"vm(ID, ginv)_No_516020",0.8202801431441,0.802015451320692,1.02277349120061
"vm(ID, ginv)_No_516021",0.245460845625492,0.816800431177543,0.300515078415938
"vm(ID, ginv)_No_516022",0.881387704409002,0.798081562198141,1.1043829931134
"vm(ID, ginv)_No_516023",0.721981783136612,0.810967611004385,0.890272032248534
"vm(ID, ginv)_No_516024",0.790444203852814,0.805123208439201,0.981768002173427
"vm(ID, ginv)_No_516025",1.24673254454946,0.791203394964886,1.57574215743196
"vm(ID, ginv)_No_516026",-0.0184590733046999,0.798686022528395,-0.023111802115009
"vm(ID, ginv)_No_516027",0.0288308078114708,0.807267768453612,0.0357140578852772
"vm(ID, ginv)_No_516028",-0.112514663681994,0.798477012818744,-0.140911587779841
"vm(ID, ginv)_No_516029",0.114397936952434,0.789105567227572,0.144971651073705
"vm(ID, ginv)_No_516030",0.669514043275349,0.778809841770644,0.859663049138147
"vm(ID, ginv)_No_516031",0.264119460220995,0.801286868692758,0.329619104643369
"vm(ID, ginv)_No_516032",0.970142700261573,0.813251993575015,1.1929177031548
"vm(ID, ginv)_No_516033",0.696545053164217,0.793380219950631,0.877946078876985
"vm(ID, ginv)_No_516034",-0.290360495768966,0.803556563109879,-0.361344190439101
"vm(ID, ginv)_No_516035",0.413491428612813,0.803718271902548,0.51447309718865
"vm(ID, ginv)_No_516036",0.557051105256233,0.773699294484084,0.719983990198265
"vm(ID, ginv)_No_516037",0.0271908422649797,0.776938043669974,0.0349974396111948
"vm(ID, ginv)_No_516038",0.432262194957796,0.791417973706968,0.546186982503187
"vm(ID, ginv)_No_516039",0.641621881231997,0.803287106641976,0.798745399903409
"vm(ID, ginv)_No_516040",0.584714050394754,0.782985994720586,0.74677459665599
"vm(ID, ginv)_No_516041",0.07623055962096,0.814787659062471,0.0935588048899441
"vm(ID, ginv)_No_516042",0.773467155662049,0.794067479299645,0.974057212800397
"vm(ID, ginv)_No_516043",0.252520823595775,0.791433384410473,0.319067692328741
"vm(ID, ginv)_No_516044",0.0179886090964554,0.820038879928248,0.0219362880672553
"vm(ID, ginv)_No_516045",0.996042539607251,0.770350736359329,1.29297278836201
"vm(ID, ginv)_No_516046",0.379192311703489,0.826042638937226,0.459046898827586
"vm(ID, ginv)_No_516047",0.425419101291911,0.775957163736519,0.54825075554862
"vm(ID, ginv)_No_516048",0.763242352133689,0.808579282679167,0.943930135836207
"vm(ID, ginv)_No_516049",-0.139957772402989,0.806716609836,-0.173490629418727
"vm(ID, ginv)_No_516050",1.13553274458577,0.795758732124845,1.42698119259546
"vm(ID, ginv)_No_516051",0.960179141056196,0.784384120947166,1.22411853505748
"vm(ID, ginv)_No_516052",0.333727274390536,0.797254095006684,0.418595873612588
"vm(ID, ginv)_No_516053",0.0246337825549736,0.78905233096021,0.0312194534993596
"vm(ID, ginv)_No_516054",-0.114245416542692,0.763131029142492,-0.149706160776959
"vm(ID, ginv)_No_516055",0.0967876139614957,0.786757251145913,0.123020936661879
"vm(ID, ginv)_No_516056",0.665173483564621,0.808703825229299,0.822518037893562
"vm(ID, ginv)_No_516057",0.678643109186499,0.801364357050501,0.846859612878604
"vm(ID, ginv)_No_516058",1.38326884151278,0.811420733337128,1.70474919444542
"vm(ID, ginv)_No_516059",0.82809733506208,0.785280468521937,1.0545242983322
"vm(ID, ginv)_No_516060",-0.557540098791121,0.787614544603987,-0.707884462788144
"vm(ID, ginv)_No_516061",0.5563218563718,0.805274766775912,0.690847247827163
"vm(ID, ginv)_No_516062",0.722374587853283,0.804648450026628,0.897751791890455
"vm(ID, ginv)_No_516063",0.496078135394286,0.801844196837484,0.61867147926099
"vm(ID, ginv)_No_516064",0.603343488666244,0.825363875983873,0.731003023299305
"vm(ID, ginv)_No_516065",-0.213495516753383,0.805212574863398,-0.265141806546677
"vm(ID, ginv)_No_516066",0.326412723755417,0.831093556590879,0.392750877644092
"vm(ID, ginv)_No_516067",-0.19075014364395,0.78639590807208,-0.24256248244169
"vm(ID, ginv)_No_516068",0.2330274762706,0.818734946914186,0.284618944322434
"vm(ID, ginv)_No_516069",0.351205261123405,0.826789268708774,0.42478207496802
"vm(ID, ginv)_No_516070",0.338620393348717,0.802395291714194,0.422011939558253
"vm(ID, ginv)_No_516071",1.23291612693572,0.796699769184459,1.54752916295908
"vm(ID, ginv)_No_516072",0.258490579754426,0.792615273144615,0.326123642216599
"vm(ID, ginv)_No_516073",0.446594936641093,0.784706691330285,0.56912339549953
"vm(ID, ginv)_No_516074",0.804367061732162,0.823157656754651,0.977172544204263
"vm(ID, ginv)_No_516075",0.96831948687097,0.778913076244644,1.24316758365325
"vm(ID, ginv)_No_516076",0.482705146464939,0.788612013517129,0.612094589216469
"vm(ID, ginv)_No_516077",1.04283389235537,0.822628438576323,1.26768519474011
"vm(ID, ginv)_No_516078",0.189792502473356,0.809653231850802,0.234412085331279
"vm(ID, ginv)_No_516079",-0.135993426640693,0.814669456802778,-0.166930803045455
"vm(ID, ginv)_No_516080",0.465675633205329,0.800585884557762,0.581668553227821
"vm(ID, ginv)_No_516081",0.816479487283083,0.793153920871604,1.02940862523361
"vm(ID, ginv)_No_516082",0.432109134548125,0.783034300020646,0.55183934412162
"vm(ID, ginv)_No_516083",0.106329409578382,0.792539134645622,0.134162976855302
"vm(ID, ginv)_No_516084",0.593310375123282,0.793119183890773,0.74807215255178
"vm(ID, ginv)_No_516085",0.789267653560338,0.792979119905903,0.99531959133299
"vm(ID, ginv)_No_516086",1.0318634700178,0.8045567469634,1.28252416490485
"vm(ID, ginv)_No_516087",1.0296272929975,0.808236783008888,1.27391788476196
"vm(ID, ginv)_No_516088",-0.0371003917569349,0.823364320576437,-0.0450595086886458
"vm(ID, ginv)_No_516089",0.841386327836684,0.794151808369821,1.05947794737611
"vm(ID, ginv)_No_516090",1.34689095108856,0.795060686924751,1.69407313584861
"vm(ID, ginv)_No_516091",0.331587479787238,0.810382558399545,0.40917400843634
"vm(ID, ginv)_No_516092",0.840818979258271,0.800283910036966,1.0506508611668
"vm(ID, ginv)_No_516093",1.31518939942221,0.806640591012773,1.63045278662574
"vm(ID, ginv)_No_516094",0.121275046575727,0.811248400365008,0.149491877606368
"vm(ID, ginv)_No_516095",0.297514389287088,0.836515958164547,0.355658952328755
"vm(ID, ginv)_No_516096",0.679481226886623,0.812153431600988,0.836641452769794
"vm(ID, ginv)_No_516097",1.16427255954499,0.814840652614027,1.42883465105721
"vm(ID, ginv)_No_516098",0.290798825256681,0.785941958005197,0.370000382718794
"vm(ID, ginv)_No_516099",1.23691245841108,0.801756756896801,1.54275277105059
"vm(ID, ginv)_No_516100",0.521161453254302,0.825960440261433,0.630976288754634
"vm(ID, ginv)_No_516101",0.35756340157922,0.801017604805748,0.446386445733526
"vm(ID, ginv)_No_516102",-0.10687680445184,0.81694805472386,-0.13082448000683
"vm(ID, ginv)_No_516103",0.925384329843423,0.794714895699302,1.16442303378388
"vm(ID, ginv)_No_516104",0.354360574308432,0.790687327728947,0.448167767309798
"vm(ID, ginv)_No_516105",0.394431629964906,0.781686566168453,0.504590518803808
"vm(ID, ginv)_No_516106",0.4403938845325,0.802961805856895,0.548461808918204
"vm(ID, ginv)_No_516107",0.995590145422863,0.78960684620091,1.26086817789513
"vm(ID, ginv)_No_516108",0.233589680834889,0.815047898372487,0.286596261767349
"vm(ID, ginv)_No_516109",1.13194713242301,0.786570421974304,1.43909191192546
"vm(ID, ginv)_No_516110",0.151394269474112,0.791145466822307,0.191360850593252
"vm(ID, ginv)_No_516111",0.638024781218051,0.801817363028123,0.795723328824538
"vm(ID, ginv)_No_516112",0.261978703977345,0.795270079900834,0.329421049022758
"vm(ID, ginv)_No_516113",0.407454233242676,0.785723539681355,0.518572007411049
"vm(ID, ginv)_No_516114",1.05619625783108,0.818998218365016,1.28961972583968
"vm(ID, ginv)_No_516115",0.761876352763492,0.824085984222305,0.924510751729966
"vm(ID, ginv)_No_516116",0.189026273848531,0.824325619077395,0.229310201544014
"vm(ID, ginv)_No_516117",-0.505750264345708,0.809295376039666,-0.624926669939258
"vm(ID, ginv)_No_516118",0.153132343491266,0.830637183295357,0.184355271556409
"vm(ID, ginv)_No_516119",1.10025421395862,0.80627650215327,1.36461153341346
"vm(ID, ginv)_No_516120",0.195250058408854,0.809557232476844,0.241181290927987
"vm(ID, ginv)_No_516121",1.35528758473325,0.791672013392494,1.7119306503277
"vm(ID, ginv)_No_516122",-0.00858252622373328,0.81754016852058,-0.0104979871989216
"vm(ID, ginv)_No_516123",0.804945229799017,0.789365512565131,1.01973701281078
"vm(ID, ginv)_No_516124",0.59592137395964,0.809204290245808,0.736428836503845
"vm(ID, ginv)_No_516125",-0.276081625051995,0.806698815690594,-0.342236308870305
"vm(ID, ginv)_No_516126",0.622736862807616,0.808313773902504,0.770414760843514
"vm(ID, ginv)_No_516127",-0.323285912558463,0.819990591764084,-0.39425563635183
"vm(ID, ginv)_No_516128",1.16834859150381,0.779660120958015,1.4985357851421
"vm(ID, ginv)_No_516129",-0.169365400374293,0.773522865169249,-0.218953321227596
"vm(ID, ginv)_No_516130",-0.45404976258417,0.816998372223734,-0.555753570656844
"vm(ID, ginv)_No_516131",1.11311019462244,0.813628557139546,1.36808152178898
"vm(ID, ginv)_No_516132",0.00335601100043776,0.819007297153675,0.00409765701978605
"vm(ID, ginv)_No_516133",0.346957413996231,0.787713923283849,0.440461192497173
"vm(ID, ginv)_No_516134",0.253558681326556,0.782921122303275,0.3238623586762
"vm(ID, ginv)_No_516135",0.558412581554926,0.803910976990097,0.694619923770247
"vm(ID, ginv)_No_516136",0.559718700705257,0.79947264875565,0.700109880652501
"vm(ID, ginv)_No_516137",-0.927131378104538,0.796056568167643,-1.16465514534803
"vm(ID, ginv)_No_516138",-0.53284474680762,0.821916043865265,-0.648295833600942
"vm(ID, ginv)_No_516139",1.13118829630444,0.791523184505862,1.42912844304191
"vm(ID, ginv)_No_516140",0.597012577913467,0.786012250374758,0.759546149094777
"vm(ID, ginv)_No_516141",0.709615435992402,0.817923864540353,0.867581283242277
"vm(ID, ginv)_No_516142",0.295739948099426,0.789393061265583,0.374642193618076
"vm(ID, ginv)_No_516143",0.324990024088663,0.780778035642493,0.416238686608587
"vm(ID, ginv)_No_516144",0.0288473083744164,0.807111573252593,0.0357414133688656
"vm(ID, ginv)_No_516145",0.339703017477769,0.799025113071651,0.425146859492146
"vm(ID, ginv)_No_516146",0.553713255726864,0.805998512205434,0.68699041914079
"vm(ID, ginv)_No_516147",1.75287203524983,0.788733774546181,2.22238744151458
"vm(ID, ginv)_No_516148",1.3693710223201,0.779651933242778,1.75638764419466
"vm(ID, ginv)_No_516149",0.533791832344014,0.803568569495722,0.664276643720639
"vm(ID, ginv)_No_516150",0.549692804982344,0.793006210708524,0.69317591408422
"vm(ID, ginv)_No_516151",0.626336167345832,0.785726970899469,0.797142252389309
"vm(ID, ginv)_No_516152",0.99440883717611,0.77630300159061,1.28095451793773
"vm(ID, ginv)_No_516153",0.486291515017482,0.790446624406411,0.615211071819889
"vm(ID, ginv)_No_516154",-0.16236500377801,0.803518162070021,-0.202067621420934
"vm(ID, ginv)_No_516155",0.489210039353253,0.798941041104521,0.612323080407697
"vm(ID, ginv)_No_516156",0.618517837495543,0.818762049136064,0.755430516287592
"vm(ID, ginv)_No_516157",0.758808192048509,0.804855931285579,0.942787600305661
"vm(ID, ginv)_No_516158",-0.34736041721415,0.804786104367263,-0.431618308677498
"vm(ID, ginv)_No_516159",-0.291370095353261,0.793129816727323,-0.367367471513726
"vm(ID, ginv)_No_516160",0.143003609556547,0.797537486979292,0.179306442507397
"vm(ID, ginv)_No_516161",0.479180884041866,0.784152567824286,0.611081189686599
"vm(ID, ginv)_No_516162",-0.128923037947579,0.786165184425871,-0.163989757498267
"vm(ID, ginv)_No_516163",0.767672669819253,0.79869273373947,0.96116145469988
"vm(ID, ginv)_No_516164",0.283988541154825,0.822082283551596,0.345450263114691
"vm(ID, ginv)_No_516165",0.202511577715388,0.804879877050208,0.251604722008419
"vm(ID, ginv)_No_516166",0.152572074435418,0.820780523188852,0.185886567876457
"vm(ID, ginv)_No_516167",0.783943861318979,0.786437038727164,0.996829781297915
"vm(ID, ginv)_No_516168",0.349625633037563,0.805806973845245,0.433882610086108
"vm(ID, ginv)_No_516169",0.361837433273808,0.81427754816746,0.444366216516871
"vm(ID, ginv)_No_516170",0.290337934914736,0.805693048610366,0.360357999135653
"vm(ID, ginv)_No_516171",0.37574907335255,0.775955811103576,0.484240298191922
"vm(ID, ginv)_No_516172",0.017327866445264,0.814970093708598,0.0212619660267678
"vm(ID, ginv)_No_516173",0.0632708361736872,0.776109384929957,0.0815230912062703
"vm(ID, ginv)_No_516174",0.907557334021776,0.814093840780916,1.1148067809372
"vm(ID, ginv)_No_516175",-0.619003403421605,0.811600419350449,-0.762694780169056
"vm(ID, ginv)_No_516176",1.05479380224922,0.812879155540382,1.29760222667786
"vm(ID, ginv)_No_516177",1.25442967006088,0.781110871587778,1.60595597333191
"vm(ID, ginv)_No_516178",0.166945811697043,0.79454580164414,0.210114774191224
"vm(ID, ginv)_No_516179",0.467348003264371,0.761107382746707,0.614036880811472
"vm(ID, ginv)_No_516180",0.57253850748013,0.794516884679384,0.720612133637877
"vm(ID, ginv)_No_516181",0.436211582021424,0.797347380395107,0.547078466358377
"vm(ID, ginv)_No_516182",0.0601048935390246,0.783188782051079,0.0767438131348319
"vm(ID, ginv)_No_516183",0.78519086463983,0.783102564831664,1.00266670025352
"vm(ID, ginv)_No_516184",0.343460736972786,0.821599629850489,0.418039060016723
"vm(ID, ginv)_No_516185",0.807357654915817,0.816657296640193,0.988612552948911
"vm(ID, ginv)_No_516186",-0.294896596921828,0.809076188429681,-0.364485571493813
"vm(ID, ginv)_No_516187",0.618208519903603,0.817020435042697,0.756662249055368
"vm(ID, ginv)_No_516188",0.604561957899304,0.795839992453315,0.759652648311424
"vm(ID, ginv)_No_516189",0.0999543372269311,0.820393506803921,0.12183706525949
"vm(ID, ginv)_No_516190",0.0305182742866244,0.799596158146387,0.0381671097036928
"vm(ID, ginv)_No_516191",-0.0989691812678558,0.81348442136033,-0.121660819395111
"vm(ID, ginv)_No_516192",1.63835376629435,0.778986839598418,2.10318542369593
"vm(ID, ginv)_No_516193",0.468316527480338,0.812671588345799,0.576267872774537
"vm(ID, ginv)_No_516194",0.0463519885382025,0.784439315057951,0.0590893236078794
"vm(ID, ginv)_No_516195",0.731032270653893,0.816718687602535,0.89508453981851
"vm(ID, ginv)_No_516196",-0.0932023447427835,0.79645609544207,-0.11702132142143
"vm(ID, ginv)_No_516197",0.401987549292794,0.810240053873389,0.496133889420887
"vm(ID, ginv)_No_516198",-0.371592458233237,0.810231076087664,-0.458625285057607
"vm(ID, ginv)_No_516199",0.240148295600011,0.77195419200262,0.3110913809238
"vm(ID, ginv)_No_516200",0.113815396354387,0.824109751475074,0.138107086041232
"vm(ID, ginv)_No_516201",0.587525950407662,0.814260148597591,0.721545750973525
"vm(ID, ginv)_No_516202",0.564942834451701,0.79685359621511,0.708966913288793
"vm(ID, ginv)_No_516203",0.297740970779595,0.795271278288838,0.374389191346425
"vm(ID, ginv)_No_516204",-0.265482664966056,0.808321426675229,-0.328437000684287
"vm(ID, ginv)_No_516205",-0.114533065666453,0.796870516680625,-0.143728577314596
"vm(ID, ginv)_No_516206",0.485748024174572,0.83079545036771,0.58467824295328
"vm(ID, ginv)_No_516207",-0.0328489040969875,0.820790778497826,-0.0400210442874445
"vm(ID, ginv)_No_516208",0.0846845274834373,0.795480106684306,0.106457127930473
"vm(ID, ginv)_No_516209",0.115602995267427,0.819287048517834,0.141101944033612
"vm(ID, ginv)_No_516210",0.0442713904515521,0.779648078559608,0.0567838126829519
"vm(ID, ginv)_No_516211",0.143522933641825,0.808688515321144,0.177476161615612
"vm(ID, ginv)_No_516212",1.04691464220188,0.800158267508713,1.30838445931633
"vm(ID, ginv)_No_516213",1.15572586425193,0.785303038710778,1.47169411969838
"vm(ID, ginv)_No_516214",1.26975931410725,0.793442900672855,1.60031593077519
"vm(ID, ginv)_No_516215",0.283914981462138,0.800529376341254,0.354659041695315
"vm(ID, ginv)_No_516216",0.335132352040743,0.783994893722687,0.427467518888312
"vm(ID, ginv)_No_516217",0.554834175106936,0.794441287740434,0.698395443022613
"vm(ID, ginv)_No_516218",0.118303892977267,0.787537232954918,0.150220063289426
"vm(ID, ginv)_No_516219",0.615626845288397,0.782968272120555,0.786273042228214
"vm(ID, ginv)_No_516220",-0.213616177172991,0.79234307129941,-0.269600612298747
"vm(ID, ginv)_No_516221",0.749544706815946,0.830526380298411,0.902493556612412
"vm(ID, ginv)_No_516222",-0.407105644576727,0.819219059461614,-0.496943570678488
"vm(ID, ginv)_No_516223",0.139355309328001,0.801496028500358,0.17386899544436
"vm(ID, ginv)_No_516224",0.686859774200618,0.791725585743178,0.867547779898859
"vm(ID, ginv)_No_516225",0.959452183810025,0.822205927603201,1.16692443048533
"vm(ID, ginv)_No_516226",0.754804946724844,0.800628305001894,0.942765752858386
"vm(ID, ginv)_No_516227",0.822389397106019,0.806554227132754,1.01963311261731
"vm(ID, ginv)_No_516228",0.501939602450283,0.812346549231355,0.617888514360307
"vm(ID, ginv)_No_516229",1.58471592256234,0.791450621709809,2.00229285200232
"vm(ID, ginv)_No_516230",0.261998261578815,0.789689552924138,0.331773746542123
"vm(ID, ginv)_No_516231",0.499536320231412,0.804836298999143,0.62066822887165
"vm(ID, ginv)_No_516232",0.302732948532809,0.797609745423726,0.379550212707072
"vm(ID, ginv)_No_516233",0.105857574218127,0.805711085084567,0.131384036012135
"vm(ID, ginv)_No_516234",0.925709667624978,0.803200836033975,1.1525257769849
"vm(ID, ginv)_No_516235",0.454625020484749,0.812706005349275,0.559396654500376
"vm(ID, ginv)_No_516236",0.0761237893346855,0.801694205912834,0.0949536478787553
"vm(ID, ginv)_No_516237",0.68946256610367,0.797619870570492,0.864399937291603
"vm(ID, ginv)_No_516238",-0.379346220102174,0.784830347104689,-0.483348052864695
"vm(ID, ginv)_No_516239",-0.0890608718418446,0.804601611734998,-0.110689402734104
"vm(ID, ginv)_No_516240",0.104355516718943,0.809226226246175,0.128957160969714
"vm(ID, ginv)_No_516241",0.330182899312981,0.779210878096175,0.423740105014586
"vm(ID, ginv)_No_516242",1.47152086377007,0.784369852110426,1.8760548481189
"vm(ID, ginv)_No_516243",0.528795847503623,0.812323394558139,0.650967153040396
"vm(ID, ginv)_No_516244",1.1043229689036,0.801017389546761,1.37865043045877
"vm(ID, ginv)_No_516245",0.381326730462263,0.806400461971789,0.472875138897928
"vm(ID, ginv)_No_516246",0.735040463538952,0.811114261878771,0.906210749933542
"vm(ID, ginv)_No_516247",1.07130981430842,0.825602937384111,1.2976090149374
"vm(ID, ginv)_No_516248",-0.546135222197327,0.78904078974064,-0.692150810577033
"vm(ID, ginv)_No_516249",-0.0407338018596827,0.809248896924552,-0.0503353195963397
"vm(ID, ginv)_No_516250",-0.228306441984213,0.800668805533518,-0.285144669564194
"vm(ID, ginv)_No_516251",0.928293385726932,0.802107123426376,1.15731846609406
"vm(ID, ginv)_No_516252",0.480823607401179,0.790049401096908,0.608599420154741
"vm(ID, ginv)_No_516253",0.0513739149495534,0.809293760061627,0.0634799345859794
"vm(ID, ginv)_No_516254",-0.103782475322102,0.81623377846971,-0.127147978997727
"vm(ID, ginv)_No_516255",0.0806194101835592,0.812782354401183,0.0991894198330074
"vm(ID, ginv)_No_516256",0.51768402662248,0.774216466983831,0.668655406722694
"vm(ID, ginv)_No_516257",0.484495266525456,0.822132063170188,0.589315619995667
"vm(ID, ginv)_No_516258",-0.526583477372582,0.814193193625818,-0.646754948942236
"vm(ID, ginv)_No_516259",0.916076705665468,0.802796756357419,1.14110663553505
"vm(ID, ginv)_No_516260",0.163866281397927,0.782397922618022,0.209441099804567
"vm(ID, ginv)_No_516261",-0.0254548809362467,0.814857377862782,-0.0312384493627708
"vm(ID, ginv)_No_516262",-0.254349616901156,0.813912309175881,-0.312502482188401
"vm(ID, ginv)_No_516263",-0.201715423910311,0.808078891609894,-0.249623429104112
"vm(ID, ginv)_No_516264",0.536430483399924,0.806813213577704,0.664875679243274
"vm(ID, ginv)_No_516265",1.17579992522099,0.790726671020368,1.48698655086936
"vm(ID, ginv)_No_516266",-0.0338220298843762,0.812730833891023,-0.0416152906644998
"vm(ID, ginv)_No_516267",0.604820870941328,0.818994038279975,0.73849239759004
"vm(ID, ginv)_No_516268",1.56772596690518,0.802958002419152,1.95243831206855
"vm(ID, ginv)_No_516269",-0.231611817363894,0.819746060656441,-0.282540933686735
"vm(ID, ginv)_No_516270",-0.169048690386263,0.803490566634363,-0.210392875045651
"vm(ID, ginv)_No_516271",0.335547412787745,0.800148786190318,0.419356272956883
"vm(ID, ginv)_No_516272",0.792566103537762,0.811275019627773,0.976938873208995
"vm(ID, ginv)_No_516273",0.301741987405885,0.797100089918731,0.378549684314613
"vm(ID, ginv)_No_516274",0.00342811018034831,0.794712321255314,0.00431364921451492
"vm(ID, ginv)_No_516275",1.1068456607737,0.796801697837899,1.38911057014198
"vm(ID, ginv)_No_516276",0.487207061863771,0.788507201167748,0.617885367619011
"vm(ID, ginv)_No_516277",-0.147165326976545,0.817485420585756,-0.18002195913304
"vm(ID, ginv)_No_516278",0.763821673305855,0.808798734272245,0.944390292590084
"vm(ID, ginv)_No_516279",1.06856633516833,0.798564632243463,1.33810876668346
"vm(ID, ginv)_No_516280",0.669381627863861,0.80834151612147,0.828092600112441
"vm(ID, ginv)_No_516281",0.316105024822757,0.812558367710904,0.389024391827102
"vm(ID, ginv)_No_516282",0.754071221453941,0.790147928853339,0.954341831343211
"vm(ID, ginv)_No_516283",-0.667801087423744,0.802999697869426,-0.831633049421562
"vm(ID, ginv)_No_516284",0.412195294917623,0.786758536973704,0.523915884666657
"vm(ID, ginv)_No_516285",0.652638367283489,0.812817812363011,0.802933151017138
"vm(ID, ginv)_No_516286",0.0703405389342797,0.800883897768156,0.0878286342506066
"vm(ID, ginv)_No_516287",-0.167029484261211,0.777362913115567,-0.214866803449343
"vm(ID, ginv)_No_516288",0.371725887963641,0.756066296591839,0.491657794613104
"vm(ID, ginv)_No_516289",0.744654512468776,0.777401661840934,0.957876152085126
"vm(ID, ginv)_No_516290",-0.397988333193659,0.781847629996753,-0.509035671305049
"vm(ID, ginv)_No_516291",0.978100004886664,0.793859518863902,1.23208197627513
"vm(ID, ginv)_No_516292",0.17082216600827,0.777450650008146,0.219720912197424
"vm(ID, ginv)_No_516293",0.0767353004281449,0.794952738054276,0.0965281289752672
"vm(ID, ginv)_No_516294",0.711832539155009,0.785336620287919,0.906404363130345
"vm(ID, ginv)_No_516295",0.662678077527698,0.807944211969486,0.820202766119607
"vm(ID, ginv)_No_516296",0.0350110912073973,0.767853021312818,0.0455960844531652
"vm(ID, ginv)_No_516297",0.832353430320595,0.797958034065897,1.04310426712473
"vm(ID, ginv)_No_516298",0.80529905918946,0.786142776084776,1.02436743513702
"vm(ID, ginv)_No_516299",0.224207365718591,0.827779680536919,0.270853913173085
"vm(ID, ginv)_No_516300",-0.0366874150793232,0.819441038914391,-0.0447712688736303
"vm(ID, ginv)_No_516301",0.998948047526569,0.809868710760196,1.23346912191346
"vm(ID, ginv)_No_516302",0.0685951627320393,0.790089048600837,0.0868195336380298
"vm(ID, ginv)_No_516303",0.394667596899727,0.817684673752868,0.482664784565852
"vm(ID, ginv)_No_516304",0.565766223843421,0.788599567969359,0.717431567075628
"vm(ID, ginv)_No_516305",0.44012001124825,0.794691770996769,0.553824800143852
"vm(ID, ginv)_No_516306",-0.505674502687645,0.810332761602909,-0.624033146194629
"vm(ID, ginv)_No_516307",-0.158614707485709,0.809447813035568,-0.195954210921735
"vm(ID, ginv)_No_516308",0.0445717001261013,0.768640183904,0.0579877308778176
"vm(ID, ginv)_No_516309",0.472038641475755,0.776263690168284,0.608090585009101
"vm(ID, ginv)_No_516310",0.715683923328075,0.808949624633117,0.884707652411186
"vm(ID, ginv)_No_516311",-0.088370166891666,0.792721386358104,-0.111476955727981
"vm(ID, ginv)_No_516312",1.04237548226163,0.797764732787706,1.30662015932837
"vm(ID, ginv)_No_516313",0.452847317099591,0.779387366416794,0.581029840375191
"vm(ID, ginv)_No_516314",0.756449772283852,0.779506086756748,0.970421892959393
"vm(ID, ginv)_No_516315",-0.50580619305229,0.830512118584203,-0.609029274509024
"vm(ID, ginv)_No_516316",0.395478921277237,0.814423594632869,0.485593644245429
"vm(ID, ginv)_No_516317",1.3819129558703,0.779259380179702,1.77336711115576
"vm(ID, ginv)_No_516318",-0.416696513677035,0.811399131358901,-0.513553068486981
"vm(ID, ginv)_No_516319",0.372986831579066,0.818228113253769,0.455847001022545
"vm(ID, ginv)_No_516320",1.24821175405144,0.798557237369791,1.56308364089552
"vm(ID, ginv)_No_516321",-0.22969800335817,0.790884981297733,-0.29043161621462
"vm(ID, ginv)_No_516322",0.870351173254423,0.791006831890627,1.10030803548707
"vm(ID, ginv)_No_516323",0.370105784716708,0.788171541523052,0.469575168879506
"vm(ID, ginv)_No_516324",0.412722691284713,0.804112575230595,0.513264813905387
"vm(ID, ginv)_No_516325",0.449445024112601,0.816244336359172,0.550625595905919
"vm(ID, ginv)_No_516326",0.350806181263016,0.825170100667203,0.425131958828085
"vm(ID, ginv)_No_516327",0.158324897131792,0.824670205280983,0.19198571273452
"vm(ID, ginv)_No_516328",0.645866177682334,0.793312672931311,0.814138232906127
"vm(ID, ginv)_No_516329",0.42445614846314,0.795704470814724,0.533434414448543
"vm(ID, ginv)_No_516330",-0.166282360740341,0.832371040575489,-0.199769516999745
"vm(ID, ginv)_No_516331",0.484586940622976,0.819561161725116,0.591276116114332
"vm(ID, ginv)_No_516332",0.387905258801478,0.809437575875261,0.47922813366062
"vm(ID, ginv)_No_516333",0.778605953063469,0.82631341190459,0.94226469260476
"vm(ID, ginv)_No_516334",0.902480881533028,0.820167070156307,1.10036224858556
"vm(ID, ginv)_No_516335",-0.218450868371017,0.82350075162962,-0.265271000589527
"vm(ID, ginv)_No_516336",0.975651287878557,0.805204686529879,1.21168108457396
"vm(ID, ginv)_No_516337",1.13644658198315,0.821327687157201,1.38367012308649
"vm(ID, ginv)_No_516338",0.703923105800909,0.766263815741639,0.918643280995341
"vm(ID, ginv)_No_516339",-0.069340723412006,0.823435700411306,-0.0842090322017497
"vm(ID, ginv)_No_516340",0.585356944682366,0.794026234243176,0.73720101356638
"vm(ID, ginv)_No_516341",1.17693016532819,0.795697430547807,1.47911771503135
"vm(ID, ginv)_No_516342",0.144969212716626,0.786321456234692,0.18436380130184
"vm(ID, ginv)_No_516343",0.220085883314058,0.796963679234276,0.276155474896318
"vm(ID, ginv)_No_516344",0.22820804133007,0.804699942336349,0.283593957602999
"vm(ID, ginv)_No_516345",0.632461579304009,0.805692962705632,0.784990819803257
"vm(ID, ginv)_No_516346",1.05736034342476,0.794851883536565,1.3302608515189
"vm(ID, ginv)_No_516347",0.994610926415192,0.821819177330542,1.21025519220167
"vm(ID, ginv)_No_516348",0.646780152222417,0.802094832305724,0.80636369438158
"vm(ID, ginv)_No_516349",0.938258134930765,0.80972081337845,1.15874276593683
"vm(ID, ginv)_No_516350",0.142010911774764,0.790197765485811,0.179715658506648
"vm(ID, ginv)_No_516351",0.741277943879546,0.785305747074353,0.943935462896035
"vm(ID, ginv)_No_516352",1.11026340753404,0.800738260217771,1.38654971629817
"vm(ID, ginv)_No_516353",0.742285478134806,0.794792394121228,0.933936312960724
"vm(ID, ginv)_No_516354",0.833100653503406,0.807156603152241,1.03214252382975
"vm(ID, ginv)_No_516355",-0.500733573915729,0.809326472647453,-0.618704059287397
"vm(ID, ginv)_No_516356",0.495997816151042,0.798801128579261,0.620927785909889
"vm(ID, ginv)_No_516357",0.673843111208904,0.814572659932679,0.827235118920631
"vm(ID, ginv)_No_516358",0.893393753689441,0.80815940582365,1.10546724724304
"vm(ID, ginv)_No_516359",0.394286230867466,0.801268573492541,0.492077493004456
"vm(ID, ginv)_No_516360",0.570844996507126,0.784866101601185,0.727315137375101
"vm(ID, ginv)_No_516361",-0.868209323216838,0.805945545069858,-1.07725556463195
"vm(ID, ginv)_No_516362",0.59703429170165,0.817238082806849,0.73055123624575
"vm(ID, ginv)_No_516363",0.069814166194383,0.793169480511643,0.0880192290673471
"vm(ID, ginv)_No_516364",1.73086483527054,0.803983196741982,2.15286195319081
"vm(ID, ginv)_No_516365",0.331779065233212,0.797940405919894,0.415794290866529
"vm(ID, ginv)_No_516366",0.532061084955066,0.796658801026404,0.667865696418048
"vm(ID, ginv)_No_516367",0.979585715437718,0.799449440554327,1.22532541239692
"vm(ID, ginv)_No_516368",1.40305437129288,0.811398698379171,1.72917996306327
"vm(ID, ginv)_No_516369",0.361128091623204,0.812191434157751,0.444634203754804
"vm(ID, ginv)_No_516370",1.21121442090552,0.795949489502066,1.52172271843938
"vm(ID, ginv)_No_516371",0.598748436244628,0.788042196538391,0.759792354869742
"vm(ID, ginv)_No_516372",0.450391331265869,0.800066120958653,0.562942636198871
"vm(ID, ginv)_No_516373",0.3856140678139,0.822034944767604,0.46909692862621
"vm(ID, ginv)_No_516374",0.534688703939973,0.802588322964587,0.666205436387299
"vm(ID, ginv)_No_516375",0.544286149251062,0.810475608298295,0.671563886288775
"vm(ID, ginv)_No_516376",0.634626798089097,0.805833278160943,0.78754106499229
"vm(ID, ginv)_No_516377",0.0622695233445176,0.798722363670117,0.0779614120961758
"vm(ID, ginv)_No_516378",0.547387505636088,0.798470671103844,0.685544911598761
"vm(ID, ginv)_No_516379",0.226450956300567,0.803799018428573,0.28172584328764
"vm(ID, ginv)_No_516380",0.505738225734697,0.816163182772296,0.619653319838361
"vm(ID, ginv)_No_516381",0.436227905906417,0.811089851984782,0.537829322902935
"vm(ID, ginv)_No_516382",0.375721103770721,0.812105620616274,0.46265053982215
"vm(ID, ginv)_No_516383",1.03576312091833,0.795605612181503,1.30185497067866
"vm(ID, ginv)_No_516384",-0.0934274185429782,0.816159774536718,-0.11447197161366
"vm(ID, ginv)_No_516385",0.528166927012053,0.807359004371467,0.65419091649722
"vm(ID, ginv)_No_516386",0.46320428455404,0.782740756598751,0.591772283031236
"vm(ID, ginv)_No_516387",0.23167961713256,0.790116965220645,0.293221924513243
"vm(ID, ginv)_No_516388",0.259917226575546,0.7710046442834,0.337114994705542
"vm(ID, ginv)_No_516389",0.784356532569445,0.826488117282544,0.949023363031975
"vm(ID, ginv)_No_516390",-0.242180050612176,0.802367825918918,-0.301831707091217
"vm(ID, ginv)_No_516391",-0.3332471487148,0.816469542558116,-0.408156252431277
"vm(ID, ginv)_No_516392",0.995299280696935,0.810790150040099,1.22756705992014
"vm(ID, ginv)_No_516393",-0.115635688974325,0.794928584837053,-0.145466764159737
"vm(ID, ginv)_No_516394",-0.661006643843248,0.813052399247684,-0.812993903535463
"vm(ID, ginv)_No_516395",0.840693148433998,0.78378407872431,1.07260809610003
"vm(ID, ginv)_No_516396",0.673553322555591,0.805677450476419,0.836008656016499
"vm(ID, ginv)_No_516397",0.39113703137197,0.828641214403744,0.472022178686123
"vm(ID, ginv)_No_516398",0.139193961579387,0.794017728791945,0.175303342144719
"vm(ID, ginv)_No_516399",0.450137860298098,0.788110495474898,0.571160849757311
"vm(ID, ginv)_No_516400",0.564219768124775,0.821385286347971,0.686912436225148
"vm(ID, ginv)_No_516401",0.364925808903123,0.798911445254769,0.456778797037699
"vm(ID, ginv)_No_516402",0.25702410558479,0.774458814860134,0.331875757177879
"vm(ID, ginv)_No_516403",0.173618839092727,0.81348489791474,0.213426013854438
"vm(ID, ginv)_No_516404",0.504231535717202,0.800592929016054,0.629822619513907
"vm(ID, ginv)_No_516405",0.563853026914349,0.802212586305103,0.70287232653802
"vm(ID, ginv)_No_516406",0.876823239409262,0.783420034402,1.11922493797157
"vm(ID, ginv)_No_516407",0.0111566668726253,0.795707881889942,0.0140210586404226
"vm(ID, ginv)_No_516408",0.798331018306369,0.764158057832061,1.04471975414518
"vm(ID, ginv)_No_516409",1.05472742662615,0.802637290266729,1.31407727925978
"vm(ID, ginv)_No_516410",0.975901677050911,0.79000445021137,1.23531161981404
"vm(ID, ginv)_No_516411",0.985055710072506,0.793429114654732,1.241516969668
"vm(ID, ginv)_No_516412",-0.185653980496308,0.813895778653241,-0.228105348824282
"vm(ID, ginv)_No_516413",0.544504037100337,0.798053606051675,0.682290052912911
"vm(ID, ginv)_No_516414",1.5513043085207,0.80965238080283,1.91601277943809
"vm(ID, ginv)_No_516415",0.0536938050937687,0.788688042341588,0.0680799025865204
"vm(ID, ginv)_No_516416",0.989869771554798,0.783285047054333,1.26374143777844
"vm(ID, ginv)_No_516417",0.940173127202413,0.796545025119602,1.18031385239177
"vm(ID, ginv)_No_516418",0.527314641349986,0.800421553682839,0.658796154256148
"vm(ID, ginv)_No_516419",-0.0549488166379849,0.790105944814715,-0.0695461374497958
"vm(ID, ginv)_No_516420",0.879912526740324,0.796458954562254,1.10478075699951
"vm(ID, ginv)_No_516421",0.0967214708997875,0.801893128645165,0.120616410647143
"vm(ID, ginv)_No_516422",0.491413016329292,0.815602253323436,0.602515520680417
"vm(ID, ginv)_No_516423",0.58228396855545,0.780886876691463,0.74567006558303
"vm(ID, ginv)_No_516424",0.513578294662989,0.777177681837604,0.660824810934681
"vm(ID, ginv)_No_516425",0.279141949776437,0.77995888123412,0.357893161412245
"vm(ID, ginv)_No_516426",0.160351540690801,0.812644029200541,0.197320763986356
"vm(ID, ginv)_No_516427",0.234105094888939,0.81792582450338,0.28621800152976
"vm(ID, ginv)_No_516428",0.468077791306068,0.802662076183741,0.583156729581077
"vm(ID, ginv)_No_516429",0.37457637868341,0.804342635985456,0.465692556785195
"vm(ID, ginv)_No_516430",0.452354363058295,0.794295172240763,0.569504107373801
"vm(ID, ginv)_No_516431",0.669348116564371,0.798014123828641,0.838767255588199
"vm(ID, ginv)_No_516432",0.0735112995423577,0.793258677027722,0.0926700226183453
"vm(ID, ginv)_No_516433",0.339376944375882,0.814176171511833,0.41683477882397
"vm(ID, ginv)_No_516434",0.505133740974879,0.79898327619425,0.632220668473754
"vm(ID, ginv)_No_516435",-0.160298748609404,0.794388028783097,-0.201788978183573
"vm(ID, ginv)_No_516436",0.503294843860928,0.80619393002568,0.624285082182269
"vm(ID, ginv)_No_516437",-0.129150636317203,0.789284668209283,-0.163629982336053
"vm(ID, ginv)_No_516438",0.669060337860401,0.828129571483669,0.807917457484001
"vm(ID, ginv)_No_516439",0.282190163864408,0.791859658190676,0.356363859360112
"vm(ID, ginv)_No_516440",0.462315275400402,0.789038286536553,0.585922487272087
"vm(ID, ginv)_No_516441",-0.435304235971929,0.807854888503481,-0.538839638364153
"vm(ID, ginv)_No_516442",0.270981868648207,0.795746643874615,0.340537871864283
"vm(ID, ginv)_No_516443",0.182669035157105,0.798630070333404,0.228727970486819
"vm(ID, ginv)_No_516444",0.325775237507274,0.783995484543302,0.415532032938999
"vm(ID, ginv)_No_516445",0.174140249680591,0.807146559490881,0.215747992273463
"vm(ID, ginv)_No_516446",1.21309405105285,0.803490730832296,1.50977977032325
"vm(ID, ginv)_No_516447",0.969860912309782,0.799478290639374,1.21311725867396
"vm(ID, ginv)_No_516448",0.408323413502978,0.823075985713124,0.496094431851515
"vm(ID, ginv)_No_516449",0.823713441193268,0.810879384991783,1.01582733072147
"vm(ID, ginv)_No_516450",-0.349116672877821,0.793707043150109,-0.439855833321356
"vm(ID, ginv)_No_516451",0.975635066152941,0.777997984795022,1.25403289625485
"vm(ID, ginv)_No_516452",0.580639401195176,0.792785277756575,0.732404369110222
"vm(ID, ginv)_No_516453",0.551629138921722,0.802713787187856,0.687205262605794
"vm(ID, ginv)_No_516454",0.626873046366727,0.828290342449597,0.756827665662266
"vm(ID, ginv)_No_516455",0.560002682362277,0.797200817314281,0.70246124966215
"vm(ID, ginv)_No_516456",0.257772991487142,0.793715622561559,0.324767440831302
"vm(ID, ginv)_No_516457",0.874521233658761,0.81850902467024,1.06843199928197
"vm(ID, ginv)_No_516458",0.137952594617637,0.794608087346807,0.17361086152327
"vm(ID, ginv)_No_516459",0.322831549587335,0.793739704618543,0.406722188280202
"vm(ID, ginv)_No_516460",1.22090292998565,0.807774359143251,1.51144056030767
"vm(ID, ginv)_No_516461",0.907345942639167,0.795254899195685,1.14094983074842
"vm(ID, ginv)_No_516462",0.79591922215331,0.79464481977745,1.00160373835472
"vm(ID, ginv)_No_516463",0.511039439236451,0.788091297086422,0.648452077983562
"vm(ID, ginv)_No_516464",0.559769637918209,0.788680033721054,0.709755051458793
"vm(ID, ginv)_No_516465",1.03777271345974,0.803183121451265,1.29207485284875
"vm(ID, ginv)_No_516466",1.19234551463123,0.803659638164764,1.48364488896576
"vm(ID, ginv)_No_516467",0.419461642475486,0.801417092508555,0.523399920461528
"vm(ID, ginv)_No_516468",0.194483938048864,0.82350033704295,0.236167405525568
"vm(ID, ginv)_No_516469",0.366775803923071,0.797387246199252,0.459971996882705
"vm(ID, ginv)_No_516470",0.389951620319118,0.787430945393378,0.495220085774391
"vm(ID, ginv)_No_516471",0.398764683111966,0.800347650902073,0.498239337196177
"vm(ID, ginv)_No_516472",-0.0177782321063274,0.800707379023306,-0.0222031575730114
"vm(ID, ginv)_No_516473",-0.266609935471219,0.811470246429747,-0.328551708019156
"vm(ID, ginv)_No_516474",0.200082826481908,0.818295323435445,0.244511756027031
"vm(ID, ginv)_No_516475",-0.9556930498803,0.798458038474801,-1.1969233244941
"vm(ID, ginv)_No_516476",-0.553574865663429,0.794855060070312,-0.696447558142814
"vm(ID, ginv)_No_516477",0.38186357318086,0.82072947643758,0.465273374654897
"vm(ID, ginv)_No_516478",0.619141445173913,0.779545293215753,0.794234088207823
"vm(ID, ginv)_No_516479",0.681204699194921,0.825036637697118,0.825665998417152
"vm(ID, ginv)_No_516480",-0.293497375512281,0.815365388815683,-0.359958099200882
"vm(ID, ginv)_No_516481",-0.304249893792138,0.791569528234694,-0.384362817086524
"vm(ID, ginv)_No_516482",0.504719323979902,0.794935169551794,0.63491885038182
"vm(ID, ginv)_No_516483",-0.125985971279664,0.796284769661334,-0.158217230920098
"vm(ID, ginv)_No_516484",1.14291770472289,0.79336346183296,1.44059785924894
"vm(ID, ginv)_No_516485",1.10434703467795,0.797006978424534,1.38561777321065
"vm(ID, ginv)_No_516486",-0.153262132876816,0.790486205804105,-0.193883374246757
"vm(ID, ginv)_No_516487",0.486012353530034,0.812659725663646,0.598051482289391
"vm(ID, ginv)_No_516488",0.146053652501704,0.778760082694352,0.187546403247054
"vm(ID, ginv)_No_516489",0.689690173141072,0.811206373432761,0.850203099641006
"vm(ID, ginv)_No_516490",0.0914170097279391,0.794334181000303,0.115086335089871
"vm(ID, ginv)_No_516491",-0.0438551856670758,0.816665602490166,-0.0537002973228616
"vm(ID, ginv)_No_516492",0.616919987053714,0.796400389057229,0.774635466695362
"vm(ID, ginv)_No_516493",0.506624639207061,0.820918144535686,0.61714391694145
"vm(ID, ginv)_No_516494",0.0816207519348536,0.818921892987164,0.0996685430366593
"vm(ID, ginv)_No_516495",1.69221242349127,0.802162069831462,2.10956424784185
"vm(ID, ginv)_No_516496",0.0275566030618468,0.792224320405818,0.034783838809355
"vm(ID, ginv)_No_516497",0.793346070877117,0.802783935896526,0.988243580124871
"vm(ID, ginv)_No_516498",0.0890909935210014,0.831733153673985,0.107114875879918
"vm(ID, ginv)_No_516499",0.939256195063898,0.77780057051677,1.20757971987582
"vm(ID, ginv)_No_516500",0.259122368193546,0.795557864615455,0.325711528625006
"vm(ID, ginv)_Nr_502111",-0.653744056908131,0.878909065047906,-0.743813077946235
"vm(ID, ginv)_Nr_503776",-0.375278111536143,0.883027331706559,-0.424990368996701
"vm(ID, ginv)_Nr_504006",-0.0160574905521673,0.864501031138313,-0.0185742873331498
"vm(ID, ginv)_Nr_501035",0.008301249145458,0.873487397094582,0.00950357059880869
"vm(ID, ginv)_Nr_501518",-0.13985631997276,0.877110784333195,-0.159451146275761
"vm(ID, ginv)_Nr_503276",-0.378974581719837,0.87947237487905,-0.430911296982984
"vm(ID, ginv)_Nr_503785",-0.542154074283052,0.879596665077917,-0.616366677828442
"vm(ID, ginv)_Nr_501028",-0.5709112498013,0.860043382349343,-0.66381680449859
"vm(ID, ginv)_Nr_504985",-0.0523547816009131,0.882274352067383,-0.0593407044852127
"vm(ID, ginv)_Nr_502922",-0.226151162845734,0.901463335527406,-0.25087117127556
"vm(ID, ginv)_Nr_502916",-0.410465226916476,0.887289764558025,-0.462605614661785
"vm(ID, ginv)_Nr_503460",-0.0680781722315194,0.884755514370667,-0.0769457450400226
"vm(ID, ginv)_Nr_502513",-0.0200130945385466,0.878644752835835,-0.022777231041276
"vm(ID, ginv)_Nr_500234",-0.408481859851539,0.878174593252814,-0.465148801832784
"vm(ID, ginv)_Nr_503935",-0.244079714001764,0.872128387699245,-0.279866723115927
"vm(ID, ginv)_Nr_502403",-0.220463802680856,0.885661780617939,-0.2489255012529
"vm(ID, ginv)_Nr_502424",-0.396801231757138,0.88183839788705,-0.449970462510935
"vm(ID, ginv)_Nr_502799",0.422399608625133,0.870899584714982,0.485015283091875
"vm(ID, ginv)_Nr_501060",-0.272858079804685,0.877370512955713,-0.310995270271248
"vm(ID, ginv)_Nr_504830",-0.378145363162779,0.872773851365768,-0.433268437833048
"vm(ID, ginv)_Nr_503844",-0.410291990250406,0.885792399685122,-0.463192041833115
"vm(ID, ginv)_Nr_501611",-0.481542114921553,0.888296228848321,-0.542096317965769
"vm(ID, ginv)_Nr_504858",-0.156435484232327,0.881377826315367,-0.177489698017832
"vm(ID, ginv)_Nr_501817",-0.251391504906659,0.873908875706209,-0.287663292930294
"vm(ID, ginv)_Nr_500756",-0.122099045943379,0.884162120386582,-0.138095766746933
"vm(ID, ginv)_Nr_503864",-0.574938219695241,0.880685375509254,-0.652830438296746
"vm(ID, ginv)_Nr_503090",-0.398994529066093,0.863343977272915,-0.462150127376131
"vm(ID, ginv)_Nr_500420",-0.489509054478717,0.875374932554495,-0.559199305662369
"vm(ID, ginv)_Nr_504347",-1.09536306040554,0.885890984635621,-1.23645355851101
"vm(ID, ginv)_Nr_504418",-0.356734812254359,0.878134843571183,-0.406241495672346
"vm(ID, ginv)_Nr_502014",0.347877504544681,0.879539180805727,0.395522464645632
"vm(ID, ginv)_Nr_503523",-0.0729453403970871,0.877230707076609,-0.0831541119213429
"vm(ID, ginv)_Nr_502090",-0.522161264982352,0.868648102776062,-0.601119444471941
"vm(ID, ginv)_Nr_502119",-0.504371513353561,0.869848421556676,-0.579838395810319
"vm(ID, ginv)_Nr_503491",-0.654830818697141,0.886085293849828,-0.73901555893345
"vm(ID, ginv)_Nr_503324",0.0599910108084576,0.885559169697289,0.0677436504090002
"vm(ID, ginv)_Nr_503772",-0.641150287867213,0.890452913497852,-0.720027166117818
"vm(ID, ginv)_Nr_502229",0.00453255010533361,0.883388824529114,0.00513086647632164
"vm(ID, ginv)_Nr_504157",-0.0516834477405265,0.884796165720374,-0.0584128296921895
"vm(ID, ginv)_Nr_500464",-0.359348857021091,0.878442930860026,-0.409074789490623
"vm(ID, ginv)_Nr_504068",-0.310148417271357,0.884894638849226,-0.350491915822537
"vm(ID, ginv)_Nr_501654",-0.686200689368844,0.88024935911113,-0.779552614570223
"vm(ID, ginv)_Nr_503613",-0.188087200734249,0.881342127967586,-0.213409974135682
"vm(ID, ginv)_Nr_500357",0.267544380093267,0.875319173465141,0.30565351268856
"vm(ID, ginv)_Nr_500146",-0.332147300015078,0.877376846359421,-0.378568572208495
"vm(ID, ginv)_Nr_502570",-0.587541819787425,0.87726546222813,-0.669742335797823
"vm(ID, ginv)_Nr_503614",-0.302251984655379,0.882914222076967,-0.342334484027635
"vm(ID, ginv)_Nr_502732",-0.115159671068242,0.879295731030815,-0.130968077069177
"vm(ID, ginv)_Nr_500416",-0.510112780362762,0.88224331343937,-0.578199656026997
"vm(ID, ginv)_Nr_500521",-0.740516616514652,0.890375815603891,-0.831689948825038
"vm(ID, ginv)_Nr_502290",-0.224451605115416,0.88486798156244,-0.253655471541748
"vm(ID, ginv)_Nr_504605",-0.475723255022246,0.876682622076502,-0.542640224686389
"vm(ID, ginv)_Nr_503112",-0.457753143675297,0.872080315421634,-0.524897920043043
"vm(ID, ginv)_Nr_501923",-0.336698011952197,0.871077089176127,-0.386530671206896
"vm(ID, ginv)_Nr_504113",-0.0149744337570196,0.904506856119648,-0.0165553568286483
"vm(ID, ginv)_Nr_501550",0.0192880197828533,0.880449652880574,0.0219070104914558
"vm(ID, ginv)_Nr_504187",-0.419616057675694,0.876575800247452,-0.478699112566465
"vm(ID, ginv)_Nr_504432",-0.80056241118259,0.883852620481293,-0.905764595399007
"vm(ID, ginv)_Nr_500782",0.00232376887113054,0.876078828710894,0.00265246550307562
"vm(ID, ginv)_Nr_501874",-0.0292382137213683,0.880000903042882,-0.0332252087699773
"vm(ID, ginv)_Nr_503546",-0.277979223287489,0.878666604600568,-0.316364843994333
"vm(ID, ginv)_Nr_503724",0.380253256486549,0.869993274617179,0.437076087345469
"vm(ID, ginv)_Nr_502236",-0.452958523670905,0.874668266442288,-0.517863218604366
"vm(ID, ginv)_Nr_502071",-0.139822604999847,0.878241546358805,-0.159207459018025
"vm(ID, ginv)_Nr_504993",-0.565342300445582,0.877223899700626,-0.64446750782613
"vm(ID, ginv)_Nr_502413",-0.401493080276838,0.869088651101986,-0.461970225670021
"vm(ID, ginv)_Nr_503805",-0.801808254799732,0.88463069653916,-0.906376251622914
"vm(ID, ginv)_Nr_504219",-0.476594409782349,0.875255281501422,-0.544520461464447
"vm(ID, ginv)_Nr_500866",-0.457661200365995,0.894660235363194,-0.511547492864936
"vm(ID, ginv)_Nr_501147",-0.585536141410354,0.87717271646356,-0.66752662322994
"vm(ID, ginv)_Nr_500995",-0.392298624882367,0.885913510622237,-0.442818198592354
"vm(ID, ginv)_Nr_502001",0.359800731254751,0.878461021415849,0.409580758261587
"vm(ID, ginv)_Nr_503520",-0.697283154888571,0.873093476713002,-0.798635167351934
"vm(ID, ginv)_Nr_501755",-0.985910907574849,0.884704521263432,-1.11439569243626
"vm(ID, ginv)_Nr_503517",-0.198469130428274,0.880430221561528,-0.225422896179404
"vm(ID, ginv)_Nr_503950",0.321857829394828,0.885310921776638,0.363553438094862
"vm(ID, ginv)_Nr_501423",-0.653121862312967,0.881576718799503,-0.740856522620473
"vm(ID, ginv)_Nr_500887",-0.38407664283845,0.849772663357047,-0.451975757046768
"vm(ID, ginv)_Nr_502560",-0.157909612548976,0.873667498732615,-0.180743375229189
"vm(ID, ginv)_Nr_502919",0.05670174976071,0.883939359060276,0.0641466512148415
"vm(ID, ginv)_Nr_500480",-0.329147466994898,0.878503373883232,-0.374668415375542
"vm(ID, ginv)_Nr_501721",0.00645371247001506,0.883916438143475,0.00730126988425518
"vm(ID, ginv)_Nr_504863",-0.746690841641106,0.878582059249208,-0.849881731342421
"vm(ID, ginv)_Nr_500516",-0.187883697028165,0.88100899051505,-0.213259681854467
"vm(ID, ginv)_Nr_501882",-0.301587101294477,0.880428638729195,-0.342545764674109
"vm(ID, ginv)_Nr_501361",-0.221168014952632,0.881360994290931,-0.250939191075236
"vm(ID, ginv)_Nr_503719",-0.706126543133637,0.882938499542832,-0.799746011187931
"vm(ID, ginv)_Nr_504806",-0.28212251770923,0.876500506416194,-0.321873764640209
"vm(ID, ginv)_Nr_501876",-0.349991776154797,0.881128633246581,-0.397208492550319
"vm(ID, ginv)_Nr_500682",-0.700283802038066,0.885412314521036,-0.790912652278712
"vm(ID, ginv)_Nr_502621",-0.663786197596358,0.881632838606201,-0.752905482338608
"vm(ID, ginv)_Nr_504316",-0.737707419297636,0.883299065873084,-0.835172873831198
"vm(ID, ginv)_Nr_504659",-0.191099814518503,0.877623161139976,-0.21774700461446
"vm(ID, ginv)_Nr_504623",-0.759137191555954,0.866524227027228,-0.876071514076779
"vm(ID, ginv)_Nr_504416",-0.441034335824734,0.876285313567218,-0.503299928683449
"vm(ID, ginv)_Nr_500803",-0.737817544684021,0.874502785239821,-0.843699479449553
"vm(ID, ginv)_Nr_502092",-0.361174392815109,0.881840487242786,-0.409568848380253
"vm(ID, ginv)_Nr_503962",-0.482698149365925,0.880953006063117,-0.547927240208931
"vm(ID, ginv)_Nr_504847",-0.0958119633290971,0.880849166485722,-0.10877226995781
"vm(ID, ginv)_Nr_503566",-0.960684583969447,0.877507789240412,-1.09478752866802
"vm(ID, ginv)_Nr_500910",-0.560911333214936,0.883279693103068,-0.635032524346152
"vm(ID, ginv)_Nr_501514",-0.558779966083632,0.88160571788714,-0.633820714573865
"vm(ID, ginv)_Nr_503695",-0.404750773214652,0.865156222733155,-0.467835475928249
"vm(ID, ginv)_Nr_500259",1.35000826228326,0.803006572659128,1.68119204530637
"vm(ID, ginv)_Nr_504508",-0.385890410355454,0.883515719801042,-0.436766886776335
"vm(ID, ginv)_Nr_504572",0.28071937861956,0.85470676639153,0.328439401275275
"vm(ID, ginv)_Nr_503867",-0.344581152561441,0.879130744817898,-0.391956662410683
"vm(ID, ginv)_Nr_502921",-0.512224721499676,0.881557545858072,-0.581045133022028
"vm(ID, ginv)_Nr_504431",-0.307271536120435,0.875873968890127,-0.350817066192522
"vm(ID, ginv)_Nr_501467",-0.512479152829068,0.876765654272743,-0.584510981163099
"vm(ID, ginv)_Nr_502225",0.0874478994463204,0.866202302455026,0.100955514893544
"vm(ID, ginv)_Nr_502631",-0.546163341686755,0.880018009878142,-0.620627459388454
"vm(ID, ginv)_Nr_501139",-0.18799140940378,0.880627459720789,-0.213474389571482
"vm(ID, ginv)_Nr_500888",-0.285197631951459,0.878899914123341,-0.324493867126986
"vm(ID, ginv)_Nr_502530",0.244667657853071,0.873100397805255,0.280228549280359
"vm(ID, ginv)_Nr_504412",-0.671735577146819,0.894012895457306,-0.7513712392294
"vm(ID, ginv)_Nr_503387",-0.10878419558915,0.873084262021216,-0.124597590772408
"vm(ID, ginv)_Nr_501297",-1.045060523441,0.874427531814072,-1.19513680141444
"vm(ID, ginv)_Nr_501782",-0.208200066546263,0.881583133934668,-0.2361661181255
"vm(ID, ginv)_Nr_504755",-0.157921531301446,0.873114555078742,-0.180871490897553
"vm(ID, ginv)_Nr_502984",-0.956427033772724,0.87882228882181,-1.08830538999523
"vm(ID, ginv)_Nr_502848",-0.355993152476004,0.885313943656533,-0.40210950592925
"vm(ID, ginv)_Nr_500935",-0.466710948952346,0.885342766552996,-0.527152834567615
"vm(ID, ginv)_Nr_504009",0.397005922765259,0.882951978100605,0.449634784916948
"vm(ID, ginv)_Nr_501208",-0.462220954424956,0.878091874815459,-0.526392474047317
"vm(ID, ginv)_Nr_501641",-1.13822690386154,0.878323519452955,-1.29590848776366
"vm(ID, ginv)_Nr_501959",0.807416755975126,0.78024528235026,1.03482427159703
"vm(ID, ginv)_Nr_501376",-0.675355366676539,0.886398852424683,-0.761909116679417
"vm(ID, ginv)_Nr_504049",0.056376835214346,0.889708121704505,0.0633655395955464
"vm(ID, ginv)_Nr_504341",0.0218453228753598,0.878748934444349,0.0248595725344157
"vm(ID, ginv)_Nr_504010",-0.291959474063404,0.883411485562212,-0.330490919390297
"vm(ID, ginv)_Nr_503111",0.427047166458717,0.878303926478452,0.486217986262405
"vm(ID, ginv)_Nr_503856",-0.0475298364731532,0.870512861805828,-0.0545998095588793
"vm(ID, ginv)_Nr_502037",0.225134633057376,0.879567667916208,0.255960560249724
"vm(ID, ginv)_Nr_503577",0.145866715010759,0.889833206394546,0.16392590652105
"vm(ID, ginv)_Nr_504907",-0.84095554352159,0.877478661887705,-0.958377200549192
"vm(ID, ginv)_Nr_501599",-0.682223914658216,0.895499014568879,-0.761836588939921
"vm(ID, ginv)_Nr_503034",-0.373255552210422,0.875055687866434,-0.426550626875526
"vm(ID, ginv)_Nr_504074",-0.247333885599889,0.884309664979324,-0.279691487490043
"vm(ID, ginv)_Nr_500024",-0.655979231179433,0.878555981246821,-0.746656155306673
"vm(ID, ginv)_Nr_500717",-0.280800458073634,0.88624964310808,-0.316841265051308
"vm(ID, ginv)_Nr_504311",-0.387516616096561,0.872613746560627,-0.4440872237275
"vm(ID, ginv)_Nr_501975",0.42799043405041,0.883239374052477,0.484569015630163
"vm(ID, ginv)_Nr_501346",-0.0641460934532619,0.871702098178321,-0.0735871734016863
"vm(ID, ginv)_Nr_502298",-0.455416686550508,0.881595869175567,-0.516582146620531
"vm(ID, ginv)_Nr_502563",-0.0733118121671626,0.875444794800832,-0.0837423588586662
"vm(ID, ginv)_Nr_504807",-0.381757869464908,0.879891952156695,-0.433869031906912
"vm(ID, ginv)_Nr_503774",0.31988574051113,0.88885015684824,0.359887139633758
"vm(ID, ginv)_Nr_503302",0.277678262507056,0.877080679033621,0.316593751458538
"vm(ID, ginv)_Nr_503154",-0.0208896130680694,0.882128518546693,-0.0236809179488779
"vm(ID, ginv)_Nr_502146",-0.360922794230954,0.891840763118381,-0.404694211295034
"vm(ID, ginv)_Nr_502114",-0.420950204895411,0.872489462588432,-0.482470245138056
"vm(ID, ginv)_Nr_501929",0.446021344875266,0.72822382254096,0.612478376934969
"vm(ID, ginv)_Nr_502869",-0.749047073148209,0.879029767795562,-0.852129359653741
"vm(ID, ginv)_Nr_501255",-0.602964180710183,0.873879615160788,-0.68998540559759
"vm(ID, ginv)_Nr_500370",-0.555276559307917,0.877835598785263,-0.632551881099719
"vm(ID, ginv)_Nr_504669",-0.174424932195538,0.879428279176604,-0.198339007654893
"vm(ID, ginv)_Nr_501837",-0.129501825068755,0.874661456491922,-0.148059370980127
"vm(ID, ginv)_Nr_503282",-0.362751832871169,0.877000574080394,-0.413627816893442
"vm(ID, ginv)_Nr_503561",-0.3705988799492,0.86056218138979,-0.430647416263041
"vm(ID, ginv)_Nr_503706",-0.197606769571359,0.880258499168839,-0.224487204335935
"vm(ID, ginv)_Nr_504372",-0.242596071274035,0.86854066103019,-0.279314581526083
"vm(ID, ginv)_Nr_500497",-0.533840366638647,0.882205844626824,-0.605119961390035
"vm(ID, ginv)_Nr_504645",-0.676920007893586,0.874483564090582,-0.774079737676429
"vm(ID, ginv)_Nr_500307",0.18911817207499,0.88348321387101,0.214059723043704
"vm(ID, ginv)_Nr_503808",-0.759958840681215,0.89016237236121,-0.8537305825064
"vm(ID, ginv)_Nr_500164",-0.201955975602461,0.88562306094065,-0.228038298130987
"vm(ID, ginv)_Nr_504511",-0.495202892786626,0.866622134158902,-0.571417314729959
"vm(ID, ginv)_Nr_504318",0.0223959956956339,0.881843655933271,0.0253967872252047
"vm(ID, ginv)_Nr_501075",-1.07787348550349,0.880478085759528,-1.22419115584652
"vm(ID, ginv)_Nr_503395",-0.0545241973212804,0.878103578336818,-0.0620931273558326
"vm(ID, ginv)_Nr_502177",-0.371558774112751,0.872592435305501,-0.425810216865638
"vm(ID, ginv)_Nr_503267",-0.0650083534390481,0.873343779780368,-0.0744361555485019
"vm(ID, ginv)_Nr_501487",0.257462843702034,0.883199208774957,0.291511633099341
"vm(ID, ginv)_Nr_501466",-0.535997036758387,0.883898457124326,-0.60640114533314
"vm(ID, ginv)_Nr_502582",-0.194036729806186,0.890561075891866,-0.217881440205395
"vm(ID, ginv)_Nr_503169",0.210685037909609,0.875701187767065,0.240590101798115
"vm(ID, ginv)_Nr_501343",-0.169840114633037,0.875849716595532,-0.193914676701859
"vm(ID, ginv)_Nr_501760",0.07732006744314,0.869582174680413,0.0889163436124441
"vm(ID, ginv)_Nr_500096",-0.712578236813848,0.877930274139714,-0.811656982112964
"vm(ID, ginv)_Nr_500736",-0.427283976125669,0.88360426915357,-0.483569388517075
"vm(ID, ginv)_Nr_501697",0.0748861669196047,0.879015576967352,0.085193219417073
"vm(ID, ginv)_Nr_504170",-0.455053955305996,0.873186226696607,-0.521141929857886
"vm(ID, ginv)_Nr_501525",-0.654633337838222,0.872733486127755,-0.750095359286344
"vm(ID, ginv)_Nr_501857",0.186056801269455,0.872361460826148,0.21327948290294
"vm(ID, ginv)_Nr_503711",-0.376765163978874,0.880734820982351,-0.427785021101628
"vm(ID, ginv)_Nr_501674",-0.337058478273641,0.881971959222938,-0.382164619576575
"vm(ID, ginv)_Nr_500968",-0.326717637026504,0.871498312575626,-0.374891875649103
"vm(ID, ginv)_Nr_504374",-0.64937707518293,0.876825651750099,-0.740599997145165
"vm(ID, ginv)_Nr_500704",-0.563664822266364,0.879885780440326,-0.640611355242367
"vm(ID, ginv)_Nr_502593",-0.375218069369049,0.8751287711436,-0.428757551735754
"vm(ID, ginv)_Nr_504086",-0.513642843960483,0.876519411601434,-0.586002816551476
"vm(ID, ginv)_Nr_501110",0.0142853589153227,0.8675490172534,0.0164663421100391
"vm(ID, ginv)_Nr_502184",0.094480046353992,0.883993570132489,0.106878657884165
"vm(ID, ginv)_Nr_501256",-0.152110510637072,0.873428258475117,-0.174153411183004
"vm(ID, ginv)_Nr_503661",-0.18038308798616,0.887532282456927,-0.203241157027902
"vm(ID, ginv)_Nr_503379",-0.711774608490776,0.88524306184829,-0.804044266672556
"vm(ID, ginv)_Nr_500664",-0.452197910128209,0.864424106845351,-0.523120429598464
"vm(ID, ginv)_Nr_500642",-0.781909086682943,0.880226393627574,-0.888304522954092
"vm(ID, ginv)_Nr_502635",-0.503431590832386,0.88038695072666,-0.571829910037695
"vm(ID, ginv)_Nr_504844",-0.475928263771016,0.887142018059875,-0.536473590566527
"vm(ID, ginv)_Nr_503814",-0.422560595790196,0.879153018676564,-0.480645105929681
"vm(ID, ginv)_Nr_500829",-0.602689395524287,0.878683831767866,-0.685900176758354
"vm(ID, ginv)_Nr_501551",-0.157405229253682,0.906995018981492,-0.173545858532321
"vm(ID, ginv)_Nr_500886",-0.43150100591261,0.880298960145086,-0.490175526097966
"vm(ID, ginv)_Nr_500448",0.0871125893113586,0.891462842025612,0.0977186992039044
"vm(ID, ginv)_Nr_501225",-0.595099990108852,0.86576328225575,-0.687370326630526
"vm(ID, ginv)_Nr_504080",0.0699405811553648,0.876700299664519,0.0797770699771957
"vm(ID, ginv)_Nr_500561",-0.140694990500086,0.867660652988588,-0.162154397592507
"vm(ID, ginv)_Nr_504758",-0.184475818414473,0.887494965207275,-0.207861256284861
"vm(ID, ginv)_Nr_503688",0.191137064627202,0.877380589333215,0.217849661767034
"vm(ID, ginv)_Nr_504072",-0.478840336879806,0.881094343182491,-0.543460913788467
"vm(ID, ginv)_Nr_503980",-0.93627085508246,0.886069896386816,-1.05665575469876
"vm(ID, ginv)_Nr_503143",0.340447625689455,0.882417216424384,0.38581253782533
"vm(ID, ginv)_Nr_503070",-0.0993784490343701,0.876742794285516,-0.113349604561457
"vm(ID, ginv)_Nr_503784",-0.796205856408786,0.895073643788396,-0.889542287312636
"vm(ID, ginv)_Nr_502449",-0.299610073667693,0.878154747225409,-0.341181408646177
"vm(ID, ginv)_Nr_503948",-0.0933395640965865,0.87820848194777,-0.106284061262503
"vm(ID, ginv)_Nr_504791",0.371496041459567,0.876032338745705,0.424066584107467
"vm(ID, ginv)_Nr_500328",-1.34521884034836,0.879647376559473,-1.52927056476864
"vm(ID, ginv)_Nr_503407",-0.417499114885683,0.877754384231634,-0.47564457937872
"vm(ID, ginv)_Nr_501292",-0.450746441124346,0.880320890144837,-0.512025156020308
"vm(ID, ginv)_Nr_500698",-0.532512729891975,0.866220642251835,-0.614754144518711
"vm(ID, ginv)_Nr_501032",-0.170596342952464,0.885863192158043,-0.192576398322721
"vm(ID, ginv)_Nr_500209",-0.362805119358588,0.875341505390521,-0.414472656813786
"vm(ID, ginv)_Nr_501260",0.124183090796598,0.880599178599611,0.141021129492856
"vm(ID, ginv)_Nr_501425",-0.663141818994191,0.892863750115976,-0.742713341098296
"vm(ID, ginv)_Nr_502353",-0.428692471728781,0.889411023760669,-0.481995905465792
"vm(ID, ginv)_Nr_504476",-0.773636337761827,0.876400803546353,-0.88274261574306
"vm(ID, ginv)_Nr_503996",-0.265283557631643,0.877448015636004,-0.302335355376417
"vm(ID, ginv)_Nr_500295",0.74541281550769,0.745194416801665,1.00029307614376
"vm(ID, ginv)_Nr_502404",-0.189260482746287,0.878341909340406,-0.215474726565663
"vm(ID, ginv)_Nr_502692",-0.196576678289588,0.881758573304007,-0.222937076248663
"vm(ID, ginv)_Nr_500114",1.66363756760279,0.713585792338979,2.33137708943133
"vm(ID, ginv)_Nr_502447",-0.0659145107650166,0.872304183828632,-0.0755636760512956
"vm(ID, ginv)_Nr_501709",-0.0459392374830284,0.867623969240392,-0.0529483268232531
"vm(ID, ginv)_Nr_503322",-0.312003650203228,0.881500313954371,-0.35394615891127
"vm(ID, ginv)_Nr_501984",-0.133016820651209,0.878943320315569,-0.151337199540297
"vm(ID, ginv)_Nr_502256",0.240915998557212,0.880578652559759,0.273588279544243
"vm(ID, ginv)_Nr_503139",0.34577080798419,0.734758245019237,0.470591259544339
"vm(ID, ginv)_Nr_500100",0.141234417666699,0.88295798037449,0.159955989759328
"vm(ID, ginv)_Nr_503894",-0.37585929725437,0.883799817162144,-0.425276504877817
"vm(ID, ginv)_Nr_504375",-0.536022243094509,0.882451672444787,-0.607423907543273
"vm(ID, ginv)_Nr_502076",-0.266815397630073,0.873311368961213,-0.305521497959478
"vm(ID, ginv)_Nr_504519",-0.603374229572469,0.888780099817036,-0.678879094723969
"vm(ID, ginv)_Nr_504215",0.829051968577268,0.740247115449022,1.11996649669398
"vm(ID, ginv)_Nr_501578",-0.42431463428978,0.882089534859369,-0.481033520432173
"vm(ID, ginv)_Nr_501833",-0.443643233585925,0.871328526874934,-0.509157246552085
"vm(ID, ginv)_Nr_504751",0.00671724964942798,0.878234047211117,0.00764858715140799
"vm(ID, ginv)_Nr_500017",-0.198440282800713,0.879207551390742,-0.225703569637019
"vm(ID, ginv)_Nr_502288",-0.583462318666068,0.885156805155501,-0.659162665041668
"vm(ID, ginv)_Nr_504488",-0.709916470319864,0.875726839200264,-0.810659715497789
"vm(ID, ginv)_Nr_500872",-0.321366763198901,0.880369992125991,-0.36503602584504
"vm(ID, ginv)_Nr_504438",-0.362435350686933,0.875718068078716,-0.413872185465008
"vm(ID, ginv)_Nr_503633",-0.666951846427334,0.885118392027462,-0.753517102835934
"vm(ID, ginv)_Nr_503031",0.0658535687779423,0.874794008611649,0.0752789435337536
"vm(ID, ginv)_Nr_501428",-0.102959254670028,0.866186311056926,-0.118865021711549
"vm(ID, ginv)_Nr_500759",-0.0425566803888088,0.882639937540546,-0.0482152218348423
"vm(ID, ginv)_Nr_503589",-0.8817725820329,0.885475936593983,-0.995817667755796
"vm(ID, ginv)_Nr_500585",-0.226682772690451,0.87835150459007,-0.258077513963211
"vm(ID, ginv)_Nr_500208",-0.186340213933766,0.854442349200521,-0.218084010124404
"vm(ID, ginv)_Nr_502086",-0.0938888992819732,0.876940420905392,-0.107064171115568
"vm(ID, ginv)_Nr_501911",-0.488318039697769,0.862309276944369,-0.566291066040883
"vm(ID, ginv)_Nr_501538",0.892642849181361,0.732206564285741,1.21911342061256
"vm(ID, ginv)_Nr_500021",-0.0280601334483265,0.877045476970187,-0.0319939321108663
"vm(ID, ginv)_Nr_503646",0.00946910836587964,0.876598986921209,0.0108020982309563
"vm(ID, ginv)_Nr_503526",-0.881571494568693,0.8775863432131,-1.00454103620278
"vm(ID, ginv)_Nr_504281",-1.01549419440732,0.877380406802656,-1.15741608375776
"vm(ID, ginv)_Nr_500154",-0.240028503322368,0.882169349839364,-0.27208891735592
"vm(ID, ginv)_Nr_502418",-0.4612428556602,0.878188644704774,-0.525220701088954
"vm(ID, ginv)_Nr_502481",0.34838404340158,0.87600707862825,0.397695466053903
"vm(ID, ginv)_Nr_502526",-0.142361282292275,0.885176348143178,-0.160828158808021
"vm(ID, ginv)_Nr_501763",-0.617360292734627,0.885591362821158,-0.69711643389108
"vm(ID, ginv)_Nr_504383",-0.153473978062697,0.88427188783615,-0.17355971638797
"vm(ID, ginv)_Nr_502952",-0.479835610010968,0.886816231167369,-0.541076711439226
"vm(ID, ginv)_Nr_500844",-0.659056137080218,0.886200793788173,-0.743687143703633
"vm(ID, ginv)_Nr_504714",-0.506648653580741,0.877364795426343,-0.577466358602344
"vm(ID, ginv)_Nr_502142",-0.822965763419487,0.877531467760435,-0.93781909100057
"vm(ID, ginv)_Nr_503755",-0.845095333260936,0.872782579860971,-0.968277040308887
"vm(ID, ginv)_Nr_503735",-0.221628823838295,0.888392176558844,-0.249471832019916
"vm(ID, ginv)_Nr_502966",-0.374676615710929,0.895955058341548,-0.418186841206602
"vm(ID, ginv)_Nr_502262",-0.353526738952804,0.886718366980906,-0.398691120108959
"vm(ID, ginv)_Nr_501981",-0.646143375813729,0.873678156690188,-0.739566819733203
"vm(ID, ginv)_Nr_500149",-0.193665531857166,0.895057822118412,-0.216372090239714
"vm(ID, ginv)_Nr_503075",-0.340446758933573,0.882786175716494,-0.385650306153987
"vm(ID, ginv)_Nr_500805",-0.4384157491413,0.885116331433663,-0.495319918491594
"vm(ID, ginv)_Nr_500825",-0.692013885446434,0.882010354093048,-0.784587031473136
"vm(ID, ginv)_Nr_500306",-0.331671216452942,0.888609983969561,-0.373247231559693
"vm(ID, ginv)_Nr_502017",0.030129816549054,0.864790172563959,0.0348406093234434
"vm(ID, ginv)_Nr_500665",-0.541790368452774,0.889133288240549,-0.609346625099246
"vm(ID, ginv)_Nr_502872",-0.296608545788872,0.859701639293642,-0.345013353740461
"vm(ID, ginv)_Nr_501935",0.0815678247744261,0.876081936120527,0.093105246680037
"vm(ID, ginv)_Nr_500262",-0.333355819336039,0.877686393340453,-0.379811994199084
"vm(ID, ginv)_Nr_502190",-0.24236412248351,0.882307052452497,-0.274693624866564
"vm(ID, ginv)_Nr_500984",-0.114265660329206,0.881826766391545,-0.129578353350265
"vm(ID, ginv)_Nr_504906",-0.219950430592287,0.88704753348173,-0.247957885333343
"vm(ID, ginv)_Nr_502810",-0.417814039080498,0.874010879643786,-0.478042148915564
"vm(ID, ginv)_Nr_501451",0.108487196318654,0.894906521869152,0.121227406067017
"vm(ID, ginv)_Nr_504106",-0.939717365523593,0.889332931636964,-1.05665418663165
"vm(ID, ginv)_Nr_501748",-0.547658956761456,0.879551221122909,-0.622657263851295
"vm(ID, ginv)_Nr_503936",0.0876193116812278,0.862990607076342,0.101529855554357
"vm(ID, ginv)_Nr_501274",-0.0800886195026652,0.849667854961931,-0.0942587377349394
"vm(ID, ginv)_Nr_502594",-0.0844411742218821,0.875165773999647,-0.0964859192744393
"vm(ID, ginv)_Nr_500093",-0.854189043941457,0.879861004591466,-0.970822708909654
"vm(ID, ginv)_Nr_504875",0.173472110922834,0.88757350735565,0.195445345636396
"vm(ID, ginv)_Nr_502032",-0.750319453108577,0.885940563471299,-0.846918500004865
"vm(ID, ginv)_Nr_502802",-0.349309519763846,0.88117915173055,-0.396411466474026
"vm(ID, ginv)_Nr_500688",-0.490087797059657,0.875810760210963,-0.559581840421332
"vm(ID, ginv)_Nr_503650",-0.124058971371186,0.883760817070844,-0.140376184341788
"vm(ID, ginv)_Nr_500178",1.1352854535468,0.75108163596847,1.51153403196035
"vm(ID, ginv)_Nr_502438",-0.713578169232545,0.885508322475369,-0.805840161092776
"vm(ID, ginv)_Nr_500395",-0.327050481080412,0.881506469726348,-0.371013137523473
"vm(ID, ginv)_Nr_500281",-0.0664282651493057,0.856836105711272,-0.0775273879176259
"vm(ID, ginv)_Nr_503618",-0.690344035447475,0.874192271321512,-0.789693592696587
"vm(ID, ginv)_Nr_501442",0.00994469854736181,0.881061326333867,0.0112871808693977
"vm(ID, ginv)_Nr_501793",-1.00817817490599,0.877059830750285,-1.14949760501919
"vm(ID, ginv)_Nr_503117",0.000277434971337064,0.882234341588667,0.000314468569470418
"vm(ID, ginv)_Nr_500972",0.192724608172669,0.879641327708865,0.219094535581501
"vm(ID, ginv)_Nr_504697",-0.462910257934166,0.872262657013665,-0.530700534078824
"vm(ID, ginv)_Nr_500134",0.423490743297534,0.872361689237497,0.485453165266454
"vm(ID, ginv)_Nr_500199",-0.0391033743164175,0.87640818347903,-0.0446177649336762
"vm(ID, ginv)_Nr_500499",-0.012750437546075,0.879407409582561,-0.0144988971063223
"vm(ID, ginv)_Nr_501649",0.453240359582619,0.73460553265448,0.616984680124645
"vm(ID, ginv)_Nr_504242",-0.0506488713143159,0.890759292423281,-0.0568603344866909
"vm(ID, ginv)_Nr_500712",-0.223742431552089,0.872463992482211,-0.256448900447488
"vm(ID, ginv)_Nr_503651",-0.0644156470455974,0.870715781542149,-0.0739801074140509
"vm(ID, ginv)_Nr_501432",-0.46387722950464,0.886043168602221,-0.523537956098042
"vm(ID, ginv)_Nr_504370",-0.654131359296315,0.885902906639154,-0.738378161301999
"vm(ID, ginv)_Nr_500508",-0.104815985382288,0.880901787587103,-0.118987141199238
"vm(ID, ginv)_Nr_504609",-0.283602143445548,0.88177142883051,-0.321627730467168
"vm(ID, ginv)_Nr_502906",0.126090289153864,0.884069508339996,0.142624859204365
"vm(ID, ginv)_Nr_502269",-0.520917988663261,0.873590416679308,-0.596295447749271
"vm(ID, ginv)_Nr_502963",-0.897659269458523,0.876674978997597,-1.02393622604003
"vm(ID, ginv)_Nr_501206",0.0680716448059094,0.871215270012169,0.078134127292051
"vm(ID, ginv)_Nr_504297",-0.246968699950872,0.878777372022372,-0.281036708287688
"vm(ID, ginv)_Nr_502429",0.245046466887064,0.880163357069412,0.278410212057645
"vm(ID, ginv)_Nr_503958",-0.274844443153911,0.885415107978805,-0.310413094013401
"vm(ID, ginv)_Nr_501799",-0.280153625184014,0.879277871879065,-0.318617850106145
"vm(ID, ginv)_Nr_500231",-0.474923631269291,0.885319411544915,-0.536443259998706
"vm(ID, ginv)_Nr_504001",0.00012001792181724,0.880898605494756,0.000136244876616455
"vm(ID, ginv)_Nr_504085",0.436657167947762,0.877296945904992,0.497730181309728
"vm(ID, ginv)_Nr_500140",-0.583068868273854,0.885349013993065,-0.658575159692244
"vm(ID, ginv)_Nr_501339",-1.07636041784944,0.871595893094491,-1.23493057548488
"vm(ID, ginv)_Nr_503398",-0.643479910468777,0.881163525905292,-0.730261627440465
"vm(ID, ginv)_Nr_504271",-0.832211433665763,0.8752848589183,-0.950789248992873
"vm(ID, ginv)_Nr_502498",-0.0851170539029496,0.881151835169674,-0.0965974880896202
"vm(ID, ginv)_Nr_501740",-0.417918316125443,0.882167192595237,-0.473740487782111
"vm(ID, ginv)_Nr_500966",-0.19161882364335,0.895534197197982,-0.213971531453408
"vm(ID, ginv)_Nr_504342",-0.308028040673387,0.883077281990866,-0.348812099410992
"vm(ID, ginv)_Nr_501154",-0.790626859612438,0.871985873696939,-0.906696866843077
"vm(ID, ginv)_Nr_501577",0.0253618940842906,0.87149822910073,0.0291014866552978
"vm(ID, ginv)_Nr_501534",-0.300154619065017,0.886276880982248,-0.338669128695267
"vm(ID, ginv)_Nr_500495",-0.21029025669347,0.889188766847672,-0.23649675359596
"vm(ID, ginv)_Nr_501869",0.112505518228425,0.882747329898735,0.127449287489016
"vm(ID, ginv)_Nr_502861",-0.314027608240135,0.874041876460934,-0.359282108440454
"vm(ID, ginv)_Nr_500371",-0.30662603560203,0.88237900596211,-0.347499241856619
"vm(ID, ginv)_Nr_503975",-0.66922879142024,0.86197420464315,-0.776390740947167
"vm(ID, ginv)_Nr_502134",-0.18701581940914,0.880669176597071,-0.212356494787037
"vm(ID, ginv)_Nr_502036",-0.476188894285129,0.895597030180808,-0.531699947898435
"vm(ID, ginv)_Nr_501296",-0.821782798133365,0.871715699889033,-0.942718822476153
"vm(ID, ginv)_Nr_501801",-0.636090453285586,0.888842576259547,-0.715639045962898
"vm(ID, ginv)_Nr_501495",-0.945790890771999,0.880550395782732,-1.07409058618533
"vm(ID, ginv)_Nr_502386",-0.326908303674752,0.887275883089952,-0.368440425244388
"vm(ID, ginv)_Nr_504452",-0.505054696749743,0.879418178908708,-0.574305499775405
"vm(ID, ginv)_Nr_500622",-0.3360030370421,0.891812513960569,-0.376764209721502
"vm(ID, ginv)_Nr_504596",0.327178759559945,0.871872820024221,0.375259730600222
"vm(ID, ginv)_Nr_503332",-0.247992622800064,0.875891036529306,-0.283131819435814
"vm(ID, ginv)_Nr_500468",0.252055338459985,0.874413226046138,0.288256548451024
"vm(ID, ginv)_Nr_501974",-0.972289744875264,0.888307654850764,-1.0945416709694
"vm(ID, ginv)_Nr_502182",-0.857735132948568,0.883388920204217,-0.970959804148643
"vm(ID, ginv)_Nr_502803",-0.168630094625746,0.880442345862724,-0.191528832544407
"vm(ID, ginv)_Nr_504243",-0.225211213174877,0.880903336230609,-0.255659394069907
"vm(ID, ginv)_Nr_504831",-0.199180166308324,0.891759176144634,-0.223356452769507
"vm(ID, ginv)_Nr_501156",-0.285795560088015,0.861176067983757,-0.331866584213305
"vm(ID, ginv)_Nr_502987",-0.237578722392025,0.873550370148291,-0.271969116505204
"vm(ID, ginv)_Nr_503292",-0.00389450241000639,0.880460982792687,-0.00442325382511968
"vm(ID, ginv)_Nr_502043",-0.296531734253962,0.87474896245473,-0.338990667015862
"vm(ID, ginv)_Nr_503258",0.503581711893106,0.745881552980815,0.67514970692144
"vm(ID, ginv)_Nr_503539",-0.754457069369575,0.873142303798461,-0.864071144059146
"vm(ID, ginv)_Nr_503658",-0.182980874444238,0.885065676238499,-0.20674270775238
"vm(ID, ginv)_Nr_504503",-0.422135866442878,0.888568712395081,-0.475073970706257
"vm(ID, ginv)_Nr_503803",1.04181221555499,0.745364966391428,1.39772093206737
"vm(ID, ginv)_Nr_504789",0.314184711991335,0.882321871910706,0.356088545454454
"vm(ID, ginv)_Nr_500109",-0.817004825635344,0.879332475720579,-0.929119358369927
"vm(ID, ginv)_Nr_503420",-0.605844600451492,0.87802917808438,-0.690005088183151
"vm(ID, ginv)_Nr_503290",-0.45252261977083,0.879760159802549,-0.514370439180142
"vm(ID, ginv)_Nr_504268",-0.0501412111278037,0.880394841791321,-0.0569530950746854
"vm(ID, ginv)_Nr_503796",0.424489028070343,0.877958567844838,0.483495512905984
"vm(ID, ginv)_Nr_503366",-0.87452590960241,0.879193828524732,-0.994690682792719
"vm(ID, ginv)_Nr_500797",0.0515102063999967,0.867777630277392,0.0593587626631158
"vm(ID, ginv)_Nr_503717",-0.0350925443607548,0.880871664794491,-0.0398384302314253
"vm(ID, ginv)_Nr_500006",0.214703239691058,0.881860899816458,0.243466106429874
"vm(ID, ginv)_Nr_502865",-0.12260294734328,0.867065916135762,-0.141399800247808
"vm(ID, ginv)_Nr_503671",-0.63768957455614,0.869955659135137,-0.733013881638631
"vm(ID, ginv)_Nr_502054",-0.934194307848522,0.876946235251164,-1.06528116581852
"vm(ID, ginv)_Nr_500754",-0.071736089697489,0.878067134325367,-0.0816977277627012
"vm(ID, ginv)_Nr_500625",-0.0578628082353981,0.877609012997963,-0.0659323313439266
"vm(ID, ginv)_Nr_504824",-0.385520695658677,0.884799089028928,-0.435715520550307
"vm(ID, ginv)_Nr_503499",-0.300834729658447,0.879981814210654,-0.341864712202372
"vm(ID, ginv)_Nr_504389",0.096887571498549,0.879871358380647,0.11011561016927
"vm(ID, ginv)_Nr_503274",0.417162476866452,0.882510298961212,0.472699839715737
"vm(ID, ginv)_Nr_500352",-0.259200360028285,0.883124894591663,-0.293503627420823
"vm(ID, ginv)_Nr_500857",0.290563769905598,0.873671655778078,0.332577768757791
"vm(ID, ginv)_Nr_501051",-1.07787331722394,0.885339741934401,-1.21746857863724
"vm(ID, ginv)_Nr_501850",0.1887506527621,0.888620842140486,0.212408536702158
"vm(ID, ginv)_Nr_504743",-0.13905869518882,0.880514433025765,-0.157928921972312
"vm(ID, ginv)_Nr_501362",-0.195610678263703,0.886103091262387,-0.220753860575101
"vm(ID, ginv)_Nr_503830",-0.045519830899087,0.878110420361453,-0.0518383905299175
"vm(ID, ginv)_Nr_503898",-1.08198589702037,0.874790768128281,-1.23685106935388
"vm(ID, ginv)_Nr_503350",-0.375522772995955,0.875203193108245,-0.429069244665691
"vm(ID, ginv)_Nr_504680",-0.430578394069406,0.8846263652555,-0.486734751507259
"vm(ID, ginv)_Nr_502712",-1.11051332386728,0.882088538322311,-1.25895902238955
"vm(ID, ginv)_Nr_503720",0.192714276713983,0.8767765323393,0.219798625540088
"vm(ID, ginv)_Nr_504632",-0.587733404504299,0.888942040289394,-0.66116054575725
"vm(ID, ginv)_Nr_500253",0.0780718629959872,0.87342376584052,0.0893860071701352
"vm(ID, ginv)_Nr_501070",-0.823317062204239,0.879380328617839,-0.936246849526737
"vm(ID, ginv)_Nr_501864",-0.0621565978712925,0.882879848150179,-0.070402102847317
"vm(ID, ginv)_Nr_504420",-0.0386802568014923,0.878513364789858,-0.0440292183952656
"vm(ID, ginv)_Nr_500948",-0.375151929369025,0.882668678955101,-0.425020099062684
"vm(ID, ginv)_Nr_501682",0.116669586622231,0.879533054396667,0.132649462165197
"vm(ID, ginv)_Nr_502817",-0.136213119875885,0.884267778354273,-0.154040578216469
"vm(ID, ginv)_Nr_503710",0.248849838176275,0.877177903348002,0.283693692267518
"vm(ID, ginv)_Nr_500247",-0.857669650487803,0.884183675189405,-0.970012990009206
"vm(ID, ginv)_Nr_504756",0.16117519396701,0.864926150547437,0.186345613281548
"vm(ID, ginv)_Nr_501664",0.133137581301608,0.864597757562305,0.153987886432858
"vm(ID, ginv)_Nr_500564",-0.238553093418538,0.885257024334592,-0.269473256761614
"vm(ID, ginv)_Nr_504600",0.0912184964656338,0.879727841702777,0.10368945046581
"vm(ID, ginv)_Nr_504734",-0.555608731655162,0.888648134988367,-0.625229165267347
"vm(ID, ginv)_Nr_503616",-0.433304557959469,0.882911524789698,-0.490767812848154
"vm(ID, ginv)_Nr_500089",0.088503749627214,0.884830860397235,0.100023353149642
"vm(ID, ginv)_Nr_504451",-0.889502093865769,0.879187970412948,-1.01173142012848
"vm(ID, ginv)_Nr_502237",-0.639443783136903,0.886685510870038,-0.721161872273592
"vm(ID, ginv)_Nr_503245",-0.552728484609425,0.871478592699653,-0.634242182469671
"vm(ID, ginv)_Nr_502833",-0.180535469710547,0.887167391819244,-0.203496511904407
"vm(ID, ginv)_Nr_501379",0.257261964984867,0.878932431818964,0.292698227612855
"vm(ID, ginv)_Nr_500684",-0.66534046832422,0.870784750724463,-0.764069958472148
"vm(ID, ginv)_Nr_500747",-0.595291663349798,0.881436826537614,-0.675365091889992
"vm(ID, ginv)_Nr_503345",-0.330771501806779,0.877772488729657,-0.376830563789351
"vm(ID, ginv)_Nr_502113",-0.121977680555722,0.880625810330665,-0.138512497731495
"vm(ID, ginv)_Nr_502505",-0.037025613690965,0.882988768802089,-0.0419321456842492
"vm(ID, ginv)_Nr_500343",-0.124788810075164,0.88032503792929,-0.141753107884667
"vm(ID, ginv)_Nr_503684",0.0250072930152183,0.892693165263906,0.0280133129593587
"vm(ID, ginv)_Nr_500693",-1.2111065563102,0.886147694186989,-1.3667095950877
"vm(ID, ginv)_Nr_500517",-0.434323798810092,0.880357129067052,-0.493349556072047
"vm(ID, ginv)_Nr_500211",-0.146663842570477,0.873648188539622,-0.167875175035432
"vm(ID, ginv)_Nr_500928",-0.185734752364602,0.879056009531437,-0.211288871642666
"vm(ID, ginv)_Nr_502128",-0.0287539768955003,0.872614693154073,-0.0329515158535422
"vm(ID, ginv)_Nr_502189",-0.347499997598044,0.882550497677454,-0.393745172103506
"vm(ID, ginv)_Nr_502814",-0.367906387682422,0.86963869306152,-0.423056598812578
"vm(ID, ginv)_Nr_501090",-0.837251848237043,0.883694570813874,-0.947444825270276
"vm(ID, ginv)_Nr_504843",-0.00936475003886229,0.875223074047756,-0.0106998436359224
"vm(ID, ginv)_Nr_504465",-0.444700839530087,0.872828072038723,-0.509494199116866
"vm(ID, ginv)_Nr_502219",0.0598510960830062,0.876668466951325,0.0682710720634706
"vm(ID, ginv)_Nr_503038",-0.256673000535107,0.879582150637457,-0.291812425194269
"vm(ID, ginv)_Nr_503820",-0.216343308100995,0.880156315863444,-0.245801006255076
"vm(ID, ginv)_Nr_504992",-0.615167727714252,0.875419624156143,-0.702711831834065
"vm(ID, ginv)_Nr_502109",-0.302594897182224,0.871478524705741,-0.347220142096326
"vm(ID, ginv)_Nr_500565",-0.0710353775847074,0.871714118464184,-0.0814893048994778
"vm(ID, ginv)_Nr_500046",-0.605982213949144,0.87452640968863,-0.692926145209154
"vm(ID, ginv)_Nr_500048",0.235721784109628,0.87835951028174,0.268365949648589
"vm(ID, ginv)_Nr_504913",-0.855631720404207,0.903738743013386,-0.946768883174386
"vm(ID, ginv)_Nr_501768",-0.694287354949555,0.887553081302601,-0.782248824972357
"vm(ID, ginv)_Nr_503987",-0.143188392428565,0.884464333703343,-0.16189278297862
"vm(ID, ginv)_Nr_502289",-0.244442058847041,0.897855265195954,-0.272251072441718
"vm(ID, ginv)_Nr_504315",-0.381989493548937,0.879707004732376,-0.434223544309671
"vm(ID, ginv)_Nr_503266",-1.19197499750887,0.892081417871728,-1.33617288022051
"vm(ID, ginv)_Nr_504312",-1.11822126754249,0.870660583179489,-1.28433661652508
"vm(ID, ginv)_Nr_501703",0.273366918821484,0.883887771570829,0.309277860395853
"vm(ID, ginv)_Nr_501402",0.218538910101453,0.883834979372591,0.247262119289041
"vm(ID, ginv)_Nr_502931",-0.483511000681979,0.877573745095363,-0.550963384426955
"vm(ID, ginv)_Nr_502571",0.04146021884049,0.885197708967003,0.0468372414665112
"vm(ID, ginv)_Nr_501030",-0.705661057200256,0.905449850122928,-0.779348582480247
"vm(ID, ginv)_Nr_504484",-0.239142034243271,0.870832451906492,-0.274613140242676
"vm(ID, ginv)_Nr_502927",0.304149307721407,0.857099889006836,0.354858647892068
"vm(ID, ginv)_Nr_500297",-0.623603673738547,0.88716619686607,-0.702916404999917
"vm(ID, ginv)_Nr_504027",-0.304990757577657,0.873515926339514,-0.34915305878363
"vm(ID, ginv)_Nr_504394",-0.368046622401584,0.857719284464928,-0.429099157577159
"vm(ID, ginv)_Nr_504266",-0.535480508889559,0.867557269742779,-0.617227850615929
"vm(ID, ginv)_Nr_500369",0.0827083280255102,0.871499344230452,0.0949034885373815
"vm(ID, ginv)_Nr_501015",-0.382153201199132,0.862670144310457,-0.442988787452001
"vm(ID, ginv)_Nr_503210",-0.541327988986698,0.888325259878217,-0.609380385131579
"vm(ID, ginv)_Nr_503403",-0.638735668879909,0.882082440050736,-0.724122417450198
"vm(ID, ginv)_Nr_503879",-0.893445173370883,0.873687289687269,-1.02261436547931
"vm(ID, ginv)_Nr_502724",0.0739329689880177,0.874921352866417,0.0845024169838793
"vm(ID, ginv)_Nr_502506",-0.332671753314599,0.879957591634953,-0.378054302249382
"vm(ID, ginv)_Nr_503062",-0.228070030057698,0.879906611962984,-0.259197995511019
"vm(ID, ginv)_Nr_503207",-0.56134153147438,0.86845795593138,-0.646365811540488
"vm(ID, ginv)_Nr_502248",-0.455018856582253,0.878219842601291,-0.518114980452372
"vm(ID, ginv)_Nr_503360",-0.329422819498594,0.87411828740655,-0.376862976378139
"vm(ID, ginv)_Nr_503588",-0.353193130566361,0.882276069756128,-0.400320424268095
"vm(ID, ginv)_Nr_501630",-0.263456731940855,0.880149113373667,-0.299331929030762
"vm(ID, ginv)_Nr_501277",-0.0805460224398089,0.885214719484864,-0.0909903785679041
"vm(ID, ginv)_Nr_500008",-0.17234463397236,0.865544176384973,-0.199117085730013
"vm(ID, ginv)_Nr_502027",-0.321077671116948,0.885563653518601,-0.36256870959102
"vm(ID, ginv)_Nr_504058",-0.213418127841262,0.884436130750979,-0.24130417157432
"vm(ID, ginv)_Nr_502627",0.135827450449536,0.890863497925056,0.152467185787606
"vm(ID, ginv)_Nr_501917",-0.666213798537184,0.878842118386605,-0.758058568881783
"vm(ID, ginv)_Nr_500156",-0.433772244560828,0.880308847238672,-0.492750068253286
"vm(ID, ginv)_Nr_501486",-0.892434344378012,0.886956854637931,-1.00617559885967
"vm(ID, ginv)_Nr_501019",-0.570110033511485,0.88589803256178,-0.64353911235459
"vm(ID, ginv)_Nr_504236",-0.155101078738941,0.877208423616663,-0.176812117352307
"vm(ID, ginv)_Nr_501162",-0.0188323465254376,0.882903182820647,-0.0213300245053745
"vm(ID, ginv)_Nr_500758",-0.653269575951148,0.872414742249964,-0.748806209150433
"vm(ID, ginv)_Nr_500903",-0.364455025246361,0.885795455232665,-0.411443774173161
"vm(ID, ginv)_Nr_502722",-0.0908053541676733,0.871389296057486,-0.104207562083346
"vm(ID, ginv)_Nr_500427",-0.167192691822058,0.89083513286047,-0.187680846494235
"vm(ID, ginv)_Nr_503174",-0.476340318515629,0.901650000579665,-0.5282984730321
"vm(ID, ginv)_Nr_501220",-0.63604131269432,0.881844894279784,-0.721262114029457
"vm(ID, ginv)_Nr_501802",-0.212864793123534,0.880094195651879,-0.24186592091528
"vm(ID, ginv)_Nr_501626",0.0568704864449238,0.877940800934271,0.0647771311965504
"vm(ID, ginv)_Nr_502103",-0.542851217113053,0.874135848257969,-0.621014706346708
"vm(ID, ginv)_Nr_502390",-1.15484931554163,0.872427965556134,-1.32371881821265
"vm(ID, ginv)_Nr_504433",-0.503207025019431,0.875034675453552,-0.575070953340913
"vm(ID, ginv)_Nr_501738",-0.659220093514174,0.876813195039365,-0.751836419939572
"vm(ID, ginv)_Nr_503447",-1.52295816482122,0.88272685051219,-1.72528813860998
"vm(ID, ginv)_Nr_500036",-0.256145551267516,0.873804596352604,-0.293138251202508
"vm(ID, ginv)_Nr_503999",0.420688519566719,0.879872633019014,0.478124337295564
"vm(ID, ginv)_Nr_500197",0.138513872027921,0.890854824967357,0.155484224977955
"vm(ID, ginv)_Nr_502238",-0.565336333114988,0.88420199962696,-0.639374637643322
"vm(ID, ginv)_Nr_502874",-0.330646011396995,0.86569266950516,-0.381943873437205
"vm(ID, ginv)_Nr_504494",-0.513136617699205,0.869070922854342,-0.590442740868466
"vm(ID, ginv)_Nr_501579",-0.220301029367307,0.880814354621202,-0.250110625708466
"vm(ID, ginv)_Nr_500364",-0.0130637661558685,0.908668792421925,-0.0143768183355884
"vm(ID, ginv)_Nr_504531",-0.799956573674603,0.872438714294863,-0.916920077671195
"vm(ID, ginv)_Nr_504200",-0.651522806264185,0.881342883726645,-0.739238743846554
"vm(ID, ginv)_Nr_502061",-0.6053589112331,0.880339753132019,-0.687642366574258
"vm(ID, ginv)_Nr_503022",-0.0794966868609582,0.872732777160905,-0.091089379179237
"vm(ID, ginv)_Nr_504073",-0.438757568043961,0.89291399822935,-0.491377186284477
"vm(ID, ginv)_Nr_503081",-0.647488731772664,0.882749714603872,-0.733490729094396
"vm(ID, ginv)_Nr_504102",-0.987296852844869,0.872324723459706,-1.13179969143735
"vm(ID, ginv)_Nr_502019",0.0798387352624611,0.879172274094007,0.0908112523734162
"vm(ID, ginv)_Nr_500767",-0.156296006716875,0.871399809217214,-0.179361993270663
"vm(ID, ginv)_Nr_502287",-0.113675062484745,0.885560314514672,-0.128365127277687
"vm(ID, ginv)_Nr_502825",-0.642354699228239,0.886440426924346,-0.724645085803449
"vm(ID, ginv)_Nr_504835",-0.698526830371262,0.878646386933411,-0.795003360577411
"vm(ID, ginv)_Nr_500333",-0.335416222609146,0.876579601300409,-0.382642057962055
"vm(ID, ginv)_Nr_502543",0.0674832104428198,0.880893334477731,0.0766076978920832
"vm(ID, ginv)_Nr_504587",-0.665796029433773,0.88500362095997,-0.752308819608646
"vm(ID, ginv)_Nr_502909",-0.471189983879235,0.879350430798182,-0.535838691125151
"vm(ID, ginv)_Nr_504975",-0.0948527439839455,0.879707368228127,-0.107823064134377
"vm(ID, ginv)_Nr_503342",-0.0349188933344292,0.86855057613333,-0.0402036384454241
"vm(ID, ginv)_Nr_502345",-0.354077351605322,0.882702225338838,-0.401128876127399
"vm(ID, ginv)_Nr_500076",-0.522556064233517,0.873164553003146,-0.598462297211044
"vm(ID, ginv)_Nr_501773",-0.593351061553973,0.880286741872635,-0.674042937749735
"vm(ID, ginv)_Nr_501248",0.131017643695311,0.880686033295928,0.148767709197095
"vm(ID, ginv)_Nr_500482",-0.234434757122327,0.884254878138043,-0.265121248316969
"vm(ID, ginv)_Nr_500836",-0.115989376179875,0.872427033905291,-0.132950231563396
"vm(ID, ginv)_Nr_501394",-0.21160610590087,0.887302887586045,-0.23848238167753
"vm(ID, ginv)_Nr_502990",-0.242689643406434,0.871082330840092,-0.278607009709839
"vm(ID, ginv)_Nr_502430",-0.539165381487446,0.883042702014925,-0.610576793463305
"vm(ID, ginv)_Nr_501480",-0.161252525083695,0.884313295976677,-0.182347733339914
"vm(ID, ginv)_Nr_502366",0.161719492093382,0.871774932685026,0.185506013112
"vm(ID, ginv)_Nr_500741",-1.33079224983529,0.872328683152854,-1.52556287043711
"vm(ID, ginv)_Nr_500460",-0.624417513025365,0.872994435122022,-0.715259442562297
"vm(ID, ginv)_Nr_503095",-1.00861042016878,0.878862575331375,-1.14763155068753
"vm(ID, ginv)_Nr_503690",-0.793724050631663,0.882142743929772,-0.899768270037317
"vm(ID, ginv)_Nr_503914",-0.441982149575093,0.878235460993497,-0.5032615616262
"vm(ID, ginv)_Nr_502904",-0.302071949324459,0.87935108154272,-0.343516890653627
"vm(ID, ginv)_Nr_502832",0.287625249300528,0.876811847812029,0.328035313412176
"vm(ID, ginv)_Nr_501838",-0.802660642761674,0.870883298836293,-0.921662688714113
"vm(ID, ginv)_Nr_501084",0.244031262114544,0.887026121492724,0.275111697617064
"vm(ID, ginv)_Nr_502347",-0.0911480322052067,0.881932984900262,-0.103350292783884
"vm(ID, ginv)_Nr_501559",0.00560787696671218,0.880333057957848,0.00637017650992347
"vm(ID, ginv)_Nr_500770",-0.59680987880097,0.881016858073158,-0.677410282598034
"vm(ID, ginv)_Nr_502557",-0.263255130145533,0.881005223824601,-0.298812223839827
"vm(ID, ginv)_Nr_504105",-0.238521466951781,0.879644452790339,-0.271156677217894
"vm(ID, ginv)_Nr_502066",-0.202346593218068,0.882651614545613,-0.229248539155775
"vm(ID, ginv)_Nr_502651",1.90625630992544,0.750819956620113,2.53889936344611
"vm(ID, ginv)_Nr_502754",-0.606356932707522,0.890829776908179,-0.680665317241659
"vm(ID, ginv)_Nr_504491",-0.083431897420456,0.877660228354923,-0.0950617274487188
"vm(ID, ginv)_Nr_504701",-0.584619003506892,0.888264899368801,-0.658158398381295
"vm(ID, ginv)_Nr_505000",-0.0958249135940575,0.877058388682583,-0.109257165578217
"vm(ID, ginv)_Nr_503251",-0.570657038273828,0.887168773697548,-0.643233909028876
"vm(ID, ginv)_Nr_503873",0.667254153282666,0.726972811193893,0.917852969200935
"vm(ID, ginv)_Nr_504265",-0.185288886121938,0.884443561354668,-0.209497693485538
"vm(ID, ginv)_Nr_502522",-0.317019408537971,0.888062295167216,-0.356978795590323
"vm(ID, ginv)_Nr_501543",-0.719659012984499,0.885999955053456,-0.812256263535679
"vm(ID, ginv)_Nr_504889",-0.257078502835856,0.868744180589593,-0.295919683354177
"vm(ID, ginv)_Nr_504593",-0.778059054666583,0.877580051544316,-0.886596104021962
"vm(ID, ginv)_Nr_504357",-0.479261366095483,0.87995454546504,-0.544643321141324
"vm(ID, ginv)_Nr_503556",-0.447939519707157,0.866923190060998,-0.516700354590398
"vm(ID, ginv)_Nr_501645",-0.535571150948883,0.875746048400001,-0.611559883058997
"vm(ID, ginv)_Nr_501634",-0.400669189106048,0.87018004061872,-0.460444012047395
"vm(ID, ginv)_Nr_500379",-0.580658326843708,0.874997745543083,-0.663611226201859
"vm(ID, ginv)_Nr_504703",-0.339599654253992,0.864146518147696,-0.392988511927267
"vm(ID, ginv)_Nr_500153",0.14453007561353,0.88088796557906,0.16407316396759
"vm(ID, ginv)_Nr_501813",-0.868255907527698,0.880655486163139,-0.985920057468258
"vm(ID, ginv)_Nr_503480",-0.304132081908294,0.885402928222996,-0.343495681134336
"vm(ID, ginv)_Nr_500143",-0.505828740171005,0.881263181526976,-0.573981474290744
"vm(ID, ginv)_Nr_502155",-0.28814064492315,0.884403463718515,-0.325802257390139
"vm(ID, ginv)_Nr_504639",-0.365730290581617,0.87941170200304,-0.415880627638445
"vm(ID, ginv)_Nr_500538",0.136712306380367,0.876315544705803,0.15600808088628
"vm(ID, ginv)_Nr_502757",0.107889887780723,0.890323324787312,0.121180569773904
"vm(ID, ginv)_Nr_502665",-0.076938053340545,0.874352743141634,-0.0879942951446565
"vm(ID, ginv)_Nr_504938",0.148439411971099,0.887344705717712,0.167284946892242
"vm(ID, ginv)_Nr_504137",-0.199830295884856,0.877159063744426,-0.227815346320219
"vm(ID, ginv)_Nr_503839",-0.183801048921706,0.887284130520183,-0.207150159232478
"vm(ID, ginv)_Nr_503433",-0.192337171158372,0.870483861652338,-0.220954321649663
"vm(ID, ginv)_Nr_503289",-0.263130697217664,0.873108726655663,-0.301372199342863
"vm(ID, ginv)_Nr_504960",-0.164337931667098,0.87618983480247,-0.187559733221679
"vm(ID, ginv)_Nr_502208",-0.792373661254025,0.882374779312892,-0.898001257324069
"vm(ID, ginv)_Nr_500993",-0.60269101330166,0.881622706336787,-0.683615574972983
"vm(ID, ginv)_Nr_502365",-0.239717270496665,0.877383927271731,-0.273218215020279
"vm(ID, ginv)_Nr_502718",-0.197358224615755,0.887481045866484,-0.222380213678891
"vm(ID, ginv)_Nr_500617",0.15010154784731,0.879088688083875,0.170746762962543
"vm(ID, ginv)_Nr_503902",-0.505067869640632,0.877284515344014,-0.575717296734203
"vm(ID, ginv)_Nr_502565",0.0991390461273498,0.879989988292286,0.112659288680931
"vm(ID, ginv)_Nr_501429",-0.395071828665389,0.876855227974894,-0.450555366565826
"vm(ID, ginv)_Nr_502973",1.03310694785817,0.799762892150763,1.29176654480665
"vm(ID, ginv)_Nr_501558",-0.324375176933532,0.878785292808646,-0.369117666838518
"vm(ID, ginv)_Nr_502791",-0.204706773984915,0.877653133456066,-0.233243369369412
"vm(ID, ginv)_Nr_503540",-0.547625344911164,0.86643799979332,-0.632042160018137
"vm(ID, ginv)_Nr_500389",-0.205370179045172,0.901638857182038,-0.227774321624771
"vm(ID, ginv)_Nr_504549",-0.355257241768318,0.877785540418377,-0.404719860843222
"vm(ID, ginv)_Nr_500963",-0.157309946156463,0.886766519270489,-0.177397254787963
"vm(ID, ginv)_Nr_501584",-0.320776784068195,0.890258886055867,-0.360318542271832
"vm(ID, ginv)_Nr_502085",-0.142566041708551,0.865988946021898,-0.164628015592414
"vm(ID, ginv)_Nr_504665",-0.250325302949228,0.883756531827634,-0.283251431739405
"vm(ID, ginv)_Nr_503265",0.177244095200799,0.875636242952706,0.202417495423807
"vm(ID, ginv)_Nr_501146",-0.501474903841188,0.874416714033396,-0.573496475757021
"vm(ID, ginv)_Nr_503427",-0.334898602133919,0.865788930997681,-0.386813217567938
"vm(ID, ginv)_Nr_504651",-0.117939880026041,0.881437040425194,-0.133804088797027
"vm(ID, ginv)_Nr_503727",-0.836595698709958,0.880282876378746,-0.950371433046039
"vm(ID, ginv)_Nr_501498",-0.146241013382525,0.885051775448562,-0.165234416154249
"vm(ID, ginv)_Nr_502210",-0.979166848935486,0.88070534476462,-1.11179846330691
"vm(ID, ginv)_Nr_504122",-0.726457362710742,0.88982982106059,-0.816400333543414
"vm(ID, ginv)_Nr_500815",0.0157171162305569,0.868954067443082,0.0180873958928634
"vm(ID, ginv)_Nr_504557",-0.490472380980821,0.892310581390366,-0.549665543825093
"vm(ID, ginv)_Nr_504061",-0.942471120119013,0.886481648159254,-1.06315920027901
"vm(ID, ginv)_Nr_504894",-0.370170240502919,0.870161303795708,-0.425404162295208
"vm(ID, ginv)_Nr_503931",-0.255822157272895,0.874824172655657,-0.292426941629093
"vm(ID, ginv)_Nr_501905",-0.930024141775439,0.879938521363362,-1.05691945425287
"vm(ID, ginv)_Nr_502781",-0.475046905382816,0.874516910209736,-0.543210657034505
"vm(ID, ginv)_Nr_503924",-0.584763197297481,0.874519323528068,-0.668668126095115
"vm(ID, ginv)_Nr_502185",0.145528300624991,0.885379723448243,0.164368232941014
"vm(ID, ginv)_Nr_501651",-0.785547372490891,0.87496464996972,-0.897804697044706
"vm(ID, ginv)_Nr_502913",-0.0271130626959343,0.872499397094534,-0.0310751649642649
"vm(ID, ginv)_Nr_503976",-0.170760168462409,0.883911430063075,-0.193186967217093
"vm(ID, ginv)_Nr_503828",-0.364094437606165,0.875447260753251,-0.415895341648441
"vm(ID, ginv)_Nr_501500",-0.229180216797083,0.879026167944447,-0.260720585068597
"vm(ID, ginv)_Nr_500444",-0.45972141629634,0.883949782564199,-0.520076395021854
"vm(ID, ginv)_Nr_503215",0.00368875081374042,0.874139846999651,0.00421986347653808
"vm(ID, ginv)_Nr_503817",-0.299515280259535,0.878280144374097,-0.341024765478427
"vm(ID, ginv)_Nr_501187",-0.888327361628079,0.883186293519246,-1.00582104607664
"vm(ID, ginv)_Nr_503742",0.174741407169505,0.882247235434363,0.198063989493232
"vm(ID, ginv)_Nr_500826",0.295919309446074,0.885559685127544,0.33416077359422
"vm(ID, ginv)_Nr_503777",-0.371208218957644,0.877520536882127,-0.423019409068835
"vm(ID, ginv)_Nr_500276",-0.30500041457343,0.882392267692036,-0.345651730801293
"vm(ID, ginv)_Nr_504183",-0.0843212163253559,0.886346562378827,-0.0951334612265543
"vm(ID, ginv)_Nr_500173",-0.457666556967799,0.876839752111422,-0.521950055144902
"vm(ID, ginv)_Nr_502866",-0.233638363023089,0.880965396731087,-0.265207196434762
"vm(ID, ginv)_Nr_501601",-0.467251967312672,0.883467364787662,-0.528884241722924
"vm(ID, ginv)_Nr_500931",-0.395379265095489,0.877904952570507,-0.450366823809135
"vm(ID, ginv)_Nr_502115",-0.531998787718056,0.875766382658943,-0.607466555296216
"vm(ID, ginv)_Nr_503119",-0.337009387743894,0.872913336947072,-0.386074279633017
"vm(ID, ginv)_Nr_503125",-0.29873077964856,0.890884138580761,-0.335319450320957
"vm(ID, ginv)_Nr_503151",-0.284984536231541,0.887572199102107,-0.321083216125786
"vm(ID, ginv)_Nr_502537",-0.432135666178584,0.881014929505563,-0.49049755197804
"vm(ID, ginv)_Nr_502596",-0.33409011921465,0.878729772717175,-0.38019665383772
"vm(ID, ginv)_Nr_503325",-0.522233601078445,0.867228940327816,-0.6021865470507
"vm(ID, ginv)_Nr_504972",-0.452159420868832,0.88466009069939,-0.511110906462804
"vm(ID, ginv)_Nr_502295",-0.591987336518671,0.877968574613168,-0.674269391452308
"vm(ID, ginv)_Nr_500781",-0.618989045489227,0.883487322496869,-0.700620178385661
"vm(ID, ginv)_Nr_500837",-0.488736399162092,0.88548891285748,-0.551939603156562
"vm(ID, ginv)_Nr_502173",0.814531012535187,0.752055479341524,1.08307303770776
"vm(ID, ginv)_Nr_500828",0.29538687375645,0.88667602441915,0.333139574795602
"vm(ID, ginv)_Nr_504270",-0.445179196489088,0.872073582369791,-0.51048352511648
"vm(ID, ginv)_Nr_502022",-0.634767670772874,0.873810504502888,-0.726436301122283
"vm(ID, ginv)_Nr_503978",-0.581016459341388,0.883268301692578,-0.657802910200677
"vm(ID, ginv)_Nr_501010",0.0359531833279282,0.876939222140828,0.0409984893139544
"vm(ID, ginv)_Nr_501382",0.360161499674985,0.878703471891763,0.409878316401314
"vm(ID, ginv)_Nr_502227",-0.184583152752012,0.880670637168031,-0.209593853776681
"vm(ID, ginv)_Nr_504687",-0.466182359782131,0.874259070456823,-0.533231367606559
"vm(ID, ginv)_Nr_501034",-0.470953291969194,0.880123383300598,-0.535099170076639
"vm(ID, ginv)_Nr_502550",-0.273786984391037,0.880302950089,-0.311014502863312
"vm(ID, ginv)_Nr_502502",-0.404477968578963,0.874295433626328,-0.462633056312903
"vm(ID, ginv)_Nr_504148",-0.947988637271133,0.874701100277007,-1.08378580634107
"vm(ID, ginv)_Nr_502925",-0.728067499145262,0.884236233130869,-0.823385733207686
"vm(ID, ginv)_Nr_501079",-0.381928646082268,0.873868858832504,-0.437054876394758
"vm(ID, ginv)_Nr_503057",-0.484514018074653,0.877600455548773,-0.552089524351581
"vm(ID, ginv)_Nr_500524",-0.174455416694306,0.876978929791267,-0.198927717380654
"vm(ID, ginv)_Nr_501808",-0.16076043620807,0.888248713743966,-0.180985836197235
"vm(ID, ginv)_Nr_501308",-0.28211660870547,0.874795902950169,-0.32249420436705
"vm(ID, ginv)_Nr_503748",-0.12534861923067,0.87724388546409,-0.14288913414809
"vm(ID, ginv)_Nr_502074",-0.512816911710196,0.8762254017376,-0.585256842238599
"vm(ID, ginv)_Nr_504589",-0.264020679637756,0.890531354519146,-0.296475445022727
"vm(ID, ginv)_Nr_502634",-0.387791186123411,0.887401036716438,-0.436996543928229
"vm(ID, ginv)_Nr_502978",-0.19388511354905,0.872952251410077,-0.222102770496173
"vm(ID, ginv)_Nr_502309",0.16726606636241,0.882076041793338,0.189627717381762
"vm(ID, ginv)_Nr_504185",0.49858940368174,0.874844120134239,0.569917991339114
"vm(ID, ginv)_Nr_500768",-0.372549712428791,0.877230012955785,-0.424688744031343
"vm(ID, ginv)_Nr_500834",0.32039830499155,0.884673604721147,0.362165552675827
"vm(ID, ginv)_Nr_504077",-0.38524503085512,0.879548051325046,-0.438003393077553
"vm(ID, ginv)_Nr_504578",-1.03183454168815,0.881056069596431,-1.17113379873858
"vm(ID, ginv)_Nr_502974",-0.275915517235866,0.875696211785234,-0.315081318752507
"vm(ID, ginv)_Nr_500983",-1.5425101286735,0.880602184188229,-1.75165376190322
"vm(ID, ginv)_Nr_504087",-0.579735709470765,0.878841491016778,-0.659659011774738
"vm(ID, ginv)_Nr_501117",-0.403959692421011,0.883705426815421,-0.457120302946137
"vm(ID, ginv)_Nr_501730",-0.308692871532334,0.87725517979949,-0.351884923156442
"vm(ID, ginv)_Nr_502684",-0.117903884140238,0.887409035546856,-0.132863064739454
"vm(ID, ginv)_Nr_501098",-0.453287476910792,0.879391839632826,-0.515455632497175
"vm(ID, ginv)_Nr_504610",-0.57285342833839,0.872553667114302,-0.656525151321549
"vm(ID, ginv)_Nr_503908",-0.723036192825628,0.885563753347587,-0.816469949331625
"vm(ID, ginv)_Nr_501922",-0.12929803271681,0.880262679626186,-0.146885737302549
"vm(ID, ginv)_Nr_501937",0.0172648227570106,0.88014830269588,0.0196158109992699
"vm(ID, ginv)_Nr_500260",0.092115023311966,0.874022885024093,0.105392003905512
"vm(ID, ginv)_Nr_502315",-0.333179779696764,0.883844118828103,-0.376966676135753
"vm(ID, ginv)_Nr_501517",-0.760134655660561,0.885521563163512,-0.85840332667337
"vm(ID, ginv)_Nr_502769",-0.100433598072904,0.87494576573393,-0.114788369755305
"vm(ID, ginv)_Nr_500436",0.196159958832606,0.877866536341254,0.223450776071446
"vm(ID, ginv)_Nr_500028",-0.1224681736251,0.876360024122132,-0.139746417287552
"vm(ID, ginv)_Nr_503567",-0.137159792003991,0.882235873548638,-0.155468391295731
"vm(ID, ginv)_Nr_501671",-0.491788574180631,0.874020617913434,-0.56267388217304
"vm(ID, ginv)_Nr_501723",-0.354452439550558,0.873696474589899,-0.405692880604712
"vm(ID, ginv)_Nr_503197",-0.403255772093642,0.886693171437557,-0.454786148222909
"vm(ID, ginv)_Nr_502642",-0.137615152723116,0.882123978298734,-0.156004321511043
"vm(ID, ginv)_Nr_503432",-0.406996613554181,0.871307141899247,-0.467110383907818
"vm(ID, ginv)_Nr_504954",-0.565255648250119,0.877474185905846,-0.644184931396684
"vm(ID, ginv)_Nr_503995",-0.463372479473552,0.874427766011091,-0.529915102750379
"vm(ID, ginv)_Nr_500670",0.0832153086364772,0.880986119786316,0.0944570030872463
"vm(ID, ginv)_Nr_500610",0.185634329405003,0.872127440502012,0.212852297478622
"vm(ID, ginv)_Nr_500026",-0.248774126384938,0.886692210714164,-0.280564240193978
"vm(ID, ginv)_Nr_504547",-0.0701854210738883,0.881363136557508,-0.0796328075939545
"vm(ID, ginv)_Nr_503631",-0.100984987215548,0.875920089345237,-0.115290182796281
"vm(ID, ginv)_Nr_503882",0.320905611795228,0.878934234186441,0.365107648915581
"vm(ID, ginv)_Nr_502779",-0.941062355310876,0.88848646926721,-1.05917466147462
"vm(ID, ginv)_Nr_504719",-0.212702984699822,0.883429381579916,-0.240769651921046
"vm(ID, ginv)_Nr_502414",-0.183776488844409,0.884599287035331,-0.207751115717403
"vm(ID, ginv)_Nr_504905",-0.583890814676139,0.881373566565937,-0.662478246257295
"vm(ID, ginv)_Nr_501592",-0.438669445153495,0.882927544185525,-0.496835157134162
"vm(ID, ginv)_Nr_500964",-0.113860736450109,0.862947861156932,-0.131943934941167
"vm(ID, ginv)_Nr_503313",-0.33829040472524,0.873721638256798,-0.387183274297954
"vm(ID, ginv)_Nr_502214",-0.401691536044552,0.878921435125289,-0.457027807027247
"vm(ID, ginv)_Nr_502336",-0.204825757454956,0.883348168963393,-0.231874321645245
"vm(ID, ginv)_Nr_503199",0.116653990272307,0.884925829317441,0.131823466337607
"vm(ID, ginv)_Nr_502646",-0.282773644099894,0.873369505167101,-0.323773205300764
"vm(ID, ginv)_Nr_502428",-0.0529821458100563,0.880718029794551,-0.0601578984620261
"vm(ID, ginv)_Nr_503934",0.0644317539927478,0.880872768728569,0.0731453579678108
"vm(ID, ginv)_Nr_500104",-0.644572723864916,0.87793664378686,-0.734190477668911
"vm(ID, ginv)_Nr_501152",-0.219444056571315,0.89244169490017,-0.245891757215425
"vm(ID, ginv)_Nr_501636",0.192655755442417,0.886493959983502,0.217323257843745
"vm(ID, ginv)_Nr_502493",-0.159735527214308,0.881492007324014,-0.181210409041852
"vm(ID, ginv)_Nr_500602",-0.640665930851311,0.88445094599503,-0.724365702532598
"vm(ID, ginv)_Nr_504735",-0.13636732663399,0.87882834035607,-0.155169468680014
"vm(ID, ginv)_Nr_500941",0.0129644990638907,0.880783834296724,0.0147192745360074
"vm(ID, ginv)_Nr_504514",-0.644523759789459,0.889339613782083,-0.724721748363936
"vm(ID, ginv)_Nr_500651",-0.231730266558501,0.883259339509173,-0.262358127667547
"vm(ID, ginv)_Nr_504837",-0.412844975731555,0.88643666631781,-0.46573544554117
"vm(ID, ginv)_Nr_501499",-0.551899196330178,0.886349025665466,-0.6226657674902
"vm(ID, ginv)_Nr_501951",-0.843330258365998,0.879501993812011,-0.958872480448584
"vm(ID, ginv)_Nr_501247",-0.286697257210787,0.878440162505839,-0.326370843966144
"vm(ID, ginv)_Nr_504188",0.512672359607606,0.701340540334549,0.730989198718007
"vm(ID, ginv)_Nr_500615",-0.193677802541502,0.879924880407311,-0.220107201028172
"vm(ID, ginv)_Nr_502929",-0.324183707747996,0.878988373389018,-0.368814557237062
"vm(ID, ginv)_Nr_501329",-0.247258413492564,0.887463933273567,-0.278612351693558
"vm(ID, ginv)_Nr_500500",-0.749090128887706,0.870288992800326,-0.860737220721776
"vm(ID, ginv)_Nr_502887",-0.116403676471343,0.883873809270282,-0.131697166779323
"vm(ID, ginv)_Nr_500608",-0.0833377583692813,0.880340840689228,-0.0946653324683146
"vm(ID, ginv)_Nr_504923",-0.0842904789956547,0.884702787626015,-0.0952754757581778
"vm(ID, ginv)_Nr_502776",-0.389188668247281,0.883571362214973,-0.440472252599548
"vm(ID, ginv)_Nr_500007",-0.033379691238518,0.874886035974366,-0.0381531878050183
"vm(ID, ginv)_Nr_502044",-0.233032870475841,0.884966755226304,-0.263323869625192
"vm(ID, ginv)_Nr_504147",-0.0279356615729815,0.880901171570202,-0.0317125944141796
"vm(ID, ginv)_Nr_501273",-0.922589119006801,0.887496362025594,-1.03954129671147
"vm(ID, ginv)_Nr_501531",0.529658305998659,0.765617050116893,0.691805787133126
"vm(ID, ginv)_Nr_502095",0.366737975011085,0.719824357321417,0.5094825859683
"vm(ID, ginv)_Nr_502676",-0.0885073485681035,0.878598985880133,-0.100736911822681
"vm(ID, ginv)_Nr_500212",-0.146097741613938,0.877860839586927,-0.166424716795299
"vm(ID, ginv)_Nr_501661",-0.232086574007911,0.883873673944412,-0.262578896565831
"vm(ID, ginv)_Nr_500326",0.0623711494621885,0.888085469323314,0.0702310212436116
"vm(ID, ginv)_Nr_501029",-0.433759590109359,0.87644613855092,-0.494907297813554
"vm(ID, ginv)_Nr_503019",-0.126672130530845,0.87947159382644,-0.1440320886087
"vm(ID, ginv)_Nr_500268",-0.361682159060381,0.885176434090372,-0.408598947205428
"vm(ID, ginv)_Nr_502628",-0.297632078331475,0.88269196658037,-0.337186798566355
"vm(ID, ginv)_Nr_504407",-0.992844438665024,0.891174658787156,-1.11408513345323
"vm(ID, ginv)_Nr_503356",0.0808372850027264,0.888561027563455,0.0909755013950952
"vm(ID, ginv)_Nr_503992",-0.698023859715123,0.871791874083711,-0.800677180489638
"vm(ID, ginv)_Nr_502924",-0.612271986268237,0.876508505815856,-0.698535133664599
"vm(ID, ginv)_Nr_500045",-0.240257321897344,0.875094118270944,-0.274550264801296
"vm(ID, ginv)_Nr_500843",0.196672867867759,0.851474224871398,0.230979238270499
"vm(ID, ginv)_Nr_504384",-0.130835850798849,0.883955657538602,-0.148011780549225
"vm(ID, ginv)_Nr_503168",-0.338139858729103,0.876742113562343,-0.385677673626498
"vm(ID, ginv)_Nr_503638",-0.808139165191637,0.876203486235769,-0.922319047900002
"vm(ID, ginv)_Nr_502405",-0.222794033518315,0.88460592241216,-0.251856818808986
"vm(ID, ginv)_Nr_502804",-0.183658440401131,0.881788803134031,-0.20827939723024
"vm(ID, ginv)_Nr_503165",-0.0503723637952962,0.849276050340845,-0.0593121209235559
"vm(ID, ginv)_Nr_503743",-0.531171602286439,0.87918679175667,-0.604162400148352
"vm(ID, ginv)_Nr_503797",-0.683219073868914,0.898816171601572,-0.760132155445654
"vm(ID, ginv)_Nr_504788",-0.455635224490175,0.871651740491845,-0.522726225766583
"vm(ID, ginv)_Nr_502107",-0.891457427012932,0.878188189552866,-1.01510978810455
"vm(ID, ginv)_Nr_500663",-0.644570469812919,0.868706967948427,-0.741988373058826
"vm(ID, ginv)_Nr_502497",-0.454630828260074,0.878720785403072,-0.517378029303738
"vm(ID, ginv)_Nr_500672",0.0958594357115189,0.880826862862931,0.108828919454102
"vm(ID, ginv)_Nr_503921",-0.0842402147509633,0.880309181774733,-0.0956938953892679
"vm(ID, ginv)_Nr_503428",-0.361735679309334,0.877803845654041,-0.412091700327206
"vm(ID, ginv)_Nr_502775",-0.141802838048686,0.881061890521834,-0.16094537690729
"vm(ID, ginv)_Nr_500229",-0.60245228362287,0.877876361402311,-0.686260970349535
"vm(ID, ginv)_Nr_503920",-0.298824178092167,0.875731644318158,-0.341228023482959
"vm(ID, ginv)_Nr_500701",0.532178375649736,0.873000055673043,0.609597184091187
"vm(ID, ginv)_Nr_500485",-0.0285769450329413,0.875428595300668,-0.0326433762688852
"vm(ID, ginv)_Nr_500169",-0.505440418661927,0.880226534959867,-0.574216293860048
"vm(ID, ginv)_Nr_500697",0.349280881497471,0.874941067950681,0.399205037106749
"vm(ID, ginv)_Nr_502492",-0.630287586190077,0.875796899765238,-0.719673232868293
"vm(ID, ginv)_Nr_504803",-0.497380762723177,0.881281521885217,-0.564383514656237
"vm(ID, ginv)_Nr_502065",-0.810091872282819,0.883379871932836,-0.917036824158486
"vm(ID, ginv)_Nr_504591",-0.160144585085513,0.879619674404541,-0.182061167735843
"vm(ID, ginv)_Nr_502885",-0.15055693468548,0.877985000078573,-0.171480076165318
"vm(ID, ginv)_Nr_504348",-0.295928106469993,0.870609587919742,-0.339909082757855
"vm(ID, ginv)_Nr_502584",-0.31842905762233,0.874525182978232,-0.36411651010198
"vm(ID, ginv)_Nr_500537",-0.391118194904531,0.870850490795106,-0.449122092757198
"vm(ID, ginv)_Nr_501683",-0.598292656052925,0.880117050598221,-0.679787598304409
"vm(ID, ginv)_Nr_503862",-0.640933316882986,0.881935839969432,-0.726734630611225
"vm(ID, ginv)_Nr_500410",-0.587324915734299,0.873987615619547,-0.672005993263371
"vm(ID, ginv)_Nr_503252",0.146373515893134,0.866380332048897,0.168948336519801
"vm(ID, ginv)_Nr_502341",0.11235253992432,0.882048786586428,0.127376786446393
"vm(ID, ginv)_Nr_502031",-0.128653068540995,0.876411217323206,-0.146795323927888
"vm(ID, ginv)_Nr_501141",-0.738897250854984,0.874326337986446,-0.845104646574697
"vm(ID, ginv)_Nr_503574",-0.267032848930728,0.882206237941517,-0.302687554730746
"vm(ID, ginv)_Nr_504499",-0.407660049415056,0.877819003261633,-0.46440103016721
"vm(ID, ginv)_Nr_504321",-0.508104845821526,0.887219475865981,-0.57269352132468
"vm(ID, ginv)_Nr_500056",0.309947269205664,0.879498113112628,0.352413796669479
"vm(ID, ginv)_Nr_503463",-0.345507528607002,0.879964411739528,-0.392638070355592
"vm(ID, ginv)_Nr_504160",-0.899065041898472,0.872976809956385,-1.02988422102918
"vm(ID, ginv)_Nr_502610",-0.0354992192033331,0.883158591356228,-0.040195746891641
"vm(ID, ginv)_Nr_503370",-0.7511277329953,0.884044316442202,-0.849649411262754
"vm(ID, ginv)_Nr_500680",-0.989208965045015,0.893735991999813,-1.10682458119603
"vm(ID, ginv)_Nr_504320",-0.654270539224819,0.870670695247628,-0.75145579470633
"vm(ID, ginv)_Nr_501783",-0.365591746467931,0.882256130215655,-0.414382778364563
"vm(ID, ginv)_Nr_502548",0.0820874194791666,0.879486958403501,0.0933355733076211
"vm(ID, ginv)_Nr_503253",-0.66864323302767,0.885779890464579,-0.754863866549258
"vm(ID, ginv)_Nr_503886",0.390086856256101,0.883240163346887,0.441654345493002
"vm(ID, ginv)_Nr_501986",-0.955028107195988,0.890305545381332,-1.07269702199477
"vm(ID, ginv)_Nr_502402",-0.568955886254111,0.880483186255434,-0.646185975082383
"vm(ID, ginv)_Nr_504796",-1.19810050622855,0.873255725531226,-1.37199272927723
"vm(ID, ginv)_Nr_500067",-0.664014296802819,0.885638143036647,-0.74975801575807
"vm(ID, ginv)_Nr_500870",-0.368117278915839,0.878838616529763,-0.418867892229645
"vm(ID, ginv)_Nr_500946",-0.241774797945646,0.886847042946716,-0.272622883357996
"vm(ID, ginv)_Nr_502630",-0.438289347906194,0.881000391256445,-0.497490525834074
"vm(ID, ginv)_Nr_500290",-0.280616969943954,0.879411953181895,-0.319096151614296
"vm(ID, ginv)_Nr_500777",-0.252798942181067,0.88273967248045,-0.286379948768718
"vm(ID, ginv)_Nr_504675",-0.541025939411722,0.873053812459728,-0.619693690916307
"vm(ID, ginv)_Nr_503826",0.00318891388018291,0.885863476496169,0.00359978028758555
"vm(ID, ginv)_Nr_504946",-0.549678572150276,0.87510922559512,-0.628125673999683
"vm(ID, ginv)_Nr_501505",-0.015772807716706,0.892812117016149,-0.0176664355423625
"vm(ID, ginv)_Nr_501481",-0.174059336933556,0.875842904261495,-0.198733512695775
"vm(ID, ginv)_Nr_501401",-0.990834999543774,0.880598682673409,-1.12518337699041
"vm(ID, ginv)_Nr_501012",-0.513093070180407,0.872735270439754,-0.587913755246617
"vm(ID, ginv)_Nr_502624",-0.683612096229997,0.882859132942358,-0.774316162932677
"vm(ID, ginv)_Nr_504576",-0.22831856698601,0.880463849372102,-0.259316231039848
"vm(ID, ginv)_Nr_504345",0.208401576140367,0.877006102765629,0.237628421835577
"vm(ID, ginv)_Nr_500476",0.0385771522518189,0.883736826199595,0.0436523081398739
"vm(ID, ginv)_Nr_501316",0.20556272931982,0.882106397205078,0.233036207390784
"vm(ID, ginv)_Nr_503889",-0.694902050954584,0.885023263168896,-0.785179418297358
"vm(ID, ginv)_Nr_501553",-0.515918555685896,0.88425460806361,-0.583450231393968
"vm(ID, ginv)_Nr_500092",-0.361529791389841,0.881889503811398,-0.40994908072651
"vm(ID, ginv)_Nr_504048",-0.364031277052626,0.891214621695931,-0.408466454870203
"vm(ID, ginv)_Nr_502661",-0.561886724586945,0.876805160611605,-0.640834189656237
"vm(ID, ginv)_Nr_504900",-0.877879604332103,0.883975687482748,-0.993103788670925
"vm(ID, ginv)_Nr_502968",-0.833392528820315,0.882678944604432,-0.944162692352196
"vm(ID, ginv)_Nr_500751",-0.469057330338556,0.88014641779543,-0.532931022446742
"vm(ID, ginv)_Nr_503806",-0.0925396454036066,0.886007718966699,-0.104445642427958
"vm(ID, ginv)_Nr_504252",-0.350959959163194,0.880398037019209,-0.39863782562652
"vm(ID, ginv)_Nr_502541",-0.383916502567598,0.880155253458154,-0.436191798048332
"vm(ID, ginv)_Nr_502329",-0.509580142772045,0.884416826136952,-0.576176444989001
"vm(ID, ginv)_Nr_501232",-0.0159520598438252,0.883435425485773,-0.0180568487335151
"vm(ID, ginv)_Nr_500012",-0.356973772456652,0.880319829672883,-0.405504636410723
"vm(ID, ginv)_Nr_503495",-0.580520416415507,0.87567749963981,-0.662938600859667
"vm(ID, ginv)_Nr_500728",-0.164318242600016,0.887420174096509,-0.18516397011969
"vm(ID, ginv)_Nr_502202",-0.571901584083508,0.870323260977899,-0.657113982499924
"vm(ID, ginv)_Nr_502230",0.131324517562088,0.863525571705665,0.152079477279047
"vm(ID, ginv)_Nr_503080",0.00748455795406501,0.879299315532942,0.00851195698876284
"vm(ID, ginv)_Nr_503811",-0.429373443408582,0.871515555986652,-0.492674445635665
"vm(ID, ginv)_Nr_501130",-0.372320111789329,0.87116390106354,-0.427382391918203
"vm(ID, ginv)_Nr_500786",0.155998248605093,0.886831435321879,0.175905186027232
"vm(ID, ginv)_Nr_500034",0.25767471164918,0.884418139991768,0.291349419463037
"vm(ID, ginv)_Nr_501787",-0.551150958936936,0.891458363921386,-0.61825765649055
"vm(ID, ginv)_Nr_500131",-0.301303481114896,0.885214740032973,-0.340373321284362
"vm(ID, ginv)_Nr_501885",-0.164962363034269,0.882904583262544,-0.186840533123855
"vm(ID, ginv)_Nr_502751",-0.458198579738858,0.881874833729554,-0.519573257126617
"vm(ID, ginv)_Nr_504646",-0.0862432402720291,0.879777562464982,-0.0980284607740969
"vm(ID, ginv)_Nr_502831",-0.227249082965871,0.880159294041617,-0.258190857614378
"vm(ID, ginv)_Nr_504974",-0.217210169644359,0.878249445163606,-0.247321727147685
"vm(ID, ginv)_Nr_500661",-0.902296620608582,0.87257091819948,-1.03406680395725
"vm(ID, ginv)_Nr_502472",-0.725567595216443,0.877442118520353,-0.826912202983806
"vm(ID, ginv)_Nr_502955",-0.445803829040654,0.880349625603461,-0.506394068987153
"vm(ID, ginv)_Nr_503246",0.345696152161047,0.733717411535342,0.471157078632848
"vm(ID, ginv)_Nr_504172",-0.421980631703039,0.869874376565189,-0.48510525550745
"vm(ID, ginv)_Nr_502143",-0.678853670218557,0.863155070234601,-0.786479386646073
"vm(ID, ginv)_Nr_500986",-0.122085340355848,0.886723650692143,-0.137681385018379
"vm(ID, ginv)_Nr_500051",0.43229389992944,0.70377110706699,0.614253548616186
"vm(ID, ginv)_Nr_504356",-0.304276846695895,0.878374413828147,-0.346409050520712
"vm(ID, ginv)_Nr_504421",0.143539183572269,0.880072604538101,0.163099252075463
"vm(ID, ginv)_Nr_504216",-0.016153371197629,0.879639861001348,-0.018363618923818
"vm(ID, ginv)_Nr_504887",-0.453815560637041,0.873852348852033,-0.519327505651511
"vm(ID, ginv)_Nr_500461",-0.849349052799354,0.886491301167146,-0.95810195958055
"vm(ID, ginv)_Nr_504969",-0.829439707953766,0.880133285133297,-0.94240238605241
"vm(ID, ginv)_Nr_500359",-0.310263744386427,0.880257219836517,-0.352469411661343
"vm(ID, ginv)_Nr_502332",-0.281090663206215,0.885907547616195,-0.317291193604317
"vm(ID, ginv)_Nr_500004",-0.104625027993253,0.886674381650599,-0.11799712516616
"vm(ID, ginv)_Nr_504468",0.101500259434295,0.882754790913702,0.114981261477196
