"","Np2_501553","Np2_504097","Np2_501412","Np2_503508","Np2_500230","Np2_502143","Np2_502924","Np2_503899","Np2_500909","Np2_501738","Np2_503336","Np2_503934","Np2_504790","Np2_501937","Np2_504793","Np2_502119","Np2_503868","Np2_503048","Np2_501423","Np2_504965","Np2_501915","Np2_502555","Np2_501092","Np2_500650","Np2_504827","Np2_502362","Np2_502669","Np2_502954","Np2_500692","Np2_500827","Np2_502479","Np2_504065","Np2_501565","Np2_504856","Np2_501373","Np2_502200","Np2_503188","Np2_502521","Np2_500834","Np2_504596","Np2_500303","Np2_500111","Np2_504181","Np2_503742","Np2_504092","Np2_504032","Np2_501227","Np2_503355","Np2_504465","Np2_502000","Np2_503509","Np2_503649","Np2_501820","Np2_500743","Np2_503007","Np2_504949","Np2_502788","Np2_502380","Np2_500831","Np2_501397","Np2_504750","Np2_502993","Np2_501934","Np2_504242","Np2_503096","Np2_500835","Np2_500468","Np2_504741","Np2_503705","Np2_500558","Np2_502667","Np2_504327","Np2_504015","Np2_501564","Np2_500339","Np2_504860","Np2_500645","Np2_501834","Np2_500557","Np2_503606","Np2_502851","Np2_500321","Np2_500154","Np2_500343","Np2_504224","Np2_501402","Np2_500576","Np2_501210","Np2_500283","Np2_502011","Np2_501515","Np2_502169","Np2_502711","Np2_502343","Np2_504715","Np2_503139","Np2_500183","Np2_502809","Np2_500100","Np2_502545"
"Np2_501553",0.99253151,0.00634706,-0.00563881,-0.02045286,0.0165701,-0.01740126,-0.02499368,-0.01634355,-0.0024216,-0.02894336,-0.01467647,-0.01220998,-0.0088393,-0.00734846,0.00105851,-0.01028298,-0.00118456,-0.01395612,-0.01663841,0.00494741,-0.01102462,-0.00690927,-0.01594845,-0.01205045,0.00621029,-0.00191707,-0.00674971,0.02000153,-0.02403625,-0.01004291,-0.0107769,-0.03532617,-0.02050754,-0.01653809,-0.01493934,-0.02705589,-0.00578622,-0.00445344,-0.02103488,-0.01457007,0.00534862,-0.01666119,-0.01646059,-0.02907106,-0.02005163,0.04043843,-0.01979328,-0.01248352,-0.03385202,-0.01161121,-0.00578622,0.01686641,-0.00216477,-0.01735263,0.00403864,-0.03037647,-0.0243706,-0.0301789,-0.00911436,-0.01592413,-0.00664636,-0.01393788,0.00918284,-0.0223069,-0.03356783,-0.02239802,-0.02210777,-0.02608182,-0.0152889,-0.00248087,-0.01521749,-0.02274606,-0.02004557,-0.009666,0.0103074,0.00643521,0.073995,-0.01542718,0.0018685,-0.02408489,-0.01195314,-0.0053607,-0.02327491,0.00090806,-0.01920365,-0.03731237,-0.01476458,-0.02817897,-0.002645,-0.00322553,0.00543068,0.00396265,0.04180017,-0.01488009,0.00694278,-0.00787279,-0.01922793,0.00437449,-0.01563235,-0.0343475
"Np2_504097",0.00634706,0.99577194,-0.00538653,-0.00242009,-0.01569924,-0.00225595,-0.00984837,-0.02308189,-0.00991979,-0.00528775,-0.01928725,-0.00466316,-0.01892099,0.00035033,-0.02543594,-0.01626148,-0.00670716,-0.00899279,0.01066454,-0.00300668,-0.01244402,-0.01395156,-0.00688192,-0.01316592,0.00190346,-0.00637588,-0.0031541,-0.00922832,-0.00980276,0.00145515,-0.01417192,-0.01136657,0.00086855,-0.03543405,-0.0125595,0.00890927,-0.00431819,-0.01316739,-0.02898899,-0.01872493,-0.00929216,0.00228339,-0.01544847,-0.0186368,-0.00733783,-0.00672386,-0.00966296,-0.00098549,-0.00366168,0.03149654,-0.0138923,-0.01114771,-0.01847723,-0.00859005,-0.00467532,0.01394708,-0.02427031,-0.00135629,-0.01478892,-0.01688763,-0.00609016,-0.02797079,-0.00758554,-0.00321033,-0.01082401,-0.03323954,0.00200377,-0.01701529,-0.01275709,-0.0037483,-0.02058812,-0.00228179,-0.02526423,-0.01093343,-0.03077615,-0.02963335,-0.01602293,-0.00332126,-0.02386604,-0.01410656,-0.02188286,0.03136436,-0.00949732,-0.01540442,-0.01773563,-0.00377869,-0.01329657,-0.00984229,0.00718138,-0.02272937,-0.01088177,-0.02359558,0.01302617,-0.00885296,-0.02699815,-0.01157174,-0.00332278,-0.01254583,-0.00990917,-0.01631472
"Np2_501412",-0.00563881,-0.00538653,0.99216369,-0.0055917,-0.02267011,0.00703396,0.00795186,0.00459636,-0.00944412,0.00385019,0.00307212,-0.01269781,0.00115881,-0.00798826,-0.01736176,-0.02748748,-0.01550166,0.02020522,-0.01195925,-0.01423268,-0.00710531,-0.02973666,-0.0102055,-0.00235626,-0.00491543,-0.00407656,-0.02228255,-0.0210622,-0.01707756,0.00025914,-0.01020094,0.00582582,-0.00807792,-0.03419853,0.00736829,-0.04091706,-0.001411,-0.01557915,-0.01331632,-0.0190091,-0.006233,-0.01593324,-0.008894,-0.0122343,-0.02601037,-0.0243326,-0.02073701,0.00085791,-0.00713722,-0.00130918,-0.00384252,-0.01811856,-0.02043308,0.01164168,-0.0019201,-0.01992245,0.00355994,-0.00969488,0.00757043,0.00516778,-0.01503662,0.00365871,-0.00665397,0.00228035,-0.02296184,-0.0040416,-0.00147179,-0.02611373,-0.0204878,-0.02789177,0.01058552,-0.00940462,-0.01415065,-0.01577671,-5.847e-05,-0.00134717,-0.01387558,-0.03035215,-0.00697765,-0.00223316,0.00123631,-0.02727628,-0.01844378,-0.00155537,-0.01133312,-0.01986774,-0.01069332,-0.00967056,-0.0037407,-0.01131185,-0.01602899,-0.00594731,-0.01719613,-0.01795139,-0.01375702,-0.02370961,0.01949244,-0.01571743,-0.02387064,-0.02495726
"Np2_503508",-0.02045286,-0.00242009,-0.0055917,1.0140564,-0.00481058,0.00924057,-0.02555449,-0.02951785,0.00279249,0.00347331,-0.02131608,-0.00046119,-0.01152767,-0.01976291,-0.01576306,-0.02011394,-0.00220125,-0.01284524,-0.00732113,-0.01172215,-0.01234526,-0.00275898,0.00780599,0.00608114,-0.01228295,-4.632e-05,-0.01095777,-0.0033547,-0.0173025,-0.01531478,-0.01680862,-0.03299955,0.01266903,-0.01345161,0.00364807,-0.02123397,0.00109954,0.00091262,-0.01673264,-0.02257738,-0.02423841,-0.00962347,-0.00167239,-0.02704838,-0.00541542,-0.00373766,-0.02567303,-0.01699552,0.00829077,-0.00928457,-0.02883859,-0.01849547,-0.00606889,-0.01183463,0.00119833,-0.00798979,-0.00395954,-0.02055771,-0.02228866,-0.00964626,-0.00857487,-0.02589643,-0.00703087,0.00767834,0.01252618,-0.01171305,-0.00519201,-0.00627862,0.01332859,0.00379701,-0.01395463,-0.01996352,0.00127735,-0.00688345,-0.0042346,-0.00977849,-0.02534631,-0.02328254,-0.01647274,-0.00868884,0.00587444,0.00380461,-0.00286384,-0.01728128,-0.00274379,-0.00823902,-0.01669311,-0.03299494,-0.02341782,-0.01305649,-0.01822954,-0.02045743,-0.00982256,0.00857039,-0.02629152,-0.03046929,-0.00398385,-0.01761405,-0.00525129,-0.00907335
"Np2_500230",0.0165701,-0.01569924,-0.02267011,-0.00481058,1.01652472,-0.03276089,-0.01239084,-0.00176509,0.00820566,-0.00615854,-0.02228565,0.0426406,-0.0234391,-0.01662929,0.0223237,-0.00968576,0.08892314,-0.00135325,-0.02075227,-0.01816264,-0.03018352,-0.00767977,-0.00395346,-0.02148329,-0.02252271,-0.00116786,0.01010834,-0.04110098,-0.00550659,-0.00959765,-0.00714028,-0.02545878,-0.01033621,0.0229635,-0.02695563,-0.01308534,0.00879228,-0.02270051,0.0098044,-0.02126741,-0.0180654,-0.00861743,-0.00811289,-0.01479654,-0.00653696,-0.01960029,-0.0210197,-0.00292007,-0.02109722,-0.02028416,-0.00138973,-0.00806729,-0.01220544,-0.00748524,0.00691545,-0.0138224,-0.00067395,-0.03049352,0.00424837,2.208e-05,-0.00711292,-0.01622809,-0.00952014,-0.01274344,-0.01807757,-0.01359443,0.00599602,-0.02366098,-0.00861288,-0.03182177,-0.01629194,-0.01181488,-0.01929639,-0.0262414,0.00877707,-0.01652292,-0.00488808,-0.00479994,-0.02701641,-0.03442953,-0.01181183,-0.02239201,-0.00292159,-0.02174617,0.03473512,-0.00419358,-0.01811859,-0.01390447,-0.00995022,-0.02025684,-0.02527792,-0.01945138,-0.01428745,-0.01641045,-0.01039243,-0.01715363,-0.00206599,-0.03150107,-0.0091083,-0.02660769
"Np2_502143",-0.01740126,-0.00225595,0.00703396,0.00924057,-0.03276089,0.97669106,-0.01581621,-0.01020548,0.00158888,-0.02037376,-0.02525509,-0.01686177,-0.02002579,-0.00804903,0.00263748,0.01439535,-0.01966562,-0.01556851,-0.00837274,-0.0259951,-0.01142124,-0.00396257,-0.01543325,-0.01837393,-0.00406439,-0.01431935,0.00090806,-0.02750568,-0.01789818,-0.00132134,-0.00509475,-0.01125561,-0.01026628,-0.01374335,-0.01108081,-0.01286342,0.01828429,0.01536191,-0.01824014,-0.01435881,-0.00735757,-0.0100672,0.00988947,-0.00728007,0.01997571,-0.02120199,-0.00225747,-0.01743923,-0.00643816,-0.00775269,0.01782838,-0.01422812,-0.01456703,-0.00027274,-0.01353059,0.0025083,-0.00865844,-0.0135549,-0.00343219,-0.00674666,-0.00841072,0.00116641,-0.00534702,-0.02498306,-0.02970928,-0.02431433,-0.0129303,-0.01599251,-0.01006265,-0.00333342,-0.00224076,-0.0225348,-0.00752475,-0.00383188,-0.01926744,-0.02800268,-0.01439227,-0.01217654,-0.01554872,-0.0185547,0.00299916,0.00442464,-0.0157691,0.00248703,-0.01048208,-0.01050639,-0.00102803,-0.02371255,0.0003017,-0.01030883,-0.02763946,-0.00600808,-0.01452145,-0.00934989,0.00776189,-0.01404428,-0.02068834,-0.03067123,-0.01025413,-0.01331633
"Np2_502924",-0.02499368,-0.00984837,0.00795186,-0.02555449,-0.01239084,-0.01581621,0.98536668,-0.01703804,0.00098708,-0.03738829,-0.00716459,-0.02308646,0.00064819,-0.00272402,6.007e-05,-0.0014034,0.00906276,-0.01252304,0.0024232,-0.02902843,0.00362984,-0.01368256,-0.02348159,0.00792302,-0.01439227,-0.00929826,-0.01960179,-0.00516009,0.01630106,-0.028062,0.0111721,-0.00228331,-0.02287371,-0.01647274,-0.02216853,-0.00176357,0.00111778,-0.0159378,-0.0165624,0.00981045,-0.00719953,-0.01188476,-0.00423764,-0.00089126,-0.02393749,-0.02210774,0.00306755,-0.01560953,-0.0123589,0.00532278,-0.01225557,-0.0254678,0.00033209,-0.00178637,-0.02401045,-0.00827548,-0.015491,-0.02798596,-0.01072068,-0.02072181,-0.02162602,0.00709931,-0.01704263,0.02851647,-0.02164881,-0.01473418,-0.00608559,-0.0152266,0.00225299,-0.00971008,-0.03080505,0.01318419,0.00448695,-0.01309595,-0.01500622,-0.01112795,-0.01985712,-0.00442,-0.01721432,-8.32e-06,-0.0188784,-0.00347171,-0.02168986,-0.00191402,-0.01108388,-0.01581926,0.0001938,-0.02188285,-0.00349147,0.00580606,-0.0169955,0.00372406,0.00356906,-0.01527064,-0.02672914,-0.00871925,-0.01217198,-0.02017926,-0.01906231,-0.00996691
"Np2_503899",-0.01634355,-0.02308189,0.00459636,-0.02951785,-0.00176509,-0.01020548,-0.01703804,0.97804681,-0.00951097,-0.0115656,-0.02085404,-0.02841756,-0.01881611,-0.00486375,-0.00815846,-0.01266131,-0.03137337,0.02834471,0.00241104,-0.02478543,-0.01279506,-0.02752396,0.00127735,-0.01260513,-0.01242881,-0.02906654,-0.00122559,-0.00775572,-0.00179548,-0.02397095,-0.00631658,-0.02053185,-0.02091024,-0.02104398,0.00015885,-0.02168374,-0.01378743,-0.00759161,0.00196577,0.00447934,-0.0135944,-0.01417646,-0.01078449,0.10729912,-0.01984646,-0.01801671,-0.01244552,-0.03112258,-0.01844984,-0.00395953,-0.01515515,0.00643368,-0.01685265,0.00686375,-0.03162108,-0.0149743,0.00136549,0.08157206,-0.02516995,0.00434106,-0.01236801,-0.01251694,-0.01811857,-0.02605294,0.01238026,-0.02462435,-0.0038182,-0.02496482,-0.013716,-0.00607496,-0.01379655,0.0137799,-0.02075221,0.00102508,-0.00255685,-0.00460541,0.0004947,-0.01871732,-0.01388314,0.00529846,-0.02147402,-0.01366584,-0.01896655,-0.02031456,-0.00243376,-0.01643929,-0.01106412,-0.00882561,-0.02234789,-0.02262448,-0.0046981,-0.00358264,-0.02622922,-0.00388507,-0.0097207,-0.01268263,-0.00868882,-0.01593626,-0.02241778,-0.00997907
"Np2_500909",-0.0024216,-0.00991979,-0.00944412,0.00279249,0.00820566,0.00158888,0.00098708,-0.00951097,0.97686433,-0.00539412,0.00507355,-0.01327984,-0.02069902,-0.02467907,-0.00168302,-0.00071497,-0.0169955,-0.01153068,-0.0195319,-0.00843199,-0.00069675,-0.02120049,-0.00516466,-0.03287645,-0.01157626,0.01707313,-0.00478017,0.00586226,-0.00945323,0.02475216,-0.00743964,-0.00402641,-0.02370496,-0.02368674,-0.00689102,-0.01748786,-0.00366471,-0.01616119,-0.00569199,-0.02354233,-0.00620716,-0.00602936,-0.01920211,-0.02315029,-0.00865996,-0.00014357,0.01226627,0.00969798,-0.02473988,-0.00842591,-0.00244896,-0.01003832,-0.02694192,-0.00535309,-0.00083048,-0.02536751,-0.00750802,-0.02516994,-0.01519922,-0.01623413,-0.03507077,0.00064515,-0.00617222,-0.01471446,-0.03220614,-0.02316392,-0.01953035,-0.00754755,-0.00739254,-0.01813983,-0.01993462,-0.01560954,-0.01184526,-0.01392722,0.01151707,-0.0191018,-0.0235758,-0.01528127,-0.02503618,-0.00539868,-0.03429874,-0.02253936,0.0030098,0.01260367,0.02486154,-0.01300325,-0.01066747,0.00038529,-0.02468671,-0.00019221,0.02259719,-0.01443177,0.00577718,-0.01929327,-0.00750042,-0.02307587,-0.01908202,-0.00748522,-0.00986356,-0.00943046
"Np2_501738",-0.02894336,-0.00528775,0.00385019,0.00347331,-0.00615854,-0.02037376,-0.03738829,-0.0115656,-0.00539412,0.97427441,-0.01141822,-0.02399675,0.01812625,0.00700356,-0.02638115,-0.01477519,-0.00886815,0.01574488,-0.02143456,-0.0045598,-0.00746243,-0.01018573,-0.01314611,-0.01563086,0.0035417,-0.00990462,-0.01215374,-0.01366885,-0.01637087,-0.00465708,-0.00539109,-0.01550317,0.00113905,0.00267698,-0.01380866,0.0005175,0.00415869,-0.00469051,-0.00136389,-0.01921424,0.00070442,0.00088223,-0.00879521,-0.00970399,0.01572815,-0.00690926,0.00519665,-0.02427026,-0.01965193,-0.01549554,-0.00906268,-0.0133087,-0.02565321,-0.01409438,-0.03692634,-0.01830395,-0.00621932,-0.01947411,-0.01436642,-0.00780285,-0.01828115,-0.00460084,-0.01536944,-0.00385164,-0.01951971,-0.01686021,-0.00881952,-0.00078792,-0.01096686,-0.0170031,-0.01180726,-0.02085553,-0.0193708,-0.0171976,-0.00527863,-0.01416582,-0.01164921,-0.00487438,-0.00535916,-0.00654149,-0.01279808,-0.01258837,-0.00846695,-0.02212451,-0.02475964,0.00652182,-0.01849694,0.00942444,-0.01929481,-0.00680593,0.00048254,-0.01587851,-0.00478777,-0.01618093,-0.02247246,0.00055245,0.00120288,-0.00118152,0.01270092,-0.01574025
"Np2_503336",-0.01467647,-0.01928725,0.00307212,-0.02131608,-0.02228565,-0.02525509,-0.00716459,-0.02085404,0.00507355,-0.01141822,1.01269152,-0.00121952,0.01552456,0.00136246,-0.0108985,-0.0146415,-0.01542113,-0.03016833,0.00711757,-0.00928912,-0.010976,-0.01293945,-0.02562593,-0.00485922,-0.01395311,-0.01797731,0.00165728,-0.01718243,-0.02687509,-0.01820069,-0.02470955,-0.02783104,0.00446416,-0.00980279,0.00684096,-0.01044257,-0.00801715,-0.00501269,-0.01733899,-0.01786479,0.00038225,-0.02329926,-0.01094105,-0.00440329,-0.01909121,-0.01209449,0.00350675,-0.00438049,-0.02286159,-0.00062076,-0.00209031,-0.02259714,-0.00059644,-0.03189314,0.00104788,-0.00722842,-0.01748335,-0.01964437,-0.0011633,-0.01116445,-0.00568592,-0.00218757,-0.00672541,-0.01389993,0.00037009,-0.00958394,0.00240801,-0.01372363,-0.00460238,-0.0107906,2.816e-05,0.00739263,-0.01543786,-0.00019524,-0.01836631,-0.02877324,0.00383349,-0.01081947,-0.01464758,-0.00868732,-0.00400209,-0.01610195,-0.01395613,-0.00557803,-0.0127723,-0.00185475,-0.02884919,0.00059196,-0.02888723,-0.00044143,-0.01518862,0.00264357,-0.00617375,-0.02197406,-0.01580408,-0.00569657,-0.01659584,-0.01107782,-0.0096569,0.01721904
"Np2_503934",-0.01220998,-0.00466316,-0.01269781,-0.00046119,0.0426406,-0.01686177,-0.02308646,-0.02841756,-0.01327984,-0.02399675,-0.00121952,0.99756239,0.00340189,0.00352498,-0.02256523,-0.00214501,-0.0167539,0.01971284,-0.01533907,-0.01198961,-0.02370651,-0.01457616,-0.01054592,0.00125455,-0.01209449,0.01716282,-0.01502447,0.00230466,-0.00419661,0.01253227,0.00116033,-0.00378477,-0.00750652,0.01074812,0.00034121,-0.02089353,-0.003879,-0.01500776,-0.00909765,-0.01600619,-0.00702933,-0.01201851,-0.01470534,-0.02108505,0.0066267,-0.00491694,-0.02305304,-0.02136616,-0.01963524,-0.01851824,-0.03244937,-0.01906685,-0.01059151,0.00446263,-0.00469203,-0.00916906,-0.00179549,-0.00380453,-0.03045855,0.01470542,-0.01340143,-0.0168937,-0.02021578,-0.02222333,0.02000916,-0.01380413,-0.01488162,-0.01262488,-0.02827476,0.00520122,-0.02166862,-0.00093078,-0.01783441,-0.00684696,-0.02015498,-0.01475701,-0.01451994,-0.01306406,-0.02904973,-0.02126586,-0.00974199,-0.00573303,-0.02516694,-0.00432731,-0.04267544,-0.0124577,-0.02197556,-0.01441811,0.0024536,-0.01195621,-0.01758517,-0.00917514,0.01741658,-0.01236499,-0.02397548,-0.02177048,-0.01610496,-0.00177269,-0.01357316,0.01375866
"Np2_504790",-0.0088393,-0.01892099,0.00115881,-0.01152767,-0.0234391,-0.02002579,0.00064819,-0.01881611,-0.02069902,0.01812625,0.01552456,0.00340189,1.00749649,-0.02623379,-0.03196003,-0.00424523,-0.00654456,-0.0108058,-0.00588957,-0.00755514,0.00838651,0.00672699,-0.01249419,-0.00783632,-0.00811592,-0.02125836,0.00232747,0.00050838,-0.02270958,-0.01829035,-0.0130975,-0.00147787,-0.02343603,0.00378485,-0.01270084,0.00329702,-0.0050674,-0.02789787,-0.0090703,-0.0091402,-0.00365864,-0.01731011,-0.00738343,-0.02896016,-0.01173433,-0.00792899,-0.01010825,-0.0158679,0.00151595,0.0032408,-0.02315186,-0.00733783,-0.00494127,-0.00326047,-0.01591047,-0.00853383,0.00932568,-0.00316929,-0.01736178,-0.00806273,-0.01778122,-0.0262885,-0.01380569,-0.01520535,-0.0117252,-0.01909573,-0.01713382,-0.01685269,-0.00423613,0.00097341,-0.00598834,-0.0101736,-0.0089928,0.00518602,-0.02954978,-0.00166023,-0.01023743,-0.0095414,-0.00364344,-0.02458186,-0.01533753,-0.00889705,-0.02088445,-0.02420807,-0.00131223,-0.00939095,-0.00523153,-0.02092547,-0.00162224,-0.01648797,-0.0181657,0.00057828,-0.00930282,-0.02358342,-0.02516389,0.0048517,-0.00893503,0.00813271,-0.01932068,-0.0137206
"Np2_501937",-0.00734846,0.00035033,-0.00798826,-0.01976291,-0.01662929,-0.00804903,-0.00272402,-0.00486375,-0.02467907,0.00700356,0.00136246,0.00352498,-0.02623379,0.98631206,-0.01846354,-0.02418212,-0.01508373,-0.02056073,-0.00257509,1.448e-05,-0.00455981,0.01034538,0.00996851,-0.00239425,-0.00525736,0.00439578,-0.02505599,0.00595041,-0.00100676,-0.00297021,-0.0154059,-0.005306,-0.01510652,-0.01007329,-0.01835257,-0.00919336,-0.01786174,-0.01212184,0.01141678,0.0016208,-0.01706084,-0.00730895,-0.00665244,-0.03354809,-0.01313092,-0.02801784,-0.01028907,0.00249159,-0.0380251,-0.00408262,-0.00555218,-0.02058806,-0.00451423,0.01099581,0.00062539,0.00085943,-0.02778384,-0.00426195,-0.01556699,-0.03225481,-0.02525658,-0.01704717,-0.01930547,0.00421797,-0.00962649,-0.01623715,0.03861024,-0.0332943,-0.02158958,-0.01060518,-0.02060634,-0.01476155,-0.00537438,-0.0062406,-0.00830283,0.00879682,-0.02941451,-0.01002617,-0.00762351,-0.01245312,0.00241408,-0.03339306,-0.00389267,-0.02028569,-0.01441051,-0.01534664,-0.02015343,-0.02095432,0.00427571,0.00171958,-0.00755667,-0.01814288,-0.00614031,-0.01039089,-0.00634849,-0.01675696,0.00152202,-0.00815694,-0.01524634,-0.00797459
"Np2_504793",0.00105851,-0.02543594,-0.01736176,-0.01576306,0.0223237,0.00263748,6.007e-05,-0.00815846,-0.00168302,-0.02638115,-0.0108985,-0.02256523,-0.03196003,-0.01846354,0.99552876,-0.01775079,0.00274538,-0.02811062,-0.02562592,0.00887735,-0.00861438,-0.00100373,-0.01399411,-0.02164587,-0.02830818,-0.01531174,-0.00859462,0.00432738,-0.0242095,0.01379514,-0.01322971,-0.0244056,-0.00761137,-0.02157439,0.00555529,-0.00838489,-0.01173432,-0.02499066,-0.01999238,-0.01839059,-0.00850191,-0.00543669,-0.00462821,-0.02650886,-0.02250443,-0.00669347,-0.0079609,-0.00521024,-0.01198963,-0.01786325,-0.02343602,-0.02297096,-0.02087835,-0.01327073,-0.01801828,-0.02067166,0.00159496,-0.01758668,-0.01475852,-0.00242009,-0.01912917,0.0231215,0.01037732,-0.00302797,-0.00380301,0.01785268,0.00051446,-0.01987232,-0.02397248,-0.01678733,-0.01067966,-0.01714446,-0.02751339,-0.01622198,-0.01843619,-0.02504386,-0.01371298,-0.00754603,-0.01517338,-0.01118874,-0.01075867,-0.01161274,-0.00156449,-0.0073196,0.12089144,-0.00481209,-0.01189844,-0.02592071,0.00721178,-0.01099728,-0.02498458,-0.02523685,-0.01536186,0.00500669,-0.00295653,0.03420173,-0.01924921,-0.01023589,-0.01990879,-0.01871585
"Np2_502119",-0.01028298,-0.01626148,-0.02748748,-0.02011394,-0.00968576,0.01439535,-0.0014034,-0.01266131,-0.00071497,-0.01477519,-0.0146415,-0.00214501,-0.00424523,-0.02418212,-0.01775079,0.97208271,-0.00768431,0.0018837,-0.01310812,-0.01857291,-0.0067345,-0.01158536,-0.01317801,0.01032413,-0.01837387,-0.00203408,0.01881617,-0.01643622,-0.00394129,-0.01228749,-0.00755058,0.00194146,-0.00801105,-0.00161008,-0.01171301,-0.00437744,-0.03599323,-0.00092318,-0.00853838,-0.01119176,0.01404582,-0.01662621,-0.00821924,0.00454926,-0.01621741,-0.01210813,-0.01003224,-0.01062491,0.00143995,-0.03497955,-0.00407959,-0.02048319,-0.00608103,-0.02825946,-0.03255112,-0.00557041,-0.02357577,-0.01646663,-0.01363848,-0.02196795,-0.01892094,-0.01405488,-0.01342574,-8.43e-05,-0.00952162,-0.00747002,-0.02693582,-0.00492302,0.00511002,-0.00700501,-0.01639827,-0.01587243,-0.02304999,-0.00172861,0.02219597,-0.01556546,0.00913875,-0.01979933,-0.01116592,-0.00231825,-0.01936469,-0.02082664,-0.01928871,0.00504621,-0.01491351,-0.00946692,-0.01518553,-0.00945172,0.01669013,-0.00334254,-0.01337861,-0.02654831,-0.02108046,0.01782835,-0.00472393,0.00204024,-0.00034873,-0.0094198,-0.02061238,-0.01622807
"Np2_503868",-0.00118456,-0.00670716,-0.01550166,-0.00220125,0.08892314,-0.01966562,0.00906276,-0.03137337,-0.0169955,-0.00886815,-0.01542113,-0.0167539,-0.00654456,-0.01508373,0.00274538,-0.00768431,1.0006174,-0.0095338,-0.00917667,-0.00993043,0.00084424,-0.02254698,0.00291103,-0.02860005,-0.00836364,-0.00418143,-0.00673451,-0.02207889,0.00424532,-0.01641047,-0.01212945,-0.01175561,-0.01319779,-0.01682685,-0.03437629,-0.01564298,-0.00850649,-0.0067178,0.00815855,-0.00467684,-0.01955924,-0.00722386,-0.00519961,-0.01431478,0.01263711,-0.01212791,0.00028194,-0.01353211,-0.03718018,-0.00323768,-0.01519317,-0.00986508,0.01228758,-0.02432806,-0.01403059,-0.01182095,-0.01295768,-0.01511869,-0.0170016,0.00871021,-0.00146419,-0.01346678,-0.00159185,-0.01119789,-0.01227685,0.00968279,-0.0336423,-0.02485087,-0.01010674,-0.0246533,-0.02371263,0.028635,-0.02170206,-0.01299415,-0.01733593,-0.00175598,-0.03069716,-0.00872531,0.00385931,-0.01479954,-0.00297173,-0.01537553,0.00059956,-0.01928878,0.02123558,-0.00188819,-0.02098016,-0.00658406,-0.01813075,-0.02038295,-0.01734961,-0.03219101,-0.00514339,-0.02428703,-0.01021461,-0.02594206,-0.00979062,-0.02311686,0.00337909,-0.02870942
"Np2_503048",-0.01395612,-0.00899279,0.02020522,-0.01284524,-0.00135325,-0.01556851,-0.01252304,0.02834471,-0.01153068,0.01574488,-0.03016833,0.01971284,-0.0108058,-0.02056073,-0.02811062,0.0018837,-0.0095338,1.00364505,-0.03592951,-0.01586333,-0.01648643,0.00480153,-0.01077235,0.01136212,-0.01323276,-0.01634515,-0.02497699,-0.00476041,0.00393529,0.00106003,0.00351739,-0.0091782,-0.01745904,0.00657047,-0.01097902,-0.01412936,-0.00136997,0.0086251,-0.00294134,-0.00848216,-0.0121188,-0.01923556,-0.01705936,-0.0100657,-0.01761101,-0.02337976,-0.01826448,-0.01855321,0.00734095,-0.02512742,-0.01671895,-0.01245466,-0.00048399,-0.00442608,-0.03060141,-0.01061126,-0.02268984,0.00402345,-0.01351238,-0.01606699,-0.02988866,-0.00481057,-0.03016832,-0.01135594,0.01735121,-0.00977542,-0.01222062,-0.0123954,-0.0107207,-0.00505524,-0.01444853,-0.01589831,-0.00955053,0.00189282,-0.0149105,-0.02015044,0.00607353,-0.01952127,-0.00313737,-0.01358987,-0.02091026,-0.02434783,0.01807004,-0.00090646,-0.02056228,-0.01815506,-0.02402564,-0.01221302,-0.01221,-0.01096689,-0.00094293,-0.01760797,-0.01001252,-0.02110175,-0.0263295,-0.01424643,-0.00812503,-0.00473458,-0.00088214,-0.01701379
"Np2_501423",-0.01663841,0.01066454,-0.01195925,-0.00732113,-0.02075227,-0.00837274,0.0024232,0.00241104,-0.0195319,-0.02143456,0.00711757,-0.01533907,-0.00588957,-0.00257509,-0.02562592,-0.01310812,-0.00917667,-0.03592951,1.00891912,-0.00638801,-0.00731504,-0.00988637,-0.01998935,-0.01016451,-0.00816456,-0.02829763,-0.03115459,-0.00060404,-0.01774321,-0.0095247,-0.01390599,-0.01793929,-0.01755783,0.00859927,-0.0015037,-0.01027693,0.0038502,-0.01700465,-0.01778123,-0.01709126,-0.01525698,-0.00094597,-0.00758402,-0.00788494,-0.00099309,-0.01663991,-0.01395612,-0.00619045,-0.0254314,0.00015277,-0.00845938,-0.01544087,-0.01927509,-0.00224532,-0.0246214,0.00251134,-0.00911132,-0.00960067,0.01283164,9.503e-05,-0.02178106,-0.00734087,0.00954909,-0.01251851,-0.01572505,-0.02005618,-0.00183347,0.00179101,-0.00367688,0.00502798,-0.02017022,-0.00991829,-0.00493823,0.01106422,-0.01348958,-0.01204283,0.0112937,-0.0184043,-0.00278024,-0.00441848,-0.0374218,-0.01973555,-0.01166291,-0.01498651,-0.01853348,-0.00883171,-0.01120699,-0.00668892,0.00349611,-0.00149155,-0.01015992,-0.01740282,-0.03427457,0.01208089,-0.01700615,-0.01069792,0.01198819,-0.01030428,-0.0286395,-0.02471109
"Np2_504965",0.00494741,-0.00300668,-0.01423268,-0.01172215,-0.01816264,-0.0259951,-0.02902843,-0.02478543,-0.00843199,-0.0045598,-0.00928912,-0.01198961,-0.00755514,1.448e-05,0.00887735,-0.01857291,-0.00993043,-0.01586333,-0.00638801,0.96926176,0.06350893,-0.02279768,-0.01967928,0.00260709,-0.01636482,0.00726953,-0.00075449,-0.01290748,-0.01348193,-0.02456362,0.00555225,-0.01838907,-0.036092,-0.02346029,-0.01760638,-0.01270233,-0.00723752,-0.0321955,-0.00592146,-0.0097906,-0.01023587,-0.0214558,-0.02581429,-0.01122217,-0.02013519,-0.00736364,0.01234074,0.00703699,-0.00475737,-0.01625386,0.00871931,-0.02333717,-0.03279427,0.00368758,-0.01716874,-0.01450318,-0.00788946,-0.00883472,-0.01451687,-0.01023284,-0.01721584,0.00223931,-0.019927,0.00192474,-0.02650878,-0.02248156,-0.02051965,-0.01795899,-0.00929368,-0.01502597,-0.01317346,-0.0173587,-0.01374639,-0.01886775,0.01630258,0.01319026,-0.01651071,-0.01505484,0.00907945,-0.01505027,0.00164055,-0.00863564,-0.00664179,-0.01026933,-0.00500205,-0.00396257,-0.02396632,-0.02963024,-0.01382237,0.00124999,-0.02063972,0.02302725,0.01603362,-0.02104243,-0.01122519,-0.02923217,0.02688725,0.03118951,-0.01343637,-0.0269845
"Np2_501915",-0.01102462,-0.01244402,-0.00710531,-0.01234526,-0.03018352,-0.01142124,0.00362984,-0.01279506,-0.00069675,-0.00746243,-0.010976,-0.02370651,0.00838651,-0.00455981,-0.00861438,-0.0067345,0.00084424,-0.01648643,-0.00731504,0.06350893,0.99491776,-0.01278291,0.00462069,-0.00181525,-0.00619806,-0.01858062,-0.01566275,-0.01915346,-0.01866413,-0.01758823,-0.00555674,-0.01825233,-0.01391965,-0.02894645,-0.03190676,-0.01134983,-0.01409138,-0.01822952,0.0013579,-0.00950187,-0.02362443,0.00071658,0.00213294,-0.01716421,-0.01331177,-0.01801673,-0.01335735,-0.00726335,-0.00690016,0.00531063,0.0058167,-0.02623984,-0.02095586,-0.0169955,-0.01839973,0.00797314,-0.02370954,0.00224387,-0.01574785,0.00677259,-0.02300592,-0.00461453,-0.02480528,-0.01480717,0.00204631,-0.01459437,-0.01020094,-0.0053607,0.006496,0.0072984,-0.02352266,-0.01874166,-0.00236385,0.00011325,0.01400786,-0.00992436,-0.02685991,-0.01066293,-0.01631467,-0.01825686,-0.00217389,-0.00150826,-0.00741685,-0.0186429,-0.02720488,-0.0205425,-0.02534929,-0.02159109,-0.0092785,-0.0033243,0.01931314,-0.00039128,-0.02030241,-0.01543478,-0.00911283,-0.01678585,-0.02130232,-0.02566234,-0.0022058,-0.00405225
"Np2_502555",-0.00690927,-0.01395156,-0.02973666,-0.00275898,-0.00767977,-0.00396257,-0.01368256,-0.02752396,-0.02120049,-0.01018573,-0.01293945,-0.01457616,0.00672699,0.01034538,-0.00100373,-0.01158536,-0.02254698,0.00480153,-0.00988637,-0.02279768,-0.01278291,0.98734255,-0.00950036,-0.02353485,-0.00648983,-0.02160786,-0.01929785,-0.01731765,0.01812471,0.00901871,-0.02560461,-0.01216136,0.00676042,-0.01130576,-0.0103149,0.00325143,-0.02167771,-0.01684962,-0.01215528,-0.01739214,-0.01160665,0.00270434,-0.01062037,-0.02778995,-0.01162793,0.01558074,-0.01349716,-0.00892286,-0.02208498,-0.01306555,-0.00952012,-0.00449599,-0.01410505,0.00110106,0.00516778,-0.00067699,0.00274538,-0.02008353,-0.00631355,-0.00977999,-0.01995436,-0.02238284,-0.00701262,-0.0204179,-0.01177078,-0.02370038,-0.01353211,-0.03619845,-0.00899279,-0.00651871,-0.00375438,-0.01249873,0.0082862,-0.00063443,-0.00376045,-0.00352946,-0.02669577,-0.01110667,-0.00961584,-0.0041115,-0.03331552,0.00078344,0.0032332,0.00948374,-0.01488314,-0.01946654,4.183e-05,-0.01018118,-0.0078986,-0.01592565,-0.01471596,-0.01755172,-0.01481932,-0.01055958,-0.00666915,0.00571792,-0.00290182,-0.01334062,-0.00128183,-0.00297629
"Np2_501092",-0.01594845,-0.00688192,-0.0102055,0.00780599,-0.00395346,-0.01543325,-0.02348159,0.00127735,-0.00516466,-0.01314611,-0.02562593,-0.01054592,-0.01249419,0.00996851,-0.01399411,-0.01317801,0.00291103,-0.01077235,-0.01998935,-0.01967928,0.00462069,-0.00950036,0.99768398,0.02061559,-0.00929825,-0.01955323,-0.00690928,-0.02787652,-0.01051855,-0.00761899,-0.02066256,-0.02849511,-0.02021121,-0.01745752,0.01149579,-0.01627365,-0.03147675,-0.01418712,-0.01511566,0.00016341,-0.01760643,-0.01894833,-0.01510046,-0.00111618,0.0045599,-0.02962723,-0.02040876,-0.02388885,-0.01851066,-0.01146684,0.0027165,-0.00152953,-0.01053072,-0.01310508,-0.00159185,0.00320129,-0.01875532,-0.0034398,-0.00896999,0.00914332,0.00535166,-0.00695486,-0.01620377,-0.00377414,-0.01138783,-0.02225365,0.00478329,-0.00724514,-0.0072421,0.00723761,-0.0013958,0.01371913,-0.02598001,-0.00526648,-0.01827054,-0.01393638,0.01228758,-0.01011584,0.00900349,-0.01634204,-0.01606393,-0.00187299,-0.01644387,-0.00502637,-0.00568592,-0.011941,-0.02100295,0.00190346,-0.01708976,-0.01128754,-0.0108377,0.0088181,-0.03556022,-0.00820102,0.00146427,-0.03401929,-0.01786781,-0.02010025,-0.03782758,0.00014213
"Np2_500650",-0.01205045,-0.01316592,-0.00235626,0.00608114,-0.02148329,-0.01837393,0.00792302,-0.01260513,-0.03287645,-0.01563086,-0.00485922,0.00125455,-0.00783632,-0.00239425,-0.02164587,0.01032413,-0.02860005,0.01136212,-0.01016451,0.00260709,-0.00181525,-0.02353485,0.02061559,1.04408668,-0.01467043,-0.02963655,-0.0264147,-0.02306675,0.00568904,-0.01603058,0.00876645,-0.02581292,-0.00020436,-0.01143194,-0.02092702,-0.02331752,-0.01298964,-0.00937729,-0.02352727,0.00375751,-0.00990918,-0.01003533,0.01113719,-0.03080362,0.01818406,-0.02831278,-0.02061399,-0.00023475,-0.00868582,-0.02656513,-0.0415601,-0.02407434,-0.01605488,-0.00890314,-0.03705416,-0.02998144,-0.01500931,-0.00790014,-0.02710769,-0.01081798,-0.0091387,-0.00305685,-0.02339963,-0.01005814,0.00877101,0.00550364,-0.00940313,-0.0117055,0.00440643,-0.00634093,-0.00995936,-0.00213894,-0.02101825,0.00334263,-0.00874966,-8.32e-06,-0.00265868,-0.02506216,0.01548504,-0.01593936,-0.01307776,-0.0121082,-0.01558528,0.0142207,-0.03339776,-0.02004866,0.00599451,-0.00666006,0.02677649,-0.02015506,0.00324233,-0.01251093,-0.01889675,-0.00263132,0.0064261,-0.01583608,-0.02962276,-0.02182517,-0.0290666,-0.00203865
"Np2_504827",0.00621029,0.00190346,-0.00491543,-0.01228295,-0.02252271,-0.00406439,-0.01439227,-0.01242881,-0.01157626,0.0035417,-0.01395311,-0.01209449,-0.00811592,-0.00525736,-0.02830818,-0.01837387,-0.00836364,-0.01323276,-0.00816456,-0.01636482,-0.00619806,-0.00648983,-0.00929825,-0.01467043,0.99884215,-0.01304738,-0.0168162,-0.01088479,0.01376774,-0.00840771,-0.01810794,0.00688505,-0.00245959,-0.0250849,-0.00965687,0.00801265,-0.01311726,-0.00737735,-0.02851789,-0.0077679,0.00743973,-0.00226052,-0.00874659,0.00797315,-0.01856842,-0.02403322,-0.01040762,-0.01768697,-0.00592603,-0.02076588,-0.01357317,0.00208887,-0.00296109,-0.0154135,-0.00921922,-0.0205349,-0.01255343,0.00747316,0.02899364,-0.01474486,-0.01808059,-0.00485616,-0.02367919,-0.02082367,-0.00214653,-0.01985101,-0.01408985,-0.01016144,-0.01806085,-0.01072373,-0.01874928,-0.00500206,-0.0076205,-0.02064431,-0.02392231,-0.00545493,-0.02163062,-0.00816911,-0.01488464,-0.0093803,-0.00499901,-0.00782869,0.00449911,0.00147947,-0.00480298,-0.01424943,-0.02361532,-0.01955317,-0.02061395,-0.00706126,0.00235481,-0.02069295,-0.01856844,-0.00731807,-0.01163401,-0.0082132,0.00413894,-0.01389836,-0.00700654,-0.01447588
"Np2_502362",-0.00191707,-0.00637588,-0.00407656,-4.632e-05,-0.00116786,-0.01431935,-0.00929826,-0.02906654,0.01707313,-0.00990462,-0.01797731,0.01716282,-0.02125836,0.00439578,-0.01531174,-0.00203408,-0.00418143,-0.01634515,-0.02829763,0.00726953,-0.01858062,-0.02160786,-0.01955323,-0.02963655,-0.01304738,1.03578192,-0.0132419,-0.00487896,-0.02809696,-0.00848068,-0.01255803,0.00574832,-0.01575397,-0.014368,-0.03161354,-0.01288019,-0.01516585,-0.00137149,-0.00123624,0.00598843,0.01390151,-0.00962805,-0.01185897,-0.01595914,-0.02517613,-0.01833136,0.01337874,-0.00666613,-0.01025416,-0.01096081,-0.01212644,0.00657503,-0.01291212,-0.01563845,-0.01293948,-0.00586677,-0.00517986,-0.01433152,-0.01408686,-0.01466586,-0.00493216,-0.00614488,-0.01615367,-0.0207447,-0.00936209,-0.00396714,-0.02039361,-0.02148022,-0.01463851,-0.03222452,0.00275755,-0.0046191,-0.00283041,-0.02238898,0.0071586,-0.01312641,-0.02124771,-0.01508073,-0.00264804,-0.00489416,-0.02178868,8e-07,-0.00043687,-0.01728586,-0.00654761,-0.0220729,0.00609785,-0.02631286,-0.00533792,-0.00196722,-0.0158026,-0.02137383,-0.01894536,-0.01909274,-0.00836364,-0.0205958,-0.01052314,-0.02217773,-0.01513393,0.02101226
"Np2_502669",-0.00674971,-0.0031541,-0.02228255,-0.01095777,0.01010834,0.00090806,-0.01960179,-0.00122559,-0.00478017,-0.01215374,0.00165728,-0.01502447,0.00232747,-0.02505599,-0.00859462,0.01881617,-0.00673451,-0.02497699,-0.03115459,-0.00075449,-0.01566275,-0.01929785,-0.00690928,-0.0264147,-0.0168162,-0.0132419,0.99434931,-0.02582037,-0.00724663,-0.0057148,-0.03881841,-0.02142395,0.00236089,-0.00947454,-0.01061124,-0.006619,0.00431675,0.02707729,-0.01989815,-0.01875227,-0.0123589,-0.02008355,-0.02140265,-0.02443902,-0.02544961,0.0006953,-0.01272972,0.00020292,-0.0129592,-0.01275402,0.01708223,0.00554162,0.01158547,-0.01788757,-0.01017359,-0.01951366,-0.0356954,0.01396532,0.01177847,-0.02223393,-0.00839705,-0.00991372,-0.01019639,-0.02983246,-0.02498456,-0.01320689,-0.01580407,-0.00518897,-0.02023097,-0.02216402,0.00658719,-0.00458869,-0.00036849,-0.02266246,-0.00740014,-2.656e-05,0.0053775,-0.0074518,-0.02814855,-0.01291815,-0.00975262,-0.00680745,0.00977551,-0.01330419,-0.00742901,0.00561609,-0.0073971,-0.00029554,-0.00469963,-0.02321263,-0.02200293,-0.02590248,-0.01937084,-0.01845442,-0.00590171,0.01788315,-0.01110059,-0.01910788,-0.00644121,-0.00631204
"Np2_502954",0.02000153,-0.00922832,-0.0210622,-0.0033547,-0.04110098,-0.02750568,-0.00516009,-0.00775572,0.00586226,-0.01366885,-0.01718243,0.00230466,0.00050838,0.00595041,0.00432738,-0.01643622,-0.02207889,-0.00476041,-0.00060404,-0.01290748,-0.01915346,-0.01731765,-0.02787652,-0.02306675,-0.01088479,-0.00487896,-0.02582037,0.96912801,-0.01499251,-0.02941754,0.00115425,0.0065431,-0.01328743,-0.00703844,-0.00209638,-0.00539868,-0.0237931,-0.02200441,-0.01290295,-0.01160511,-0.01721735,-0.00685759,-0.01668699,-0.02154699,-0.00310546,0.01620075,-0.02928982,-0.01514144,-0.01204279,-0.01290141,-0.00084568,0.00433041,-0.00421483,-0.01712313,0.01171463,0.00343836,-0.01152762,-0.0228068,-0.00523759,-0.00991979,-0.0147752,-0.01993914,0.00075001,-0.01432692,0.01103683,-0.01517791,-0.00880888,-0.02038139,-0.01931456,-0.02641457,0.01434219,-0.02707564,-0.02209562,0.01092742,-0.02016102,-0.00974806,-0.01482993,-0.00243224,-0.00033353,-0.01412932,-0.01461107,-0.01789667,-0.01073586,0.00493678,0.02038602,-0.02796466,0.01525095,-0.00150673,-0.02004401,-0.01469772,-0.01394394,-0.00538196,0.00586075,-0.00720408,-0.01729485,-0.02451197,0.00562063,-0.00572997,-0.00491694,-0.00995475
"Np2_500692",-0.02403625,-0.00980276,-0.01707756,-0.0173025,-0.00550659,-0.01789818,0.01630106,-0.00179548,-0.00945323,-0.01637087,-0.02687509,-0.00419661,-0.02270958,-0.00100676,-0.0242095,-0.00394129,0.00424532,0.00393529,-0.01774321,-0.01348193,-0.01866413,0.01812471,-0.01051855,0.00568904,0.01376774,-0.02809696,-0.00724663,-0.01499251,0.97512252,-0.0132753,0.00620268,-0.00208575,-0.01933279,-0.00806879,0.01298204,-0.00080616,-0.00780285,0.00036857,-0.01682074,-0.01369926,-0.00305075,-0.00591234,-0.00525583,-0.00646855,-0.00656734,-0.01294397,-0.00646095,-0.01130878,-0.01459285,-0.0032939,-0.00217996,-0.00597008,0.00311314,-0.00417229,-0.0352106,0.00620724,-0.00085631,-0.01426308,-0.00839553,-0.02447546,-0.01793315,0.0010661,-0.00666308,-0.00502332,-0.02069139,-0.02730204,-0.01819757,-0.00895023,-0.01654568,-0.00662508,-0.01996957,0.00076824,-0.02069446,0.00305843,-0.0175441,0.00137916,-0.00431059,0.00033665,-0.01260963,-0.02123847,-0.01199416,0.00386843,-0.02194818,-0.01736937,-0.01970057,-0.01729336,-0.00553545,-0.00815997,-0.00709315,-0.01360051,-0.0099593,-0.01385884,-0.02601949,0.00118769,-0.00555977,-0.02766993,-0.00680744,-0.00964775,-0.03710111,-0.01448042
"Np2_500827",-0.01004291,0.00145515,0.00025914,-0.01531478,-0.00959765,-0.00132134,-0.028062,-0.02397095,0.02475216,-0.00465708,-0.01820069,0.01253227,-0.01829035,-0.00297021,0.01379514,-0.01228749,-0.01641047,0.00106003,-0.0095247,-0.02456362,-0.01758823,0.00901871,-0.00761899,-0.01603058,-0.00840771,-0.00848068,-0.0057148,-0.02941754,-0.0132753,1.01907209,-0.00396714,-0.01803048,-0.02311995,-0.00927243,0.00387604,-0.01158387,0.01059769,-0.00144292,-0.00404313,-0.00076969,-0.01823561,-0.02216101,-0.00645945,-0.02408497,-0.01339385,-0.0167311,-0.00644881,-0.0135762,-0.01868393,-0.00692903,-0.00779072,-0.01583601,-0.00568896,-0.00446408,-0.0119471,-0.01642413,-0.02272786,-0.02139356,-0.00716764,-0.0258311,-0.01716118,0.00898072,-0.02883861,-0.01564912,-0.01171306,-0.01589221,-0.01742562,-0.00407504,-0.02413209,-0.0329038,0.00329399,-0.00362673,-0.00989247,-0.00194442,-0.00385469,-0.0179089,-0.01843167,-0.01074501,-0.01928418,-0.00922074,-0.00134413,-0.0073652,-0.02543141,-0.0053516,-0.00601114,-0.01728125,-0.0299905,-0.00100525,-0.002066,0.00449608,-0.00812353,-0.02296494,-0.00792293,-0.00959003,0.00265875,0.00243233,-0.01515365,-0.00766001,-0.00259182,-0.01234072
"Np2_502479",-0.0107769,-0.01417192,-0.01020094,-0.01680862,-0.00714028,-0.00509475,0.0111721,-0.00631658,-0.00743964,-0.00539109,-0.02470955,0.00116033,-0.0130975,-0.0154059,-0.01322971,-0.00755058,-0.01212945,0.00351739,-0.01390599,0.00555225,-0.00555674,-0.02560461,-0.02066256,0.00876645,-0.01810794,-0.01255803,-0.03881841,0.00115425,0.00620268,-0.00396714,0.99586922,-0.01086202,-0.03707532,-0.01274189,-0.01706996,0.00029562,-0.01323579,0.00511763,-0.00827245,-0.02125978,-0.00012533,0.00810687,-0.0155518,-0.01858817,0.00091718,0.00609023,-0.02435541,-0.01324641,0.03757081,0.00419061,0.0010494,-0.01413847,-0.01295768,0.00407207,-0.01237715,-0.0223251,0.04598841,-0.02410315,-0.00425436,-0.01106414,-0.02458185,-0.00375893,-0.02638121,-0.00194594,-0.00378477,0.0089047,-0.01770369,-0.0111918,-0.02000302,-0.01281787,-0.02129933,-0.03353898,0.00305084,-0.00830131,-0.00170126,-0.02943276,-0.01658217,-0.00904749,-0.01880241,-0.02332809,-0.00846088,-0.02208044,-0.03345994,-0.02204248,-0.01875078,-0.02303025,-0.01537551,0.01360971,-0.00188819,-0.00657191,-0.02405452,-0.01093344,-0.00911285,-0.02688874,-0.02573377,0.00033058,-0.02303023,0.01379358,0.00320889,-0.01839368
"Np2_504065",-0.03532617,-0.01136657,0.00582582,-0.03299955,-0.02545878,-0.01125561,-0.00228331,-0.02053185,-0.00402641,-0.01550317,-0.02783104,-0.00378477,-0.00147787,-0.005306,-0.0244056,0.00194146,-0.01175561,-0.0091782,-0.01793929,-0.01838907,-0.01825233,-0.01216136,-0.02849511,-0.02581292,0.00688505,0.00574832,-0.02142395,0.0065431,-0.00208575,-0.01803048,-0.01086202,1.00771232,-0.01269022,0.04462076,-0.00058732,0.00082144,-0.02988261,-0.02368678,-0.00653088,-0.0079685,-0.01236499,-0.01705024,-0.02414421,-0.0220136,-0.02089661,-0.00311002,-0.01942249,-0.00345043,0.00010413,-0.01549557,-0.01195013,-0.02242692,-0.01364763,-0.01059911,-0.01078756,-0.01344095,-0.00454766,-0.01141974,-0.00737583,-0.02831884,0.04235485,-0.02086165,0.00438666,-0.00537135,-0.02058354,-0.00880586,-0.0130747,-0.0085384,0.00119073,-0.02764105,-0.00876788,-0.01386495,-0.00067851,0.00620573,-0.0181961,-0.00869493,-0.01514455,0.00485169,-0.00961433,-0.0111006,0.00574222,-0.01334825,-0.01059456,-0.01103073,-0.01108238,-0.01095472,-0.01728123,-0.00364496,-0.02233426,0.00474379,-0.00301277,0.00342165,-0.01664147,0.01421303,0.01278451,-0.02862588,-0.02356821,0.00535319,-0.01951673,-0.01969152
"Np2_501565",-0.02050754,0.00086855,-0.00807792,0.01266903,-0.01033621,-0.01026628,-0.02287371,-0.02091024,-0.02370496,0.00113905,0.00446416,-0.00750652,-0.02343603,-0.01510652,-0.00761137,-0.00801105,-0.01319779,-0.01745904,-0.01755783,-0.036092,-0.01391965,0.00676042,-0.02021121,-0.00020436,-0.00245959,-0.01575397,0.00236089,-0.01328743,-0.01933279,-0.02311995,-0.03707532,-0.01269022,0.99525214,-0.02353631,-5.391e-05,-0.02736743,-0.01491201,0.00055397,-0.02028264,-0.0068272,-0.00484096,0.00384716,-0.01479651,-0.00293982,-0.00060708,-0.04467223,-0.01341814,0.02094224,-0.01607914,-6.91e-05,-0.0064017,-0.00152953,0.0181916,-0.02131144,-0.01709279,-0.01974617,-0.02255458,-0.02167618,-0.01626455,-0.00650959,-0.0008791,-0.01136199,-0.01103679,-0.02368224,-0.01381934,-0.02103789,-0.01360507,-0.01818698,0.00780294,-0.01084682,-0.01872041,-0.01424335,-0.01260664,0.00704308,-0.00018613,-0.01712774,0.0010418,0.07392352,-0.00026666,-0.00357657,-0.00998513,-0.01874166,-0.01674781,-0.01520838,-0.01070093,-0.01406858,-0.00595794,-0.00812655,-0.00903534,-0.01523876,-0.00460693,-0.01488922,-0.02036319,0.02264887,0.00055245,-0.00377718,0.00507963,-0.021316,-0.02308648,-0.02447704
"Np2_504856",-0.01653809,-0.03543405,-0.03419853,-0.01345161,0.0229635,-0.01374335,-0.01647274,-0.02104398,-0.02368674,0.00267698,-0.00980279,0.01074812,0.00378485,-0.01007329,-0.02157439,-0.00161008,-0.01682685,0.00657047,0.00859927,-0.02346029,-0.02894645,-0.01130576,-0.01745752,-0.01143194,-0.0250849,-0.014368,-0.00947454,-0.00703844,-0.00806879,-0.00927243,-0.01274189,0.04462076,-0.02353631,1.00060828,0.01455343,-0.00455373,-0.00045663,-0.00185931,-0.00689104,-0.01091216,-0.02655442,-0.00996387,0.07959511,-0.03073211,-0.0059078,-0.01927505,-0.01674325,-0.02280683,-0.03946429,-0.0079533,-0.00425588,-0.00637434,-0.0053455,-0.01870973,9.807e-05,-0.00802626,-0.01007481,-0.02317766,-0.00621629,0.00627413,-0.01453817,-0.01833438,-0.02241632,0.00156305,-0.0259587,-0.00749435,-0.01328289,6.767e-05,-0.02500436,-0.0128042,-0.0226534,-0.00541085,-0.00605369,-0.02105311,-0.01840429,-0.01482996,0.02127206,-0.01572049,-0.02441162,-6.302e-05,-0.02379616,-0.02677783,-0.00350819,-0.01564606,-0.00961891,-0.00842746,-0.01217047,0.0494883,-0.01904714,-0.00716611,-0.0061084,-0.02763647,0.01004907,-0.02748296,-0.01219478,-0.01698038,-0.03000717,-0.01597883,-0.01410203,-0.00211919
"Np2_501373",-0.01493934,-0.0125595,0.00736829,0.00364807,-0.02695563,-0.01108081,-0.02216853,0.00015885,-0.00689102,-0.01380866,0.00684096,0.00034121,-0.01270084,-0.01835257,0.00555529,-0.01171301,-0.03437629,-0.01097902,-0.0015037,-0.01760638,-0.03190676,-0.0103149,0.01149579,-0.02092702,-0.00965687,-0.03161354,-0.01061124,-0.00209638,0.01298204,0.00387604,-0.01706996,-0.00058732,-5.391e-05,0.01455343,0.9712802,-0.00569046,0.03092816,0.00034729,-0.01471443,-0.0053622,-0.02845094,-0.0215865,-0.01545908,0.00232442,-0.01646664,-0.00323919,-0.01286495,-0.01269777,-0.01157473,-0.00696244,-0.01906988,-0.00036849,-0.0101295,-0.02683702,-0.01122065,-0.01296222,-0.01166743,0.00440792,-0.01327984,-0.01477066,-0.0019976,-0.01977501,-0.0024292,-0.02586448,-0.01569767,-0.00878304,-0.02414566,-0.01413847,-0.00501724,-0.02412288,-0.01406402,-0.00016485,-0.00597465,-0.01687086,-0.01756538,-0.01323121,-0.01314611,-0.0223281,-0.02205301,-0.00682263,-0.01779027,-0.01362937,-0.02896007,-0.00295349,-0.02580063,0.00836825,-0.00130158,0.00731966,-0.01775232,0.01342885,0.02102124,-0.0064336,-0.02816833,-0.01387858,-0.02168981,0.0175959,-0.00059796,-0.02304235,-0.02314116,-0.00523152
"Np2_502200",-0.02705589,0.00890927,-0.04091706,-0.02123397,-0.01308534,-0.01286342,-0.00176357,-0.02168374,-0.01748786,0.0005175,-0.01044257,-0.02089353,0.00329702,-0.00919336,-0.00838489,-0.00437744,-0.01564298,-0.01412936,-0.01027693,-0.01270233,-0.01134983,0.00325143,-0.01627365,-0.02331752,0.00801265,-0.01288019,-0.006619,-0.00539868,-0.00080616,-0.01158387,0.00029562,0.00082144,-0.02736743,-0.00455373,-0.00569046,0.97789786,0.00391859,0.01482545,-0.02546326,-0.02446936,-0.00531054,-0.01835411,-0.00675578,0.00890015,-0.01232243,-0.01186043,-0.02847681,-0.02071114,-0.02977007,-0.00616156,0.00194298,0.02003648,0.0016132,-0.00840768,-0.00251734,-0.02523074,-0.0151217,0.06143759,-0.01187108,-0.03570147,-0.01791339,-0.01000793,-0.01424182,-0.02172027,-0.0183921,0.00250373,0.00492158,-0.0148573,-0.00619197,-0.00706124,-0.01812617,-0.02504686,0.01944535,-0.00907939,-0.01159753,-0.00574366,-0.01447281,-0.01879178,0.00625435,-0.01407615,-0.02382804,-0.00279848,-0.00171646,-0.02206069,-0.01208232,-0.01833739,-0.01660949,-0.01710643,-0.0055537,-0.02117924,-0.02392076,0.00941229,0.00621789,-0.00304771,-0.02134485,-0.01792409,-0.02396025,0.00526503,-0.02051664,-0.00047943
"Np2_503188",-0.00578622,-0.00431819,-0.001411,0.00109954,0.00879228,0.01828429,0.00111778,-0.01378743,-0.00366471,0.00415869,-0.00801715,-0.003879,-0.0050674,-0.01786174,-0.01173432,-0.03599323,-0.00850649,-0.00136997,0.0038502,-0.00723752,-0.01409138,-0.02167771,-0.03147675,-0.01298964,-0.01311726,-0.01516585,0.00431675,-0.0237931,-0.00780285,0.01059769,-0.01323579,-0.02988261,-0.01491201,-0.00045663,0.03092816,0.00391859,0.99673252,0.01725091,-0.01878269,0.00181532,0.01839067,-0.01760036,-0.01360052,-0.00341548,-0.00792139,-0.00442,-0.02331595,-0.01023133,-0.01108388,-0.01832524,0.01029526,-0.02510462,-0.00751108,-0.01236498,-0.01696058,-0.02538882,-0.01391205,-0.01698488,-0.01643627,-0.01747119,0.0007728,-0.01761252,-0.01212034,-0.0180791,-0.03541882,-0.02181749,-0.01210512,-0.0179028,-0.01060519,-0.02302418,0.00223172,-0.0066646,-0.01004291,-0.01166897,-0.00734847,-0.01289234,-0.02192544,-0.03110744,-0.00514946,0.02862128,-0.02474597,-0.03684583,0.02076901,-0.01598799,0.01222679,0.00171654,-0.02573378,-0.01999996,0.01526012,-0.02437672,-0.0005235,0.00195969,-0.01187263,-0.01901063,-0.02742975,-0.01717033,-0.02244666,-0.02680668,-0.01991487,-0.02525665
"Np2_502521",-0.00445344,-0.01316739,-0.01557915,0.00091262,-0.02270051,0.01536191,-0.0159378,-0.00759161,-0.01616119,-0.00469051,-0.00501269,-0.01500776,-0.02789787,-0.01212184,-0.02499066,-0.00092318,-0.0067178,0.0086251,-0.01700465,-0.0321955,-0.01822952,-0.01684962,-0.01418712,-0.00937729,-0.00737735,-0.00137149,0.02707729,-0.02200441,0.00036857,-0.00144292,0.00511763,-0.02368678,0.00055397,-0.00185931,0.00034729,0.01482545,0.01725091,0.99483872,-0.01608218,-0.02177496,-0.01614143,-0.00593363,-0.02336155,-0.01287258,-0.00446104,-0.02238739,-0.00936966,-0.01239385,-0.00595187,-0.03370914,0.00706893,-0.00219212,-0.00131526,-0.00085024,-0.0252019,-0.02056073,-0.00969184,-0.03191288,0.00936366,-0.0263204,-0.00442912,-0.01020094,0.00425748,-0.01142735,-0.03317422,0.00063907,-0.01548341,-0.01520229,-0.01960638,-0.01226926,-0.03655562,-0.00259637,-0.00080768,-0.00380148,-0.0079913,-0.00836818,-0.00083656,-0.01792102,-0.03466653,-0.00013597,0.00166183,-0.00633482,-0.00038976,-0.02878844,-0.02336916,-0.02339345,0.01587101,-0.02246643,-0.02535085,-0.00055237,-0.00785301,-0.0257338,-0.02543292,-0.01023133,-0.01667484,0.00528633,0.00745643,0.01267053,-0.01295921,-0.01009458
"Np2_500834",-0.02103488,-0.02898899,-0.01331632,-0.01673264,0.0098044,-0.01824014,-0.0165624,0.00196577,-0.00569199,-0.00136389,-0.01733899,-0.00909765,-0.0090703,0.01141678,-0.01999238,-0.00853838,0.00815855,-0.00294134,-0.01778123,-0.00592146,0.0013579,-0.01215528,-0.01511566,-0.02352727,-0.02851789,-0.00123624,-0.01989815,-0.01290295,-0.01682074,-0.00404313,-0.00827245,-0.00653088,-0.02028264,-0.00689104,-0.01471443,-0.02546326,-0.01878269,-0.01608218,0.99814908,0.00632275,-0.00567223,-0.01430869,-0.02079478,-0.02443903,-0.00766913,-0.01176622,-0.00573911,-0.00648375,-0.01554269,-0.0068272,-0.02151816,-0.0240925,0.00368303,-0.00238665,-0.02354695,-0.00963562,-0.01381174,0.01062198,-0.01709583,-0.00551723,0.00558417,-0.02435086,-0.00335774,-0.00810073,-0.01389077,0.00062235,-0.01686786,-0.00062988,-0.00974504,0.0091418,0.01357781,-0.01036356,-0.00249607,-0.01035291,-0.01788607,-0.01932675,-0.01073133,0.00303412,0.00057373,-0.01246225,0.00969951,-0.02717143,-0.01317195,-0.01725542,-0.01411569,-0.01565971,-0.01423574,-0.0186839,-0.00925874,0.00702942,-0.02337067,-0.00158729,-0.0160275,-0.00918426,-0.01653959,-0.01038334,-0.00821316,-0.01181334,0.00662822,-0.0060081
"Np2_504596",-0.01457007,-0.01872493,-0.0190091,-0.02257738,-0.02126741,-0.01435881,0.00981045,0.00447934,-0.02354233,-0.01921424,-0.01786479,-0.01600619,-0.0091402,0.0016208,-0.01839059,-0.01119176,-0.00467684,-0.00848216,-0.01709126,-0.0097906,-0.00950187,-0.01739214,0.00016341,0.00375751,-0.0077679,0.00598843,-0.01875227,-0.01160511,-0.01369926,-0.00076969,-0.02125978,-0.0079685,-0.0068272,-0.01091216,-0.0053622,-0.02446936,0.00181532,-0.02177496,0.00632275,0.98189825,0.03392195,-0.00267691,0.00497021,-0.02192542,-0.01305797,0.00229706,-0.01583901,-0.02737349,-0.00619045,-0.00476953,-0.02219593,-0.01565208,-0.01249568,-0.01431018,-0.00766,-0.00484248,-0.01950452,-0.00722841,-0.02157284,-0.02367155,-0.00405983,-0.01180725,-0.02865465,-0.01303367,-0.00985748,-0.01798784,-0.02529608,0.01388933,-0.00859918,-0.00901253,-0.01916566,0.00582733,-0.00818887,-0.00723144,-0.02281898,-0.0069351,-0.02143912,-0.03290066,-0.00785451,-0.01526759,-0.01362177,0.01318266,-0.01643322,0.06565034,0.00587443,-0.02332809,-0.03269396,0.01771895,-0.02650124,-0.00656582,-0.00277265,-0.01487857,-0.00469963,0.02098782,-0.0280072,-0.01881159,0.00113905,-0.01537854,-0.02748295,-0.00167087
"Np2_500303",0.00534862,-0.00929216,-0.006233,-0.02423841,-0.0180654,-0.00735757,-0.00719953,-0.0135944,-0.00620716,0.00070442,0.00038225,-0.00702933,-0.00365864,-0.01706084,-0.00850191,0.01404582,-0.01955924,-0.0121188,-0.01525698,-0.01023587,-0.02362443,-0.01160665,-0.01760643,-0.00990918,0.00743973,0.01390151,-0.0123589,-0.01721735,-0.00305075,-0.01823561,-0.00012533,-0.01236499,-0.00484096,-0.02655442,-0.02845094,-0.00531054,0.01839067,-0.01614143,-0.00567223,0.03392195,0.9791837,-0.00373006,-0.01371144,0.00619965,-0.01927809,-0.01638456,-0.01674019,-0.01064619,-0.0122586,-0.00901403,-0.01838604,-0.02399978,-0.02494657,-0.00335773,-0.01372816,-0.01273426,-0.0208616,-0.02773367,0.01111132,-0.00800801,-0.02289344,-0.00647767,-0.00615246,-0.01682229,-0.00179245,-0.02025674,-0.00203407,-0.01391053,-0.02196189,-0.01842403,-0.0111006,0.00234265,0.00458725,-0.01998626,-0.01080273,0.01739071,-0.01595756,-0.0043197,-0.01422659,-0.00613877,-0.01953794,-0.00519504,-0.01292727,-0.00728464,-0.01478283,-0.00325743,0.00014213,-0.02558179,-0.01326921,-0.01992853,-0.03239612,-0.01061277,-0.01319931,-0.00878761,-0.00565702,-0.01484973,-0.01222363,-0.01293638,-0.00710835,0.00533039
"Np2_500111",-0.01666119,0.00228339,-0.01593324,-0.00962347,-0.00861743,-0.0100672,-0.01188476,-0.01417646,-0.00602936,0.00088223,-0.02329926,-0.01201851,-0.01731011,-0.00730895,-0.00543669,-0.01662621,-0.00722386,-0.01923556,-0.00094597,-0.0214558,0.00071658,0.00270434,-0.01894833,-0.01003533,-0.00226052,-0.00962805,-0.02008355,-0.00685759,-0.00591234,-0.02216101,0.00810687,-0.01705024,0.00384716,-0.00996387,-0.0215865,-0.01835411,-0.01760036,-0.00593363,-0.01430869,-0.00267691,-0.00373006,0.9932185,0.00014365,-0.00927545,-0.02472319,0.0005099,-0.01261118,-0.01259597,-0.0085855,-0.02403321,-0.00209943,-0.02139047,-0.00972376,0.00046735,-0.00078489,-0.00252646,-0.00366319,-0.01570225,0.0038426,-0.02059569,-0.02590703,-0.01481019,0.00770264,-0.00357505,-0.01149268,-0.01126471,-0.02115644,-0.03105732,-0.00263588,-0.0168785,-0.00043687,-0.00705365,-0.0025295,-0.03227,-0.03873937,-0.01905624,-0.0217066,-0.01341206,-0.03091743,-0.00444128,0.00480304,-0.02614106,0.00016797,0.00231531,-0.01673262,-0.01007025,0.01977207,0.00544588,-0.00412519,-0.00972073,-0.02583561,5.095e-05,0.00095973,-0.03292499,-0.0071509,-0.02211848,0.00163144,-0.00850343,0.02467921,0.00110106
"Np2_504181",-0.01646059,-0.01544847,-0.008894,-0.00167239,-0.00811289,0.00988947,-0.00423764,-0.01078449,-0.01920211,-0.00879521,-0.01094105,-0.01470534,-0.00738343,-0.00665244,-0.00462821,-0.00821924,-0.00519961,-0.01705936,-0.00758402,-0.02581429,0.00213294,-0.01062037,-0.01510046,0.01113719,-0.00874659,-0.01185897,-0.02140265,-0.01668699,-0.00525583,-0.00645945,-0.0155518,-0.02414421,-0.01479651,0.07959511,-0.01545908,-0.00675578,-0.01360052,-0.02336155,-0.02079478,0.00497021,-0.01371144,0.00014365,0.99574763,-0.02381595,-0.01114924,0.01104444,0.02786145,-0.01953796,-0.01735113,-0.01684201,-0.01025718,-0.02240564,-0.00101284,-0.02562282,0.0121812,-0.00946845,0.00124847,-0.0101827,-0.00872227,0.0019445,-0.02160325,-0.00929064,-0.00547013,-0.00504613,-0.0137236,-0.01714291,-0.00803841,-0.00031074,-0.01884805,-0.02868354,0.00310707,-0.02372171,-0.00263284,-0.03252531,-0.00510539,-0.01277684,-0.00311762,0.0021375,-0.0253979,0.00031842,-0.00457045,-0.01697425,-0.00175901,-0.02438282,-0.00315866,-0.01913982,-0.00403856,-0.03568933,-0.01441053,-0.0274526,-0.02457122,-0.02695107,-0.00324681,-0.00810527,-0.00938181,-0.02754078,-0.00166326,-0.02486754,-0.00809768,-0.00812049
"Np2_503742",-0.02907106,-0.0186368,-0.0122343,-0.02704838,-0.01479654,-0.00728007,-0.00089126,0.10729912,-0.02315029,-0.00970399,-0.00440329,-0.02108505,-0.02896016,-0.03354809,-0.02650886,0.00454926,-0.01431478,-0.0100657,-0.00788494,-0.01122217,-0.01716421,-0.02778995,-0.00111618,-0.03080362,0.00797315,-0.01595914,-0.02443902,-0.02154699,-0.00646855,-0.02408497,-0.01858817,-0.0220136,-0.00293982,-0.03073211,0.00232442,0.00890015,-0.00341548,-0.01287258,-0.02443903,-0.02192542,0.00619965,-0.00927545,-0.02381595,1.00183332,-0.02345577,0.00177733,-0.01225558,-0.03290828,-0.01370081,-0.01744686,-0.01344552,0.09279059,-0.01468711,-0.00616765,0.01370394,-0.02025528,-0.00893048,0.08176216,-0.01798941,-0.02130388,0.00453863,-0.00959155,-0.01716879,-0.03194183,-0.02025527,-0.00331062,-0.03204662,0.03981242,0.00486233,-0.031264,-0.00965538,-0.01171306,-0.02633715,-0.01003073,-0.02227496,-0.00988637,-0.00585005,-0.01959117,-0.01764441,-0.01913069,-0.01079818,-0.01788303,-0.0041875,-0.00918276,-0.01683292,-0.0124501,0.00781813,0.00200225,-0.03036436,-0.00966906,-0.02016107,0.00435778,-0.02710308,-0.00278328,-0.00953075,-0.02161092,-0.01336191,-0.01133919,-0.00855055,-0.01282853
"Np2_504092",-0.02005163,-0.00733783,-0.02601037,-0.00541542,-0.00653696,0.01997571,-0.02393749,-0.01984646,-0.00865996,0.01572815,-0.01909121,0.0066267,-0.01173433,-0.01313092,-0.02250443,-0.01621741,0.01263711,-0.01761101,-0.00099309,-0.02013519,-0.01331177,-0.01162793,0.0045599,0.01818406,-0.01856842,-0.02517613,-0.02544961,-0.00310546,-0.00656734,-0.01339385,0.00091718,-0.02089661,-0.00060708,-0.0059078,-0.01646664,-0.01232243,-0.00792139,-0.00446104,-0.00766913,-0.01305797,-0.01927809,-0.02472319,-0.01114924,-0.02345577,0.99449218,-0.02187677,-0.01660951,0.00149011,-0.02276581,-0.00295653,-0.01126474,0.01351547,-0.00141252,0.0162251,-0.00554306,-0.01123586,0.03701762,-0.01726906,-0.01276924,-0.01122067,-0.00817366,-0.02488731,-0.02729759,0.03072309,-0.01853041,-0.01404728,-0.01922794,0.00536839,-0.01757606,-0.00780742,-0.00063596,-0.00953227,-0.01473422,-0.01514451,0.02200148,0.00369215,-0.0319357,-0.02789631,-0.02427788,-0.02150901,-0.01591196,-0.00901557,-0.00610992,-0.00578623,-0.02939324,-0.01969147,-0.03088099,-0.00934231,-0.01952128,-0.02435696,-0.00460693,-0.01884044,-0.01504425,-0.00151434,-0.03242499,0.01552305,-0.03078524,0.01865205,-0.0083454,0.00014213
"Np2_504032",0.04043843,-0.00672386,-0.0243326,-0.00373766,-0.01960029,-0.02120199,-0.02210774,-0.01801671,-0.00014357,-0.00690926,-0.01209449,-0.00491694,-0.00792899,-0.02801784,-0.00669347,-0.01210813,-0.01212791,-0.02337976,-0.01663991,-0.00736364,-0.01801673,0.01558074,-0.02962723,-0.02831278,-0.02403322,-0.01833136,0.0006953,0.01620075,-0.01294397,-0.0167311,0.00609023,-0.00311002,-0.04467223,-0.01927505,-0.00323919,-0.01186043,-0.00442,-0.02238739,-0.01176622,0.00229706,-0.01638456,0.0005099,0.01104444,0.00177733,-0.02187677,0.97520155,0.0054322,-0.00184715,-0.01561713,-0.01252453,-0.01505789,-0.01140148,0.00087311,-0.02738412,-0.00523304,-0.02749052,-0.01267044,-0.02045432,-0.01337102,-0.0060476,0.01280425,-0.02913635,0.00720569,-0.00635154,-0.02749052,0.00024396,-0.01663836,0.0172281,-0.01225101,-0.00263435,-0.00047791,-0.01362937,-0.0279495,-0.02212902,-0.01309747,-0.00450815,-0.01612472,-0.02469883,0.00049926,-0.00964927,-0.01013101,-0.0129607,-0.02206065,0.00121049,-0.01327833,0.00341404,-0.01567791,-0.02118985,-0.02817745,-0.00824204,0.00147795,-0.02232964,0.09210065,-0.02795098,-0.0027848,-0.01805629,-0.02150897,0.00163751,0.00290646,-0.02219138
"Np2_501227",-0.01979328,-0.00966296,-0.02073701,-0.02567303,-0.0210197,-0.00225747,0.00306755,-0.01244552,0.01226627,0.00519665,0.00350675,-0.02305304,-0.01010825,-0.01028907,-0.0079609,-0.01003224,0.00028194,-0.01826448,-0.01395612,0.01234074,-0.01335735,-0.01349716,-0.02040876,-0.02061399,-0.01040762,0.01337874,-0.01272972,-0.02928982,-0.00646095,-0.00644881,-0.02435541,-0.01942249,-0.01341814,-0.01674325,-0.01286495,-0.02847681,-0.02331595,-0.00936966,-0.00573911,-0.01583901,-0.01674019,-0.01261118,0.02786145,-0.01225558,-0.01660951,0.0054322,0.98923331,-0.03183686,-0.01886018,-0.01288015,0.00388667,-0.01783589,-0.02197405,-0.00570414,-0.00361304,-0.02070357,-0.01895288,-0.00956418,-0.00810375,0.0283979,-0.02068077,0.0068288,0.00791388,-0.01612931,-0.03301312,0.00490334,-0.00544428,0.00365112,-0.02597999,-0.01879484,-0.00493671,-0.01535272,-0.00961283,-0.010631,-0.00828612,-0.02461985,-0.00584244,-0.01213703,-0.02067619,-0.00286231,-0.00653542,-0.00678161,0.00569815,-0.00051286,-0.01804108,-0.01092279,-0.01664141,-0.0194179,-0.0061935,-0.01300479,0.01768705,-0.01067965,0.00162688,-0.01083009,-0.01514602,-0.01111734,0.00062691,-0.00738037,-0.01143038,-0.00446256
"Np2_503355",-0.01248352,-0.00098549,0.00085791,-0.01699552,-0.00292007,-0.01743923,-0.01560953,-0.03112258,0.00969798,-0.02427026,-0.00438049,-0.02136616,-0.0158679,0.00249159,-0.00521024,-0.01062491,-0.01353211,-0.01855321,-0.00619045,0.00703699,-0.00726335,-0.00892286,-0.02388885,-0.00023475,-0.01768697,-0.00666613,0.00020292,-0.01514144,-0.01130878,-0.0135762,-0.01324641,-0.00345043,0.02094224,-0.02280683,-0.01269777,-0.02071114,-0.01023133,-0.01239385,-0.00648375,-0.02737349,-0.01064619,-0.01259597,-0.01953796,-0.03290828,0.00149011,-0.00184715,-0.03183686,0.97816841,-0.01610951,0.00415565,-0.00202496,-0.01538917,0.00342012,0.00342924,0.00308883,-0.0194726,-0.01893766,-0.03264837,0.00589267,-0.01839363,-0.02188132,-0.00212222,-0.01213096,-0.00486832,-0.00929063,-0.00571933,-0.00162984,-0.01153068,-0.01304733,-0.0043425,-0.01586335,-0.03205419,-0.00123927,-0.0075764,-0.00811894,-0.0147266,-0.02072029,-0.00832259,0.01353216,-0.00664635,-0.02323687,-0.01694839,0.00328183,-0.00976784,-0.00343675,-0.01881002,-0.01297893,-0.01575542,0.00749899,-0.02225975,-0.00843656,-0.00868883,0.01091224,0.00711754,-0.00950793,-0.01611716,-0.01546667,0.00144907,-0.00138516,-0.00262372
"Np2_504465",-0.03385202,-0.00366168,-0.00713722,0.00829077,-0.02109722,-0.00643816,-0.0123589,-0.01844984,-0.02473988,-0.01965193,-0.02286159,-0.01963524,0.00151595,-0.0380251,-0.01198963,0.00143995,-0.03718018,0.00734095,-0.0254314,-0.00475737,-0.00690016,-0.02208498,-0.01851066,-0.00868582,-0.00592603,-0.01025416,-0.0129592,-0.01204279,-0.01459285,-0.01868393,0.03757081,0.00010413,-0.01607914,-0.03946429,-0.01157473,-0.02977007,-0.01108388,-0.00595187,-0.01554269,-0.00619045,-0.0122586,-0.0085855,-0.01735113,-0.01370081,-0.02276581,-0.01561713,-0.01886018,-0.01610951,0.99211809,-0.01614903,-0.02840847,-0.00940309,-0.01110972,-0.01778726,-0.01083314,-0.01287865,-0.00398537,-0.00948971,-0.00909308,-0.01544695,0.00902781,-0.0073819,0.00327728,-0.01635878,0.17130881,-0.01827355,-0.00643361,-0.01952584,-0.00873292,-0.02464721,0.00592763,-0.0186216,-0.01045018,-0.02955277,-0.00927544,-0.02150599,-0.01868543,-0.01662167,-0.02166551,-0.02178407,0.00098556,0.0914654,-0.01717484,-0.01730708,-0.00930433,-0.00917666,-0.00790467,-0.01068116,-0.03347364,-0.00062076,-0.00868125,-0.01060518,-0.02914858,-0.01577063,-0.00154625,-0.00420422,-0.0129759,0.00515562,-0.01165986,-0.0089472
"Np2_502000",-0.01161121,0.03149654,-0.00130918,-0.00928457,-0.02028416,-0.00775269,0.00532278,-0.00395953,-0.00842591,-0.01549554,-0.00062076,-0.01851824,0.0032408,-0.00408262,-0.01786325,-0.03497955,-0.00323768,-0.02512742,0.00015277,-0.01625386,0.00531063,-0.01306555,-0.01146684,-0.02656513,-0.02076588,-0.01096081,-0.01275402,-0.01290141,-0.0032939,-0.00692903,0.00419061,-0.01549557,-6.91e-05,-0.0079533,-0.00696244,-0.00616156,-0.01832524,-0.03370914,-0.0068272,-0.00476953,-0.00901403,-0.02403321,-0.01684201,-0.01744686,-0.00295653,-0.01252453,-0.01288015,0.00415565,-0.01614903,0.9776334,-0.01057479,-0.0263705,-0.00482576,-0.01651829,-0.00120584,-0.02802242,-0.0002849,-0.01627516,0.01329968,0.01469628,-0.00231673,-0.01310355,-0.03678959,-0.02420802,-0.00720257,-0.01031793,-0.01063556,-0.01293792,-0.00244896,0.00807952,0.03075193,0.0005798,-0.01267653,-0.00427259,-0.01271755,-0.01172671,-0.01133767,-0.00805815,-0.01477367,-0.02811359,-0.00473609,0.00140044,-0.01651375,-0.02667602,-0.01229052,-0.01353059,-0.01484208,-0.01473115,-0.01943919,-0.00239121,0.00185787,-0.00964017,-0.02104096,-0.007815,-0.02094517,-0.01159756,-0.01550618,-0.00603695,-0.0073515,-0.00631051
"Np2_503509",-0.00578622,-0.0138923,-0.00384252,-0.02883859,-0.00138973,0.01782838,-0.01225557,-0.01515515,-0.00244896,-0.00906268,-0.00209031,-0.03244937,-0.02315186,-0.00555218,-0.02343602,-0.00407959,-0.01519317,-0.01671895,-0.00845938,0.00871931,0.0058167,-0.00952012,0.0027165,-0.0415601,-0.01357317,-0.01212644,0.01708223,-0.00084568,-0.00217996,-0.00779072,0.0010494,-0.01195013,-0.0064017,-0.00425588,-0.01906988,0.00194298,0.01029526,0.00706893,-0.02151816,-0.02219593,-0.01838604,-0.00209943,-0.01025718,-0.01344552,-0.01126474,-0.01505789,0.00388667,-0.00202496,-0.02840847,-0.01057479,1.00235617,-0.0176581,-0.01526155,-0.01008544,0.00811448,-0.00836818,-0.03868316,-0.01592109,-0.01947568,-0.0159515,-0.01974314,-0.00803842,-0.0148558,-0.00728921,-0.02265336,-0.02424902,-0.02015954,-0.02519737,-0.0008791,-0.00448384,0.01347752,-0.03113179,-0.01034685,-0.00543821,0.00511307,-0.00696551,-0.01994984,-0.01211121,0.00548843,-0.01362635,-0.01137263,-0.02119294,0.00815551,-0.01811557,-0.01771132,-0.01773562,-0.0140321,-0.00936207,-0.01331027,0.00252198,-0.01830399,-0.01521292,-0.00564186,0.02901186,-0.01937536,-0.02020974,-0.00952923,-0.01434516,-0.00091862,-0.01401086
"Np2_503649",0.01686641,-0.01114771,-0.01811856,-0.01849547,-0.00806729,-0.01422812,-0.0254678,0.00643368,-0.01003832,-0.0133087,-0.02259714,-0.01906685,-0.00733783,-0.02058806,-0.02297096,-0.02048319,-0.00986508,-0.01245466,-0.01544087,-0.02333717,-0.02623984,-0.00449599,-0.00152953,-0.02407434,0.00208887,0.00657503,0.00554162,0.00433041,-0.00597008,-0.01583601,-0.01413847,-0.02242692,-0.00152953,-0.00637434,-0.00036849,0.02003648,-0.02510462,-0.00219212,-0.0240925,-0.01565208,-0.02399978,-0.02139047,-0.02240564,0.09279059,0.01351547,-0.01140148,-0.01783589,-0.01538917,-0.00940309,-0.0263705,-0.0176581,0.98307162,-0.02877773,0.00162536,-0.01999084,0.00805368,-0.02226125,0.04244443,0.00089743,-0.01579039,-0.00575278,-0.0250499,-0.02776411,0.00685313,-0.00638345,-0.0120823,-0.01331175,-0.0121188,-0.01469925,0.00768288,-0.00505372,-0.00893503,-0.01231333,-0.03977424,-0.02268829,-0.01683442,0.02732195,-0.0049595,-0.01471442,0.00735461,-0.01759425,-0.01069788,-0.003841,-0.01293945,-0.0221093,-0.02395725,-0.03301918,-0.02530976,-0.0069184,-0.01175407,-0.01951061,0.00607199,-0.00760834,-0.00912347,-0.00249758,-0.0104745,-0.03398722,0.00253261,-0.02628847,0.00712212
"Np2_501820",-0.00216477,-0.01847723,-0.02043308,-0.00606889,-0.01220544,-0.01456703,0.00033209,-0.01685265,-0.02694192,-0.02565321,-0.00059644,-0.01059151,-0.00494127,-0.00451423,-0.02087835,-0.00608103,0.01228758,-0.00048399,-0.01927509,-0.03279427,-0.02095586,-0.01410505,-0.01053072,-0.01605488,-0.00296109,-0.01291212,0.01158547,-0.00421483,0.00311314,-0.00568896,-0.01295768,-0.01364763,0.0181916,-0.0053455,-0.0101295,0.0016132,-0.00751108,-0.00131526,0.00368303,-0.01249568,-0.02494657,-0.00972376,-0.00101284,-0.01468711,-0.00141252,0.00087311,-0.02197405,0.00342012,-0.01110972,-0.00482576,-0.01526155,-0.02877773,0.99561691,-0.0321469,-0.02169748,0.0081707,-0.01804107,-0.02187375,-0.01311877,0.00560241,-0.02265639,-0.01262334,-0.00880283,-0.01506553,0.00361161,-0.01333302,-0.01197899,-0.01686484,-0.0199012,-0.0058774,-0.01694235,-0.02112759,-0.02222635,-0.0177736,-0.02074766,-0.0127662,0.00889864,-0.00469052,-0.0156612,-0.00909308,-0.008663,-0.01589981,-0.02727933,-0.00689561,-0.00649136,-0.00864325,-0.01284217,0.00900046,0.00687593,-0.00267083,-0.00450055,-0.00399297,-0.00278025,-0.00976631,-0.01788149,-0.02585848,-0.01031491,-0.00890007,0.0074139,-0.0103894
"Np2_500743",-0.01735263,-0.00859005,0.01164168,-0.01183463,-0.00748524,-0.00027274,-0.00178637,0.00686375,-0.00535309,-0.01409438,-0.03189314,0.00446263,-0.00326047,0.01099581,-0.01327073,-0.02825946,-0.02432806,-0.00442608,-0.00224532,0.00368758,-0.0169955,0.00110106,-0.01310508,-0.00890314,-0.0154135,-0.01563845,-0.01788757,-0.01712313,-0.00417229,-0.00446408,0.00407207,-0.01059911,-0.02131144,-0.01870973,-0.02683702,-0.00840768,-0.01236498,-0.00085024,-0.00238665,-0.01431018,-0.00335773,0.00046735,-0.02562282,-0.00616765,0.0162251,-0.02738412,-0.00570414,0.00342924,-0.01778726,-0.01651829,-0.01008544,0.00162536,-0.0321469,0.97876421,-0.0218403,-0.01491959,0.00157216,0.00017101,-0.01341358,-0.00654606,-0.01778422,0.00638201,-0.02429463,0.00318001,-0.00154625,-0.01241207,-0.00741076,-0.015336,-0.02338736,-0.01817783,-0.01754109,-0.00804904,-0.02312902,-0.03098582,-0.01754715,-0.01701222,-0.01920668,-0.00604912,-0.02021114,-0.0183541,-0.00439872,-0.01893007,-0.0135929,-0.01281332,-0.0142327,-0.01288928,0.01938454,-0.01667331,-0.00815999,0.00752027,-0.00889855,-0.0223722,-0.00900191,0.01410207,-0.00571478,-0.01673112,-0.00285927,-0.00767519,-0.00671019,0.00329702
"Np2_503007",0.00403864,-0.00467532,-0.0019201,0.00119833,0.00691545,-0.01353059,-0.02401045,-0.03162108,-0.00083048,-0.03692634,0.00104788,-0.00469203,-0.01591047,0.00062539,-0.01801828,-0.03255112,-0.01403059,-0.03060141,-0.0246214,-0.01716874,-0.01839973,0.00516778,-0.00159185,-0.03705416,-0.00921922,-0.01293948,-0.01017359,0.01171463,-0.0352106,-0.0119471,-0.01237715,-0.01078756,-0.01709279,9.807e-05,-0.01122065,-0.00251734,-0.01696058,-0.0252019,-0.02354695,-0.00766,-0.01372816,-0.00078489,0.0121812,0.01370394,-0.00554306,-0.00523304,-0.00361304,0.00308883,-0.01083314,-0.00120584,0.00811448,-0.01999084,-0.02169748,-0.0218403,0.99784205,-0.02772156,-0.01168569,-0.00336078,-0.00235625,-0.00582269,-0.02146799,-3.72e-05,0.00119985,-0.01478894,-0.00644577,-0.01168872,-0.01975681,0.0095506,-0.00154017,0.00062995,0.00430611,-0.01188477,-0.00356138,0.00180316,-0.01591197,-0.00747461,-0.02015499,-0.009125,-0.00900189,-0.01276771,-0.01218567,-0.00240185,0.00764641,-0.01573723,-0.02308345,-0.006695,-0.01180574,-0.00044903,-0.00926026,-0.03050872,-0.02899507,-0.02590401,0.01178152,-0.01541654,-0.01441354,-0.00612968,-0.00122407,-0.01318258,-0.01343335,-0.00236234
"Np2_504949",-0.03037647,0.01394708,-0.01992245,-0.00798979,-0.0138224,0.0025083,-0.00827548,-0.0149743,-0.02536751,-0.01830395,-0.00722842,-0.00916906,-0.00853383,0.00085943,-0.02067166,-0.00557041,-0.01182095,-0.01061126,0.00251134,-0.01450318,0.00797314,-0.00067699,0.00320129,-0.02998144,-0.0205349,-0.00586677,-0.01951366,0.00343836,0.00620724,-0.01642413,-0.0223251,-0.01344095,-0.01974617,-0.00802626,-0.01296222,-0.02523074,-0.02538882,-0.02056073,-0.00963562,-0.00484248,-0.01273426,-0.00252646,-0.00946845,-0.02025528,-0.01123586,-0.02749052,-0.02070357,-0.0194726,-0.01287865,-0.02802242,-0.00836818,0.00805368,0.0081707,-0.01491959,-0.02772156,0.99055867,-0.01601075,0.00583949,-0.02719726,-0.01653049,-0.01014014,-0.00679377,-0.0052528,-0.01668248,-0.00894719,-0.01449407,-0.01602746,-0.0139227,0.0035569,-0.0001998,0.00499606,-0.01955317,-0.02749059,0.00477265,0.00726952,0.01433916,-0.0191611,-0.00873899,-0.00724815,-0.01162185,-0.00480905,0.04813423,-0.01309141,-0.03556325,-0.0193541,0.00052966,-0.01841035,0.0073835,-0.00157969,-0.00307204,-0.02268223,-0.01062493,-0.00211767,-0.00773598,-0.01600314,-0.02139662,-0.00509323,-0.00383036,0.00108586,-0.00243225
"Np2_502788",-0.0243706,-0.02427031,0.00355994,-0.00395954,-0.00067395,-0.00865844,-0.015491,0.00136549,-0.00750802,-0.00621932,-0.01748335,-0.00179549,0.00932568,-0.02778384,0.00159496,-0.02357577,-0.01295768,-0.02268984,-0.00911132,-0.00788946,-0.02370954,0.00274538,-0.01875532,-0.01500931,-0.01255343,-0.00517986,-0.0356954,-0.01152762,-0.00085631,-0.02272786,0.04598841,-0.00454766,-0.02255458,-0.01007481,-0.01166743,-0.0151217,-0.01391205,-0.00969184,-0.01381174,-0.01950452,-0.0208616,-0.00366319,0.00124847,-0.00893048,0.03701762,-0.01267044,-0.01895288,-0.01893766,-0.00398537,-0.0002849,-0.03868316,-0.02226125,-0.01804107,0.00157216,-0.01168569,-0.01601075,0.98767693,-0.01581318,-0.02848595,-0.00490175,-0.02844947,0.0016436,0.00212078,0.01348663,-0.01373119,0.06141782,0.00745491,-0.02828082,0.00302804,-0.00224836,-0.01164163,-0.01993005,0.00161472,-0.01292879,-0.01590284,-0.00959306,0.00660086,-0.02917589,-0.03026851,0.01885113,-0.01096077,0.00323016,-0.00890919,-0.02423843,-0.00863717,0.04027282,-0.0032863,-0.03280948,-0.02779148,-0.00983166,-0.02229926,-0.03136578,-0.03471221,-0.02878076,-0.01349259,-0.02694049,-0.01322056,0.0011117,-0.01524786,0.00068619
"Np2_502380",-0.0301789,-0.00135629,-0.00969488,-0.02055771,-0.03049352,-0.0135549,-0.02798596,0.08157206,-0.02516994,-0.01947411,-0.01964437,-0.00380453,-0.00316929,-0.00426195,-0.01758668,-0.01646663,-0.01511869,0.00402345,-0.00960067,-0.00883472,0.00224387,-0.02008353,-0.0034398,-0.00790014,0.00747316,-0.01433152,0.01396532,-0.0228068,-0.01426308,-0.02139356,-0.02410315,-0.01141974,-0.02167618,-0.02317766,0.00440792,0.06143759,-0.01698488,-0.03191288,0.01062198,-0.00722841,-0.02773367,-0.01570225,-0.0101827,0.08176216,-0.01726906,-0.02045432,-0.00956418,-0.03264837,-0.00948971,-0.01627516,-0.01592109,0.04244443,-0.02187375,0.00017101,-0.00336078,0.00583949,-0.01581318,0.98776205,-0.02608788,-0.01253368,-0.02407578,-0.00993955,-0.02313967,-0.01542112,-0.01923553,-0.02903756,0.00711755,-0.01782832,-0.02922303,-0.02112606,-0.00438049,-0.0204194,-0.02622923,-0.02466389,-0.00924961,0.02395886,-0.02321869,-0.00747764,-0.01282544,-0.01096837,0.00465867,-0.00972071,-0.03082629,-0.01728125,-0.01398955,-0.03589752,-0.01821278,-0.00336077,-0.01490746,-0.02384634,-0.00029706,0.02619737,-0.00891072,0.00370734,-0.008663,-0.01618404,-0.01690127,-0.0116872,-0.02500737,0.00080472
"Np2_500831",-0.00911436,-0.01478892,0.00757043,-0.02228866,0.00424837,-0.00343219,-0.01072068,-0.02516995,-0.01519922,-0.01436642,-0.0011633,-0.03045855,-0.01736178,-0.01556699,-0.01475852,-0.01363848,-0.0170016,-0.01351238,0.01283164,-0.01451687,-0.01574785,-0.00631355,-0.00896999,-0.02710769,0.02899364,-0.01408686,0.01177847,-0.00523759,-0.00839553,-0.00716764,-0.00425436,-0.00737583,-0.01626455,-0.00621629,-0.01327984,-0.01187108,-0.01643627,0.00936366,-0.01709583,-0.02157284,0.01111132,0.0038426,-0.00872227,-0.01798941,-0.01276924,-0.01337102,-0.00810375,0.00589267,-0.00909308,0.01329968,-0.01947568,0.00089743,-0.01311877,-0.01341358,-0.00235625,-0.02719726,-0.02848595,-0.02608788,0.99569899,-0.00469052,-0.024439,-0.00787125,-0.01955167,-0.0011952,-0.01200027,-0.03000866,-0.00631507,-0.00208271,-0.02365942,-0.01693018,-0.00443977,-0.02321414,0.00577718,-0.01241362,-0.01964284,-0.00619046,-0.00382581,-0.0151354,-0.00589411,-0.02744039,0.00946244,-0.00385316,-0.02708632,-0.01536491,-0.01678429,-0.00662661,-0.0090019,0.0094974,-0.0268204,-0.00855663,-0.01023438,-0.03130654,-0.02659853,-0.02005922,-0.01267348,-0.00028642,-0.02592677,-0.00794722,0.00836675,0.0515035
"Np2_501397",-0.01592413,-0.01688763,0.00516778,-0.00964626,2.208e-05,-0.00674666,-0.02072181,0.00434106,-0.01623413,-0.00780285,-0.01116445,0.01470542,-0.00806273,-0.03225481,-0.00242009,-0.02196795,0.00871021,-0.01606699,9.503e-05,-0.01023284,0.00677259,-0.00977999,0.00914332,-0.01081798,-0.01474486,-0.01466586,-0.02223393,-0.00991979,-0.02447546,-0.0258311,-0.01106414,-0.02831884,-0.00650959,0.00627413,-0.01477066,-0.03570147,-0.01747119,-0.0263204,-0.00551723,-0.02367155,-0.00800801,-0.02059569,0.0019445,-0.02130388,-0.01122067,-0.0060476,0.0283979,-0.01839363,-0.01544695,0.01469628,-0.0159515,-0.01579039,0.00560241,-0.00654606,-0.00582269,-0.01653049,-0.00490175,-0.01253368,-0.00469052,0.99834058,-0.01681164,-0.02364725,0.0008412,-0.01134834,-0.00558865,-0.00991979,-0.02057137,-0.01573114,-0.00873748,-0.0103666,0.00622702,0.00538509,-0.00741534,-0.01663991,-0.03541884,-0.02318223,-0.0024292,-0.00659622,0.00158128,-0.00020892,-0.00540173,-0.00731959,-0.00775726,-0.01594392,-0.02192241,-0.02255459,0.00592003,-0.00567071,0.00117097,-0.00184107,-0.01825992,-0.03249342,-0.02565784,-0.00452943,-0.0152281,-0.00420878,-0.00644577,-0.01886018,0.01006729,-0.01153526
"Np2_504750",-0.00664636,-0.00609016,-0.01503662,-0.00857487,-0.00711292,-0.00841072,-0.02162602,-0.01236801,-0.03507077,-0.01828115,-0.00568592,-0.01340143,-0.01778122,-0.02525658,-0.01912917,-0.01892094,-0.00146419,-0.02988866,-0.02178106,-0.01721584,-0.02300592,-0.01995436,0.00535166,-0.0091387,-0.01808059,-0.00493216,-0.00839705,-0.0147752,-0.01793315,-0.01716118,-0.02458185,0.04235485,-0.0008791,-0.01453817,-0.0019976,-0.01791339,0.0007728,-0.00442912,0.00558417,-0.00405983,-0.02289344,-0.02590703,-0.02160325,0.00453863,-0.00817366,0.01280425,-0.02068077,-0.02188132,0.00902781,-0.00231673,-0.01974314,-0.00575278,-0.02265639,-0.01778422,-0.02146799,-0.01014014,-0.02844947,-0.02407578,-0.024439,-0.01681164,0.98802043,-0.00221188,-0.00811744,-0.00343828,-0.01682682,-0.00626491,-0.00749435,0.01406258,0.06603936,-0.01795748,-0.0120018,-0.01238778,-0.02853157,-0.0155685,-0.011248,-0.00068307,0.00988796,-0.01585878,0.00204479,-0.01585421,-0.01527216,-0.00807184,-0.01458831,-0.02596633,0.00088071,-0.00932559,-0.02279467,-0.01979631,0.02154255,-0.00700046,-0.00883017,0.00778621,-0.00878155,-0.01060061,-0.00093533,0.01388328,-0.00886967,-0.01429347,0.00870716,-0.02398921
"Np2_502993",-0.01393788,-0.02797079,0.00365871,-0.02589643,-0.01622809,0.00116641,0.00709931,-0.01251694,0.00064515,-0.00460084,-0.00218757,-0.0168937,-0.0262885,-0.01704717,0.0231215,-0.01405488,-0.01346678,-0.00481057,-0.00734087,0.00223931,-0.00461453,-0.02238284,-0.00695486,-0.00305685,-0.00485616,-0.00614488,-0.00991372,-0.01993914,0.0010661,0.00898072,-0.00375893,-0.02086165,-0.01136199,-0.01833438,-0.01977501,-0.01000793,-0.01761252,-0.01020094,-0.02435086,-0.01180725,-0.00647767,-0.01481019,-0.00929064,-0.00959155,-0.02488731,-0.02913635,0.0068288,-0.00212222,-0.0073819,-0.01310355,-0.00803842,-0.0250499,-0.01262334,0.00638201,-3.72e-05,-0.00679377,0.0016436,-0.00993955,-0.00787125,-0.02364725,-0.00221188,0.99061035,-0.01860033,-0.0219756,-0.00421029,-0.03407232,-0.00870707,0.0218161,0.03336885,-0.02129779,-0.02157288,-0.01071308,-0.0150032,-0.00340789,-0.0141324,-0.02621098,0.03405424,-0.02284635,-0.02819413,-0.00718889,-0.00615093,-0.01004441,-0.02355149,-0.00331975,-0.00169974,-0.01585726,-0.03023816,-0.0146263,-0.01507918,-0.01869912,-0.00882714,-0.02002124,-0.02124006,0.01128607,-0.02342381,-0.01240453,0.00161928,0.0040979,-0.00724664,-0.01350022
"Np2_501934",0.00918284,-0.00758554,-0.00665397,-0.00703087,-0.00952014,-0.00534702,-0.01704263,-0.01811857,-0.00617222,-0.01536944,-0.00672541,-0.02021578,-0.01380569,-0.01930547,0.01037732,-0.01342574,-0.00159185,-0.03016832,0.00954909,-0.019927,-0.02480528,-0.00701262,-0.01620377,-0.02339963,-0.02367919,-0.01615367,-0.01019639,0.00075001,-0.00666308,-0.02883861,-0.02638121,0.00438666,-0.01103679,-0.02241632,-0.0024292,-0.01424182,-0.01212034,0.00425748,-0.00335774,-0.02865465,-0.00615246,0.00770264,-0.00547013,-0.01716879,-0.02729759,0.00720569,0.00791388,-0.01213096,0.00327728,-0.03678959,-0.0148558,-0.02776411,-0.00880283,-0.02429463,0.00119985,-0.0052528,0.00212078,-0.02313967,-0.01955167,0.0008412,-0.00811744,-0.01860033,1.00721987,-0.01876297,-0.02683255,0.00287759,-0.017804,-0.01448348,-0.02633411,-0.00805513,-0.00772233,-0.01661865,0.00720571,-0.00460237,-0.01335129,-0.01843925,-0.02154553,-0.00823597,-0.01358378,-0.01810945,-0.00354618,0.02052284,-0.00909309,-0.00922532,-0.02295429,0.00528784,0.00078496,-0.00548684,-0.00700351,0.01581938,0.00107218,-0.00541086,-0.00374222,-0.01513541,-0.01352452,-0.00356899,-0.00504612,-0.00241552,-0.00373007,-0.02077354
"Np2_504242",-0.0223069,-0.00321033,0.00228035,0.00767834,-0.01274344,-0.02498306,0.02851647,-0.02605294,-0.01471446,-0.00385164,-0.01389993,-0.02222333,-0.01520535,0.00421797,-0.00302797,-8.43e-05,-0.01119789,-0.01135594,-0.01251851,0.00192474,-0.01480717,-0.0204179,-0.00377414,-0.01005814,-0.02082367,-0.0207447,-0.02983246,-0.01432692,-0.00502332,-0.01564912,-0.00194594,-0.00537135,-0.02368224,0.00156305,-0.02586448,-0.02172027,-0.0180791,-0.01142735,-0.00810073,-0.01303367,-0.01682229,-0.00357505,-0.00504613,-0.03194183,0.03072309,-0.00635154,-0.01612931,-0.00486832,-0.01635878,-0.02420802,-0.00728921,0.00685313,-0.01506553,0.00318001,-0.01478894,-0.01668248,0.01348663,-0.01542112,-0.0011952,-0.01134834,-0.00343828,-0.0219756,-0.01876297,1.01627546,-0.01136353,-0.01432692,0.01210217,-0.01998634,-0.01208083,0.00194298,0.01139402,-0.00677251,-0.00194442,-0.01785568,-0.01475095,-0.02196649,-0.01944987,-0.02665628,-0.01331177,-0.00583181,-0.01771131,0.00362224,-0.03237644,-0.01488015,0.00482434,-0.00614183,-0.03176854,-0.00582269,-0.02010487,-0.02083736,-0.0108134,0.00033209,-0.00423005,-0.01547127,-0.01659584,-0.02442087,-0.01753958,-1.592e-05,0.01280277,0.00806891
"Np2_503096",-0.03356783,-0.01082401,-0.02296184,0.01252618,-0.01807757,-0.02970928,-0.02164881,0.01238026,-0.03220614,-0.01951971,0.00037009,0.02000916,-0.0117252,-0.00962649,-0.00380301,-0.00952162,-0.01227685,0.01735121,-0.01572505,-0.02650878,0.00204631,-0.01177078,-0.01138783,0.00877101,-0.00214653,-0.00936209,-0.02498456,0.01103683,-0.02069139,-0.01171306,-0.00378477,-0.02058354,-0.01381934,-0.0259587,-0.01569767,-0.0183921,-0.03541882,-0.03317422,-0.01389077,-0.00985748,-0.00179245,-0.01149268,-0.0137236,-0.02025527,-0.01853041,-0.02749052,-0.03301312,-0.00929063,0.17130881,-0.00720257,-0.02265336,-0.00638345,0.00361161,-0.00154625,-0.00644577,-0.00894719,-0.01373119,-0.01923553,-0.01200027,-0.00558865,-0.01682682,-0.00421029,-0.02683255,-0.01136353,0.98706289,-0.00917512,-0.00660533,-0.0158983,-0.01255192,-0.01767634,-0.01126474,-0.01833741,-0.00135173,-0.00920857,-0.01674172,-0.00587284,0.0021147,-0.01056263,-0.00922375,-0.01466124,-0.00328934,-0.01599707,-0.01567489,-0.0189985,-0.01996197,-0.00919641,-0.00914019,-0.0248341,-0.01875229,-0.01826903,-0.00839705,-0.01563994,-0.0080445,0.00199009,0.0058805,-0.00650353,-0.01968232,-0.0010949,-0.0066646,-0.00486376
"Np2_500835",-0.02239802,-0.03323954,-0.0040416,-0.01171305,-0.01359443,-0.02431433,-0.01473418,-0.02462435,-0.02316392,-0.01686021,-0.00958394,-0.01380413,-0.01909573,-0.01623715,0.01785268,-0.00747002,0.00968279,-0.00977542,-0.02005618,-0.02248156,-0.01459437,-0.02370038,-0.02225365,0.00550364,-0.01985101,-0.00396714,-0.01320689,-0.01517791,-0.02730204,-0.01589221,0.0089047,-0.00880586,-0.02103789,-0.00749435,-0.00878304,0.00250373,-0.02181749,0.00063907,0.00062235,-0.01798784,-0.02025674,-0.01126471,-0.01714291,-0.00331062,-0.01404728,0.00024396,0.00490334,-0.00571933,-0.01827355,-0.01031793,-0.02424902,-0.0120823,-0.01333302,-0.01241207,-0.01168872,-0.01449407,0.06141782,-0.02903756,-0.03000866,-0.00991979,-0.00626491,-0.03407232,0.00287759,-0.01432692,-0.00917512,0.97140787,0.01793778,-0.02098927,-0.02432957,-0.0027073,0.00902326,-0.00458413,0.01072987,-0.01095621,-0.00997905,-0.00306139,-0.02060479,-0.01854102,0.00042631,-0.01245767,-0.00534093,-0.01987227,-0.01392723,-0.026521,0.00853239,0.09634656,-0.00617676,-0.01700764,-0.00074385,-0.00481969,-0.02047864,0.0078394,-0.01739063,-0.0286318,-0.01379955,-0.00688345,-0.02538115,-0.00436225,-0.00309331,-0.01086657
"Np2_500468",-0.02210777,0.00200377,-0.00147179,-0.00519201,0.00599602,-0.0129303,-0.00608559,-0.0038182,-0.01953035,-0.00881952,0.00240801,-0.01488162,-0.01713382,0.03861024,0.00051446,-0.02693582,-0.0336423,-0.01222062,-0.00183347,-0.02051965,-0.01020094,-0.01353211,0.00478329,-0.00940313,-0.01408985,-0.02039361,-0.01580407,-0.00880888,-0.01819757,-0.01742562,-0.01770369,-0.0130747,-0.01360507,-0.01328289,-0.02414566,0.00492158,-0.01210512,-0.01548341,-0.01686786,-0.02529608,-0.00203407,-0.02115644,-0.00803841,-0.03204662,-0.01922794,-0.01663836,-0.00544428,-0.00162984,-0.00643361,-0.01063556,-0.02015954,-0.01331175,-0.01197899,-0.00741076,-0.01975681,-0.01602746,0.00745491,0.00711755,-0.00631507,-0.02057137,-0.00749435,-0.00870707,-0.017804,0.01210217,-0.00660533,0.01793778,0.98612359,-0.02297858,-0.01993614,-0.01335887,0.00369063,-0.00292614,-0.03198737,-0.00093989,-0.00968879,-0.01492872,-0.01104438,-0.01414759,0.00345203,0.00500517,-0.01234522,-0.01760643,0.00642305,-0.02303939,-0.01047752,-0.01460502,-0.00831803,-0.01565361,-0.01595453,-0.02382962,-0.00803081,-0.01147444,-0.00813416,-0.00949731,-0.02490703,0.00784398,0.00089591,0.00869347,0.00084423,-0.00161009
"Np2_504741",-0.02608182,-0.01701529,-0.02611373,-0.00627862,-0.02366098,-0.01599251,-0.0152266,-0.02496482,-0.00754755,-0.00078792,-0.01372363,-0.01262488,-0.01685269,-0.0332943,-0.01987232,-0.00492302,-0.02485087,-0.0123954,0.00179101,-0.01795899,-0.0053607,-0.03619845,-0.00724514,-0.0117055,-0.01016144,-0.02148022,-0.00518897,-0.02038139,-0.00895023,-0.00407504,-0.0111918,-0.0085384,-0.01818698,6.767e-05,-0.01413847,-0.0148573,-0.0179028,-0.01520229,-0.00062988,0.01388933,-0.01391053,-0.03105732,-0.00031074,0.03981242,0.00536839,0.0172281,0.00365112,-0.01153068,-0.01952584,-0.01293792,-0.02519737,-0.0121188,-0.01686484,-0.015336,0.0095506,-0.0139227,-0.02828082,-0.01782832,-0.00208271,-0.01573114,0.01406258,0.0218161,-0.01448348,-0.01998634,-0.0158983,-0.02098927,-0.02297858,1.00583675,-0.01281637,-0.01748488,-0.02353483,0.03276403,-0.00663118,-0.004458,-0.02080542,-0.00522545,0.04105858,-0.01477828,-0.02468517,-0.02282812,-0.01738304,0.00638202,0.00381677,0.01341066,-0.02691311,-0.02632953,0.00077736,0.00742302,-0.012634,0.00365416,-0.02188289,0.00157217,-0.0136279,-0.01271149,0.00667987,-0.02287684,-0.00885296,-0.0171642,-0.01939058,-0.00163288
"Np2_503705",-0.0152889,-0.01275709,-0.0204878,0.01332859,-0.00861288,-0.01006265,0.00225299,-0.013716,-0.00739254,-0.01096686,-0.00460238,-0.02827476,-0.00423613,-0.02158958,-0.02397248,0.00511002,-0.01010674,-0.0107207,-0.00367688,-0.00929368,0.006496,-0.00899279,-0.0072421,0.00440643,-0.01806085,-0.01463851,-0.02023097,-0.01931456,-0.01654568,-0.02413209,-0.02000302,0.00119073,0.00780294,-0.02500436,-0.00501724,-0.00619197,-0.01060519,-0.01960638,-0.00974504,-0.00859918,-0.02196189,-0.00263588,-0.01884805,0.00486233,-0.01757606,-0.01225101,-0.02597999,-0.01304733,-0.00873292,-0.00244896,-0.0008791,-0.01469925,-0.0199012,-0.02338736,-0.00154017,0.0035569,0.00302804,-0.02922303,-0.02365942,-0.00873748,0.06603936,0.03336885,-0.02633411,-0.01208083,-0.01255192,-0.02432957,-0.01993614,-0.01281637,1.00447492,-0.01429046,-0.00985447,-0.01571138,-0.01179513,0.00056005,-0.0049975,-0.01479653,-0.02869268,-0.01112796,0.00723152,-0.01963371,-0.0047665,-0.01352301,-0.02459859,-0.01682839,0.00166032,0.00710692,-0.00028338,-0.02691916,0.01274806,-0.01989817,-0.02583107,-0.012558,-0.01788002,-0.01620375,-0.01322514,-0.0192265,-0.01508069,-0.0033319,-0.0145245,0.00703246
"Np2_500558",-0.00248087,-0.0037483,-0.02789177,0.00379701,-0.03182177,-0.00333342,-0.00971008,-0.00607496,-0.01813983,-0.0170031,-0.0107906,0.00520122,0.00097341,-0.01060518,-0.01678733,-0.00700501,-0.0246533,-0.00505524,0.00502798,-0.01502597,0.0072984,-0.00651871,0.00723761,-0.00634093,-0.01072373,-0.03222452,-0.02216402,-0.02641457,-0.00662508,-0.0329038,-0.01281787,-0.02764105,-0.01084682,-0.0128042,-0.02412288,-0.00706124,-0.02302418,-0.01226926,0.0091418,-0.00901253,-0.01842403,-0.0168785,-0.02868354,-0.031264,-0.00780742,-0.00263435,-0.01879484,-0.0043425,-0.02464721,0.00807952,-0.00448384,0.00768288,-0.0058774,-0.01817783,0.00062995,-0.0001998,-0.00224836,-0.02112606,-0.01693018,-0.0103666,-0.01795748,-0.02129779,-0.00805513,0.00194298,-0.01767634,-0.0027073,-0.01335887,-0.01748488,-0.01429046,0.9987844,-0.01558678,-0.02372324,0.01696979,-0.00426043,-0.01741648,0.00485017,-0.01390902,-0.01382086,0.0051465,0.004876,-0.01900911,-0.02654988,-0.00176053,-0.00402034,-0.01790128,-0.01944528,-0.01589373,-0.00408111,-0.01106871,-0.0204635,-0.01347893,-0.00172558,-0.01327836,-0.00765088,-0.00467228,0.05148229,-0.00196873,-0.01727058,0.02199086,-0.01936781
"Np2_502667",-0.01521749,-0.02058812,0.01058552,-0.01395463,-0.01629194,-0.00224076,-0.03080505,-0.01379655,-0.01993462,-0.01180726,2.816e-05,-0.02166862,-0.00598834,-0.02060634,-0.01067966,-0.01639827,-0.02371263,-0.01444853,-0.02017022,-0.01317346,-0.02352266,-0.00375438,-0.0013958,-0.00995936,-0.01874928,0.00275755,0.00658719,0.01434219,-0.01996957,0.00329399,-0.02129933,-0.00876788,-0.01872041,-0.0226534,-0.01406402,-0.01812617,0.00223172,-0.03655562,0.01357781,-0.01916566,-0.0111006,-0.00043687,0.00310707,-0.00965538,-0.00063596,-0.00047791,-0.00493671,-0.01586335,0.00592763,0.03075193,0.01347752,-0.00505372,-0.01694235,-0.01754109,0.00430611,0.00499606,-0.01164163,-0.00438049,-0.00443977,0.00622702,-0.0120018,-0.02157288,-0.00772233,0.01139402,-0.01126474,0.00902326,0.00369063,-0.02353483,-0.00985447,-0.01558678,1.01221731,-0.02323847,-0.00579687,-0.01532538,-0.01404428,0.0030554,-0.03242053,-0.01364003,-0.01959571,-0.01849851,0.00062387,-0.0078287,-0.01358533,-0.02450746,-0.00161161,-0.00665093,-0.01054592,-0.0184894,-0.03702675,-0.00022259,-0.01694539,-0.01689372,-0.01993618,-0.0249466,-0.01862463,-0.01991494,-0.00437138,0.00084272,-0.02007598,-0.01204437
"Np2_504327",-0.02274606,-0.00228179,-0.00940462,-0.01996352,-0.01181488,-0.0225348,0.01318419,0.0137799,-0.01560954,-0.02085553,0.00739263,-0.00093078,-0.0101736,-0.01476155,-0.01714446,-0.01587243,0.028635,-0.01589831,-0.00991829,-0.0173587,-0.01874166,-0.01249873,0.01371913,-0.00213894,-0.00500206,-0.0046191,-0.00458869,-0.02707564,0.00076824,-0.00362673,-0.03353898,-0.01386495,-0.01424335,-0.00541085,-0.00016485,-0.02504686,-0.0066646,-0.00259637,-0.01036356,0.00582733,0.00234265,-0.00705365,-0.02372171,-0.01171306,-0.00953227,-0.01362937,-0.01535272,-0.03205419,-0.0186216,0.0005798,-0.03113179,-0.00893503,-0.02112759,-0.00804904,-0.01188477,-0.01955317,-0.01993005,-0.0204194,-0.02321414,0.00538509,-0.01238778,-0.01071308,-0.01661865,-0.00677251,-0.01833741,-0.00458413,-0.00292614,0.03276403,-0.01571138,-0.02372324,-0.02323847,0.99670213,-0.01286955,-0.02255001,-0.01473421,-0.0064488,-0.03326241,-0.02435998,-0.01405488,0.01348509,-0.01389532,-0.02462745,-0.00758858,-0.00665701,-0.00397322,-0.01235588,-0.0135154,0.00771935,-0.0039793,-0.00076057,-0.00927697,-0.02001517,-0.01971428,-0.00284104,0.0176141,0.00067099,0.00891991,-0.00896542,-0.02319743,-0.00802323
"Np2_504015",-0.02004557,-0.02526423,-0.01415065,0.00127735,-0.01929639,-0.00752475,0.00448695,-0.02075221,-0.01184526,-0.0193708,-0.01543786,-0.01783441,-0.0089928,-0.00537438,-0.02751339,-0.02304999,-0.02170206,-0.00955053,-0.00493823,-0.01374639,-0.00236385,0.0082862,-0.02598001,-0.02101825,-0.0076205,-0.00283041,-0.00036849,-0.02209562,-0.02069446,-0.00989247,0.00305084,-0.00067851,-0.01260664,-0.00605369,-0.00597465,0.01944535,-0.01004291,-0.00080768,-0.00249607,-0.00818887,0.00458725,-0.0025295,-0.00263284,-0.02633715,-0.01473422,-0.0279495,-0.00961283,-0.00123927,-0.01045018,-0.01267653,-0.01034685,-0.01231333,-0.02222635,-0.02312902,-0.00356138,-0.02749059,0.00161472,-0.02622923,0.00577718,-0.00741534,-0.02853157,-0.0150032,0.00720571,-0.00194442,-0.00135173,0.01072987,-0.03198737,-0.00663118,-0.01179513,0.01696979,-0.00579687,-0.01286955,1.0080315,-0.02212907,-0.00671476,-0.01332242,-0.02721857,-0.01922797,0.00764184,-0.00980127,-0.01712166,-0.00034721,0.04146279,-0.01991339,-0.00613575,-0.02150904,0.00179861,-0.01632686,-0.01252458,-0.0055066,-0.00779222,-0.01093192,0.00441401,-0.02506361,-0.01357467,-0.00909007,-0.01284673,-0.02678086,-0.01229055,-0.01428896
"Np2_501564",-0.009666,-0.01093343,-0.01577671,-0.00688345,-0.0262414,-0.00383188,-0.01309595,0.00102508,-0.01392722,-0.0171976,-0.00019524,-0.00684696,0.00518602,-0.0062406,-0.01622198,-0.00172861,-0.01299415,0.00189282,0.01106422,-0.01886775,0.00011325,-0.00063443,-0.00526648,0.00334263,-0.02064431,-0.02238898,-0.02266246,0.01092742,0.00305843,-0.00194442,-0.00830131,0.00620573,0.00704308,-0.02105311,-0.01687086,-0.00907939,-0.01166897,-0.00380148,-0.01035291,-0.00723144,-0.01998626,-0.03227,-0.03252531,-0.01003073,-0.01514451,-0.02212902,-0.010631,-0.0075764,-0.02955277,-0.00427259,-0.00543821,-0.03977424,-0.0177736,-0.03098582,0.00180316,0.00477265,-0.01292879,-0.02466389,-0.01241362,-0.01663991,-0.0155685,-0.00340789,-0.00460237,-0.01785568,-0.00920857,-0.01095621,-0.00093989,-0.004458,0.00056005,-0.00426043,-0.01532538,-0.02255001,-0.02212907,0.98380421,-0.00211006,0.0013123,-0.00073017,-0.01158385,-0.01677968,-0.00154929,-0.01358073,-0.00972375,-0.02323082,-0.01409291,-0.01049728,-0.02419887,-0.01092126,-0.01324185,-0.00412062,-0.00150978,0.00425899,-0.00678313,0.00628324,0.00416021,-0.01702436,-0.00144596,-0.02587052,-0.00393977,-0.00966144,-0.00223772
"Np2_500339",0.0103074,-0.03077615,-5.847e-05,-0.0042346,0.00877707,-0.01926744,-0.01500622,-0.00255685,0.01151707,-0.00527863,-0.01836631,-0.02015498,-0.02954978,-0.00830283,-0.01843619,0.02219597,-0.01733593,-0.0149105,-0.01348958,0.01630258,0.01400786,-0.00376045,-0.01827054,-0.00874966,-0.02392231,0.0071586,-0.00740014,-0.02016102,-0.0175441,-0.00385469,-0.00170126,-0.0181961,-0.00018613,-0.01840429,-0.01756538,-0.01159753,-0.00734847,-0.0079913,-0.01788607,-0.02281898,-0.01080273,-0.03873937,-0.00510539,-0.02227496,0.02200148,-0.01309747,-0.00828612,-0.00811894,-0.00927544,-0.01271755,0.00511307,-0.02268829,-0.02074766,-0.01754715,-0.01591197,0.00726952,-0.01590284,-0.00924961,-0.01964284,-0.03541884,-0.011248,-0.0141324,-0.01335129,-0.01475095,-0.01674172,-0.00997905,-0.00968879,-0.02080542,-0.0049975,-0.01741648,-0.01404428,-0.01473421,-0.00671476,-0.00211006,0.99138246,0.00639266,-0.00674363,0.00063907,-0.01960177,-0.01364152,0.00776038,-0.00677097,-0.00690472,-0.00597314,-0.02593287,-0.00848064,-0.02286154,0.01949701,-0.01758062,-0.00691536,0.00478025,-0.02085099,0.00908405,0.00392163,-0.01224796,-0.02372024,0.01461878,-0.01116898,-0.02084188,-0.03773339
"Np2_504860",0.00643521,-0.02963335,-0.00134717,-0.00977849,-0.01652292,-0.02800268,-0.01112795,-0.00460541,-0.0191018,-0.01416582,-0.02877324,-0.01475701,-0.00166023,0.00879682,-0.02504386,-0.01556546,-0.00175598,-0.02015044,-0.01204283,0.01319026,-0.00992436,-0.00352946,-0.01393638,-8.32e-06,-0.00545493,-0.01312641,-2.656e-05,-0.00974806,0.00137916,-0.0179089,-0.02943276,-0.00869493,-0.01712774,-0.01482996,-0.01323121,-0.00574366,-0.01289234,-0.00836818,-0.01932675,-0.0069351,0.01739071,-0.01905624,-0.01277684,-0.00988637,0.00369215,-0.00450815,-0.02461985,-0.0147266,-0.02150599,-0.01172671,-0.00696551,-0.01683442,-0.0127662,-0.01701222,-0.00747461,0.01433916,-0.00959306,0.02395886,-0.00619046,-0.02318223,-0.00068307,-0.02621098,-0.01843925,-0.02196649,-0.00587284,-0.00306139,-0.01492872,-0.00522545,-0.01479653,0.00485017,0.0030554,-0.0064488,-0.01332242,0.0013123,0.00639266,0.99914005,-0.02794042,-0.00414494,0.00691998,-0.01189084,-0.00097485,-0.0085156,-0.02475815,-0.01030126,-0.00062684,-0.00870556,0.0038122,-0.02510312,-0.01279053,-0.02248926,-0.01930395,-0.00116785,-0.02730976,-0.00207815,-0.02280683,-0.02759246,-0.00581812,-0.01914436,0.00689568,-0.01060368
"Np2_500645",0.073995,-0.01602293,-0.01387558,-0.02534631,-0.00488808,-0.01439227,-0.01985712,0.0004947,-0.0235758,-0.01164921,0.00383349,-0.01451994,-0.01023743,-0.02941451,-0.01371298,0.00913875,-0.03069716,0.00607353,0.0112937,-0.01651071,-0.02685991,-0.02669577,0.01228758,-0.00265868,-0.02163062,-0.02124771,0.0053775,-0.01482993,-0.00431059,-0.01843167,-0.01658217,-0.01514455,0.0010418,0.02127206,-0.01314611,-0.01447281,-0.02192544,-0.00083656,-0.01073133,-0.02143912,-0.01595756,-0.0217066,-0.00311762,-0.00585005,-0.0319357,-0.01612472,-0.00584244,-0.02072029,-0.01868543,-0.01133767,-0.01994984,0.02732195,0.00889864,-0.01920668,-0.02015499,-0.0191611,0.00660086,-0.02321869,-0.00382581,-0.0024292,0.00988796,0.03405424,-0.02154553,-0.01944987,0.0021147,-0.02060479,-0.01104438,0.04105858,-0.02869268,-0.01390902,-0.03242053,-0.03326241,-0.02721857,-0.00073017,-0.00674363,-0.02794042,1.00265407,-0.03354202,-0.01731007,-0.01575696,2.208e-05,-0.02529916,-0.0041571,-0.00109795,-0.0164986,-0.00071801,-0.00582876,-0.00161464,0.00127583,-0.02301204,-0.00797307,-0.0094411,-0.00321337,-0.01460655,-0.02196188,-0.02446796,-0.01454728,0.00373622,-0.01870216,-0.01082252
"Np2_501834",-0.01542718,-0.00332126,-0.03035215,-0.02328254,-0.00479994,-0.01217654,-0.00442,-0.01871732,-0.01528127,-0.00487438,-0.01081947,-0.01306406,-0.0095414,-0.01002617,-0.00754603,-0.01979933,-0.00872531,-0.01952127,-0.0184043,-0.01505484,-0.01066293,-0.01110667,-0.01011584,-0.02506216,-0.00816911,-0.01508073,-0.0074518,-0.00243224,0.00033665,-0.01074501,-0.00904749,0.00485169,0.07392352,-0.01572049,-0.0223281,-0.01879178,-0.03110744,-0.01792102,0.00303412,-0.03290066,-0.0043197,-0.01341206,0.0021375,-0.01959117,-0.02789631,-0.02469883,-0.01213703,-0.00832259,-0.01662167,-0.00805815,-0.01211121,-0.0049595,-0.00469052,-0.00604912,-0.009125,-0.00873899,-0.02917589,-0.00747764,-0.0151354,-0.00659622,-0.01585878,-0.02284635,-0.00823597,-0.02665628,-0.01056263,-0.01854102,-0.01414759,-0.01477828,-0.01112796,-0.01382086,-0.01364003,-0.02435998,-0.01922797,-0.01158385,0.00063907,-0.00414494,-0.03354202,0.99006318,-0.01205495,-0.0121735,-0.01174342,-0.02703465,-0.02519277,-0.0081524,-0.0313035,-0.00610079,-0.00543668,-0.00730135,-0.00273922,0.01582848,-0.01274795,0.01891346,-0.01148358,-0.01603809,0.13587085,-0.00614336,0.00438513,-0.00301428,0.00099013,-0.02289199
"Np2_500557",0.0018685,-0.02386604,-0.00697765,-0.01647274,-0.02701641,-0.01554872,-0.01721432,-0.01388314,-0.02503618,-0.00535916,-0.01464758,-0.02904973,-0.00364344,-0.00762351,-0.01517338,-0.01116592,0.00385931,-0.00313737,-0.00278024,0.00907945,-0.01631467,-0.00961584,0.00900349,0.01548504,-0.01488464,-0.00264804,-0.02814855,-0.00033353,-0.01260963,-0.01928418,-0.01880241,-0.00961433,-0.00026666,-0.02441162,-0.02205301,0.00625435,-0.00514946,-0.03466653,0.00057373,-0.00785451,-0.01422659,-0.03091743,-0.0253979,-0.01764441,-0.02427788,0.00049926,-0.02067619,0.01353216,-0.02166551,-0.01477367,0.00548843,-0.01471442,-0.0156612,-0.02021114,-0.00900189,-0.00724815,-0.03026851,-0.01282544,-0.00589411,0.00158128,0.00204479,-0.02819413,-0.01358378,-0.01331177,-0.00922375,0.00042631,0.00345203,-0.02468517,0.00723152,0.0051465,-0.01959571,-0.01405488,0.00764184,-0.01677968,-0.01960177,0.00691998,-0.01731007,-0.01205495,0.96979069,-0.00901099,-0.00280607,-0.00624364,-0.01640736,-0.02109871,-0.01902278,0.0001011,0.02340868,-0.02556657,-0.00535157,-0.01763377,-0.00684999,0.07298577,0.00322864,-0.01272361,-0.00716152,-0.02349682,-0.01418404,-0.00319512,-0.01074043,-0.01562627
"Np2_503606",-0.02408489,-0.01410656,-0.00223316,-0.00868884,-0.03442953,-0.0185547,-8.32e-06,0.00529846,-0.00539868,-0.00654149,-0.00868732,-0.02126586,-0.02458186,-0.01245312,-0.01118874,-0.00231825,-0.01479954,-0.01358987,-0.00441848,-0.01505027,-0.01825686,-0.0041115,-0.01634204,-0.01593936,-0.0093803,-0.00489416,-0.01291815,-0.01412932,-0.02123847,-0.00922074,-0.02332809,-0.0111006,-0.00357657,-6.302e-05,-0.00682263,-0.01407615,0.02862128,-0.00013597,-0.01246225,-0.01526759,-0.00613877,-0.00444128,0.00031842,-0.01913069,-0.02150901,-0.00964927,-0.00286231,-0.00664635,-0.02178407,-0.02811359,-0.01362635,0.00735461,-0.00909308,-0.0183541,-0.01276771,-0.01162185,0.01885113,-0.01096837,-0.02744039,-0.00020892,-0.01585421,-0.00718889,-0.01810945,-0.00583181,-0.01466124,-0.01245767,0.00500517,-0.02282812,-0.01963371,0.004876,-0.01849851,0.01348509,-0.00980127,-0.00154929,-0.01364152,-0.01189084,-0.01575696,-0.0121735,-0.00901099,0.98140884,-0.01766567,-0.00438656,0.00155849,-0.0158983,-0.01883739,0.00150226,-0.00193682,-0.00866452,-0.01990726,-0.01364914,0.00579693,-0.00995627,-0.02074918,-0.0196808,-0.01381476,0.0163528,-0.00716001,0.0099077,-0.01177078,-0.01392118
"Np2_502851",-0.01195314,-0.02188286,0.00123631,0.00587444,-0.01181183,0.00299916,-0.0188784,-0.02147402,-0.03429874,-0.01279808,-0.00400209,-0.00974199,-0.01533753,0.00241408,-0.01075867,-0.01936469,-0.00297173,-0.02091026,-0.0374218,0.00164055,-0.00217389,-0.03331552,-0.01606393,-0.01307776,-0.00499901,-0.02178868,-0.00975262,-0.01461107,-0.01199416,-0.00134413,-0.00846088,0.00574222,-0.00998513,-0.02379616,-0.01779027,-0.02382804,-0.02474597,0.00166183,0.00969951,-0.01362177,-0.01953794,0.00480304,-0.00457045,-0.01079818,-0.01591196,-0.01013101,-0.00653542,-0.02323687,0.00098556,-0.00473609,-0.01137263,-0.01759425,-0.008663,-0.00439872,-0.01218567,-0.00480905,-0.01096077,0.00465867,0.00946244,-0.00540173,-0.01527216,-0.00615093,-0.00354618,-0.01771131,-0.00328934,-0.00534093,-0.01234522,-0.01738304,-0.0047665,-0.01900911,0.00062387,-0.01389532,-0.01712166,-0.01358073,0.00776038,-0.00097485,2.208e-05,-0.01174342,-0.00280607,-0.01766567,0.97998925,-0.0079077,-0.01746357,-0.00118304,-0.00716154,0.00421189,0.00335629,-0.00063595,-0.02373234,-0.00865997,-0.02021574,-0.01378135,-0.00679377,-0.02593738,-0.00320272,0.00705678,-0.00536221,-0.00622692,-0.0204589,-0.01364306
"Np2_500321",-0.0053607,0.03136436,-0.02727628,0.00380461,-0.02239201,0.00442464,-0.00347171,-0.01366584,-0.02253936,-0.01258837,-0.01610195,-0.00573303,-0.00889705,-0.03339306,-0.01161274,-0.02082664,-0.01537553,-0.02434783,-0.01973555,-0.00863564,-0.00150826,0.00078344,-0.00187299,-0.0121082,-0.00782869,8e-07,-0.00680745,-0.01789667,0.00386843,-0.0073652,-0.02208044,-0.01334825,-0.01874166,-0.02677783,-0.01362937,-0.00279848,-0.03684583,-0.00633482,-0.02717143,0.01318266,-0.00519504,-0.02614106,-0.01697425,-0.01788303,-0.00901557,-0.0129607,-0.00678161,-0.01694839,0.0914654,0.00140044,-0.02119294,-0.01069788,-0.01589981,-0.01893007,-0.00240185,0.04813423,0.00323016,-0.00972071,-0.00385316,-0.00731959,-0.00807184,-0.01004441,0.02052284,0.00362224,-0.01599707,-0.01987227,-0.01760643,0.00638202,-0.01352301,-0.02654988,-0.0078287,-0.02462745,-0.00034721,-0.00972375,-0.00677097,-0.0085156,-0.02529916,-0.02703465,-0.00624364,-0.00438656,-0.0079077,0.992264,-0.01436644,-0.02012157,-0.0223008,-0.00864781,-0.00600808,-0.00696094,-0.0349204,-0.00434707,-0.01848634,0.00557657,-0.02937958,-0.01417798,-0.02442074,-0.026015,-0.01624629,-0.02273389,0.00072266,-0.01084987
"Np2_500154",-0.02327491,-0.00949732,-0.01844378,-0.00286384,-0.00292159,-0.0157691,-0.02168986,-0.01896655,0.0030098,-0.00846695,-0.01395613,-0.02516694,-0.02088445,-0.00389267,-0.00156449,-0.01928871,0.00059956,0.01807004,-0.01166291,-0.00664179,-0.00741685,0.0032332,-0.01644387,-0.01558528,0.00449911,-0.00043687,0.00977551,-0.01073586,-0.02194818,-0.02543141,-0.03345994,-0.01059456,-0.01674781,-0.00350819,-0.02896007,-0.00171646,0.02076901,-0.00038976,-0.01317195,-0.01643322,-0.01292727,0.00016797,-0.00175901,-0.0041875,-0.00610992,-0.02206065,0.00569815,0.00328183,-0.01717484,-0.01651375,0.00815551,-0.003841,-0.02727933,-0.0135929,0.00764641,-0.01309141,-0.00890919,-0.03082629,-0.02708632,-0.00775726,-0.01458831,-0.02355149,-0.00909309,-0.03237644,-0.01567489,-0.01392723,0.00642305,0.00381677,-0.02459859,-0.00176053,-0.01358533,-0.00758858,0.04146279,-0.02323082,-0.00690472,-0.02475815,-0.0041571,-0.02519277,-0.01640736,0.00155849,-0.01746357,-0.01436644,0.99275645,0.00573159,-0.00678162,-0.01820368,-0.00507803,0.00308731,-0.00131678,0.00023028,-0.00904597,-0.01233764,-0.01917935,-0.01415975,-0.01422053,0.00226972,-0.0300573,-0.02195579,-0.02038293,-0.00581661
"Np2_500343",0.00090806,-0.01540442,-0.00155537,-0.01728128,-0.02174617,0.00248703,-0.00191402,-0.02031456,0.01260367,-0.02212451,-0.00557803,-0.00432731,-0.02420807,-0.02028569,-0.0073196,0.00504621,-0.01928878,-0.00090646,-0.01498651,-0.01026933,-0.0186429,0.00948374,-0.00502637,0.0142207,0.00147947,-0.01728586,-0.01330419,0.00493678,-0.01736937,-0.0053516,-0.02204248,-0.01103073,-0.01520838,-0.01564606,-0.00295349,-0.02206069,-0.01598799,-0.02878844,-0.01725542,0.06565034,-0.00728464,0.00231531,-0.02438282,-0.00918276,-0.00578623,0.00121049,-0.00051286,-0.00976784,-0.01730708,-0.02667602,-0.01811557,-0.01293945,-0.00689561,-0.01281332,-0.01573723,-0.03556325,-0.02423843,-0.01728125,-0.01536491,-0.01594392,-0.02596633,-0.00331975,-0.00922532,-0.01488015,-0.0189985,-0.026521,-0.02303939,0.01341066,-0.01682839,-0.00402034,-0.02450746,-0.00665701,-0.01991339,-0.01409291,-0.00597314,-0.01030126,-0.00109795,-0.0081524,-0.02109871,-0.0158983,-0.00118304,-0.02012157,0.00573159,1.01772241,-0.01314463,-0.01879183,-0.02223091,0.0151127,0.00614952,-0.03363935,0.0137693,-0.00502333,0.00834701,-0.01110061,-0.01268109,-0.00409329,-0.02426273,-0.03105427,-0.00942136,0.00134574
"Np2_504224",-0.01920365,-0.01773563,-0.01133312,-0.00274379,0.03473512,-0.01048208,-0.01108388,-0.00243376,0.02486154,-0.02475964,-0.0127723,-0.04267544,-0.00131223,-0.01441051,0.12089144,-0.01491351,0.02123558,-0.02056228,-0.01853348,-0.00500205,-0.02720488,-0.01488314,-0.00568592,-0.03339776,-0.00480298,-0.00654761,-0.00742901,0.02038602,-0.01970057,-0.00601114,-0.01875078,-0.01108238,-0.01070093,-0.00961891,-0.02580063,-0.01208232,0.01222679,-0.02336916,-0.01411569,0.00587443,-0.01478283,-0.01673262,-0.00315866,-0.01683292,-0.02939324,-0.01327833,-0.01804108,-0.00343675,-0.00930433,-0.01229052,-0.01771132,-0.0221093,-0.00649136,-0.0142327,-0.02308345,-0.0193541,-0.00863717,-0.01398955,-0.01678429,-0.02192241,0.00088071,-0.00169974,-0.02295429,0.00482434,-0.01996197,0.00853239,-0.01047752,-0.02691311,0.00166032,-0.01790128,-0.00161161,-0.00397322,-0.00613575,-0.01049728,-0.02593287,-0.00062684,-0.0164986,-0.0313035,-0.01902278,-0.01883739,-0.00716154,-0.0223008,-0.00678162,-0.01314463,1.00150806,-0.01717181,0.01327841,-0.01654873,-0.01730556,-0.02214125,-0.0216914,-0.01191365,-0.02498614,-0.01084833,-0.01106109,-0.01174347,-0.00258269,-0.000408,-0.00324225,-0.01937389
"Np2_501402",-0.03731237,-0.00377869,-0.01986774,-0.00823902,-0.00419358,-0.01050639,-0.01581926,-0.01643929,-0.01300325,0.00652182,-0.00185475,-0.0124577,-0.00939095,-0.01534664,-0.00481209,-0.00946692,-0.00188819,-0.01815506,-0.00883171,-0.00396257,-0.0205425,-0.01946654,-0.011941,-0.02004866,-0.01424943,-0.0220729,0.00561609,-0.02796466,-0.01729336,-0.01728125,-0.02303025,-0.01095472,-0.01406858,-0.00842746,0.00836825,-0.01833739,0.00171654,-0.02339345,-0.01565971,-0.02332809,-0.00325743,-0.01007025,-0.01913982,-0.0124501,-0.01969147,0.00341404,-0.01092279,-0.01881002,-0.00917666,-0.01353059,-0.01773562,-0.02395725,-0.00864325,-0.01288928,-0.006695,0.00052966,0.04027282,-0.03589752,-0.00662661,-0.02255459,-0.00932559,-0.01585726,0.00528784,-0.00614183,-0.00919641,0.09634656,-0.01460502,-0.02632953,0.00710692,-0.01944528,-0.00665093,-0.01235588,-0.02150904,-0.02419887,-0.00848064,-0.00870556,-0.00071801,-0.00610079,0.0001011,0.00150226,0.00421189,-0.00864781,-0.01820368,-0.01879183,-0.01717181,0.9938599,-0.01470836,-0.00380757,-0.03663006,-0.00544885,0.00290343,-0.0278948,-0.01665209,-0.00661748,-0.0065263,0.01513096,-0.00944564,0.02236316,-0.02150295,-0.02471715
"Np2_500576",-0.01476458,-0.01329657,-0.01069332,-0.01669311,-0.01811859,-0.00102803,0.0001938,-0.01106412,-0.01066747,-0.01849694,-0.02884919,-0.02197556,-0.00523153,-0.02015343,-0.01189844,-0.01518553,-0.02098016,-0.02402564,-0.01120699,-0.02396632,-0.02534929,4.183e-05,-0.02100295,0.00599451,-0.02361532,0.00609785,-0.0073971,0.01525095,-0.00553545,-0.0299905,-0.01537551,-0.01728123,-0.00595794,-0.01217047,-0.00130158,-0.01660949,-0.02573378,0.01587101,-0.01423574,-0.03269396,0.00014213,0.01977207,-0.00403856,0.00781813,-0.03088099,-0.01567791,-0.01664141,-0.01297893,-0.00790467,-0.01484208,-0.0140321,-0.03301918,-0.01284217,0.01938454,-0.01180574,-0.01841035,-0.0032863,-0.01821278,-0.0090019,0.00592003,-0.02279467,-0.03023816,0.00078496,-0.03176854,-0.00914019,-0.00617676,-0.00831803,0.00077736,-0.00028338,-0.01589373,-0.01054592,-0.0135154,0.00179861,-0.01092126,-0.02286154,0.0038122,-0.00582876,-0.00543668,0.02340868,-0.00193682,0.00335629,-0.00600808,-0.00507803,-0.02223091,0.01327841,-0.01470836,0.98378901,-0.00511906,-0.00420421,-0.00174534,-0.00950187,-0.00109186,-0.02115494,-0.00169822,0.0257475,0.00181381,-0.00315865,-0.03077002,-0.0285893,-0.01478285
"Np2_501210",-0.02817897,-0.00984229,-0.00967056,-0.03299494,-0.01390447,-0.02371255,-0.02188285,-0.00882561,0.00038529,0.00942444,0.00059196,-0.01441811,-0.02092547,-0.02095432,-0.02592071,-0.00945172,-0.00658406,-0.01221302,-0.00668892,-0.02963024,-0.02159109,-0.01018118,0.00190346,-0.00666006,-0.01955317,-0.02631286,-0.00029554,-0.00150673,-0.00815997,-0.00100525,0.01360971,-0.00364496,-0.00812655,0.0494883,0.00731966,-0.01710643,-0.01999996,-0.02246643,-0.0186839,0.01771895,-0.02558179,0.00544588,-0.03568933,0.00200225,-0.00934231,-0.02118985,-0.0194179,-0.01575542,-0.01068116,-0.01473115,-0.00936207,-0.02530976,0.00900046,-0.01667331,-0.00044903,0.0073835,-0.03280948,-0.00336077,0.0094974,-0.00567071,-0.01979631,-0.0146263,-0.00548684,-0.00582269,-0.0248341,-0.01700764,-0.01565361,0.00742302,-0.02691916,-0.00408111,-0.0184894,0.00771935,-0.01632686,-0.01324185,0.01949701,-0.02510312,-0.00161464,-0.00730135,-0.02556657,-0.00866452,-0.00063595,-0.00696094,0.00308731,0.0151127,-0.01654873,-0.00380757,-0.00511906,0.98887462,-0.0009019,-0.039171,-0.01091064,-0.01237866,-0.01040611,-0.01237714,-0.0130458,-0.00157057,-0.0091265,-0.01439834,-0.00644273,-0.02059875
"Np2_500283",-0.002645,0.00718138,-0.0037407,-0.02341782,-0.00995022,0.0003017,-0.00349147,-0.02234789,-0.02468671,-0.01929481,-0.02888723,0.0024536,-0.00162224,0.00427571,0.00721178,0.01669013,-0.01813075,-0.01221,0.00349611,-0.01382237,-0.0092785,-0.0078986,-0.01708976,0.02677649,-0.02061395,-0.00533792,-0.00469963,-0.02004401,-0.00709315,-0.002066,-0.00188819,-0.02233426,-0.00903534,-0.01904714,-0.01775232,-0.0055537,0.01526012,-0.02535085,-0.00925874,-0.02650124,-0.01326921,-0.00412519,-0.01441053,-0.03036436,-0.01952128,-0.02817745,-0.0061935,0.00749899,-0.03347364,-0.01943919,-0.01331027,-0.0069184,0.00687593,-0.00815999,-0.00926026,-0.00157969,-0.02779148,-0.01490746,-0.0268204,0.00117097,0.02154255,-0.01507918,-0.00700351,-0.02010487,-0.01875229,-0.00074385,-0.01595453,-0.012634,0.01274806,-0.01106871,-0.03702675,-0.0039793,-0.01252458,-0.00412062,-0.01758062,-0.01279053,0.00127583,-0.00273922,-0.00535157,-0.01990726,-0.02373234,-0.0349204,-0.00131678,0.00614952,-0.01730556,-0.03663006,-0.00420421,-0.0009019,1.00590363,-0.01424489,0.01006426,-0.00948821,-0.00326048,-0.00568743,-0.00726792,-0.00551876,-0.02477638,-0.01515516,-0.01115077,-0.0177083
"Np2_502011",-0.00322553,-0.02272937,-0.01131185,-0.01305649,-0.02025684,-0.01030883,0.00580606,-0.02262448,-0.00019221,-0.00680593,-0.00044143,-0.01195621,-0.01648797,0.00171958,-0.01099728,-0.00334254,-0.02038295,-0.01096689,-0.00149155,0.00124999,-0.0033243,-0.01592565,-0.01128754,-0.02015506,-0.00706126,-0.00196722,-0.02321263,-0.01469772,-0.01360051,0.00449608,-0.00657191,0.00474379,-0.01523876,-0.00716611,0.01342885,-0.02117924,-0.02437672,-0.00055237,0.00702942,-0.00656582,-0.01992853,-0.00972073,-0.0274526,-0.00966906,-0.02435696,-0.00824204,-0.01300479,-0.02225975,-0.00062076,-0.00239121,0.00252198,-0.01175407,-0.00267083,0.00752027,-0.03050872,-0.00307204,-0.00983166,-0.02384634,-0.00855663,-0.00184107,-0.00700046,-0.01869912,0.01581938,-0.02083736,-0.01826903,-0.00481969,-0.02382962,0.00365416,-0.01989817,-0.0204635,-0.00022259,-0.00076057,-0.0055066,-0.00150978,-0.00691536,-0.02248926,-0.02301204,0.01582848,-0.01763377,-0.01364914,-0.00865997,-0.00434707,0.00023028,-0.03363935,-0.02214125,-0.00544885,-0.00174534,-0.039171,-0.01424489,1.00656631,-0.00662509,-0.00946086,-0.03104368,-0.00991524,-0.00572087,-0.01476161,-0.00332126,-0.00889704,-0.00853992,-0.01479351
"Np2_501515",0.00543068,-0.01088177,-0.01602899,-0.01822954,-0.02527792,-0.02763946,-0.0169955,-0.0046981,0.02259719,0.00048254,-0.01518862,-0.01758517,-0.0181657,-0.00755667,-0.02498458,-0.01337861,-0.01734961,-0.00094293,-0.01015992,-0.02063972,0.01931314,-0.01471596,-0.0108377,0.00324233,0.00235481,-0.0158026,-0.02200293,-0.01394394,-0.0099593,-0.00812353,-0.02405452,-0.00301277,-0.00460693,-0.0061084,0.02102124,-0.02392076,-0.0005235,-0.00785301,-0.02337067,-0.00277265,-0.03239612,-0.02583561,-0.02457122,-0.02016107,-0.00460693,0.00147795,0.01768705,-0.00843656,-0.00868125,0.00185787,-0.01830399,-0.01951061,-0.00450055,-0.00889855,-0.02899507,-0.02268223,-0.02229926,-0.00029706,-0.01023438,-0.01825992,-0.00883017,-0.00882714,0.00107218,-0.0108134,-0.00839705,-0.02047864,-0.00803081,-0.02188289,-0.02583107,-0.01347893,-0.01694539,-0.00927697,-0.00779222,0.00425899,0.00478025,-0.01930395,-0.00797307,-0.01274795,-0.00684999,0.00579693,-0.02021574,-0.01848634,-0.00904597,0.0137693,-0.0216914,0.00290343,-0.00950187,-0.01091064,0.01006426,-0.00662509,0.99317899,0.00269067,-0.01767636,-0.00779373,-0.0039033,-0.02145438,-0.00712658,-0.01878114,0.01121011,-0.01510351
"Np2_502169",0.00396265,-0.02359558,-0.00594731,-0.02045743,-0.01945138,-0.00600808,0.00372406,-0.00358264,-0.01443177,-0.01587851,0.00264357,-0.00917514,0.00057828,-0.01814288,-0.02523685,-0.02654831,-0.03219101,-0.01760797,-0.01740282,0.02302725,-0.00039128,-0.01755172,0.0088181,-0.01251093,-0.02069295,-0.02137383,-0.02590248,-0.00538196,-0.01385884,-0.02296494,-0.01093344,0.00342165,-0.01488922,-0.02763647,-0.0064336,0.00941229,0.00195969,-0.0257338,-0.00158729,-0.01487857,-0.01061277,5.095e-05,-0.02695107,0.00435778,-0.01884044,-0.02232964,-0.01067965,-0.00868883,-0.01060518,-0.00964017,-0.01521292,0.00607199,-0.00399297,-0.0223722,-0.02590401,-0.01062493,-0.03136578,0.02619737,-0.03130654,-0.03249342,0.00778621,-0.02002124,-0.00541086,0.00033209,-0.01563994,0.0078394,-0.01147444,0.00157217,-0.012558,-0.00172558,-0.01689372,-0.02001517,-0.01093192,-0.00678313,-0.02085099,-0.00116785,-0.0094411,0.01891346,0.07298577,-0.00995627,-0.01378135,0.00557657,-0.01233764,-0.00502333,-0.01191365,-0.0278948,-0.00109186,-0.01237866,-0.00948821,-0.00946086,0.00269067,0.99495424,-0.01808061,-0.008046,-0.01783285,-0.02003497,-0.01300173,-0.03650995,-0.01578888,-0.00790924
"Np2_502711",0.04180017,0.01302617,-0.01719613,-0.00982256,-0.01428745,-0.01452145,0.00356906,-0.02622922,0.00577718,-0.00478777,-0.00617375,0.01741658,-0.00930282,-0.00614031,-0.01536186,-0.02108046,-0.00514339,-0.01001252,-0.03427457,0.01603362,-0.02030241,-0.01481932,-0.03556022,-0.01889675,-0.01856844,-0.01894536,-0.01937084,0.00586075,-0.02601949,-0.00792293,-0.00911285,-0.01664147,-0.02036319,0.01004907,-0.02816833,0.00621789,-0.01187263,-0.02543292,-0.0160275,-0.00469963,-0.01319931,0.00095973,-0.00324681,-0.02710308,-0.01504425,0.09210065,0.00162688,0.01091224,-0.02914858,-0.02104096,-0.00564186,-0.00760834,-0.00278025,-0.00900191,0.01178152,-0.00211767,-0.03471221,-0.00891072,-0.02659853,-0.02565784,-0.00878155,-0.02124006,-0.00374222,-0.00423005,-0.0080445,-0.01739063,-0.00813416,-0.0136279,-0.01788002,-0.01327836,-0.01993618,-0.01971428,0.00441401,0.00628324,0.00908405,-0.02730976,-0.00321337,-0.01148358,0.00322864,-0.02074918,-0.00679377,-0.02937958,-0.01917935,0.00834701,-0.02498614,-0.01665209,-0.02115494,-0.01040611,-0.00326048,-0.03104368,-0.01767636,-0.01808061,1.01136313,-0.02430985,-0.02117925,-0.01973409,-0.00874963,-0.0260271,0.00305236,-0.01323126
"Np2_502343",-0.01488009,-0.00885296,-0.01795139,0.00857039,-0.01641045,-0.00934989,-0.01527064,-0.00388507,-0.01929327,-0.01618093,-0.02197406,-0.01236499,-0.02358342,-0.01039089,0.00500669,0.01782835,-0.02428703,-0.02110175,0.01208089,-0.02104243,-0.01543478,-0.01055958,-0.00820102,-0.00263132,-0.00731807,-0.01909274,-0.01845442,-0.00720408,0.00118769,-0.00959003,-0.02688874,0.01421303,0.02264887,-0.02748296,-0.01387858,-0.00304771,-0.01901063,-0.01023133,-0.00918426,0.02098782,-0.00878761,-0.03292499,-0.00810527,-0.00278328,-0.00151434,-0.02795098,-0.01083009,0.00711754,-0.01577063,-0.007815,0.02901186,-0.00912347,-0.00976631,0.01410207,-0.01541654,-0.00773598,-0.02878076,0.00370734,-0.02005922,-0.00452943,-0.01060061,0.01128607,-0.01513541,-0.01547127,0.00199009,-0.0286318,-0.00949731,-0.01271149,-0.01620375,-0.00765088,-0.0249466,-0.00284104,-0.02506361,0.00416021,0.00392163,-0.00207815,-0.01460655,-0.01603809,-0.01272361,-0.0196808,-0.02593738,-0.01417798,-0.01415975,-0.01110061,-0.01084833,-0.00661748,-0.00169822,-0.01237714,-0.00568743,-0.00991524,-0.00779373,-0.008046,-0.02430985,0.98477391,-0.01935102,0.00154633,-0.00889702,-0.0229831,-0.01441963,-0.02158503
"Np2_504715",0.00694278,-0.02699815,-0.01375702,-0.02629152,-0.01039243,0.00776189,-0.02672914,-0.0097207,-0.00750042,-0.02247246,-0.01580408,-0.02397548,-0.02516389,-0.00634849,-0.00295653,-0.00472393,-0.01021461,-0.0263295,-0.01700615,-0.01122519,-0.00911283,-0.00666915,0.00146427,0.0064261,-0.01163401,-0.00836364,-0.00590171,-0.01729485,-0.00555977,0.00265875,-0.02573377,0.01278451,0.00055245,-0.01219478,-0.02168981,-0.02134485,-0.02742975,-0.01667484,-0.01653959,-0.0280072,-0.00565702,-0.0071509,-0.00938181,-0.00953075,-0.03242499,-0.0027848,-0.01514602,-0.00950793,-0.00154625,-0.02094517,-0.01937536,-0.00249758,-0.01788149,-0.00571478,-0.01441354,-0.01600314,-0.01349259,-0.008663,-0.01267348,-0.0152281,-0.00093533,-0.02342381,-0.01352452,-0.01659584,0.0058805,-0.01379955,-0.02490703,0.00667987,-0.01322514,-0.00467228,-0.01862463,0.0176141,-0.01357467,-0.01702436,-0.01224796,-0.02280683,-0.02196188,0.13587085,-0.00716152,-0.01381476,-0.00320272,-0.02442074,-0.01422053,-0.01268109,-0.01106109,-0.0065263,0.0257475,-0.0130458,-0.00726792,-0.00572087,-0.0039033,-0.01783285,-0.02117925,-0.01935102,0.97674882,-0.00611296,-0.00287903,-0.01529342,0.00269218,-0.01161578
"Np2_503139",-0.00787279,-0.01157174,-0.02370961,-0.03046929,-0.01715363,-0.01404428,-0.00871925,-0.01268263,-0.02307587,0.00055245,-0.00569657,-0.02177048,0.0048517,-0.01675696,0.03420173,0.00204024,-0.02594206,-0.01424643,-0.01069792,-0.02923217,-0.01678585,0.00571792,-0.03401929,-0.01583608,-0.0082132,-0.0205958,0.01788315,-0.02451197,-0.02766993,0.00243233,0.00033058,-0.02862588,-0.00377718,-0.01698038,0.0175959,-0.01792409,-0.01717033,0.00528633,-0.01038334,-0.01881159,-0.01484973,-0.02211848,-0.02754078,-0.02161092,0.01552305,-0.01805629,-0.01111734,-0.01611716,-0.00420422,-0.01159756,-0.02020974,-0.0104745,-0.02585848,-0.01673112,-0.00612968,-0.02139662,-0.02694049,-0.01618404,-0.00028642,-0.00420878,0.01388328,-0.01240453,-0.00356899,-0.02442087,-0.00650353,-0.00688345,0.00784398,-0.02287684,-0.0192265,0.05148229,-0.01991494,0.00067099,-0.00909007,-0.00144596,-0.02372024,-0.02759246,-0.02446796,-0.00614336,-0.02349682,0.0163528,0.00705678,-0.026015,0.00226972,-0.00409329,-0.01174347,0.01513096,0.00181381,-0.00157057,-0.00551876,-0.01476161,-0.02145438,-0.02003497,-0.01973409,0.00154633,-0.00611296,1.03390028,0.00890017,-0.02357434,-0.01425099,-0.02263218
"Np2_500183",-0.01922793,-0.00332278,0.01949244,-0.00398385,-0.00206599,-0.02068834,-0.01217198,-0.00868882,-0.01908202,0.00120288,-0.01659584,-0.01610496,-0.00893503,0.00152202,-0.01924921,-0.00034873,-0.00979062,-0.00812503,0.01198819,0.02688725,-0.02130232,-0.00290182,-0.01786781,-0.02962276,0.00413894,-0.01052314,-0.01110059,0.00562063,-0.00680744,-0.01515365,-0.02303023,-0.02356821,0.00507963,-0.03000717,-0.00059796,-0.02396025,-0.02244666,0.00745643,-0.00821316,0.00113905,-0.01222363,0.00163144,-0.00166326,-0.01336191,-0.03078524,-0.02150897,0.00062691,-0.01546667,-0.0129759,-0.01550618,-0.00952923,-0.03398722,-0.01031491,-0.00285927,-0.00122407,-0.00509323,-0.01322056,-0.01690127,-0.02592677,-0.00644577,-0.00886967,0.00161928,-0.00504612,-0.01753958,-0.01968232,-0.02538115,0.00089591,-0.00885296,-0.01508069,-0.00196873,-0.00437138,0.00891991,-0.01284673,-0.02587052,0.01461878,-0.00581812,-0.01454728,0.00438513,-0.01418404,-0.00716001,-0.00536221,-0.01624629,-0.0300573,-0.02426273,-0.00258269,-0.00944564,-0.00315865,-0.0091265,-0.02477638,-0.00332126,-0.00712658,-0.01300173,-0.00874963,-0.00889702,-0.00287903,0.00890017,0.97881285,-0.02337973,-0.01891944,-0.02851637
"Np2_502809",0.00437449,-0.01254583,-0.01571743,-0.01761405,-0.03150107,-0.03067123,-0.02017926,-0.01593626,-0.00748522,-0.00118152,-0.01107782,-0.00177269,0.00813271,-0.00815694,-0.01023589,-0.0094198,-0.02311686,-0.00473458,-0.01030428,0.03118951,-0.02566234,-0.01334062,-0.02010025,-0.02182517,-0.01389836,-0.02217773,-0.01910788,-0.00572997,-0.00964775,-0.00766001,0.01379358,0.00535319,-0.021316,-0.01597883,-0.02304235,0.00526503,-0.02680668,0.01267053,-0.01181334,-0.01537854,-0.01293638,-0.00850343,-0.02486754,-0.01133919,0.01865205,0.00163751,-0.00738037,0.00144907,0.00515562,-0.00603695,-0.01434516,0.00253261,-0.00890007,-0.00767519,-0.01318258,-0.00383036,0.0011117,-0.0116872,-0.00794722,-0.01886018,-0.01429347,0.0040979,-0.00241552,-1.592e-05,-0.0010949,-0.00436225,0.00869347,-0.0171642,-0.0033319,-0.01727058,0.00084272,-0.00896542,-0.02678086,-0.00393977,-0.01116898,-0.01914436,0.00373622,-0.00301428,-0.00319512,0.0099077,-0.00622692,-0.02273389,-0.02195579,-0.03105427,-0.000408,0.02236316,-0.03077002,-0.01439834,-0.01515516,-0.00889704,-0.01878114,-0.03650995,-0.0260271,-0.0229831,-0.01529342,-0.02357434,-0.02337973,0.98073097,-0.01309748,0.00177277
"Np2_500100",-0.01563235,-0.00990917,-0.02387064,-0.00525129,-0.0091083,-0.01025413,-0.01906231,-0.02241778,-0.00986356,0.01270092,-0.0096569,-0.01357316,-0.01932068,-0.01524634,-0.01990879,-0.02061238,0.00337909,-0.00088214,-0.0286395,-0.01343637,-0.0022058,-0.00128183,-0.03782758,-0.0290666,-0.00700654,-0.01513393,-0.00644121,-0.00491694,-0.03710111,-0.00259182,0.00320889,-0.01951673,-0.02308648,-0.01410203,-0.02314116,-0.02051664,-0.01991487,-0.01295921,0.00662822,-0.02748295,-0.00710835,0.02467921,-0.00809768,-0.00855055,-0.0083454,0.00290646,-0.01143038,-0.00138516,-0.01165986,-0.0073515,-0.00091862,-0.02628847,0.0074139,-0.00671019,-0.01343335,0.00108586,-0.01524786,-0.02500737,0.00836675,0.01006729,0.00870716,-0.00724664,-0.00373007,0.01280277,-0.0066646,-0.00309331,0.00084423,-0.01939058,-0.0145245,0.02199086,-0.02007598,-0.02319743,-0.01229055,-0.00966144,-0.02084188,0.00689568,-0.01870216,0.00099013,-0.01074043,-0.01177078,-0.0204589,0.00072266,-0.02038293,-0.00942136,-0.00324225,-0.02150295,-0.0285893,-0.00644273,-0.01115077,-0.00853992,0.01121011,-0.01578888,0.00305236,-0.01441963,0.00269218,-0.01425099,-0.01891944,-0.01309748,0.9993802,-0.02568065
"Np2_502545",-0.0343475,-0.01631472,-0.02495726,-0.00907335,-0.02660769,-0.01331633,-0.00996691,-0.00997907,-0.00943046,-0.01574025,0.01721904,0.01375866,-0.0137206,-0.00797459,-0.01871585,-0.01622807,-0.02870942,-0.01701379,-0.02471109,-0.0269845,-0.00405225,-0.00297629,0.00014213,-0.00203865,-0.01447588,0.02101226,-0.00631204,-0.00995475,-0.01448042,-0.01234072,-0.01839368,-0.01969152,-0.02447704,-0.00211919,-0.00523152,-0.00047943,-0.02525665,-0.01009458,-0.0060081,-0.00167087,0.00533039,0.00110106,-0.00812049,-0.01282853,0.00014213,-0.02219138,-0.00446256,-0.00262372,-0.0089472,-0.00631051,-0.01401086,0.00712212,-0.0103894,0.00329702,-0.00236234,-0.00243225,0.00068619,0.00080472,0.0515035,-0.01153526,-0.02398921,-0.01350022,-0.02077354,0.00806891,-0.00486376,-0.01086657,-0.00161009,-0.00163288,0.00703246,-0.01936781,-0.01204437,-0.00802323,-0.01428896,-0.00223772,-0.03773339,-0.01060368,-0.01082252,-0.02289199,-0.01562627,-0.01392118,-0.01364306,-0.01084987,-0.00581661,0.00134574,-0.01937389,-0.02471715,-0.01478285,-0.02059875,-0.0177083,-0.01479351,-0.01510351,-0.00790924,-0.01323126,-0.02158503,-0.01161578,-0.02263218,-0.02851637,0.00177277,-0.02568065,1.01650953
