"","Np2_500266","Np2_501386","Np2_504423","Np2_500255","Np2_502435","Np2_500617","Np2_503140","Np2_501134","Np2_500636","Np2_503783","Np2_500365","Np2_501234","Np2_503978","Np2_502316","Np2_500336","Np2_501580","Np2_501634","Np2_501600","Np2_503059","Np2_501062","Np2_504197","Np2_502761","Np2_504808","Np2_503311","Np2_501500","Np2_500391","Np2_503573","Np2_501816","Np2_504622","Np2_504217","Np2_502614","Np2_501769","Np2_503856","Np2_502396","Np2_501572","Np2_502674","Np2_503050","Np2_504224","Np2_500421","Np2_501339","Np2_500563","Np2_501204","Np2_500801","Np2_502637","Np2_501672","Np2_503756","Np2_502653","Np2_504179","Np2_500932","Np2_500254","Np2_501479","Np2_503024","Np2_504439","Np2_503518","Np2_502269","Np2_503171","Np2_501154","Np2_501768","Np2_503474","Np2_500976","Np2_503156","Np2_504066","Np2_501358","Np2_501437","Np2_501521","Np2_504819","Np2_504864","Np2_502370","Np2_500386","Np2_503030","Np2_504424","Np2_503993","Np2_502651","Np2_500845","Np2_500641","Np2_502084","Np2_503656","Np2_500172","Np2_502271","Np2_501302","Np2_504173","Np2_504194","Np2_502254","Np2_504158","Np2_501135","Np2_500781","Np2_504244","Np2_501508","Np2_501294","Np2_500825","Np2_502843","Np2_501140","Np2_503176","Np2_500677","Np2_503389","Np2_500316","Np2_500525","Np2_503808","Np2_500135","Np2_504177"
"Np2_500266",1.00013979,0.00120089,-0.00148862,-0.01446938,-0.01130551,-0.00079077,-0.00426173,0.00985016,0.00151256,-0.02252418,0.00115376,-0.01164151,-0.00729482,-0.01247617,-0.02240708,-0.00770532,-0.02240403,-0.00689802,-0.00345747,-0.0199563,-0.0117692,-0.01789016,-0.00521347,0.00691133,-0.03549885,-0.01812734,-0.01463357,-0.0144131,0.02184571,0.01193455,-0.00156006,-0.01289885,-0.01248226,-0.01685936,-0.00996912,-0.03364251,-0.01058637,-0.01980429,-0.00229744,-0.02251045,-0.00315947,-0.02488529,-0.00768708,-0.01254309,-0.00893377,-0.02457667,-0.01765908,0.00270756,-0.00811431,0.00490598,-0.00350156,-0.00990678,-0.00863122,-0.02359449,-0.01941198,-0.0186944,-0.0120672,-0.03123275,0.00645978,0.00583188,-0.02406733,-0.00107355,-0.01676357,-0.01681526,-0.00677487,-0.00043957,-0.00011269,-0.02773902,-0.02224595,-0.02589325,-0.02052642,8.93e-06,-0.0106837,0.00698582,-0.01309951,-0.0073602,-0.0231156,-0.01213715,-0.01460771,-0.01178441,-0.02856605,-0.01026559,-0.00093368,0.01909541,0.00764566,-0.00578817,-0.00077101,-0.02947522,-0.00445177,0.02174234,-0.01011508,-0.0018687,-0.00432254,0.01270082,-0.00633397,-0.01195471,-0.01027471,-0.03769122,-0.02230983,-0.02420569
"Np2_501386",0.00120089,1.00441259,-0.01007101,0.00750731,0.00443771,-0.00161937,-0.01649295,-0.01910491,-0.01193494,-0.0186397,-0.01138153,-0.02052796,-6.557e-05,-0.01725767,-0.01350545,-0.03559614,-0.02262449,0.02268039,0.02855353,0.01007821,-0.02400041,-0.0080763,-0.02018131,-0.01520217,-0.02902977,-0.02883823,-0.02428022,-0.00824809,-0.01881603,-0.00972283,-0.00284476,-0.0122071,0.0094944,0.00055626,-0.0038041,-0.00117542,-0.00624578,-0.01029449,-0.01209609,0.03671469,-0.02694531,-0.02297725,0.00866429,-0.01945309,-0.00626556,-0.00716104,-0.01681528,-0.00602686,-0.01061529,0.02946725,-0.02059791,-0.00298159,-0.02359909,-0.00040156,-0.01826413,-0.02073928,-0.00012486,-0.02141889,-0.01002842,0.00424311,0.01858609,-0.01649751,-0.02914683,-0.00107203,-0.01733372,0.00602952,-0.03393288,-0.01655683,-0.01927367,-0.01364684,-0.02774049,-0.01100601,-0.01424892,-0.00038027,0.01602276,-0.00758065,-0.01299767,-0.00095497,-0.0236462,-0.01306911,-0.02407342,-0.02386512,-0.01331692,-0.02810387,-0.01735652,-0.01254614,-0.01741126,-0.00278547,-0.01926761,-0.02317641,-0.01398437,0.01889167,-0.00956017,-0.00439552,-0.00457797,-0.02068913,-0.02159372,0.0095233,-0.02374657,-0.01499997
"Np2_504423",-0.00148862,-0.01007101,1.0166714,-0.02893404,0.00114007,-0.00461294,-0.030129,-0.02377089,-0.02177011,0.00345254,-0.02380128,-0.01470352,0.00089378,-0.01523411,-0.01756327,-0.000733,-0.02394569,-0.02166671,-0.01959449,-0.00492613,0.00356503,-0.00696492,-0.01922198,-0.03203096,-0.01028233,-0.01419573,0.00982281,-0.0317664,-0.01055902,-0.0260955,-0.0125279,-0.00440618,-0.01463205,-0.00015678,-0.02291341,-0.0222612,-0.01972977,-0.00097322,0.00239436,-0.01645037,-0.01458338,-0.00985511,-0.01074907,-0.01514899,0.00077519,-0.0104587,-0.00734198,-0.01829459,-0.02683595,0.00397249,-0.00215453,-0.01509727,-0.010781,-0.03334606,-0.01289579,-0.01901978,0.12322279,-0.01681072,-0.01286997,0.00641874,0.00890299,-0.03636699,-0.00659851,-0.01592435,0.00171781,-0.02281002,-0.01168865,-0.01879025,-0.02546,-0.00067674,0.00286568,-0.01141499,-0.01359366,-0.01051951,-0.01935424,-0.00464486,0.02460215,-0.01732765,-0.01599733,-0.01332606,-0.02128967,0.0190559,-0.01144538,0.00143806,-0.00621083,0.00832984,-0.00504929,-0.00517091,-0.03457606,-0.01917639,-0.00131833,-0.02043827,0.0031059,-0.01939987,-0.01380499,-0.01167194,-0.02002625,-0.01217062,-0.00089416,-0.01662524
"Np2_500255",-0.01446938,0.00750731,-0.02893404,1.00956123,-0.02552383,-0.0140969,0.02013687,-0.01196991,-0.01042524,-0.01712999,-0.00667908,-0.00883191,-0.00646168,-0.03171164,-0.00576231,0.02885606,-0.01077642,-0.00363231,-0.00733741,-0.01197751,-0.02021019,0.00240348,-0.01350242,-0.00365816,0.01155297,-0.00452324,0.00383566,0.00025523,-0.02475605,-0.02934599,-0.00133506,-0.02164394,0.00203404,-0.01511401,0.01154079,-0.01958232,-0.00975323,-0.02231593,-0.0257899,0.02165261,-0.02421935,0.00179383,0.01412691,-0.01551083,-0.02376025,-0.00701966,-0.02579602,-0.01105467,-0.01837974,-0.01159287,-0.00996609,-0.02032422,-0.02117717,-0.0172881,-0.01599426,-0.00387404,-0.01777157,-0.0116993,-0.00958297,0.0039284,2.718e-05,-0.00769012,-0.00361558,-0.0340743,0.03845256,-0.00371137,-0.01767579,-0.01641545,-0.01578751,0.0193341,-0.03139998,-0.00660764,-0.011827,-0.01681071,-0.00709718,0.00746017,-0.0172653,-0.01920983,-0.01225422,0.00212374,-0.01572214,-0.01809844,-0.03841333,-0.01397526,0.00026892,-0.01635767,-0.03749056,-0.01906387,-0.00802765,-0.01725769,0.00303291,-0.01836754,-0.02568655,0.01763892,-0.01097409,-0.02480474,-0.00685697,0.00175886,-0.0163075,-0.01394637
"Np2_502435",-0.01130551,0.00443771,0.00114007,-0.02552383,0.98745522,0.00122978,-0.02656676,-0.03282755,-0.01668754,-0.01837514,-0.01947889,-0.02391223,-0.01637282,-0.02094602,-0.01445717,-0.02727372,-0.01247767,-0.0120231,-0.00219709,0.00836629,0.01731352,-0.0228632,-0.03025511,-0.00931233,-0.02329194,-0.01200183,-0.01398133,-0.03139689,-0.03284274,0.00392079,-0.03040261,-0.01422307,-0.01122188,-0.02958619,-0.01448607,-0.02766902,-0.0172318,0.00715001,-0.00620625,-0.01212799,-0.01801477,0.00024459,-0.01570083,-0.02572604,-0.01694752,0.00876311,2.11e-05,-0.01731696,-0.02008098,-0.01238191,-0.0162284,0.00792538,-0.0158848,-0.01518847,0.03506051,-0.02518779,-0.00624578,-2.147e-05,-0.01462899,-0.00157375,-0.00729939,-0.02657131,-0.01094213,-0.02072406,-0.00399415,-0.01195012,-0.01785667,-0.00580185,-0.01049516,-0.01170991,-0.00588698,-0.00815686,-0.02356256,-0.03325934,-0.00849436,-0.01902279,-0.00345898,-0.0014506,-0.00179268,-0.03074465,-0.01544693,-0.01919155,0.31747104,-0.0147643,-0.01663585,-0.02216387,-0.01532228,-0.02182936,-0.01368182,-0.0157662,-0.01995324,0.0021283,-0.0226747,-0.00276266,-0.02042912,-0.01920829,-0.01889659,-0.00906451,-0.0143599,-0.00242059
"Np2_500617",-0.00079077,-0.00161937,-0.00461294,-0.0140969,0.00122978,1.01046444,0.00356048,0.02132121,0.00158098,-0.02139154,-0.01458947,-0.00640391,-0.01741277,0.01556667,-0.01595321,0.00118113,0.00685506,-0.02598603,-0.01357542,-0.01259021,-0.01808626,-0.01842989,-0.00681744,-0.02874851,-0.01140891,-0.00437576,-0.02307915,-0.02802785,-0.00727659,-0.00487291,-0.01198208,-0.01267841,-0.00876501,-0.00873309,-0.00640391,-0.00681592,-0.01006186,-0.00726899,-0.01013485,-0.00784671,-0.01570995,-0.01888752,-0.01050733,-0.02007644,-0.00658483,-0.01432191,-0.02047934,0.01311437,-0.02644218,-0.00034683,-0.015748,-0.00968634,0.00679274,-0.00771445,0.00118112,-0.00266233,-0.00743775,-0.01185589,-0.00533054,0.00057906,-0.01533293,-0.01027928,-0.020344,-0.02921374,-0.00320965,-0.01724705,-0.01023063,0.00136813,0.00336435,-0.00530013,-0.02243447,-0.01588634,-0.02156183,-0.02304871,-0.0160718,-0.02751246,-0.01514137,-0.01343705,-0.00845791,0.00105493,-0.01192582,-0.02144778,-0.01698097,-0.00531381,0.00208878,-0.01301746,-0.01636223,0.0152915,-0.00985663,-0.0122451,-0.03133157,-0.01700379,-0.01231201,0.00197474,-0.01006644,0.01061491,-0.00883799,-0.01709808,-0.0173763,-0.02444136
"Np2_503140",-0.00426173,-0.01649295,-0.030129,0.02013687,-0.02656676,0.00356048,0.99546253,-0.00617128,-0.01785365,-0.00677031,-0.01942873,0.01277835,-0.00248748,-0.02834557,-0.00574102,-0.00943547,-0.00056879,-0.0144055,0.00591093,-0.01028383,-0.00620169,-0.01886013,0.00658749,-0.012911,0.00336434,-0.02745926,5.607e-05,-0.03666796,0.00339171,-0.01579357,-0.02442309,-0.00641912,-0.01649294,-0.01326828,-0.01838881,-0.01378368,0.01626601,-0.0183417,-0.001443,0.00282157,-0.00686607,-0.02327066,-0.012762,-0.02567588,-0.03286104,-0.00623819,-0.01604446,-0.00115109,-0.01410145,-0.02236606,-0.00614392,0.00873574,-0.01537853,-0.01559441,0.01565027,-0.01312688,-0.00680375,-0.02612133,0.00275316,-0.0145986,-0.02594951,-0.01268597,-0.00207395,-0.01474454,-0.01504254,-0.0160049,-0.00822832,-0.00879238,-0.01105314,-0.00253765,-0.01100599,-0.02148577,-0.00876501,-0.01663737,-0.01452559,0.02374919,-0.01298702,0.00544115,-0.00995239,-0.00195991,-0.01600491,-0.00804283,-0.02486092,-0.02277199,-0.00867987,0.00418838,-6.861e-05,-0.00672774,-0.00101274,-0.00233696,-0.02096732,-0.01789014,-0.02353675,-0.02460552,0.00227426,0.02797274,-0.02371155,-0.00673382,-0.00792426,-0.02806433
"Np2_501134",0.00985016,-0.01910491,-0.02377089,-0.01196991,-0.03282755,0.02132121,-0.00617128,0.9911502,0.01009341,-0.00725378,-0.01139824,-0.00290862,-0.03170555,-0.00891247,-0.02325238,-0.02375411,-0.01397522,-0.0159532,-0.00734348,-0.01532834,-0.00531685,0.00559013,-0.00849133,-0.02722964,-0.022661,-0.00635373,-0.0142626,-0.01404212,-0.00590979,-0.00882734,0.00093939,-0.00416595,-0.00937466,-0.00888664,-0.00366879,2.414e-05,-0.0067186,-0.0068144,-0.01332908,-0.01286536,0.00602951,-0.00627011,-0.01081291,-0.00897938,-0.00962704,-0.00246468,-0.01759216,-0.02276743,-0.01443289,0.00284439,-0.0140771,0.01129295,-0.01251723,-0.00330695,-0.01691252,-0.00828912,0.00822033,0.00851529,-0.01156549,-0.00246316,-0.03418676,-0.02350781,0.00200364,-0.00990679,-0.01172513,-0.00903866,-0.0061272,-0.00015374,0.00260265,-0.00256502,-0.00327958,-0.01908057,-0.0171543,-0.01073538,-0.02367503,-0.01945609,-0.03156264,-0.00340425,-0.00070564,-0.00548409,-0.01618431,0.00181206,-0.00481969,-0.00698771,-0.0115959,-0.0279184,-0.00450498,-0.02195859,-0.02369333,-0.00175619,-0.00913596,-0.01563697,-0.01033706,-0.01307823,-0.0115883,-0.01036746,-0.01963397,0.00068853,-0.01175251,-0.0194257
"Np2_500636",0.00151256,-0.01193494,-0.02177011,-0.01042524,-0.01668754,0.00158098,-0.01785365,0.01009341,0.99530439,-0.00920591,-0.01882362,-0.01915204,-0.03609025,0.00038598,-0.03341439,-0.00335711,0.00079647,-0.01760127,-0.01081597,-0.01256739,-0.01380646,-0.00046694,-0.01089957,-0.00880909,-0.01944395,-0.00754569,-0.01819119,-0.03089368,-0.00588546,0.02084379,-0.00526972,-0.00627012,-0.01558378,-0.0226975,-0.02006424,-0.00299224,-0.01019107,-0.01697643,-0.00357453,-0.01907446,-0.00960575,0.00834957,-0.01474149,0.03832787,-0.0225257,-0.00335256,-0.02060855,-0.01894223,-0.00726291,-0.00473304,-0.02135047,-0.0069269,-0.00960424,-0.01210065,-0.02342569,-0.00187934,0.08927929,0.01173235,0.01111205,-0.00852024,-0.02078337,-0.02302739,-0.01119908,-0.02584613,-0.01261302,-0.01038266,0.00165091,-0.01989399,-0.02169862,-0.02139301,-0.01678635,-0.0044609,-0.03142127,-0.01983315,-0.00175771,-0.01015764,-0.01299006,-0.00566045,-0.01482056,-0.02872109,0.0194162,-0.01549559,-0.00373112,-0.01274071,0.003936,-0.01527516,-0.02546151,-0.01691712,-0.01561115,-0.02818595,-0.01656135,-0.01865335,2.566e-05,-0.00894896,0.00059883,-0.01566436,-0.01185586,-0.01737933,0.00499569,-0.00587026
"Np2_503783",-0.02252418,-0.0186397,0.00345254,-0.01712999,-0.01837514,-0.02139154,-0.00677031,-0.00725378,-0.00920591,1.00181242,-0.01747052,-0.00457188,-0.01512463,0.01420595,-0.00515113,-0.01340663,0.01127167,-0.02461009,-0.00231721,-0.01942418,-0.02248766,-0.01218884,-0.01882059,-0.00380714,0.01824554,-0.03279874,-0.03036922,0.00664374,0.0261787,-0.00106443,-0.00999801,-0.00035596,0.00614203,-0.00902955,0.00120545,-0.02566067,-0.01233477,-0.01547128,-0.01149556,-0.00799113,-0.02634478,-0.02328892,-0.01369246,-0.00821008,-0.00657723,-0.00275963,-0.00861299,0.01053736,-0.00180485,-0.00216365,-0.0180209,-0.0130235,0.00543202,0.00202339,-0.00717319,-0.00615152,-0.01503189,0.00548371,-0.02341512,-0.01750552,-0.00726746,-0.00555859,-0.01896808,-0.01749942,-0.01886167,-0.01313449,0.0063488,-0.01990921,-0.00012486,-0.003012,-0.00463877,-0.01831128,-0.0176013,-0.00358062,-0.0274668,-0.00926064,-0.02364772,-0.02072713,-0.0089064,0.00562359,-0.0135906,-0.01323028,-0.01742946,-0.01290797,-0.01538766,-0.01544241,-0.02228398,9.559e-05,-0.00513594,0.0020538,-0.0298036,0.00124801,-0.02689978,-0.00987638,-0.01051493,-0.00914206,0.00774144,-0.02256373,-0.01326374,-0.01455147
"Np2_500365",0.00115376,-0.01138153,-0.02380128,-0.00667908,-0.01947889,-0.01458947,-0.01942873,-0.01139824,-0.01882362,-0.01747052,0.98561534,0.01682551,-0.02094146,-0.01973733,0.00514771,-0.00234761,-0.01233323,-0.00442896,-0.02075296,-0.0308663,-0.00701963,-0.02043824,-0.03847258,-0.0035426,-0.02527599,-0.018851,-0.00927584,-0.02486699,-0.00852478,-0.0196522,-0.00942939,-0.03764406,-0.01472629,-0.00146733,0.00815952,-0.03026122,-0.02544927,-0.02250441,-0.01594408,-0.01046321,-0.01604592,-0.01329412,0.00724883,-0.00095193,-7.925e-05,-0.02484423,-0.00637198,-0.01854085,-0.00473304,-0.00569998,0.07209628,-0.03237142,-0.00920287,-0.01154723,-0.01527054,-0.01105616,-0.01719989,-0.01264797,-0.01174792,-0.01359212,-0.0222064,-0.02004141,-0.03147443,-0.004768,-0.01555641,-0.01591063,-0.00524539,0.00604928,-0.00472544,-0.01916721,-0.01395242,-0.0052758,0.20676277,0.00200516,-0.00029209,-0.01370917,-0.0249035,0.0142014,-0.01305086,-0.00080141,-0.01651877,0.00695084,-0.00697858,-0.02009312,-0.01466699,-0.00164673,-0.01076883,-0.01666777,-0.0214432,-0.01121276,0.00162811,-0.01019412,-0.00808693,-0.02420717,-0.0256059,-0.03457142,-0.01115042,-0.01971457,-0.01239104,-0.01915203
"Np2_501234",-0.01164151,-0.02052796,-0.01470352,-0.00883191,-0.02391223,-0.00640391,0.01277835,-0.00290862,-0.01915204,-0.00457188,0.01682551,0.99529831,-0.01929343,-0.0085111,-0.01281672,-0.00039548,-0.01038111,0.00451677,-0.02579445,-0.01735954,-0.01966284,-0.01377304,-0.0313513,0.01376505,-0.0160262,-0.01887534,-0.01827025,0.01813453,-0.00261975,-0.00690561,-0.02845811,-0.02231287,-0.00395614,-0.0320507,-0.00296335,-0.0182748,0.01223101,-0.01735956,0.01656706,-0.01276807,-0.00983683,-0.00237194,-0.02287841,-0.01131464,0.00263306,-0.01194559,-0.02220796,-0.00016895,-0.01509576,-0.00618041,-0.0074423,-0.01749636,-0.01135569,-0.00640238,0.00310131,-0.02020258,-0.01844051,-0.01312841,-0.01450889,-0.0125522,-0.01432493,-0.02356255,-0.00489268,0.03245623,-0.03473716,-0.01927973,5.151e-05,-0.03076755,-0.00672621,0.00878286,-0.0246192,-0.00362775,-0.0079349,0.00198083,-0.01399954,-0.0036992,-0.01428539,-0.01227701,-0.01550776,-0.01496497,-0.01228614,-0.00234761,-0.0270715,-0.01297181,0.01176277,-0.01398591,0.01809351,-0.01684415,-0.00595997,-0.00713215,-0.01314361,-0.01569171,-0.02012204,-0.0237754,-0.00115261,0.01223103,-0.01330324,-0.01563396,-0.01180724,-0.01218276
"Np2_503978",-0.00729482,-6.557e-05,0.00089378,-0.00646168,-0.01637282,-0.01741277,-0.00248748,-0.03170555,-0.03609025,-0.01512463,-0.02094146,-0.01929343,0.99319688,-0.00370832,-0.01257498,-0.00699531,0.01008123,0.01509688,-0.00974108,0.01055255,0.00475242,-0.00076037,0.01678142,-0.02217753,-0.01213562,-0.00175772,-0.01255525,-0.01005425,-0.01226028,-0.0329659,-0.01377304,-0.00701965,-0.02104638,0.0096966,-0.00849894,-0.01362404,0.02113872,-0.01848613,-0.01299006,-0.00431645,-0.01506834,-0.02235085,-0.0092576,-0.00605574,-0.00457492,-0.03694167,0.01756291,-0.00935338,-0.01470199,-0.00958751,-0.00583225,-0.01086916,0.00621805,-0.01786733,-0.00273833,-0.01403149,-0.00694818,-0.00984598,-0.017916,-0.02021629,0.02970288,0.0011568,-0.01270878,0.00077063,-0.01883581,-0.02405515,-0.00274746,-0.00984903,-0.01180571,-0.00313818,-0.03197919,-0.00749095,-0.03460336,-0.02848849,-0.02257582,-0.01425194,-0.0272707,-0.01750853,0.00282614,0.00276077,-0.01690952,-0.0104678,-0.01542716,-0.0058885,0.00060187,-0.03198839,-0.02940377,-0.01964311,-0.00754265,-0.0125157,-0.01107744,-0.00161479,-0.01060616,-0.01030664,-0.02326002,0.00350269,0.00259809,-0.01539222,-0.00259543,0.00113399
"Np2_502316",-0.01247617,-0.01725767,-0.01523411,-0.03171164,-0.02094602,0.01556667,-0.02834557,-0.00891247,0.00038598,0.01420595,-0.01973733,-0.0085111,-0.00370832,0.98146419,-0.01577986,-0.0027505,-0.01684105,-0.01821092,-0.02069974,-0.01439332,0.00702077,0.00758939,-0.01622229,-0.01641234,-0.00941114,-0.00268208,-0.01043891,-0.01341118,-0.01637737,-0.00698011,-0.02488373,-0.01554577,-0.00524691,-0.00339057,-0.00714279,-0.01150771,-0.01444955,-0.03050904,-0.00676878,0.00433736,-0.00839097,-0.01491329,-0.01535114,-0.00181093,-0.02070278,-0.01019566,-0.01255219,-0.02107222,-0.00331151,-0.01294443,-0.01633482,-0.00115109,0.02414598,0.00325335,-0.00791967,-0.00811428,-0.00848069,-0.01457121,-0.00622145,-0.02737408,-0.01409533,-0.01983616,-0.00679159,-0.01246856,0.00547763,-0.01418503,-0.02450059,0.00290976,-0.01546669,0.00886039,-0.02256518,-0.00643886,-0.00785735,-0.01177681,0.01207592,0.00124345,-0.01420784,-0.02633871,-0.02485636,-0.00500517,0.01150885,-0.00835146,-0.01194251,-0.00027537,-0.01248529,-0.01223597,-0.01922957,-0.0046038,-0.00557835,0.01012532,-0.00090328,-0.00345138,-0.01669971,-0.00241298,-0.01536635,-0.01794639,-0.01930708,-0.0146442,-0.00671254,-0.01909881
"Np2_500336",-0.02240708,-0.01350545,-0.01756327,-0.00576231,-0.01445717,-0.01595321,-0.00574102,-0.02325238,-0.03341439,-0.00515113,0.00514771,-0.01281672,-0.01257498,-0.01577986,0.97604489,-0.01800262,-0.00153421,-0.01415462,-0.02105246,-0.00942482,0.00393142,-0.01237582,-0.01125379,0.01075323,-0.01873392,-0.01702201,-0.01094366,-0.00616215,0.00181815,-0.01767117,-0.01824285,-0.00662435,-0.01837055,-0.01849066,-0.00354259,-0.01125229,-0.01297785,-0.01383384,-0.00651336,-0.0093944,0.00934842,-0.01952298,-0.00460532,-0.01539068,-0.02379212,-0.00568325,0.0137012,-0.00895807,-0.00624882,0.00221039,-0.01227852,0.0033613,-0.02105701,-0.00242059,-0.01511394,-0.01424432,-0.0048805,-0.00777829,-0.01265556,-0.01176313,-0.02220182,-0.01836445,-0.02037132,-0.0046114,0.00953391,-0.0125613,-0.00022368,0.10746117,-0.02646184,-0.0264603,0.02877389,-0.0160657,0.00060795,-0.01988329,-0.0010477,-0.02009006,-0.00543847,-0.00905538,0.00124497,-0.03546074,-0.00237497,-0.00171058,-0.0218734,-0.00883797,-0.00782086,-0.02520759,-0.00559507,-0.02776174,-0.01687758,-0.0081675,0.00239284,-0.00608461,-0.00412946,-0.01994562,-0.02073622,-0.01875521,-0.02999815,-0.02077424,-0.01086613,-0.00394397
"Np2_501580",-0.00770532,-0.03559614,-0.000733,0.02885606,-0.02727372,0.00118113,-0.00943547,-0.02375411,-0.00335711,-0.01340663,-0.00234761,-0.00039548,-0.00699531,-0.0027505,-0.01800262,0.98735791,-0.0176955,-0.00903106,-0.0259632,-0.02862682,-0.00751679,-0.00542784,0.00648866,-0.02030749,-0.01437053,0.02276554,-0.0067323,-0.0233877,-0.02711407,-0.01467611,0.01257462,-0.01290341,-0.00154031,0.0032047,-0.01331844,-0.01373046,-0.01819266,0.01743974,-0.02677961,-0.00381474,-0.01274221,-0.00041221,-0.02380732,0.01375442,0.00626517,-0.0262536,-0.02420113,-0.01447695,-0.00766276,-0.00832562,-0.00411426,-0.02161801,-0.01502124,-0.0229909,-0.01257497,-0.00820854,0.00373987,-0.00432711,-0.00555554,-0.00633549,0.00709527,-0.00548713,0.00025979,-0.02685411,-0.01042827,-0.02857057,-0.00650272,-0.01877349,-0.01951386,-0.01419112,-0.01642603,-0.00911772,-0.009624,0.00333241,-0.00839098,-0.02424062,0.01838539,-0.00377977,-0.00457796,-0.01619797,0.00305268,-0.03565996,-0.0257199,-0.00052167,-0.0075624,-0.01643518,-0.02312471,-0.00576231,-0.01129791,-0.02554508,-0.03034025,-0.00765058,-0.00189455,-0.00889271,0.00460799,-0.01773659,-0.00647839,-0.00014311,-0.01167192,-0.00550994
"Np2_501634",-0.02240403,-0.02262449,-0.02394569,-0.01077642,-0.01247767,0.00685506,-0.00056879,-0.01397522,0.00079647,0.01127167,-0.01233323,-0.01038111,0.01008123,-0.01684105,-0.00153421,-0.0176955,0.97255366,-0.00578967,-0.02028923,-0.00744533,0.01047194,-0.02499167,-0.01398737,-0.00125447,0.01350049,-0.00607246,-0.00774788,-0.01573729,-0.0051724,-0.01538761,-0.02143253,-0.00859776,-0.01426256,-0.01970389,-0.02801714,-0.01231349,-0.01221464,0.00410931,0.01538269,-0.01653697,-0.02120747,-0.01663127,-0.00201768,-0.0292228,-0.02667773,-0.01069736,-0.02293617,-0.0078908,-0.00046846,-0.01010138,0.00110358,-0.01427168,0.01482624,-0.0092591,-0.01146207,-0.0090721,-0.00426932,-0.01355257,0.00209485,-0.01404061,-0.00091391,-0.0020937,-0.00835753,-0.00415226,-0.00870722,-0.00632483,-0.00052471,-0.00534574,-0.00958294,-0.01231804,-0.02291484,0.00552627,-0.02462678,-0.00832561,-0.02795477,-0.00898848,-0.00771595,0.00356655,0.00535295,-0.01508506,0.001733,-0.01630286,-0.02627936,-0.0056422,-0.02499775,-0.00331151,-0.01821093,-0.00814621,-0.01900302,-0.02580048,-0.00748637,-0.02447776,-0.01066392,-0.01553357,0.00313629,-0.00704548,-0.01053467,-0.00936858,0.01559099,-0.03069904
"Np2_501600",-0.00689802,0.02268039,-0.02166671,-0.00363231,-0.0120231,-0.02598603,-0.0144055,-0.0159532,-0.01760127,-0.02461009,-0.00442896,0.00451677,0.01509688,-0.01821092,-0.01415462,-0.00903106,-0.00578967,0.98821246,-0.02044281,-0.01094365,-0.02723416,-0.01815164,-0.00851566,-0.0017121,-0.0143234,-0.00424957,-0.00562093,-0.02638126,-0.01125532,-0.01234846,0.0010671,-0.00510249,0.0088452,0.00340388,-0.02634631,0.00197626,-0.01753738,-0.01900152,-0.00119063,-0.01319375,-0.00038027,-0.00218949,0.01470462,-0.01538917,-0.0133002,-0.00598581,-0.0159441,-0.01169319,-0.01263278,-0.01588024,-0.01106073,-0.02674006,-0.01634243,-0.00348331,-0.0163287,-0.00694513,0.0098684,0.00286567,0.00969508,-0.00613632,0.00501392,-0.00543999,-0.02052185,-0.0129718,-0.02011138,-0.01408013,0.00053802,-0.03392987,-0.0188586,-0.00106899,-0.01440244,-0.00511768,-0.01672251,-0.01349633,-0.01047234,-0.00686152,-0.01136632,0.00599759,-0.01912618,0.00482996,-0.02593886,-0.02116952,-0.0148783,-0.00701204,0.01148909,-0.00255285,-0.02976713,-0.01955036,-0.01261909,5e-04,-0.00566348,-0.01186043,0.01639679,-0.02252871,-0.02271116,-0.01540893,-0.01905015,-0.01317099,-0.01664195,-0.01002385
"Np2_503059",-0.00345747,0.02855353,-0.01959449,-0.00733741,-0.00219709,-0.01357542,0.00591093,-0.00734348,-0.01081597,-0.00231721,-0.02075296,-0.02579445,-0.00974108,-0.02069974,-0.02105246,-0.0259632,-0.02028923,-0.02044281,1.00284944,0.00496375,-0.02500991,-0.01334279,-0.02073472,0.0032488,-0.00130465,-0.02498261,-0.00081206,-0.01184219,-0.01024734,0.00112639,-0.01981797,-0.02309891,0.0271852,-0.00547041,-0.01469589,-0.01769251,-0.02367505,-0.02088222,-0.00276722,0.00058515,-0.01776849,-0.00330999,-0.0143903,-0.0122527,-0.01594107,-0.01896506,0.02200843,-0.00308346,-0.00037419,-0.02369029,-0.00579576,-0.01128878,0.00443011,-0.00962096,-0.02322654,-0.00304849,-0.02743643,-0.02045195,-0.01575103,-0.01227399,-0.02864207,-0.01492242,-0.02939616,-0.02367052,-0.02761737,0.0515427,-0.0180665,-0.00388317,-0.01830673,-0.02514677,-0.00229592,0.00212374,-0.01769099,-0.00412642,0.00163419,-0.01299918,-1.995e-05,-0.02355347,-0.02191908,0.00066877,-0.01215995,-0.01848917,0.00330961,0.00068549,-0.0074195,-0.01842078,-0.01370768,0.02676406,-0.02529428,-0.01308736,0.00781137,-0.03183327,-0.02653338,-0.01163846,0.01463319,-0.01090415,-0.0229073,0.01778793,-0.01396158,-0.00855977
"Np2_501062",-0.0199563,0.01007821,-0.00492613,-0.01197751,0.00836629,-0.01259021,-0.01028383,-0.01532834,-0.01256739,-0.01942418,-0.0308663,-0.01735954,0.01055255,-0.01439332,-0.00942482,-0.02862682,-0.00744533,-0.01094365,0.00496375,0.98824592,-0.02326453,0.0084712,-0.01001928,-0.00686456,0.00530583,-0.02019653,-0.01305392,-0.01283345,-0.02203307,-0.0121797,-0.0103188,0.00540465,-0.01135872,-0.02212127,0.00392535,-0.00986573,-0.00338144,0.00974981,-0.02245878,-0.01317703,-0.02012805,-0.01661608,-0.00458708,-0.01065937,-0.00978668,-0.01159438,-0.01045412,-0.01562938,-0.01520065,-0.01692776,-0.00754721,-0.00589458,0.03582229,-0.0122846,-0.02360964,-0.01529033,-0.02447476,-0.00426325,-0.00397134,0.00269843,-0.0056118,0.00613137,-0.00971065,0.01912428,-0.00884406,0.00858978,-0.00628683,-0.01962184,-0.00911164,-0.01275895,-0.01970693,-0.02106462,-0.00758369,-0.01439181,-0.01030358,-0.02584915,-0.01074146,0.01604861,-0.02230218,-0.01370156,-0.01041458,-0.0115746,-0.01379734,0.00258288,-0.01236367,-0.00648904,-0.02382104,-0.02227026,-0.02476517,-0.01499082,-0.0092956,-0.0048501,-0.00593564,-0.00943699,-0.01220403,-0.01067913,-0.00945523,-0.00980949,-0.02285866,-0.01107137
"Np2_504197",-0.0117692,-0.02400041,0.00356503,-0.02021019,0.01731352,-0.01808626,-0.00620169,-0.00531685,-0.01380646,-0.02248766,-0.00701963,-0.01966284,0.00475242,0.00702077,0.00393142,-0.00751679,0.01047194,-0.02723416,-0.02500991,-0.02326453,0.97360286,0.00130275,-0.009738,-0.03182105,-0.02573207,-0.00440768,-0.01809386,-0.00358213,-0.00867681,0.00588963,0.01535228,-0.02821787,-0.01168558,0.01601667,-0.00309106,0.00349053,-0.00978969,-0.01338229,-0.0011967,-0.01289575,-0.01695812,-0.02454468,-0.00886685,0.01288324,-7.925e-05,-0.01070497,-0.01990308,-0.01473996,-0.00260454,0.00114159,0.00170412,0.0071576,-0.01954122,-0.0276629,-0.01755105,-0.01835381,-0.02069667,-0.01112761,-0.00308193,-0.00872699,-0.0214462,-0.02475447,-0.00319595,-0.01799502,-0.02194186,0.01799311,-0.01041457,0.01380307,-0.00411729,-0.02920148,-0.00498236,-0.01302956,-0.0220498,0.00246126,-0.02507372,-0.01690189,-0.00757152,-0.0010021,0.01051453,-0.0275595,-0.01347807,-0.01555029,-0.01792506,-0.00580184,-0.01284256,-0.00970458,-0.00544759,-0.00359277,-0.01034464,-0.01288513,-0.00065242,-0.02144467,-0.02572298,0.00376723,-0.00629747,-0.01313447,-0.01647163,-0.02959681,0.00326856,-0.01200637
"Np2_502761",-0.01789016,-0.0080763,-0.00696492,0.00240348,-0.0228632,-0.01842989,-0.01886013,0.00559013,-0.00046694,-0.01218884,-0.02043824,-0.01377304,-0.00076037,0.00758939,-0.01237582,-0.00542784,-0.02499167,-0.01815164,-0.01334279,0.0084712,0.00130275,0.99785286,0.00284135,-0.02182632,-0.01102424,-0.02573214,-0.01281219,-0.01700073,-0.01586199,-0.02029988,-0.01433405,-0.02916966,-0.01430972,-0.0255284,0.00644761,-0.00764756,-0.00678854,-0.00855672,-0.00199641,-0.0168882,-0.00757152,-0.00649208,-0.0215253,-0.00904932,-0.01851502,-0.00861602,-0.02100689,-0.02785452,-0.02286476,-0.03447413,0.00379308,0.00924657,0.00292041,-0.01417137,-0.00512376,-0.01428842,-0.01176617,-0.01223141,-0.00068891,0.0052207,-0.01540437,-0.01734433,-0.00612416,0.01723754,-0.01635612,-0.02750482,-0.02961051,-0.00508881,-0.01495131,-0.02848089,-0.01140737,-0.02021476,-0.01342337,-0.0059402,-0.0225287,-0.00538679,-0.01065177,-0.01761344,-0.01552296,0.02439685,-0.01990309,0.03914274,0.00818536,-0.008578,-0.01561875,-0.02008252,-0.0057912,-0.02096429,-0.01676966,-0.02098254,0.00402114,-0.01920372,0.00069158,-0.00949933,-0.00876957,-0.0165188,-0.00723705,0.03026545,0.01143893,-0.00033923
"Np2_504808",-0.00521347,-0.02018131,-0.01922198,-0.01350242,-0.03025511,-0.00681744,0.00658749,-0.00849133,-0.01089957,-0.01882059,-0.03847258,-0.0313513,0.01678142,-0.01622229,-0.01125379,0.00648866,-0.01398737,-0.00851566,-0.02073472,-0.01001928,-0.009738,0.00284135,0.98641211,-0.01644732,-0.02054467,-0.00408537,-0.02111634,0.01087942,0.002592,-0.03058046,-0.00773877,-0.0067627,-0.00178508,0.0093454,-0.01234694,0.01111052,-0.00809907,-0.01473238,-0.02656828,-0.00329934,0.00039206,0.00390406,-0.02952536,0.01107708,-0.00994327,-0.01114284,-0.02398979,-0.00651184,-0.01839796,0.00617699,0.00506714,-0.00437879,-0.00310322,-0.01198509,-0.01479619,-0.01681523,-0.01778979,-0.01186956,-0.02419655,0.00086945,0.00396184,-0.00405952,-0.02203003,-0.01980121,-0.02557247,-0.01680459,-0.02058266,0.00196258,-0.0095723,0.00548066,-0.00192343,-0.02760668,-0.00743622,-0.00481817,0.00504736,-0.02129267,-0.01409078,0.01619609,-0.00406256,-0.021916,-0.01224356,-0.00884253,-0.01805887,-0.0066958,-0.01312841,-0.01972066,-0.02276134,-0.01330477,-0.01199879,-0.00891399,-0.02860857,-0.01002384,0.01230401,-0.01004969,0.00253879,-0.00536246,-0.00489875,-0.00662131,-0.00021,-0.01852564
"Np2_503311",0.00691133,-0.01520217,-0.03203096,-0.00365816,-0.00931233,-0.02874851,-0.012911,-0.02722964,-0.00880909,-0.00380714,-0.0035426,0.01376505,-0.02217753,-0.01641234,0.01075323,-0.02030749,-0.00125447,-0.0017121,0.0032488,-0.00686456,-0.03182105,-0.02182632,-0.01644732,0.99135396,-0.01830216,-0.00914054,-0.01172818,-0.01424433,-0.01234542,-0.01374262,-0.02678115,0.00049696,-0.00516786,-0.02459641,-0.00280675,-0.00413098,-0.01513069,-0.03210239,0.01793993,-0.01778064,-0.00998431,-0.02243598,-0.01207936,-0.00705309,-0.01636676,-0.0092044,0.00303443,-0.02874696,-0.01311473,0.01495701,-0.01595169,0.00136053,-0.00496565,-0.01886468,-0.0253246,-0.0183736,-0.00247227,0.00177558,-0.01541653,-0.00829066,-0.00382995,0.0117141,-0.01203375,-0.00767644,0.0064689,0.02709547,0.00112031,-0.00415683,-0.02603009,-0.00824048,-0.00713062,-0.00392725,-0.00960271,-0.02325241,-0.02114061,-0.00673533,-0.00743926,0.00065052,-0.01215842,-0.02210605,-0.02642082,-0.00447153,-0.01399194,0.01120631,0.04247838,-0.02431973,0.00061404,-0.01531923,-0.00565133,0.00169044,-0.0225652,-0.02192057,-0.022398,-0.00248596,-0.00783759,-0.00235977,-0.0251574,-0.00802764,-0.02290124,-0.03239884
"Np2_501500",-0.03549885,-0.02902977,-0.01028233,0.01155297,-0.02329194,-0.01140891,0.00336434,-0.022661,-0.01944395,0.01824554,-0.02527599,-0.0160262,-0.01213562,-0.00941114,-0.01873392,-0.01437053,0.01350049,-0.0143234,-0.00130465,0.00530583,-0.02573207,-0.01102424,-0.02054467,-0.01830216,0.99851583,-0.00061897,0.00302683,-0.02016609,-0.00154335,-0.01023822,-0.02707763,-0.01287452,-0.00059921,-0.0084731,-0.01389771,0.00378245,-0.0239411,-0.00883343,-0.01595626,-0.0202056,-0.00921653,-0.02516502,-0.00127728,-0.02072866,-0.00404432,-0.00493981,0.00425832,-0.00532598,-0.02314146,0.00477827,-0.01290341,-0.00760193,-0.02411447,0.00729293,0.01603643,-0.0148692,-0.01645189,0.00026284,-0.01404063,-0.00144148,0.00089074,-0.00652249,-0.01476278,0.0011492,-0.00811886,-0.0250449,0.03579188,-0.00019632,-0.02267773,0.00058515,-0.01472477,-0.01395396,-0.0073146,-0.01336255,-0.00957838,-0.00490331,-0.01381713,-0.02990092,-0.00622146,-0.01008771,-0.01470654,-0.00796074,-0.02386662,-0.00322942,-0.02897047,-0.02020719,-0.00758826,0.01524741,0.00165395,-0.01882668,-0.02240557,-0.00610135,-0.00460229,-0.01752981,-0.03413205,-0.00767339,-0.00310474,-0.012125,-0.00130465,-0.0070014
"Np2_500391",-0.01812734,-0.02883823,-0.01419573,-0.00452324,-0.01200183,-0.00437576,-0.02745926,-0.00635373,-0.00754569,-0.03279874,-0.018851,-0.01887534,-0.00175772,-0.00268208,-0.01702201,0.02276554,-0.00607246,-0.00424957,-0.02498261,-0.02019653,-0.00440768,-0.02573214,-0.00408537,-0.00914054,-0.00061897,1.00787036,-0.01806654,-0.01389314,-0.0305425,-0.0097426,-0.00940204,-0.0248458,-0.00983382,-0.00083182,-0.00990528,-0.01563853,-0.00793793,-0.01487531,-0.00831498,-0.01879777,-0.01389009,0.0099946,-0.00868747,-0.00867836,-0.00902196,-0.01751921,0.00216936,-0.01136785,-0.00926674,-0.02847789,-0.01620866,-0.01379584,-0.0277238,-0.00254981,0.00117656,-0.00874829,0.00152777,-0.02539158,-0.01810606,-0.01873397,0.01491749,0.00263914,-0.02460554,-0.02237672,0.00256312,-0.01238648,-0.00977908,-0.01216758,-0.00424196,-0.0118422,-0.00860385,0.00980303,-0.01685329,0.07196865,0.00323207,-0.0296455,-0.01621017,-0.02514832,-0.01804067,-0.01932231,-0.00980189,-0.03391922,-0.01652943,0.01034124,0.00497288,-0.00724467,-0.02427262,-0.03032359,0.01203188,-0.00373569,-0.02175792,-0.01153509,0.02797278,-0.01232111,-0.01721664,-0.00337689,-0.00595388,0.00068549,-0.01479626,-0.00270489
"Np2_503573",-0.01463357,-0.02428022,0.00982281,0.00383566,-0.01398133,-0.02307915,5.607e-05,-0.0142626,-0.01819119,-0.03036922,-0.00927584,-0.01827025,-0.01255525,-0.01043891,-0.01094366,-0.0067323,-0.00774788,-0.00562093,-0.00081206,-0.01305392,-0.01809386,-0.01281219,-0.02111634,-0.01172818,0.00302683,-0.01806654,1.00984101,-0.03502906,-0.00850046,-0.00412034,0.02617115,0.00221344,0.00582276,-0.00919679,-0.00717169,-0.00682353,-0.00322789,-0.01959145,-0.02473782,-0.02853105,-0.0198225,-0.01707069,-0.00397743,0.01229947,-0.02240409,-0.00292686,0.00140614,-0.02961512,0.00471747,0.01956218,-0.01940444,-0.00026777,0.02092441,-0.02383777,0.00254184,0.00310741,-0.0141349,-0.01566438,-0.01050734,-0.01235153,-0.00196144,-0.01591218,0.00640657,-0.0117373,-0.0120353,-0.00326742,-0.01206265,-0.02235699,-0.01640782,-0.00485162,-0.01636068,-0.02151924,-0.03768515,-0.02670515,0.0126552,-0.01186045,-0.03324115,-0.00721121,-0.00405649,-0.01400414,-0.01771076,-0.01887078,-0.0136438,-0.01581184,-0.02270056,-0.01804222,-0.01560965,-0.00189607,-0.0097122,-0.02669603,0.00058819,-0.01032184,-0.01885713,0.0130657,-0.00505688,-0.01204594,0.0366129,0.00296298,-0.0199685,-0.02824984
"Np2_501816",-0.0144131,-0.00824809,-0.0317664,0.00025523,-0.03139689,-0.02802785,-0.03666796,-0.01404212,-0.03089368,0.00664374,-0.02486699,0.01813453,-0.01005425,-0.01341118,-0.00616215,-0.0233877,-0.01573729,-0.02638126,-0.01184219,-0.01283345,-0.00358213,-0.01700073,0.01087942,-0.01424433,-0.02016609,-0.01389314,-0.03502906,0.98473645,-0.0152736,-0.01515045,0.02213457,-0.00927281,-0.00307889,-0.02539611,-0.00679919,0.00130275,0.00596261,-0.0260605,-0.02056442,-0.00976232,-0.02644357,-0.01715428,-0.02078487,-0.01119757,0.00107774,0.01325726,-0.02497954,0.01195888,0.00569808,-0.02217904,0.01487187,-0.01585893,-0.0072857,-0.01099839,-0.01654611,-0.00168929,-0.02805366,-0.02927907,-0.0321799,0.05978149,-0.00858255,-0.02025274,-0.00553578,-0.00999648,-0.00056424,-0.01308126,0.01704443,0.00036469,-0.01892397,-0.00219861,0.00727315,0.00181054,-0.01222683,0.00437841,0.00208116,-0.00723096,0.00559622,-0.01960965,-0.00794096,-0.01423976,-0.01049668,-0.0121128,-0.02193727,-0.00677334,0.00108534,-0.00991591,-0.0302886,-0.00456427,-0.01268446,-0.01780955,-0.00831345,-0.01907143,0.0002157,-0.00465397,-0.01669514,-0.0058961,-0.00132745,-0.00533054,0.00883456,-0.02286015
"Np2_504622",0.02184571,-0.01881603,-0.01055902,-0.02475605,-0.03284274,-0.00727659,0.00339171,-0.00590979,-0.00588546,0.0261787,-0.00852478,-0.00261975,-0.01226028,-0.01637737,0.00181815,-0.02711407,-0.0051724,-0.01125532,-0.01024734,-0.02203307,-0.00867681,-0.01586199,0.002592,-0.01234542,-0.00154335,-0.0305425,-0.00850046,-0.0152736,0.98518958,-0.01553206,-0.01716797,-0.00995849,-0.01638346,-0.00099601,-0.01919155,-0.00941724,-0.0176803,-0.00834995,-0.02246637,0.00353918,-0.01086154,-0.00142019,-0.01630136,-0.02024516,-0.01253091,-0.01327436,-0.03387511,0.01157727,-0.02341815,-0.02210454,0.00080712,-0.00879083,-0.00249812,0.00412756,0.0218411,-0.02168338,-0.00350155,0.01807828,0.00179839,-0.02649989,-0.00774788,-0.03142882,-0.01260692,-0.02618971,-0.00930777,-0.01954426,-0.02043366,0.02081189,-0.00623058,-0.00911771,-0.02169098,-0.00586873,-0.00819943,-0.01151075,-0.0179129,-0.0073085,-0.01363772,-0.01041306,-0.00467374,-0.01614171,0.00447724,0.00149279,-0.00240234,0.00318343,-0.03061546,-0.02550104,-0.02519694,-0.00433774,-0.01063352,-0.00891703,0.00833284,0.01201816,0.00697974,-0.01537395,-0.01722878,-0.00217277,0.00589268,-0.04539328,-0.02925173,-0.00621385
"Np2_504217",0.01193455,-0.00972283,-0.0260955,-0.02934599,0.00392079,-0.00487291,-0.01579357,-0.00882734,0.02084379,-0.00106443,-0.0196522,-0.00690561,-0.0329659,-0.00698011,-0.01767117,-0.01467611,-0.01538761,-0.01234846,0.00112639,-0.0121797,0.00588963,-0.02029988,-0.03058046,-0.01374262,-0.01023822,-0.0097426,-0.00412034,-0.01515045,-0.01553206,0.98543591,-0.01172361,-0.02078186,0.00472049,-0.00224119,-0.00568933,-0.01963246,-0.00600252,-0.00701052,-0.00789992,-0.02552832,-0.00952211,-0.01817291,-0.01268141,-0.00248596,-0.0165127,-0.02470588,-0.01778829,0.01230856,-0.00839556,-0.01924476,0.00032213,-0.01018803,-0.0107369,-0.00502342,-0.00570605,-0.00316403,-0.00505079,-0.01144537,-0.01571451,0.00539857,-0.01963549,-0.01123707,-0.00716254,-0.00615,-0.01663434,-0.02519843,0.01207289,-0.00111005,0.00514315,-0.00762625,-0.00788471,0.00930586,-0.00047454,0.0082249,-0.00273833,-0.01828389,-0.01016981,0.01601213,-0.00911164,0.00891512,-0.01379583,-0.01145906,-0.01368179,-0.01265709,-0.00419028,-0.02340143,-0.00622146,-0.02747593,-0.0162877,0.00580146,0.00176646,-0.02571534,-0.02968959,-0.01844353,-0.00828761,-0.02029381,-0.02150246,-0.02641779,-0.00845182,-0.01658112
"Np2_502614",-0.00156006,-0.00284476,-0.0125279,-0.00133506,-0.03040261,-0.01198208,-0.02442309,0.00093939,-0.00526972,-0.00999801,-0.00942939,-0.02845811,-0.01377304,-0.02488373,-0.01824285,0.01257462,-0.02143253,0.0010671,-0.01981797,-0.0103188,0.01535228,-0.01433405,-0.00773877,-0.02678115,-0.02707763,-0.00940204,0.02617115,0.02213457,-0.01716797,-0.01172361,0.99904194,-0.01588027,0.00156425,-0.01299919,-0.00215605,0.00624997,-0.00383754,-0.00727811,-0.02276286,-0.01910639,-0.03289898,-0.02193732,0.02916468,-0.02434253,-0.00279307,-0.00429671,-0.0168396,0.00763197,-0.00866315,-0.02057661,-0.01332454,-0.00878324,-0.00507512,-0.0195823,-0.00536549,-0.02380429,-0.0132242,-0.01064872,-0.01841468,-0.03196558,-0.01792663,0.00445899,-0.01214322,-0.01143474,-0.00914814,-0.02364162,0.02016725,-0.01521284,-0.01777764,-0.01503948,-0.01256131,-0.01650359,-0.00408689,-0.0121113,-0.00954341,-0.02037591,-0.00891704,-0.02363252,-0.0066426,-0.00169081,-0.00752592,-0.02966678,-0.00604358,-0.00106595,-0.00460989,0.05006805,-0.02002017,-0.02303045,-0.02020414,-0.02076817,0.00195498,-0.00074516,-0.02022695,-0.01962334,0.02565269,-0.02405823,0.00088314,-0.01087374,-0.00811127,-0.02840338
"Np2_501769",-0.01289885,-0.0122071,-0.00440618,-0.02164394,-0.01422307,-0.01267841,-0.00641912,-0.00416595,-0.00627012,-0.00035596,-0.03764406,-0.02231287,-0.00701965,-0.01554577,-0.00662435,-0.01290341,-0.00859776,-0.00510249,-0.02309891,0.00540465,-0.02821787,-0.02916966,-0.0067627,0.00049696,-0.01287452,-0.0248458,0.00221344,-0.00927281,-0.00995849,-0.02078186,-0.01588027,1.01300683,-0.01190302,0.0123025,-0.01212652,-0.01041004,-0.00362166,0.00129971,-0.02802026,-0.02466784,-0.01747964,-0.011079,0.02147477,-0.01926154,-0.00531382,-0.01578753,-0.0096301,-0.02620802,-0.02912408,-0.02400959,-0.01736565,-0.02285866,-0.00850808,-0.01860624,0.02267278,-0.00564829,-0.00738302,-0.00982471,-0.00664413,-0.01380955,-0.00159504,-0.01402542,0.01361456,0.00580907,-0.00756394,-0.02783478,-0.00546281,-0.00374634,-0.01239258,0.00144415,-0.02222771,-0.00382083,-0.01192887,-0.00703029,-0.0161691,-0.00115565,-0.01873548,-0.00365207,-0.02573518,0.01099195,-0.0036612,-0.01287909,-0.0219434,-0.01803004,-0.01108356,-0.01022609,-0.01402696,0.02446836,-0.01071411,-0.00899763,-0.00649513,0.01877918,-0.0136256,-0.01712694,0.00032669,0.00261177,-0.02824375,0.00089682,-0.02370706,-0.00857497
"Np2_503856",-0.01248226,0.0094944,-0.01463205,0.00203404,-0.01122188,-0.00876501,-0.01649294,-0.00937466,-0.01558378,0.00614203,-0.01472629,-0.00395614,-0.02104638,-0.00524691,-0.01837055,-0.00154031,-0.01426256,0.0088452,0.0271852,-0.01135872,-0.01168558,-0.01430972,-0.00178508,-0.00516786,-0.00059921,-0.00983382,0.00582276,-0.00307889,-0.01638346,0.00472049,0.00156425,-0.01190302,0.99361656,-0.01495131,-0.01627097,-0.00862514,-0.02023297,-0.03021108,-0.01711324,-0.01588933,-0.00064329,-0.0146153,-0.01611741,-0.02264582,-0.02998302,0.00560991,0.00568593,-0.02548733,0.00109142,-0.01188629,0.00540009,-0.03384466,-0.00717928,-0.01286842,-0.01537546,-0.00234305,-0.01593649,0.00594742,-0.01276504,-0.01111244,-0.00497933,-0.00555098,-0.02732238,-0.01521129,0.00151864,-0.01631961,-0.00185349,-0.01336408,-0.01532075,-0.00452475,-0.01557767,-0.02043216,-0.0133367,-0.01056661,0.02833756,-0.02035158,-0.00448369,-0.01190149,-0.01832496,5.89e-06,-0.00035596,-0.01778372,-0.01042825,-0.01183611,-0.02374198,0.000985,-0.0102656,-0.00111309,-0.01090566,-0.0240886,0.00608425,-0.01029903,-0.01548953,-0.00895656,-0.0108114,-0.01506382,-0.01885708,-0.03107008,-0.02055382,-0.03491655
"Np2_502396",-0.01685936,0.00055626,-0.00015678,-0.01511401,-0.02958619,-0.00873309,-0.01326828,-0.00888664,-0.0226975,-0.00902955,-0.00146733,-0.0320507,0.0096966,-0.00339057,-0.01849066,0.0032047,-0.01970389,0.00340388,-0.00547041,-0.02212127,0.01601667,-0.0255284,0.0093454,-0.02459641,-0.0084731,-0.00083182,-0.00919679,-0.02539611,-0.00099601,-0.00224119,-0.01299919,0.0123025,-0.01495131,1.00082709,-0.01912772,-0.01406648,-0.02308972,-0.00600557,-0.00795922,-0.00643126,0.00638223,-0.01899241,-0.03356951,-0.00467375,-0.00121647,0.01765261,-0.01997609,-0.02165454,-0.00632637,-0.00850959,-0.00566654,0.00982126,-0.01885406,-0.0002176,-0.00257261,0.00088162,-0.00982317,-0.02640412,-0.01318923,0.00442708,-0.00099449,-0.02285104,-0.02941896,-0.01502733,-0.00893986,-0.0162877,-0.0328367,0.00840888,0.00903677,0.00812608,-0.02041088,-0.01538309,-0.01862601,-0.01768034,-0.00386187,-0.0183432,-0.01296574,-0.01810301,-0.00947501,-0.01896654,-0.00868595,0.00216479,-0.01465331,-0.0248792,-0.00896266,0.00238525,0.01029107,-0.02358235,-0.02866185,-0.00900522,0.00170716,-0.02607874,-0.00390293,-0.00892464,-0.0212699,0.00473266,-0.02171382,0.00104126,-0.01413643,-0.01299159
"Np2_501572",-0.00996912,-0.0038041,-0.02291341,0.01154079,-0.01448607,-0.00640391,-0.01838881,-0.00366879,-0.02006424,0.00120545,0.00815952,-0.00296335,-0.00849894,-0.00714279,-0.00354259,-0.01331844,-0.02801714,-0.02634631,-0.01469589,0.00392535,-0.00309106,0.00644761,-0.01234694,-0.00280675,-0.01389771,-0.00990528,-0.00717169,-0.00679919,-0.01919155,-0.00568933,-0.00215605,-0.01212652,-0.01627097,-0.01912772,0.99332157,-0.00276722,-0.02136867,-0.02344096,-0.00608614,-0.01155178,-0.00360341,-0.01772747,-0.00554642,-0.01557162,0.00156881,-0.02836537,-0.01947133,-0.02160588,-0.00065242,-0.0209278,0.00593678,-0.02585827,-0.00375393,-0.01537244,-0.03004224,-0.00651944,-0.01661608,-0.0117601,-0.01390075,-0.00099753,-0.00824352,-0.01079163,-0.00960576,-0.02197228,-0.00341794,-0.00392421,-0.00010053,0.00085577,-0.01676052,-0.00657265,-0.00120582,-0.00712455,0.01106948,-0.00546888,-0.00959054,-0.01054076,-0.0086601,-0.01653399,-0.0231095,0.00039054,-0.0242969,-0.01557464,-0.00365815,-0.01662065,5.607e-05,0.00106558,0.01839757,-0.02292554,-0.01903497,-0.01853477,-0.0056939,-0.00687369,-0.03061246,0.0124089,-0.0154439,-0.02076058,-0.00950237,-0.01274529,-0.01332758,-0.004581
"Np2_502674",-0.03364251,-0.00117542,-0.0222612,-0.01958232,-0.02766902,-0.00681592,-0.01378368,2.414e-05,-0.00299224,-0.02566067,-0.03026122,-0.0182748,-0.01362404,-0.01150771,-0.01125229,-0.01373046,-0.01231349,0.00197626,-0.01769251,-0.00986573,0.00349053,-0.00764756,0.01111052,-0.00413098,0.00378245,-0.01563853,-0.00682353,0.00130275,-0.00941724,-0.01963246,0.00624997,-0.01041004,-0.00862514,-0.01406648,-0.00276722,1.00040437,-0.02284493,-0.0057608,-0.00406561,-0.02169402,-0.01541803,-0.01616303,-0.0053503,-0.01187869,0.00450157,-0.02147971,-0.00787257,-0.0042298,-0.01870052,-0.02133982,-0.02761888,-0.01927669,-0.00370985,0.01720713,-0.00962551,-0.01027623,0.00228034,-0.01536485,-0.02176249,0.00467185,-0.01032792,-0.02367051,-0.00940963,-0.0184314,-0.00535031,-0.02638129,-0.00781023,-0.00639783,0.01277835,-0.02066781,-0.00633092,-0.02426041,-0.0186853,-0.01682742,-0.0106107,-0.02494001,-0.01469741,-0.00417507,-0.00953431,-0.01400869,-0.00524844,-0.00184741,-0.00239778,0.01291823,0.01150279,-0.01971916,0.00673497,-0.00448523,0.00548675,-0.02365988,-0.01233935,-0.00941419,0.0034875,-0.0088319,-0.00764603,0.00573762,-0.01158677,-0.00464334,-0.0179966,-0.02338926
"Np2_503050",-0.01058637,-0.00624578,-0.01972977,-0.00975323,-0.0172318,-0.01006186,0.01626601,-0.0067186,-0.01019107,-0.01233477,-0.02544927,0.01223101,0.02113872,-0.01444955,-0.01297785,-0.01819266,-0.01221464,-0.01753738,-0.02367505,-0.00338144,-0.00978969,-0.00678854,-0.00809907,-0.01513069,-0.0239411,-0.00793793,-0.00322789,0.00596261,-0.0176803,-0.00600252,-0.00383754,-0.00362166,-0.02023297,-0.02308972,-0.02136867,-0.02284493,0.97505652,0.02322466,-0.01917024,-0.02189923,0.01447958,-0.01180721,-0.00677182,-0.02059788,-0.00132897,-0.02350934,-0.02054467,-0.00930015,-0.00750311,-0.01470347,0.00623171,-0.03042839,-0.00786799,-0.01538154,-0.01332753,-0.00744076,-0.01692926,0.00586684,-0.0154302,-0.02882905,-0.01585437,-0.01308125,-0.00657416,-0.02426189,-0.01680612,-0.01594406,0.00080256,-0.01754959,-0.00886382,0.0130307,-0.01307365,0.02342532,-0.00459924,-0.00350155,-0.00564675,-0.00750918,0.00090898,-0.00377217,0.00500784,-0.02196767,-0.00104467,-0.02212124,-0.00640388,-0.00750766,-0.00436207,-0.02144472,-0.0104982,-0.00256198,-0.0152432,-0.01139823,-0.03048465,0.00968898,-0.01100904,-0.02287228,0.00370338,-0.00222142,-0.00768706,-0.03616776,-0.01303262,-0.00063721
"Np2_504224",-0.01980429,-0.01029449,-0.00097322,-0.02231593,0.00715001,-0.00726899,-0.0183417,-0.0068144,-0.01697643,-0.01547128,-0.02250441,-0.01735956,-0.01848613,-0.03050904,-0.01383384,0.01743974,0.00410931,-0.01900152,-0.02088222,0.00974981,-0.01338229,-0.00855672,-0.01473238,-0.03210239,-0.00883343,-0.01487531,-0.01959145,-0.0260605,-0.00834995,-0.00701052,-0.00727811,0.00129971,-0.03021108,-0.00600557,-0.02344096,-0.0057608,0.02322466,1.0058845,0.01114094,-0.0051192,-0.01039785,-0.02543414,-0.01933448,-0.01081142,-5.644e-05,0.00832222,0.00535754,-0.02110266,-0.01459254,0.01135075,-0.03248097,-0.01060767,-0.01100449,-0.02307911,-0.00947044,-0.00556011,-0.00987943,0.01808591,0.00591094,-0.00551147,-0.00667605,-0.01013636,-0.01503189,0.00042399,-0.01948654,-0.01087069,-0.00385428,-0.01521284,0.00487558,0.00107622,0.00036165,-0.00327654,-0.01290494,-0.01499997,-0.01775329,0.00714241,0.01160769,-0.00690867,-0.01409232,-0.00579576,-0.01406344,0.00302074,-0.01288515,-0.02007034,-0.01434014,-0.02032426,-0.00131985,-0.03716973,1.653e-05,-0.02913011,-0.00747119,-0.02355041,-0.01961882,-0.00578816,-0.01311626,-0.01736868,-0.02435468,-0.01741127,0.01241349,-0.01928128
"Np2_500421",-0.00229744,-0.01209609,0.00239436,-0.0257899,-0.00620625,-0.01013485,-0.001443,-0.01332908,-0.00357453,-0.01149556,-0.01594408,0.01656706,-0.01299006,-0.00676878,-0.00651336,-0.02677961,0.01538269,-0.00119063,-0.00276722,-0.02245878,-0.0011967,-0.00199641,-0.02656828,0.01793993,-0.01595626,-0.00831498,-0.02473782,-0.02056442,-0.02246637,-0.00789992,-0.02276286,-0.02802026,-0.01711324,-0.00795922,-0.00608614,-0.00406561,-0.01917024,0.01114094,0.99315735,0.05389306,-0.01660846,-0.01218427,-0.01368637,-0.01763018,-0.01995022,-0.00138523,0.01267802,-0.01727897,-0.01563396,-0.01416833,-0.02242383,-0.01833862,-0.02922587,0.00415797,-0.01279238,-0.01450735,-0.02536417,-0.01807563,-0.01033401,-0.00852935,-0.01106225,-7.925e-05,-0.00451867,-0.0243349,-0.0054765,0.01895096,-0.0096088,-0.01062897,-0.03265425,0.00611617,-0.01497106,-0.01039938,0.00490598,0.00402722,0.00127386,-0.02187345,0.00570112,-0.00156463,0.00569504,-0.02310492,-0.01115195,-0.02310645,-0.02639342,-0.01062135,0.0005821,-0.00403368,-0.01315578,-0.02863293,-0.00300136,0.00525262,-0.01930709,-0.02352758,-0.0148829,-0.01093454,-0.02175944,-0.01597755,-0.00988854,-0.01723641,-0.00976084,-0.02716428
"Np2_501339",-0.02251045,0.03671469,-0.01645037,0.02165261,-0.01212799,-0.00784671,0.00282157,-0.01286536,-0.01907446,-0.00799113,-0.01046321,-0.01276807,-0.00431645,0.00433736,-0.0093944,-0.00381474,-0.01653697,-0.01319375,0.00058515,-0.01317703,-0.01289575,-0.0168882,-0.00329934,-0.01778064,-0.0202056,-0.01879777,-0.02853105,-0.00976232,0.00353918,-0.02552832,-0.01910639,-0.02466784,-0.01588933,-0.00643126,-0.01155178,-0.02169402,-0.02189923,-0.0051192,0.05389306,0.96899554,-0.00398197,-0.01962634,-0.03785225,-0.00439551,-0.0292167,-0.00761105,-0.0043423,-0.02882597,-0.01866703,0.00256311,-0.01359817,-0.01194554,-0.03453944,-0.0329309,-0.00259845,-0.02590231,-0.01258562,-0.01046626,-0.02598597,-0.00228832,-0.00360493,-0.00721727,-0.00086222,-0.02721591,-0.01580725,-0.00019784,-0.02374039,-0.02095972,0.03014372,-0.01531311,-0.00538525,0.03004946,-0.02579745,0.00631533,-0.00951298,0.00124345,0.01437469,-0.00125296,-0.02485633,-0.013063,-0.0144891,-0.00819942,0.00599758,-0.00407624,0.01031993,-0.01360427,-0.01360427,-0.0160064,-0.0036019,-0.01389616,-0.02644509,-0.01135717,0.00230466,-0.01533592,-0.00852477,-0.01156091,-0.01428992,-0.00673838,-0.01613869,0.00096979
"Np2_500563",-0.00315947,-0.02694531,-0.01458338,-0.02421935,-0.01801477,-0.01570995,-0.00686607,0.00602951,-0.00960575,-0.02634478,-0.01604592,-0.00983683,-0.01506834,-0.00839097,0.00934842,-0.01274221,-0.02120747,-0.00038027,-0.01776849,-0.02012805,-0.01695812,-0.00757152,0.00039206,-0.00998431,-0.00921653,-0.01389009,-0.0198225,-0.02644357,-0.01086154,-0.00952211,-0.03289898,-0.01747964,-0.00064329,0.00638223,-0.00360341,-0.01541803,0.01447958,-0.01039785,-0.01660846,-0.00398197,0.9715136,0.00504584,-0.02260623,-0.0198605,-0.01898782,-0.0124336,-0.01311776,0.00086337,0.0069174,-0.01153354,-0.0056498,0.01363884,-0.0078908,-0.0103872,-0.02125612,-0.01400106,-0.00402911,-0.00890334,0.01024088,-0.01896958,-0.00356236,-0.00215756,-0.01647923,-0.01698703,-0.00770684,-0.01399041,-0.02065714,-0.01787646,0.00722906,-0.00325981,-0.02252259,-0.00989308,-0.00811884,-0.00322028,-0.01889655,0.00615113,-0.02146293,-0.00136242,-0.01082658,0.00841645,-0.00836514,-0.02031962,-0.01098772,-0.01741273,-0.01016219,-0.00869659,-0.01493001,-0.0158118,0.00054561,0.00150192,-0.01408772,-0.00371288,-0.02167428,0.00036621,-0.00863424,-0.00817358,0.0263459,-0.02174725,-0.01427171,-0.00126816
"Np2_501204",-0.02488529,-0.02297725,-0.00985511,0.00179383,0.00024459,-0.01888752,-0.02327066,-0.00627011,0.00834957,-0.02328892,-0.01329412,-0.00237194,-0.02235085,-0.01491329,-0.01952298,-0.00041221,-0.01663127,-0.00218949,-0.00330999,-0.01661608,-0.02454468,-0.00649208,0.00390406,-0.02243598,-0.02516502,0.0099946,-0.01707069,-0.01715428,-0.00142019,-0.01817291,-0.02193732,-0.011079,-0.0146153,-0.01899241,-0.01772747,-0.01616303,-0.01180721,-0.02543414,-0.01218427,-0.01962634,0.00504584,0.99465663,-0.02882449,-0.01482817,-0.01000257,-0.03339926,-0.01811973,-0.01113219,-0.02043371,0.0061177,-0.00578664,-0.02177005,-0.00270641,-0.0155412,-0.02519386,-0.00912075,-0.01617671,-0.00904019,-0.01574189,-0.00648752,-0.01464572,0.0042431,-0.01053469,0.00127234,-0.00936403,-0.02537785,-0.01836144,-0.00037723,-0.01297637,-0.0254417,-0.00836818,-0.02447325,-0.01555337,-0.01475974,-0.01462441,-0.01299005,0.00789498,-0.03160218,-0.00655442,-0.02486397,-0.01367117,-0.02091259,-0.01279696,-0.02773593,-0.03371244,-0.02601341,-0.0147628,0.00427199,-0.0368398,-0.00258783,0.00812456,-0.02361424,-0.0345821,-0.01725463,-0.00405801,-0.00770229,-0.00587025,-0.02188413,-0.01471263,0.35526911
"Np2_500801",-0.00768708,0.00866429,-0.01074907,0.01412691,-0.01570083,-0.01050733,-0.012762,-0.01081291,-0.01474149,-0.01369246,0.00724883,-0.02287841,-0.0092576,-0.01535114,-0.00460532,-0.02380732,-0.00201768,0.01470462,-0.0143903,-0.00458708,-0.00886685,-0.0215253,-0.02952536,-0.01207936,-0.00127728,-0.00868747,-0.00397743,-0.02078487,-0.01630136,-0.01268141,0.02916468,0.02147477,-0.01611741,-0.03356951,-0.00554642,-0.0053503,-0.00677182,-0.01933448,-0.01368637,-0.03785225,-0.02260623,-0.02882449,0.99104376,-0.0251483,-0.01971457,0.01101324,0.01124128,-0.02099621,-0.00125904,0.00324728,-0.02416463,-0.01475821,-0.02762191,-0.00852934,-0.00738755,0.00169196,-0.02938549,-0.00309258,-0.01830824,-0.0078376,-0.00611351,-0.00014767,-0.00777981,-0.00950389,0.01452372,-0.00072995,-0.00633244,-0.01069738,-0.00261975,-0.01189235,0.00062011,-0.0148768,-0.00519674,-0.01018045,-0.0152143,-0.00841076,-0.01169928,-0.00573799,-0.0218917,-0.01161869,-0.01912618,-0.01207632,0.00105645,-0.02422087,0.0044666,0.06005673,-0.02812363,-0.01897111,-0.02085787,-0.01047539,-0.01694295,-0.01812274,-0.01039027,-0.00841836,-0.02274006,-0.00874829,-0.01771073,-0.01806499,-0.01271793,-0.0246481
"Np2_502637",-0.01254309,-0.01945309,-0.01514899,-0.01551083,-0.02572604,-0.02007644,-0.02567588,-0.00897938,0.03832787,-0.00821008,-0.00095193,-0.01131464,-0.00605574,-0.00181093,-0.01539068,0.01375442,-0.0292228,-0.01538917,-0.0122527,-0.01065937,0.01288324,-0.00904932,0.01107708,-0.00705309,-0.02072866,-0.00867836,0.01229947,-0.01119757,-0.02024516,-0.00248596,-0.02434253,-0.01926154,-0.02264582,-0.00467375,-0.01557162,-0.01187869,-0.02059788,-0.01081142,-0.01763018,-0.00439551,-0.0198605,-0.01482817,-0.0251483,1.00733208,0.02453677,-0.02029689,-0.00532143,0.00440275,-0.01782176,0.00067181,-0.02005058,-0.02919242,0.00978784,-0.00487139,-0.01163541,-0.00346811,0.01364952,-0.02421635,-0.00370376,-0.01071715,-0.01811517,-0.00591587,0.00500024,0.00966164,-0.00325527,-0.01957317,-0.01939834,-0.01236066,-0.02480776,-0.01233935,-0.01579054,-0.0265744,-0.01871875,-0.01275593,0.0009105,-0.00140804,-0.00971372,0.02254966,-0.0162573,-0.00568021,0.03591963,-0.00279307,-0.00714431,-0.02558009,-0.01513681,-0.00181245,-0.03221949,-0.0175937,-0.00336473,0.00519333,-0.02240711,-0.01856974,-0.00110701,-0.01646711,-0.00919983,-0.02151013,-0.01967808,-0.02809022,-0.03444986,-0.01718928
"Np2_501672",-0.00893377,-0.00626556,0.00077519,-0.02376025,-0.01694752,-0.00658483,-0.03286104,-0.00962704,-0.0225257,-0.00657723,-7.925e-05,0.00263306,-0.00457492,-0.02070278,-0.02379212,0.00626517,-0.02667773,-0.0133002,-0.01594107,-0.00978668,-7.925e-05,-0.01851502,-0.00994327,-0.01636676,-0.00404432,-0.00902196,-0.02240409,0.00107774,-0.01253091,-0.0165127,-0.00279307,-0.00531382,-0.02998302,-0.00121647,0.00156881,0.00450157,-0.00132897,-5.644e-05,-0.01995022,-0.0292167,-0.01898782,-0.01000257,-0.01971457,0.02453677,1.0002584,-0.02216084,-0.02056446,-0.02923653,0.02029955,0.00093635,-0.01689737,0.00695237,-0.01898632,-0.01555336,-0.02170923,-0.02053554,0.00874486,-0.01209306,-0.01575407,0.01995442,0.00541074,-0.01462139,-0.00279307,0.00369275,-0.00390293,-0.01900456,-0.00286605,-0.01483275,-0.00234609,-0.02104486,-0.00914053,-0.01749182,-0.00173035,-0.00793033,-0.01007553,-0.03185456,-0.01446632,-0.01777916,0.00133924,-0.01925084,-0.01277113,-0.01712389,-0.00566348,-0.00403064,-0.0037737,-0.01690347,0.00772624,-0.02219426,-0.00325222,-0.02662151,0.00066268,-0.01511246,0.00250231,-0.03307843,-0.01334431,-0.01029904,-0.01682894,0.00318951,0.0064081,-0.01266775
"Np2_503756",-0.02457667,-0.00716104,-0.0104587,-0.00701966,0.00876311,-0.01432191,-0.00623819,-0.00246468,-0.00335256,-0.00275963,-0.02484423,-0.01194559,-0.03694167,-0.01019566,-0.00568325,-0.0262536,-0.01069736,-0.00598581,-0.01896506,-0.01159438,-0.01070497,-0.00861602,-0.01114284,-0.0092044,-0.00493981,-0.01751921,-0.00292686,0.01325726,-0.01327436,-0.02470588,-0.00429671,-0.01578753,0.00560991,0.01765261,-0.02836537,-0.02147971,-0.02350934,0.00832222,-0.00138523,-0.00761105,-0.0124336,-0.03339926,0.01101324,-0.02029689,-0.02216084,1.00865497,-0.01963555,-0.00991136,-0.02392599,-0.01227398,-0.00015678,0.04360953,-0.02125015,-0.00611048,0.00643393,0.00882392,-0.0193649,-0.01070803,-0.01543328,-0.01925393,-0.00293447,-0.02342271,-0.04397785,-0.01103794,-0.01072779,-0.01001778,-0.0092348,-0.00964683,-0.02285411,-0.00202378,-0.01216451,-0.01565068,-0.0153968,-0.01946828,-0.01963702,-0.00523171,0.00060187,0.0343856,-0.00305305,-0.01239256,-0.01716343,-0.00220774,0.00788434,0.00571633,-0.02017678,-0.00183526,-0.0132379,-0.01837668,-0.00764452,-0.01033706,-0.02425434,-0.01828848,-0.00645105,-0.02013875,-0.02412208,-0.01940444,-0.0175724,0.01704144,-0.00649818,-0.01371528
"Np2_502653",-0.01765908,-0.01681528,-0.00734198,-0.02579602,2.11e-05,-0.02047934,-0.01604446,-0.01759216,-0.02060855,-0.00861299,-0.00637198,-0.02220796,0.01756291,-0.01255219,0.0137012,-0.02420113,-0.02293617,-0.0159441,0.02200843,-0.01045412,-0.01990308,-0.02100689,-0.02398979,0.00303443,0.00425832,0.00216936,0.00140614,-0.02497954,-0.03387511,-0.01778829,-0.0168396,-0.0096301,0.00568593,-0.01997609,-0.01947133,-0.00787257,-0.02054467,0.00535754,0.01267802,-0.0043423,-0.01311776,-0.01811973,0.01124128,-0.00532143,-0.02056446,-0.01963555,1.0092632,-0.01652489,-0.00454149,0.00513403,-0.02607878,-0.0125674,-0.01205202,-0.02671124,-0.00656505,-0.01284106,0.00610098,0.02600847,-0.02691194,-0.01172819,-0.02079859,-0.00145364,3.63e-05,-0.00868139,-0.01384452,0.00389343,0.00178774,-0.00668214,-0.00863882,-0.00848527,0.03367405,-0.02424066,-0.01440857,-0.01224662,0.00126778,-0.0199031,-0.02015093,-0.01981493,-0.02563027,0.00623172,-0.02271271,0.00364562,-0.00693906,0.00837694,-0.00231264,-0.02623693,-0.02045957,-0.00233696,-0.01927521,-0.00265928,-0.03223618,0.00124802,-0.01139219,-0.00166649,-0.02754288,-0.01172667,-0.00578968,-0.01480995,-0.01159136,-0.02777853
"Np2_504179",0.00270756,-0.00602686,-0.01829459,-0.01105467,-0.01731696,0.01311437,-0.00115109,-0.02276743,-0.01894223,0.01053736,-0.01854085,-0.00016895,-0.00935338,-0.02107222,-0.00895807,-0.01447695,-0.0078908,-0.01169319,-0.00308346,-0.01562938,-0.01473996,-0.02785452,-0.00651184,-0.02874696,-0.00532598,-0.01136785,-0.02961512,0.01195888,0.01157727,0.01230856,0.00763197,-0.02620802,-0.02548733,-0.02165454,-0.02160588,-0.0042298,-0.00930015,-0.02110266,-0.01727897,-0.02882597,0.00086337,-0.01113219,-0.02099621,0.00440275,-0.02923653,-0.00991136,-0.01652489,0.99815089,-0.02826505,-0.02436684,-0.00860081,-0.02199963,-0.01129792,-0.00771292,-0.01295659,0.00144415,-0.00850046,-0.00212411,-0.02448544,-0.00504471,-0.01685175,0.01070307,-0.01806194,0.00195498,-0.00898546,-0.00569086,-0.0263448,-0.01368184,-0.00286757,-0.00621082,0.0143595,-0.01223597,-0.0055966,-0.03961898,-0.0171345,-0.02416615,-0.00890639,-0.00917855,0.0135887,-0.02342116,-0.02271878,0.00728837,-0.01667536,-0.0027277,-0.01144083,-0.02989183,-0.00571823,0.01802964,-0.00149317,0.01998785,-0.02023148,0.00017769,-0.02219276,0.00425679,0.00635488,-0.02070281,-0.01674228,-0.00310931,0.00041335,0.00444684
"Np2_500932",-0.00811431,-0.01061529,-0.02683595,-0.01837974,-0.02008098,-0.02644218,-0.01410145,-0.01443289,-0.00726291,-0.00180485,-0.00473304,-0.01509576,-0.01470199,-0.00331151,-0.00624882,-0.00766276,-0.00046846,-0.01263278,-0.00037419,-0.01520065,-0.00260454,-0.02286476,-0.01839796,-0.01311473,-0.02314146,-0.00926674,0.00471747,0.00569808,-0.02341815,-0.00839556,-0.00866315,-0.02912408,0.00109142,-0.00632637,-0.00065242,-0.01870052,-0.00750311,-0.01459254,-0.01563396,-0.01866703,0.0069174,-0.02043371,-0.00125904,-0.01782176,0.02029955,-0.02392599,-0.00454149,-0.02826505,1.01223743,-0.00858257,0.00733551,0.00381893,-0.01436599,-0.01807869,-0.0196735,-0.00998585,-0.02403542,-0.02267624,-0.01235001,-0.01176164,-0.01292621,-0.00635221,-0.00090936,0.10333507,0.00041335,-0.00450195,-0.02089893,-0.00838798,-0.02813278,-0.0036536,-0.0171391,0.00020353,-0.00121495,-0.0089353,-0.01320898,-0.01826417,-0.01440704,-0.00023584,-0.00802765,-0.01356627,0.00872511,-0.01767275,-0.03236234,-0.0115731,-0.0145089,-0.03098348,-0.00711392,0.00355896,-0.00836213,-0.01667996,-0.02329956,-0.00699532,-0.00762476,-0.00717321,-0.00355477,-0.02407497,-0.01251268,-0.01575561,-0.01618587,-0.01960208
"Np2_500254",0.00490598,0.02946725,0.00397249,-0.01159287,-0.01238191,-0.00034683,-0.02236606,0.00284439,-0.00473304,-0.00216365,-0.00569998,-0.00618041,-0.00958751,-0.01294443,0.00221039,-0.00832562,-0.01010138,-0.01588024,-0.02369029,-0.01692776,0.00114159,-0.03447413,0.00617699,0.01495701,0.00477827,-0.02847789,0.01956218,-0.02217904,-0.02210454,-0.01924476,-0.02057661,-0.02400959,-0.01188629,-0.00850959,-0.0209278,-0.02133982,-0.01470347,0.01135075,-0.01416833,0.00256311,-0.01153354,0.0061177,0.00324728,0.00067181,0.00093635,-0.01227398,0.00513403,-0.02436684,-0.00858257,0.99616199,0.00028715,0.0002674,0.00367146,-0.02482293,-0.01319072,-0.01004057,-0.02211367,-0.03018066,-0.01483729,-0.00588699,-0.01054838,-0.01644125,-0.017992,-0.00557683,-0.00769924,-0.03268313,0.00276381,-0.0049459,-0.01344009,-0.00948564,-0.02966067,-0.01870353,-0.01267231,-0.01127054,-0.01706457,0.00479043,0.00636703,-0.00317924,-0.0269347,0.00872813,-0.00744534,0.00477371,-0.01432491,-0.01375631,-0.0183645,-0.02708526,-0.01583465,-0.02948737,-0.02210001,-0.01156549,-0.01027927,-0.02346981,0.00569961,-0.03292182,-0.00254525,-0.00360494,-0.02168948,-0.0109452,-0.01380802,-0.01844051
"Np2_501479",-0.00350156,-0.02059791,-0.00215453,-0.00996609,-0.0162284,-0.015748,-0.00614392,-0.0140771,-0.02135047,-0.0180209,0.07209628,-0.0074423,-0.00583225,-0.01633482,-0.01227852,-0.00411426,0.00110358,-0.01106073,-0.00579576,-0.00754721,0.00170412,0.00379308,0.00506714,-0.01595169,-0.01290341,-0.01620866,-0.01940444,0.01487187,0.00080712,0.00032213,-0.01332454,-0.01736565,0.00540009,-0.00566654,0.00593678,-0.02761888,0.00623171,-0.03248097,-0.02242383,-0.01359817,-0.0056498,-0.00578664,-0.02416463,-0.02005058,-0.01689737,-0.00015678,-0.02607878,-0.00860081,0.00733551,0.00028715,0.99819955,-0.01619798,-0.01689889,-0.01270575,-0.01794941,-0.01662368,-0.00345898,-0.01958383,-0.00910557,-0.01110179,-0.01181027,-0.00812493,-0.00678702,-0.00607855,-0.0313103,-0.0216302,-0.0225196,-0.03357413,-0.01211738,-0.01804521,-0.01784756,-0.00658634,-0.0078528,-0.04035484,0.00067789,-0.01684415,-0.01298702,-0.01538765,-0.00478321,-0.0071291,-0.02710347,-0.01822918,-0.02926993,0.00200972,-0.01187261,-0.0216576,0.02851399,-0.01341728,-0.00998282,0.01377874,0.01050391,-0.00998432,-0.00346812,-0.00757761,-0.01718623,-0.0103401,-0.0095723,-0.00931842,-0.02692866,-0.01058031
"Np2_503024",-0.00990678,-0.00298159,-0.01509727,-0.02032422,0.00792538,-0.00968634,0.00873574,0.01129295,-0.0069269,-0.0130235,-0.03237142,-0.01749636,-0.01086916,-0.00115109,0.0033613,-0.02161801,-0.01427168,-0.02674006,-0.01128878,-0.00589458,0.0071576,0.00924657,-0.00437879,0.00136053,-0.00760193,-0.01379584,-0.00026777,-0.01585893,-0.00879083,-0.01018803,-0.00878324,-0.02285866,-0.03384466,0.00982126,-0.02585827,-0.01927669,-0.03042839,-0.01060767,-0.01833862,-0.01194554,0.01363884,-0.02177005,-0.01475821,-0.02919242,0.00695237,0.04360953,-0.0125674,-0.02199963,0.00381893,0.0002674,-0.01619798,0.98234612,-0.00916485,-0.02686473,0.00194737,-0.01010593,0.02327938,0.00578626,-0.01003754,-0.03271051,0.00078887,-0.00768859,-0.02474689,-0.01081139,-0.00867682,-0.00583832,-0.02345155,0.00365473,-0.01137696,-0.00012486,-0.00889726,-0.02393807,-0.0019432,-0.02334665,-0.00055816,-0.00987028,-0.02471345,-0.02665798,-0.00313059,0.00486188,-0.02088977,-0.01718468,-0.02412048,0.00259809,-0.02694381,-0.02046106,-0.01483576,-0.00933208,0.01584337,-0.02379364,-0.0066958,-0.01076425,-0.0148905,-0.0361799,0.000126,-0.01750549,-0.00579119,0.00556125,-0.0061196,-0.02063436
"Np2_504439",-0.00863122,-0.02359909,-0.010781,-0.02117717,-0.0158848,0.00679274,-0.01537853,-0.01251723,-0.00960424,0.00543202,-0.00920287,-0.01135569,0.00621805,0.02414598,-0.02105701,-0.01502124,0.01482624,-0.01634243,0.00443011,0.03582229,-0.01954122,0.00292041,-0.00310322,-0.00496565,-0.02411447,-0.0277238,0.02092441,-0.0072857,-0.00249812,-0.0107369,-0.00507512,-0.00850808,-0.00717928,-0.01885406,-0.00375393,-0.00370985,-0.00786799,-0.01100449,-0.02922587,-0.03453944,-0.0078908,-0.00270641,-0.02762191,0.00978784,-0.01898632,-0.02125015,-0.01205202,-0.01129792,-0.01436599,0.00367146,-0.01689889,-0.00916485,0.99979919,-0.01053773,-0.03128893,-0.01323939,-0.02774505,-0.00981405,-0.01575558,-0.00117998,0.00540922,0.00392535,0.00313478,-0.00375849,-0.02594954,-0.02189474,-0.00317164,-0.02182788,0.00692653,-0.01754958,-0.0050371,-0.01566892,-0.01085397,-0.01598971,-0.00916484,-0.00433775,-0.01842075,0.00563271,-0.0248123,-0.03035091,-0.00501886,-0.00329023,-0.01341878,-0.01163391,-0.01776245,0.00027499,-0.01629683,-0.00486379,-0.02347441,-0.01506837,-0.01849524,-0.00416747,-0.03657225,-0.01574797,-0.02079554,-0.01653401,-0.00603597,-0.00927889,0.00351791,-0.01008467
"Np2_503518",-0.02359449,-0.00040156,-0.03334606,-0.0172881,-0.01518847,-0.00771445,-0.01559441,-0.00330695,-0.01210065,0.00202339,-0.01154723,-0.00640238,-0.01786733,0.00325335,-0.00242059,-0.0229909,-0.0092591,-0.00348331,-0.00962096,-0.0122846,-0.0276629,-0.01417137,-0.01198509,-0.01886468,0.00729293,-0.00254981,-0.02383777,-0.01099839,0.00412756,-0.00502342,-0.0195823,-0.01860624,-0.01286842,-0.0002176,-0.01537244,0.01720713,-0.01538154,-0.02307911,0.00415797,-0.0329309,-0.0103872,-0.0155412,-0.00852934,-0.00487139,-0.01555336,-0.00611048,-0.02671124,-0.00771292,-0.01807869,-0.02482293,-0.01270575,-0.02686473,-0.01053773,0.9914604,-0.01021995,-0.00554946,-0.01625424,0.0123192,0.00075239,-0.01994415,-0.00560115,-0.02791379,0.00687179,-0.03635782,0.00393752,-0.01861382,0.00406218,-0.01778678,0.00078127,-0.00955558,-0.00555707,-0.01406038,-0.01259021,-0.00161024,-0.00998887,-0.00424957,-0.00951453,-0.01723639,0.01738956,-0.01825196,0.0058638,-0.01445262,-0.00800938,-0.01671491,-0.00201465,-0.00875893,-0.01012724,-0.00720816,-0.0154804,-0.01315577,-0.01627855,-0.01228917,0.02083318,-0.00288885,-0.01493002,-0.00914813,0.01351267,0.00023547,-0.02193582,-0.00163456
"Np2_502269",-0.01941198,-0.01826413,-0.01289579,-0.01599426,0.03506051,0.00118112,0.01565027,-0.01691252,-0.02342569,-0.00717319,-0.01527054,0.00310131,-0.00273833,-0.00791967,-0.01511394,-0.01257497,-0.01146207,-0.0163287,-0.02322654,-0.02360964,-0.01755105,-0.00512376,-0.01479619,-0.0253246,0.01603643,0.00117656,0.00254184,-0.01654611,0.0218411,-0.00570605,-0.00536549,0.02267278,-0.01537546,-0.00257261,-0.03004224,-0.00962551,-0.01332753,-0.00947044,-0.01279238,-0.00259845,-0.02125612,-0.02519386,-0.00738755,-0.01163541,-0.02170923,0.00643393,-0.00656505,-0.01295659,-0.0196735,-0.01319072,-0.01794941,0.00194737,-0.03128893,-0.01021995,0.96956727,-0.00121495,-0.0084229,-0.0117768,-0.01026861,-0.01363315,-0.01099685,-0.02996469,-0.00734194,0.04718682,-0.01635761,0.00548522,-0.0095434,-0.00554642,0.01104513,-0.00993413,-0.00912835,-0.00014767,-0.03121293,-0.01308733,-0.00489418,-0.01572665,-0.00335559,0.01659288,-0.02647095,-0.01194099,-0.00667755,-0.0180239,-0.02222307,-0.02226263,-0.02124553,-0.00031946,-0.02510114,0.0016874,-0.01144992,-0.00669276,-0.01893762,-0.01281974,-0.0043271,-0.0142139,-0.00709869,0.01267038,-0.02624288,-0.01549862,-0.02839574,-0.03758925
"Np2_503171",-0.0186944,-0.02073928,-0.01901978,-0.00387404,-0.02518779,-0.00266233,-0.01312688,-0.00828912,-0.00187934,-0.00615152,-0.01105616,-0.02020258,-0.01403149,-0.00811428,-0.01424432,-0.00820854,-0.0090721,-0.00694513,-0.00304849,-0.01529033,-0.01835381,-0.01428842,-0.01681523,-0.0183736,-0.0148692,-0.00874829,0.00310741,-0.00168929,-0.02168338,-0.00316403,-0.02380429,-0.00564829,-0.00234305,0.00088162,-0.00651944,-0.01027623,-0.00744076,-0.00556011,-0.01450735,-0.02590231,-0.01400106,-0.00912075,0.00169196,-0.00346811,-0.02053554,0.00882392,-0.01284106,0.00144415,-0.00998585,-0.01004057,-0.01662368,-0.01010593,-0.01323939,-0.00554946,-0.00121495,0.98316722,-0.01287449,-0.01911705,-0.00757457,-0.03800133,0.00978933,-0.00492156,-0.01407405,-0.00135482,-0.0107749,0.01790951,-0.02615777,-0.0086297,-0.00921806,-0.01849065,-0.01950928,-0.00216668,-0.00328111,-0.01358602,-0.01193034,-0.00147796,-0.01920979,0.00362736,0.01103906,0.01887948,-0.01082507,-0.02277956,-0.02773891,-0.01667993,-0.02083201,-0.01009228,-0.00112221,-0.00869355,0.00051825,-0.03744636,-0.00727354,-0.01134198,-0.01455602,-0.01319224,-0.00562092,-0.0218841,-0.02354886,0.01471376,0.03146345,-0.02029988
"Np2_501154",-0.0120672,-0.00012486,0.12322279,-0.01777157,-0.00624578,-0.00743775,-0.00680375,0.00822033,0.08927929,-0.01503189,-0.01719989,-0.01844051,-0.00694818,-0.00848069,-0.0048805,0.00373987,-0.00426932,0.0098684,-0.02743643,-0.02447476,-0.02069667,-0.01176617,-0.01778979,-0.00247227,-0.01645189,0.00152777,-0.0141349,-0.02805366,-0.00350155,-0.00505079,-0.0132242,-0.00738302,-0.01593649,-0.00982317,-0.01661608,0.00228034,-0.01692926,-0.00987943,-0.02536417,-0.01258562,-0.00402911,-0.01617671,-0.02938549,0.01364952,0.00874486,-0.0193649,0.00610098,-0.00850046,-0.02403542,-0.02211367,-0.00345898,0.02327938,-0.02774505,-0.01625424,-0.0084229,-0.01287449,0.99170977,-0.00640846,-0.02390465,-0.01936338,-0.01885556,-0.00620017,-0.01474453,-0.01449216,-0.00551602,-0.01560048,-0.02926082,-0.0327136,-0.01034464,0.00425222,-0.01394634,-0.02397001,-0.03511875,-0.00863121,-0.00135026,-0.0171999,-0.01820789,-0.01908818,-0.02566369,-0.02436072,-0.01331997,-0.01067912,-0.0139661,-0.01035681,-0.02180657,-0.03311192,-0.01669212,-0.02031054,-0.00760194,-0.02686627,-0.01083267,-0.01824589,-0.00625644,-0.01918395,-0.00461902,-0.01282435,0.01105274,-0.01818815,-0.01360125,-0.00166193
"Np2_501768",-0.03123275,-0.02141889,-0.01681072,-0.0116993,-2.147e-05,-0.01185589,-0.02612133,0.00851529,0.01173235,0.00548371,-0.01264797,-0.01312841,-0.00984598,-0.01457121,-0.00777829,-0.00432711,-0.01355257,0.00286567,-0.02045195,-0.00426325,-0.01112761,-0.01223141,-0.01186956,0.00177558,0.00026284,-0.02539158,-0.01566438,-0.02927907,0.01807828,-0.01144537,-0.01064872,-0.00982471,0.00594742,-0.02640412,-0.0117601,-0.01536485,0.00586684,0.01808591,-0.01807563,-0.01046626,-0.00890334,-0.00904019,-0.00309258,-0.02421635,-0.01209306,-0.01070803,0.02600847,-0.00212411,-0.02267624,-0.03018066,-0.01958383,0.00578626,-0.00981405,0.0123192,-0.0117768,-0.01911705,-0.00640846,0.9991423,-0.00658179,-0.01967658,-0.02555422,-0.0288625,-0.02570018,-0.02012658,-0.02650599,-0.01454537,-0.00524843,-0.0161509,-0.01962791,-0.02464353,-0.02900692,0.00217087,-0.00730548,-0.01092087,-0.02355646,-0.00763082,-0.01973737,-0.00146125,-0.000435,-0.03911724,-0.00815991,-0.0005019,-0.01215081,0.00635792,0.01528086,-0.02475913,-0.01046781,-0.01134961,0.02005932,0.00657228,-0.0047604,-0.01004514,0.00240044,-0.00611807,-0.00994936,-0.01374568,0.00405002,-0.02306241,-0.01953975,-0.00851263
"Np2_503474",0.00645978,-0.01002842,-0.01286997,-0.00958297,-0.01462899,-0.00533054,0.00275316,-0.01156549,0.01111205,-0.02341512,-0.01174792,-0.01450889,-0.017916,-0.00622145,-0.01265556,-0.00555554,0.00209485,0.00969508,-0.01575103,-0.00397134,-0.00308193,-0.00068891,-0.02419655,-0.01541653,-0.01404063,-0.01810606,-0.01050734,-0.0321799,0.00179839,-0.01571451,-0.01841468,-0.00664413,-0.01276504,-0.01318923,-0.01390075,-0.02176249,-0.0154302,0.00591094,-0.01033401,-0.02598597,0.01024088,-0.01574189,-0.01830824,-0.00370376,-0.01575407,-0.01543328,-0.02691194,-0.02448544,-0.01235001,-0.01483729,-0.00910557,-0.01003754,-0.01575558,0.00075239,-0.01026861,-0.00757457,-0.02390465,-0.00658179,1.00033443,-0.00965442,-0.01674836,-0.0012043,-0.01461379,-0.04066348,-0.00143236,-0.01653399,-0.0022199,-0.01008164,-0.00626099,0.00164635,-0.01959293,-0.00605118,-0.00017199,-0.01138913,0.00394967,0.01333784,-0.0139722,-0.02047779,-0.00592043,0.00131188,-0.00756393,0.00298274,-0.00653769,-0.001256,-0.01255373,-0.0040945,-0.00363839,-0.02246033,-0.00610288,-0.00818728,-0.00811733,-0.0065605,-0.01783239,-0.02832734,0.00022482,-0.00722034,-0.0009793,-0.00711087,-0.01635917,-0.01962335
"Np2_500976",0.00583188,0.00424311,0.00641874,0.0039284,-0.00157375,0.00057906,-0.0145986,-0.00246316,-0.00852024,-0.01750552,-0.01359212,-0.0125522,-0.02021629,-0.02737408,-0.01176313,-0.00633549,-0.01404061,-0.00613632,-0.01227399,0.00269843,-0.00872699,0.0052207,0.00086945,-0.00829066,-0.00144148,-0.01873397,-0.01235153,0.05978149,-0.02649989,0.00539857,-0.03196558,-0.01380955,-0.01111244,0.00442708,-0.00099753,0.00467185,-0.02882905,-0.00551147,-0.00852935,-0.00228832,-0.01896958,-0.00648752,-0.0078376,-0.01071715,0.01995442,-0.01925393,-0.01172819,-0.00504471,-0.01176164,-0.00588699,-0.01110179,-0.03271051,-0.00117998,-0.01994415,-0.01363315,-0.03800133,-0.01936338,-0.01967658,-0.00965442,1.00744156,-0.00597365,-0.00928192,-0.0061196,-0.02152684,-0.01498326,-0.00910405,0.01083535,-0.02910583,-0.02133223,-0.01676965,0.00364865,-0.03830239,-0.01737173,-0.01156093,-0.01781108,-0.01374416,-0.02554665,-0.01593651,-0.03695536,-0.01588784,-0.02202703,-0.00996001,-0.00944612,-0.01815166,-0.00314732,-0.01855761,-0.01125991,0.01203187,-0.02391076,-0.00942333,0.00767454,-0.02239191,-0.00325679,0.00114768,-0.02579295,0.0096358,-0.02076361,-0.01047542,-0.00467224,-0.01067305
"Np2_503156",-0.02406733,0.01858609,0.00890299,2.718e-05,-0.00729939,-0.01533293,-0.02594951,-0.03418676,-0.02078337,-0.00726746,-0.0222064,-0.01432493,0.02970288,-0.01409533,-0.02220182,0.00709527,-0.00091391,0.00501392,-0.02864207,-0.0056118,-0.0214462,-0.01540437,0.00396184,-0.00382995,0.00089074,0.01491749,-0.00196144,-0.00858255,-0.00774788,-0.01963549,-0.01792663,-0.00159504,-0.00497933,-0.00099449,-0.00824352,-0.01032792,-0.01585437,-0.00667605,-0.01106225,-0.00360493,-0.00356236,-0.01464572,-0.00611351,-0.01811517,0.00541074,-0.00293447,-0.02079859,-0.01685175,-0.01292621,-0.01054838,-0.01181027,0.00078887,0.00540922,-0.00560115,-0.01099685,0.00978933,-0.01885556,-0.02555422,-0.01674836,-0.00597365,0.99218723,-0.01500755,-0.02309581,-0.01235303,-0.0017045,-0.00905235,-0.02164844,-0.01369855,-0.00957383,-0.01717404,-0.00952669,-0.00951605,-0.03632439,-0.01196534,-0.0109178,-0.00365815,-0.00740277,-0.01603683,-0.01014548,-0.00048062,0.00174213,-0.00625947,-0.01654005,-0.01551535,-0.013434,0.00247494,-0.01212042,-0.00175164,-0.02781196,-0.02290273,-0.0242011,-0.02918176,-0.00624579,-0.02267011,-0.0138825,-0.01463812,-0.00535638,-0.01240017,0.00480564,-0.00849286
"Np2_504066",-0.00107355,-0.01649751,-0.03636699,-0.00769012,-0.02657131,-0.01027928,-0.01268597,-0.02350781,-0.02302739,-0.00555859,-0.02004141,-0.02356255,0.0011568,-0.01983616,-0.01836445,-0.00548713,-0.0020937,-0.00543999,-0.01492242,0.00613137,-0.02475447,-0.01734433,-0.00405952,0.0117141,-0.00652249,0.00263914,-0.01591218,-0.02025274,-0.03142882,-0.01123707,0.00445899,-0.01402542,-0.00555098,-0.02285104,-0.01079163,-0.02367051,-0.01308125,-0.01013636,-7.925e-05,-0.00721727,-0.00215756,0.0042431,-0.00014767,-0.00591587,-0.01462139,-0.02342271,-0.00145364,0.01070307,-0.00635221,-0.01644125,-0.00812493,-0.00768859,0.00392535,-0.02791379,-0.02996469,-0.00492156,-0.00620017,-0.0288625,-0.0012043,-0.00928192,-0.01500755,0.98663412,0.00613137,-0.00729939,0.00304507,0.00223472,-0.02693315,-0.02476063,-0.012426,-0.01774568,0.00556124,-0.02103421,0.00734614,0.00464296,-0.0104252,-0.00772659,-0.01557616,-0.02162563,-0.01786277,-0.01017436,-0.0166176,-0.00759128,-0.0066213,-0.01122188,-0.02115129,-0.0175572,0.00159922,0.03538138,-0.00253765,-0.0065985,-0.03784773,-0.00846852,-0.01274681,-0.00454147,-0.0260088,-0.00867227,0.04713212,-0.00932298,-0.0156826,-0.0020709
"Np2_501358",-0.01676357,-0.02914683,-0.00659851,-0.00361558,-0.01094213,-0.020344,-0.00207395,0.00200364,-0.01119908,-0.01896808,-0.03147443,-0.00489268,-0.01270878,-0.00679159,-0.02037132,0.00025979,-0.00835753,-0.02052185,-0.02939616,-0.00971065,-0.00319595,-0.00612416,-0.02203003,-0.01203375,-0.01476278,-0.02460554,0.00640657,-0.00553578,-0.01260692,-0.00716254,-0.01214322,0.01361456,-0.02732238,-0.02941896,-0.00960576,-0.00940963,-0.00657416,-0.01503189,-0.00451867,-0.00086222,-0.01647923,-0.01053469,-0.00777981,0.00500024,-0.00279307,-0.04397785,3.63e-05,-0.01806194,-0.00090936,-0.017992,-0.00678702,-0.02474689,0.00313478,0.00687179,-0.00734194,-0.01407405,-0.01474453,-0.02570018,-0.01461379,-0.0061196,-0.02309581,0.00613137,0.98991854,-0.00717776,-0.00869203,-0.03002707,-0.02483508,-0.01658114,-0.02203461,-0.01625575,0.00781136,-0.0082937,-0.01488137,-0.00481362,-0.02094601,-0.00806108,-0.01302198,-0.0075168,-0.00527428,-0.00929256,-0.00935034,0.00302074,0.0012541,-0.01778979,0.00633663,0.00126474,-0.01576318,0.00068701,0.00412149,-0.01210217,-0.00792728,-0.00363382,-0.00076645,0.01534469,0.0040637,-0.01919308,0.00514011,-0.00296791,-0.00187782,-0.01654463
"Np2_501437",-0.01681526,-0.00107203,-0.01592435,-0.0340743,-0.02072406,-0.02921374,-0.01474454,-0.00990679,-0.02584613,-0.01749942,-0.004768,0.03245623,0.00077063,-0.01246856,-0.0046114,-0.02685411,-0.00415226,-0.0129718,-0.02367052,0.01912428,-0.01799502,0.01723754,-0.01980121,-0.00767644,0.0011492,-0.02237672,-0.0117373,-0.00999648,-0.02618971,-0.00615,-0.01143474,0.00580907,-0.01521129,-0.01502733,-0.02197228,-0.0184314,-0.02426189,0.00042399,-0.0243349,-0.02721591,-0.01698703,0.00127234,-0.00950389,0.00966164,0.00369275,-0.01103794,-0.00868139,0.00195498,0.10333507,-0.00557683,-0.00607855,-0.01081139,-0.00375849,-0.03635782,0.04718682,-0.00135482,-0.01449216,-0.02012658,-0.04066348,-0.02152684,-0.01235303,-0.00729939,-0.00717776,0.99483301,-0.01710565,-0.02186889,-0.00390597,-0.02438663,-0.02299852,-0.01448302,-0.0156537,-0.0062169,-0.0029223,-0.01383537,-0.00320964,-0.01343399,-0.0148981,-0.00832867,-0.01383994,-0.0187704,-0.01153052,-0.01542718,-0.02099467,-0.02118627,-0.00162089,0.00394968,-0.0003073,-0.01791295,-0.0179753,-0.01519456,-0.00782694,-0.0083986,-0.01875829,-0.02332386,-0.01879323,-0.02015699,-0.00920286,0.00214959,0.0081048,-0.00549777
"Np2_501521",-0.00677487,-0.01733372,0.00171781,0.03845256,-0.00399415,-0.00320965,-0.01504254,-0.01172513,-0.01261302,-0.01886167,-0.01555641,-0.03473716,-0.01883581,0.00547763,0.00953391,-0.01042827,-0.00870722,-0.02011138,-0.02761737,-0.00884406,-0.02194186,-0.01635612,-0.02557247,0.0064689,-0.00811886,0.00256312,-0.0120353,-0.00056424,-0.00930777,-0.01663434,-0.00914814,-0.00756394,0.00151864,-0.00893986,-0.00341794,-0.00535031,-0.01680612,-0.01948654,-0.0054765,-0.01580725,-0.00770684,-0.00936403,0.01452372,-0.00325527,-0.00390293,-0.01072779,-0.01384452,-0.00898546,0.00041335,-0.00769924,-0.0313103,-0.00867682,-0.02594954,0.00393752,-0.01635761,-0.0107749,-0.00551602,-0.02650599,-0.00143236,-0.01498326,-0.0017045,0.00304507,-0.00869203,-0.01710565,1.00533709,-0.01198055,-0.01378216,-0.03578322,-0.01158983,-0.01219643,-0.01564763,-0.01837363,-0.0257215,-0.01610982,-0.03133001,-0.01023519,-0.0069862,-0.02884733,-0.00151902,-0.00143236,0.00565552,-0.0084275,-0.01688366,-0.00217581,-0.00511161,-0.00318989,-0.0183934,-0.02474846,0.00437994,-0.0039379,-0.01435837,-0.02557247,0.01302316,-0.0181486,0.003562,-0.0009945,-0.00630813,-0.00833476,-0.02153599,-0.01430973
"Np2_504819",-0.00043957,0.00602952,-0.02281002,-0.00371137,-0.01195012,-0.01724705,-0.0160049,-0.00903866,-0.01038266,-0.01313449,-0.01591063,-0.01927973,-0.02405515,-0.01418503,-0.0125613,-0.02857057,-0.00632483,-0.01408013,0.0515427,0.00858978,0.01799311,-0.02750482,-0.01680459,0.02709547,-0.0250449,-0.01238648,-0.00326742,-0.01308126,-0.01954426,-0.02519843,-0.02364162,-0.02783478,-0.01631961,-0.0162877,-0.00392421,-0.02638129,-0.01594406,-0.01087069,0.01895096,-0.00019784,-0.01399041,-0.02537785,-0.00072995,-0.01957317,-0.01900456,-0.01001778,0.00389343,-0.00569086,-0.00450195,-0.03268313,-0.0216302,-0.00583832,-0.02189474,-0.01861382,0.00548522,0.01790951,-0.01560048,-0.01454537,-0.01653399,-0.00910405,-0.00905235,0.00223472,-0.03002707,-0.02186889,-0.01198055,0.98775021,-0.02812359,-0.02519089,-0.01665714,-0.00601317,-0.01280912,0.00194889,-0.02227483,0.02291299,0.00662852,0.00659053,0.00056538,-0.0264649,-0.00673838,-0.00209066,-0.02556182,-0.00969393,-0.00644342,-0.01150011,-0.01519608,-0.00324006,-0.01053773,0.00059123,-0.0015996,0.009391,-0.01638497,-0.00190518,-0.01484945,0.01570501,-0.0209658,-0.00666996,-0.01107136,-0.00929713,-0.0127681,-0.0213535
"Np2_504864",-0.00011269,-0.03393288,-0.01168865,-0.01767579,-0.01785667,-0.01023063,-0.00822832,-0.0061272,0.00165091,0.0063488,-0.00524539,5.151e-05,-0.00274746,-0.02450059,-0.00022368,-0.00650272,-0.00052471,0.00053802,-0.0180665,-0.00628683,-0.01041457,-0.02961051,-0.02058266,0.00112031,0.03579188,-0.00977908,-0.01206265,0.01704443,-0.02043366,0.01207289,0.02016725,-0.00546281,-0.00185349,-0.0328367,-0.00010053,-0.00781023,0.00080256,-0.00385428,-0.0096088,-0.02374039,-0.02065714,-0.01836144,-0.00633244,-0.01939834,-0.00286605,-0.0092348,0.00178774,-0.0263448,-0.02089893,0.00276381,-0.0225196,-0.02345155,-0.00317164,0.00406218,-0.0095434,-0.02615777,-0.02926082,-0.00524843,-0.0022199,0.01083535,-0.02164844,-0.02693315,-0.02483508,-0.00390597,-0.01378216,-0.02812359,0.98809994,-0.01467766,-0.02256369,-0.03746156,-0.0118741,0.0045563,0.0017695,-0.01507292,0.0034586,-0.01163085,0.00606144,-0.00834995,-0.00580336,-0.00586873,-0.01991372,0.00446811,-0.01234997,-0.01482207,-0.01122037,0.01700342,-0.03195187,-0.01610981,-0.01282738,-0.01688822,-0.00435143,-0.00978818,-0.00828914,-0.00403671,-0.00421916,-0.02078641,-0.02093082,-0.02751853,-0.00970458,-0.02421935
"Np2_502370",-0.02773902,-0.01655683,-0.01879025,-0.01641545,-0.00580185,0.00136813,-0.00879238,-0.00015374,-0.01989399,-0.01990921,0.00604928,-0.03076755,-0.00984903,0.00290976,0.10746117,-0.01877349,-0.00534574,-0.03392987,-0.00388317,-0.01962184,0.01380307,-0.00508881,0.00196258,-0.00415683,-0.00019632,-0.01216758,-0.02235699,0.00036469,0.02081189,-0.00111005,-0.01521284,-0.00374634,-0.01336408,0.00840888,0.00085577,-0.00639783,-0.01754959,-0.01521284,-0.01062897,-0.02095972,-0.01787646,-0.00037723,-0.01069738,-0.01236066,-0.01483275,-0.00964683,-0.00668214,-0.01368184,-0.00838798,-0.0049459,-0.03357413,0.00365473,-0.02182788,-0.01778678,-0.00554642,-0.0086297,-0.0327136,-0.0161509,-0.01008164,-0.02910583,-0.01369855,-0.02476063,-0.01658114,-0.02438663,-0.03578322,-0.02519089,-0.01467766,1.01601451,0.03707816,-0.02859951,0.00702231,-0.01364382,0.00287784,-0.01305241,-0.01808627,-0.01128272,0.00823404,-0.00389686,-0.02081077,-0.02270054,-0.02108595,-0.02011748,-0.00516026,-0.01097713,-0.00996002,-0.02825901,-0.00910255,-0.01697797,-0.00822226,-0.00757002,0.00359848,-0.01217667,-0.0152387,-0.02254091,-0.03245363,0.01681035,-0.01206873,-0.0077099,-0.01574193,-0.0232631
"Np2_500386",-0.02224595,-0.01927367,-0.02546,-0.01578751,-0.01049516,0.00336435,-0.01105314,0.00260265,-0.02169862,-0.00012486,-0.00472544,-0.00672621,-0.01180571,-0.01546669,-0.02646184,-0.01951386,-0.00958294,-0.0188586,-0.01830673,-0.00911164,-0.00411729,-0.01495131,-0.0095723,-0.02603009,-0.02267773,-0.00424196,-0.01640782,-0.01892397,-0.00623058,0.00514315,-0.01777764,-0.01239258,-0.01532075,0.00903677,-0.01676052,0.01277835,-0.00886382,0.00487558,-0.03265425,0.03014372,0.00722906,-0.01297637,-0.00261975,-0.02480776,-0.00234609,-0.02285411,-0.00863882,-0.00286757,-0.02813278,-0.01344009,-0.01211738,-0.01137696,0.00692653,0.00078127,0.01104513,-0.00921806,-0.01034464,-0.01962791,-0.00626099,-0.02133223,-0.00957383,-0.012426,-0.02203461,-0.02299852,-0.01158983,-0.01665714,-0.02256369,0.03707816,0.99507022,0.00091506,0.00536968,-0.0286755,-0.01382626,-0.02367507,-0.00362317,-0.0167362,0.00354071,-0.0091983,-0.01820637,0.01061489,-0.00829522,-0.01948955,-0.01563088,-0.01004514,-0.03000887,-0.0113633,-0.01045108,-0.01680613,-0.01550016,-0.01849676,-0.01569019,0.01368903,-0.01977996,-0.02176094,-0.00613176,0.00025827,0.01683768,-0.01605206,0.00662702,0.00017009
"Np2_503030",-0.02589325,-0.01364684,-0.00067674,0.0193341,-0.01170991,-0.00530013,-0.00253765,-0.00256502,-0.02139301,-0.003012,-0.01916721,0.00878286,-0.00313818,0.00886039,-0.0264603,-0.01419112,-0.01231804,-0.00106899,-0.02514677,-0.01275895,-0.02920148,-0.02848089,0.00548066,-0.00824048,0.00058515,-0.0118422,-0.00485162,-0.00219861,-0.00911771,-0.00762625,-0.01503948,0.00144415,-0.00452475,0.00812608,-0.00657265,-0.02066781,0.0130307,0.00107622,0.00611617,-0.01531311,-0.00325981,-0.0254417,-0.01189235,-0.01233935,-0.02104486,-0.00202378,-0.00848527,-0.00621082,-0.0036536,-0.00948564,-0.01804521,-0.00012486,-0.01754958,-0.00955558,-0.00993413,-0.01849065,0.00425222,-0.02464353,0.00164635,-0.01676965,-0.01717404,-0.01774568,-0.01625575,-0.01448302,-0.01219643,-0.00601317,-0.03746156,-0.02859951,0.00091506,0.98503752,-0.02077877,-0.01195013,-0.01260845,-0.00542936,-0.01031118,-0.01202158,0.00308612,-0.0119334,-0.01440398,-0.0143173,-0.01939224,-0.0207043,-0.01334883,-0.01019565,0.00024763,-0.00087135,-0.00649665,-0.02106158,-0.02234021,0.01191174,-0.01584069,-0.00379346,0.00393904,-0.0073161,-0.02452646,-0.01676812,-0.01083114,0.00204164,-0.01617672,-0.01472781
"Np2_504424",-0.02052642,-0.02774049,0.00286568,-0.03139998,-0.00588698,-0.02243447,-0.01100599,-0.00327958,-0.01678635,-0.00463877,-0.01395242,-0.0246192,-0.03197919,-0.02256518,0.02877389,-0.01642603,-0.02291484,-0.01440244,-0.00229592,-0.01970693,-0.00498236,-0.01140737,-0.00192343,-0.00713062,-0.01472477,-0.00860385,-0.01636068,0.00727315,-0.02169098,-0.00788471,-0.01256131,-0.02222771,-0.01557767,-0.02041088,-0.00120582,-0.00633092,-0.01307365,0.00036165,-0.01497106,-0.00538525,-0.02252259,-0.00836818,0.00062011,-0.01579054,-0.00914053,-0.01216451,0.03367405,0.0143595,-0.0171391,-0.02966067,-0.01784756,-0.00889726,-0.0050371,-0.00555707,-0.00912835,-0.01950928,-0.01394634,-0.02900692,-0.01959293,0.00364865,-0.00952669,0.00556124,0.00781136,-0.0156537,-0.01564763,-0.01280912,-0.0118741,0.00702231,0.00536968,-0.02077877,0.98421641,-0.0131208,-0.0189483,-0.00492764,-0.01573881,-0.02626724,0.00602039,-0.02055378,-0.0149665,-0.02673854,0.00133011,0.00655555,-0.00843811,-0.02276893,-0.01126141,0.01042486,0.0145298,0.0150163,0.00978478,-0.01632113,-0.01822763,-0.02183998,0.00839367,-0.03418064,-0.00152358,-0.00699227,-0.01108961,-0.00216973,0.00013664,-0.01483424
"Np2_503993",8.93e-06,-0.01100601,-0.01141499,-0.00660764,-0.00815686,-0.01588634,-0.02148577,-0.01908057,-0.0044609,-0.01831128,-0.0052758,-0.00362775,-0.00749095,-0.00643886,-0.0160657,-0.00911772,0.00552627,-0.00511768,0.00212374,-0.02106462,-0.01302956,-0.02021476,-0.02760668,-0.00392725,-0.01395396,0.00980303,-0.02151924,0.00181054,-0.00586873,0.00930586,-0.01650359,-0.00382083,-0.02043216,-0.01538309,-0.00712455,-0.02426041,0.02342532,-0.00327654,-0.01039938,0.03004946,-0.00989308,-0.02447325,-0.0148768,-0.0265744,-0.01749182,-0.01565068,-0.02424066,-0.01223597,0.00020353,-0.01870353,-0.00658634,-0.02393807,-0.01566892,-0.01406038,-0.00014767,-0.00216668,-0.02397001,0.00217087,-0.00605118,-0.03830239,-0.00951605,-0.02103421,-0.0082937,-0.0062169,-0.01837363,0.00194889,0.0045563,-0.01364382,-0.0286755,-0.01195013,-0.0131208,0.99244876,-0.02334668,-0.00202834,-0.0135997,-0.00193103,0.00481475,-0.02115129,-0.00720208,-0.01502123,0.01091896,0.01386388,-0.01846177,0.00156729,-0.02402172,0.00678666,-0.02088372,0.00362432,-0.01741884,0.00710289,-0.00939898,0.01192239,-0.00740734,-0.02854473,-0.02097342,-0.01093455,-0.03023536,-0.02663674,0.00288391,-0.00965441
"Np2_502651",-0.0106837,-0.01424892,-0.01359366,-0.011827,-0.02356256,-0.02156183,-0.00876501,-0.0171543,-0.03142127,-0.0176013,0.20676277,-0.0079349,-0.03460336,-0.00785735,0.00060795,-0.009624,-0.02462678,-0.01672251,-0.01769099,-0.00758369,-0.0220498,-0.01342337,-0.00743622,-0.00960271,-0.0073146,-0.01685329,-0.03768515,-0.01222683,-0.00819943,-0.00047454,-0.00408689,-0.01192887,-0.0133367,-0.01862601,0.01106948,-0.0186853,-0.00459924,-0.01290494,0.00490598,-0.02579745,-0.00811884,-0.01555337,-0.00519674,-0.01871875,-0.00173035,-0.0153968,-0.01440857,-0.0055966,-0.00121495,-0.01267231,-0.0078528,-0.0019432,-0.01085397,-0.01259021,-0.03121293,-0.00328111,-0.03511875,-0.00730548,-0.00017199,-0.01737173,-0.03632439,0.00734614,-0.01488137,-0.0029223,-0.0257215,-0.02227483,0.0017695,0.00287784,-0.01382626,-0.01260845,-0.0189483,-0.02334668,1.00131975,-0.00055816,-0.01684261,-0.00395766,-0.01758456,0.03277097,-0.01667843,-0.00473304,-0.02181873,-0.02221858,-0.02763404,-0.00654073,-0.01647015,-0.02291038,-0.00040916,-0.00904476,-0.01458036,-0.00100514,0.02886364,-0.0030272,-0.02737413,-0.01856062,-0.00658027,-0.01068066,-0.01660241,-0.02379826,-0.01617065,-0.0188267
"Np2_500845",0.00698582,-0.00038027,-0.01051951,-0.01681071,-0.03325934,-0.02304871,-0.01663737,-0.01073538,-0.01983315,-0.00358062,0.00200516,0.00198083,-0.02848849,-0.01177681,-0.01988329,0.00333241,-0.00832561,-0.01349633,-0.00412642,-0.01439181,0.00246126,-0.0059402,-0.00481817,-0.02325241,-0.01336255,0.07196865,-0.02670515,0.00437841,-0.01151075,0.0082249,-0.0121113,-0.00703029,-0.01056661,-0.01768034,-0.00546888,-0.01682742,-0.00350155,-0.01499997,0.00402722,0.00631533,-0.00322028,-0.01475974,-0.01018045,-0.01275593,-0.00793033,-0.01946828,-0.01224662,-0.03961898,-0.0089353,-0.01127054,-0.04035484,-0.02334665,-0.01598971,-0.00161024,-0.01308733,-0.01358602,-0.00863121,-0.01092087,-0.01138913,-0.01156093,-0.01196534,0.00464296,-0.00481362,-0.01383537,-0.01610982,0.02291299,-0.01507292,-0.01305241,-0.02367507,-0.00542936,-0.00492764,-0.00202834,-0.00055816,0.99256737,-0.00662282,-0.02201637,0.01315996,-0.02861773,-0.01177986,-0.00211499,-0.00597364,-0.02492175,-0.0193907,-0.02551165,-0.02586286,-0.00280828,-0.01831585,-0.01007554,-0.00633701,-0.00796529,-0.01838576,-0.01424434,0.0179658,0.00199755,-0.01612502,-0.01475215,-0.02112999,-0.02923806,-0.00093368,-0.00617433
"Np2_500641",-0.01309951,0.01602276,-0.01935424,-0.00709718,-0.00849436,-0.0160718,-0.01452559,-0.02367503,-0.00175771,-0.0274668,-0.00029209,-0.01399954,-0.02257582,0.01207592,-0.0010477,-0.00839098,-0.02795477,-0.01047234,0.00163419,-0.01030358,-0.02507372,-0.0225287,0.00504736,-0.02114061,-0.00957838,0.00323207,0.0126552,0.00208116,-0.0179129,-0.00273833,-0.00954341,-0.0161691,0.02833756,-0.00386187,-0.00959054,-0.0106107,-0.00564675,-0.01775329,0.00127386,-0.00951298,-0.01889655,-0.01462441,-0.0152143,0.0009105,-0.01007553,-0.01963702,0.00126778,-0.0171345,-0.01320898,-0.01706457,0.00067789,-0.00055816,-0.00916484,-0.00998887,-0.00489418,-0.01193034,-0.00135026,-0.02355646,0.00394967,-0.01781108,-0.0109178,-0.0104252,-0.02094601,-0.00320964,-0.03133001,0.00662852,0.0034586,-0.01808627,-0.00362317,-0.01031118,-0.01573881,-0.0135997,-0.01684261,-0.00662282,0.97337477,-0.02081678,-0.02319308,-0.00628531,-0.02593579,-0.02554504,0.01955148,-0.01657654,-0.01317398,-0.01503794,-0.01660543,-0.01301134,-0.01027471,-0.00948412,0.00094395,-0.00387708,-0.00456731,0.00550346,-0.01048147,-0.02052031,-0.00701963,-0.01537699,-0.01704175,-0.00416899,-0.02588413,-0.00451866
"Np2_502084",-0.0073602,-0.00758065,-0.00464486,0.00746017,-0.01902279,-0.02751246,0.02374919,-0.01945609,-0.01015764,-0.00926064,-0.01370917,-0.0036992,-0.01425194,0.00124345,-0.02009006,-0.02424062,-0.00898848,-0.00686152,-0.01299918,-0.02584915,-0.01690189,-0.00538679,-0.02129267,-0.00673533,-0.00490331,-0.0296455,-0.01186045,-0.00723096,-0.0073085,-0.01828389,-0.02037591,-0.00115565,-0.02035158,-0.0183432,-0.01054076,-0.02494001,-0.00750918,0.00714241,-0.02187345,0.00124345,0.00615113,-0.01299005,-0.00841076,-0.00140804,-0.03185456,-0.00523171,-0.0199031,-0.02416615,-0.01826417,0.00479043,-0.01684415,-0.00987028,-0.00433775,-0.00424957,-0.01572665,-0.00147796,-0.0171999,-0.00763082,0.01333784,-0.01374416,-0.00365815,-0.00772659,-0.00806108,-0.01343399,-0.01023519,0.00659053,-0.01163085,-0.01128272,-0.0167362,-0.01202158,-0.02626724,-0.00193103,-0.00395766,-0.02201637,-0.02081678,0.98987292,0.00200668,-8.989e-05,-0.01198662,0.01911514,-0.0183432,-0.01281369,-0.00348178,-0.02358992,-0.00980188,-0.01046477,-0.0192828,0.00826595,-0.02326763,-0.00984444,-0.00399718,-0.00624122,-0.01234392,0.01851461,-0.00781783,-0.00401239,-0.0023324,-0.0189544,-0.0052454,-0.01793575
"Np2_503656",-0.0231156,-0.01299767,0.02460215,-0.0172653,-0.00345898,-0.01514137,-0.01298702,-0.03156264,-0.01299006,-0.02364772,-0.0249035,-0.01428539,-0.0272707,-0.01420784,-0.00543847,0.01838539,-0.00771595,-0.01136632,-1.995e-05,-0.01074146,-0.00757152,-0.01065177,-0.01409078,-0.00743926,-0.01381713,-0.01621017,-0.03324115,0.00559622,-0.01363772,-0.01016981,-0.00891704,-0.01873548,-0.00448369,-0.01296574,-0.0086601,-0.01469741,0.00090898,0.01160769,0.00570112,0.01437469,-0.02146293,0.00789498,-0.01169928,-0.00971372,-0.01446632,0.00060187,-0.02015093,-0.00890639,-0.01440704,0.00636703,-0.01298702,-0.02471345,-0.01842075,-0.00951453,-0.00335559,-0.01920979,-0.01820789,-0.01973737,-0.0139722,-0.02554665,-0.00740277,-0.01557616,-0.01302198,-0.0148981,-0.0069862,0.00056538,0.00606144,0.00823404,0.00354071,0.00308612,0.00602039,0.00481475,-0.01758456,0.01315996,-0.02319308,0.00200668,0.99530743,-0.01934208,-0.01497107,-0.02431056,-0.00749247,-0.00378738,-0.00114501,-0.00848222,-0.03513548,-0.01223294,-0.02089893,-0.02117258,-0.01469741,-0.00461902,0.00654947,-0.00238409,-0.01624058,-0.01077186,-0.01931624,-0.00714888,-0.04727848,-0.01920223,-0.00093216,0.0099429
"Np2_500172",-0.01213715,-0.00095497,-0.01732765,-0.01920983,-0.0014506,-0.01343705,0.00544115,-0.00340425,-0.00566045,-0.02072713,0.0142014,-0.01227701,-0.01750853,-0.02633871,-0.00905538,-0.00377977,0.00356655,0.00599759,-0.02355347,0.01604861,-0.0010021,-0.01761344,0.01619609,0.00065052,-0.02990092,-0.02514832,-0.00721121,-0.01960965,-0.01041306,0.01601213,-0.02363252,-0.00365207,-0.01190149,-0.01810301,-0.01653399,-0.00417507,-0.00377217,-0.00690867,-0.00156463,-0.00125296,-0.00136242,-0.03160218,-0.00573799,0.02254966,-0.01777916,0.0343856,-0.01981493,-0.00917855,-0.00023584,-0.00317924,-0.01538765,-0.02665798,0.00563271,-0.01723639,0.01659288,0.00362736,-0.01908818,-0.00146125,-0.02047779,-0.01593651,-0.01603683,-0.02162563,-0.0075168,-0.00832867,-0.02884733,-0.0264649,-0.00834995,-0.00389686,-0.0091983,-0.0119334,-0.02055378,-0.02115129,0.03277097,-0.02861773,-0.00628531,-8.989e-05,-0.01934208,0.9978042,-0.00414466,0.00521612,-0.02068759,-0.01196535,-0.02604679,-0.02851891,-0.015339,-0.0134173,-0.0264923,-0.0004639,-0.00265472,-0.01416529,-0.01500755,-0.0055449,-0.01651273,-0.01682134,-0.02065263,-0.02125621,-0.01835992,-0.01308889,-0.0335878,-0.02514526
"Np2_502271",-0.01460771,-0.0236462,-0.01599733,-0.01225422,-0.00179268,-0.00845791,-0.00995239,-0.00070564,-0.01482056,-0.0089064,-0.01305086,-0.01550776,0.00282614,-0.02485636,0.00124497,-0.00457796,0.00535295,-0.01912618,-0.02191908,-0.02230218,0.01051453,-0.01552296,-0.00406256,-0.01215842,-0.00622146,-0.01804067,-0.00405649,-0.00794096,-0.00467374,-0.00911164,-0.0066426,-0.02573518,-0.01832496,-0.00947501,-0.0231095,-0.00953431,0.00500784,-0.01409232,0.00569504,-0.02485633,-0.01082658,-0.00655442,-0.0218917,-0.0162573,0.00133924,-0.00305305,-0.02563027,0.0135887,-0.00802765,-0.0269347,-0.00478321,-0.00313059,-0.0248123,0.01738956,-0.02647095,0.01103906,-0.02566369,-0.000435,-0.00592043,-0.03695536,-0.01014548,-0.01786277,-0.00527428,-0.01383994,-0.00151902,-0.00673838,-0.00580336,-0.02081077,-0.01820637,-0.01440398,-0.0149665,-0.00720208,-0.01667843,-0.01177986,-0.02593579,-0.01198662,-0.01497107,-0.00414466,0.99407881,-0.01260996,-0.00096105,-0.01489201,-0.02471648,-0.01578598,-0.0175055,-0.01588787,-0.00022824,-0.00491091,0.01722386,0.0166598,-0.01048451,0.00429936,-0.0025635,-0.01077794,-0.00411882,-0.02159829,-0.01292467,0.00207661,-0.00945221,0.00096676
"Np2_501302",-0.01178441,-0.01306911,-0.01332606,0.00212374,-0.03074465,0.00105493,-0.00195991,-0.00548409,-0.02872109,0.00562359,-0.00080141,-0.01496497,0.00276077,-0.00500517,-0.03546074,-0.01619797,-0.01508506,0.00482996,0.00066877,-0.01370156,-0.0275595,0.02439685,-0.021916,-0.02210605,-0.01008771,-0.01932231,-0.01400414,-0.01423976,-0.01614171,0.00891512,-0.00169081,0.01099195,5.89e-06,-0.01896654,0.00039054,-0.01400869,-0.02196767,-0.00579576,-0.02310492,-0.013063,0.00841645,-0.02486397,-0.01161869,-0.00568021,-0.01925084,-0.01239256,0.00623172,-0.02342116,-0.01356627,0.00872813,-0.0071291,0.00486188,-0.03035091,-0.01825196,-0.01194099,0.01887948,-0.02436072,-0.03911724,0.00131188,-0.01588784,-0.00048062,-0.01017436,-0.00929256,-0.0187704,-0.00143236,-0.00209066,-0.00586873,-0.02270054,0.01061489,-0.0143173,-0.02673854,-0.01502123,-0.00473304,-0.00211499,-0.02554504,0.01911514,-0.02431056,0.00521612,-0.01260996,0.98223968,-0.03036914,-0.01541347,-0.00866617,-0.01037808,-0.02623685,0.00153081,-0.0054628,-0.0054324,-0.01066392,0.02313191,0.00936667,0.02278222,-0.02786669,0.01196191,0.00387366,-0.02911335,-0.03518711,-0.03143646,-0.02092021,-0.02433641
"Np2_504173",-0.02856605,-0.02407342,-0.02128967,-0.01572214,-0.01544693,-0.01192582,-0.01600491,-0.01618431,0.0194162,-0.0135906,-0.01651877,-0.01228614,-0.01690952,0.01150885,-0.00237497,0.00305268,0.001733,-0.02593886,-0.01215995,-0.01041458,-0.01347807,-0.01990309,-0.01224356,-0.02642082,-0.01470654,-0.00980189,-0.01771076,-0.01049668,0.00447724,-0.01379583,-0.00752592,-0.0036612,-0.00035596,-0.00868595,-0.0242969,-0.00524844,-0.00104467,-0.01406344,-0.01115195,-0.0144891,-0.00836514,-0.01367117,-0.01912618,0.03591963,-0.01277113,-0.01716343,-0.02271271,-0.02271878,0.00872511,-0.00744534,-0.02710347,-0.02088977,-0.00501886,0.0058638,-0.00667755,-0.01082507,-0.01331997,-0.00815991,-0.00756393,-0.02202703,0.00174213,-0.0166176,-0.00935034,-0.01153052,0.00565552,-0.02556182,-0.01991372,-0.02108595,-0.00829522,-0.01939224,0.00133011,0.01091896,-0.02181873,-0.00597364,0.01955148,-0.0183432,-0.00749247,-0.02068759,-0.00096105,-0.03036914,0.99444071,-0.02200876,-0.00629139,-0.02107832,-0.02796703,-0.01540287,-0.00019936,-0.00792273,-0.0219723,-0.01645493,0.00337955,0.00432824,-0.00709567,0.05812275,-0.01123557,-0.02004905,0.00215566,-0.017355,-0.0127681,0.00114768
"Np2_504194",-0.01026559,-0.02386512,0.0190559,-0.01809844,-0.01919155,-0.02144778,-0.00804283,0.00181206,-0.01549559,-0.01323028,0.00695084,-0.00234761,-0.0104678,-0.00835146,-0.00171058,-0.03565996,-0.01630286,-0.02116952,-0.01848917,-0.0115746,-0.01555029,0.03914274,-0.00884253,-0.00447153,-0.00796074,-0.03391922,-0.01887078,-0.0121128,0.00149279,-0.01145906,-0.02966678,-0.01287909,-0.01778372,0.00216479,-0.01557464,-0.00184741,-0.02212124,0.00302074,-0.02310645,-0.00819942,-0.02031962,-0.02091259,-0.01207632,-0.00279307,-0.01712389,-0.00220774,0.00364562,0.00728837,-0.01767275,0.00477371,-0.01822918,-0.01718468,-0.00329023,-0.01445262,-0.0180239,-0.02277956,-0.01067912,-0.0005019,0.00298274,-0.00996001,-0.00625947,-0.00759128,0.00302074,-0.01542718,-0.0084275,-0.00969393,0.00446811,-0.02011748,-0.01948955,-0.0207043,0.00655555,0.01386388,-0.02221858,-0.02492175,-0.01657654,-0.01281369,-0.00378738,-0.01196535,-0.01489201,-0.01541347,-0.02200876,0.99212032,-0.01231653,-0.0055145,0.00158402,-0.01595475,-0.00728875,-0.01698857,-0.02191604,0.01051151,-0.01100751,0.00712112,-0.00673534,-0.02361576,-0.00524996,-0.01315122,-0.0101029,3.326e-05,0.00233963,-0.00928649
"Np2_502254",-0.00093368,-0.01331692,-0.01144538,-0.03841333,0.31747104,-0.01698097,-0.02486092,-0.00481969,-0.00373112,-0.01742946,-0.00697858,-0.0270715,-0.01542716,-0.01194251,-0.0218734,-0.0257199,-0.02627936,-0.0148783,0.00330961,-0.01379734,-0.01792506,0.00818536,-0.01805887,-0.01399194,-0.02386662,-0.01652943,-0.0136438,-0.02193727,-0.00240234,-0.01368179,-0.00604358,-0.0219434,-0.01042825,-0.01465331,-0.00365815,-0.00239778,-0.00640388,-0.01288515,-0.02639342,0.00599758,-0.01098772,-0.01279696,0.00105645,-0.00714431,-0.00566348,0.00788434,-0.00693906,-0.01667536,-0.03236234,-0.01432491,-0.02926993,-0.02412048,-0.01341878,-0.00800938,-0.02222307,-0.02773891,-0.0139661,-0.01215081,-0.00653769,-0.00944612,-0.01654005,-0.0066213,0.0012541,-0.02099467,-0.01688366,-0.00644342,-0.01234997,-0.00516026,-0.01563088,-0.01334883,-0.00843811,-0.01846177,-0.02763404,-0.0193907,-0.01317398,-0.00348178,-0.00114501,-0.02604679,-0.02471648,-0.00866617,-0.00629139,-0.01231653,0.9767261,-0.02689361,-0.00717623,0.00599607,0.01086118,-0.0187552,-0.01638498,-0.01801326,-0.02448081,-0.01608241,-0.00895808,0.00076758,-0.00199945,-0.02556029,-0.02296807,-0.00568629,-0.01615086,-0.01591823
"Np2_504158",0.01909541,-0.02810387,0.00143806,-0.01397526,-0.0147643,-0.00531381,-0.02277199,-0.00698771,-0.01274071,-0.01290797,-0.02009312,-0.01297181,-0.0058885,-0.00027537,-0.00883797,-0.00052167,-0.0056422,-0.00701204,0.00068549,0.00258288,-0.00580184,-0.008578,-0.0066958,0.01120631,-0.00322942,0.01034124,-0.01581184,-0.00677334,0.00318343,-0.01265709,-0.00106595,-0.01803004,-0.01183611,-0.0248792,-0.01662065,0.01291823,-0.00750766,-0.02007034,-0.01062135,-0.00407624,-0.01741273,-0.02773593,-0.02422087,-0.02558009,-0.00403064,0.00571633,0.00837694,-0.0027277,-0.0115731,-0.01375631,0.00200972,0.00259809,-0.01163391,-0.01671491,-0.02226263,-0.01667993,-0.01035681,0.00635792,-0.001256,-0.01815166,-0.01551535,-0.01122188,-0.01778979,-0.02118627,-0.00217581,-0.01150011,-0.01482207,-0.01097713,-0.01004514,-0.01019565,-0.02276893,0.00156729,-0.00654073,-0.02551165,-0.01503794,-0.02358992,-0.00848222,-0.02851891,-0.01578598,-0.01037808,-0.02107832,-0.0055145,-0.02689361,0.99428561,-0.0221152,-0.02338624,-0.0068144,-0.00617585,-0.0101911,-0.01409991,-0.01539828,-0.03269377,-0.01629531,-0.01721205,-0.0073602,0.02289933,-0.00871634,-0.00739821,0.01208813,-0.0025787
"Np2_501135",0.00764566,-0.01735652,-0.00621083,0.00026892,-0.01663585,0.00208878,-0.00867987,-0.0115959,0.003936,-0.01538766,-0.01466699,0.01176277,0.00060187,-0.01248529,-0.00782086,-0.0075624,-0.02499775,0.01148909,-0.0074195,-0.01236367,-0.01284256,-0.01561875,-0.01312841,0.04247838,-0.02897047,0.00497288,-0.02270056,0.00108534,-0.03061546,-0.00419028,-0.00460989,-0.01108356,-0.02374198,-0.00896266,5.607e-05,0.01150279,-0.00436207,-0.01434014,0.0005821,0.01031993,-0.01016219,-0.03371244,0.0044666,-0.01513681,-0.0037737,-0.02017678,-0.00231264,-0.01144083,-0.0145089,-0.0183645,-0.01187261,-0.02694381,-0.01776245,-0.00201465,-0.02124553,-0.02083201,-0.02180657,0.01528086,-0.01255373,-0.00314732,-0.013434,-0.02115129,0.00633663,-0.00162089,-0.00511161,-0.01519608,-0.01122037,-0.00996002,-0.03000887,0.00024763,-0.01126141,-0.02402172,-0.01647015,-0.02586286,-0.01660543,-0.00980188,-0.03513548,-0.015339,-0.0175055,-0.02623685,-0.02796703,0.00158402,-0.00717623,-0.0221152,0.99996949,-0.00473305,-0.01051038,-0.0223387,0.0072458,-0.00228832,-0.00829978,-0.01358451,-0.00357149,0.00585012,-0.02367508,-0.0122679,-0.00420243,-0.01307065,-0.00255438,-0.02512703
"Np2_500781",-0.00578817,-0.01254614,0.00832984,-0.01635767,-0.02216387,-0.01301746,0.00418838,-0.0279184,-0.01527516,-0.01544241,-0.00164673,-0.01398591,-0.03198839,-0.01223597,-0.02520759,-0.01643518,-0.00331151,-0.00255285,-0.01842078,-0.00648904,-0.00970458,-0.02008252,-0.01972066,-0.02431973,-0.02020719,-0.00724467,-0.01804222,-0.00991591,-0.02550104,-0.02340143,0.05006805,-0.01022609,0.000985,0.00238525,0.00106558,-0.01971916,-0.02144472,-0.02032426,-0.00403368,-0.01360427,-0.00869659,-0.02601341,0.06005673,-0.00181245,-0.01690347,-0.00183526,-0.02623693,-0.02989183,-0.03098348,-0.02708526,-0.0216576,-0.02046106,0.00027499,-0.00875893,-0.00031946,-0.01009228,-0.03311192,-0.02475913,-0.0040945,-0.01855761,0.00247494,-0.0175572,0.00126474,0.00394968,-0.00318989,-0.00324006,0.01700342,-0.02825901,-0.0113633,-0.00087135,0.01042486,0.00678666,-0.02291038,-0.00280828,-0.01301134,-0.01046477,-0.01223294,-0.0134173,-0.01588787,0.00153081,-0.01540287,-0.01595475,0.00599607,-0.02338624,-0.00473305,1.01491362,-0.0108692,-0.00855825,0.0038463,-0.03746317,0.01429871,-0.01622385,-0.02156641,-0.0162497,-0.00046846,0.01838848,-0.01763626,-0.00658788,0.00940167,-0.03354372
"Np2_504244",-0.00077101,-0.01741126,-0.00504929,-0.03749056,-0.01532228,-0.01636223,-6.861e-05,-0.00450498,-0.02546151,-0.02228398,-0.01076883,0.01809351,-0.02940377,-0.01922957,-0.00559507,-0.02312471,-0.01821093,-0.02976713,-0.01370768,-0.02382104,-0.00544759,-0.0057912,-0.02276134,0.00061404,-0.00758826,-0.02427262,-0.01560965,-0.0302886,-0.02519694,-0.00622146,-0.02002017,-0.01402696,-0.0102656,0.01029107,0.01839757,0.00673497,-0.0104982,-0.00131985,-0.01315578,-0.01360427,-0.01493001,-0.0147628,-0.02812363,-0.03221949,0.00772624,-0.0132379,-0.02045957,-0.00571823,-0.00711392,-0.01583465,0.02851399,-0.01483576,-0.01629683,-0.01012724,-0.02510114,-0.00112221,-0.01669212,-0.01046781,-0.00363839,-0.01125991,-0.01212042,0.00159922,-0.01576318,-0.0003073,-0.0183934,-0.01053773,-0.03195187,-0.00910255,-0.01045108,-0.00649665,0.0145298,-0.02088372,-0.00040916,-0.01831585,-0.01027471,-0.0192828,-0.02089893,-0.0264923,-0.00022824,-0.0054628,-0.00019936,-0.00728875,0.01086118,-0.0068144,-0.01051038,-0.0108692,1.00594228,-0.02072105,-0.00694819,-0.01344161,-0.01413184,-0.01591977,-0.019894,-0.00165433,0.00348446,-0.01718776,0.00486493,0.0904106,-0.01340362,-0.00511313
"Np2_501508",-0.02947522,-0.00278547,-0.00517091,-0.01906387,-0.02182936,0.0152915,-0.00672774,-0.02195859,-0.01691712,9.559e-05,-0.01666777,-0.01684415,-0.01964311,-0.0046038,-0.02776174,-0.00576231,-0.00814621,-0.01955036,0.02676406,-0.02227026,-0.00359277,-0.02096429,-0.01330477,-0.01531923,0.01524741,-0.03032359,-0.00189607,-0.00456427,-0.00433774,-0.02747593,-0.02303045,0.02446836,-0.00111309,-0.02358235,-0.02292554,-0.00448523,-0.00256198,-0.03716973,-0.02863293,-0.0160064,-0.0158118,0.00427199,-0.01897111,-0.0175937,-0.02219426,-0.01837668,-0.00233696,0.01802964,0.00355896,-0.02948737,-0.01341728,-0.00933208,-0.00486379,-0.00720816,0.0016874,-0.00869355,-0.02031054,-0.01134961,-0.02246033,0.01203187,-0.00175164,0.03538138,0.00068701,-0.01791295,-0.02474846,0.00059123,-0.01610981,-0.01697797,-0.01680613,-0.02106158,0.0150163,0.00362432,-0.00904476,-0.01007554,-0.00948412,0.00826595,-0.02117258,-0.0004639,-0.00491091,-0.0054324,-0.00792273,-0.01698857,-0.0187552,-0.00617585,-0.0223387,-0.00855825,-0.02072105,0.99642353,-0.00722186,-0.02785451,-0.00558747,-0.00722337,-0.01119758,0.0006566,-0.00271858,-0.01548496,-0.01258868,-0.01674382,-0.01018046,-0.00477864
"Np2_501294",-0.00445177,-0.01926761,-0.03457606,-0.00802765,-0.01368182,-0.00985663,-0.00101274,-0.02369333,-0.01561115,-0.00513594,-0.0214432,-0.00595997,-0.00754265,-0.00557835,-0.01687758,-0.01129791,-0.01900302,-0.01261909,-0.02529428,-0.02476517,-0.01034464,-0.01676966,-0.01199879,-0.00565133,0.00165395,0.01203188,-0.0097122,-0.01268446,-0.01063352,-0.0162877,-0.02020414,-0.01071411,-0.01090566,-0.02866185,-0.01903497,0.00548675,-0.0152432,1.653e-05,-0.00300136,-0.0036019,0.00054561,-0.0368398,-0.02085787,-0.00336473,-0.00325222,-0.00764452,-0.01927521,-0.00149317,-0.00836213,-0.02210001,-0.00998282,0.01584337,-0.02347441,-0.0154804,-0.01144992,0.00051825,-0.00760194,0.02005932,-0.00610288,-0.02391076,-0.02781196,-0.00253765,0.00412149,-0.0179753,0.00437994,-0.0015996,-0.01282738,-0.00822226,-0.01550016,-0.02234021,0.00978478,-0.01741884,-0.01458036,-0.00633701,0.00094395,-0.02326763,-0.01469741,-0.00265472,0.01722386,-0.01066392,-0.0219723,-0.02191604,-0.01638498,-0.0101911,0.0072458,0.0038463,-0.00694819,-0.00722186,1.00420579,-0.01195318,-0.03134371,0.00548523,-0.01110789,0.00697974,-0.01859256,0.00224081,-0.00885014,0.00432673,-0.01997306,-0.01548344
"Np2_500825",0.02174234,-0.02317641,-0.01917639,-0.01725769,-0.0157662,-0.0122451,-0.00233696,-0.00175619,-0.02818595,0.0020538,-0.01121276,-0.00713215,-0.0125157,0.01012532,-0.0081675,-0.02554508,-0.02580048,5e-04,-0.01308736,-0.01499082,-0.01288513,-0.02098254,-0.00891399,0.00169044,-0.01882668,-0.00373569,-0.02669603,-0.01780955,-0.00891703,0.00580146,-0.02076817,-0.00899763,-0.0240886,-0.00900522,-0.01853477,-0.02365988,-0.01139823,-0.02913011,0.00525262,-0.01389616,0.00150192,-0.00258783,-0.01047539,0.00519333,-0.02662151,-0.01033706,-0.00265928,0.01998785,-0.01667996,-0.01156549,0.01377874,-0.02379364,-0.01506837,-0.01315577,-0.00669276,-0.03744636,-0.02686627,0.00657228,-0.00818728,-0.00942333,-0.02290273,-0.0065985,-0.01210217,-0.01519456,-0.0039379,0.009391,-0.01688822,-0.00757002,-0.01849676,0.01191174,-0.01632113,0.00710289,-0.00100514,-0.00796529,-0.00387708,-0.00984444,-0.00461902,-0.01416529,0.0166598,0.02313191,-0.01645493,0.01051151,-0.01801326,-0.01409991,-0.00228832,-0.03746317,-0.01344161,-0.02785451,-0.01195318,0.9922815,-0.00210891,-0.01408318,-0.01440856,-0.00620321,-0.00547344,-0.01322267,-0.0007482,-0.02770858,-0.0153679,-0.01042219
"Np2_502843",-0.01011508,-0.01398437,-0.00131833,0.00303291,-0.01995324,-0.03133157,-0.02096732,-0.00913596,-0.01656135,-0.0298036,0.00162811,-0.01314361,-0.01107744,-0.00090328,0.00239284,-0.03034025,-0.00748637,-0.00566348,0.00781137,-0.0092956,-0.00065242,0.00402114,-0.02860857,-0.0225652,-0.02240557,-0.02175792,0.00058819,-0.00831345,0.00833284,0.00176646,0.00195498,-0.00649513,0.00608425,0.00170716,-0.0056939,-0.01233935,-0.03048465,-0.00747119,-0.01930709,-0.02644509,-0.01408772,0.00812456,-0.01694295,-0.02240711,0.00066268,-0.02425434,-0.03223618,-0.02023148,-0.02329956,-0.01027927,0.01050391,-0.0066958,-0.01849524,-0.01627855,-0.01893762,-0.00727354,-0.01083267,-0.0047604,-0.00811733,0.00767454,-0.0242011,-0.03784773,-0.00792728,-0.00782694,-0.01435837,-0.01638497,-0.00435143,0.00359848,-0.01569019,-0.01584069,-0.01822763,-0.00939898,0.02886364,-0.01838576,-0.00456731,-0.00399718,0.00654947,-0.01500755,-0.01048451,0.00936667,0.00337955,-0.01100751,-0.02448081,-0.01539828,-0.00829978,0.01429871,-0.01413184,-0.00558747,-0.03134371,-0.00210891,0.98649118,-0.00884405,-0.01053774,-0.01343094,0.01953021,-0.01239256,-0.01360123,-0.01623601,-0.01392964,0.00044223
"Np2_501140",-0.0018687,0.01889167,-0.02043827,-0.01836754,0.0021283,-0.01700379,-0.01789014,-0.01563697,-0.01865335,0.00124801,-0.01019412,-0.01569171,-0.00161479,-0.00345138,-0.00608461,-0.00765058,-0.02447776,-0.01186043,-0.03183327,-0.0048501,-0.02144467,-0.01920372,-0.01002384,-0.02192057,-0.00610135,-0.01153509,-0.01032184,-0.01907143,0.01201816,-0.02571534,-0.00074516,0.01877918,-0.01029903,-0.02607874,-0.00687369,-0.00941419,0.00968898,-0.02355041,-0.02352758,-0.01135717,-0.00371288,-0.02361424,-0.01812274,-0.01856974,-0.01511246,-0.01828848,0.00124802,0.00017769,-0.00699532,-0.02346981,-0.00998432,-0.01076425,-0.00416747,-0.01228917,-0.01281974,-0.01134198,-0.01824589,-0.01004514,-0.0065605,-0.02239191,-0.02918176,-0.00846852,-0.00363382,-0.0083986,-0.02557247,-0.00190518,-0.00978818,-0.01217667,0.01368903,-0.00379346,-0.02183998,0.01192239,-0.0030272,-0.01424434,0.00550346,-0.00624122,-0.00238409,-0.0055449,0.00429936,0.02278222,0.00432824,0.00712112,-0.01608241,-0.03269377,-0.01358451,-0.01622385,-0.01591977,-0.00722337,0.00548523,-0.01408318,-0.00884405,0.9850436,-0.02768121,0.00013664,-0.01205656,-0.01037961,0.01197712,-0.02790621,-0.01389315,-0.01822157
"Np2_503176",-0.00432254,-0.00956017,0.0031059,-0.02568655,-0.0226747,-0.01231201,-0.02353675,-0.01033706,2.566e-05,-0.02689978,-0.00808693,-0.02012204,-0.01060616,-0.01669971,-0.00412946,-0.00189455,-0.01066392,0.01639679,-0.02653338,-0.00593564,-0.02572298,0.00069158,0.01230401,-0.022398,-0.00460229,0.02797278,-0.01885713,0.0002157,0.00697974,-0.02968959,-0.02022695,-0.0136256,-0.01548953,-0.00390293,-0.03061246,0.0034875,-0.01100904,-0.01961882,-0.0148829,0.00230466,-0.02167428,-0.0345821,-0.01039027,-0.00110701,0.00250231,-0.00645105,-0.01139219,-0.02219276,-0.00762476,0.00569961,-0.00346812,-0.0148905,-0.03657225,0.02083318,-0.0043271,-0.01455602,-0.00625644,0.00240044,-0.01783239,-0.00325679,-0.00624579,-0.01274681,-0.00076645,-0.01875829,0.01302316,-0.01484945,-0.00828914,-0.0152387,-0.01977996,0.00393904,0.00839367,-0.00740734,-0.02737413,0.0179658,-0.01048147,-0.01234392,-0.01624058,-0.01651273,-0.0025635,-0.02786669,-0.00709567,-0.00673534,-0.00895808,-0.01629531,-0.00357149,-0.02156641,-0.019894,-0.01119758,-0.01110789,-0.01440856,-0.01053774,-0.02768121,1.01176301,-0.02329804,-0.0096453,0.00677907,-0.00856889,-0.02139003,-0.00175164,-0.02417226
"Np2_500677",0.01270082,-0.00439552,-0.01939987,0.01763892,-0.00276266,0.00197474,-0.02460552,-0.01307823,-0.00894896,-0.00987638,-0.02420717,-0.0237754,-0.01030664,-0.00241298,-0.01994562,-0.00889271,-0.01553357,-0.02252871,-0.01163846,-0.00943699,0.00376723,-0.00949933,-0.01004969,-0.00248596,-0.01752981,-0.01232111,0.0130657,-0.00465397,-0.01537395,-0.01844353,-0.01962334,-0.01712694,-0.00895656,-0.00892464,0.0124089,-0.0088319,-0.02287228,-0.00578816,-0.01093454,-0.01533592,0.00036621,-0.01725463,-0.00841836,-0.01646711,-0.03307843,-0.02013875,-0.00166649,0.00425679,-0.00717321,-0.03292182,-0.00757761,-0.0361799,-0.01574797,-0.00288885,-0.0142139,-0.01319224,-0.01918395,-0.00611807,-0.02832734,0.00114768,-0.02267011,-0.00454147,0.01534469,-0.02332386,-0.0181486,0.01570501,-0.00403671,-0.02254091,-0.02176094,-0.0073161,-0.03418064,-0.02854473,-0.01856062,0.00199755,-0.02052031,0.01851461,-0.01077186,-0.01682134,-0.01077794,0.01196191,0.05812275,-0.02361576,0.00076758,-0.01721205,0.00585012,-0.0162497,-0.00165433,0.0006566,0.00697974,-0.00620321,-0.01343094,0.00013664,-0.02329804,0.98772892,-0.0216606,-0.01724704,-0.0018839,-0.0163774,-0.00935794,-0.02311253
"Np2_503389",-0.00633397,-0.00457797,-0.01380499,-0.01097409,-0.02042912,-0.01006644,0.00227426,-0.0115883,0.00059883,-0.01051493,-0.0256059,-0.00115261,-0.02326002,-0.01536635,-0.02073622,0.00460799,0.00313629,-0.02271116,0.01463319,-0.01220403,-0.00629747,-0.00876957,0.00253879,-0.00783759,-0.03413205,-0.01721664,-0.00505688,-0.01669514,-0.01722878,-0.00828761,0.02565269,0.00032669,-0.0108114,-0.0212699,-0.0154439,-0.00764603,0.00370338,-0.01311626,-0.02175944,-0.00852477,-0.00863424,-0.00405801,-0.02274006,-0.00919983,-0.01334431,-0.02412208,-0.02754288,0.00635488,-0.00355477,-0.00254525,-0.01718623,0.000126,-0.02079554,-0.01493002,-0.00709869,-0.00562092,-0.00461902,-0.00994936,0.00022482,-0.02579295,-0.0138825,-0.0260088,0.0040637,-0.01879323,0.003562,-0.0209658,-0.00421916,-0.03245363,-0.00613176,-0.02452646,-0.00152358,-0.02097342,-0.00658027,-0.01612502,-0.00701963,-0.00781783,-0.01931624,-0.02065263,-0.00411882,0.00387366,-0.01123557,-0.00524996,-0.00199945,-0.0073602,-0.02367508,-0.00046846,0.00348446,-0.00271858,-0.01859256,-0.00547344,0.01953021,-0.01205656,-0.0096453,-0.0216606,0.99755179,-0.01073995,-0.01194861,-0.01245491,-0.01151685,-0.01295662
"Np2_500316",-0.01195471,-0.02068913,-0.01167194,-0.02480474,-0.01920829,0.01061491,0.02797274,-0.01036746,-0.01566436,-0.00914206,-0.03457142,0.01223103,0.00350269,-0.01794639,-0.01875521,-0.01773659,-0.00704548,-0.01540893,-0.01090415,-0.01067913,-0.01313447,-0.0165188,-0.00536246,-0.00235977,-0.00767339,-0.00337689,-0.01204594,-0.0058961,-0.00217277,-0.02029381,-0.02405823,0.00261177,-0.01506382,0.00473266,-0.02076058,0.00573762,-0.00222142,-0.01736868,-0.01597755,-0.01156091,-0.00817358,-0.00770229,-0.00874829,-0.02151013,-0.01029904,-0.01940444,-0.01172667,-0.02070281,-0.02407497,-0.00360494,-0.0103401,-0.01750549,-0.01653401,-0.00914813,0.01267038,-0.0218841,-0.01282435,-0.01374568,-0.00722034,0.0096358,-0.01463812,-0.00867227,-0.01919308,-0.02015699,-0.0009945,-0.00666996,-0.02078641,0.01681035,0.00025827,-0.01676812,-0.00699227,-0.01093455,-0.01068066,-0.01475215,-0.01537699,-0.00401239,-0.00714888,-0.02125621,-0.02159829,-0.02911335,-0.02004905,-0.01315122,-0.02556029,0.02289933,-0.0122679,0.01838848,-0.01718776,-0.01548496,0.00224081,-0.01322267,-0.01239256,-0.01037961,0.00677907,-0.01724704,-0.01073995,1.00227467,-0.01772138,0.01172324,-0.01424893,-0.00991136
"Np2_500525",-0.01027471,-0.02159372,-0.02002625,-0.00685697,-0.01889659,-0.00883799,-0.02371155,-0.01963397,-0.01185586,0.00774144,-0.01115042,-0.01330324,0.00259809,-0.01930708,-0.02999815,-0.00647839,-0.01053467,-0.01905015,-0.0229073,-0.00945523,-0.01647163,-0.00723705,-0.00489875,-0.0251574,-0.00310474,-0.00595388,0.0366129,-0.00132745,0.00589268,-0.02150246,0.00088314,-0.02824375,-0.01885708,-0.02171382,-0.00950237,-0.01158677,-0.00768706,-0.02435468,-0.00988854,-0.01428992,0.0263459,-0.00587025,-0.01771073,-0.01967808,-0.01682894,-0.0175724,-0.00578968,-0.01674228,-0.01251268,-0.02168948,-0.0095723,-0.00579119,-0.00603597,0.01351267,-0.02624288,-0.02354886,0.01105274,0.00405002,-0.0009793,-0.02076361,-0.00535638,0.04713212,0.00514011,-0.00920286,-0.00630813,-0.01107136,-0.02093082,-0.01206873,0.01683768,-0.01083114,-0.01108961,-0.03023536,-0.01660241,-0.02112999,-0.01704175,-0.0023324,-0.04727848,-0.01835992,-0.01292467,-0.03518711,0.00215566,-0.0101029,-0.02296807,-0.00871634,-0.00420243,-0.01763626,0.00486493,-0.01258868,-0.00885014,-0.0007482,-0.01360123,0.01197712,-0.00856889,-0.0018839,-0.01194861,-0.01772138,0.98723626,0.01902852,-0.01120061,-0.00716712
"Np2_503808",-0.03769122,0.0095233,-0.01217062,0.00175886,-0.00906451,-0.01709808,-0.00673382,0.00068853,-0.01737933,-0.02256373,-0.01971457,-0.01563396,-0.01539222,-0.0146442,-0.02077424,-0.00014311,-0.00936858,-0.01317099,0.01778793,-0.00980949,-0.02959681,0.03026545,-0.00662131,-0.00802764,-0.012125,0.00068549,0.00296298,-0.00533054,-0.04539328,-0.02641779,-0.01087374,0.00089682,-0.03107008,0.00104126,-0.01274529,-0.00464334,-0.03616776,-0.01741127,-0.01723641,-0.00673838,-0.02174725,-0.02188413,-0.01806499,-0.02809022,0.00318951,0.01704144,-0.01480995,-0.00310931,-0.01575561,-0.0109452,-0.00931842,0.00556125,-0.00927889,0.00023547,-0.01549862,0.01471376,-0.01818815,-0.02306241,-0.00711087,-0.01047542,-0.01240017,-0.00932298,-0.00296791,0.00214959,-0.00833476,-0.00929713,-0.02751853,-0.0077099,-0.01605206,0.00204164,-0.00216973,-0.02663674,-0.02379826,-0.02923806,-0.00416899,-0.0189544,-0.01920223,-0.01308889,0.00207661,-0.03143646,-0.017355,3.326e-05,-0.00568629,-0.00739821,-0.01307065,-0.00658788,0.0904106,-0.01674382,0.00432673,-0.02770858,-0.01623601,-0.02790621,-0.02139003,-0.0163774,-0.01245491,0.01172324,0.01902852,1.00811973,-0.02903892,-0.01269057
"Np2_500135",-0.02230983,-0.02374657,-0.00089416,-0.0163075,-0.0143599,-0.0173763,-0.00792426,-0.01175251,0.00499569,-0.01326374,-0.01239104,-0.01180724,-0.00259543,-0.00671254,-0.01086613,-0.01167192,0.01559099,-0.01664195,-0.01396158,-0.02285866,0.00326856,0.01143893,-0.00021,-0.02290124,-0.00130465,-0.01479626,-0.0199685,0.00883456,-0.02925173,-0.00845182,-0.00811127,-0.02370706,-0.02055382,-0.01413643,-0.01332758,-0.0179966,-0.01303262,0.01241349,-0.00976084,-0.01613869,-0.01427171,-0.01471263,-0.01271793,-0.03444986,0.0064081,-0.00649818,-0.01159136,0.00041335,-0.01618587,-0.01380802,-0.02692866,-0.0061196,0.00351791,-0.02193582,-0.02839574,0.03146345,-0.01360125,-0.01953975,-0.01635917,-0.00467224,0.00480564,-0.0156826,-0.00187782,0.0081048,-0.02153599,-0.0127681,-0.00970458,-0.01574193,0.00662702,-0.01617672,0.00013664,0.00288391,-0.01617065,-0.00093368,-0.02588413,-0.0052454,-0.00093216,-0.0335878,-0.00945221,-0.02092021,-0.0127681,0.00233963,-0.01615086,0.01208813,-0.00255438,0.00940167,-0.01340362,-0.01018046,-0.01997306,-0.0153679,-0.01392964,-0.01389315,-0.00175164,-0.00935794,-0.01151685,-0.01424893,-0.01120061,-0.02903892,1.01151668,-0.00719145
"Np2_504177",-0.02420569,-0.01499997,-0.01662524,-0.01394637,-0.00242059,-0.02444136,-0.02806433,-0.0194257,-0.00587026,-0.01455147,-0.01915203,-0.01218276,0.00113399,-0.01909881,-0.00394397,-0.00550994,-0.03069904,-0.01002385,-0.00855977,-0.01107137,-0.01200637,-0.00033923,-0.01852564,-0.03239884,-0.0070014,-0.00270489,-0.02824984,-0.02286015,-0.00621385,-0.01658112,-0.02840338,-0.00857497,-0.03491655,-0.01299159,-0.004581,-0.02338926,-0.00063721,-0.01928128,-0.02716428,0.00096979,-0.00126816,0.35526911,-0.0246481,-0.01718928,-0.01266775,-0.01371528,-0.02777853,0.00444684,-0.01960208,-0.01844051,-0.01058031,-0.02063436,-0.01008467,-0.00163456,-0.03758925,-0.02029988,-0.00166193,-0.00851263,-0.01962335,-0.01067305,-0.00849286,-0.0020709,-0.01654463,-0.00549777,-0.01430973,-0.0213535,-0.02421935,-0.0232631,0.00017009,-0.01472781,-0.01483424,-0.00965441,-0.0188267,-0.00617433,-0.00451866,-0.01793575,0.0099429,-0.02514526,0.00096676,-0.02433641,0.00114768,-0.00928649,-0.01591823,-0.0025787,-0.02512703,-0.03354372,-0.00511313,-0.00477864,-0.01548344,-0.01042219,0.00044223,-0.01822157,-0.02417226,-0.02311253,-0.01295662,-0.00991136,-0.00716712,-0.01269057,-0.00719145,0.99753658
