"","solution","std.error","z.ratio"
"vm(ID, ginv)_Np1_503504",1.05669686612257,0.756688183978792,1.39647597054613
"vm(ID, ginv)_Np1_502993",0.949056362352493,0.730039437070842,1.30000697792495
"vm(ID, ginv)_Np1_504026",0.855480255559922,0.741794840582313,1.15325721986468
"vm(ID, ginv)_Np1_503443",0.113971703731878,0.772921837331981,0.147455665278254
"vm(ID, ginv)_Np1_502917",0.43857421337522,0.856607789002958,0.511989523099825
"vm(ID, ginv)_Np1_500457",0.746131089657892,0.743811096204445,1.00311906270999
"vm(ID, ginv)_Np1_502095",0.380028605035101,0.687073285527709,0.553112183285103
"vm(ID, ginv)_Np1_502846",-0.342461142961633,0.767026824236541,-0.446478704708275
"vm(ID, ginv)_Np1_500098",0.252826020972557,0.766597628418865,0.329802769536373
"vm(ID, ginv)_Np1_504188",-0.125908520975353,0.754837557980566,-0.16680214126096
"vm(ID, ginv)_Np1_504964",1.44386127810936,0.712632732902462,2.02609452449468
"vm(ID, ginv)_Np1_500295",0.55737389419561,0.796194912570725,0.700047042998532
"vm(ID, ginv)_Np1_501470",1.36543058663649,0.764423954650514,1.78622160952655
"vm(ID, ginv)_Np1_501123",0.20347260537921,0.669486944621904,0.303923186275308
"vm(ID, ginv)_Np1_502926",0.587689987024366,0.746089119777484,0.787694085660492
"vm(ID, ginv)_Np1_504215",-0.370764689008113,0.794481382477467,-0.466675113080612
"vm(ID, ginv)_Np1_503911",-0.141872586878557,0.80889710299833,-0.175390153274971
"vm(ID, ginv)_Np1_503331",0.491462851213029,0.742553687653018,0.661854973431471
"vm(ID, ginv)_Np1_501158",1.28239912777977,0.760097456772778,1.6871509256518
"vm(ID, ginv)_Np1_501929",0.187558915410236,0.790766696298186,0.237186159063419
"vm(ID, ginv)_Np1_503901",1.08165585563106,0.756009232577487,1.43074424097088
"vm(ID, ginv)_Np1_503535",0.790757788918072,0.751734658054992,1.05191077788544
"vm(ID, ginv)_Np1_503046",1.01747082186461,0.771758769958972,1.31837934529555
"vm(ID, ginv)_Np1_503929",0.367627086078841,0.73132480364886,0.502686472884017
"vm(ID, ginv)_Np1_500182",0.596704507063805,0.758413901484989,0.786779495860303
"vm(ID, ginv)_Np1_503087",0.163869747493061,0.75500021347485,0.217045961800274
"vm(ID, ginv)_Np1_502173",0.70796619189239,0.754973471398305,0.937736514875349
"vm(ID, ginv)_Np1_501573",0.225173543207402,0.797813388951752,0.282238360907001
"vm(ID, ginv)_Np1_500039",0.30704532329108,0.808176452105144,0.379923620010563
"vm(ID, ginv)_Np1_504533",0.644619282295324,0.756740173810334,0.851837003775735
"vm(ID, ginv)_Np1_504397",0.638346109259755,0.763145027081088,0.836467626214286
"vm(ID, ginv)_Np1_503180",0.770401067130973,0.810100702548565,0.950994197026743
"vm(ID, ginv)_Np1_501695",-0.482157335741365,0.716168971242064,-0.673245218799625
"vm(ID, ginv)_Np1_500080",0.778790009419369,0.7734301153134,1.00693003026369
"vm(ID, ginv)_Np1_503448",0.232851237166233,0.760127335440889,0.306331881922355
"vm(ID, ginv)_Np1_501049",1.16235270272026,0.719986261381778,1.61440955899562
"vm(ID, ginv)_Np1_504658",0.493195861014138,0.768731612901938,0.641570936769908
"vm(ID, ginv)_Np1_504827",0.165174234263555,0.761760776499874,0.216832159595424
"vm(ID, ginv)_Np1_500157",0.407172547622431,0.781532014454935,0.520992793758303
"vm(ID, ginv)_Np1_503873",0.398576298700423,0.776658832958214,0.513193543659687
"vm(ID, ginv)_Np1_502407",0.713142828948208,0.78634340080123,0.906910172097285
"vm(ID, ginv)_Np1_504630",1.26968815984788,0.786261278555256,1.61484253959563
"vm(ID, ginv)_Np1_504933",-0.149834324331024,0.739587512650138,-0.202591744409161
"vm(ID, ginv)_Np1_500336",1.42130515384216,0.769278301138056,1.84758253513651
"vm(ID, ginv)_Np1_503464",0.190042074280254,0.733114945617528,0.259225480828487
"vm(ID, ginv)_Np1_503106",1.25782472437898,0.800444269098534,1.571408245318
"vm(ID, ginv)_Np1_503536",0.701790783462693,0.801991423453136,0.875060210046874
"vm(ID, ginv)_Np1_500079",0.23042694697402,0.782399785163935,0.294513049905476
"vm(ID, ginv)_Np1_501959",0.850463704792402,0.762371856072781,1.11554971241122
"vm(ID, ginv)_Np1_503102",0.849920887823381,0.729479626372947,1.16510572344464
"vm(ID, ginv)_Np1_503803",-0.167961668690857,0.761456445452636,-0.220579482508701
"vm(ID, ginv)_Np1_503222",0.0492338398477824,0.761119097423182,0.0646861181311398
"vm(ID, ginv)_Np1_500107",0.408001367029882,0.714628820140357,0.570927669765331
"vm(ID, ginv)_Np1_503983",0.602044164727728,0.729628968106418,0.825137420585415
"vm(ID, ginv)_Np1_501184",0.233664023665001,0.837195050626487,0.279103446072867
"vm(ID, ginv)_Np1_503172",0.131555363189962,0.770698666788951,0.170696238178373
"vm(ID, ginv)_Np1_502930",1.23845140928452,0.753504567905636,1.64358845590916
"vm(ID, ginv)_Np1_503933",0.491320954009221,0.778375658306854,0.631213153656368
"vm(ID, ginv)_Np1_500114",0.959154308725653,0.720650381469564,1.33095649900265
"vm(ID, ginv)_Np1_504915",0.86313859101388,0.730655191425711,1.18132136901629
"vm(ID, ginv)_Np1_501804",0.65229502496942,0.739673221098351,0.881869190831079
"vm(ID, ginv)_Np1_503793",-0.105420495566484,0.822125158187658,-0.128229253802279
"vm(ID, ginv)_Np1_500051",0.607065626159865,0.763599649145733,0.79500511405291
"vm(ID, ginv)_Np1_503643",0.601419169495775,0.82691378441423,0.727305773384596
"vm(ID, ginv)_Np1_500677",0.788538988249242,0.786892889500045,1.0020918968403
"vm(ID, ginv)_Np1_501894",1.11769249328933,0.761081258732982,1.46855868603311
"vm(ID, ginv)_Np1_500570",1.21805166012315,0.761128258133832,1.60032379182666
"vm(ID, ginv)_Np1_502854",1.04627099365229,0.725148135306457,1.4428375978794
"vm(ID, ginv)_Np1_500315",-0.207009518263709,0.79720198462343,-0.259670098991905
"vm(ID, ginv)_Np1_504973",0.471608032810762,0.733356169531655,0.643081837181443
"vm(ID, ginv)_Np1_504360",0.727323505439873,0.782604316979735,0.929363012264992
"vm(ID, ginv)_Np1_500259",0.719851350713586,0.747192517774667,0.963408135907851
"vm(ID, ginv)_Np1_502421",-0.276437682127468,0.759291199389521,-0.364073338858302
"vm(ID, ginv)_Np1_502827",-0.0879622384797821,0.771151538977832,-0.114066086928098
"vm(ID, ginv)_Np1_501933",1.11864600532407,0.74301670027004,1.50554624804196
"vm(ID, ginv)_Np1_502651",1.58411332193779,0.771774451857561,2.05255993914418
"vm(ID, ginv)_Np1_503689",0.507360873411543,0.746616115799364,0.679547176487529
"vm(ID, ginv)_Np1_503557",0.941782868424683,0.734545232433637,1.28213053034793
"vm(ID, ginv)_Np1_501531",0.521031378704048,0.759263952184485,0.686232208450018
"vm(ID, ginv)_Np1_503354",0.577644963564918,0.755542344768855,0.764543466775034
"vm(ID, ginv)_Np1_501649",-0.230783943299891,0.757523632511124,-0.304655767021898
"vm(ID, ginv)_Np1_504560",0.0641722823223822,0.771126522458409,0.0832188758309028
"vm(ID, ginv)_Np1_501538",0.272641568459126,0.752051307242499,0.362530542575353
"vm(ID, ginv)_Np1_502973",0.426955292750473,0.740083166057265,0.576901775816687
"vm(ID, ginv)_Np1_501774",0.496776284828318,0.717505221194763,0.692366090383433
"vm(ID, ginv)_Np1_501873",-0.294621442529399,0.734215802428726,-0.401273633112792
"vm(ID, ginv)_Np1_503722",1.29712571086547,0.758386916931576,1.71037458836135
"vm(ID, ginv)_Np1_504275",0.784468258944672,0.782230152463274,1.00286118666527
"vm(ID, ginv)_Np1_503246",0.598116895216859,0.76642069087722,0.780402854902408
"vm(ID, ginv)_Np1_503139",0.933975724733369,0.74959250942059,1.24597793200375
"vm(ID, ginv)_Np1_504548",0.192928029407186,0.75270083108985,0.256314356831308
"vm(ID, ginv)_Np1_502147",0.872941603243463,0.754084752219567,1.15761736419422
"vm(ID, ginv)_Np1_500178",-0.116232997295557,0.783602266984838,-0.148331624591645
"vm(ID, ginv)_Np1_503445",0.993813040795535,0.714315999178265,1.39127926847333
"vm(ID, ginv)_Np1_503363",1.23541395956178,0.77041107897262,1.60357761366732
"vm(ID, ginv)_Np1_503328",-0.188975788545673,0.721874052559717,-0.261784985726496
"vm(ID, ginv)_Np1_502663",-0.227717670650989,0.83085051687798,-0.274077786587491
"vm(ID, ginv)_Np1_503223",-0.540419049213696,0.746602788620794,-0.723837437323288
"vm(ID, ginv)_Np1_503553",0.756370280191942,0.786697570266775,0.961449874486647
"vm(ID, ginv)_Np1_503258",-0.0981709004796279,0.783424087178432,-0.125310035887713
"vm(ID, ginv)_No_515501",0.741028155682886,0.806886539231799,0.918379622974484
"vm(ID, ginv)_No_515502",0.61984816549041,0.786728350894039,0.78788080382004
"vm(ID, ginv)_No_515503",-0.0255899304331053,0.784901538444221,-0.0326027268131337
"vm(ID, ginv)_No_515504",0.446980957641119,0.818480212993516,0.54611089009266
"vm(ID, ginv)_No_515505",0.754403923246858,0.782595382484458,0.963976967065531
"vm(ID, ginv)_No_515506",1.32540316639106,0.806853966392868,1.64268036298616
"vm(ID, ginv)_No_515507",0.0660933797144764,0.78172914982111,0.0845476719521092
"vm(ID, ginv)_No_515508",0.358432047459245,0.792645783099109,0.452197002875405
"vm(ID, ginv)_No_515509",0.265205234884148,0.787986202281574,0.336560759714142
"vm(ID, ginv)_No_515510",-0.651056284060589,0.817032601789538,-0.796854718691258
"vm(ID, ginv)_No_515511",0.937977629321895,0.800235702021917,1.17212669586217
"vm(ID, ginv)_No_515512",1.23342355450286,0.804967251843353,1.53226550729654
"vm(ID, ginv)_No_515513",0.528947316724496,0.809963765591243,0.653050592131593
"vm(ID, ginv)_No_515514",-0.511051699906624,0.780634737592382,-0.654661745495466
"vm(ID, ginv)_No_515515",-0.0587838595538421,0.806777197126207,-0.0728625694469725
"vm(ID, ginv)_No_515516",0.81210458799349,0.794267139623561,1.02245774435335
"vm(ID, ginv)_No_515517",0.718218337863586,0.814370808566074,0.881930356919607
"vm(ID, ginv)_No_515518",0.455925720403525,0.773146377025141,0.589701683861993
"vm(ID, ginv)_No_515519",0.298645087195966,0.806113961326707,0.370475021552107
"vm(ID, ginv)_No_515520",0.569463129775908,0.798840648965756,0.71286198381765
"vm(ID, ginv)_No_515521",0.377283314088505,0.813833563909291,0.463587803231174
"vm(ID, ginv)_No_515522",0.736106068048041,0.816598748613299,0.901429336376101
"vm(ID, ginv)_No_515523",-0.0619877287988458,0.815426055871951,-0.0760188227399247
"vm(ID, ginv)_No_515524",0.680713205403099,0.800772098904934,0.850071083063438
"vm(ID, ginv)_No_515525",1.2790107717761,0.804240230817397,1.59033423443163
"vm(ID, ginv)_No_515526",-0.0897022334669095,0.809980786462316,-0.110746125051551
"vm(ID, ginv)_No_515527",0.661701841215132,0.816956055858735,0.809960139801634
"vm(ID, ginv)_No_515528",0.529069839325002,0.81220251900553,0.651401377051627
"vm(ID, ginv)_No_515529",0.23782538416327,0.794914516927053,0.299183596599349
"vm(ID, ginv)_No_515530",0.514672111819813,0.814949039861991,0.631539012435638
"vm(ID, ginv)_No_515531",1.06733278766171,0.826228554128861,1.29181300056503
"vm(ID, ginv)_No_515532",-0.281396912910182,0.781285340352734,-0.360171755921002
"vm(ID, ginv)_No_515533",0.136483423716148,0.791237226326086,0.172493683531391
"vm(ID, ginv)_No_515534",-0.0533328272803724,0.829216050092362,-0.0643171671296425
"vm(ID, ginv)_No_515535",0.0592593080490239,0.812272944763965,0.0729549204254781
"vm(ID, ginv)_No_515536",0.656275515512556,0.795100907750895,0.825399026859326
"vm(ID, ginv)_No_515537",-0.160186998783915,0.788357463629288,-0.203190819106953
"vm(ID, ginv)_No_515538",0.552145106214507,0.814779733675851,0.677661806490355
"vm(ID, ginv)_No_515539",-0.764218749470358,0.808622969281743,-0.945086620714192
"vm(ID, ginv)_No_515540",0.530805653957366,0.784892895221194,0.676277817252731
"vm(ID, ginv)_No_515541",1.135290029936,0.769581236715252,1.47520492415027
"vm(ID, ginv)_No_515542",1.24748834351135,0.798362831233972,1.56255814362399
"vm(ID, ginv)_No_515543",0.62072965260643,0.797345788501718,0.778494928496249
"vm(ID, ginv)_No_515544",0.342062840665351,0.810869654044651,0.421846888657292
"vm(ID, ginv)_No_515545",0.69123970924333,0.812652703118659,0.850596702122086
"vm(ID, ginv)_No_515546",1.1440834128878,0.803902174724677,1.42316248028515
"vm(ID, ginv)_No_515547",0.786714987385407,0.805075486426621,0.977194065214047
"vm(ID, ginv)_No_515548",0.357710127626253,0.764141500139676,0.468120272961053
"vm(ID, ginv)_No_515549",0.372333869986321,0.777612940480846,0.478816453023639
"vm(ID, ginv)_No_515550",-0.207580688813237,0.80449824754861,-0.258025035412765
"vm(ID, ginv)_No_515551",0.66993522722885,0.807524726243838,0.829615744826813
"vm(ID, ginv)_No_515552",0.684119767779469,0.789653905479349,0.86635393434062
"vm(ID, ginv)_No_515553",0.617912972571782,0.814114358538723,0.759000214270746
"vm(ID, ginv)_No_515554",0.454711614714722,0.77310130800152,0.588165625912806
"vm(ID, ginv)_No_515555",0.483548489840872,0.78632407960143,0.614948088688791
"vm(ID, ginv)_No_515556",-0.303483797783627,0.810847281221869,-0.374279848760554
"vm(ID, ginv)_No_515557",0.607576575476998,0.795290951843312,0.763967670031662
"vm(ID, ginv)_No_515558",0.34260671275594,0.815358739549236,0.420191378515606
"vm(ID, ginv)_No_515559",1.07787714583883,0.820679035284567,1.31339671113334
"vm(ID, ginv)_No_515560",1.19771849949646,0.810287443103281,1.47814026946953
"vm(ID, ginv)_No_515561",0.575457122716531,0.775767857177362,0.741790366012762
"vm(ID, ginv)_No_515562",0.28160942228383,0.809103987506946,0.348050963327396
"vm(ID, ginv)_No_515563",-0.0203546133890333,0.80660340448945,-0.0252349708366493
"vm(ID, ginv)_No_515564",0.865689728088022,0.818037797827829,1.05825150180924
"vm(ID, ginv)_No_515565",0.182494303220036,0.799507946853955,0.228258273026737
"vm(ID, ginv)_No_515566",0.653158419059201,0.798303235130728,0.81818335479029
"vm(ID, ginv)_No_515567",0.584848192967536,0.804656723597138,0.726829436474514
"vm(ID, ginv)_No_515568",0.396122797671406,0.796024942808955,0.497626112409992
"vm(ID, ginv)_No_515569",0.55223505492474,0.785576544875079,0.702967850208099
"vm(ID, ginv)_No_515570",0.346217084666673,0.801442432989674,0.431992455621742
"vm(ID, ginv)_No_515571",0.396025102591867,0.797847030276505,0.496367207702233
"vm(ID, ginv)_No_515572",0.860342302337186,0.787866309700171,1.09199021679782
"vm(ID, ginv)_No_515573",0.738086695698955,0.827092842691015,0.892386752250846
"vm(ID, ginv)_No_515574",-0.279224005966038,0.818503560731435,-0.341139635014559
"vm(ID, ginv)_No_515575",1.30200192523382,0.803800677593651,1.61980695155874
"vm(ID, ginv)_No_515576",0.307321866262639,0.808850232060376,0.379949036399237
"vm(ID, ginv)_No_515577",1.69662852262655,0.81608226508729,2.07899202716416
"vm(ID, ginv)_No_515578",0.618342883274002,0.818768537001266,0.755210850600926
"vm(ID, ginv)_No_515579",-0.044943009868213,0.796371416801846,-0.0564347349992796
"vm(ID, ginv)_No_515580",0.189134121515996,0.79008463034274,0.239384635838251
"vm(ID, ginv)_No_515581",0.501932837958146,0.790151006939678,0.635236598510676
"vm(ID, ginv)_No_515582",-0.0296034236954702,0.808363693686081,-0.036621416729493
"vm(ID, ginv)_No_515583",-0.685435544567931,0.801514193934607,-0.855175803192143
"vm(ID, ginv)_No_515584",0.385228953058619,0.823287166462793,0.467915654162002
"vm(ID, ginv)_No_515585",0.564432826729974,0.787937878348492,0.716341785615153
"vm(ID, ginv)_No_515586",-0.0440056591004052,0.792344563744691,-0.0555385385525087
"vm(ID, ginv)_No_515587",1.03778602280686,0.802497582296223,1.2931952017069
"vm(ID, ginv)_No_515588",1.36878371065656,0.814460318645376,1.68060208621721
"vm(ID, ginv)_No_515589",0.681748623992125,0.810616519398599,0.841024834403718
"vm(ID, ginv)_No_515590",0.171782465586083,0.784541603255865,0.218959026357788
"vm(ID, ginv)_No_515591",0.386476597892424,0.804377937700817,0.480466432230979
"vm(ID, ginv)_No_515592",0.670634592609292,0.793511265943095,0.845148167886737
"vm(ID, ginv)_No_515593",0.285554358052536,0.807590001016014,0.353588278325989
"vm(ID, ginv)_No_515594",0.421772686941238,0.788653523001816,0.534800992628377
"vm(ID, ginv)_No_515595",0.762845534400064,0.804493753669726,0.948230524998259
"vm(ID, ginv)_No_515596",0.235017144389226,0.792062803215128,0.296715290044234
"vm(ID, ginv)_No_515597",0.205953769839383,0.805298202665753,0.25574845337742
"vm(ID, ginv)_No_515598",0.644096703142617,0.78243580577461,0.823194309857743
"vm(ID, ginv)_No_515599",0.579618698986848,0.801717371950964,0.722971360314118
"vm(ID, ginv)_No_515600",0.248697953512769,0.793383508210921,0.313464990057057
"vm(ID, ginv)_No_515601",0.919242871313423,0.784776815643088,1.17134305319678
"vm(ID, ginv)_No_515602",0.120057397183597,0.81072599957828,0.148086279761656
"vm(ID, ginv)_No_515603",1.12935947112666,0.811164252411407,1.39226977491837
"vm(ID, ginv)_No_515604",-0.401579381163929,0.79808820223313,-0.503176691548967
"vm(ID, ginv)_No_515605",0.568755147694479,0.798083992864006,0.712650739496032
"vm(ID, ginv)_No_515606",-0.556075055113539,0.812437154272979,-0.684453009305256
"vm(ID, ginv)_No_515607",0.273739205277851,0.801624983688322,0.341480381534969
"vm(ID, ginv)_No_515608",1.42281720590098,0.805247917905121,1.76693062380401
"vm(ID, ginv)_No_515609",0.59514068322062,0.815887114324065,0.729439983512516
"vm(ID, ginv)_No_515610",0.627253481598639,0.799463263241026,0.784593252047319
"vm(ID, ginv)_No_515611",-0.665201794557109,0.804299298748517,-0.827057533920715
"vm(ID, ginv)_No_515612",0.669467800462077,0.808025121591155,0.828523498308775
"vm(ID, ginv)_No_515613",0.559866247022403,0.804488392973719,0.695928309111966
"vm(ID, ginv)_No_515614",0.533853972801925,0.787173103501476,0.678191328473057
"vm(ID, ginv)_No_515615",1.34748112622685,0.785815150575733,1.71475584969265
"vm(ID, ginv)_No_515616",0.1913735030405,0.793364921270162,0.241217500181524
"vm(ID, ginv)_No_515617",0.65554968737887,0.78724419448978,0.83271454012276
"vm(ID, ginv)_No_515618",0.42492990061249,0.815069961081885,0.521341628206318
"vm(ID, ginv)_No_515619",0.285330551473062,0.810682746680603,0.351963271256688
"vm(ID, ginv)_No_515620",0.290469036927815,0.777590933665565,0.373549927541649
"vm(ID, ginv)_No_515621",0.089651112601109,0.796472716981519,0.112560180266902
"vm(ID, ginv)_No_515622",1.28627171120654,0.802609195693948,1.60261272622775
"vm(ID, ginv)_No_515623",0.704236171754055,0.819857915178954,0.858973437611245
"vm(ID, ginv)_No_515624",0.143285725704353,0.788984841883838,0.181607704100162
"vm(ID, ginv)_No_515625",-0.286077571579571,0.792949726655319,-0.360776430034541
"vm(ID, ginv)_No_515626",-0.0184368421594194,0.797403526874867,-0.0231210943243202
"vm(ID, ginv)_No_515627",0.0359290681149535,0.806779322817846,0.0445339476344829
"vm(ID, ginv)_No_515628",1.02144409683944,0.790115572665199,1.29277808484895
"vm(ID, ginv)_No_515629",0.439993212078663,0.810077674904653,0.543149411111041
"vm(ID, ginv)_No_515630",0.501636599475744,0.775138565315806,0.647157323763614
"vm(ID, ginv)_No_515631",1.2192399686916,0.810605424553842,1.50411030047408
"vm(ID, ginv)_No_515632",0.851025793657593,0.781047249656319,1.08959578826001
"vm(ID, ginv)_No_515633",0.680478666836598,0.796253260129236,0.854600792122537
"vm(ID, ginv)_No_515634",1.21441765720482,0.801006905609702,1.51611384209034
"vm(ID, ginv)_No_515635",0.959136868245327,0.809037713096534,1.18552800780362
"vm(ID, ginv)_No_515636",-0.125509382742261,0.781512881976283,-0.160597970470907
"vm(ID, ginv)_No_515637",0.560829820255617,0.798132399702765,0.702677676616658
"vm(ID, ginv)_No_515638",1.02992538541438,0.800370582951227,1.28681064416024
"vm(ID, ginv)_No_515639",1.11469785367125,0.808522767253126,1.37868455758929
"vm(ID, ginv)_No_515640",0.606878561762089,0.811183273206113,0.7481398862719
"vm(ID, ginv)_No_515641",0.324829265571161,0.81673320292241,0.397717717865353
"vm(ID, ginv)_No_515642",-0.28435739222996,0.811486220803396,-0.350415552279419
"vm(ID, ginv)_No_515643",-0.494532127203227,0.802403575368908,-0.616313464176507
"vm(ID, ginv)_No_515644",1.31354811756775,0.825696415260874,1.59083664805877
"vm(ID, ginv)_No_515645",0.365170464765859,0.804830142352876,0.453723643722268
"vm(ID, ginv)_No_515646",0.982121906748076,0.796131588499402,1.23361755887521
"vm(ID, ginv)_No_515647",0.551809915401789,0.784119097580264,0.703732273712801
"vm(ID, ginv)_No_515648",0.22613834193855,0.817022399219409,0.276783527788962
"vm(ID, ginv)_No_515649",0.659769106948269,0.802196087571115,0.822453658364147
"vm(ID, ginv)_No_515650",0.138669304473395,0.798125454808506,0.173743743715912
"vm(ID, ginv)_No_515651",0.719283945459223,0.78214482397289,0.919630129118075
"vm(ID, ginv)_No_515652",0.241241443941671,0.804780988623185,0.299760366300881
"vm(ID, ginv)_No_515653",0.277248611677417,0.793850778734463,0.349245247475098
"vm(ID, ginv)_No_515654",1.12842900721777,0.809600232136037,1.39381013298445
"vm(ID, ginv)_No_515655",0.491323168710067,0.803007373996485,0.611853869118041
"vm(ID, ginv)_No_515656",0.926464287795464,0.794179691323062,1.16656758907046
"vm(ID, ginv)_No_515657",-0.472179257715474,0.797747997195415,-0.591890245259758
"vm(ID, ginv)_No_515658",-0.343719879089043,0.813295371795844,-0.42262613437732
"vm(ID, ginv)_No_515659",0.318122321395072,0.810749521402006,0.392380523203951
"vm(ID, ginv)_No_515660",0.313623474918855,0.818428301146669,0.383202138146309
"vm(ID, ginv)_No_515661",1.12168531972736,0.805998288887786,1.3916720856507
"vm(ID, ginv)_No_515662",0.441304876674623,0.795609753968731,0.55467504574104
"vm(ID, ginv)_No_515663",0.923816651415171,0.787656119387163,1.17286799235934
"vm(ID, ginv)_No_515664",-0.101171447193043,0.80486063956173,-0.125700577491445
"vm(ID, ginv)_No_515665",0.280098445124469,0.798309662278536,0.350864405580426
"vm(ID, ginv)_No_515666",-0.0821839239789793,0.785856537051099,-0.1045787877357
"vm(ID, ginv)_No_515667",0.868091653128928,0.792603871423176,1.09524023844371
"vm(ID, ginv)_No_515668",0.828412739942409,0.794689284605285,1.04243602624373
"vm(ID, ginv)_No_515669",0.622213362295783,0.8009791489806,0.776815929712614
"vm(ID, ginv)_No_515670",0.331488406416477,0.815341191408308,0.406564037128934
"vm(ID, ginv)_No_515671",1.20742849033454,0.803050367020346,1.50355262872814
"vm(ID, ginv)_No_515672",0.220661822920348,0.803293271984031,0.274696465931231
"vm(ID, ginv)_No_515673",-0.0430611168811859,0.802779428858924,-0.0536400352739398
"vm(ID, ginv)_No_515674",0.56547317073328,0.818467707644196,0.690892463382443
"vm(ID, ginv)_No_515675",0.626809441806523,0.792659342177464,0.790767746563933
"vm(ID, ginv)_No_515676",0.661817165025298,0.789265902031328,0.838522433722252
"vm(ID, ginv)_No_515677",0.47052101545408,0.816003954775693,0.576616096895534
"vm(ID, ginv)_No_515678",1.02532623647394,0.799431224923135,1.28256966266551
"vm(ID, ginv)_No_515679",0.918269003423897,0.809030877562528,1.13502343222113
"vm(ID, ginv)_No_515680",-0.114267070967705,0.804632362876984,-0.142011527549228
"vm(ID, ginv)_No_515681",0.774141418045333,0.791857476863195,0.977627212805969
"vm(ID, ginv)_No_515682",-0.355306470751949,0.793083885436947,-0.448006165900337
"vm(ID, ginv)_No_515683",0.972403508117316,0.793788731153312,1.22501551099685
"vm(ID, ginv)_No_515684",0.405192386987468,0.810740786746323,0.499780439829101
"vm(ID, ginv)_No_515685",0.621131972675631,0.801725332074055,0.774744102283471
"vm(ID, ginv)_No_515686",1.0474686921081,0.80138248860779,1.3070770911501
"vm(ID, ginv)_No_515687",0.993590538804939,0.809734371739878,1.22705738262044
"vm(ID, ginv)_No_515688",-0.15745499788095,0.804421240923981,-0.195736996825311
"vm(ID, ginv)_No_515689",0.648013169580369,0.808342296500793,0.801656887664462
"vm(ID, ginv)_No_515690",0.556678635448477,0.797815164567491,0.69775389109113
"vm(ID, ginv)_No_515691",0.524230648486267,0.800300325507759,0.655042403179911
"vm(ID, ginv)_No_515692",0.221831462130175,0.780505710460755,0.284215040527021
"vm(ID, ginv)_No_515693",0.217939649093802,0.811257890797189,0.268644103886178
"vm(ID, ginv)_No_515694",0.341594549541085,0.795906420163182,0.429189337951374
"vm(ID, ginv)_No_515695",0.261823606352862,0.802806432612612,0.326135411621947
"vm(ID, ginv)_No_515696",0.346503750964503,0.815235738478438,0.425035035401196
"vm(ID, ginv)_No_515697",0.0575439916928462,0.781045992214975,0.0736755482601693
"vm(ID, ginv)_No_515698",0.657755126734777,0.786934776350653,0.83584452803708
"vm(ID, ginv)_No_515699",0.48186687405388,0.791825332430031,0.608551980239228
"vm(ID, ginv)_No_515700",-0.148727044964774,0.803516776507252,-0.18509513343488
"vm(ID, ginv)_No_515701",0.154989580670261,0.79078487361267,0.195994619829028
"vm(ID, ginv)_No_515702",0.797278576867709,0.808250715739243,0.986424832471075
"vm(ID, ginv)_No_515703",0.18203290994247,0.784932658137294,0.231908951749375
"vm(ID, ginv)_No_515704",0.508009719262908,0.797912477927443,0.636673486523798
"vm(ID, ginv)_No_515705",-0.138429250095156,0.814537735740901,-0.16994823446607
"vm(ID, ginv)_No_515706",0.0303097408296056,0.784751084581923,0.0386233818915372
"vm(ID, ginv)_No_515707",1.1104259108535,0.810731023849277,1.36966006997154
"vm(ID, ginv)_No_515708",1.09994624743727,0.784728239502494,1.40169066444534
"vm(ID, ginv)_No_515709",0.0861351250630941,0.795998262933224,0.108210192250532
"vm(ID, ginv)_No_515710",0.651525484259783,0.817835727240096,0.796645906456605
"vm(ID, ginv)_No_515711",0.5574879381244,0.821212371645109,0.678859643830744
"vm(ID, ginv)_No_515712",0.232396955870876,0.800655000613285,0.290258545432009
"vm(ID, ginv)_No_515713",0.198109870688251,0.807575990232532,0.245314215732451
"vm(ID, ginv)_No_515714",0.523904883521628,0.816709291682622,0.64148270242188
"vm(ID, ginv)_No_515715",1.27200392274518,0.803673380826469,1.58273740687678
"vm(ID, ginv)_No_515716",0.136354889361894,0.807845098110477,0.168788409660248
"vm(ID, ginv)_No_515717",1.01208732071686,0.80913148952967,1.25083170512269
"vm(ID, ginv)_No_515718",1.13295796741632,0.808354725099379,1.40156039451249
"vm(ID, ginv)_No_515719",0.24432081173898,0.798993417733148,0.305785762831628
"vm(ID, ginv)_No_515720",0.439614189638033,0.800679266261694,0.549051546807944
"vm(ID, ginv)_No_515721",0.608518644562395,0.81952145079231,0.742529245542117
"vm(ID, ginv)_No_515722",0.551147250071096,0.789252533791559,0.698315464916396
"vm(ID, ginv)_No_515723",-0.479300945391966,0.801002132135937,-0.598376616194355
"vm(ID, ginv)_No_515724",0.436756182438421,0.811813264672318,0.538000795804579
"vm(ID, ginv)_No_515725",0.612279986953835,0.817367248622095,0.749087987053563
"vm(ID, ginv)_No_515726",0.940710098980218,0.80035432239833,1.17536705013512
"vm(ID, ginv)_No_515727",0.477204179269754,0.813425550623874,0.586659933295373
"vm(ID, ginv)_No_515728",0.978566001373193,0.783497609006306,1.24897126695037
"vm(ID, ginv)_No_515729",0.586442341149051,0.809588825552881,0.724370597319646
"vm(ID, ginv)_No_515730",1.19813411799641,0.816266505103878,1.46782222534531
"vm(ID, ginv)_No_515731",0.77571478013844,0.798399997834631,0.971586651105064
"vm(ID, ginv)_No_515732",0.68466061693725,0.801450173941043,0.854277207989745
"vm(ID, ginv)_No_515733",-0.378327195936935,0.800994894283244,-0.472321607337428
"vm(ID, ginv)_No_515734",0.197120416107264,0.827136823551147,0.238316576525957
"vm(ID, ginv)_No_515735",0.248801877762018,0.803003946374593,0.309838922816395
"vm(ID, ginv)_No_515736",0.46938187268181,0.795960201144034,0.589705203862163
"vm(ID, ginv)_No_515737",0.0720979168784373,0.822431075984755,0.08766438791495
"vm(ID, ginv)_No_515738",0.402038813504683,0.79733468853126,0.504228424132987
"vm(ID, ginv)_No_515739",0.856629308421238,0.815479051312925,1.05046145212689
"vm(ID, ginv)_No_515740",0.487090319043654,0.810892986298038,0.600683847652158
"vm(ID, ginv)_No_515741",0.782655404997711,0.812791369400599,0.962922878444056
"vm(ID, ginv)_No_515742",-0.158532409442854,0.795052374036404,-0.199398699532209
"vm(ID, ginv)_No_515743",1.0693664489955,0.806972612687518,1.32515829184601
"vm(ID, ginv)_No_515744",-0.00650372721964001,0.811209893362453,-0.00801731743270802
"vm(ID, ginv)_No_515745",1.17134802179604,0.800678303807937,1.46294462610669
"vm(ID, ginv)_No_515746",0.343133438319276,0.81261658053099,0.42225749085142
"vm(ID, ginv)_No_515747",-0.199626275851726,0.805689161572667,-0.247770834427095
"vm(ID, ginv)_No_515748",0.452512970622396,0.812439527882961,0.556980495276425
"vm(ID, ginv)_No_515749",0.766594393724612,0.803392037411322,0.954197151610714
"vm(ID, ginv)_No_515750",0.599680896595116,0.789322967294377,0.75974084302993
"vm(ID, ginv)_No_515751",0.955309113878312,0.815579362965465,1.17132575596909
"vm(ID, ginv)_No_515752",-0.00112020042901691,0.788903708661726,-0.00141994570023911
"vm(ID, ginv)_No_515753",0.882496336802299,0.811762510468475,1.08713610867913
"vm(ID, ginv)_No_515754",0.600360571437697,0.80968111095418,0.741477803193647
"vm(ID, ginv)_No_515755",-0.101171170147499,0.800157555111895,-0.126439061283813
"vm(ID, ginv)_No_515756",0.575572634893325,0.818759216461329,0.702981564446926
"vm(ID, ginv)_No_515757",0.49952459378761,0.823574904194023,0.606532072849477
"vm(ID, ginv)_No_515758",-0.00399889528436854,0.815005708716393,-0.00490658561234702
"vm(ID, ginv)_No_515759",0.0832428103029028,0.803885746198405,0.103550548938777
"vm(ID, ginv)_No_515760",0.470256170221259,0.821168607149183,0.572667009097959
"vm(ID, ginv)_No_515761",-0.131816503709238,0.814804991763521,-0.161776750316589
"vm(ID, ginv)_No_515762",0.721987927666615,0.770877688983748,0.936579094173053
"vm(ID, ginv)_No_515763",0.0634510510517436,0.797032049479372,0.0796091588703245
"vm(ID, ginv)_No_515764",0.807607952266647,0.821289334565349,0.983341580460261
"vm(ID, ginv)_No_515765",-0.468585288039716,0.813157526970243,-0.576254012904026
"vm(ID, ginv)_No_515766",0.590569305491549,0.826174774175907,0.714823695846476
"vm(ID, ginv)_No_515767",1.39892610594192,0.812692155558182,1.7213481099508
"vm(ID, ginv)_No_515768",0.443482109027833,0.811527739100222,0.546478065579794
"vm(ID, ginv)_No_515769",0.527761114385889,0.805298855570821,0.655360566744871
"vm(ID, ginv)_No_515770",0.385836952206186,0.811426033125029,0.475504773639342
"vm(ID, ginv)_No_515771",-0.0404675168608337,0.789280850750148,-0.0512713780175619
"vm(ID, ginv)_No_515772",0.896316990934357,0.805783085540625,1.11235518220513
"vm(ID, ginv)_No_515773",0.803953714044052,0.80656131860749,0.99676701014135
"vm(ID, ginv)_No_515774",0.287056145275432,0.800023816171101,0.358809499758742
"vm(ID, ginv)_No_515775",0.405696878287299,0.805496759348131,0.503660472347052
"vm(ID, ginv)_No_515776",0.358075167481926,0.801799531166642,0.446589394933813
"vm(ID, ginv)_No_515777",0.464318177886042,0.823499832936431,0.56383518164221
"vm(ID, ginv)_No_515778",0.226211340331043,0.791368748792038,0.285848210049155
"vm(ID, ginv)_No_515779",1.1856569792012,0.809588447689047,1.46451815436057
"vm(ID, ginv)_No_515780",1.28731041585485,0.787308485254637,1.63507753309493
"vm(ID, ginv)_No_515781",0.695743231187909,0.814717879283444,0.85396828629786
"vm(ID, ginv)_No_515782",1.02088486449767,0.793691133090684,1.28624955216808
"vm(ID, ginv)_No_515783",0.242744196925769,0.812112104835403,0.298904788489722
"vm(ID, ginv)_No_515784",0.94725442582148,0.792972524039053,1.19456147231506
"vm(ID, ginv)_No_515785",0.219330556855994,0.845635890635733,0.259367606418769
"vm(ID, ginv)_No_515786",0.119862198034306,0.798443513548397,0.150119821878972
"vm(ID, ginv)_No_515787",0.605777201934233,0.79893551658146,0.758230407037446
"vm(ID, ginv)_No_515788",0.474139305587344,0.816649743119201,0.580590772950427
"vm(ID, ginv)_No_515789",-0.567180838451844,0.805488630764973,-0.70414505778088
"vm(ID, ginv)_No_515790",-0.239239763793493,0.769901049201944,-0.31074092448826
"vm(ID, ginv)_No_515791",0.24328716808279,0.786387925230716,0.309372970104307
"vm(ID, ginv)_No_515792",-0.482695908146219,0.797164968538581,-0.605515705276326
"vm(ID, ginv)_No_515793",0.0965524154220686,0.805692887209602,0.119837740849946
"vm(ID, ginv)_No_515794",1.46327226924596,0.810312250236915,1.80581284414513
"vm(ID, ginv)_No_515795",-0.14606261227798,0.814505466858056,-0.179326742693839
"vm(ID, ginv)_No_515796",-0.389858898138993,0.795421759960858,-0.49012853025064
"vm(ID, ginv)_No_515797",0.388570464832087,0.807392477934516,0.481265896638192
"vm(ID, ginv)_No_515798",0.0228548069527981,0.778072250954471,0.0293736306940156
"vm(ID, ginv)_No_515799",0.206284723506794,0.799758441165908,0.257933787114602
"vm(ID, ginv)_No_515800",-0.0890900738709465,0.820374694500667,-0.108596808834008
"vm(ID, ginv)_No_515801",0.0427583656919059,0.795821913099622,0.0537285603576404
"vm(ID, ginv)_No_515802",0.462719118511909,0.817674437236682,0.565896519983749
"vm(ID, ginv)_No_515803",0.780002142884944,0.82547504594588,0.94491304942013
"vm(ID, ginv)_No_515804",0.834421578651749,0.819988164271308,1.01760197891791
"vm(ID, ginv)_No_515805",0.316788548254984,0.806448763983378,0.392819187533052
"vm(ID, ginv)_No_515806",0.286796165652477,0.791580878182372,0.362308102124723
"vm(ID, ginv)_No_515807",-0.22567650370882,0.801276249388019,-0.281646315963043
"vm(ID, ginv)_No_515808",-0.281621864787097,0.78063721475811,-0.360758953663721
"vm(ID, ginv)_No_515809",-0.0159789746398514,0.813552511289251,-0.0196409874201349
"vm(ID, ginv)_No_515810",-0.0795585648197718,0.809344842952022,-0.0982999589267638
"vm(ID, ginv)_No_515811",0.733993030365421,0.824664900827911,0.890050042906566
"vm(ID, ginv)_No_515812",-0.248438540108493,0.796848946847957,-0.311776204375026
"vm(ID, ginv)_No_515813",0.527216197518143,0.797766101473628,0.660865630344876
"vm(ID, ginv)_No_515814",0.841501352863955,0.798348192038864,1.05405305761999
"vm(ID, ginv)_No_515815",0.468441974227002,0.801028324990973,0.584800761236852
"vm(ID, ginv)_No_515816",-0.778902895989934,0.805782140165641,-0.966642045242922
"vm(ID, ginv)_No_515817",0.179974819082694,0.817738014045602,0.220088605386343
"vm(ID, ginv)_No_515818",0.609256828889113,0.799661472599113,0.761893438368196
"vm(ID, ginv)_No_515819",-0.401081181621045,0.78886630100251,-0.508427322996738
"vm(ID, ginv)_No_515820",0.551274488389438,0.821411042283923,0.671131090296311
"vm(ID, ginv)_No_515821",0.634870087108973,0.783080532558216,0.810734095297887
"vm(ID, ginv)_No_515822",0.774954652073364,0.799517159674845,0.969278323417761
"vm(ID, ginv)_No_515823",0.185708391313006,0.797769902750248,0.232784403965092
"vm(ID, ginv)_No_515824",0.285360191107134,0.795116676441444,0.358890964762892
"vm(ID, ginv)_No_515825",0.927134152270534,0.813660008165869,1.13946137571693
"vm(ID, ginv)_No_515826",0.241204193778709,0.798839701036186,0.301943172661348
"vm(ID, ginv)_No_515827",1.14599222405479,0.789540621119564,1.4514670852904
"vm(ID, ginv)_No_515828",0.300628370272831,0.815148076762214,0.368802158580726
"vm(ID, ginv)_No_515829",0.511457855585124,0.79890194881044,0.640201036368332
"vm(ID, ginv)_No_515830",0.143258819377765,0.803619418704613,0.178266995599347
"vm(ID, ginv)_No_515831",0.00259979811910997,0.806947111259807,0.00322177015424364
"vm(ID, ginv)_No_515832",0.186988056833,0.798664050366836,0.234126046799169
"vm(ID, ginv)_No_515833",0.322120140993227,0.791126255240666,0.407166541192892
"vm(ID, ginv)_No_515834",0.391309333282011,0.807102370087206,0.484832343188052
"vm(ID, ginv)_No_515835",-0.247813559936623,0.796715858127046,-0.311043840045049
"vm(ID, ginv)_No_515836",0.894268070361962,0.798748940949425,1.11958592307991
"vm(ID, ginv)_No_515837",0.0949557337732905,0.805862510683493,0.117831183997818
"vm(ID, ginv)_No_515838",-0.212645329563274,0.790735887137781,-0.268920802789139
"vm(ID, ginv)_No_515839",0.75753033304414,0.805598794202956,0.94033200955027
"vm(ID, ginv)_No_515840",1.03054524422552,0.819605607200809,1.25736724489371
"vm(ID, ginv)_No_515841",0.00407834626397255,0.820142125101843,0.00497273111470297
"vm(ID, ginv)_No_515842",0.294720233866857,0.79724441134815,0.369673627900986
"vm(ID, ginv)_No_515843",0.164446419518872,0.807064034456472,0.203758825196095
"vm(ID, ginv)_No_515844",0.418650456624708,0.808612888057601,0.517739035337866
"vm(ID, ginv)_No_515845",-0.451597525626199,0.808184999146056,-0.558779890870736
"vm(ID, ginv)_No_515846",0.266956052725257,0.805156904433882,0.33155780103874
"vm(ID, ginv)_No_515847",0.0216684039618139,0.794567384198144,0.027270693955908
"vm(ID, ginv)_No_515848",0.977914004721094,0.780060347557141,1.25363891112214
"vm(ID, ginv)_No_515849",0.243140194619917,0.805130200164561,0.301988665398741
"vm(ID, ginv)_No_515850",0.807322816421963,0.817704058910731,0.987304401420488
"vm(ID, ginv)_No_515851",0.466195144551856,0.808779971724649,0.57641776608011
"vm(ID, ginv)_No_515852",-0.269838180106402,0.822061516577635,-0.328245726949704
"vm(ID, ginv)_No_515853",-0.0899969960593292,0.80286858654321,-0.112094304806239
"vm(ID, ginv)_No_515854",1.10678954334321,0.829019332235646,1.33505878609428
"vm(ID, ginv)_No_515855",0.864533281059167,0.791755761375125,1.09191915390378
"vm(ID, ginv)_No_515856",0.639015736750798,0.798341680915074,0.800428879046307
"vm(ID, ginv)_No_515857",0.121052273814646,0.82743974977672,0.146297387631319
"vm(ID, ginv)_No_515858",0.620519164237089,0.776938398172617,0.798672283023428
"vm(ID, ginv)_No_515859",0.522697086070932,0.80935999302461,0.645815323929705
"vm(ID, ginv)_No_515860",-0.803457755369987,0.80207801643527,-1.00172020539953
"vm(ID, ginv)_No_515861",0.00545182096039418,0.790988027101077,0.00689241906780154
"vm(ID, ginv)_No_515862",0.94745163157465,0.812438884677825,1.16618203466512
"vm(ID, ginv)_No_515863",1.32922985634684,0.804536518222381,1.65216845505505
"vm(ID, ginv)_No_515864",1.57979261536726,0.820531277170164,1.92532894153118
"vm(ID, ginv)_No_515865",0.688084404575979,0.803224680249327,0.856652467852945
"vm(ID, ginv)_No_515866",1.78806843802266,0.80610198142033,2.21816653380771
"vm(ID, ginv)_No_515867",0.539292985632933,0.789473396016886,0.683104697832527
"vm(ID, ginv)_No_515868",0.46709382434456,0.767713653712684,0.608421931908703
"vm(ID, ginv)_No_515869",0.0181241820020001,0.786364103249011,0.0230480790350382
"vm(ID, ginv)_No_515870",0.839469942476018,0.813542803051837,1.03186942263753
"vm(ID, ginv)_No_515871",-0.10338974505,0.817574528026928,-0.12645910740335
"vm(ID, ginv)_No_515872",0.659924041823757,0.793898603094749,0.831244744922416
"vm(ID, ginv)_No_515873",-0.229879489556217,0.806627691701686,-0.28498834334742
"vm(ID, ginv)_No_515874",0.24752827534377,0.807338680387995,0.306597814965104
"vm(ID, ginv)_No_515875",0.51043245338048,0.823126197552688,0.620114454986482
"vm(ID, ginv)_No_515876",0.0821429878217278,0.797493493295298,0.103001452064903
"vm(ID, ginv)_No_515877",0.145780677425452,0.794204730753303,0.183555538994561
"vm(ID, ginv)_No_515878",-0.217955781005352,0.833242116593375,-0.261575569291242
"vm(ID, ginv)_No_515879",1.19246101889436,0.817357555051681,1.45892212230052
"vm(ID, ginv)_No_515880",0.610380863053809,0.790740058987362,0.771910890458079
"vm(ID, ginv)_No_515881",0.184559219311938,0.801722747984857,0.230203296308894
"vm(ID, ginv)_No_515882",0.95410399923245,0.798961220263103,1.1941806123184
"vm(ID, ginv)_No_515883",0.0425608633275697,0.802325151041427,0.0530469015863771
"vm(ID, ginv)_No_515884",0.259109112501301,0.799023385361248,0.324282264134429
"vm(ID, ginv)_No_515885",-0.448227343322647,0.796042506046819,-0.563069609873678
"vm(ID, ginv)_No_515886",0.78644029701979,0.787152901044172,0.999094706983311
"vm(ID, ginv)_No_515887",0.804354592709359,0.809256956296509,0.993942142172512
"vm(ID, ginv)_No_515888",0.432070726194716,0.795788114513259,0.542946945694195
"vm(ID, ginv)_No_515889",0.986698011891659,0.820328314547255,1.2028086735446
"vm(ID, ginv)_No_515890",-0.0443533198893793,0.798347261866376,-0.0555564251397194
"vm(ID, ginv)_No_515891",0.433520973751356,0.794288987821288,0.545797537670127
"vm(ID, ginv)_No_515892",0.973610752685011,0.799583542836779,1.21764731328863
"vm(ID, ginv)_No_515893",0.64420544294066,0.789315629866548,0.816156957451327
"vm(ID, ginv)_No_515894",0.325161104757933,0.800328367671332,0.40628461753022
"vm(ID, ginv)_No_515895",0.674147911840117,0.805416526249996,0.837017729172925
"vm(ID, ginv)_No_515896",0.422786536877775,0.812737852377477,0.520200376592539
"vm(ID, ginv)_No_515897",-0.00992258629872849,0.805782058270117,-0.0123142308728376
"vm(ID, ginv)_No_515898",0.0149988200239381,0.809790630705898,0.018521849296853
"vm(ID, ginv)_No_515899",0.201717381198761,0.808810676600091,0.249399998089415
"vm(ID, ginv)_No_515900",0.248265621183488,0.81110754347139,0.306082249119465
"vm(ID, ginv)_No_515901",-0.505561075840831,0.78246395201893,-0.646114206969371
"vm(ID, ginv)_No_515902",0.0586199911500786,0.788950544841303,0.0743012239910043
"vm(ID, ginv)_No_515903",0.648077511736863,0.7986763245125,0.811439492878971
"vm(ID, ginv)_No_515904",0.769993807012449,0.812267689392324,0.947955725763878
"vm(ID, ginv)_No_515905",0.83193888755126,0.813568514997288,1.02257999445079
"vm(ID, ginv)_No_515906",0.622788065725356,0.819017730975338,0.760408526178916
"vm(ID, ginv)_No_515907",0.230682868088402,0.806960428922152,0.285866394212815
"vm(ID, ginv)_No_515908",0.820435215430131,0.787374172377006,1.04198898593958
"vm(ID, ginv)_No_515909",1.07835584771408,0.805516706424175,1.33871320000436
"vm(ID, ginv)_No_515910",1.03912381728843,0.811718458388811,1.2801529970761
"vm(ID, ginv)_No_515911",0.56631513184508,0.790333690802632,0.716551930450988
"vm(ID, ginv)_No_515912",0.680723367122391,0.799653199089019,0.851273236820518
"vm(ID, ginv)_No_515913",-0.697220889685496,0.826248509546477,-0.84383921015264
"vm(ID, ginv)_No_515914",0.8715689413763,0.789422971845564,1.10405824565592
"vm(ID, ginv)_No_515915",-0.0435461273621641,0.818014120001018,-0.0532339556218295
"vm(ID, ginv)_No_515916",0.491822343285995,0.794494242453499,0.619038272407344
"vm(ID, ginv)_No_515917",0.368392905635543,0.803633966239901,0.458408829282324
"vm(ID, ginv)_No_515918",0.584698474447227,0.822028913265512,0.711286993695284
"vm(ID, ginv)_No_515919",0.561822983679156,0.786511436328568,0.714322713858737
"vm(ID, ginv)_No_515920",0.523602368640053,0.8098420289091,0.646548771178712
"vm(ID, ginv)_No_515921",-0.200072345274437,0.812210220398461,-0.246330740797972
"vm(ID, ginv)_No_515922",1.14893668314989,0.802835994721664,1.43109762230854
"vm(ID, ginv)_No_515923",0.693771984159651,0.826459446069785,0.839450728597601
"vm(ID, ginv)_No_515924",1.15976348553774,0.815579061126291,1.42201233554984
"vm(ID, ginv)_No_515925",0.0364572336165488,0.8027892414019,0.0454132065258922
"vm(ID, ginv)_No_515926",0.778194143179463,0.798238385694119,0.974889402872769
"vm(ID, ginv)_No_515927",0.733191020436929,0.80180887276967,0.914421186066804
"vm(ID, ginv)_No_515928",0.616487295766276,0.791956256201915,0.778436044842732
"vm(ID, ginv)_No_515929",1.09650692533589,0.800922560443005,1.36905486184506
"vm(ID, ginv)_No_515930",0.147390321422559,0.796928036756294,0.184948093961503
"vm(ID, ginv)_No_515931",0.83449983609541,0.778857135536692,1.07144147240864
"vm(ID, ginv)_No_515932",1.44717318933328,0.8021522348873,1.80411289327967
"vm(ID, ginv)_No_515933",-0.324578596033902,0.805386696080317,-0.403009632035856
"vm(ID, ginv)_No_515934",0.411043724156905,0.813085000143094,0.5055359821969
"vm(ID, ginv)_No_515935",0.885166502310505,0.813443437312898,1.08817216011298
"vm(ID, ginv)_No_515936",0.33500019496467,0.802295152129226,0.41755231111095
"vm(ID, ginv)_No_515937",0.650675155193175,0.819453110425446,0.79403585991071
"vm(ID, ginv)_No_515938",0.456863486618579,0.789787008761623,0.578464170150046
"vm(ID, ginv)_No_515939",0.706891580205131,0.805480625633222,0.877602213770708
"vm(ID, ginv)_No_515940",0.244393555914101,0.809562593159869,0.301883459017281
"vm(ID, ginv)_No_515941",0.493919818471464,0.799093818253721,0.618099911660984
"vm(ID, ginv)_No_515942",0.920429599490696,0.799373783242087,1.15143831182158
"vm(ID, ginv)_No_515943",0.58351102579139,0.794046411844776,0.734857581480335
"vm(ID, ginv)_No_515944",-0.0645408345085375,0.795771674261474,-0.0811047145758681
"vm(ID, ginv)_No_515945",0.881156016678073,0.812480931439388,1.08452516555314
"vm(ID, ginv)_No_515946",0.635817026386699,0.797600865582042,0.797161906190657
"vm(ID, ginv)_No_515947",1.19579925726842,0.806252870588331,1.48315658882037
"vm(ID, ginv)_No_515948",-0.231863887225652,0.805581052023946,-0.287821922627296
"vm(ID, ginv)_No_515949",0.900156372836313,0.819055451870086,1.09901761935783
"vm(ID, ginv)_No_515950",0.516654595522471,0.803124306047178,0.643305888804866
"vm(ID, ginv)_No_515951",0.281844019424278,0.813627289991425,0.346404333890089
"vm(ID, ginv)_No_515952",-0.010922600835912,0.784491206083692,-0.0139231654239177
"vm(ID, ginv)_No_515953",0.645115652597101,0.813896220648671,0.792626426109888
"vm(ID, ginv)_No_515954",-0.111258904894984,0.798087906344547,-0.139406829762124
"vm(ID, ginv)_No_515955",0.405351618543117,0.80500309878282,0.503540444944891
"vm(ID, ginv)_No_515956",0.220921328164431,0.81090627039841,0.272437563043986
"vm(ID, ginv)_No_515957",0.821535676620078,0.80432190707191,1.02140159231872
"vm(ID, ginv)_No_515958",0.519957113294297,0.803359298954381,0.647228598674406
"vm(ID, ginv)_No_515959",0.470372071291076,0.815912439508567,0.576498222743591
"vm(ID, ginv)_No_515960",1.00641119595742,0.806398874530433,1.24803149873374
"vm(ID, ginv)_No_515961",0.554352466899283,0.793015023758321,0.699044091588645
"vm(ID, ginv)_No_515962",-0.333849201872784,0.802536391908058,-0.415992602004061
"vm(ID, ginv)_No_515963",0.755652645372753,0.786276133723559,0.961052501739074
"vm(ID, ginv)_No_515964",1.0375997423082,0.797715981496128,1.30071324428297
"vm(ID, ginv)_No_515965",0.327455588409765,0.802227872153843,0.408182761751476
"vm(ID, ginv)_No_515966",0.65093594197751,0.794188667374356,0.819623810711818
"vm(ID, ginv)_No_515967",0.513696166480311,0.809362075980079,0.634692657001827
"vm(ID, ginv)_No_515968",0.27136748841323,0.790770190887005,0.343168586196753
"vm(ID, ginv)_No_515969",1.09392617924474,0.801867523516613,1.36422307571118
"vm(ID, ginv)_No_515970",1.01645523384131,0.805556848478705,1.26180447197598
"vm(ID, ginv)_No_515971",-0.399896713058613,0.798856532635391,-0.500586396582841
"vm(ID, ginv)_No_515972",0.837619558924861,0.770610704193295,1.0869555202996
"vm(ID, ginv)_No_515973",0.255924691669262,0.78959535620437,0.324121323230049
"vm(ID, ginv)_No_515974",1.29405065594201,0.805842414700009,1.60583587105395
"vm(ID, ginv)_No_515975",0.270525081614569,0.799800008091733,0.338240908824223
"vm(ID, ginv)_No_515976",1.21236549795519,0.802549731486878,1.51064220744183
"vm(ID, ginv)_No_515977",0.0216716853200753,0.808219366000034,0.0268141128903293
"vm(ID, ginv)_No_515978",0.939668153247005,0.793911791123594,1.18359264058432
"vm(ID, ginv)_No_515979",1.35606061674219,0.800141057539335,1.69477694459583
"vm(ID, ginv)_No_515980",0.988429662288508,0.804400250304855,1.2287784121324
"vm(ID, ginv)_No_515981",0.924089447590194,0.787769111498219,1.1730460538529
"vm(ID, ginv)_No_515982",0.521941849749846,0.826285448503902,0.631672566296418
"vm(ID, ginv)_No_515983",0.225065627626237,0.807116180057679,0.27885158690556
"vm(ID, ginv)_No_515984",-0.252456495551753,0.839273202925643,-0.300803712869313
"vm(ID, ginv)_No_515985",-0.0192585563330905,0.813249191124415,-0.023681002752014
"vm(ID, ginv)_No_515986",1.00683737244908,0.785569178293176,1.2816660839936
"vm(ID, ginv)_No_515987",-0.24150250774948,0.807731003485238,-0.298988780556191
"vm(ID, ginv)_No_515988",-0.104527647043344,0.797291699462434,-0.131103393041494
"vm(ID, ginv)_No_515989",1.01607252709669,0.811364877498375,1.25230035866166
"vm(ID, ginv)_No_515990",0.820302715810872,0.80489378467552,1.01914405531354
"vm(ID, ginv)_No_515991",-0.110594264989227,0.807993705987406,-0.136875156538596
"vm(ID, ginv)_No_515992",0.705111136851898,0.811274307311464,0.86914022852346
"vm(ID, ginv)_No_515993",1.20980060123908,0.806645508828141,1.49979214908991
"vm(ID, ginv)_No_515994",0.217857970889777,0.784257588738513,0.277788795439268
"vm(ID, ginv)_No_515995",0.424000051744575,0.782088460726266,0.542138227369878
"vm(ID, ginv)_No_515996",-0.52878371443142,0.808986435608541,-0.65363730608617
"vm(ID, ginv)_No_515997",0.710043091807919,0.801049571660062,0.886390951232212
"vm(ID, ginv)_No_515998",0.130902682223492,0.827807170354225,0.158131853542025
"vm(ID, ginv)_No_515999",0.855222124834413,0.810401461199047,1.05530674089488
"vm(ID, ginv)_No_516000",0.98559701691266,0.81293317025485,1.21239611443543
"vm(ID, ginv)_Nr_502237",-0.672881008165781,0.893175210036499,-0.753358356350133
"vm(ID, ginv)_Nr_501706",-0.0346514014566659,0.878850172483034,-0.0394281102076416
"vm(ID, ginv)_Nr_504620",-0.282198206950785,0.887603109694028,-0.317932873227612
"vm(ID, ginv)_Nr_503499",-0.433622747270006,0.89470212267303,-0.484655994751087
"vm(ID, ginv)_Nr_501252",-0.0723958571668322,0.897389171522341,-0.0806738697816233
"vm(ID, ginv)_Nr_503777",-0.257948562162545,0.885713386396852,-0.291232543308281
"vm(ID, ginv)_Nr_504282",0.545163226609,0.869604146086528,0.626909645109667
"vm(ID, ginv)_Nr_503771",-0.708842850276588,0.904431012454,-0.783744520605589
"vm(ID, ginv)_Nr_501031",-0.285020853672452,0.87779001923044,-0.324702773360684
"vm(ID, ginv)_Nr_501173",-0.625719530506899,0.874935584985085,-0.715160682963381
"vm(ID, ginv)_Nr_503809",-0.933373484370513,0.884481024443109,-1.05527813325129
"vm(ID, ginv)_Nr_501336",0.00725554626362858,0.888496926316371,0.00816609044862927
"vm(ID, ginv)_Nr_501333",-0.725304719461004,0.894141827624145,-0.811174130381794
"vm(ID, ginv)_Nr_504245",-0.272687723195335,0.880735912552874,-0.309613494021074
"vm(ID, ginv)_Nr_504117",-0.847400508071941,0.88415376970115,-0.958431142988135
"vm(ID, ginv)_Nr_503932",-0.422296895844987,0.886190729908055,-0.476530482200825
"vm(ID, ginv)_Nr_501933",1.11864600532408,0.74301670027004,1.50554624804196
"vm(ID, ginv)_Nr_500946",-0.351901928496534,0.893580048789354,-0.393811308761089
"vm(ID, ginv)_Nr_502482",0.316719513209914,0.897342883391699,0.352952610503585
"vm(ID, ginv)_Nr_501033",-0.342081354171649,0.885292235606917,-0.386405008891932
"vm(ID, ginv)_Nr_504128",0.0242236352716375,0.889796764727363,0.0272237843875053
"vm(ID, ginv)_Nr_500570",1.21805166012315,0.761128258133832,1.60032379182666
"vm(ID, ginv)_Nr_504681",0.056324845569544,0.896594230495647,0.0628208878150008
"vm(ID, ginv)_Nr_500437",-0.459489778652981,0.89686973648582,-0.512326104851511
"vm(ID, ginv)_Nr_503485",-0.286893322290755,0.892580401932985,-0.321420145086599
"vm(ID, ginv)_Nr_500269",0.0258698918623652,0.893283113451406,0.0289604622239089
"vm(ID, ginv)_Nr_501823",-0.326411469905055,0.889227441982414,-0.367073095694578
"vm(ID, ginv)_Nr_501635",-0.232290198438776,0.887867594815849,-0.261627071192924
"vm(ID, ginv)_Nr_501530",-0.645169988880017,0.892803896670372,-0.72263348232027
"vm(ID, ginv)_Nr_502326",0.164063204180729,0.892084578630287,0.183909920775261
"vm(ID, ginv)_Nr_502497",-0.482701570884034,0.884899719703876,-0.54548731357443
"vm(ID, ginv)_Nr_504326",-0.575927751146257,0.887886388279695,-0.64865027637391
"vm(ID, ginv)_Nr_503432",-0.169541577906876,0.879158480740775,-0.192845296520396
"vm(ID, ginv)_Nr_500384",-0.377006160721539,0.882538983818081,-0.42718357787496
"vm(ID, ginv)_Nr_500051",0.607065626159866,0.763599649145732,0.795005114052911
"vm(ID, ginv)_Nr_500163",-1.05766237907802,0.885143839409766,-1.19490452510328
"vm(ID, ginv)_Nr_504140",-0.352277182251535,0.886175904333391,-0.397525119481249
"vm(ID, ginv)_Nr_502542",-0.00704838667732433,0.881194664987137,-0.00799867152784818
"vm(ID, ginv)_Nr_501561",0.553438753256316,0.869865759322648,0.636234668769202
"vm(ID, ginv)_Nr_503357",-0.632544260873831,0.887685044551562,-0.712577354723124
"vm(ID, ginv)_Nr_504501",-0.290164136775308,0.88684009392508,-0.327188789459287
"vm(ID, ginv)_Nr_502740",0.143438940050797,0.894490137029468,0.160358324941565
"vm(ID, ginv)_Nr_500383",-0.32767323013884,0.881587281850778,-0.371685523242727
"vm(ID, ginv)_Nr_501214",-0.0587147717612937,0.885713839400082,-0.0662909047475907
"vm(ID, ginv)_Nr_500016",-0.558795267653718,0.890615631687692,-0.627425847663168
"vm(ID, ginv)_Nr_502899",-1.2029647032839,0.876821046560156,-1.37196148290832
"vm(ID, ginv)_Nr_502333",0.139900249337646,0.886928366858954,0.157735680315538
"vm(ID, ginv)_Nr_502432",-0.341889656153543,0.889952417949885,-0.384166219741419
"vm(ID, ginv)_Nr_500560",-0.172169634320176,0.876597478361541,-0.196406718670901
"vm(ID, ginv)_Nr_502095",0.3800286050351,0.68707328552771,0.553112183285103
"vm(ID, ginv)_Nr_504978",-0.622907458045479,0.88789867814822,-0.701552410624825
"vm(ID, ginv)_Nr_504339",-0.010062471613707,0.880004415082088,-0.0114345694649366
"vm(ID, ginv)_Nr_500379",-0.681675435307289,0.884955912986847,-0.770293101954132
"vm(ID, ginv)_Nr_501874",0.0912180409894901,0.879714456092656,0.103690510435221
"vm(ID, ginv)_Nr_500486",-0.462152701623421,0.891403517982739,-0.518455101758271
"vm(ID, ginv)_Nr_504055",-0.557083481835485,0.879621590490708,-0.633321746371311
"vm(ID, ginv)_Nr_504648",-0.621748948008653,0.878269678743071,-0.707924869840052
"vm(ID, ginv)_Nr_501405",-0.464977593551767,0.890072450891436,-0.522404207754186
"vm(ID, ginv)_Nr_502081",-0.293729072292628,0.882537955686297,-0.332823161202413
"vm(ID, ginv)_Nr_504621",-0.213761925932429,0.900086914540667,-0.237490316189649
"vm(ID, ginv)_Nr_504892",-0.149012037424265,0.878005014315337,-0.169716613225112
"vm(ID, ginv)_Nr_501986",-1.16398295632273,0.897247289282873,-1.29728222110657
"vm(ID, ginv)_Nr_503949",-1.24859635654381,0.875772766961582,-1.42570813303057
"vm(ID, ginv)_Nr_500347",-0.0199191574996837,0.881807131529777,-0.0225890183776667
"vm(ID, ginv)_Nr_501422",-0.602838727204655,0.888161833160281,-0.678748742286773
"vm(ID, ginv)_Nr_503276",-0.687059989584461,0.884708857941025,-0.776594450725235
"vm(ID, ginv)_Nr_503237",-0.392311318116037,0.878834292693136,-0.446399647098228
"vm(ID, ginv)_Nr_501443",0.135246727377581,0.895819993224987,0.150975339242751
"vm(ID, ginv)_Nr_500778",-0.531053852040169,0.862743018007727,-0.615541176173752
"vm(ID, ginv)_Nr_503560",-0.276723599183798,0.893300120201322,-0.309776740118912
"vm(ID, ginv)_Nr_501598",-0.477452488287271,0.88144494550136,-0.541670232184154
"vm(ID, ginv)_Nr_500385",-0.476235034280895,0.880810880986631,-0.540677964544949
"vm(ID, ginv)_Nr_504555",-0.722619659548486,0.890006321929232,-0.811926434389917
"vm(ID, ginv)_Nr_504216",-0.198341668220857,0.882958844695923,-0.224632970621822
"vm(ID, ginv)_Nr_502854",1.04627099365229,0.725148135306457,1.4428375978794
"vm(ID, ginv)_Nr_502875",-0.721730969399189,0.896862178044971,-0.804728961781461
"vm(ID, ginv)_Nr_502847",-0.584254960082047,0.873248407597691,-0.669059290573841
"vm(ID, ginv)_Nr_504937",-0.820271051613209,0.873876725738105,-0.938657624644232
"vm(ID, ginv)_Nr_503526",-0.663257734816323,0.883715103911204,-0.75053343762128
"vm(ID, ginv)_Nr_502126",-0.981384047856872,0.863970571509734,-1.13589985610501
"vm(ID, ginv)_Nr_502125",-0.287372604639231,0.884109355729224,-0.325041922446577
"vm(ID, ginv)_Nr_501005",-0.243369132894421,0.884375352569366,-0.275187602399099
"vm(ID, ginv)_Nr_504571",-0.574512566275506,0.88582815501242,-0.648559839766496
"vm(ID, ginv)_Nr_501416",-0.285403014695216,0.891448885489115,-0.320156342490262
"vm(ID, ginv)_Nr_501795",-0.880777534142521,0.885829855902656,-0.994296509960159
"vm(ID, ginv)_Nr_504154",-0.221040611554655,0.875303303431977,-0.252530306566852
"vm(ID, ginv)_Nr_501242",-0.991975887372229,0.87800998726924,-1.12980023206506
"vm(ID, ginv)_Nr_503557",0.941782868424684,0.734545232433637,1.28213053034793
"vm(ID, ginv)_Nr_504595",-0.267159669475494,0.884076556594276,-0.302190650213226
"vm(ID, ginv)_Nr_500401",-0.0684519418727399,0.88131636894119,-0.0776701128959828
"vm(ID, ginv)_Nr_501701",-0.179499302485502,0.888263423636501,-0.202078907798141
"vm(ID, ginv)_Nr_503993",-0.966448332559145,0.889463871701716,-1.08655153211579
"vm(ID, ginv)_Nr_503139",0.933975724733371,0.74959250942059,1.24597793200375
"vm(ID, ginv)_Nr_500913",-0.346407473209451,0.882380644353355,-0.392582810407534
"vm(ID, ginv)_Nr_503322",-0.373000979631625,0.88559317559541,-0.421187730337743
"vm(ID, ginv)_Nr_501320",-0.399652348526638,0.885276614159912,-0.451443472169306
"vm(ID, ginv)_Nr_500121",-0.472260277481558,0.882903711481306,-0.534894429981742
"vm(ID, ginv)_Nr_500602",-0.575848173569628,0.893089573091881,-0.644782103519627
"vm(ID, ginv)_Nr_504811",-0.873850267088102,0.886686999212277,-0.985522814549464
"vm(ID, ginv)_Nr_502648",0.379327522718271,0.887911007977576,0.427213447417751
"vm(ID, ginv)_Nr_500087",-0.545240696898741,0.884169185390525,-0.616670096524474
"vm(ID, ginv)_Nr_503316",-0.516645825975364,0.871674354425819,-0.592705089179414
"vm(ID, ginv)_Nr_504762",-0.594551893505561,0.88831299018225,-0.669304513247724
"vm(ID, ginv)_Nr_502164",-0.585616808946074,0.880241832863463,-0.66529081791198
"vm(ID, ginv)_Nr_504051",-0.605975123119735,0.893294901004525,-0.678359545586017
"vm(ID, ginv)_Nr_504842",-0.302114717262231,0.882880585584435,-0.342192049746164
"vm(ID, ginv)_Nr_502993",0.949056362352494,0.730039437070841,1.30000697792495
"vm(ID, ginv)_Nr_502381",-1.01890815953643,0.893149950930584,-1.14080301798687
"vm(ID, ginv)_Nr_501831",-0.492780836808971,0.895435432959164,-0.550325370954406
"vm(ID, ginv)_Nr_504317",-0.42135755326315,0.885936918800268,-0.475606721338298
"vm(ID, ginv)_Nr_504132",0.142124218186905,0.882932731542924,0.160968342331746
"vm(ID, ginv)_Nr_504819",-1.08353369317364,0.882492122533031,-1.22781117871461
"vm(ID, ginv)_Nr_502957",-0.153054523877206,0.896186142750394,-0.170784300912623
"vm(ID, ginv)_Nr_501479",-1.13748222595159,0.876853495135829,-1.29723178645184
"vm(ID, ginv)_Nr_501959",0.850463704792402,0.762371856072781,1.11554971241122
"vm(ID, ginv)_Nr_501990",-0.247849531034727,0.881688979405261,-0.281107665882262
"vm(ID, ginv)_Nr_500290",-0.188161380205092,0.886758336767778,-0.212190145165071
"vm(ID, ginv)_Nr_502398",-0.00820287420135109,0.864687219790788,-0.0094865218469816
"vm(ID, ginv)_Nr_504795",-0.289113064220764,0.890418840767452,-0.324693336420844
"vm(ID, ginv)_Nr_503138",-0.22364718511277,0.904988532758811,-0.247127092794196
"vm(ID, ginv)_Nr_500092",-0.432880386797336,0.88578859763498,-0.48869491880242
"vm(ID, ginv)_Nr_503998",-0.866885495771752,0.895835592350573,-0.967683694613139
"vm(ID, ginv)_Nr_504702",-0.21166350375169,0.879049087984402,-0.240786898757861
"vm(ID, ginv)_Nr_502721",-0.527276916773222,0.892256990920079,-0.590947363975825
"vm(ID, ginv)_Nr_501083",-0.867008123185172,0.880240003085947,-0.984967872563861
"vm(ID, ginv)_Nr_503605",0.193956692561299,0.891538429038859,0.217552812356499
"vm(ID, ginv)_Nr_502677",-0.773937303121103,0.887149953722954,-0.872386116770057
"vm(ID, ginv)_Nr_504247",-0.269085461555682,0.893789249172803,-0.301061421140073
"vm(ID, ginv)_Nr_501322",0.0183977740719329,0.884628783483766,0.0207971687281986
"vm(ID, ginv)_Nr_502201",-0.275476178369773,0.89251904321773,-0.308650196836832
"vm(ID, ginv)_Nr_502701",-0.10890997953652,0.884039923568193,-0.123195770499746
"vm(ID, ginv)_Nr_502469",-0.53737572360729,0.884618488191702,-0.607466078066907
"vm(ID, ginv)_Nr_501705",-0.14897839281763,0.891394327086337,-0.167129617376621
"vm(ID, ginv)_Nr_500683",-1.0806583126567,0.890355822403403,-1.21373757037899
"vm(ID, ginv)_Nr_503537",-0.579178376367389,0.886092391410276,-0.65363203880533
"vm(ID, ginv)_Nr_500642",-0.693325216863494,0.895152529188338,-0.774533048007085
"vm(ID, ginv)_Nr_500080",0.778790009419371,0.7734301153134,1.00693003026369
"vm(ID, ginv)_Nr_500131",-0.142087818454106,0.892829125916416,-0.159143350423592
"vm(ID, ginv)_Nr_501590",-0.743836469662351,0.878733695299388,-0.846486795307106
"vm(ID, ginv)_Nr_504906",-0.296580313432502,0.893423677740696,-0.331959316527741
"vm(ID, ginv)_Nr_501061",-0.123661084770319,0.880323490081408,-0.140472322008452
"vm(ID, ginv)_Nr_503175",-0.527437532166099,0.892796353001885,-0.59077025840515
"vm(ID, ginv)_Nr_503752",-0.211808228924714,0.89156031259101,-0.237570275317849
"vm(ID, ginv)_Nr_503554",-1.22282438401437,0.881823040057047,-1.38670042453785
"vm(ID, ginv)_Nr_502982",-0.0972598425038015,0.886169713621344,-0.109753065365265
"vm(ID, ginv)_Nr_501391",-0.389675354563685,0.881758325901698,-0.441929883866078
"vm(ID, ginv)_Nr_504510",-0.578670451833653,0.894054638189867,-0.647242827357004
"vm(ID, ginv)_Nr_501216",0.03162074057429,0.875168777017079,0.0361310199868715
"vm(ID, ginv)_Nr_500556",-0.0752195533058154,0.893750413052489,-0.0841616990686614
"vm(ID, ginv)_Nr_500928",-0.285003558327703,0.887802007405836,-0.321021529519274
"vm(ID, ginv)_Nr_503294",0.338031878506685,0.896614179080724,0.377009293845053
"vm(ID, ginv)_Nr_501410",-0.187629137309417,0.896791090830112,-0.209222793611541
"vm(ID, ginv)_Nr_503836",-0.470881685736749,0.88770330480941,-0.530449400363387
"vm(ID, ginv)_Nr_502936",-0.254985423276867,0.880705409423761,-0.289524079843795
"vm(ID, ginv)_Nr_502518",-0.204832619232846,0.890369070283239,-0.230053610428859
"vm(ID, ginv)_Nr_501724",-0.33070960924915,0.88598508750705,-0.3732676925519
"vm(ID, ginv)_Nr_501641",-1.27546970412933,0.890367171480214,-1.43252103737033
"vm(ID, ginv)_Nr_502069",-0.0950691936946492,0.881438417224908,-0.107856875576132
"vm(ID, ginv)_Nr_504433",-0.41255492407788,0.881925168712129,-0.467789035525919
"vm(ID, ginv)_Nr_502980",0.102629377491789,0.881337192287905,0.116447346588618
"vm(ID, ginv)_Nr_503185",0.0503539486668727,0.879774858314005,0.0572350393865207
"vm(ID, ginv)_Nr_502857",-0.710020239729336,0.880388174150363,-0.806485435148599
"vm(ID, ginv)_Nr_500289",-0.0975101859567145,0.882862861827238,-0.110447715237336
"vm(ID, ginv)_Nr_501936",-0.0650105272506713,0.88653916000155,-0.073330688799531
"vm(ID, ginv)_Nr_502216",-0.649434985860256,0.883136007852034,-0.735373691125803
"vm(ID, ginv)_Nr_502461",-0.178210802516269,0.88681851706685,-0.200955211338731
"vm(ID, ginv)_Nr_503280",-0.492091225453524,0.885823784502586,-0.555518190031268
"vm(ID, ginv)_Nr_500626",-0.0745030162320329,0.885604967055182,-0.0841266919265039
"vm(ID, ginv)_Nr_501558",-0.363163000798802,0.886249299984207,-0.409775218784685
"vm(ID, ginv)_Nr_500955",-0.655705277107987,0.876945268260363,-0.747715166316752
"vm(ID, ginv)_Nr_500527",-0.113312443680093,0.899339625156257,-0.125995164129909
"vm(ID, ginv)_Nr_502025",-1.6180342443675,0.891727455156386,-1.81449414281378
"vm(ID, ginv)_Nr_502022",-0.945810769169524,0.893131096478336,-1.05898313573327
"vm(ID, ginv)_Nr_500133",-0.412800241112095,0.882068510088708,-0.467991132650888
"vm(ID, ginv)_Nr_503369",-0.188387545617999,0.87867813155046,-0.214398809818542
"vm(ID, ginv)_Nr_504287",-0.588178531088146,0.892666740318631,-0.658900465898618
"vm(ID, ginv)_Nr_502064",-0.716225145450917,0.889990492996809,-0.804755950863269
"vm(ID, ginv)_Nr_502198",-0.877361486839641,0.898075613678596,-0.97693498573677
"vm(ID, ginv)_Nr_501583",-0.68181769066759,0.885572084621495,-0.769917776889961
"vm(ID, ginv)_Nr_503833",-0.603620838814932,0.88344739166071,-0.683256121997532
"vm(ID, ginv)_Nr_502225",0.337587031679518,0.861338523927648,0.39193304641727
"vm(ID, ginv)_Nr_501720",-0.364488396237841,0.873612489756954,-0.417219763352106
"vm(ID, ginv)_Nr_503860",0.0987011971065636,0.886849124828474,0.111294237478842
"vm(ID, ginv)_Nr_503966",0.0644093675857867,0.87322348763037,0.0737604616666595
"vm(ID, ginv)_Nr_501674",-0.569049411422282,0.896048418753296,-0.635065471365957
"vm(ID, ginv)_Nr_500863",-0.177370566185213,0.888088320592076,-0.199721764235073
"vm(ID, ginv)_Nr_502783",-0.933204258196119,0.878031041641057,-1.0628374327768
"vm(ID, ginv)_Nr_502300",-0.224173338327075,0.87580288477211,-0.25596323353674
"vm(ID, ginv)_Nr_500789",-0.0268721981991074,0.890808724978811,-0.0301660698257604
"vm(ID, ginv)_Nr_503797",-0.791548352414753,0.904454680402143,-0.875166406417191
"vm(ID, ginv)_Nr_503763",0.394992645980011,0.883695891308985,0.446978027016651
"vm(ID, ginv)_Nr_504651",-0.0180306385411089,0.884900215608101,-0.0203759002688436
"vm(ID, ginv)_Nr_502443",-0.29810070279743,0.891851739852306,-0.334249168866113
"vm(ID, ginv)_Nr_500421",0.028393415916099,0.885104723146294,0.0320791598706744
"vm(ID, ginv)_Nr_504714",-0.51583506018997,0.889543429263131,-0.57988743800544
"vm(ID, ginv)_Nr_501512",-0.688158948715602,0.900794198596869,-0.763946914608819
"vm(ID, ginv)_Nr_503649",0.506779910673764,0.874820738890055,0.579295720991652
"vm(ID, ginv)_Nr_504865",-0.515446271612256,0.874066698017132,-0.589710456629425
"vm(ID, ginv)_Nr_501580",-0.651205214885491,0.887130807950286,-0.734057716234767
"vm(ID, ginv)_Nr_504780",-0.136783484687617,0.890339404177678,-0.153630721100063
"vm(ID, ginv)_Nr_502320",-0.534046466031685,0.87497268418869,-0.610357872516757
"vm(ID, ginv)_Nr_502900",-0.368180682664356,0.883308170461471,-0.416820193649975
"vm(ID, ginv)_Nr_503961",-0.30791035100538,0.875202735229751,-0.351816029145007
"vm(ID, ginv)_Nr_504073",-0.449084561898527,0.902700661578647,-0.497490010822819
"vm(ID, ginv)_Nr_502837",-0.23712036865975,0.882430107907829,-0.26871291735721
"vm(ID, ginv)_Nr_500235",-0.272361927929399,0.883117480211255,-0.308409621632951
"vm(ID, ginv)_Nr_503992",-0.537565397546984,0.886301827256345,-0.606526333372327
"vm(ID, ginv)_Nr_503320",-1.00258495748891,0.889278167240029,-1.12741433943053
"vm(ID, ginv)_Nr_503050",-0.290576702039176,0.876207273661622,-0.331630095724807
"vm(ID, ginv)_Nr_502879",-0.159274571792381,0.891221305526792,-0.178714950826086
"vm(ID, ginv)_Nr_501907",-0.51642319550436,0.896713475979308,-0.575906584810014
"vm(ID, ginv)_Nr_503132",-0.38750062677599,0.893434564365699,-0.43372020988588
"vm(ID, ginv)_Nr_502948",-0.361297522617223,0.881803415514119,-0.409725701058411
"vm(ID, ginv)_Nr_504285",0.15579743770993,0.882879617087956,0.176465097499706
"vm(ID, ginv)_Nr_502916",-0.0738881870186366,0.891483222284007,-0.0828823080139779
"vm(ID, ginv)_Nr_500728",-0.0452185440696429,0.889093706749858,-0.0508591431098329
"vm(ID, ginv)_Nr_500939",-0.0476583055180527,0.88598587443043,-0.0537912701471573
"vm(ID, ginv)_Nr_504410",-0.719362653519673,0.892962083726073,-0.805591487734821
"vm(ID, ginv)_Nr_501999",-0.0980917159564791,0.880581241753306,-0.11139428289566
"vm(ID, ginv)_Nr_504919",-0.620921829912361,0.884075644710932,-0.702340160174172
"vm(ID, ginv)_Nr_500380",-0.346380104343818,0.886661926641044,-0.390656341426564
"vm(ID, ginv)_Nr_503193",-0.084102607961323,0.891591173110363,-0.0943286682257369
"vm(ID, ginv)_Nr_502548",0.267860801764717,0.889280442116317,0.301210719452302
"vm(ID, ginv)_Nr_503535",0.790757788918073,0.751734658054992,1.05191077788544
"vm(ID, ginv)_Nr_504396",-0.932360930915396,0.89001103273473,-1.04758356539754
"vm(ID, ginv)_Nr_503056",-0.15935573497156,0.882258573422258,-0.180622483897689
"vm(ID, ginv)_Nr_500307",0.0695511702124378,0.885119294571933,0.0785783008448309
"vm(ID, ginv)_Nr_500293",-0.665546329577536,0.879771921351951,-0.756498716797857
"vm(ID, ginv)_Nr_503593",-0.714824613745497,0.88668373336599,-0.806177655962979
"vm(ID, ginv)_Nr_502278",-0.583414180514418,0.892382552147837,-0.653771388862572
"vm(ID, ginv)_Nr_500802",-0.247320706006579,0.872857097411226,-0.283346159113672
"vm(ID, ginv)_Nr_501179",-0.0416015716967364,0.86388103536543,-0.0481565979500158
"vm(ID, ginv)_Nr_501636",0.081144288438614,0.890160939480375,0.0911568738187741
"vm(ID, ginv)_Nr_504469",0.224124567743105,0.881437963970164,0.254271516436171
"vm(ID, ginv)_Nr_501123",0.20347260537921,0.669486944621904,0.303923186275309
"vm(ID, ginv)_Nr_500848",-0.290371620383967,0.892263401508819,-0.325432624371848
"vm(ID, ginv)_Nr_504572",0.431507474456302,0.867119531439166,0.497633208353784
"vm(ID, ginv)_Nr_504214",-0.222705965846752,0.887615664368656,-0.250903600270685
"vm(ID, ginv)_Nr_504444",-0.424735055402323,0.882896412820122,-0.481070088444065
"vm(ID, ginv)_Nr_500618",-0.382632032803215,0.893901493213186,-0.428047201742353
"vm(ID, ginv)_Nr_503025",0.367825381501167,0.892993086476683,0.411901712422464
"vm(ID, ginv)_Nr_500701",0.400173413978894,0.882722114982594,0.453340193008289
"vm(ID, ginv)_Nr_502389",-0.523478185266649,0.885812250938228,-0.590958394075263
"vm(ID, ginv)_Nr_503892",-0.0355666161538822,0.883497553519882,-0.0402566096670938
"vm(ID, ginv)_Nr_500418",-0.227375605142038,0.87611806517984,-0.259526214763491
"vm(ID, ginv)_Nr_502465",-0.228038909389976,0.887865986845724,-0.256839334729015
"vm(ID, ginv)_Nr_504398",0.40386848295749,0.881017797109954,0.458411265109876
"vm(ID, ginv)_Nr_504346",-1.09556271897156,0.882255509643419,-1.24177486793407
"vm(ID, ginv)_Nr_504020",-0.13448374120458,0.900389786093298,-0.149361691216081
"vm(ID, ginv)_Nr_503538",-0.533008716102848,0.875228852631177,-0.608993538661892
"vm(ID, ginv)_Nr_502331",-0.679967172607656,0.860098126790998,-0.790569298348079
"vm(ID, ginv)_Nr_504547",-0.402331690558613,0.884244901131961,-0.455000294650917
"vm(ID, ginv)_Nr_504808",-0.93628432859322,0.888775943742054,-1.05345372496373
"vm(ID, ginv)_Nr_503802",-0.438290205093015,0.884128300782832,-0.495731450633285
"vm(ID, ginv)_Nr_500095",-0.172511147296358,0.888199804699136,-0.194225608228763
"vm(ID, ginv)_Nr_501704",0.303524548561771,0.888032875534079,0.341794270149318
"vm(ID, ginv)_Nr_503211",-0.398007693850424,0.895856035911468,-0.444276399215729
"vm(ID, ginv)_Nr_503115",-0.643015262884856,0.878731741679686,-0.731753767828779
"vm(ID, ginv)_Nr_502581",-0.340895700400172,0.895436802808137,-0.380703249331617
"vm(ID, ginv)_Nr_501176",-0.38851597285031,0.888572626459931,-0.437236035953702
"vm(ID, ginv)_Nr_502209",-1.06206197394054,0.883929540294505,-1.20152334040866
"vm(ID, ginv)_Nr_500474",-0.842417697205388,0.945400548388778,-0.891069609216008
"vm(ID, ginv)_Nr_504929",-0.747718891282102,0.88384276759737,-0.845986320977309
"vm(ID, ginv)_Nr_504331",-0.493285281868148,0.892871314417657,-0.552470746794991
"vm(ID, ginv)_Nr_502378",0.366474408817244,0.86977661472115,0.421343138703189
"vm(ID, ginv)_Nr_500577",-0.729777456999133,0.886068774681737,-0.823612656095751
"vm(ID, ginv)_Nr_500780",-1.33103593771474,0.891957204621991,-1.49226434947496
"vm(ID, ginv)_Nr_501024",0.0932191856165376,0.887363249080884,0.105051889080478
"vm(ID, ginv)_Nr_504298",-0.423268672053737,0.886177752999741,-0.477634053237015
"vm(ID, ginv)_Nr_504869",0.0727267386203495,0.884982669336008,0.0821787150644605
"vm(ID, ginv)_Nr_501942",0.348423246806794,0.880315293691398,0.395793699488921
"vm(ID, ginv)_Nr_501877",-0.613650359170358,0.879415239217486,-0.697793638095686
"vm(ID, ginv)_Nr_500187",-0.823108419101168,0.888766843768149,-0.926124129036356
"vm(ID, ginv)_Nr_504327",-0.334808086748956,0.8898305568565,-0.376260496078861
"vm(ID, ginv)_Nr_502450",-0.409743208059333,0.887500872043835,-0.46168203431252
"vm(ID, ginv)_Nr_501860",-0.782537193469025,0.882893114360997,-0.886332876245608
"vm(ID, ginv)_Nr_503969",0.399543733856476,0.895310755107502,0.446262631803749
"vm(ID, ginv)_Nr_503413",-0.592629815004386,0.918766687045994,-0.645027538938968
"vm(ID, ginv)_Nr_504958",0.0910504863340271,0.886956254389796,0.102654991025085
"vm(ID, ginv)_Nr_500040",-0.595187985206954,0.885233476815702,-0.672351420043355
"vm(ID, ginv)_Nr_501567",-0.260285482423064,0.884739780449666,-0.294194392718246
"vm(ID, ginv)_Nr_504930",0.104380089531592,0.874216281362221,0.119398473532138
"vm(ID, ginv)_Nr_500525",-0.259899263984145,0.887895271278956,-0.292713873348799
"vm(ID, ginv)_Nr_503964",-0.855153461293848,0.888441041753891,-0.962532594853645
"vm(ID, ginv)_Nr_501018",-0.550879357480443,0.889332464581488,-0.619430167479248
"vm(ID, ginv)_Nr_504330",-0.13148554910734,0.882557189110336,-0.148982469045302
"vm(ID, ginv)_Nr_503766",-0.582905216536863,0.885527218026849,-0.658257820505738
"vm(ID, ginv)_Nr_500724",0.0427749440704928,0.89155545407303,0.0479778839051205
"vm(ID, ginv)_Nr_503339",-1.03856943596699,0.881097299362429,-1.17872275481779
"vm(ID, ginv)_Nr_504046",-0.609228038746808,0.899137154811373,-0.677569640501193
"vm(ID, ginv)_Nr_503670",-0.588694824222945,0.885012512622344,-0.665182487057282
"vm(ID, ginv)_Nr_502056",-0.811392155945658,0.880133724301912,-0.921896449984601
"vm(ID, ginv)_Nr_504185",0.404312235596195,0.88320233137473,0.45777985545721
"vm(ID, ginv)_Nr_500678",-0.376718921314726,0.884958298651511,-0.425691156169467
"vm(ID, ginv)_Nr_501474",-0.00410120156991279,0.878266480612796,-0.00466965512227137
"vm(ID, ginv)_Nr_501414",0.238843627901272,0.890628909658885,0.268174124274441
"vm(ID, ginv)_Nr_503099",-0.0472459860415392,0.883079570435033,-0.0535013917469117
"vm(ID, ginv)_Nr_500595",-0.238357550617219,0.886806344076176,-0.268781963739249
"vm(ID, ginv)_Nr_502501",0.0895319536370595,0.889616813860495,0.100641031331833
"vm(ID, ginv)_Nr_502575",0.144258596152693,0.891689813863604,0.161781141726442
"vm(ID, ginv)_Nr_502839",-0.634098125940697,0.889629430397706,-0.712766579290464
"vm(ID, ginv)_Nr_504094",-0.66538259825982,0.883759773906245,-0.752899846661733
"vm(ID, ginv)_Nr_500038",-0.769338800026579,0.886553237985928,-0.867786351752956
"vm(ID, ginv)_Nr_504781",-0.34812403632008,0.868321505940632,-0.400916059245781
"vm(ID, ginv)_Nr_502512",-0.128969173472488,0.880402500555998,-0.146488876838764
"vm(ID, ginv)_Nr_503620",-0.26687478458597,0.897771954669324,-0.297263445575405
"vm(ID, ginv)_Nr_501269",-0.0408188974937739,0.892956083739479,-0.0457120996620959
"vm(ID, ginv)_Nr_504026",0.855480255559923,0.741794840582314,1.15325721986468
"vm(ID, ginv)_Nr_502621",-0.608451270879282,0.890027031140813,-0.683632350019061
"vm(ID, ginv)_Nr_500861",-0.0940532547758846,0.890418777338294,-0.105628112489985
"vm(ID, ginv)_Nr_501069",-0.338854008997149,0.884087131322831,-0.383281236647041
"vm(ID, ginv)_Nr_500514",-0.781656507418427,0.889823504050431,-0.878439942146242
"vm(ID, ginv)_Nr_502592",-0.250217695439818,0.850844603249178,-0.294081544954619
"vm(ID, ginv)_Nr_504239",-0.217449881759169,0.870702867441519,-0.249740628968095
"vm(ID, ginv)_Nr_503429",0.169626663004867,0.890769761437808,0.190427055731068
"vm(ID, ginv)_Nr_502199",-0.92516817708712,0.877429015325684,-1.05440800443979
"vm(ID, ginv)_Nr_500194",-0.770196354797441,0.899555914630283,-0.856196198892196
"vm(ID, ginv)_Nr_500017",-0.44532735610636,0.883169131670197,-0.504237908841066
"vm(ID, ginv)_Nr_500916",-0.180482281633197,0.890844914566594,-0.202596746843421
"vm(ID, ginv)_Nr_504627",-0.382592638028077,0.879692515263932,-0.434916327454813
"vm(ID, ginv)_Nr_503373",-0.972877262543546,0.888042146226292,-1.09553050683209
"vm(ID, ginv)_Nr_503368",-0.258052050416059,0.877401473881776,-0.294109433477918
"vm(ID, ginv)_Nr_504655",-0.117633407102496,0.893990341285402,-0.131582413892034
"vm(ID, ginv)_Nr_503604",0.379631673381333,0.890035903769884,0.426535235009447
"vm(ID, ginv)_Nr_502270",-0.49337869736677,0.890931616887753,-0.553778413533314
"vm(ID, ginv)_Nr_500680",-0.971760722661353,0.900222963311905,-1.07946671243118
"vm(ID, ginv)_Nr_501973",-0.373066145409615,0.897602472637188,-0.415625131149131
"vm(ID, ginv)_Nr_501150",-0.645000268954126,0.892886944583079,-0.722376189804522
"vm(ID, ginv)_Nr_504905",-0.669845085818975,0.886511391101487,-0.75559670472671
"vm(ID, ginv)_Nr_501574",-0.667640692480616,0.891123488833426,-0.749212315517155
"vm(ID, ginv)_Nr_503518",-0.62483433205128,0.873714963259665,-0.715146653457944
"vm(ID, ginv)_Nr_503871",-0.215151356633344,0.885013143990703,-0.243105266960424
"vm(ID, ginv)_Nr_504157",0.089667723785892,0.891164515453675,0.100618597611288
"vm(ID, ginv)_Nr_502000",0.441453498863979,0.863818597955562,0.511048847418644
"vm(ID, ginv)_Nr_500752",0.0414107494305021,0.887981210366184,0.0466347136032589
"vm(ID, ginv)_Nr_504626",0.220188598728458,0.882686635458279,0.249452738812726
"vm(ID, ginv)_Nr_501587",0.198793201810164,0.881919978619905,0.225409568474966
"vm(ID, ginv)_Nr_502562",-0.42428580764796,0.892027390880392,-0.475642129362428
"vm(ID, ginv)_Nr_504885",-0.32887873585618,0.88587194516062,-0.371248618553497
"vm(ID, ginv)_Nr_503220",-0.649998400504708,0.889396902669862,-0.730830519595348
"vm(ID, ginv)_Nr_500483",-0.079757355627855,0.85726513632842,-0.0930369756659505
"vm(ID, ginv)_Nr_503671",-0.789541198771183,0.883694163674566,-0.893455260005478
"vm(ID, ginv)_Nr_501017",-0.541806194471217,0.86582795201942,-0.625766577768171
"vm(ID, ginv)_Nr_503517",0.0212402294266839,0.886628121916036,0.0239561873819014
"vm(ID, ginv)_Nr_503205",-0.143411800471998,0.88592060580706,-0.161878840532614
"vm(ID, ginv)_Nr_501699",-0.503886010509793,0.889573180169747,-0.566435703933477
"vm(ID, ginv)_Nr_504297",-0.0457105465796812,0.885769761690452,-0.0516054493579062
"vm(ID, ginv)_Nr_501160",-0.330307265154922,0.882792383619744,-0.374161888212664
"vm(ID, ginv)_Nr_502115",-0.237108901208682,0.87450859621159,-0.271133871337398
"vm(ID, ginv)_Nr_502374",0.32096225227584,0.880456890488745,0.364540564953353
"vm(ID, ginv)_Nr_502075",-0.537098775534525,0.870782260443757,-0.616800318441048
"vm(ID, ginv)_Nr_500174",-0.336088575316996,0.894758536507825,-0.375619300184299
"vm(ID, ginv)_Nr_501420",-0.273020795126119,0.882815868996927,-0.309261313388408
"vm(ID, ginv)_Nr_502110",-0.477525043367881,0.888604811691017,-0.537387415739005
"vm(ID, ginv)_Nr_501034",-0.446894604254934,0.883100008259538,-0.506052089316247
"vm(ID, ginv)_Nr_504294",-0.233843345566322,0.897209753472467,-0.260633976237195
"vm(ID, ginv)_Nr_503113",0.0798323494785933,0.878559130396288,0.0908673607917359
"vm(ID, ginv)_Nr_504918",-0.0761577494579055,0.875933189279409,-0.086944701251196
"vm(ID, ginv)_Nr_501259",-0.388427749143112,0.886045740723663,-0.438383405382515
"vm(ID, ginv)_Nr_502580",-0.912834215305056,0.888139401468617,-1.02780511009376
"vm(ID, ginv)_Nr_501818",-0.874409433587795,0.883973695542953,-0.98918037719518
"vm(ID, ginv)_Nr_504357",-0.850277374877681,0.867139094323685,-0.980554769636866
"vm(ID, ginv)_Nr_502737",-0.391499127559611,0.87317528841246,-0.448362582811298
"vm(ID, ginv)_Nr_502144",0.0349699544793235,0.879628682379228,0.0397553594827495
"vm(ID, ginv)_Nr_503388",-0.290110184012682,0.889984838335557,-0.325972052012981
"vm(ID, ginv)_Nr_504419",-0.709120377205317,0.880409007879915,-0.805444254725343
"vm(ID, ginv)_Nr_504887",-0.482393109742219,0.879458357843861,-0.548511598576294
"vm(ID, ginv)_Nr_503584",0.156538783058949,0.883253475029978,0.177229739236107
"vm(ID, ginv)_Nr_501755",-0.915960594091665,0.891282193851391,-1.02768864946537
"vm(ID, ginv)_Nr_500783",-0.856087782602191,0.88814278873952,-0.963907823670085
"vm(ID, ginv)_Nr_501181",0.00345869954094344,0.88619646676596,0.00390285864438779
"vm(ID, ginv)_Nr_504148",-0.746931253016419,0.881501432727287,-0.847339806023321
"vm(ID, ginv)_Nr_501526",-0.306436158474182,0.885069071304059,-0.346228524314695
"vm(ID, ginv)_Nr_500685",-0.234080910373235,0.874792249635239,-0.267584572760949
"vm(ID, ginv)_Nr_503785",-0.635937186253806,0.885706973141614,-0.717999525281063
"vm(ID, ginv)_Nr_501507",-0.364674317432655,0.893785111800132,-0.408011179217542
"vm(ID, ginv)_Nr_502411",-0.115370667850118,0.891816675365979,-0.129365901128472
"vm(ID, ginv)_Nr_504783",-0.192637384615908,0.879052747347219,-0.219142008482703
"vm(ID, ginv)_Nr_500772",0.112945353283482,0.884551652842799,0.127686555014051
"vm(ID, ginv)_Nr_504003",-0.739622196146367,0.889668188140975,-0.831346119829079
"vm(ID, ginv)_Nr_504005",-1.08624610245808,0.887777450756679,-1.22355676136203
"vm(ID, ginv)_Nr_503713",0.302028429856091,0.85148417609844,0.354708212241837
"vm(ID, ginv)_Nr_502911",-0.262789015805665,0.884969780268585,-0.296946880746492
"vm(ID, ginv)_Nr_504167",0.104919358290006,0.883892800659133,0.118701451365784
"vm(ID, ginv)_Nr_502420",-0.0790337063514947,0.894747199347789,-0.0883307669575328
"vm(ID, ginv)_Nr_500835",-0.800186171169564,0.880880728087201,-0.908393322336769
"vm(ID, ginv)_Nr_503901",1.08165585563105,0.756009232577486,1.43074424097088
"vm(ID, ginv)_Nr_503091",-0.205937340573125,0.886340563289713,-0.232345611949401
"vm(ID, ginv)_Nr_504718",-0.281651840140064,0.873877684553877,-0.322301215740335
"vm(ID, ginv)_Nr_500640",-0.269517847855244,0.884410619341232,-0.304742889740514
"vm(ID, ginv)_Nr_503519",-0.481494638108597,0.880645639142482,-0.5467518564873
"vm(ID, ginv)_Nr_501690",-0.504122133727527,0.87347922145605,-0.577142674197995
"vm(ID, ginv)_Nr_500363",-0.300606609537276,0.895814528425827,-0.335567910542284
"vm(ID, ginv)_Nr_503266",-0.712142191326051,0.89878403703008,-0.792339607720712
"vm(ID, ginv)_Nr_501941",-0.27216774961486,0.890071836291396,-0.305781779085251
"vm(ID, ginv)_Nr_500414",0.21946844882333,0.882100769224623,0.248802015008156
"vm(ID, ginv)_Nr_503638",-0.72650822378571,0.883795332863949,-0.822032202219773
"vm(ID, ginv)_Nr_500018",-0.648633335039719,0.884606380216524,-0.733245146706893
"vm(ID, ginv)_Nr_502796",-0.580284137369691,0.874823274811333,-0.663315842270927
"vm(ID, ginv)_Nr_502942",-0.378021525868255,0.88562695732346,-0.426840581965471
"vm(ID, ginv)_Nr_504515",-0.765794172804116,0.878921747042851,-0.87128822944778
"vm(ID, ginv)_Nr_504549",-0.365832536384723,0.883449724888502,-0.414095478303413
"vm(ID, ginv)_Nr_501211",-0.0879099172810915,0.878476606443755,-0.10007086886123
"vm(ID, ginv)_Nr_502665",-0.0525539856198483,0.886572325186385,-0.0592777195123927
"vm(ID, ginv)_Nr_504039",-0.601786108390356,0.899752214222257,-0.668835373648441
"vm(ID, ginv)_Nr_503662",-0.0579040366670454,0.876519288123728,-0.0660613376700408
"vm(ID, ginv)_Nr_500856",-0.417183983509004,0.883586911995451,-0.472148215241051
"vm(ID, ginv)_Nr_501424",-0.587684909700407,0.89260630919638,-0.658392063382909
"vm(ID, ginv)_Nr_504922",-0.479041976484529,0.881943129564797,-0.543166515420236
"vm(ID, ginv)_Nr_501128",-0.946917384278555,0.891394626227754,-1.06228751713006
"vm(ID, ginv)_Nr_501753",-0.952180266964683,0.887004638256043,-1.0734783403577
"vm(ID, ginv)_Nr_504392",-0.821020695403055,0.880965216832241,-0.931955859001183
"vm(ID, ginv)_Nr_501070",-0.579556323199983,0.884922732522459,-0.654923081869494
"vm(ID, ginv)_Nr_502555",-0.266489596196522,0.883013182235198,-0.301795716709403
"vm(ID, ginv)_Nr_502108",-0.160802530294051,0.890394423164063,-0.180596964795254
"vm(ID, ginv)_Nr_500278",0.184525227749659,0.881236726994611,0.209393483155166
"vm(ID, ginv)_Nr_503404",0.0124774360961493,0.86820322650926,0.0143715615367115
"vm(ID, ginv)_Nr_500279",-0.56112433039782,0.89032132104174,-0.630249233772437
"vm(ID, ginv)_Nr_504690",-0.664485642710891,0.889725261796466,-0.746843628300731
"vm(ID, ginv)_Nr_500730",-0.0247900580399816,0.885510627785183,-0.0279952123239739
"vm(ID, ginv)_Nr_503102",0.849920887823382,0.729479626372947,1.16510572344465
"vm(ID, ginv)_Nr_501728",-0.272029356504852,0.863810707024924,-0.314917787302911
"vm(ID, ginv)_Nr_503953",-0.444211164006154,0.887694407208344,-0.500410006415526
"vm(ID, ginv)_Nr_501996",0.0500049050002196,0.885800040666429,0.0564516851484886
"vm(ID, ginv)_Nr_502348",-0.56468198051894,0.884145183473506,-0.638675628249759
"vm(ID, ginv)_Nr_500490",-0.577365761311432,0.887153377880406,-0.650807149819887
"vm(ID, ginv)_Nr_504058",-0.3270039630784,0.890248578876581,-0.367317590656591
"vm(ID, ginv)_Nr_500649",-0.838687585978315,0.881158970613143,-0.951800542182219
"vm(ID, ginv)_Nr_500869",-0.00194661843828358,0.887883309052077,-0.0021924259848536
"vm(ID, ginv)_Nr_500482",-0.450427541743637,0.886399773404803,-0.50815394504612
"vm(ID, ginv)_Nr_503046",1.01747082186461,0.771758769958971,1.31837934529555
"vm(ID, ginv)_Nr_503245",-0.841096028349267,0.881308662709431,-0.95437167922923
"vm(ID, ginv)_Nr_500597",-0.319195310736891,0.876556249543146,-0.364146979618538
"vm(ID, ginv)_Nr_504618",-0.263303887170001,0.88514019592469,-0.297471393099409
"vm(ID, ginv)_Nr_500969",-0.753534804381776,0.872915866689592,-0.863238753168101
"vm(ID, ginv)_Nr_502128",-0.10612957910048,0.887149603682942,-0.119629855731086
"vm(ID, ginv)_Nr_502244",-0.233517199462084,0.885396009323898,-0.263743225633467
"vm(ID, ginv)_Nr_503255",0.11713556590137,0.884017762121555,0.13250363388656
"vm(ID, ginv)_Nr_501221",-0.280741260188926,0.882813563789084,-0.318007415953113
"vm(ID, ginv)_Nr_500340",-0.559696858031784,0.884911480451119,-0.632489091164753
"vm(ID, ginv)_Nr_501904",-0.587542445576569,0.88081276833331,-0.667045786232558
"vm(ID, ginv)_Nr_504426",0.601220701663189,0.884071980343523,0.680058541646771
"vm(ID, ginv)_Nr_500519",0.243440154223826,0.877579553285358,0.277399528410239
"vm(ID, ginv)_Nr_504502",-0.318160374034677,0.864006343795206,-0.368238469913468
"vm(ID, ginv)_Nr_504096",-0.13771350439215,0.867706358512771,-0.158709802044308
"vm(ID, ginv)_Nr_504231",0.360227366558376,0.888677825055352,0.405352036927374
"vm(ID, ginv)_Nr_503626",-1.02690493640607,0.885101054875834,-1.16021208058568
"vm(ID, ginv)_Nr_500549",0.182258273075085,0.881061509752687,0.206862144194955
"vm(ID, ginv)_Nr_501386",-0.00605692730145487,0.886256987928628,-0.00683427875204821
"vm(ID, ginv)_Nr_501234",-0.139632735669609,0.876700607858398,-0.159270718439107
"vm(ID, ginv)_Nr_502638",-0.879108580588782,0.886381753345585,-0.991794536914426
"vm(ID, ginv)_Nr_500543",-0.941752358833141,0.855981372730273,-1.10020193059726
"vm(ID, ginv)_Nr_501892",-0.0240594222398439,0.887318087969606,-0.0271147659064379
"vm(ID, ginv)_Nr_504428",0.194145294675365,0.869900622699585,0.223181004369061
"vm(ID, ginv)_Nr_500818",-0.0828307690267266,0.882597643427328,-0.0938488445369918
"vm(ID, ginv)_Nr_504927",0.424275881361839,0.888986660390782,0.477257871535818
"vm(ID, ginv)_Nr_503323",-0.746428129053616,0.885635747542863,-0.842816170332476
"vm(ID, ginv)_Nr_501026",0.0300496869235148,0.852998125042126,0.0352283153283963
"vm(ID, ginv)_Nr_500906",0.193637166076491,0.88993454821863,0.217585851076456
"vm(ID, ginv)_Nr_504558",-0.321852707096619,0.877697971454413,-0.366700980934574
"vm(ID, ginv)_Nr_503857",-0.300302483418461,0.882035625499152,-0.340465254165349
"vm(ID, ginv)_Nr_504342",-0.474890501804644,0.883323027514077,-0.537618161207822
"vm(ID, ginv)_Nr_502601",-0.854747104244932,0.895818883429302,-0.954151692999435
"vm(ID, ginv)_Nr_502654",-0.150600540172694,0.886627942164961,-0.169857651683026
"vm(ID, ginv)_Nr_501441",-0.569070877107907,0.889251564149937,-0.639943633556495
"vm(ID, ginv)_Nr_503397",-0.560297346038247,0.868963158395988,-0.644788378683966
"vm(ID, ginv)_Nr_500922",-0.0149386498857693,0.89509725040113,-0.0166894154563369
"vm(ID, ginv)_Nr_501568",-0.233007404704833,0.886218629652675,-0.262923162421165
"vm(ID, ginv)_Nr_503402",-0.904153213041997,0.888327405738033,-1.0178152865731
"vm(ID, ginv)_Nr_504739",-0.500455460021297,0.894851412758447,-0.559260959848748
"vm(ID, ginv)_Nr_500564",-0.295728808041217,0.89336402678989,-0.33102833690747
"vm(ID, ginv)_Nr_504407",-0.71730687030747,0.896275086677598,-0.800319992120337
"vm(ID, ginv)_Nr_504888",-0.262792038849295,0.888810649775006,-0.295667068026039
"vm(ID, ginv)_Nr_500907",-0.135555735253889,0.8918129911669,-0.152000180078696
"vm(ID, ginv)_Nr_502906",0.025807650834789,0.88994016686957,0.0289993100610003
"vm(ID, ginv)_Nr_503529",-0.742757806772625,0.895523940991721,-0.829411445940886
"vm(ID, ginv)_Nr_503000",-0.232164071750844,0.894012695932498,-0.259687667532155
"vm(ID, ginv)_Nr_503926",-0.380761942946726,0.887091972464389,-0.429224877200668
"vm(ID, ginv)_Nr_504553",-0.193315605352078,0.878783086122383,-0.219981026495491
"vm(ID, ginv)_Nr_500360",0.0280793056145073,0.884179464832842,0.0317574731503359
"vm(ID, ginv)_Nr_504485",-0.220788541565942,0.884923706384177,-0.249500086813235
"vm(ID, ginv)_Nr_503285",-0.942978709438591,0.882942102191816,-1.06799608615077
"vm(ID, ginv)_Nr_502809",-0.5373126986711,0.885711660808908,-0.606645167322716
"vm(ID, ginv)_Nr_503740",-0.595219548264138,0.885789655606752,-0.671964889741709
"vm(ID, ginv)_Nr_501121",-0.228005152954737,0.884132300691144,-0.25788578561885
"vm(ID, ginv)_Nr_501215",0.11489273493234,0.88915174286947,0.12921611620707
"vm(ID, ginv)_Nr_500711",-0.314063114483984,0.868494808695212,-0.361617722224291
"vm(ID, ginv)_Nr_502116",-0.177724848425968,0.884190413583898,-0.201002912602947
"vm(ID, ginv)_Nr_500764",-0.429708869643836,0.880065393967128,-0.488269249750646
"vm(ID, ginv)_Nr_500738",-0.434704152592838,0.878793032566524,-0.494660445046179
"vm(ID, ginv)_Nr_501194",-0.17063508160937,0.88063452473761,-0.193763788286874
"vm(ID, ginv)_Nr_504207",-0.563251461838421,0.871605612301499,-0.646222848830837
"vm(ID, ginv)_Nr_503742",-0.0893244576457627,0.888775511029521,-0.100502833997184
"vm(ID, ginv)_Nr_501884",0.128178310158002,0.880010877867478,0.145655370157031
"vm(ID, ginv)_Nr_502016",-1.09380335515901,0.900008571787168,-1.21532548627511
"vm(ID, ginv)_Nr_504351",-0.153383960357768,0.886154149952363,-0.173089479258224
"vm(ID, ginv)_Nr_502408",-0.532312661789571,0.893822345408973,-0.595546379572787
"vm(ID, ginv)_Nr_504440",-0.476779268652847,0.902201521303267,-0.528462053537796
"vm(ID, ginv)_Nr_502632",-0.570118202161993,0.877301713499648,-0.649854198833982
"vm(ID, ginv)_Nr_500101",-0.121546872539771,0.875755405141584,-0.13879089049998
"vm(ID, ginv)_Nr_502676",-0.00909993766317193,0.887906176699238,-0.0102487604005647
"vm(ID, ginv)_Nr_501312",-0.197542724902795,0.891279316759201,-0.221639525554216
"vm(ID, ginv)_Nr_503909",0.0785568001498848,0.88463318081979,0.0888015528392075
"vm(ID, ginv)_Nr_501158",1.28239912777977,0.760097456772778,1.6871509256518
"vm(ID, ginv)_Nr_501088",-0.160545798206085,0.878235346518871,-0.18280498370107
"vm(ID, ginv)_Nr_502753",-0.395766275130109,0.881416179814823,-0.449011810984971
"vm(ID, ginv)_Nr_501522",-0.675269271750259,0.890816143340221,-0.758034389922769
"vm(ID, ginv)_Nr_502481",0.381732094037156,0.88145912768508,0.433068399937811
"vm(ID, ginv)_Nr_500134",0.517854982139546,0.874378909595485,0.592254658085386
"vm(ID, ginv)_Nr_504256",-0.117033856377284,0.883688708381455,-0.132437876898576
"vm(ID, ginv)_Nr_500927",0.251105061140042,0.890023312481026,0.28213312799646
"vm(ID, ginv)_Nr_502028",0.0718014895629617,0.8833368491929,0.0812843816360274
"vm(ID, ginv)_Nr_501019",-0.613756771635916,0.89716752252833,-0.684104981761125
"vm(ID, ginv)_Nr_504972",-0.233322523372047,0.894384950105228,-0.26087483174286
"vm(ID, ginv)_Nr_500343",-0.240867652365709,0.887328057164756,-0.27145276250516
"vm(ID, ginv)_Nr_500812",-0.502457846303461,0.883005118821053,-0.569031634804472
"vm(ID, ginv)_Nr_500223",-0.125337235089638,0.874092876166974,-0.143391209912681
"vm(ID, ginv)_Nr_500961",-0.263030610783043,0.88964081525636,-0.295659333825919
"vm(ID, ginv)_Nr_500654",-0.118525216489236,0.894189924157911,-0.13255038251617
"vm(ID, ginv)_Nr_501825",-0.676898078124286,0.8920945193621,-0.75877394539797
"vm(ID, ginv)_Nr_504695",-0.141226500074703,0.882504687619894,-0.160029178378179
"vm(ID, ginv)_Nr_503028",-0.739850391163635,0.884411802171639,-0.836545135814517
"vm(ID, ginv)_Nr_501962",-0.529135779437112,0.886875107616809,-0.596629418158994
"vm(ID, ginv)_Nr_503076",0.299621331223122,0.879201916318165,0.34078785050634
"vm(ID, ginv)_Nr_504559",0.277254536666729,0.885652204515363,0.313051257878871
"vm(ID, ginv)_Nr_500800",-0.269456963135667,0.886890625912266,-0.303822089514703
"vm(ID, ginv)_Nr_501644",-0.0210261138381223,0.878067060617649,-0.0239459088959927
"vm(ID, ginv)_Nr_503563",-0.979682683721401,0.88901475642507,-1.1019869767527
"vm(ID, ginv)_Nr_504414",0.646484421593979,0.860369130833749,0.751403552760543
"vm(ID, ginv)_Nr_501837",-0.182564399922937,0.88236055106535,-0.206904535456069
"vm(ID, ginv)_Nr_504190",-0.371653340072796,0.885503282635505,-0.419708596637442
"vm(ID, ginv)_Nr_504999",-0.280511930931656,0.882523053319067,-0.317852241793212
"vm(ID, ginv)_Nr_503425",-1.14127839857889,0.892736673799143,-1.27840429554894
"vm(ID, ginv)_Nr_502077",-0.717548245895903,0.888559540697513,-0.807540984065776
"vm(ID, ginv)_Nr_502365",-0.170665231653787,0.883427868248006,-0.193185247814568
"vm(ID, ginv)_Nr_503842",0.301280588525288,0.877251670174481,0.343436893617273
"vm(ID, ginv)_Nr_503680",-0.845335855602986,0.888537274907382,-0.951379170548698
"vm(ID, ginv)_Nr_503733",-0.865292070098494,0.878212325599895,-0.985288004819819
"vm(ID, ginv)_Nr_502998",-0.940515850420842,0.878858218012358,-1.0701565180194
"vm(ID, ginv)_Nr_501220",-0.630737404724693,0.890097304476425,-0.708616239542155
"vm(ID, ginv)_Nr_503151",-0.423234402722505,0.894776969930359,-0.473005471693628
"vm(ID, ginv)_Nr_504484",-0.142959307454695,0.879016641269898,-0.16263549601082
"vm(ID, ginv)_Nr_503724",0.0878616196437452,0.877996210134519,0.100070613778941
"vm(ID, ginv)_Nr_503341",-0.218082522952676,0.890859196726464,-0.244800215066576
"vm(ID, ginv)_Nr_504465",-0.322899793451021,0.882403489202286,-0.36593213581117
"vm(ID, ginv)_Nr_502140",-0.0667697249337068,0.884013974211752,-0.0755301690714147
"vm(ID, ginv)_Nr_504187",-0.892637289736099,0.882345057977267,-1.01166463354192
"vm(ID, ginv)_Nr_502748",-0.35353055062336,0.872513118918708,-0.405186515775814
"vm(ID, ginv)_Nr_501499",-0.932410091450974,0.896432117070452,-1.04013463339321
"vm(ID, ginv)_Nr_502448",-0.149309631043787,0.879325030142675,-0.169800273989199
"vm(ID, ginv)_Nr_504656",0.509903532693633,0.881372832711969,0.57853329915408
"vm(ID, ginv)_Nr_502833",0.0612919196270082,0.885372787586838,0.0692272458407771
"vm(ID, ginv)_Nr_501282",-0.306243848910762,0.884158895629265,-0.346367435112221
"vm(ID, ginv)_Nr_504622",-0.618378081842856,0.887622043888122,-0.696668234076438
"vm(ID, ginv)_Nr_504786",-0.11128594023169,0.887584039237131,-0.125380736146786
"vm(ID, ginv)_Nr_504677",-0.252120727319479,0.889772218375799,-0.28335423618834
"vm(ID, ginv)_Nr_500670",-0.100456980213298,0.883694157678146,-0.113678447843587
"vm(ID, ginv)_Nr_504711",0.276994545996477,0.888331544051479,0.311814375895252
"vm(ID, ginv)_Nr_504763",-0.796137963516155,0.882921816702611,-0.901708337539374
"vm(ID, ginv)_Nr_501298",-0.7112335390608,0.889268704083291,-0.79979598494246
"vm(ID, ginv)_Nr_503141",0.106900313528886,0.884345315345938,0.120880737053567
"vm(ID, ginv)_Nr_500445",-0.231225133650684,0.884645609455422,-0.261376003203162
"vm(ID, ginv)_Nr_500494",-0.569153932644633,0.877775724428348,-0.648404731191781
"vm(ID, ginv)_Nr_502615",-0.256423351882596,0.886756558140811,-0.289169952596931
"vm(ID, ginv)_Nr_500529",0.0195684473566454,0.893556639324896,0.0218995041785262
"vm(ID, ginv)_Nr_504261",-0.674264355545214,0.889698058324055,-0.757857510462978
"vm(ID, ginv)_Nr_503722",1.29712571086547,0.758386916931575,1.71037458836134
"vm(ID, ginv)_Nr_500542",-0.276290039456675,0.89017089314231,-0.310378649296619
"vm(ID, ginv)_Nr_504637",-0.580897565620462,0.888459352143507,-0.653825708760881
"vm(ID, ginv)_Nr_501919",-0.0575681009654009,0.888557024223965,-0.064788302152784
"vm(ID, ginv)_Nr_503870",-0.399130733888197,0.876023740023303,-0.4556163442301
"vm(ID, ginv)_Nr_503615",0.180614890750892,0.889328450230327,0.203091322114022
"vm(ID, ginv)_Nr_500393",0.139940987941629,0.887638612653279,0.157655363282728
"vm(ID, ginv)_Nr_500323",0.0433297848268162,0.885835582923329,0.0489140261038334
"vm(ID, ginv)_Nr_500213",-0.82269180602823,0.887823200074026,-0.926639229476809
"vm(ID, ginv)_Nr_501116",-0.559260782622137,0.887074511786987,-0.630455249464356
"vm(ID, ginv)_Nr_500938",-0.420475740207411,0.896507652788278,-0.469015226919331
"vm(ID, ginv)_Nr_502295",-0.397770884655891,0.886408297668764,-0.448744540977358
"vm(ID, ginv)_Nr_503204",-0.446615480288685,0.886351434310034,-0.503880811832099
"vm(ID, ginv)_Nr_504033",-0.619487071789366,0.883351877741994,-0.701291396326554
"vm(ID, ginv)_Nr_501193",-0.0554287267511995,0.86702599326967,-0.063929717426545
"vm(ID, ginv)_Nr_501889",-0.331068799939995,0.884109284419667,-0.37446592381089
"vm(ID, ginv)_Nr_501388",-0.190787950047364,0.888883794089179,-0.214637674031238
"vm(ID, ginv)_Nr_504963",-0.85428837055746,0.898787132960962,-0.950490209782038
"vm(ID, ginv)_Nr_502189",-0.796176598502274,0.885789261866219,-0.898832976169585
"vm(ID, ginv)_Nr_501496",0.192699262844231,0.883955501373266,0.21799656492308
"vm(ID, ginv)_Nr_504468",0.00226685093665841,0.887583613132711,0.00255395762508233
"vm(ID, ginv)_Nr_504062",-0.848389753399088,0.882291054557018,-0.961575830353452
"vm(ID, ginv)_Nr_504591",-0.0807552619439019,0.886894055672832,-0.0910540119503201
"vm(ID, ginv)_Nr_502519",-0.285643235441452,0.888690210926214,-0.321420481433849
"vm(ID, ginv)_Nr_502972",0.0573515685596727,0.880767085185391,0.0651154766388675
"vm(ID, ginv)_Nr_500070",-0.396949658569638,0.889487365003137,-0.446267900127213
"vm(ID, ginv)_Nr_502537",-0.56086008803415,0.888160014446901,-0.631485406808619
"vm(ID, ginv)_Nr_500185",-0.0320836387285442,0.884626604378492,-0.0362680011767056
"vm(ID, ginv)_Nr_501684",-0.484510577405269,0.893078857130454,-0.542517128848003
"vm(ID, ginv)_Nr_500912",-0.420103482543828,0.888271021666723,-0.47294516233971
"vm(ID, ginv)_Nr_502780",0.511539037912639,0.886898565815992,0.576772877563509
"vm(ID, ginv)_Nr_501531",0.521031378704048,0.759263952184485,0.686232208450019
"vm(ID, ginv)_Nr_501954",-0.736264943939566,0.888844989975613,-0.82833897051022
"vm(ID, ginv)_Nr_504293",-0.14845049372015,0.880182977082819,-0.168658673918186
"vm(ID, ginv)_Nr_502711",0.0460102398998581,0.896314019186342,0.0513327237050531
"vm(ID, ginv)_Nr_503381",-0.740025836441556,0.891380423368478,-0.830202029392836
"vm(ID, ginv)_Nr_501834",-0.709226743097438,0.891713958586371,-0.795352294610001
"vm(ID, ginv)_Nr_501677",-0.498236443176771,0.886886169193328,-0.561781726317759
"vm(ID, ginv)_Nr_501905",-0.773184810050534,0.879124857484224,-0.879493741381792
"vm(ID, ginv)_Nr_503867",-0.665554991183198,0.879124545597259,-0.757065645040127
"vm(ID, ginv)_Nr_503888",0.335666942021387,0.891423731673095,0.376551498568902
"vm(ID, ginv)_Nr_503053",-0.3738317261913,0.86897833292401,-0.430196832334588
"vm(ID, ginv)_Nr_500143",-0.502880168968002,0.887155749861491,-0.566845414738636
"vm(ID, ginv)_Nr_501294",-0.941528176570704,0.874440820359266,-1.07672029329998
"vm(ID, ginv)_Nr_504721",-0.507382116355718,0.889909301113765,-0.570150368942885
"vm(ID, ginv)_Nr_500664",-0.914552584593931,0.88670288433491,-1.03140815345369
"vm(ID, ginv)_Nr_500127",0.0997532131941051,0.873116069625858,0.114249658967851
"vm(ID, ginv)_Nr_503850",-0.0286796214925974,0.889057560746523,-0.0322584529493408
"vm(ID, ginv)_Nr_501335",-0.865737000239869,0.872657119311871,-0.992070059455358
"vm(ID, ginv)_Nr_503810",-0.427618249885019,0.8910734800516,-0.47989111948462
"vm(ID, ginv)_Nr_502973",0.426955292750472,0.740083166057266,0.576901775816686
"vm(ID, ginv)_Nr_502031",-0.290905358053824,0.886054667333627,-0.328315361093052
"vm(ID, ginv)_Nr_500436",0.456540823399023,0.883356991974229,0.516824825689886
"vm(ID, ginv)_Nr_502779",-1.00508438260314,0.888803489158501,-1.13082857444082
"vm(ID, ginv)_Nr_504322",-0.434484893909168,0.891693029443567,-0.487258372065882
"vm(ID, ginv)_Nr_504195",-0.394367751766761,0.8730509057612,-0.451712207345937
"vm(ID, ginv)_Nr_502890",-0.397655622473728,0.89693958384597,-0.443347165891183
"vm(ID, ginv)_Nr_501152",-0.404355681420829,0.89538181267484,-0.451601401432164
"vm(ID, ginv)_Nr_501639",-0.0291247369066997,0.88433202391511,-0.0329341651315066
"vm(ID, ginv)_Nr_503202",-0.452438069759594,0.875145062948059,-0.516986370505808
"vm(ID, ginv)_Nr_503242",-0.603176906547121,0.891410570745318,-0.676654424282628
"vm(ID, ginv)_Nr_502645",-0.5171696080983,0.884502054661772,-0.584701420841879
"vm(ID, ginv)_Nr_501716",-0.403825438493322,0.888772227044437,-0.454363251016767
"vm(ID, ginv)_Nr_502946",-0.690092206004418,0.901909434236804,-0.765145789375597
"vm(ID, ginv)_Nr_503754",-0.24919836540367,0.887300754430037,-0.280849941983588
"vm(ID, ginv)_Nr_500100",0.0226373652372228,0.887528132122181,0.025506081912124
"vm(ID, ginv)_Nr_500636",-0.00235928226910144,0.882997495520349,-0.00267190142788697
"vm(ID, ginv)_Nr_503371",-0.386952613927248,0.891569141138728,-0.434013018253442
"vm(ID, ginv)_Nr_504950",-0.657143843432485,0.885656206393411,-0.741985251939373
"vm(ID, ginv)_Nr_504874",-0.798022468704066,0.892685093933513,-0.893957425890997
"vm(ID, ginv)_Nr_502447",-0.0529909993354218,0.885155561378431,-0.0598663123721441
"vm(ID, ginv)_Nr_501380",-0.0457841580114409,0.883438335017524,-0.0518249618526376
"vm(ID, ginv)_Nr_504323",-0.612038711650871,0.890626465069836,-0.687200230012118
"vm(ID, ginv)_Nr_500689",-0.291656229261613,0.878979684389699,-0.331812252821427
"vm(ID, ginv)_Nr_502047",-0.249030091777585,0.883294949542548,-0.281933109553673
"vm(ID, ginv)_Nr_502015",-0.694331101372806,0.880636959816706,-0.788441926758698
"vm(ID, ginv)_Nr_503061",-0.0734345179505676,0.888537503870863,-0.082646503530413
"vm(ID, ginv)_Nr_504131",0.00380167366345656,0.884841233096476,0.00429644722833803
"vm(ID, ginv)_Nr_504370",-0.720846084991463,0.888874498997452,-0.810964974025573
"vm(ID, ginv)_Nr_500318",-0.54158219893806,0.888145357680547,-0.609790046476671
"vm(ID, ginv)_Nr_504014",-0.166319383752691,0.883968750008945,-0.188150750522581
"vm(ID, ginv)_Nr_504403",-0.689782468200267,0.882493278509634,-0.781629146643679
"vm(ID, ginv)_Nr_502168",-0.639490054084057,0.87186848441775,-0.733470776284706
"vm(ID, ginv)_Nr_501577",-0.137775362469132,0.883960348938681,-0.155861473463771
"vm(ID, ginv)_Nr_502428",0.152520206536577,0.89158902711127,0.17106559401111
"vm(ID, ginv)_Nr_500553",-0.411143138857601,0.890029681273903,-0.461943177298458
"vm(ID, ginv)_Nr_503487",-0.764623044891342,0.892961305916853,-0.856277914647445
"vm(ID, ginv)_Nr_503416",-0.776253806431773,0.877856001217281,-0.884260978287303
"vm(ID, ginv)_Nr_501920",-0.401588020220954,0.892874084256605,-0.449770048545323
"vm(ID, ginv)_Nr_502551",-0.245742734145339,0.889489404814235,-0.276273930656499
"vm(ID, ginv)_Nr_502351",-0.122933012377583,0.878042082790978,-0.140008109846881
"vm(ID, ginv)_Nr_500731",0.430082795730421,0.88684539260139,0.48495803137552
"vm(ID, ginv)_Nr_502223",0.358869248770029,0.868896315744013,0.413017344264762
"vm(ID, ginv)_Nr_501117",-0.75860942556622,0.887681512809104,-0.854596400420203
"vm(ID, ginv)_Nr_502508",0.219781256458624,0.886718952274849,0.247858981580108
"vm(ID, ginv)_Nr_502089",-1.32988426355072,0.897986484483593,-1.48096244935746
"vm(ID, ginv)_Nr_502526",-0.348020436302062,0.89110727073429,-0.390548307405556
"vm(ID, ginv)_Nr_503507",0.0677232077552172,0.879293398282381,0.0770200343679463
"vm(ID, ginv)_Nr_500569",-0.483464887403057,0.885183110821893,-0.546175002089862
"vm(ID, ginv)_Nr_501967",0.436320668913785,0.894795798489335,0.487620381823894
"vm(ID, ginv)_Nr_502153",-0.530396185138609,0.875451009952728,-0.605854786971174
"vm(ID, ginv)_Nr_503795",0.273493316962794,0.883093196301795,0.309699268557527
"vm(ID, ginv)_Nr_500493",-0.564167349817555,0.875564230025993,-0.644347188327699
"vm(ID, ginv)_Nr_504431",-0.504197876389792,0.889384254781069,-0.566906681425235
"vm(ID, ginv)_Nr_504435",-0.169114014771015,0.884160928636323,-0.191270626527058
"vm(ID, ginv)_Nr_503478",0.0178889064917889,0.892939383919244,0.0200337299641458
"vm(ID, ginv)_Nr_501673",-0.459192667110911,0.891015133916819,-0.515358998552969
"vm(ID, ginv)_Nr_504916",-0.903159123192531,0.886033172741918,-1.01932879149165
"vm(ID, ginv)_Nr_500228",-0.568948032512882,0.886898865898397,-0.641502717377541
"vm(ID, ginv)_Nr_503476",-0.0646401317226109,0.881351572941577,-0.073342050672094
"vm(ID, ginv)_Nr_503532",-0.391264048540828,0.886948871697936,-0.441134839928044
"vm(ID, ginv)_Nr_502527",-0.371526895420079,0.888874582810183,-0.417974484370442
"vm(ID, ginv)_Nr_504965",-0.0402473267741432,0.881093998350177,-0.0456788116245317
"vm(ID, ginv)_Nr_503253",-0.6795171880171,0.895411094206963,-0.75888850653445
"vm(ID, ginv)_Nr_501360",-0.354673599183352,0.865516803367538,-0.409782453446766
"vm(ID, ginv)_Nr_502370",0.29247929278607,0.889648317378098,0.328758327389458
"vm(ID, ginv)_Nr_501361",0.177947251443963,0.88893786910933,0.200179627426894
"vm(ID, ginv)_Nr_503241",-0.576605989825423,0.871600957028052,-0.661548137569181
"vm(ID, ginv)_Nr_501046",-0.303588066019705,0.886013042051019,-0.342645143593974
"vm(ID, ginv)_Nr_500930",-0.457447750559118,0.887911930887527,-0.515194958695812
"vm(ID, ginv)_Nr_504566",-0.550841478041355,0.891291655769199,-0.618026068656471
"vm(ID, ginv)_Nr_501603",-0.428378175736604,0.886166322371312,-0.483406066019636
"vm(ID, ginv)_Nr_502678",-0.852675584142427,0.887737344235219,-0.960504353770318
"vm(ID, ginv)_Nr_500958",-0.0674237087401461,0.897614352053728,-0.0751143390097113
"vm(ID, ginv)_Nr_504034",-0.481931085498996,0.878438829941881,-0.548622247869987
"vm(ID, ginv)_Nr_504956",-1.27543952796055,0.878382349924908,-1.45203228192095
"vm(ID, ginv)_Nr_500920",-0.238688682455434,0.883091764104237,-0.270287519550754
"vm(ID, ginv)_Nr_504391",0.367928148943493,0.887008788130539,0.41479650919687
"vm(ID, ginv)_Nr_502893",-0.547427239258572,0.889902133334908,-0.615154429630468
"vm(ID, ginv)_Nr_500898",-0.367717602008709,0.887292775389403,-0.414426457881763
"vm(ID, ginv)_Nr_504086",-0.356362983021337,0.891644916439389,-0.399669169252266
"vm(ID, ginv)_Nr_500227",-0.333289352993266,0.883158848460928,-0.377383246031092
"vm(ID, ginv)_Nr_501475",-0.453362115472544,0.876294108666341,-0.517362961805746
"vm(ID, ginv)_Nr_501354",-0.404878755773552,0.889894260883746,-0.454974004857016
"vm(ID, ginv)_Nr_500407",-0.601269071893322,0.890024695763682,-0.675564481250046
"vm(ID, ginv)_Nr_503361",-0.27629847098198,0.884091517455039,-0.312522477059092
"vm(ID, ginv)_Nr_501629",-0.217700099237017,0.890783857623147,-0.244391607878818
"vm(ID, ginv)_Nr_501314",-0.660803495250563,0.889097768037621,-0.743229281419815
"vm(ID, ginv)_Nr_502296",-0.679545193710974,0.887602567187077,-0.7655962463747
"vm(ID, ginv)_Nr_503973",-1.13625916373223,0.870399135351388,-1.30544610809328
"vm(ID, ginv)_Nr_500923",-0.856259813426677,0.868488491284358,-0.98591958560142
"vm(ID, ginv)_Nr_500035",-0.210294253533958,0.878611520599456,-0.239348390731867
"vm(ID, ginv)_Nr_503400",-0.29367615749868,0.885820537541035,-0.331530084314709
"vm(ID, ginv)_Nr_500736",-0.696075009125433,0.887013039190964,-0.784740447288483
"vm(ID, ginv)_Nr_503370",-1.02877871790559,0.895186153778925,-1.14923439506154
"vm(ID, ginv)_Nr_501572",-0.442997480312292,0.88251183516935,-0.501973415718876
"vm(ID, ginv)_Nr_503858",0.166724123835376,0.882585886040019,0.188904135532274
"vm(ID, ginv)_Nr_503123",-0.126561487664236,0.892999393815312,-0.141726286199933
"vm(ID, ginv)_Nr_501203",-0.166732130273083,0.888247267438227,-0.187709139543937
"vm(ID, ginv)_Nr_502546",-0.683379341024073,0.894621092992326,-0.763875730604907
"vm(ID, ginv)_Nr_500280",-0.081555595625411,0.894074993925079,-0.0912178465783656
"vm(ID, ginv)_Nr_503963",0.424494135113779,0.877242466956454,0.483896016327776
"vm(ID, ginv)_Nr_500770",-0.694354167617744,0.888150991302056,-0.781797435816404
"vm(ID, ginv)_Nr_504413",-0.198384708531706,0.891997205285452,-0.222405078576698
"vm(ID, ginv)_Nr_500438",-1.06257200183786,0.887194583510217,-1.19767638530181
"vm(ID, ginv)_Nr_500845",-0.398556145071613,0.888367141969331,-0.448638998723089
"vm(ID, ginv)_Nr_504709",-0.56926104539554,0.889438435633677,-0.640022988201507
"vm(ID, ginv)_Nr_502422",-0.500344506555373,0.894164164343354,-0.559566717732207
"vm(ID, ginv)_Nr_504454",-0.292809133997889,0.881981223248589,-0.331990212806787
"vm(ID, ginv)_Nr_500338",-0.23420115856076,0.878564359327086,-0.266572569299465
"vm(ID, ginv)_Nr_502975",0.472073303303652,0.886766445558872,0.532353592840485
"vm(ID, ginv)_Nr_503331",0.491462851213029,0.742553687653019,0.66185497343147
"vm(ID, ginv)_Nr_501778",-0.065733572888366,0.881795358072733,-0.0745451564091179
"vm(ID, ginv)_Nr_504910",-0.832271028994366,0.88468518618654,-0.940753888489863
"vm(ID, ginv)_Nr_501169",-0.207204645060753,0.884792998413762,-0.23418431817637
"vm(ID, ginv)_Nr_503721",-0.864391497213374,0.894341212944833,-0.966511980776507
"vm(ID, ginv)_Nr_504213",-0.414320429194084,0.866902449094942,-0.477932009105107
"vm(ID, ginv)_Nr_501502",-0.436500573136375,0.904346339703976,-0.482669696301593
"vm(ID, ginv)_Nr_504146",-0.311535566330381,0.906353637539484,-0.3437240757108
"vm(ID, ginv)_Nr_503342",-0.098876343491531,0.884011622467046,-0.11184959674579
"vm(ID, ginv)_Nr_502382",-0.692759162556368,0.871574486669207,-0.794836440432996
"vm(ID, ginv)_Nr_502353",-0.369657511294507,0.890302556187708,-0.415204369262274
"vm(ID, ginv)_Nr_500498",-0.644456823628673,0.89235801770568,-0.722195364239143
"vm(ID, ginv)_Nr_500245",-0.478529407191423,0.887942801139846,-0.538919181029609
"vm(ID, ginv)_Nr_501264",-0.19346995474382,0.894039410766311,-0.2163998056618
"vm(ID, ginv)_Nr_500447",-1.07631973025053,0.885833210193938,-1.21503655300403
"vm(ID, ginv)_Nr_503691",-0.362795690326884,0.889905593220031,-0.407678851656776
"vm(ID, ginv)_Nr_502767",-0.261607770067515,0.896369795438524,-0.291852504846542
"vm(ID, ginv)_Nr_504310",-0.188061060874131,0.88883602427743,-0.211581276790636
"vm(ID, ginv)_Nr_504232",-0.0815007419153892,0.88532103174993,-0.0920578400292767
"vm(ID, ginv)_Nr_503735",-0.3152509460403,0.893744642068682,-0.352730445813485
"vm(ID, ginv)_Nr_504697",-0.750477388301039,0.88507179459701,-0.847928261732423
"vm(ID, ginv)_Nr_502054",-1.01801156644217,0.883010399870969,-1.1528874026749
"vm(ID, ginv)_Nr_504082",-0.200648058291005,0.87873947913698,-0.228336228261945
"vm(ID, ginv)_Nr_502553",-0.156806076437185,0.891352507901946,-0.175919263195067
"vm(ID, ginv)_Nr_504442",-0.337320532399038,0.883585107941793,-0.381763487599724
"vm(ID, ginv)_Nr_501551",-0.25766769738251,0.912203889043256,-0.282467220845505
"vm(ID, ginv)_Nr_500837",-0.423679979986811,0.893305043155738,-0.474283653980164
"vm(ID, ginv)_Nr_504609",-0.548684178071148,0.886887173576644,-0.618662885672831
"vm(ID, ginv)_Nr_504375",-0.710477693131056,0.86929971960426,-0.817298886803384
"vm(ID, ginv)_Nr_500910",-0.636656048862675,0.885698458606872,-0.718818061244095
"vm(ID, ginv)_Nr_501730",-0.107068820302647,0.884414202571961,-0.121061850874037
"vm(ID, ginv)_Nr_504556",-0.560496730664295,0.892456763343858,-0.628037966303515
"vm(ID, ginv)_Nr_501171",0.176445659383223,0.881324963811164,0.200204994330591
"vm(ID, ginv)_Nr_501126",-0.193151236511593,0.884462980885199,-0.218382499534668
"vm(ID, ginv)_Nr_502339",-0.34361842006581,0.886342081425092,-0.38768149145455
"vm(ID, ginv)_Nr_502705",-0.49250513494691,0.878695131146337,-0.56049603268473
"vm(ID, ginv)_Nr_501743",-0.251424348136772,0.879371552365797,-0.285913670348283
"vm(ID, ginv)_Nr_501659",0.119620776429798,0.884153510566249,0.135294125963701
"vm(ID, ginv)_Nr_503607",-0.616968090877809,0.890140927527062,-0.693112822698574
"vm(ID, ginv)_Nr_504241",-0.626983798441081,0.878533276430132,-0.713671087097341
"vm(ID, ginv)_Nr_504063",-0.0985505110204529,0.889446366181067,-0.110799835456735
"vm(ID, ginv)_Nr_501186",-0.344949593115203,0.883607764320138,-0.390387689022417
"vm(ID, ginv)_Nr_504772",-0.797043618508929,0.888276741256204,-0.897292005396592
"vm(ID, ginv)_Nr_504024",-0.450800687156919,0.881061665385963,-0.511656226649514
"vm(ID, ginv)_Nr_500433",-0.965131030944481,0.893110566829662,-1.08064003135746
"vm(ID, ginv)_Nr_504943",-0.511603674954504,0.899812650451653,-0.568566884114942
"vm(ID, ginv)_Nr_504863",-0.676615456867683,0.873372914854824,-0.774715411205708
"vm(ID, ginv)_Nr_500720",-0.945784795353288,0.889945254343354,-1.06274491687821
"vm(ID, ginv)_Nr_503235",-0.270199305550494,0.89454012233666,-0.302053869696417
"vm(ID, ginv)_Nr_500197",-0.186492531264162,0.888566007068816,-0.209880335034827
"vm(ID, ginv)_Nr_502136",-1.13571800464512,0.886721300577402,-1.28080604797198
"vm(ID, ginv)_Nr_502045",0.261207119256201,0.883489759626326,0.295653816481902
"vm(ID, ginv)_Nr_504846",-0.449785981618348,0.883933668548292,-0.508845853057101
"vm(ID, ginv)_Nr_500237",-0.823370890986207,0.877069999303935,-0.938774432644663
"vm(ID, ginv)_Nr_502506",-0.335584972519709,0.888903454861222,-0.377526907657369
"vm(ID, ginv)_Nr_504849",-0.625065079369059,0.874326308756068,-0.714910523804733
"vm(ID, ginv)_Nr_504393",-1.17353272407292,0.887279601654955,-1.32261884741185
"vm(ID, ginv)_Nr_504358",-0.319447143977342,0.882023832351622,-0.362175184230161
"vm(ID, ginv)_Nr_502004",-0.360999250442629,0.890240661780442,-0.405507483471544
"vm(ID, ginv)_Nr_500982",0.363316712621708,0.895945994572558,0.405511844265838
"vm(ID, ginv)_Nr_503412",0.0704799174276438,0.87583692715252,0.0804715070153354
"vm(ID, ginv)_Nr_501693",-0.767925455881442,0.889089236257002,-0.863721463004489
"vm(ID, ginv)_Nr_503912",-0.325234843859811,0.874224174352437,-0.372026824928196
"vm(ID, ginv)_Nr_501900",0.0268332949789858,0.875562111545966,0.0306469348377886
"vm(ID, ginv)_Nr_501653",0.112494957112191,0.880721043286812,0.127730520315905
"vm(ID, ginv)_Nr_503813",-0.282363368255635,0.890159763942183,-0.317205269990134
"vm(ID, ginv)_Nr_500451",-0.139547985451891,0.886139525660117,-0.15747857014722
"vm(ID, ginv)_Nr_503512",-0.59097041692932,0.877926909275906,-0.673143072259557
"vm(ID, ginv)_Nr_504995",0.0239612777640424,0.88851204429123,0.0269678705179022
"vm(ID, ginv)_Nr_504864",-0.214257336346694,0.881308063866297,-0.243112874068969
"vm(ID, ginv)_Nr_502836",-0.0391815279052304,0.883859644750048,-0.044330033776246
"vm(ID, ginv)_Nr_504097",-0.580634875144693,0.881339130530503,-0.658809821362626
"vm(ID, ginv)_Nr_503667",-0.292298484099202,0.878025498022711,-0.332904323117552
"vm(ID, ginv)_Nr_500489",-0.24840755129203,0.880065790588369,-0.282260205939782
"vm(ID, ginv)_Nr_503103",-0.639339756762782,0.888069079731839,-0.719921199098426
"vm(ID, ginv)_Nr_500057",-0.606269167923976,0.88585783740453,-0.684386526059622
"vm(ID, ginv)_Nr_500405",-0.47264364979712,0.898755584849391,-0.525886745812348
"vm(ID, ginv)_Nr_504628",-0.737107269393537,0.886886769127439,-0.831117674828702
"vm(ID, ginv)_Nr_504313",-0.657366914188356,0.885336740011911,-0.742504952612169
"vm(ID, ginv)_Nr_500002",-0.058475137638785,0.883709852540403,-0.0661700641570153
"vm(ID, ginv)_Nr_501786",-0.517577368417182,0.886229249848679,-0.584021988109235
"vm(ID, ginv)_Nr_500362",-0.091128847376846,0.877993879952882,-0.103792121400364
"vm(ID, ginv)_Nr_501183",-0.657971915641819,0.884577374839761,-0.74382629983161
"vm(ID, ginv)_Nr_503666",0.0672242287982999,0.88970873052216,0.0755575690022135
"vm(ID, ginv)_Nr_501141",-0.782347923849212,0.889484930792074,-0.879551633497087
"vm(ID, ginv)_Nr_502979",-0.413119597364255,0.890868874305359,-0.463726603633311
"vm(ID, ginv)_Nr_500827",0.519969190407904,0.890123287108879,0.584154125544523
"vm(ID, ginv)_Nr_504964",1.44386127810936,0.712632732902462,2.02609452449468
"vm(ID, ginv)_Nr_504939",-0.566597818058854,0.884011256254347,-0.640939596696531
"vm(ID, ginv)_Nr_503591",0.0845765651524312,0.884918992201292,0.0955754887145565
"vm(ID, ginv)_Nr_500168",-0.263467130742221,0.894173573636121,-0.294648755577558
"vm(ID, ginv)_Nr_503440",-0.914868164278308,0.888798908203176,-1.02933088219903
"vm(ID, ginv)_Nr_500866",-0.649019199122067,0.897690429689674,-0.722987766892456
"vm(ID, ginv)_Nr_503956",-0.152280809369083,0.89479236396671,-0.170185638033394
"vm(ID, ginv)_Nr_504165",-0.514027831123837,0.87304199447494,-0.588777898860387
"vm(ID, ginv)_Nr_501943",-0.346158582961494,0.877947466809915,-0.394281658126182
"vm(ID, ginv)_Nr_504882",0.336064060145114,0.872196514102324,0.385307731355697
"vm(ID, ginv)_Nr_500254",0.0180727260461331,0.893035437484416,0.0202374119632273
"vm(ID, ginv)_Nr_501241",-0.225445928315554,0.884610131455618,-0.25485343237544
"vm(ID, ginv)_Nr_502922",-0.428758939578878,0.90519834699049,-0.473662972324653
"vm(ID, ginv)_Nr_503450",-0.502787403395425,0.886313535995883,-0.567279391519708
"vm(ID, ginv)_Nr_502571",-0.238427727203759,0.883412128334644,-0.269894106676155
"vm(ID, ginv)_Nr_500090",-0.803874827924293,0.876163417158366,-0.91749417081516
"vm(ID, ginv)_Nr_501914",-0.600601688119024,0.885901861794437,-0.67795510317867
"vm(ID, ginv)_Nr_500639",-0.91834118113639,0.887714235554986,-1.03450090620914
"vm(ID, ginv)_Nr_503219",0.248523029339654,0.893886578818626,0.278025238580162
"vm(ID, ginv)_Nr_501373",0.299542580999985,0.882992608735994,0.339235660679857
"vm(ID, ginv)_Nr_504966",0.0894345481136007,0.884510991115668,0.101111856169015
"vm(ID, ginv)_Nr_503387",0.0388065426981544,0.883509407391385,0.0439231799610748
"vm(ID, ginv)_Nr_501050",0.294668098940343,0.88386391314718,0.333386276503944
"vm(ID, ginv)_Nr_503690",-0.99304860955032,0.880142190445329,-1.12828202116736
"vm(ID, ginv)_Nr_503569",-0.772333275483103,0.874948552217226,-0.882718502163261
"vm(ID, ginv)_Nr_503346",-0.0675039379358832,0.866490746794566,-0.0779049726562026
"vm(ID, ginv)_Nr_500442",-0.339925897491274,0.876780312460055,-0.387697913217869
"vm(ID, ginv)_Nr_504087",-0.723378880209379,0.888884706131779,-0.813805069678111
"vm(ID, ginv)_Nr_502770",-0.115340994998969,0.887692471270375,-0.129933505951566
"vm(ID, ginv)_Nr_503055",-0.60495158442592,0.878372856114233,-0.688718441394147
"vm(ID, ginv)_Nr_500987",-0.322555800074328,0.881410297239324,-0.365954199859713
"vm(ID, ginv)_Nr_503329",-0.324154905637185,0.888365306692065,-0.364889199516598
"vm(ID, ginv)_Nr_501759",-0.549110004024274,0.88629481796799,-0.619556825665775
"vm(ID, ginv)_Nr_502787",0.18861193789682,0.881813811535067,0.213890886522273
"vm(ID, ginv)_Nr_504163",-0.401016573699719,0.881144083937852,-0.455108966864497
"vm(ID, ginv)_Nr_502834",-0.694982903109111,0.894339803275491,-0.777090430912007
"vm(ID, ginv)_Nr_502725",0.142734480219021,0.892708827920699,0.159889177472882
"vm(ID, ginv)_Nr_503542",-0.0492608169959073,0.891250669467379,-0.055271562404936
"vm(ID, ginv)_Nr_503274",0.451431904612089,0.877523309658067,0.514438647547713
"vm(ID, ginv)_Nr_503886",0.353387997619982,0.890175610323054,0.396986834419934
"vm(ID, ginv)_Nr_501516",-0.176314702400286,0.888217633877881,-0.198503942812429
"vm(ID, ginv)_Nr_503142",0.00918097697592939,0.890337204881996,0.0103117975140062
"vm(ID, ginv)_Nr_502178",0.189808479662791,0.864775817921776,0.219488653277722
"vm(ID, ginv)_Nr_501349",-0.390057347180958,0.888604975971161,-0.438954718607852
"vm(ID, ginv)_Nr_503212",-0.471044072229113,0.889202466280579,-0.529737703269573
"vm(ID, ginv)_Nr_501726",-0.326678014289634,0.885307465022421,-0.36899950265455
"vm(ID, ginv)_Nr_502119",-0.292286213896418,0.877804276671257,-0.332974242281894
"vm(ID, ginv)_Nr_504810",0.358703259413407,0.878674057066743,0.408232445841019
"vm(ID, ginv)_Nr_502413",-0.580601681288476,0.871737309040981,-0.666028257901694
"vm(ID, ginv)_Nr_504537",-0.499939236373755,0.892934866150592,-0.559883206855807
"vm(ID, ginv)_Nr_503358",-0.219886359153338,0.893168440824304,-0.246186888276533
"vm(ID, ginv)_Nr_504850",0.162587765786599,0.874361601627366,0.185950258433112
"vm(ID, ginv)_Nr_504134",-0.159023051066048,0.880990270839824,-0.180504889020461
"vm(ID, ginv)_Nr_501734",-0.514977972076195,0.88748818881275,-0.580264592326704
"vm(ID, ginv)_Nr_500259",0.719851350713584,0.747192517774667,0.963408135907849
"vm(ID, ginv)_Nr_500610",-0.088377235812108,0.882288686561759,-0.100168161689243
"vm(ID, ginv)_Nr_500942",-0.413450623848982,0.876549675273865,-0.471679626964446
"vm(ID, ginv)_Nr_500258",-0.500770506324598,0.888451098136279,-0.563644422720704
"vm(ID, ginv)_Nr_500590",-0.376956175878382,0.883043886574385,-0.426882719658157
"vm(ID, ginv)_Nr_500335",-0.355679530570806,0.899540720717231,-0.39540125575106
"vm(ID, ginv)_Nr_501381",0.69502369434739,0.889260659819823,0.781574768514118
"vm(ID, ginv)_Nr_502852",-0.254398367085426,0.891640242491412,-0.28531503510271
"vm(ID, ginv)_Nr_500782",-0.0647378708791034,0.888866998363458,-0.0728318983585799
"vm(ID, ginv)_Nr_501559",0.260399528658459,0.888036175262046,0.293230766845302
"vm(ID, ginv)_Nr_503790",-0.129885774692118,0.882596001373313,-0.147163339160858
"vm(ID, ginv)_Nr_501678",0.0200359139434054,0.889707387127297,0.022519666840238
"vm(ID, ginv)_Nr_501340",-0.53710939350617,0.885761545705135,-0.606381476042278
"vm(ID, ginv)_Nr_504516",-0.634702201659849,0.886056449822719,-0.71632253428869
"vm(ID, ginv)_Nr_501436",-0.443298959046855,0.896148260145393,-0.494671449760929
"vm(ID, ginv)_Nr_500113",-0.476874618392301,0.891780314676293,-0.53474449990007
"vm(ID, ginv)_Nr_503652",-0.435362653997712,0.885675343640002,-0.49156009267282
"vm(ID, ginv)_Nr_504013",-0.363049765527045,0.885466375998901,-0.410009657472861
"vm(ID, ginv)_Nr_500899",-0.481322455125038,0.892925078756387,-0.539040135142576
"vm(ID, ginv)_Nr_501633",-0.508645529679416,0.873196245975912,-0.582509982175814
"vm(ID, ginv)_Nr_503250",0.0258032671986931,0.879387368884867,0.0293423218386838
"vm(ID, ginv)_Nr_502812",-0.0215249828074137,0.890950429701591,-0.0241595739671209
"vm(ID, ginv)_Nr_504332",-0.286613561838763,0.883575711101073,-0.324379176835449
"vm(ID, ginv)_Nr_502297",0.0221304466650508,0.878134820589875,0.025201650300332
"vm(ID, ginv)_Nr_501625",-0.4412968901576,0.873580987072327,-0.505158533310734
"vm(ID, ginv)_Nr_502158",-0.769286638081767,0.862237458244373,-0.892198118657631
"vm(ID, ginv)_Nr_502867",-0.233759091123636,0.871583840647269,-0.268200350008828
"vm(ID, ginv)_Nr_503012",-0.610433745926867,0.884680239837183,-0.690004951437835
"vm(ID, ginv)_Nr_504840",0.0343866179828978,0.88328539626198,0.0389303594607363
"vm(ID, ginv)_Nr_503176",-0.393219559889695,0.892248887633005,-0.44070613630334
"vm(ID, ginv)_Nr_501013",-0.506792827846815,0.889968674402105,-0.569450186757737
"vm(ID, ginv)_Nr_502065",-0.825333156380619,0.889163738679938,-0.928212791949791
