"","solution","std.error","z.ratio"
"vm(ID, ginv)_Np1_500295",-0.281583206667449,0.736926611416343,-0.382104815194904
"vm(ID, ginv)_Np1_501049",0.83796969350343,0.780247623015166,1.07397916864547
"vm(ID, ginv)_Np1_504560",0.111281106849763,0.856319922173251,0.129952724406252
"vm(ID, ginv)_Np1_500315",0.174386626429308,0.762781803325581,0.228619279680003
"vm(ID, ginv)_Np1_501649",0.538282525396889,0.792694189573463,0.679054460695026
"vm(ID, ginv)_Np1_500457",0.636669133813562,0.767741513164693,0.829275378361605
"vm(ID, ginv)_Np1_501695",0.007846278348309,0.837872699072403,0.00936452322291382
"vm(ID, ginv)_Np1_502926",1.11216468453821,0.762777391768514,1.45804620920874
"vm(ID, ginv)_Np1_503172",0.349265690726998,0.778971302584141,0.448367853306472
"vm(ID, ginv)_Np1_501538",1.063303084132,0.758081051322579,1.40262453767565
"vm(ID, ginv)_Np1_500259",1.03418504462249,0.788961152903121,1.31081871498618
"vm(ID, ginv)_Np1_501804",0.213110408279767,0.760262465885597,0.280311626369091
"vm(ID, ginv)_Np1_504533",0.708077062419325,0.772728386757156,0.916333700889199
"vm(ID, ginv)_Np1_503363",1.05770732862625,0.815505506833617,1.29699593658544
"vm(ID, ginv)_Np1_500079",0.559645769292109,0.790696242593997,0.707788578147416
"vm(ID, ginv)_Np1_503464",0.320077924353074,0.720003916676237,0.444550254435635
"vm(ID, ginv)_Np1_504964",1.06408890184544,0.802478320701752,1.32600330051897
"vm(ID, ginv)_Np1_504658",0.11276731351974,0.806388398222256,0.139842430481817
"vm(ID, ginv)_Np1_502663",0.263966325880759,0.780158967666826,0.338349409313574
"vm(ID, ginv)_Np1_503445",-0.0979730815891319,0.771701209874924,-0.126957273534677
"vm(ID, ginv)_Np1_503246",0.10134378898571,0.763024719338457,0.132818487287772
"vm(ID, ginv)_Np1_504188",0.946478158797432,0.721031325072439,1.31267273124693
"vm(ID, ginv)_Np1_502095",0.445664290695265,0.762608705148021,0.584394444604146
"vm(ID, ginv)_Np1_501123",0.589068379312505,0.742359198363765,0.793508561099359
"vm(ID, ginv)_Np1_503793",0.516125144810327,0.783318287899285,0.65889581895819
"vm(ID, ginv)_Np1_500039",0.425581461369617,0.739657760428169,0.575376186309813
"vm(ID, ginv)_Np1_502930",0.47052910096793,0.760981217269201,0.618318941768938
"vm(ID, ginv)_Np1_502147",0.443792884892924,0.781480877093696,0.567887069154368
"vm(ID, ginv)_Np1_501470",0.989637418684193,0.720454551089188,1.37362921392897
"vm(ID, ginv)_Np1_504026",0.267110915636589,0.800483480344138,0.333686980675421
"vm(ID, ginv)_Np1_503443",0.518305362245513,0.759784461246538,0.682174206873298
"vm(ID, ginv)_Np1_500114",0.515896464051083,0.739084022685789,0.698021399754178
"vm(ID, ginv)_Np1_501573",0.0460896066065532,0.765531162195789,0.0602060489273271
"vm(ID, ginv)_Np1_502846",0.0203269468610026,0.836083521841623,0.024312100800921
"vm(ID, ginv)_Np1_504827",0.0429515882375418,0.756154786319068,0.05680264016661
"vm(ID, ginv)_Np1_502993",0.672092254294224,0.742200019209223,0.905540604822815
"vm(ID, ginv)_Np1_502421",0.671151762755531,0.71589428984575,0.937501209710921
"vm(ID, ginv)_Np1_504915",0.187526008597926,0.758556542407865,0.247214278849494
"vm(ID, ginv)_Np1_503102",0.0340009266020018,0.827241300672853,0.0411015825422963
"vm(ID, ginv)_Np1_502827",0.187632241336493,0.776766397908858,0.241555558841912
"vm(ID, ginv)_Np1_500098",0.35257050538688,0.767917490251297,0.459125504839723
"vm(ID, ginv)_Np1_504548",0.0654389990625608,0.738073028257315,0.0886619569571193
"vm(ID, ginv)_Np1_504973",0.644359079421469,0.821709740159507,0.784168725195332
"vm(ID, ginv)_Np1_503535",0.0441713093435764,0.847599518726591,0.0521134195662806
"vm(ID, ginv)_Np1_504215",0.620032488280149,0.771977134986984,0.803174679895931
"vm(ID, ginv)_Np1_502651",1.45568553295949,0.765805647725536,1.90085505021139
"vm(ID, ginv)_Np1_503722",0.259088039210446,0.792176340630676,0.327058542299026
"vm(ID, ginv)_Np1_503448",-0.0382915026990264,0.813726012466869,-0.0470569972108215
"vm(ID, ginv)_Np1_503222",0.166788070775056,0.742568884235334,0.224609560561923
"vm(ID, ginv)_Np1_502407",1.01803077456335,0.737390900299972,1.38058494368349
"vm(ID, ginv)_Np1_502173",1.06866180015138,0.720844071850127,1.4825145158072
"vm(ID, ginv)_Np1_501894",0.497248562900974,0.74983965197922,0.663139861420337
"vm(ID, ginv)_Np1_503180",0.432364814609857,0.775736065525951,0.557360723349524
"vm(ID, ginv)_Np1_503689",1.01580840635136,0.734582847186899,1.38283708943303
"vm(ID, ginv)_Np1_503873",0.403043477360548,0.777440946105567,0.518423269805267
"vm(ID, ginv)_Np1_501774",0.156219093410573,0.797122087823579,0.195978879266921
"vm(ID, ginv)_Np1_504397",0.222318507992117,0.759584541194327,0.292684350372055
"vm(ID, ginv)_Np1_503504",0.946976060272531,0.786896964535553,1.20343082125302
"vm(ID, ginv)_Np1_502917",1.54236260364598,0.724529120791692,2.12877931250112
"vm(ID, ginv)_Np1_500051",-0.178732691013497,0.791343329936224,-0.225859856590819
"vm(ID, ginv)_Np1_503911",0.413880873100763,0.805907840965791,0.513558563476406
"vm(ID, ginv)_Np1_503106",0.638406167214944,0.788749437352875,0.809390329782677
"vm(ID, ginv)_Np1_501873",0.0602373150479372,0.745858738316492,0.0807623641762264
"vm(ID, ginv)_Np1_500182",0.525562243108416,0.767403794924334,0.684857498209579
"vm(ID, ginv)_Np1_500570",0.450493076279136,0.752902883453148,0.598341547336058
"vm(ID, ginv)_Np1_504933",0.0170757889849145,0.730020849882303,0.0233908236835531
"vm(ID, ginv)_Np1_503223",-0.232586928959983,0.721639680871272,-0.322303408647331
"vm(ID, ginv)_Np1_503087",0.790971963770384,0.776402555534621,1.01876527599234
"vm(ID, ginv)_Np1_502973",-0.30273374927905,0.749084793925846,-0.404138158635507
"vm(ID, ginv)_Np1_503803",0.162495742960906,0.784955138908969,0.207012776789721
"vm(ID, ginv)_Np1_503331",1.1208742316205,0.708637949155393,1.58173046328726
"vm(ID, ginv)_Np1_503046",-0.373422277285393,0.733535674245001,-0.509071733518266
"vm(ID, ginv)_Np1_501531",0.529578715304632,0.781468209842062,0.677671476120138
"vm(ID, ginv)_Np1_503557",0.896549970061997,0.74468294809961,1.2039351409213
"vm(ID, ginv)_Np1_504360",0.22820100934731,0.79031362503555,0.288747406242737
"vm(ID, ginv)_Np1_500157",0.881610864043496,0.817607435033651,1.07828136862186
"vm(ID, ginv)_Np1_503328",0.508956764321182,0.736097703510738,0.691425556544693
"vm(ID, ginv)_Np1_503901",0.607457269727383,0.801784273379518,0.757631809323165
"vm(ID, ginv)_Np1_503643",0.281686527101675,0.737392321088179,0.382003607911169
"vm(ID, ginv)_Np1_503258",0.806149226144908,0.812218365993268,0.992527699320198
"vm(ID, ginv)_Np1_504630",1.02343897771888,0.793583933094982,1.28964175689326
"vm(ID, ginv)_Np1_501929",0.523853515315686,0.758732487445582,0.690432430380488
"vm(ID, ginv)_Np1_500080",1.24272277609698,0.731776645350629,1.69822688930108
"vm(ID, ginv)_Np1_500677",0.5677840520375,0.795912115626611,0.713375309773355
"vm(ID, ginv)_Np1_501933",1.12155118786785,0.749257975350588,1.49688254882181
"vm(ID, ginv)_Np1_503139",0.356904926912757,0.835618116818211,0.427114874282222
"vm(ID, ginv)_Np1_502854",1.01006136637023,0.728786075588716,1.38595041837798
"vm(ID, ginv)_Np1_500178",0.164063657158752,0.767942959367134,0.213640421020277
"vm(ID, ginv)_Np1_500336",1.18320210887492,0.777296609563792,1.52220155641604
"vm(ID, ginv)_Np1_504275",0.88793535380764,0.736697527812567,1.20529161600981
"vm(ID, ginv)_Np1_501184",-0.15762931812429,0.811748614843959,-0.194184893256135
"vm(ID, ginv)_Np1_500107",0.690282500121427,0.698218027834865,0.988634599226769
"vm(ID, ginv)_Np1_501158",1.00875996047012,0.729227502354252,1.38332681805529
"vm(ID, ginv)_Np1_501959",1.32840296616393,0.769734420780625,1.72579389761046
"vm(ID, ginv)_Np1_503983",1.09595741284149,0.751018077416671,1.45929564919572
"vm(ID, ginv)_Np1_503536",1.02922326857623,0.791584118533242,1.30020707146489
"vm(ID, ginv)_Np1_503933",0.732306927432945,0.780461714790851,0.938299616181928
"vm(ID, ginv)_Np1_503929",-1.11312164788959,0.752044076402311,-1.48012820367475
"vm(ID, ginv)_Np1_503354",1.72088676576664,0.733383993440623,2.34650167055489
"vm(ID, ginv)_Np1_503553",0.791342665228752,0.771287354123809,1.02600238548929
"vm(ID, ginv)_No_519001",0.756479447610952,0.814893450250515,0.928317005589375
"vm(ID, ginv)_No_519002",0.727300416454195,0.79923384303572,0.909997021261887
"vm(ID, ginv)_No_519003",0.345327609895604,0.824641968147709,0.418760653997844
"vm(ID, ginv)_No_519004",0.92647895687966,0.811878665430628,1.14115445611352
"vm(ID, ginv)_No_519005",0.505871158723685,0.805489328714481,0.628029622106887
"vm(ID, ginv)_No_519006",0.740245752396508,0.814177103051679,0.90919500145845
"vm(ID, ginv)_No_519007",-0.148491777311871,0.819983397865809,-0.181091199771061
"vm(ID, ginv)_No_519008",1.02353533409211,0.804054849609761,1.27296705515659
"vm(ID, ginv)_No_519009",0.414412229830292,0.795899984115227,0.520683802112371
"vm(ID, ginv)_No_519010",0.560323956932787,0.802516807874542,0.698208375743307
"vm(ID, ginv)_No_519011",0.264819446757446,0.799472510866008,0.331242717114297
"vm(ID, ginv)_No_519012",0.809507839082694,0.806618549509272,1.0035819775967
"vm(ID, ginv)_No_519013",0.427251111061072,0.79545651239109,0.537114354343248
"vm(ID, ginv)_No_519014",0.802634581680833,0.788805028342083,1.01753228344375
"vm(ID, ginv)_No_519015",0.247109331108332,0.819010391331167,0.301716966871075
"vm(ID, ginv)_No_519016",0.545732739697159,0.850854149002625,0.641393992538991
"vm(ID, ginv)_No_519017",0.642179095811161,0.812090918087283,0.790772414157377
"vm(ID, ginv)_No_519018",0.500077834287035,0.814659632732374,0.613848795489928
"vm(ID, ginv)_No_519019",0.18045612271288,0.817095787729673,0.220850633943768
"vm(ID, ginv)_No_519020",0.214992715599116,0.817203252869156,0.263083528907023
"vm(ID, ginv)_No_519021",-0.295264416583173,0.781316131765965,-0.377906463950518
"vm(ID, ginv)_No_519022",0.331203823873859,0.803690476545688,0.412103706015522
"vm(ID, ginv)_No_519023",1.01527431434704,0.804741883291427,1.26161485493277
"vm(ID, ginv)_No_519024",0.498973461912493,0.811851526245251,0.614611718746413
"vm(ID, ginv)_No_519025",0.283071639274675,0.784019021173205,0.361052004645355
"vm(ID, ginv)_No_519026",0.807250700432788,0.797555597960103,1.01215602084354
"vm(ID, ginv)_No_519027",0.428443438527413,0.8000466388939,0.535523077904252
"vm(ID, ginv)_No_519028",1.54260844230263,0.793273826067945,1.94461028665089
"vm(ID, ginv)_No_519029",0.324468639796443,0.823616203653111,0.393956114944409
"vm(ID, ginv)_No_519030",0.440144496235023,0.824589719851041,0.533773931009635
"vm(ID, ginv)_No_519031",1.27867445496303,0.825973235983583,1.54808218869267
"vm(ID, ginv)_No_519032",0.341133279607328,0.79966833272483,0.426593458371589
"vm(ID, ginv)_No_519033",0.821213112611993,0.796549120010784,1.03096355514256
"vm(ID, ginv)_No_519034",-0.1185293051797,0.837436396617194,-0.141538277603525
"vm(ID, ginv)_No_519035",0.0813403102849368,0.840425808889002,0.0967846411005207
"vm(ID, ginv)_No_519036",0.29194024427252,0.829684375011301,0.35186903967975
"vm(ID, ginv)_No_519037",-0.0643477855827298,0.798174078850509,-0.0806187362979769
"vm(ID, ginv)_No_519038",0.661810174277733,0.796954498630408,0.830424039785302
"vm(ID, ginv)_No_519039",0.818185228976658,0.816621033068732,1.00191544895929
"vm(ID, ginv)_No_519040",0.234421089283224,0.828705105642605,0.282876366619518
"vm(ID, ginv)_No_519041",-0.249204370256506,0.830767831602771,-0.299968728658793
"vm(ID, ginv)_No_519042",0.940685612313316,0.807339989624099,1.16516662670371
"vm(ID, ginv)_No_519043",-0.0396918321180731,0.800712355169876,-0.0495706502613566
"vm(ID, ginv)_No_519044",0.349883881445346,0.821510943850793,0.425902885487176
"vm(ID, ginv)_No_519045",0.587202406856687,0.818781314594511,0.71716635002533
"vm(ID, ginv)_No_519046",0.740506917178466,0.818533369743602,0.904675294313807
"vm(ID, ginv)_No_519047",0.31272823407306,0.816451525995228,0.38303343691085
"vm(ID, ginv)_No_519048",0.0298166204068111,0.804180792591559,0.0370770113903415
"vm(ID, ginv)_No_519049",-0.0350865759114559,0.797806999710438,-0.0439787767269409
"vm(ID, ginv)_No_519050",0.545561757492286,0.796357967620412,0.685071010367954
"vm(ID, ginv)_No_519051",0.709020661141534,0.812197651476076,0.872965662795221
"vm(ID, ginv)_No_519052",0.43840989550435,0.808215078355098,0.542442113795518
"vm(ID, ginv)_No_519053",1.02853085905192,0.809592043730828,1.27043103624408
"vm(ID, ginv)_No_519054",-0.0742031003066481,0.806943148350246,-0.0919557969583762
"vm(ID, ginv)_No_519055",0.795178404765511,0.828974225180464,0.959231759699651
"vm(ID, ginv)_No_519056",1.4045286106446,0.798577977172015,1.75878705748739
"vm(ID, ginv)_No_519057",0.452710507762672,0.841676841440625,0.537867368416371
"vm(ID, ginv)_No_519058",0.675431050006718,0.837368459585973,0.806611524800774
"vm(ID, ginv)_No_519059",0.690704647203008,0.801705613279018,0.861543982931577
"vm(ID, ginv)_No_519060",1.01939989902712,0.825869188865877,1.2343357916367
"vm(ID, ginv)_No_519061",0.0837110887996953,0.817042795985353,0.102456186152085
"vm(ID, ginv)_No_519062",-0.178710039285286,0.806858864543161,-0.221488598735878
"vm(ID, ginv)_No_519063",0.310370647093759,0.818396616627327,0.379242338968628
"vm(ID, ginv)_No_519064",0.843515188383197,0.793102052387463,1.06356450073982
"vm(ID, ginv)_No_519065",0.325617309985861,0.827453968903948,0.393517128713729
"vm(ID, ginv)_No_519066",-0.295634338171838,0.808568128914043,-0.365626998641281
"vm(ID, ginv)_No_519067",-0.093136681079,0.796806516169718,-0.116887449071968
"vm(ID, ginv)_No_519068",0.573368227630788,0.831206191811364,0.689802642568511
"vm(ID, ginv)_No_519069",0.638058949859468,0.821790904257165,0.776424935532992
"vm(ID, ginv)_No_519070",0.684234000935986,0.806449125869135,0.848452777723041
"vm(ID, ginv)_No_519071",0.97191877069358,0.81897559968295,1.18674936233734
"vm(ID, ginv)_No_519072",0.55166177196804,0.79818350704482,0.691146543494118
"vm(ID, ginv)_No_519073",0.132177106479044,0.839043039938346,0.157533165984854
"vm(ID, ginv)_No_519074",0.413274113881253,0.810148491900475,0.510121438246191
"vm(ID, ginv)_No_519075",1.24128688701412,0.789364735159953,1.57251373379708
"vm(ID, ginv)_No_519076",1.03891821950449,0.820828568614276,1.26569451798979
"vm(ID, ginv)_No_519077",-0.0269661701513965,0.819239322741368,-0.032916108154039
"vm(ID, ginv)_No_519078",-0.224097559875654,0.80344777758551,-0.278919882694932
"vm(ID, ginv)_No_519079",0.545764863791696,0.824056615711555,0.662290494835043
"vm(ID, ginv)_No_519080",-0.51317190674112,0.800415883077925,-0.641131588703318
"vm(ID, ginv)_No_519081",-0.134756766598019,0.81466712550761,-0.165413286456175
"vm(ID, ginv)_No_519082",1.03415978587079,0.801919432511708,1.28960559370869
"vm(ID, ginv)_No_519083",0.9895763355047,0.806841909400503,1.2264810788522
"vm(ID, ginv)_No_519084",0.380127623043149,0.801068449573622,0.474525770232839
"vm(ID, ginv)_No_519085",0.205608434130411,0.805730495837334,0.255182638850895
"vm(ID, ginv)_No_519086",0.955235113356555,0.803422550223611,1.18895730906569
"vm(ID, ginv)_No_519087",0.395610162410935,0.81402611541051,0.485991978539202
"vm(ID, ginv)_No_519088",0.463445549954607,0.81482185605332,0.56876916900506
"vm(ID, ginv)_No_519089",0.253623224932583,0.813596944423336,0.3117307982423
"vm(ID, ginv)_No_519090",1.45309801253272,0.803111519719165,1.80933528763333
"vm(ID, ginv)_No_519091",0.922703050276252,0.822760266053907,1.12147254594791
"vm(ID, ginv)_No_519092",-0.694519174326115,0.809847173426231,-0.857592885566055
"vm(ID, ginv)_No_519093",0.45331331552177,0.81785562493237,0.554270584810437
"vm(ID, ginv)_No_519094",0.644817285435248,0.802296712378982,0.803714231263925
"vm(ID, ginv)_No_519095",0.882940407237911,0.817922537509352,1.07949147596121
"vm(ID, ginv)_No_519096",0.986394357029167,0.81729512023925,1.20690107233286
"vm(ID, ginv)_No_519097",0.397577100340663,0.80288762012369,0.495183996334896
"vm(ID, ginv)_No_519098",0.175974229531036,0.811153001773865,0.216943325298936
"vm(ID, ginv)_No_519099",0.470104307732595,0.8195275812676,0.573628415294411
"vm(ID, ginv)_No_519100",0.675293086966789,0.809680651557229,0.834023989171561
"vm(ID, ginv)_No_519101",-0.110949601212362,0.814343946982782,-0.136244152883362
"vm(ID, ginv)_No_519102",0.0760878995057308,0.81490428633303,0.0933703513183334
"vm(ID, ginv)_No_519103",0.917529382698938,0.823560371356468,1.11410093857199
"vm(ID, ginv)_No_519104",1.47964994998747,0.804298371832096,1.83967791283352
"vm(ID, ginv)_No_519105",-0.0277046776924895,0.834000839779376,-0.0332190045513843
"vm(ID, ginv)_No_519106",0.658069717172175,0.806844874791583,0.815608721989046
"vm(ID, ginv)_No_519107",1.7556082893012,0.801689532879867,2.18988550716712
"vm(ID, ginv)_No_519108",-0.158074356462457,0.824753682668569,-0.191662504556503
"vm(ID, ginv)_No_519109",1.04951742305646,0.804436775418801,1.30466116807013
"vm(ID, ginv)_No_519110",0.422035111495478,0.798881415583891,0.528282550154229
"vm(ID, ginv)_No_519111",0.761745876814685,0.841253869985513,0.905488704411907
"vm(ID, ginv)_No_519112",-0.605851985136504,0.813225267401802,-0.744998968209828
"vm(ID, ginv)_No_519113",0.119597840023073,0.810492133830982,0.147561999717093
"vm(ID, ginv)_No_519114",0.269175462627259,0.826908949273151,0.325520074324825
"vm(ID, ginv)_No_519115",0.21112010600337,0.803797752919536,0.262653267238611
"vm(ID, ginv)_No_519116",0.584279861510612,0.788987356375331,0.740544010990034
"vm(ID, ginv)_No_519117",0.12300419708533,0.834371285128588,0.147421416913183
"vm(ID, ginv)_No_519118",0.785719723605953,0.835399547683156,0.940531660311546
"vm(ID, ginv)_No_519119",0.859177519035977,0.807184904362707,1.06441227331217
"vm(ID, ginv)_No_519120",0.270329907424056,0.787295383404716,0.343365289727719
"vm(ID, ginv)_No_519121",0.725466745586978,0.784762590259852,0.924441040629575
"vm(ID, ginv)_No_519122",0.176677848828498,0.816914849420949,0.216274497830137
"vm(ID, ginv)_No_519123",0.784017418648476,0.824397286060392,0.951018922436193
"vm(ID, ginv)_No_519124",-0.467956532924172,0.819923109776443,-0.570732215429034
"vm(ID, ginv)_No_519125",0.255677048350964,0.799330652204958,0.31986393571381
"vm(ID, ginv)_No_519126",-0.276169744353713,0.806211694648123,-0.342552391868056
"vm(ID, ginv)_No_519127",0.423504114220654,0.795942849095662,0.532078546470809
"vm(ID, ginv)_No_519128",0.224670414032316,0.808608730886183,0.277848117947096
"vm(ID, ginv)_No_519129",0.598568175362865,0.781987186231986,0.765444991812554
"vm(ID, ginv)_No_519130",0.85590295100945,0.807753474662566,1.05960912315109
"vm(ID, ginv)_No_519131",0.22854179135503,0.814400424987519,0.280625825260999
"vm(ID, ginv)_No_519132",-0.405434147749372,0.791226481368105,-0.512412257800495
"vm(ID, ginv)_No_519133",0.432633826246669,0.823361657123885,0.525448109592471
"vm(ID, ginv)_No_519134",-0.366242782810382,0.825326423559838,-0.443755067517027
"vm(ID, ginv)_No_519135",0.870018766807058,0.816599435330986,1.06541681167636
"vm(ID, ginv)_No_519136",0.414391517301246,0.784421136945755,0.528276837254453
"vm(ID, ginv)_No_519137",1.05598248337269,0.804888712095713,1.3119608555861
"vm(ID, ginv)_No_519138",0.422152691538203,0.79320886940695,0.532208738227838
"vm(ID, ginv)_No_519139",0.331278377755955,0.830078421907631,0.39909286762886
"vm(ID, ginv)_No_519140",-0.196145348449243,0.81286060526048,-0.241302564277166
"vm(ID, ginv)_No_519141",0.638196276698573,0.816574758181986,0.781552785343803
"vm(ID, ginv)_No_519142",1.19806402371545,0.788486536439432,1.51944766124422
"vm(ID, ginv)_No_519143",0.531543978758918,0.826697356441475,0.642972878305736
"vm(ID, ginv)_No_519144",0.213090905256067,0.799801846340073,0.266429624076489
"vm(ID, ginv)_No_519145",0.540399548038674,0.804116178166307,0.672041631186917
"vm(ID, ginv)_No_519146",-0.0648123872945984,0.819333581730037,-0.0791037847585179
"vm(ID, ginv)_No_519147",0.393667639950621,0.807564059024138,0.487475433746185
"vm(ID, ginv)_No_519148",0.0493686324739957,0.817099573167616,0.0604193590294147
"vm(ID, ginv)_No_519149",0.34941876129779,0.81824469601838,0.427034557019531
"vm(ID, ginv)_No_519150",0.402513189517259,0.795928315421476,0.505715378782715
"vm(ID, ginv)_No_519151",0.977636977957644,0.815979173892316,1.19811511033327
"vm(ID, ginv)_No_519152",1.00237120959052,0.811148858557351,1.23574261248825
"vm(ID, ginv)_No_519153",0.703332120622836,0.799755995609197,0.879433382787068
"vm(ID, ginv)_No_519154",0.190130413078827,0.820546687665892,0.231711876894742
"vm(ID, ginv)_No_519155",1.14888156338889,0.828382259463385,1.38689783643257
"vm(ID, ginv)_No_519156",0.457876934020014,0.818263908209244,0.559571220759412
"vm(ID, ginv)_No_519157",0.156948810076189,0.82582096623413,0.190051859293304
"vm(ID, ginv)_No_519158",-0.122069740200619,0.835006963481553,-0.146190086477424
"vm(ID, ginv)_No_519159",0.32855614215376,0.782603734732819,0.419824398443395
"vm(ID, ginv)_No_519160",0.503162363404351,0.815530920219141,0.616975213237957
"vm(ID, ginv)_No_519161",0.47083071807567,0.807037366802239,0.58340634206476
"vm(ID, ginv)_No_519162",0.313562528503683,0.789935791681767,0.396946855435062
"vm(ID, ginv)_No_519163",0.245699509738262,0.821150210534869,0.299213842468873
"vm(ID, ginv)_No_519164",0.747118722121599,0.805751105958212,0.927232636228422
"vm(ID, ginv)_No_519165",0.3701048075489,0.810622755417169,0.456568490183123
"vm(ID, ginv)_No_519166",-0.547790802620064,0.813857805345527,-0.673079251709698
"vm(ID, ginv)_No_519167",-0.520078397358802,0.805766420283412,-0.64544560838844
"vm(ID, ginv)_No_519168",0.0640342233156257,0.809657217772021,0.0790880658012686
"vm(ID, ginv)_No_519169",0.438276788055795,0.792903728839117,0.552749056556301
"vm(ID, ginv)_No_519170",1.3028924986817,0.820731643358679,1.58747686801726
"vm(ID, ginv)_No_519171",0.522932119148368,0.823623142458577,0.634916738239502
"vm(ID, ginv)_No_519172",0.442049162633697,0.804407945208758,0.549533561008
"vm(ID, ginv)_No_519173",0.411515745371229,0.793097066239026,0.518871854264564
"vm(ID, ginv)_No_519174",-0.0704895626282608,0.827167210970225,-0.0852180329362671
"vm(ID, ginv)_No_519175",-0.17739080308008,0.822080937745226,-0.215782649779742
"vm(ID, ginv)_No_519176",0.795221935439722,0.825926349164666,0.962824271491038
"vm(ID, ginv)_No_519177",0.518508537088647,0.807849724106211,0.641837858720958
"vm(ID, ginv)_No_519178",0.504992337211543,0.809073144387459,0.624161536833443
"vm(ID, ginv)_No_519179",0.464936695826941,0.793743653260213,0.585751701972376
"vm(ID, ginv)_No_519180",0.934421292907505,0.804709649271325,1.16119061546439
"vm(ID, ginv)_No_519181",0.877782817852215,0.819566687173992,1.07103281720608
"vm(ID, ginv)_No_519182",0.849462710193031,0.815828155801701,1.04122749889439
"vm(ID, ginv)_No_519183",0.0259055155106748,0.806869574933844,0.032106199459558
"vm(ID, ginv)_No_519184",0.899266820630157,0.825790777673858,1.08897658455725
"vm(ID, ginv)_No_519185",1.34391163477126,0.794380727890595,1.69177270745212
"vm(ID, ginv)_No_519186",0.455374506802183,0.809504026009527,0.562535197072415
"vm(ID, ginv)_No_519187",0.609785816808755,0.824239291152528,0.739816486976854
"vm(ID, ginv)_No_519188",0.202875459282009,0.80048541149846,0.253440545408864
"vm(ID, ginv)_No_519189",0.420955353206366,0.818328000725671,0.514409079040525
"vm(ID, ginv)_No_519190",0.492082955758518,0.820907693743439,0.599437621926236
"vm(ID, ginv)_No_519191",0.961546313157248,0.806887293985025,1.19167363313952
"vm(ID, ginv)_No_519192",0.442632866999751,0.827437220681883,0.534944350986509
"vm(ID, ginv)_No_519193",0.287089132665494,0.818722536756645,0.350654977451571
"vm(ID, ginv)_No_519194",0.37117560376608,0.814049722196368,0.455961833344307
"vm(ID, ginv)_No_519195",0.890858158196961,0.827283304702119,1.07684774143694
"vm(ID, ginv)_No_519196",0.35523263574262,0.808534418615039,0.439353758558736
"vm(ID, ginv)_No_519197",-0.192384472030826,0.817663372602768,-0.235285667032427
"vm(ID, ginv)_No_519198",1.36280685226443,0.81188063649853,1.67858031217733
"vm(ID, ginv)_No_519199",-0.427193376924723,0.813353018339696,-0.525225046556975
"vm(ID, ginv)_No_519200",0.889572324542012,0.802971063918787,1.10785103537926
"vm(ID, ginv)_No_519201",0.0416145362181256,0.811067428772402,0.0513083558060168
"vm(ID, ginv)_No_519202",0.636645674226576,0.826326400330113,0.770453024340309
"vm(ID, ginv)_No_519203",1.01647543490357,0.82119529539816,1.23779987610709
"vm(ID, ginv)_No_519204",0.317993322464055,0.80714212777461,0.393974383843402
"vm(ID, ginv)_No_519205",0.350937064992474,0.810067927069868,0.433219305770893
"vm(ID, ginv)_No_519206",0.553989300322238,0.832777661884997,0.665230740061254
"vm(ID, ginv)_No_519207",0.000715733984775893,0.825964525158052,0.000866543250921018
"vm(ID, ginv)_No_519208",0.949374663066918,0.791836309845595,1.19895318168984
"vm(ID, ginv)_No_519209",0.369630800467588,0.835358048758153,0.442481880694251
"vm(ID, ginv)_No_519210",0.525899887373172,0.830453877958647,0.633268025270585
"vm(ID, ginv)_No_519211",0.0859388751133353,0.810641902911143,0.106013363983178
"vm(ID, ginv)_No_519212",0.553429799180915,0.796447237166707,0.694873148345261
"vm(ID, ginv)_No_519213",0.579185738795597,0.805881769617775,0.718698152298818
"vm(ID, ginv)_No_519214",0.18386824549518,0.837598648973975,0.219518316702649
"vm(ID, ginv)_No_519215",0.21769078402457,0.808699859847255,0.269186128047168
"vm(ID, ginv)_No_519216",0.525395469255162,0.790250081696958,0.66484709261522
"vm(ID, ginv)_No_519217",-0.481791629114041,0.806339551748105,-0.597504646856947
"vm(ID, ginv)_No_519218",-0.29052559684836,0.805996575786673,-0.360455125463529
"vm(ID, ginv)_No_519219",0.760911997819003,0.824864548207239,0.922469027760703
"vm(ID, ginv)_No_519220",0.974418938496031,0.819666415137808,1.18879939509563
"vm(ID, ginv)_No_519221",0.901674616132287,0.812054825078179,1.11036174933814
"vm(ID, ginv)_No_519222",0.800692597476311,0.801330425104441,0.999204039172671
"vm(ID, ginv)_No_519223",1.37714008357376,0.808282498267653,1.70378560283726
"vm(ID, ginv)_No_519224",0.750039945862015,0.80019164689245,0.937325387955249
"vm(ID, ginv)_No_519225",0.242240053962621,0.805968184937285,0.300557836512456
"vm(ID, ginv)_No_519226",0.0921555668433375,0.833598273400665,0.11055153277536
"vm(ID, ginv)_No_519227",1.00579029213275,0.796360136416989,1.26298422803788
"vm(ID, ginv)_No_519228",0.770545982038862,0.796458120572795,0.967465786505765
"vm(ID, ginv)_No_519229",0.477756083754545,0.803805452007819,0.594367806987576
"vm(ID, ginv)_No_519230",0.800467781142418,0.832116101229816,0.961966461121683
"vm(ID, ginv)_No_519231",-0.00995466202363013,0.808362908254588,-0.0123145952417883
"vm(ID, ginv)_No_519232",0.807883735207353,0.799937208286996,1.0099339383617
"vm(ID, ginv)_No_519233",1.59727811684547,0.80591418265277,1.98194566025358
"vm(ID, ginv)_No_519234",1.18785753982625,0.812523273376876,1.46193663461413
"vm(ID, ginv)_No_519235",-0.0594564477860294,0.824451696009364,-0.072116350871518
"vm(ID, ginv)_No_519236",0.435912524377745,0.803289347737277,0.542659411089706
"vm(ID, ginv)_No_519237",-0.122667270395336,0.799465112394026,-0.153436677215351
"vm(ID, ginv)_No_519238",0.243427770217599,0.793576654296485,0.306747645485364
"vm(ID, ginv)_No_519239",0.507373192882242,0.803752712121136,0.631255341637683
"vm(ID, ginv)_No_519240",0.473612394386641,0.804658473587552,0.588588090392002
"vm(ID, ginv)_No_519241",0.307637459899915,0.812099527773525,0.378817434783323
"vm(ID, ginv)_No_519242",1.20821026625467,0.799191107938149,1.51179142792487
"vm(ID, ginv)_No_519243",0.363399537058047,0.820030198210979,0.443153847078874
"vm(ID, ginv)_No_519244",-0.873135147473495,0.799056591036219,-1.0927075219306
"vm(ID, ginv)_No_519245",0.535452696959508,0.785644762782816,0.681545556369386
"vm(ID, ginv)_No_519246",0.660588069871375,0.818760369988441,0.80681490468414
"vm(ID, ginv)_No_519247",0.734120001723795,0.805611174480415,0.911258464354434
"vm(ID, ginv)_No_519248",-0.356141682861287,0.82141795259082,-0.433569392704392
"vm(ID, ginv)_No_519249",0.568104185665188,0.804063576090936,0.706541376276617
"vm(ID, ginv)_No_519250",-0.176214379656697,0.794452517024249,-0.221806056221883
"vm(ID, ginv)_No_519251",0.423305777882676,0.81247596404688,0.521007139428744
"vm(ID, ginv)_No_519252",1.12508506811012,0.824878150631284,1.36394092539496
"vm(ID, ginv)_No_519253",0.552091953900235,0.838099214372133,0.658742956004126
"vm(ID, ginv)_No_519254",1.21666265176141,0.78552438218363,1.54885408951825
"vm(ID, ginv)_No_519255",0.40878624951799,0.800844800872427,0.510443782706293
"vm(ID, ginv)_No_519256",0.915557093241677,0.797394785196982,1.14818545372792
"vm(ID, ginv)_No_519257",0.884148779560545,0.793552141791928,1.11416595456984
"vm(ID, ginv)_No_519258",0.941072995808179,0.805181528620847,1.16877121786449
"vm(ID, ginv)_No_519259",1.17313354427458,0.814202364015102,1.44083780166084
"vm(ID, ginv)_No_519260",0.771524667282454,0.815921634409947,0.945586726402224
"vm(ID, ginv)_No_519261",0.523051132745,0.833965038702336,0.627185923235914
"vm(ID, ginv)_No_519262",1.62319982708505,0.805566932174012,2.01497822496818
"vm(ID, ginv)_No_519263",0.840460963861593,0.819289119108352,1.0258417257833
"vm(ID, ginv)_No_519264",0.174013081466607,0.795876100663683,0.218643431209326
"vm(ID, ginv)_No_519265",1.35565335436728,0.815942700107881,1.66145656329549
"vm(ID, ginv)_No_519266",-0.980552823710509,0.80550543730276,-1.21731372415548
"vm(ID, ginv)_No_519267",-0.316056953276817,0.796402164676481,-0.396855969628369
"vm(ID, ginv)_No_519268",1.08891118701394,0.81099260273044,1.34268941954317
"vm(ID, ginv)_No_519269",0.451175726541607,0.804686473986637,0.560685112931448
"vm(ID, ginv)_No_519270",0.380576463411952,0.840348735315982,0.452879200524828
"vm(ID, ginv)_No_519271",0.525415581750669,0.817259488646214,0.642899334972565
"vm(ID, ginv)_No_519272",0.842658139941196,0.814058086746293,1.03513269342881
"vm(ID, ginv)_No_519273",0.577648055359179,0.799712653569824,0.722319514116258
"vm(ID, ginv)_No_519274",0.92578161879992,0.784433208834308,1.18019177206388
"vm(ID, ginv)_No_519275",0.508498391335881,0.789982889315334,0.64368279137867
"vm(ID, ginv)_No_519276",0.518895793057385,0.811779966063143,0.639207438899797
"vm(ID, ginv)_No_519277",0.357238937437641,0.822433700379897,0.434368067933775
"vm(ID, ginv)_No_519278",1.31689930429591,0.816260239583129,1.61333266087843
"vm(ID, ginv)_No_519279",0.784112072814247,0.801251464919435,0.978609222128647
"vm(ID, ginv)_No_519280",0.704103481227979,0.813053195052452,0.865999279644373
"vm(ID, ginv)_No_519281",-0.254579290212424,0.783710437349413,-0.324838458287523
"vm(ID, ginv)_No_519282",0.733762958781639,0.80979016088283,0.906114934740247
"vm(ID, ginv)_No_519283",1.10810681178598,0.818496008996462,1.35383288324717
"vm(ID, ginv)_No_519284",-0.135883122638319,0.782808455850614,-0.173584127282664
"vm(ID, ginv)_No_519285",0.533570804769042,0.82216312148807,0.648984113764807
"vm(ID, ginv)_No_519286",0.221900290881199,0.826963883178683,0.268331296438557
"vm(ID, ginv)_No_519287",-0.0167678392112065,0.815020822055246,-0.020573510218945
"vm(ID, ginv)_No_519288",0.664206754868958,0.816117344079113,0.813861829659352
"vm(ID, ginv)_No_519289",1.15664945102932,0.817101206194884,1.41555225014985
"vm(ID, ginv)_No_519290",-0.29883260226798,0.820468026986037,-0.364222117668293
"vm(ID, ginv)_No_519291",0.607022646412823,0.806693139432127,0.752482718323523
"vm(ID, ginv)_No_519292",1.16839350830838,0.786422006055272,1.48570805408802
"vm(ID, ginv)_No_519293",0.145143576748606,0.830331700475778,0.174801921527793
"vm(ID, ginv)_No_519294",-0.42099117252777,0.81840006684338,-0.514407549050624
"vm(ID, ginv)_No_519295",0.69222997677047,0.820350620655091,0.843822091848593
"vm(ID, ginv)_No_519296",0.8953337614161,0.828434799252223,1.08075344278664
"vm(ID, ginv)_No_519297",0.0732924610647507,0.801384181608919,0.0914573343806254
"vm(ID, ginv)_No_519298",0.668249519882908,0.820946822728094,0.813998545803788
"vm(ID, ginv)_No_519299",0.651696148570453,0.796841148463226,0.81784951721846
"vm(ID, ginv)_No_519300",0.739968073600459,0.819826873457312,0.90259065365828
"vm(ID, ginv)_No_519301",1.02120104757094,0.801673317891354,1.27383689188635
"vm(ID, ginv)_No_519302",1.07475301436708,0.795121093404299,1.35168469718939
"vm(ID, ginv)_No_519303",0.193283789325014,0.800635540787965,0.241412951934146
"vm(ID, ginv)_No_519304",0.757757278248867,0.810402261808398,0.935038454307797
"vm(ID, ginv)_No_519305",0.487898168135963,0.800262479819381,0.609672676702376
"vm(ID, ginv)_No_519306",0.730057387408703,0.818373145026945,0.89208375402478
"vm(ID, ginv)_No_519307",0.167379075048149,0.816761488825404,0.204930175256989
"vm(ID, ginv)_No_519308",0.112781209535935,0.825820912298658,0.136568604471411
"vm(ID, ginv)_No_519309",0.955773499566027,0.816447445473105,1.17064913959304
"vm(ID, ginv)_No_519310",0.784424995261282,0.771665478764279,1.01653503603328
"vm(ID, ginv)_No_519311",-0.257906368994743,0.8124309204873,-0.317450213293272
"vm(ID, ginv)_No_519312",0.659881037653073,0.792901718842447,0.832235599913227
"vm(ID, ginv)_No_519313",0.608613215127619,0.823683364185895,0.738892202502057
"vm(ID, ginv)_No_519314",0.250275560829103,0.810327492219168,0.308857299341648
"vm(ID, ginv)_No_519315",0.97276428958852,0.81374359853797,1.19541866914377
"vm(ID, ginv)_No_519316",1.08368860957195,0.811290901487079,1.33575836680231
"vm(ID, ginv)_No_519317",1.16366763988333,0.781861352967005,1.48832991356773
"vm(ID, ginv)_No_519318",0.840962843838286,0.793782801957159,1.05943696659187
"vm(ID, ginv)_No_519319",0.32256504796697,0.805105573409863,0.400649378938976
"vm(ID, ginv)_No_519320",0.36464642423476,0.804081596864642,0.453494304131106
"vm(ID, ginv)_No_519321",0.47428248186953,0.802908730569882,0.590705348954043
"vm(ID, ginv)_No_519322",0.673986998801995,0.807309911067517,0.834855350544095
"vm(ID, ginv)_No_519323",0.493503430297495,0.81016341342121,0.609140603145107
"vm(ID, ginv)_No_519324",0.737761190695309,0.790093939710932,0.933763890108092
"vm(ID, ginv)_No_519325",0.702672784820378,0.798166884777468,0.880358228613163
"vm(ID, ginv)_No_519326",0.826366752346521,0.808770536675898,1.02175674665764
"vm(ID, ginv)_No_519327",0.95705482026656,0.802587798628128,1.19246121346782
"vm(ID, ginv)_No_519328",0.793679081932035,0.794908727286629,0.998453098686195
"vm(ID, ginv)_No_519329",-0.159393322358459,0.817541796540235,-0.194966573003359
"vm(ID, ginv)_No_519330",-0.329516093255845,0.785257785833732,-0.419627922448407
"vm(ID, ginv)_No_519331",0.466293711006305,0.787297180013053,0.592271537157766
"vm(ID, ginv)_No_519332",0.490588321909841,0.821496923981833,0.597188263994875
"vm(ID, ginv)_No_519333",-0.016226170394393,0.822065017627678,-0.0197383054216546
"vm(ID, ginv)_No_519334",0.00245424363042344,0.8107219496151,0.00302723224847758
"vm(ID, ginv)_No_519335",0.707160762065356,0.822169820087727,0.860115203438021
"vm(ID, ginv)_No_519336",0.661136306415926,0.817893633064787,0.80834020426169
"vm(ID, ginv)_No_519337",0.346542010815644,0.787774906551838,0.439899783470496
"vm(ID, ginv)_No_519338",1.16969699459338,0.829389133690654,1.41031145342887
"vm(ID, ginv)_No_519339",0.67700862669528,0.813546954647846,0.832169087263477
"vm(ID, ginv)_No_519340",0.0955413704935555,0.810707314973354,0.117849399812922
"vm(ID, ginv)_No_519341",0.264049051180013,0.808199842448739,0.326712574429586
"vm(ID, ginv)_No_519342",0.133633459551168,0.77409158162271,0.172632622190562
"vm(ID, ginv)_No_519343",0.41372851864284,0.804339643250007,0.514370418162075
"vm(ID, ginv)_No_519344",0.201577467335301,0.807557181176598,0.249613862688467
"vm(ID, ginv)_No_519345",0.301198592713796,0.807812727362835,0.372856953736147
"vm(ID, ginv)_No_519346",1.19786391860502,0.79855401686544,1.5000411910856
"vm(ID, ginv)_No_519347",0.816267897417971,0.835992806176896,0.976405408499711
"vm(ID, ginv)_No_519348",-0.062468312959187,0.796414963812028,-0.0784368900606581
"vm(ID, ginv)_No_519349",0.285547398083288,0.803930392775561,0.355189206241399
"vm(ID, ginv)_No_519350",0.166872633931872,0.803707386970713,0.207628592989345
"vm(ID, ginv)_No_519351",-0.161358148589166,0.80542732332499,-0.200338558075038
"vm(ID, ginv)_No_519352",0.983014827549042,0.811514332130742,1.21133390826013
"vm(ID, ginv)_No_519353",0.572944876387393,0.823478798986925,0.695761538842593
"vm(ID, ginv)_No_519354",0.651695040072608,0.804528991824051,0.810033008997061
"vm(ID, ginv)_No_519355",0.453303947547044,0.79879440172048,0.567485133309268
"vm(ID, ginv)_No_519356",-0.149449623477232,0.808296881820615,-0.184894469889096
"vm(ID, ginv)_No_519357",1.38604040440001,0.797567991866599,1.73783353712098
"vm(ID, ginv)_No_519358",0.682218804336279,0.807384080008496,0.844974308050636
"vm(ID, ginv)_No_519359",0.385478432337573,0.829770757843275,0.464560155553688
"vm(ID, ginv)_No_519360",-0.258684540415144,0.815671219932089,-0.31714315044324
"vm(ID, ginv)_No_519361",-0.189712407189642,0.797154276132048,-0.23798706582892
"vm(ID, ginv)_No_519362",0.310070372692038,0.790947857404481,0.39202378486686
"vm(ID, ginv)_No_519363",1.10710636776059,0.815942930678729,1.35684289444075
"vm(ID, ginv)_No_519364",0.396890978471031,0.814086686851879,0.487529135264245
"vm(ID, ginv)_No_519365",0.807795425978035,0.809492741361098,0.997903235821227
"vm(ID, ginv)_No_519366",0.581906292581201,0.799688704505485,0.727666014666349
"vm(ID, ginv)_No_519367",0.389078902502241,0.840470082515827,0.462930103755257
"vm(ID, ginv)_No_519368",0.486293343329722,0.799356588833842,0.608355957932568
"vm(ID, ginv)_No_519369",0.460544018013992,0.814057371179598,0.565739018303645
"vm(ID, ginv)_No_519370",0.766697613608609,0.790162461586067,0.970303767746246
"vm(ID, ginv)_No_519371",0.461777860864351,0.83639024446063,0.552108138423041
"vm(ID, ginv)_No_519372",0.31792190966581,0.819830999954959,0.387789568439442
"vm(ID, ginv)_No_519373",0.961322551316987,0.789856854513423,1.21708452085181
"vm(ID, ginv)_No_519374",0.291177376287118,0.803627889035206,0.362328610368028
"vm(ID, ginv)_No_519375",-0.377988005100894,0.803433640624145,-0.470465743514618
"vm(ID, ginv)_No_519376",0.895044546185805,0.806369149204056,1.10996873710915
"vm(ID, ginv)_No_519377",0.818530076899191,0.792473826772297,1.03287963494393
"vm(ID, ginv)_No_519378",1.30502454686568,0.825235943486295,1.58139566891921
"vm(ID, ginv)_No_519379",1.19284588086475,0.813175935860624,1.4668976641596
"vm(ID, ginv)_No_519380",0.834696650378471,0.798934772470332,1.04476194946123
"vm(ID, ginv)_No_519381",-0.260850427916456,0.815474153926937,-0.319875776148544
"vm(ID, ginv)_No_519382",0.348071376430923,0.824488407572689,0.42216648922409
"vm(ID, ginv)_No_519383",0.203898791443341,0.805373476943944,0.25317296543841
"vm(ID, ginv)_No_519384",1.33507831752769,0.800321189508386,1.66817814526164
"vm(ID, ginv)_No_519385",0.226153235470321,0.824456944425951,0.27430569540267
"vm(ID, ginv)_No_519386",0.609666507472838,0.815794261242429,0.747328752404234
"vm(ID, ginv)_No_519387",-0.318320768371842,0.812785610164624,-0.391641737244055
"vm(ID, ginv)_No_519388",1.14204582360698,0.804619645721792,1.41936109773022
"vm(ID, ginv)_No_519389",0.529205869527618,0.813560186555483,0.650481523399286
"vm(ID, ginv)_No_519390",0.924957497961746,0.814438810822979,1.13569919025235
"vm(ID, ginv)_No_519391",0.225078422504843,0.879363290435521,0.255956127521959
"vm(ID, ginv)_No_519392",1.0999782478935,0.803635575444966,1.36875255588884
"vm(ID, ginv)_No_519393",0.868011080004444,0.809695006292519,1.07202227166862
"vm(ID, ginv)_No_519394",0.89626682804674,0.819227174031221,1.09403942698388
"vm(ID, ginv)_No_519395",0.34485196974908,0.807562986820987,0.427027953703781
"vm(ID, ginv)_No_519396",1.29675453671423,0.801169866816824,1.61857627255309
"vm(ID, ginv)_No_519397",-0.159794775486258,0.810626547529354,-0.197125021347111
"vm(ID, ginv)_No_519398",-0.0671632366308332,0.826719542155668,-0.081240654425206
"vm(ID, ginv)_No_519399",0.520550044955538,0.803039325176385,0.648224848566664
"vm(ID, ginv)_No_519400",-0.408375751473754,0.825519927529769,-0.494689150261642
"vm(ID, ginv)_No_519401",0.990484510606484,0.793224176931613,1.24868169605965
"vm(ID, ginv)_No_519402",0.882507101048939,0.802480936951691,1.099723445645
"vm(ID, ginv)_No_519403",0.394665948040525,0.796673185580524,0.495392533831721
"vm(ID, ginv)_No_519404",0.724577188731505,0.799927989623357,0.905803019935169
"vm(ID, ginv)_No_519405",0.413616650096118,0.814671382404725,0.507709806713985
"vm(ID, ginv)_No_519406",-0.183075921435754,0.800333422697936,-0.228749563923749
"vm(ID, ginv)_No_519407",0.958930656398732,0.788280826653238,1.21648354745607
"vm(ID, ginv)_No_519408",1.28790580660587,0.793879510526359,1.62229379840268
"vm(ID, ginv)_No_519409",0.90100686691138,0.817376122712251,1.10231610867421
"vm(ID, ginv)_No_519410",-0.226832805936801,0.842510454001603,-0.269234411109598
"vm(ID, ginv)_No_519411",-0.0319587397273689,0.803437647310095,-0.0397774983962558
"vm(ID, ginv)_No_519412",0.455925984647448,0.836893370729409,0.544783840562721
"vm(ID, ginv)_No_519413",1.18887220455396,0.814373239214559,1.45986158103697
"vm(ID, ginv)_No_519414",0.203902976672926,0.816294942521584,0.24979081218249
"vm(ID, ginv)_No_519415",0.897509092751047,0.810850891530758,1.1068731651225
"vm(ID, ginv)_No_519416",0.52389062899431,0.802439491055572,0.652872440643663
"vm(ID, ginv)_No_519417",1.11774152895007,0.82908282733612,1.3481663014797
"vm(ID, ginv)_No_519418",1.05588950923538,0.820791690947139,1.28642811675756
"vm(ID, ginv)_No_519419",1.13720142762922,0.808268666779173,1.40695968354284
"vm(ID, ginv)_No_519420",0.910352343613684,0.8197533343536,1.11051984232736
"vm(ID, ginv)_No_519421",0.7598040160731,0.776367610253807,0.978665268924226
"vm(ID, ginv)_No_519422",0.652079901170009,0.83313200461659,0.782684973757668
"vm(ID, ginv)_No_519423",0.00885880236835111,0.837429197005339,0.0105785687912845
"vm(ID, ginv)_No_519424",0.509842998173902,0.814013347610223,0.626332479277763
"vm(ID, ginv)_No_519425",0.728167757906651,0.822228846667278,0.885602300208899
"vm(ID, ginv)_No_519426",0.12751486464212,0.816239628691975,0.156222339812713
"vm(ID, ginv)_No_519427",1.53552209240369,0.818864407971395,1.87518480160556
"vm(ID, ginv)_No_519428",0.564025700298834,0.81460537019456,0.692391335652651
"vm(ID, ginv)_No_519429",0.644912659303863,0.829782178561693,0.777207170708011
"vm(ID, ginv)_No_519430",0.883790777263335,0.815834929252196,1.08329607568216
"vm(ID, ginv)_No_519431",1.07852765116209,0.807561192790841,1.33553675039141
"vm(ID, ginv)_No_519432",0.267145236374992,0.817104173148775,0.326941466160338
"vm(ID, ginv)_No_519433",0.129889912064949,0.777532073595945,0.167054088796918
"vm(ID, ginv)_No_519434",0.683828596157412,0.811047486932484,0.843142488171395
"vm(ID, ginv)_No_519435",-0.947706447398442,0.778740827901458,-1.21697285341043
"vm(ID, ginv)_No_519436",1.16313304736302,0.794103414809328,1.46471231035104
"vm(ID, ginv)_No_519437",0.628439160122753,0.809409119111812,0.776417197785413
"vm(ID, ginv)_No_519438",0.309724737703548,0.821079384129005,0.3772165562677
"vm(ID, ginv)_No_519439",1.06871087479246,0.808310012765699,1.32215469054476
"vm(ID, ginv)_No_519440",0.0436652783687081,0.829908009143903,0.0526146005191
"vm(ID, ginv)_No_519441",0.552590486055956,0.81399667772976,0.678860861689427
"vm(ID, ginv)_No_519442",0.900095539826592,0.820759082740285,1.09666229561716
"vm(ID, ginv)_No_519443",0.718989707682988,0.821362480850574,0.875362248027726
"vm(ID, ginv)_No_519444",0.309194754858406,0.818467713039919,0.377772696384085
"vm(ID, ginv)_No_519445",0.922027375443397,0.785968291483874,1.1731101437981
"vm(ID, ginv)_No_519446",0.767298089536282,0.81878976652931,0.937112456581753
"vm(ID, ginv)_No_519447",1.26478897556781,0.813417837337337,1.55490686030196
"vm(ID, ginv)_No_519448",-0.0339227930546433,0.797009823836837,-0.0425625783272502
"vm(ID, ginv)_No_519449",-0.137388228168085,0.830113028201868,-0.16550544745176
"vm(ID, ginv)_No_519450",0.336152341386273,0.815431633187962,0.412238534421423
"vm(ID, ginv)_No_519451",0.168506495177154,0.819628145083238,0.205588956635989
"vm(ID, ginv)_No_519452",0.329955371847062,0.808988965027542,0.407861399983161
"vm(ID, ginv)_No_519453",-0.0513091408671986,0.793953689385606,-0.064624853506133
"vm(ID, ginv)_No_519454",-0.690942427110647,0.815451533891368,-0.847312683089137
"vm(ID, ginv)_No_519455",0.771679586557264,0.797618640455981,0.967479378511154
"vm(ID, ginv)_No_519456",-0.256292460514753,0.797035575478163,-0.321557115390987
"vm(ID, ginv)_No_519457",0.649013081711276,0.799780447197264,0.811489058010439
"vm(ID, ginv)_No_519458",1.148936288201,0.817490103274903,1.40544366665518
"vm(ID, ginv)_No_519459",-0.120582804270489,0.80414389356395,-0.14995177509347
"vm(ID, ginv)_No_519460",0.153359131784716,0.825151065351969,0.185855824738347
"vm(ID, ginv)_No_519461",0.0110225906788842,0.788210792224458,0.0139843183925162
"vm(ID, ginv)_No_519462",-0.380709427535658,0.838195883505261,-0.454201022729394
"vm(ID, ginv)_No_519463",0.433631242052142,0.810166921654804,0.535236912865352
"vm(ID, ginv)_No_519464",0.419856193445574,0.796143909160879,0.527362187431785
"vm(ID, ginv)_No_519465",0.463982596240189,0.785370788987488,0.590781580810208
"vm(ID, ginv)_No_519466",0.514296057302556,0.782989465382791,0.656836496581885
"vm(ID, ginv)_No_519467",0.169079338094039,0.830569227572001,0.203570433964075
"vm(ID, ginv)_No_519468",0.427707930422103,0.810401946669845,0.527772585171677
"vm(ID, ginv)_No_519469",-0.517683577964034,0.800408637578878,-0.646774102201037
"vm(ID, ginv)_No_519470",0.352871228805948,0.810987175066227,0.435113204813789
"vm(ID, ginv)_No_519471",0.572834039207731,0.798067106163686,0.71777678190666
"vm(ID, ginv)_No_519472",0.95474757236187,0.80490977154448,1.18615477922436
"vm(ID, ginv)_No_519473",0.468232309590273,0.814337100591689,0.574985849533394
"vm(ID, ginv)_No_519474",0.0167335068532431,0.801923572561099,0.0208667102773913
"vm(ID, ginv)_No_519475",0.656738022291526,0.807119339663727,0.813681434724567
"vm(ID, ginv)_No_519476",0.758213778835632,0.824690367535998,0.919392063594748
"vm(ID, ginv)_No_519477",-0.216988564791769,0.83261278046781,-0.26061161908883
"vm(ID, ginv)_No_519478",0.848037004956064,0.813300743960596,1.04271022896931
"vm(ID, ginv)_No_519479",0.676938098703103,0.79183424281829,0.854898742814848
"vm(ID, ginv)_No_519480",0.37933808214829,0.828246657402676,0.458001343872449
"vm(ID, ginv)_No_519481",-0.624018792449278,0.812410443501123,-0.768107792607931
"vm(ID, ginv)_No_519482",0.959261057871465,0.810982822620405,1.18283770150883
"vm(ID, ginv)_No_519483",0.212278246325135,0.819090546767993,0.259163345447891
"vm(ID, ginv)_No_519484",0.918783376534433,0.822471063136705,1.11710115737132
"vm(ID, ginv)_No_519485",0.039976409273914,0.820888743634923,0.0486989370775107
"vm(ID, ginv)_No_519486",0.287806922895489,0.79334699251283,0.362775589510834
"vm(ID, ginv)_No_519487",-0.0681562270736625,0.789480704642837,-0.0863304532623081
"vm(ID, ginv)_No_519488",0.968796115625289,0.801059068795991,1.20939410508318
"vm(ID, ginv)_No_519489",0.17459236430858,0.830444462607264,0.210239663421236
"vm(ID, ginv)_No_519490",-0.0256450420603271,0.813496203251279,-0.0315244766451672
"vm(ID, ginv)_No_519491",0.752044801373515,0.80939334100575,0.929146267053576
"vm(ID, ginv)_No_519492",-0.337722972101085,0.807236678237957,-0.418369210921225
"vm(ID, ginv)_No_519493",0.706759011886124,0.79625550818964,0.887603293938908
"vm(ID, ginv)_No_519494",0.268807063282297,0.799090086052114,0.336391438179808
"vm(ID, ginv)_No_519495",-0.0545899489514405,0.818810330119435,-0.0666698342013807
"vm(ID, ginv)_No_519496",0.868953365660341,0.78370494116849,1.10877617329393
"vm(ID, ginv)_No_519497",0.418506517012878,0.824094888912106,0.507837777716777
"vm(ID, ginv)_No_519498",0.248414649442365,0.854061459373124,0.290862732085698
"vm(ID, ginv)_No_519499",0.378116449647589,0.816210672855586,0.463258399114918
"vm(ID, ginv)_No_519500",0.882905730832613,0.821075865896535,1.07530347377653
"vm(ID, ginv)_Nr_500378",0.335031500744808,0.889313335531067,0.37673054856952
"vm(ID, ginv)_Nr_502159",-0.572847423049177,0.890662717428115,-0.643169868728015
"vm(ID, ginv)_Nr_504822",-0.637634827003987,0.885489774458871,-0.720092818004195
"vm(ID, ginv)_Nr_502379",-0.173009361939047,0.903141884488982,-0.191563878179495
"vm(ID, ginv)_Nr_501281",0.124286078727102,0.895373578840934,0.138809187208752
"vm(ID, ginv)_Nr_500282",0.299857854655939,0.912118164284106,0.328748912583369
"vm(ID, ginv)_Nr_504204",0.361333764407738,0.881745406211517,0.409793758903984
"vm(ID, ginv)_Nr_500848",-0.0829787486779113,0.901053892704823,-0.0920907720944661
"vm(ID, ginv)_Nr_502038",-0.187690589638192,0.889638657062055,-0.210973959088088
"vm(ID, ginv)_Nr_500124",-0.811509901842699,0.881515226079332,-0.920585235324872
"vm(ID, ginv)_Nr_504446",0.0808893072003348,0.898743608865853,0.0900026508142974
"vm(ID, ginv)_Nr_500861",0.111784137757625,0.887898442898486,0.125897436414815
"vm(ID, ginv)_Nr_504002",-0.69662680230868,0.901608349091758,-0.772649014409008
"vm(ID, ginv)_Nr_502144",0.158532580715866,0.888967166871784,0.178333448774865
"vm(ID, ginv)_Nr_503150",-0.0227283910451623,0.902174557430014,-0.0251928973810874
"vm(ID, ginv)_Nr_501373",-0.0766737798924772,0.888663380844871,-0.08627989128975
"vm(ID, ginv)_Nr_503313",-0.0883168374093073,0.892551118530008,-0.0989487723176699
"vm(ID, ginv)_Nr_501196",-0.369238256428427,0.895371847371055,-0.412385376547817
"vm(ID, ginv)_Nr_500783",-0.969095177469748,0.896745226913153,-1.08068060847744
"vm(ID, ginv)_Nr_500851",-0.296795233434557,0.894998135414885,-0.331615476826636
"vm(ID, ginv)_Nr_501377",-0.341531129488435,0.899841888438241,-0.379545711170652
"vm(ID, ginv)_Nr_502920",-0.334709587884904,0.898141305150098,-0.372669184643464
"vm(ID, ginv)_Nr_500696",-0.238030680634568,0.890693588920201,-0.267241937738809
"vm(ID, ginv)_Nr_500630",-0.880187198107567,0.892093106376528,-0.986653962255891
"vm(ID, ginv)_Nr_502409",-1.10339702733592,0.892775767778658,-1.23591731222871
"vm(ID, ginv)_Nr_502740",0.0701965831119081,0.90205097786173,0.0778188648254734
"vm(ID, ginv)_Nr_501819",-0.778002556512888,0.895060963287981,-0.869217392360536
"vm(ID, ginv)_Nr_502122",-0.604462554670412,0.893026415407969,-0.676869736707923
"vm(ID, ginv)_Nr_500459",-1.15663847599538,0.889934702394944,-1.29968914897093
"vm(ID, ginv)_Nr_500554",0.391772971115579,0.901765230322948,0.434451183014979
"vm(ID, ginv)_Nr_503971",-0.306326268431497,0.885392391934657,-0.345977976795292
"vm(ID, ginv)_Nr_504491",0.0673341934814395,0.881114164432206,0.076419374695707
"vm(ID, ginv)_Nr_504417",-0.010898194886399,0.901581344858256,-0.0120878664454979
"vm(ID, ginv)_Nr_502934",-0.520640256398351,0.897679419403058,-0.579984619391819
"vm(ID, ginv)_Nr_502208",-0.851753500895684,0.893553426498467,-0.953220563691885
"vm(ID, ginv)_Nr_502285",-0.0837344153640457,0.899220606118682,-0.0931188796100544
"vm(ID, ginv)_Nr_502430",-0.593220011184491,0.89673505975951,-0.66153319726741
"vm(ID, ginv)_Nr_501879",-1.54886470840741,0.892025632825575,-1.73634551677763
"vm(ID, ginv)_Nr_502957",-0.345020473285537,0.903143930065855,-0.382021582385411
"vm(ID, ginv)_Nr_501470",0.989637418684193,0.720454551089188,1.37362921392897
"vm(ID, ginv)_Nr_503284",-0.0653946072361554,0.889235204178949,-0.0735402815012658
"vm(ID, ginv)_Nr_503148",0.441743002201212,0.890841937176045,0.495871359179083
"vm(ID, ginv)_Nr_501114",-0.252351588549993,0.895145773640356,-0.281911165735315
"vm(ID, ginv)_Nr_500430",0.317170181954837,0.897168620773274,0.353523490022942
"vm(ID, ginv)_Nr_504551",0.100780384142845,0.90098078498903,0.111856307950088
"vm(ID, ginv)_Nr_503960",-0.313546873269619,0.88580278954171,-0.353969164436522
"vm(ID, ginv)_Nr_501337",0.102792592009326,0.902935799401833,0.113842636516819
"vm(ID, ginv)_Nr_502476",-1.24848311882559,0.882376362881404,-1.41490997645117
"vm(ID, ginv)_Nr_504582",-1.08307937741178,0.899051201638838,-1.20469154085717
"vm(ID, ginv)_Nr_504051",-0.571880391304849,0.899665825719307,-0.635658680096707
"vm(ID, ginv)_Nr_502835",0.0329232740697429,0.900921082416944,0.036544015577278
"vm(ID, ginv)_Nr_500593",-0.27321608009704,0.902839361619317,-0.302618706839503
"vm(ID, ginv)_Nr_502249",-0.784164556834475,0.886203329814551,-0.884858508711055
"vm(ID, ginv)_Nr_501963",-0.246513754398974,0.895573432534755,-0.275258002798567
"vm(ID, ginv)_Nr_503040",-0.241033025090587,0.896868871651253,-0.268749460160005
"vm(ID, ginv)_Nr_503765",-0.329682709317933,0.896625524666626,-0.36769275494417
"vm(ID, ginv)_Nr_500012",-0.534352731889591,0.896919110300654,-0.595764685747939
"vm(ID, ginv)_Nr_500443",-0.630868581187561,0.895930078211254,-0.704149348849974
"vm(ID, ginv)_Nr_500484",0.220482720814247,0.885844655622227,0.248895468765206
"vm(ID, ginv)_Nr_502758",-0.98284254425468,0.884973133299701,-1.11059026231685
"vm(ID, ginv)_Nr_503251",-0.662664154689695,0.901675430633744,-0.734925375779554
"vm(ID, ginv)_Nr_503611",-0.624952616296807,0.901657038984985,-0.693115662913617
"vm(ID, ginv)_Nr_504831",-0.678145549083128,0.887479698770749,-0.76412514001439
"vm(ID, ginv)_Nr_503203",-0.202325126541363,0.899992491808948,-0.224807571599512
"vm(ID, ginv)_Nr_502625",0.110120148102998,0.892092250969683,0.123440314589999
"vm(ID, ginv)_Nr_503062",-0.425819271276342,0.894055995860998,-0.476278077936569
"vm(ID, ginv)_Nr_501272",-0.000861021371568289,0.905250579790499,-0.000951141474847278
"vm(ID, ginv)_Nr_503740",-0.463005481886998,0.892197811887866,-0.518949358222805
"vm(ID, ginv)_Nr_504153",-0.0258144811689671,0.895182927987773,-0.0288371017385172
"vm(ID, ginv)_Nr_500147",-0.00193246582753008,0.894223460214424,-0.0021610547178741
"vm(ID, ginv)_Nr_501870",-0.625531785253615,0.89633717640907,-0.697875533579492
"vm(ID, ginv)_Nr_504361",-0.298826091358885,0.888933950051626,-0.336162311431047
"vm(ID, ginv)_Nr_504108",-0.234339539168433,0.897158045311999,-0.261202070686373
"vm(ID, ginv)_Nr_504769",-1.05855511719423,0.896065211963684,-1.18133714272252
"vm(ID, ginv)_Nr_503895",-0.230110447866397,0.88433168884094,-0.260208302800948
"vm(ID, ginv)_Nr_501128",-1.48925166434052,0.898247286029858,-1.65795286832742
"vm(ID, ginv)_Nr_501034",-0.498952904643675,0.898256176639683,-0.555468381537019
"vm(ID, ginv)_Nr_502174",-0.548579674267898,0.889917472417266,-0.616438817385843
"vm(ID, ginv)_Nr_501670",0.0415110141369767,0.891084960649041,0.0465847993963912
"vm(ID, ginv)_Nr_504583",0.326670706794538,0.893837897496362,0.36546974312629
"vm(ID, ginv)_Nr_501340",-0.421922733299019,0.892589397187492,-0.472695210842161
"vm(ID, ginv)_Nr_501365",-0.761724482800078,0.886984547699545,-0.858779879283876
"vm(ID, ginv)_Nr_500599",-0.696406132717016,0.886712786734467,-0.785379598823311
"vm(ID, ginv)_Nr_502414",-0.267876979160096,0.887961644577382,-0.301676295137263
"vm(ID, ginv)_Nr_500185",-0.337223996510206,0.89607364165518,-0.376335136794453
"vm(ID, ginv)_Nr_503349",-0.531560725588558,0.893184733186764,-0.595129658891527
"vm(ID, ginv)_Nr_500513",-0.499358764322104,0.879800251167499,-0.567581975180676
"vm(ID, ginv)_Nr_502520",-0.489277120822292,0.884794542454893,-0.552983881958376
"vm(ID, ginv)_Nr_500292",-0.0702865351946026,0.898840612814487,-0.0781968840665961
"vm(ID, ginv)_Nr_500304",-0.261808269016867,0.901553305549223,-0.29039688214262
"vm(ID, ginv)_Nr_503849",-0.533224314802938,0.893715631790886,-0.596637561026462
"vm(ID, ginv)_Nr_502795",-0.366974541155777,0.89407489454278,-0.410451678484322
"vm(ID, ginv)_Nr_504642",-0.60559581660737,0.88789987009268,-0.682054178636334
"vm(ID, ginv)_Nr_504971",-0.61227501095989,0.891594702387846,-0.68671898713632
"vm(ID, ginv)_Nr_502923",-0.107993334203008,0.888229582570748,-0.12158268123704
"vm(ID, ginv)_Nr_500779",-0.716370381105926,0.881009188453062,-0.813124755672276
"vm(ID, ginv)_Nr_500184",-0.251465346049733,0.889896679136679,-0.282578137378475
"vm(ID, ginv)_Nr_503077",-0.273631527463966,0.900502858932078,-0.303865251231373
"vm(ID, ginv)_Nr_504479",-0.174578654819231,0.891231948711544,-0.195884646047104
"vm(ID, ginv)_Nr_503374",-0.401039843300698,0.904169356696754,-0.443545050858433
"vm(ID, ginv)_Nr_501312",-0.590531444588561,0.892702511755192,-0.661509782724241
"vm(ID, ginv)_Nr_502056",-1.08796040392549,0.883656845283426,-1.23120237197567
"vm(ID, ginv)_Nr_503585",0.0547109257610045,0.888080181082754,0.061605840245529
"vm(ID, ginv)_Nr_501445",-0.428116852059578,0.891886693532967,-0.48001260156008
"vm(ID, ginv)_Nr_503314",0.11918047967546,0.898835763131486,0.132594278692519
"vm(ID, ginv)_Nr_501861",-0.245219730135175,0.89387768973732,-0.274332532236302
"vm(ID, ginv)_Nr_503299",-0.503963927700214,0.883940408440585,-0.570133374250067
"vm(ID, ginv)_Nr_501469",0.1359662123022,0.895042006071522,0.151910425856968
"vm(ID, ginv)_Nr_504779",-0.378346088955289,0.89554564045099,-0.422475496351874
"vm(ID, ginv)_Nr_500181",0.135514282594539,0.892050404647496,0.151913257242554
"vm(ID, ginv)_Nr_504095",-1.40916953475897,0.900908064183037,-1.56416574652025
"vm(ID, ginv)_Nr_501271",0.384808195640833,0.892392194197548,0.431209728349157
"vm(ID, ginv)_Nr_502113",-0.0389178660836451,0.899254899572071,-0.0432779027416642
"vm(ID, ginv)_Nr_501194",-0.210988901158104,0.892104439085249,-0.236506951332345
"vm(ID, ginv)_Nr_503098",-0.313076879957825,0.891115335566485,-0.351331491516528
"vm(ID, ginv)_Nr_500529",-0.170063132258427,0.903631318951066,-0.188199687961054
"vm(ID, ginv)_Nr_502008",-0.249173727942019,0.896619985791112,-0.277903383697349
"vm(ID, ginv)_Nr_504625",-0.867513789026792,0.908621166072728,-0.954758508187068
"vm(ID, ginv)_Nr_502371",-0.143220746807009,0.894317292885854,-0.160145339854553
"vm(ID, ginv)_Nr_500225",0.0169554616748786,0.872460767249374,0.0194340677671209
"vm(ID, ginv)_Nr_502615",-0.355661233410208,0.894024955612612,-0.397820252306602
"vm(ID, ginv)_Nr_501040",-0.859704263176284,0.894942042708558,-0.960625629537275
"vm(ID, ginv)_Nr_503027",-0.97454175377874,0.883483263266415,-1.10306758973075
"vm(ID, ginv)_Nr_503271",-0.28141274059811,0.875711482439208,-0.321353261024124
"vm(ID, ginv)_Nr_504895",-0.235400636495395,0.883043974497376,-0.266578611364608
"vm(ID, ginv)_Nr_502756",-0.420357636509529,0.888797578059545,-0.472950924807052
"vm(ID, ginv)_Nr_504917",-0.0943776191815339,0.896514306460046,-0.105271737998461
"vm(ID, ginv)_Nr_500909",0.0694301033421955,0.878908038330131,0.0789958679569118
"vm(ID, ginv)_Nr_500741",-1.26272743865685,0.886408380307943,-1.42454366035909
"vm(ID, ginv)_Nr_503156",-0.702920996681197,0.874778328496892,-0.803541850298243
"vm(ID, ginv)_Nr_503498",0.309569354560625,0.890266368909517,0.347726664031817
"vm(ID, ginv)_Nr_504925",-0.237884771897179,0.888209573284737,-0.267825048335658
"vm(ID, ginv)_Nr_500351",-0.0125242508771378,0.893782964719916,-0.0140126309982452
"vm(ID, ginv)_Nr_501485",0.391751078060447,0.891830891241792,0.439266100678538
"vm(ID, ginv)_Nr_502411",-0.291117558198653,0.900270382621624,-0.323366806037656
"vm(ID, ginv)_Nr_504666",0.0245012572233887,0.90268714551449,0.0271425790708741
"vm(ID, ginv)_Nr_503884",-0.369980510339598,0.8884428920857,-0.416437019909108
"vm(ID, ginv)_Nr_504762",-0.51141961031496,0.894897764669653,-0.571483839278276
"vm(ID, ginv)_Nr_503231",-0.205425127606106,0.891415393525302,-0.230448261380932
"vm(ID, ginv)_Nr_502181",0.271234591140637,0.900476948411339,0.301212142764077
"vm(ID, ginv)_Nr_501848",-0.616695893964253,0.903750336999082,-0.682374178705153
"vm(ID, ginv)_Nr_504505",-0.162873650883139,0.893093930978727,-0.182370123940545
"vm(ID, ginv)_Nr_501562",-0.449867429159429,0.891737055008853,-0.504484395520563
"vm(ID, ginv)_Nr_500737",-0.260797784575414,0.891249591056029,-0.292620369414586
"vm(ID, ginv)_Nr_504102",-0.738658513396571,0.891831808372582,-0.82824867476355
"vm(ID, ginv)_Nr_503424",0.0688398575150531,0.891555169669217,0.0772132335238367
"vm(ID, ginv)_Nr_503651",0.356784589959316,0.891099879964459,0.400386755717605
"vm(ID, ginv)_Nr_503514",-0.863831213212715,0.883219329775748,-0.978048355703498
"vm(ID, ginv)_Nr_501709",-0.197994156581341,0.885775135749121,-0.223526433053342
"vm(ID, ginv)_Nr_504946",-0.603221070916442,0.886926765800276,-0.680125004878113
"vm(ID, ginv)_Nr_501383",-0.610901949191847,0.897257501592437,-0.680854657785117
"vm(ID, ginv)_Nr_502161",-1.23179463642522,0.901423116137341,-1.36649994256143
"vm(ID, ginv)_Nr_502733",-0.378354598839998,0.890235213669725,-0.425005204276683
"vm(ID, ginv)_Nr_500778",-0.55556114150324,0.879641451818872,-0.631576809340309
"vm(ID, ginv)_Nr_501897",-0.368332281424692,0.886396639197139,-0.415538896625682
"vm(ID, ginv)_Nr_504765",-0.954646722207686,0.89143092357092,-1.07091497160939
"vm(ID, ginv)_Nr_501332",-0.298819022918478,0.887731386330083,-0.336609730736015
"vm(ID, ginv)_Nr_503388",-0.396286184214406,0.898546979689653,-0.441030010864071
"vm(ID, ginv)_Nr_503669",-0.708721224511779,0.89218085830844,-0.794369457618159
"vm(ID, ginv)_Nr_503422",0.0609765438013552,0.887459667354641,0.0687090873471641
"vm(ID, ginv)_Nr_501785",-0.411415406003755,0.895144574993785,-0.459607774539226
"vm(ID, ginv)_Nr_502265",-0.599670094787746,0.886655949290067,-0.676327830730616
"vm(ID, ginv)_Nr_501119",-0.624914093136915,0.901060652919423,-0.693531663059754
"vm(ID, ginv)_Nr_503959",0.134593483983277,0.895574064370359,0.150287384749026
"vm(ID, ginv)_Nr_500428",-0.88060656038161,0.898529947203357,-0.980052543738211
"vm(ID, ginv)_Nr_501351",-0.331082204550654,0.892482702963122,-0.370967642791767
"vm(ID, ginv)_Nr_504048",-0.401062538204906,0.904520211099213,-0.443398094684382
"vm(ID, ginv)_Nr_500981",0.531283084754059,0.878443286949173,0.604800665731309
"vm(ID, ginv)_Nr_500469",-0.416141947396615,0.898034414890358,-0.463391981973678
"vm(ID, ginv)_Nr_500068",0.0732127182415738,0.889732397840674,0.0822862227106224
"vm(ID, ginv)_Nr_503416",-0.497419426743859,0.890792319312505,-0.558401117701326
"vm(ID, ginv)_Nr_504407",-1.10820520533896,0.887664670662341,-1.24845027854049
"vm(ID, ginv)_Nr_502731",-1.10890640669688,0.866400566942056,-1.27990037057656
"vm(ID, ginv)_Nr_504457",-0.757879666111089,0.89941654898862,-0.842634780250945
"vm(ID, ginv)_Nr_504296",-0.523054873886222,0.898369284068709,-0.582227023075978
"vm(ID, ginv)_Nr_502005",-0.929427046374945,0.889817982752839,-1.0445136695255
"vm(ID, ginv)_Nr_503274",0.258673972557842,0.895971112942578,0.288707938036413
"vm(ID, ginv)_Nr_502784",0.0247994555333064,0.883995960703449,0.0280538109173847
"vm(ID, ginv)_Nr_503882",0.306591248190876,0.894000997062527,0.342942848160417
"vm(ID, ginv)_Nr_502907",-0.373877124617949,0.896534119410489,-0.417024981563212
"vm(ID, ginv)_Nr_501694",-0.181549340700892,0.861556248063609,-0.210722562930666
"vm(ID, ginv)_Nr_502571",-0.0328905190749767,0.892841199465129,-0.0368380391660693
"vm(ID, ginv)_Nr_503610",-0.182926959783518,0.899988730751902,-0.203254722568237
"vm(ID, ginv)_Nr_503170",-0.621589019781895,0.900585481067532,-0.690205463944498
"vm(ID, ginv)_Nr_503817",-0.625466016779233,0.893644273933045,-0.699904911857685
"vm(ID, ginv)_Nr_504367",-0.382972312882604,0.889417804826179,-0.430587639245033
"vm(ID, ginv)_Nr_500923",-0.86745047740935,0.877953290666324,-0.988037161693417
"vm(ID, ginv)_Nr_503928",-1.05457745526163,0.886780287861852,-1.18922067810546
"vm(ID, ginv)_Nr_502780",0.5046578613519,0.886339031006891,0.56937339290881
"vm(ID, ginv)_Nr_500745",0.412307996596197,0.893655808808066,0.461372255998786
"vm(ID, ginv)_Nr_504986",-0.783755900555788,0.890588793668979,-0.880042401305018
"vm(ID, ginv)_Nr_502524",-0.134294365709843,0.902387032309343,-0.148821249532103
"vm(ID, ginv)_Nr_501478",0.689636759996543,0.873731661621294,0.789300411429356
"vm(ID, ginv)_Nr_500018",-0.266988484009911,0.898914426210164,-0.297012125097979
"vm(ID, ginv)_Nr_502092",-0.407133977862725,0.886229752796777,-0.459400033205707
"vm(ID, ginv)_Nr_500840",-1.14928063523867,0.871535080496333,-1.31868545622302
"vm(ID, ginv)_Nr_503342",-0.343651702789852,0.881046115427283,-0.390049620300738
"vm(ID, ginv)_Nr_501797",-0.593284105455296,0.901252128896814,-0.658288714592565
"vm(ID, ginv)_Nr_504375",-0.53445000754811,0.896272600662087,-0.596302963131201
"vm(ID, ginv)_Nr_501447",0.416345736774162,0.889337174046745,0.468152854647543
"vm(ID, ginv)_Nr_504526",-0.841581901044734,0.889034033789222,-0.946625066149336
"vm(ID, ginv)_Nr_500727",-0.646494644021682,0.901476938783207,-0.717150507359961
"vm(ID, ginv)_Nr_504653",-0.429542281032694,0.893655765370853,-0.480657427252697
"vm(ID, ginv)_Nr_502180",-0.280128998816224,0.894408711644386,-0.313200212798914
"vm(ID, ginv)_Nr_504288",-0.477501514678246,0.89225010905772,-0.535165543641706
"vm(ID, ginv)_Nr_502168",-0.397669764975854,0.881478805428702,-0.451139338265144
"vm(ID, ginv)_Nr_500566",0.154948548594452,0.867029174407985,0.178712035497828
"vm(ID, ginv)_Nr_501177",0.567057106874478,0.896215021324813,0.632724394684031
"vm(ID, ginv)_Nr_500021",0.0638648949530955,0.898000851712005,0.0711189692430018
"vm(ID, ginv)_Nr_502861",-0.221242778487425,0.901591903190678,-0.245391265942452
"vm(ID, ginv)_Nr_501055",-0.662141307562483,0.896745813863222,-0.738382379182734
"vm(ID, ginv)_Nr_504760",0.156063162647422,0.892110672006509,0.174936997778997
"vm(ID, ginv)_Nr_501430",0.0798447510085532,0.909849662221376,0.0877559824703503
"vm(ID, ginv)_Nr_504356",-0.244773685228597,0.880815449726752,-0.277894404900063
"vm(ID, ginv)_Nr_500436",0.445846988543773,0.889678387655828,0.501132762951019
"vm(ID, ginv)_Nr_504650",-0.212054677002129,0.898879775026949,-0.235909943569229
"vm(ID, ginv)_Nr_500883",-0.203630138370409,0.917684542810441,-0.221895573991892
"vm(ID, ginv)_Nr_504562",-0.492640791569176,0.900960361355491,-0.546795189555288
"vm(ID, ginv)_Nr_501876",-0.0269285027511407,0.889640128241268,-0.0302689839366573
"vm(ID, ginv)_Nr_504553",-0.18144879397745,0.885871790479048,-0.204825117954517
"vm(ID, ginv)_Nr_501297",-0.761782558106409,0.886922644514347,-0.858905297793518
"vm(ID, ginv)_Nr_501559",0.0152524791061723,0.893969845494488,0.0170615140801931
"vm(ID, ginv)_Nr_500409",-0.44012805166321,0.891375295785043,-0.493762900704562
"vm(ID, ginv)_Nr_504723",-0.1310634565674,0.883076447773482,-0.148416886100691
"vm(ID, ginv)_Nr_503957",-0.154667287758252,0.900832949711349,-0.171693639545281
"vm(ID, ginv)_Nr_502599",0.0965959354288356,0.898632392395552,0.107492158357805
"vm(ID, ginv)_Nr_501227",0.342448914284787,0.887614413243621,0.385808194611634
"vm(ID, ginv)_Nr_503161",-0.132141958754848,0.894724510094337,-0.147690107138023
"vm(ID, ginv)_Nr_500164",-0.146139059905069,0.903049756336841,-0.161828358714
"vm(ID, ginv)_Nr_503623",-0.299625910852278,0.895829732462013,-0.334467477462279
"vm(ID, ginv)_Nr_501920",-0.286549331343806,0.902094164478966,-0.317649024488826
"vm(ID, ginv)_Nr_503370",-1.10205937939836,0.900670209748632,-1.22359923473647
"vm(ID, ginv)_Nr_501646",-0.57888007496842,0.890822268944499,-0.649826677160094
"vm(ID, ginv)_Nr_503121",0.124315349219221,0.896212023421864,0.13871198552388
"vm(ID, ginv)_Nr_504320",-0.546738817373038,0.895684584701386,-0.610414454721598
"vm(ID, ginv)_Nr_503709",-0.787338050474455,0.898409170522573,-0.876369115885682
"vm(ID, ginv)_Nr_504004",-0.785887702076582,0.904527845655627,-0.868837488918817
"vm(ID, ginv)_Nr_504212",0.118080359394865,0.899970557296961,0.131204691572929
"vm(ID, ginv)_Nr_503972",-0.310259668674564,0.896028818344915,-0.346260814744391
"vm(ID, ginv)_Nr_504060",-0.162331613030762,0.885450622203968,-0.183332202790375
"vm(ID, ginv)_Nr_501802",-0.431278011732746,0.887407924523724,-0.485997476261231
"vm(ID, ginv)_Nr_503814",-0.473686924967138,0.890522065761511,-0.531920480333158
"vm(ID, ginv)_Nr_501164",-0.488633568639917,0.895274223961242,-0.545792066343542
"vm(ID, ginv)_Nr_500516",-0.0992220576190156,0.898074821157474,-0.110483063639547
"vm(ID, ginv)_Nr_502158",-0.728832902666046,0.886968181173219,-0.8217125688793
"vm(ID, ginv)_Nr_501761",-0.383318803716215,0.893284037878594,-0.429111892144111
"vm(ID, ginv)_Nr_500623",-0.344110214635553,0.898885004832075,-0.38281895101792
"vm(ID, ginv)_Nr_500752",-0.0678115201918506,0.887965388070513,-0.0763673011390684
"vm(ID, ginv)_Nr_503109",-0.252881845250909,0.892144894566818,-0.283453782889937
"vm(ID, ginv)_Nr_504486",-0.416732805406727,0.899734151189065,-0.463173266076411
"vm(ID, ginv)_Nr_503468",-0.0237180280744095,0.893617518441013,-0.0265415880787426
"vm(ID, ginv)_Nr_500608",-0.29271828977068,0.890155327154187,-0.328839564108992
"vm(ID, ginv)_Nr_504258",-0.471772037056532,0.886156660669735,-0.532379948145939
"vm(ID, ginv)_Nr_502231",-0.31041603532418,0.893896914387689,-0.347261558159435
"vm(ID, ginv)_Nr_501760",-0.160808505684684,0.86989254993604,-0.184860194165943
"vm(ID, ginv)_Nr_502568",0.306436469479495,0.889964234166541,0.344324477001568
"vm(ID, ginv)_Nr_502446",-0.898321169670659,0.888798395879711,-1.01071421127119
"vm(ID, ginv)_Nr_500711",-0.135794809179688,0.882423038694594,-0.153888558236846
"vm(ID, ginv)_Nr_502341",-0.00981281769523896,0.894657002120078,-0.010968245564485
"vm(ID, ginv)_Nr_500974",-0.293666261057913,0.890188939097084,-0.329892057921746
"vm(ID, ginv)_Nr_500816",-0.400611168487927,0.882056290463395,-0.454178687708766
"vm(ID, ginv)_Nr_501121",-0.385543987040226,0.893541712691733,-0.431478443103458
"vm(ID, ginv)_Nr_501947",-0.614451089755801,0.8917817744243,-0.689015079000091
"vm(ID, ginv)_Nr_500115",-0.168434989099894,0.903101238255138,-0.186507317192171
"vm(ID, ginv)_Nr_500657",-0.595568658479863,0.895339536211068,-0.665187489653605
"vm(ID, ginv)_Nr_501423",-0.640991130072831,0.901835277816761,-0.710762980601731
"vm(ID, ginv)_Nr_504948",-0.403284576405416,0.891579163605549,-0.452326156630368
"vm(ID, ginv)_Nr_500658",-0.568586695406751,0.895871631609443,-0.634674294112069
"vm(ID, ginv)_Nr_500712",-0.275643003977468,0.893558508749522,-0.308477845914324
"vm(ID, ginv)_Nr_502635",-0.300153809425081,0.894105263432252,-0.335702989011455
"vm(ID, ginv)_Nr_504099",-0.239525338628206,0.890447525285689,-0.268994333553072
"vm(ID, ginv)_Nr_500987",-0.419843207158845,0.885262108315528,-0.474258644095499
"vm(ID, ginv)_Nr_501422",-0.532442565152581,0.899821713876138,-0.591720067366448
"vm(ID, ginv)_Nr_504524",0.0772922458796238,0.899520785307059,0.0859260254372438
"vm(ID, ginv)_Nr_502790",-0.827728266097828,0.892902962591567,-0.927008085733555
"vm(ID, ginv)_Nr_503488",-1.03891144862185,0.897851534650694,-1.15710828408399
"vm(ID, ginv)_Nr_500713",-0.15836882184559,0.89426153066002,-0.1770945259478
"vm(ID, ginv)_Nr_504209",-0.81160643562365,0.886989530622589,-0.915012418527616
"vm(ID, ginv)_Nr_502990",-0.304984308342483,0.890576522130773,-0.342457162033403
"vm(ID, ginv)_Nr_504230",-0.236507899293823,0.890164083076372,-0.265690229240053
"vm(ID, ginv)_Nr_504115",-0.903331718029058,0.905914130646373,-0.997149384770637
"vm(ID, ginv)_Nr_501108",-1.04829938135447,0.900563073803307,-1.1640488177327
"vm(ID, ginv)_Nr_501111",-0.596166048965606,0.895138382645059,-0.666004341366734
"vm(ID, ginv)_Nr_501030",-0.641002131693736,0.923491412423479,-0.694107300913152
"vm(ID, ginv)_Nr_502033",0.0468997741712634,0.895270866083412,0.052386127984303
"vm(ID, ginv)_Nr_503082",-0.68537880767337,0.898540760978041,-0.762768743988142
"vm(ID, ginv)_Nr_504713",-0.6421066215303,0.895855297745559,-0.716752608536419
"vm(ID, ginv)_Nr_504274",-0.228758088694171,0.896684313507541,-0.255115524213134
"vm(ID, ginv)_Nr_502764",-0.663920958470663,0.896482692764032,-0.740584245328445
"vm(ID, ginv)_Nr_503069",-1.06263220667409,0.895555388102479,-1.18656223924421
"vm(ID, ginv)_Nr_500418",-0.333921097243131,0.880071803064331,-0.379424833383421
"vm(ID, ginv)_Nr_504488",-0.523929342781369,0.894844200007891,-0.585497836133652
"vm(ID, ginv)_Nr_501511",-0.138295149192585,0.900103538456871,-0.153643601301331
"vm(ID, ginv)_Nr_500337",-0.668616587803904,0.893225445947058,-0.748541805249392
"vm(ID, ginv)_Nr_501347",-0.194464170797725,0.901635533440336,-0.215679355554806
"vm(ID, ginv)_Nr_504281",-0.949723077319844,0.8861125120578,-1.07178610435634
"vm(ID, ginv)_Nr_503832",0.107365132084437,0.886504794833629,0.121110605052719
"vm(ID, ginv)_Nr_503354",1.72088676576664,0.733383993440623,2.34650167055489
"vm(ID, ginv)_Nr_501529",0.125486239655974,0.901066851980032,0.139264072782421
"vm(ID, ginv)_Nr_504904",0.475972242222194,0.89028794124043,0.534627304464021
"vm(ID, ginv)_Nr_501088",-0.390565058382976,0.884551541877107,-0.441540192846374
"vm(ID, ginv)_Nr_502075",-0.37217838891652,0.889473666767992,-0.418425415862928
"vm(ID, ginv)_Nr_501994",-0.145111063077888,0.893306792694084,-0.162442583292414
"vm(ID, ginv)_Nr_501722",-0.122540425159676,0.887149662434242,-0.138128244138016
"vm(ID, ginv)_Nr_500669",-0.476682259397609,0.897779911809598,-0.530956700107926
"vm(ID, ginv)_Nr_502007",0.269816535298461,0.906040262090813,0.297797511421647
"vm(ID, ginv)_Nr_503717",0.0520842879579898,0.896895711159744,0.0580717326551172
"vm(ID, ginv)_Nr_503496",-0.148120392710867,0.901006071420434,-0.164394444620507
"vm(ID, ginv)_Nr_500832",0.0616018947388952,0.897652162833948,0.0686255737906473
"vm(ID, ginv)_Nr_504330",-0.408495654092173,0.885657336943288,-0.461234426738939
"vm(ID, ginv)_Nr_500180",-0.870160327461837,0.88998855210301,-0.977720809335896
"vm(ID, ginv)_Nr_502658",0.108088452835522,0.883650967380298,0.122320301595962
"vm(ID, ginv)_Nr_503283",0.0712503659830961,0.904413441757472,0.078780746385902
"vm(ID, ginv)_Nr_501673",-0.531050047405813,0.888972560981656,-0.597375071756316
"vm(ID, ginv)_Nr_500445",-0.410272163751979,0.893732109990984,-0.45905496643297
"vm(ID, ginv)_Nr_500866",-0.470792976274007,0.908492800415576,-0.518213216503917
"vm(ID, ginv)_Nr_504474",-0.377685867721684,0.894931446885252,-0.422027708419672
"vm(ID, ginv)_Nr_502865",0.159621347648378,0.887142688354786,0.179927479247332
"vm(ID, ginv)_Nr_503946",-0.549304557422401,0.893530436474244,-0.614757522519195
"vm(ID, ginv)_Nr_502320",-0.631115826548945,0.89393264747814,-0.705999303559811
"vm(ID, ginv)_Nr_504581",-0.196539135964058,0.894689964310902,-0.21967289653845
"vm(ID, ginv)_Nr_501440",-0.937436825333619,0.898340124827621,-1.0435210444524
"vm(ID, ginv)_Nr_503187",-0.297319855924671,0.907435403852476,-0.327648507720123
"vm(ID, ginv)_Nr_501078",-0.303821775628325,0.881912623090762,-0.344503262197957
"vm(ID, ginv)_Nr_502829",-0.509806182184516,0.896503227664579,-0.568660732558184
"vm(ID, ginv)_Nr_502472",-0.848753793889857,0.888705236956789,-0.955045338537963
"vm(ID, ginv)_Nr_503425",-0.844362344706799,0.902391375724159,-0.935694164884065
"vm(ID, ginv)_Nr_503487",-0.659664485009629,0.897122447745815,-0.735311535975002
"vm(ID, ginv)_Nr_503983",1.09595741284149,0.75101807741667,1.45929564919572
"vm(ID, ginv)_Nr_501327",-0.01993423125801,0.89298750506484,-0.0223230797127028
"vm(ID, ginv)_Nr_500662",-0.999534760882723,0.897192571864178,-1.11406936729971
"vm(ID, ginv)_Nr_500204",-0.331651737792953,0.898972453504519,-0.368923137188525
"vm(ID, ginv)_Nr_501950",0.0990585003384138,0.892232122852607,0.111023239133902
"vm(ID, ginv)_Nr_501677",-0.368865017176726,0.891392185595022,-0.413807775228028
"vm(ID, ginv)_Nr_502004",-0.376251314369773,0.897627256367763,-0.419162087270243
"vm(ID, ginv)_Nr_504947",-0.192384324192421,0.89237367894674,-0.215587179150656
"vm(ID, ginv)_Nr_502604",-0.375696503753607,0.900926124716029,-0.417011443498796
"vm(ID, ginv)_Nr_501459",-0.568563905263391,0.907040728827847,-0.626833930597732
"vm(ID, ginv)_Nr_500938",-0.258504674111442,0.90564817242916,-0.285436090946965
"vm(ID, ginv)_Nr_503725",0.021910786946784,0.886497544050417,0.0247161281989269
"vm(ID, ginv)_Nr_503338",-0.336091728666423,0.896403034196285,-0.374933724948581
"vm(ID, ginv)_Nr_500340",-0.789643089756272,0.889321460867071,-0.887916377264062
"vm(ID, ginv)_Nr_504050",-1.03429446324239,0.90200470278084,-1.1466619409563
"vm(ID, ginv)_Nr_503981",-0.0280959908452563,0.896072050007742,-0.0313546113228435
"vm(ID, ginv)_Nr_502407",1.01803077456335,0.737390900299973,1.38058494368349
"vm(ID, ginv)_Nr_503966",-0.168774713371965,0.882843384120276,-0.19117174847512
"vm(ID, ginv)_Nr_503355",-0.0994432833533283,0.892818388439813,-0.111381311855711
"vm(ID, ginv)_Nr_500558",-1.34219023215806,0.899739013421989,-1.491755066898
"vm(ID, ginv)_Nr_502175",-1.41274926154284,0.895517660554092,-1.57757833683449
"vm(ID, ginv)_Nr_500989",-0.753449179095483,0.899396882060515,-0.83772714151436
"vm(ID, ginv)_Nr_501512",-0.667406951909654,0.910278896412892,-0.733189525253946
"vm(ID, ginv)_Nr_502261",0.382126180051304,0.906470541039983,0.421553887027476
"vm(ID, ginv)_Nr_502281",-0.391725114006433,0.89251381373888,-0.43890089764038
"vm(ID, ginv)_Nr_502178",0.2208499797354,0.875751067498048,0.252183511881238
"vm(ID, ginv)_Nr_504357",-0.882273011507766,0.885792349980207,-0.996026903514667
"vm(ID, ginv)_Nr_504741",6.31815020634486e-05,0.903281012799927,6.99466734804964e-05
"vm(ID, ginv)_Nr_502683",-0.636997899194271,0.900904659997639,-0.707064717809253
"vm(ID, ginv)_Nr_503125",-0.106909663282781,0.897260769593745,-0.119151161965085
"vm(ID, ginv)_Nr_502962",-0.521397997922313,0.894438718678718,-0.582933170304313
"vm(ID, ginv)_Nr_504311",-0.0800962294761858,0.880205146753889,-0.0909972291931863
"vm(ID, ginv)_Nr_504835",-0.640201601478921,0.892293925679029,-0.717478381343606
"vm(ID, ginv)_Nr_501803",-0.74631527938482,0.895909765238651,-0.83302505268041
"vm(ID, ginv)_Nr_503897",-0.505607319198759,0.899540216738312,-0.562073056646723
"vm(ID, ginv)_Nr_501044",-0.469643471100888,0.894515930400686,-0.525025273603029
"vm(ID, ginv)_Nr_504290",-0.66850289003293,0.882580856014372,-0.757440959066128
"vm(ID, ginv)_Nr_503339",-1.1919007403858,0.891405550618496,-1.33710266843055
"vm(ID, ginv)_Nr_504257",-0.581940520956811,0.885827225597427,-0.656945851449004
"vm(ID, ginv)_Nr_501304",-0.299568597644498,0.896908376404126,-0.334001337846263
"vm(ID, ginv)_Nr_502562",-0.402535133930479,0.8977539376025,-0.448380248830176
"vm(ID, ginv)_Nr_503652",-0.235743255174479,0.888247410936332,-0.265402693294624
"vm(ID, ginv)_Nr_501092",-0.0518324440932306,0.881434779398327,-0.0588046277554554
"vm(ID, ginv)_Nr_502566",-0.444580444001815,0.894681443387781,-0.496914792731563
"vm(ID, ginv)_Nr_502141",0.112754266308697,0.891717966785829,0.126446107971914
"vm(ID, ginv)_Nr_504228",-1.25569699074045,0.89471399657066,-1.40346188341012
"vm(ID, ginv)_Nr_500325",-0.0683855373169947,0.873283494641832,-0.0783085192112125
"vm(ID, ginv)_Nr_504031",-0.876625868188798,0.912507621123684,-0.960677859445492
"vm(ID, ginv)_Nr_503758",-0.599522220875432,0.898529369353162,-0.667226071093278
"vm(ID, ginv)_Nr_504590",-0.0727116398173536,0.897470227528794,-0.0810184422691847
"vm(ID, ginv)_Nr_501029",-0.406341472003151,0.889969073640206,-0.45657931723527
"vm(ID, ginv)_Nr_501229",-0.470832326387963,0.897534057764675,-0.524584356788175
"vm(ID, ginv)_Nr_502224",-1.58732730614844,0.90165373542688,-1.76046218607073
"vm(ID, ginv)_Nr_504081",-0.419348915693636,0.881305959315672,-0.475826710645707
"vm(ID, ginv)_Nr_501525",-0.99969693602646,0.877047625964208,-1.13984338641521
"vm(ID, ginv)_Nr_504632",-0.471466786109818,0.902088815695957,-0.522638988430517
"vm(ID, ginv)_Nr_503764",0.463652158846943,0.885840725734815,0.523403525461463
"vm(ID, ginv)_Nr_503560",-0.452544693827985,0.901887032686509,-0.50177536368381
"vm(ID, ginv)_Nr_504382",-0.74128452273923,0.895590672868072,-0.827704603449379
"vm(ID, ginv)_Nr_502216",-0.818303706452157,0.886431217635843,-0.923144052433775
"vm(ID, ginv)_Nr_501587",0.0488653984618478,0.887640044400731,0.055050917058207
"vm(ID, ginv)_Nr_502266",-0.0992536515743229,0.886068228160164,-0.1120158114465
"vm(ID, ginv)_Nr_503243",-0.493531931580603,0.899978332717824,-0.548382015031626
"vm(ID, ginv)_Nr_503987",0.0874988688562105,0.894584654609113,0.0978094900302565
"vm(ID, ginv)_Nr_503273",-0.354337831069767,0.888641216379904,-0.398741161830473
"vm(ID, ginv)_Nr_501488",-0.702001375119866,0.895049105443008,-0.784316045735175
"vm(ID, ginv)_Nr_504175",0.0996150532142358,0.893445271593705,0.111495417102096
"vm(ID, ginv)_Nr_502295",-0.73700457793968,0.885117533622319,-0.832662951465338
"vm(ID, ginv)_Nr_500067",-0.84571734348037,0.899185280298565,-0.940537353102086
"vm(ID, ginv)_Nr_504057",-0.166713480220445,0.900530427823275,-0.185128092365983
"vm(ID, ginv)_Nr_504241",-0.482641946354324,0.887283688189865,-0.543954490292676
"vm(ID, ginv)_Nr_503614",-0.167322952064669,0.894114582832438,-0.187138153517877
"vm(ID, ginv)_Nr_504778",-0.31126325274348,0.904179128318094,-0.344249544138976
"vm(ID, ginv)_Nr_504347",-1.06467914429584,0.906551934769633,-1.17442708295183
"vm(ID, ginv)_Nr_502084",-0.258281097974222,0.894765810716338,-0.288657763719699
"vm(ID, ginv)_Nr_504828",-0.205861301386869,0.896067074896856,-0.229738718399585
"vm(ID, ginv)_Nr_503391",0.437969581337778,0.892637252936972,0.490646765969896
"vm(ID, ginv)_Nr_501711",-0.0248307738216465,0.886207630039125,-0.0280191379310853
"vm(ID, ginv)_Nr_500679",-0.688327208818793,0.892505471079339,-0.771230240175865
"vm(ID, ginv)_Nr_500462",-0.0906232706208284,0.884220178575269,-0.102489484877905
"vm(ID, ginv)_Nr_501614",-0.806183849354918,0.888528711343246,-0.907324478165885
"vm(ID, ginv)_Nr_502349",-0.303463435433561,0.890335587781494,-0.340841632748524
"vm(ID, ginv)_Nr_502017",-0.200333576675421,0.873299188055438,-0.229398560556894
"vm(ID, ginv)_Nr_500933",0.0764468977156182,0.881160747370637,0.0867570394434091
"vm(ID, ginv)_Nr_504429",-0.517621212428145,0.892521558120505,-0.579953736376032
"vm(ID, ginv)_Nr_504787",-0.303136391333169,0.892811526026412,-0.339530105174965
"vm(ID, ginv)_Nr_500555",-0.0372828105189545,0.890500140066432,-0.0418672708082597
"vm(ID, ginv)_Nr_502914",0.0732737379497578,0.884189624951047,0.0828710673389937
"vm(ID, ginv)_Nr_500984",-0.0111442521363982,0.899628399976425,-0.0123876170835539
"vm(ID, ginv)_Nr_502515",-1.08487090291371,0.88746204260134,-1.22244203226283
"vm(ID, ginv)_Nr_503851",0.0800865598045168,0.89654785202364,0.0893277025021584
"vm(ID, ginv)_Nr_500152",-0.949487519144617,0.887125912491014,-1.07029622940276
"vm(ID, ginv)_Nr_500979",-0.226210951437152,0.883597589690505,-0.256011281692593
"vm(ID, ginv)_Nr_504321",-0.432422159232467,0.901660296025604,-0.479584341396117
"vm(ID, ginv)_Nr_501959",1.32840296616393,0.769734420780625,1.72579389761047
"vm(ID, ginv)_Nr_502917",1.54236260364598,0.724529120791692,2.12877931250113
"vm(ID, ginv)_Nr_502193",-0.458762998599481,0.885348453392086,-0.518172248273316
"vm(ID, ginv)_Nr_504860",0.0917852825683328,0.895205078210012,0.102529894883818
"vm(ID, ginv)_Nr_501627",-0.113705791561606,0.893250856757727,-0.127294354885176
"vm(ID, ginv)_Nr_504150",-0.0437133955627405,0.88849330136579,-0.0491994655396325
"vm(ID, ginv)_Nr_501426",-0.316956209450504,0.891236982549342,-0.355636284912533
"vm(ID, ginv)_Nr_503932",-0.457002749110731,0.889943309502576,-0.513518944668698
"vm(ID, ginv)_Nr_504192",-0.127629208812738,0.876027332924272,-0.14569089800737
"vm(ID, ginv)_Nr_500651",-0.298692867095355,0.894746812464088,-0.333829484424504
"vm(ID, ginv)_Nr_501179",0.252462086753411,0.882906131425934,0.285944425763216
"vm(ID, ginv)_Nr_503919",-1.29918285747463,0.906671874876361,-1.43291403811527
"vm(ID, ginv)_Nr_503883",0.118524033885945,0.901981190066388,0.131404108191237
"vm(ID, ginv)_Nr_502163",-0.900313790582003,0.897315691875143,-1.00334118608869
"vm(ID, ginv)_Nr_502274",-0.769560195403874,0.899229536061582,-0.855799508960049
"vm(ID, ginv)_Nr_503643",0.281686527101675,0.737392321088179,0.382003607911169
"vm(ID, ginv)_Nr_504539",-0.531919341927639,0.89459467350503,-0.594592565416889
"vm(ID, ginv)_Nr_503115",-0.825156335674618,0.884611698676923,-0.932789309601909
"vm(ID, ginv)_Nr_501732",0.112678266180639,0.890040690796711,0.126599005355335
"vm(ID, ginv)_Nr_501307",-0.472608729170569,0.893486110934415,-0.528949161477519
"vm(ID, ginv)_Nr_501751",-0.0370021125930718,0.883826177639828,-0.0418658255765657
"vm(ID, ginv)_Nr_504607",-0.796802846285433,0.888773129337315,-0.89651995541263
"vm(ID, ginv)_Nr_501431",0.313723148662703,0.88793085346635,0.353319346250864
"vm(ID, ginv)_Nr_500294",-0.315038678684691,0.858627351190766,-0.366909670706142
"vm(ID, ginv)_Nr_501875",-0.439697589206803,0.892171745355337,-0.492839625885797
"vm(ID, ginv)_Nr_501908",-1.00041459417745,0.89452866212379,-1.11837064203429
"vm(ID, ginv)_Nr_504400",-0.418782311855868,0.894065922570073,-0.468402050994227
"vm(ID, ginv)_Nr_500550",-0.829502960207462,0.898800700653814,-0.922899770331796
"vm(ID, ginv)_Nr_503132",-0.468055003725411,0.894949374118125,-0.522996068002873
"vm(ID, ginv)_Nr_502335",0.200225865505766,0.88447994978501,0.22637694111035
"vm(ID, ginv)_Nr_504786",-0.481672375787648,0.890203851322569,-0.5410809839477
"vm(ID, ginv)_Nr_502798",-0.594044794061876,0.899232230083546,-0.660613325666368
"vm(ID, ginv)_Nr_500681",-0.522156204688974,0.88652489039872,-0.588992153907975
"vm(ID, ginv)_Nr_502433",-0.0222066700100205,0.879462972899996,-0.025250261459894
"vm(ID, ginv)_Nr_500322",-0.0527730177667229,0.896315970088514,-0.0588776943933191
"vm(ID, ginv)_Nr_502503",0.194747270492569,0.879252517750391,0.221491854229589
"vm(ID, ginv)_Nr_501158",1.00875996047012,0.729227502354252,1.38332681805529
"vm(ID, ginv)_Nr_503952",-0.153304266068937,0.902582069870844,-0.169850777216164
"vm(ID, ginv)_Nr_503054",-0.190628891654803,0.889948517108306,-0.214202156630599
"vm(ID, ginv)_Nr_500935",-0.701964405385057,0.886822345855249,-0.79155020017914
"vm(ID, ginv)_Nr_501186",-0.529861018752615,0.88396012010646,-0.59941733422182
"vm(ID, ginv)_Nr_501212",-0.798888272890035,0.895662679219207,-0.891952172872119
"vm(ID, ginv)_Nr_503578",-0.309639420286725,0.898100637049811,-0.344771407026128
"vm(ID, ginv)_Nr_503807",-0.521492284512599,0.889338799581764,-0.586382023091588
"vm(ID, ginv)_Nr_503092",-0.641108378543657,0.892846871831483,-0.718049644087974
"vm(ID, ginv)_Nr_503324",0.0531965066336958,0.899254084066897,0.0591562580323387
"vm(ID, ginv)_Nr_500247",-0.930198535143097,0.899001639446063,-1.03470171168571
"vm(ID, ginv)_Nr_503076",0.447962184605361,0.893417195917373,0.501403136913419
"vm(ID, ginv)_Nr_500113",-0.660005634624501,0.886323131065752,-0.744655771119144
"vm(ID, ginv)_Nr_504262",-0.338680387460058,0.875147603932771,-0.386998017177997
"vm(ID, ginv)_Nr_503478",0.0153410798925969,0.899817077525786,0.0170491095087682
"vm(ID, ginv)_Nr_504477",-0.336669369618908,0.898985828260351,-0.374499084452094
"vm(ID, ginv)_Nr_504816",-0.487854511950323,0.892313512010152,-0.546729938955326
"vm(ID, ginv)_Nr_500099",-0.594974813492604,0.891013587348692,-0.667750550542126
"vm(ID, ginv)_Nr_500286",-0.322985004712443,0.893581560794718,-0.36144994355657
"vm(ID, ginv)_Nr_501937",-0.417808840387188,0.889534507165067,-0.469693797173466
"vm(ID, ginv)_Nr_500308",-0.514175509441243,0.899455557814512,-0.571651934299657
"vm(ID, ginv)_Nr_501225",-0.374997031859436,0.884560461047949,-0.423936009320575
"vm(ID, ginv)_Nr_504428",0.702632007439171,0.880798808157787,0.797721342185673
"vm(ID, ginv)_Nr_501631",-0.0151003537643671,0.900655149921723,-0.0167659661588339
"vm(ID, ginv)_Nr_501791",-0.0613072791822461,0.896908994881428,-0.068353957349208
"vm(ID, ginv)_Nr_504798",-0.14732062460541,0.896168353642945,-0.164389452056132
"vm(ID, ginv)_Nr_500673",0.183471202248876,0.890478733830467,0.206036590519866
"vm(ID, ginv)_Nr_503097",-0.586989569554538,0.899518458732343,-0.652559782243669
"vm(ID, ginv)_Nr_503491",-0.868758780780851,0.899401986821398,-0.965929354738426
"vm(ID, ginv)_Nr_503593",-0.816156986396714,0.894032029776016,-0.9128945711276
"vm(ID, ginv)_Nr_502079",-0.563009553072076,0.902879918083326,-0.623570800275699
"vm(ID, ginv)_Nr_503548",0.0446559620531602,0.903575212018563,0.0494214111445133
"vm(ID, ginv)_Nr_502815",-1.17204301599022,0.890896294099937,-1.31557738398084
"vm(ID, ginv)_Nr_502179",-0.330690909982493,0.889837154017941,-0.371630818615858
"vm(ID, ginv)_Nr_501372",-0.913710885004407,0.88760273720134,-1.02941422632989
"vm(ID, ginv)_Nr_500822",-0.104815836988169,0.892366968565491,-0.117458221427295
"vm(ID, ginv)_Nr_503178",-0.412851537193582,0.89521810898337,-0.46117424686865
"vm(ID, ginv)_Nr_502021",-0.643209059570308,0.89145417322313,-0.721527902264151
"vm(ID, ginv)_Nr_502579",-0.653181625917299,0.89076538006122,-0.733281333713719
"vm(ID, ginv)_Nr_503892",-0.117868299056913,0.894716731675251,-0.131738118763264
"vm(ID, ginv)_Nr_500052",-0.0102957618541357,0.902586875835064,-0.0114069483279492
"vm(ID, ginv)_Nr_502074",-0.220893962800204,0.88197084386493,-0.250454949091303
"vm(ID, ginv)_Nr_501051",-1.05152769615792,0.896996416951695,-1.17227636173997
"vm(ID, ginv)_Nr_504924",-0.296490133971483,0.891903629477431,-0.332423957221923
"vm(ID, ginv)_Nr_500797",0.491100024180551,0.882730735279817,0.556341820390877
"vm(ID, ginv)_Nr_501166",-0.53349214881654,0.887728369519348,-0.600963275630579
"vm(ID, ginv)_Nr_500392",-0.300883111281182,0.888614102105255,-0.338598172782028
"vm(ID, ginv)_Nr_501906",-0.788807882485419,0.88946342634282,-0.886835657457819
"vm(ID, ginv)_Nr_504188",0.94647815879743,0.721031325072438,1.31267273124693
"vm(ID, ginv)_Nr_503509",-0.517967152338946,0.897291855338175,-0.577256050255501
"vm(ID, ginv)_Nr_501825",-1.10084050781131,0.897811524412409,-1.22613764457054
"vm(ID, ginv)_Nr_500701",0.402841699264026,0.890936483046112,0.452155352182582
"vm(ID, ginv)_Nr_501663",-0.415813434818638,0.892223993141881,-0.466041529946299
"vm(ID, ginv)_Nr_502852",-0.38987457835661,0.89808480821341,-0.434117774614405
"vm(ID, ginv)_Nr_504426",0.531767034753318,0.896247024117352,0.593326416092725
"vm(ID, ginv)_Nr_502774",-0.163358870135224,0.894769443878516,-0.182570908352793
"vm(ID, ginv)_Nr_500458",0.167892043145421,0.895348575547831,0.187515843248752
"vm(ID, ginv)_Nr_504199",-0.108344966525963,0.890958608820889,-0.121604938156834
"vm(ID, ginv)_Nr_500765",0.0151093225610869,0.892730969128925,0.0169248329940091
"vm(ID, ginv)_Nr_501932",-1.16416954613033,0.889113180443903,-1.30936035111875
"vm(ID, ginv)_Nr_504201",-0.630349037631596,0.894598882345523,-0.704616392968099
"vm(ID, ginv)_Nr_502388",0.139086662400534,0.893549279915411,0.15565639805977
"vm(ID, ginv)_Nr_504016",-0.405645984996751,0.905450766173621,-0.448004463799822
"vm(ID, ginv)_Nr_504791",0.190427065320017,0.889421982977692,0.214102044883675
"vm(ID, ginv)_Nr_500972",0.181794470411718,0.896957122461165,0.202679109022393
"vm(ID, ginv)_Nr_500901",-0.436856150621877,0.889477946258711,-0.491137697634175
"vm(ID, ginv)_Nr_504436",-0.421565268828896,0.931235414266615,-0.452694627341783
"vm(ID, ginv)_Nr_500706",-0.0072462323810381,0.885654512022454,-0.00818178226686931
"vm(ID, ginv)_Nr_502837",-0.270346674786678,0.891360191619634,-0.303296778707885
"vm(ID, ginv)_Nr_501154",-0.770835017419624,0.893507544561381,-0.862706780834205
"vm(ID, ginv)_Nr_501978",-0.682690451065772,0.894737779530042,-0.763006175311333
"vm(ID, ginv)_Nr_503146",0.0767367051408448,0.891561931508907,0.086069966010071
"vm(ID, ginv)_Nr_504669",-0.199016763216144,0.896190305767386,-0.22206975676414
"vm(ID, ginv)_Nr_503809",-0.810813714996013,0.894559076239047,-0.906383643665971
"vm(ID, ginv)_Nr_500538",0.159794177299185,0.886876251115223,0.180176408036914
"vm(ID, ginv)_Nr_501637",-0.761520175324805,0.898615609223769,-0.847437065980427
"vm(ID, ginv)_Nr_504908",-2.27060653058708e-05,0.898658471490848,-2.52666235574479e-05
"vm(ID, ginv)_Nr_504038",-0.0766048833686594,0.904761574845719,-0.0846685861761119
"vm(ID, ginv)_Nr_500508",0.0465876781108691,0.895819140184009,0.0520056739369283
"vm(ID, ginv)_Nr_502855",-0.685313311972694,0.898900572248568,-0.762390561459324
"vm(ID, ginv)_Nr_503503",-1.04737080208653,0.896477798737701,-1.16831761317602
"vm(ID, ginv)_Nr_501949",0.355476310670288,0.897102658936296,0.396249311190071
"vm(ID, ginv)_Nr_503138",-0.0993271289629175,0.90649619221947,-0.109572582671003
"vm(ID, ginv)_Nr_504621",-0.0394676503297606,0.892758338092317,-0.0442086605587989
"vm(ID, ginv)_Nr_502344",-0.429169400875282,0.887741543977197,-0.483439581922175
"vm(ID, ginv)_Nr_500966",-0.174282658561178,0.909082303569005,-0.19171273918429
"vm(ID, ginv)_Nr_504857",0.0342372323880926,0.904868846725194,0.0378366793287231
"vm(ID, ginv)_Nr_504788",-0.34677358387938,0.891902421119275,-0.388802155558904
"vm(ID, ginv)_Nr_503255",0.343417094980443,0.891737674438091,0.385109999077744
"vm(ID, ginv)_Nr_503686",-0.371672886299322,0.908485970909032,-0.409112411419436
"vm(ID, ginv)_Nr_504267",-0.219646959010424,0.898864822824003,-0.24436039038701
"vm(ID, ginv)_Nr_500905",-0.432341947619619,0.899127404891409,-0.48084614623868
"vm(ID, ginv)_Nr_500887",-0.304050404831131,0.876756092226341,-0.346790182043741
"vm(ID, ginv)_Nr_503769",-0.244895147723769,0.879693557842248,-0.278386883182888
"vm(ID, ginv)_Nr_504963",-0.814565479338996,0.906406120333427,-0.898676058188302
"vm(ID, ginv)_Nr_504677",-0.321704925413972,0.887689038636754,-0.362407229797522
"vm(ID, ginv)_Nr_504028",-0.257163253825371,0.899058844913249,-0.286036064580606
"vm(ID, ginv)_Nr_501925",0.0959676781298099,0.895959108191922,0.107111672008643
"vm(ID, ginv)_Nr_500109",-1.33748856264118,0.893782685133031,-1.49643597363056
"vm(ID, ginv)_Nr_502875",-0.928904338644489,0.904486793319769,-1.02699602194864
"vm(ID, ginv)_Nr_503574",-0.173167903378833,0.893893977476758,-0.193723089921294
"vm(ID, ginv)_Nr_503606",-0.297993848151665,0.893823092762256,-0.333392424703137
"vm(ID, ginv)_Nr_501134",-0.429260555833445,0.884970796213039,-0.485056182272154
"vm(ID, ginv)_Nr_501749",-0.274518546480212,0.893469740692864,-0.307249964914681
"vm(ID, ginv)_Nr_503212",-0.605354424640584,0.899482435204263,-0.673003052586696
"vm(ID, ginv)_Nr_500917",-0.359282643561214,0.893177160214935,-0.402252385713441
"vm(ID, ginv)_Nr_502235",0.521609258514976,0.900526185075714,0.579227197564633
"vm(ID, ginv)_Nr_501172",-0.284524168744394,0.897354291101515,-0.317070048659528
"vm(ID, ginv)_Nr_500664",-0.84837584620928,0.895777867105289,-0.947082839801357
"vm(ID, ginv)_Nr_503576",-0.487834752768433,0.896509219539247,-0.544149175642779
"vm(ID, ginv)_Nr_503830",-0.0954126618347469,0.893413357174589,-0.106795651831856
"vm(ID, ginv)_Nr_503673",-0.539905148041085,0.884258301251717,-0.610574022632096
"vm(ID, ginv)_Nr_502612",-0.558729817122304,0.894384699536951,-0.624708604039821
"vm(ID, ginv)_Nr_501300",0.0428999215659885,0.883838620510954,0.0485381839743411
"vm(ID, ginv)_Nr_501853",-0.860738165112233,0.893137990083198,-0.96372360673187
"vm(ID, ginv)_Nr_503948",-0.120331782567784,0.884764358243993,-0.136004328662842
"vm(ID, ginv)_Nr_502985",-0.440443540491044,0.897706999336874,-0.490631732643718
"vm(ID, ginv)_Nr_500719",0.0708328944089046,0.886194178923989,0.079929315824337
"vm(ID, ginv)_Nr_502858",0.741199064808803,0.893913788872438,0.829161686546679
"vm(ID, ginv)_Nr_504381",-0.379951183885705,0.901552785866726,-0.42144086274486
"vm(ID, ginv)_Nr_501349",-0.367810594715084,0.897938998569895,-0.409616460918703
"vm(ID, ginv)_Nr_501746",-1.03317838192164,0.892437645127314,-1.15770372032463
"vm(ID, ginv)_Nr_501173",-0.515336750631838,0.889895364585731,-0.57909814023106
"vm(ID, ginv)_Nr_502367",-0.34774089238618,0.88002224818647,-0.395150114787207
"vm(ID, ginv)_Nr_501308",-0.386356672924037,0.895162399294043,-0.431605117941428
"vm(ID, ginv)_Nr_502536",-0.316673720380143,0.881571833831415,-0.359214879862758
"vm(ID, ginv)_Nr_502735",0.0795810620022205,0.899315397198118,0.0884907144369606
"vm(ID, ginv)_Nr_501086",0.381258066114736,0.89292416438858,0.426976983399031
"vm(ID, ginv)_Nr_503467",0.504167672814755,0.889714381884108,0.566662384109272
"vm(ID, ginv)_Nr_503389",-0.760704545532903,0.891388440136057,-0.853392877090478
"vm(ID, ginv)_Nr_500406",-0.0863000381317567,0.88912371440553,-0.097061901210741
"vm(ID, ginv)_Nr_502537",-0.53274924156525,0.894008257743581,-0.595910873250628
"vm(ID, ginv)_Nr_501789",-0.493090241341158,0.893512189559895,-0.551856199727989
"vm(ID, ginv)_Nr_504273",-0.470175906415412,0.898390502496866,-0.523353603036395
"vm(ID, ginv)_Nr_501773",-1.01433375581135,0.889011256715342,-1.14096840523599
"vm(ID, ginv)_Nr_503351",-0.244065516513684,0.895863565115249,-0.272436033808659
"vm(ID, ginv)_Nr_501144",-0.196914743000893,0.884920748632278,-0.222522461254573
"vm(ID, ginv)_Nr_504029",-0.667145369824048,0.894108298397314,-0.746157228402761
"vm(ID, ginv)_Nr_502903",-0.62131385701741,0.884009233820511,-0.702836388181395
"vm(ID, ginv)_Nr_501066",0.600135723804964,0.927534940168983,0.647022228289996
"vm(ID, ginv)_Nr_502699",-0.771047557216844,0.885685731718339,-0.870565630227458
"vm(ID, ginv)_Nr_501965",-0.42531223011674,0.897336214657629,-0.473971988614116
"vm(ID, ginv)_Nr_501303",-0.0766489884301997,0.880814881927358,-0.0870205420036501
"vm(ID, ginv)_Nr_500953",-0.275672813462376,0.893761350628109,-0.308441188767718
"vm(ID, ginv)_Nr_500045",-0.207882782310703,0.889014500401603,-0.233835086173279
"vm(ID, ginv)_Nr_501136",-0.447203089734414,0.899486094573335,-0.497176212542276
"vm(ID, ginv)_Nr_500950",-0.425582594041558,0.896293418393255,-0.474825079943665
"vm(ID, ginv)_Nr_502036",-0.632157378375107,0.909534705990206,-0.69503381697445
"vm(ID, ginv)_Nr_503805",-1.14968560235653,0.899650522478741,-1.27792467589402
"vm(ID, ginv)_Nr_503457",-0.0564219090659472,0.897888514574789,-0.0628384350062288
"vm(ID, ginv)_Nr_502171",-0.434576890418967,0.887713376518937,-0.489546403055352
"vm(ID, ginv)_Nr_501433",-1.2883893678106,0.888385663739749,-1.45025907147915
"vm(ID, ginv)_Nr_502109",-0.129028980723636,0.898190910132407,-0.143654293611828
"vm(ID, ginv)_Nr_504324",0.0693817831041064,0.894881618347808,0.0775318004991586
"vm(ID, ginv)_Nr_501731",0.214513351132372,0.900942411923338,0.238098848820345
"vm(ID, ginv)_Nr_500080",1.24272277609698,0.731776645350629,1.69822688930108
"vm(ID, ginv)_Nr_502608",-0.719263144922551,0.920858272513765,-0.781079093701469
"vm(ID, ginv)_Nr_503447",-1.48927018770398,0.884571724247752,-1.6836059155864
"vm(ID, ginv)_Nr_504896",0.204332407069758,0.893667050771561,0.228644892852819
"vm(ID, ginv)_Nr_500869",0.110869253601255,0.892585395115662,0.124211368691383
"vm(ID, ginv)_Nr_502135",-0.0499884068111391,0.886426585928571,-0.0563931718708256
"vm(ID, ginv)_Nr_503529",-0.694989163092472,0.908465428587399,-0.765014431174483
"vm(ID, ginv)_Nr_502916",-0.357409033545269,0.901736535361172,-0.396356385185299
"vm(ID, ginv)_Nr_504439",-0.471737971695639,0.894155078075421,-0.527579592469583
"vm(ID, ginv)_Nr_502334",-0.962124400424265,0.889916393299711,-1.08114021459568
"vm(ID, ginv)_Nr_500977",-0.292994137778118,0.897216152831947,-0.326559142803347
"vm(ID, ginv)_Nr_504575",-0.272138235416944,0.890203594517823,-0.305703366165744
"vm(ID, ginv)_Nr_503029",-0.208155439272101,0.888053283038626,-0.234395213944665
"vm(ID, ginv)_Nr_500774",0.0943190806383526,0.892744281697883,0.105650725041856
"vm(ID, ginv)_Nr_500982",0.539097499806898,0.901584294766763,0.597944643596926
"vm(ID, ginv)_Nr_500413",-0.332226328751924,0.900462060850315,-0.368950945515905
"vm(ID, ginv)_Nr_502340",-0.257847942328727,0.889361582634462,-0.289924758797126
"vm(ID, ginv)_Nr_503715",0.320715959634687,0.892071834595025,0.359518087218035
"vm(ID, ginv)_Nr_504468",0.199335366048957,0.896811650139571,0.222271160302093
"vm(ID, ginv)_Nr_500772",0.287849603658923,0.891688176151161,0.322814198233942
"vm(ID, ginv)_Nr_500319",-0.244254319441821,0.889401725453601,-0.274627665375002
"vm(ID, ginv)_Nr_504624",-0.129038680862661,0.882807434947012,-0.146168547923938
"vm(ID, ginv)_Nr_500645",-0.415047120700991,0.900030530231926,-0.461147824167741
"vm(ID, ginv)_Nr_503471",-0.411120061226183,0.889482536119215,-0.462201386235065
"vm(ID, ginv)_Nr_500520",-0.648812477129698,0.880752095896338,-0.736657318390375
"vm(ID, ginv)_Nr_503638",-0.707715222039914,0.889482142706584,-0.79564860052887
"vm(ID, ginv)_Nr_504124",-0.291689185590675,0.899168806421233,-0.324398693001398
"vm(ID, ginv)_Nr_503719",-0.795563402607928,0.886300696084334,-0.89762245039716
"vm(ID, ginv)_Nr_503607",-0.475061972527988,0.887028807861966,-0.535565438593866
"vm(ID, ginv)_Nr_504792",-0.494498052422845,0.896193422555365,-0.551776034031644
"vm(ID, ginv)_Nr_504817",0.0751336985769403,0.889425926465564,0.0844743742466667
"vm(ID, ginv)_Nr_503356",0.127892978492883,0.896725221512969,0.142622260894033
"vm(ID, ginv)_Nr_504236",-0.248602656484737,0.893829577247253,-0.278132054267396
"vm(ID, ginv)_Nr_501566",0.0989678880351516,0.896762533744224,0.110361310058232
"vm(ID, ginv)_Nr_503500",-0.63856698243439,0.904113423383151,-0.70629078821206
"vm(ID, ginv)_Nr_503922",-0.458881426553544,0.894974007516366,-0.512731568402731
"vm(ID, ginv)_Nr_502664",-0.493093929097522,0.896517499127982,-0.550010378578378
"vm(ID, ginv)_Nr_500963",0.00732203596677378,0.896728877850288,0.00816527285741792
"vm(ID, ginv)_Nr_502891",-0.668199992765415,0.885018535395099,-0.755012427470923
"vm(ID, ginv)_Nr_502099",-0.576342340268666,0.896545733386016,-0.642847675033792
"vm(ID, ginv)_Nr_503331",1.1208742316205,0.708637949155394,1.58173046328726
"vm(ID, ginv)_Nr_504319",-0.39780951696214,0.876784101062757,-0.453714336836117
"vm(ID, ginv)_Nr_504100",-0.285297616671406,0.886629467183783,-0.32177772928933
"vm(ID, ginv)_Nr_503133",-0.189357357122828,0.912214469724805,-0.207579865708502
"vm(ID, ginv)_Nr_504845",-0.101662802877757,0.893553063229229,-0.113773660525941
"vm(ID, ginv)_Nr_502833",0.178845935263989,0.896617572577042,0.199467354571195
"vm(ID, ginv)_Nr_503961",-0.317539733503798,0.889529668433032,-0.356974865226437
"vm(ID, ginv)_Nr_504755",0.008670221010365,0.89372046756323,0.00970126714676767
"vm(ID, ginv)_Nr_502119",-0.411444467141013,0.884487085852959,-0.465178603194907
"vm(ID, ginv)_Nr_503200",-0.898379410255706,0.889620168868079,-1.00984604631747
"vm(ID, ginv)_Nr_504149",-0.646048036609835,0.900817052729797,-0.717180069640199
"vm(ID, ginv)_Nr_501584",-0.560671397862013,0.897862610553966,-0.624451214775598
"vm(ID, ginv)_Nr_502063",-0.536436343691709,0.896056824350836,-0.598663309193968
"vm(ID, ginv)_Nr_503823",-0.796075536150127,0.892939767393338,-0.891522099496165
"vm(ID, ginv)_Nr_500767",-0.0355916622720879,0.894785400551819,-0.0397767579244568
"vm(ID, ginv)_Nr_502652",-0.1461699077087,0.883129683314903,-0.16551352589581
"vm(ID, ginv)_Nr_502319",-0.225407082265786,0.893463563964579,-0.252284582558223
"vm(ID, ginv)_Nr_501441",-0.759381253907837,0.897906169344922,-0.845724508677619
"vm(ID, ginv)_Nr_502042",-0.60365064448619,0.89239413980333,-0.676439498604535
"vm(ID, ginv)_Nr_504794",-0.778849609596088,0.883283930426107,-0.88176585440693
"vm(ID, ginv)_Nr_501362",-0.141163416819839,0.887087236922882,-0.159131380707838
"vm(ID, ginv)_Nr_500897",-0.0817611109752843,0.895243910973778,-0.0913283072613706
"vm(ID, ginv)_Nr_503683",-0.339643562467073,0.880392556416855,-0.385786499433164
"vm(ID, ginv)_Nr_500015",-0.158161962274378,0.89715679921497,-0.176292441201775
"vm(ID, ginv)_Nr_502866",-0.808814489808299,0.902157458846495,-0.896533617138692
"vm(ID, ginv)_Nr_500047",-0.0141692195986704,0.884798450613464,-0.0160140646594106
"vm(ID, ginv)_Nr_502292",0.118704667723044,0.896047856780506,0.132475812340592
"vm(ID, ginv)_Nr_504764",-0.400847440737981,0.892232448627887,-0.449263464195257
"vm(ID, ginv)_Nr_501934",0.306752616804502,0.899880773287623,0.340881398858887
"vm(ID, ginv)_Nr_503712",-1.23227064224204,0.893941213241608,-1.37846943846965
"vm(ID, ginv)_Nr_504076",0.200624097768002,0.898007243219876,0.223410333583334
"vm(ID, ginv)_Nr_503836",-0.245906192462908,0.892686701516575,-0.275467520738397
"vm(ID, ginv)_Nr_502136",-0.632239518390421,0.885156805126517,-0.714268381295508
"vm(ID, ginv)_Nr_501389",0.256388491047246,0.888737224531448,0.288486274649311
"vm(ID, ginv)_Nr_504967",-0.205335164880116,0.905985568467558,-0.22664286499335
"vm(ID, ginv)_Nr_502368",-1.01941075374128,0.898383177385542,-1.13471710001065
"vm(ID, ginv)_Nr_502386",-0.147771421400956,0.900981239564428,-0.164011651865687
"vm(ID, ginv)_Nr_502355",-0.0298932948966926,0.8804583048733,-0.0339519710714686
"vm(ID, ginv)_Nr_503703",-1.0006268924576,0.888562019485291,-1.12611935972373
"vm(ID, ginv)_Nr_501091",0.144748112827865,0.889983055572882,0.162641425498479
"vm(ID, ginv)_Nr_501250",0.0404221596271221,0.898027686608989,0.0450121529991562
"vm(ID, ginv)_Nr_501506",-0.341892364273426,0.894942145284888,-0.382027336710789
"vm(ID, ginv)_Nr_501674",-0.628435595374437,0.90403024740143,-0.695148859433443
"vm(ID, ginv)_Nr_500133",-0.590036007141346,0.879659383750931,-0.670755087753842
"vm(ID, ginv)_Nr_504056",-1.34920638058002,0.896482531292908,-1.50500019072786
"vm(ID, ginv)_Nr_500925",-0.0235042296575241,0.89184831731601,-0.0263545147769739
"vm(ID, ginv)_Nr_504882",0.0613344315454962,0.883542893340543,0.0694187367786978
"vm(ID, ginv)_Nr_503303",-1.38387313023838,0.894205047333151,-1.54760156450201
"vm(ID, ginv)_Nr_501169",-0.444799024565079,0.89134225979961,-0.499021581973548
"vm(ID, ginv)_Nr_503751",-0.340779051665195,0.894127251063896,-0.381130371834335
"vm(ID, ginv)_Nr_500557",-0.535979132813072,0.880473496297097,-0.608739655500337
"vm(ID, ginv)_Nr_503505",0.295476497896098,0.898434504390852,0.328879285526143
"vm(ID, ginv)_Nr_503627",-0.209541079414472,0.876014583032041,-0.239198163447478
"vm(ID, ginv)_Nr_503480",-0.380900784175413,0.897524558263338,-0.424390375359127
"vm(ID, ginv)_Nr_504344",-0.549886023447325,0.895069936223234,-0.614349785635278
"vm(ID, ginv)_Nr_504221",-0.0412401543707812,0.881034097476873,-0.0468088062526589
"vm(ID, ginv)_Nr_500020",0.0576442446807009,0.893762641960024,0.064496144697083
"vm(ID, ginv)_Nr_504012",-0.188539645421114,0.898642158609923,-0.209805030416956
"vm(ID, ginv)_Nr_502137",-0.060296509023155,0.902471740547656,-0.0668126283783298
"vm(ID, ginv)_Nr_503459",-0.0677481749764307,0.880928437012945,-0.0769054240162247
"vm(ID, ginv)_Nr_503974",-0.615124425760373,0.899304734892448,-0.683999985648846
"vm(ID, ginv)_Nr_504444",-0.358990117453729,0.900970132908177,-0.398448410598219
"vm(ID, ginv)_Nr_502698",0.209533044675182,0.891952462710711,0.23491503576143
"vm(ID, ginv)_Nr_503233",-0.724773640067016,0.895946576526329,-0.808947384873139
"vm(ID, ginv)_Nr_501472",-0.749662899418501,0.893864115518907,-0.838676580033986
"vm(ID, ginv)_Nr_501263",-0.27559807830768,0.890269256636511,-0.309567107089494
"vm(ID, ginv)_Nr_503275",-0.391163942059695,0.896536350516739,-0.43630572461924
"vm(ID, ginv)_Nr_500281",-0.0615915738170772,0.870629849356535,-0.070743696488925
"vm(ID, ginv)_Nr_502345",-0.191608474561892,0.896544326704552,-0.213718908094808
"vm(ID, ginv)_Nr_504655",-0.00682795926167238,0.892331028497058,-0.00765182319522456
"vm(ID, ginv)_Nr_504280",-0.491100932012042,0.865411947137879,-0.567476487511211
"vm(ID, ginv)_Nr_503890",-0.101139454370335,0.892856091688736,-0.113276322255966
"vm(ID, ginv)_Nr_504618",-0.115167836959455,0.8994097673038,-0.128048239129866
"vm(ID, ginv)_Nr_504182",-0.620689672924205,0.898124576023217,-0.69109529957697
"vm(ID, ginv)_Nr_502336",0.0556591367395505,0.897636938874922,0.0620062904377715
"vm(ID, ginv)_Nr_504556",-0.909998191141402,0.90198474755712,-1.00888423402501
"vm(ID, ginv)_Nr_501113",-0.347379185946941,0.888116900029201,-0.391141285494646
"vm(ID, ginv)_Nr_502214",-0.0746070839301853,0.890691356146052,-0.0837631166120259
"vm(ID, ginv)_Nr_503845",-0.230604382540097,0.894638868552957,-0.257762534857322
"vm(ID, ginv)_Nr_500904",0.254103186828876,0.873462100262763,0.290914954126155
"vm(ID, ginv)_Nr_504682",-0.756318025310937,0.894626495889164,-0.845400878228224
"vm(ID, ginv)_Nr_501057",0.38476161664418,0.898861144997977,0.428054565252174
"vm(ID, ginv)_Nr_500169",-0.555722526463766,0.895032397473125,-0.620896548586055
"vm(ID, ginv)_Nr_504086",-0.291320382003626,0.883371995041832,-0.329782224972878
"vm(ID, ginv)_Nr_504594",-0.0932551704250193,0.896078947833626,-0.104070261499251
"vm(ID, ginv)_Nr_504517",-1.36442051619014,0.878646024389299,-1.55286711407871
"vm(ID, ginv)_Nr_500316",-1.32660155456942,0.90185354903778,-1.47097226149946
"vm(ID, ginv)_Nr_502096",-0.462975341873903,0.890795820990084,-0.519732278671137
"vm(ID, ginv)_Nr_501235",-0.448873322420936,0.893661936321794,-0.502285376804169
"vm(ID, ginv)_Nr_503107",-0.114728420243668,0.89605663083937,-0.128037019419406
"vm(ID, ginv)_Nr_504783",0.26298088571036,0.889993411542554,0.295486328662317
"vm(ID, ginv)_Nr_503994",-0.620097580763472,0.883103922235344,-0.702179624787374
"vm(ID, ginv)_Nr_500846",-0.219268954915156,0.896494923639273,-0.244584714462237
"vm(ID, ginv)_Nr_501956",0.524687376641574,0.881595571349477,0.595156547620156
"vm(ID, ginv)_Nr_500844",-0.847132042836314,0.899493505665554,-0.941787836710954
"vm(ID, ginv)_Nr_500773",-0.802936109357516,0.891228480144775,-0.900931834255435
"vm(ID, ginv)_Nr_503726",-0.274188658745718,0.894740228283095,-0.306444988253021
"vm(ID, ginv)_Nr_504638",-0.431082908625874,0.902373476878801,-0.477721164984743
"vm(ID, ginv)_Nr_502586",-0.213691725162694,0.878880529329981,-0.243140811556723
"vm(ID, ginv)_Nr_500207",-0.322116345988226,0.89512070919467,-0.35985799756329
"vm(ID, ginv)_Nr_501784",-0.21715108065071,0.87607116371703,-0.247869225291439
"vm(ID, ginv)_Nr_503619",-0.207012563664837,0.89146260131562,-0.232216767545075
"vm(ID, ginv)_Nr_504612",-0.636285904664221,0.890363432031859,-0.714636160665518
"vm(ID, ginv)_Nr_502854",1.01006136637023,0.728786075588716,1.38595041837798
"vm(ID, ginv)_Nr_503864",-0.638958521661307,0.891413491781122,-0.716792518345905
"vm(ID, ginv)_Nr_502894",-0.55453693658658,0.888696530014996,-0.62398908722781
"vm(ID, ginv)_Nr_504003",-0.794939294621152,0.898448868300565,-0.884790801868109
"vm(ID, ginv)_Nr_503022",-0.192420418239219,0.887094804113413,-0.216910771370743
"vm(ID, ginv)_Nr_501834",-0.75582070935798,0.899326331341995,-0.840429867354298
"vm(ID, ginv)_Nr_503569",-0.561984351677814,0.89645239279059,-0.626898155660445
"vm(ID, ginv)_Nr_502248",-0.438304709974043,0.893998851949966,-0.490274354399924
"vm(ID, ginv)_Nr_501413",-0.091854502527181,0.889820447260576,-0.10322813193377
"vm(ID, ginv)_Nr_500955",-0.433061216392054,0.889052592498633,-0.487104160143057
"vm(ID, ginv)_Nr_503889",-0.642858532743765,0.898859377381349,-0.715193665350199
"vm(ID, ginv)_Nr_502071",-0.155900293965992,0.895476046345714,-0.17409767084468
"vm(ID, ginv)_Nr_502115",-0.640398182405987,0.892155914112653,-0.717809714956531
"vm(ID, ginv)_Nr_503412",-0.254342528441246,0.893766656261688,-0.284573749377798
"vm(ID, ginv)_Nr_502621",-0.563432499963893,0.898131059916562,-0.627338842970465
"vm(ID, ginv)_Nr_500494",-0.33027694310471,0.896154395832058,-0.368549152513006
"vm(ID, ginv)_Nr_500919",-0.428681849713167,0.899145333544867,-0.47676591727735
"vm(ID, ginv)_Nr_503967",-0.661672811976906,0.904174434568855,-0.731797744638087
"vm(ID, ginv)_Nr_501777",-0.429364428629545,0.903983618128655,-0.474969258312863
"vm(ID, ginv)_Nr_503602",-0.882335620723558,0.886687329625574,-0.995092172001765
"vm(ID, ginv)_Nr_503969",0.168316801765763,0.903070440449082,0.186382804958229
"vm(ID, ginv)_Nr_502609",-0.205295857011476,0.894831192627229,-0.229424117870462
"vm(ID, ginv)_Nr_501482",-0.941573435725592,0.893795467083606,-1.05345514762777
"vm(ID, ginv)_Nr_504823",-0.37585271352151,0.905605743951351,-0.415029074221177
"vm(ID, ginv)_Nr_503581",0.094158198376511,0.883452099988613,0.106579856879309
"vm(ID, ginv)_Nr_503262",-0.721578345182057,0.897576750889554,-0.803918266005585
"vm(ID, ginv)_Nr_500584",-0.123614118680611,0.895518733817114,-0.138036329127042
"vm(ID, ginv)_Nr_504634",0.452872604936809,0.87952171178876,0.514907817358781
"vm(ID, ginv)_Nr_502517",-0.711431630980388,0.893369090578346,-0.796346816207648
"vm(ID, ginv)_Nr_504352",-0.10812607410564,0.896884958536479,-0.120557350278321
"vm(ID, ginv)_Nr_501998",0.120021903435069,0.903746383942043,0.132804850528471
"vm(ID, ginv)_Nr_503402",-0.760167095841296,0.898817961122569,-0.845740882716556
"vm(ID, ginv)_Nr_503858",0.377398748081809,0.890073840254225,0.424008358648104
"vm(ID, ginv)_Nr_503510",0.22466086879637,0.901569966649186,0.249188501288873
"vm(ID, ginv)_Nr_502525",-0.195404344947582,0.878511781927508,-0.222426550181095
"vm(ID, ginv)_Nr_503276",-0.392964485939123,0.893853954682718,-0.439629409122667
"vm(ID, ginv)_Nr_502542",-0.0644532589357279,0.891933880294187,-0.0722623732091769
"vm(ID, ginv)_Nr_503846",-0.690157666868769,0.907142386660468,-0.760804121841885
"vm(ID, ginv)_Nr_500598",-0.395792764468623,0.890713580637907,-0.444354698381455
"vm(ID, ginv)_Nr_502581",-0.36717506049606,0.902407267910485,-0.406883979720432
"vm(ID, ginv)_Nr_500277",0.069215262552227,0.894437509242367,0.0773841233591107
"vm(ID, ginv)_Nr_502666",-0.584184034689329,0.88793396811418,-0.657913826554057
"vm(ID, ginv)_Nr_500344",-0.707624859185611,0.889965933405289,-0.7951145461018
"vm(ID, ginv)_Nr_504178",-0.72187744203122,0.901523099708283,-0.800730943294528
"vm(ID, ginv)_Nr_500125",-0.709743445168424,0.893492837017561,-0.794347101357316
"vm(ID, ginv)_Nr_500914",-0.490552011272062,0.897978145668609,-0.546285022233821
"vm(ID, ginv)_Nr_503290",-0.319413012805739,0.897500712431198,-0.355891653768715
"vm(ID, ginv)_Nr_501960",-0.529810534143812,0.892740955021919,-0.593465026067729
"vm(ID, ginv)_Nr_504138",-0.814679301279896,0.89015833198297,-0.915207185069052
"vm(ID, ginv)_Nr_500551",-0.211763600613402,0.891700563461378,-0.237482860604443
"vm(ID, ginv)_Nr_501140",0.118243320145411,0.894406868157894,0.132203054733852
"vm(ID, ginv)_Nr_503750",-1.06798282376552,0.89905272654192,-1.18789787543759
"vm(ID, ginv)_Nr_503131",-0.540763964266067,0.895733250003421,-0.603710942140422
"vm(ID, ginv)_Nr_504242",0.070383251336462,0.905361554813034,0.0777404904839337
"vm(ID, ginv)_Nr_501240",-1.0280364014011,0.893792982414335,-1.15019520361879
"vm(ID, ginv)_Nr_500237",-0.995739058043863,0.891058041931934,-1.11747945833581
"vm(ID, ginv)_Nr_500837",-0.619139423817825,0.900147686556938,-0.687819824529051
"vm(ID, ginv)_Nr_501013",-0.295755788102388,0.899047242057734,-0.328965792081697
"vm(ID, ginv)_Nr_504287",-0.592738706182037,0.904743826430327,-0.655145344865951
"vm(ID, ginv)_Nr_504259",-0.727544214020852,0.897113029206103,-0.810983889805601
"vm(ID, ginv)_Nr_504464",0.0471494889045395,0.898087489131328,0.0524998838923196
"vm(ID, ginv)_Nr_501319",0.338909235973409,0.905869956910069,0.374125704675571
"vm(ID, ginv)_Nr_501083",-0.911162661678426,0.883418039489505,-1.03140599461264
"vm(ID, ginv)_Nr_502322",0.342861769146013,0.892656643830656,0.38409143259685
"vm(ID, ginv)_Nr_502649",-0.480696276081468,0.894283599852337,-0.537521068440526
"vm(ID, ginv)_Nr_500504",0.110494875164638,0.892506449104604,0.123802887111338
"vm(ID, ginv)_Nr_501264",-0.250797735472642,0.900752015319908,-0.27843150079833
"vm(ID, ginv)_Nr_503640",-0.221286420746752,0.898189700203586,-0.246369359052541
"vm(ID, ginv)_Nr_501492",-0.0174311643501089,0.889644724678796,-0.0195933993273577
"vm(ID, ginv)_Nr_504877",-0.620136408624039,0.899575929366067,-0.689365275770607
"vm(ID, ginv)_Nr_504867",-0.684305191588162,0.892235741592454,-0.7669555922147
"vm(ID, ginv)_Nr_500243",-0.198998968679572,0.896788620716069,-0.221901754864681
"vm(ID, ginv)_Nr_504533",0.708077062419326,0.772728386757157,0.916333700889199
"vm(ID, ginv)_Nr_504498",-0.450538246901621,0.88717351804492,-0.507835544837362
"vm(ID, ginv)_Nr_501025",-0.894067947399278,0.893151102407987,-1.00102652842147
"vm(ID, ginv)_Nr_504841",-0.46590651763363,0.890372710135697,-0.523271336070737
"vm(ID, ginv)_Nr_504233",-0.262886144323722,0.892706868651836,-0.294482045064504
"vm(ID, ginv)_Nr_504888",-0.490279463692024,0.899121067781143,-0.545287482699008
"vm(ID, ginv)_Nr_502492",-0.44308528646803,0.891469281517912,-0.497028103664532
"vm(ID, ginv)_Nr_504096",-0.741787620242013,0.876588481134106,-0.846221044659757
"vm(ID, ginv)_Nr_504759",-0.207035156445449,0.899737753912939,-0.230106112081057
"vm(ID, ginv)_Nr_504702",-0.0300267252466969,0.889461463234346,-0.0337583206106657
"vm(ID, ginv)_Nr_500699",-0.166931310995389,0.885763619304145,-0.188460337902036
"vm(ID, ginv)_Nr_500120",-0.804825460214557,0.889560153546204,-0.904745403676351
"vm(ID, ginv)_Nr_501600",-0.514671344809838,0.896061294812064,-0.574370690698992
"vm(ID, ginv)_Nr_500995",-0.186717088065967,0.894700942396541,-0.208692177707814
"vm(ID, ginv)_Nr_502086",-0.238714098681473,0.885304412442061,-0.269640696834431
"vm(ID, ginv)_Nr_503791",-0.661601748720766,0.894204821229803,-0.739877188104245
"vm(ID, ginv)_Nr_503297",0.269183521013844,0.883307338987445,0.304745029428166
"vm(ID, ginv)_Nr_502975",0.248310715083003,0.876677043358786,0.28324080910304
"vm(ID, ginv)_Nr_504979",-0.318037622505891,0.899174940320423,-0.353699384007029
"vm(ID, ginv)_Nr_502950",-0.468214367067597,0.90651472752089,-0.516499459802552
"vm(ID, ginv)_Nr_503142",0.23262938062936,0.89744139719533,0.259214007016357
"vm(ID, ginv)_Nr_502605",-0.240571705988029,0.892746534147554,-0.26947369358061
"vm(ID, ginv)_Nr_501313",-0.990968561970494,0.899230073862762,-1.10201892794094
"vm(ID, ginv)_Nr_501236",0.434561049726635,0.887776658913864,0.48949366415906
"vm(ID, ginv)_Nr_503755",-0.536841920522409,0.87775724925382,-0.611606364947458
"vm(ID, ginv)_Nr_500501",-0.300299234094018,0.89866582433125,-0.334161182013891
"vm(ID, ginv)_Nr_503693",-0.72082224976254,0.891927770192462,-0.808162133585099
"vm(ID, ginv)_Nr_502078",-0.16095091321981,0.893922854620903,-0.180050115496898
"vm(ID, ginv)_Nr_501909",-0.0968696857273494,0.893065551028235,-0.108468729552739
"vm(ID, ginv)_Nr_504289",-0.351718717385728,0.898716840528856,-0.39135654471408
"vm(ID, ginv)_Nr_503549",-0.467075571444541,0.900724450782343,-0.518555448382524
"vm(ID, ginv)_Nr_501075",-1.29948053042736,0.885444672221316,-1.46760217910324
"vm(ID, ginv)_Nr_500444",-0.671735642507758,0.895294029013573,-0.750296127014128
"vm(ID, ginv)_Nr_502421",0.671151762755532,0.71589428984575,0.937501209710922
"vm(ID, ginv)_Nr_503254",-0.140624218416594,0.899928887133775,-0.156261478464676
"vm(ID, ginv)_Nr_500790",-1.35766522609517,0.881662564591089,-1.53989210909147
"vm(ID, ginv)_Nr_501762",-0.536218238340389,0.891494081048571,-0.601482667960836
"vm(ID, ginv)_Nr_502229",-0.0156820798155494,0.902956258984957,-0.0173674855891449
"vm(ID, ginv)_Nr_504275",0.887935353807639,0.736697527812567,1.20529161600981
"vm(ID, ginv)_Nr_500801",0.463083326905003,0.898393377742277,0.515457191001076
"vm(ID, ginv)_Nr_502554",-0.447093115213607,0.900620200205976,-0.496428033827528
"vm(ID, ginv)_Nr_503664",-1.07377352835979,0.894893847797453,-1.19988927290382
"vm(ID, ginv)_Nr_502337",-0.432899090072969,0.893329546739706,-0.484590587709628
"vm(ID, ginv)_Nr_503991",-0.104744430314547,0.884745973850916,-0.118389270378524
"vm(ID, ginv)_Nr_502859",-0.369647329696008,0.897247346445542,-0.411979295520205
"vm(ID, ginv)_Nr_500522",-0.459645711692193,0.887979743426061,-0.517630852612424
"vm(ID, ginv)_Nr_504144",-0.152679187507191,0.89394903759394,-0.170791824909982
"vm(ID, ginv)_Nr_502378",-0.123684117274685,0.868850066965355,-0.142353809911851
"vm(ID, ginv)_Nr_500171",-0.449177008093947,0.91091867140645,-0.493103305699532
"vm(ID, ginv)_Nr_503920",-0.526344454624825,0.884624664808268,-0.594991837288308
"vm(ID, ginv)_Nr_501219",0.330713405230264,0.89207251900263,0.370724798921072
"vm(ID, ginv)_Nr_504733",-0.436245910838368,0.90353303783969,-0.482822312597903
"vm(ID, ginv)_Nr_501117",-0.793209054450988,0.895216865630205,-0.886052402389217
"vm(ID, ginv)_Nr_504922",-0.546204622990355,0.882137169722504,-0.619183321752756
"vm(ID, ginv)_Nr_500423",-0.00861897061117578,0.875514701046708,-0.00984446132186188
"vm(ID, ginv)_Nr_500116",-0.408015617796657,0.88682792764991,-0.460084312948845
"vm(ID, ginv)_Nr_502588",-0.144712804457692,0.898196808053886,-0.161114805975808
"vm(ID, ginv)_Nr_501178",-0.581101717209222,0.894915173241617,-0.649337204893196
"vm(ID, ginv)_Nr_500860",-0.101670489210632,0.886166536469203,-0.114730679873924
"vm(ID, ginv)_Nr_500261",-0.371003750147962,0.89602665541948,-0.414054367583824
"vm(ID, ginv)_Nr_502350",-0.818587152778796,0.887280536839187,-0.922579859234711
"vm(ID, ginv)_Nr_502173",1.06866180015138,0.720844071850127,1.4825145158072
"vm(ID, ginv)_Nr_502901",-0.788911228195946,0.909573666025711,-0.867341764238858
"vm(ID, ginv)_Nr_504362",-0.677778421871396,0.891224879849311,-0.76050213273444
"vm(ID, ginv)_Nr_500213",-0.596416877558988,0.892742288846743,-0.668072841412551
"vm(ID, ginv)_Nr_504935",-0.750793101214204,0.892976273625885,-0.840776091581523
"vm(ID, ginv)_Nr_503982",-0.836658175089486,0.891375333714428,-0.938614906027373
"vm(ID, ginv)_Nr_503788",-1.15575049109182,0.881783478222746,-1.31069646873092
"vm(ID, ginv)_Nr_502351",-0.0703783088005187,0.890779384939829,-0.0790075634779902
"vm(ID, ginv)_Nr_504484",-0.0545893950461398,0.89662254818488,-0.0608833618523763
"vm(ID, ginv)_Nr_501705",-0.244959607778617,0.898321464770577,-0.272685911875854
"vm(ID, ginv)_Nr_501071",-0.379686281017714,0.89727780341241,-0.423153542385358
