"","solution","std.error","z.ratio"
"vm(ID, ginv)_Np1_500157",0.805631443651643,0.697682047998651,1.15472577510437
"vm(ID, ginv)_Np1_503983",0.370111247091628,0.736694495980353,0.50239447845895
"vm(ID, ginv)_Np1_503328",-0.745143212230514,0.699434452036331,-1.06535102762111
"vm(ID, ginv)_Np1_503139",0.410877334467549,0.738213235310739,0.556583538216565
"vm(ID, ginv)_Np1_502173",0.147409399897053,0.756167516774676,0.194942782686311
"vm(ID, ginv)_Np1_503172",0.561043237498653,0.773659604284661,0.725180989664574
"vm(ID, ginv)_Np1_504964",0.424990158707993,0.777465360453004,0.546635490564319
"vm(ID, ginv)_Np1_502917",0.349232219683284,0.789576345574663,0.442303295483236
"vm(ID, ginv)_Np1_501538",0.697686823072836,0.790582324158772,0.882497371561169
"vm(ID, ginv)_Np1_503504",0.633144917851464,0.734640956624342,0.861842662245174
"vm(ID, ginv)_Np1_504397",0.0170339488717986,0.719908881423968,0.0236612567386386
"vm(ID, ginv)_Np1_501158",0.880652473590184,0.762872849439659,1.15438958698954
"vm(ID, ginv)_Np1_500051",0.311775853958361,0.747510326214511,0.41708568166173
"vm(ID, ginv)_Np1_500178",0.202628806052171,0.743792351219192,0.272426579434477
"vm(ID, ginv)_Np1_500315",0.169019278122885,0.753067340867361,0.224441120933772
"vm(ID, ginv)_Np1_504933",0.357938924896253,0.791826522700914,0.452042100933075
"vm(ID, ginv)_Np1_501184",0.364737843279393,0.698117978926137,0.522458745211579
"vm(ID, ginv)_Np1_502973",0.473067966892201,0.775548512492798,0.609978562619697
"vm(ID, ginv)_Np1_503448",-0.159387939327777,0.747879937800285,-0.21311968843098
"vm(ID, ginv)_Np1_503933",0.590897918030442,0.746052225898324,0.792032913404875
"vm(ID, ginv)_Np1_504548",0.595014496704701,0.714668783524385,0.832573788616302
"vm(ID, ginv)_Np1_501894",0.773409348974907,0.695613223441798,1.1118381924199
"vm(ID, ginv)_Np1_502147",0.938709849138776,0.791011166115752,1.1867213629212
"vm(ID, ginv)_Np1_503258",0.453436029179566,0.744305081800333,0.609207219280017
"vm(ID, ginv)_Np1_500259",1.25286994998301,0.734000886457376,1.70690522736279
"vm(ID, ginv)_Np1_501573",1.29680598093108,0.749532960375968,1.73015204065289
"vm(ID, ginv)_Np1_501959",0.995389118655114,0.769979740301662,1.29274715496429
"vm(ID, ginv)_Np1_503535",0.429910759074349,0.73590153666635,0.5841960339176
"vm(ID, ginv)_Np1_502651",0.656882929126464,0.765646354460489,0.85794561065903
"vm(ID, ginv)_Np1_502421",-0.243647837119875,0.727836503496898,-0.334756275549888
"vm(ID, ginv)_Np1_504188",-0.0941732226052475,0.756585390381828,-0.124471373360409
"vm(ID, ginv)_Np1_503443",0.313436449886015,0.696871748705829,0.449776376310422
"vm(ID, ginv)_Np1_502930",0.453166461829684,0.784534951091941,0.577624312593024
"vm(ID, ginv)_Np1_503557",0.840410667080781,0.672239345367569,1.25016584178253
"vm(ID, ginv)_Np1_501531",0.330616342026699,0.76096083650692,0.434472217445966
"vm(ID, ginv)_Np1_500039",0.343154696334516,0.800671299870411,0.428583735160802
"vm(ID, ginv)_Np1_504275",0.837329469460946,0.785799101718448,1.06557702551429
"vm(ID, ginv)_Np1_501649",0.566230334011841,0.741194737879113,0.763942733365967
"vm(ID, ginv)_Np1_502846",0.345029617309717,0.814065179547819,0.42383537089913
"vm(ID, ginv)_Np1_503180",0.69525199906472,0.747948003039782,0.929545899232437
"vm(ID, ginv)_Np1_503106",0.884725076614685,0.754031689242064,1.17332612042339
"vm(ID, ginv)_Np1_500677",0.859077631232116,0.742225960502283,1.15743409278053
"vm(ID, ginv)_Np1_501774",0.601593528092023,0.781926151909015,0.769373842559527
"vm(ID, ginv)_Np1_503911",0.366219300115869,0.750995994819003,0.487644811213848
"vm(ID, ginv)_Np1_500098",0.199904642673027,0.734677807075148,0.272098382104224
"vm(ID, ginv)_Np1_502407",-0.133405245216176,0.75387901262276,-0.176958428318698
"vm(ID, ginv)_Np1_502993",0.392163287071202,0.73780608029935,0.53152623371183
"vm(ID, ginv)_Np1_503331",0.236142608698311,0.735358338032022,0.321125900782304
"vm(ID, ginv)_Np1_503223",-0.429801095352097,0.737238751266819,-0.582987661206844
"vm(ID, ginv)_Np1_503929",0.65821000684902,0.782284360778079,0.841394817345381
"vm(ID, ginv)_Np1_501049",0.517477234188121,0.745427187281064,0.694202254784418
"vm(ID, ginv)_Np1_503536",0.682655296735642,0.775400327246192,0.880390777187404
"vm(ID, ginv)_Np1_503873",0.308171492325382,0.772118721175271,0.399124491964529
"vm(ID, ginv)_Np1_500079",0.0337797186209092,0.797105853380544,0.0423779583071039
"vm(ID, ginv)_Np1_502663",0.391359619153932,0.779160648414074,0.502283604736092
"vm(ID, ginv)_Np1_502095",0.41712520216302,0.769150275998232,0.542319511777669
"vm(ID, ginv)_Np1_503643",0.800589222221455,0.777254992148886,1.03002133187727
"vm(ID, ginv)_Np1_500182",0.396193773234928,0.729670782529469,0.54297606909994
"vm(ID, ginv)_Np1_501933",0.374088976425155,0.683318120808678,0.547459470242698
"vm(ID, ginv)_Np1_502854",0.986796747626652,0.733204671185361,1.34586805895728
"vm(ID, ginv)_Np1_501929",0.342825008161344,0.786661321941513,0.435797462769922
"vm(ID, ginv)_Np1_503445",0.488876353239117,0.72629277838538,0.67311195675928
"vm(ID, ginv)_Np1_504360",0.341706058181015,0.782223328219912,0.436839513542286
"vm(ID, ginv)_Np1_504915",1.13915582539963,0.799097236865782,1.42555345312872
"vm(ID, ginv)_Np1_504026",0.8650424792839,0.757995312058286,1.14122404917642
"vm(ID, ginv)_Np1_503803",0.102381857657073,0.737950335566494,0.138738140932586
"vm(ID, ginv)_Np1_500570",-0.0362609019533355,0.749850120824638,-0.0483575329873363
"vm(ID, ginv)_Np1_503102",0.0951684441128915,0.741615399906279,0.128325873660281
"vm(ID, ginv)_Np1_504533",0.818319616875136,0.754374924511281,1.08476513506236
"vm(ID, ginv)_Np1_501470",0.149962724797553,0.779188955635924,0.192460023608988
"vm(ID, ginv)_Np1_500457",0.171422943608821,0.746241580594887,0.229715078958969
"vm(ID, ginv)_Np1_503793",0.657605672207783,0.802207447005462,0.819745160260655
"vm(ID, ginv)_Np1_502827",0.905906796878096,0.753414289222815,1.20240193189405
"vm(ID, ginv)_Np1_503354",1.5599081590567,0.762208568572086,2.0465633992793
"vm(ID, ginv)_Np1_500107",0.0574627801955161,0.743543214275872,0.0772823678466065
"vm(ID, ginv)_Np1_503087",0.458260256308187,0.773663528269972,0.592325008951793
"vm(ID, ginv)_Np1_503722",0.41991170008674,0.707122986859657,0.593831211670226
"vm(ID, ginv)_Np1_503689",-0.245045069697425,0.761575069801976,-0.321760886633463
"vm(ID, ginv)_Np1_500114",0.703028251335589,0.700860926693701,1.00309237476272
"vm(ID, ginv)_Np1_503901",0.930892215358913,0.734910837577258,1.26667368034432
"vm(ID, ginv)_Np1_504215",1.2987940386784,0.732568368570606,1.77293218544588
"vm(ID, ginv)_Np1_501695",-0.516058415986039,0.741555799054874,-0.695913128376536
"vm(ID, ginv)_Np1_504560",-0.573347147324446,0.745888326103374,-0.768676928247011
"vm(ID, ginv)_Np1_503246",1.27888565749714,0.773426012803372,1.65353328738152
"vm(ID, ginv)_Np1_504827",0.190847678888607,0.731277670164814,0.260978403518864
"vm(ID, ginv)_Np1_500295",-0.0463536919235988,0.786783901242956,-0.0589154046624106
"vm(ID, ginv)_Np1_502926",1.01049071493554,0.705380381712269,1.43254723427753
"vm(ID, ginv)_Np1_501804",0.633337628998866,0.758606346054269,0.834869932598163
"vm(ID, ginv)_Np1_504973",0.0680650590759149,0.759877267834242,0.0895737534956269
"vm(ID, ginv)_Np1_501873",0.522454602090539,0.790595185330523,0.660837065270158
"vm(ID, ginv)_Np1_503363",1.64961232570672,0.726474651618323,2.27070871919891
"vm(ID, ginv)_Np1_503046",0.499855732661154,0.733055759430133,0.681879551767978
"vm(ID, ginv)_Np1_504630",0.485492469640252,0.754394655028413,0.643552371963674
"vm(ID, ginv)_Np1_501123",0.633572363928004,0.716870948885091,0.88380253783943
"vm(ID, ginv)_Np1_503553",1.19106766630836,0.717711402470513,1.65953566044576
"vm(ID, ginv)_Np1_500336",0.0383244600182103,0.777286421102842,0.049305454177154
"vm(ID, ginv)_Np1_500080",0.0375549287542397,0.765224060515825,0.0490770359846298
"vm(ID, ginv)_Np1_504658",0.0625452678932355,0.765928796952221,0.0816593763573262
"vm(ID, ginv)_Np1_503222",-0.045827233809221,0.776774684620812,-0.058996816858922
"vm(ID, ginv)_Np1_503464",-0.191742432372836,0.741347166919493,-0.25864054107009
"vm(ID, ginv)_No_505501",0.4514583158148,0.777856263270114,0.580387839157926
"vm(ID, ginv)_No_505502",0.901968145172534,0.804992092879937,1.12046832900638
"vm(ID, ginv)_No_505503",-0.194570568141024,0.789520520700861,-0.246441432539718
"vm(ID, ginv)_No_505504",-0.138615294862332,0.791442018837652,-0.175142703524774
"vm(ID, ginv)_No_505505",0.318385915077873,0.78815141008895,0.403965419591067
"vm(ID, ginv)_No_505506",-0.0897477721421074,0.796116380327029,-0.112731975324061
"vm(ID, ginv)_No_505507",-0.589220103998395,0.788211291485079,-0.747540805826617
"vm(ID, ginv)_No_505508",1.10886886313931,0.78810958608201,1.40699831942397
"vm(ID, ginv)_No_505509",1.00925994278435,0.81059932356559,1.24507868862376
"vm(ID, ginv)_No_505510",0.169606534874866,0.77468561461694,0.218935955017999
"vm(ID, ginv)_No_505511",0.703702277484419,0.767542456884164,0.916825214257328
"vm(ID, ginv)_No_505512",0.286265689409169,0.789657447391356,0.362518824276086
"vm(ID, ginv)_No_505513",-0.141937456434045,0.791016608621219,-0.179436758832977
"vm(ID, ginv)_No_505514",0.132386482506428,0.775995492972001,0.170602128112109
"vm(ID, ginv)_No_505515",0.744650564460673,0.769790207963672,0.967342214485294
"vm(ID, ginv)_No_505516",-0.167792512067355,0.782770674782392,-0.214357176977792
"vm(ID, ginv)_No_505517",1.07474755194797,0.776734623301683,1.38367406280863
"vm(ID, ginv)_No_505518",0.231450986160334,0.777936097203236,0.297519278244607
"vm(ID, ginv)_No_505519",0.148447171236163,0.773118538388728,0.192010880434383
"vm(ID, ginv)_No_505520",1.34992122956694,0.768503832096123,1.75655757744887
"vm(ID, ginv)_No_505521",-0.284674896122926,0.810899826962847,-0.351060496817654
"vm(ID, ginv)_No_505522",0.88991960643628,0.8161640884298,1.09036849213542
"vm(ID, ginv)_No_505523",0.424706468881944,0.801414893363321,0.529945815081581
"vm(ID, ginv)_No_505524",0.665302034737601,0.774997401623606,0.858457116557816
"vm(ID, ginv)_No_505525",0.354925720832346,0.782796890944997,0.453407167220449
"vm(ID, ginv)_No_505526",0.0846330275110482,0.765103234240254,0.11061648117994
"vm(ID, ginv)_No_505527",0.505994736669563,0.762192737345994,0.663867171486663
"vm(ID, ginv)_No_505528",-0.0422208264639857,0.798218879956145,-0.0528937958299174
"vm(ID, ginv)_No_505529",0.781541105444242,0.813542117712618,0.960664590595074
"vm(ID, ginv)_No_505530",0.506490556171231,0.759536803083813,0.666841361886372
"vm(ID, ginv)_No_505531",0.335146812699719,0.807867322250957,0.414853780402828
"vm(ID, ginv)_No_505532",0.0265416303562297,0.787533850955766,0.0337022088942822
"vm(ID, ginv)_No_505533",0.550368820135857,0.755333841856089,0.728643137163601
"vm(ID, ginv)_No_505534",0.329413107680787,0.791852801307176,0.416002958045988
"vm(ID, ginv)_No_505535",0.211553022970407,0.77939735263666,0.27143153906635
"vm(ID, ginv)_No_505536",0.301082304460248,0.777015605919175,0.387485530749516
"vm(ID, ginv)_No_505537",0.885611406335449,0.790198179819525,1.12074594570404
"vm(ID, ginv)_No_505538",0.837208488744497,0.779218971893278,1.0744200525692
"vm(ID, ginv)_No_505539",1.17214287204532,0.782260511316648,1.49840475786314
"vm(ID, ginv)_No_505540",0.988355311785257,0.789352764054695,1.25210850812549
"vm(ID, ginv)_No_505541",0.824068063288112,0.814667713898855,1.01153887557943
"vm(ID, ginv)_No_505542",0.212487432332899,0.790681282958384,0.268739676672078
"vm(ID, ginv)_No_505543",1.02809483983434,0.786517634469987,1.30714785629332
"vm(ID, ginv)_No_505544",0.760933098781475,0.754498586621897,1.00852819643889
"vm(ID, ginv)_No_505545",-0.330484311941884,0.773030780610933,-0.427517661949631
"vm(ID, ginv)_No_505546",0.932204939163549,0.793884889027262,1.17423187170847
"vm(ID, ginv)_No_505547",0.43771648098082,0.803895324252668,0.5444943735526
"vm(ID, ginv)_No_505548",0.208716123089901,0.783820701675806,0.266280442253779
"vm(ID, ginv)_No_505549",0.57148410538794,0.778348884960306,0.734226150291312
"vm(ID, ginv)_No_505550",0.117600139960961,0.799532868508427,0.147086060614807
"vm(ID, ginv)_No_505551",-0.0259015407394819,0.8036360624756,-0.03223043607537
"vm(ID, ginv)_No_505552",0.296150816312316,0.790774878736819,0.374507112296469
"vm(ID, ginv)_No_505553",0.976847417359935,0.773858812822779,1.26230702703601
"vm(ID, ginv)_No_505554",0.176664869758872,0.785417984341302,0.224931021801129
"vm(ID, ginv)_No_505555",-0.0818558184855568,0.796654335123757,-0.102749479763819
"vm(ID, ginv)_No_505556",0.803059187788087,0.811855854175877,0.989164743540934
"vm(ID, ginv)_No_505557",0.110738769899586,0.811530168137213,0.136456750774621
"vm(ID, ginv)_No_505558",0.519912495464283,0.776169850013379,0.669843714562375
"vm(ID, ginv)_No_505559",0.338588803988263,0.771367482237553,0.438946172589617
"vm(ID, ginv)_No_505560",0.809859151972681,0.767490078395767,1.05520471830134
"vm(ID, ginv)_No_505561",0.220498423227844,0.793850139526667,0.277758247116158
"vm(ID, ginv)_No_505562",0.820674584539195,0.79177883369133,1.03649472506502
"vm(ID, ginv)_No_505563",0.917134906135557,0.796008812641341,1.15216677450127
"vm(ID, ginv)_No_505564",1.01137193756753,0.784004785415768,1.29000735248215
"vm(ID, ginv)_No_505565",0.487161549591218,0.785094593868266,0.620513188341939
"vm(ID, ginv)_No_505566",0.10156471524086,0.802163310989957,0.126613513544416
"vm(ID, ginv)_No_505567",0.46226224987648,0.802081833693219,0.576328038434651
"vm(ID, ginv)_No_505568",0.620641943160981,0.773364321335217,0.802522079230963
"vm(ID, ginv)_No_505569",0.887827987210862,0.78650187920035,1.12883136161548
"vm(ID, ginv)_No_505570",0.157701471515623,0.798217773627814,0.197566975737569
"vm(ID, ginv)_No_505571",-0.00805132128671435,0.795708654879606,-0.010118428695403
"vm(ID, ginv)_No_505572",-0.211529209510905,0.782677860179181,-0.270263438220265
"vm(ID, ginv)_No_505573",0.224272109268884,0.772914749139433,0.290164095740946
"vm(ID, ginv)_No_505574",1.10090156619182,0.782351679945423,1.40716968393116
"vm(ID, ginv)_No_505575",0.464615706213173,0.804531732984793,0.57749829766125
"vm(ID, ginv)_No_505576",-0.0330064094534416,0.793694630413442,-0.0415857789490755
"vm(ID, ginv)_No_505577",0.832625777477751,0.776485055801879,1.07230109743438
"vm(ID, ginv)_No_505578",0.619398227846916,0.781671087722533,0.792402632738518
"vm(ID, ginv)_No_505579",0.403033634791882,0.777457533191591,0.518399549281313
"vm(ID, ginv)_No_505580",1.42496936842532,0.78977357885229,1.80427581598273
"vm(ID, ginv)_No_505581",0.715988148618175,0.784320636351116,0.912876845812902
"vm(ID, ginv)_No_505582",0.485323940837976,0.776554924235786,0.624970527764777
"vm(ID, ginv)_No_505583",0.277569479128831,0.791937468994162,0.350494186720792
"vm(ID, ginv)_No_505584",0.902078922405123,0.745849845181153,1.20946451652883
"vm(ID, ginv)_No_505585",0.0335753299764354,0.794190797123455,0.04227615089226
"vm(ID, ginv)_No_505586",-0.700207775810359,0.773642036135197,-0.905079795441718
"vm(ID, ginv)_No_505587",0.331024516009573,0.796053750414135,0.415831865420347
"vm(ID, ginv)_No_505588",1.10305636068755,0.796337328004972,1.38516219433163
"vm(ID, ginv)_No_505589",0.0268165617232373,0.774463402959484,0.0346259895829322
"vm(ID, ginv)_No_505590",0.753720408453715,0.810139658797012,0.930358611961949
"vm(ID, ginv)_No_505591",0.383241860468422,0.783344984633719,0.489237651336493
"vm(ID, ginv)_No_505592",-0.335582757553725,0.787684440156757,-0.42603705296875
"vm(ID, ginv)_No_505593",0.402969888131853,0.779891784738628,0.516699747346235
"vm(ID, ginv)_No_505594",0.687748056489044,0.793671824149912,0.86653958923851
"vm(ID, ginv)_No_505595",0.261462257182341,0.765083027512445,0.341743637984555
"vm(ID, ginv)_No_505596",0.380653350926182,0.802421314401149,0.474380907005524
"vm(ID, ginv)_No_505597",-0.392342482036181,0.808619473248311,-0.48520038784139
"vm(ID, ginv)_No_505598",-0.256914150034456,0.78661297638238,-0.326608075061258
"vm(ID, ginv)_No_505599",0.913915368600532,0.801554398208452,1.14017884580662
"vm(ID, ginv)_No_505600",1.15347524908311,0.80131672428519,1.43947482203377
"vm(ID, ginv)_No_505601",1.35015904460168,0.792888320957969,1.70283633761993
"vm(ID, ginv)_No_505602",0.883753496409148,0.802978574922333,1.10059411796215
"vm(ID, ginv)_No_505603",0.405363687943237,0.797656802201194,0.508193106138637
"vm(ID, ginv)_No_505604",0.142657415111972,0.784890804334742,0.181754473774076
"vm(ID, ginv)_No_505605",0.4237635076205,0.783961036315365,0.540541542233015
"vm(ID, ginv)_No_505606",0.433173798158617,0.778169177904225,0.556657614383091
"vm(ID, ginv)_No_505607",0.0666382340086291,0.797394661414128,0.0835699525382457
"vm(ID, ginv)_No_505608",0.644590324580424,0.782170971040867,0.824104126138357
"vm(ID, ginv)_No_505609",0.797749633806041,0.787648929328505,1.01282386619397
"vm(ID, ginv)_No_505610",0.114994170580391,0.783724343944708,0.146727827799239
"vm(ID, ginv)_No_505611",0.397413029385618,0.789845236309315,0.503153036970378
"vm(ID, ginv)_No_505612",1.05863968805643,0.78062726954271,1.35613977292463
"vm(ID, ginv)_No_505613",-0.36408567983298,0.808615884764382,-0.450257887203229
"vm(ID, ginv)_No_505614",0.934975206444465,0.779286734884824,1.19978329489036
"vm(ID, ginv)_No_505615",0.0436972458695848,0.788318627131365,0.0554309442472468
"vm(ID, ginv)_No_505616",0.529565774112191,0.796783672104751,0.664629299836568
"vm(ID, ginv)_No_505617",0.349765883927695,0.785379313374772,0.445346443395297
"vm(ID, ginv)_No_505618",0.805437486858345,0.763666807883073,1.05469751800666
"vm(ID, ginv)_No_505619",0.333332309410332,0.785200270169465,0.424518841974406
"vm(ID, ginv)_No_505620",0.475669337309545,0.80514086044,0.590790209118933
"vm(ID, ginv)_No_505621",0.0916434432820479,0.768601085657577,0.119234079930608
"vm(ID, ginv)_No_505622",0.586290811403111,0.793622008412442,0.73875321650407
"vm(ID, ginv)_No_505623",0.921111565322448,0.796158806621573,1.15694451617147
"vm(ID, ginv)_No_505624",0.443811817296712,0.780100017492796,0.568916558575529
"vm(ID, ginv)_No_505625",0.335624168810074,0.80722709147688,0.415774163619837
"vm(ID, ginv)_No_505626",0.606739915892538,0.791688827040979,0.766386862070913
"vm(ID, ginv)_No_505627",-0.397500160041678,0.785014491846168,-0.506360282734211
"vm(ID, ginv)_No_505628",-0.305964294656478,0.783819324875054,-0.390350537357893
"vm(ID, ginv)_No_505629",0.767507554295435,0.785726106837141,0.976813100158981
"vm(ID, ginv)_No_505630",0.0141156208294726,0.792393634700394,0.0178138998236776
"vm(ID, ginv)_No_505631",0.464385900348761,0.793789706304544,0.585023837750039
"vm(ID, ginv)_No_505632",0.334490630434209,0.790419825270651,0.423180972617525
"vm(ID, ginv)_No_505633",0.152814653930839,0.778152451252897,0.196381382189047
"vm(ID, ginv)_No_505634",0.957354541608802,0.76387220238036,1.25329150429289
"vm(ID, ginv)_No_505635",0.962842049528431,0.794070301686674,1.21254005783023
"vm(ID, ginv)_No_505636",0.43454807445788,0.796076063776317,0.545862505143704
"vm(ID, ginv)_No_505637",0.5513406018397,0.78656578101595,0.700946589778636
"vm(ID, ginv)_No_505638",0.652550522368259,0.758690920980313,0.860100607932794
"vm(ID, ginv)_No_505639",-0.462129686010028,0.794728081593071,-0.581494094286523
"vm(ID, ginv)_No_505640",0.652817904052999,0.802555062880312,0.813424441819708
"vm(ID, ginv)_No_505641",-0.0483568795050423,0.795167425668745,-0.0608134563162891
"vm(ID, ginv)_No_505642",0.493461873283637,0.772525121489543,0.638764824025618
"vm(ID, ginv)_No_505643",0.521265069272163,0.758497260815109,0.687233950867525
"vm(ID, ginv)_No_505644",0.686794120508306,0.781114474439148,0.879248999964358
"vm(ID, ginv)_No_505645",0.589430510994137,0.793202186699607,0.743102478633686
"vm(ID, ginv)_No_505646",0.49983356952927,0.772588237306649,0.646959849235811
"vm(ID, ginv)_No_505647",0.62577835130316,0.781485057163597,0.800755363863802
"vm(ID, ginv)_No_505648",0.488929513329051,0.788860067465008,0.619792449249231
"vm(ID, ginv)_No_505649",0.377819545031079,0.757794091977944,0.49857810852671
"vm(ID, ginv)_No_505650",0.26592648057852,0.792138782889709,0.335706932071202
"vm(ID, ginv)_No_505651",0.579570260235814,0.769848601739537,0.752836673244878
"vm(ID, ginv)_No_505652",-0.25935294905597,0.794739810122174,-0.326336929083872
"vm(ID, ginv)_No_505653",0.24730408680446,0.804717328042917,0.30731795897313
"vm(ID, ginv)_No_505654",0.67877063115755,0.764564714723161,0.887787021930936
"vm(ID, ginv)_No_505655",0.695747556268974,0.803484043797,0.865913345311876
"vm(ID, ginv)_No_505656",0.954548677860229,0.806272014335553,1.18390401860453
"vm(ID, ginv)_No_505657",-0.0904386885455867,0.797796861722647,-0.113360546881955
"vm(ID, ginv)_No_505658",1.03786316624479,0.775829217817993,1.33774694534418
"vm(ID, ginv)_No_505659",-0.0540853498583836,0.788185929816694,-0.0686200397804133
"vm(ID, ginv)_No_505660",-0.0395007145869001,0.80161384101835,-0.0492764877122373
"vm(ID, ginv)_No_505661",0.377559076221216,0.788998548735284,0.478529493908981
"vm(ID, ginv)_No_505662",0.709226895150097,0.794705079480933,0.892440369971377
"vm(ID, ginv)_No_505663",0.601873262419878,0.791528152729469,0.760394005373538
"vm(ID, ginv)_No_505664",0.458084486194025,0.794081512869368,0.576873379835734
"vm(ID, ginv)_No_505665",0.961631026751224,0.786573024684986,1.22255785104803
"vm(ID, ginv)_No_505666",0.810698648210209,0.792367719576515,1.02313437079881
"vm(ID, ginv)_No_505667",-0.254864006799248,0.781625666812957,-0.326069137210455
"vm(ID, ginv)_No_505668",0.498923878192655,0.794106349374428,0.628283451688418
"vm(ID, ginv)_No_505669",0.433658725717007,0.797960147938636,0.543459127422934
"vm(ID, ginv)_No_505670",0.24386502853095,0.797482764561802,0.305793478389403
"vm(ID, ginv)_No_505671",-0.0329457273082856,0.784481708346483,-0.0419968075198694
"vm(ID, ginv)_No_505672",0.442183682300641,0.792987690507441,0.557617334536029
"vm(ID, ginv)_No_505673",0.785728946049774,0.779338261847748,1.00820014172905
"vm(ID, ginv)_No_505674",1.16002194562524,0.79494288930191,1.45925193021593
"vm(ID, ginv)_No_505675",0.541972175229844,0.823244114030347,0.658337139607979
"vm(ID, ginv)_No_505676",0.443534334636536,0.783301271273821,0.566237220469783
"vm(ID, ginv)_No_505677",0.423697451818602,0.792818523452377,0.534419213584448
"vm(ID, ginv)_No_505678",0.73554310996207,0.794610261453142,0.925665254582727
"vm(ID, ginv)_No_505679",0.534893715013404,0.792670211093307,0.674799819051659
"vm(ID, ginv)_No_505680",-0.042499557524024,0.770314386982965,-0.0551717042316695
"vm(ID, ginv)_No_505681",0.593828207150764,0.770515506758453,0.770689495463876
"vm(ID, ginv)_No_505682",0.975065168117848,0.787577184839618,1.23805664624022
"vm(ID, ginv)_No_505683",0.42087061528473,0.779282768028904,0.540074325458612
"vm(ID, ginv)_No_505684",0.16026878344364,0.801780953528529,0.199890983613815
"vm(ID, ginv)_No_505685",0.0507876430598492,0.801723911319382,0.0633480458082745
"vm(ID, ginv)_No_505686",0.971221491226212,0.798682750040614,1.21602913193859
"vm(ID, ginv)_No_505687",0.596489022975516,0.776828191595912,0.767851925855177
"vm(ID, ginv)_No_505688",0.637636951265996,0.784406599338439,0.812890855079206
"vm(ID, ginv)_No_505689",0.797124897130076,0.783482036536702,1.01741311218019
"vm(ID, ginv)_No_505690",-0.0395976414339381,0.795505564665022,-0.0497766994887235
"vm(ID, ginv)_No_505691",-0.181648121613032,0.789102012653577,-0.230195993293934
"vm(ID, ginv)_No_505692",0.483152909233439,0.778386130377675,0.620711097458805
"vm(ID, ginv)_No_505693",0.988113060479771,0.808118419679114,1.22273300102741
"vm(ID, ginv)_No_505694",-0.2097619469714,0.794366038514707,-0.264062078187041
"vm(ID, ginv)_No_505695",0.0507369252060702,0.778242288424758,0.065194253718552
"vm(ID, ginv)_No_505696",1.21626021567923,0.774212525554802,1.57096427083462
"vm(ID, ginv)_No_505697",1.01544043930962,0.777197727517006,1.3065406695845
"vm(ID, ginv)_No_505698",0.430301259464438,0.784005516505111,0.548849785372183
"vm(ID, ginv)_No_505699",0.123879447801525,0.805196366170176,0.153849983688753
"vm(ID, ginv)_No_505700",0.817626470811595,0.770895477572342,1.0606191041442
"vm(ID, ginv)_No_505701",0.579592147932973,0.794998505026608,0.729048097912555
"vm(ID, ginv)_No_505702",0.592502098661074,0.802664991089177,0.738168607375136
"vm(ID, ginv)_No_505703",0.591131670053161,0.776152033703928,0.761618399983031
"vm(ID, ginv)_No_505704",1.42178636019164,0.780749994047367,1.82105202821863
"vm(ID, ginv)_No_505705",1.18198274595827,0.760981200062056,1.55323514675774
"vm(ID, ginv)_No_505706",-0.0613488097886492,0.782124489739353,-0.0784386764427924
"vm(ID, ginv)_No_505707",0.408756968118237,0.782279246908941,0.522520531809298
"vm(ID, ginv)_No_505708",0.469375043325059,0.800893917461428,0.586063938171518
"vm(ID, ginv)_No_505709",0.132509193122332,0.773743194475103,0.171257329393669
"vm(ID, ginv)_No_505710",0.805944575184784,0.797733947967645,1.01029243802154
"vm(ID, ginv)_No_505711",0.277020234148341,0.773554097156129,0.35811358916819
"vm(ID, ginv)_No_505712",0.518020237830964,0.807328166719104,0.641647670904563
"vm(ID, ginv)_No_505713",-0.291085944393788,0.789406639225912,-0.368740177659546
"vm(ID, ginv)_No_505714",0.585592362098062,0.784263291873194,0.746678275224879
"vm(ID, ginv)_No_505715",0.643075668339627,0.778336829551631,0.826217704114141
"vm(ID, ginv)_No_505716",1.22771729540359,0.77160103673785,1.59112966021157
"vm(ID, ginv)_No_505717",0.0747191631714252,0.796943316456783,0.0937571865256707
"vm(ID, ginv)_No_505718",-0.0150098454730792,0.793186143579165,-0.0189234842219367
"vm(ID, ginv)_No_505719",0.340120621327025,0.778300642080438,0.437004163863806
"vm(ID, ginv)_No_505720",1.09500400321331,0.800174436763516,1.36845661758741
"vm(ID, ginv)_No_505721",0.339545137862699,0.778550565372803,0.436124707841052
"vm(ID, ginv)_No_505722",1.00291181393124,0.78863508921052,1.27170579606752
"vm(ID, ginv)_No_505723",0.694129568341821,0.79258347116709,0.875781029498012
"vm(ID, ginv)_No_505724",0.0481347393129142,0.801283986478443,0.0600720095810989
"vm(ID, ginv)_No_505725",0.189259164659301,0.794624670159769,0.238174287517714
"vm(ID, ginv)_No_505726",0.275912439607258,0.800227195838992,0.344792630195453
"vm(ID, ginv)_No_505727",0.651406057070413,0.768688496327368,0.84742527068207
"vm(ID, ginv)_No_505728",0.409179979362551,0.787923822629952,0.519314136228018
"vm(ID, ginv)_No_505729",0.561046447315804,0.762655437882998,0.735648655273702
"vm(ID, ginv)_No_505730",0.983779656386399,0.804287616416837,1.22316897128071
"vm(ID, ginv)_No_505731",0.418460660756664,0.793583499006969,0.527305143416281
"vm(ID, ginv)_No_505732",0.714783348657247,0.792432243154455,0.902011944657742
"vm(ID, ginv)_No_505733",0.353485575347534,0.760235845097079,0.464968309015205
"vm(ID, ginv)_No_505734",0.733523357528806,0.800683876681856,0.916121054627236
"vm(ID, ginv)_No_505735",0.0715041397107646,0.786848941020066,0.0908740369124308
"vm(ID, ginv)_No_505736",-0.257607562797312,0.796168556182058,-0.323559076526008
"vm(ID, ginv)_No_505737",1.0140916395486,0.790152256469268,1.28341295142279
"vm(ID, ginv)_No_505738",0.27831482264121,0.789834299368883,0.352371152865351
"vm(ID, ginv)_No_505739",-0.153068793840863,0.80776184155131,-0.189497431008741
"vm(ID, ginv)_No_505740",1.44901408175035,0.77631874561002,1.86651950625222
"vm(ID, ginv)_No_505741",0.0354083549018408,0.78234401787615,0.0452593157137762
"vm(ID, ginv)_No_505742",0.131470705072361,0.78001547786886,0.168548841404483
"vm(ID, ginv)_No_505743",-0.148195354567511,0.780297039192617,-0.189921718427704
"vm(ID, ginv)_No_505744",-0.52582301182305,0.783645635359876,-0.670995904394433
"vm(ID, ginv)_No_505745",-0.00801609332748188,0.793291159471346,-0.0101048564978637
"vm(ID, ginv)_No_505746",0.391889735489517,0.797799466395632,0.491213333671469
"vm(ID, ginv)_No_505747",0.650305098584474,0.775062030217766,0.839036197401853
"vm(ID, ginv)_No_505748",0.156465456522616,0.764856645370508,0.204568342930226
"vm(ID, ginv)_No_505749",0.327723581681131,0.772107187634773,0.424453478648554
"vm(ID, ginv)_No_505750",-0.10199004443118,0.790026004983346,-0.129097072486025
"vm(ID, ginv)_No_505751",0.303011511659516,0.785713217229392,0.385651539283003
"vm(ID, ginv)_No_505752",0.660834789529022,0.769601988053942,0.858670845172899
"vm(ID, ginv)_No_505753",0.252211742708418,0.792312401699733,0.318323608424345
"vm(ID, ginv)_No_505754",-0.18640463451908,0.803570160654188,-0.231970577861338
"vm(ID, ginv)_No_505755",0.47892633002481,0.789299721164384,0.60677372255788
"vm(ID, ginv)_No_505756",-0.243014687582994,0.786362397952568,-0.309036505580283
"vm(ID, ginv)_No_505757",-0.195379470690608,0.763099055198879,-0.256034219095826
"vm(ID, ginv)_No_505758",0.0570873350724978,0.802066538525413,0.0711753106886269
"vm(ID, ginv)_No_505759",-0.574442286441658,0.782401926381786,-0.73420356861615
"vm(ID, ginv)_No_505760",-0.295948034019612,0.785819427533041,-0.376610737340377
"vm(ID, ginv)_No_505761",0.60442567944508,0.75776438879776,0.79764328910209
"vm(ID, ginv)_No_505762",-0.332886425345603,0.782605827454288,-0.425356435727597
"vm(ID, ginv)_No_505763",0.281611007798787,0.787289238849824,0.357697011342619
"vm(ID, ginv)_No_505764",0.484067533104156,0.778110821367948,0.622106157389184
"vm(ID, ginv)_No_505765",0.391600168915909,0.772648340699732,0.506828460359165
"vm(ID, ginv)_No_505766",-0.0789226944869665,0.776784963125506,-0.101601727934343
"vm(ID, ginv)_No_505767",-0.554369177237325,0.784094982923266,-0.707017885984327
"vm(ID, ginv)_No_505768",-0.157650859289154,0.794016855971175,-0.198548504485246
"vm(ID, ginv)_No_505769",-0.0583857285445311,0.797561082886841,-0.0732053378697954
"vm(ID, ginv)_No_505770",-0.000571520627902002,0.80536178233367,-0.000709644585127849
"vm(ID, ginv)_No_505771",0.163044293960818,0.790791459641472,0.20617862266082
"vm(ID, ginv)_No_505772",0.152291157144593,0.782428843139039,0.194638986637575
"vm(ID, ginv)_No_505773",-0.192149207695615,0.798170316403775,-0.240737100524309
"vm(ID, ginv)_No_505774",0.107322811566527,0.77825151992677,0.137902476022952
"vm(ID, ginv)_No_505775",0.134738580559475,0.792517636472669,0.170013352837381
"vm(ID, ginv)_No_505776",-0.664521115472359,0.798783970348679,-0.831915937399554
"vm(ID, ginv)_No_505777",0.168892556506421,0.777819406639265,0.217135950922281
"vm(ID, ginv)_No_505778",-0.105139795296104,0.775394089687998,-0.135595301401395
"vm(ID, ginv)_No_505779",1.17041592035591,0.788408768292175,1.48452930437497
"vm(ID, ginv)_No_505780",0.45823769340255,0.777926153932893,0.589050375907634
"vm(ID, ginv)_No_505781",0.432601161531631,0.798734122521304,0.541608464361171
"vm(ID, ginv)_No_505782",0.313289965746085,0.777458032810421,0.402967044553618
"vm(ID, ginv)_No_505783",0.802075733994328,0.778293291936145,1.03055717209
"vm(ID, ginv)_No_505784",0.614903408988776,0.794475863949287,0.773973681128754
"vm(ID, ginv)_No_505785",0.819718657917242,0.7829951247412,1.04690135610765
"vm(ID, ginv)_No_505786",0.167703062416171,0.793891928750166,0.211241677038068
"vm(ID, ginv)_No_505787",1.05200013117864,0.771038778761685,1.36439328365324
"vm(ID, ginv)_No_505788",0.538575627451477,0.783588259256305,0.687319674700887
"vm(ID, ginv)_No_505789",0.0962012079853338,0.777422604595566,0.123743775157374
"vm(ID, ginv)_No_505790",0.0666994691572689,0.781169720949506,0.0853840943504521
"vm(ID, ginv)_No_505791",0.720930126269983,0.785969840341257,0.917249096933496
"vm(ID, ginv)_No_505792",0.65431419398089,0.773503499445105,0.845909804480887
"vm(ID, ginv)_No_505793",-0.179503180934464,0.788298355838837,-0.227709698497915
"vm(ID, ginv)_No_505794",1.01373954340968,0.79387063593699,1.27695810566565
"vm(ID, ginv)_No_505795",0.0465863810074439,0.760125529824941,0.0612877467991016
"vm(ID, ginv)_No_505796",-0.0261765428493247,0.800677444355762,-0.03269299395637
"vm(ID, ginv)_No_505797",0.551639953022999,0.786638245009299,0.70126256449237
"vm(ID, ginv)_No_505798",0.198780788562176,0.773814524581987,0.256884282017784
"vm(ID, ginv)_No_505799",0.731605539811013,0.788198246583436,0.928199907805261
"vm(ID, ginv)_No_505800",0.31655642094021,0.783284017938404,0.404140022891548
"vm(ID, ginv)_No_505801",0.687897481232333,0.798104849009744,0.861913672227212
"vm(ID, ginv)_No_505802",0.721663772861982,0.769991068470316,0.937236550413056
"vm(ID, ginv)_No_505803",0.276182653340051,0.789278127737499,0.34991803729788
"vm(ID, ginv)_No_505804",0.977163574209966,0.803922869816323,1.21549418594501
"vm(ID, ginv)_No_505805",0.783457426586913,0.806211828139945,0.9717761501893
"vm(ID, ginv)_No_505806",-0.325792594818959,0.793763344540176,-0.410440463218529
"vm(ID, ginv)_No_505807",0.206179023963565,0.797579419477389,0.25850594803294
"vm(ID, ginv)_No_505808",0.216908393960939,0.788209202852874,0.275191399917499
"vm(ID, ginv)_No_505809",-0.355256512441441,0.784674514132275,-0.452743788721491
"vm(ID, ginv)_No_505810",0.189500195350776,0.772991472707442,0.245151728112914
"vm(ID, ginv)_No_505811",0.634478874230363,0.78130339835204,0.812077453609743
"vm(ID, ginv)_No_505812",0.477677940169089,0.787525953434804,0.606555172036795
"vm(ID, ginv)_No_505813",0.0246693831930184,0.765457708384906,0.0322282771768934
"vm(ID, ginv)_No_505814",1.19143797181201,0.781510444990797,1.52453237119056
"vm(ID, ginv)_No_505815",0.0941593295258372,0.783895650651181,0.120117173054372
"vm(ID, ginv)_No_505816",0.602341375371972,0.78124158148283,0.771005268599122
"vm(ID, ginv)_No_505817",-0.174660871471355,0.789846328957147,-0.221132725528982
"vm(ID, ginv)_No_505818",1.03580764934561,0.77823735442694,1.33096624500674
"vm(ID, ginv)_No_505819",0.309867692945452,0.798692005393637,0.387968942787568
"vm(ID, ginv)_No_505820",0.727232272456646,0.773330419195734,0.940390102865693
"vm(ID, ginv)_No_505821",0.177027826369528,0.761108194371099,0.232592196061961
"vm(ID, ginv)_No_505822",0.587826996741384,0.773792484426967,0.759670077665203
"vm(ID, ginv)_No_505823",0.052310921313642,0.783035823765353,0.0668052721548505
"vm(ID, ginv)_No_505824",0.744424981505042,0.800081082324625,0.930436924395368
"vm(ID, ginv)_No_505825",-0.403415749721413,0.775541138460465,-0.520173243836218
"vm(ID, ginv)_No_505826",-0.248507460535039,0.776239496677179,-0.320142767275842
"vm(ID, ginv)_No_505827",0.539522341137844,0.782730271855751,0.689282579883753
"vm(ID, ginv)_No_505828",0.565902780376781,0.809116619823908,0.699408177402092
"vm(ID, ginv)_No_505829",0.22481203958746,0.793625638313347,0.283272148396368
"vm(ID, ginv)_No_505830",0.887583409262648,0.798896393648975,1.11101191133007
"vm(ID, ginv)_No_505831",0.490214532050677,0.788077151436938,0.622038757445061
"vm(ID, ginv)_No_505832",0.926250753095678,0.806018404561509,1.14916824213162
"vm(ID, ginv)_No_505833",0.293115723588308,0.782139504508519,0.374761435650148
"vm(ID, ginv)_No_505834",0.180693325072375,0.774688521167457,0.233246421155266
"vm(ID, ginv)_No_505835",0.719805725743078,0.790314638486163,0.910783744461391
"vm(ID, ginv)_No_505836",0.582576654547148,0.770858055013249,0.755750881447474
"vm(ID, ginv)_No_505837",0.262645858907067,0.78990707332405,0.33250222434623
"vm(ID, ginv)_No_505838",0.661456705933451,0.784595205505774,0.843054738662411
"vm(ID, ginv)_No_505839",0.241663594606318,0.803105192850554,0.300911507929059
"vm(ID, ginv)_No_505840",0.152009178230632,0.79305775280676,0.191674790004444
"vm(ID, ginv)_No_505841",0.0319208742340898,0.777931337836298,0.0410330226866461
"vm(ID, ginv)_No_505842",0.255106742255416,0.786403133659956,0.324396904508935
"vm(ID, ginv)_No_505843",-0.183878451240134,0.784745476195482,-0.234316038534677
"vm(ID, ginv)_No_505844",0.4476176901868,0.762165314926991,0.587297376855411
"vm(ID, ginv)_No_505845",0.542704442238098,0.794266075841471,0.683277882242596
"vm(ID, ginv)_No_505846",-0.587436410262311,0.791738112506729,-0.741957979517272
"vm(ID, ginv)_No_505847",0.67016593335171,0.795902170588198,0.842020487086291
"vm(ID, ginv)_No_505848",-0.058915664436087,0.781690019910254,-0.0753696003984433
"vm(ID, ginv)_No_505849",0.273760152781645,0.780629921122549,0.350691339614521
"vm(ID, ginv)_No_505850",0.0438438314036381,0.761669052132105,0.0575628368789674
"vm(ID, ginv)_No_505851",0.779738408640316,0.790680821423687,0.986160771215282
"vm(ID, ginv)_No_505852",1.02577642427694,0.770017024896277,1.33214772025997
"vm(ID, ginv)_No_505853",0.757847657818254,0.800481958587207,0.946739210907139
"vm(ID, ginv)_No_505854",-0.0574464240504256,0.769329048112485,-0.0746708111325938
"vm(ID, ginv)_No_505855",0.471197780605398,0.759831994905774,0.620134166190029
"vm(ID, ginv)_No_505856",-0.166620207927721,0.801049059392561,-0.208002501187718
"vm(ID, ginv)_No_505857",0.814321742492816,0.800152994205226,1.01770754891902
"vm(ID, ginv)_No_505858",1.03101949706661,0.810133723507871,1.27265347330846
"vm(ID, ginv)_No_505859",-0.201497872706198,0.781942023806952,-0.257689018586299
"vm(ID, ginv)_No_505860",0.125470735662173,0.790198526598813,0.158783813736311
"vm(ID, ginv)_No_505861",0.81688210353303,0.791687121281963,1.03182441847768
"vm(ID, ginv)_No_505862",1.26986727036889,0.791744633402724,1.60388491035463
"vm(ID, ginv)_No_505863",-0.0718135705458342,0.800253185830286,-0.0897385625167184
"vm(ID, ginv)_No_505864",0.850892363151094,0.792844778909715,1.07321431102971
"vm(ID, ginv)_No_505865",1.23794278674798,0.797914478877602,1.55147302062917
"vm(ID, ginv)_No_505866",0.894252865329721,0.77698588488995,1.15092549648618
"vm(ID, ginv)_No_505867",0.755802901005043,0.770980021708749,0.980314508448521
"vm(ID, ginv)_No_505868",0.583494134942274,0.778299987883585,0.749703384332508
"vm(ID, ginv)_No_505869",0.494869725277241,0.80971308537681,0.611166762912011
"vm(ID, ginv)_No_505870",1.21224197885078,0.79936852878923,1.51649950578729
"vm(ID, ginv)_No_505871",-0.0633618138902784,0.789308656017808,-0.08027507795233
"vm(ID, ginv)_No_505872",0.859238946182739,0.784079676176726,1.09585667412335
"vm(ID, ginv)_No_505873",0.676391734300014,0.765402418902678,0.883707338251851
"vm(ID, ginv)_No_505874",-0.710923244961709,0.78749085756328,-0.90277015680094
"vm(ID, ginv)_No_505875",0.244046293759097,0.800756439146226,0.304769692541344
"vm(ID, ginv)_No_505876",0.531352216681993,0.800811943360243,0.663516848228331
"vm(ID, ginv)_No_505877",0.209327990312874,0.773626333606769,0.270580228748101
"vm(ID, ginv)_No_505878",0.76984288812726,0.789430188428176,0.975188052613093
"vm(ID, ginv)_No_505879",0.216623273960844,0.79686606994329,0.271844017623012
"vm(ID, ginv)_No_505880",0.475160868946243,0.776703440891712,0.611766143846001
"vm(ID, ginv)_No_505881",0.698403079309484,0.798864283067089,0.87424496765345
"vm(ID, ginv)_No_505882",0.579165274685197,0.807122566353852,0.717567936802406
"vm(ID, ginv)_No_505883",0.231062833369861,0.787760417154966,0.293316125484389
"vm(ID, ginv)_No_505884",0.710941497698669,0.77253877888089,0.920266421743318
"vm(ID, ginv)_No_505885",0.477526818016184,0.762341628727089,0.626394781580442
"vm(ID, ginv)_No_505886",0.930809153078097,0.781171319104916,1.19155571935826
"vm(ID, ginv)_No_505887",0.055428907086148,0.789837533252155,0.0701776058399245
"vm(ID, ginv)_No_505888",0.560360343286929,0.794439403745448,0.705353159278185
"vm(ID, ginv)_No_505889",0.834017683305722,0.800860199355125,1.04140233710864
"vm(ID, ginv)_No_505890",-0.779401179084734,0.786210279036358,-0.991339339953721
"vm(ID, ginv)_No_505891",0.0668561261113066,0.788210805291672,0.0848201086085936
"vm(ID, ginv)_No_505892",0.0502477585358432,0.769485983302571,0.0653004208344172
"vm(ID, ginv)_No_505893",0.704991218974692,0.793883357850882,0.888028716061224
"vm(ID, ginv)_No_505894",0.284682116759833,0.800685984183425,0.355547770765795
"vm(ID, ginv)_No_505895",0.974417733494704,0.803298512054927,1.21302071256429
"vm(ID, ginv)_No_505896",0.350566770052398,0.797205590494938,0.439744495312372
"vm(ID, ginv)_No_505897",0.508851428760315,0.778140242108068,0.653932801858158
"vm(ID, ginv)_No_505898",0.299242296693406,0.788168577026623,0.379667885038378
"vm(ID, ginv)_No_505899",-0.19827610879528,0.771851897749209,-0.256883618960413
"vm(ID, ginv)_No_505900",-0.482786798897609,0.773528558351831,-0.624135713781906
"vm(ID, ginv)_No_505901",0.607680460034179,0.786298962942501,0.772836400241591
"vm(ID, ginv)_No_505902",0.272322058331411,0.772855920040893,0.352358119113589
"vm(ID, ginv)_No_505903",0.966991927043361,0.775507641366798,1.24691476326278
"vm(ID, ginv)_No_505904",0.40746670938266,0.801303784721941,0.508504660968317
"vm(ID, ginv)_No_505905",-0.00962700308347737,0.800389449489433,-0.0120278985306696
"vm(ID, ginv)_No_505906",-0.679336180083505,0.777186938881143,-0.874096238752409
"vm(ID, ginv)_No_505907",0.747030376313737,0.788666748580618,0.947206634054478
"vm(ID, ginv)_No_505908",1.0897860542273,0.74263027029218,1.46746786095662
"vm(ID, ginv)_No_505909",0.176458692238646,0.7956227030846,0.221786899185408
"vm(ID, ginv)_No_505910",0.163920482722808,0.789469447175516,0.207633725800619
"vm(ID, ginv)_No_505911",0.0455929858106804,0.76928474498526,0.0592667228979745
"vm(ID, ginv)_No_505912",0.387721565415173,0.814432459590834,0.476063497776061
"vm(ID, ginv)_No_505913",0.322706600293044,0.814144866218124,0.396374912725403
"vm(ID, ginv)_No_505914",0.0812206162471481,0.774943926587351,0.104808378336252
"vm(ID, ginv)_No_505915",0.770643504958312,0.800185362954871,0.963081231719274
"vm(ID, ginv)_No_505916",0.148766313432623,0.787059162965588,0.189015413875726
"vm(ID, ginv)_No_505917",1.03011579848035,0.787886218304346,1.30744233691169
"vm(ID, ginv)_No_505918",0.203574613198291,0.77929151098928,0.261230374420301
"vm(ID, ginv)_No_505919",-0.212009256872541,0.779003986873704,-0.272154264220618
"vm(ID, ginv)_No_505920",0.32417314368791,0.791643148089535,0.409494030827191
"vm(ID, ginv)_No_505921",-0.255035091262569,0.785809787800283,-0.324550667632288
"vm(ID, ginv)_No_505922",0.490108612914987,0.783953024763341,0.625175995797632
"vm(ID, ginv)_No_505923",0.364464887743362,0.78382576851893,0.46498201817482
"vm(ID, ginv)_No_505924",0.316676236660954,0.788079600914093,0.401832805079133
"vm(ID, ginv)_No_505925",0.411061091533748,0.800647157774663,0.513411041982913
"vm(ID, ginv)_No_505926",1.04446070152168,0.780276443853029,1.33857776913538
"vm(ID, ginv)_No_505927",0.019814843048707,0.791763087821336,0.0250262273570125
"vm(ID, ginv)_No_505928",0.456379603070688,0.771271943436678,0.59172333047294
"vm(ID, ginv)_No_505929",0.241991102700802,0.798636989211836,0.303005127447978
"vm(ID, ginv)_No_505930",-0.00232834693044538,0.772582186292967,-0.00301372070409407
"vm(ID, ginv)_No_505931",0.563806123299286,0.805428625395855,0.700007555631865
"vm(ID, ginv)_No_505932",0.264430770320321,0.792075446501018,0.333845432892081
"vm(ID, ginv)_No_505933",0.0417622083037317,0.791398601823107,0.0527701315209884
"vm(ID, ginv)_No_505934",0.171334513204969,0.797012694979519,0.214970870958802
"vm(ID, ginv)_No_505935",0.167340658488826,0.807806857527018,0.207154293046131
"vm(ID, ginv)_No_505936",0.369653989913606,0.788105886915616,0.469041021074349
"vm(ID, ginv)_No_505937",0.132323010698861,0.789212246137399,0.167664669860969
"vm(ID, ginv)_No_505938",0.0593372605023643,0.78995710708985,0.0751145346624691
"vm(ID, ginv)_No_505939",0.107967503810084,0.799234718663279,0.135088605748584
"vm(ID, ginv)_No_505940",0.545105113159317,0.766438717840055,0.711218131953862
"vm(ID, ginv)_No_505941",0.334471572084715,0.790204040065451,0.423272414624723
"vm(ID, ginv)_No_505942",0.44105158435443,0.787496214737953,0.56006819601183
"vm(ID, ginv)_No_505943",0.55344411996643,0.773783737224735,0.715243928428144
"vm(ID, ginv)_No_505944",0.996848683468339,0.781178522125805,1.27608306582167
"vm(ID, ginv)_No_505945",0.218351694900442,0.786462585573002,0.277637740060266
"vm(ID, ginv)_No_505946",1.03320408450142,0.78707055544609,1.31272104813504
"vm(ID, ginv)_No_505947",0.734346027430904,0.787972911212088,0.93194323939551
"vm(ID, ginv)_No_505948",0.75555128621176,0.796116219829712,0.949046467579032
"vm(ID, ginv)_No_505949",0.523714034511226,0.791479418129222,0.661690023158279
"vm(ID, ginv)_No_505950",0.0578253561583361,0.804110811187663,0.0719121734887865
"vm(ID, ginv)_No_505951",-0.243195594687303,0.802273176025185,-0.303133149598994
"vm(ID, ginv)_No_505952",0.374450414208427,0.764009069386595,0.490112525115787
"vm(ID, ginv)_No_505953",0.551574969559651,0.803585925933354,0.686392023253773
"vm(ID, ginv)_No_505954",0.522300326627982,0.787449034832982,0.663281436034475
"vm(ID, ginv)_No_505955",0.756019670788927,0.787074063123954,0.960544510624871
"vm(ID, ginv)_No_505956",0.0588619357606165,0.779450076761475,0.0755172621256015
"vm(ID, ginv)_No_505957",1.18702348766225,0.777552609076189,1.5266150146066
"vm(ID, ginv)_No_505958",0.728645216965745,0.819763978652639,0.888847565811983
"vm(ID, ginv)_No_505959",0.939502631186532,0.774629386021526,1.21284145442996
"vm(ID, ginv)_No_505960",0.525324681362323,0.780076613347034,0.673427035721966
"vm(ID, ginv)_No_505961",-0.0857812752172597,0.785692262582164,-0.109179228691067
"vm(ID, ginv)_No_505962",-0.107905015070586,0.779037236884123,-0.138510728321753
"vm(ID, ginv)_No_505963",0.369722737882407,0.794067380102723,0.46560625350783
"vm(ID, ginv)_No_505964",1.07719329095112,0.783869340668402,1.37420005486195
"vm(ID, ginv)_No_505965",0.625597727562048,0.773725501811784,0.808552550093186
"vm(ID, ginv)_No_505966",-0.597732786174209,0.774494397630835,-0.771771607390141
"vm(ID, ginv)_No_505967",0.666929142312624,0.7778756551251,0.857372432108531
"vm(ID, ginv)_No_505968",0.361260005304343,0.792313405662799,0.455955942083469
"vm(ID, ginv)_No_505969",0.221549127101023,0.795799275936484,0.278398251670068
"vm(ID, ginv)_No_505970",0.808283145287212,0.781285538438546,1.03455536487034
"vm(ID, ginv)_No_505971",0.677485710874741,0.778321926256492,0.870444077212697
"vm(ID, ginv)_No_505972",0.962937393284328,0.778724573542005,1.23655709091654
"vm(ID, ginv)_No_505973",0.00831762505412167,0.792295792820661,0.0104981310382957
"vm(ID, ginv)_No_505974",0.46739850436067,0.791240057883611,0.590716432647325
"vm(ID, ginv)_No_505975",0.0984347921927665,0.799348089694712,0.123143838662779
"vm(ID, ginv)_No_505976",1.08166060518577,0.798537132557637,1.35455267023252
"vm(ID, ginv)_No_505977",-0.811211209531062,0.774121112063725,-1.04791252542959
"vm(ID, ginv)_No_505978",0.577253841502525,0.778678008905336,0.741325470734722
"vm(ID, ginv)_No_505979",0.864428828755654,0.779717435733558,1.10864370750206
"vm(ID, ginv)_No_505980",0.171717572158581,0.781666131612229,0.219681479360509
"vm(ID, ginv)_No_505981",0.905608220761944,0.770949880639668,1.17466549188716
"vm(ID, ginv)_No_505982",-0.237482152321196,0.791507784109244,-0.300037671251024
"vm(ID, ginv)_No_505983",0.364603164003787,0.7957842235879,0.458168374286091
"vm(ID, ginv)_No_505984",0.582782714488024,0.791194515934075,0.736585887226477
"vm(ID, ginv)_No_505985",1.08838409277806,0.796065742829626,1.36720378006643
"vm(ID, ginv)_No_505986",0.256174181134045,0.789494789934174,0.32447862151871
"vm(ID, ginv)_No_505987",0.304653297685799,0.773732238812936,0.393745125772708
"vm(ID, ginv)_No_505988",0.813201446215345,0.784235452849978,1.03693532759849
"vm(ID, ginv)_No_505989",0.474125800870767,0.786050611915012,0.603174647642193
"vm(ID, ginv)_No_505990",0.067903857983626,0.792533299429247,0.0856795014575764
"vm(ID, ginv)_No_505991",0.924812009739775,0.799549852605844,1.15666584982248
"vm(ID, ginv)_No_505992",0.668023971891431,0.773478249627825,0.863662258392999
"vm(ID, ginv)_No_505993",0.91255536569054,0.785849667328633,1.16123401666966
"vm(ID, ginv)_No_505994",0.327490809253589,0.797826138319584,0.410478917052485
"vm(ID, ginv)_No_505995",1.41655921074524,0.79053977809215,1.79188859308749
"vm(ID, ginv)_No_505996",1.11131951075035,0.776819177938024,1.43060256789774
"vm(ID, ginv)_No_505997",1.31426894580768,0.775572624912102,1.69457882291375
"vm(ID, ginv)_No_505998",0.887499090855845,0.791027606117699,1.12195716558063
"vm(ID, ginv)_No_505999",0.172352620857334,0.779432265386798,0.221125848275992
"vm(ID, ginv)_No_506000",0.0446555485426713,0.780943393563815,0.0571815433880385
"vm(ID, ginv)_Nr_502439",-0.473736895008138,0.86855954135796,-0.545428231975287
"vm(ID, ginv)_Nr_502547",-1.05886550107007,0.856249817344238,-1.2366315059246
"vm(ID, ginv)_Nr_504538",-0.0775642977221899,0.858119303715704,-0.0903887109709946
"vm(ID, ginv)_Nr_503474",-0.373127601378163,0.857847599166638,-0.434957912968038
"vm(ID, ginv)_Nr_502371",-0.270014747345194,0.860959816792299,-0.313620615130675
"vm(ID, ginv)_Nr_502073",-0.755772805018271,0.857149410133029,-0.881728198239063
"vm(ID, ginv)_Nr_503880",-0.584248379918471,0.861855660618711,-0.677895854973036
"vm(ID, ginv)_Nr_500483",-0.143769084959983,0.84148558790135,-0.170851511929682
"vm(ID, ginv)_Nr_502971",-0.261870313923184,0.861618565404326,-0.303928355815195
"vm(ID, ginv)_Nr_500362",-0.136102218569298,0.859350026992935,-0.158378093086877
"vm(ID, ginv)_Nr_503068",-0.0136847997076929,0.861659089076149,-0.015881918825188
"vm(ID, ginv)_Nr_502679",0.0535567400043209,0.871430234695872,0.0614584367996047
"vm(ID, ginv)_Nr_501970",0.0658806249340537,0.84295115788585,0.078154735678025
"vm(ID, ginv)_Nr_504092",0.0809322289076199,0.868604989707957,0.0931749527881839
"vm(ID, ginv)_Nr_501491",-1.06266902691997,0.856491404870911,-1.24072351558523
"vm(ID, ginv)_Nr_502041",-0.562892544098903,0.868573583667859,-0.648065465820282
"vm(ID, ginv)_Nr_500613",-0.74138038852199,0.870184895257009,-0.85198030046594
"vm(ID, ginv)_Nr_501858",-0.055054827895887,0.866843247439206,-0.0635118610643017
"vm(ID, ginv)_Nr_500879",-0.379202759880623,0.855501435052259,-0.443252044173905
"vm(ID, ginv)_Nr_501757",0.0956605812857616,0.858435374071028,0.111435973138086
"vm(ID, ginv)_Nr_501412",-0.021508488239805,0.86433296609272,-0.0248844936888567
"vm(ID, ginv)_Nr_504002",-0.640999231479288,0.872542687181628,-0.734633664227659
"vm(ID, ginv)_Nr_501135",-0.405214482405317,0.863741641688391,-0.469138528059418
"vm(ID, ginv)_Nr_502559",-0.383970116392869,0.861939193765041,-0.445472394306201
"vm(ID, ginv)_Nr_500303",-0.257125714218078,0.860190704007172,-0.298917104102922
"vm(ID, ginv)_Nr_501864",-0.396089621294147,0.872771272469131,-0.453829810614162
"vm(ID, ginv)_Nr_502900",-0.273721663372139,0.860336993399505,-0.318156333474126
"vm(ID, ginv)_Nr_502340",-0.0894316875765282,0.858629606996206,-0.104156305405531
"vm(ID, ginv)_Nr_502022",-0.82903852267309,0.875264719297476,-0.947186039143119
"vm(ID, ginv)_Nr_502990",-0.294386362194148,0.861506246705816,-0.341711233458617
"vm(ID, ginv)_Nr_501464",0.0139019820589811,0.866969489514558,0.016035145673656
"vm(ID, ginv)_Nr_504252",-0.380147373684472,0.861090453967871,-0.441472056661142
"vm(ID, ginv)_Nr_500226",0.256210143418724,0.8686287974778,0.294959301559734
"vm(ID, ginv)_Nr_502265",-0.945003205487563,0.861565446951061,-1.09684436490782
"vm(ID, ginv)_Nr_501866",-0.519141842394675,0.865854960842771,-0.599571366882709
"vm(ID, ginv)_Nr_504745",-0.0732425611552009,0.860789651059046,-0.0850876414058757
"vm(ID, ginv)_Nr_503963",0.112411422056265,0.856774444582282,0.131203052060068
"vm(ID, ginv)_Nr_500218",-0.433936041396449,0.86359740243797,-0.502474926593607
"vm(ID, ginv)_Nr_503907",-0.0931285850635375,0.868809548975569,-0.107191023824896
"vm(ID, ginv)_Nr_501340",-0.369779772305645,0.860557226138358,-0.429698061992907
"vm(ID, ginv)_Nr_500081",-0.768438326469495,0.862066827551699,-0.891390669389155
"vm(ID, ginv)_Nr_502605",-0.159107120338414,0.865454746438704,-0.183842218201622
"vm(ID, ginv)_Nr_503303",-1.0968579107207,0.864232085687534,-1.26917054907548
"vm(ID, ginv)_Nr_500386",-0.444272312322104,0.861406876227164,-0.515751991983104
"vm(ID, ginv)_Nr_502238",-0.503557681017698,0.857481288810093,-0.587252092365157
"vm(ID, ginv)_Nr_500506",-0.83890348917665,0.868819855573997,-0.965566663554688
"vm(ID, ginv)_Nr_500455",-1.29131284458063,0.853924833502072,-1.51220903048897
"vm(ID, ginv)_Nr_502554",-0.0352410350017302,0.870098828941617,-0.0405023358606254
"vm(ID, ginv)_Nr_503563",-0.591054691447567,0.87283115137263,-0.677169565405707
"vm(ID, ginv)_Nr_504502",-0.410427229817751,0.853865418669725,-0.480669694361406
"vm(ID, ginv)_Nr_500960",-1.22340370666563,0.882563550069066,-1.38619333029321
"vm(ID, ginv)_Nr_503913",0.100755738441725,0.847228231120857,0.118923962564878
"vm(ID, ginv)_Nr_500259",1.25286994998301,0.734000886457376,1.70690522736278
"vm(ID, ginv)_Nr_501806",0.420240594153696,0.856103036652318,0.490876186816242
"vm(ID, ginv)_Nr_502919",0.195020358187202,0.861435703404206,0.226389917920193
"vm(ID, ginv)_Nr_500996",-0.0518037916883379,0.866428455272669,-0.059790039642725
"vm(ID, ginv)_Nr_501443",0.0825245993493804,0.86850201994213,0.0950194673754232
"vm(ID, ginv)_Nr_504988",0.145482854529489,0.860813354050061,0.169006270459215
"vm(ID, ginv)_Nr_500501",-0.396903821374029,0.870693497801132,-0.455847921658285
"vm(ID, ginv)_Nr_501093",-0.518327537771988,0.856490621130871,-0.605175964551266
"vm(ID, ginv)_Nr_500128",-0.46724601157811,0.857590889698145,-0.544835558762256
"vm(ID, ginv)_Nr_503376",-0.295386886327953,0.862273962025112,-0.342567327017757
"vm(ID, ginv)_Nr_503412",-0.317762207702751,0.859437956751383,-0.36973257372047
"vm(ID, ginv)_Nr_502076",-0.333658752173123,0.861297688155834,-0.387390743945378
"vm(ID, ginv)_Nr_502093",0.101962104897329,0.863829270877152,0.118035019574868
"vm(ID, ginv)_Nr_501597",0.126464751691063,0.857790377932828,0.147430835020355
"vm(ID, ginv)_Nr_500326",0.37178528508621,0.869623659525555,0.427524344598728
"vm(ID, ginv)_Nr_504431",-0.191001195667296,0.863041301982157,-0.221311767152535
"vm(ID, ginv)_Nr_500072",-0.129861653632708,0.864291181260531,-0.150252202554364
"vm(ID, ginv)_Nr_503559",-0.690292097549651,0.857818061561156,-0.804706881892155
"vm(ID, ginv)_Nr_503014",-0.67073703587638,0.858384769579093,-0.781394381222857
"vm(ID, ginv)_Nr_504684",-0.752567008780191,0.859468094443302,-0.875619483312695
"vm(ID, ginv)_Nr_503021",-0.151537932975455,0.872373621588297,-0.173707605577935
"vm(ID, ginv)_Nr_501130",-0.0476603926905285,0.858441043255788,-0.0555197040786495
"vm(ID, ginv)_Nr_502199",-0.74177796546873,0.851939037951429,-0.870693714485026
"vm(ID, ginv)_Nr_501157",-1.01704106067018,0.861096369844692,-1.1811001605472
"vm(ID, ginv)_Nr_504659",-0.306867614948133,0.862131790407706,-0.355940493509715
"vm(ID, ginv)_Nr_504078",-0.388832788318539,0.863986239786628,-0.450045116939092
"vm(ID, ginv)_Nr_501815",-0.48551485296728,0.86321161250494,-0.562451716281217
"vm(ID, ginv)_Nr_500674",-0.333264930848373,0.854952543524174,-0.389805180852064
"vm(ID, ginv)_Nr_502757",-0.0261946685134691,0.872723736998176,-0.0300148459391839
"vm(ID, ginv)_Nr_501308",-0.116046397887702,0.865164734217848,-0.134132140733422
"vm(ID, ginv)_Nr_504285",-0.0153660503156983,0.86078096476375,-0.0178512896366332
"vm(ID, ginv)_Nr_500747",-0.565161032035696,0.863182671423481,-0.654740938095623
"vm(ID, ginv)_Nr_503005",-0.468800883733556,0.861837716662379,-0.543954940321098
"vm(ID, ginv)_Nr_500959",-0.660756255327534,0.866471385155451,-0.762582892692977
"vm(ID, ginv)_Nr_503905",-0.509187112691601,0.86966819646392,-0.585495841703723
"vm(ID, ginv)_Nr_501619",-0.833461951372268,0.859753563237756,-0.969419595347211
"vm(ID, ginv)_Nr_503715",0.367157935714784,0.86322576945746,0.425332454967771
"vm(ID, ginv)_Nr_502877",-0.0161917531422057,0.854782580714685,-0.0189425399013954
"vm(ID, ginv)_Nr_503174",-0.363223894300262,0.88264428033529,-0.411517870100834
"vm(ID, ginv)_Nr_504193",-0.165518662745407,0.857385701553561,-0.193050411787241
"vm(ID, ginv)_Nr_503570",0.0127509397519969,0.86285667520997,0.0147775871918637
"vm(ID, ginv)_Nr_504137",-0.289843983373361,0.866518002144426,-0.334492742973679
"vm(ID, ginv)_Nr_500814",-0.136268833880868,0.862147423517066,-0.158057462289883
"vm(ID, ginv)_Nr_500160",-0.652181112483332,0.865493819276105,-0.753536418121175
"vm(ID, ginv)_Nr_502315",-0.311866143164983,0.866187731507681,-0.360044516703268
"vm(ID, ginv)_Nr_500999",-0.394919654433117,0.866410787881634,-0.455811100181118
"vm(ID, ginv)_Nr_504710",-0.608555190791523,0.912759819685767,-0.666719960351704
"vm(ID, ginv)_Nr_500876",-0.575136569973102,0.856279551597364,-0.671669163300936
"vm(ID, ginv)_Nr_502260",-0.467886683282913,0.867596416949635,-0.53929070492009
"vm(ID, ginv)_Nr_504355",-0.731745310344558,0.85195322647456,-0.858903150555072
"vm(ID, ginv)_Nr_503870",-0.383025243746807,0.854736126181566,-0.448121042289306
"vm(ID, ginv)_Nr_504445",-0.725279396372728,0.863467052111793,-0.839961866059512
"vm(ID, ginv)_Nr_501457",-0.361990690103559,0.861921207333265,-0.419981185082494
"vm(ID, ginv)_Nr_504362",-0.895938687048463,0.857307995548731,-1.04506045866866
"vm(ID, ginv)_Nr_501571",-0.0167757735919489,0.864941645423731,-0.0193952663520213
"vm(ID, ginv)_Nr_503823",-0.471782538031255,0.861052980451517,-0.547913483539494
"vm(ID, ginv)_Nr_500812",-0.419039657260567,0.852944121995793,-0.491286177434533
"vm(ID, ginv)_Nr_500012",-0.363302925163446,0.864287120651118,-0.420349807931592
"vm(ID, ginv)_Nr_503356",0.106378614080897,0.870229395696843,0.122242037107599
"vm(ID, ginv)_Nr_500142",-0.044061196674812,0.871540582249407,-0.0505555307144644
"vm(ID, ginv)_Nr_504772",-0.644561764168789,0.871044795575358,-0.73998692999828
"vm(ID, ginv)_Nr_501347",-0.265798306393894,0.871733142523842,-0.304907882272727
"vm(ID, ginv)_Nr_501060",-0.078332387581498,0.870695858539705,-0.0899652695177324
"vm(ID, ginv)_Nr_503349",-0.457285291680314,0.863221153991952,-0.529742916476972
"vm(ID, ginv)_Nr_504423",-0.718267774176505,0.876870353774301,-0.819126534595309
"vm(ID, ginv)_Nr_502927",0.240004819682339,0.835969322385449,0.287097640135265
"vm(ID, ginv)_Nr_501710",-0.372089714752371,0.858338174333277,-0.433500135353289
"vm(ID, ginv)_Nr_501541",-0.779457498218498,0.860587167630768,-0.905727539912519
"vm(ID, ginv)_Nr_502124",-0.823823297257691,0.855515474407386,-0.962955460073182
"vm(ID, ginv)_Nr_502641",-0.592080237663135,0.870075216859391,-0.68049316448789
"vm(ID, ginv)_Nr_501007",0.17975737112569,0.857967825325912,0.20951528229792
"vm(ID, ginv)_Nr_501536",-0.0588819433263701,0.862523785619443,-0.068267037162439
"vm(ID, ginv)_Nr_503858",0.0916058299156411,0.858144841957277,0.106748680918135
"vm(ID, ginv)_Nr_500473",-0.838543316905312,0.86568432109064,-0.968647919889396
"vm(ID, ginv)_Nr_503076",0.392358329625908,0.868331259212248,0.451853282331281
"vm(ID, ginv)_Nr_503483",-0.878757902077418,0.874372129491748,-1.00501591077499
"vm(ID, ginv)_Nr_500206",-0.0258626348129854,0.867154753432658,-0.0298247051182126
"vm(ID, ginv)_Nr_503271",-0.184197103082704,0.846207072875336,-0.21767379284224
"vm(ID, ginv)_Nr_503025",0.320949460090945,0.869398498259408,0.369162657554053
"vm(ID, ginv)_Nr_504912",-0.164606815711783,0.864502585589262,-0.190406389125584
"vm(ID, ginv)_Nr_504265",-0.150619279119873,0.862460593956417,-0.174639027191872
"vm(ID, ginv)_Nr_504267",-0.397453075740059,0.866100837933635,-0.458899308639757
"vm(ID, ginv)_Nr_501338",0.0219950559695038,0.869358316936527,0.0253003342131823
"vm(ID, ginv)_Nr_502655",-0.315754883915355,0.866208095849001,-0.364525436126146
"vm(ID, ginv)_Nr_504564",0.0172336972344741,0.868159778229699,0.0198508358330261
"vm(ID, ginv)_Nr_504462",-0.405579717057582,0.865864731673162,-0.468410020897671
"vm(ID, ginv)_Nr_501017",-0.404902966572959,0.853349291283524,-0.474486790706703
"vm(ID, ginv)_Nr_503464",-0.191742432372836,0.741347166919494,-0.25864054107009
"vm(ID, ginv)_Nr_500622",-0.520761644485713,0.876400619981344,-0.594205016076779
"vm(ID, ginv)_Nr_503121",0.104527160605913,0.866068331739902,0.120691586073724
"vm(ID, ginv)_Nr_503522",-0.0625240570491859,0.853579565756266,-0.0732492430202332
"vm(ID, ginv)_Nr_503799",0.232588082501221,0.866001827878592,0.268576895583444
"vm(ID, ginv)_Nr_503624",-0.654184634098218,0.865852328251115,-0.755538343841574
"vm(ID, ginv)_Nr_503928",-0.793598115123702,0.859341907668597,-0.923495186306859
"vm(ID, ginv)_Nr_504054",-0.948475807804119,0.860249085927035,-1.10255950668289
"vm(ID, ginv)_Nr_501410",0.0827150140975283,0.874939960300467,0.0945379315731822
"vm(ID, ginv)_Nr_500015",-0.272005938302433,0.865629131891878,-0.314229186935922
"vm(ID, ginv)_Nr_501215",0.142633641915758,0.867080728690651,0.164498687603338
"vm(ID, ginv)_Nr_502724",0.0328241195605149,0.863531237798315,0.0380115022175738
"vm(ID, ginv)_Nr_504880",-0.109566267670365,0.857611732221048,-0.127757426296641
"vm(ID, ginv)_Nr_503079",0.0837114921514071,0.856394682472409,0.0977487294873577
"vm(ID, ginv)_Nr_502151",-0.736292445935852,0.867293721843845,-0.848953967256344
"vm(ID, ginv)_Nr_504960",-0.177302476331753,0.860672474800416,-0.20600458539454
"vm(ID, ginv)_Nr_503615",0.243609337198072,0.865178739416182,0.281571109066386
"vm(ID, ginv)_Nr_500593",-0.0358388476851569,0.872971119228831,-0.0410538755472419
"vm(ID, ginv)_Nr_501307",-0.505902273399791,0.857889800480298,-0.589705429667723
"vm(ID, ginv)_Nr_500263",-0.4307531070944,0.860001555679387,-0.50087479987651
"vm(ID, ginv)_Nr_503274",0.272008733463885,0.864700349655832,0.314569935784286
"vm(ID, ginv)_Nr_503241",-0.371277569905202,0.845457785068224,-0.439143830079276
"vm(ID, ginv)_Nr_500902",-0.00268797118587111,0.851641934250583,-0.0031562222076775
"vm(ID, ginv)_Nr_502811",-0.917851208358444,0.872629298086851,-1.05182258992534
"vm(ID, ginv)_Nr_500964",0.0793707693888815,0.845979405407359,0.0938211602806839
"vm(ID, ginv)_Nr_501435",0.0796089564913895,0.861823556126095,0.0923726857145011
"vm(ID, ginv)_Nr_504040",-0.60597516741803,0.862211523121233,-0.702814971927516
"vm(ID, ginv)_Nr_501012",-0.504403731927662,0.840616459280993,-0.60004027563188
"vm(ID, ginv)_Nr_501600",-0.623770422434197,0.865582288756409,-0.720636767337713
"vm(ID, ginv)_Nr_500823",-0.435774794520986,0.864532634246059,-0.504058235928846
"vm(ID, ginv)_Nr_502385",-0.492857674344917,0.862409015410487,-0.57148947371605
"vm(ID, ginv)_Nr_501848",-0.337707497166592,0.870424307841497,-0.387980315030549
"vm(ID, ginv)_Nr_500414",0.50096412557526,0.859081149734434,0.583139469106175
"vm(ID, ginv)_Nr_504947",-0.223266815562881,0.863399679225026,-0.258590338791047
"vm(ID, ginv)_Nr_504814",-1.00092888147044,0.854550705658649,-1.17129255741351
"vm(ID, ginv)_Nr_501500",-0.271856372445989,0.867089888059889,-0.313527324201954
"vm(ID, ginv)_Nr_501040",-0.570286534515418,0.859347657708265,-0.663627263541133
"vm(ID, ginv)_Nr_500391",-0.696849893161189,0.871110080553146,-0.799956180875208
"vm(ID, ginv)_Nr_503874",-0.671746501339304,0.863929588978814,-0.77754774221048
"vm(ID, ginv)_Nr_503449",-0.441447392013652,0.85091558256765,-0.518791054080334
"vm(ID, ginv)_Nr_500308",-0.21474450704824,0.865032484273451,-0.248250222913427
"vm(ID, ginv)_Nr_504307",0.473022271851702,0.851784312937857,0.555331044099907
"vm(ID, ginv)_Nr_501231",-0.399770155716433,0.866747818633699,-0.461230068448989
"vm(ID, ginv)_Nr_500922",0.110303136343364,0.867596737392931,0.127136412101799
"vm(ID, ginv)_Nr_501229",-0.75606006816727,0.855323501523524,-0.883946327700053
"vm(ID, ginv)_Nr_501446",-0.151847292075986,0.850927689315797,-0.1784491138114
"vm(ID, ginv)_Nr_501417",-0.437279860260219,0.865497240282403,-0.505235418333095
"vm(ID, ginv)_Nr_504620",-0.26117494374115,0.863543039907339,-0.302445774757417
"vm(ID, ginv)_Nr_504263",-0.169154280814976,0.871723552944167,-0.194045784633985
"vm(ID, ginv)_Nr_502644",-0.573244490913307,0.865637673747704,-0.66222220716376
"vm(ID, ginv)_Nr_504834",-0.586888266766206,0.862072364887544,-0.680787704919372
"vm(ID, ginv)_Nr_501772",0.638510318142921,0.860154329376242,0.742320646814566
"vm(ID, ginv)_Nr_504408",-0.0572715640040596,0.868056935379218,-0.065976736858902
"vm(ID, ginv)_Nr_500955",-0.659041973565334,0.857834903422516,-0.768262017476726
"vm(ID, ginv)_Nr_502832",0.342628241085309,0.864127720160526,0.396501851626354
"vm(ID, ginv)_Nr_502763",-0.626526347334514,0.868312916762917,-0.721544428557177
"vm(ID, ginv)_Nr_502822",-0.412902933651501,0.865537338379264,-0.477048089484701
"vm(ID, ginv)_Nr_502487",-0.352745768729738,0.866107346990362,-0.407277192550663
"vm(ID, ginv)_Nr_503762",0.0568447812297995,0.862368575230875,0.0659170369404763
"vm(ID, ginv)_Nr_504318",-0.33388771536038,0.864646695474624,-0.386155081732084
"vm(ID, ginv)_Nr_504333",0.299432796788924,0.860905851597583,0.347811315526857
"vm(ID, ginv)_Nr_503779",-0.501949190976567,0.863106242512249,-0.581561302946367
"vm(ID, ginv)_Nr_503346",-0.155693345192031,0.847089878971524,-0.183797905106673
"vm(ID, ginv)_Nr_500125",-0.420463182492196,0.865425301188689,-0.485845724541074
"vm(ID, ginv)_Nr_500863",-0.209119489768349,0.861966033327685,-0.242607575800902
"vm(ID, ginv)_Nr_500924",-0.305136490164588,0.861792955667155,-0.354071692229565
"vm(ID, ginv)_Nr_501670",-0.0538862336418649,0.867894370801235,-0.0620884700428664
"vm(ID, ginv)_Nr_502848",-0.589364369216806,0.866411892471325,-0.680235779700256
"vm(ID, ginv)_Nr_501225",-0.555280581626186,0.848167225759703,-0.654682903042877
"vm(ID, ginv)_Nr_500884",-0.770563432397841,0.856183890200525,-0.899997583716937
"vm(ID, ginv)_Nr_504958",0.0920877033047454,0.863602640463391,0.106632030739662
"vm(ID, ginv)_Nr_503538",-0.596817816195425,0.853794886290515,-0.699017791952843
"vm(ID, ginv)_Nr_500301",-0.1602223731539,0.860474564319272,-0.18620233508082
"vm(ID, ginv)_Nr_502412",-0.555283443728284,0.862514100520198,-0.643796366219848
"vm(ID, ginv)_Nr_503511",0.0669213400761389,0.868777171926301,0.0770293491111849
"vm(ID, ginv)_Nr_501720",-0.459515810365967,0.847759786760252,-0.542035394391642
"vm(ID, ginv)_Nr_500815",-0.309105597432189,0.85442244801261,-0.361771390898225
"vm(ID, ginv)_Nr_503737",-0.555304514144382,0.861164072631181,-0.644830098923794
"vm(ID, ginv)_Nr_501731",-0.0961657519710683,0.868024173886423,-0.110786951405401
"vm(ID, ginv)_Nr_504253",-0.564795723147045,0.863504285725275,-0.654074024279638
"vm(ID, ginv)_Nr_503976",-0.269568661393216,0.867790794040784,-0.31063784410295
"vm(ID, ginv)_Nr_504768",-0.849861712951844,0.85504087700725,-0.993942787772284
"vm(ID, ginv)_Nr_501123",0.633572363928003,0.71687094888509,0.883802537839431
"vm(ID, ginv)_Nr_503317",-0.503597138849394,0.865322171025771,-0.581976465773921
"vm(ID, ginv)_Nr_503884",-0.329996754795362,0.859677680489128,-0.383861024061489
"vm(ID, ginv)_Nr_501278",-0.414914618750059,0.859293827649567,-0.482855346331275
"vm(ID, ginv)_Nr_500469",-0.644445741997609,0.859908800381135,-0.749434988584804
"vm(ID, ginv)_Nr_502288",-0.531059374593606,0.867749115167218,-0.611996446105589
"vm(ID, ginv)_Nr_500050",-0.528167749452305,0.872631247921404,-0.605258808586552
"vm(ID, ginv)_Nr_502354",-0.493523233655136,0.855600950696498,-0.576814732678109
"vm(ID, ginv)_Nr_501522",-0.470033750044714,0.872387154817993,-0.538790315112764
"vm(ID, ginv)_Nr_503958",-0.34948602983981,0.860349555311444,-0.406213994860841
"vm(ID, ginv)_Nr_502620",-0.597695048854963,0.860575563166234,-0.69452942244365
"vm(ID, ginv)_Nr_503508",-0.503409988520331,0.873154522287159,-0.57654169527942
"vm(ID, ginv)_Nr_501769",-0.346650234486502,0.874143150847137,-0.396560030414425
"vm(ID, ginv)_Nr_501206",0.228655757143979,0.850209452674611,0.268940502160577
"vm(ID, ginv)_Nr_501977",-0.602792896857066,0.871408825072797,-0.691745228546095
"vm(ID, ginv)_Nr_500372",0.259289049035419,0.864496880794776,0.299930577883683
"vm(ID, ginv)_Nr_503086",0.260978943732652,0.861878134249519,0.302802604407524
"vm(ID, ginv)_Nr_500621",0.155159778972928,0.859797408355054,0.180460859110725
"vm(ID, ginv)_Nr_503997",-0.465504189558827,0.86780074526499,-0.53641828737619
"vm(ID, ginv)_Nr_500893",-0.436434156373201,0.872402951242897,-0.500266712476638
"vm(ID, ginv)_Nr_504390",-0.834587388027958,0.860782614932863,-0.969568127364017
"vm(ID, ginv)_Nr_504500",-0.196807854469998,0.867007012502649,-0.22699684273822
"vm(ID, ginv)_Nr_503298",0.13810024233152,0.852925185305085,0.161913664540369
"vm(ID, ginv)_Nr_501489",-0.657932694019198,0.865905516671646,-0.75982042076386
"vm(ID, ginv)_Nr_504276",-0.364453110181075,0.859166471074543,-0.424193823259025
"vm(ID, ginv)_Nr_503407",-0.0996906312217689,0.863982094551687,-0.115385066253598
"vm(ID, ginv)_Nr_502504",-0.519634974977011,0.867073298391992,-0.599297632553887
"vm(ID, ginv)_Nr_503012",-0.528747650465767,0.858234695638787,-0.616087479511905
"vm(ID, ginv)_Nr_501383",-0.896544325180562,0.864648430930773,-1.03688885922739
"vm(ID, ginv)_Nr_502014",0.396284139161639,0.864884085495286,0.458193353083497
"vm(ID, ginv)_Nr_504948",-0.129170182458099,0.860354153638749,-0.150136059565461
"vm(ID, ginv)_Nr_502599",0.080175603999937,0.863188429707685,0.0928830846667954
"vm(ID, ginv)_Nr_502749",-0.876022849574887,0.862797796289303,-1.01532810276343
"vm(ID, ginv)_Nr_503347",-0.55027254722294,0.86819881776727,-0.633809371726703
"vm(ID, ginv)_Nr_500868",-0.889397829338375,0.866859002169097,-1.02600056885016
"vm(ID, ginv)_Nr_500739",-0.5258429891262,0.867504831048708,-0.606155689635203
"vm(ID, ginv)_Nr_500496",-0.127762794329358,0.869193396488193,-0.146990065554523
"vm(ID, ginv)_Nr_501350",-1.13769229004906,0.855038174750371,-1.33057484875598
"vm(ID, ginv)_Nr_502574",-0.736484697863005,0.865232675651032,-0.851198433194686
"vm(ID, ginv)_Nr_504120",-0.0650228381444645,0.867662660087678,-0.0749402286574069
"vm(ID, ginv)_Nr_500532",0.356204776997122,0.867858956345012,0.410440860686947
"vm(ID, ginv)_Nr_503647",-0.799355239702017,0.867877413944581,-0.921046252452723
"vm(ID, ginv)_Nr_502758",-0.529417141163653,0.859307590730592,-0.616097363591933
"vm(ID, ginv)_Nr_501185",-0.609815507922243,0.856111561106586,-0.712308460282924
"vm(ID, ginv)_Nr_501730",-0.40767388829018,0.857885307450225,-0.475207915032201
"vm(ID, ginv)_Nr_500610",0.00679550105510385,0.851788665355714,0.00797791909131122
"vm(ID, ginv)_Nr_502466",0.0404134588523463,0.848346591667606,0.0476379103178867
"vm(ID, ginv)_Nr_502530",0.326713605249731,0.857197567819924,0.381141544860713
"vm(ID, ginv)_Nr_501698",0.0412573511832178,0.861907143407019,0.0478675127579664
"vm(ID, ginv)_Nr_503055",-0.309169642740393,0.870337053266155,-0.355229783197392
"vm(ID, ginv)_Nr_502838",-0.632517347093371,0.86866631814406,-0.728147660248609
"vm(ID, ginv)_Nr_502943",-0.0195184934352362,0.870717395275322,-0.022416565399
"vm(ID, ginv)_Nr_501853",-0.797509826964133,0.862861867551723,-0.924261294831559
"vm(ID, ginv)_Nr_500873",0.10081656423103,0.859735115109921,0.117264681247945
"vm(ID, ginv)_Nr_504675",-0.275510260194434,0.857712027985598,-0.321215339420494
"vm(ID, ginv)_Nr_502895",-0.708699111509547,0.849003651414967,-0.834742124286997
"vm(ID, ginv)_Nr_502212",-0.31259054472285,0.857665952691048,-0.364466542879606
"vm(ID, ginv)_Nr_503683",-0.411525916559303,0.858563701840002,-0.479319025108276
"vm(ID, ginv)_Nr_503826",-0.0684292128892649,0.868840234222826,-0.0787592588302205
"vm(ID, ginv)_Nr_504453",-0.424595331059882,0.863141387808668,-0.491918632401395
"vm(ID, ginv)_Nr_502988",0.135325531736669,0.86593941928994,0.156275980423243
"vm(ID, ginv)_Nr_504278",-0.382656880315898,0.870734216865414,-0.439464618369355
"vm(ID, ginv)_Nr_502099",-0.39383563026466,0.865636798430136,-0.454966368087511
"vm(ID, ginv)_Nr_501842",0.0737529918893006,0.856717729531414,0.086087855249173
"vm(ID, ginv)_Nr_500588",-0.118669940700831,0.86436987839266,-0.137290694258693
"vm(ID, ginv)_Nr_502690",-0.503810982671468,0.860472961682559,-0.585504722526461
"vm(ID, ginv)_Nr_503694",-0.159008382105677,0.868440461629845,-0.183096469051267
"vm(ID, ginv)_Nr_502372",0.322008573875825,0.872076594763963,0.369243453853937
"vm(ID, ginv)_Nr_501496",-0.0216479510703121,0.859257747171608,-0.0251937804943511
"vm(ID, ginv)_Nr_501139",-0.350301785882095,0.863163963515825,-0.405834581480038
"vm(ID, ginv)_Nr_500626",-0.210439501189355,0.865802549411789,-0.24305715123191
"vm(ID, ginv)_Nr_502024",-0.376776303648052,0.857561540921504,-0.439357743635731
"vm(ID, ginv)_Nr_501091",0.292498622898203,0.859808155186008,0.340190565923307
"vm(ID, ginv)_Nr_504702",-0.275648939283898,0.863439843119501,-0.319245100258534
"vm(ID, ginv)_Nr_502092",-0.476721138305789,0.854115691428257,-0.558145861374602
"vm(ID, ginv)_Nr_504986",-0.757966495232064,0.869333599697261,-0.871893707428333
"vm(ID, ginv)_Nr_502070",0.128874019797385,0.870063628756812,0.148120224243285
"vm(ID, ginv)_Nr_502615",0.0175127198483503,0.86319885637858,0.0202881638673878
"vm(ID, ginv)_Nr_503526",-0.590310972087747,0.860196638791049,-0.686251195909567
"vm(ID, ginv)_Nr_504310",0.0653447207958574,0.864223164703447,0.0756109341483343
"vm(ID, ginv)_Nr_500363",-0.288064379983418,0.870769909642247,-0.330815726167855
"vm(ID, ginv)_Nr_501739",-0.0356913255654641,0.858856889583224,-0.0415567785487335
"vm(ID, ginv)_Nr_504064",-0.211782796574655,0.914273849729445,-0.23164043971872
"vm(ID, ginv)_Nr_504881",0.0468918420376352,0.856433803464774,0.0547524418675797
"vm(ID, ginv)_Nr_500348",-0.671366988819371,0.868385924650675,-0.773120532889154
"vm(ID, ginv)_Nr_500675",-0.124561368583853,0.848201023750795,-0.146853593777847
"vm(ID, ginv)_Nr_502657",0.146265363199974,0.869785431977184,0.168162581048853
"vm(ID, ginv)_Nr_501937",-0.117145509956572,0.862639225418478,-0.135798960335641
"vm(ID, ginv)_Nr_501882",-0.193464635289537,0.863650536202137,-0.22400800691943
"vm(ID, ginv)_Nr_502150",0.0963777849686956,0.863856381160212,0.111566907498274
"vm(ID, ginv)_Nr_504216",-0.30657769135069,0.858168588516855,-0.357246461188399
"vm(ID, ginv)_Nr_504941",-0.663840327952373,0.860117724839218,-0.771801706651802
"vm(ID, ginv)_Nr_504195",-0.121190038999936,0.849150185824647,-0.14271920447411
"vm(ID, ginv)_Nr_501004",0.237818652386188,0.856266504723042,0.277739057961995
"vm(ID, ginv)_Nr_500801",0.384271978913497,0.859866696761027,0.446897153199425
"vm(ID, ginv)_Nr_500312",-0.820689488893584,0.861113574636621,-0.953056034727945
"vm(ID, ginv)_Nr_504348",-0.384056138836491,0.850923358171017,-0.451340458748229
"vm(ID, ginv)_Nr_503125",-0.243202027223208,0.869515374849181,-0.279698363315763
"vm(ID, ginv)_Nr_502005",-0.875375541477085,0.858552754858875,-1.01959435401378
"vm(ID, ginv)_Nr_500849",-0.615624980015373,0.860287949863299,-0.715603397807905
"vm(ID, ginv)_Nr_504602",0.123288531715771,0.846434044820451,0.14565639516771
"vm(ID, ginv)_Nr_501732",-0.291720481519887,0.861468185857563,-0.338631752523152
"vm(ID, ginv)_Nr_500223",0.114789052212057,0.851258148063021,0.134846347695176
"vm(ID, ginv)_Nr_502320",-0.426713892261883,0.862527117424753,-0.494725190247841
"vm(ID, ginv)_Nr_502086",-0.18982548522225,0.861643653952142,-0.220306253462865
"vm(ID, ginv)_Nr_503260",-0.643665209924495,0.856619693099396,-0.75140136878666
"vm(ID, ginv)_Nr_500966",-0.267099744669028,0.877139906212942,-0.304512134013185
"vm(ID, ginv)_Nr_503964",-0.818424914112822,0.858723758124042,-0.953071236669571
"vm(ID, ginv)_Nr_504574",-0.600549948360234,0.866109273595615,-0.693388197850691
"vm(ID, ginv)_Nr_501495",-0.620436733797758,0.870237559995889,-0.712950994439598
"vm(ID, ginv)_Nr_502788",0.0140940784425025,0.847865175359662,0.0166230184374819
"vm(ID, ginv)_Nr_504432",-0.880473381891881,0.86395128874244,-1.01912387117738
"vm(ID, ginv)_Nr_500347",-0.22359288508866,0.85877789330355,-0.260361714981439
"vm(ID, ginv)_Nr_502561",-0.439247769405919,0.862183683953973,-0.509459616994292
"vm(ID, ginv)_Nr_500635",-0.211089175441541,0.864331055642172,-0.244222597422128
"vm(ID, ginv)_Nr_501930",-0.311387230624258,0.850191841382167,-0.366255256129055
"vm(ID, ginv)_Nr_502034",0.151704035182251,0.870039697894848,0.174364498021544
"vm(ID, ginv)_Nr_500113",-0.424310046654539,0.86737138633777,-0.489190735753998
"vm(ID, ginv)_Nr_503129",-0.409721468544725,0.859181348244665,-0.476874258713598
"vm(ID, ginv)_Nr_500594",-0.262746366482583,0.860424472452933,-0.305368309357282
"vm(ID, ginv)_Nr_500090",-0.618886508028363,0.850825772757695,-0.727395111718853
"vm(ID, ginv)_Nr_501646",-0.446043203443742,0.864055547135742,-0.516220519528322
"vm(ID, ginv)_Nr_502936",-0.450694778024584,0.87131906183037,-0.517255730728321
"vm(ID, ginv)_Nr_503037",0.00156198548332109,0.856177513159521,0.00182437106711311
"vm(ID, ginv)_Nr_500058",-0.622860719977555,0.865647528160234,-0.719531564193714
"vm(ID, ginv)_Nr_502333",-0.11865353320835,0.862378983356996,-0.137588618807088
"vm(ID, ginv)_Nr_502664",-0.507193823760982,0.87439797021357,-0.580049177878468
"vm(ID, ginv)_Nr_503131",-0.417607162418762,0.868595903879763,-0.480784171964699
"vm(ID, ginv)_Nr_504957",-0.79250202749954,0.856086177431847,-0.925726928423198
"vm(ID, ginv)_Nr_503837",-0.238876460748253,0.858031544441144,-0.278400557993284
"vm(ID, ginv)_Nr_503333",-0.240626582890954,0.86562607025129,-0.27797982426881
"vm(ID, ginv)_Nr_504150",-0.0179767659433778,0.853083416414339,-0.0210726941791195
"vm(ID, ginv)_Nr_501906",-0.556507151159856,0.859068209562728,-0.647803218609524
"vm(ID, ginv)_Nr_500056",-0.0232122457560892,0.849729125304486,-0.0273172297675114
"vm(ID, ginv)_Nr_500031",0.339094796728,0.847411104709354,0.400153827160789
"vm(ID, ginv)_Nr_500706",-0.0326277721135582,0.861489489960037,-0.03787367401902
"vm(ID, ginv)_Nr_503145",-0.529054175841881,0.857709099371715,-0.616822389117034
"vm(ID, ginv)_Nr_502778",-0.202675181130552,0.863874868267244,-0.234611734378935
"vm(ID, ginv)_Nr_503366",-0.813857650187037,0.858006814647023,-0.948544506050166
"vm(ID, ginv)_Nr_503384",-0.0819156331584505,0.860964226396791,-0.095144061329092
"vm(ID, ginv)_Nr_501722",-0.0252373239537039,0.864812712531435,-0.0291824155542655
"vm(ID, ginv)_Nr_503622",-0.0225012727569214,0.858621405470078,-0.026206279756795
"vm(ID, ginv)_Nr_504042",-0.128741543786475,0.854408649173251,-0.150679120478297
"vm(ID, ginv)_Nr_500044",0.23341475612218,0.868115557753714,0.268875213717112
"vm(ID, ginv)_Nr_504388",-0.00209826114552397,0.875592016961947,-0.00239639136136067
"vm(ID, ginv)_Nr_504101",-0.497528425295827,0.846910383643028,-0.587462894427723
"vm(ID, ginv)_Nr_502536",-0.234626258216295,0.848898654230837,-0.276389009508895
"vm(ID, ginv)_Nr_504012",-0.0770517577256395,0.865473283320185,-0.0890284647840872
"vm(ID, ginv)_Nr_501745",-0.25460438615072,0.86240386496967,-0.295226397390594
"vm(ID, ginv)_Nr_500972",0.0277473955398859,0.864180236388104,0.0321083431112216
"vm(ID, ginv)_Nr_500010",-0.318343069906928,0.860475771426192,-0.369961689193516
"vm(ID, ginv)_Nr_502229",0.185392269294637,0.862860169874505,0.214857836492326
"vm(ID, ginv)_Nr_504879",-0.467767877158967,0.861072270966882,-0.543238811573527
"vm(ID, ginv)_Nr_503424",-0.0945468245605923,0.860205321106544,-0.109911927118714
"vm(ID, ginv)_Nr_501070",-0.701727643456271,0.851519260844184,-0.824088985093055
"vm(ID, ginv)_Nr_501658",-0.144953514719572,0.859949115231925,-0.168560571959515
"vm(ID, ginv)_Nr_500805",-0.543359681780955,0.867349688942133,-0.626459764392913
"vm(ID, ginv)_Nr_503521",-0.240897753325107,0.858837355751261,-0.28049286830844
"vm(ID, ginv)_Nr_504378",-0.32139171028419,0.865744941080798,-0.371231404347524
"vm(ID, ginv)_Nr_503660",0.371045678640834,0.855802832606755,0.433564443238214
"vm(ID, ginv)_Nr_500462",0.166036833309614,0.854465300074001,0.194316648429415
"vm(ID, ginv)_Nr_504598",-0.491824953440238,0.865999739278689,-0.567927368950354
"vm(ID, ginv)_Nr_500389",-0.144578082147446,0.883749877259626,-0.163596155278415
"vm(ID, ginv)_Nr_502317",-0.226617884824351,0.861116609700883,-0.263167476125062
"vm(ID, ginv)_Nr_501570",-0.181470712987945,0.849687930002626,-0.213573368033349
"vm(ID, ginv)_Nr_502595",-0.227150948417825,0.860674241089586,-0.263922094531676
"vm(ID, ginv)_Nr_501051",-0.939329026865425,0.865875309118298,-1.08483174999172
"vm(ID, ginv)_Nr_501573",1.29680598093108,0.749532960375968,1.73015204065289
"vm(ID, ginv)_Nr_503067",-0.831141246536714,0.856743895019829,-0.970116333910354
"vm(ID, ginv)_Nr_500905",-0.436475296746349,0.870057242783048,-0.501662735833562
"vm(ID, ginv)_Nr_504709",-0.254218970441356,0.870008846248637,-0.292202742003733
"vm(ID, ginv)_Nr_500299",0.151478918523263,0.865911397887998,0.174935817790051
"vm(ID, ginv)_Nr_504811",-0.588995022479975,0.861242965502193,-0.683889501653614
"vm(ID, ginv)_Nr_500188",0.213849789838691,0.854195070480617,0.250352404537253
"vm(ID, ginv)_Nr_500663",-0.438162903043744,0.86676400461232,-0.50551580443136
"vm(ID, ginv)_Nr_503277",-0.882061275358694,0.861688455314737,-1.02364290703711
"vm(ID, ginv)_Nr_503339",-1.09949119818513,0.859500434321228,-1.27922122465643
"vm(ID, ginv)_Nr_502565",-0.0112837820661351,0.862227681555891,-0.0130867777821439
"vm(ID, ginv)_Nr_504339",-0.162797984835826,0.85099185423973,-0.191303810988025
"vm(ID, ginv)_Nr_503834",-0.602063225087638,0.86064857920571,-0.699545946666502
"vm(ID, ginv)_Nr_503571",-0.535915628427867,0.870040408962865,-0.615966365363084
"vm(ID, ginv)_Nr_500100",0.149387897655082,0.86281511094841,0.173140103551123
"vm(ID, ginv)_Nr_500811",-0.482788060238971,0.854870912988173,-0.564749663257814
"vm(ID, ginv)_Nr_502906",0.127917298917682,0.862756996640708,0.148265733475069
"vm(ID, ginv)_Nr_502167",0.0353331201389385,0.869567728013627,0.0406329708436291
"vm(ID, ginv)_Nr_500317",-0.158865911515984,0.865844311032245,-0.183480920867386
"vm(ID, ginv)_Nr_501666",-1.09650636926944,0.869489261141871,-1.26109248069313
"vm(ID, ginv)_Nr_501635",-0.12410767688234,0.866002331901178,-0.143311019278529
"vm(ID, ginv)_Nr_501357",-0.431015408033179,0.858833191457268,-0.501861609821847
"vm(ID, ginv)_Nr_502652",0.0767396714834938,0.861139082399534,0.0891141431761074
"vm(ID, ginv)_Nr_502636",-0.0277636694709021,0.867023653858124,-0.0320218131850936
"vm(ID, ginv)_Nr_501966",-0.278798317597875,0.863974433181285,-0.322692786835482
"vm(ID, ginv)_Nr_502881",-0.590332439132742,0.835092283727921,-0.706906830101997
"vm(ID, ginv)_Nr_504703",-0.362140057406936,0.849971961918141,-0.426061180406106
"vm(ID, ginv)_Nr_504045",0.504544886816942,0.861891057053412,0.585392878471038
"vm(ID, ginv)_Nr_501335",-0.807436698695064,0.850068139869635,-0.949849383625754
"vm(ID, ginv)_Nr_501526",-0.387169192084532,0.860618618021412,-0.449873130765688
"vm(ID, ginv)_Nr_503619",-0.0772143485519206,0.854175067072047,-0.0903963970952665
"vm(ID, ginv)_Nr_501871",-0.878914728692444,0.872385429176817,-1.00748442064397
"vm(ID, ginv)_Nr_502780",0.649277071242884,0.85716435577506,0.757470917763255
"vm(ID, ginv)_Nr_500547",-0.324651487223931,0.858717660491367,-0.378065459883708
"vm(ID, ginv)_Nr_502539",-0.305203586321414,0.872781053522005,-0.349690893368733
"vm(ID, ginv)_Nr_501381",0.513296136487655,0.866816396196252,0.592162468015247
"vm(ID, ginv)_Nr_502451",0.102885154303283,0.848306363071965,0.121283016115435
"vm(ID, ginv)_Nr_503661",-0.204381615134279,0.871069360334838,-0.234632997601609
"vm(ID, ginv)_Nr_504882",0.0725665581957304,0.852930773311054,0.0850790714397947
"vm(ID, ginv)_Nr_504886",-0.0619477096957757,0.8688114509883,-0.0713016726762846
"vm(ID, ginv)_Nr_502734",-0.0485496423814912,0.87773854401841,-0.0553121914405446
"vm(ID, ginv)_Nr_500830",0.283383308357935,0.867119491059367,0.326809985566952
"vm(ID, ginv)_Nr_503204",-0.439768988408594,0.86230721849315,-0.509991078559071
"vm(ID, ginv)_Nr_504315",-0.39844625563501,0.862553241330732,-0.461938158182902
"vm(ID, ginv)_Nr_504824",-0.475339382395727,0.871296657439919,-0.545554006591037
"vm(ID, ginv)_Nr_501883",-0.286745269445024,0.86824603369305,-0.330258081600862
"vm(ID, ginv)_Nr_504773",-0.0397734113001121,0.861435857705236,-0.0461710653722539
"vm(ID, ginv)_Nr_502047",-0.321754574023335,0.858388470135301,-0.374835619556515
"vm(ID, ginv)_Nr_500286",-0.129526308037222,0.858244143356638,-0.15092011875623
"vm(ID, ginv)_Nr_501921",0.189693731146322,0.86434427522483,0.219465479882977
"vm(ID, ginv)_Nr_500697",0.158302328543555,0.8567801409737,0.184764236439526
"vm(ID, ginv)_Nr_500456",-0.220782344100384,0.868990691798662,-0.254067559277767
"vm(ID, ginv)_Nr_504406",0.0526293558820622,0.864370349831362,0.0608875071806086
"vm(ID, ginv)_Nr_504144",-0.10781672509612,0.862190218784768,-0.125049812381408
"vm(ID, ginv)_Nr_501037",0.0862580667365701,0.867872298518759,0.099390275370917
"vm(ID, ginv)_Nr_503458",-0.262522859683856,0.883914109307247,-0.29700041770982
"vm(ID, ginv)_Nr_501694",0.308253742816149,0.828786836635506,0.371933685708037
"vm(ID, ginv)_Nr_500194",-0.78326028177398,0.875393895092602,-0.894751821054366
"vm(ID, ginv)_Nr_502505",-0.184408332598952,0.863035090524463,-0.213674200068606
"vm(ID, ginv)_Nr_504449",-0.556643694441894,0.862219001206298,-0.645594325412818
"vm(ID, ginv)_Nr_501222",-0.359412194112479,0.856042160336314,-0.419853379617748
"vm(ID, ginv)_Nr_502404",-0.0136721137434947,0.868811123458181,-0.0157365776914489
"vm(ID, ginv)_Nr_500889",-0.896454468031235,0.881013529062793,-1.0175263358156
"vm(ID, ginv)_Nr_502049",-0.689817506491046,0.86278468109184,-0.799524518235642
"vm(ID, ginv)_Nr_501354",-0.103800693642351,0.862103197764972,-0.120404023452711
"vm(ID, ginv)_Nr_503235",-0.269582417687301,0.867507672561318,-0.31075508172897
"vm(ID, ginv)_Nr_500251",-0.32287799912192,0.858805807628476,-0.375961592543863
"vm(ID, ginv)_Nr_503393",0.192015274277366,0.860963597457573,0.223023685141145
"vm(ID, ginv)_Nr_500535",-0.624619633383859,0.857143798681006,-0.728722105141563
"vm(ID, ginv)_Nr_502170",-0.298403994911919,0.862317132955626,-0.346049015504455
"vm(ID, ginv)_Nr_501944",-0.142598427242944,0.866608707804416,-0.164547651043367
"vm(ID, ginv)_Nr_503995",-0.263157952081702,0.847702643134641,-0.310436630359668
"vm(ID, ginv)_Nr_503460",0.285854624430858,0.86891100256334,0.328980325473575
"vm(ID, ginv)_Nr_503140",0.265487573531248,0.860741983093331,0.308440367434083
"vm(ID, ginv)_Nr_504143",0.00672874336017236,0.84541595854532,0.00795909196196189
"vm(ID, ginv)_Nr_504372",-0.0568504938393828,0.85578731609746,-0.0664306338385933
"vm(ID, ginv)_Nr_503141",0.0407327588919493,0.861152133516207,0.0473003053776707
"vm(ID, ginv)_Nr_502567",-0.472315960871544,0.864413491127789,-0.546400496659671
"vm(ID, ginv)_Nr_500379",-0.594291475708213,0.862467727765342,-0.689059377616394
"vm(ID, ginv)_Nr_503213",-0.549107725743674,0.859786082008692,-0.638656216044822
"vm(ID, ginv)_Nr_502434",-0.73742276192817,0.854659249137246,-0.862826632570322
"vm(ID, ginv)_Nr_502751",-0.219561600489648,0.860106119422393,-0.255272687325019
"vm(ID, ginv)_Nr_504074",-0.117876694258353,0.862251743095087,-0.136707980241629
"vm(ID, ginv)_Nr_501267",-0.483064702647,0.864730115039576,-0.558630599588741
"vm(ID, ginv)_Nr_502851",-0.43283521719852,0.859980797845288,-0.503308002089121
"vm(ID, ginv)_Nr_501181",0.00666079618310041,0.863441613504272,0.00771424040598138
"vm(ID, ginv)_Nr_503744",-0.194769586620994,0.864106619836988,-0.225399947355729
"vm(ID, ginv)_Nr_502975",0.18747001191097,0.85400385632102,0.219518929011136
"vm(ID, ginv)_Nr_500926",0.173700355706759,0.856122763288416,0.202891878542706
"vm(ID, ginv)_Nr_501306",-0.250494525147956,0.870901907109785,-0.287626566325085
"vm(ID, ginv)_Nr_503752",-0.253422530552549,0.868510030523538,-0.291789987042275
"vm(ID, ginv)_Nr_503363",1.64961232570672,0.726474651618323,2.27070871919891
"vm(ID, ginv)_Nr_504805",-0.859622729851084,0.86195176815867,-0.997297948222135
"vm(ID, ginv)_Nr_504437",0.123376275245346,0.864845741568965,0.142656972585102
"vm(ID, ginv)_Nr_504256",-0.0595694855226553,0.855956192852914,-0.069594082057061
"vm(ID, ginv)_Nr_503408",-0.00640815596963056,0.865197573594323,-0.00740658106911802
"vm(ID, ginv)_Nr_502958",-0.0462669049118635,0.867252577764637,-0.053348823743041
"vm(ID, ginv)_Nr_500482",-0.0475511052073645,0.858458640242225,-0.0553912593784919
"vm(ID, ginv)_Nr_503286",-0.102059272961488,0.839997432222198,-0.121499505887169
"vm(ID, ginv)_Nr_501756",-0.809329379705203,0.865108109139073,-0.93552397805012
"vm(ID, ginv)_Nr_501075",-1.0092187447181,0.865236203229631,-1.16640836450328
"vm(ID, ginv)_Nr_503541",-0.897627347150665,0.862282718300121,-1.04098960596151
"vm(ID, ginv)_Nr_504875",0.272507401354964,0.874280326077203,0.311693393099298
"vm(ID, ginv)_Nr_501752",-0.391064079178692,0.870694771070211,-0.449140263812562
"vm(ID, ginv)_Nr_502384",-0.596527514173598,0.851904203559379,-0.700228396199032
"vm(ID, ginv)_Nr_500989",-0.245903060868081,0.859961717062949,-0.285946520628756
"vm(ID, ginv)_Nr_504147",0.0145616828692309,0.864791285029837,0.0168383783709482
"vm(ID, ginv)_Nr_502171",-0.42709733883546,0.860217563178259,-0.496499208011351
"vm(ID, ginv)_Nr_500832",0.232684968288228,0.866711299463425,0.26846882973867
"vm(ID, ginv)_Nr_503431",-0.895831504322264,0.855812197974231,-1.04676178540428
"vm(ID, ginv)_Nr_504004",-0.766882128316222,0.873212700957561,-0.878230616063261
"vm(ID, ginv)_Nr_500150",-0.0752375487897098,0.859349455782778,-0.0875517500865538
"vm(ID, ginv)_Nr_504215",1.29879403867841,0.732568368570606,1.77293218544588
"vm(ID, ginv)_Nr_500925",0.070166930961231,0.854457005492232,0.0821187379940895
"vm(ID, ginv)_Nr_503805",-1.10709586750681,0.868903398066379,-1.27412997805107
"vm(ID, ginv)_Nr_504532",0.243890999705476,0.855019649608126,0.285246075709788
"vm(ID, ginv)_Nr_504767",-0.932968370202689,0.86120604300386,-1.08332770976446
"vm(ID, ginv)_Nr_502882",-0.353326333649054,0.864309120886326,-0.408796257161706
"vm(ID, ginv)_Nr_503123",-0.414489856012705,0.862840752968303,-0.48037816316255
"vm(ID, ginv)_Nr_500209",-0.332486923712626,0.860047362624998,-0.386591411312308
"vm(ID, ginv)_Nr_503934",0.0322776591050756,0.861719573170574,0.0374572658090086
"vm(ID, ginv)_Nr_502266",-0.276329693803512,0.855741588694429,-0.322912544457606
"vm(ID, ginv)_Nr_500759",0.245047156347197,0.876847738891354,0.279463748925239
"vm(ID, ginv)_Nr_500658",-0.772758538478716,0.869381426612436,-0.888860188202763
"vm(ID, ginv)_Nr_501851",-0.983290224305123,0.86427193127055,-1.13770931199814
"vm(ID, ginv)_Nr_500664",-0.881050598586381,0.863881596155953,-1.0198742541881
"vm(ID, ginv)_Nr_501253",-0.396062339193987,0.858022380643807,-0.461599077283749
"vm(ID, ginv)_Nr_500957",-0.830892324315896,0.862360462856568,-0.963509298146121
"vm(ID, ginv)_Nr_500027",-0.849222575935535,0.852393720361087,-0.996279718691255
"vm(ID, ginv)_Nr_503950",0.42552210197753,0.866635896375025,0.491004473455818
"vm(ID, ginv)_Nr_504528",-0.0390723557459076,0.861290772259395,-0.0453648837353851
"vm(ID, ginv)_Nr_501264",-0.355449217359571,0.871335851353794,-0.407935948930955
"vm(ID, ginv)_Nr_502524",-0.0297350080139021,0.870601681915326,-0.0341545492405723
"vm(ID, ginv)_Nr_501184",0.364737843279393,0.698117978926137,0.522458745211579
"vm(ID, ginv)_Nr_501376",-0.692430375640415,0.864846835469646,-0.800639312352225
"vm(ID, ginv)_Nr_501329",-0.157643410271277,0.862809233246205,-0.182709461369769
"vm(ID, ginv)_Nr_501960",-0.318608865934265,0.863878832330802,-0.368811983822589
"vm(ID, ginv)_Nr_503764",0.220850259983269,0.861785599483041,0.256270538885485
"vm(ID, ginv)_Nr_501587",0.316731738657367,0.857606812848559,0.369320455379005
"vm(ID, ginv)_Nr_502692",-0.381889880772674,0.864375799204458,-0.441810010326704
"vm(ID, ginv)_Nr_500001",-0.508858270528841,0.872968055357212,-0.582905946450263
"vm(ID, ginv)_Nr_503561",0.0311229480056218,0.858719827840843,0.0362434253834304
"vm(ID, ginv)_Nr_503730",0.560587900140657,0.865216787152897,0.647916115896619
"vm(ID, ginv)_Nr_501055",-0.54504756841838,0.864336431370976,-0.630596546247446
"vm(ID, ginv)_Nr_503921",-0.00121781940475654,0.862400793926426,-0.00141212695226303
"vm(ID, ginv)_Nr_500435",-0.146479263623499,0.863605399609268,-0.169613649578584
"vm(ID, ginv)_Nr_503528",0.0999277590391992,0.85505532324474,0.11686701003158
"vm(ID, ginv)_Nr_503684",0.0136066750796098,0.873137426638961,0.0155836580410796
"vm(ID, ginv)_Nr_502168",-0.428812029801248,0.857894798378153,-0.499842207473359
"vm(ID, ginv)_Nr_501617",-0.441868846377314,0.863104240628126,-0.511953047589875
"vm(ID, ginv)_Nr_501891",-0.269799554363801,0.872521992715826,-0.309218055952972
"vm(ID, ginv)_Nr_501789",-0.600537623013754,0.864010546836056,-0.69505820873701
"vm(ID, ginv)_Nr_502745",0.337968789369286,0.877193231689723,0.385284310411587
"vm(ID, ginv)_Nr_500736",-0.366136240045735,0.865774229480737,-0.422900367761386
"vm(ID, ginv)_Nr_501145",-0.553545390712049,0.851764239602304,-0.649880994030114
"vm(ID, ginv)_Nr_504066",-0.498427019957372,0.865805895041024,-0.575679864057469
"vm(ID, ginv)_Nr_502658",-0.356278036719704,0.855883000312661,-0.416269556223868
"vm(ID, ginv)_Nr_504896",-0.127083059459971,0.862356038956621,-0.147367274906233
"vm(ID, ginv)_Nr_503232",-0.221812136032151,0.871482981035055,-0.254522625064584
"vm(ID, ginv)_Nr_504452",-0.668595640469046,0.857175843018296,-0.779998230135348
"vm(ID, ginv)_Nr_500969",-1.01442486150182,0.848763582868696,-1.19517953170565
"vm(ID, ginv)_Nr_502744",-0.120604428197458,0.858103965483201,-0.140547571213641
"vm(ID, ginv)_Nr_503607",-0.538302055626509,0.860352603773317,-0.625676092878239
"vm(ID, ginv)_Nr_500162",-0.198161876125954,0.854136811694992,-0.232002500551068
"vm(ID, ginv)_Nr_502220",-0.315724761403396,0.839012052654,-0.376305394427508
"vm(ID, ginv)_Nr_503550",0.0585053370216567,0.862521343688633,0.0678305962510499
"vm(ID, ginv)_Nr_504481",-0.0465293573931427,0.863148834660424,-0.0539065286596234
"vm(ID, ginv)_Nr_503275",-0.372577737579466,0.864247609084872,-0.431100686496521
"vm(ID, ginv)_Nr_502902",-0.701693778337314,0.856836557950709,-0.818935387182301
"vm(ID, ginv)_Nr_504663",0.197553919003384,0.851494284969468,0.232008508442857
"vm(ID, ginv)_Nr_502398",0.317966501436666,0.832102552337208,0.382124175131494
"vm(ID, ginv)_Nr_500415",-0.0335317170061814,0.840219154546426,-0.0399082987155687
"vm(ID, ginv)_Nr_503527",-0.141229227725387,0.847373749346028,-0.166666984709383
"vm(ID, ginv)_Nr_500230",0.394416153742337,0.868060332946356,0.454364908489272
"vm(ID, ginv)_Nr_503801",-1.03133979073542,0.858024313345472,-1.20199366695588
"vm(ID, ginv)_Nr_503753",0.098210691148421,0.858491333329696,0.114399164366059
"vm(ID, ginv)_Nr_501952",-0.337550050676228,0.866043483385698,-0.389761088388558
"vm(ID, ginv)_Nr_501814",-0.0370845666101542,0.861700722918913,-0.04303648079177
"vm(ID, ginv)_Nr_501419",-0.851894024633025,0.863345792629797,-0.986735595291559
"vm(ID, ginv)_Nr_500396",-0.801067495130047,0.846763757352907,-0.946034225218009
"vm(ID, ginv)_Nr_502425",-0.315920665039016,0.849680011154789,-0.371811341789308
"vm(ID, ginv)_Nr_503553",1.19106766630836,0.717711402470514,1.65953566044576
"vm(ID, ginv)_Nr_501885",-0.108190629252074,0.86565974662074,-0.124980547697193
"vm(ID, ginv)_Nr_504023",-1.03743074117995,0.871064621533391,-1.19099170777214
"vm(ID, ginv)_Nr_504146",-0.0672307376342058,0.891107429020235,-0.0754462766718547
"vm(ID, ginv)_Nr_501095",-0.340148947746479,0.876772100444843,-0.387955943823828
"vm(ID, ginv)_Nr_503588",-0.417302656263309,0.863916479817443,-0.483035879060312
"vm(ID, ginv)_Nr_502752",-0.211665069830839,0.869486405751358,-0.243436893815414
"vm(ID, ginv)_Nr_501852",-0.503883171274277,0.838366255555012,-0.60102988155302
"vm(ID, ginv)_Nr_503991",0.411976785973981,0.849393090315855,0.485024885027949
"vm(ID, ginv)_Nr_501972",-0.128397008364615,0.867734466077075,-0.14796808630304
"vm(ID, ginv)_Nr_501269",-0.246995342065328,0.870764025295648,-0.28365359028408
"vm(ID, ginv)_Nr_500694",0.388167401847556,0.863084406088953,0.449744427206751
"vm(ID, ginv)_Nr_503315",0.0153518833639038,0.85555202820402,0.0179438337562364
"vm(ID, ginv)_Nr_500302",-0.143128880985071,0.863361648334091,-0.165780911465372
"vm(ID, ginv)_Nr_501021",-0.177394060473792,0.861118989231603,-0.20600412102407
"vm(ID, ginv)_Nr_503802",-0.398005469060054,0.868920631816791,-0.458045826611206
"vm(ID, ginv)_Nr_503429",0.33900730992686,0.869508195502325,0.389883973124614
"vm(ID, ginv)_Nr_501861",-0.0904592826741007,0.863546677992726,-0.104753205564254
"vm(ID, ginv)_Nr_501504",-0.815324254833184,0.867691670142494,-0.939647438011351
"vm(ID, ginv)_Nr_503001",-0.736253147542069,0.863022445716822,-0.853110079808575
"vm(ID, ginv)_Nr_500152",-0.856265013663286,0.861295190334094,-0.99415975297754
"vm(ID, ginv)_Nr_500233",-0.404328581614745,0.858612017773814,-0.470909529851536
"vm(ID, ginv)_Nr_504919",-0.601264623791406,0.860799333002952,-0.69849568969095
"vm(ID, ginv)_Nr_501297",-0.805345480961344,0.856754558568697,-0.939995559879788
"vm(ID, ginv)_Nr_500119",-0.698012004278642,0.865656550525888,-0.806338268744803
"vm(ID, ginv)_Nr_503699",-0.429511367104345,0.858096535116698,-0.500539682339974
"vm(ID, ginv)_Nr_500406",-0.066885806254281,0.851558576641013,-0.0785451618820084
"vm(ID, ginv)_Nr_504048",-0.192636504022556,0.871883969233071,-0.22094282131601
"vm(ID, ginv)_Nr_504121",-0.163768475688178,0.861218645896066,-0.190158999074832
"vm(ID, ginv)_Nr_504128",0.00952168172017836,0.864866453955061,0.0110094242603993
"vm(ID, ginv)_Nr_502251",0.0145056728494149,0.854931057708807,0.0169670673659813
"vm(ID, ginv)_Nr_503178",-0.690582008181632,0.85609443328798,-0.806665691691664
"vm(ID, ginv)_Nr_502808",-0.653391723665439,0.863322153485371,-0.756834191069453
"vm(ID, ginv)_Nr_502553",-0.173710083441218,0.868975887418091,-0.19990207548491
"vm(ID, ginv)_Nr_502810",-0.351198170142206,0.853176643526661,-0.411635940583776
"vm(ID, ginv)_Nr_502589",-0.624043426843808,0.859165289188257,-0.726336869862849
"vm(ID, ginv)_Nr_501265",-0.698682231506769,0.859601956717002,-0.812797395407499
"vm(ID, ginv)_Nr_503009",-0.23493252003638,0.871658146675918,-0.269523689914789
"vm(ID, ginv)_Nr_502064",-0.589619542380175,0.862202829979476,-0.683852478649612
"vm(ID, ginv)_Nr_504763",-0.894792911454216,0.848488136823799,-1.05457327288482
"vm(ID, ginv)_Nr_500679",-0.518067600590774,0.858584899010929,-0.603397056234714
"vm(ID, ginv)_Nr_504954",-0.572832405854928,0.865615439971371,-0.661763156481906
"vm(ID, ginv)_Nr_502013",-0.678749238171888,0.855414587258562,-0.793474004631074
"vm(ID, ginv)_Nr_501561",0.4922477634788,0.851006172756668,0.578430309012049
"vm(ID, ginv)_Nr_500886",-0.500441147367744,0.865934188688967,-0.577920532419926
"vm(ID, ginv)_Nr_501030",-0.740269895862478,0.888177799603921,-0.833470388690865
"vm(ID, ginv)_Nr_500607",-0.237692620602143,0.859991134862226,-0.276389617249046
"vm(ID, ginv)_Nr_504639",-0.128640664696523,0.865141413960435,-0.148693222426648
"vm(ID, ginv)_Nr_501981",-0.606427850503957,0.849202645323701,-0.714114415261622
"vm(ID, ginv)_Nr_504995",-0.251387828147341,0.862173293505507,-0.291574594157544
"vm(ID, ginv)_Nr_502515",-0.67924418921636,0.857844206692578,-0.791803667748937
"vm(ID, ginv)_Nr_502759",-0.531903276503234,0.858089030710206,-0.619869567686932
"vm(ID, ginv)_Nr_503457",-0.224332441740841,0.865063051280642,-0.259324960658924
"vm(ID, ginv)_Nr_500696",-0.239685289667375,0.861603429246451,-0.278185162142404
"vm(ID, ginv)_Nr_502662",-0.187055127446869,0.859434102241269,-0.217649179802219
"vm(ID, ginv)_Nr_502414",-0.213377696305688,0.869604434404905,-0.24537328452299
"vm(ID, ginv)_Nr_500724",-0.0440549024696015,0.862042255001263,-0.0511052703205796
"vm(ID, ginv)_Nr_504723",-0.0704519465992199,0.856728574146279,-0.082233683718819
"vm(ID, ginv)_Nr_504527",-0.36619595699596,0.867803211839609,-0.421980412148603
"vm(ID, ginv)_Nr_500647",-0.720228835073683,0.869570517440175,-0.828258112054993
"vm(ID, ginv)_Nr_501962",-0.647902959383624,0.862233597225045,-0.751423931367081
"vm(ID, ginv)_Nr_503351",-0.292478598977516,0.865820547442228,-0.337805102733522
"vm(ID, ginv)_Nr_504370",-0.590081355697515,0.864133346374869,-0.682859142252719
"vm(ID, ginv)_Nr_500518",-0.687839818125756,0.868597395992627,-0.791897168123211
"vm(ID, ginv)_Nr_503947",-0.555791310618094,0.866989642788111,-0.641058766089466
"vm(ID, ginv)_Nr_502405",0.0394286622913634,0.85857633511138,0.0459233042874964
"vm(ID, ginv)_Nr_502873",-0.656460036270574,0.850207739577989,-0.77211721995899
"vm(ID, ginv)_Nr_503244",-0.202498053458166,0.829207428595293,-0.244206752707467
"vm(ID, ginv)_Nr_501967",0.337402940615172,0.86986957686728,0.387877619344137
"vm(ID, ginv)_Nr_503250",0.0889678680460234,0.855910858081723,0.103945249912379
"vm(ID, ginv)_Nr_504911",-0.159993955535242,0.870353855165306,-0.183826330619119
"vm(ID, ginv)_Nr_501795",-0.734874023475912,0.857517956269799,-0.856978000405511
"vm(ID, ginv)_Nr_503690",-0.813214635240308,0.865576157218497,-0.939506741790981
"vm(ID, ginv)_Nr_503632",0.148942819204269,0.860420019157345,0.173104781255713
"vm(ID, ginv)_Nr_501348",-0.18790553806149,0.857454373273272,-0.219143483220191
"vm(ID, ginv)_Nr_502362",0.272014284176003,0.876812336753349,0.310230904349744
"vm(ID, ginv)_Nr_501131",-0.190721224341853,0.861713941584911,-0.22132776915628
"vm(ID, ginv)_Nr_502061",-0.612331181381971,0.864259102643018,-0.70850417370136
"vm(ID, ginv)_Nr_500973",-0.724066889691,0.862655502540573,-0.839346514986086
"vm(ID, ginv)_Nr_503292",0.0340940622260903,0.862812382279794,0.0395150358598287
"vm(ID, ginv)_Nr_504711",0.153743220319791,0.866005328432824,0.177531494636429
"vm(ID, ginv)_Nr_502301",-0.192619784988402,0.87412933824622,-0.220356160765475
"vm(ID, ginv)_Nr_504721",-0.545852684584671,0.858820167988751,-0.635584380677726
"vm(ID, ginv)_Nr_500374",-0.371927219434748,0.867437234979513,-0.428765568777471
"vm(ID, ginv)_Nr_500187",-0.772561540290259,0.870132996197403,-0.887866043083592
"vm(ID, ginv)_Nr_500253",-0.00187470363919079,0.855562293521338,-0.00219119478895552
"vm(ID, ginv)_Nr_503409",-0.13178387256052,0.863192006450567,-0.152670404238813
"vm(ID, ginv)_Nr_500472",-0.451882068559338,0.857821102120108,-0.526778913974615
"vm(ID, ginv)_Nr_501217",-0.438267600388035,0.866039725008171,-0.506059465556156
"vm(ID, ginv)_Nr_502840",0.312263635031492,0.872837958994838,0.357756708233789
"vm(ID, ginv)_Nr_500002",0.0723289408708855,0.861682863556891,0.0839391659389894
"vm(ID, ginv)_Nr_503312",0.0431013716065925,0.862433827820135,0.0499764390220342
"vm(ID, ginv)_Nr_503259",-0.0448012936122058,0.870309215828102,-0.0514774436457934
"vm(ID, ginv)_Nr_501158",0.880652473590186,0.762872849439659,1.15438958698955
"vm(ID, ginv)_Nr_504674",-0.351214961948165,0.867770883953293,-0.404732364778292
"vm(ID, ginv)_Nr_502986",-0.914978088890868,0.86686347999869,-1.0555042518255
"vm(ID, ginv)_Nr_501683",-0.265667209120288,0.861924582065156,-0.308225585681469
"vm(ID, ginv)_Nr_502776",-0.441231756690796,0.862540155864787,-0.511549234769731
"vm(ID, ginv)_Nr_501564",-0.950342496123013,0.858784215461401,-1.10661383734495
"vm(ID, ginv)_Nr_501843",-0.54062274169757,0.860860801541308,-0.628002507176101
"vm(ID, ginv)_Nr_503992",-0.478609192235256,0.860694538755631,-0.556073230030268
"vm(ID, ginv)_Nr_503574",0.0418099979859484,0.864762101739202,0.0483485549399778
"vm(ID, ginv)_Nr_504034",-0.385012917161679,0.852759149436337,-0.451490807710673
"vm(ID, ginv)_Nr_502408",-0.246713391104633,0.86846141042052,-0.284081005954163
"vm(ID, ginv)_Nr_501186",-0.0893607639617034,0.861552034501925,-0.103720681262582
"vm(ID, ginv)_Nr_503886",0.659005138501488,0.865662814266131,0.761272319477142
"vm(ID, ginv)_Nr_500971",-0.812372414835269,0.860936851588642,-0.943591174354125
"vm(ID, ginv)_Nr_504841",-0.650813308836995,0.855795234171649,-0.760477837279542
"vm(ID, ginv)_Nr_504546",0.337786517250167,0.870828041968388,0.387891180544264
"vm(ID, ginv)_Nr_500441",-0.0510517344850391,0.864101840393917,-0.0590806917640243
"vm(ID, ginv)_Nr_502146",-0.521757126633514,0.875566279523059,-0.595908201167508
"vm(ID, ginv)_Nr_501122",-0.31039977485442,0.852447577612274,-0.364127698883088
"vm(ID, ginv)_Nr_503631",-0.0936598181124367,0.857686245803049,-0.109200559727693
"vm(ID, ginv)_Nr_504117",-0.804900047023511,0.865703421319996,-0.929764197762123
"vm(ID, ginv)_Nr_500005",-0.583886441064603,0.860747544789031,-0.678348076157119
"vm(ID, ginv)_Nr_500928",-0.129919037967055,0.865596465540127,-0.150091922898491
"vm(ID, ginv)_Nr_504272",-1.72029869304095,0.860691266952124,-1.99874073212438
"vm(ID, ginv)_Nr_500481",-0.612675399131599,0.865854977314518,-0.707595862105956
"vm(ID, ginv)_Nr_500828",0.119881211502957,0.868612598990458,0.138014589751851
"vm(ID, ginv)_Nr_502677",-0.797509416855653,0.857640693269102,-0.929887566103885
"vm(ID, ginv)_Nr_502262",0.00758092797310833,0.867418358211196,0.00873964437268983
"vm(ID, ginv)_Nr_504843",-0.346881193903777,0.861471473827668,-0.402661265569855
"vm(ID, ginv)_Nr_504277",-0.502867836050678,0.849655387604509,-0.591849170130548
"vm(ID, ginv)_Nr_500261",-0.177285927049498,0.865510730346319,-0.204833886898849
"vm(ID, ginv)_Nr_504501",-0.27902810882397,0.860321342381075,-0.324330102112445
"vm(ID, ginv)_Nr_502111",-0.669680307153438,0.857997599821382,-0.780515361922751
"vm(ID, ginv)_Nr_500885",-0.285245111973312,0.857833114862793,-0.332518186849124
"vm(ID, ginv)_Nr_501420",-0.181058728164866,0.86412788008937,-0.209527701092274
"vm(ID, ginv)_Nr_502941",-0.441650975592976,0.862538048464401,-0.512036514075244
"vm(ID, ginv)_Nr_503850",-0.106611417115682,0.862146934177167,-0.123658059768468
"vm(ID, ginv)_Nr_504111",-0.167808351176888,0.864182546434465,-0.194181601872486
"vm(ID, ginv)_Nr_501991",-0.538933797612712,0.863161937852702,-0.624371597006957
"vm(ID, ginv)_Nr_500771",0.0379193388411101,0.85875263954669,0.0441562996081462
"vm(ID, ginv)_Nr_501602",0.0151274004508685,0.862946717344692,0.0175299356806361
"vm(ID, ginv)_Nr_502558",-0.703394896239558,0.863715359506679,-0.814382757580356
"vm(ID, ginv)_Nr_503156",-0.519172482062213,0.860187065484285,-0.603557647975
"vm(ID, ginv)_Nr_501824",-0.284158799849446,0.868222073381081,-0.327288154219413
"vm(ID, ginv)_Nr_503220",-0.498613741620763,0.865978282527905,-0.575780884672123
"vm(ID, ginv)_Nr_503675",-0.0534692674171887,0.868166988098684,-0.0615886899066369
"vm(ID, ginv)_Nr_504670",-0.0904416521885481,0.858767191181998,-0.105315681732164
"vm(ID, ginv)_Nr_501867",-0.294713783411351,0.871055327856667,-0.338341060534615
"vm(ID, ginv)_Nr_502344",-0.413256658539151,0.851312351312943,-0.48543482060586
"vm(ID, ginv)_Nr_501809",-0.647394038084678,0.863876094750705,-0.749406126663918
"vm(ID, ginv)_Nr_504847",-0.0638490811105122,0.867242835543797,-0.0736230712940697
"vm(ID, ginv)_Nr_503003",-0.532119795088389,0.855101656077436,-0.622288345843411
"vm(ID, ginv)_Nr_504945",-0.574051901641133,0.85727494978323,-0.669624024108353
"vm(ID, ginv)_Nr_504226",-0.242240313005767,0.86657916125665,-0.279536277625794
"vm(ID, ginv)_Nr_501550",0.0400557924105542,0.864477190462957,0.0463352796955845
"vm(ID, ginv)_Nr_504894",-0.198539100737625,0.859607209741945,-0.230964908725261
"vm(ID, ginv)_Nr_501326",0.0368391275129332,0.860466651548109,0.0428129636943559
"vm(ID, ginv)_Nr_504094",-0.585719531526084,0.858960426728615,-0.681893499746921
"vm(ID, ginv)_Nr_502409",-0.760920180237561,0.869897743328624,-0.874723708703893
"vm(ID, ginv)_Nr_501284",-0.37228615729379,0.865622452386037,-0.430079137004366
"vm(ID, ginv)_Nr_503932",-0.199364566395257,0.860715964743791,-0.231626430276103
"vm(ID, ginv)_Nr_500987",-0.456891066536961,0.850975778769342,-0.536902551089885
"vm(ID, ginv)_Nr_500235",-0.615064337683318,0.857868137211336,-0.716968390599868
"vm(ID, ginv)_Nr_502247",-0.231721600524567,0.862987593646879,-0.268510929045156
"vm(ID, ginv)_Nr_502813",-0.128448320831329,0.848336860479886,-0.151411929405812
"vm(ID, ginv)_Nr_504587",-0.404938014911361,0.86661245171227,-0.467265401173589
"vm(ID, ginv)_Nr_504491",-0.0959594395793963,0.861733826091579,-0.1113562409574
"vm(ID, ginv)_Nr_503809",-0.743317641275227,0.862456821135435,-0.861860701961451
"vm(ID, ginv)_Nr_500949",0.370241863012311,0.864076775595031,0.428482599543716
"vm(ID, ginv)_Nr_500053",-0.506095967452904,0.84310694416947,-0.600274936593542
"vm(ID, ginv)_Nr_504641",-0.386245726133587,0.876557688645631,-0.440639254137825
"vm(ID, ginv)_Nr_501359",-0.675923528467196,0.864787114437989,-0.78160684541012
"vm(ID, ginv)_Nr_500234",-0.286208277802865,0.864449803548196,-0.331087214813519
"vm(ID, ginv)_Nr_500138",-0.423343949817855,0.862130959684252,-0.491043669250552
"vm(ID, ginv)_Nr_500014",0.494696184338237,0.857194543138928,0.577110748426754
"vm(ID, ginv)_Nr_500492",-1.03342444197812,0.860631276697108,-1.20077490786083
"vm(ID, ginv)_Nr_501742",-0.728443524139697,0.862765929942614,-0.844311879802844
"vm(ID, ginv)_Nr_501109",-0.520812244614361,0.908915115764136,-0.573004272435835
"vm(ID, ginv)_Nr_500866",-0.376350656517122,0.87573188817282,-0.42975556971251
"vm(ID, ginv)_Nr_501791",-0.237894897644763,0.865022432207116,-0.275015871019404
"vm(ID, ginv)_Nr_501804",0.633337628998867,0.758606346054269,0.834869932598165
"vm(ID, ginv)_Nr_503709",-0.759831807524342,0.865934804663125,-0.877469993621449
"vm(ID, ginv)_Nr_500249",-0.729183375481023,0.867929354833401,-0.840141391024837
"vm(ID, ginv)_Nr_502538",0.119651872582126,0.860741108755409,0.139010291671948
"vm(ID, ginv)_Nr_500034",0.292791317899085,0.863014618385907,0.33926576869195
"vm(ID, ginv)_Nr_503097",-0.702558183520316,0.866643319721237,-0.810665896260875
"vm(ID, ginv)_Nr_504743",-0.0344224271832323,0.867580909772936,-0.0396763308130436
"vm(ID, ginv)_Nr_503938",-0.449368865000197,0.858315544141117,-0.523547392410168
"vm(ID, ginv)_Nr_504717",-0.0303511308019925,0.85857590238492,-0.0353505505077469
"vm(ID, ginv)_Nr_502693",-0.57226902935487,0.87103980788755,-0.656995264938281
"vm(ID, ginv)_Nr_503708",0.115810640801987,0.860880400413704,0.134525818855132
"vm(ID, ginv)_Nr_502827",0.905906796878097,0.753414289222816,1.20240193189405
"vm(ID, ginv)_Nr_501286",0.0940473344071197,0.857907884411199,0.109624047192044
"vm(ID, ginv)_Nr_500527",0.0044343430296409,0.875661243658681,0.00506399370961464
"vm(ID, ginv)_Nr_501230",-0.26341396950948,0.843434207724943,-0.312311223681579
"vm(ID, ginv)_Nr_500428",-0.529479456320791,0.866381326243582,-0.6111390449936
"vm(ID, ginv)_Nr_502000",0.763257671770229,0.846599727823638,0.901556717638384
"vm(ID, ginv)_Nr_502566",-0.362971458133416,0.854900790243929,-0.424577286950278
"vm(ID, ginv)_Nr_502256",0.0497137307558979,0.863316219744896,0.0575846133999289
"vm(ID, ginv)_Nr_500945",0.215014235780077,0.877721970478941,0.244968501429617
"vm(ID, ginv)_Nr_502148",-0.242953716476214,0.871381525093399,-0.278814399295616
"vm(ID, ginv)_Nr_504135",-0.508749183518228,0.864683835701608,-0.58836439691905
"vm(ID, ginv)_Nr_500799",-0.0375835422228348,0.849087915003951,-0.0442634285080596
"vm(ID, ginv)_Nr_501248",-0.00908865833662981,0.866950770362708,-0.010483476856278
"vm(ID, ginv)_Nr_504751",-0.169035788988458,0.862699673209489,-0.195938162767115
"vm(ID, ginv)_Nr_500241",-0.592398412387619,0.864264193735452,-0.685436717940613
"vm(ID, ginv)_Nr_503743",-0.608226407540709,0.858696925107811,-0.708313247382765
"vm(ID, ginv)_Nr_503514",-0.596615632090005,0.860960748274386,-0.692964961858942
"vm(ID, ginv)_Nr_503796",0.173451826467139,0.854818626142899,0.202910677379348
"vm(ID, ginv)_Nr_500692",-1.07597325062012,0.857729386914719,-1.25444372903024
"vm(ID, ginv)_Nr_501485",0.440008843991011,0.862503866079945,0.510152894723636
"vm(ID, ginv)_Nr_500734",-0.0447137318159796,0.866996074454406,-0.0515731652465874
"vm(ID, ginv)_Nr_503202",-0.689521255146042,0.850954203162217,-0.810291849530473
"vm(ID, ginv)_Nr_502306",-0.716289814326276,0.871694529666186,-0.821721130452176
"vm(ID, ginv)_Nr_504666",0.0929854998964703,0.869181215911691,0.106980567681662
"vm(ID, ginv)_Nr_504379",-1.04650388371119,0.8599337366892,-1.21695874817087
"vm(ID, ginv)_Nr_502074",-0.351365891623012,0.859282145713929,-0.408906310198126
"vm(ID, ginv)_Nr_500533",-0.160174240841433,0.86404401735122,-0.185377408586725
"vm(ID, ginv)_Nr_500742",0.0732076571648648,0.861562086639674,0.0849708434251031
"vm(ID, ginv)_Nr_501305",-0.893627957146799,0.9080956566111,-0.984068088687603
"vm(ID, ginv)_Nr_503573",-0.673034403519133,0.874431573325521,-0.769682184461316
"vm(ID, ginv)_Nr_502291",-0.633291705596052,0.868073121291171,-0.729537282129061
"vm(ID, ginv)_Nr_504889",-0.273701735620705,0.86541838868616,-0.31626521830236
"vm(ID, ginv)_Nr_503358",-0.439402267412798,0.872932829385754,-0.503363205760043
"vm(ID, ginv)_Nr_503822",-0.127271857901259,0.862123198501362,-0.147626067970908
"vm(ID, ginv)_Nr_504891",-0.376869560182054,0.845326612948425,-0.44582715652068
"vm(ID, ginv)_Nr_500088",0.0569258862696897,0.862322239972094,0.0660146330814011
"vm(ID, ginv)_Nr_501648",-0.238720172287075,0.857355407722823,-0.278437821860979
"vm(ID, ginv)_Nr_502293",-0.172127315095685,0.866747562812077,-0.19858990377456
"vm(ID, ginv)_Nr_504508",-0.516260834479668,0.867183246572379,-0.595330729139701
"vm(ID, ginv)_Nr_504907",-0.912864067093872,0.86758740610314,-1.05218685826031
"vm(ID, ginv)_Nr_501316",0.0467064632321755,0.861652452245729,0.0542056871194925
"vm(ID, ginv)_Nr_504604",-0.1975994180007,0.865869157171157,-0.228209327430334
"vm(ID, ginv)_Nr_503520",-0.646374541526565,0.853734900905657,-0.757113877903878
"vm(ID, ginv)_Nr_502852",-0.253580131426335,0.867271593108409,-0.292388374577648
"vm(ID, ginv)_Nr_504110",-0.266021480506683,0.851919764505769,-0.312261191241422
"vm(ID, ginv)_Nr_500221",-0.0208912421640526,0.872524418874683,-0.0239434469822593
"vm(ID, ginv)_Nr_504291",0.0973468918057437,0.862118950542909,0.112915847336891
"vm(ID, ginv)_Nr_503552",-0.230678295340723,0.867809320526201,-0.265816798557602
"vm(ID, ginv)_Nr_500219",-0.435882118296484,0.857379932743362,-0.508388523745582
"vm(ID, ginv)_Nr_503943",-0.980125058512555,0.865080400117369,-1.1329872441678
"vm(ID, ginv)_Nr_500668",-1.25555817014861,0.867400251291535,-1.44749574176295
"vm(ID, ginv)_Nr_502382",-0.296061724943846,0.847060182063382,-0.349516753606172
"vm(ID, ginv)_Nr_500702",0.198550383180256,0.853723527911842,0.232569885552877
"vm(ID, ginv)_Nr_500134",0.733254176124826,0.851498671688663,0.861133669968811
"vm(ID, ginv)_Nr_502923",0.0857085072701949,0.84715488054656,0.101172181425548
"vm(ID, ginv)_Nr_501892",-0.177804336184844,0.862630315023239,-0.206118812529854
"vm(ID, ginv)_Nr_500659",-0.20402503469445,0.848411080111243,-0.240478984159069
"vm(ID, ginv)_Nr_503107",0.129001048755653,0.864603225229512,0.149202599517726
"vm(ID, ginv)_Nr_500857",0.309920823143423,0.850067709802974,0.364583690886524
"vm(ID, ginv)_Nr_500776",-0.258824711369572,0.867876161661311,-0.298227699760901
"vm(ID, ginv)_Nr_503077",-0.169399342469771,0.864404656581327,-0.195972269677185
"vm(ID, ginv)_Nr_502575",-0.095662885117078,0.863591260100594,-0.110773336341934
"vm(ID, ginv)_Nr_502016",-0.785561684207828,0.870520665960672,-0.902404405690833
"vm(ID, ginv)_Nr_502640",-0.0858661408680701,0.865348636211918,-0.0992272215785199
"vm(ID, ginv)_Nr_502627",0.227557971834427,0.870067314269363,0.261540651053555
"vm(ID, ginv)_Nr_502781",-0.401191869875771,0.857360129539163,-0.467938566365822
"vm(ID, ginv)_Nr_504779",-0.0385563217795353,0.867432539395691,-0.0444487842321388
"vm(ID, ginv)_Nr_504242",-0.139916905769944,0.873750377954995,-0.160133728465352
"vm(ID, ginv)_Nr_502271",-0.404398751271788,0.864355628895597,-0.467861534943083
"vm(ID, ginv)_Nr_502128",0.131136611898136,0.859792446112689,0.152521242180056
"vm(ID, ginv)_Nr_503155",-0.308813759534273,0.863827301056267,-0.357494789938524
"vm(ID, ginv)_Nr_504794",-0.544374444336875,0.858072302655404,-0.634415587884897
"vm(ID, ginv)_Nr_503111",0.312464187054181,0.858612453461068,0.363917604263294
"vm(ID, ginv)_Nr_502474",-0.176177570517419,0.844566114171195,-0.208601277699033
"vm(ID, ginv)_Nr_501813",-0.941927105822125,0.86042283796512,-1.09472583044141
"vm(ID, ginv)_Nr_504927",0.501049635989373,0.862483246915064,0.580938398260524
"vm(ID, ginv)_Nr_504591",-0.062692807626142,0.859061049168847,-0.0729782914576306
"vm(ID, ginv)_Nr_504991",-0.139671761571049,0.862288382947685,-0.161978016094324
"vm(ID, ginv)_Nr_503214",-0.723737386117449,0.861432753297713,-0.840155407774846
"vm(ID, ginv)_Nr_503338",-0.156702584055554,0.864238666395105,-0.181318645125182
"vm(ID, ginv)_Nr_502541",-0.377965656194819,0.863802275584946,-0.437560384914326
"vm(ID, ginv)_Nr_500652",0.0882203986072948,0.861110049711753,0.102449621435525
"vm(ID, ginv)_Nr_500110",-0.202856784031952,0.87350684883328,-0.232232619930687
"vm(ID, ginv)_Nr_502477",-0.651529181695737,0.862424383968759,-0.755462384652772
"vm(ID, ginv)_Nr_504909",-0.450211849111098,0.862445368350056,-0.522017817745834
"vm(ID, ginv)_Nr_501941",-0.0954584485966191,0.861117522028675,-0.110854147261726
"vm(ID, ginv)_Nr_503173",-0.191026692651584,0.858805732529654,-0.222432950102587
"vm(ID, ginv)_Nr_504395",-0.345905933464856,0.864018129959914,-0.400345688904588
"vm(ID, ginv)_Nr_501897",-0.164805167279373,0.854276524661777,-0.192917822884836
"vm(ID, ginv)_Nr_502710",-0.102372670090107,0.847924216967163,-0.12073327785857
"vm(ID, ginv)_Nr_501063",-1.22093492085203,0.856492088135354,-1.42550636224802
"vm(ID, ginv)_Nr_502113",-0.176543003099184,0.865374771174912,-0.204007568720189
"vm(ID, ginv)_Nr_501934",0.179754503920914,0.860603225168796,0.208870358213748
"vm(ID, ginv)_Nr_501213",-0.044220533144094,0.861276963013039,-0.0513429884266214
"vm(ID, ginv)_Nr_503754",-0.113659513644527,0.863686686896858,-0.13159808454718
"vm(ID, ginv)_Nr_500198",-0.462231643481526,0.873089259077954,-0.529420833752641
"vm(ID, ginv)_Nr_500202",-0.26366434031317,0.848882822158165,-0.310601573539727
"vm(ID, ginv)_Nr_500802",-0.27480438125692,0.855797391660464,-0.321109159638509
"vm(ID, ginv)_Nr_500195",-0.97230390254566,0.857668617746415,-1.13365918074566
"vm(ID, ginv)_Nr_502125",-0.502173911228023,0.860663754427625,-0.58347282390437
"vm(ID, ginv)_Nr_504165",-0.203396374903968,0.851050168692308,-0.238994576802093
"vm(ID, ginv)_Nr_503576",-0.330483320412429,0.86062712847444,-0.384002908435211
"vm(ID, ginv)_Nr_501136",-0.130002253887466,0.869209953029156,-0.149563696819639
"vm(ID, ginv)_Nr_500033",-0.0939196101812309,0.850576109702429,-0.110418819797429
"vm(ID, ginv)_Nr_504487",-0.620962416411868,0.860887405531829,-0.721305030625064
"vm(ID, ginv)_Nr_503255",-0.112504496606475,0.852459187073416,-0.131976402287029
"vm(ID, ginv)_Nr_502206",-0.600144722458508,0.86825337633459,-0.691209200927122
"vm(ID, ginv)_Nr_500892",-0.534524536069754,0.858019369016986,-0.622974906361551
"vm(ID, ginv)_Nr_502180",-0.248182528337444,0.85877716815889,-0.288995256906418
"vm(ID, ginv)_Nr_504160",-0.880546617186136,0.855141660413951,-1.02970847749353
"vm(ID, ginv)_Nr_504716",-0.760941285438303,0.853474540686014,-0.891580532474544
"vm(ID, ginv)_Nr_502268",-0.293554445268956,0.860275145236326,-0.341233205323297
"vm(ID, ginv)_Nr_503471",-0.351478683342841,0.862071797596245,-0.407713933251135
"vm(ID, ginv)_Nr_503391",0.235792732029897,0.860403455543891,0.274049029569324
"vm(ID, ginv)_Nr_504938",0.0510537055842971,0.871039215551588,0.0586124076537326
"vm(ID, ginv)_Nr_501702",-0.437598775813775,0.850677661904232,-0.514411974606475
"vm(ID, ginv)_Nr_501370",-0.59836008151795,0.852003837951777,-0.702297401566185
"vm(ID, ginv)_Nr_501933",0.374088976425156,0.683318120808678,0.5474594702427
"vm(ID, ginv)_Nr_503854",-0.911659249851364,0.851634140849328,-1.07048227181472
"vm(ID, ginv)_Nr_500458",0.287964711650055,0.861690187296498,0.334185901029612
"vm(ID, ginv)_Nr_501111",-0.223763708095345,0.866731160919156,-0.258169681886189
"vm(ID, ginv)_Nr_503183",-0.566042975079612,0.85510979171404,-0.661953564986079
"vm(ID, ginv)_Nr_500132",-0.225962450489993,0.861156271698633,-0.262394245871637
"vm(ID, ginv)_Nr_500683",-0.846835692981978,0.868853877719803,-0.974658357058141
"vm(ID, ginv)_Nr_501569",0.227846727676275,0.842866939450377,0.270323484066004
"vm(ID, ginv)_Nr_500748",0.165920105812492,0.871335958917344,0.190420358662405
"vm(ID, ginv)_Nr_501764",-0.573916917994931,0.87033092245596,-0.659423792935464
"vm(ID, ginv)_Nr_504140",-0.199021418579489,0.855894047463114,-0.232530438982947
"vm(ID, ginv)_Nr_503956",-0.177328032312958,0.869763549544449,-0.203880735638825
"vm(ID, ginv)_Nr_503124",-1.17971890724476,0.85698182325061,-1.37659735041985
"vm(ID, ginv)_Nr_503210",-0.453141820492815,0.871879729016373,-0.519729734976217
"vm(ID, ginv)_Nr_502345",-0.308881236728274,0.865906547950751,-0.356714286846855
"vm(ID, ginv)_Nr_500699",-0.416591541956282,0.855097408698604,-0.487186065258113
"vm(ID, ginv)_Nr_503161",-0.312592315761941,0.863050995517408,-0.362194490691177
"vm(ID, ginv)_Nr_503760",-0.372345294352092,0.866072826765162,-0.429923769508883
"vm(ID, ginv)_Nr_504522",-0.110119969152027,0.872102519933156,-0.126269522946072
"vm(ID, ginv)_Nr_501048",-0.301003743400354,0.858166918150863,-0.350751977306399
"vm(ID, ginv)_Nr_502112",0.272700287217063,0.860670230856566,0.316846426703597
"vm(ID, ginv)_Nr_500123",0.476201497024728,0.870021051615121,0.547344798313443
"vm(ID, ginv)_Nr_503276",-0.425890800992504,0.864265773297823,-0.492777585495965
"vm(ID, ginv)_Nr_501634",-0.345936567636808,0.856598542796491,-0.403849119924309
"vm(ID, ginv)_Nr_500502",-0.632839467553846,0.865373672743552,-0.731290409549337
"vm(ID, ginv)_Nr_503481",-0.517135685159148,0.881029112522842,-0.586967760552567
"vm(ID, ginv)_Nr_502485",-0.136282009960854,0.868319602887182,-0.156949134290777
"vm(ID, ginv)_Nr_504474",-0.217110740440585,0.861696327363669,-0.251957370068906
"vm(ID, ginv)_Nr_501083",-0.617344294793814,0.86277323567149,-0.715534823369132
"vm(ID, ginv)_Nr_500834",0.0954417562012603,0.866914125502272,0.110093668327256
