"","solution","std.error","z.ratio"
"vm(ID, ginv)_Np1_500039",0.207920501364704,0.777258741432795,0.267504873578423
"vm(ID, ginv)_Np1_501774",0.66428291717316,0.759285058777449,0.874879479707851
"vm(ID, ginv)_Np1_500098",0.121433638101292,0.801500386343481,0.151507897151845
"vm(ID, ginv)_Np1_502854",1.14024094169444,0.796497721317576,1.43156836633285
"vm(ID, ginv)_Np1_504533",0.889859600450587,0.735900956215068,1.20921109414964
"vm(ID, ginv)_Np1_500336",1.17684994810257,0.757868851644875,1.55284116182944
"vm(ID, ginv)_Np1_503504",0.551777908144211,0.74662175015233,0.739032727122715
"vm(ID, ginv)_Np1_504275",0.9175765275183,0.758626840481701,1.20952288866509
"vm(ID, ginv)_Np1_503553",2.08594050510785,0.75006354952422,2.78101836361866
"vm(ID, ginv)_Np1_501959",1.07934892129158,0.735307433629907,1.46788794989232
"vm(ID, ginv)_Np1_503139",0.140450601848664,0.75620863409464,0.185729963288262
"vm(ID, ginv)_Np1_503535",0.435850268942957,0.791314897417171,0.550792447312139
"vm(ID, ginv)_Np1_500107",0.327753521283782,0.757741780219146,0.432539857032818
"vm(ID, ginv)_Np1_504973",0.712210101081956,0.768484608941333,0.926772108114305
"vm(ID, ginv)_Np1_503911",1.07624485529338,0.779752575828293,1.38023892277642
"vm(ID, ginv)_Np1_503180",0.486473541830618,0.780354427472963,0.623400758301551
"vm(ID, ginv)_Np1_500315",-0.183916839552841,0.799393476771199,-0.230070478302742
"vm(ID, ginv)_Np1_503448",0.530696429718164,0.760102911092763,0.698190234471287
"vm(ID, ginv)_Np1_503046",-0.200139235291449,0.768337182730279,-0.260483599895889
"vm(ID, ginv)_Np1_504215",0.232322927678097,0.866467148942512,0.268126642725737
"vm(ID, ginv)_Np1_500259",0.21293735297037,0.875383515740852,0.243250357290722
"vm(ID, ginv)_Np1_502846",0.153011517711827,0.781935638606651,0.195683007855329
"vm(ID, ginv)_Np1_500079",0.0017238046443013,0.728137920585865,0.00236741501241182
"vm(ID, ginv)_Np1_500677",0.854262368395533,0.841947555875846,1.01462657909479
"vm(ID, ginv)_Np1_501804",1.11144935702519,0.751463036159388,1.4790472765043
"vm(ID, ginv)_Np1_502663",0.19665948338837,0.72045262797134,0.272966570948775
"vm(ID, ginv)_Np1_503929",0.118933196885813,0.781077416596064,0.152268129072434
"vm(ID, ginv)_Np1_503172",0.500555790779142,0.789383571344381,0.63410971414905
"vm(ID, ginv)_Np1_504397",0.307993500415064,0.766338315030146,0.401902781544922
"vm(ID, ginv)_Np1_503354",1.11119750953431,0.755254858125381,1.47128813218416
"vm(ID, ginv)_Np1_503901",-0.00322087183512009,0.777440060560439,-0.00414291981917967
"vm(ID, ginv)_Np1_501649",0.47139411178294,0.809016458351079,0.582675552415492
"vm(ID, ginv)_Np1_501123",-0.0438342791324396,0.78293799417234,-0.0559869101496061
"vm(ID, ginv)_Np1_503246",0.569792659186435,0.775487558045257,0.734754095375419
"vm(ID, ginv)_Np1_503102",0.250502603103554,0.806962861617915,0.310426433505639
"vm(ID, ginv)_Np1_503643",1.14559878694208,0.734647554038435,1.55938555929929
"vm(ID, ginv)_Np1_503464",0.325425314586415,0.79780560050258,0.407900514086906
"vm(ID, ginv)_Np1_502147",1.37100246482532,0.737135327439075,1.85990606309482
"vm(ID, ginv)_Np1_502407",0.265721869998556,0.751924918245794,0.353388833845901
"vm(ID, ginv)_Np1_501929",0.0479041960472513,0.821569776387936,0.0583081284438968
"vm(ID, ginv)_Np1_503873",0.316619887488001,0.765279500494274,0.413731045041066
"vm(ID, ginv)_Np1_502095",0.369795998052821,0.783553942116113,0.471947083890776
"vm(ID, ginv)_Np1_502993",-0.170151549062564,0.743438978172806,-0.228870901389588
"vm(ID, ginv)_Np1_501573",1.01547999645702,0.772089147862055,1.31523671750719
"vm(ID, ginv)_Np1_502930",1.14509622700403,0.782785065843154,1.46284884187286
"vm(ID, ginv)_Np1_500570",0.449827274068816,0.777197832189824,0.578780917081803
"vm(ID, ginv)_Np1_503443",0.511251837522993,0.766878981525134,0.66666560153499
"vm(ID, ginv)_Np1_501933",0.0193433273604316,0.790835457813492,0.0244593577201409
"vm(ID, ginv)_Np1_500051",0.92633991887577,0.761384217558074,1.21665237801585
"vm(ID, ginv)_Np1_500295",-0.259408781636824,0.802059631643458,-0.323428298099586
"vm(ID, ginv)_Np1_504933",0.79350431525617,0.764286093801958,1.03822942964835
"vm(ID, ginv)_Np1_502973",0.925427572494944,0.771913801317009,1.19887424077146
"vm(ID, ginv)_Np1_503223",-0.394598408689375,0.800069932714448,-0.493204896915194
"vm(ID, ginv)_Np1_501538",1.30758408923796,0.81849797772153,1.59754101394107
"vm(ID, ginv)_Np1_501470",0.334747770057998,0.786073730625229,0.425847801569129
"vm(ID, ginv)_Np1_503222",0.342994023898348,0.780417094201176,0.439500911047358
"vm(ID, ginv)_Np1_502651",2.03361387705267,0.785417872316247,2.58921263283126
"vm(ID, ginv)_Np1_504915",0.163735929504442,0.79213397043289,0.206702320082249
"vm(ID, ginv)_Np1_503331",0.789911001271251,0.780255808958435,1.01237439337453
"vm(ID, ginv)_Np1_503557",0.663876254806771,0.827379045306304,0.802384661024377
"vm(ID, ginv)_Np1_503803",-0.35879614914081,0.797775309646898,-0.449745868043493
"vm(ID, ginv)_Np1_504630",0.656843345531773,0.791966959446933,0.829382258560984
"vm(ID, ginv)_Np1_502917",1.620798260064,0.741971042123174,2.18444948393948
"vm(ID, ginv)_Np1_502827",0.750123609710991,0.822441898592419,0.912068817256029
"vm(ID, ginv)_Np1_503087",0.492398771116319,0.741743357214682,0.663839812418846
"vm(ID, ginv)_Np1_504360",0.621351220949536,0.862553900060573,0.720362195227337
"vm(ID, ginv)_Np1_501184",0.341534239944667,0.829413589033883,0.411777965131356
"vm(ID, ginv)_Np1_500114",0.495038796291252,0.755412693041951,0.655322316994429
"vm(ID, ginv)_Np1_501695",0.0776494157907593,0.751193044840905,0.103368123978311
"vm(ID, ginv)_Np1_501531",1.26874455171812,0.767899600534592,1.65222712817516
"vm(ID, ginv)_Np1_504560",-0.584646849883379,0.777262349900366,-0.752187276224459
"vm(ID, ginv)_Np1_503689",1.00730698603028,0.77182846758429,1.30509177665214
"vm(ID, ginv)_Np1_501049",1.38063259700158,0.753223357870804,1.83296572334709
"vm(ID, ginv)_Np1_500080",0.28514612349568,0.820215743965855,0.347647708049298
"vm(ID, ginv)_Np1_503445",0.902952052842632,0.795362453651753,1.13527115681272
"vm(ID, ginv)_Np1_500182",-0.224312022249605,0.775200598992739,-0.289359970233596
"vm(ID, ginv)_Np1_503933",0.277383822691876,0.746505400038634,0.371576444962783
"vm(ID, ginv)_Np1_503328",-0.227938211444197,0.829931899226789,-0.274646885674062
"vm(ID, ginv)_Np1_504964",0.0606620475361282,0.808799680471512,0.0750025612037379
"vm(ID, ginv)_Np1_504548",0.142958135967321,0.842420050674981,0.169699351116794
"vm(ID, ginv)_Np1_503983",1.10521467949428,0.76080071961478,1.4526993087676
"vm(ID, ginv)_Np1_502421",-0.407980136830573,0.782374804933031,-0.521463797476831
"vm(ID, ginv)_Np1_504188",0.044789302851136,0.787667110758324,0.0568632385932875
"vm(ID, ginv)_Np1_500457",0.478824973680888,0.828955107175811,0.577624734483161
"vm(ID, ginv)_Np1_500178",1.10422046118137,0.787710012233814,1.40181087460091
"vm(ID, ginv)_Np1_502926",0.0291446261132071,0.806612451178319,0.0361321302077991
"vm(ID, ginv)_Np1_503106",0.724538178564074,0.753410086733552,0.961678362583844
"vm(ID, ginv)_Np1_502173",0.528708771897885,0.820874166762812,0.644080168806984
"vm(ID, ginv)_Np1_503363",0.661775254004815,0.765091589298361,0.864962134287356
"vm(ID, ginv)_Np1_501894",0.786100557097728,0.762991074263116,1.0302880120281
"vm(ID, ginv)_Np1_503258",0.141037889993096,0.829333608058367,0.170061708126472
"vm(ID, ginv)_Np1_503536",-0.110713939423656,0.789194026665636,-0.140287350997099
"vm(ID, ginv)_Np1_500157",1.13880120754928,0.804112785048487,1.41622074505457
"vm(ID, ginv)_Np1_504026",0.482946219603887,0.77047146978324,0.626819082268881
"vm(ID, ginv)_Np1_503793",-0.0718183793908857,0.808904218749127,-0.0887847754112894
"vm(ID, ginv)_Np1_503722",0.0578780526542503,0.800246837658565,0.0723252500735838
"vm(ID, ginv)_Np1_501873",0.152634693945438,0.765051536415477,0.199509035248243
"vm(ID, ginv)_Np1_501158",1.30035737197894,0.761373943578995,1.70790894926919
"vm(ID, ginv)_Np1_504827",-0.0530988951207408,0.750108930119465,-0.0707882455315978
"vm(ID, ginv)_Np1_504658",-0.744231339266824,0.759079184264457,-0.980439662547168
"vm(ID, ginv)_No_518501",-0.0285915782045089,0.829586050956931,-0.0344648733805594
"vm(ID, ginv)_No_518502",-0.254791116583985,0.829454194127856,-0.30717924918312
"vm(ID, ginv)_No_518503",0.789125671935785,0.818934882270524,0.963600023664773
"vm(ID, ginv)_No_518504",0.225986502554458,0.800980423369899,0.282137360615736
"vm(ID, ginv)_No_518505",-0.191235900888661,0.794410230451874,-0.240726885880967
"vm(ID, ginv)_No_518506",1.12581216441364,0.799278868642687,1.40853487885331
"vm(ID, ginv)_No_518507",0.0795738039117846,0.839008427176835,0.0948426753942641
"vm(ID, ginv)_No_518508",0.873520942840431,0.816823151309386,1.06941256677184
"vm(ID, ginv)_No_518509",0.0251134106714165,0.841301058181234,0.0298506823772549
"vm(ID, ginv)_No_518510",1.06483081312257,0.803290280547464,1.32558657674391
"vm(ID, ginv)_No_518511",0.772939124656282,0.83776264786642,0.92262304439661
"vm(ID, ginv)_No_518512",0.50259292729629,0.854862593427147,0.587922469833886
"vm(ID, ginv)_No_518513",-0.844509234448591,0.838017538010346,-1.00774649233912
"vm(ID, ginv)_No_518514",-0.255931495184428,0.847278072529018,-0.302063163773972
"vm(ID, ginv)_No_518515",-0.195053367647643,0.834854627203336,-0.233637523578265
"vm(ID, ginv)_No_518516",1.65720841672307,0.795551926577183,2.08309270754093
"vm(ID, ginv)_No_518517",0.990372462558355,0.798794012181526,1.23983460999366
"vm(ID, ginv)_No_518518",0.401185285884756,0.83120184511184,0.48265687599716
"vm(ID, ginv)_No_518519",0.130090032537777,0.829753798123717,0.156781484859658
"vm(ID, ginv)_No_518520",0.978657110319628,0.824496701177868,1.18697516790732
"vm(ID, ginv)_No_518521",0.107883111658211,0.797419310121345,0.135290317514125
"vm(ID, ginv)_No_518522",0.933028343489958,0.828143919370279,1.12664999605314
"vm(ID, ginv)_No_518523",2.07005400649726,0.803012741838936,2.57785947674596
"vm(ID, ginv)_No_518524",-0.356256771125935,0.841090572129882,-0.423565288841356
"vm(ID, ginv)_No_518525",0.456129112649786,0.834836249594264,0.546369557948003
"vm(ID, ginv)_No_518526",0.892166904546933,0.811113820894239,1.09992812545511
"vm(ID, ginv)_No_518527",-0.0471003977132909,0.829282332139115,-0.0567965768567581
"vm(ID, ginv)_No_518528",1.19419182373634,0.808159840290119,1.47766786247092
"vm(ID, ginv)_No_518529",0.174116405606742,0.828269925868853,0.210216983822145
"vm(ID, ginv)_No_518530",1.05828451106794,0.810692847035772,1.30540748563093
"vm(ID, ginv)_No_518531",0.954230081406486,0.824960352546283,1.15669811095916
"vm(ID, ginv)_No_518532",0.212111027632512,0.825277974531923,0.257017676683806
"vm(ID, ginv)_No_518533",0.370449998922163,0.825879887412533,0.448551907569484
"vm(ID, ginv)_No_518534",0.387492090268303,0.80141278579537,0.483511240569655
"vm(ID, ginv)_No_518535",0.448470479562312,0.830432163404106,0.540044689169966
"vm(ID, ginv)_No_518536",0.220697785312776,0.832079729627041,0.265236343891826
"vm(ID, ginv)_No_518537",0.239101224520876,0.822918009725806,0.290552912556312
"vm(ID, ginv)_No_518538",0.731700326121205,0.828278716700695,0.88339868134703
"vm(ID, ginv)_No_518539",-0.451310192755539,0.810962471578082,-0.556511809821875
"vm(ID, ginv)_No_518540",0.579605203352027,0.820118861685856,0.706733170556005
"vm(ID, ginv)_No_518541",0.569918867941683,0.827680665141375,0.688573373698824
"vm(ID, ginv)_No_518542",0.0971726835086934,0.820044718507056,0.118496810375906
"vm(ID, ginv)_No_518543",0.200757069256149,0.820405735555789,0.24470461450412
"vm(ID, ginv)_No_518544",0.433927522460387,0.835144532155427,0.51958374359521
"vm(ID, ginv)_No_518545",0.260246319810618,0.804457587876692,0.323505332950516
"vm(ID, ginv)_No_518546",1.30438911700044,0.829593689983147,1.5723228524399
"vm(ID, ginv)_No_518547",0.16189770537908,0.833274624570994,0.194290934351243
"vm(ID, ginv)_No_518548",0.802407126558762,0.839043603334664,0.956335431638719
"vm(ID, ginv)_No_518549",0.335728492938477,0.809823644734915,0.414569882123376
"vm(ID, ginv)_No_518550",0.389277705484282,0.818716362484577,0.475473220423899
"vm(ID, ginv)_No_518551",-0.319071487607777,0.81718837233664,-0.390450351973848
"vm(ID, ginv)_No_518552",0.0705856352181607,0.840578752118871,0.083972661740775
"vm(ID, ginv)_No_518553",-0.059701086648902,0.82653876678414,-0.07223023171821
"vm(ID, ginv)_No_518554",0.622349373081876,0.83073676706592,0.749153519808631
"vm(ID, ginv)_No_518555",1.23825852543875,0.816342917863685,1.51683624411073
"vm(ID, ginv)_No_518556",0.320339111665989,0.840138406891788,0.381293259584608
"vm(ID, ginv)_No_518557",0.669101575208088,0.850802588109717,0.786435754379491
"vm(ID, ginv)_No_518558",1.13823039872305,0.817811566982861,1.39180031767258
"vm(ID, ginv)_No_518559",0.994639047418171,0.826977319890756,1.20274041801964
"vm(ID, ginv)_No_518560",0.504302108242927,0.819540372923895,0.615347486108238
"vm(ID, ginv)_No_518561",0.515788410388471,0.804134330888489,0.641420706187953
"vm(ID, ginv)_No_518562",1.63375163995663,0.837965944561948,1.94966352816484
"vm(ID, ginv)_No_518563",0.472690752289296,0.815580931379335,0.579575532117784
"vm(ID, ginv)_No_518564",-0.511251760025212,0.800204867865404,-0.638901087154103
"vm(ID, ginv)_No_518565",-0.73708047146051,0.807439994619594,-0.912860988274142
"vm(ID, ginv)_No_518566",-0.0399649983680918,0.823230928493716,-0.0485465219840764
"vm(ID, ginv)_No_518567",0.498173857030924,0.810851941236718,0.614383257529242
"vm(ID, ginv)_No_518568",0.0470464162486776,0.791816099940516,0.0594158368997698
"vm(ID, ginv)_No_518569",-0.472269243286768,0.843040448655993,-0.560197608595978
"vm(ID, ginv)_No_518570",0.979726766239714,0.82693324282577,1.18477129168471
"vm(ID, ginv)_No_518571",0.119860713991874,0.823416217538591,0.145565160654923
"vm(ID, ginv)_No_518572",0.175489732283162,0.808459679003046,0.217066771344203
"vm(ID, ginv)_No_518573",0.562934049107493,0.815760050974624,0.690073077781796
"vm(ID, ginv)_No_518574",-0.0815587103129141,0.824326368705976,-0.0989398294281724
"vm(ID, ginv)_No_518575",0.562140593591047,0.829103172557539,0.678010424030834
"vm(ID, ginv)_No_518576",-0.357214870875181,0.831253872183993,-0.429730173691285
"vm(ID, ginv)_No_518577",0.0193808173607567,0.835598098105429,0.0231939462340799
"vm(ID, ginv)_No_518578",0.365442353615367,0.824809095520662,0.443062953112418
"vm(ID, ginv)_No_518579",1.43094731466426,0.806778459314111,1.77365582601299
"vm(ID, ginv)_No_518580",1.23390658661626,0.823084615037895,1.4991248336715
"vm(ID, ginv)_No_518581",0.808579279670577,0.836638385731179,0.966462086202177
"vm(ID, ginv)_No_518582",-0.639701637403173,0.830449975922792,-0.770307250225805
"vm(ID, ginv)_No_518583",0.299565142951028,0.809855870003847,0.369899329061609
"vm(ID, ginv)_No_518584",1.37011688638392,0.829065079556544,1.65260474740629
"vm(ID, ginv)_No_518585",1.0625557334346,0.808998183443662,1.31342165554886
"vm(ID, ginv)_No_518586",0.258748019954654,0.817779440802395,0.316403185314581
"vm(ID, ginv)_No_518587",0.687274858666645,0.832020111681634,0.826031545412481
"vm(ID, ginv)_No_518588",0.623874583420755,0.829212544184045,0.752369929515062
"vm(ID, ginv)_No_518589",0.700943812557211,0.814086139892969,0.86101921923074
"vm(ID, ginv)_No_518590",0.669995376974735,0.843213208486473,0.794574100869867
"vm(ID, ginv)_No_518591",0.808225911645436,0.808536711979122,0.999615601457447
"vm(ID, ginv)_No_518592",0.683907892310687,0.810038441277713,0.84429066259118
"vm(ID, ginv)_No_518593",0.564608020058206,0.816747526714916,0.691288313206342
"vm(ID, ginv)_No_518594",0.576633515493139,0.796332534254254,0.724111461844444
"vm(ID, ginv)_No_518595",0.0697198573738343,0.816427804381769,0.0853962309951324
"vm(ID, ginv)_No_518596",0.476368172688384,0.844166575343499,0.564305892465057
"vm(ID, ginv)_No_518597",-0.175601623872378,0.828636019758742,-0.211916474405137
"vm(ID, ginv)_No_518598",0.35970404647171,0.808516519522239,0.444893873886786
"vm(ID, ginv)_No_518599",0.347795587056161,0.831131914119876,0.418460151929622
"vm(ID, ginv)_No_518600",0.200073898856152,0.828316755679808,0.241542740122345
"vm(ID, ginv)_No_518601",0.497063486230707,0.826078898299597,0.601714300236773
"vm(ID, ginv)_No_518602",1.08478188063804,0.812025643403733,1.33589608831934
"vm(ID, ginv)_No_518603",0.674777732733971,0.810156900980895,0.832897592944016
"vm(ID, ginv)_No_518604",1.5258825235718,0.830347878948582,1.83764246559397
"vm(ID, ginv)_No_518605",0.0597926627750197,0.836066715263008,0.0715166166568541
"vm(ID, ginv)_No_518606",-0.377326024263534,0.830308601920938,-0.454440702397376
"vm(ID, ginv)_No_518607",0.524821256345584,0.841067895349489,0.623993923971506
"vm(ID, ginv)_No_518608",0.64918259713725,0.820222431830269,0.791471400859697
"vm(ID, ginv)_No_518609",0.627531813602643,0.811692943700735,0.773114782471251
"vm(ID, ginv)_No_518610",1.44695974261459,0.801916736513347,1.80437653528199
"vm(ID, ginv)_No_518611",-0.322245778751187,0.818463190776302,-0.393720551373289
"vm(ID, ginv)_No_518612",0.505448424218545,0.836027571850361,0.604583438677564
"vm(ID, ginv)_No_518613",0.603299154296204,0.850703142842119,0.709177060614398
"vm(ID, ginv)_No_518614",-0.811215100453059,0.811022998723295,-1.00023686347991
"vm(ID, ginv)_No_518615",0.662473902339908,0.825445254091018,0.802565523342219
"vm(ID, ginv)_No_518616",0.341737364834522,0.826587174528546,0.413431729120932
"vm(ID, ginv)_No_518617",0.22486927196362,0.83090691573813,0.270631123299605
"vm(ID, ginv)_No_518618",0.221859036944018,0.82005678962294,0.270541064657276
"vm(ID, ginv)_No_518619",-0.0187058456463349,0.813526827866605,-0.0229935203186712
"vm(ID, ginv)_No_518620",1.28119414222893,0.823976046248558,1.55489246084522
"vm(ID, ginv)_No_518621",0.848966448698347,0.811587307047971,1.0460568337205
"vm(ID, ginv)_No_518622",0.25017968055921,0.846632928749357,0.295499586732086
"vm(ID, ginv)_No_518623",0.761262778755306,0.818393582682096,0.930191529924323
"vm(ID, ginv)_No_518624",0.420986508373539,0.836022630195865,0.503558747297198
"vm(ID, ginv)_No_518625",0.107968787596081,0.858411290778361,0.125777455114996
"vm(ID, ginv)_No_518626",1.88257260136528,0.854084336493276,2.2041998909555
"vm(ID, ginv)_No_518627",0.876041853180413,0.824814549651559,1.062107662323
"vm(ID, ginv)_No_518628",0.501504543572787,0.821227602564759,0.610676677216582
"vm(ID, ginv)_No_518629",0.725997424137719,0.834388902339147,0.870094774873491
"vm(ID, ginv)_No_518630",1.02771519679121,0.819236946392941,1.25447857462507
"vm(ID, ginv)_No_518631",0.0587373196090148,0.837948024336398,0.0700966144714418
"vm(ID, ginv)_No_518632",0.0713557990005558,0.831502187908742,0.0858155276536532
"vm(ID, ginv)_No_518633",-0.0603548709285719,0.815211080454673,-0.074035881473679
"vm(ID, ginv)_No_518634",0.128582464273457,0.836925251362453,0.153636736451833
"vm(ID, ginv)_No_518635",1.07338373260153,0.820362240966094,1.30842654500707
"vm(ID, ginv)_No_518636",0.847208625024839,0.842399737262971,1.00570855800299
"vm(ID, ginv)_No_518637",0.781848221923801,0.808887447570651,0.966572326313064
"vm(ID, ginv)_No_518638",0.82891546126199,0.810379612378269,1.02287304443571
"vm(ID, ginv)_No_518639",0.135824963413375,0.832073435019244,0.163236750143614
"vm(ID, ginv)_No_518640",0.313942305189393,0.819722708407635,0.382985980465573
"vm(ID, ginv)_No_518641",1.24494221698848,0.835723329020411,1.48965832801118
"vm(ID, ginv)_No_518642",0.886747688676455,0.840975305526049,1.05442773747295
"vm(ID, ginv)_No_518643",0.363861956887971,0.819524719681595,0.443991435705978
"vm(ID, ginv)_No_518644",-0.295472883924064,0.828378321368727,-0.356688334667975
"vm(ID, ginv)_No_518645",1.10406536997922,0.820587622129789,1.34545701178587
"vm(ID, ginv)_No_518646",0.797386348500174,0.825335842811276,0.96613561066741
"vm(ID, ginv)_No_518647",0.948948358725191,0.82971679016788,1.14370152559307
"vm(ID, ginv)_No_518648",0.475060508193795,0.827492458507838,0.574096480650035
"vm(ID, ginv)_No_518649",-0.27629326055973,0.815661039288521,-0.338735390378255
"vm(ID, ginv)_No_518650",0.816673590480244,0.807067627278196,1.01190230270348
"vm(ID, ginv)_No_518651",0.425325798863611,0.847911054639732,0.501616055759914
"vm(ID, ginv)_No_518652",0.0405662048576393,0.849742795039078,0.0477393925485108
"vm(ID, ginv)_No_518653",0.281218018077813,0.839743450486344,0.334885634314794
"vm(ID, ginv)_No_518654",1.24380495671911,0.819161947435295,1.51838712798284
"vm(ID, ginv)_No_518655",0.576088056349973,0.815110670529861,0.706760538388595
"vm(ID, ginv)_No_518656",0.181370573289653,0.812707022920925,0.223168458219784
"vm(ID, ginv)_No_518657",-0.427561826693997,0.809866407762798,-0.527941179675681
"vm(ID, ginv)_No_518658",0.365265840362682,0.813673671958891,0.448909498919041
"vm(ID, ginv)_No_518659",0.044731281939014,0.812172140970904,0.0550761097093781
"vm(ID, ginv)_No_518660",-0.0384082927615892,0.848424752134243,-0.045270122854115
"vm(ID, ginv)_No_518661",1.55576805965211,0.816992039337258,1.90426342576624
"vm(ID, ginv)_No_518662",0.908091252354199,0.830715928723402,1.09314293966856
"vm(ID, ginv)_No_518663",1.44228415725929,0.819345718264705,1.76028766015146
"vm(ID, ginv)_No_518664",1.32457047087078,0.823078982844695,1.60928719901564
"vm(ID, ginv)_No_518665",0.157229680089045,0.838335253606095,0.187549884622795
"vm(ID, ginv)_No_518666",0.396451520952445,0.804830750791175,0.492589927214784
"vm(ID, ginv)_No_518667",0.189441901500398,0.836569712097144,0.226450825031064
"vm(ID, ginv)_No_518668",-0.243061635646139,0.825580898570132,-0.294412862588161
"vm(ID, ginv)_No_518669",1.51870824161426,0.794710155841846,1.91102155981066
"vm(ID, ginv)_No_518670",0.0784412487681096,0.823709795107616,0.0952292290731609
"vm(ID, ginv)_No_518671",-0.0543364755510484,0.809430741462952,-0.0671292462315449
"vm(ID, ginv)_No_518672",0.522342382557647,0.83149060661683,0.628199980133214
"vm(ID, ginv)_No_518673",0.204474525893581,0.825439099653619,0.247716065278935
"vm(ID, ginv)_No_518674",0.548072336049858,0.816803162138751,0.67099683431044
"vm(ID, ginv)_No_518675",0.222591553903911,0.800354810596385,0.278116094208326
"vm(ID, ginv)_No_518676",0.314218215856116,0.819581984856218,0.383388387814845
"vm(ID, ginv)_No_518677",0.62940199644988,0.812290663681626,0.774848246558908
"vm(ID, ginv)_No_518678",0.522485942185532,0.820322365325872,0.636927583923639
"vm(ID, ginv)_No_518679",0.366050757174874,0.810053281262747,0.451884790348924
"vm(ID, ginv)_No_518680",0.401517872414328,0.831037320066596,0.483152636733754
"vm(ID, ginv)_No_518681",0.806059886526427,0.845171653945884,0.953723285397879
"vm(ID, ginv)_No_518682",0.407194679977785,0.846156149758049,0.4812287662203
"vm(ID, ginv)_No_518683",0.56905087220081,0.821428057553269,0.692758016929446
"vm(ID, ginv)_No_518684",-0.155608782528681,0.828211447696231,-0.187885331652352
"vm(ID, ginv)_No_518685",0.925726202462081,0.836861076838585,1.10618862327688
"vm(ID, ginv)_No_518686",0.0487698449532116,0.827182076754616,0.058959020418523
"vm(ID, ginv)_No_518687",0.0188827372296164,0.827104244163706,0.0228299363264771
"vm(ID, ginv)_No_518688",1.06994390486869,0.818964654523966,1.30645919693642
"vm(ID, ginv)_No_518689",0.107964418702988,0.853545970929752,0.126489283975395
"vm(ID, ginv)_No_518690",0.813241838498661,0.829324992324837,0.980606934585331
"vm(ID, ginv)_No_518691",-0.299672436539209,0.798132163910331,-0.375467184621415
"vm(ID, ginv)_No_518692",0.434828128291246,0.826428568622976,0.5261533117324
"vm(ID, ginv)_No_518693",0.25881414387607,0.812935948977892,0.318369662704027
"vm(ID, ginv)_No_518694",0.323013183861224,0.817458397755381,0.395143269367799
"vm(ID, ginv)_No_518695",0.808557847617551,0.816524460912332,0.990243264377065
"vm(ID, ginv)_No_518696",0.305942821626095,0.840439044881236,0.36402737770153
"vm(ID, ginv)_No_518697",0.116846871837587,0.820514366628616,0.142406856710743
"vm(ID, ginv)_No_518698",0.233121696676687,0.814963950367469,0.286051544453681
"vm(ID, ginv)_No_518699",1.38863415264813,0.834509795525255,1.66401180680462
"vm(ID, ginv)_No_518700",0.749499259894598,0.817262650737301,0.917084928839499
"vm(ID, ginv)_No_518701",-0.0424673279471039,0.820524436265017,-0.0517563232368958
"vm(ID, ginv)_No_518702",1.09440910420586,0.819011549222367,1.33625600914294
"vm(ID, ginv)_No_518703",0.170675934678609,0.826675333102922,0.206460659758623
"vm(ID, ginv)_No_518704",-0.0929386507607754,0.838989828996858,-0.110774466565224
"vm(ID, ginv)_No_518705",0.986610346573466,0.802566834345323,1.22931861167459
"vm(ID, ginv)_No_518706",0.472366406247362,0.829525726534253,0.569441538866916
"vm(ID, ginv)_No_518707",0.593256223997129,0.838409827872551,0.707596934428244
"vm(ID, ginv)_No_518708",-0.244302361372937,0.820185281251145,-0.297862406162993
"vm(ID, ginv)_No_518709",-0.0813929070051573,0.837592209308788,-0.0971748615860763
"vm(ID, ginv)_No_518710",0.804932249075921,0.828080342404069,0.972046077967573
"vm(ID, ginv)_No_518711",0.274254034526659,0.828327117653928,0.331093874245514
"vm(ID, ginv)_No_518712",1.18937159999531,0.818467168998581,1.45316958950295
"vm(ID, ginv)_No_518713",0.243361223969436,0.825778270180864,0.294705289249297
"vm(ID, ginv)_No_518714",-0.42559358411323,0.790638905545331,-0.538290717960159
"vm(ID, ginv)_No_518715",0.690565797137703,0.814717612048024,0.847613684699622
"vm(ID, ginv)_No_518716",1.26283140173817,0.82003660414849,1.5399695517854
"vm(ID, ginv)_No_518717",1.21160705974125,0.838085498152906,1.44568431551622
"vm(ID, ginv)_No_518718",1.25283976517452,0.812050314169492,1.54281051717323
"vm(ID, ginv)_No_518719",0.0105722931895421,0.837323574810314,0.0126262934755386
"vm(ID, ginv)_No_518720",0.145554001366899,0.803648192762793,0.181116566524603
"vm(ID, ginv)_No_518721",0.369599769195517,0.814468942361027,0.453792342436166
"vm(ID, ginv)_No_518722",1.13020662039361,0.822524782908646,1.37406999020374
"vm(ID, ginv)_No_518723",0.108818892498557,0.830284979248974,0.13106209942156
"vm(ID, ginv)_No_518724",-0.273077753670906,0.831051454215935,-0.328593076019034
"vm(ID, ginv)_No_518725",-0.252847518035124,0.805371133019482,-0.313951553102175
"vm(ID, ginv)_No_518726",0.721154986119311,0.798408517023839,0.903240597692395
"vm(ID, ginv)_No_518727",1.15355667980225,0.824497211892068,1.39910319060395
"vm(ID, ginv)_No_518728",0.727605795398232,0.840143859896527,0.866049054370099
"vm(ID, ginv)_No_518729",-0.167062443303046,0.841367144117769,-0.198560693118368
"vm(ID, ginv)_No_518730",0.766011886113516,0.836112208254626,0.916159193169248
"vm(ID, ginv)_No_518731",0.279471563510338,0.818577669122529,0.34141117459253
"vm(ID, ginv)_No_518732",-0.500092473315885,0.834922012860623,-0.598969084073446
"vm(ID, ginv)_No_518733",-0.166967367510158,0.827720489400206,-0.201719505132884
"vm(ID, ginv)_No_518734",-0.429466850360253,0.80250726535329,-0.535156339265274
"vm(ID, ginv)_No_518735",0.448414041069413,0.823556104594433,0.544485115911123
"vm(ID, ginv)_No_518736",-0.471063705218015,0.774121322795413,-0.60851405502818
"vm(ID, ginv)_No_518737",-0.291922783514633,0.821159915624256,-0.355500527924222
"vm(ID, ginv)_No_518738",0.691088851641981,0.803488804359797,0.860110119633373
"vm(ID, ginv)_No_518739",0.35651703466861,0.83311135138511,0.427934434065595
"vm(ID, ginv)_No_518740",0.120547361500197,0.8403405028288,0.143450614476399
"vm(ID, ginv)_No_518741",1.08944097284393,0.82013545001318,1.32836712865713
"vm(ID, ginv)_No_518742",0.612740959162788,0.828694763271518,0.739404888651416
"vm(ID, ginv)_No_518743",0.7172782150244,0.81217449319073,0.883157770944618
"vm(ID, ginv)_No_518744",0.183138124968496,0.813826167615319,0.225033468148523
"vm(ID, ginv)_No_518745",0.133760770423637,0.806642867455415,0.16582402922075
"vm(ID, ginv)_No_518746",1.14324257477875,0.831519978597144,1.3748828701717
"vm(ID, ginv)_No_518747",0.602331639267858,0.822299806281293,0.732496389597606
"vm(ID, ginv)_No_518748",0.582036878790878,0.841390759322163,0.691755729834465
"vm(ID, ginv)_No_518749",0.705628493146729,0.837443050335957,0.842598780733391
"vm(ID, ginv)_No_518750",0.816340894916997,0.837602096621862,0.974616584902768
"vm(ID, ginv)_No_518751",1.17755871085333,0.819130209294677,1.43757207033945
"vm(ID, ginv)_No_518752",0.435098946195356,0.809454925258931,0.537520907734516
"vm(ID, ginv)_No_518753",0.5542000462342,0.83920553416259,0.660386548555372
"vm(ID, ginv)_No_518754",0.602048822489133,0.832309739383556,0.723347083424779
"vm(ID, ginv)_No_518755",-0.20403130226907,0.824364787172563,-0.247501234215576
"vm(ID, ginv)_No_518756",1.27394138210731,0.78976973094407,1.6130542007282
"vm(ID, ginv)_No_518757",-0.696086687633574,0.844804185041024,-0.823962167753433
"vm(ID, ginv)_No_518758",-0.265334786463599,0.801318158074953,-0.331122892686004
"vm(ID, ginv)_No_518759",0.164367983207444,0.795018362151963,0.206747404880726
"vm(ID, ginv)_No_518760",0.350799634912942,0.802501962623359,0.43713243238208
"vm(ID, ginv)_No_518761",-0.160832599186387,0.814346607093135,-0.197498949201115
"vm(ID, ginv)_No_518762",1.05926036529817,0.814573244192734,1.30038688706002
"vm(ID, ginv)_No_518763",0.54519902819786,0.836244375530134,0.651961369369131
"vm(ID, ginv)_No_518764",0.27143555098957,0.836063698250543,0.324658936343662
"vm(ID, ginv)_No_518765",0.475515634481594,0.821440857907087,0.578879939930355
"vm(ID, ginv)_No_518766",-0.509930009520558,0.801804220597068,-0.635978205678234
"vm(ID, ginv)_No_518767",0.223745866554289,0.815826328878929,0.274256736555377
"vm(ID, ginv)_No_518768",-0.288219764780596,0.827807287776278,-0.34817253850813
"vm(ID, ginv)_No_518769",0.635181294680688,0.836316752635618,0.759498470739634
"vm(ID, ginv)_No_518770",0.102595853555331,0.827907724131061,0.123921846076519
"vm(ID, ginv)_No_518771",0.954986681781606,0.816558192510863,1.16952679005655
"vm(ID, ginv)_No_518772",0.669750915979404,0.820069333462833,0.81670035526302
"vm(ID, ginv)_No_518773",0.937800167445237,0.826511562940607,1.13464857540369
"vm(ID, ginv)_No_518774",-0.772153146312772,0.831917009315532,-0.928161268090996
"vm(ID, ginv)_No_518775",1.64343742330781,0.80688849104771,2.03675903367252
"vm(ID, ginv)_No_518776",-0.181716500621765,0.821827541382589,-0.221112692714164
"vm(ID, ginv)_No_518777",0.265579440770794,0.851325213037939,0.311960032081135
"vm(ID, ginv)_No_518778",0.384241283708408,0.84692439215317,0.453690184470347
"vm(ID, ginv)_No_518779",0.64205072097423,0.836037129094206,0.767969147099784
"vm(ID, ginv)_No_518780",0.103847498604934,0.823823686311495,0.126055490186123
"vm(ID, ginv)_No_518781",-0.192492981509958,0.829409335385092,-0.232084416340195
"vm(ID, ginv)_No_518782",0.24824638842951,0.84244644657269,0.294673197850672
"vm(ID, ginv)_No_518783",0.23201716924972,0.819983787807876,0.282953361639001
"vm(ID, ginv)_No_518784",0.712502688565953,0.817633386587969,0.871420737280883
"vm(ID, ginv)_No_518785",0.251542456425166,0.844918956664155,0.297711933719995
"vm(ID, ginv)_No_518786",-0.52020500582827,0.834136618472346,-0.623644849426445
"vm(ID, ginv)_No_518787",0.646280518039554,0.819003627920725,0.789105806137052
"vm(ID, ginv)_No_518788",0.532232496625171,0.821031593418475,0.64824849724619
"vm(ID, ginv)_No_518789",0.653225864834401,0.817496053349586,0.79905690328154
"vm(ID, ginv)_No_518790",0.226693891058391,0.823190783858598,0.275384389018294
"vm(ID, ginv)_No_518791",0.374622888525101,0.828169263990415,0.45235063025647
"vm(ID, ginv)_No_518792",-0.045347980102597,0.83830617346059,-0.0540947705483275
"vm(ID, ginv)_No_518793",0.639424950442664,0.824809799142028,0.775239274688294
"vm(ID, ginv)_No_518794",-0.450054311336215,0.827031542623174,-0.54418034638526
"vm(ID, ginv)_No_518795",0.210760483816336,0.819963179591771,0.257036521958542
"vm(ID, ginv)_No_518796",0.730813200444497,0.805241594052107,0.907570107955956
"vm(ID, ginv)_No_518797",-0.00188453549657336,0.809565881086216,-0.00232783463409405
"vm(ID, ginv)_No_518798",0.568977351106069,0.803437376000374,0.708178842685313
"vm(ID, ginv)_No_518799",0.433435253105069,0.81653590448336,0.530822038229063
"vm(ID, ginv)_No_518800",0.357803717994295,0.815193451320068,0.438918783529102
"vm(ID, ginv)_No_518801",0.954902308090003,0.8227729261308,1.16059033758021
"vm(ID, ginv)_No_518802",0.786509202568854,0.802158245297844,0.980491327215393
"vm(ID, ginv)_No_518803",0.402183667656888,0.825098480055569,0.487437169475578
"vm(ID, ginv)_No_518804",0.179015246288222,0.822270533616522,0.217708453568042
"vm(ID, ginv)_No_518805",1.07782356623284,0.805544418905708,1.33800637300301
"vm(ID, ginv)_No_518806",0.515345809085389,0.844874712539141,0.609967136472338
"vm(ID, ginv)_No_518807",0.457175904823094,0.806579442720462,0.566808277782426
"vm(ID, ginv)_No_518808",0.975840434035248,0.822329360666718,1.186678331957
"vm(ID, ginv)_No_518809",-0.53089845742478,0.84087716711165,-0.631362674822503
"vm(ID, ginv)_No_518810",1.04955433332866,0.821287150097256,1.27793833521487
"vm(ID, ginv)_No_518811",-0.691441252695483,0.807938121909051,-0.855809664063999
"vm(ID, ginv)_No_518812",0.459151274000498,0.842309809262488,0.545109731539899
"vm(ID, ginv)_No_518813",0.401952519642416,0.842474700008034,0.477109306236238
"vm(ID, ginv)_No_518814",1.32140691686048,0.81751465071801,1.61637093072266
"vm(ID, ginv)_No_518815",0.507527197659133,0.829707784908465,0.611693908253644
"vm(ID, ginv)_No_518816",0.567546359961169,0.822676284929746,0.689878109236655
"vm(ID, ginv)_No_518817",1.06647716442853,0.804103873592189,1.32629278312544
"vm(ID, ginv)_No_518818",0.0957692274048972,0.825413918997267,0.116025699592321
"vm(ID, ginv)_No_518819",0.55666123220219,0.844166247949169,0.659421332651657
"vm(ID, ginv)_No_518820",-0.041841031498853,0.823992332456246,-0.0507784233551406
"vm(ID, ginv)_No_518821",0.050729219520484,0.816944160066647,0.0620963120861841
"vm(ID, ginv)_No_518822",0.175918554629454,0.815123404544957,0.215818308796642
"vm(ID, ginv)_No_518823",-0.130443001900506,0.827051768790748,-0.157720479929848
"vm(ID, ginv)_No_518824",0.625940174061435,0.822612516646933,0.760917395972579
"vm(ID, ginv)_No_518825",0.706574073427795,0.829461425281107,0.851846815164835
"vm(ID, ginv)_No_518826",0.479268390065704,0.803143610698377,0.596740587463498
"vm(ID, ginv)_No_518827",-0.0728436645287752,0.826527226010146,-0.0881322021059242
"vm(ID, ginv)_No_518828",1.21491529487611,0.821347462620742,1.47917337079192
"vm(ID, ginv)_No_518829",0.587400450357499,0.810469068772432,0.724766031166616
"vm(ID, ginv)_No_518830",1.22369642608874,0.807294840362291,1.51579864617936
"vm(ID, ginv)_No_518831",0.350152262282798,0.830921314743535,0.421402431337164
"vm(ID, ginv)_No_518832",0.168839489640303,0.821047212759053,0.205639197133297
"vm(ID, ginv)_No_518833",0.193989213102121,0.810532093970619,0.23933563463454
"vm(ID, ginv)_No_518834",0.117678166828514,0.849248040700568,0.138567486987004
"vm(ID, ginv)_No_518835",-0.174039790579181,0.81350328104507,-0.213938646142398
"vm(ID, ginv)_No_518836",0.512348048642276,0.81921080490844,0.625416615079362
"vm(ID, ginv)_No_518837",0.724537086647707,0.814748826393714,0.889276625109966
"vm(ID, ginv)_No_518838",0.755232398218782,0.816815228844164,0.924606167403948
"vm(ID, ginv)_No_518839",1.38199841059158,0.828958457283806,1.66715038425434
"vm(ID, ginv)_No_518840",0.116204614859154,0.813521536465712,0.142841473335786
"vm(ID, ginv)_No_518841",0.494076935983833,0.830561182971464,0.594871210109043
"vm(ID, ginv)_No_518842",0.918996862855209,0.829593415340517,1.107767788246
"vm(ID, ginv)_No_518843",0.389228527999807,0.847572672136937,0.459227321497362
"vm(ID, ginv)_No_518844",0.76421343909803,0.822074682308938,0.929615587906934
"vm(ID, ginv)_No_518845",0.859129011760175,0.833601910497504,1.03062265206115
"vm(ID, ginv)_No_518846",0.0792756281107573,0.828977566033807,0.0956306073396495
"vm(ID, ginv)_No_518847",0.248806045320844,0.826956111506925,0.300869709841622
"vm(ID, ginv)_No_518848",1.48558968004399,0.820495819981769,1.81059993709291
"vm(ID, ginv)_No_518849",-0.198368307024765,0.828821961277157,-0.239337657895904
"vm(ID, ginv)_No_518850",1.12784878357249,0.803400604552937,1.40384358336411
"vm(ID, ginv)_No_518851",0.403546093489253,0.81320640274497,0.496240674110641
"vm(ID, ginv)_No_518852",0.844364293072578,0.825511907648802,1.02283720591926
"vm(ID, ginv)_No_518853",0.358227919171382,0.831734862353352,0.430699656087271
"vm(ID, ginv)_No_518854",-0.0902124348041566,0.838497712207762,-0.107588170475299
"vm(ID, ginv)_No_518855",-0.0338910268810842,0.83451467694252,-0.040611660666357
"vm(ID, ginv)_No_518856",1.65287884421885,0.81707388993627,2.02292456603621
"vm(ID, ginv)_No_518857",-0.0571554807392691,0.827132459674738,-0.0691007589784893
"vm(ID, ginv)_No_518858",-0.884719488542692,0.830298835213895,-1.06554345377924
"vm(ID, ginv)_No_518859",0.579289171551088,0.818849549728465,0.707442742983963
"vm(ID, ginv)_No_518860",-0.217762386788233,0.837011272184191,-0.260166611878451
"vm(ID, ginv)_No_518861",0.329667818015926,0.821074690390466,0.401507709194095
"vm(ID, ginv)_No_518862",0.0812852142136747,0.822395235227751,0.0988395977162536
"vm(ID, ginv)_No_518863",0.686546513144174,0.816315126106003,0.841031228245332
"vm(ID, ginv)_No_518864",-0.281720066482667,0.826033599040737,-0.341051582901501
"vm(ID, ginv)_No_518865",1.34881328404312,0.802887843937578,1.67995230495479
"vm(ID, ginv)_No_518866",1.5770515709443,0.801523043764795,1.96756859732542
"vm(ID, ginv)_No_518867",0.229658686587581,0.815469561679645,0.281627539983892
"vm(ID, ginv)_No_518868",0.271252003590558,0.828491746683645,0.32740459355974
"vm(ID, ginv)_No_518869",0.619521882256904,0.819793305864498,0.755704978102497
"vm(ID, ginv)_No_518870",-0.335213369666302,0.834243624925036,-0.40181711870609
"vm(ID, ginv)_No_518871",-0.00428707962961586,0.826655778077126,-0.00518605173194093
"vm(ID, ginv)_No_518872",0.170086740455292,0.816506916424981,0.208310226201151
"vm(ID, ginv)_No_518873",0.752493122543424,0.809866471889361,0.929157026080992
"vm(ID, ginv)_No_518874",1.14792430800067,0.817803680918436,1.40366732846139
"vm(ID, ginv)_No_518875",-0.130101928062503,0.8376661970165,-0.155314764432281
"vm(ID, ginv)_No_518876",0.890072858369842,0.794653639209062,1.12007648924348
"vm(ID, ginv)_No_518877",0.494557104130702,0.838951222470261,0.58949446747869
"vm(ID, ginv)_No_518878",-0.0310102376053036,0.799939601143843,-0.0387657237633462
"vm(ID, ginv)_No_518879",0.665566432206658,0.81388853269212,0.817761161967902
"vm(ID, ginv)_No_518880",1.1195640592874,0.830660614579059,1.34779961832517
"vm(ID, ginv)_No_518881",0.686278819602415,0.838679883865967,0.818284583670892
"vm(ID, ginv)_No_518882",0.384170509041684,0.823939724210069,0.466260452983982
"vm(ID, ginv)_No_518883",0.989108650562361,0.798080612089598,1.23935932733988
"vm(ID, ginv)_No_518884",1.08074122437552,0.840526294373654,1.28579109494828
"vm(ID, ginv)_No_518885",-0.393147923368204,0.827134060054934,-0.475313425422347
"vm(ID, ginv)_No_518886",-0.442967093335858,0.7806181828007,-0.56745679654371
"vm(ID, ginv)_No_518887",0.0936901822394196,0.854066959982011,0.109698872136902
"vm(ID, ginv)_No_518888",0.258380431433243,0.830367149670599,0.311164081497855
"vm(ID, ginv)_No_518889",-0.185154916093418,0.863992855642079,-0.21430144344865
"vm(ID, ginv)_No_518890",0.246176947783481,0.828042562528222,0.297299871919435
"vm(ID, ginv)_No_518891",1.23970241723994,0.798740432699535,1.55207169499367
"vm(ID, ginv)_No_518892",-0.234055967752405,0.814488034353392,-0.287365753553664
"vm(ID, ginv)_No_518893",1.02109268721966,0.831780560669415,1.22759864260099
"vm(ID, ginv)_No_518894",0.188580239939412,0.820433148767883,0.229854486282788
"vm(ID, ginv)_No_518895",-0.125861045550666,0.818857334617367,-0.153703264573526
"vm(ID, ginv)_No_518896",-0.137976613106294,0.83367385242366,-0.165504306876325
"vm(ID, ginv)_No_518897",0.0508940214070449,0.811759669371611,0.0626959226077866
"vm(ID, ginv)_No_518898",0.0999957155002252,0.787547290775695,0.12697106151141
"vm(ID, ginv)_No_518899",0.811574424274525,0.832174224474332,0.975245808396889
"vm(ID, ginv)_No_518900",0.721545908980798,0.810362688024775,0.890398730893615
"vm(ID, ginv)_No_518901",0.242836358996715,0.805174881468378,0.301594553662504
"vm(ID, ginv)_No_518902",0.359113735909251,0.818675677130501,0.438652015616199
"vm(ID, ginv)_No_518903",0.777984703648529,0.809800359944086,0.96071172863179
"vm(ID, ginv)_No_518904",0.0954017326956287,0.84448854105273,0.112969836839588
"vm(ID, ginv)_No_518905",0.647515144847461,0.81127228691254,0.798147743110652
"vm(ID, ginv)_No_518906",-0.239550321792613,0.84468259052846,-0.283598033721451
"vm(ID, ginv)_No_518907",0.422374355436522,0.816641668439975,0.517208920092678
"vm(ID, ginv)_No_518908",0.389138830007797,0.830106309169215,0.468781920712365
"vm(ID, ginv)_No_518909",0.145516302115033,0.821003909367371,0.177241911341398
"vm(ID, ginv)_No_518910",0.485441556107946,0.833769452472245,0.582225163884983
"vm(ID, ginv)_No_518911",0.866617293109162,0.80796478072891,1.07259290723952
"vm(ID, ginv)_No_518912",0.715024967052401,0.805989933256637,0.887138830832926
"vm(ID, ginv)_No_518913",1.42326967982597,0.817669297506131,1.74064219381466
"vm(ID, ginv)_No_518914",0.0594797434597475,0.84431901903771,0.0704470018068975
"vm(ID, ginv)_No_518915",1.24622384953625,0.822032143208041,1.51602812594745
"vm(ID, ginv)_No_518916",-0.109115143223579,0.844024967889729,-0.129279520600432
"vm(ID, ginv)_No_518917",0.536477595595355,0.801058271338231,0.66971107445046
"vm(ID, ginv)_No_518918",0.635911137438518,0.810051275415565,0.785025783845953
"vm(ID, ginv)_No_518919",0.686171604049073,0.818945888018404,0.837871725211779
"vm(ID, ginv)_No_518920",0.715726970245927,0.805860654567808,0.888152270729459
"vm(ID, ginv)_No_518921",1.10113742049019,0.825259531238429,1.33429227874262
"vm(ID, ginv)_No_518922",0.107071069854471,0.816145180207366,0.131191205255009
"vm(ID, ginv)_No_518923",0.816078114100582,0.822099737369815,0.992675312987572
"vm(ID, ginv)_No_518924",0.873006299512039,0.814083849494416,1.07237884654537
"vm(ID, ginv)_No_518925",-0.233253071474108,0.844306356566672,-0.276265918952238
"vm(ID, ginv)_No_518926",0.647207211296385,0.833380328735921,0.776604857326156
"vm(ID, ginv)_No_518927",0.365042825281972,0.827092412468653,0.441356757454001
"vm(ID, ginv)_No_518928",0.332978905814902,0.824665513724349,0.403774500416665
"vm(ID, ginv)_No_518929",0.78558626575981,0.837955865785777,0.937503152416197
"vm(ID, ginv)_No_518930",0.801319685988956,0.841692936569498,0.952033278614536
"vm(ID, ginv)_No_518931",0.44150794179735,0.832860801611489,0.530110122775719
"vm(ID, ginv)_No_518932",0.714137907156097,0.815781890502239,0.875402991253502
"vm(ID, ginv)_No_518933",-0.902656639366829,0.80667831377366,-1.11897967746794
"vm(ID, ginv)_No_518934",1.01671283932099,0.811977492569247,1.25214411560095
"vm(ID, ginv)_No_518935",-0.0511840878151582,0.8199487951371,-0.0624235173204931
"vm(ID, ginv)_No_518936",0.440809361223977,0.825219919153076,0.53417198372572
"vm(ID, ginv)_No_518937",0.602606226159548,0.8088989799546,0.744970930972579
"vm(ID, ginv)_No_518938",-0.0257869794131081,0.831961060957879,-0.0309954162799617
"vm(ID, ginv)_No_518939",-0.336216262113253,0.807684440377984,-0.41627180778165
"vm(ID, ginv)_No_518940",0.257702655168434,0.834390165615874,0.30885150111785
"vm(ID, ginv)_No_518941",0.0468497915644838,0.822474218134792,0.0569620184213553
"vm(ID, ginv)_No_518942",0.796865267160043,0.796170379732839,1.00087278733911
"vm(ID, ginv)_No_518943",0.294516907876561,0.824215286601537,0.357330072208359
"vm(ID, ginv)_No_518944",0.689569145763172,0.826231030225133,0.834596039772649
"vm(ID, ginv)_No_518945",0.125304938286854,0.81348471437154,0.154034779109106
"vm(ID, ginv)_No_518946",1.08520105256361,0.814778042455347,1.33189776358397
"vm(ID, ginv)_No_518947",0.752603099002213,0.839646111535464,0.896333691852541
"vm(ID, ginv)_No_518948",0.488118253969377,0.842940309747393,0.579066214208753
"vm(ID, ginv)_No_518949",0.56549460994873,0.829960590180283,0.681351158885622
"vm(ID, ginv)_No_518950",0.403433886384482,0.856646300986933,0.4709456935957
"vm(ID, ginv)_No_518951",0.782395619247527,0.820037710245731,0.954097121964155
"vm(ID, ginv)_No_518952",0.82475141494774,0.835444832128265,0.987200331165752
"vm(ID, ginv)_No_518953",0.00559681146761289,0.807271527021591,0.00693299748631318
"vm(ID, ginv)_No_518954",-0.498824696736617,0.812611859927696,-0.61385357676296
"vm(ID, ginv)_No_518955",0.508003524515056,0.824613574724469,0.616050402377619
"vm(ID, ginv)_No_518956",0.46345329519521,0.823284652887954,0.562932023048758
"vm(ID, ginv)_No_518957",0.270496974992151,0.842362599696043,0.321117028569118
"vm(ID, ginv)_No_518958",1.46348546791343,0.811947123195128,1.80243937826198
"vm(ID, ginv)_No_518959",1.38805331510653,0.822879403514369,1.6868247147497
"vm(ID, ginv)_No_518960",0.985615101636824,0.833412051721911,1.18262640862998
"vm(ID, ginv)_No_518961",0.352327304808869,0.824690497866931,0.42722367448172
"vm(ID, ginv)_No_518962",0.970845204717077,0.831905284791203,1.16701410901693
"vm(ID, ginv)_No_518963",1.0478688712699,0.836810159590436,1.25221815158502
"vm(ID, ginv)_No_518964",0.291510346046687,0.831703323389274,0.350497993513785
"vm(ID, ginv)_No_518965",0.46651559082797,0.801693906834232,0.581912356887144
"vm(ID, ginv)_No_518966",0.135967451073674,0.828064752834607,0.164199056424313
"vm(ID, ginv)_No_518967",0.780303948278792,0.846422917664446,0.921884240128922
"vm(ID, ginv)_No_518968",1.38602429060007,0.814502228499354,1.70168262541613
"vm(ID, ginv)_No_518969",1.3629131572583,0.818223715458692,1.66569745108678
"vm(ID, ginv)_No_518970",0.783050138641684,0.813782378052976,0.962235309782917
"vm(ID, ginv)_No_518971",0.194500797625046,0.83629274469654,0.232575014979501
"vm(ID, ginv)_No_518972",1.10103910510248,0.830868870449269,1.32516591277168
"vm(ID, ginv)_No_518973",0.588692245479387,0.819161863914314,0.718651919007017
"vm(ID, ginv)_No_518974",-0.0430708614087757,0.827653924485449,-0.0520396993653511
"vm(ID, ginv)_No_518975",1.1062870127969,0.820118865746705,1.34893496418918
"vm(ID, ginv)_No_518976",0.384435805078072,0.82606985497619,0.465379293000775
"vm(ID, ginv)_No_518977",0.108420647532568,0.836869843918231,0.129554970011754
"vm(ID, ginv)_No_518978",1.2438696049751,0.830442299051842,1.49783989374733
"vm(ID, ginv)_No_518979",1.72188827525906,0.806348272862548,2.13541509693613
"vm(ID, ginv)_No_518980",0.0765288588604529,0.828910853070826,0.0923245950718827
"vm(ID, ginv)_No_518981",0.394521444476045,0.835816359028586,0.472019290139967
"vm(ID, ginv)_No_518982",0.933479175424716,0.826330455469513,1.12966812398839
"vm(ID, ginv)_No_518983",0.301390556131406,0.81581945721444,0.369432910022132
"vm(ID, ginv)_No_518984",1.0277533986892,0.808336692776825,1.27144221940318
"vm(ID, ginv)_No_518985",-0.0884689390878857,0.831859480131241,-0.106350821504045
"vm(ID, ginv)_No_518986",0.380937994057171,0.820650624105987,0.464190220378085
"vm(ID, ginv)_No_518987",0.577110650566775,0.82039051726561,0.703458460844117
"vm(ID, ginv)_No_518988",-0.117083730639561,0.825515902144399,-0.141830981493413
"vm(ID, ginv)_No_518989",0.390711852564777,0.806640160104467,0.484369452314618
"vm(ID, ginv)_No_518990",0.534460830351107,0.814242322786257,0.656390383297978
"vm(ID, ginv)_No_518991",-0.188607963451008,0.817200170078441,-0.230797753545382
"vm(ID, ginv)_No_518992",1.33084572187308,0.80590050762377,1.6513771976607
"vm(ID, ginv)_No_518993",0.701179282752447,0.819149928602388,0.855984061365641
"vm(ID, ginv)_No_518994",0.859449255964174,0.840000999247573,1.02315265902543
"vm(ID, ginv)_No_518995",0.624457622229038,0.835096070209357,0.747767406057231
"vm(ID, ginv)_No_518996",0.204413156401013,0.830106712722097,0.246249251172417
"vm(ID, ginv)_No_518997",-0.237754860390734,0.828131885550814,-0.287097821662302
"vm(ID, ginv)_No_518998",0.794128313763975,0.823829997536796,0.963946829004009
"vm(ID, ginv)_No_518999",0.0176352865763401,0.820795574390322,0.0214856014415519
"vm(ID, ginv)_No_519000",0.540303338992528,0.818606647263279,0.66002803764035
"vm(ID, ginv)_Nr_503599",-0.633767257142161,0.904990558295565,-0.700302617892259
"vm(ID, ginv)_Nr_501459",-0.212118063966974,0.918320599953103,-0.230984760635671
"vm(ID, ginv)_Nr_504164",-0.0317280990636621,0.904596013798475,-0.0350743299546868
"vm(ID, ginv)_Nr_503440",-0.437020866672508,0.91332198619879,-0.478495944777779
"vm(ID, ginv)_Nr_500698",-0.515188384451167,0.88515666511416,-0.582030735073008
"vm(ID, ginv)_Nr_502994",-0.695244891525382,0.908335586031155,-0.765405321796493
"vm(ID, ginv)_Nr_502229",0.0311259920360435,0.907166245080465,0.0343112325936275
"vm(ID, ginv)_Nr_503074",0.19880476075841,0.908283702100648,0.21887958607935
"vm(ID, ginv)_Nr_503118",-0.847570087381207,0.911797333970271,-0.92955973416878
"vm(ID, ginv)_Nr_503055",-0.439123426912535,0.916260220276634,-0.479256238778932
"vm(ID, ginv)_Nr_504094",-0.491501436593147,0.896718214499347,-0.548111356104839
"vm(ID, ginv)_Nr_500776",-0.221973235928264,0.915000819958691,-0.242593483072819
"vm(ID, ginv)_Nr_500994",0.185954735210552,0.907945441352292,0.20480827012424
"vm(ID, ginv)_Nr_501382",0.201849476911167,0.904201874235174,0.223234968498493
"vm(ID, ginv)_Nr_501226",-0.466867647658711,0.905572149372643,-0.515549918338528
"vm(ID, ginv)_Nr_502745",0.556106205991826,0.923833255015826,0.601955172075181
"vm(ID, ginv)_Nr_500412",-0.232698668301628,0.900724814176723,-0.258346017162099
"vm(ID, ginv)_Nr_502845",-0.375241174204697,0.903795307607007,-0.415183804392866
"vm(ID, ginv)_Nr_503556",-0.197444165908932,0.898960070931569,-0.219636191076125
"vm(ID, ginv)_Nr_500477",-0.609108103030375,0.898134543849373,-0.678192490425498
"vm(ID, ginv)_Nr_504084",-0.436671860576608,0.906981135822706,-0.481456386830483
"vm(ID, ginv)_Nr_504037",-0.033028139702518,0.900599490376202,-0.0366735047659435
"vm(ID, ginv)_Nr_502372",0.257614416678823,0.918533119299756,0.280462850240191
"vm(ID, ginv)_Nr_503389",-0.643669688502143,0.910166817851863,-0.707199686779731
"vm(ID, ginv)_Nr_501140",-0.0946058552742118,0.909664057926921,-0.104000872025013
"vm(ID, ginv)_Nr_502402",-0.469186303024211,0.914217481224472,-0.513210819810401
"vm(ID, ginv)_Nr_504147",-0.112645726522646,0.908872979635871,-0.12394001037172
"vm(ID, ginv)_Nr_502903",0.0651106118697318,0.890434862357651,0.0731222626406777
"vm(ID, ginv)_Nr_501715",-0.24051484798864,0.912935074848496,-0.263452303033218
"vm(ID, ginv)_Nr_504878",-1.07823907474506,0.911161375316572,-1.18336784674442
"vm(ID, ginv)_Nr_501188",-1.10967492276667,0.901048966029409,-1.23153675838129
"vm(ID, ginv)_Nr_500864",-0.407612586148648,0.904030696913528,-0.450883567936673
"vm(ID, ginv)_Nr_500294",-0.73488188118857,0.874129253542708,-0.840701621882816
"vm(ID, ginv)_Nr_502345",-0.264123310756578,0.912678994910164,-0.289393436497984
"vm(ID, ginv)_Nr_501018",-0.4260445081467,0.912789413685249,-0.466750054020247
"vm(ID, ginv)_Nr_502563",0.0554786085113791,0.904644197376746,0.0613264404638353
"vm(ID, ginv)_Nr_502498",-0.123510511056938,0.904375911141062,-0.136569881545279
"vm(ID, ginv)_Nr_504730",-0.285384449977369,0.904464877318169,-0.315528504350067
"vm(ID, ginv)_Nr_503206",-0.896454672502244,0.900580761330494,-0.995418413311256
"vm(ID, ginv)_Nr_501175",-0.840524178392858,0.907650372576809,-0.926043996441735
"vm(ID, ginv)_Nr_503727",-0.792943405651503,0.898884368990551,-0.882141722568811
"vm(ID, ginv)_Nr_502561",-0.576317277268907,0.907411876653812,-0.635122034543063
"vm(ID, ginv)_Nr_501136",-0.146466382309678,0.902421727402551,-0.162303696666584
"vm(ID, ginv)_Nr_500428",-0.823411176900186,0.903133484306894,-0.911726994080071
"vm(ID, ginv)_Nr_503287",-0.435855330463202,0.913003071248933,-0.477386488817588
"vm(ID, ginv)_Nr_502369",0.540212870709086,0.900926714570803,0.599619105496767
"vm(ID, ginv)_Nr_502975",0.669030328212978,0.909201624715711,0.735843744694331
"vm(ID, ginv)_Nr_503409",-0.0433762443157499,0.911038890839208,-0.0476118470373901
"vm(ID, ginv)_Nr_504229",-0.267372811598605,0.910176969312346,-0.293759148619866
"vm(ID, ginv)_Nr_500746",-0.501275159321445,0.912811916160917,-0.549154924959456
"vm(ID, ginv)_Nr_500661",-0.787792616347718,0.891563228695532,-0.883608241111914
"vm(ID, ginv)_Nr_500876",-0.705358296514191,0.90635904457248,-0.778232755261907
"vm(ID, ginv)_Nr_504104",-0.00566925972591032,0.91123656419426,-0.00622150158221891
"vm(ID, ginv)_Nr_500446",-0.265797521361344,0.903881598230153,-0.294062321748544
"vm(ID, ginv)_Nr_500004",-0.0648986704483273,0.91047132879273,-0.0712803010879891
"vm(ID, ginv)_Nr_501624",-0.26770491202209,0.899968614061087,-0.297460275657923
"vm(ID, ginv)_Nr_500037",-0.89589179883795,0.908756332026225,-0.985843803520366
"vm(ID, ginv)_Nr_502219",-0.0465545963524616,0.906402069582784,-0.0513619704927314
"vm(ID, ginv)_Nr_500792",0.0983613579476148,0.90474161739937,0.108717622861596
"vm(ID, ginv)_Nr_500889",-1.07909357550936,0.925856305886604,-1.16550869573224
"vm(ID, ginv)_Nr_502627",0.416890872957802,0.918305719400652,0.453978303902858
"vm(ID, ginv)_Nr_503199",0.162862303877834,0.902452763474035,0.180466291942957
"vm(ID, ginv)_Nr_500059",0.0251888840359035,0.913648757468688,0.0275695488337232
"vm(ID, ginv)_Nr_504085",0.548281357878098,0.90577057837701,0.605320343767985
"vm(ID, ginv)_Nr_502444",-0.29913048244558,0.895824391725502,-0.333916429613406
"vm(ID, ginv)_Nr_503702",-0.445953778243741,0.922933587051042,-0.483191623428347
"vm(ID, ginv)_Nr_504602",0.0308789187682248,0.907192004128246,0.0340379088745359
"vm(ID, ginv)_Nr_502130",0.0447135502326713,0.911736610528662,0.0490421791955294
"vm(ID, ginv)_Nr_500154",-0.280526257681186,0.91164364291683,-0.307714818022132
"vm(ID, ginv)_Nr_503881",-0.965633207307826,0.91089132774888,-1.06009704768431
"vm(ID, ginv)_Nr_501823",-0.346978968170255,0.910229642913463,-0.38119937190756
"vm(ID, ginv)_Nr_504812",-0.718377436650399,0.912107571037094,-0.787601659564761
"vm(ID, ginv)_Nr_500753",-0.335570857805034,0.904063384435079,-0.371180675583628
"vm(ID, ginv)_Nr_503460",-0.108013110871765,0.914887232193311,-0.118061666040326
"vm(ID, ginv)_Nr_502131",-0.289010023245421,0.913204620942756,-0.316478932122637
"vm(ID, ginv)_Nr_502956",0.356725510351074,0.899782423820752,0.396457522293343
"vm(ID, ginv)_Nr_501725",-0.297527384409663,0.924359174351801,-0.32187421585154
"vm(ID, ginv)_Nr_504192",-0.351722389689541,0.872905666009778,-0.402932875092142
"vm(ID, ginv)_Nr_501472",-0.623515711825196,0.908668254287799,-0.686186304939088
"vm(ID, ginv)_Nr_501385",-1.08434613945212,0.909311901790199,-1.19249086844385
"vm(ID, ginv)_Nr_500565",-0.22536677530371,0.903821134773778,-0.249348866310942
"vm(ID, ginv)_Nr_503456",-1.85429360617247,0.909624196670152,-2.03852713346946
"vm(ID, ginv)_Nr_503176",-0.290433858426082,0.903648234217576,-0.321401456261965
"vm(ID, ginv)_Nr_502488",0.106524666198154,0.908062538812867,0.117309834559872
"vm(ID, ginv)_Nr_502843",-1.49343514110561,0.912646483346469,-1.63637856317544
"vm(ID, ginv)_Nr_501002",-0.241276501344748,0.898399574678685,-0.268562572985457
"vm(ID, ginv)_Nr_502984",-1.01821972580356,0.908709380527763,-1.12051195643232
"vm(ID, ginv)_Nr_504337",-0.501350298545196,0.900606687341441,-0.556680630503827
"vm(ID, ginv)_Nr_504885",-0.216507239818062,0.906939049070708,-0.238723032203658
"vm(ID, ginv)_Nr_502315",-0.554933722230514,0.912692592093816,-0.608018216689407
"vm(ID, ginv)_Nr_501158",1.30035737197894,0.761373943578995,1.70790894926919
"vm(ID, ginv)_Nr_504017",-0.107971083218146,0.902565543841438,-0.119626861400677
"vm(ID, ginv)_Nr_500072",0.0687029547848351,0.911643195885482,0.0753616712052611
"vm(ID, ginv)_Nr_502784",-0.258336400329386,0.899373132983061,-0.287240513258974
"vm(ID, ginv)_Nr_503749",-0.0616735890297734,0.89159065952012,-0.0691725382845171
"vm(ID, ginv)_Nr_503776",-0.360798196943884,0.91445346049685,-0.39455063874749
"vm(ID, ginv)_Nr_502529",-0.145968297759521,0.907655750797735,-0.160819008342348
"vm(ID, ginv)_Nr_502396",0.0856319887955208,0.90706033667737,0.0944060558410009
"vm(ID, ginv)_Nr_501901",0.143317985957028,0.89630592246489,0.159898514965622
"vm(ID, ginv)_Nr_502104",-1.00270527949166,0.903956972627676,-1.10924005218626
"vm(ID, ginv)_Nr_501199",-0.369320306334453,0.911825477366244,-0.405033984574783
"vm(ID, ginv)_Nr_500321",-1.10484223630309,0.911341707470428,-1.21232489114292
"vm(ID, ginv)_Nr_501036",0.097518749496934,0.910374304027227,0.107119400301107
"vm(ID, ginv)_Nr_502466",-0.209690443877648,0.895160770166106,-0.234248920267962
"vm(ID, ginv)_Nr_502141",0.15805921908997,0.904207255265462,0.1748041924786
"vm(ID, ginv)_Nr_501415",-0.238495818466016,0.903866074740704,-0.263861898494679
"vm(ID, ginv)_Nr_502132",-0.555174783809884,0.903338737312832,-0.614580954937643
"vm(ID, ginv)_Nr_502347",0.247040260574202,0.912515205577654,0.270724541425934
"vm(ID, ginv)_Nr_500706",-0.0688539684367162,0.91175915979115,-0.0755177150646757
"vm(ID, ginv)_Nr_503057",-0.240196032543358,0.916656203566982,-0.262035026445775
"vm(ID, ginv)_Nr_502169",-0.411360594120946,0.903395921121564,-0.455349182460601
"vm(ID, ginv)_Nr_503373",-0.844609635119644,0.909887111424668,-0.928257609668945
"vm(ID, ginv)_Nr_500388",0.102926876131057,0.905945619829659,0.113612642832149
"vm(ID, ginv)_Nr_502925",-1.00373923270497,0.898451086988091,-1.11718851169721
"vm(ID, ginv)_Nr_503219",-0.0310361417601044,0.916430978855771,-0.0338663166961633
"vm(ID, ginv)_Nr_501328",-0.414725220847379,0.907236846964309,-0.457130045186198
"vm(ID, ginv)_Nr_504412",-0.764533936407288,0.921912402647209,-0.829291301659442
"vm(ID, ginv)_Nr_501769",-0.429605296692108,0.912953423651793,-0.470566499409901
"vm(ID, ginv)_Nr_501999",0.0114863198039827,0.895888108932392,0.0128211544382152
"vm(ID, ginv)_Nr_502864",-0.343946482716119,0.89652936927265,-0.383642181176018
"vm(ID, ginv)_Nr_500158",-0.753895010987457,0.924671920024185,-0.815310808797718
"vm(ID, ginv)_Nr_504576",-0.134546540918956,0.903821305919505,-0.148864095189784
"vm(ID, ginv)_Nr_504966",0.344903780229487,0.913014683389316,0.377763672922681
"vm(ID, ginv)_Nr_503643",1.14559878694208,0.734647554038435,1.55938555929929
"vm(ID, ginv)_Nr_500607",-0.634641783693156,0.899235058212523,-0.705757385565773
"vm(ID, ginv)_Nr_503968",-0.115320850362042,0.906820181818287,-0.127170582078147
"vm(ID, ginv)_Nr_501120",-0.10790563999044,0.903742359456106,-0.11939867470125
"vm(ID, ginv)_Nr_502140",-0.305811627814124,0.902136711927386,-0.338985902880249
"vm(ID, ginv)_Nr_500420",-0.96871791930719,0.901419064779351,-1.07465878763537
"vm(ID, ginv)_Nr_504539",-0.401738876973998,0.909117723222264,-0.441899730598233
"vm(ID, ginv)_Nr_501958",-0.195909885520892,0.901536475090108,-0.217306665824376
"vm(ID, ginv)_Nr_502686",0.0219407429657853,0.900747372779753,0.0243583757542084
"vm(ID, ginv)_Nr_500520",-0.384839004431949,0.898063983579146,-0.428520697265033
"vm(ID, ginv)_Nr_502455",-0.105645905073704,0.921226710292308,-0.114679593951615
"vm(ID, ginv)_Nr_503187",-0.191408646371147,0.920130498540302,-0.208023369157742
"vm(ID, ginv)_Nr_504426",0.207788843808453,0.905317917214976,0.229520304256954
"vm(ID, ginv)_Nr_501109",-0.682368612610726,0.962121239867778,-0.709233498165473
"vm(ID, ginv)_Nr_502591",-0.789407793601394,0.916928513269823,-0.860926214178156
"vm(ID, ginv)_Nr_500512",0.257776902776228,0.91397703344437,0.282038709227498
"vm(ID, ginv)_Nr_504423",-0.72548902183493,0.914796251935663,-0.793060772056982
"vm(ID, ginv)_Nr_503890",-0.0651603590151068,0.908890793903753,-0.0716921762792187
"vm(ID, ginv)_Nr_504484",0.1624341563673,0.912276714664674,0.178053603425586
"vm(ID, ginv)_Nr_503291",-0.0899130494240735,0.903768822485277,-0.0994867793478661
"vm(ID, ginv)_Nr_501150",-0.626632104484007,0.914378198451547,-0.685309542096669
"vm(ID, ginv)_Nr_503125",-0.298653418484656,0.917653769284954,-0.325453268412301
"vm(ID, ginv)_Nr_504175",0.24580097917037,0.900558311676009,0.272942879970666
"vm(ID, ginv)_Nr_502568",-0.0699536156426928,0.898132532958209,-0.07788785404787
"vm(ID, ginv)_Nr_500996",0.0865745921679557,0.9108193165417,0.0950513352051773
"vm(ID, ginv)_Nr_504378",-0.283513952989532,0.911965304603755,-0.310882389448705
"vm(ID, ginv)_Nr_500024",-0.911520967282243,0.907350530830593,-1.00459627928782
"vm(ID, ginv)_Nr_503302",0.144871108817417,0.904063353799711,0.16024442115537
"vm(ID, ginv)_Nr_502731",-0.751798544256639,0.887681373915073,-0.846923869699857
"vm(ID, ginv)_Nr_502929",-0.100276202192084,0.901311070645777,-0.111255930896575
"vm(ID, ginv)_Nr_500280",0.0731933603125178,0.910071024580552,0.0804259869126724
"vm(ID, ginv)_Nr_501658",-0.286014897436902,0.914035945362552,-0.312914277483315
"vm(ID, ginv)_Nr_503174",-0.423096061688369,0.923013714936457,-0.458385454995646
"vm(ID, ginv)_Nr_503484",0.333362978304635,0.902754572675838,0.369273098574865
"vm(ID, ginv)_Nr_502944",-0.0122814074198806,0.925218278320138,-0.0132740648424923
"vm(ID, ginv)_Nr_501320",-0.339564966175186,0.906194859154994,-0.374715176040418
"vm(ID, ginv)_Nr_500215",0.00173817670185243,0.921519286293522,0.0018862076222448
"vm(ID, ginv)_Nr_504002",-0.820274613753736,0.910756778053801,-0.900651670698057
"vm(ID, ginv)_Nr_501542",0.0363561911981806,0.912353716911909,0.0398487894818222
"vm(ID, ginv)_Nr_502787",0.210333208752882,0.898139470829681,0.234187690870084
"vm(ID, ginv)_Nr_504751",-0.204086339135569,0.903357982552551,-0.225919672020717
"vm(ID, ginv)_Nr_500632",-0.332704954433338,0.90359541164828,-0.368201243769531
"vm(ID, ginv)_Nr_504851",0.0689000409253237,0.897669163423699,0.0767543809375604
"vm(ID, ginv)_Nr_502290",-0.420469800419099,0.905386415934735,-0.464409221321263
"vm(ID, ginv)_Nr_501020",-0.647397225773112,0.911182450695054,-0.710502298721045
"vm(ID, ginv)_Nr_500659",-0.356624027218179,0.909951840644221,-0.391915276489467
"vm(ID, ginv)_Nr_503001",-0.726044372906281,0.907316692334434,-0.800210531824608
"vm(ID, ginv)_Nr_504043",-0.0650306418297777,0.883477714659639,-0.0736075633269718
"vm(ID, ginv)_Nr_503333",-0.221375204864295,0.909743668933634,-0.243337999948691
"vm(ID, ginv)_Nr_502319",-0.440978481416436,0.905284220284707,-0.487116058730981
"vm(ID, ginv)_Nr_502651",2.03361387705267,0.785417872316247,2.58921263283125
"vm(ID, ginv)_Nr_500246",-0.58685564498836,0.905468964269393,-0.648123423492359
"vm(ID, ginv)_Nr_500253",-0.253109705579496,0.8907565288447,-0.28415138972686
"vm(ID, ginv)_Nr_502881",-0.444447611614543,0.890459421391771,-0.499121690374032
"vm(ID, ginv)_Nr_502192",0.075212315991121,0.870123912300002,0.0864386266460739
"vm(ID, ginv)_Nr_501044",-0.254144435842939,0.909913857770714,-0.279306039437175
"vm(ID, ginv)_Nr_503151",-0.161367129159367,0.916697052097032,-0.176031033142546
"vm(ID, ginv)_Nr_504996",-0.287210009132034,0.900750909629278,-0.318856196604055
"vm(ID, ginv)_Nr_503053",-0.550661284732751,0.881177967271237,-0.624914949289978
"vm(ID, ginv)_Nr_503818",-0.844558209005201,0.905692891794727,-0.932499544444496
"vm(ID, ginv)_Nr_502630",-0.594828456477705,0.909673375075751,-0.653892345071847
"vm(ID, ginv)_Nr_504023",-1.00994783593804,0.919249849202262,-1.09866521796494
"vm(ID, ginv)_Nr_500516",-0.141397203703615,0.91310381834483,-0.154853370299035
"vm(ID, ginv)_Nr_500988",-1.04964370391235,0.900457998833077,-1.16567758326607
"vm(ID, ginv)_Nr_503240",-0.0195696315075281,0.901466593580125,-0.0217086596962051
"vm(ID, ginv)_Nr_501419",-0.912480749333375,0.910810566747887,-1.00183373211342
"vm(ID, ginv)_Nr_501965",-0.509501611952106,0.912426442988331,-0.558402944004356
"vm(ID, ginv)_Nr_502484",0.982962615921646,0.895881902394154,1.09720110797503
"vm(ID, ginv)_Nr_500074",-0.327922996754865,0.910941229150474,-0.359982605091527
"vm(ID, ginv)_Nr_502043",-0.212517551905048,0.896169559160168,-0.237139891366323
"vm(ID, ginv)_Nr_502917",1.620798260064,0.741971042123175,2.18444948393947
"vm(ID, ginv)_Nr_500962",0.0640381719217048,0.898753467862875,0.0712522112142496
"vm(ID, ginv)_Nr_501757",-0.234123294792511,0.906558076229224,-0.258255153124148
"vm(ID, ginv)_Nr_502279",-0.0293531954812307,0.917876559778183,-0.0319794586412843
"vm(ID, ginv)_Nr_500769",-0.448175235951843,0.916875306087353,-0.488807183459191
"vm(ID, ginv)_Nr_501259",-0.145772330861516,0.893444579571519,-0.163157664386331
"vm(ID, ginv)_Nr_503973",-1.06453622507459,0.896186448616622,-1.18785128554201
"vm(ID, ginv)_Nr_500262",-0.516504608513154,0.908098226092133,-0.56877614521488
"vm(ID, ginv)_Nr_503688",0.0176361461042997,0.901793888397642,0.019556737222556
"vm(ID, ginv)_Nr_503018",-0.370205986926011,0.899537672268702,-0.411551398389268
"vm(ID, ginv)_Nr_502225",0.0789782532464968,0.887628827507687,0.0889766654697939
"vm(ID, ginv)_Nr_502262",-0.161649132406823,0.916976541280186,-0.17628491583999
"vm(ID, ginv)_Nr_501644",-0.170801516560408,0.904748917465416,-0.188783333434535
"vm(ID, ginv)_Nr_504216",-0.0988903568158086,0.904316210659493,-0.109353736724116
"vm(ID, ginv)_Nr_500584",-0.162881511580519,0.910814388687952,-0.178830630700898
"vm(ID, ginv)_Nr_504858",-0.233496679726769,0.898978643799526,-0.25973551356003
"vm(ID, ginv)_Nr_502904",-0.34226116417227,0.909474130865754,-0.376328641526574
"vm(ID, ginv)_Nr_503732",-0.428034856487951,0.911689808809058,-0.469496151379704
"vm(ID, ginv)_Nr_503274",0.47591322976311,0.90939485157229,0.5233295844377
"vm(ID, ginv)_Nr_501573",1.01547999645701,0.772089147862055,1.31523671750719
"vm(ID, ginv)_Nr_500829",-0.431170712666499,0.905910920907027,-0.475952660152057
"vm(ID, ginv)_Nr_500793",-0.321061737339937,0.904659086981678,-0.35489804055485
"vm(ID, ginv)_Nr_502304",-0.0590047109056753,0.924494020060261,-0.0638237886079882
"vm(ID, ginv)_Nr_500296",-0.564956345736554,0.915394854520156,-0.617172297776024
"vm(ID, ginv)_Nr_504738",0.346848353374955,0.905852495088095,0.382897166211618
"vm(ID, ginv)_Nr_503088",0.038852705634006,0.907231700869093,0.0428255599939757
"vm(ID, ginv)_Nr_501549",-0.242032610978211,0.915215703382715,-0.264454171933062
"vm(ID, ginv)_Nr_502230",-0.108662837080598,0.911982511252842,-0.119150132529759
"vm(ID, ginv)_Nr_503734",-0.682257034373754,0.911951322222143,-0.748128784671647
"vm(ID, ginv)_Nr_502220",-0.315075700954226,0.880049074911822,-0.358020603550769
"vm(ID, ginv)_Nr_504485",-0.281507261800838,0.897795521031679,-0.31355387190766
"vm(ID, ginv)_Nr_500529",-0.257360259255331,0.915879369021112,-0.280997987246286
"vm(ID, ginv)_Nr_501096",-0.335106215529972,0.912983002075812,-0.367045404753489
"vm(ID, ginv)_Nr_503272",-0.676381346846808,0.884046502129286,-0.765097022857619
"vm(ID, ginv)_Nr_500639",-0.871268774541277,0.913642049070018,-0.953621580167122
"vm(ID, ginv)_Nr_500645",-0.286162363123548,0.912685701009779,-0.313538782087791
"vm(ID, ginv)_Nr_502107",-1.00987868777666,0.902983561904764,-1.11837992448767
"vm(ID, ginv)_Nr_504081",-0.299789292361299,0.906060652150045,-0.330871108517859
"vm(ID, ginv)_Nr_503433",-0.202699936816752,0.903202652011856,-0.224423540348607
"vm(ID, ginv)_Nr_503365",0.182034651839956,0.898170262663496,0.202672766408607
"vm(ID, ginv)_Nr_504533",0.889859600450586,0.735900956215068,1.20921109414964
"vm(ID, ginv)_Nr_500630",-0.907990699855597,0.900406462849185,-1.00842312590962
"vm(ID, ginv)_Nr_502660",0.072225743593661,0.903678228710432,0.0799241824125039
"vm(ID, ginv)_Nr_503633",-0.443037325994201,0.912873472262571,-0.48532172251224
"vm(ID, ginv)_Nr_503595",0.067048762481777,0.903005365131447,0.0742506800854024
"vm(ID, ginv)_Nr_502236",-0.414034467068553,0.910386825365102,-0.454789607596209
"vm(ID, ginv)_Nr_502915",0.249613325232868,0.910511186097206,0.274146357611272
"vm(ID, ginv)_Nr_500187",-0.621796426696164,0.913541932145183,-0.680643553204021
"vm(ID, ginv)_Nr_502960",0.0903038508773037,0.912383513200415,0.0989757591744948
"vm(ID, ginv)_Nr_503068",0.146016336133874,0.904950827015867,0.161352784897023
"vm(ID, ginv)_Nr_502495",-0.601379810537025,0.90740447289571,-0.66274724061906
"vm(ID, ginv)_Nr_504554",-0.184982138513624,0.902148266784912,-0.205046271576696
"vm(ID, ginv)_Nr_500831",-0.0495976558027536,0.910102324999411,-0.0544967905699897
"vm(ID, ginv)_Nr_503201",-0.0568319711124238,0.916974677934663,-0.061977688675579
"vm(ID, ginv)_Nr_502103",-0.672469357522097,0.901977958556445,-0.745549656887779
"vm(ID, ginv)_Nr_504185",0.319551181331535,0.909468831858294,0.35136023372962
"vm(ID, ginv)_Nr_500121",-0.427192879271255,0.899007364174252,-0.475182847543897
"vm(ID, ginv)_Nr_502065",-0.670695889503517,0.904253147749753,-0.741712529475351
"vm(ID, ginv)_Nr_504767",-1.14499961019588,0.91219731275877,-1.25521046179477
"vm(ID, ginv)_Nr_503482",-0.829708172047862,0.913882343875446,-0.907893863590107
"vm(ID, ginv)_Nr_502397",0.0150525781167961,0.892528386016491,0.016865097348868
"vm(ID, ginv)_Nr_501429",-0.313482429564171,0.90977901528104,-0.344569861800267
"vm(ID, ginv)_Nr_501439",-1.06984651951872,0.900600083290039,-1.18792629422195
"vm(ID, ginv)_Nr_503065",-0.16075153738329,0.922752280683958,-0.174208767345596
"vm(ID, ginv)_Nr_503294",0.243982029256835,0.916731156889856,0.266143489749579
"vm(ID, ginv)_Nr_501916",-0.463219313740448,0.91388782471754,-0.506866708595902
"vm(ID, ginv)_Nr_502076",-0.312285408950411,0.907386735515114,-0.344159107387799
"vm(ID, ginv)_Nr_500006",0.0553282744240549,0.910272878219236,0.0607820750765347
"vm(ID, ginv)_Nr_503888",0.036463311483883,0.910848938473134,0.0400322270178048
"vm(ID, ginv)_Nr_502101",-0.155580695878054,0.882255445879591,-0.176344273764094
"vm(ID, ginv)_Nr_500757",-0.427549862601637,0.90842299601816,-0.470650637946962
"vm(ID, ginv)_Nr_502854",1.14024094169444,0.796497721317576,1.43156836633285
"vm(ID, ginv)_Nr_502652",0.314343357195257,0.908144435026533,0.346138064685793
"vm(ID, ginv)_Nr_502535",-0.479342081779427,0.92037974784474,-0.520809027906043
"vm(ID, ginv)_Nr_503063",-0.24445962838896,0.905840330428188,-0.269870550225341
"vm(ID, ginv)_Nr_504527",-0.714963185614249,0.907982906978487,-0.787419212541617
"vm(ID, ginv)_Nr_501342",-0.310955352720223,0.919699439021686,-0.338105406534766
"vm(ID, ginv)_Nr_500233",-0.422249078168792,0.912613194292548,-0.462681320859181
"vm(ID, ginv)_Nr_501279",0.630450756867135,0.916396331969506,0.687967350886466
"vm(ID, ginv)_Nr_502677",-0.912480401690578,0.906514146177839,-1.00658153602775
"vm(ID, ginv)_Nr_504840",0.0536210653280498,0.901966281035384,0.0594490797000716
"vm(ID, ginv)_Nr_501701",-0.275116594076588,0.904020965410109,-0.304325457708584
"vm(ID, ginv)_Nr_500943",-0.365855460159319,0.909687349827777,-0.402177143860012
"vm(ID, ginv)_Nr_500691",-0.126532519963513,0.91084447279879,-0.138917810605702
"vm(ID, ginv)_Nr_503684",0.273445171629113,0.913821284331323,0.299232657761089
"vm(ID, ginv)_Nr_504474",-0.204304685713118,0.909330631695124,-0.224675908401177
"vm(ID, ginv)_Nr_503367",-0.483493473680519,0.905252323042221,-0.534098020379197
"vm(ID, ginv)_Nr_504805",-0.953222288819758,0.907205996153619,-1.05072309140508
"vm(ID, ginv)_Nr_502995",-0.760076989419415,0.887642412008109,-0.856287373312747
"vm(ID, ginv)_Nr_501356",-0.322549218623556,0.901299742590787,-0.357871197983911
"vm(ID, ginv)_Nr_501275",-0.198625928910395,0.906920757536322,-0.219011338377532
"vm(ID, ginv)_Nr_502655",0.0154523918822421,0.911566031132358,0.016951478394875
"vm(ID, ginv)_Nr_502713",-0.706404265439602,0.914594474842017,-0.772368831073053
"vm(ID, ginv)_Nr_503469",-0.221632248154696,0.909395766284357,-0.243713745292932
"vm(ID, ginv)_Nr_500423",-0.102210086978697,0.896281249812623,-0.114037961856353
"vm(ID, ginv)_Nr_503397",-0.373745772470905,0.895727452012317,-0.41725389975629
"vm(ID, ginv)_Nr_502171",-0.195262799197301,0.907464291523384,-0.215174085659622
"vm(ID, ginv)_Nr_500442",-0.201633448964427,0.91051549636914,-0.221449771880303
"vm(ID, ginv)_Nr_500443",-0.618505455942958,0.909740735272733,-0.679870024460908
"vm(ID, ginv)_Nr_500069",-1.02176084907167,0.911881701945739,-1.12049715099171
"vm(ID, ginv)_Nr_503937",-0.885578915742122,0.898642264674478,-0.985463237768938
"vm(ID, ginv)_Nr_500785",-0.82062588708305,0.918772412392874,-0.893176455903581
"vm(ID, ginv)_Nr_501919",-0.103010156563697,0.907687380058204,-0.113486381794899
"vm(ID, ginv)_Nr_500863",-0.186852000046644,0.906144539545213,-0.206205513460825
"vm(ID, ginv)_Nr_504382",-0.590985941539013,0.908959479750443,-0.650178533482339
"vm(ID, ginv)_Nr_502936",-0.344935393812181,0.916179006530883,-0.376493448718369
"vm(ID, ginv)_Nr_503448",0.530696429718166,0.760102911092763,0.698190234471289
"vm(ID, ginv)_Nr_502052",0.214109347413284,0.892379367641473,0.239930858082441
"vm(ID, ginv)_Nr_501500",-0.391925710390056,0.903206561720092,-0.433926996327021
"vm(ID, ginv)_Nr_502157",-0.81713718780215,0.916957070082363,-0.891140070198437
"vm(ID, ginv)_Nr_502422",-0.411197553737902,0.90760227727052,-0.453059191273206
"vm(ID, ginv)_Nr_501838",-0.663858242305321,0.901514499810947,-0.736381103625661
"vm(ID, ginv)_Nr_501174",-0.117269397118763,0.912959502985605,-0.128449725026425
"vm(ID, ginv)_Nr_500598",-0.0653115622083014,0.91061093043518,-0.0717227962298773
"vm(ID, ginv)_Nr_503442",-0.0935599763195477,0.904740350182835,-0.103410858486239
"vm(ID, ginv)_Nr_504453",-0.485224320147828,0.909835374854318,-0.533310018007952
"vm(ID, ginv)_Nr_503275",-0.359775591029505,0.911552426033421,-0.394684475357114
"vm(ID, ginv)_Nr_500624",0.155842198480998,0.910191358593872,0.171219158487457
"vm(ID, ginv)_Nr_503666",0.0967640963332325,0.910106765036225,0.106321697684976
"vm(ID, ginv)_Nr_503243",-0.652474988922013,0.914958906394053,-0.713119446526276
"vm(ID, ginv)_Nr_500401",-0.163447448005838,0.904691104315329,-0.180666580257286
"vm(ID, ginv)_Nr_503895",-0.143462102675012,0.903647466714541,-0.158758927523593
"vm(ID, ginv)_Nr_504789",-0.0664067742101083,0.912239483349859,-0.0727953299787619
"vm(ID, ginv)_Nr_500051",0.92633991887577,0.761384217558074,1.21665237801585
"vm(ID, ginv)_Nr_501591",-0.146592929618638,0.881359497042785,-0.166325920479101
"vm(ID, ginv)_Nr_503606",-0.306322985319607,0.908758497746046,-0.337078537454524
"vm(ID, ginv)_Nr_502522",-0.318392685637169,0.914226312207974,-0.348264627024582
"vm(ID, ginv)_Nr_500700",-0.0857559060437472,0.901045946732849,-0.0951737326544714
"vm(ID, ginv)_Nr_501617",-0.426501099256367,0.915506029120051,-0.465863779910115
"vm(ID, ginv)_Nr_503863",0.162699049964737,0.900901956893504,0.180595733775245
"vm(ID, ginv)_Nr_501667",0.372491990061545,0.891209905168665,0.417962129798198
"vm(ID, ginv)_Nr_501918",-0.232188021753727,0.911970825230074,-0.254600273747956
"vm(ID, ginv)_Nr_501336",0.324660022542349,0.908690159319061,0.35728352421648
"vm(ID, ginv)_Nr_501991",-0.37010399268369,0.909250155605607,-0.407043089739349
"vm(ID, ginv)_Nr_500867",-0.46664443649473,0.904715301430498,-0.515791471368828
"vm(ID, ginv)_Nr_502614",-0.390236909019208,0.914276236111781,-0.426826044039819
"vm(ID, ginv)_Nr_500336",1.17684994810258,0.757868851644876,1.55284116182945
"vm(ID, ginv)_Nr_501388",-0.216984816039029,0.911423254319238,-0.238072503648263
"vm(ID, ginv)_Nr_500505",-0.689512939891915,0.911598015588282,-0.756378280888371
"vm(ID, ginv)_Nr_501896",-0.383099365354641,0.90746751292446,-0.422163173775821
"vm(ID, ginv)_Nr_502862",-0.49192483844266,0.900641088052449,-0.546194088819998
"vm(ID, ginv)_Nr_502198",-0.696427683001346,0.913409758697395,-0.762448261987604
"vm(ID, ginv)_Nr_503528",-0.0357234095106165,0.901890693849812,-0.0396094668170125
"vm(ID, ginv)_Nr_504970",-0.594672629515501,0.915815510656905,-0.649336708753654
"vm(ID, ginv)_Nr_503022",-0.0821620703300218,0.892415449610829,-0.0920670640180553
"vm(ID, ginv)_Nr_504985",-0.316597213530321,0.905025642208769,-0.349821263359618
"vm(ID, ginv)_Nr_500382",-0.215216916435029,0.909127267927373,-0.236729140162829
"vm(ID, ginv)_Nr_502251",-0.228103438904716,0.900473974086624,-0.253314860250223
"vm(ID, ginv)_Nr_500466",-0.791353226881975,0.90507510354707,-0.874350895058975
"vm(ID, ginv)_Nr_503897",-0.448925820135183,0.909336230980377,-0.493685179189645
"vm(ID, ginv)_Nr_502363",-0.0795901030158414,0.901912882296786,-0.088245887799229
"vm(ID, ginv)_Nr_503194",-0.630905517757235,0.911952586482702,-0.691818332563283
"vm(ID, ginv)_Nr_501277",-0.131974402015361,0.911708516651049,-0.144755039143583
"vm(ID, ginv)_Nr_504687",-0.218290269511995,0.905344784336411,-0.241112859198714
"vm(ID, ginv)_Nr_501703",0.374715525325991,0.908989964803128,0.412232851665362
"vm(ID, ginv)_Nr_500730",-0.106779882235271,0.905959411722191,-0.117863869897093
"vm(ID, ginv)_Nr_501737",-0.186736868993459,0.912887703017408,-0.204556232246562
"vm(ID, ginv)_Nr_503981",-0.0931602707760333,0.910452844268319,-0.102323004823936
"vm(ID, ginv)_Nr_500473",-0.641278798432829,0.913519110779589,-0.701987282877495
"vm(ID, ginv)_Nr_500975",-1.09205697619117,0.896186805298724,-1.21855953438988
"vm(ID, ginv)_Nr_502550",-0.319479165281127,0.912183510462826,-0.350235628704831
"vm(ID, ginv)_Nr_500536",-0.556891251341815,0.904183352550971,-0.615905225163303
"vm(ID, ginv)_Nr_501451",0.222770562737868,0.924221411596425,0.241035924879811
"vm(ID, ginv)_Nr_500791",-0.023611237643035,0.910680300832375,-0.025927032375087
"vm(ID, ginv)_Nr_502832",0.133968171295814,0.908691366493267,0.147429783351867
"vm(ID, ginv)_Nr_504882",0.374607379841472,0.891142834614491,0.420367381401352
"vm(ID, ginv)_Nr_504292",-0.361976219607571,0.900940763835821,-0.401775826044801
"vm(ID, ginv)_Nr_500906",-0.220672810778277,0.900601510975241,-0.245028248441773
"vm(ID, ginv)_Nr_501014",-0.451939131296831,0.906253963343637,-0.498689274283993
"vm(ID, ginv)_Nr_501397",-0.286936842453908,0.91449831297933,-0.313764211897888
"vm(ID, ginv)_Nr_502429",0.304945626288768,0.910624323266037,0.334875336071688
"vm(ID, ginv)_Nr_501304",-0.156829641023696,0.907841448449205,-0.172750033931141
"vm(ID, ginv)_Nr_501309",-0.629400719561033,0.912420767561404,-0.689814109824803
"vm(ID, ginv)_Nr_501490",-0.411665050783528,0.916408033189421,-0.44921589060147
"vm(ID, ginv)_Nr_501939",-1.08994083896238,0.90306676623611,-1.20693273156883
"vm(ID, ginv)_Nr_502950",-0.274553131569173,0.922230877386853,-0.297705420953939
"vm(ID, ginv)_Nr_500702",0.272976000646289,0.891666761096918,0.306141276714719
"vm(ID, ginv)_Nr_501850",0.297493663898334,0.918329146071407,0.323951020362368
"vm(ID, ginv)_Nr_502948",-0.499677616966343,0.90745100937806,-0.550638670079619
"vm(ID, ginv)_Nr_503445",0.902952052842631,0.795362453651752,1.13527115681272
"vm(ID, ginv)_Nr_502176",-0.1891570008117,0.902969785305586,-0.20948320075592
"vm(ID, ginv)_Nr_501159",-0.129202231396672,0.913095860034287,-0.141499087940034
"vm(ID, ginv)_Nr_500147",0.0702302223374857,0.908039684471129,0.0773426795530308
"vm(ID, ginv)_Nr_501118",0.263449405786262,0.904527112605065,0.291256505321902
"vm(ID, ginv)_Nr_500153",0.0765187008912826,0.911677779947384,0.0839317383557365
"vm(ID, ginv)_Nr_504201",-0.416218939179606,0.904252164421006,-0.460290785641759
"vm(ID, ginv)_Nr_502340",-0.15297507323297,0.907593295481724,-0.168550246012753
"vm(ID, ginv)_Nr_503758",-0.540698981708795,0.906458136491447,-0.596496363088134
"vm(ID, ginv)_Nr_500575",-0.141466019520677,0.9023081860446,-0.15678237403654
"vm(ID, ginv)_Nr_502765",-0.0904565178409096,0.905487411667124,-0.0998981506262655
"vm(ID, ginv)_Nr_500957",-0.589849027581541,0.906134721836541,-0.650950695704545
"vm(ID, ginv)_Nr_503767",0.0243908646033582,0.910306596183195,0.0267941204706482
"vm(ID, ginv)_Nr_503233",-0.625136864612072,0.91170892037979,-0.685675933006841
"vm(ID, ginv)_Nr_500318",-0.488637332450713,0.912805840128919,-0.535313547491876
"vm(ID, ginv)_Nr_503220",-0.663405362120914,0.910143801781305,-0.728901697536717
"vm(ID, ginv)_Nr_502890",-0.434694265664843,0.920282894037035,-0.472348522917725
"vm(ID, ginv)_Nr_500543",-0.861301523365148,0.885242259461151,-0.972955723882211
"vm(ID, ginv)_Nr_503305",0.198546800059014,0.918562222072264,0.216149538145706
"vm(ID, ginv)_Nr_502487",-0.53900586375966,0.907562341794165,-0.593905056366812
"vm(ID, ginv)_Nr_503331",0.789911001271249,0.780255808958434,1.01237439337453
"vm(ID, ginv)_Nr_501979",-0.0189138780581293,0.905113624296498,-0.020896689156381
"vm(ID, ginv)_Nr_501256",0.00548481756550674,0.903925136150311,0.00606777856501015
"vm(ID, ginv)_Nr_501198",-1.27684691291297,0.912172451617477,-1.3997867515609
"vm(ID, ginv)_Nr_500257",0.15501321334601,0.920270036978971,0.168443182019575
"vm(ID, ginv)_Nr_501324",-0.681288915009606,0.902624068625971,-0.754787002352714
"vm(ID, ginv)_Nr_504747",-0.632782832727856,0.907678043233617,-0.697144584960496
"vm(ID, ginv)_Nr_502822",-0.290636317519958,0.911352633385081,-0.318906542729167
"vm(ID, ginv)_Nr_503512",-0.601576030092589,0.901014541538409,-0.667665173378275
"vm(ID, ginv)_Nr_500319",-0.117685356728445,0.904147577071975,-0.13016166797633
"vm(ID, ginv)_Nr_500635",-0.250299160530354,0.909046195111584,-0.275342619414001
"vm(ID, ginv)_Nr_500860",-0.231985628785973,0.903687097985045,-0.256710125997408
"vm(ID, ginv)_Nr_502692",-0.40252169839858,0.908655674198562,-0.44298595147563
"vm(ID, ginv)_Nr_500272",-1.00784412719313,0.900232341319405,-1.1195377914506
"vm(ID, ginv)_Nr_503583",-0.494012876652965,0.912131089703497,-0.541602936496279
"vm(ID, ginv)_Nr_504902",-0.269456211947499,0.909246040878153,-0.296351262291181
"vm(ID, ginv)_Nr_504598",-0.608299456449635,0.91400604171946,-0.665531111047451
"vm(ID, ginv)_Nr_501763",-0.243418467392629,0.921359924662123,-0.264194763497983
"vm(ID, ginv)_Nr_500320",-0.748745647380372,0.908636380892093,-0.824032212583496
"vm(ID, ginv)_Nr_503043",-0.336608783682349,0.906644034635748,-0.371268955425912
"vm(ID, ginv)_Nr_501251",-0.183441585995817,0.905375599495024,-0.202613794869369
"vm(ID, ginv)_Nr_504347",-0.866266654330316,0.912386112108401,-0.949451819612303
"vm(ID, ginv)_Nr_501805",-0.439280233087489,0.915418596528181,-0.4798681551298
"vm(ID, ginv)_Nr_501373",-0.123979453089827,0.897687389861981,-0.138109830315082
"vm(ID, ginv)_Nr_501013",-0.551250949261406,0.904670271765477,-0.60933907796664
"vm(ID, ginv)_Nr_500169",-0.579989324547611,0.907501845208053,-0.639105394231615
"vm(ID, ginv)_Nr_503285",-1.1367606421983,0.900900984484024,-1.26180419577337
"vm(ID, ginv)_Nr_502293",-0.386815701182799,0.913480294277931,-0.423452704569354
"vm(ID, ginv)_Nr_502733",-0.608235273915912,0.907527865407697,-0.670211127503693
"vm(ID, ginv)_Nr_502628",-0.402020031094882,0.913294105731564,-0.440186823249951
"vm(ID, ginv)_Nr_502331",-0.655824710010448,0.902928338678578,-0.726330852535028
"vm(ID, ginv)_Nr_501219",0.237019616761556,0.900073200243898,0.263333711855135
"vm(ID, ginv)_Nr_503678",0.0295606215214738,0.915735664991986,0.0322807362993037
"vm(ID, ginv)_Nr_502619",-0.146351926912585,0.910132871121081,-0.160802814134503
"vm(ID, ginv)_Nr_500077",-0.35795251578553,0.904163383546015,-0.395893620887062
"vm(ID, ginv)_Nr_503122",0.176699139908318,0.907273054084716,0.194758500886568
"vm(ID, ginv)_Nr_500201",0.102309458356755,0.907067000131541,0.112791511919096
"vm(ID, ginv)_Nr_503774",-0.0211677874418627,0.91833980510539,-0.0230500598190159
"vm(ID, ginv)_Nr_504219",-0.158161249355566,0.906757560963627,-0.174425068137822
"vm(ID, ginv)_Nr_501180",0.208381076254759,0.907794506137032,0.229546527155678
"vm(ID, ginv)_Nr_502028",-0.22114372353022,0.913407298661203,-0.242108557545308
"vm(ID, ginv)_Nr_501548",0.204373328047281,0.911500422521716,0.224216383226539
"vm(ID, ginv)_Nr_504028",-0.290532877849204,0.910196763451557,-0.319197880629101
"vm(ID, ginv)_Nr_501977",-0.50957703178749,0.918872804716832,-0.554567540982483
"vm(ID, ginv)_Nr_503945",-0.0655567992230352,0.919579840951703,-0.0712899481954589
"vm(ID, ginv)_Nr_504933",0.793504315256171,0.764286093801958,1.03822942964835
"vm(ID, ginv)_Nr_503488",-1.10930123454952,0.911578478260189,-1.21690151863469
"vm(ID, ginv)_Nr_502004",-0.365832749274824,0.905621631794603,-0.403957609261034
"vm(ID, ginv)_Nr_503681",0.546349219347971,0.903807612950461,0.60449725308733
"vm(ID, ginv)_Nr_504642",-0.703130644591902,0.907025578020209,-0.775204869223915
"vm(ID, ginv)_Nr_501186",-0.509294228381683,0.907153413627611,-0.561420175166479
"vm(ID, ginv)_Nr_504328",-0.296000689276919,0.916878528518076,-0.322835228517497
"vm(ID, ginv)_Nr_504650",0.105548729823646,0.9122810254357,0.11569760510281
"vm(ID, ginv)_Nr_502807",-0.68650436348869,0.897874998412542,-0.764587904443761
"vm(ID, ginv)_Nr_504040",-0.557519090700764,0.906531101622254,-0.615002717174373
"vm(ID, ginv)_Nr_501523",0.48568520578797,0.878533008452687,0.552836605016562
"vm(ID, ginv)_Nr_500454",-0.360137917291453,0.909723211538574,-0.395876364067228
"vm(ID, ginv)_Nr_503553",2.08594050510784,0.75006354952422,2.78101836361865
"vm(ID, ginv)_Nr_504661",-0.519035038689053,0.91531563555534,-0.567055798597982
"vm(ID, ginv)_Nr_501396",-0.530521336439223,0.911123494352146,-0.582271601739838
"vm(ID, ginv)_Nr_504168",-1.0250193668329,0.897529805238679,-1.14204493360565
"vm(ID, ginv)_Nr_501165",-0.647845040771032,0.902742389108766,-0.717641099594999
"vm(ID, ginv)_Nr_503594",-0.162547292932678,0.907073697421154,-0.179199654223032
"vm(ID, ginv)_Nr_504923",-0.31432615264593,0.907352849018374,-0.34642107862006
"vm(ID, ginv)_Nr_501765",-0.498337052820726,0.911699318380636,-0.546602418992562
"vm(ID, ginv)_Nr_502395",-0.374706725932017,0.910350846580319,-0.411606939609692
"vm(ID, ginv)_Nr_500001",-0.122041720337164,0.918399684626075,-0.13288519408285
"vm(ID, ginv)_Nr_501089",-0.501154719572468,0.918723045958059,-0.545490528160046
"vm(ID, ginv)_Nr_503605",0.201528575645923,0.914139570848827,0.220457118445045
"vm(ID, ginv)_Nr_502613",-0.529454511542315,0.89604187765748,-0.590881436174018
"vm(ID, ginv)_Nr_501119",-0.724278626604614,0.915993091018037,-0.790703154539789
"vm(ID, ginv)_Nr_500558",-1.39415616789809,0.911309828282836,-1.52983773973455
"vm(ID, ginv)_Nr_504041",-0.041111759762414,0.911938454887669,-0.0450817262306129
"vm(ID, ginv)_Nr_501021",-0.0353868574091763,0.905048129540369,-0.0390994205215888
"vm(ID, ginv)_Nr_504310",0.00759000868051415,0.91119047114145,0.00832977178855495
"vm(ID, ginv)_Nr_501317",0.125396530451415,0.890001919089374,0.140894674226902
"vm(ID, ginv)_Nr_503855",0.062424670109559,0.898411070689252,0.0694834159397295
"vm(ID, ginv)_Nr_501173",-0.559641880375337,0.903005391381881,-0.619754749768337
"vm(ID, ginv)_Nr_502571",0.158154822264904,0.91378196344181,0.173077198491865
"vm(ID, ginv)_Nr_501225",-0.630494170917512,0.895434921407864,-0.70412059642057
"vm(ID, ginv)_Nr_501222",-0.536587362126859,0.900231520310509,-0.596054848137042
"vm(ID, ginv)_Nr_504307",0.0579202828891835,0.903804761228893,0.0640849499513921
"vm(ID, ginv)_Nr_502815",-0.860615627111602,0.909303269978778,-0.946456100539138
"vm(ID, ginv)_Nr_500297",-0.653074387113036,0.908012757202493,-0.719234814635315
"vm(ID, ginv)_Nr_501614",-0.676583849881689,0.911176565671234,-0.74253868610336
"vm(ID, ginv)_Nr_502102",0.0333961993644567,0.916342119594705,0.0364451209328103
"vm(ID, ginv)_Nr_503549",-0.53203640651177,0.906285242506404,-0.58705182602376
"vm(ID, ginv)_Nr_503750",-1.10428314287535,0.919051404144675,-1.20154665766825
"vm(ID, ginv)_Nr_504654",-0.762881162693012,0.889919330317739,-0.857247546719354
"vm(ID, ginv)_Nr_504703",-0.452423258967896,0.903141686133682,-0.500943834078465
"vm(ID, ginv)_Nr_504243",-0.131779948671102,0.906397010651599,-0.145388772383932
"vm(ID, ginv)_Nr_501870",-0.708280009847477,0.912740500058145,-0.775992749091726
"vm(ID, ginv)_Nr_501206",0.200833692597214,0.899880184865841,0.223178258589121
"vm(ID, ginv)_Nr_500316",-1.41994760395296,0.916654345427852,-1.54905457115375
"vm(ID, ginv)_Nr_502172",-0.429989727701492,0.904697045271647,-0.475285876027574
"vm(ID, ginv)_Nr_500275",-0.439003369034923,0.916779796516068,-0.478853668790713
"vm(ID, ginv)_Nr_503191",0.0761548628873402,0.901979741341121,0.0844307908447126
"vm(ID, ginv)_Nr_504145",-0.902438895932517,0.925881084705922,-0.974681209973253
"vm(ID, ginv)_Nr_503845",-0.124581860007417,0.909539364692451,-0.136972477325973
"vm(ID, ginv)_Nr_501299",-0.215964696959333,0.903944320352445,-0.238913716361566
"vm(ID, ginv)_Nr_501270",-1.191887799871,0.914566404075106,-1.30322718455457
"vm(ID, ginv)_Nr_504169",0.168825272370644,0.909373694627129,0.185650050543707
"vm(ID, ginv)_Nr_500108",-0.723761497004329,0.903827603268504,-0.80077383605789
"vm(ID, ginv)_Nr_503555",-0.82711289428927,0.905634243429132,-0.913296841733209
"vm(ID, ginv)_Nr_504621",-0.387124930425274,0.921931783081389,-0.419906263705737
"vm(ID, ginv)_Nr_500597",-0.103339803153857,0.896147183460211,-0.115315659147463
"vm(ID, ginv)_Nr_500997",-0.522898546949046,0.914697733076926,-0.571662668486214
"vm(ID, ginv)_Nr_501571",-0.213909768280166,0.91227208554663,-0.234480229823093
"vm(ID, ginv)_Nr_503806",-0.331421968637298,0.913136380991226,-0.362949035364831
"vm(ID, ginv)_Nr_504961",-1.46974769318794,0.908952062607888,-1.61696942407619
"vm(ID, ginv)_Nr_503864",-0.585101438936789,0.897231258500312,-0.652118875032023
"vm(ID, ginv)_Nr_502853",-0.390082325000912,0.903652988239301,-0.431672699673088
"vm(ID, ginv)_Nr_504962",-0.171810211709418,0.896525329713881,-0.191640108778912
"vm(ID, ginv)_Nr_504224",0.229308268476797,0.897757016630273,0.255423532458152
"vm(ID, ginv)_Nr_503197",-0.492641267619847,0.915084985709491,-0.538355754179365
"vm(ID, ginv)_Nr_504768",-0.76949142729856,0.90797370428945,-0.847482062160311
"vm(ID, ginv)_Nr_501447",0.147704087125685,0.908596784614763,0.162562854752244
"vm(ID, ginv)_Nr_504704",-0.338213364954013,0.910569654621935,-0.371430525097432
"vm(ID, ginv)_Nr_503120",-0.451105649078541,0.914355079216868,-0.49335937354327
"vm(ID, ginv)_Nr_504471",-0.597943793368765,0.917447521764649,-0.651747134504936
"vm(ID, ginv)_Nr_504309",0.0649122948359608,0.905966386177994,0.0716497828465874
"vm(ID, ginv)_Nr_500890",0.104303044111448,0.908268950014443,0.114837179130465
"vm(ID, ginv)_Nr_504144",-0.257254779600236,0.905473219457225,-0.284110864984438
"vm(ID, ginv)_Nr_500674",-0.00845087690401004,0.904216200586197,-0.00934607995137822
"vm(ID, ginv)_Nr_501260",-0.0180348231112323,0.913418726014575,-0.0197443106842376
"vm(ID, ginv)_Nr_504006",-0.0588885543182496,0.903464550136476,-0.0651808134689446
"vm(ID, ginv)_Nr_501552",-0.665846638390192,0.914642478598215,-0.727985692738294
"vm(ID, ginv)_Nr_501331",-0.00677484474811724,0.910425373109134,-0.00744140590566024
"vm(ID, ginv)_Nr_501255",-0.544254580742364,0.901022780578006,-0.604040866084678
"vm(ID, ginv)_Nr_503144",-0.192504244191671,0.904406420186265,-0.212851479041938
"vm(ID, ginv)_Nr_502802",-0.534908754820809,0.903237508565455,-0.592212734467111
"vm(ID, ginv)_Nr_502999",0.0837862764197983,0.906802919937227,0.0923974488586763
"vm(ID, ginv)_Nr_504793",-0.215856055594156,0.911372598293955,-0.236847208263918
"vm(ID, ginv)_Nr_504396",-0.723574150369284,0.91527905602006,-0.790550319719569
"vm(ID, ginv)_Nr_504322",-0.124912354930019,0.914425572813277,-0.136601992161834
"vm(ID, ginv)_Nr_502438",-0.651808387119119,0.912730343920327,-0.714130292107409
"vm(ID, ginv)_Nr_504148",-0.85557376271449,0.89933322697931,-0.951342324566613
"vm(ID, ginv)_Nr_504942",-0.385967153370746,0.909393518729098,-0.424422590904481
"vm(ID, ginv)_Nr_502226",0.0672861065349541,0.899745016085205,0.0747835279240737
"vm(ID, ginv)_Nr_502179",-0.246709071349535,0.909550692292388,-0.271242794316105
"vm(ID, ginv)_Nr_500849",-0.512467091825447,0.91048866551462,-0.562848403539208
"vm(ID, ginv)_Nr_502599",0.165428110037486,0.914025969351375,0.180988413441775
"vm(ID, ginv)_Nr_500720",-1.00347496108755,0.909289476091371,-1.10358140886116
"vm(ID, ginv)_Nr_503357",-0.369353458743017,0.916708341308966,-0.402912728180937
"vm(ID, ginv)_Nr_502342",-0.715104318022955,0.911164694695275,-0.784824436445171
"vm(ID, ginv)_Nr_500989",-0.542514252949047,0.91212230184426,-0.594782357423028
"vm(ID, ginv)_Nr_504691",-0.193747111655457,0.921913026175941,-0.210157689667444
"vm(ID, ginv)_Nr_502408",-0.494113698580194,0.913884462722,-0.540674142887251
"vm(ID, ginv)_Nr_501132",-0.22216532309656,0.908583018329495,-0.244518462941371
"vm(ID, ginv)_Nr_502701",0.0189270321124989,0.907210054971639,0.020862899401055
"vm(ID, ginv)_Nr_500839",-0.437471071058412,0.918212497230731,-0.476437722616275
"vm(ID, ginv)_Nr_504787",-0.233964780660028,0.906910651465379,-0.257979967797257
"vm(ID, ginv)_Nr_504442",-0.653821461359466,0.89885626189417,-0.727392675645003
"vm(ID, ginv)_Nr_504995",-0.531919620976423,0.90685441016449,-0.586554594667451
"vm(ID, ginv)_Nr_501943",-0.435008018236804,0.900191067019949,-0.48323965230724
"vm(ID, ginv)_Nr_504275",0.917576527518303,0.758626840481701,1.2095228886651
"vm(ID, ginv)_Nr_504955",-0.646300106834885,0.900869615096819,-0.717418032536734
"vm(ID, ginv)_Nr_501204",-0.535083856293177,0.907248017886876,-0.589787848244047
"vm(ID, ginv)_Nr_502839",-0.420646476876209,0.908280893874104,-0.46312377559988
"vm(ID, ginv)_Nr_502708",-0.399079087459501,0.907531222526755,-0.43974144090424
"vm(ID, ginv)_Nr_502912",-0.150414717308948,0.896675441054563,-0.167747113863237
"vm(ID, ginv)_Nr_504122",-0.810529312929908,0.913652228822987,-0.887131106738581
"vm(ID, ginv)_Nr_501130",-0.229034572340915,0.903514777541181,-0.253492890248246
"vm(ID, ginv)_Nr_503158",-0.482842733488312,0.906186048567566,-0.532829582017463
"vm(ID, ginv)_Nr_502668",-0.676674020218127,0.913036933589944,-0.741124477360989
"vm(ID, ginv)_Nr_501296",-0.628449297233603,0.900760294831665,-0.697687609944051
"vm(ID, ginv)_Nr_504234",-1.12533241948404,0.876273311006532,-1.28422537277945
"vm(ID, ginv)_Nr_501606",-0.841324637339861,0.916526920690523,-0.917948636692522
"vm(ID, ginv)_Nr_503573",-0.588672197692956,0.919345282975974,-0.640316765195542
"vm(ID, ginv)_Nr_501651",-0.503086460273699,0.901970489904749,-0.557763769329999
"vm(ID, ginv)_Nr_504928",-0.680034006068271,0.915413684172543,-0.74287070187613
"vm(ID, ginv)_Nr_504029",-0.435338397632303,0.906139088690569,-0.480432201927626
"vm(ID, ginv)_Nr_502431",-0.472167660720684,0.907895818962358,-0.520068107880846
"vm(ID, ginv)_Nr_500266",-0.26993110124881,0.915692334826967,-0.294783619980632
"vm(ID, ginv)_Nr_501135",-0.205503773691077,0.916074765760931,-0.224330787586292
"vm(ID, ginv)_Nr_504604",-0.261917952585354,0.913043178314071,-0.286862613736389
"vm(ID, ginv)_Nr_503733",-0.502895138038424,0.91254637583876,-0.551089951539385
"vm(ID, ginv)_Nr_504505",-0.110688897254831,0.908259227681017,-0.121869279035506
"vm(ID, ginv)_Nr_500752",0.243789211042794,0.910129890327292,0.267861998197998
"vm(ID, ginv)_Nr_500183",-0.289351876965586,0.903793520635081,-0.320152634821129
"vm(ID, ginv)_Nr_502166",-1.07396721707534,0.904192650011431,-1.18776371060057
"vm(ID, ginv)_Nr_501683",-0.214327955208963,0.899894427324522,-0.238170110516388
"vm(ID, ginv)_Nr_504860",0.0671642267609326,0.906747401952609,0.0740715954810565
"vm(ID, ginv)_Nr_503359",-0.420339244981464,0.907612964755857,-0.463126091521327
"vm(ID, ginv)_Nr_502415",-0.274525887088312,0.893254181545764,-0.307332327975502
"vm(ID, ginv)_Nr_503256",-0.658976073246794,0.907381192596353,-0.726239510608788
"vm(ID, ginv)_Nr_501517",-0.807455516688443,0.913597712345365,-0.883819547463143
"vm(ID, ginv)_Nr_504404",-0.590426280539702,0.907238246555064,-0.650795182832789
"vm(ID, ginv)_Nr_501843",-0.615939798855927,0.908401408293062,-0.678048044876232
"vm(ID, ginv)_Nr_500112",-0.903899537239177,0.902975523100197,-1.00102329920949
"vm(ID, ginv)_Nr_503399",-0.637871167979165,0.911581598822268,-0.69974116283531
"vm(ID, ginv)_Nr_500367",-0.901031339289333,0.915554440667548,-0.984137369955165
"vm(ID, ginv)_Nr_501191",-0.131483366656161,0.902963638278452,-0.145613135548671
"vm(ID, ginv)_Nr_503162",-0.76621400020028,0.908641646026935,-0.843252126457746
"vm(ID, ginv)_Nr_501892",-0.0850272332404387,0.905453472053436,-0.0939056902036163
"vm(ID, ginv)_Nr_503558",-0.59941351594867,0.899860951365143,-0.666117931930843
"vm(ID, ginv)_Nr_504097",-0.684557905299187,0.911050456372634,-0.751394064413038
"vm(ID, ginv)_Nr_500740",-0.25217716708383,0.907612302658898,-0.277846792452089
"vm(ID, ginv)_Nr_503658",-0.490792459175049,0.910430599717391,-0.539077288622985
"vm(ID, ginv)_Nr_503416",-0.735419468519616,0.899733952652244,-0.817374365335153
"vm(ID, ginv)_Nr_504911",-0.227858412540659,0.914458646812939,-0.249173008899625
"vm(ID, ginv)_Nr_504142",-0.414079705827374,0.910935404912487,-0.45456538805532
"vm(ID, ginv)_Nr_503375",0.145216618313642,0.910153980110053,0.159551703873319
"vm(ID, ginv)_Nr_501836",-1.15639093767612,0.907261345518827,-1.27459517964454
"vm(ID, ginv)_Nr_500657",-0.301695616514581,0.906194318454783,-0.332925963417012
"vm(ID, ginv)_Nr_503048",0.146811586976269,0.91232392914975,0.160920460688882
"vm(ID, ginv)_Nr_501162",-0.311188705011902,0.911026952963221,-0.341580129983778
"vm(ID, ginv)_Nr_501151",0.425022544322162,0.914684442387647,0.464665762995492
"vm(ID, ginv)_Nr_501458",-0.359600305271025,0.923879589478403,-0.389228541647993
"vm(ID, ginv)_Nr_501600",-0.707265318376549,0.909699294891405,-0.777471547299571
"vm(ID, ginv)_Nr_502476",-1.08456843288041,0.894984896642819,-1.21182875481892
"vm(ID, ginv)_Nr_503757",-0.505272426497244,0.917397505645644,-0.550767168416971
"vm(ID, ginv)_Nr_503132",-0.358806349718383,0.912982642178385,-0.393004568917398
"vm(ID, ginv)_Nr_503140",0.339103502362244,0.905921826129115,0.374318724399421
"vm(ID, ginv)_Nr_502584",-0.0473367792823686,0.903227841824986,-0.0524084589628281
"vm(ID, ginv)_Nr_501305",-0.810980599970629,0.955577905093961,-0.848680778037544
"vm(ID, ginv)_Nr_503800",-0.627344144380767,0.919892868128441,-0.681975223546547
"vm(ID, ginv)_Nr_504630",0.656843345531773,0.791966959446933,0.829382258560985
"vm(ID, ginv)_Nr_504261",-0.317252830903475,0.895071463391822,-0.354444135333355
"vm(ID, ginv)_Nr_503421",-0.735622542950578,0.915895937546884,-0.803172623432366
"vm(ID, ginv)_Nr_503847",-0.0177373248985831,0.909413616590157,-0.0195041338451574
"vm(ID, ginv)_Nr_501551",-0.172496286156626,0.934568975774909,-0.184573092653325
"vm(ID, ginv)_Nr_501946",-0.341801186956634,0.911695677744911,-0.37490710475022
"vm(ID, ginv)_Nr_504940",-0.0852321871010306,0.903096049019079,-0.0943777654587325
"vm(ID, ginv)_Nr_501154",-0.793502532357851,0.89554765854171,-0.886052824536411
"vm(ID, ginv)_Nr_502867",-0.247428819644063,0.892627095013578,-0.277191697435869
"vm(ID, ginv)_Nr_500816",-0.420831605267886,0.910686225154024,-0.462103843941102
"vm(ID, ginv)_Nr_501327",-0.316223626142579,0.914737365597267,-0.345698818082177
"vm(ID, ginv)_Nr_500448",0.0200278575006481,0.919164721417882,0.021789192985729
"vm(ID, ginv)_Nr_502850",0.246636265000121,0.907253358069185,0.271849382321396
"vm(ID, ginv)_Nr_501183",-0.66613286619031,0.902309514745042,-0.738253177324118
"vm(ID, ginv)_Nr_503768",0.126725828635092,0.904553005956902,0.140097736451644
"vm(ID, ginv)_Nr_504572",0.0571054306168469,0.881723709544413,0.0647656743248441
"vm(ID, ginv)_Nr_501935",0.0522753080664664,0.898922942325238,0.0581532694351379
"vm(ID, ginv)_Nr_500249",-0.629539674072295,0.913839309917661,-0.688895374974641
"vm(ID, ginv)_Nr_500809",-0.590774862731474,0.904247980228178,-0.653332797693834
"vm(ID, ginv)_Nr_501536",-0.349062561490631,0.904581064072075,-0.38588311800303
"vm(ID, ginv)_Nr_500274",0.131132557412435,0.908776395686177,0.144295734390662
"vm(ID, ginv)_Nr_500715",0.0787958934063216,0.908747488102324,0.0867082379186167
"vm(ID, ginv)_Nr_504222",-0.770903447114894,0.905532722446032,-0.851325885863654
"vm(ID, ginv)_Nr_500914",-0.711228127157326,0.913888187393691,-0.778244140769201
"vm(ID, ginv)_Nr_502151",-0.643676021894556,0.901872840297084,-0.713710395894087
"vm(ID, ginv)_Nr_501966",-0.299297361274161,0.909499434805515,-0.329079216347355
"vm(ID, ginv)_Nr_503266",-0.831936926438239,0.925225745357355,-0.899171829807779
"vm(ID, ginv)_Nr_502792",-0.417309884356861,0.902765853439756,-0.462257054547212
"vm(ID, ginv)_Nr_501804",1.11144935702519,0.751463036159387,1.4790472765043
"vm(ID, ginv)_Nr_501418",-1.34955352342412,0.929879476667203,-1.45132090479196
"vm(ID, ginv)_Nr_502988",0.0734408387420986,0.913201500373673,0.0804212856768712
"vm(ID, ginv)_Nr_502780",0.739978750539847,0.902849433619132,0.819603715730975
"vm(ID, ginv)_Nr_504193",-0.177390718024902,0.905082920888149,-0.195993885124725
"vm(ID, ginv)_Nr_503686",-0.501761096590125,0.928145311533195,-0.54060618564271
"vm(ID, ginv)_Nr_504813",-0.519363593766999,0.90417989094317,-0.574402946768966
"vm(ID, ginv)_Nr_503665",-0.0762507465676735,0.916036186363308,-0.0832398847368589
"vm(ID, ginv)_Nr_504918",-0.264117835738601,0.89751452980749,-0.294276947020849
"vm(ID, ginv)_Nr_503598",-0.588596008142761,0.906759318631048,-0.649120440285494
"vm(ID, ginv)_Nr_502432",-0.350786901388768,0.911820370581675,-0.38471053368219
"vm(ID, ginv)_Nr_504069",0.127720037968239,0.90967289322577,0.140402158753279
"vm(ID, ginv)_Nr_500068",0.132517821696964,0.909898154845236,0.14564027961954
"vm(ID, ginv)_Nr_502758",-0.801107294546447,0.896255589335545,-0.893837990054112
"vm(ID, ginv)_Nr_500834",0.157975632999921,0.909602218100023,0.173675514259299
"vm(ID, ginv)_Nr_502981",-0.382807558197831,0.906789814255129,-0.422156879334031
"vm(ID, ginv)_Nr_504020",-0.270082453780379,0.922298493192869,-0.292836273477354
"vm(ID, ginv)_Nr_501401",-0.812316720485937,0.909541493785131,-0.893105730784656
"vm(ID, ginv)_Nr_503271",-0.148070645839541,0.885082547635915,-0.167295859843856
"vm(ID, ginv)_Nr_501564",-1.01252413367931,0.905919681453834,-1.11767539044344
"vm(ID, ginv)_Nr_500264",-0.219189864559624,0.909735691292996,-0.240937963254021
"vm(ID, ginv)_Nr_501059",-0.898970572670534,0.892266067083769,-1.00751402057536
"vm(ID, ginv)_Nr_503878",-0.465918047938125,0.906119202932706,-0.514190678698955
"vm(ID, ginv)_Nr_501319",-0.108599748768166,0.927742242229743,-0.117058104961521
"vm(ID, ginv)_Nr_502411",-0.298086236683663,0.912316876107449,-0.326735418899075
"vm(ID, ginv)_Nr_500806",0.3677530654772,0.90964824857219,0.404280518381073
"vm(ID, ginv)_Nr_501902",-0.541835755507368,0.915680849506317,-0.591729919654315
"vm(ID, ginv)_Nr_503970",-0.10110228997104,0.909304063437794,-0.111186449105708
"vm(ID, ginv)_Nr_500165",-0.734448421763406,0.903178864998666,-0.813181585869473
"vm(ID, ginv)_Nr_504746",-0.625287565765099,0.906620886298466,-0.689690227982736
"vm(ID, ginv)_Nr_504765",-0.57314504561216,0.906527441801044,-0.632242356032227
"vm(ID, ginv)_Nr_500629",-0.238138692771079,0.901676666507827,-0.264106526892156
"vm(ID, ginv)_Nr_501543",-0.764480520836568,0.91669195678689,-0.833955741813378
"vm(ID, ginv)_Nr_504931",-0.337959528334221,0.92250928972376,-0.366348103047743
"vm(ID, ginv)_Nr_500419",-0.951329399570702,0.911705449622839,-1.04346135033443
"vm(ID, ginv)_Nr_500995",-0.238611958365414,0.909643428338275,-0.262313727480346
"vm(ID, ginv)_Nr_504972",-0.638047466500121,0.912644616073459,-0.69911930149245
"vm(ID, ginv)_Nr_500178",1.10422046118137,0.787710012233815,1.4018108746009
"vm(ID, ginv)_Nr_500493",-0.280999119614273,0.898782616191533,-0.312644141700212
"vm(ID, ginv)_Nr_501704",0.302739071321667,0.911853118257309,0.332004206883941
"vm(ID, ginv)_Nr_502761",-0.590952868660467,0.912117880992208,-0.647890893244659
"vm(ID, ginv)_Nr_500322",-0.343837978065222,0.915287560071701,-0.375661150729817
"vm(ID, ginv)_Nr_504695",-0.13914675590973,0.902237780266505,-0.154224040439349
"vm(ID, ginv)_Nr_502788",0.182083729587906,0.912312323983215,0.199584862334114
"vm(ID, ginv)_Nr_504782",-0.201938621822094,0.90147643546868,-0.224008763708954
"vm(ID, ginv)_Nr_500088",-0.095333555832167,0.910871875226481,-0.104661872240224
"vm(ID, ginv)_Nr_500870",-0.260573791063557,0.909540635275421,-0.286489444184813
"vm(ID, ginv)_Nr_503618",-0.586398366565134,0.898520345616755,-0.652626698355532
"vm(ID, ginv)_Nr_502606",-0.0823133533621682,0.914936655283243,-0.0899661773160525
"vm(ID, ginv)_Nr_501291",-0.883287979205661,0.913827163918848,-0.96658100577551
"vm(ID, ginv)_Nr_501641",-1.01248273281065,0.914623577593435,-1.10699391270308
"vm(ID, ginv)_Nr_502206",-0.335431248419047,0.912480360468564,-0.367603800531993
"vm(ID, ginv)_Nr_501906",-0.72499028487293,0.907261092248072,-0.799097736106483
"vm(ID, ginv)_Nr_503304",-0.403710470019741,0.915874283955908,-0.440792450549006
"vm(ID, ginv)_Nr_500258",-0.561921897290449,0.909477132015352,-0.617851595724304
"vm(ID, ginv)_Nr_500125",-0.538682062444281,0.909002087925006,-0.592608168452
"vm(ID, ginv)_Nr_504047",-1.0156829327965,0.920898098409382,-1.10292651765797
"vm(ID, ginv)_Nr_501525",-1.09225216452127,0.896176350721273,-1.21879155106268
"vm(ID, ginv)_Nr_502965",0.267080110828233,0.910743310216965,0.293255089367175
"vm(ID, ginv)_Nr_503546",-0.109455190625926,0.889433242816403,-0.123061726678142
"vm(ID, ginv)_Nr_504177",-0.123271066266246,0.90626146775896,-0.136021524308074
"vm(ID, ginv)_Nr_503596",-0.865174433800621,0.912201031680206,-0.948447111715095
"vm(ID, ginv)_Nr_501403",-0.67110233745668,0.885850658136646,-0.757579543789377
"vm(ID, ginv)_Nr_502338",-0.743847481152035,0.912655222067144,-0.815036678875553
"vm(ID, ginv)_Nr_503815",-0.332823889481787,0.900550057126932,-0.369578444693692
"vm(ID, ginv)_Nr_501558",-0.0853910996113125,0.907979579542274,-0.0940451762740738
"vm(ID, ginv)_Nr_501846",0.268259469999445,0.900880569219637,0.297774731929026
"vm(ID, ginv)_Nr_504182",-0.356312017560046,0.91386151121117,-0.389897170620321
"vm(ID, ginv)_Nr_500581",-0.247869391953883,0.904278659403085,-0.274107311254588
"vm(ID, ginv)_Nr_500482",-0.378411136175826,0.903593665889044,-0.418784626830587
"vm(ID, ginv)_Nr_500287",-0.313411976354737,0.901739871807724,-0.347563622451825
"vm(ID, ginv)_Nr_503298",0.170860440356857,0.907586720280187,0.18825797749014
"vm(ID, ginv)_Nr_500681",-0.371355364750195,0.905159967279306,-0.410264901425546
"vm(ID, ginv)_Nr_503761",-1.26655433806874,0.91542995163256,-1.38356226580744
"vm(ID, ginv)_Nr_502424",-0.378578539835881,0.910832291937684,-0.415640226183133
"vm(ID, ginv)_Nr_501473",-0.286513906838703,0.908258311800384,-0.315454208473759
"vm(ID, ginv)_Nr_504379",-1.07338661853897,0.911646648580879,-1.17741519722566
"vm(ID, ginv)_Nr_502781",-0.425590840930526,0.904123426395507,-0.470722059074656
"vm(ID, ginv)_Nr_504113",-0.0587143318936369,0.93259762826139,-0.062957839602376
"vm(ID, ginv)_Nr_501015",-0.152038250718446,0.895302613839095,-0.169817722374896
"vm(ID, ginv)_Nr_504815",-0.298941652439457,0.913689610688354,-0.327180750380035
"vm(ID, ginv)_Nr_501487",0.020701404992361,0.910545976004531,0.0227351562006771
"vm(ID, ginv)_Nr_502564",-0.379723473103883,0.915624747405978,-0.414715170357358
"vm(ID, ginv)_Nr_502118",-1.02850656948683,0.910466026979758,-1.12964848660926
"vm(ID, ginv)_Nr_500934",-0.269182965423965,0.917748889864686,-0.293307862746261
"vm(ID, ginv)_Nr_504156",-0.218170914007093,0.918064649366861,-0.237642211970098
"vm(ID, ginv)_Nr_502216",-0.541739538642761,0.909531044180458,-0.595625121439259
"vm(ID, ginv)_Nr_503396",-1.11007475250283,0.928863951793612,-1.19508863527248
"vm(ID, ginv)_Nr_500091",-0.335255386053591,0.903313940750456,-0.371139391223241
"vm(ID, ginv)_Nr_501719",-0.20258084602465,0.913126543242228,-0.221854076550385
"vm(ID, ginv)_Nr_502595",-0.205994856577781,0.908147350029495,-0.226829772251266
"vm(ID, ginv)_Nr_504089",-0.279750531087876,0.909716583602514,-0.307513940198883
"vm(ID, ginv)_Nr_501258",-0.0480523542407669,0.908510386745923,-0.0528913647458446
"vm(ID, ginv)_Nr_504677",-0.057307733352557,0.914765686156587,-0.0626474453729643
"vm(ID, ginv)_Nr_502471",-0.114274704471396,0.90701448192044,-0.125989944757486
"vm(ID, ginv)_Nr_502038",-0.362213477891574,0.910998928848345,-0.397600333459746
"vm(ID, ginv)_Nr_500020",0.0637100991658709,0.90529956515206,0.0703746048471478
"vm(ID, ginv)_Nr_502524",-0.567544649359869,0.912977010420437,-0.621641775074388
"vm(ID, ginv)_Nr_503983",1.10521467949428,0.76080071961478,1.4526993087676
"vm(ID, ginv)_Nr_500563",-0.231877100765584,0.878012230001232,-0.264093247044245
"vm(ID, ginv)_Nr_504781",-0.410945089387621,0.897732290820613,-0.457759059788278
"vm(ID, ginv)_Nr_504304",-0.650792629015588,0.907515885000153,-0.717114311465169
"vm(ID, ginv)_Nr_501709",-0.30149150745389,0.896757277754693,-0.336201907620719
"vm(ID, ginv)_Nr_504015",-0.907376667022122,0.913404547865273,-0.99340064502937
"vm(ID, ginv)_Nr_504281",-1.05557536415597,0.905783244108424,-1.16537303049251
"vm(ID, ginv)_Nr_504236",-0.151987125828727,0.909265989442072,-0.167153646560548
"vm(ID, ginv)_Nr_500517",-0.429539985546456,0.90936230966286,-0.472352967548991
"vm(ID, ginv)_Nr_501355",-0.66886583964465,0.910202284435587,-0.734854055062508
"vm(ID, ginv)_Nr_500237",-0.612676173579423,0.914234070399052,-0.670152418747638
"vm(ID, ginv)_Nr_502307",-0.847679858510142,0.892401140235043,-0.949886570390171
"vm(ID, ginv)_Nr_504100",-0.487158811978057,0.907626505309627,-0.536739296536815
"vm(ID, ginv)_Nr_501982",-0.125421796028316,0.884182476837288,-0.141850578714191
"vm(ID, ginv)_Nr_502955",-0.399301506492052,0.907743847247742,-0.439883462391648
"vm(ID, ginv)_Nr_500877",-0.779221938226812,0.902084837406371,-0.863801170261538
"vm(ID, ginv)_Nr_504803",-0.353293227514227,0.907161613646854,-0.389449048768679
"vm(ID, ginv)_Nr_504247",-0.400573904258589,0.913674747909824,-0.438420679979353
"vm(ID, ginv)_Nr_501004",0.362651419992046,0.902343485210953,0.401899527104431
"vm(ID, ginv)_Nr_503884",-0.336937167029261,0.900957790002745,-0.373976639935857
"vm(ID, ginv)_Nr_503257",0.207473930993482,0.899054839186054,0.230768938612593
"vm(ID, ginv)_Nr_501674",-0.502768894516149,0.910500173205507,-0.552189784595098
"vm(ID, ginv)_Nr_502441",-0.335593899726675,0.912043057110101,-0.367958395286773
"vm(ID, ginv)_Nr_503098",0.0708581153911378,0.908782260936913,0.0779703988919044
"vm(ID, ginv)_Nr_503959",0.217720446506074,0.906801348411989,0.240097179925186
"vm(ID, ginv)_Nr_503755",-0.436137752238595,0.891609746845713,-0.489157676642207
"vm(ID, ginv)_Nr_504054",-0.992221021700783,0.90086929603991,-1.10140397287647
"vm(ID, ginv)_Nr_502954",-0.616427686647575,0.886123490840175,-0.695645350811218
"vm(ID, ginv)_Nr_500338",0.0438070743658906,0.896997651425798,0.0488374460025155
"vm(ID, ginv)_Nr_500019",-0.16061990656521,0.91174301625094,-0.176167959284924
"vm(ID, ginv)_Nr_500781",-0.938511770090639,0.910972068116509,-1.03023111568181
"vm(ID, ginv)_Nr_500727",-0.556374148573796,0.9149257763977,-0.608108507735332
"vm(ID, ginv)_Nr_500557",-0.67753519850326,0.884305597686078,-0.766177665589968
"vm(ID, ginv)_Nr_502364",-0.533886876584468,0.910787697124984,-0.586181475957293
"vm(ID, ginv)_Nr_502427",-0.592706454724535,0.905660341850121,-0.654446736084004
"vm(ID, ginv)_Nr_500391",-0.533508809622441,0.917356897273167,-0.581571699311674
"vm(ID, ginv)_Nr_503982",-0.887338370211643,0.912309062088819,-0.972629130943845
"vm(ID, ginv)_Nr_501209",-0.535166809210277,0.899727315685237,-0.594810005076584
"vm(ID, ginv)_Nr_503950",0.510924243178366,0.909075861189484,0.562025970538746
"vm(ID, ginv)_Nr_502180",-0.506165296058546,0.906408757668877,-0.558429397086049
"vm(ID, ginv)_Nr_503747",0.12806659876339,0.901558125413531,0.142050296207632
"vm(ID, ginv)_Nr_500425",-0.431061888862472,0.90509187136124,-0.476263131403626
"vm(ID, ginv)_Nr_501711",0.103928754891386,0.906606003018143,0.114634973235784
"vm(ID, ginv)_Nr_504647",0.228113911940928,0.902814026054386,0.252669880349407
"vm(ID, ginv)_Nr_501807",0.20207783215303,0.90769414895022,0.22262766856737
"vm(ID, ginv)_Nr_503415",-0.639720542046573,0.913385479755219,-0.700383962987909
"vm(ID, ginv)_Nr_501895",-0.641718867104827,0.909760211479556,-0.705371436349355
"vm(ID, ginv)_Nr_501099",-0.713087308678495,0.900740800061153,-0.791667601412173
"vm(ID, ginv)_Nr_503580",-0.180856087177232,0.897665579604675,-0.20147379078173
"vm(ID, ginv)_Nr_501358",-0.515493967928765,0.908263140551056,-0.567560154005597
"vm(ID, ginv)_Nr_500824",-0.210396167342569,0.910417841212711,-0.231098466899894
"vm(ID, ginv)_Nr_502019",0.0579776563945711,0.89931764895102,0.064468496156166
"vm(ID, ginv)_Nr_503627",-0.452941951925302,0.884099327765011,-0.512320208488713
"vm(ID, ginv)_Nr_500998",-0.205608161822348,0.909373003582858,-0.226098818650068
"vm(ID, ginv)_Nr_501414",0.176151734044337,0.913809639994045,0.19276633374702
"vm(ID, ginv)_Nr_502317",-0.329522366306179,0.912378293040898,-0.361168573188981
"vm(ID, ginv)_Nr_502244",0.155156132687414,0.913364218643492,0.169873232956124
"vm(ID, ginv)_Nr_503706",-0.413753017113878,0.914226396103882,-0.452571724987542
"vm(ID, ginv)_Nr_501148",-0.706971348357715,0.914123855997399,-0.773386826871879
"vm(ID, ginv)_Nr_500120",-0.80883655531377,0.902888109095982,-0.895832547981631
"vm(ID, ginv)_Nr_504450",0.0359950357725512,0.913771973439652,0.0393917047346697
"vm(ID, ginv)_Nr_502210",-0.928148993508525,0.908930298556369,-1.02114430004444
"vm(ID, ginv)_Nr_502272",-0.357096935158481,0.905596303989168,-0.394322429967374
"vm(ID, ginv)_Nr_502641",-0.517882693821806,0.911986245534632,-0.56786239524721
"vm(ID, ginv)_Nr_504715",-0.28932530305233,0.902593936068435,-0.320548689162025
"vm(ID, ginv)_Nr_500733",-0.273890666764416,0.907407813458393,-0.30183855891712
"vm(ID, ginv)_Nr_500310",0.338325973901908,0.903304718094832,0.374542462941491
"vm(ID, ginv)_Nr_500726",-0.165533131689027,0.899496317669599,-0.184028692988858
"vm(ID, ginv)_Nr_500848",-0.369687690511698,0.901747338833789,-0.409968152486934
"vm(ID, ginv)_Nr_502356",-0.121964421318618,0.869530972922554,-0.140264608296456
"vm(ID, ginv)_Nr_501469",-0.0474021173437496,0.912804361175262,-0.0519302047184767
"vm(ID, ginv)_Nr_502144",0.0171958824653439,0.900340644070629,0.0190993071106928
"vm(ID, ginv)_Nr_504520",-0.680855543884697,0.917124247863225,-0.742380921092205
"vm(ID, ginv)_Nr_502256",-0.0419933556297961,0.910974908555146,-0.0460971594666639
"vm(ID, ginv)_Nr_504872",0.317072234278772,0.896552550967548,0.353657165925848
"vm(ID, ginv)_Nr_502793",-0.458179010297949,0.90557480049243,-0.505953798679913
"vm(ID, ginv)_Nr_501065",-0.396473469563984,0.881707523625968,-0.449665517124671
"vm(ID, ginv)_Nr_501060",-0.169095030079097,0.90504500827829,-0.18683604520484
"vm(ID, ginv)_Nr_503036",-0.0789020831754918,0.898549421448485,-0.0878105102424967
"vm(ID, ginv)_Nr_503412",-0.142191563878955,0.906014759657908,-0.156941774251717
"vm(ID, ginv)_Nr_503868",0.141189046089456,0.913378173031252,0.154578957827389
"vm(ID, ginv)_Nr_501886",0.216545104578016,0.911187519664935,0.237651526063093
"vm(ID, ginv)_Nr_504701",-0.64163173001258,0.912375961662788,-0.703253655262046
"vm(ID, ginv)_Nr_502136",-1.04383462246974,0.909708120858281,-1.14743905054394
"vm(ID, ginv)_Nr_504076",-0.167541467038903,0.907590961433813,-0.184600193433197
"vm(ID, ginv)_Nr_502250",-0.262373297907796,0.914448450313635,-0.286919725018735
"vm(ID, ginv)_Nr_503323",-0.686075177701775,0.90897758233895,-0.754776785513665
"vm(ID, ginv)_Nr_503986",-0.0623362416088273,0.908644572151225,-0.0686035480971901
"vm(ID, ginv)_Nr_502753",-0.436992592623447,0.897512228108783,-0.486893190908683
"vm(ID, ginv)_Nr_502468",-0.33627347745806,0.906825011329312,-0.370825102149661
"vm(ID, ginv)_Nr_501267",-0.402932138728456,0.906915589494219,-0.444288468955715
"vm(ID, ginv)_Nr_504758",-0.264775562579627,0.91528536772679,-0.289281979058865
"vm(ID, ginv)_Nr_504783",-0.204325878650911,0.901579694931611,-0.226630967622236
"vm(ID, ginv)_Nr_502231",-0.256694705624248,0.90808308164704,-0.282677555404586
"vm(ID, ginv)_Nr_504854",-0.0744545994383044,0.912790653600171,-0.0815681001384549
"vm(ID, ginv)_Nr_500174",-0.190841555217828,0.910422955690508,-0.209618566870477
"vm(ID, ginv)_Nr_504101",-0.541886331287399,0.904203414167327,-0.599296931195971
"vm(ID, ginv)_Nr_500472",-0.600511977218823,0.908625729777918,-0.660901356343494
"vm(ID, ginv)_Nr_504141",-0.598047294104418,0.902717097053106,-0.662496917424879
"vm(ID, ginv)_Nr_501923",-0.25835376631484,0.900418611495136,-0.286926284082296
"vm(ID, ginv)_Nr_504699",0.0964650091787218,0.90265728421273,0.106867812253745
"vm(ID, ginv)_Nr_502143",-0.526653991166428,0.900801250548664,-0.584650599503111
"vm(ID, ginv)_Nr_504344",-0.636313822444623,0.913710805240868,-0.696406148197931
"vm(ID, ginv)_Nr_500783",-0.763004170213744,0.911522921044496,-0.837065259247055
"vm(ID, ginv)_Nr_503292",-0.123143804263429,0.907985615888368,-0.135623078282959
"vm(ID, ginv)_Nr_500380",-0.329132355052516,0.903419944821871,-0.364318229787822
"vm(ID, ginv)_Nr_500371",-0.400211853249806,0.910458280079704,-0.439571874962541
"vm(ID, ginv)_Nr_503051",-0.333288914513634,0.899835562250893,-0.370388689328891
"vm(ID, ginv)_Nr_503483",-0.924753039260529,0.920708576569257,-1.00439277182183
"vm(ID, ginv)_Nr_503911",1.07624485529338,0.779752575828293,1.38023892277642
"vm(ID, ginv)_Nr_502499",-0.0394731707029124,0.914495815097661,-0.0431638614974929
"vm(ID, ginv)_Nr_504440",-0.56340072273467,0.916860282561144,-0.614489179486403
"vm(ID, ginv)_Nr_503447",-1.82717925966888,0.907502244099377,-2.01341569296306
"vm(ID, ginv)_Nr_500136",0.257916260304723,0.904009390850343,0.285302633927417
"vm(ID, ginv)_Nr_500349",-0.397631998837582,0.904336237818538,-0.439694863712152
"vm(ID, ginv)_Nr_500279",-0.660720276290633,0.91570589639886,-0.721542013531863
"vm(ID, ginv)_Nr_500737",-0.0766367050281687,0.914904555240987,-0.0837646993767372
"vm(ID, ginv)_Nr_502947",0.263134429794676,0.90609603242984,0.290404571234066
"vm(ID, ginv)_Nr_503735",-0.267121327171826,0.916350168641811,-0.291505732538628
"vm(ID, ginv)_Nr_502114",-0.257137938842526,0.912996951385673,-0.281641618246657
"vm(ID, ginv)_Nr_504324",-0.0917741938313644,0.902349486366866,-0.101705819328246
"vm(ID, ginv)_Nr_501822",-1.18612948483578,0.900140021166769,-1.31771664068254
"vm(ID, ginv)_Nr_501029",-0.412905209004104,0.909150866583893,-0.45416577619904
"vm(ID, ginv)_Nr_502884",-0.292276877944954,0.914027938875453,-0.319767991232903
"vm(ID, ginv)_Nr_500853",-0.905464556981179,0.921627037968206,-0.982463100233411
"vm(ID, ginv)_Nr_501491",-0.71516190756848,0.906527018884346,-0.788903025139419
"vm(ID, ginv)_Nr_500719",0.217528638171598,0.898972456520001,0.24197475305714
"vm(ID, ginv)_Nr_502913",-0.0347228115805065,0.899701904742638,-0.0385936846387349
"vm(ID, ginv)_Nr_503226",-0.480507639241891,0.906927859201739,-0.529819030661188
"vm(ID, ginv)_Nr_501216",-0.162145611661039,0.903207381114637,-0.179522017923433
"vm(ID, ginv)_Nr_502782",-1.21733031153673,0.913452260961858,-1.33266987620666
"vm(ID, ginv)_Nr_501156",-0.431418489576177,0.902232864883301,-0.478167562242348
"vm(ID, ginv)_Nr_504342",-0.186806127695279,0.895509619929359,-0.20860315013703
"vm(ID, ginv)_Nr_502797",-0.259760660589148,0.924167969156397,-0.281075160856596
"vm(ID, ginv)_Nr_502836",0.0028022377356394,0.909717011295324,0.0030803400407445
"vm(ID, ginv)_Nr_502224",-1.34271993701612,0.909806581220815,-1.47583009920021
"vm(ID, ginv)_Nr_504610",-0.805342571541441,0.909448868266333,-0.885528147477551
"vm(ID, ginv)_Nr_500065",-0.303233117267797,0.905280589269758,-0.334960365727491
"vm(ID, ginv)_Nr_503326",0.29060708093219,0.911138125240222,0.318949534523727
"vm(ID, ginv)_Nr_502714",-1.06606284706212,0.910517496481463,-1.17083180848445
"vm(ID, ginv)_Nr_502661",-0.355011611635242,0.904304182107418,-0.392579862682834
"vm(ID, ginv)_Nr_503476",-0.359598432412079,0.907877396681405,-0.396086997789053
"vm(ID, ginv)_Nr_502919",0.157590473524557,0.911449064459387,0.172901020659919
"vm(ID, ginv)_Nr_500886",-0.388393317956821,0.911508034687761,-0.426099719559649
"vm(ID, ginv)_Nr_504986",-0.494900304440126,0.915269936582767,-0.540715131852659
"vm(ID, ginv)_Nr_504350",0.0197275564206293,0.907506485794389,0.0217381988221943
"vm(ID, ginv)_Nr_504174",0.0225566800796055,0.913579535542031,0.0246904393126785
"vm(ID, ginv)_Nr_500438",-0.885995542933812,0.912689720604473,-0.970752187662438
"vm(ID, ginv)_Nr_501471",-0.203829303311891,0.902547205995189,-0.22583783092779
"vm(ID, ginv)_Nr_500076",-0.625924072759619,0.897540760639906,-0.697376765723
"vm(ID, ginv)_Nr_501842",-0.168339448191328,0.898473937528012,-0.187361526205739
"vm(ID, ginv)_Nr_503990",-0.807737766514713,0.900727572841876,-0.896761452484716
"vm(ID, ginv)_Nr_504772",-1.30281574577468,0.9059682167883,-1.43803692186159
"vm(ID, ginv)_Nr_500838",-0.0868510023620637,0.896121800602543,-0.0969187473216989
"vm(ID, ginv)_Nr_504959",-0.929854806989125,0.907936377932491,-1.02414093056448
"vm(ID, ginv)_Nr_504437",-0.0894500272452431,0.909875684095423,-0.0983101634748841
"vm(ID, ginv)_Nr_504833",-0.270769089481763,0.909580656563283,-0.297685628567371
"vm(ID, ginv)_Nr_502663",0.19665948338837,0.72045262797134,0.272966570948775
"vm(ID, ginv)_Nr_502174",-0.530597224304028,0.906396779258367,-0.585391780339482
"vm(ID, ginv)_Nr_502386",-0.257962064304724,0.913709872154217,-0.28232382309336
"vm(ID, ginv)_Nr_504978",-0.475372266330153,0.909198644823231,-0.522847530665399
"vm(ID, ginv)_Nr_504278",-0.634687196792941,0.913932002202535,-0.694457788176115
"vm(ID, ginv)_Nr_500149",-0.286839079515188,0.92267211286881,-0.310878670238917
"vm(ID, ginv)_Nr_504999",-0.443771784992971,0.909447398891413,-0.487957616387616
"vm(ID, ginv)_Nr_500052",-0.195919323810603,0.917703082629858,-0.213488793400538
