"","solution","std.error","z.ratio"
"vm(ID, ginv)_Np1_503793",0.188929801359644,0.759197521612344,0.248854607636764
"vm(ID, ginv)_Np1_504360",0.839197165975602,0.768520414965652,1.09196470208681
"vm(ID, ginv)_Np1_502173",0.489592893939443,0.81069584622494,0.603916865023135
"vm(ID, ginv)_Np1_503102",0.381367556882758,0.818037146370576,0.466198336560619
"vm(ID, ginv)_Np1_502917",0.266204734942808,0.831528872857903,0.320138895511688
"vm(ID, ginv)_Np1_503553",0.743746623488628,0.799470517864088,0.930299000237888
"vm(ID, ginv)_Np1_501184",0.487940036715476,0.867180452307074,0.562674164780058
"vm(ID, ginv)_Np1_500157",0.382765155892323,0.792350022832058,0.483075843835057
"vm(ID, ginv)_Np1_500677",0.985853021470841,0.816938474310344,1.20676532256985
"vm(ID, ginv)_Np1_502095",0.43882541730602,0.784505430733496,0.559365684563494
"vm(ID, ginv)_Np1_504533",0.434034864303417,0.808555350557483,0.536802909045321
"vm(ID, ginv)_Np1_500182",-0.000606363284534499,0.708834052460055,-0.000855437577286355
"vm(ID, ginv)_Np1_501774",0.955078498785252,0.839230512748314,1.13804072215816
"vm(ID, ginv)_Np1_503331",-0.224829923262247,0.787100319479954,-0.285643288025591
"vm(ID, ginv)_Np1_500259",1.33009529443324,0.794296956576437,1.67455670504667
"vm(ID, ginv)_Np1_503328",-0.365589265779667,0.761490952425195,-0.480096663808465
"vm(ID, ginv)_Np1_500295",0.737935437868648,0.744505394704678,0.991175407347269
"vm(ID, ginv)_Np1_500051",0.0820581940248725,0.77402016063214,0.10601557711088
"vm(ID, ginv)_Np1_500114",1.78560199101292,0.736268444670488,2.42520510547216
"vm(ID, ginv)_Np1_504026",0.49255501915041,0.780971585922871,0.630695185367544
"vm(ID, ginv)_Np1_502993",0.630957312937597,0.774658222296211,0.81449766461826
"vm(ID, ginv)_Np1_503933",0.330262907200896,0.830251145913818,0.397786752630605
"vm(ID, ginv)_Np1_503911",1.14252793966488,0.728554017838735,1.56821307918143
"vm(ID, ginv)_Np1_504658",0.0710768889780096,0.759432351660933,0.0935921268333636
"vm(ID, ginv)_Np1_503536",0.181770810386472,0.749490437700093,0.242525856559636
"vm(ID, ginv)_Np1_504188",0.598232671305173,0.752553422429613,0.794937147948625
"vm(ID, ginv)_Np1_500570",0.289046385073308,0.803595966929753,0.359691184336886
"vm(ID, ginv)_Np1_503172",1.14537179396927,0.774655382997334,1.47855655444817
"vm(ID, ginv)_Np1_501158",0.617291803010893,0.825137920340917,0.748107422763761
"vm(ID, ginv)_Np1_504397",-0.326319814107303,0.753017557966557,-0.433349542324743
"vm(ID, ginv)_Np1_501933",0.529965759573732,0.766066572794418,0.691801180725783
"vm(ID, ginv)_Np1_503445",0.220937621800418,0.794136801987538,0.278211035236577
"vm(ID, ginv)_Np1_504827",0.838555981579869,0.804112004798192,1.04283479984896
"vm(ID, ginv)_Np1_502663",0.412526805890333,0.801945893223409,0.514407280311877
"vm(ID, ginv)_Np1_503180",0.021050881789935,0.81230547631396,0.0259149819910837
"vm(ID, ginv)_Np1_501538",0.718236358619711,0.879685162803995,0.816469788270993
"vm(ID, ginv)_Np1_501894",0.358275118528235,0.811921941239912,0.441267935167636
"vm(ID, ginv)_Np1_503504",0.441247851537523,0.792144815008195,0.557029274417404
"vm(ID, ginv)_Np1_502854",1.09151292316778,0.823198217909698,1.32594179557312
"vm(ID, ginv)_Np1_502846",0.327361372556106,0.879651230634819,0.37214905311945
"vm(ID, ginv)_Np1_500457",0.731196619721699,0.790402522064999,0.925093986050779
"vm(ID, ginv)_Np1_503464",0.710478384372129,0.793000292923908,0.895937102056409
"vm(ID, ginv)_Np1_503354",1.9084532106741,0.753994282742011,2.53112424637191
"vm(ID, ginv)_Np1_503803",1.27990974994866,0.817220090960056,1.56617509053778
"vm(ID, ginv)_Np1_501873",0.386332374977809,0.76347173459157,0.50602053419107
"vm(ID, ginv)_Np1_503557",0.934552954355235,0.837567031247051,1.11579481938751
"vm(ID, ginv)_Np1_503873",0.195318239100816,0.79639850246979,0.245251891477815
"vm(ID, ginv)_Np1_501470",0.601465232517613,0.798983820060092,0.752787750410736
"vm(ID, ginv)_Np1_503258",0.142153367310859,0.735010370697808,0.193403213040246
"vm(ID, ginv)_Np1_503643",0.479668630868881,0.775861852394683,0.618239741248255
"vm(ID, ginv)_Np1_500107",1.4275875545414,0.795459947280468,1.79466930977739
"vm(ID, ginv)_Np1_500315",0.501562337834199,0.774369528846251,0.647704124646391
"vm(ID, ginv)_Np1_500080",0.166175465129486,0.765775513716135,0.217002845028401
"vm(ID, ginv)_Np1_501929",0.123437179184088,0.77651291382324,0.15896345957253
"vm(ID, ginv)_Np1_501573",1.05594453893983,0.786256515012894,1.3430025936542
"vm(ID, ginv)_Np1_501049",0.628737217989758,0.817192617807489,0.769386805863037
"vm(ID, ginv)_Np1_504973",0.110491735536819,0.838387256095734,0.131790809955014
"vm(ID, ginv)_Np1_502147",0.917548874646802,0.856095100099804,1.07178381763876
"vm(ID, ginv)_Np1_503722",0.602198472230922,0.734250242618561,0.820154270679296
"vm(ID, ginv)_Np1_500098",0.415414918295435,0.777937227689675,0.533995422135971
"vm(ID, ginv)_Np1_504915",0.310233706980163,0.849196652171653,0.36532610695862
"vm(ID, ginv)_Np1_500039",0.119512729735561,0.753230253981679,0.158666927017071
"vm(ID, ginv)_Np1_503223",0.12047415158734,0.854494375096426,0.140988817596073
"vm(ID, ginv)_Np1_500178",1.08044475132994,0.824967275416985,1.30968195166751
"vm(ID, ginv)_Np1_503087",0.59824219125283,0.777590861841709,0.76935342300179
"vm(ID, ginv)_Np1_504215",0.825985861581301,0.785816344657011,1.05111819981528
"vm(ID, ginv)_Np1_502827",0.71364911897493,0.783530912227929,0.910811695923657
"vm(ID, ginv)_Np1_503901",0.940799659996092,0.751323638874354,1.25218961752037
"vm(ID, ginv)_Np1_503535",1.11929538607712,0.804921540758279,1.39056458226063
"vm(ID, ginv)_Np1_503046",0.516628455628058,0.799152292399153,0.646470592078359
"vm(ID, ginv)_Np1_503222",0.0196678229617216,0.80732349603142,0.0243617621169249
"vm(ID, ginv)_Np1_501531",0.446593935286771,0.813340861290556,0.549085821875646
"vm(ID, ginv)_Np1_500336",0.395427217493262,0.773819279547989,0.511007192434186
"vm(ID, ginv)_Np1_500079",0.219818210842875,0.811262647919455,0.270958131015418
"vm(ID, ginv)_Np1_504630",0.655407785749047,0.762247610673907,0.859835802134687
"vm(ID, ginv)_Np1_502926",1.00311934714874,0.78233722952157,1.28220837420991
"vm(ID, ginv)_Np1_503448",-0.0177324552538536,0.810996727174272,-0.0218650145674917
"vm(ID, ginv)_Np1_504560",-0.00992792171031568,0.851809763694975,-0.0116550926432804
"vm(ID, ginv)_Np1_503689",0.812504655181237,0.783696456892113,1.03675938309504
"vm(ID, ginv)_Np1_501649",0.407344521412968,0.770189997085933,0.528888356060431
"vm(ID, ginv)_Np1_502930",1.03907105341718,0.821373594413643,1.26504073235876
"vm(ID, ginv)_Np1_503246",-0.115124663502085,0.82068097493244,-0.140279435028407
"vm(ID, ginv)_Np1_503363",0.611145502887604,0.829085155881429,0.737132366382648
"vm(ID, ginv)_Np1_502973",-0.120688731371138,0.781162956437343,-0.154498789755168
"vm(ID, ginv)_Np1_501123",0.627363123926051,0.733121214734371,0.855742694819384
"vm(ID, ginv)_Np1_504933",0.57801888900062,0.780031595367571,0.741019841290201
"vm(ID, ginv)_Np1_504548",0.811973730128686,0.787419768312666,1.03118281100389
"vm(ID, ginv)_Np1_503983",0.36324966649656,0.765945403900735,0.474250076632925
"vm(ID, ginv)_Np1_501695",0.178382066008788,0.747510169220591,0.23863496893264
"vm(ID, ginv)_Np1_501804",1.35095517167804,0.77651413703002,1.73976893304881
"vm(ID, ginv)_Np1_504275",1.26310691059873,0.794342888462369,1.59012805294167
"vm(ID, ginv)_Np1_501959",0.518618966793896,0.725971487694628,0.714379249852919
"vm(ID, ginv)_Np1_503106",1.3738667987909,0.763232924989181,1.80006227955951
"vm(ID, ginv)_Np1_502421",0.459178011639808,0.803092506403505,0.571762291365597
"vm(ID, ginv)_Np1_503929",-0.274224717281551,0.818611140795697,-0.334987766004506
"vm(ID, ginv)_Np1_503443",0.930746719169702,0.788307234403072,1.18069031787396
"vm(ID, ginv)_Np1_502407",0.907821465471387,0.771609467886115,1.17652971257395
"vm(ID, ginv)_Np1_503139",0.889531310593393,0.781688653505961,1.13796113913608
"vm(ID, ginv)_Np1_504964",0.764905161844797,0.816686050445642,0.936596335185853
"vm(ID, ginv)_Np1_502651",2.19746077190313,0.761053318157396,2.88739398341164
"vm(ID, ginv)_No_514501",0.246641996321511,0.816474880940341,0.302081548470238
"vm(ID, ginv)_No_514502",0.479241607651483,0.838582970376395,0.571489792401075
"vm(ID, ginv)_No_514503",0.197178162478942,0.858502009173866,0.229676995944
"vm(ID, ginv)_No_514504",0.0975760400146203,0.861524154349961,0.113259784443587
"vm(ID, ginv)_No_514505",0.869057370520492,0.835117716028556,1.04064056340864
"vm(ID, ginv)_No_514506",-0.62785257271904,0.821141686714684,-0.764609302970627
"vm(ID, ginv)_No_514507",0.919786477955383,0.819600296959226,1.12223785346083
"vm(ID, ginv)_No_514508",0.0529758019058941,0.844629397639217,0.0627207649342589
"vm(ID, ginv)_No_514509",1.37061861846259,0.826927196573987,1.65748402536662
"vm(ID, ginv)_No_514510",1.51275410018041,0.82881420386788,1.82520291414016
"vm(ID, ginv)_No_514511",0.426643578703135,0.840357281490799,0.507693082573482
"vm(ID, ginv)_No_514512",0.651781614843042,0.838128631687383,0.777662986564278
"vm(ID, ginv)_No_514513",0.222383115039491,0.827548240832797,0.268725258621416
"vm(ID, ginv)_No_514514",1.39926595602131,0.808608072474736,1.73046251163296
"vm(ID, ginv)_No_514515",0.814107828622541,0.842172982353176,0.9666753098013
"vm(ID, ginv)_No_514516",0.116239523149547,0.875179774442546,0.132817881016031
"vm(ID, ginv)_No_514517",0.419597449607008,0.83726713710853,0.501151222841579
"vm(ID, ginv)_No_514518",0.763388663051838,0.822965926773494,0.927606645933407
"vm(ID, ginv)_No_514519",0.125703670379,0.82828827492214,0.15176318944128
"vm(ID, ginv)_No_514520",-0.626375623797061,0.830882348125114,-0.753868011771434
"vm(ID, ginv)_No_514521",0.864274880346478,0.829113458888505,1.04240845578012
"vm(ID, ginv)_No_514522",0.442920595737045,0.859105402695811,0.515560249472524
"vm(ID, ginv)_No_514523",1.36352615203917,0.846236961654877,1.61128172583327
"vm(ID, ginv)_No_514524",0.130133052408582,0.825545438302805,0.157632816282185
"vm(ID, ginv)_No_514525",0.238793103465573,0.810784345833904,0.294521107483853
"vm(ID, ginv)_No_514526",0.606272279912772,0.861804658905872,0.703491532155885
"vm(ID, ginv)_No_514527",1.190102797947,0.827168405476767,1.43876723296877
"vm(ID, ginv)_No_514528",0.351349635755219,0.819300904045331,0.428840776350198
"vm(ID, ginv)_No_514529",0.51345717216489,0.85508699438207,0.60047360740873
"vm(ID, ginv)_No_514530",0.375524811919559,0.820023441886594,0.457943996156506
"vm(ID, ginv)_No_514531",0.957542450811881,0.815632683527285,1.17398734767579
"vm(ID, ginv)_No_514532",0.462689816780435,0.837589358096542,0.552406513177194
"vm(ID, ginv)_No_514533",0.128411486444184,0.830187938179527,0.154677610380332
"vm(ID, ginv)_No_514534",-0.0988022923808058,0.838971197202676,-0.117766012361611
"vm(ID, ginv)_No_514535",-0.178532274677735,0.847453039539195,-0.210669224544658
"vm(ID, ginv)_No_514536",-0.515160451193877,0.837161845276914,-0.615365420796828
"vm(ID, ginv)_No_514537",0.882874629951823,0.819529632021941,1.07729433501214
"vm(ID, ginv)_No_514538",0.710360177177713,0.822894648348287,0.863245591162303
"vm(ID, ginv)_No_514539",0.0818794728248251,0.833615189275669,0.0982221459951689
"vm(ID, ginv)_No_514540",0.0350414450876383,0.812811014506502,0.04311142991697
"vm(ID, ginv)_No_514541",0.377912280809451,0.860364163509528,0.43924688735047
"vm(ID, ginv)_No_514542",0.71141178123559,0.852298768660435,0.83469765227248
"vm(ID, ginv)_No_514543",-0.0986241348990719,0.822094830816032,-0.119966859299158
"vm(ID, ginv)_No_514544",0.360144708520735,0.817023832904798,0.440800738015558
"vm(ID, ginv)_No_514545",1.08730810474761,0.82057475235857,1.32505673812456
"vm(ID, ginv)_No_514546",0.365186358783372,0.830041609904813,0.439961508466124
"vm(ID, ginv)_No_514547",1.06454132963187,0.823899158868461,1.29207721378658
"vm(ID, ginv)_No_514548",0.852750851133572,0.834537045520393,1.02182504145376
"vm(ID, ginv)_No_514549",1.25093553033373,0.827360768930933,1.51195896313783
"vm(ID, ginv)_No_514550",0.944792266576387,0.848549811628775,1.11341992376721
"vm(ID, ginv)_No_514551",0.954781765264992,0.835567084486731,1.14267517592737
"vm(ID, ginv)_No_514552",1.51727093979871,0.848511317556652,1.78815639627271
"vm(ID, ginv)_No_514553",0.0862189190679614,0.817514349455989,0.105464716460739
"vm(ID, ginv)_No_514554",0.806911160418238,0.848469358708188,0.951019800699435
"vm(ID, ginv)_No_514555",0.722638141835738,0.853147965278241,0.847025570294903
"vm(ID, ginv)_No_514556",0.50221428061361,0.854760293131717,0.587549848359907
"vm(ID, ginv)_No_514557",0.507952470697634,0.830965140250795,0.611280120059342
"vm(ID, ginv)_No_514558",0.483524318705628,0.83273169415343,0.580648391433194
"vm(ID, ginv)_No_514559",0.516708151237471,0.842480851109181,0.61331738348378
"vm(ID, ginv)_No_514560",0.155445298430228,0.828721188732153,0.187572491863085
"vm(ID, ginv)_No_514561",0.421562824362029,0.828931009995922,0.508562014544615
"vm(ID, ginv)_No_514562",1.391622459664,0.837664870751319,1.66131171098989
"vm(ID, ginv)_No_514563",1.29798484756777,0.819771497819117,1.58334956877724
"vm(ID, ginv)_No_514564",0.630329260648652,0.859265616783433,0.733567418894545
"vm(ID, ginv)_No_514565",1.01806867247115,0.82272660635678,1.2374325378626
"vm(ID, ginv)_No_514566",0.767738056316992,0.845445789414004,0.908086675609477
"vm(ID, ginv)_No_514567",0.257954978718313,0.847352856886952,0.304424510546882
"vm(ID, ginv)_No_514568",-0.0678640543715647,0.810536058913856,-0.0837273723053169
"vm(ID, ginv)_No_514569",0.406506060522968,0.842739892422365,0.48236242781211
"vm(ID, ginv)_No_514570",1.00190273233394,0.823803565341672,1.21619130395291
"vm(ID, ginv)_No_514571",0.88985872708622,0.840184983183007,1.05912238958976
"vm(ID, ginv)_No_514572",0.425293897477657,0.850226183981467,0.500212655750117
"vm(ID, ginv)_No_514573",1.51961523045079,0.828070374262883,1.83512812157239
"vm(ID, ginv)_No_514574",0.233399583109681,0.85483385490532,0.27303502519274
"vm(ID, ginv)_No_514575",0.334940774448416,0.827459730774028,0.404781963389449
"vm(ID, ginv)_No_514576",-0.373658471375429,0.843140569427042,-0.443174584315577
"vm(ID, ginv)_No_514577",1.0543090647009,0.818572621207174,1.28798476443798
"vm(ID, ginv)_No_514578",1.20201694861925,0.835240132627867,1.43912738584222
"vm(ID, ginv)_No_514579",0.523219241103078,0.85046441035361,0.615215915837715
"vm(ID, ginv)_No_514580",0.576067932614327,0.821896357374472,0.700900943830146
"vm(ID, ginv)_No_514581",0.325326389713303,0.835560638069786,0.389351023601152
"vm(ID, ginv)_No_514582",0.0104915312469836,0.84243506697024,0.012453815918081
"vm(ID, ginv)_No_514583",-0.063837300995242,0.838492752643038,-0.0761333962565789
"vm(ID, ginv)_No_514584",0.281731494283544,0.851082792037774,0.331027130285393
"vm(ID, ginv)_No_514585",0.648620012875064,0.811640802146911,0.799146631316917
"vm(ID, ginv)_No_514586",0.886429289907473,0.830047058239147,1.06792654839104
"vm(ID, ginv)_No_514587",0.452453446751095,0.841896024020829,0.537422002054616
"vm(ID, ginv)_No_514588",0.219184721605432,0.84367128328127,0.259798722498842
"vm(ID, ginv)_No_514589",1.08875474349448,0.827603669095961,1.31555089005803
"vm(ID, ginv)_No_514590",0.73564852636923,0.852885175495496,0.862541110462899
"vm(ID, ginv)_No_514591",-0.0275977817485455,0.830585399174089,-0.0332269045133564
"vm(ID, ginv)_No_514592",1.3689679211505,0.815593471630592,1.67849298549873
"vm(ID, ginv)_No_514593",-0.294654264616263,0.852512051799925,-0.345630614833132
"vm(ID, ginv)_No_514594",0.619500715329437,0.813881780487295,0.761167936402905
"vm(ID, ginv)_No_514595",1.18089056207739,0.834125681756108,1.41572257982901
"vm(ID, ginv)_No_514596",0.531893771126357,0.836636874342124,0.635752245016218
"vm(ID, ginv)_No_514597",0.473300962139575,0.859188267852256,0.550869908085107
"vm(ID, ginv)_No_514598",-0.126595522843415,0.802186777236581,-0.157813026137776
"vm(ID, ginv)_No_514599",0.290121312404943,0.820095874818299,0.353765116144771
"vm(ID, ginv)_No_514600",0.00652070260957932,0.815854676738243,0.00799248051828158
"vm(ID, ginv)_No_514601",0.471277274053833,0.838324680747633,0.562165572452835
"vm(ID, ginv)_No_514602",1.07692381659225,0.833891175354218,1.29144407378432
"vm(ID, ginv)_No_514603",0.597647461725028,0.864240439311213,0.691529156170179
"vm(ID, ginv)_No_514604",0.316780934195421,0.80989317560417,0.391139157283436
"vm(ID, ginv)_No_514605",1.84970126602655,0.83617037077662,2.21211051081441
"vm(ID, ginv)_No_514606",0.565798908977811,0.841303160825481,0.672526783832184
"vm(ID, ginv)_No_514607",0.742895946905961,0.832331891599944,0.892547737751505
"vm(ID, ginv)_No_514608",0.28971193503642,0.819536708814317,0.353506965484886
"vm(ID, ginv)_No_514609",0.0356112729420076,0.83849221093717,0.0424706067361143
"vm(ID, ginv)_No_514610",0.473167483390915,0.805532447691398,0.587397174064162
"vm(ID, ginv)_No_514611",0.80620290502348,0.832057229280356,0.968927228383993
"vm(ID, ginv)_No_514612",0.521180091945628,0.851804341856538,0.611854232639502
"vm(ID, ginv)_No_514613",0.124006756391478,0.850865047402893,0.145741979612378
"vm(ID, ginv)_No_514614",1.40386949285909,0.806940311701544,1.73974390980522
"vm(ID, ginv)_No_514615",0.177817137559396,0.847515850751127,0.209809807570917
"vm(ID, ginv)_No_514616",0.417845975966715,0.833007086490709,0.501611550181423
"vm(ID, ginv)_No_514617",0.692039941583982,0.804252253349413,0.860476223351432
"vm(ID, ginv)_No_514618",1.50652379266808,0.834557291020318,1.80517719859139
"vm(ID, ginv)_No_514619",0.417505383220229,0.828258258440088,0.504076330016369
"vm(ID, ginv)_No_514620",-0.586066059397314,0.825133541988459,-0.710268131852906
"vm(ID, ginv)_No_514621",0.874133778111138,0.839606482972074,1.04112318787349
"vm(ID, ginv)_No_514622",0.828002363688792,0.821660514503424,1.00771833266103
"vm(ID, ginv)_No_514623",-0.17978492843436,0.825332920626761,-0.21783322092354
"vm(ID, ginv)_No_514624",1.12581208217711,0.826980602964771,1.36135246478697
"vm(ID, ginv)_No_514625",0.811378494769448,0.847582685638261,0.957285358134056
"vm(ID, ginv)_No_514626",0.766211904697706,0.824603151141034,0.929188669285911
"vm(ID, ginv)_No_514627",0.275993189965149,0.823303310726864,0.335226624707102
"vm(ID, ginv)_No_514628",0.76411167042812,0.812539396594498,0.940399534632601
"vm(ID, ginv)_No_514629",0.593931622806388,0.834492576771568,0.711727868334254
"vm(ID, ginv)_No_514630",0.0694573613151104,0.83107238412834,0.0835755857631581
"vm(ID, ginv)_No_514631",0.43471262490295,0.822309913703657,0.528648162521863
"vm(ID, ginv)_No_514632",1.17570675170107,0.842207903290861,1.39598161820507
"vm(ID, ginv)_No_514633",0.170258088592713,0.841005328388285,0.202445909491439
"vm(ID, ginv)_No_514634",1.48182416083679,0.827239665394013,1.79128760723895
"vm(ID, ginv)_No_514635",1.07775829755646,0.836062098180629,1.28908881278291
"vm(ID, ginv)_No_514636",0.275337112757735,0.841489206947324,0.327202191643761
"vm(ID, ginv)_No_514637",-0.23749309316521,0.824421620768712,-0.288072373628151
"vm(ID, ginv)_No_514638",-0.0499639494679849,0.84769152392798,-0.0589411927070653
"vm(ID, ginv)_No_514639",1.56403233920471,0.848156536691332,1.8440373581344
"vm(ID, ginv)_No_514640",0.287939639011123,0.839888230003021,0.342830901452313
"vm(ID, ginv)_No_514641",0.00621381968829917,0.812284504425938,0.007649807000431
"vm(ID, ginv)_No_514642",0.851946976900841,0.848928773693212,1.00355530793767
"vm(ID, ginv)_No_514643",0.853265556705376,0.839239700108987,1.01671257519701
"vm(ID, ginv)_No_514644",0.322828896002107,0.835668334927737,0.386312227601664
"vm(ID, ginv)_No_514645",1.00610979648981,0.830078989956659,1.21206512713006
"vm(ID, ginv)_No_514646",0.26159948840755,0.846245058050779,0.309129708845936
"vm(ID, ginv)_No_514647",0.971225916926731,0.836766464381494,1.16068934197145
"vm(ID, ginv)_No_514648",0.130438284226395,0.843365724373976,0.154663961857377
"vm(ID, ginv)_No_514649",0.680966501266746,0.845673479168266,0.805235729913734
"vm(ID, ginv)_No_514650",0.560214405577418,0.832470065399276,0.672954414653605
"vm(ID, ginv)_No_514651",0.190083675713234,0.819500021906107,0.231950787836602
"vm(ID, ginv)_No_514652",0.167077747642672,0.847542721260984,0.197131947984983
"vm(ID, ginv)_No_514653",0.736068621910352,0.842287811535816,0.873892049521902
"vm(ID, ginv)_No_514654",0.613833888414652,0.832841355386942,0.73703579252433
"vm(ID, ginv)_No_514655",0.340959901704501,0.848719873047237,0.401734320748636
"vm(ID, ginv)_No_514656",0.519656784714653,0.825621567057172,0.629412802970865
"vm(ID, ginv)_No_514657",-0.0187148852289038,0.831728388111908,-0.0225011981031309
"vm(ID, ginv)_No_514658",1.35704345946521,0.84431704368751,1.60726763673796
"vm(ID, ginv)_No_514659",-0.472005654255008,0.823596982610617,-0.573102699768103
"vm(ID, ginv)_No_514660",-0.394968590505895,0.839407792761378,-0.470532432402821
"vm(ID, ginv)_No_514661",1.11350884432986,0.859953494222734,1.29484774677996
"vm(ID, ginv)_No_514662",-0.178282083634544,0.849225764059488,-0.209934850283293
"vm(ID, ginv)_No_514663",0.374653347096649,0.839659482678008,0.446196767648869
"vm(ID, ginv)_No_514664",-0.0566703164326059,0.824596705374998,-0.068724888255325
"vm(ID, ginv)_No_514665",0.782269832101792,0.856126165962934,0.913731951203627
"vm(ID, ginv)_No_514666",0.177642851273995,0.823111735280018,0.215818635137745
"vm(ID, ginv)_No_514667",1.35637081474979,0.831884590749899,1.63047955188964
"vm(ID, ginv)_No_514668",0.727189438555792,0.855697799126911,0.849820391378545
"vm(ID, ginv)_No_514669",0.891994369713125,0.853865053115065,1.04465496797059
"vm(ID, ginv)_No_514670",1.22948152746882,0.852981494929916,1.44139296664325
"vm(ID, ginv)_No_514671",0.377439629384568,0.84084737162608,0.448880072794487
"vm(ID, ginv)_No_514672",-0.178730674613743,0.823127099355763,-0.217136180735186
"vm(ID, ginv)_No_514673",0.959702243195641,0.836401632220534,1.14741794638511
"vm(ID, ginv)_No_514674",0.218266301440646,0.82390488226221,0.26491686860909
"vm(ID, ginv)_No_514675",-0.0321181852116128,0.812169333751416,-0.0395461683627706
"vm(ID, ginv)_No_514676",0.559132667734774,0.839008700074358,0.666420583821384
"vm(ID, ginv)_No_514677",0.649790130655683,0.835815968021672,0.77743206102379
"vm(ID, ginv)_No_514678",0.419888167596949,0.830648488441496,0.505494410017845
"vm(ID, ginv)_No_514679",0.491590694664658,0.819988179791246,0.599509489014594
"vm(ID, ginv)_No_514680",1.10543239328051,0.81951971311849,1.34887834372409
"vm(ID, ginv)_No_514681",-0.251470769298242,0.797524873375024,-0.315314014262714
"vm(ID, ginv)_No_514682",0.752658313324703,0.817162740039921,0.921062936971323
"vm(ID, ginv)_No_514683",0.106454790766506,0.833991930506745,0.127644869059851
"vm(ID, ginv)_No_514684",0.48081136367063,0.831490464617474,0.57825240833258
"vm(ID, ginv)_No_514685",0.74769644401967,0.852378399606449,0.877188399383288
"vm(ID, ginv)_No_514686",0.675878182564656,0.845914993918524,0.798990663865399
"vm(ID, ginv)_No_514687",0.0224788406721043,0.833416747758691,0.026971908990978
"vm(ID, ginv)_No_514688",0.175276609038802,0.837853237707718,0.209197268865775
"vm(ID, ginv)_No_514689",0.423120698220714,0.844968261951633,0.500753362313783
"vm(ID, ginv)_No_514690",0.323157046759734,0.805245631492369,0.401314871042299
"vm(ID, ginv)_No_514691",-0.253828843067336,0.815871635282929,-0.311113699864455
"vm(ID, ginv)_No_514692",1.02545172113243,0.80871879435255,1.26799541236506
"vm(ID, ginv)_No_514693",0.830000720162355,0.833922293328339,0.995297435747481
"vm(ID, ginv)_No_514694",1.4358298263966,0.8123454315491,1.76751141895209
"vm(ID, ginv)_No_514695",-0.0207555297597882,0.81771832709142,-0.0253822484737679
"vm(ID, ginv)_No_514696",0.229858330828619,0.817900682078438,0.281034526398127
"vm(ID, ginv)_No_514697",0.362282012764236,0.859782653009647,0.421364645467173
"vm(ID, ginv)_No_514698",0.452225559732438,0.833470934313363,0.542581080052893
"vm(ID, ginv)_No_514699",0.778144757719116,0.839706164744744,0.926686965500198
"vm(ID, ginv)_No_514700",0.0773483225448531,0.835808390127977,0.0925431276575361
"vm(ID, ginv)_No_514701",0.389603618354504,0.823889622479038,0.472883269462975
"vm(ID, ginv)_No_514702",1.13463000328284,0.824092749077486,1.37682318471188
"vm(ID, ginv)_No_514703",0.943755176963869,0.835219956576525,1.12994806880839
"vm(ID, ginv)_No_514704",-0.0543960760996366,0.844628177762538,-0.0644023933036837
"vm(ID, ginv)_No_514705",0.33521833143798,0.832833714541504,0.402503315589866
"vm(ID, ginv)_No_514706",0.817417587576713,0.851825891773119,0.959606411910322
"vm(ID, ginv)_No_514707",0.444736767629762,0.840175984639788,0.52933763373448
"vm(ID, ginv)_No_514708",0.630214912574567,0.849407854467874,0.741946179635195
"vm(ID, ginv)_No_514709",0.282715241945604,0.851280776370184,0.332105751466734
"vm(ID, ginv)_No_514710",0.686523980915953,0.851007135398259,0.806719417922
"vm(ID, ginv)_No_514711",0.041578946220366,0.824065499706458,0.0504558754555031
"vm(ID, ginv)_No_514712",0.430123714752039,0.85867952880745,0.500912971978502
"vm(ID, ginv)_No_514713",0.84079748879572,0.826101971712055,1.01778898681625
"vm(ID, ginv)_No_514714",0.441950173597111,0.850284733031553,0.519767269043406
"vm(ID, ginv)_No_514715",0.471150346137388,0.844279547438536,0.558050171376073
"vm(ID, ginv)_No_514716",0.207193012149817,0.831786703743729,0.249093921815866
"vm(ID, ginv)_No_514717",0.0666427281709023,0.860807677463001,0.0774188357233451
"vm(ID, ginv)_No_514718",0.657907383099816,0.853252095829467,0.771058619504765
"vm(ID, ginv)_No_514719",0.546780169075356,0.856898210277823,0.638092322421912
"vm(ID, ginv)_No_514720",0.4984725680512,0.830203226025831,0.600422345306196
"vm(ID, ginv)_No_514721",0.988004623274533,0.848124420100206,1.16492887111752
"vm(ID, ginv)_No_514722",-0.379811292346135,0.852957102379161,-0.445287683620576
"vm(ID, ginv)_No_514723",0.907830026482587,0.848260457683758,1.07022556369242
"vm(ID, ginv)_No_514724",0.832638014414136,0.846176683864365,0.984000186121414
"vm(ID, ginv)_No_514725",0.4063022922949,0.852390828277952,0.476661971030043
"vm(ID, ginv)_No_514726",0.300764647616591,0.813121966383777,0.369888725247691
"vm(ID, ginv)_No_514727",-0.0397757694298786,0.850347539526951,-0.0467758975959475
"vm(ID, ginv)_No_514728",1.03694102846114,0.863837067482957,1.20038959601789
"vm(ID, ginv)_No_514729",0.501344042408891,0.835296765034175,0.600198711877424
"vm(ID, ginv)_No_514730",1.16657685238917,0.839804886184014,1.38910462606377
"vm(ID, ginv)_No_514731",0.483963444604748,0.863333239546025,0.560575479358626
"vm(ID, ginv)_No_514732",0.0887903816631378,0.831392488970066,0.106797190064986
"vm(ID, ginv)_No_514733",0.170509873463093,0.840100993878909,0.20296354212821
"vm(ID, ginv)_No_514734",0.176869632445387,0.830391057565172,0.212995589046919
"vm(ID, ginv)_No_514735",0.56165862015236,0.81904604329337,0.685747309020553
"vm(ID, ginv)_No_514736",1.26087120243962,0.825988568012108,1.52649958034424
"vm(ID, ginv)_No_514737",1.0699232894233,0.843423770460551,1.26854770626049
"vm(ID, ginv)_No_514738",0.508389490058297,0.831856105760601,0.611150758571947
"vm(ID, ginv)_No_514739",0.644904373356411,0.845792288351076,0.762485520663343
"vm(ID, ginv)_No_514740",1.20755404566468,0.820748880522331,1.47128320771657
"vm(ID, ginv)_No_514741",0.0706593172299597,0.832749641187354,0.0848506126393666
"vm(ID, ginv)_No_514742",1.12219977378537,0.844467818609046,1.32888400132735
"vm(ID, ginv)_No_514743",0.498793660598739,0.825861710747757,0.603967533677179
"vm(ID, ginv)_No_514744",0.319239195757199,0.847603226274004,0.37663754202606
"vm(ID, ginv)_No_514745",0.581489833333711,0.829062993653178,0.701381967094488
"vm(ID, ginv)_No_514746",1.13059771509841,0.835571241369387,1.35308356621455
"vm(ID, ginv)_No_514747",0.280960496623374,0.834750336323106,0.336580273643187
"vm(ID, ginv)_No_514748",1.06381384702431,0.83406258003532,1.27546046602313
"vm(ID, ginv)_No_514749",0.895467591218392,0.857022361251309,1.04485907451814
"vm(ID, ginv)_No_514750",0.999232480083439,0.84642041754248,1.1805391970395
"vm(ID, ginv)_No_514751",0.508050897248788,0.838829706665493,0.605666314880987
"vm(ID, ginv)_No_514752",0.356447816471798,0.831893497481971,0.428477704839282
"vm(ID, ginv)_No_514753",-0.359739077645903,0.812478844391227,-0.442767316502188
"vm(ID, ginv)_No_514754",1.9595330585103,0.906672495253519,2.16123580319086
"vm(ID, ginv)_No_514755",0.449950632149249,0.83753996528422,0.537228849726063
"vm(ID, ginv)_No_514756",0.438710196759616,0.832049537680759,0.527264515983591
"vm(ID, ginv)_No_514757",0.63453652628562,0.828902947557435,0.765513656520871
"vm(ID, ginv)_No_514758",0.153947937399581,0.820921556087281,0.187530630981766
"vm(ID, ginv)_No_514759",0.0168458817562057,0.855188424407267,0.0196984445479154
"vm(ID, ginv)_No_514760",0.0232220655072333,0.853696608971179,0.0272017778484784
"vm(ID, ginv)_No_514761",0.136136985783133,0.819790431351382,0.166063155383161
"vm(ID, ginv)_No_514762",0.0485320581795553,0.828853637309331,0.0585532306247731
"vm(ID, ginv)_No_514763",0.387473550380339,0.811316914749009,0.477585938782268
"vm(ID, ginv)_No_514764",0.734620092440792,0.808884541746681,0.908189061017874
"vm(ID, ginv)_No_514765",0.854123234584266,0.83679151538582,1.02071211153528
"vm(ID, ginv)_No_514766",0.581105675857894,0.824778763869172,0.704559454382448
"vm(ID, ginv)_No_514767",0.0206543532215954,0.849487622184439,0.0243138954379149
"vm(ID, ginv)_No_514768",1.09242642177294,0.814334572293471,1.34149581626659
"vm(ID, ginv)_No_514769",0.128330103383251,0.858119248310743,0.149548100262144
"vm(ID, ginv)_No_514770",1.09171520760469,0.871155929857602,1.25318002229881
"vm(ID, ginv)_No_514771",1.23365197130942,0.837227633172138,1.47349648104099
"vm(ID, ginv)_No_514772",0.300360291957085,0.855817135289895,0.350963166746296
"vm(ID, ginv)_No_514773",0.569866436015068,0.839734002877617,0.678627320154047
"vm(ID, ginv)_No_514774",-0.151318939114358,0.7992076847643,-0.189336191329273
"vm(ID, ginv)_No_514775",0.308440103300899,0.840995054098723,0.366756144162403
"vm(ID, ginv)_No_514776",0.243455936864216,0.809474109763385,0.300758151406942
"vm(ID, ginv)_No_514777",0.502020002686014,0.851508655868838,0.58956535465136
"vm(ID, ginv)_No_514778",0.129764542486493,0.827384890828574,0.15683697384967
"vm(ID, ginv)_No_514779",0.519136231961377,0.837396489773434,0.619940778712643
"vm(ID, ginv)_No_514780",1.10616439819845,0.816383888085095,1.35495618463645
"vm(ID, ginv)_No_514781",0.333050409663683,0.855054057324727,0.389508016260075
"vm(ID, ginv)_No_514782",0.333832234506583,0.832910574149317,0.400802012686102
"vm(ID, ginv)_No_514783",1.22795711110599,0.857683079450597,1.4317142783003
"vm(ID, ginv)_No_514784",0.287346438132748,0.809738925973186,0.354863066249903
"vm(ID, ginv)_No_514785",0.604178070433657,0.848360023345316,0.712171782978667
"vm(ID, ginv)_No_514786",0.486820618164703,0.860028434650688,0.566051770558531
"vm(ID, ginv)_No_514787",0.850068031878864,0.862572951802671,0.985502768319278
"vm(ID, ginv)_No_514788",0.121910228125398,0.849295008494207,0.143542852490731
"vm(ID, ginv)_No_514789",0.267865400822957,0.828714665001398,0.323229951315638
"vm(ID, ginv)_No_514790",0.543512341704498,0.83148131227109,0.653667537301542
"vm(ID, ginv)_No_514791",0.5316492753685,0.845075446544615,0.629114569051004
"vm(ID, ginv)_No_514792",0.753449668473551,0.851206017962169,0.885155476552372
"vm(ID, ginv)_No_514793",0.150701526959996,0.835311485387657,0.180413569783561
"vm(ID, ginv)_No_514794",0.369200452820835,0.848077622407891,0.435338043435917
"vm(ID, ginv)_No_514795",0.211402001599778,0.813465203725164,0.259878358203509
"vm(ID, ginv)_No_514796",0.751203007863626,0.836218013192072,0.898333922509131
"vm(ID, ginv)_No_514797",0.176201920018459,0.843806918460625,0.208817818583318
"vm(ID, ginv)_No_514798",0.449997324264197,0.830239643689865,0.542008958117511
"vm(ID, ginv)_No_514799",-0.0781260648879347,0.828927575279412,-0.09424956681119
"vm(ID, ginv)_No_514800",0.725835261793504,0.826077822634747,0.878652400422127
"vm(ID, ginv)_No_514801",-0.0710168340052097,0.8337612201059,-0.0851764657466192
"vm(ID, ginv)_No_514802",0.691880502197182,0.817538812926009,0.846296825616034
"vm(ID, ginv)_No_514803",0.177758515099736,0.835523710542491,0.212751012157777
"vm(ID, ginv)_No_514804",0.756885437277309,0.839434324890625,0.901661291222429
"vm(ID, ginv)_No_514805",0.809026791756902,0.820286224305819,0.986273775890305
"vm(ID, ginv)_No_514806",0.570087603555949,0.833365657617448,0.68407858944632
"vm(ID, ginv)_No_514807",0.739383746340555,0.834933349776017,0.885560202546593
"vm(ID, ginv)_No_514808",0.634883305086711,0.822573447341454,0.771825673608412
"vm(ID, ginv)_No_514809",-0.289286727266869,0.801776879633414,-0.360807020775077
"vm(ID, ginv)_No_514810",-0.270481598365048,0.815063621757817,-0.331853356160971
"vm(ID, ginv)_No_514811",0.856491296137736,0.823971760042036,1.03946680902516
"vm(ID, ginv)_No_514812",0.518164514891666,0.830594522536383,0.623847738977798
"vm(ID, ginv)_No_514813",0.906421865606863,0.852887128742657,1.0627688413391
"vm(ID, ginv)_No_514814",0.589545905844071,0.844591062117351,0.698025271977313
"vm(ID, ginv)_No_514815",-0.205094009901438,0.819951940246732,-0.250129306163631
"vm(ID, ginv)_No_514816",1.19725419576643,0.854078071027764,1.4018088467319
"vm(ID, ginv)_No_514817",0.45614889818151,0.839350188962405,0.543454810852423
"vm(ID, ginv)_No_514818",1.65983458045611,0.840416012874981,1.97501541501806
"vm(ID, ginv)_No_514819",0.392960286424814,0.843337237112749,0.465958657025691
"vm(ID, ginv)_No_514820",0.513119650515342,0.858871138310074,0.597434967397977
"vm(ID, ginv)_No_514821",0.313780226964226,0.837777114103249,0.374539029154662
"vm(ID, ginv)_No_514822",-0.235827789792612,0.816677098441693,-0.288765033625403
"vm(ID, ginv)_No_514823",0.300003091538438,0.809795393137784,0.370467767636946
"vm(ID, ginv)_No_514824",0.335747024111499,0.827294914570435,0.405837166647921
"vm(ID, ginv)_No_514825",0.522820197225322,0.823360223401972,0.634983549563673
"vm(ID, ginv)_No_514826",0.337343263229687,0.835210667979125,0.403902004803078
"vm(ID, ginv)_No_514827",0.244002011780459,0.842318899735455,0.289678899354024
"vm(ID, ginv)_No_514828",0.338068893680249,0.832256791394577,0.406207431619467
"vm(ID, ginv)_No_514829",1.34293819890328,0.816212862124208,1.64532839559556
"vm(ID, ginv)_No_514830",0.12812476476202,0.817481230070206,0.156731139565146
"vm(ID, ginv)_No_514831",0.265327294993038,0.8206829404329,0.323300609676474
"vm(ID, ginv)_No_514832",0.243778890987323,0.830978217226598,0.293363756033146
"vm(ID, ginv)_No_514833",0.825262786152658,0.807507219310227,1.02198812149023
"vm(ID, ginv)_No_514834",0.882016212455982,0.83333897910626,1.05841228428068
"vm(ID, ginv)_No_514835",0.108534242150152,0.864155295791685,0.125595761177069
"vm(ID, ginv)_No_514836",0.770858336752482,0.823363717663719,0.936230635641536
"vm(ID, ginv)_No_514837",0.789374252414929,0.855196820473958,0.923032258208643
"vm(ID, ginv)_No_514838",0.571132097582321,0.830357632151271,0.687814593939055
"vm(ID, ginv)_No_514839",0.281494414705008,0.825131821042684,0.341150841024765
"vm(ID, ginv)_No_514840",1.38121418896787,0.837759941491376,1.64869925209009
"vm(ID, ginv)_No_514841",0.0992460601656876,0.836398351743496,0.118658842355208
"vm(ID, ginv)_No_514842",0.91248363089004,0.834122284391575,1.09394467449772
"vm(ID, ginv)_No_514843",0.47905857738461,0.837241110993645,0.572187116822368
"vm(ID, ginv)_No_514844",-0.0394213796613755,0.828988198102939,-0.0475536078216646
"vm(ID, ginv)_No_514845",0.59695463769342,0.830280913361999,0.718979116689812
"vm(ID, ginv)_No_514846",-0.0739821199485988,0.816015879416131,-0.0906625983817054
"vm(ID, ginv)_No_514847",0.500731732668925,0.818768299543323,0.611567073307813
"vm(ID, ginv)_No_514848",-0.179898387073989,0.856406920247367,-0.210061809194661
"vm(ID, ginv)_No_514849",0.265705903887513,0.796830964691931,0.333453286407161
"vm(ID, ginv)_No_514850",1.12558750469293,0.842711437120023,1.33567370171175
"vm(ID, ginv)_No_514851",0.771657253650558,0.857131485880643,0.900278739448864
"vm(ID, ginv)_No_514852",0.573997815911276,0.811576643164687,0.707262611295725
"vm(ID, ginv)_No_514853",0.33448423803695,0.825620304882407,0.405130828371027
"vm(ID, ginv)_No_514854",1.21555130276417,0.821108048384044,1.48037923286271
"vm(ID, ginv)_No_514855",-0.132986907144891,0.838030491695181,-0.158689819120881
"vm(ID, ginv)_No_514856",0.554771628353244,0.825870603499866,0.671741585185668
"vm(ID, ginv)_No_514857",0.228372231772261,0.807317730146519,0.282877760817682
"vm(ID, ginv)_No_514858",0.414227139432815,0.836925869162433,0.494938864594255
"vm(ID, ginv)_No_514859",1.59779616874014,0.812809603700764,1.96576930374013
"vm(ID, ginv)_No_514860",0.432572808656476,0.843947817972835,0.512558714465921
"vm(ID, ginv)_No_514861",0.504677619028972,0.840361946960826,0.600547919684061
"vm(ID, ginv)_No_514862",0.915739325852262,0.839576022941676,1.09071638640147
"vm(ID, ginv)_No_514863",0.711304432910323,0.851306044656707,0.835544910522936
"vm(ID, ginv)_No_514864",-0.267420700031185,0.812571581769659,-0.329104174980846
"vm(ID, ginv)_No_514865",-0.230807337999654,0.811816524388856,-0.284309731405637
"vm(ID, ginv)_No_514866",0.00553902576559405,0.830437951745632,0.00667000557230154
"vm(ID, ginv)_No_514867",0.841810739103136,0.847373027922762,0.993435843912496
"vm(ID, ginv)_No_514868",0.529238837313212,0.839891337986829,0.630127747931972
"vm(ID, ginv)_No_514869",1.39956363699105,0.824827627040189,1.6967952952949
"vm(ID, ginv)_No_514870",0.782736626009988,0.839216363020796,0.93269943306693
"vm(ID, ginv)_No_514871",0.57970289164479,0.847236167059641,0.684228216621898
"vm(ID, ginv)_No_514872",-0.414328543423252,0.80785881117972,-0.512872469408616
"vm(ID, ginv)_No_514873",0.761972852195561,0.824947632221886,0.923662087668873
"vm(ID, ginv)_No_514874",-0.239881741725417,0.828371767900517,-0.289582227474253
"vm(ID, ginv)_No_514875",0.38473167557183,0.844719451743362,0.455454973574726
"vm(ID, ginv)_No_514876",1.06067273061201,0.849422746218654,1.24869828990779
"vm(ID, ginv)_No_514877",0.409383142361982,0.846181545941411,0.483800603222239
"vm(ID, ginv)_No_514878",0.476069215204627,0.806981525233841,0.589938183611669
"vm(ID, ginv)_No_514879",0.417294141653604,0.829174117375824,0.503264794340493
"vm(ID, ginv)_No_514880",0.716752146612181,0.831158611452984,0.862353029536921
"vm(ID, ginv)_No_514881",0.644138091675114,0.840071174427586,0.76676609230643
"vm(ID, ginv)_No_514882",0.860677195884697,0.819854193230151,1.0497930034287
"vm(ID, ginv)_No_514883",0.36214802098959,0.809420815285935,0.447416243998689
"vm(ID, ginv)_No_514884",0.428290999035186,0.848634936758124,0.504682261457799
"vm(ID, ginv)_No_514885",0.446981895587716,0.859314462396726,0.520161029689915
"vm(ID, ginv)_No_514886",0.0666482430415092,0.85983354565064,0.0775129597799957
"vm(ID, ginv)_No_514887",0.453767793070861,0.831067005514218,0.546006266715035
"vm(ID, ginv)_No_514888",0.517116513359761,0.833067221268206,0.620738039089496
"vm(ID, ginv)_No_514889",0.540880084193064,0.83668287557854,0.6464576961959
"vm(ID, ginv)_No_514890",0.913323305465322,0.829069261587305,1.10162485546347
"vm(ID, ginv)_No_514891",0.305765874361649,0.840825205791593,0.363649748194437
"vm(ID, ginv)_No_514892",0.490870630828347,0.831825255834475,0.590112679779015
"vm(ID, ginv)_No_514893",0.485345187224252,0.820806399565388,0.591302879072628
"vm(ID, ginv)_No_514894",-0.111428700014996,0.827889621559848,-0.134593666973443
"vm(ID, ginv)_No_514895",1.3246851738391,0.809798952974873,1.63581981548969
"vm(ID, ginv)_No_514896",-0.0722939119633158,0.837062415121467,-0.0863662143435566
"vm(ID, ginv)_No_514897",0.316709105996292,0.835132706575268,0.379232071145986
"vm(ID, ginv)_No_514898",0.259087335482499,0.86473205499308,0.29961574106857
"vm(ID, ginv)_No_514899",1.11816661983541,0.847060310075524,1.32005549845172
"vm(ID, ginv)_No_514900",0.627828281784002,0.830752964659842,0.755734025025202
"vm(ID, ginv)_No_514901",0.357058214115555,0.851035734250081,0.419557252117255
"vm(ID, ginv)_No_514902",0.280590041431344,0.859509570360304,0.32645365579085
"vm(ID, ginv)_No_514903",-0.496394110467467,0.830149735888324,-0.597957319032676
"vm(ID, ginv)_No_514904",0.636596002632523,0.823963885128256,0.772601826515045
"vm(ID, ginv)_No_514905",-0.269215829031641,0.851281195430544,-0.316247827952411
"vm(ID, ginv)_No_514906",-0.361816933878301,0.84901861580479,-0.42615901129015
"vm(ID, ginv)_No_514907",0.482080293877701,0.845031928228681,0.570487667712411
"vm(ID, ginv)_No_514908",0.598305461986238,0.829204051891844,0.721541893845301
"vm(ID, ginv)_No_514909",1.26287142753952,0.851776531233376,1.48263233516293
"vm(ID, ginv)_No_514910",0.56823886239038,0.815868663035217,0.696483255376425
"vm(ID, ginv)_No_514911",0.198723704529442,0.838541641676641,0.236987282029429
"vm(ID, ginv)_No_514912",0.642144709366075,0.841229057451897,0.763341094411487
"vm(ID, ginv)_No_514913",0.185572390262898,0.828175042843953,0.224073874075754
"vm(ID, ginv)_No_514914",0.865300791822247,0.838503524725196,1.03195844299621
"vm(ID, ginv)_No_514915",0.258250925951788,0.82302199100183,0.313783749128537
"vm(ID, ginv)_No_514916",0.966027168790525,0.824709594841741,1.1713543468303
"vm(ID, ginv)_No_514917",0.892828170872261,0.859174474883474,1.03916980423953
"vm(ID, ginv)_No_514918",-0.109641115603677,0.827483576058998,-0.132499446243824
"vm(ID, ginv)_No_514919",0.824216463956562,0.841662950726663,0.979271409350931
"vm(ID, ginv)_No_514920",0.940226164666027,0.826400673898486,1.13773644475697
"vm(ID, ginv)_No_514921",0.209487458630126,0.812610962406482,0.257795511408985
"vm(ID, ginv)_No_514922",1.41062385747357,0.803796659705635,1.7549511315339
"vm(ID, ginv)_No_514923",0.284604703950156,0.839722818708264,0.338926962099184
"vm(ID, ginv)_No_514924",1.28260305734468,0.838130214737002,1.5303147825868
"vm(ID, ginv)_No_514925",0.968708721846543,0.794416191750159,1.21939700110141
"vm(ID, ginv)_No_514926",0.112603121285972,0.842458296966927,0.133660172487318
"vm(ID, ginv)_No_514927",1.03942923175915,0.850804982715733,1.22170092192142
"vm(ID, ginv)_No_514928",0.453642108660196,0.845702488765755,0.536408624411471
"vm(ID, ginv)_No_514929",0.869156168459953,0.825790519157598,1.05251410411758
"vm(ID, ginv)_No_514930",0.0340177018680059,0.834509924749856,0.04076368759569
"vm(ID, ginv)_No_514931",1.16960830471884,0.843372524433421,1.38682286988728
"vm(ID, ginv)_No_514932",0.83254626670973,0.831491825776309,1.00126813144848
"vm(ID, ginv)_No_514933",0.778632762867202,0.856269051493752,0.909331899253962
"vm(ID, ginv)_No_514934",0.717908588496889,0.824870604368546,0.870328733615695
"vm(ID, ginv)_No_514935",1.22970958808275,0.819676893957586,1.50023698014157
"vm(ID, ginv)_No_514936",0.197076799559203,0.821027679835116,0.240036730063451
"vm(ID, ginv)_No_514937",0.752801498364692,0.848689511248782,0.887016380415732
"vm(ID, ginv)_No_514938",0.43128855595062,0.806299892995361,0.534898441259128
"vm(ID, ginv)_No_514939",0.373037667101278,0.829549103122481,0.449687264680461
"vm(ID, ginv)_No_514940",0.644133776535921,0.85350666735713,0.754690972163663
"vm(ID, ginv)_No_514941",0.470637987534072,0.830808526272975,0.566481894023601
"vm(ID, ginv)_No_514942",0.639679365367845,0.826086002273709,0.774349599929305
"vm(ID, ginv)_No_514943",0.736090386791375,0.821020895287747,0.896554997584311
"vm(ID, ginv)_No_514944",0.647874545984039,0.825759266154914,0.784580412885728
"vm(ID, ginv)_No_514945",0.5646255301635,0.840815043228975,0.671521679720636
"vm(ID, ginv)_No_514946",1.00249639847808,0.812085825720197,1.23447099644797
"vm(ID, ginv)_No_514947",-0.162103516404708,0.815006881472747,-0.198898340725395
"vm(ID, ginv)_No_514948",0.528631196195784,0.847706542081521,0.623601647449534
"vm(ID, ginv)_No_514949",0.223753397612962,0.844784331137634,0.264864521470992
"vm(ID, ginv)_No_514950",-0.602041486896309,0.826302142693148,-0.728597271857591
"vm(ID, ginv)_No_514951",0.32439672009778,0.824631969496884,0.393383633059603
"vm(ID, ginv)_No_514952",0.886446409996494,0.854250563148351,1.03768899692554
"vm(ID, ginv)_No_514953",0.153931646412924,0.841472109769188,0.182931370660814
"vm(ID, ginv)_No_514954",0.181977681071691,0.828268510298724,0.219708559252191
"vm(ID, ginv)_No_514955",0.899926523601312,0.831405441648521,1.08241596520817
"vm(ID, ginv)_No_514956",1.80246835827411,0.839881129862216,2.1460993635728
"vm(ID, ginv)_No_514957",0.245617196580789,0.834383666764648,0.294369612402863
"vm(ID, ginv)_No_514958",0.560924431311216,0.804094436805419,0.697585265655747
"vm(ID, ginv)_No_514959",0.884264098190097,0.843786397221025,1.04797150215076
"vm(ID, ginv)_No_514960",0.219576087148243,0.835285019799853,0.26287564357476
"vm(ID, ginv)_No_514961",-0.0787867081165972,0.829367159047242,-0.0949961754057221
"vm(ID, ginv)_No_514962",1.36550554275258,0.853690665045339,1.59953200692438
"vm(ID, ginv)_No_514963",0.890167813620435,0.838843272838868,1.06118489882844
"vm(ID, ginv)_No_514964",-0.0918537397763466,0.843601993950668,-0.108882791215543
"vm(ID, ginv)_No_514965",0.217212742308294,0.799220354221125,0.27178079382122
"vm(ID, ginv)_No_514966",0.467494640910966,0.843865726320986,0.55399173864912
"vm(ID, ginv)_No_514967",-0.757247899501832,0.843257926534037,-0.898002705547371
"vm(ID, ginv)_No_514968",0.269015385640552,0.821943624087074,0.327291772521924
"vm(ID, ginv)_No_514969",1.13857592411859,0.833399031600703,1.36618340188341
"vm(ID, ginv)_No_514970",0.264373378408983,0.834312104672498,0.316875875261045
"vm(ID, ginv)_No_514971",-0.146430896393726,0.812974404268601,-0.180117474332373
"vm(ID, ginv)_No_514972",0.204188464637692,0.860225144787824,0.237366305640897
"vm(ID, ginv)_No_514973",1.18951737820251,0.827471248756244,1.43753318316551
"vm(ID, ginv)_No_514974",0.0677359084056283,0.827192346218645,0.0818865270154763
"vm(ID, ginv)_No_514975",0.136426426198905,0.823117464014622,0.165743569008373
"vm(ID, ginv)_No_514976",0.625627872037675,0.836740432747282,0.747696474979155
"vm(ID, ginv)_No_514977",1.54266544164012,0.822560655788917,1.87544277833293
"vm(ID, ginv)_No_514978",0.195699374696211,0.836542402457438,0.233938380315596
"vm(ID, ginv)_No_514979",0.808777409435118,0.8172916653126,0.989582353229767
"vm(ID, ginv)_No_514980",0.16325341211178,0.841249091263688,0.194060729226522
"vm(ID, ginv)_No_514981",0.468358633796742,0.861347320015343,0.543751194104138
"vm(ID, ginv)_No_514982",0.0411454851013294,0.832568598796347,0.0494199338778977
"vm(ID, ginv)_No_514983",0.128598231440539,0.824405891417496,0.155988976764134
"vm(ID, ginv)_No_514984",0.583192500470882,0.845803407633401,0.689513065574757
"vm(ID, ginv)_No_514985",0.570978673861328,0.81290471878155,0.702393110372343
"vm(ID, ginv)_No_514986",-0.0164299548474856,0.812146456547054,-0.0202302857015959
"vm(ID, ginv)_No_514987",0.0966709595501115,0.837150785161907,0.115476161837936
"vm(ID, ginv)_No_514988",1.61554036166255,0.829818110088345,1.94686081446277
"vm(ID, ginv)_No_514989",0.251316104483897,0.840675711388718,0.298945361545829
"vm(ID, ginv)_No_514990",0.656046759561613,0.798002162511378,0.822111505934997
"vm(ID, ginv)_No_514991",-0.139496345141488,0.810406359140127,-0.172131355545506
"vm(ID, ginv)_No_514992",0.540165112724964,0.822903993377079,0.656413284018959
"vm(ID, ginv)_No_514993",0.146697398044977,0.823871652814821,0.178058557475274
"vm(ID, ginv)_No_514994",1.13219048571699,0.862191434313611,1.31315441172102
"vm(ID, ginv)_No_514995",1.31770877751816,0.829493111013488,1.58857109242072
"vm(ID, ginv)_No_514996",0.463198996557914,0.839085329781955,0.552028476863349
"vm(ID, ginv)_No_514997",0.318998488388211,0.832687072140944,0.383095281602037
"vm(ID, ginv)_No_514998",-0.0862776586152454,0.835062941982564,-0.103318749135735
"vm(ID, ginv)_No_514999",0.848899410539633,0.840125552579419,1.01044350803672
"vm(ID, ginv)_No_515000",0.521458665302103,0.865886967451559,0.602224868722574
"vm(ID, ginv)_Nr_500677",0.985853021470843,0.816938474310343,1.20676532256985
"vm(ID, ginv)_Nr_500809",-0.625866005304993,0.932229067596884,-0.671365040052185
"vm(ID, ginv)_Nr_500065",-0.4316052862976,0.92030514694192,-0.468980628579314
"vm(ID, ginv)_Nr_504105",-0.533373492884832,0.919035295539755,-0.580362359828171
"vm(ID, ginv)_Nr_501388",-0.491250516033238,0.928792543655901,-0.528913070403843
"vm(ID, ginv)_Nr_501559",-0.0416433313045645,0.928923652962841,-0.0448296597591647
"vm(ID, ginv)_Nr_504572",0.261754002925676,0.895940109025471,0.292155692427243
"vm(ID, ginv)_Nr_504954",-0.506877092793887,0.929525300198628,-0.545307473272189
"vm(ID, ginv)_Nr_501167",-0.41657165646342,0.925912285314719,-0.44990401690353
"vm(ID, ginv)_Nr_504975",0.131576434077846,0.918170663294272,0.143302807787136
"vm(ID, ginv)_Nr_503807",-0.362056842438053,0.922999208411466,-0.392261270799109
"vm(ID, ginv)_Nr_500596",-0.756077409301727,0.93897297429525,-0.805217434366739
"vm(ID, ginv)_Nr_500264",-0.521059595593435,0.933068523688636,-0.558436580341995
"vm(ID, ginv)_Nr_500888",-0.17453471564129,0.913024214377139,-0.191161102731932
"vm(ID, ginv)_Nr_500058",-0.757401318965378,0.928202389852003,-0.815987253691667
"vm(ID, ginv)_Nr_502720",0.0576921937500893,0.92656796761459,0.0622643948059368
"vm(ID, ginv)_Nr_500394",0.268291387838322,0.914912328321222,0.293242728875029
"vm(ID, ginv)_Nr_501191",-0.591096738278335,0.915004824021895,-0.646003958405569
"vm(ID, ginv)_Nr_503813",-0.277933604184864,0.917298796028359,-0.302991353949484
"vm(ID, ginv)_Nr_500605",-0.400219688407152,0.932571659663553,-0.429157035022425
"vm(ID, ginv)_Nr_503239",-0.330607417213652,0.912997475193621,-0.362112082668727
"vm(ID, ginv)_Nr_503967",-0.526428012407052,0.930149826468405,-0.565960447905254
"vm(ID, ginv)_Nr_502096",-0.685128314897279,0.92750005199695,-0.738682777884666
"vm(ID, ginv)_Nr_503183",-0.590221064955501,0.914375824858333,-0.645490671242261
"vm(ID, ginv)_Nr_502011",-0.748800508085078,0.935693462707609,-0.800262626521169
"vm(ID, ginv)_Nr_502621",-0.899773173884835,0.928688083331758,-0.968864778211445
"vm(ID, ginv)_Nr_501999",-0.207693290646969,0.919214859424642,-0.225946402538541
"vm(ID, ginv)_Nr_504553",-0.164061451198518,0.923639605270936,-0.17762496352719
"vm(ID, ginv)_Nr_504112",-0.281326982430384,0.928663807466978,-0.302937381825755
"vm(ID, ginv)_Nr_504810",0.355940871535756,0.921806650015342,0.386133981057559
"vm(ID, ginv)_Nr_502758",-0.540719079118061,0.911247264593233,-0.59338348670866
"vm(ID, ginv)_Nr_503484",0.179458878423037,0.921287789200716,0.194791335049312
"vm(ID, ginv)_Nr_504004",-0.89050413101828,0.924895372114188,-0.962816073976785
"vm(ID, ginv)_Nr_503000",-0.457075840902248,0.929434493533277,-0.491778435255463
"vm(ID, ginv)_Nr_503071",-0.266259651187123,0.915526461537969,-0.290826821913853
"vm(ID, ginv)_Nr_504577",-1.10993516614695,0.923659726462887,-1.20167106386396
"vm(ID, ginv)_Nr_501488",-0.540573895319225,0.928436300879137,-0.582241231635767
"vm(ID, ginv)_Nr_502425",-0.0881279681644766,0.917205527517348,-0.0960831193451457
"vm(ID, ginv)_Nr_501752",-0.56571901360136,0.937105421230209,-0.603687697013531
"vm(ID, ginv)_Nr_503472",0.171573983558033,0.924266374912811,0.185632614379397
"vm(ID, ginv)_Nr_501662",-0.196390134102492,0.927964223993055,-0.211635458592811
"vm(ID, ginv)_Nr_500999",-0.643062200572841,0.917810705853344,-0.700647962016249
"vm(ID, ginv)_Nr_503541",-0.857410256787166,0.934851884272146,-0.917161607322133
"vm(ID, ginv)_Nr_503499",-0.286306064552515,0.928885653688246,-0.308225305682895
"vm(ID, ginv)_Nr_502713",-0.702878190221056,0.933684365407241,-0.752800642553852
"vm(ID, ginv)_Nr_501434",-0.111430976677043,0.929241831431004,-0.119916014225751
"vm(ID, ginv)_Nr_503620",-0.596694696091877,0.934029493957306,-0.638839244319571
"vm(ID, ginv)_Nr_501197",0.173700712985732,0.923802959575462,0.188027881038135
"vm(ID, ginv)_Nr_500272",-0.587078038237593,0.916899349187856,-0.640286241622483
"vm(ID, ginv)_Nr_503266",-1.0940013342644,0.940614562804878,-1.16307080235089
"vm(ID, ginv)_Nr_501663",-1.05163190631044,0.922813449326191,-1.13959317246438
"vm(ID, ginv)_Nr_502826",0.225504066472417,0.928400321809302,0.242895291153008
"vm(ID, ginv)_Nr_502326",-0.162394635518676,0.929879083806038,-0.174640593972699
"vm(ID, ginv)_Nr_500493",-0.720478555850232,0.924514578126611,-0.77930469988929
"vm(ID, ginv)_Nr_504582",-1.17350349695609,0.933887135542046,-1.25657957187189
"vm(ID, ginv)_Nr_503635",-1.14050824577878,0.92512095106052,-1.23282068628037
"vm(ID, ginv)_Nr_504626",0.25135234626962,0.927441090280166,0.271017047771401
"vm(ID, ginv)_Nr_500386",-0.189003228035134,0.918965064084036,-0.205669655378598
"vm(ID, ginv)_Nr_501926",-0.459393431996312,0.915972899910021,-0.501536052039793
"vm(ID, ginv)_Nr_501146",-0.666688514607632,0.92097891008414,-0.723891185029117
"vm(ID, ginv)_Nr_502020",-0.754064354388978,0.925915603373729,-0.814398581945717
"vm(ID, ginv)_Nr_501520",-0.503190543593397,0.926536033174066,-0.543087937842633
"vm(ID, ginv)_Nr_504370",-0.55238017731673,0.928486679131944,-0.594925258198813
"vm(ID, ginv)_Nr_500246",-0.543030242255933,0.918101820086942,-0.591470608569874
"vm(ID, ginv)_Nr_500902",-0.15197745306442,0.901553411042722,-0.168572877882681
"vm(ID, ginv)_Nr_500459",-1.36012237508683,0.916435008308791,-1.48414493418014
"vm(ID, ginv)_Nr_501059",-0.330886204062602,0.917256993140996,-0.360734457776699
"vm(ID, ginv)_Nr_504373",-0.632575767172998,0.928760119788692,-0.6810970386163
"vm(ID, ginv)_Nr_500749",-0.496092198253589,0.925209013691101,-0.536194731041844
"vm(ID, ginv)_Nr_500148",0.0157840016432013,0.931742903439102,0.0169402971409193
"vm(ID, ginv)_Nr_503830",-0.149113636650154,0.924414061307802,-0.161306110423286
"vm(ID, ginv)_Nr_501519",0.0172463477769761,0.923580912034369,0.0186733480004342
"vm(ID, ginv)_Nr_500675",-0.0248573929645266,0.923372662057148,-0.0269202175740699
"vm(ID, ginv)_Nr_503819",0.0146931114178676,0.92287340391703,0.0159210476274474
"vm(ID, ginv)_Nr_502996",-0.0525648872600036,0.919557490901493,-0.0571632418637265
"vm(ID, ginv)_Nr_502244",-0.275461695195962,0.91125474677626,-0.302288351496067
"vm(ID, ginv)_Nr_504035",-1.11565054274262,0.920287150082857,-1.21228525535989
"vm(ID, ginv)_Nr_500936",-0.328110256813655,0.887728506135035,-0.369606534594874
"vm(ID, ginv)_Nr_500590",-0.395557612389321,0.922181571506312,-0.428936800095895
"vm(ID, ginv)_Nr_500095",-0.274018983791043,0.921818145168563,-0.297259264451706
"vm(ID, ginv)_Nr_503335",-0.248317530781043,0.936960021344404,-0.265024681015464
"vm(ID, ginv)_Nr_504198",-0.112173594868282,0.933819828324988,-0.120123380834063
"vm(ID, ginv)_Nr_503413",-0.718635076209137,0.951065154619477,-0.755610772530789
"vm(ID, ginv)_Nr_501718",0.301636769704452,0.930569939698964,0.324141965946192
"vm(ID, ginv)_Nr_504625",-0.97745783642304,0.943335867255214,-1.03617160160263
"vm(ID, ginv)_Nr_503119",-0.216157698381019,0.91268794548156,-0.236836368280254
"vm(ID, ginv)_Nr_500704",-0.681093133397269,0.924493399971871,-0.736720384826968
"vm(ID, ginv)_Nr_501950",-0.137697226221932,0.924398937494469,-0.148958659120869
"vm(ID, ginv)_Nr_504892",-0.296188564179572,0.918645094401867,-0.322418925420182
"vm(ID, ginv)_Nr_500253",-0.346927432215771,0.919561732525217,-0.377274760295941
"vm(ID, ginv)_Nr_501355",-0.744671970902432,0.933750475734677,-0.797506389827028
"vm(ID, ginv)_Nr_503618",-0.775845985890891,0.924988538761798,-0.838762809893244
"vm(ID, ginv)_Nr_501872",-0.012661045207114,0.927355676186299,-0.0136528470491299
"vm(ID, ginv)_Nr_502673",-0.194307862075761,0.928333942972521,-0.20930815203588
"vm(ID, ginv)_Nr_504358",-0.425342829516252,0.914061623178395,-0.465332772682482
"vm(ID, ginv)_Nr_503259",-0.147205502920729,0.938948196296647,-0.156777022951138
"vm(ID, ginv)_Nr_503280",-0.664302909531316,0.923806660304453,-0.719093007309978
"vm(ID, ginv)_Nr_502714",-1.04388188167188,0.929281548456222,-1.12332143407565
"vm(ID, ginv)_Nr_502507",-1.27818673882241,0.935026186855686,-1.36700635425058
"vm(ID, ginv)_Nr_504703",-0.660797839333538,0.912618143587184,-0.724068268833853
"vm(ID, ginv)_Nr_504216",-0.254858269810596,0.9265261550082,-0.275068618875999
"vm(ID, ginv)_Nr_501834",-0.595701947709368,0.931398105259053,-0.639578225836828
"vm(ID, ginv)_Nr_503042",-0.579094968104802,0.932152947607831,-0.62124458179414
"vm(ID, ginv)_Nr_504863",-0.678394801602241,0.925918192937501,-0.732672504738259
"vm(ID, ginv)_Nr_504512",-0.762978847987202,0.913570435245658,-0.835161492263087
"vm(ID, ginv)_Nr_500554",0.0940119041622066,0.93628892528698,0.100409074189777
"vm(ID, ginv)_Nr_502410",-0.532316994110329,0.929582164627012,-0.572641143909982
"vm(ID, ginv)_Nr_501492",-0.0367173572954606,0.922234516969495,-0.0398134711072358
"vm(ID, ginv)_Nr_502100",-0.386720292366473,0.921422055436296,-0.419699409282492
"vm(ID, ginv)_Nr_502124",-0.666998972230712,0.925042726134417,-0.721046664534057
"vm(ID, ginv)_Nr_502575",-0.391421313477426,0.933197984312681,-0.419440804692389
"vm(ID, ginv)_Nr_503287",-0.347635145512886,0.925458074972073,-0.375635758025426
"vm(ID, ginv)_Nr_502046",-1.35751983545476,0.918081387986122,-1.4786486832421
"vm(ID, ginv)_Nr_500945",0.168651914949233,0.935883266829659,0.180206144213421
"vm(ID, ginv)_Nr_503881",-1.01337456744845,0.927357552745295,-1.09275496214865
"vm(ID, ginv)_Nr_504961",-1.53957107823664,0.931710973540744,-1.6524127352347
"vm(ID, ginv)_Nr_501183",-0.643782468794825,0.921778909322761,-0.69841310349335
"vm(ID, ginv)_Nr_502203",-0.290657158119286,0.93449048198699,-0.311032764615501
"vm(ID, ginv)_Nr_502074",-0.296236653602449,0.923746437189327,-0.320690442394349
"vm(ID, ginv)_Nr_501829",-0.46841528156486,0.924042688762148,-0.506919525755191
"vm(ID, ginv)_Nr_503528",0.333686725584356,0.922545121198013,0.361702336196881
"vm(ID, ginv)_Nr_500513",-0.642329790969841,0.907518002998013,-0.707787381460076
"vm(ID, ginv)_Nr_502126",-0.509686427142401,0.925825591966601,-0.550520996141126
"vm(ID, ginv)_Nr_504237",-0.330085845300444,0.933207383085428,-0.353711137827793
"vm(ID, ginv)_Nr_501566",0.0520022235198709,0.93666192733331,0.0555186690121184
"vm(ID, ginv)_Nr_501604",-0.481388341423548,0.923289747993962,-0.521383826116843
"vm(ID, ginv)_Nr_504923",-0.08434468138964,0.929948287781583,-0.0906982490293589
"vm(ID, ginv)_Nr_500053",-0.354403033344442,0.889662211898833,-0.398356846682326
"vm(ID, ginv)_Nr_502556",-0.607655447051289,0.932210276620968,-0.651843754881023
"vm(ID, ginv)_Nr_504217",-0.383036629171574,0.929008324695492,-0.412306993370726
"vm(ID, ginv)_Nr_504575",0.138494211805881,0.926360231129813,0.149503624132234
"vm(ID, ginv)_Nr_503826",0.102279764207968,0.929280976350338,0.110063335859583
"vm(ID, ginv)_Nr_503333",-0.341184375907093,0.930956436329522,-0.366488014468517
"vm(ID, ginv)_Nr_502249",-0.474357381524736,0.916704594652082,-0.517459369454529
"vm(ID, ginv)_Nr_504153",-0.00736146228207592,0.929078721828641,-0.00792339993277089
"vm(ID, ginv)_Nr_501376",-0.698417582636083,0.929432806082763,-0.751444943696006
"vm(ID, ginv)_Nr_502792",-0.147570687421077,0.922586877932455,-0.159953160998547
"vm(ID, ginv)_Nr_504631",-0.205671458272778,0.921868663757035,-0.223102776305003
"vm(ID, ginv)_Nr_503264",-0.796384914845907,0.932756178788209,-0.853797522821592
"vm(ID, ginv)_Nr_500486",-0.358723310857282,0.916986955077453,-0.391197834245071
"vm(ID, ginv)_Nr_502196",-0.206828569520811,0.934578566971111,-0.221306775941935
"vm(ID, ginv)_Nr_504046",-0.458608145337316,0.93416072648039,-0.490930663575636
"vm(ID, ginv)_Nr_501212",-0.680296084435083,0.92519135111852,-0.735303117147206
"vm(ID, ginv)_Nr_504393",-0.93910286234555,0.928873872954693,-1.01101224793665
"vm(ID, ginv)_Nr_502123",-0.704635735944183,0.924394983742343,-0.762266940363002
"vm(ID, ginv)_Nr_503736",-0.177708078045899,0.92361043592498,-0.19240587929036
"vm(ID, ginv)_Nr_500025",-0.319646889243455,0.933190045972125,-0.342531396067853
"vm(ID, ginv)_Nr_504803",-0.289064168465912,0.930561223395172,-0.310634229321587
"vm(ID, ginv)_Nr_504743",0.00979724675520137,0.932890125597496,0.0105020371492585
"vm(ID, ginv)_Nr_503290",-0.243010391001508,0.932467542451487,-0.260610026556662
"vm(ID, ginv)_Nr_501081",-0.166144469565755,0.925064045810086,-0.179603207278758
"vm(ID, ginv)_Nr_503681",0.351149039887445,0.928893020801245,0.378029581473818
"vm(ID, ginv)_Nr_502336",-0.49302388172038,0.929353442312689,-0.530502023528846
"vm(ID, ginv)_Nr_503875",-0.496036301289315,0.934918634929525,-0.530566278986093
"vm(ID, ginv)_Nr_502586",0.0143075050914244,0.903345320176798,0.0158383563537189
"vm(ID, ginv)_Nr_502073",-0.662536601952616,0.916852873023437,-0.722620413205249
"vm(ID, ginv)_Nr_502965",-0.113888509027972,0.925819544519111,-0.123013723032957
"vm(ID, ginv)_Nr_501336",-0.218580765695953,0.930840483207926,-0.234820863122181
"vm(ID, ginv)_Nr_503561",-0.290115672525391,0.908010336709766,-0.319507015279852
"vm(ID, ginv)_Nr_500392",-0.327772838391982,0.920903436122773,-0.355925307187457
"vm(ID, ginv)_Nr_501307",-0.472547324010752,0.92351509719001,-0.511683377400734
"vm(ID, ginv)_Nr_502081",-0.219919161720243,0.925744475460923,-0.23755924831282
"vm(ID, ginv)_Nr_504796",-1.6398734797898,0.916387957183426,-1.78949697771023
"vm(ID, ginv)_Nr_504664",-0.784431138811582,0.926260414064575,-0.846879697005916
"vm(ID, ginv)_Nr_503060",-0.793918823959216,0.933979872760644,-0.85003847204176
"vm(ID, ginv)_Nr_501071",-0.68279464060547,0.925805137713667,-0.73751442154628
"vm(ID, ginv)_Nr_500259",1.33009529443324,0.794296956576438,1.67455670504667
"vm(ID, ginv)_Nr_503565",-1.00558488822663,0.923387609705504,-1.0890170906098
"vm(ID, ginv)_Nr_501236",0.0481187475475155,0.926334931511663,0.0519453017592586
"vm(ID, ginv)_Nr_501575",-0.586309335899843,0.919391763359688,-0.63771436646041
"vm(ID, ginv)_Nr_502422",-0.664517525838241,0.938555330920829,-0.70802168390677
"vm(ID, ginv)_Nr_504086",-0.444699819447591,0.927879828963509,-0.479264453829484
"vm(ID, ginv)_Nr_503703",-0.867753326180355,0.919342479342468,-0.943884728138516
"vm(ID, ginv)_Nr_504671",0.101571144043702,0.92931415110566,0.109296887304317
"vm(ID, ginv)_Nr_502811",-1.14745497247646,0.930165549670547,-1.23360295689609
"vm(ID, ginv)_Nr_502323",-0.127845440303504,0.919827861892394,-0.138988440772475
"vm(ID, ginv)_Nr_501206",0.121307515256392,0.918125328511991,0.132125224617205
"vm(ID, ginv)_Nr_503313",-0.355214473143123,0.922933869872549,-0.38487532502429
"vm(ID, ginv)_Nr_501252",0.0134055752424544,0.936653686817821,0.0143122003693792
"vm(ID, ginv)_Nr_501159",-0.0745806794943033,0.931008289091654,-0.0801074280091196
"vm(ID, ginv)_Nr_500174",-0.293845401452225,0.935959433866024,-0.313951001314751
"vm(ID, ginv)_Nr_504459",-0.0480553017477155,0.92563334866785,-0.0519161305249812
"vm(ID, ginv)_Nr_503276",-0.547462685781151,0.926823882720012,-0.590686856465627
"vm(ID, ginv)_Nr_500443",-0.692914976591685,0.929523895168431,-0.745451494247093
"vm(ID, ginv)_Nr_503889",-0.797035720738676,0.927311997977602,-0.859511925303404
"vm(ID, ginv)_Nr_502664",-0.520071333811793,0.937258360681887,-0.554885777101443
"vm(ID, ginv)_Nr_502234",-0.903839655244309,0.929782900158829,-0.972097524153124
"vm(ID, ginv)_Nr_503672",0.349984909635333,0.919732663949852,0.380528955155621
"vm(ID, ginv)_Nr_504903",-0.0199101544086547,0.924956307420066,-0.0215255080147397
"vm(ID, ginv)_Nr_503138",-0.0263209843630914,0.945508419412337,-0.027837916429608
"vm(ID, ginv)_Nr_501994",-0.185310163041835,0.921530800705979,-0.201089494675457
"vm(ID, ginv)_Nr_503270",-0.8082086601711,0.920552777660375,-0.877960155880684
"vm(ID, ginv)_Nr_504715",-0.381374241555294,0.923336318431016,-0.413039359486418
"vm(ID, ginv)_Nr_500996",0.0983349074053556,0.931188358317514,0.105601521461274
"vm(ID, ginv)_Nr_501062",0.276117190206138,0.928827928042539,0.297274857774832
"vm(ID, ginv)_Nr_502721",-0.610134431663801,0.931418849056879,-0.655059141525428
"vm(ID, ginv)_Nr_501866",-0.464056910118993,0.923659756511842,-0.502411095479013
"vm(ID, ginv)_Nr_500153",0.0685323718447209,0.927948049036408,0.0738536730756487
"vm(ID, ginv)_Nr_500409",-0.475737280005699,0.930221956250531,-0.51142340471436
"vm(ID, ginv)_Nr_503634",-1.02481853203019,0.928989847690819,-1.10315364002908
"vm(ID, ginv)_Nr_500371",-0.556106215675524,0.927923619290946,-0.599301714186843
"vm(ID, ginv)_Nr_503776",-0.559168513534329,0.933177818869154,-0.599208963423437
"vm(ID, ginv)_Nr_503769",-0.0185312765431237,0.913250382442432,-0.0202915617659671
"vm(ID, ginv)_Nr_504232",-0.132990433701806,0.921118600312418,-0.144379272828384
"vm(ID, ginv)_Nr_503498",0.315169746061621,0.926414945758831,0.340203650107851
"vm(ID, ginv)_Nr_501094",-0.870036803691781,0.928520379727629,-0.93701422466031
"vm(ID, ginv)_Nr_502331",-0.72465454908557,0.893421264782085,-0.811100628170431
"vm(ID, ginv)_Nr_501086",0.213041091759765,0.927186898566187,0.229771464727569
"vm(ID, ginv)_Nr_503970",-0.0827641179404228,0.925867983337492,-0.0893908412753204
"vm(ID, ginv)_Nr_502873",-0.742799098641669,0.915198719424299,-0.811626024901918
"vm(ID, ginv)_Nr_503628",0.540734178822317,0.921265304047035,0.586947295688789
"vm(ID, ginv)_Nr_502645",-0.277278185756065,0.926149249654982,-0.299388231280606
"vm(ID, ginv)_Nr_503720",0.219972851551087,0.913725615988961,0.240742787223932
"vm(ID, ginv)_Nr_504055",-0.388537700778388,0.925478713461006,-0.419823487160905
"vm(ID, ginv)_Nr_500312",-1.04944848896934,0.91741705030103,-1.14391648664583
"vm(ID, ginv)_Nr_501641",-1.09004828487874,0.928497631139333,-1.17399145492829
"vm(ID, ginv)_Nr_503443",0.9307467191697,0.788307234403071,1.18069031787395
"vm(ID, ginv)_Nr_502458",0.336462048212455,0.93283389585799,0.360688060014144
"vm(ID, ginv)_Nr_500774",-0.00779662051688433,0.925560870402947,-0.00842367127457543
"vm(ID, ginv)_Nr_503798",0.292507238088088,0.926528857042118,0.315702242693118
"vm(ID, ginv)_Nr_502794",-0.311418996499506,0.911082879175029,-0.341811929098581
"vm(ID, ginv)_Nr_501362",-0.399739462610523,0.934949067196114,-0.427552127314625
"vm(ID, ginv)_Nr_501356",0.0334902605658814,0.920493577026074,0.0363829378083023
"vm(ID, ginv)_Nr_504070",-0.941417629415992,0.929971465363755,-1.01230808092349
"vm(ID, ginv)_Nr_503072",-0.918761422417544,0.934437348726686,-0.983224208310484
"vm(ID, ginv)_Nr_501657",-0.828271308077425,0.931031252161866,-0.889627825225167
"vm(ID, ginv)_Nr_500132",-0.34957515220374,0.921058592324359,-0.379536280446135
"vm(ID, ginv)_Nr_504971",-0.546986529422793,0.921310364220549,-0.593704956185484
"vm(ID, ginv)_Nr_503463",0.0137438440723957,0.922377896589739,0.0149004482037244
"vm(ID, ginv)_Nr_504795",0.0189187624839093,0.923781301831303,0.0204796984377198
"vm(ID, ginv)_Nr_502558",-0.703432463778022,0.929055406519597,-0.757148022434101
"vm(ID, ginv)_Nr_501823",-0.412938255824691,0.925835708201479,-0.446016773998555
"vm(ID, ginv)_Nr_500232",-1.06222794697839,0.92924974597115,-1.14310275744898
"vm(ID, ginv)_Nr_504521",0.0316507054167969,0.930248753042525,0.0340239159829866
"vm(ID, ginv)_Nr_503501",0.0090557238732591,0.924705371232559,0.00979309102659212
"vm(ID, ginv)_Nr_500939",-0.0347347201496914,0.918402071346286,-0.0378208207857956
"vm(ID, ginv)_Nr_501226",-0.68780781739538,0.919782496236558,-0.747793984131747
"vm(ID, ginv)_Nr_501373",0.0835815148761286,0.9233024568747,0.0905245234146186
"vm(ID, ginv)_Nr_501124",0.286997409092277,0.906477724603021,0.316607238438168
"vm(ID, ginv)_Nr_500930",-0.338926965424889,0.933637950411984,-0.363017554369263
"vm(ID, ginv)_Nr_502109",-0.118702216991781,0.929167202975286,-0.127751191186779
"vm(ID, ginv)_Nr_500297",-0.808210263600184,0.938238355849376,-0.861412516938215
"vm(ID, ginv)_Nr_501518",0.173835894360043,0.92002873151788,0.188946158315344
"vm(ID, ginv)_Nr_500042",-1.18220782576215,0.923383071883952,-1.28030051855956
"vm(ID, ginv)_Nr_504053",-0.318424740743982,0.925698986796746,-0.3439830282691
"vm(ID, ginv)_Nr_500154",-0.249067289545161,0.929915717029598,-0.26783856319877
"vm(ID, ginv)_Nr_501364",-0.326441711316864,0.927137424460537,-0.352096358861586
"vm(ID, ginv)_Nr_500736",-0.538544189601205,0.932309908018244,-0.57764503516428
"vm(ID, ginv)_Nr_501933",0.529965759573733,0.766066572794418,0.691801180725784
"vm(ID, ginv)_Nr_500729",-0.0181926355472145,0.932242218254973,-0.0195149234726448
"vm(ID, ginv)_Nr_503911",1.14252793966488,0.728554017838735,1.56821307918143
"vm(ID, ginv)_Nr_504874",-0.625019914505304,0.934656711378327,-0.668716018294669
"vm(ID, ginv)_Nr_501767",-0.908687594322724,0.930714508804283,-0.976333328562957
"vm(ID, ginv)_Nr_501039",0.0341013801380837,0.915272380472754,0.0372581767631508
"vm(ID, ginv)_Nr_501980",-1.04343519431966,0.936654413782815,-1.11400232462002
"vm(ID, ginv)_Nr_500875",-1.05019343811455,0.919606016245947,-1.14200366196134
"vm(ID, ginv)_Nr_500555",0.00552389567566712,0.93111328102013,0.00593257102896774
"vm(ID, ginv)_Nr_501392",-1.23279992358969,0.92930389916096,-1.32658425806966
"vm(ID, ginv)_Nr_502919",0.173315776968231,0.928317589542893,0.186698796748613
"vm(ID, ginv)_Nr_504172",-0.419006462405608,0.911501139029063,-0.459688358537804
"vm(ID, ginv)_Nr_504547",-0.194402407460896,0.928461585786016,-0.209381206974028
"vm(ID, ginv)_Nr_503789",-0.802060229792955,0.928642918240317,-0.863690675973469
"vm(ID, ginv)_Nr_504228",-1.19080681516362,0.925583625680105,-1.28654697655075
"vm(ID, ginv)_Nr_502544",-0.0141188899535698,0.915971501822384,-0.0154141148774601
"vm(ID, ginv)_Nr_500801",0.435296388603386,0.930666682935705,0.467725337744209
"vm(ID, ginv)_Nr_502790",-1.14238739249382,0.934336195528657,-1.22267273596036
"vm(ID, ginv)_Nr_502964",-0.223130043435118,0.919028974889391,-0.242788910395315
"vm(ID, ginv)_Nr_503731",-0.61294600813151,0.931315571029489,-0.658150714106445
"vm(ID, ginv)_Nr_500623",-0.354613160735046,0.928440809960064,-0.381944822901849
"vm(ID, ginv)_Nr_504378",-0.541670559700416,0.930289290124432,-0.582260341434183
"vm(ID, ginv)_Nr_501760",0.0832763649958403,0.931657429309796,0.0893851778303687
"vm(ID, ginv)_Nr_502169",-0.37715925982868,0.926722475098791,-0.406981885044359
"vm(ID, ginv)_Nr_501265",-0.981910815920555,0.923987082620908,-1.06268889943282
"vm(ID, ginv)_Nr_500588",-0.233695868635815,0.933409612604904,-0.250367968660222
"vm(ID, ginv)_Nr_500228",-0.220313134109877,0.932475125128532,-0.236267036163039
"vm(ID, ginv)_Nr_501316",0.207939961227682,0.929169453235167,0.223791215373773
"vm(ID, ginv)_Nr_503046",0.516628455628058,0.799152292399153,0.646470592078359
"vm(ID, ginv)_Nr_501264",-0.510510111973411,0.935327806262659,-0.545808761971147
"vm(ID, ginv)_Nr_501743",-0.298447298269731,0.924670643137835,-0.322760650491683
"vm(ID, ginv)_Nr_501140",0.165167096998637,0.925910341643342,0.178383467135157
"vm(ID, ginv)_Nr_501530",-0.703159318231642,0.934853218457581,-0.752160129899095
"vm(ID, ginv)_Nr_500597",-0.283145265031318,0.916069943978996,-0.309086950065693
"vm(ID, ginv)_Nr_504596",0.446219388936807,0.922116405469494,0.483907873550536
"vm(ID, ginv)_Nr_500429",-0.176172221316741,0.911635207161346,-0.193248593223277
"vm(ID, ginv)_Nr_504409",-0.38251056785581,0.921659171876884,-0.415023882501878
"vm(ID, ginv)_Nr_503845",-0.37482633428471,0.929961516609979,-0.403055747565854
"vm(ID, ginv)_Nr_501149",-0.130909660589246,0.925790843134466,-0.141403062646443
"vm(ID, ginv)_Nr_502399",-0.0381500737276204,0.927439880606147,-0.0411348212702333
"vm(ID, ginv)_Nr_500685",-0.306602270868558,0.917270602511886,-0.334254984329539
"vm(ID, ginv)_Nr_500370",-0.689527915635612,0.924055435753845,-0.746197564514184
"vm(ID, ginv)_Nr_501987",-0.450723743245481,0.914637466362244,-0.492789503843669
"vm(ID, ginv)_Nr_502212",-0.119446133184593,0.930313700315371,-0.12839339369516
"vm(ID, ginv)_Nr_502739",-0.468166747912656,0.930982042224678,-0.502874090668734
"vm(ID, ginv)_Nr_504610",-0.767566304599752,0.919892176733401,-0.834408992720681
"vm(ID, ginv)_Nr_500170",-0.43267581683058,0.925729839945249,-0.467388862452754
"vm(ID, ginv)_Nr_503700",-0.239892707916567,0.92261318237001,-0.26001439444029
"vm(ID, ginv)_Nr_504178",-0.99320996749127,0.925691528576595,-1.07293837831539
"vm(ID, ginv)_Nr_501090",-1.1426753471982,0.930652620811948,-1.22782155408456
"vm(ID, ginv)_Nr_504140",-0.418172304040955,0.928642485917656,-0.450304945533189
"vm(ID, ginv)_Nr_504360",0.8391971659756,0.768520414965652,1.09196470208681
"vm(ID, ginv)_Nr_503253",-0.840257010979137,0.93380640746234,-0.899819281881533
"vm(ID, ginv)_Nr_501985",-0.314096328910801,0.919731009086396,-0.34150890402489
"vm(ID, ginv)_Nr_500545",-0.377338771191382,0.926135333281885,-0.407433727697475
"vm(ID, ginv)_Nr_503188",-0.59819567314699,0.92941540736565,-0.643625733344066
"vm(ID, ginv)_Nr_501315",0.0318759132044952,0.92160975369023,0.0345872133805664
"vm(ID, ginv)_Nr_503532",-0.027223462463843,0.925914082899329,-0.0294017155226733
"vm(ID, ginv)_Nr_504657",-0.0279723908184766,0.918569869800935,-0.030452110109532
"vm(ID, ginv)_Nr_501795",-0.568276690685533,0.920354828168049,-0.617453913743983
"vm(ID, ginv)_Nr_502700",-0.435108372848685,0.931506985289958,-0.46710156737391
"vm(ID, ginv)_Nr_503823",-0.813797287338069,0.925522304619007,-0.879284360059881
"vm(ID, ginv)_Nr_502688",-0.523730349651222,0.930475636356435,-0.562863044648917
"vm(ID, ginv)_Nr_504377",-0.950437376968984,0.923105336652707,-1.02960879894313
"vm(ID, ginv)_Nr_503946",-0.706754119936426,0.926903350644116,-0.762489551305747
"vm(ID, ginv)_Nr_501790",-0.371447777228545,0.936315498791842,-0.396712195523663
"vm(ID, ginv)_Nr_500516",0.0233478217341126,0.931640120647578,0.0250609878392567
"vm(ID, ginv)_Nr_504763",-0.632028319537152,0.913005473530329,-0.6922503072115
"vm(ID, ginv)_Nr_504940",-0.394826956339349,0.922054101689724,-0.428203676569307
"vm(ID, ginv)_Nr_502706",-0.673075346239421,0.915054945141112,-0.735557301573431
"vm(ID, ginv)_Nr_501461",-0.840003107524554,0.925781266536394,-0.907345112595808
"vm(ID, ginv)_Nr_504750",-0.165009658185169,0.928342327505374,-0.177746563197846
"vm(ID, ginv)_Nr_502596",-0.58878664729812,0.916550404899904,-0.642394181651604
"vm(ID, ginv)_Nr_502316",0.141461895062723,0.926175917486713,0.15273760890544
"vm(ID, ginv)_Nr_502590",-0.425848107149806,0.926611938475254,-0.459575459226806
"vm(ID, ginv)_Nr_504068",-0.375350534273802,0.933312380961552,-0.402170315031174
"vm(ID, ginv)_Nr_501923",0.00543965521294801,0.906642623811787,0.00599977882142595
"vm(ID, ginv)_Nr_500231",-0.560328110600109,0.931493010809747,-0.601537643436547
"vm(ID, ginv)_Nr_504751",-0.361594388348571,0.917956558486654,-0.393912309907886
"vm(ID, ginv)_Nr_500572",-0.386564714372984,0.921938988225686,-0.419295332239876
"vm(ID, ginv)_Nr_503481",-0.973560251083978,0.948392202146992,-1.02653759581744
"vm(ID, ginv)_Nr_501831",-0.784362838646934,0.93417749839012,-0.839629342387969
"vm(ID, ginv)_Nr_500587",-0.645782753817307,0.906657370674752,-0.712267693072083
"vm(ID, ginv)_Nr_502517",-0.459506206018316,0.930715790388053,-0.493712700229067
"vm(ID, ginv)_Nr_502059",-0.649793796305179,0.918334273930381,-0.707578726779003
"vm(ID, ginv)_Nr_503810",-0.480112969500238,0.931849008621146,-0.515226141851736
"vm(ID, ginv)_Nr_502760",-0.336699833040005,0.934085227722181,-0.360459434586142
"vm(ID, ginv)_Nr_503228",-0.673272825834451,0.92816947874118,-0.725377036473522
"vm(ID, ginv)_Nr_503084",-0.263439226615984,0.938172736980016,-0.280800343297116
"vm(ID, ginv)_Nr_502401",-0.644415739014885,0.923470609786957,-0.697819434842167
"vm(ID, ginv)_Nr_504251",-0.210865545249276,0.894769986635215,-0.23566452652512
"vm(ID, ginv)_Nr_502150",-0.103388814969125,0.922402965147914,-0.112086386184314
"vm(ID, ginv)_Nr_503113",0.188331673011116,0.907262217690265,0.207582404886843
"vm(ID, ginv)_Nr_501605",0.344721628310194,0.934909149411848,0.368722060883732
"vm(ID, ginv)_Nr_504338",0.0196463670706891,0.909546364226575,0.0216001820725161
"vm(ID, ginv)_Nr_501091",0.29323313762998,0.922760095823669,0.317778303328381
"vm(ID, ginv)_Nr_502545",-0.615478863438975,0.940738456584154,-0.654250774092721
"vm(ID, ginv)_Nr_503552",-0.205184339719125,0.931816389048567,-0.220198251641215
"vm(ID, ginv)_Nr_502444",-0.569635263763838,0.920442743556581,-0.618870937656343
"vm(ID, ginv)_Nr_500992",-0.971374676269394,0.931524058148139,-1.04278002030401
"vm(ID, ginv)_Nr_501964",-0.492689120529422,0.918127917973667,-0.536623612989354
"vm(ID, ginv)_Nr_503624",-0.647299311894965,0.927750452514681,-0.697708430257782
"vm(ID, ginv)_Nr_500482",-0.276449598135769,0.934486679267024,-0.295830432117669
"vm(ID, ginv)_Nr_501741",0.0306976172965774,0.928932034661097,0.0330461391696722
"vm(ID, ginv)_Nr_501799",-0.386961658444445,0.923969777473875,-0.418803372013308
"vm(ID, ginv)_Nr_503964",-0.796873402814838,0.915633618385936,-0.870297231134386
"vm(ID, ginv)_Nr_504414",0.73763237849765,0.889503838791593,0.829262726397827
"vm(ID, ginv)_Nr_502649",-0.419749944830616,0.925142614126176,-0.453713771716247
"vm(ID, ginv)_Nr_502071",0.0127029416557543,0.911798564077121,0.0139317412378375
"vm(ID, ginv)_Nr_504681",-0.0363130578175248,0.936637409899001,-0.0387696000968406
"vm(ID, ginv)_Nr_504813",-0.9338849528801,0.927318482710326,-1.00708113802561
"vm(ID, ginv)_Nr_502627",0.168609103385166,0.93564788968387,0.180205721879129
"vm(ID, ginv)_Nr_500937",-1.27672097469362,0.92587794458516,-1.37893010861777
"vm(ID, ginv)_Nr_502043",-0.343499604488663,0.918087842704977,-0.374146773882338
"vm(ID, ginv)_Nr_500562",0.471724423941714,0.921536666579178,0.51188893621867
"vm(ID, ginv)_Nr_502072",-0.322974634864136,0.920916382746265,-0.350710054588228
"vm(ID, ginv)_Nr_504939",-0.572883004264491,0.922781386585517,-0.620822019811515
"vm(ID, ginv)_Nr_501815",-0.166372173745092,0.926887263338466,-0.179495587355308
"vm(ID, ginv)_Nr_503829",-0.516085606245912,0.914789829286604,-0.564157569010556
"vm(ID, ginv)_Nr_503171",0.117964948204983,0.918028329914862,0.128498156713664
"vm(ID, ginv)_Nr_504919",-0.799168531164348,0.921408724294069,-0.867333366934013
"vm(ID, ginv)_Nr_500688",-0.73660131824486,0.922276975949718,-0.798676902333317
"vm(ID, ginv)_Nr_500005",-0.489706470827809,0.921721031997742,-0.531295754168066
"vm(ID, ginv)_Nr_500778",-0.641950638831811,0.917009732382918,-0.700047792473973
"vm(ID, ginv)_Nr_503324",0.0920644579813783,0.930903030621179,0.0988980108056421
"vm(ID, ginv)_Nr_500926",-0.00876590815208319,0.923466946119795,-0.00949238972647111
"vm(ID, ginv)_Nr_502841",-0.1545282253645,0.91252956931703,-0.169340512965683
"vm(ID, ginv)_Nr_504061",-1.10754656580719,0.941793548817763,-1.17599718876552
"vm(ID, ginv)_Nr_501819",-0.834972247905448,0.928635212703983,-0.899139119950224
"vm(ID, ginv)_Nr_503209",-0.165561676233671,0.900588749140204,-0.183837158072132
"vm(ID, ginv)_Nr_503899",-0.789426947386909,0.925760516336755,-0.852733437488435
"vm(ID, ginv)_Nr_502455",-0.143616683579046,0.931762090038651,-0.15413449969089
"vm(ID, ginv)_Nr_502926",1.00311934714873,0.782337229521571,1.2822083742099
"vm(ID, ginv)_Nr_500067",-1.00786363664539,0.934469838832428,-1.07854057430539
"vm(ID, ginv)_Nr_504779",-0.350844660492839,0.93144028434223,-0.376668978560017
"vm(ID, ginv)_Nr_501623",-0.634618859708669,0.922170215049701,-0.688179740954295
"vm(ID, ginv)_Nr_504878",-1.16621919705929,0.933696012933228,-1.2490352115734
"vm(ID, ginv)_Nr_500914",-0.503905374690759,0.932261860612622,-0.540519135213389
"vm(ID, ginv)_Nr_502402",-0.127071013827486,0.927077088682348,-0.137066286481194
"vm(ID, ginv)_Nr_502733",-0.407461384085357,0.925574728169341,-0.440225269429362
"vm(ID, ginv)_Nr_501290",-0.284204816377795,0.927834735084882,-0.306309739904052
"vm(ID, ginv)_Nr_500295",0.737935437868649,0.744505394704677,0.99117540734727
"vm(ID, ginv)_Nr_502374",0.277430209563235,0.921630011669134,0.301021240682896
"vm(ID, ginv)_Nr_503866",0.394851093996232,0.954853351333933,0.413520142590088
"vm(ID, ginv)_Nr_503893",-0.0984299208434307,0.926369787643647,-0.10625337975864
"vm(ID, ginv)_Nr_502465",-0.209813585069045,0.929066293014441,-0.225832738359591
"vm(ID, ginv)_Nr_503669",-0.849428576186752,0.925603449766831,-0.917702474424368
"vm(ID, ginv)_Nr_504673",-0.642851981155804,0.923835050713238,-0.695851473333358
"vm(ID, ginv)_Nr_504628",-0.816900826807165,0.915241621111127,-0.892552095495206
"vm(ID, ginv)_Nr_502264",-1.11904655200595,0.916106438362586,-1.22152460144925
"vm(ID, ginv)_Nr_501541",-0.639468218562781,0.91879557990466,-0.695985301354123
"vm(ID, ginv)_Nr_500090",-0.722984729626839,0.916169611783377,-0.789138517942663
"vm(ID, ginv)_Nr_502501",-0.310841819531959,0.924897185906599,-0.336082566006801
"vm(ID, ginv)_Nr_500107",1.4275875545414,0.795459947280468,1.79466930977739
"vm(ID, ginv)_Nr_500224",0.247554515548789,0.929372045298443,0.266367507825452
"vm(ID, ginv)_Nr_502141",0.260688716494702,0.919944437666606,0.283374414606959
"vm(ID, ginv)_Nr_503184",-0.950445681936858,0.923159787469378,-1.02955706567579
"vm(ID, ginv)_Nr_503153",-0.346870195190091,0.923897078250513,-0.375442463620432
"vm(ID, ginv)_Nr_501701",-0.15294043025871,0.924161111125744,-0.165491090695657
"vm(ID, ginv)_Nr_504318",-0.158410156711177,0.929604103666324,-0.17040604283739
"vm(ID, ginv)_Nr_501840",-0.657879364980533,0.925462897266,-0.710865197215403
"vm(ID, ginv)_Nr_501998",0.152297944166515,0.937066988557853,0.162526207865781
"vm(ID, ginv)_Nr_504404",-0.512044338392774,0.922877457303713,-0.554834592979189
"vm(ID, ginv)_Nr_502991",-0.784665140168797,0.923694492296428,-0.84948556769892
"vm(ID, ginv)_Nr_501072",0.634654245925371,0.934234607073166,0.679330696080355
"vm(ID, ginv)_Nr_503739",-0.390212521244096,0.92729777624189,-0.420806057387015
"vm(ID, ginv)_Nr_502995",-0.573095716574563,0.911592788529967,-0.628675131907018
"vm(ID, ginv)_Nr_500213",-0.674745260657931,0.919957755453634,-0.73345244024299
"vm(ID, ginv)_Nr_500266",-0.0232090084522466,0.93282884959409,-0.0248802429967145
"vm(ID, ginv)_Nr_503454",-0.136091104131144,0.924134655627247,-0.147263283875848
"vm(ID, ginv)_Nr_504690",-1.12527262392178,0.922220523885811,-1.22017738141459
"vm(ID, ginv)_Nr_501415",-0.247988204871693,0.916919613256246,-0.270457956495243
"vm(ID, ginv)_Nr_503715",0.106591419033769,0.927058807224582,0.114978055548473
"vm(ID, ginv)_Nr_502616",0.425485521233441,0.913010450456895,0.466024809486591
"vm(ID, ginv)_Nr_504522",-0.0673994646725066,0.932728854139444,-0.0722605121235269
"vm(ID, ginv)_Nr_500408",-0.269429660618871,0.915252461391517,-0.294377422606698
"vm(ID, ginv)_Nr_501824",-0.54519253981021,0.9329417615707,-0.584380035568699
"vm(ID, ginv)_Nr_503447",-1.63274087511485,0.927757923292441,-1.7598781256651
"vm(ID, ginv)_Nr_501045",-0.101434501607317,0.925935532616187,-0.109548125149403
"vm(ID, ginv)_Nr_500465",-0.53582389646922,0.933744472718813,-0.573844249818202
"vm(ID, ginv)_Nr_503516",-0.0530287323377266,0.932702486343362,-0.0568549276046475
"vm(ID, ginv)_Nr_500343",0.211131770661643,0.939236633971774,0.224790817377751
"vm(ID, ginv)_Nr_501213",0.0226356037796779,0.927388538090219,0.0244078968522639
"vm(ID, ginv)_Nr_502787",0.03860495710747,0.9188420360548,0.0420147920889936
"vm(ID, ginv)_Nr_503149",-0.579028295455023,0.928658626799512,-0.623510382335607
"vm(ID, ginv)_Nr_500345",-0.265584572800725,0.934671068615348,-0.284147634091393
"vm(ID, ginv)_Nr_503315",0.0969336118078514,0.916520426500357,0.105762631148313
"vm(ID, ginv)_Nr_501481",-0.0413563266774349,0.926351538702883,-0.044644311527073
"vm(ID, ginv)_Nr_502581",-0.20301321157003,0.944778978449094,-0.214879052350728
"vm(ID, ginv)_Nr_501966",-0.590981164836093,0.92908720170289,-0.636087940672206
"vm(ID, ginv)_Nr_500141",-0.54841592897441,0.928403688425256,-0.590708477154615
"vm(ID, ginv)_Nr_500043",0.461640917994479,0.920862382281608,0.501313689077707
"vm(ID, ginv)_Nr_502952",-0.669915248138254,0.928527961271589,-0.721480963503595
"vm(ID, ginv)_Nr_504836",0.283862981572692,0.928726980032947,0.305647394417918
"vm(ID, ginv)_Nr_500833",-0.324846261807584,0.931076927058125,-0.348893042419152
"vm(ID, ginv)_Nr_503492",-0.24649272867055,0.922882578705804,-0.267090022455746
"vm(ID, ginv)_Nr_500308",-0.238217926178019,0.931450001963978,-0.255749557867553
"vm(ID, ginv)_Nr_502391",-0.349923701356455,0.923114280461668,-0.379068668704217
"vm(ID, ginv)_Nr_501032",-0.500302156396175,0.932077808280721,-0.536760077271892
"vm(ID, ginv)_Nr_500004",-0.033152591852674,0.931864543087057,-0.0355766211930834
"vm(ID, ginv)_Nr_500817",-0.118791663117134,0.926905734183025,-0.128159378819505
"vm(ID, ginv)_Nr_503630",-0.303647599870792,0.924304416649711,-0.32851471268677
"vm(ID, ginv)_Nr_501529",0.18136562247449,0.927843875089002,0.195469978671889
"vm(ID, ginv)_Nr_500815",-0.476261876073173,0.913138468855285,-0.521565887668951
"vm(ID, ginv)_Nr_504195",-0.256275439823486,0.914952991956431,-0.280096837844638
"vm(ID, ginv)_Nr_504888",-0.374701890851759,0.932283546325015,-0.401918378082294
"vm(ID, ginv)_Nr_504580",0.248836281724035,0.931807097559573,0.267046991137698
"vm(ID, ginv)_Nr_503978",-0.662065140271669,0.924601838952842,-0.716054319145084
"vm(ID, ginv)_Nr_501148",-0.718128971177555,0.934665284967117,-0.768327424509856
"vm(ID, ginv)_Nr_502421",0.459178011639808,0.803092506403505,0.571762291365597
"vm(ID, ginv)_Nr_504408",-0.170997424656544,0.931272271658021,-0.183617004243134
"vm(ID, ginv)_Nr_501418",-1.47863221641475,0.946108330267832,-1.56285720050278
"vm(ID, ginv)_Nr_501649",0.407344521412966,0.770189997085934,0.528888356060429
"vm(ID, ginv)_Nr_502703",0.0891017648967405,0.92972196889182,0.0958370006066923
"vm(ID, ginv)_Nr_501676",-0.859048142287136,0.925346052438359,-0.928353387387861
"vm(ID, ginv)_Nr_501622",0.114356750165933,0.931261728348581,0.122797648270936
"vm(ID, ginv)_Nr_503458",-0.1437674637456,0.934287162843125,-0.153879309770352
"vm(ID, ginv)_Nr_500730",-0.161287258014184,0.925275956139971,-0.174312600412785
"vm(ID, ginv)_Nr_502719",-0.258960390083825,0.933210480140775,-0.277494086912484
"vm(ID, ginv)_Nr_501954",-0.718583109166411,0.924343947622354,-0.777397970760547
"vm(ID, ginv)_Nr_502650",-0.536572618963868,0.91421412027217,-0.586922261498352
"vm(ID, ginv)_Nr_503478",-0.0302148112596935,0.923281485255292,-0.0327254599406799
"vm(ID, ginv)_Nr_503679",-0.784438922774277,0.927456095907196,-0.8457962875396
"vm(ID, ginv)_Nr_500925",-0.105896568580966,0.919966693839353,-0.11510913306983
"vm(ID, ginv)_Nr_503732",-0.476113276402165,0.931811882038476,-0.51095428764076
"vm(ID, ginv)_Nr_500365",-0.0104505647058978,0.914523434297744,-0.0114273339686726
"vm(ID, ginv)_Nr_502490",0.105769927130488,0.925633999580164,0.114267547625153
"vm(ID, ginv)_Nr_502937",-0.373050460427694,0.931121376312898,-0.400646435489343
"vm(ID, ginv)_Nr_501408",-0.543668168546556,0.939911597456706,-0.578424790179906
"vm(ID, ginv)_Nr_501333",-0.813510443570484,0.929152769703251,-0.875540029687798
"vm(ID, ginv)_Nr_502661",-0.440320021831272,0.917299298698131,-0.480017833281015
"vm(ID, ginv)_Nr_501963",-0.444271062199712,0.93050745516971,-0.477450298470402
"vm(ID, ginv)_Nr_504695",-0.387549376788633,0.917177461970854,-0.422545682659773
"vm(ID, ginv)_Nr_504562",-0.651465281296986,0.928351625286258,-0.701744105953503
"vm(ID, ginv)_Nr_503654",0.354535075224496,0.927884025711449,0.382089857568847
"vm(ID, ginv)_Nr_504598",-0.699620542905,0.918317083749537,-0.761850732481653
"vm(ID, ginv)_Nr_502879",-0.186629247107597,0.928875152524983,-0.200919624774415
"vm(ID, ginv)_Nr_503152",-0.486690954512935,0.920478891890674,-0.528736681308647
"vm(ID, ginv)_Nr_503534",-0.863527947857289,0.92810177215546,-0.930423767914804
"vm(ID, ginv)_Nr_503833",-0.76458332985753,0.918551639387949,-0.832379255636611
"vm(ID, ginv)_Nr_503861",0.418923911552769,0.929952456838581,0.45047884810899
"vm(ID, ginv)_Nr_502566",-0.537075925852113,0.929159858955718,-0.578023168645848
"vm(ID, ginv)_Nr_502394",-0.113096015676435,0.921603121577687,-0.122716615241956
"vm(ID, ginv)_Nr_504271",-0.754561079128118,0.929479387598046,-0.811810449156973
"vm(ID, ginv)_Nr_504500",-0.014209312418737,0.929106828215057,-0.015293518449364
"vm(ID, ginv)_Nr_503598",-0.907590817295996,0.930035140397435,-0.975867231111453
"vm(ID, ginv)_Nr_504800",-0.077155898505951,0.921314055518819,-0.0837454916092671
"vm(ID, ginv)_Nr_503010",-0.444613178728239,0.924982338607282,-0.480672073585405
"vm(ID, ginv)_Nr_503182",-0.300737077257924,0.937516025755931,-0.320780732271148
"vm(ID, ginv)_Nr_501601",-0.356498325819471,0.932583717583567,-0.382269515430957
"vm(ID, ginv)_Nr_502695",-0.443970776532254,0.928962432027211,-0.477921131388927
"vm(ID, ginv)_Nr_503073",-1.29213900818604,0.921219072710261,-1.40264031267234
"vm(ID, ginv)_Nr_501064",-0.541497487539386,0.938919336656046,-0.576724183216766
"vm(ID, ginv)_Nr_504073",-0.291135573138668,0.939855444683318,-0.30976633139234
"vm(ID, ginv)_Nr_504331",-0.74960278639862,0.929109486348994,-0.806797043203424
"vm(ID, ginv)_Nr_503825",0.070143495275079,0.921301006547042,0.0761352639111628
"vm(ID, ginv)_Nr_504287",-0.467664041835753,0.935806440252589,-0.499744414784667
"vm(ID, ginv)_Nr_500421",0.0585729900162153,0.922476914585919,0.0634953450759335
"vm(ID, ginv)_Nr_503251",-0.787097334322533,0.934746933650333,-0.842043237573184
"vm(ID, ginv)_Nr_502309",-0.0932083803509542,0.924754226160634,-0.100792597334682
"vm(ID, ginv)_Nr_501548",0.00268657671943893,0.923746375019178,0.00290834886294753
"vm(ID, ginv)_Nr_503085",-0.928022828688045,0.934091027356456,-0.993503632418369
"vm(ID, ginv)_Nr_504222",-0.83942352939206,0.916734750464528,-0.91566674980599
"vm(ID, ginv)_Nr_501093",-0.707346520483024,0.925788575882335,-0.764047579447476
"vm(ID, ginv)_Nr_504801",-0.172624608627976,0.915547428118723,-0.188547969582184
"vm(ID, ginv)_Nr_502831",-0.34956570085953,0.928851539939037,-0.376341843479608
"vm(ID, ginv)_Nr_502709",-0.453819048595268,0.92323569882255,-0.491552752102249
"vm(ID, ginv)_Nr_504492",0.0947910759599432,0.925150813008874,0.102460133663671
"vm(ID, ginv)_Nr_502377",-0.695272488595286,0.930202688169667,-0.747441925762818
"vm(ID, ginv)_Nr_501305",-0.816868217404743,0.976829551771401,-0.836244374387956
"vm(ID, ginv)_Nr_501051",-1.18798274239674,0.918879309183785,-1.29286047745703
"vm(ID, ginv)_Nr_504785",-0.692597140978241,0.928112919396667,-0.746242323001466
"vm(ID, ginv)_Nr_500028",-0.237749892772441,0.922338354507927,-0.257768628627921
"vm(ID, ginv)_Nr_500007",-0.531488038687864,0.923983954166376,-0.575213494012865
"vm(ID, ginv)_Nr_500214",-0.734698806854617,0.916663896871663,-0.801492029261711
"vm(ID, ginv)_Nr_503593",-0.670935238732492,0.931240145875067,-0.720474994236882
"vm(ID, ginv)_Nr_503350",-0.259943439926381,0.927001055520561,-0.280413316013333
"vm(ID, ginv)_Nr_503439",-0.296373981938963,0.921614327516656,-0.321581352513866
"vm(ID, ginv)_Nr_502489",0.113748776578395,0.92193705857462,0.123380197726576
"vm(ID, ginv)_Nr_504037",-0.141521448522822,0.921550216358568,-0.153568895118957
"vm(ID, ginv)_Nr_504802",-0.978424130423491,0.929560793583754,-1.05256604751084
"vm(ID, ginv)_Nr_503803",1.27990974994866,0.817220090960056,1.56617509053778
"vm(ID, ginv)_Nr_503722",0.602198472230922,0.734250242618562,0.820154270679295
"vm(ID, ginv)_Nr_504125",-0.140909646822313,0.909903392360593,-0.154862206257685
"vm(ID, ginv)_Nr_501442",0.115604331505216,0.919394044351393,0.125739700203052
"vm(ID, ginv)_Nr_502782",-1.11740054364113,0.93496915098816,-1.19512022665149
"vm(ID, ginv)_Nr_501443",-0.0411870379696848,0.936034902860578,-0.0440016049014997
"vm(ID, ginv)_Nr_502367",-0.306549483922343,0.915354388895007,-0.334897049319228
"vm(ID, ginv)_Nr_501293",-0.724998862695078,0.922450941518016,-0.785948422906908
"vm(ID, ginv)_Nr_504694",-0.434068765110561,0.92186250222959,-0.470860637091469
"vm(ID, ginv)_Nr_503490",0.0772487150802051,0.896788853797556,0.0861392453230061
"vm(ID, ginv)_Nr_500763",-0.889080802523057,0.928973751073865,-0.957056969042782
"vm(ID, ginv)_Nr_500044",0.179726205117898,0.934090765915284,0.192407645676478
"vm(ID, ginv)_Nr_504946",-0.55981156237157,0.919573079211763,-0.608773326478226
"vm(ID, ginv)_Nr_500771",-0.179584755426328,0.928473835284856,-0.193419295839642
"vm(ID, ginv)_Nr_504403",-0.826299123827117,0.921678732318484,-0.896515341900708
"vm(ID, ginv)_Nr_501927",0.0359003749517147,0.934376097869524,0.038421760823689
"vm(ID, ginv)_Nr_500938",-0.440322571279075,0.936196738867188,-0.470331238081294
"vm(ID, ginv)_Nr_501997",-0.651418368413397,0.925183322975161,-0.704096531181081
"vm(ID, ginv)_Nr_504905",-0.814571124080706,0.928903152844402,-0.876917170090769
"vm(ID, ginv)_Nr_503581",0.26241422025034,0.921618215775379,0.284732024344337
"vm(ID, ginv)_Nr_502629",-0.815247924882233,0.933484605311556,-0.87333837134908
"vm(ID, ginv)_Nr_503653",-1.03277508398,0.935929854626588,-1.1034748799546
"vm(ID, ginv)_Nr_504551",-0.142958415590792,0.932396881360012,-0.15332356687237
"vm(ID, ginv)_Nr_504170",-0.601561563783388,0.928110129091844,-0.648157524551549
"vm(ID, ginv)_Nr_503195",-0.110016308586436,0.921432606241478,-0.11939702137869
"vm(ID, ginv)_Nr_504218",0.144808516209395,0.926315484000322,0.156327427005792
"vm(ID, ginv)_Nr_503744",-0.69388504677179,0.919051580601326,-0.755001200604855
"vm(ID, ginv)_Nr_503070",-0.1139804342227,0.922738243824298,-0.123524125054476
"vm(ID, ginv)_Nr_503625",0.167268420783373,0.931656571435787,0.179538711915694
"vm(ID, ginv)_Nr_500047",0.287762017775232,0.909767934984128,0.316302659952785
"vm(ID, ginv)_Nr_502220",-0.607577822542258,0.906444893703668,-0.670286552180508
"vm(ID, ginv)_Nr_503549",-0.872636275750704,0.928434272487856,-0.939900972647602
"vm(ID, ginv)_Nr_504641",-0.804169764891015,0.937753944912874,-0.857548794386282
"vm(ID, ginv)_Nr_500995",-0.122535567620471,0.940120757757409,-0.130340242579869
"vm(ID, ginv)_Nr_504624",-0.152032119400125,0.907890340058894,-0.167456478708941
"vm(ID, ginv)_Nr_503030",-0.448527635658198,0.923960993623142,-0.485440011811949
"vm(ID, ginv)_Nr_500512",0.0201825960299827,0.927180268519056,0.0217677152062559
"vm(ID, ginv)_Nr_502343",0.141824566649703,0.925150105365832,0.153298979081477
"vm(ID, ginv)_Nr_501884",0.264850603266391,0.917603947070647,0.288632807336868
"vm(ID, ginv)_Nr_503036",0.0406303388865116,0.926740887515127,0.0438421779311517
"vm(ID, ginv)_Nr_501260",0.110846776411486,0.928055734447173,0.119439783945213
"vm(ID, ginv)_Nr_503762",0.0158691593989527,0.939085375579374,0.0168985268130303
"vm(ID, ginv)_Nr_503322",-0.574562897156854,0.921696715735163,-0.623375224570016
"vm(ID, ginv)_Nr_503260",-0.821746448888533,0.914432373560663,-0.898641028738708
"vm(ID, ginv)_Nr_503161",-0.373729420277597,0.921508469936654,-0.405562653486286
"vm(ID, ginv)_Nr_502958",-0.154664715353377,0.931537969569452,-0.166031574026834
"vm(ID, ginv)_Nr_502008",0.0412586527972072,0.925050616007025,0.0446015083750768
"vm(ID, ginv)_Nr_500991",-1.52029956895536,0.917690086910764,-1.65665902970923
"vm(ID, ginv)_Nr_501957",0.312755275546929,0.925635608908685,0.337881637803092
"vm(ID, ginv)_Nr_500200",0.0633369551624099,0.928293665668176,0.0682294380591519
"vm(ID, ginv)_Nr_503558",-0.811950740634212,0.927607946419547,-0.87531671517934
"vm(ID, ginv)_Nr_504286",-0.351844815499721,0.925850080182837,-0.380023529760065
"vm(ID, ginv)_Nr_501474",0.500952700263897,0.91723645456598,0.546154372485053
"vm(ID, ginv)_Nr_504188",0.598232671305173,0.752553422429614,0.794937147948624
"vm(ID, ginv)_Nr_502818",-0.416935100272306,0.922886365113918,-0.451772954973542
"vm(ID, ginv)_Nr_504629",-1.18563474045643,0.922444039107822,-1.28531888135259
"vm(ID, ginv)_Nr_502732",-0.229115133274883,0.92651393596089,-0.247287303927347
"vm(ID, ginv)_Nr_500963",-0.274886162042821,0.92595841657529,-0.296866637985216
"vm(ID, ginv)_Nr_502138",-0.720349622306834,0.931621280269556,-0.773221519906037
"vm(ID, ginv)_Nr_500072",0.0273621496375885,0.920301370216602,0.0297317275873973
"vm(ID, ginv)_Nr_501761",-0.696954041148902,0.924466351055093,-0.753898765870135
"vm(ID, ginv)_Nr_502769",-0.40100996584287,0.923405016808182,-0.434273107188642
"vm(ID, ginv)_Nr_503566",-0.908612158717494,0.930835406834952,-0.976125480450918
"vm(ID, ginv)_Nr_500118",-0.480082100519536,0.92003992741148,-0.521805724095301
"vm(ID, ginv)_Nr_503105",-0.669864445949937,0.922106104732084,-0.726450505546284
"vm(ID, ginv)_Nr_500792",-0.0314003542295081,0.923641021387906,-0.0339962750705078
"vm(ID, ginv)_Nr_500943",-0.428434197503394,0.933144024427054,-0.45912976591845
"vm(ID, ginv)_Nr_500668",-1.47848018314766,0.928990721880365,-1.59149079568316
"vm(ID, ginv)_Nr_500828",0.280547718007108,0.93387432561487,0.300412711124051
"vm(ID, ginv)_Nr_504445",-0.8176836502994,0.918059279084347,-0.890665416632944
"vm(ID, ginv)_Nr_501748",-0.927230946897176,0.927441400504548,-0.999773081504387
"vm(ID, ginv)_Nr_500829",-0.522163893532692,0.925149915039906,-0.564410032410984
"vm(ID, ginv)_Nr_500530",-0.491687172140182,0.918832380227438,-0.535121729186857
"vm(ID, ginv)_Nr_500197",-0.196893984596741,0.938011833110518,-0.209905651130035
"vm(ID, ginv)_Nr_502864",-0.435404613290795,0.921505793470129,-0.472492540335732
"vm(ID, ginv)_Nr_503891",-1.10891384702556,0.928471690598521,-1.19434319673303
"vm(ID, ginv)_Nr_502570",-0.44449483676475,0.933084797799873,-0.476371319962373
"vm(ID, ginv)_Nr_501375",0.0854131353978454,0.928787612051523,0.0919619666429263
"vm(ID, ginv)_Nr_502328",-0.312785510382289,0.927871290020176,-0.337100106174734
"vm(ID, ginv)_Nr_501502",-0.433971733315204,0.934406117843598,-0.464435886097059
"vm(ID, ginv)_Nr_502238",-0.991904723699815,0.928252767510558,-1.06857179253014
"vm(ID, ginv)_Nr_501857",0.0150098327910358,0.924686947469088,0.0162323398552542
"vm(ID, ginv)_Nr_504488",-0.546703198516789,0.928374668144976,-0.588882072374055
"vm(ID, ginv)_Nr_501558",-0.248506893670032,0.928302201628698,-0.267700424747489
"vm(ID, ginv)_Nr_502813",-0.182923785567038,0.919518892844267,-0.198934232880432
"vm(ID, ginv)_Nr_501642",-1.25268571649167,0.930021863145772,-1.34694222376074
"vm(ID, ginv)_Nr_500864",-0.573490296677744,0.927353778450993,-0.618415873212567
"vm(ID, ginv)_Nr_504710",-0.752258967082381,0.984219088105417,-0.764320643821742
"vm(ID, ginv)_Nr_504816",-0.554655487518643,0.916791606715582,-0.604996253735026
"vm(ID, ginv)_Nr_501097",-1.17296471301521,0.924984351152985,-1.2680914131716
"vm(ID, ginv)_Nr_504494",-0.38820426337096,0.901334418123845,-0.430699477979571
"vm(ID, ginv)_Nr_504829",-0.495382097480163,0.921405831830381,-0.537637249914168
"vm(ID, ginv)_Nr_502708",-0.502280972334709,0.935976368768055,-0.536638518978656
"vm(ID, ginv)_Nr_504537",-0.613650927316338,0.929794979839696,-0.659985201707731
"vm(ID, ginv)_Nr_502663",0.412526805890335,0.801945893223409,0.514407280311879
"vm(ID, ginv)_Nr_504561",-0.456139234222347,0.922861693963694,-0.494266082562413
"vm(ID, ginv)_Nr_500379",-0.449679238919424,0.926105358008261,-0.485559483087898
"vm(ID, ginv)_Nr_503912",-0.410192178693615,0.919979638093423,-0.445870932038998
"vm(ID, ginv)_Nr_502197",0.493820748959395,0.930191009563713,0.530881016782792
"vm(ID, ginv)_Nr_503812",-0.843888380006147,0.914001435232965,-0.92328999438721
"vm(ID, ginv)_Nr_501789",-0.490573215660594,0.924188073052155,-0.530815350213797
"vm(ID, ginv)_Nr_502481",0.154062096448812,0.923662957533775,0.166794711417426
"vm(ID, ginv)_Nr_501383",-0.552589457144849,0.929442901117434,-0.594538358924999
"vm(ID, ginv)_Nr_503396",-1.20373726613346,0.944344048062358,-1.27468084180054
"vm(ID, ginv)_Nr_504330",-0.215161176863125,0.928811882718867,-0.231652050179735
"vm(ID, ginv)_Nr_500354",-0.0568166898501557,0.920067638443996,-0.0617527315124823
"vm(ID, ginv)_Nr_502763",-0.900513664901179,0.91913261579852,-0.979742911330411
"vm(ID, ginv)_Nr_504368",-0.431530058342582,0.934307133844997,-0.461871736509906
"vm(ID, ginv)_Nr_502557",-0.316433608791071,0.923863123352197,-0.342511353459921
"vm(ID, ginv)_Nr_502164",-0.736334034471416,0.916672697597443,-0.803268207290687
"vm(ID, ginv)_Nr_503437",-0.899013075952833,0.924528608522859,-0.972401575965515
"vm(ID, ginv)_Nr_504009",0.142602178257126,0.927679619075478,0.153719210085959
"vm(ID, ginv)_Nr_501340",-0.436469368422364,0.925593051792199,-0.471556444354504
"vm(ID, ginv)_Nr_501358",-0.517537527425969,0.926349198906464,-0.558685135191903
"vm(ID, ginv)_Nr_500245",-0.779115664949889,0.929757347260493,-0.83797742200751
"vm(ID, ginv)_Nr_501981",-0.999532317820892,0.91673555866941,-1.09031694949376
"vm(ID, ginv)_Nr_500269",-0.0674310507371736,0.93191492104896,-0.0723575180675007
"vm(ID, ginv)_Nr_500372",-0.117325544499331,0.927615188822751,-0.126480835925326
"vm(ID, ginv)_Nr_504088",-0.112332891018144,0.910546723455574,-0.123368618132889
"vm(ID, ginv)_Nr_500524",0.116721187904051,0.926403243073799,0.125993932746577
"vm(ID, ginv)_Nr_501914",-0.536287344057382,0.928365361151517,-0.577668412134837
"vm(ID, ginv)_Nr_504463",-0.800209821023659,0.928995971182026,-0.861370604229313
"vm(ID, ginv)_Nr_503503",-1.15268392104171,0.930657852640836,-1.2385689518128
"vm(ID, ginv)_Nr_502379",-0.232444730823662,0.935398461567942,-0.248498089716794
"vm(ID, ginv)_Nr_503551",-0.854444348841206,0.911826570310887,-0.937068930279014
"vm(ID, ginv)_Nr_500151",-0.704784205688772,0.918325176192359,-0.767466932150342
"vm(ID, ginv)_Nr_502415",-0.287203939340814,0.913685797939145,-0.314335562606548
"vm(ID, ginv)_Nr_504434",-0.126395796488557,0.92708840527085,-0.136336293033058
"vm(ID, ginv)_Nr_503988",-0.496632881844119,0.923531368293035,-0.537754210517015
"vm(ID, ginv)_Nr_501207",-0.119986163934722,0.933433935186827,-0.128542748888497
"vm(ID, ginv)_Nr_504839",-0.596677920043353,0.92455424354022,-0.645368213073803
"vm(ID, ginv)_Nr_503380",-0.286416405632623,0.935700233161448,-0.306098465600365
"vm(ID, ginv)_Nr_501294",-0.985312196150455,0.936372096587351,-1.05226565351687
"vm(ID, ginv)_Nr_500541",0.232329505640334,0.920614803656958,0.252363425742723
"vm(ID, ginv)_Nr_501863",-0.316618106178674,0.93453236800581,-0.338798437612496
"vm(ID, ginv)_Nr_502270",-0.121554229394103,0.928967303202151,-0.130848770430462
"vm(ID, ginv)_Nr_503587",-0.55238343912859,0.930077791361646,-0.593911008583371
"vm(ID, ginv)_Nr_502623",-0.381198412330262,0.939177251537553,-0.405885482965214
"vm(ID, ginv)_Nr_502800",-0.876405096184414,0.939004035184749,-0.933334749740432
"vm(ID, ginv)_Nr_503512",-0.617379852645476,0.92117926579287,-0.670205980064141
"vm(ID, ginv)_Nr_500119",-0.684741313449223,0.929860609147102,-0.736391354481925
"vm(ID, ginv)_Nr_503529",-0.662422894775826,0.938297174291787,-0.705984109219783
"vm(ID, ginv)_Nr_504729",0.148312965420124,0.924933740940132,0.16034982707991
"vm(ID, ginv)_Nr_500897",-0.103616943690003,0.92875253628294,-0.111565718145654
"vm(ID, ginv)_Nr_503106",1.3738667987909,0.763232924989182,1.80006227955951
"vm(ID, ginv)_Nr_502370",0.00840315633808543,0.933374013588758,0.00900298938661885
"vm(ID, ginv)_Nr_500017",-0.374904482225425,0.919772699313817,-0.407605577448773
"vm(ID, ginv)_Nr_503057",-0.161775501476829,0.899272073361292,-0.179896058455531
"vm(ID, ginv)_Nr_504649",-0.970061689377115,0.937226161169269,-1.03503479690204
"vm(ID, ginv)_Nr_501029",-0.252672756958664,0.932937329304577,-0.270835723924789
"vm(ID, ginv)_Nr_501478",0.214297055091724,0.92012268429394,0.23290052375588
"vm(ID, ginv)_Nr_503245",-0.741001833344966,0.914956909495219,-0.809876209092487
"vm(ID, ginv)_Nr_503258",0.142153367310859,0.735010370697807,0.193403213040247
"vm(ID, ginv)_Nr_501852",-0.497481637943363,0.90748394582736,-0.548198830657886
"vm(ID, ginv)_Nr_504595",-0.382764723125241,0.922018154589346,-0.415137946275819
"vm(ID, ginv)_Nr_500074",-0.266876135804876,0.927224405134405,-0.287822596479426
"vm(ID, ginv)_Nr_500483",0.348426166571931,0.902538218836324,0.386051426189098
"vm(ID, ginv)_Nr_501768",-0.866147280496908,0.923005373747612,-0.938398957505689
"vm(ID, ginv)_Nr_502697",-0.505040062215726,0.921657529222506,-0.547969333730468
"vm(ID, ginv)_Nr_502319",-0.343118561674899,0.931158867916485,-0.368485522178019
"vm(ID, ginv)_Nr_501569",0.150029589489311,0.907970233958938,0.165236242200531
"vm(ID, ginv)_Nr_503342",-0.0563998799250713,0.910457789089133,-0.0619467268015759
"vm(ID, ginv)_Nr_503414",-0.193961148458661,0.922507979454024,-0.210254168829472
"vm(ID, ginv)_Nr_500627",-0.254940556798416,0.923328909827594,-0.27611022906888
"vm(ID, ginv)_Nr_502785",-0.0672768038698742,0.933097687125713,-0.0721004936547552
"vm(ID, ginv)_Nr_501695",0.178382066008788,0.74751016922059,0.23863496893264
"vm(ID, ginv)_Nr_500225",-0.164024533892512,0.911740516715998,-0.17990264870899
"vm(ID, ginv)_Nr_502617",-0.382284757773195,0.923490709945708,-0.413956257118893
"vm(ID, ginv)_Nr_500388",-0.134485350531516,0.922656430308777,-0.145758861168408
"vm(ID, ginv)_Nr_500098",0.415414918295435,0.777937227689676,0.533995422135971
"vm(ID, ginv)_Nr_502749",-0.658262479988263,0.927687865827535,-0.709573234959872
"vm(ID, ginv)_Nr_502495",-0.422733638059081,0.923530063018847,-0.457736737532121
"vm(ID, ginv)_Nr_501280",-0.688181556362844,0.928166164875509,-0.741442192578898
"vm(ID, ginv)_Nr_501288",-0.299879205430645,0.923869173121067,-0.32459055259694
"vm(ID, ginv)_Nr_500547",-0.564762978308496,0.915150984917636,-0.617125466306879
"vm(ID, ginv)_Nr_504454",0.0568611273732329,0.92254072762128,0.0616353573027027
"vm(ID, ginv)_Nr_500711",-0.490850857408986,0.906907633517344,-0.54123577668574
"vm(ID, ginv)_Nr_502137",-0.0965235983572473,0.926473117046999,-0.104183917030321
"vm(ID, ginv)_Nr_502676",-0.0189211491649191,0.930762198226061,-0.0203286609630053
"vm(ID, ginv)_Nr_501654",-0.326288958242902,0.921017069078351,-0.35427026186324
"vm(ID, ginv)_Nr_501590",-1.08596038870972,0.924765043333581,-1.1743095141173
"vm(ID, ginv)_Nr_500653",0.168032860842456,0.930554588851155,0.180572814164407
"vm(ID, ginv)_Nr_500909",0.142126666891526,0.925344779439744,0.153593201203964
"vm(ID, ginv)_Nr_500434",-1.08947502205278,0.924750951512683,-1.17812803573832
"vm(ID, ginv)_Nr_504593",-1.01404492155417,0.919900380549546,-1.10234210464005
"vm(ID, ginv)_Nr_504898",-0.447283371851406,0.91472712076872,-0.488980114064528
"vm(ID, ginv)_Nr_503397",-0.426404935016598,0.904676230035862,-0.471334297132682
"vm(ID, ginv)_Nr_503781",-1.26427805827101,0.92023197876732,-1.37386885855081
"vm(ID, ginv)_Nr_504733",-0.632055777619395,0.928516520219849,-0.680715704950236
"vm(ID, ginv)_Nr_502651",2.19746077190313,0.761053318157396,2.88739398341164
"vm(ID, ginv)_Nr_503765",-0.388230477819351,0.930488469850898,-0.417232980739204
"vm(ID, ginv)_Nr_502317",-0.754385407331335,0.919814423301349,-0.820149573893107
"vm(ID, ginv)_Nr_502214",-0.384078938866901,0.924684360619611,-0.415362209229469
"vm(ID, ginv)_Nr_503433",-0.196823053280236,0.921033304327022,-0.213698084917841
"vm(ID, ginv)_Nr_502715",-0.140471540619523,0.929688458434591,-0.151095282882234
"vm(ID, ginv)_Nr_500285",-0.205282488080238,0.935645878509129,-0.219401904925118
"vm(ID, ginv)_Nr_503377",-0.745765306972958,0.929683595367319,-0.80217109421868
"vm(ID, ginv)_Nr_504786",-0.585946339677587,0.923126057602251,-0.634741414622764
"vm(ID, ginv)_Nr_501394",-0.374888650198457,0.931549337518485,-0.402435636095354
"vm(ID, ginv)_Nr_504179",0.00967393944737587,0.932211776535784,0.0103774053180549
"vm(ID, ginv)_Nr_502030",0.0516820924396337,0.912734307866504,0.0566233700149164
"vm(ID, ginv)_Nr_500375",-0.73396695007011,0.915866567802882,-0.801390700209595
"vm(ID, ginv)_Nr_502975",0.285283567845174,0.919089384431617,0.310398066474894
"vm(ID, ginv)_Nr_501572",-0.248360985355618,0.931728372208807,-0.266559431658005
"vm(ID, ginv)_Nr_503248",-0.151114921821985,0.918883897258253,-0.164454859066395
"vm(ID, ginv)_Nr_503992",-0.411555720010203,0.923879015390817,-0.445464950663597
"vm(ID, ginv)_Nr_503450",-0.386382183089903,0.932674746441964,-0.414273233583199
"vm(ID, ginv)_Nr_500281",-0.166292670180827,0.900121349273259,-0.184744723936488
"vm(ID, ginv)_Nr_502463",0.101841693237409,0.916195759676107,0.111157132263319
"vm(ID, ginv)_Nr_503721",-0.831678986621857,0.933845670913625,-0.890595751017603
"vm(ID, ginv)_Nr_503045",-0.617795564674722,0.937385443662928,-0.65906246875418
"vm(ID, ginv)_Nr_501485",0.307270443344527,0.926239781790316,0.331739630909189
"vm(ID, ginv)_Nr_500601",-1.04985955107801,0.919063839495202,-1.14231406564168
"vm(ID, ginv)_Nr_502946",-0.661318194264349,0.937328220764917,-0.705535349959562
"vm(ID, ginv)_Nr_502464",-0.170547609600816,0.928132521966121,-0.183753511017516
"vm(ID, ginv)_Nr_502403",-0.138368383512558,0.925450991900227,-0.149514544501645
"vm(ID, ginv)_Nr_504023",-1.00706222356381,0.93089827710154,-1.08181768979036
"vm(ID, ginv)_Nr_501670",0.0618851565903705,0.928053977200825,0.0666827125476333
"vm(ID, ginv)_Nr_503358",-0.350788844966665,0.932999327696108,-0.375979740342237
"vm(ID, ginv)_Nr_504224",0.04492562173393,0.913846122885967,0.0491610355494564
"vm(ID, ginv)_Nr_500103",-0.269996209193424,0.924738820938897,-0.291970233194378
"vm(ID, ginv)_Nr_501597",0.0514987423904135,0.921949888107159,0.055858504952091
"vm(ID, ginv)_Nr_504194",-0.923385319861124,0.927634852378298,-0.995418959835026
"vm(ID, ginv)_Nr_501427",-0.868120321064958,0.925401826595463,-0.938100937469248
"vm(ID, ginv)_Nr_501540",0.130372540301722,0.914602009608096,0.142545652570331
"vm(ID, ginv)_Nr_500114",1.78560199101291,0.736268444670488,2.42520510547216
"vm(ID, ginv)_Nr_504960",-0.138365034338554,0.929411509442448,-0.148873812012032
"vm(ID, ginv)_Nr_504309",0.309576296468731,0.925906058995697,0.334349574085863
"vm(ID, ginv)_Nr_504881",0.084379521715158,0.917082410437456,0.0920086578423287
"vm(ID, ginv)_Nr_502038",-0.545789700285826,0.918353260800506,-0.59431345603333
"vm(ID, ginv)_Nr_501446",-0.237105031871687,0.927846220000272,-0.255543458345519
"vm(ID, ginv)_Nr_504654",-0.868295704941374,0.913759113044561,-0.950245740420899
"vm(ID, ginv)_Nr_500468",0.121133601483826,0.928968459714952,0.130395817228278
"vm(ID, ginv)_Nr_504416",-0.610791900400183,0.925073678227622,-0.660262976642486
"vm(ID, ginv)_Nr_503091",-0.198584489339243,0.925711455724773,-0.21452093750289
"vm(ID, ginv)_Nr_504164",-0.19295131183025,0.926350337458374,-0.208291943153656
"vm(ID, ginv)_Nr_502332",-0.584311773347865,0.928888309685885,-0.629044167371916
"vm(ID, ginv)_Nr_503212",-0.580797806077638,0.927315084467702,-0.626321965215338
"vm(ID, ginv)_Nr_503078",-0.6850471234574,0.919721693666823,-0.744841758299945
"vm(ID, ginv)_Nr_503793",0.188929801359643,0.759197521612344,0.248854607636764
"vm(ID, ginv)_Nr_501655",-0.608042199868638,0.930097887276253,-0.653740007569807
"vm(ID, ginv)_Nr_504682",-0.873164909026873,0.921875829813373,-0.947161082641292
"vm(ID, ginv)_Nr_501055",-0.69086947284953,0.929981412301617,-0.742885248791901
"vm(ID, ginv)_Nr_503289",-0.351823448957248,0.916224224286576,-0.383992738492805
"vm(ID, ginv)_Nr_503670",-0.165026377940022,0.924798190265606,-0.178445827075663
"vm(ID, ginv)_Nr_501132",-0.179808144918624,0.922799642074942,-0.194850687755275
"vm(ID, ginv)_Nr_503434",-0.0628804663135533,0.93419291169922,-0.067309937301043
"vm(ID, ginv)_Nr_500247",-0.677271036202456,0.919422874624985,-0.736626262946419
"vm(ID, ginv)_Nr_503640",-0.549563973796784,0.933763572557188,-0.588547240380944
"vm(ID, ginv)_Nr_503756",0.345516350099967,0.9307931884716,0.371206358597573
"vm(ID, ginv)_Nr_500708",0.189919438835709,0.920731702369744,0.206270120108715
"vm(ID, ginv)_Nr_504453",-0.394819738490958,0.929703158533075,-0.424672902170109
"vm(ID, ginv)_Nr_500143",-0.456467235682581,0.92723976407365,-0.492286087556448
"vm(ID, ginv)_Nr_504807",-0.435810153019586,0.930539645578199,-0.468341306134024
"vm(ID, ginv)_Nr_503939",-0.152591571200816,0.926353363006459,-0.164722855547891
"vm(ID, ginv)_Nr_504887",-0.547219407829338,0.920605758220048,-0.594412323563306
"vm(ID, ginv)_Nr_502591",-0.650711499263449,0.932788022175441,-0.69759847231514
"vm(ID, ginv)_Nr_503508",-0.694954350124338,0.93283963246667,-0.744988019309063
"vm(ID, ginv)_Nr_501067",0.196491637104125,0.929716626846809,0.211345727752056
"vm(ID, ginv)_Nr_501554",0.070674693853572,0.926597262581042,0.0762733678456024
"vm(ID, ginv)_Nr_504262",-0.360510680726809,0.921229754219038,-0.391336340446827
"vm(ID, ginv)_Nr_501723",-0.680327576926572,0.929005324634008,-0.732318275134316
"vm(ID, ginv)_Nr_502742",0.140981309909083,0.921784664818607,0.1529438656227
"vm(ID, ginv)_Nr_502561",-0.395495954976919,0.930775144001176,-0.424910309999017
"vm(ID, ginv)_Nr_500322",-0.161093274152117,0.93366797667212,-0.172538073680435
"vm(ID, ginv)_Nr_504563",0.455888581766008,0.916580443489261,0.497379782652268
"vm(ID, ginv)_Nr_500726",-0.100182880086384,0.917927243347469,-0.109140327637558
"vm(ID, ginv)_Nr_503524",-0.439412332149791,0.921796501928085,-0.476691255858196
"vm(ID, ginv)_Nr_503139",0.889531310593393,0.781688653505961,1.13796113913608
"vm(ID, ginv)_Nr_501123",0.627363123926052,0.733121214734372,0.855742694819384
"vm(ID, ginv)_Nr_504284",-0.626008855951599,0.909002675869864,-0.688676582115166
"vm(ID, ginv)_Nr_502567",-0.544769631938721,0.928713537856995,-0.586585216788996
"vm(ID, ginv)_Nr_504081",-0.571473327257553,0.927002281393676,-0.616474564009041
"vm(ID, ginv)_Nr_500582",-0.253880508672716,0.922950073017151,-0.275075018784898
"vm(ID, ginv)_Nr_501613",-0.848426824486859,0.92935616298722,-0.91291891986789
"vm(ID, ginv)_Nr_503373",-1.01779148453789,0.928028968646122,-1.09672382966959
"vm(ID, ginv)_Nr_503459",-0.0924031412077215,0.919635657285644,-0.100477988729204
"vm(ID, ginv)_Nr_501897",-0.222015909597906,0.924064288852662,-0.240260241929234
"vm(ID, ginv)_Nr_500968",-0.586715678006913,0.919220447546418,-0.638275268541919
"vm(ID, ginv)_Nr_502918",-0.628391730828833,0.934899521743609,-0.67214894885909
"vm(ID, ginv)_Nr_502483",-0.464145657613515,0.919128707533161,-0.504984398604228
"vm(ID, ginv)_Nr_504236",-0.319478235657556,0.922471308223117,-0.34632864221321
"vm(ID, ginv)_Nr_502585",-0.297885229405724,0.933680681840608,-0.319044010655216
"vm(ID, ginv)_Nr_503198",0.14704347804167,0.927332470225439,0.15856608364627
"vm(ID, ginv)_Nr_502681",-0.340493202765649,0.925686638781617,-0.367827716746354
"vm(ID, ginv)_Nr_503354",1.90845321067411,0.753994282742011,2.53112424637192
"vm(ID, ginv)_Nr_501708",-0.311670374060148,0.898594651978597,-0.346842008656392
"vm(ID, ginv)_Nr_502108",-0.454093451578052,0.929715121473955,-0.488422142535598
"vm(ID, ginv)_Nr_501041",0.114458391945947,0.932421863927447,0.122753869652775
"vm(ID, ginv)_Nr_500234",-0.550937244969178,0.922400235538987,-0.597286539771153
"vm(ID, ginv)_Nr_503688",0.124144045655032,0.926639924967166,0.133972260756444
"vm(ID, ginv)_Nr_501314",-0.599791866063553,0.928346004705646,-0.646086548574884
"vm(ID, ginv)_Nr_500520",-0.348157507701316,0.911969980019871,-0.381764219578511
"vm(ID, ginv)_Nr_503197",-0.598129045484056,0.931789142343556,-0.641914590225524
"vm(ID, ginv)_Nr_500030",-0.903216271499298,0.919683918609921,-0.982094231749193
"vm(ID, ginv)_Nr_500630",-0.910796491194234,0.926628466463092,-0.982914430279389
"vm(ID, ginv)_Nr_504956",-1.08102521291252,0.925196029711139,-1.16842828784083
"vm(ID, ginv)_Nr_503574",-0.138600591509865,0.927130855361837,-0.149494098603559
"vm(ID, ginv)_Nr_501727",0.078782929645202,0.92260857928743,0.0853914990754253
"vm(ID, ginv)_Nr_504017",-0.171129350620014,0.922847574067729,-0.185436203582039
"vm(ID, ginv)_Nr_502620",-0.621002470294043,0.914179774331657,-0.679300163633622
"vm(ID, ginv)_Nr_502183",-0.884848027703924,0.925784687362074,-0.955781662607971
"vm(ID, ginv)_Nr_503175",-0.536820025877069,0.933833013449158,-0.574856551595127
"vm(ID, ginv)_Nr_504761",-0.82958649796096,0.91915329667818,-0.902555102570035
"vm(ID, ginv)_Nr_500650",-0.206742959224533,0.947929486993159,-0.218099512739417
"vm(ID, ginv)_Nr_502202",-0.637894960099039,0.919939031645431,-0.693410039313236
"vm(ID, ginv)_Nr_501678",0.0187837861056017,0.925703114558269,0.0202913718342246
"vm(ID, ginv)_Nr_500931",-0.18326777718863,0.927719938222827,-0.197546446549057
"vm(ID, ginv)_Nr_502574",-1.12690128763494,0.929817129891159,-1.21196012786605
"vm(ID, ginv)_Nr_504517",-1.17694062832461,0.931351163668364,-1.26369158512556
"vm(ID, ginv)_Nr_501401",-0.881430554106725,0.92063331440098,-0.957417617110932
"vm(ID, ginv)_Nr_503379",-0.526801658859366,0.923316277721265,-0.570553851990465
"vm(ID, ginv)_Nr_503533",-0.69398647507432,0.926447761355857,-0.749083223061245
"vm(ID, ginv)_Nr_502335",0.612994112775805,0.920037666631889,0.666270670221447
"vm(ID, ginv)_Nr_501306",-0.337128329923052,0.938260695184039,-0.359312003213483
"vm(ID, ginv)_Nr_502970",-0.348559771420727,0.927091952766442,-0.375971089362415
"vm(ID, ginv)_Nr_501973",-0.0752100347907191,0.943340423954413,-0.0797273527995802
"vm(ID, ginv)_Nr_501912",-0.352339226095924,0.927266339239722,-0.379976292879144
"vm(ID, ginv)_Nr_502977",0.267360435566689,0.931309218345273,0.28708019882132
"vm(ID, ginv)_Nr_504519",-0.463603675930644,0.931043947331679,-0.497939627081307
"vm(ID, ginv)_Nr_504854",-0.135982885904319,0.925051741056906,-0.14700030265221
"vm(ID, ginv)_Nr_502032",-1.00287202314787,0.930998659234685,-1.07720028724023
"vm(ID, ginv)_Nr_500527",-0.291057771637576,0.926207304138677,-0.314246897359813
"vm(ID, ginv)_Nr_504783",-0.262124288307529,0.924519999630015,-0.283524735443721
"vm(ID, ginv)_Nr_503039",-0.47268218566709,0.915397390350506,-0.516368290591368
"vm(ID, ginv)_Nr_501870",-0.511360220162465,0.923996983433005,-0.553421958438181
"vm(ID, ginv)_Nr_503799",0.112851844475667,0.929945661429439,0.121353159820328
"vm(ID, ginv)_Nr_503436",-0.114993541836026,0.923815812093429,-0.12447669798533
"vm(ID, ginv)_Nr_502834",-0.916702767926637,0.940556798228526,-0.974638394675562
"vm(ID, ginv)_Nr_502796",-0.600542685626456,0.914369025625301,-0.656783715104269
"vm(ID, ginv)_Nr_504210",-0.140665231512013,0.899157674875683,-0.156441117550891
"vm(ID, ginv)_Nr_500542",-0.453903322984564,0.92961514641783,-0.488270145698068
"vm(ID, ginv)_Nr_500328",-1.03211621618698,0.923266848066301,-1.11789589147347
"vm(ID, ginv)_Nr_502551",-0.304220608176228,0.931639739604189,-0.326543185357762
"vm(ID, ginv)_Nr_500076",-0.905876492439709,0.92202759075435,-0.982483063981385
"vm(ID, ginv)_Nr_501756",-0.516671680272707,0.927204152826597,-0.557236158506867
"vm(ID, ginv)_Nr_504269",-0.828197392809028,0.928260625284694,-0.892203515101185
"vm(ID, ginv)_Nr_503600",-0.470561630123021,0.925481627641316,-0.508450536530147
"vm(ID, ginv)_Nr_501757",-0.144221626782623,0.934086181660564,-0.15439863003458
"vm(ID, ginv)_Nr_504096",-0.802483257478161,0.910473812209676,-0.881390817304864
"vm(ID, ginv)_Nr_503953",-0.349607706542765,0.932404848304353,-0.374952690538399
"vm(ID, ginv)_Nr_502900",-0.583323810901937,0.918927907446723,-0.634787349665683
"vm(ID, ginv)_Nr_502691",-1.26672509716727,0.919155101292126,-1.37814074619891
"vm(ID, ginv)_Nr_504440",-0.773614433824052,0.929669874025479,-0.8321388650299
"vm(ID, ginv)_Nr_500695",-0.00805224070270604,0.933058004705634,-0.00862994654361966
"vm(ID, ginv)_Nr_501978",-0.649224709559331,0.926904417993575,-0.700422499835179
"vm(ID, ginv)_Nr_502771",-0.289910355834711,0.91235842013181,-0.317759281262321
"vm(ID, ginv)_Nr_500654",-0.166431887014831,0.933350726460018,-0.178316555927554
"vm(ID, ginv)_Nr_503256",-0.716827751219069,0.925582627637008,-0.774461112185213
"vm(ID, ginv)_Nr_501209",-0.335037495783536,0.918845372082175,-0.364628811292062
"vm(ID, ginv)_Nr_501351",-0.443866330162173,0.927668476885754,-0.478475167823167
"vm(ID, ginv)_Nr_502228",-0.835472365468961,0.928837689299988,-0.899481551075527
"vm(ID, ginv)_Nr_504949",0.377156397730282,0.927825142352627,0.406495125551298
"vm(ID, ginv)_Nr_502894",-0.306546310948775,0.928762094305383,-0.330059024618182
"vm(ID, ginv)_Nr_501111",-0.116494964065562,0.936371186091312,-0.124411094441988
"vm(ID, ginv)_Nr_504938",0.134452841041262,0.934668479573084,0.143850834792967
"vm(ID, ginv)_Nr_501326",0.21699573987402,0.924537218973921,0.234707414066952
"vm(ID, ginv)_Nr_501609",-0.42089747296753,0.912265437499498,-0.461376103561702
"vm(ID, ginv)_Nr_502053",0.127295078617844,0.920455021170028,0.138295816406144
"vm(ID, ginv)_Nr_502024",-0.493067735486224,0.927200547721749,-0.531781108949681
"vm(ID, ginv)_Nr_502807",-0.530373520225983,0.918000892723645,-0.577748370867485
"vm(ID, ginv)_Nr_504471",-0.867576263166675,0.934085990153459,-0.92879699761276
"vm(ID, ginv)_Nr_501409",-0.518979399062611,0.924270103407311,-0.56150187823819
"vm(ID, ginv)_Nr_503353",0.248154979570301,0.926729202384317,0.267775072730891
"vm(ID, ginv)_Nr_500458",0.184734725914368,0.928053431422048,0.199056131532535
"vm(ID, ginv)_Nr_503633",-0.84097557552218,0.930806377414388,-0.903491419835625
"vm(ID, ginv)_Nr_500473",-0.815448157504804,0.934555762682566,-0.872551633691849
"vm(ID, ginv)_Nr_503136",-0.398923142018285,0.928595246802519,-0.429598518183157
"vm(ID, ginv)_Nr_501988",-0.404834223980058,0.929242322634259,-0.435660552817283
"vm(ID, ginv)_Nr_501460",-0.025186075102582,0.923969432529511,-0.0272585587962918
"vm(ID, ginv)_Nr_500703",-0.498333644419055,0.928833716654179,-0.536515455332672
