"","Np2_503630","Np2_504594","Np2_500459","Np2_503056","Np2_503804","Np2_500377","Np2_502308","Np2_503117","Np2_502101","Np2_500691","Np2_501850","Np2_500718","Np2_502802","Np2_503972","Np2_501745","Np2_503371","Np2_502790","Np2_504634","Np2_503615","Np2_503212","Np2_500728","Np2_504262","Np2_501180","Np2_504280","Np2_500415","Np2_502746","Np2_501843","Np2_502340","Np2_503447","Np2_503749","Np2_500639","Np2_501210","Np2_502930","Np2_500233","Np2_502491","Np2_501045","Np2_504525","Np2_500004","Np2_502402","Np2_502398","Np2_500720","Np2_501215","Np2_500475","Np2_502309","Np2_502589","Np2_500085","Np2_500622","Np2_502229","Np2_500392","Np2_502501","Np2_504239","Np2_504039","Np2_500466","Np2_500358","Np2_504197","Np2_501894","Np2_501475","Np2_501561","Np2_502438","Np2_502102","Np2_503976","Np2_500630","Np2_501220","Np2_502787","Np2_501199","Np2_502217","Np2_504247","Np2_501230","Np2_500407","Np2_500340","Np2_501597","Np2_501788","Np2_502494","Np2_503723","Np2_504783","Np2_501647","Np2_500121","Np2_502511","Np2_500378","Np2_502194","Np2_503469","Np2_503250","Np2_501668","Np2_500469","Np2_502705","Np2_503704","Np2_501409","Np2_502844","Np2_504910","Np2_501685","Np2_501186","Np2_501297","Np2_503375","Np2_503891","Np2_500546","Np2_502681","Np2_502270","Np2_501418","Np2_503005","Np2_502366"
"Np2_503630",1.00310461,-0.01127785,-0.00267559,-0.01616056,-0.00405044,-0.01634173,-0.00110739,-0.03245918,0.01575149,-0.02466689,-0.01621844,-0.00988474,-0.01952229,-0.01478725,-0.02447049,-0.00276085,-0.02787336,0.09270877,-0.01369865,-0.00828303,-0.00491675,-0.01267094,-0.0009795,-0.02700242,-0.02033379,-0.01307898,-0.00667677,-0.02115898,0.00298972,-0.01673608,-0.0105577,-0.02063677,-0.02285511,-0.01533843,-0.02370162,-0.0076588,-0.0109642,-0.02129911,-0.000844,0.00528263,-0.02482527,0.00189655,-0.01539628,-0.02237397,-0.00474165,-0.03089706,-0.01007355,0.00561911,-0.00299227,-0.00894381,-0.02122751,-0.0220223,-0.01954512,-0.00606777,0.00541965,-0.01422543,-0.00797396,-0.00130685,-0.0257525,-0.01249893,-0.00188997,-0.01429547,-0.02246077,-0.02828135,0.00889253,-0.01305157,0.00263801,-0.00423922,-0.01062924,0.00979538,0.00808559,0.00134387,-0.01255831,-0.01414474,-0.01355553,-0.00636009,-0.00695844,0.00139563,-0.0244187,-0.01731463,-0.02516473,-0.00984057,0.06873067,-0.00806684,-0.00572368,-0.01921016,-0.00293442,-0.02174979,-0.01482834,-0.00012689,-0.01467,-0.02059107,-0.01553941,-0.02673905,-0.0138585,-0.00967613,-0.01211067,-0.01776537,-0.01668735,-0.01820224
"Np2_504594",-0.01127785,1.00462432,-0.01021359,-0.00558056,-0.02924972,-0.00165093,-0.0019463,0.00095867,-0.01660363,-0.02109049,-0.01873213,-0.02183806,0.00201986,-0.02780633,-0.01175896,-0.01608446,-0.02231767,-0.01059573,-0.00936099,-0.01993185,-0.02828902,-0.01290084,-0.00516796,-0.01185486,-0.01234208,-0.00676204,-0.00492739,-0.011188,-0.01216091,-0.01011463,-0.00104345,-0.01447209,-0.00420573,-0.00430165,-0.00352972,-0.00590942,-0.00875806,0.01516382,-0.00518471,-0.01748059,-0.02490292,-0.00396669,-0.02339106,-0.00920569,-0.02354631,-0.01133417,-0.0072584,-0.01166306,-0.02484197,0.01107583,-0.0173466,-0.01403058,-0.01063989,-0.01543281,-0.01993183,-0.03500935,-0.00028676,0.00592361,-0.016695,-0.00739999,-0.0135388,0.00344037,0.01384987,0.00772476,-0.00245178,0.01914823,-0.01251262,-0.01680153,-0.01588347,-0.01159757,-0.01635239,-0.00345359,0.01050643,-0.00188997,-0.00708634,-0.00796027,-0.00840636,-0.02395591,-0.01688375,-0.00734364,-0.01032168,-0.01829207,-0.0105181,0.00099065,-0.00762835,0.00126622,0.0120609,-0.01116976,-0.0047051,-0.0245649,-0.02433954,-0.02066872,-0.00374137,-0.00945995,-0.01302264,-0.03457086,0.01993692,-0.01525472,-0.01082716,-0.0144736
"Np2_500459",-0.00267559,-0.01021359,0.98193522,-0.02042509,-0.01333932,0.00801706,-0.0210539,-0.02697958,-0.02642385,-0.00426662,-0.01454517,-0.02267541,-0.02622285,-0.01326623,-0.01350983,-0.0087002,-0.01934872,-0.00305926,0.00731062,-0.01041607,-0.02014348,-0.01632649,0.01683246,-0.0067544,-0.00739386,-0.01033995,-0.01002783,-0.01217761,-0.01208476,-0.01079975,-0.01269074,-0.01333017,-0.01661427,-0.00498677,-0.01746077,-0.00126573,0.00167121,0.01539218,-0.0312959,-0.01283687,-0.00762226,-0.01637522,-0.03899687,-0.00395298,0.00271717,0.00137888,-0.00916154,-0.0217878,0.02090974,0.01480598,-0.01239839,-0.01639046,-0.01299978,-0.00058821,-0.01011156,0.00175951,-0.01589256,-0.02171012,-0.00672246,-0.01158692,-0.02503379,-0.01612398,-0.00053797,0.00049277,-0.01242428,-0.02888727,-0.01213197,-0.00332722,-0.00849923,0.0017245,-0.00394384,-0.00094143,-0.0122553,0.00640776,-0.01218676,0.01875996,-0.00924373,-0.02235721,-0.03446879,0.00430364,-0.0072005,-0.00329525,-0.00770142,-0.01065663,-0.02764944,-0.02438821,-0.01846564,-0.00150173,0.00465838,-0.01687613,-0.01391025,-0.00628091,-0.01325713,0.01330173,-0.02527888,-0.00252181,-0.02718512,-0.026293,-0.00146366,0.00935383
"Np2_503056",-0.01616056,-0.00558056,-0.02042509,0.9806957,-0.03367563,-0.02663087,-0.01733439,-0.01701773,-0.00580436,0.0317303,-0.00062475,-0.01591085,-0.00286285,0.00948477,-0.01344436,-0.00543744,-0.00329678,-0.02111174,0.00813734,-0.01278663,-0.00622306,-0.02006731,-0.01705426,-0.01871683,0.00987605,-0.01636455,0.01485468,-0.0302301,0.00229239,-0.00723248,-0.01232076,-0.01433047,-0.02035509,-0.00278978,-0.02835744,-0.00180928,-0.01455429,-0.0187991,-0.00717463,0.00154027,-0.01928021,-0.00260707,-0.00665394,-0.02139647,0.0240979,0.00113985,0.00749943,-0.01182594,-0.01419495,-0.00400779,-0.01446444,-0.01708625,-0.00151542,-0.00402454,-0.01872443,-0.01583623,-0.01628385,0.00027963,-0.01883716,-0.00923766,-0.01903049,-0.02686838,-0.00732384,-0.01329668,0.03727532,-0.01420562,-0.01983135,0.01561746,-0.02228868,-0.01008568,0.01043329,-0.01914618,-0.02771957,0.01027952,-0.01212129,0.04607852,-0.01800886,-0.0154404,-0.00623675,-0.0256245,-0.00332874,-0.01358289,-0.02255663,-0.00830738,-0.0085525,0.00627987,-0.02159746,-0.01772724,-0.01126258,-0.00478275,-0.02191412,-0.0069767,-0.03679074,-0.00703456,-0.01501255,-0.02331482,-0.01707101,-0.02698879,-0.0102288,-0.01737701
"Np2_503804",-0.00405044,-0.02924972,-0.01333932,-0.03367563,1.00568111,-0.01086675,-0.01496843,-0.0173923,-0.00191585,-0.0261955,-0.00115154,-0.0313584,-0.0064347,-0.0009384,-0.0183865,-0.01753542,-0.0117407,0.00180824,-0.00578762,0.04804418,-0.01999583,-0.01282929,-0.01910361,-0.02518149,0.0143736,-0.01247607,-0.00683511,-0.00289483,-0.01482988,-0.00471425,0.0016164,0.00295622,-0.02240446,-0.01564902,0.00719948,-0.00918742,-0.00229192,-0.01277907,-0.0256672,-0.0047721,-0.00336377,-0.00678793,-0.02027446,-0.01994403,-0.01525314,-0.00791306,-0.01495173,-0.01280951,-0.00512989,-0.0121472,-0.00479038,0.01512119,-0.0116341,-0.01627476,-0.0070711,-0.030827,-0.00767554,-0.00740302,0.00621443,-0.00763295,-0.02366814,-0.01551957,-0.01713804,-0.01367125,-0.01547391,0.00292881,-0.00985277,-0.01216241,0.00306736,-0.0074152,-0.01826011,-0.01723699,-0.01104187,-0.01034453,-0.01417063,0.01510138,-0.00924831,-0.0042438,-0.00600229,0.00917115,-0.01755822,-0.0252241,-0.02688977,0.00639103,-0.01121084,-0.01845499,-0.00309276,-0.01262073,-0.01133264,0.00869765,-0.00143017,-0.01252781,-0.01417523,-0.03207397,-0.01614837,-0.00952997,-0.01820685,0.00141239,-0.01638894,-0.01348852
"Np2_500377",-0.01634173,-0.00165093,0.00801706,-0.02663087,-0.01086675,0.98216059,-0.02116962,-0.01202234,-0.01420715,-0.0298084,-0.02562303,-0.00543439,-0.02344578,-0.00318106,-0.02336967,-0.02373661,-0.01961669,-0.01900916,0.01145796,-0.01129305,-0.00731776,-0.00167377,-0.00140124,-0.01478722,-0.01253389,-0.00954215,-0.03069752,0.00110482,0.00348148,-0.01182897,-0.0202668,-0.02745305,-0.01307593,-0.006016,0.10848811,-0.01843366,-0.00666611,0.00781611,-0.03034585,-0.01234358,0.00657373,-0.01907922,-0.01673151,-0.02035964,-0.01399399,-0.00741519,-0.0088205,-0.01687919,-0.02351124,-0.00845203,-0.02195372,0.03008298,0.00119618,-0.01912642,-0.03001998,0.00773387,-0.0225551,-0.02015105,-0.00942646,-0.00058821,-0.0172324,-0.0127379,-0.01024556,-0.00449499,-0.03355076,-0.01545256,-0.02473234,0.0081282,-0.01394375,0.01759523,-0.01791446,-0.01019226,0.00772628,-0.0020818,-0.01747903,-0.00449804,0.00038468,-0.02110266,0.00378293,-0.0188021,-0.0193441,-0.01376407,-0.0136027,-0.01823268,-0.01634627,-0.02161114,-0.01096875,-0.00770753,-0.00839872,-0.00694321,-0.01889801,0.00091146,-0.03149085,0.00679144,0.01769266,0.01639394,-0.01329364,-0.01712132,-0.01147574,-0.00750957
"Np2_502308",-0.00110739,-0.0019463,-0.0210539,-0.01733439,-0.01496843,-0.02116962,0.98568121,-0.01916906,-0.02196287,0.0143538,0.00118248,-0.00177121,-0.01886909,-0.00956651,0.00815562,-0.0138311,-0.00636161,-0.016564,-0.00132206,-0.0144812,-0.03029871,-0.01932586,-0.02499116,-0.01690961,-0.01450403,-0.00283393,0.00676555,0.01527338,0.00775368,-0.024,-0.0048802,0.00331096,-0.01382806,0.01515618,0.00100739,0.00426101,-0.01213805,-0.02353872,-0.00399713,0.00608803,-0.01777748,-0.00886921,0.00961725,-0.00329829,-0.01048306,-0.01912946,-0.00728884,-0.00834393,-0.00797243,-0.00326633,-0.00793741,-0.00857993,-0.02010995,-0.01378847,0.00287551,-0.02483888,-0.01143159,-0.01633563,-0.01383264,-0.02250343,0.00454877,-0.0154693,-0.00338508,-0.00600838,0.02233484,-0.01346416,0.00176865,-0.00084552,-0.01606615,-0.01467304,0.00082164,-0.01368492,-0.01038261,-0.01714561,-0.01853567,-0.01042674,0.01440099,-0.00693408,-0.03381412,-0.01178939,-0.01278815,-0.00918739,-0.00293594,-0.01578752,-0.0300398,-0.01962274,-0.01415692,0.01041963,-0.00077701,-0.00921786,-0.02878526,-0.00608298,-0.01671326,-0.02441108,-0.00300445,-0.02074634,-0.03140252,-0.02137525,-0.01283687,-0.02927245
"Np2_503117",-0.03245918,0.00095867,-0.02697958,-0.01701773,-0.0173923,-0.01202234,-0.01916906,1.0000195,-0.0204282,-0.02202226,-0.00367741,-0.01393921,-0.02114072,-0.01975523,-0.02167361,-0.01397119,4.515e-05,-0.02766623,-0.00237565,-0.01568706,-0.02084692,0.00626465,-0.01858443,-0.00867584,-0.00748827,-0.00784607,-0.01636456,-0.00892248,-0.01842151,0.01651122,-0.02222479,0.09193386,-0.01305463,-0.0165001,0.00391236,-0.00410067,-0.00162048,-0.01652295,-0.01266333,-0.00973399,-0.00254009,-0.00657325,0.01693756,0.03203637,-0.0145817,-0.02718666,0.00870985,0.00049887,-0.01755214,-0.0069082,0.01415131,-0.01526687,-0.0318212,-0.02306368,0.00456247,-0.006861,-0.02725363,-0.01358294,-0.01808354,-0.00513448,0.01034654,0.01697253,-0.02834227,-0.01832862,-0.02728715,-0.01558352,-0.01862097,0.01606663,-0.03691253,-0.0167924,-0.01880669,-0.03102949,-0.02787948,0.00418185,-0.00573434,-0.0128506,-0.0142102,0.00297449,-0.01355247,-0.00233759,0.01386811,-0.02242114,-0.02500032,-0.00694474,-0.0099304,-0.01199797,0.00549579,0.00327596,-0.00578914,-0.02047235,-0.03501544,0.0024553,-0.01274252,-0.00658543,-0.01486793,-0.00170269,-0.0201237,-0.00019997,-0.02439586,-0.02286571
"Np2_502101",0.01575149,-0.01660363,-0.02642385,-0.00580436,-0.00191585,-0.01420715,-0.02196287,-0.0204282,0.99458325,-0.01689897,-0.02519827,-0.0075979,0.01534648,0.01201216,-0.00863321,0.00226652,-0.0176694,-0.0077745,-0.01887217,-0.00767098,-0.00993803,0.01412847,-0.00417375,-0.00888138,-0.01606767,-0.01033539,-0.0127638,-0.027855,-0.01832254,0.04645158,-0.00827086,-0.01880669,-0.01904575,-0.0005669,-0.00466704,-0.01998817,-0.0111134,-0.00470055,-0.01972021,-0.0189224,-0.00944473,-0.01302113,0.00150678,-0.0287655,-0.01950705,-0.01901833,-0.00824346,-0.01614992,-0.02445675,0.01998714,-0.02259472,-0.00846879,-0.00416461,0.0027659,-0.0268547,-0.00615302,-0.00842767,-0.00450109,-0.02118187,0.00303387,0.00572568,-0.02083924,-0.0078415,0.00978472,0.01148386,-0.01228726,-0.01288867,-0.00484518,0.00170622,-0.01669343,-0.01764195,-0.00900622,-0.01133724,-0.00835611,-0.02207859,-0.01290389,-0.02339861,-0.02372294,-0.02685166,-0.01137374,-0.012068,-0.02323567,-0.02033378,-0.00836829,-0.02779716,-0.01677107,-0.02135388,-0.01794042,9.539e-05,0.03367613,-0.02227955,-0.02287179,-0.02101743,-0.03267382,-0.00213205,-0.00875957,-0.00144997,0.03476485,-0.01135547,-0.00434427
"Np2_500691",-0.02466689,-0.02109049,-0.00426662,0.0317303,-0.0261955,-0.0298084,0.0143538,-0.02202226,-0.01689897,0.99048094,-0.01232838,-0.02411268,-0.01685024,-0.01576926,-0.00398496,-0.01790233,-0.01271663,-0.00541003,-0.00128248,-0.02677403,0.01754807,-0.03512048,0.00077901,-0.00499439,-0.0181185,-0.0029466,0.0202033,0.01196342,0.00078967,-0.02198114,0.00536028,-0.01248366,-0.01896505,-0.0380925,-0.03929981,-0.00605253,-0.01742729,0.00405852,-0.01157015,-0.01640567,-0.01636763,0.0035028,-0.01653055,-0.02426949,-0.00343989,-0.00965025,-0.02171323,-0.01089264,-0.01052113,0.00651739,-0.01124737,-0.00534305,-0.01839559,0.01030694,-0.0135281,-0.02144977,-0.01565506,-0.01934109,0.0361457,-0.01698275,-0.00226299,0.00055672,-0.00608603,-0.01510392,-0.00883723,-0.01890565,-0.01219896,-0.026841,-0.00932748,-0.00153979,0.00390627,-0.01394984,-0.0152151,0.00390475,-0.01468979,-0.01937002,-0.01585756,-0.0103963,-0.00058365,-0.01464259,-0.02964852,-0.01371536,0.03470988,0.00861237,-0.00472642,-0.0387669,-0.00696149,0.01776733,-0.02022566,-0.00643774,-0.00499439,-0.00817492,0.00479391,-0.02010845,-0.01499277,-0.02603558,-0.01354943,-0.00306536,-0.01538558,-0.019032
"Np2_501850",-0.01621844,-0.01873213,-0.01454517,-0.00062475,-0.00115154,-0.02562303,0.00118248,-0.00367741,-0.02519827,-0.01232838,1.00951237,-0.01201019,-0.02514953,-0.01295414,-0.01989684,-0.0144782,-0.00959699,-0.00076787,-0.0129313,0.0495789,-0.01678636,-0.01022882,-0.0137626,0.00512885,-0.01286735,-0.01033236,-0.02357066,-0.01095201,-0.00948888,-0.01170567,-0.00065521,0.00418642,-0.00579677,-0.00954674,0.04055491,-0.02531398,-0.03151218,-0.00911284,-0.0206307,0.02234097,-0.0187291,-0.01225683,-0.0124974,-0.00364087,-0.00473557,-0.00348557,-0.01950713,-0.00213966,-0.02445374,-0.01167827,-0.02000342,-0.00633422,-0.02045255,-0.00636619,-0.01680305,-0.00797701,-0.0167985,-0.00145301,-0.01189144,-0.00092165,-0.01756587,0.00215384,-0.01651685,-0.0199014,-0.01607075,-0.02476891,0.01132248,-0.00301511,-0.01975829,-0.02064897,-0.01505064,-0.02818696,0.00099826,-0.02251252,0.00350281,-0.03178013,-0.02217758,-0.01230099,-0.01573425,0.03232565,-0.01602353,-0.01227051,-0.02398481,-0.01262832,0.00143827,-0.01326625,0.01534195,-0.01504459,-0.01497451,-0.02158837,0.0011703,0.00636362,-0.01035674,-0.00602667,-0.0018245,-0.0133241,-0.02565505,-0.01182142,-0.01789929,-0.01865292
"Np2_500718",-0.00988474,-0.02183806,-0.02267541,-0.01591085,-0.0313584,-0.00543439,-0.00177121,-0.01393921,-0.0075979,-0.02411268,-0.01201019,0.99827442,-0.00891945,0.00464622,-0.04218653,-0.01134179,-0.01346419,-0.00600534,-0.01375345,-0.02889188,-0.01623824,-0.01729331,-0.0284397,-0.01274553,-0.01551652,-0.02622747,0.01260442,-0.03415519,-0.02568851,0.01000549,-0.00969899,-0.02891319,-0.01362253,-0.02300585,-0.01766633,-0.03450999,-0.00553793,-0.02059265,-0.01688528,-0.01304243,0.01759832,-0.00120331,-0.01453757,-0.01953598,-0.01438833,0.00117335,-0.00799683,-0.02427715,-0.03167046,-0.00382205,-0.02935167,0.00639408,-0.01442336,-0.01875951,-0.01488466,0.00216298,-0.01914317,-0.01628236,-0.01834694,-0.02793125,-0.01031865,-0.00171335,-0.01840476,-0.01661274,0.00533592,-0.01051809,-0.03030329,-0.00673006,-0.01586062,-0.02177561,-0.01602504,-0.03616495,-0.03088341,-0.02851124,-0.00447521,0.00530851,-0.00488172,-0.01723395,0.20268639,-0.03381264,-0.03085284,0.3299308,-0.02282767,-0.02593514,-0.01780639,0.00798814,-0.02247751,-0.00185953,-0.02249574,-0.02941412,-0.01929237,-0.0230819,-0.03097171,-0.0228353,-0.01574033,-0.00318411,-0.01475377,-0.0051832,-0.02679079,-0.02145434
"Np2_502802",-0.01952229,0.00201986,-0.02622285,-0.00286285,-0.0064347,-0.02344578,-0.01886909,-0.02114072,0.01534648,-0.01685024,-0.02514953,-0.00891945,0.98447823,-0.00940664,0.00024613,-0.0109307,0.00552166,-0.01153207,0.00279635,-0.00975378,-0.0203947,0.00062676,-0.02422229,-0.00822364,-0.00018474,-0.00602361,-0.03174654,-0.00877479,-0.01446751,-0.01912032,-0.00806989,-0.0141904,-0.00651235,-0.00919655,-0.00949038,-0.01004306,-0.02476735,0.00341754,-0.01540842,-0.00334397,-0.00482844,0.0013393,0.0295699,-0.01623209,-0.01976281,-0.0072462,-0.01793889,-0.00864083,-0.01633867,-0.00599925,-0.02422076,-4.619e-05,-0.01309875,-0.01027905,-0.00290244,-0.00899708,-0.00700868,-0.00795416,-0.01610881,-0.0221913,-0.0237625,-0.00586982,0.01367476,-0.00706653,-0.02729169,-0.00736646,-0.01999578,-0.01804235,-0.01149098,-0.00020149,-0.01104639,-0.01733136,0.00652501,-0.00769837,-0.01441725,-0.00250202,-0.03263723,-0.00616521,0.01019426,-0.03020424,-0.00882199,-0.00765726,-0.02043729,0.05867128,-0.03429524,-0.01428631,-0.00379617,-0.02535205,-0.02254139,-0.00525169,-0.00533086,-0.01597172,-0.0209687,-0.00719899,-0.00741214,-0.02408827,-0.00261925,0.02948471,-0.00841396,-0.01586667
"Np2_503972",-0.01478725,-0.02780633,-0.01326623,0.00948477,-0.0009384,-0.00318106,-0.00956651,-0.01975523,0.01201216,-0.01576926,-0.01295414,0.00464622,-0.00940664,0.99059972,0.01837935,-0.01030647,-0.02065049,0.00249032,-0.02977036,-0.01369711,0.02955926,-0.01519222,-0.01004763,0.01006181,-0.00793436,-0.01560026,-0.01848542,-0.01454514,-0.01003697,-0.0114925,0.02787686,-0.01600221,-0.00512685,0.01700605,-0.02241659,-0.02555755,-0.0188143,-0.02077535,-0.00945537,0.00123881,-0.00892403,-0.01980852,-0.01152297,0.00920921,-0.01289626,-0.02900301,-0.01076781,0.00203204,0.00301255,-0.00689753,-0.01217763,-0.02317331,-0.01795559,-0.01422238,-0.01780789,0.02679733,-0.00912498,-0.01616055,-0.02644675,-0.0262869,-0.00030045,-0.0096609,-0.01782619,-0.01314139,-0.010681,-0.02272869,-0.02013282,-0.00858753,-0.00538568,-0.04220781,-0.01879602,-0.00879002,-0.0054877,-0.00387685,-0.00709394,-0.0139057,0.00483196,-0.02426799,0.0108185,-0.01892239,-0.01230856,0.00073181,-0.01296173,0.00372357,-0.02712419,-0.0234062,-0.00971878,-0.02533683,-0.01080279,0.01364279,-0.01612552,-0.01900154,-0.03008863,0.02494141,-0.01394375,-0.01524245,-0.00869412,-0.01252177,-0.01677259,-0.01524245
"Np2_501745",-0.02447049,-0.01175896,-0.01350983,-0.01344436,-0.0183865,-0.02336967,0.00815562,-0.02167361,-0.00863321,-0.00398496,-0.01989684,-0.04218653,0.00024613,0.01837935,0.99331023,-0.01055007,-0.01647878,-0.00932442,-0.02270587,-0.00739388,0.00023547,-0.02320068,-0.01242277,-0.00571149,-0.00848248,-0.01965017,-0.02344883,0.0008932,-0.00084095,-0.01508566,0.00068461,-0.02020436,0.00467819,-0.00577088,-0.02951153,-0.01788405,-0.01875341,-0.02847932,0.00461272,-0.00402911,-0.00718835,-0.01929087,-0.01146207,0.00637731,-0.00263448,-0.02178627,-0.01984205,-0.00506291,-0.01032472,-0.00013755,-0.01044197,-0.01824034,-0.01150011,-0.02329661,-0.00419658,-0.01744707,0.10816992,-0.01077083,0.01411327,-0.02531249,0.02944961,-0.00533695,-0.02248511,-0.00805617,-0.02158226,-0.02677861,-0.01352508,-0.01004914,0.02877969,-0.01565507,-0.01416756,-0.01375344,-0.02384933,-0.00335919,-0.02241049,-0.01658533,-0.00271974,-0.01689899,-0.02901059,-0.01261916,-0.00478732,-0.03087566,-0.03787016,-0.00976596,-0.01290387,-0.03567771,-0.02031552,-0.00609213,6.799e-05,-0.00152151,0.01910557,-0.00249745,0.03467952,-0.01290845,-0.00398648,-0.00924372,-0.02050889,-0.00926357,-0.02371529,-0.01548605
"Np2_503371",-0.00276085,-0.01608446,-0.0087002,-0.00543744,-0.01753542,-0.02373661,-0.0138311,-0.01397119,0.00226652,-0.01790233,-0.0144782,-0.01134179,-0.0109307,-0.01030647,-0.01055007,1.00277874,-0.00618806,0.00659961,-0.00952237,-0.00532477,-0.00028371,-0.02037033,0.06272739,-0.02282614,-0.01128544,-0.03037026,0.00069679,-0.0274881,-0.00486194,-0.01712737,0.00336273,-0.00823888,-0.0363401,-0.01375043,-0.01069471,-0.00637532,0.00067243,-0.01438228,-0.00062627,0.00154179,0.0196979,0.00028723,-0.01456955,-0.02520129,-0.00147889,-0.01895592,-0.01777296,-0.00603885,-0.01008265,0.0046721,-0.00015125,-0.02698117,-0.01004002,-0.00508879,-0.02892382,-0.02405634,-0.01810938,-0.01129001,-0.00863476,0.00675036,-0.0152227,-0.00128857,-0.02132954,-0.01299067,-0.01327082,-0.03003835,-0.01541454,0.00191633,-0.00569171,-0.01678327,-0.01742729,-0.0083348,-0.01873519,-0.02686844,-0.01668735,-0.00842615,-0.01770287,-0.01361188,-0.00425596,0.00056433,-0.00073894,0.01184468,-0.01174525,-0.02505361,-0.00383118,-0.00559426,-0.01672391,-0.02290234,-0.00745477,-0.01300285,-0.0045559,-0.00164636,-0.019737,-0.00657629,0.00539073,-0.00900166,-0.00900015,-0.0205927,-0.01372909,-0.00930616
"Np2_502790",-0.02787336,-0.02231767,-0.01934872,-0.00329678,-0.0117407,-0.01961669,-0.00636161,4.515e-05,-0.0176694,-0.01271663,-0.00959699,-0.01346419,0.00552166,-0.02065049,-0.01647878,-0.00618806,1.00888804,-0.01211826,-0.00875198,-0.00531565,-0.02158992,-0.01000806,-0.0009049,-0.02631882,0.00288313,-0.01818096,0.00679601,-0.01971411,-0.00074199,-0.01102815,-0.00302273,0.01902339,-0.02536881,-0.02698726,0.00240811,-0.01184727,-0.02839862,-0.01604794,-0.03076309,-0.01504455,-0.00845966,-0.00518471,-0.02384782,-0.00509488,-0.01014812,-0.00311256,-0.01548004,-0.02551803,-0.01007352,-0.02394219,-0.00912499,-0.02255672,-0.01079215,-0.00766795,0.01082308,-0.0190229,-0.00515882,-0.02681061,-0.0163905,-0.01958021,-0.02785051,-0.00660826,-0.02086366,-0.00871848,-0.01615448,-0.02363463,0.01245677,-0.01832405,-0.00218077,-0.00215794,-0.01102357,-0.01548153,0.00502534,-0.00874131,-0.00130075,-0.01146207,0.0060576,-0.00203157,-0.02038555,-0.01191121,-0.01214871,-0.01707406,-0.01508567,-0.02580575,-0.02194005,-0.00010405,-0.01077694,-0.00842922,0.00336425,-0.01070995,0.02438114,-0.00422551,-0.01104949,-0.01844284,0.00524761,-0.00625198,-0.01310183,0.02265623,0.02449533,0.00684169
"Np2_504634",0.09270877,-0.01059573,-0.00305926,-0.02111174,0.00180824,-0.01900916,-0.016564,-0.02766623,-0.0077745,-0.00541003,-0.00076787,-0.00600534,-0.01153207,0.00249032,-0.00932442,0.00659961,-0.01211826,0.97842983,-0.01286428,-0.00638292,0.00246445,-0.02142844,0.00274763,-0.01063835,-0.01143006,-0.00904733,-0.02837567,0.00144739,-0.01124889,-0.00965938,-0.01489991,0.00729843,-0.01516939,-0.00445542,-0.01160059,-0.01641632,-0.00556229,-0.01741969,0.0039489,-0.03103248,-0.01363773,-0.01873665,0.00081555,-0.0312837,-0.01730546,-0.00204831,-0.0203536,-0.0153186,0.00256187,-0.01084999,-0.02389492,-0.01951315,-0.02373505,-0.00827846,-0.02495761,-0.00623522,-0.03819896,-0.0051923,-0.01441271,-0.01577538,-0.00151238,-0.03919164,-0.01340478,-0.01085151,-0.00382357,0.00331248,-0.00870781,-0.01071295,0.00314652,-0.00383422,0.00343885,-0.02005056,-0.0194888,-0.03538689,0.01087787,-0.02090318,-0.00079528,-0.02867719,-0.01216543,-0.01084694,-0.02463484,-0.02560163,0.10671432,0.00266389,-0.01676496,-0.02522711,-0.00819016,-0.01771811,-0.02815338,-0.03446274,-0.01307438,0.00414681,-0.01988161,-0.00809119,-0.01332863,-0.02406694,-0.00305469,-0.0143427,-0.00854489,0.0016636
"Np2_503615",-0.01369865,-0.00936099,0.00731062,0.00813734,-0.00578762,0.01145796,-0.00132206,-0.00237565,-0.01887217,-0.00128248,-0.0129313,-0.01375345,0.00279635,-0.02977036,-0.02270587,-0.00952237,-0.00875198,-0.01286428,0.99247271,-0.01154275,-0.00239088,-0.0084703,-0.00621849,0.01480445,0.00335511,-0.00217925,-0.01541755,0.02354067,-0.01534296,-0.00477058,-0.01884174,-0.01582712,-0.0146959,-0.00672246,-0.00549377,-0.00361042,-0.01772571,-0.02257954,-0.02480999,-0.01030951,0.00084296,-0.00486497,-0.01484968,-0.02395889,-0.02063828,-0.01436398,-0.02262066,-0.02047845,-0.01995466,-0.0214909,-0.00758723,0.0662216,-0.02356608,-0.01770135,0.01829862,0.00017609,-0.01351745,-0.01111339,-0.01409148,-0.02550281,-0.01169653,-0.01922994,-0.00790697,-0.01981764,-0.02862391,-0.01417975,-0.01478116,-0.01891782,-0.02211056,-0.00336072,-0.02257948,-0.00222035,-0.01734054,-0.021972,-0.01361794,-0.00139819,-0.01904877,-0.02500642,-0.02113156,-0.00869868,-0.01670102,-0.02619392,-0.039583,0.00207163,-0.01141942,0.06233446,-0.01167521,-0.00978425,-0.0226556,-0.0097812,-0.02249726,-0.01349764,-0.00677119,-0.02055911,-0.01437767,0.00579114,-0.00242894,-0.00153675,-0.01157319,-0.00319172
"Np2_503212",-0.00828303,-0.01993185,-0.01041607,-0.01278663,0.04804418,-0.01129305,-0.0144812,-0.01568706,-0.00767098,-0.02677403,0.0495789,-0.02889188,-0.00975378,-0.01369711,-0.00739388,-0.00532477,-0.00531565,-0.00638292,-0.01154275,0.99097127,-0.0259032,-0.01934566,-0.01815963,-0.01236185,-0.00843376,-0.01457713,-0.014874,-0.01032472,-0.01205888,-0.01351441,0.00103784,-0.00782323,-0.01004155,-0.01272576,-0.00921329,-0.01539929,-0.01779117,-0.03147564,-0.01848087,-0.01113622,-0.01079368,0.00450919,0.00700917,-0.00560187,-0.00776232,-0.02249881,-0.00060953,0.0010759,-0.0020544,-0.02338339,-0.01648332,-0.01438531,0.00209903,-0.0127425,-0.00993342,-0.0137443,-0.01830273,-0.01346264,-0.01674523,0.01142907,-0.01039172,-0.01244406,-0.03431206,-0.01409753,-0.0232083,0.00844033,-0.01195383,-0.01487248,0.02182481,-0.00479646,0.02272612,0.00487002,-0.00994565,-0.00742128,-0.00500505,-0.02201769,-0.01789622,-0.00893315,-0.01541145,-0.0174425,-0.00565211,-0.03052243,-0.02701154,-0.01535057,-0.02351277,0.0109601,-0.00900014,-0.00421639,-0.01465171,-0.01365296,-0.01236185,-0.00229648,-0.02130062,-0.00737866,-0.01063684,-0.00280043,-0.01132504,-0.02215632,-0.01818549,0.00085361
"Np2_500728",-0.00491675,-0.02828902,-0.02014348,-0.00622306,-0.01999583,-0.00731776,-0.03029871,-0.02084692,-0.00993803,0.01754807,-0.01678636,-0.01623824,-0.0203947,0.02955926,0.00023547,-0.00028371,-0.02158992,0.00246445,-0.00239088,-0.0259032,1.01293249,-0.01963345,-0.02027444,-0.00381901,-0.01511611,0.00553689,0.00249946,-0.02675121,-0.00686558,-0.017304,0.00516541,-0.01602812,-0.00515274,-0.00083334,-0.02137674,-0.0073132,-0.01290238,-0.034504,0.03406289,0.03196788,-0.00103279,0.00665747,-0.02449034,-0.03359955,-0.00652757,-0.00436407,-0.00500811,-0.00317042,-0.008889,-0.0341766,-0.00991975,-0.03477043,-0.01097791,0.00524,-0.02879596,-0.01053028,0.03606802,-0.0329342,0.01935535,-0.02128849,-0.00504616,-0.01364536,-0.00354039,-0.01042676,0.00847689,-0.0148375,-0.00736954,-0.02048909,-0.02550887,-0.01284909,-0.02673905,-0.00272584,-0.0035343,-0.02141175,-0.01853875,-0.01849917,-0.00889662,-0.01957409,-0.01158843,-0.00250507,-0.02908219,-0.01543279,-0.01237862,-0.02431673,0.01258769,-0.0213006,-0.00822214,-0.00694019,-0.00884941,-0.02261913,-0.01112711,-0.01628692,-0.00210008,0.00420926,-0.0129039,-0.0142026,-0.02044345,0.00374337,-0.00705437,-0.01191881
"Np2_504262",-0.01267094,-0.01290084,-0.01632649,-0.02006731,-0.01282929,-0.00167377,-0.01932586,0.00626465,0.01412847,-0.03512048,-0.01022882,-0.01729331,0.00062676,-0.01519222,-0.02320068,-0.02037033,-0.01000806,-0.02142844,-0.0084703,-0.01934566,-0.01963345,0.9890465,-0.00047098,-0.02299207,-0.00977661,-0.00404434,-0.0233727,0.00523237,-0.03151974,-0.00663566,-0.00243655,-0.00855708,-0.01153667,-0.00873979,-0.00187779,-0.0197872,-0.00025478,-0.01926804,-0.01373365,-0.00227821,-0.02325095,0.00758164,0.00109874,-0.00877176,-0.01184572,-0.00541917,-0.00682447,-0.02477957,-0.01070535,-0.00599925,-0.00503701,0.01350426,-0.00381138,0.00068309,-0.00077091,-0.01067185,-0.00350688,-0.00962893,-0.0250917,-0.01488319,-0.01706341,-0.0284031,-0.00566125,-0.0312746,-0.0056719,-0.01558808,-0.02182281,0.02611067,-0.01209999,-0.02106001,-0.00389056,-0.01200254,0.01337637,-0.00769837,-0.02964245,-0.01087588,-0.02639492,0.02291495,0.00425644,0.00831548,-0.01247603,-0.00476448,0.0030095,-0.00603579,0.00589924,-0.01154577,-0.0059277,0.03037229,-0.0222369,-0.03357058,0.00212948,-0.01384021,-0.00391645,-0.01953141,-0.01213195,-0.02576304,-0.00048772,-0.02091089,-0.02500943,-0.0173892
"Np2_501180",-0.0009795,-0.00516796,0.01683246,-0.01705426,-0.01910361,-0.00140124,-0.02499116,-0.01858443,-0.00417375,0.00077901,-0.0137626,-0.0284397,-0.02422229,-0.01004763,-0.01242277,0.06272739,-0.0009049,0.00274763,-0.00621849,-0.01815963,-0.02027444,-0.00047098,0.99674861,-0.01190966,-0.00417527,-0.00027001,-0.01183354,0.00352564,-0.01526076,-0.0112352,-0.02317484,-0.01422238,-0.01507045,-0.01288259,-0.01667821,-0.0324561,-0.01338044,0.00582161,-0.02305301,-0.03154257,-0.02861177,-0.00965483,-0.02024856,-0.01184877,-0.00472185,-0.02296014,-0.0162961,-0.00349623,-0.01850218,-0.01623211,0.00376163,-0.01012682,-0.00825867,0.0274475,-0.01252628,0.00543488,-0.03079196,-0.00889965,-0.02299215,0.00244161,-0.00445847,-0.00788109,-0.00340944,0.00812669,-0.01529577,0.00234568,0.00692087,-0.01776984,-0.03085898,-0.01119561,-0.01579819,-0.01203452,-0.00294661,-0.01442945,-0.01155644,0.00142456,-0.02475213,-0.00178187,-0.00902144,-0.0157723,-0.00961523,-0.02793873,-0.00341706,-0.01596415,-0.01407773,-0.03258853,0.00408897,-0.03360568,-0.00643469,0.00461272,0.00240201,-0.01463345,-0.00668897,0.02261044,-0.01307744,-0.01833469,-0.01300438,-0.00617436,-0.01803782,-0.0230545
"Np2_504280",-0.02700242,-0.01185486,-0.0067544,-0.01871683,-0.02518149,-0.01478722,-0.01690961,-0.00867584,-0.00888138,-0.00499439,0.00512885,-0.01274553,-0.00822364,0.01006181,-0.00571149,-0.02282614,-0.02631882,-0.01063835,0.01480445,-0.01236185,-0.00381901,-0.02299207,-0.01190966,0.98139312,-0.03019815,-0.00954519,-0.02217446,-0.02097472,-0.02818997,-0.03756259,-0.00519688,-0.0116219,0.33344669,-0.01819921,-0.02275609,-0.01630518,-0.02067634,-0.0206581,-0.01314443,-0.03168261,-0.01931217,-0.01162191,-0.01049222,-0.005442,0.00533895,-0.03025602,-0.01476138,-0.01779575,-0.01316116,-0.02337576,-0.0250018,-0.03843353,-0.01981762,-0.02735107,0.01580472,0.00453353,-0.02316715,-0.01619555,-0.0202394,-0.02540839,-0.00992735,-0.02202831,-0.02044949,-0.0137854,-0.02030789,-0.01652137,-0.01544801,-0.02171619,-0.02764947,-0.02260231,0.02623551,-0.01065206,-0.01130829,4.668e-05,-0.03392528,-0.00678487,0.00312217,-0.0211057,-0.01114078,0.04483612,-0.04035788,-0.00691579,-0.02700391,-0.01793122,0.00435692,0.01020644,0.0007516,-0.01699796,-0.00322521,-0.01988767,-0.02164159,-0.02010232,-0.02692633,0.00024156,-0.00971571,0.00116572,0.00497355,-0.02093067,0.01577429,-0.01771349
"Np2_500415",-0.02033379,-0.01234208,-0.00739386,0.00987605,0.0143736,-0.01253389,-0.01450403,-0.00748827,-0.01606767,-0.0181185,-0.01286735,-0.01551652,-0.00018474,-0.00793436,-0.00848248,-0.01128544,0.00288313,-0.01143006,0.00335511,-0.00843376,-0.01511611,-0.00977661,-0.00417527,-0.03019815,0.98346407,-0.01657923,-0.01048153,-0.01293583,-0.00918893,0.00884379,-0.01618949,-0.01987396,-0.01919951,-0.01031255,-0.0074091,-0.01131132,-0.01613923,-0.03500027,-0.00114698,-0.00567799,-0.02360569,-0.02261452,-0.01813527,-0.03165978,-0.01189596,0.01219182,-0.02225219,-0.0181307,-0.02963482,-0.01792514,-0.024271,-0.01699643,-0.00660216,0.01235626,-0.00614997,-0.01665991,-0.02730841,-0.01104945,-0.02727347,-0.01447667,-0.00523799,-0.00211378,-0.01606463,-0.01990593,-0.01683654,0.00263192,0.03278544,0.01464154,-0.0293547,0.00477258,0.00062676,-0.00748522,-0.01377478,0.00260451,0.00228021,0.03520622,-0.00543439,-0.01580734,-0.02852793,-0.03756257,-0.0017164,-0.02552095,-0.02292357,0.00381034,-0.00754916,-0.00169965,-0.01572206,0.0077887,0.010447,-0.0177866,-0.00309732,-3.554e-05,-0.02543426,-0.00466095,-0.00624437,-0.01089261,-0.01637219,0.00979388,-0.02110111,0.00189654
"Np2_502746",-0.01307898,-0.00676204,-0.01033995,-0.01636455,-0.01247607,-0.00954215,-0.00283393,-0.00784607,-0.01033539,-0.0029466,-0.01033236,-0.02622747,-0.00602361,-0.01560026,-0.01965017,-0.03037026,-0.01818096,-0.00904733,-0.00217925,-0.01457713,0.00553689,-0.00404434,-0.00027001,-0.00954519,-0.01657923,0.9926463,-0.01023032,-0.01496841,-0.02781697,-0.02333467,-0.03755811,-0.02464708,-0.01742579,-0.01219288,0.01111235,-0.00557904,0.00451376,-0.02896348,-0.01307593,-0.02171774,0.00131038,0.01356819,-0.01423002,-0.00720051,-0.02077987,-0.0204434,0.00159813,-0.00554707,-0.00091251,-0.0076253,0.00840988,-0.01095964,-0.02492568,-0.02378078,0.00186609,-0.00133577,-0.00178339,0.00884228,-0.01194929,-0.01270294,-0.01320839,-0.01952378,0.0003253,-0.00595205,-0.03044027,-0.0065565,-0.00167682,-0.01829815,-0.01113776,-0.00822212,-0.01541298,-0.00190519,-0.02737855,-0.01678478,0.01425484,-0.02605237,0.0050177,-0.00900928,-0.00833174,-0.00046641,0.05106171,-0.01811391,-0.00562014,0.02141829,-0.00151238,-0.02672226,-0.01790689,-0.01144838,-0.00346121,-0.00215793,0.00065569,-0.01546626,-0.02000648,-0.01841693,-0.02350213,-0.0106414,-0.0249516,-0.01248828,-0.01689136,-0.00013602
"Np2_501843",-0.00667677,-0.00492739,-0.01002783,0.01485468,-0.00683511,-0.03069752,0.00676555,-0.01636456,-0.0127638,0.0202033,-0.02357066,0.01260442,-0.03174654,-0.01848542,-0.02344883,0.00069679,0.00679601,-0.02837567,-0.01541755,-0.014874,0.00249946,-0.0233727,-0.01183354,-0.02217446,-0.01048153,-0.01023032,0.97849988,-0.01084997,-0.0054283,-0.02043425,-0.01181985,-0.00621696,-0.03325236,-0.01370777,-0.00532324,-0.00085161,-0.0082678,-0.01449188,-0.00728273,-0.0087687,-0.01923605,-0.00621697,-0.01346112,-0.02043881,-0.01102812,-0.03139791,-6.903e-05,0.0089245,-0.01734809,-0.02192937,0.01298504,-0.01963038,-0.01456492,0.00454573,-0.01106769,-0.01061551,-0.00527757,-0.02479778,-0.01026689,-0.00919351,-0.01198275,-0.0234747,-0.01139048,-0.03000022,-0.00896511,-0.01157318,0.00091909,-0.00413111,-0.02544181,0.0170593,-0.0193639,0.06874726,-0.02097631,-0.0175384,0.01608945,-0.0118853,-0.02892684,0.00744156,-0.02172227,-0.00776688,0.03447383,-0.00638291,0.00321808,-0.00567495,-0.00911736,0.00358348,-0.00495784,-0.01281102,-0.01806975,-0.02925116,-0.01364836,-0.02505049,-0.012843,-0.01917056,-0.0202972,-0.02053013,0.00596319,-0.00395451,-0.01505671,-0.02387968
"Np2_502340",-0.02115898,-0.011188,-0.01217761,-0.0302301,-0.00289483,0.00110482,0.01527338,-0.00892248,-0.027855,0.01196342,-0.01095201,-0.03415519,-0.00877479,-0.01454514,0.0008932,-0.0274881,-0.01971411,0.00144739,0.02354067,-0.01032472,-0.02675121,0.00523237,0.00352564,-0.02097472,-0.01293583,-0.01496841,-0.01084997,0.97785423,-0.03315642,-0.00918588,-0.0217345,-0.00867126,-0.02169948,-0.00748371,0.01018818,-0.00924373,-0.00706805,-0.03612995,-0.02161267,-0.02538241,-0.00783541,-0.00090642,-0.01743795,-0.01193097,-0.00328154,-0.03004591,-0.0128765,-0.01149555,-0.00077091,-0.0150963,-0.01261154,0.27800418,-0.01823724,-0.03170851,-0.00606166,-0.0206824,-0.0281336,-0.02116201,-0.01728875,-0.01347485,-0.03270728,-0.01999117,-0.01521505,-0.02255816,-0.00791762,-0.00900317,-0.00427575,0.00483347,-0.00490608,-0.01203907,-0.02821277,-0.00724466,-0.00470359,-0.00522428,-0.00052427,-0.0263675,-0.00656409,-0.03612079,-0.01199643,-0.01966079,0.00461423,-0.01903806,-0.00730556,-0.01635084,0.01263637,-0.02627612,-0.01213196,-0.01785361,-0.0071259,-0.00323435,-0.02645579,-0.01639041,-0.00829369,-0.00655192,0.00465381,-0.01796013,-0.00608299,-0.0391431,-0.017511,-0.00806377
"Np2_503447",0.00298972,-0.01216091,-0.01208476,0.00229239,-0.01482988,0.00348148,0.00775368,-0.01842151,-0.01832254,0.00078967,-0.00948888,-0.02568851,-0.01446751,-0.01003697,-0.00084095,-0.00486194,-0.00074199,-0.01124889,-0.01534296,-0.01205888,-0.00686558,-0.03151974,-0.01526076,-0.02818997,-0.00918893,-0.02781697,-0.0054283,-0.03315642,0.99616083,-0.02690651,-0.00885247,0.00147024,-0.03195979,0.00615961,-0.00646666,-0.00671483,-0.0253977,0.004462,-0.00659912,-0.01965626,0.00474214,-0.01268922,0.00305671,-0.01564442,0.0064032,-0.00879003,-0.01080435,-0.00409459,0.00891383,-0.00632508,-0.03292046,-0.01209544,-0.01677413,-0.01928325,-0.0065778,0.00224824,-0.01007503,-0.02837726,-0.00897428,-0.00835766,-0.000337,-0.01045871,-0.00887987,0.00250403,-0.03020582,-0.00464726,-0.00448739,-0.02430602,-0.00298619,-0.01605702,-0.01807131,-0.00943558,0.01624786,-0.00132511,0.00779021,0.04924237,-0.01910815,-0.02384779,-0.01083781,-0.01028057,-0.01295411,-0.02442628,-0.01984962,-0.01412647,-0.01071753,0.00259233,-0.00975531,-0.01395446,-0.01160059,-0.01181985,-0.0185981,-0.00609668,-0.01809724,-0.02366354,-0.01276228,-0.01512674,-0.01055768,-0.0058592,-0.01604788,0.00984256
"Np2_503749",-0.01673608,-0.01011463,-0.01079975,-0.00723248,-0.00471425,-0.01182897,-0.024,0.01651122,0.04645158,-0.02198114,-0.01170567,0.01000549,-0.01912032,-0.0114925,-0.01508566,-0.01712737,-0.01102815,-0.00965938,-0.00477058,-0.01351441,-0.017304,-0.00663566,-0.0112352,-0.03756259,0.00884379,-0.02333467,-0.02043425,-0.00918588,-0.02690651,0.99264021,-0.00802422,-0.00775015,-0.03752611,0.00318156,-0.01797082,-0.02035053,0.00146567,-0.02500796,-0.00166007,-0.01684872,-0.00219447,-0.00303034,-0.02230243,-0.01618643,-0.00753699,-0.01237709,-0.00434276,-0.00189606,0.00015021,-0.00534457,-0.00803638,0.00060849,-0.01472785,-0.01388744,0.01998101,-0.0203703,-0.01914316,-0.02526522,-0.00966854,-0.0197096,-0.01914927,-0.01937458,-0.00424531,-0.01767851,-0.01917667,-0.00914782,-0.01751409,-0.02834982,-0.01068404,-0.01111796,-0.00079985,-0.00038572,-0.03377619,-0.00613018,0.01333828,-0.01981308,-0.00335919,-0.00962134,-0.02584375,-0.00260098,-0.00649254,0.01370367,-0.0071457,-0.02684864,-0.00821451,-0.01469739,-0.01121084,-0.02134782,-0.02219123,-0.02332402,0.05729036,-0.00481168,-0.03295097,0.00715837,-0.00432143,0.01021406,-0.0177988,-0.01233907,5.57e-06,0.00107895
"Np2_500639",-0.0105577,-0.00104345,-0.01269074,-0.01232076,0.0016164,-0.0202668,-0.0048802,-0.02222479,-0.00827086,0.00536028,-0.00065521,-0.00969899,-0.00806989,0.02787686,0.00068461,0.00336273,-0.00302273,-0.01489991,-0.01884174,0.00103784,0.00516541,-0.00243655,-0.02317484,-0.00519688,-0.01618949,-0.03755811,-0.01181985,-0.0217345,-0.00885247,-0.00802422,1.01108995,0.00375707,-0.00942342,0.00113832,-0.01042219,-0.03122442,-0.03544333,0.00416054,-0.00157177,-0.00244873,-0.02266026,-0.01694925,-0.00363935,-0.01640265,-0.00744869,-0.00802574,0.00031312,-0.01931679,-0.0143777,-0.03235718,-0.01023186,-0.01635548,-0.01829362,-0.00024869,-0.00307297,0.02158731,0.00165141,-0.00081659,-0.01506134,-0.02023034,0.00423362,-0.00801964,0.00193308,-0.00738933,-0.00964875,-0.01469286,-0.01346725,-0.01638589,-0.01196603,-0.01742426,0.00309477,-0.01826317,-0.02165998,0.00400676,-0.01717608,-0.02764192,-0.01606008,-0.02186549,0.00439043,-0.01606312,-0.02223846,0.00754966,-0.02974299,-0.01899551,-0.01254153,-0.00958479,-0.00594597,0.00477564,-0.01190207,-0.00344295,-0.01783382,-0.02405938,-0.03819156,-0.00447674,-0.01108448,-0.01771201,-0.02075557,-0.0157526,-0.0053872,0.00253752
"Np2_501210",-0.02063677,-0.01447209,-0.01333017,-0.01433047,0.00295622,-0.02745305,0.00331096,0.09193386,-0.01880669,-0.01248366,0.00418642,-0.02891319,-0.0141904,-0.01600221,-0.02020436,-0.00823888,0.01902339,0.00729843,-0.01582712,-0.00782323,-0.01602812,-0.00855708,-0.01422238,-0.0116219,-0.01987396,-0.02464708,-0.00621696,-0.00867126,0.00147024,-0.00775015,0.00375707,0.98940587,-0.01721871,-0.00345969,-0.00725533,-0.02014042,-0.0298404,-0.01566271,-0.01850219,-0.01039628,-0.00655193,-0.02200399,-0.01128241,0.0359416,0.00180824,-0.02998047,-0.02666601,-0.0187382,-0.00146671,-0.00528672,-0.01452535,0.00949698,-0.03568076,-0.01398183,0.01166501,-0.01711515,-0.00842767,-0.00632811,-0.01935483,0.00272937,-0.01893916,-0.0133789,-0.0367694,-0.00087292,-0.02322961,-0.01487554,-0.00877785,0.01433856,-0.02387212,-0.02521954,-0.01520592,0.00241267,-0.01544804,-0.00866061,0.00441327,-0.02295251,-0.00984818,-0.0288995,-0.0052319,-0.00771969,-0.00856621,-0.01973387,-0.01378694,0.00533439,6.495e-05,-0.00839721,-0.00156111,-0.00576022,-0.00766944,0.00018066,-0.02730385,-0.00384031,-0.00487869,-0.02277742,-0.0143122,-0.02215772,-0.01378239,-0.01867582,-0.01303024,7.104e-05
"Np2_502930",-0.02285511,-0.00420573,-0.01661427,-0.02035509,-0.02240446,-0.01307593,-0.01382806,-0.01305463,-0.01904575,-0.01896505,-0.00579677,-0.01362253,-0.00651235,-0.00512685,0.00467819,-0.0363401,-0.02536881,-0.01516939,-0.0146959,-0.01004155,-0.00515274,-0.01153667,-0.01507045,0.33344669,-0.01919951,-0.01742579,-0.03325236,-0.02169948,-0.03195979,-0.03752611,-0.00942342,-0.01721871,1.00415531,-0.00811405,-0.02652589,-0.0260128,-0.01531101,-0.00752789,-0.01797998,-0.01322361,-0.01090179,-0.02422234,0.00690108,-0.01240907,0.0269953,-0.01453756,-0.00482845,-0.03526826,-0.01906248,0.02005262,-0.01354639,-0.03657003,-0.02282615,-0.01711367,0.01173049,-0.00106323,-0.01430003,0.00576527,-0.03969122,-0.03739985,-0.01765569,-0.0108774,-0.02132649,-0.01222637,-0.01326777,0.00087188,-0.01662951,-0.02929228,-0.03446432,-0.01769374,-0.01255218,0.00658895,0.00364897,-0.00783389,-0.00785369,-0.00233302,0.00148394,0.00724974,-0.02435018,-0.0122218,-0.03103404,-0.01433961,-0.00291158,-0.01226138,-0.02225063,-0.02157768,-0.00773798,-0.00599927,-0.02267693,-0.01193405,-0.0117087,-0.01047393,-0.00694476,0.0037799,-0.01774854,-0.02163552,-0.01112864,-0.02256894,0.02098743,-0.01234816
"Np2_500233",-0.01533843,-0.00430165,-0.00498677,-0.00278978,-0.01564902,-0.006016,0.01515618,-0.0165001,-0.0005669,-0.0380925,-0.00954674,-0.02300585,-0.00919655,0.01700605,-0.00577088,-0.01375043,-0.02698726,-0.00445542,-0.00672246,-0.01272576,-0.00083334,-0.00873979,-0.01288259,-0.01819921,-0.01031255,-0.01219288,-0.01370777,-0.00748371,0.00615961,0.00318156,0.00113832,-0.00345969,-0.00811405,1.00761806,-0.01946596,0.00068766,0.00225434,0.0071447,-0.01853266,0.00464622,-0.02317791,-0.0206642,-0.01237864,0.00728779,-0.03369696,0.00196202,-0.02136765,-0.0228795,-0.0299683,-0.02708924,0.0012784,-0.01047853,-0.01241668,-0.01355555,-8.883e-05,0.01315254,0.07010396,-0.01001263,-0.0129907,-0.03155793,-0.01927414,-0.01660665,0.00872354,-0.00714571,-0.01214568,-0.02221411,0.0016971,-0.01461976,-0.00213053,-0.00530499,-0.03487691,-0.0277637,-0.02750647,0.00881793,-0.00825411,-0.01719741,-0.03012818,-0.01370476,-0.01500648,-0.00668439,-0.01834079,-0.03240127,-0.0173192,-0.01372758,-0.01686548,-0.01116821,-0.00570237,-0.0067042,-0.01196296,-0.01187772,-0.00708481,-0.01909596,-0.01099924,-0.00864845,0.0010348,-0.01274858,0.0023259,-0.02494867,-0.00986342,-0.01320534
"Np2_502491",-0.02370162,-0.00352972,-0.01746077,-0.02835744,0.00719948,0.10848811,0.00100739,0.00391236,-0.00466704,-0.03929981,0.04055491,-0.01766633,-0.00949038,-0.02241659,-0.02951153,-0.01069471,0.00240811,-0.01160059,-0.00549377,-0.00921329,-0.02137674,-0.00187779,-0.01667821,-0.02275609,-0.0074091,0.01111235,-0.00532324,0.01018818,-0.00646666,-0.01797082,-0.01042219,-0.00725533,-0.02652589,-0.01946596,0.9924118,-0.01330887,0.02708208,-0.00883116,-0.02095802,-0.02274849,-0.01981767,-0.04318684,-0.01267248,-0.03122132,-0.0285097,-0.00792371,-0.01861642,-0.01814899,-0.02508554,-0.00896055,-0.02124424,0.01876458,0.02108942,-0.02252774,-0.02702674,-0.0172872,-0.02549967,0.00126469,0.00391997,-0.00231476,-0.02093823,-0.01309418,0.00036031,-0.02936384,-0.02598995,-0.01794038,-0.00575261,-0.01293432,-0.02967749,-0.00285829,-0.01887976,-0.007808,-0.00572369,-0.01142094,-0.01555153,-0.02327682,0.03337159,-0.01278057,-0.00083638,-0.00773949,-0.01543734,-0.00483299,0.00157072,0.00211731,-0.03131874,-0.00872151,9.387e-05,-0.00791155,-0.008755,-0.02694,-0.00174533,-0.00995017,-0.0319994,-0.02325398,-0.01783379,-0.00969287,-0.00588507,-0.00697217,0.00948325,-0.01456493
"Np2_501045",-0.0076588,-0.00590942,-0.00126573,-0.00180928,-0.00918742,-0.01843366,0.00426101,-0.00410067,-0.01998817,-0.00605253,-0.02531398,-0.03450999,-0.01004306,-0.02555755,-0.01788405,-0.00637532,-0.01184727,-0.01641632,-0.00361042,-0.01539929,-0.0073132,-0.0197872,-0.0324561,-0.01630518,-0.01131132,-0.00557904,-0.00085161,-0.00924373,-0.00671483,-0.02035053,-0.03122442,-0.02014042,-0.0260128,0.00068766,-0.01330887,0.99313359,-0.01990748,0.00188284,-0.00110892,-0.00853272,-0.00347035,0.00848297,-0.01078911,-0.01137222,-0.01383718,-0.02126556,-0.0159718,0.00489743,-0.00112566,-0.00920873,-0.00444019,-0.00462595,-0.02163705,-0.01333628,-0.00595966,-0.02225518,-0.01295868,-0.019233,0.00382406,-0.00332419,-0.00885398,-0.01425586,-0.01419955,-7.512e-05,0.02050327,0.00190872,-0.01315663,-0.00496089,0.00311303,-0.00371547,0.00157833,-0.00881743,-0.01069169,-0.00359976,-0.02371681,-0.01149708,-0.01285668,-0.00739541,-0.01219894,-0.02930293,-0.00167834,-0.03553153,0.00969641,-0.01655336,0.00116726,-0.01475525,-0.01842455,-0.00861648,-0.00580589,-0.01424675,-0.01067186,-0.00669656,0.02241103,-0.02456792,-0.01762521,0.01335349,0.01365955,-0.0076771,-0.0244126,-0.01618337
"Np2_504525",-0.0109642,-0.00875806,0.00167121,-0.01455429,-0.00229192,-0.00666611,-0.01213805,-0.00162048,-0.0111134,-0.01742729,-0.03151218,-0.00553793,-0.02476735,-0.0188143,-0.01875341,0.00067243,-0.02839862,-0.00556229,-0.01772571,-0.01779117,-0.01290238,-0.00025478,-0.01338044,-0.02067634,-0.01613923,0.00451376,-0.0082678,-0.00706805,-0.0253977,0.00146567,-0.03544333,-0.0298404,-0.01531101,0.00225434,0.02708208,-0.01990748,0.99535377,-0.00233607,-0.0146152,-0.00879307,-0.01499737,-0.00974314,-0.02581794,-0.01422086,-0.01501104,0.00039838,-0.02567181,-0.00282327,-0.01965625,-0.01418889,0.00078054,-0.01356467,-0.01413255,0.00071507,-0.00698127,-0.01003088,-0.00834697,-0.00807445,-0.00465792,0.09598859,-0.02312154,0.00116573,0.01187971,-0.02454355,-0.00594444,0.00195287,-0.01600527,-0.00735277,-0.00613019,-0.00747761,-0.01390721,-0.01136156,-0.00364392,-0.02136909,-0.01575556,-0.0137367,0.01367932,-4.315e-05,-0.02372593,-0.00520297,-0.02736475,-0.0161514,-0.02268912,-0.03371369,-0.00442192,-0.01364534,-0.03208309,-0.01755522,-0.027077,-0.00400171,0.00231371,-0.01137221,-0.01378088,0.0022726,0.02109094,0.00502379,-0.017508,-0.01829063,-0.0048802,-0.01827075
"Np2_500004",-0.02129911,0.01516382,0.01539218,-0.0187991,-0.01277907,0.00781611,-0.02353872,-0.01652295,-0.00470055,0.00405852,-0.00911284,-0.02059265,0.00341754,-0.02077535,-0.02847932,-0.01438228,-0.01604794,-0.01741969,-0.02257954,-0.03147564,-0.034504,-0.01926804,0.00582161,-0.0206581,-0.03500027,-0.02896348,-0.01449188,-0.03612995,0.004462,-0.02500796,0.00416054,-0.01566271,-0.00752789,0.0071447,-0.00883116,0.00188284,-0.00233607,1.01701348,-0.00622307,-0.01181986,0.0013119,-0.03545554,-0.00098255,-0.00659,-0.00951172,-0.01694012,0.00190416,0.00404635,0.0083764,-0.01021209,-0.01199039,-0.03318701,-0.0068062,0.01184777,-0.00315671,-0.01473244,0.00811452,0.00869157,-0.01636311,-0.01787804,-0.00970509,0.00590382,-0.01093986,-0.01143162,0.00016391,-0.01157931,-0.01202846,-0.00870478,0.00347997,-0.0130927,0.00346778,-0.01271358,-0.01382659,-0.00049229,-0.0215229,-0.016459,-0.02223392,0.00560846,-0.02081491,-0.01706039,-0.00618348,-0.03014034,0.00214624,-0.00065673,-0.00486041,-0.01210457,-0.02186397,-0.0100766,-0.0046777,-0.00032939,-0.02294189,-0.00769991,-0.00828154,-0.01795868,-0.01467002,0.00915287,-0.01779426,-0.01218228,-0.00166463,-0.01962278
"Np2_502402",-0.000844,-0.00518471,-0.0312959,-0.00717463,-0.0256672,-0.03034585,-0.00399713,-0.01266333,-0.01972021,-0.01157015,-0.0206307,-0.01688528,-0.01540842,-0.00945537,0.00461272,-0.00062627,-0.03076309,0.0039489,-0.02480999,-0.01848087,0.03406289,-0.01373365,-0.02305301,-0.01314443,-0.00114698,-0.01307593,-0.00728273,-0.02161267,-0.00659912,-0.00166007,-0.00157177,-0.01850219,-0.01797998,-0.01853266,-0.02095802,-0.00110892,-0.0146152,-0.00622307,0.99351732,-0.01481159,-0.02253842,-0.00632203,-0.01250043,0.00655697,-0.02666289,-0.013385,-0.00946149,-0.00990758,0.01330173,-0.01655337,0.00724668,-0.04089853,0.00329573,0.02636499,-0.00021063,-0.00813229,-0.00934118,-0.00358758,-0.00047555,-0.019804,0.00161488,-0.0101816,-0.01910817,-0.01701164,-0.01683504,-0.00924222,0.00370682,-0.01337128,-0.01443249,-0.00131597,-0.02464554,0.00302169,-0.02412644,-0.02495158,-0.00030654,-0.01457866,-0.01319772,-0.02372294,-0.0172598,-0.01746382,-0.00963197,-0.01501407,6.799e-05,-0.00334398,0.00600278,0.00576221,-0.01389353,-0.02037645,-0.02228563,-0.01961212,-0.00766336,0.00301103,0.02831233,-0.00694322,-0.00167529,-0.01454514,-0.004495,-0.014565,0.0023472,-0.01454514
"Np2_502398",0.00528263,-0.01748059,-0.01283687,0.00154027,-0.0047721,-0.01234358,0.00608803,-0.00973399,-0.0189224,-0.01640567,0.02234097,-0.01304243,-0.00334397,0.00123881,-0.00402911,0.00154179,-0.01504455,-0.03103248,-0.01030951,-0.01113622,0.03196788,-0.00227821,-0.03154257,-0.03168261,-0.00567799,-0.02171774,-0.0087687,-0.02538241,-0.01965626,-0.01684872,-0.00244873,-0.01039628,-0.01322361,0.00464622,-0.02274849,-0.00853272,-0.00879307,-0.01181986,-0.01481159,0.98567207,-0.01580278,-0.01618187,-0.00500352,-0.0177668,0.00032226,-0.02385384,-0.00653214,-0.01778814,-0.0126968,-0.00250963,-0.01433656,-0.01193405,-0.01539471,-0.00298313,-0.01281098,-0.03732809,0.01749169,-0.02273478,-0.00485432,-0.00241068,-0.01326929,0.01254046,-0.00217163,-0.03554982,-0.00172553,0.01119608,0.00115507,-0.03038694,-0.00647885,-0.01559111,-0.02811077,-0.00957869,-0.01997907,0.00309933,-0.02219428,-0.01971867,-0.00311255,0.00524152,-0.00884939,-0.00829216,-0.01233596,-0.01208474,-0.02060173,-0.0125948,-0.00507507,-0.01658227,-0.00928942,-0.00831198,-0.02498961,-0.01805304,0.00485783,0.0111169,0.00612002,-0.00629766,-0.01427565,0.01837779,-0.0151161,-0.02031405,-0.01664774,-0.01907615
"Np2_500720",-0.02482527,-0.02490292,-0.00762226,-0.01928021,-0.00336377,0.00657373,-0.01777748,-0.00254009,-0.00944473,-0.01636763,-0.0187291,0.01759832,-0.00482844,-0.00892403,-0.00718835,0.0196979,-0.00845966,-0.01363773,0.00084296,-0.01079368,-0.00103279,-0.02325095,-0.02861177,-0.01931217,-0.02360569,0.00131038,-0.01923605,-0.00783541,0.00474214,-0.00219447,-0.02266026,-0.00655193,-0.01090179,-0.02317791,-0.01981767,-0.00347035,-0.01499737,0.0013119,-0.02253842,-0.01580278,1.01011234,-0.02269069,-0.01927721,-0.01818552,-0.01044959,0.01622653,-0.02567793,-0.01226903,-0.00580742,0.00346626,-0.00287961,-0.00565365,0.0009343,-0.00736039,-0.00744412,-0.00866671,0.0318415,-0.00777605,0.00066483,-0.01089876,-0.00683665,-0.02594123,-0.01888133,-0.02074336,-0.01219289,-0.01678024,-0.03610869,-0.02578136,0.00330336,0.00302169,-0.00401694,-0.0096929,-0.01841852,-0.01817791,-0.02596256,-0.00064911,-0.02728258,0.00406157,-0.01825097,-0.02271806,-0.00681685,0.02236225,-0.00244569,0.00312521,-0.0181307,-0.02248207,-0.00133425,-0.02319468,-0.00729035,0.01974356,-0.02129146,-0.02645127,-0.02033385,-0.0024533,-0.00510249,0.00593122,-0.02695376,-0.01037959,-0.0128034,-0.01675434
"Np2_501215",0.00189655,-0.00396669,-0.01637522,-0.00260707,-0.00678793,-0.01907922,-0.00886921,-0.00657325,-0.01302113,0.0035028,-0.01225683,-0.00120331,0.0013393,-0.01980852,-0.01929087,0.00028723,-0.00518471,-0.01873665,-0.00486497,0.00450919,0.00665747,0.00758164,-0.00965483,-0.01162191,-0.02261452,0.01356819,-0.00621697,-0.00090642,-0.01268922,-0.00303034,-0.01694925,-0.02200399,-0.02422234,-0.0206642,-0.04318684,0.00848297,-0.00974314,-0.03545554,-0.00632203,-0.01618187,-0.02269069,1.00052201,-0.01904729,-0.00501418,-0.00717464,-0.00653366,-0.01281105,-0.00457875,0.00782067,-0.00924527,-0.01376411,-0.00405348,-0.0407051,-0.01459085,-0.02304841,-0.00645753,-0.00599163,-0.01652901,-0.00534763,-0.00229497,-0.00569323,-0.0092681,0.00464317,0.00369463,-0.01196297,-0.0220314,-0.0281139,0.00154941,-0.01001719,-0.00755831,-0.03104014,-0.0211864,0.00738982,-0.01292367,-0.02421012,-0.02797685,-0.0218761,-0.01321754,0.00512124,-0.00741519,-0.00247613,-0.01470958,-0.00921938,-0.02054846,-0.01927105,0.01718112,-0.00597642,-0.02463954,-0.00142712,-0.01976437,-0.01512372,-0.01145291,0.006997,-0.00861799,0.00030398,-0.00875958,-0.01454366,0.00157377,-0.00754917,-0.0105866
"Np2_500475",-0.01539628,-0.02339106,-0.03899687,-0.00665394,-0.02027446,-0.01673151,0.00961725,0.01693756,0.00150678,-0.01653055,-0.0124974,-0.01453757,0.0295699,-0.01152297,-0.01146207,-0.01456955,-0.02384782,0.00081555,-0.01484968,0.00700917,-0.02449034,0.00109874,-0.02024856,-0.01049222,-0.01813527,-0.01423002,-0.01346112,-0.01743795,0.00305671,-0.02230243,-0.00363935,-0.01128241,0.00690108,-0.01237864,-0.01267248,-0.01078911,-0.02581794,-0.00098255,-0.01250043,-0.00500352,-0.01927721,-0.01904729,1.01252744,-0.00769078,-0.00010709,0.00022938,-0.00467772,-0.02263285,-0.02561086,-0.003548,0.00654937,-0.01038414,-0.0027304,-0.01087286,-0.01750342,-0.00593683,-0.01719436,-0.00230562,-0.02583779,-0.00344905,-0.01171938,0.00145348,-0.00290549,-0.00857384,0.0042397,0.00406766,-0.02454817,-0.00280195,-0.02776677,0.00346778,-0.01224921,-0.00772427,-0.00396518,-0.00798767,-0.02262367,-0.0190823,-0.0201374,-0.0183302,-0.01810939,0.00559018,-0.01504911,-0.0116006,-0.01752932,-0.01211067,0.0007379,0.00643518,-0.00119266,-0.03538555,0.00609718,-0.00934729,-0.02084536,-0.01108447,-0.01120936,-0.01479639,0.0084373,-0.03473074,-0.02087432,-0.01221729,-0.01981767,0.01140164
"Np2_502309",-0.02237397,-0.00920569,-0.00395298,-0.02139647,-0.01994403,-0.02035964,-0.00329829,0.03203637,-0.0287655,-0.02426949,-0.00364087,-0.01953598,-0.01623209,0.00920921,0.00637731,-0.02520129,-0.00509488,-0.0312837,-0.02395889,-0.00560187,-0.03359955,-0.00877176,-0.01184877,-0.005442,-0.03165978,-0.00720051,-0.02043881,-0.01193097,-0.01564442,-0.01618643,-0.01640265,0.0359416,-0.01240907,0.00728779,-0.03122132,-0.01137222,-0.01422086,-0.00659,0.00655697,-0.0177668,-0.01818552,-0.00501418,-0.00769078,0.98973784,-0.0308361,-0.02456182,-0.01150319,-0.02291144,-0.01812458,-0.03153649,-0.00408239,-0.0347186,-0.01153513,-0.01511001,-0.01732526,0.00063589,-0.00696757,-0.01430764,-0.00084247,-0.02260696,-0.01367276,-0.01511608,-0.01216698,-0.00458939,-0.00913259,-0.01402445,-0.01432135,0.08948855,-0.02423904,-0.01142703,-0.01937914,-0.02459834,-0.0077456,-0.02059869,0.10240108,-0.01342306,-0.02102499,-0.00993041,0.00277503,-0.02178929,0.06308197,-0.01614225,-0.00654127,-0.02000186,-0.00456503,-0.00480559,-0.00086227,-0.01115148,-0.00803637,-0.02348084,-0.01229334,0.01543324,-0.00935643,-0.00959392,-0.01346111,-0.02024088,-0.02419796,-0.01264814,-0.01385393,-0.0223724
"Np2_502589",-0.00474165,-0.02354631,0.00271717,0.0240979,-0.01525314,-0.01399399,-0.01048306,-0.0145817,-0.01950705,-0.00343989,-0.00473557,-0.01438833,-0.01976281,-0.01289626,-0.00263448,-0.00147889,-0.01014812,-0.01730546,-0.02063828,-0.00776232,-0.00652757,-0.01184572,-0.00472185,0.00533895,-0.01189596,-0.02077987,-0.01102812,-0.00328154,0.0064032,-0.00753699,-0.00744869,0.00180824,0.0269953,-0.03369696,-0.0285097,-0.01383718,-0.01501104,-0.00951172,-0.02666289,0.00032226,-0.01044959,-0.00717464,-0.00010709,-0.0308361,0.9863299,-0.02778803,-0.01335914,-0.02552865,-0.03002915,-0.01268616,-0.02146804,-0.01038717,-0.02313519,-0.02442632,-0.00989384,-0.01964252,-0.03577209,-0.00961675,0.00872049,0.02501912,-0.00867737,-0.0142315,-0.00580132,-0.02030027,-0.01692637,-0.02699479,-0.00795569,-0.02686078,0.03343554,-0.02363611,-0.01560176,0.0090204,0.04871109,-0.00936097,-0.00603121,-0.01832404,-0.02227193,0.02825595,-0.01719889,-0.01770742,-0.01459537,-0.00886309,-0.01372603,-0.0130272,-0.00642098,-0.00087597,-0.01687765,-0.01361645,-0.00821755,-0.00980708,-0.01810783,0.0056602,-0.01562769,-0.00079223,-0.00633419,-0.00595813,0.00272175,-0.00917526,-0.01373059,-0.02453285
"Np2_500085",-0.03089706,-0.01133417,0.00137888,0.00113985,-0.00791306,-0.00741519,-0.01912946,-0.02718666,-0.01901833,-0.00965025,-0.00348557,0.00117335,-0.0072462,-0.02900301,-0.02178627,-0.01895592,-0.00311256,-0.00204831,-0.01436398,-0.02249881,-0.00436407,-0.00541917,-0.02296014,-0.03025602,0.01219182,-0.0204434,-0.03139791,-0.03004591,-0.00879003,-0.01237709,-0.00802574,-0.02998047,-0.01453756,0.00196202,-0.00792371,-0.02126556,0.00039838,-0.01694012,-0.013385,-0.02385384,0.01622653,-0.00653366,0.00022938,-0.02456182,-0.02778803,0.9943122,-0.00541005,0.00145196,-0.00578914,-0.03229471,-0.00286133,-0.0071579,-0.02340773,-0.00688536,-0.01519069,-0.00925744,-0.01518613,-0.01110731,-0.00038267,-0.00798769,-0.01884629,-0.00826171,-0.00302882,-0.00093231,0.01568753,-0.02863761,-0.01431832,-0.01510543,0.00225586,0.00562824,-0.01572206,-0.01028362,-0.0139849,0.00071964,-0.00569475,-0.02346865,-0.01036431,-0.01632196,0.00765014,-0.00945385,-0.00421029,-0.0146167,-0.02191568,0.00557952,-0.02679076,0.00281005,0.00675339,-0.00642861,-0.00377028,-0.01388591,0.01069975,-0.0003979,-0.01194167,-0.01050439,-0.00873826,-0.01597479,0.00549427,0.00867027,-0.00654279,0.01203956
"Np2_500622",-0.01007355,-0.0072584,-0.00916154,0.00749943,-0.01495173,-0.0088205,-0.00728884,0.00870985,-0.00824346,-0.02171323,-0.01950713,-0.00799683,-0.01793889,-0.01076781,-0.01984205,-0.01777296,-0.01548004,-0.0203536,-0.02262066,-0.00060953,-0.00500811,-0.00682447,-0.0162961,-0.01476138,-0.02225219,0.00159813,-6.903e-05,-0.0128765,-0.01080435,-0.00434276,0.00031312,-0.02666601,-0.00482845,-0.02136765,-0.01861642,-0.0159718,-0.02567181,0.00190416,-0.00946149,-0.00653214,-0.02567793,-0.01281105,-0.00467772,-0.01150319,-0.01335914,-0.00541005,1.02469732,0.00689805,0.01153259,-0.01664781,-0.00046032,-0.00962897,-0.00227974,-0.02366817,-0.01827079,0.00699852,-0.003041,-0.02514957,-0.02081956,-0.01289481,-0.00624439,0.00586271,0.00302626,-0.01040697,-0.0402241,-0.01314295,-0.00445695,-0.01620625,-0.03051343,-0.02242121,-0.01179855,-0.00590334,0.00973148,-0.01408386,-0.00375049,-0.01086677,-0.03247594,0.0019133,-0.00578307,-0.0069006,-0.00211378,-0.01724003,0.00423667,-0.00983298,-0.00505377,0.00033901,-0.01596723,-0.01103123,-0.01887828,-0.00021824,0.00015934,-0.01383112,-0.02156864,0.0072741,-0.01943096,0.00134691,-0.02620927,-0.00156568,-0.01114539,-0.01022426
"Np2_502229",0.00561911,-0.01166306,-0.0217878,-0.01182594,-0.01280951,-0.01687919,-0.00834393,0.00049887,-0.01614992,-0.01089264,-0.00213966,-0.02427715,-0.00864083,0.00203204,-0.00506291,-0.00603885,-0.02551803,-0.0153186,-0.02047845,0.0010759,-0.00317042,-0.02477957,-0.00349623,-0.01779575,-0.0181307,-0.00554707,0.0089245,-0.01149555,-0.00409459,-0.00189606,-0.01931679,-0.0187382,-0.03526826,-0.0228795,-0.01814899,0.00489743,-0.00282327,0.00404635,-0.00990758,-0.01778814,-0.01226903,-0.00457875,-0.02263285,-0.02291144,-0.02552865,0.00145196,0.00689805,1.01070926,-0.00352972,-0.01130829,-0.01415237,-0.02697509,-0.01536276,0.00679298,-0.00014212,-0.01780793,-0.02373663,-0.00382358,-0.01867734,-0.01851749,-0.01460761,0.06022737,-0.00701174,0.00513342,0.00028572,0.00711728,-0.0114499,-0.01650008,0.00162249,-0.01936548,-0.00082572,-0.01594133,0.02085657,-0.0321912,-0.02140109,-0.01968673,-0.02622291,-0.01802112,-0.02586967,-0.01876559,-0.01413103,-2.488e-05,-0.00975989,-0.01362862,-0.01920256,-0.00543592,-0.0180881,-0.01802418,0.006863,0.00024917,-0.01109666,-0.01625647,0.01315562,-0.01083327,-0.01987704,-0.00320999,0.00897171,-0.02500196,-0.00976445,-0.02467753
"Np2_500392",-0.00299227,-0.02484197,0.02090974,-0.01419495,-0.00512989,-0.02351124,-0.00797243,-0.01755214,-0.02445675,-0.01052113,-0.02445374,-0.03167046,-0.01633867,0.00301255,-0.01032472,-0.01008265,-0.01007352,0.00256187,-0.01995466,-0.0020544,-0.008889,-0.01070535,-0.01850218,-0.01316116,-0.02963482,-0.00091251,-0.01734809,-0.00077091,0.00891383,0.00015021,-0.0143777,-0.00146671,-0.01906248,-0.0299683,-0.02508554,-0.00112566,-0.01965625,0.0083764,0.01330173,-0.0126968,-0.00580742,0.00782067,-0.02561086,-0.01812458,-0.03002915,-0.00578914,0.01153259,-0.00352972,0.98297679,-0.02951152,-0.0104313,-0.00833329,-0.00737865,-0.00897426,-0.00022737,-0.00266797,-0.00768315,-0.00269081,-0.01647878,0.00408289,-0.02215318,-0.0109596,-0.00755374,-0.02646799,0.01618691,-0.01306526,-0.001182,-0.00973397,0.00168947,-0.01777593,-0.00730556,0.00346168,-0.01790082,-0.00928636,-0.01646199,-0.01444313,-0.00240457,-0.02008562,-0.03341521,-0.00621392,-0.00706043,-0.02964697,-0.00756135,-0.01143007,0.00933555,0.00681122,-0.02000034,-0.01201931,-0.01940957,-0.01277751,-0.00387381,-0.01451467,0.00195593,0.00537245,-0.02011451,0.00416509,-0.01562615,-0.02493491,0.00309171,-0.00207723
"Np2_502501",-0.00894381,0.01107583,0.01480598,-0.00400779,-0.0121472,-0.00845203,-0.00326633,-0.0069082,0.01998714,0.00651739,-0.01167827,-0.00382205,-0.00599925,-0.00689753,-0.00013755,0.0046721,-0.02394219,-0.01084999,-0.0214909,-0.02338339,-0.0341766,-0.00599925,-0.01623211,-0.02337576,-0.01792514,-0.0076253,-0.02192937,-0.0150963,-0.00632508,-0.00534457,-0.03235718,-0.00528672,0.02005262,-0.02708924,-0.00896055,-0.00920873,-0.01418889,-0.01021209,-0.01655337,-0.00250963,0.00346626,-0.00924527,-0.003548,-0.03153649,-0.01268616,-0.03229471,-0.01664781,-0.01130829,-0.02951152,0.995436,-0.02262518,-0.02189745,0.00265627,-0.02025462,-0.03084371,-0.02079966,-0.01393919,-0.0049883,-0.00248528,-0.00643623,-0.02642997,-0.00686251,-0.01944312,-0.01064751,0.00475431,-0.00851141,-0.004393,-0.01203146,-0.01035214,-0.01078606,-0.0173679,0.00862456,-0.01319471,0.00333685,-0.02530632,0.00579268,-0.02221105,-0.00152456,-0.00739387,0.02970384,-0.02732364,-0.00271212,-0.00453002,-0.01707711,-0.00986187,-0.0231961,-0.00250507,-0.01172853,-0.01485574,0.00289075,0.0090539,-0.02899232,-0.00962896,0.00398849,-0.00475078,-0.00802876,-0.00239393,-0.00409003,-0.02919941,-0.01061704
"Np2_504239",-0.02122751,-0.0173466,-0.01239839,-0.01446444,-0.00479038,-0.02195372,-0.00793741,0.01415131,-0.02259472,-0.01124737,-0.02000342,-0.02935167,-0.02422076,-0.01217763,-0.01044197,-0.00015125,-0.00912499,-0.02389492,-0.00758723,-0.01648332,-0.00991975,-0.00503701,0.00376163,-0.0250018,-0.024271,0.00840988,0.01298504,-0.01261154,-0.03292046,-0.00803638,-0.01023186,-0.01452535,-0.01354639,0.0012784,-0.02124424,-0.00444019,0.00078054,-0.01199039,0.00724668,-0.01433656,-0.00287961,-0.01376411,0.00654937,-0.00408239,-0.02146804,-0.00286133,-0.00046032,-0.01415237,-0.0104313,-0.02262518,0.98852877,-0.01514961,-0.01221569,-0.00833023,-0.00156262,-0.01237707,0.0235635,-0.03934852,-0.02451314,-0.02100374,-0.00856774,0.01587174,-5.837e-05,0.00066786,-0.00950865,0.02777329,-0.01515417,-0.0048269,0.00020198,-0.01241209,0.03901402,-0.03350051,0.00786484,-0.02204051,-0.01931977,-0.01166759,-0.01759475,0.0015692,-0.00064607,0.01148231,-0.00870019,-0.02778494,-0.02610107,-0.0144401,-0.00752938,-0.01507802,-0.00930769,-0.00315366,-0.013589,-0.02324788,-0.00734059,-0.00945536,-0.00014059,-0.01727808,-0.0241903,0.01485773,-0.02076771,-0.02078909,-0.01468675,-0.02944755
"Np2_504039",-0.0220223,-0.01403058,-0.01639046,-0.01708625,0.01512119,0.03008298,-0.00857993,-0.01526687,-0.00846879,-0.00534305,-0.00633422,0.00639408,-4.619e-05,-0.02317331,-0.01824034,-0.02698117,-0.02255672,-0.01951315,0.0662216,-0.01438531,-0.03477043,0.01350426,-0.01012682,-0.03843353,-0.01699643,-0.01095964,-0.01963038,0.27800418,-0.01209544,0.00060849,-0.01635548,0.00949698,-0.03657003,-0.01047853,0.01876458,-0.00462595,-0.01356467,-0.03318701,-0.04089853,-0.01193405,-0.00565365,-0.00405348,-0.01038414,-0.0347186,-0.01038717,-0.0071579,-0.00962897,-0.02697509,-0.00833329,-0.02189745,-0.01514961,1.01115086,-0.0221456,-0.00136013,-0.01834385,-0.02306824,-0.02260236,-0.02674515,-0.01784756,-0.00185344,-0.03296163,-0.01735269,-0.02734504,-0.01900617,-0.01289172,-0.02219889,-0.01792824,0.006863,0.01585047,-0.02584381,-0.03760223,-0.02409443,-0.00511012,-0.00989387,-0.03975509,-0.00865606,-0.00910216,-0.02434721,0.01043484,-0.02021961,-0.00736343,-0.02675272,-0.01364994,0.00212188,-0.00969441,-0.01983137,-0.02822049,-0.00699348,-0.02443241,-0.00851295,-0.02153354,-0.01725373,-0.01616061,-0.02248818,0.00424732,-0.0119721,-0.00100844,-0.02676048,-0.01928783,0.00020807
"Np2_500466",-0.01954512,-0.01063989,-0.01299978,-0.00151542,-0.0116341,0.00119618,-0.02010995,-0.0318212,-0.00416461,-0.01839559,-0.02045255,-0.01442336,-0.01309875,-0.01795559,-0.01150011,-0.01004002,-0.01079215,-0.02373505,-0.02356608,0.00209903,-0.01097791,-0.00381138,-0.00825867,-0.01981762,-0.00660216,-0.02492568,-0.01456492,-0.01823724,-0.01677413,-0.01472785,-0.01829362,-0.03568076,-0.02282615,-0.01241668,0.02108942,-0.02163705,-0.01413255,-0.0068062,0.00329573,-0.01539471,0.0009343,-0.0407051,-0.0027304,-0.01153513,-0.02313519,-0.02340773,-0.00227974,-0.01536276,-0.00737865,0.00265627,-0.01221569,-0.0221456,0.9847371,0.00522781,-0.01586667,-0.01267396,-0.01129456,0.01805809,-0.00593074,-0.0232799,-0.00932139,-0.01152598,0.00466905,-0.01089567,-0.01513437,-0.01545865,0.00906153,-0.01669492,-0.00329221,0.05367285,0.01420458,0.00533134,-0.01740143,-0.01868335,0.00291663,0.00493549,-0.03113755,0.00629663,-0.01403661,0.01499172,-0.0111286,-0.01255215,0.01181727,0.01662691,-0.02076766,0.0060926,-0.02650455,-0.0032983,0.00438433,-0.02750332,-0.02316716,-0.00685947,-0.01002938,-0.01940199,-0.00347643,-0.01512826,-0.00035831,-0.0081445,-0.02290073,-0.01177872
"Np2_500358",-0.00606777,-0.01543281,-0.00058821,-0.00402454,-0.01627476,-0.01912642,-0.01378847,-0.02306368,0.0027659,0.01030694,-0.00636619,-0.01875951,-0.01027905,-0.01422238,-0.02329661,-0.00508879,-0.00766795,-0.00827846,-0.01770135,-0.0127425,0.00524,0.00068309,0.0274475,-0.02735107,0.01235626,-0.02378078,0.00454573,-0.03170851,-0.01928325,-0.01388744,-0.00024869,-0.01398183,-0.01711367,-0.01355555,-0.02252774,-0.01333628,0.00071507,0.01184777,0.02636499,-0.00298313,-0.00736039,-0.01459085,-0.01087286,-0.01511001,-0.02442632,-0.00688536,-0.02366817,0.00679298,-0.00897426,-0.02025462,-0.00833023,-0.00136013,0.00522781,0.99844801,-0.03984332,-0.02051191,-0.02948565,0.00047603,-0.00965789,-0.02380977,-0.02096565,-0.02956481,-0.01276078,0.02130868,-0.00942189,0.00167273,-0.02328902,-0.01280947,0.0138392,-0.01308659,-0.00809728,-0.00707415,-0.01945382,-0.00809881,-0.02486633,-0.00472947,-0.02435933,-0.01189447,-0.01456647,-0.00913716,-0.01257196,-0.00942796,-0.00683055,-0.00948125,0.00123577,-0.015448,0.00965836,-0.01144076,-0.00984818,-0.02239986,0.0038606,-0.01667667,-0.01116823,-0.02693545,-0.00963959,-0.00804551,-0.00926203,-0.01141491,-0.01794952,0.00108961
"Np2_504197",0.00541965,-0.01993183,-0.01011156,-0.01872443,-0.0070711,-0.03001998,0.00287551,0.00456247,-0.0268547,-0.0135281,-0.01680305,-0.01488466,-0.00290244,-0.01780789,-0.00419658,-0.02892382,0.01082308,-0.02495761,0.01829862,-0.00993342,-0.02879596,-0.00077091,-0.01252628,0.01580472,-0.00614997,0.00186609,-0.01106769,-0.00606166,-0.0065778,0.01998101,-0.00307297,0.01166501,0.01173049,-8.883e-05,-0.02702674,-0.00595966,-0.00698127,-0.00315671,-0.00021063,-0.01281098,-0.00744412,-0.02304841,-0.01750342,-0.01732526,-0.00989384,-0.01519069,-0.01827079,-0.00014212,-0.00022737,-0.03084371,-0.00156262,-0.01834385,-0.01586667,-0.03984332,0.97406865,0.02112136,-0.00597031,0.00739587,-0.0164407,-0.00196915,-0.01572053,-0.00589723,-0.01360575,-0.00785519,-0.0047858,-0.02764336,-0.01210607,-0.01837425,0.00264105,-0.01926037,-0.02264491,-0.01111642,-0.02166904,-0.01838339,-0.00196,-0.00679247,0.00022176,-0.01928628,-0.01114839,-0.01150466,-0.00641336,-0.01621075,-0.00584851,-0.00910822,-0.00767857,-0.00670112,-0.01904876,-0.030556,-0.03200839,-0.01426196,-0.00551051,-0.00488475,-0.00166007,-0.02077681,-0.00759179,0.00831394,-0.00401693,-0.01972025,-0.03112687,0.0093797
"Np2_501894",-0.01422543,-0.03500935,0.00175951,-0.01583623,-0.030827,0.00773387,-0.02483888,-0.006861,-0.00615302,-0.02144977,-0.00797701,0.00216298,-0.00899708,0.02679733,-0.01744707,-0.02405634,-0.0190229,-0.00623522,0.00017609,-0.0137443,-0.01053028,-0.01067185,0.00543488,0.00453353,-0.01665991,-0.00133577,-0.01061551,-0.0206824,0.00224824,-0.0203703,0.02158731,-0.01711515,-0.00106323,0.01315254,-0.0172872,-0.02225518,-0.01003088,-0.01473244,-0.00813229,-0.03732809,-0.00866671,-0.00645753,-0.00593683,0.00063589,-0.01964252,-0.00925744,0.00699852,-0.01780793,-0.00266797,-0.02079966,-0.01237707,-0.02306824,-0.01267396,-0.02051191,0.02112136,0.98030283,-0.01419648,0.01074085,-0.01005069,-0.01567642,0.00269739,-0.00163875,0.0110545,0.0093447,-0.01651377,-0.01531553,-0.02703134,-0.02629592,-0.0154815,-0.02870456,-0.02965308,-0.01903809,9.844e-05,-0.00544657,-0.00424834,0.00264257,-0.02810164,-0.01731158,-0.02257184,-0.01562004,-0.01509628,-0.02565493,-0.00920262,0.00139258,-0.01834076,-0.01279576,-0.0007831,-0.01320383,-0.01587429,-0.00969897,0.00072724,-0.01980999,-0.00364392,0.02367617,-0.00120179,-0.00965632,0.00952893,-0.02139961,-0.01636302,-0.01407162
"Np2_501475",-0.00797396,-0.00028676,-0.01589256,-0.01628385,-0.00767554,-0.0225551,-0.01143159,-0.02725363,-0.00842767,-0.01565506,-0.0167985,-0.01914317,-0.00700868,-0.00912498,0.10816992,-0.01810938,-0.00515882,-0.03819896,-0.01351745,-0.01830273,0.03606802,-0.00350688,-0.03079196,-0.02316715,-0.02730841,-0.00178339,-0.00527757,-0.0281336,-0.01007503,-0.01914316,0.00165141,-0.00842767,-0.01430003,0.07010396,-0.02549967,-0.01295868,-0.00834697,0.00811452,-0.00934118,0.01749169,0.0318415,-0.00599163,-0.01719436,-0.00696757,-0.03577209,-0.01518613,-0.003041,-0.02373663,-0.00768315,-0.01393919,0.0235635,-0.02260236,-0.01129456,-0.02948565,-0.00597031,-0.01419648,0.98306206,-0.01117429,0.02375844,-0.03089252,-0.01799975,0.01176854,-0.00096428,-0.00023803,-0.00980554,-0.0226145,-0.01027449,-0.02506877,-0.00374896,-0.00920719,-0.00711068,-0.00060649,-0.01466089,-0.01670407,-0.01093829,-0.01744554,-0.01256282,-0.02171775,-0.02469424,-0.01347938,-0.02818079,-0.00722334,-0.02898624,-0.01047393,-0.01848388,-0.03608115,-0.01676042,-0.00740911,-0.0027715,-0.0072538,-0.02012212,-0.01416754,-0.01688073,-0.01559568,-0.01398181,-0.0061454,-0.01771505,-0.00251117,-0.00295573,-0.02456786
"Np2_501561",-0.00130685,0.00592361,-0.02171012,0.00027963,-0.00740302,-0.02015105,-0.01633563,-0.01358294,-0.00450109,-0.01934109,-0.00145301,-0.01628236,-0.00795416,-0.01616055,-0.01077083,-0.01129001,-0.02681061,-0.0051923,-0.01111339,-0.01346264,-0.0329342,-0.00962893,-0.00889965,-0.01619555,-0.01104945,0.00884228,-0.02479778,-0.02116201,-0.02837726,-0.02526522,-0.00081659,-0.00632811,0.00576527,-0.01001263,0.00126469,-0.019233,-0.00807445,0.00869157,-0.00358758,-0.02273478,-0.00777605,-0.01652901,-0.00230562,-0.01430764,-0.00961675,-0.01110731,-0.02514957,-0.00382358,-0.00269081,-0.0049883,-0.03934852,-0.02674515,0.01805809,0.00047603,0.00739587,0.01074085,-0.01117429,0.99045962,-0.00200416,-0.01554701,-0.00509031,0.00610326,-0.00891336,-0.00970963,-0.01927715,0.00354086,-0.01609205,-0.02723228,-0.00636923,-0.00588963,0.0135636,-0.003988,-0.00525323,-0.01871533,-0.01843062,-0.01458474,0.00202138,-0.00956956,-0.0146776,-0.01214108,-0.02882179,-0.00908234,-0.0075507,-0.02755813,0.01558855,0.00179758,-0.01572664,-0.00378704,0.00206858,-0.0117011,-0.00325414,-0.03140398,-0.01584695,-0.00131598,-0.04081012,-0.02810164,-0.01926955,0.00369921,0.00706092,0.00935231
"Np2_502438",-0.0257525,-0.016695,-0.00672246,-0.01883716,0.00621443,-0.00942646,-0.01383264,-0.01808354,-0.02118187,0.0361457,-0.01189144,-0.01834694,-0.01610881,-0.02644675,0.01411327,-0.00863476,-0.0163905,-0.01441271,-0.01409148,-0.01674523,0.01935535,-0.0250917,-0.02299215,-0.0202394,-0.02727347,-0.01194929,-0.01026689,-0.01728875,-0.00897428,-0.00966854,-0.01506134,-0.01935483,-0.03969122,-0.0129907,0.00391997,0.00382406,-0.00465792,-0.01636311,-0.00047555,-0.00485432,0.00066483,-0.00534763,-0.02583779,-0.00084247,0.00872049,-0.00038267,-0.02081956,-0.01867734,-0.01647878,-0.00248528,-0.02451314,-0.01784756,-0.00593074,-0.00965789,-0.0164407,-0.01005069,0.02375844,-0.00200416,1.01800327,-0.01015121,0.01141993,-0.01270901,-0.01767702,0.00329879,-0.00626875,-0.01709845,-0.00871697,-0.00280501,-0.00371396,-0.00810643,-0.00220361,-0.0100111,0.00318765,-0.01301505,-0.02475826,-0.01497454,-0.01542063,-0.00326024,-0.01719893,-0.02044799,-0.0247963,-0.0225658,-0.02057742,-0.01729029,0.0174826,-0.02508407,-0.00226147,-0.03295257,-0.00776081,0.02368843,-0.01201779,-0.00149564,0.01406154,-0.00962287,-0.00739997,-0.02057435,-0.0252927,-0.02013749,-0.0080973,-0.00778517
"Np2_502102",-0.01249893,-0.00739999,-0.01158692,-0.00923766,-0.00763295,-0.00058821,-0.02250343,-0.00513448,0.00303387,-0.01698275,-0.00092165,-0.02793125,-0.0221913,-0.0262869,-0.02531249,0.00675036,-0.01958021,-0.01577538,-0.02550281,0.01142907,-0.02128849,-0.01488319,0.00244161,-0.02540839,-0.01447667,-0.01270294,-0.00919351,-0.01347485,-0.00835766,-0.0197096,-0.02023034,0.00272937,-0.03739985,-0.03155793,-0.00231476,-0.00332419,0.09598859,-0.01787804,-0.019804,-0.00241068,-0.01089876,-0.00229497,-0.00344905,-0.02260696,0.02501912,-0.00798769,-0.01289481,-0.01851749,0.00408289,-0.00643623,-0.02100374,-0.00185344,-0.0232799,-0.02380977,-0.00196915,-0.01567642,-0.03089252,-0.01554701,-0.01015121,1.02837326,0.00214015,0.00876617,0.01049729,-0.01115758,-0.00610889,-0.00871697,0.00788617,-0.01467307,-0.00020454,-0.02088803,-0.00874285,-0.0288828,-0.00106781,-0.00904888,-0.00587138,-0.02151379,0.01184015,0.02917717,-0.02541295,-0.01648184,-0.00743195,-0.03291136,-0.01250044,-0.02854937,-0.00534762,0.00461273,-0.01443406,-0.03005217,-0.02115141,-0.01375805,-0.01627325,-0.01914929,-0.008312,-0.01692339,-0.02170409,-0.02620008,0.00729695,-0.01875961,-0.01037347,-0.00320999
"Np2_503976",-0.00188997,-0.0135388,-0.02503379,-0.01903049,-0.02366814,-0.0172324,0.00454877,0.01034654,0.00572568,-0.00226299,-0.01756587,-0.01031865,-0.0237625,-0.00030045,0.02944961,-0.0152227,-0.02785051,-0.00151238,-0.01169653,-0.01039172,-0.00504616,-0.01706341,-0.00445847,-0.00992735,-0.00523799,-0.01320839,-0.01198275,-0.03270728,-0.000337,-0.01914927,0.00423362,-0.01893916,-0.01765569,-0.01927414,-0.02093823,-0.00885398,-0.02312154,-0.00970509,0.00161488,-0.01326929,-0.00683665,-0.00569323,-0.01171938,-0.01367276,-0.00867737,-0.01884629,-0.00624439,-0.01460761,-0.02215318,-0.02642997,-0.00856774,-0.03296163,-0.00932139,-0.02096565,-0.01572053,0.00269739,-0.01799975,-0.00509031,0.01141993,0.00214015,0.99842974,-0.00194021,-0.00903973,-0.01714411,-0.00433057,0.00600278,0.01484103,-0.01822355,-0.01867577,-0.01530337,-0.01229335,-0.01279273,-0.02699945,-0.02401828,0.00397631,-0.00862104,0.01894725,0.01040135,-0.01358596,-0.02581789,-0.01692027,-0.01134024,-0.00463203,-0.02220344,-0.03006115,-0.01385849,-0.00352059,-0.01959541,-0.01115145,-0.02081035,-0.0062733,-0.01204212,0.01204113,0.006018,-0.00470054,-0.00736951,-0.00767251,0.00235483,-0.01529424,0.00420163
"Np2_500630",-0.01429547,0.00344037,-0.01612398,-0.02686838,-0.01551957,-0.0127379,-0.0154693,0.01697253,-0.02083924,0.00055672,0.00215384,-0.00171335,-0.00586982,-0.0096609,-0.00533695,-0.00128857,-0.00660826,-0.03919164,-0.01922994,-0.01244406,-0.01364536,-0.0284031,-0.00788109,-0.02202831,-0.00211378,-0.01952378,-0.0234747,-0.01999117,-0.01045871,-0.01937458,-0.00801964,-0.0133789,-0.0108774,-0.01660665,-0.01309418,-0.01425586,0.00116573,0.00590382,-0.0101816,0.01254046,-0.02594123,-0.0092681,0.00145348,-0.01511608,-0.0142315,-0.00826171,0.00586271,0.06022737,-0.0109596,-0.00686251,0.01587174,-0.01735269,-0.01152598,-0.02956481,-0.00589723,-0.00163875,0.01176854,0.00610326,-0.01270901,0.00876617,-0.00194021,0.98046728,-0.02053169,-0.00762529,-0.01841082,0.0021234,-0.00669961,-0.02423443,-0.01067947,-0.01872597,-0.01678171,-0.01910813,-0.02280943,-0.01389045,-0.02167509,-0.02194002,-0.02695366,0.02570572,-0.01167975,-0.0146243,0.00569217,-0.00882503,-0.0214528,-0.01542515,-0.01475676,-0.01591083,-0.01562157,-0.01479639,-0.0185326,0.00439043,-0.0043671,-0.01394221,-0.02198422,-0.00562623,-0.00644838,-0.00317954,-0.01520593,-0.00731016,-0.00760245,-0.02053623
"Np2_501220",-0.02246077,0.01384987,-0.00053797,-0.00732384,-0.01713804,-0.01024556,-0.00338508,-0.02834227,-0.0078415,-0.00608603,-0.01651685,-0.01840476,0.01367476,-0.01782619,-0.02248511,-0.02132954,-0.02086366,-0.01340478,-0.00790697,-0.03431206,-0.00354039,-0.00566125,-0.00340944,-0.02044949,-0.01606463,0.0003253,-0.01139048,-0.01521505,-0.00887987,-0.00424531,0.00193308,-0.0367694,-0.02132649,0.00872354,0.00036031,-0.01419955,0.01187971,-0.01093986,-0.01910817,-0.00217163,-0.01888133,0.00464317,-0.00290549,-0.01216698,-0.00580132,-0.00302882,0.00302626,-0.00701174,-0.00755374,-0.01944312,-5.837e-05,-0.02734504,0.00466905,-0.01276078,-0.01360575,0.0110545,-0.00096428,-0.00891336,-0.01767702,0.01049729,-0.00903973,-0.02053169,0.99885307,-0.00787347,-0.01013291,0.01040134,-0.01440815,-0.01443401,-0.02021504,-0.00435797,0.00733041,-0.01676804,-0.00691887,-0.00911433,-0.00182603,-0.00087292,0.0075116,-0.02493792,-0.01847477,-0.0259869,-0.01769828,-0.01805607,-0.02611632,-0.00455895,0.0003725,-0.01372299,-0.03063822,0.03595999,-0.02395736,-0.0217406,-0.01435941,-0.00353277,-0.02969279,-0.01196449,-0.03394967,-0.01271507,-0.01119106,-0.00603581,-0.01424523,-0.00160069
"Np2_502787",-0.02828135,0.00772476,0.00049277,-0.01329668,-0.01367125,-0.00449499,-0.00600838,-0.01832862,0.00978472,-0.01510392,-0.0199014,-0.01661274,-0.00706653,-0.01314139,-0.00805617,-0.01299067,-0.00871848,-0.01085151,-0.01981764,-0.01409753,-0.01042676,-0.0312746,0.00812669,-0.0137854,-0.01990593,-0.00595205,-0.03000022,-0.02255816,0.00250403,-0.01767851,-0.00738933,-0.00087292,-0.01222637,-0.00714571,-0.02936384,-7.512e-05,-0.02454355,-0.01143162,-0.01701164,-0.03554982,-0.02074336,0.00369463,-0.00857384,-0.00458939,-0.02030027,-0.00093231,-0.01040697,0.00513342,-0.02646799,-0.01064751,0.00066786,-0.01900617,-0.01089567,0.02130868,-0.00785519,0.0093447,-0.00023803,-0.00970963,0.00329879,-0.01115758,-0.01714411,-0.00762529,-0.00787347,0.98934192,-0.00803639,0.00244922,-0.00957109,-0.01583928,-0.01004915,-0.00012993,0.00135757,-0.02197961,-0.00664938,-0.01249888,-0.01510696,-0.00486649,-0.01931977,-0.00685492,-0.01150619,0.00290597,-0.00037658,-0.00895597,-0.01732071,-0.00900927,-0.03407144,-0.00995171,0.00784656,-0.01127328,0.00965529,-0.02147111,6.952e-05,-0.01955422,-0.02287643,-0.00453915,0.00103327,-0.00757353,-0.02660353,-0.01551049,-0.01062618,0.01267597
"Np2_501199",0.00889253,-0.00245178,-0.01242428,0.03727532,-0.01547391,-0.03355076,0.02233484,-0.02728715,0.01148386,-0.00883723,-0.01607075,0.00533592,-0.02729169,-0.010681,-0.02158226,-0.01327082,-0.01615448,-0.00382357,-0.02862391,-0.0232083,0.00847689,-0.0056719,-0.01529577,-0.02030789,-0.01683654,-0.03044027,-0.00896511,-0.00791762,-0.03020582,-0.01917667,-0.00964875,-0.02322961,-0.01326777,-0.01214568,-0.02598995,0.02050327,-0.00594444,0.00016391,-0.01683504,-0.00172553,-0.01219289,-0.01196297,0.0042397,-0.00913259,-0.01692637,0.01568753,-0.0402241,0.00028572,0.01618691,0.00475431,-0.00950865,-0.01289172,-0.01513437,-0.00942189,-0.0047858,-0.01651377,-0.00980554,-0.01927715,-0.00626875,-0.00610889,-0.00433057,-0.01841082,-0.01013291,-0.00803639,0.99502485,-0.01214262,-0.01274403,-0.01946897,-0.0103293,0.00674577,-0.00303338,0.00118704,-0.01454215,-0.01536732,-0.00807901,-0.00636466,-0.00102518,-0.01566118,-0.00721879,-0.01046784,-0.00476753,-0.01517394,-0.00922699,-0.01324797,-0.00938229,0.00773388,-0.0327804,-0.01962281,-0.01635542,0.00154332,-0.00218991,-0.00065064,-0.00321153,-0.02765711,0.00151439,-0.0102897,-0.01165847,-0.01746542,-0.03313513,-0.02521039
"Np2_502217",-0.01305157,0.01914823,-0.02888727,-0.01420562,0.00292881,-0.01545256,-0.01346416,-0.01558352,-0.01228726,-0.01890565,-0.02476891,-0.01051809,-0.00736646,-0.02272869,-0.02677861,-0.03003835,-0.02363463,0.00331248,-0.01417975,0.00844033,-0.0148375,-0.01558808,0.00234568,-0.01652137,0.00263192,-0.0065565,-0.01157318,-0.00900317,-0.00464726,-0.00914782,-0.01469286,-0.01487554,0.00087188,-0.02221411,-0.01794038,0.00190872,0.00195287,-0.01157931,-0.00924222,0.01119608,-0.01678024,-0.0220314,0.00406766,-0.01402445,-0.02699479,-0.02863761,-0.01314295,0.00711728,-0.01306526,-0.00851141,0.02777329,-0.02219889,-0.01545865,0.00167273,-0.02764336,-0.01531553,-0.0226145,0.00354086,-0.01709845,-0.00871697,0.00600278,0.0021234,0.01040134,0.00244922,-0.01214262,0.98996016,-0.01124129,-0.00639509,-0.00593378,-0.02935774,0.01521706,-0.00796786,-0.01410518,-0.00853576,-0.00520601,-0.01597632,-0.00271974,-0.00974314,-0.03555742,0.00930512,-0.00509182,-0.0348342,-0.01792514,-0.01722631,-0.00422551,-0.00781561,-0.00661283,0.01278716,-0.02185627,-0.01750799,-0.00814752,-0.00995779,-0.02013132,-0.02326159,0.00103784,0.00095715,-0.02157464,-0.01169961,0.01876301,-0.01716083
"Np2_504247",0.00263801,-0.01251262,-0.01213197,-0.01983135,-0.00985277,-0.02473234,0.00176865,-0.01862097,-0.01288867,-0.01219896,0.01132248,-0.03030329,-0.01999578,-0.02013282,-0.01352508,-0.01541454,0.01245677,-0.00870781,-0.01478116,-0.01195383,-0.00736954,-0.02182281,0.00692087,-0.01544801,0.03278544,-0.00167682,0.00091909,-0.00427575,-0.00448739,-0.01751409,-0.01346725,-0.00877785,-0.01662951,0.0016971,-0.00575261,-0.01315663,-0.01600527,-0.01202846,0.00370682,0.00115507,-0.03610869,-0.0281139,-0.02454817,-0.01432135,-0.00795569,-0.01431832,-0.00445695,-0.0114499,-0.001182,-0.004393,-0.01515417,-0.01792824,0.00906153,-0.02328902,-0.01210607,-0.02703134,-0.01027449,-0.01609205,-0.00871697,0.00788617,0.01484103,-0.00669961,-0.01440815,-0.00957109,-0.01274403,-0.01124129,1.00276655,-0.00440821,-0.00333789,-0.01382045,-0.01994554,0.00619918,-0.02384174,-0.0147705,-0.00276237,-0.00485432,-0.01169501,0.00564195,-0.01941112,-0.01824488,-0.03096705,-0.01823117,-0.00984819,-0.02620159,-0.01609355,-0.00674224,0.00252991,-0.01141337,-0.01667211,-0.01932741,-0.0294552,0.00740654,-0.01342462,-0.01609814,-0.01387525,-0.02080727,-0.02187156,0.04860008,-0.00863474,5.124e-05
"Np2_501230",-0.00423922,-0.01680153,-0.00332722,0.01561746,-0.01216241,0.0081282,-0.00084552,0.01606663,-0.00484518,-0.026841,-0.00301511,-0.00673006,-0.01804235,-0.00858753,-0.01004914,0.00191633,-0.01832405,-0.01071295,-0.01891782,-0.01487248,-0.02048909,0.02611067,-0.01776984,-0.02171619,0.01464154,-0.01829815,-0.00413111,0.00483347,-0.02430602,-0.02834982,-0.01638589,0.01433856,-0.02929228,-0.01461976,-0.01293432,-0.00496089,-0.00735277,-0.00870478,-0.01337128,-0.03038694,-0.02578136,0.00154941,-0.00280195,0.08948855,-0.02686078,-0.01510543,-0.01620625,-0.01650008,-0.00973397,-0.01203146,-0.0048269,0.006863,-0.01669492,-0.01280947,-0.01837425,-0.02629592,-0.02506877,-0.02723228,-0.00280501,-0.01467307,-0.01822355,-0.02423443,-0.01443401,-0.01583928,-0.01946897,-0.00639509,-0.00440821,0.9786552,-0.01569616,-0.01887061,-0.00870475,-0.00981315,-0.02204056,-0.00566124,-0.00157023,-0.00655496,-0.03242711,-0.00762987,0.0131449,-0.03105989,0.01681415,-0.02495609,-0.01368035,-0.00780495,-0.00850682,-0.02184104,-0.01607071,0.0078968,-0.02080876,0.01322865,-0.0308513,-0.00662651,0.02095851,-0.02617262,-0.00141646,0.00017761,-0.01702534,-0.01902599,-0.01642545,-0.01550431
"Np2_500407",-0.01062924,-0.01588347,-0.00849923,-0.02228868,0.00306736,-0.01394375,-0.01606615,-0.03691253,0.00170622,-0.00932748,-0.01975829,-0.01586062,-0.01149098,-0.00538568,0.02877969,-0.00569171,-0.00218077,0.00314652,-0.02211056,0.02182481,-0.02550887,-0.01209999,-0.03085898,-0.02764947,-0.0293547,-0.01113776,-0.02544181,-0.00490608,-0.00298619,-0.01068404,-0.01196603,-0.02387212,-0.03446432,-0.00213053,-0.02967749,0.00311303,-0.00613019,0.00347997,-0.01443249,-0.00647885,0.00330336,-0.01001719,-0.02776677,-0.02423904,0.03343554,0.00225586,-0.03051343,0.00162249,0.00168947,-0.01035214,0.00020198,0.01585047,-0.00329221,0.0138392,0.00264105,-0.0154815,-0.00374896,-0.00636923,-0.00371396,-0.00020454,-0.01867577,-0.01067947,-0.02021504,-0.01004915,-0.0103293,-0.00593378,-0.00333789,-0.01569616,0.99419647,-0.01521202,0.00515473,-0.00630679,-0.01838195,-0.01159451,-0.00613323,-0.03334677,-0.01186856,-0.01067036,-0.01790991,-0.02054997,-0.01591541,-0.00866061,-0.01428481,-0.01556525,-0.01718062,-0.00722031,-0.03113912,-0.01113017,-0.01273487,0.0107972,0.00234416,-0.01225527,0.00056129,-0.00667982,-0.01541907,-0.01108446,0.00064046,-0.00455744,-0.02007495,-0.02585288
"Np2_500340",0.00979538,-0.01159757,0.0017245,-0.01008568,-0.0074152,0.01759523,-0.01467304,-0.0167924,-0.01669343,-0.00153979,-0.02064897,-0.02177561,-0.00020149,-0.04220781,-0.01565507,-0.01678327,-0.00215794,-0.00383422,-0.00336072,-0.00479646,-0.01284909,-0.02106001,-0.01119561,-0.02260231,0.00477258,-0.00822212,0.0170593,-0.01203907,-0.01605702,-0.01111796,-0.01742426,-0.02521954,-0.01769374,-0.00530499,-0.00285829,-0.00371547,-0.00747761,-0.0130927,-0.00131597,-0.01559111,0.00302169,-0.00755831,0.00346778,-0.01142703,-0.02363611,0.00562824,-0.02242121,-0.01936548,-0.01777593,-0.01078606,-0.01241209,-0.02584381,0.05367285,-0.01308659,-0.01926037,-0.02870456,-0.00920719,-0.00588963,-0.00810643,-0.02088803,-0.01530337,-0.01872597,-0.00435797,-0.00012993,0.00674577,-0.02935774,-0.01382045,-0.01887061,-0.01521202,0.98876022,-0.01019988,0.00650521,-0.01333479,-0.01522571,-0.00245635,-0.00378703,-0.02082858,-0.01902138,-0.02656541,-0.02783522,-0.00965024,-0.01061703,0.03567668,-0.01660817,-0.00863168,-0.01678933,-0.00675595,-0.01491364,0.01195278,-0.00805922,-0.01483747,-0.01954052,0.00713098,-0.00117591,-0.02544485,-0.0142589,-0.00481778,-0.02447969,-0.00619718,-0.00877784
"Np2_501597",0.00808559,-0.01635239,-0.00394384,0.01043329,-0.01826011,-0.01791446,0.00082164,-0.01880669,-0.01764195,0.00390627,-0.01505064,-0.01602504,-0.01104639,-0.01879602,-0.01416756,-0.01742729,-0.01102357,0.00343885,-0.02257948,0.02272612,-0.02673905,-0.00389056,-0.01579819,0.02623551,0.00062676,-0.01541298,-0.0193639,-0.02821277,-0.01807131,-0.00079985,0.00309477,-0.01520592,-0.01255218,-0.03487691,-0.01887976,0.00157833,-0.01390721,0.00346778,-0.02464554,-0.02811077,-0.00401694,-0.03104014,-0.01224921,-0.01937914,-0.01560176,-0.01572206,-0.01179855,-0.00082572,-0.00730556,-0.0173679,0.03901402,-0.03760223,0.01420458,-0.00809728,-0.02264491,-0.02965308,-0.00711068,0.0135636,-0.00220361,-0.00874285,-0.01229335,-0.01678171,0.00733041,0.00135757,-0.00303338,0.01521706,-0.01994554,-0.00870475,0.00515473,-0.01019988,0.98244687,-0.02017389,-0.02554998,0.00255275,-0.00949495,-0.02026525,-0.0056384,-0.01205279,-0.01700856,0.02709269,-0.00313842,-0.00593225,-0.01109969,-0.02121073,-0.02297836,-0.01027752,0.00493245,-0.00459549,-0.01594432,-0.028496,-0.00071306,-0.02322956,-0.01574188,-0.02054692,-0.02289158,0.00671683,0.00138954,-0.02055613,-0.03165825,-0.00287504
"Np2_501788",0.00134387,-0.00345359,-0.00094143,-0.01914618,-0.01723699,-0.01019226,-0.01368492,-0.03102949,-0.00900622,-0.01394984,-0.02818696,-0.03616495,-0.01733136,-0.00879002,-0.01375344,-0.0083348,-0.01548153,-0.02005056,-0.00222035,0.00487002,-0.00272584,-0.01200254,-0.01203452,-0.01065206,-0.00748522,-0.00190519,0.06874726,-0.00724466,-0.00943558,-0.00038572,-0.01826317,0.00241267,0.00658895,-0.0277637,-0.007808,-0.00881743,-0.01136156,-0.01271358,0.00302169,-0.00957869,-0.0096929,-0.0211864,-0.00772427,-0.02459834,0.0090204,-0.01028362,-0.00590334,-0.01594133,0.00346168,0.00862456,-0.03350051,-0.02409443,0.00533134,-0.00707415,-0.01111642,-0.01903809,-0.00060649,-0.003988,-0.0100111,-0.0288828,-0.01279273,-0.01910813,-0.01676804,-0.02197961,0.00118704,-0.00796786,0.00619918,-0.00981315,-0.00630679,0.00650521,-0.02017389,0.98677759,-0.00290701,-0.00860428,-0.00451326,-0.0212214,-0.01253237,0.00480456,-0.02664307,-0.01451469,-0.01642697,-0.00947667,-0.01860266,-0.01501104,-0.00764357,-0.00377332,-0.00287504,-0.01042371,-0.00380681,-0.00600534,-0.02831328,0.00656914,0.00309477,-0.01724001,-0.01227659,-0.00915998,-0.01600983,-0.02029426,-0.01403967,-0.03306352
"Np2_502494",-0.01255831,0.01050643,-0.0122553,-0.02771957,-0.01104187,0.00772628,-0.01038261,-0.02787948,-0.01133724,-0.0152151,0.00099826,-0.03088341,0.00652501,-0.0054877,-0.02384933,-0.01873519,0.00502534,-0.0194888,-0.01734054,-0.00994565,-0.0035343,0.01337637,-0.00294661,-0.01130829,-0.01377478,-0.02737855,-0.02097631,-0.00470359,0.01624786,-0.03377619,-0.02165998,-0.01544804,0.00364897,-0.02750647,-0.00572369,-0.01069169,-0.00364392,-0.01382659,-0.02412644,-0.01997907,-0.01841852,0.00738982,-0.00396518,-0.0077456,0.04871109,-0.0139849,0.00973148,0.02085657,-0.01790082,-0.01319471,0.00786484,-0.00511012,-0.01740143,-0.01945382,-0.02166904,9.844e-05,-0.01466089,-0.00525323,0.00318765,-0.00106781,-0.02699945,-0.02280943,-0.00691887,-0.00664938,-0.01454215,-0.01410518,-0.02384174,-0.02204056,-0.01838195,-0.01333479,-0.02554998,-0.00290701,1.02277255,-0.02007042,0.00229088,-0.02355245,0.0174141,-0.02280034,-0.02866962,-0.00192499,-0.01571294,-0.03753828,-0.00570846,-0.02921775,-0.00099168,-0.01371693,-0.01023036,-0.01717006,-0.01664321,-0.00787958,-0.0275993,0.00362918,-0.01872456,0.00768214,0.01112303,-0.00890271,0.01454568,-0.02247306,0.00037706,-0.02367117
"Np2_503723",-0.01414474,-0.00188997,0.00640776,0.01027952,-0.01034453,-0.0020818,-0.01714561,0.00418185,-0.00835611,0.00390475,-0.02251252,-0.02851124,-0.00769837,-0.00387685,-0.00335919,-0.02686844,-0.00874131,-0.03538689,-0.021972,-0.00742128,-0.02141175,-0.00769837,-0.01442945,4.668e-05,0.00260451,-0.01678478,-0.0175384,-0.00522428,-0.00132511,-0.00613018,0.00400676,-0.00866061,-0.00783389,0.00881793,-0.01142094,-0.00359976,-0.02136909,-0.00049229,-0.02495158,0.00309933,-0.01817791,-0.01292367,-0.00798767,-0.02059869,-0.00936097,0.00071964,-0.01408386,-0.0321912,-0.00928636,0.00333685,-0.02204051,-0.00989387,-0.01868335,-0.00809881,-0.01838339,-0.00544657,-0.01670407,-0.01871533,-0.01301505,-0.00904888,-0.02401828,-0.01389045,-0.00911433,-0.01249888,-0.01536732,-0.00853576,-0.0147705,-0.00566124,-0.01159451,-0.01522571,0.00255275,-0.00860428,-0.02007042,0.9870121,-0.01254151,-0.00976139,-0.01127325,-0.01327234,-0.01929387,-0.00503397,0.00279787,-0.02542199,-0.02054083,0.01030389,-0.00105562,-0.00738626,0.01756785,-0.00870783,-0.00422246,0.00332314,-0.01380824,-0.00983294,-0.022138,-0.00227821,-0.00477514,0.00717206,-0.02129754,-0.01385854,-0.00273192,-0.02023326
"Np2_504783",-0.01355553,-0.00708634,-0.01218676,-0.01212129,-0.01417063,-0.01747903,-0.01853567,-0.00573434,-0.02207859,-0.01468979,0.00350281,-0.00447521,-0.01441725,-0.00709394,-0.02241049,-0.01668735,-0.00130075,0.01087787,-0.01361794,-0.00500505,-0.01853875,-0.02964245,-0.01155644,-0.03392528,0.00228021,0.01425484,0.01608945,-0.00052427,0.00779021,0.01333828,-0.01717608,0.00441327,-0.00785369,-0.00825411,-0.01555153,-0.02371681,-0.01575556,-0.0215229,-0.00030654,-0.02219428,-0.02596256,-0.02421012,-0.02262367,0.10240108,-0.00603121,-0.00569475,-0.00375049,-0.02140109,-0.01646199,-0.02530632,-0.01931977,-0.03975509,0.00291663,-0.02486633,-0.00196,-0.00424834,-0.01093829,-0.01843062,-0.02475826,-0.00587138,0.00397631,-0.02167509,-0.00182603,-0.01510696,-0.00807901,-0.00520601,-0.00276237,-0.00157023,-0.00613323,-0.00245635,-0.00949495,-0.00451326,0.00229088,-0.01254151,0.98621113,0.01366562,0.0040844,-0.01268313,-0.01093981,-0.00596727,-0.01823267,-0.01006436,-0.01370928,-0.02001404,-0.01173304,0.00325158,-0.01275011,-0.02197358,-0.01246385,-0.0304966,-0.01809108,-0.01030949,-0.00541004,-0.01965473,-0.0181931,-0.01720801,-0.01629302,-0.01189905,-0.01645439,-0.01918729
"Np2_501647",-0.00636009,-0.00796027,0.01875996,0.04607852,0.01510138,-0.00449804,-0.01042674,-0.0128506,-0.01290389,-0.01937002,-0.03178013,0.00530851,-0.00250202,-0.0139057,-0.01658533,-0.00842615,-0.01146207,-0.02090318,-0.00139819,-0.02201769,-0.01849917,-0.01087588,0.00142456,-0.00678487,0.03520622,-0.02605237,-0.0118853,-0.0263675,0.04924237,-0.01981308,-0.02764192,-0.02295251,-0.00233302,-0.01719741,-0.02327682,-0.01149708,-0.0137367,-0.016459,-0.01457866,-0.01971867,-0.00064911,-0.02797685,-0.0190823,-0.01342306,-0.01832404,-0.02346865,-0.01086677,-0.01968673,-0.01444313,0.00579268,-0.01166759,-0.00865606,0.00493549,-0.00472947,-0.00679247,0.00264257,-0.01744554,-0.01458474,-0.01497454,-0.02151379,-0.00862104,-0.02194002,-0.00087292,-0.00486649,-0.00636466,-0.01597632,-0.00485432,-0.00655496,-0.03334677,-0.00378703,-0.02026525,-0.0212214,-0.02355245,-0.00976139,0.01366562,0.99238134,-0.01171022,-0.01797237,-0.01577229,-0.02130514,-0.02032462,-0.01581035,-0.00894989,-0.01038259,-0.00590789,-0.02046013,-0.01697359,-0.00747002,-0.01623057,-0.02162641,-0.01561548,-0.00813838,-0.02653354,0.02986677,0.03589592,-0.01260089,-0.02295254,-0.0159703,-0.00347339,-0.00133425
"Np2_500121",-0.00695844,-0.00840636,-0.00924373,-0.01800886,-0.00924831,0.00038468,0.01440099,-0.0142102,-0.02339861,-0.01585756,-0.02217758,-0.00488172,-0.03263723,0.00483196,-0.00271974,-0.01770287,0.0060576,-0.00079528,-0.01904877,-0.01789622,-0.00889662,-0.02639492,-0.02475213,0.00312217,-0.00543439,0.0050177,-0.02892684,-0.00656409,-0.01910815,-0.00335919,-0.01606008,-0.00984818,0.00148394,-0.03012818,0.03337159,-0.01285668,0.01367932,-0.02223392,-0.01319772,-0.00311255,-0.02728258,-0.0218761,-0.0201374,-0.02102499,-0.02227193,-0.01036431,-0.03247594,-0.02622291,-0.00240457,-0.02221105,-0.01759475,-0.00910216,-0.03113755,-0.02435933,0.00022176,-0.02810164,-0.01256282,0.00202138,-0.01542063,0.01184015,0.01894725,-0.02695366,0.0075116,-0.01931977,-0.00102518,-0.00271974,-0.01169501,-0.03242711,-0.01186856,-0.02082858,-0.0056384,-0.01253237,0.0174141,-0.01127325,0.0040844,-0.01171022,0.98646391,-0.01750495,-0.0139346,-0.02175122,-0.01955269,0.0047543,-0.01076625,-0.01219895,-0.01853414,0.01913602,-0.00417375,-0.00045575,-0.00571453,-0.00730405,0.01454105,-0.00462593,0.00286183,-0.02295403,-0.02438518,0.01009529,0.00370225,-0.00819475,-0.00970506,-0.00208485
"Np2_502511",0.00139563,-0.02395591,-0.02235721,-0.0154404,-0.0042438,-0.02110266,-0.00693408,0.00297449,-0.02372294,-0.0103963,-0.01230099,-0.01723395,-0.00616521,-0.02426799,-0.01689899,-0.01361188,-0.00203157,-0.02867719,-0.02500642,-0.00893315,-0.01957409,0.02291495,-0.00178187,-0.0211057,-0.01580734,-0.00900928,0.00744156,-0.03612079,-0.02384779,-0.00962134,-0.02186549,-0.0288995,0.00724974,-0.01370476,-0.01278057,-0.00739541,-4.315e-05,0.00560846,-0.02372294,0.00524152,0.00406157,-0.01321754,-0.0183302,-0.00993041,0.02825595,-0.01632196,0.0019133,-0.01802112,-0.02008562,-0.00152456,0.0015692,-0.02434721,0.00629663,-0.01189447,-0.01928628,-0.01731158,-0.02171775,-0.00956956,-0.00326024,0.02917717,0.01040135,0.02570572,-0.02493792,-0.00685492,-0.01566118,-0.00974314,0.00564195,-0.00762987,-0.01067036,-0.01902138,-0.01205279,0.00480456,-0.02280034,-0.01327234,-0.01268313,-0.01797237,-0.01750495,1.00561107,-0.02613458,-0.0146152,-0.02124729,-0.01597175,-0.02875182,-0.01221875,-0.01611792,-0.00950714,-0.01363319,0.00820284,0.00126926,0.01612299,-0.0096868,-0.01210608,-0.00050752,-0.02419187,-0.00263296,-0.00393167,-0.01519683,-0.00897582,-0.01398792,-0.01276228
"Np2_500378",-0.0244187,-0.01688375,-0.03446879,-0.00623675,-0.00600229,0.00378293,-0.03381412,-0.01355247,-0.02685166,-0.00058365,-0.01573425,0.20268639,0.01019426,0.0108185,-0.02901059,-0.00425596,-0.02038555,-0.01216543,-0.02113156,-0.01541145,-0.01158843,0.00425644,-0.00902144,-0.01114078,-0.02852793,-0.00833174,-0.02172227,-0.01199643,-0.01083781,-0.02584375,0.00439043,-0.0052319,-0.02435018,-0.01500648,-0.00083638,-0.01219894,-0.02372593,-0.02081491,-0.0172598,-0.00884939,-0.01825097,0.00512124,-0.01810939,0.00277503,-0.01719889,0.00765014,-0.00578307,-0.02586967,-0.03341521,-0.00739387,-0.00064607,0.01043484,-0.01403661,-0.01456647,-0.01114839,-0.02257184,-0.02469424,-0.0146776,-0.01719893,-0.02541295,-0.01358596,-0.01167975,-0.01847477,-0.01150619,-0.00721879,-0.03555742,-0.01941112,0.0131449,-0.01790991,-0.02656541,-0.01700856,-0.02664307,-0.02866962,-0.01929387,-0.01093981,-0.01577229,-0.0139346,-0.02613458,0.97788164,-0.01180613,-0.01234813,0.18248066,-0.00721573,-0.02189433,-0.00950255,-0.02131424,-0.01752319,-0.01289171,-0.0141919,-0.01212739,-0.01921013,-0.01614833,-0.00926963,-0.02458007,-0.03012201,-0.01254149,-0.00812469,0.01758464,-0.0116356,-0.02578739
"Np2_502194",-0.01731463,-0.00734364,0.00430364,-0.0256245,0.00917115,-0.0188021,-0.01178939,-0.00233759,-0.01137374,-0.01464259,0.03232565,-0.03381264,-0.03020424,-0.01892239,-0.01261916,0.00056433,-0.01191121,-0.01084694,-0.00869868,-0.0174425,-0.00250507,0.00831548,-0.0157723,0.04483612,-0.03756257,-0.00046641,-0.00776688,-0.01966079,-0.01028057,-0.00260098,-0.01606312,-0.00771969,-0.0122218,-0.00668439,-0.00773949,-0.02930293,-0.00520297,-0.01706039,-0.01746382,-0.00829216,-0.02271806,-0.00741519,0.00559018,-0.02178929,-0.01770742,-0.00945385,-0.0069006,-0.01876559,-0.00621392,0.02970384,0.01148231,-0.02021961,0.01499172,-0.00913716,-0.01150466,-0.01562004,-0.01347938,-0.01214108,-0.02044799,-0.01648184,-0.02581789,-0.0146243,-0.0259869,0.00290597,-0.01046784,0.00930512,-0.01824488,-0.03105989,-0.02054997,-0.02783522,0.02709269,-0.01451469,-0.00192499,-0.00503397,-0.00596727,-0.02130514,-0.02175122,-0.0146152,-0.01180613,0.98417368,-0.00341705,-0.00849464,-0.01762063,-0.01676955,0.00353933,-0.01055614,0.01074391,-0.00578763,-0.03083912,-0.019335,-0.00708176,-0.03020726,0.00575157,-0.01412646,-0.0105333,0.00506794,-0.00863321,-0.00439148,-0.01595042,-0.01107074
"Np2_503469",-0.02516473,-0.01032168,-0.0072005,-0.00332874,-0.01755822,-0.0193441,-0.01278815,0.01386811,-0.012068,-0.02964852,-0.01602353,-0.03085284,-0.00882199,-0.01230856,-0.00478732,-0.00073894,-0.01214871,-0.02463484,-0.01670102,-0.00565211,-0.02908219,-0.01247603,-0.00961523,-0.04035788,-0.0017164,0.05106171,0.03447383,0.00461423,-0.01295411,-0.00649254,-0.02223846,-0.00856621,-0.03103404,-0.01834079,-0.01543734,-0.00167834,-0.02736475,-0.00618348,-0.00963197,-0.01233596,-0.00681685,-0.00247613,-0.01504911,0.06308197,-0.01459537,-0.00421029,-0.00211378,-0.01413103,-0.00706043,-0.02732364,-0.00870019,-0.00736343,-0.0111286,-0.01257196,-0.00641336,-0.01509628,-0.02818079,-0.02882179,-0.0247963,-0.00743195,-0.01692027,0.00569217,-0.01769828,-0.00037658,-0.00476753,-0.00509182,-0.03096705,0.01681415,-0.01591541,-0.00965024,-0.00313842,-0.01642697,-0.01571294,0.00279787,-0.01823267,-0.02032462,-0.01955269,-0.02124729,-0.01234813,-0.00341705,0.97547568,-0.02487082,0.01624627,0.02075141,-0.00339725,1.623e-05,-0.01172239,-0.00876568,-0.03381713,0.00250403,-0.02102191,0.01051093,-0.01915079,-0.01512522,-0.01944915,0.00391692,-0.00658694,0.00618093,-0.01968972,-0.01724606
"Np2_503250",-0.00984057,-0.01829207,-0.00329525,-0.01358289,-0.0252241,-0.01376407,-0.00918739,-0.02242114,-0.02323567,-0.01371536,-0.01227051,0.3299308,-0.00765726,0.00073181,-0.03087566,0.01184468,-0.01707406,-0.02560163,-0.02619392,-0.03052243,-0.01543279,-0.00476448,-0.02793873,-0.00691579,-0.02552095,-0.01811391,-0.00638291,-0.01903806,-0.02442628,0.01370367,0.00754966,-0.01973387,-0.01433961,-0.03240127,-0.00483299,-0.03553153,-0.0161514,-0.03014034,-0.01501407,-0.01208474,0.02236225,-0.01470958,-0.0116006,-0.01614225,-0.00886309,-0.0146167,-0.01724003,-2.488e-05,-0.02964697,-0.00271212,-0.02778494,-0.02675272,-0.01255215,-0.00942796,-0.01621075,-0.02565493,-0.00722334,-0.00908234,-0.0225658,-0.03291136,-0.01134024,-0.00882503,-0.01805607,-0.00895597,-0.01517394,-0.0348342,-0.01823117,-0.02495609,-0.00866061,-0.01061703,-0.00593225,-0.00947667,-0.03753828,-0.02542199,-0.01006436,-0.01581035,0.0047543,-0.01597175,0.18248066,-0.00849464,-0.02487082,0.97232357,-0.01958619,-0.02452067,-0.02111173,0.00392149,-0.0303504,-0.01764958,-0.019102,-0.02236632,-0.02442474,-0.01633864,0.00134996,-0.01837579,-0.01021508,-0.01623359,0.00432191,-0.01381742,-0.02233128,-0.01288405
"Np2_501668",0.06873067,-0.0105181,-0.00770142,-0.02255663,-0.02688977,-0.0136027,-0.00293594,-0.02500032,-0.02033378,0.03470988,-0.02398481,-0.02282767,-0.02043729,-0.01296173,-0.03787016,-0.01174525,-0.01508567,0.10671432,-0.039583,-0.02701154,-0.01237862,0.0030095,-0.00341706,-0.02700391,-0.02292357,-0.00562014,0.00321808,-0.00730556,-0.01984962,-0.0071457,-0.02974299,-0.01378694,-0.00291158,-0.0173192,0.00157072,0.00969641,-0.02268912,0.00214624,6.799e-05,-0.02060173,-0.00244569,-0.00921938,-0.01752932,-0.00654127,-0.01372603,-0.02191568,0.00423667,-0.00975989,-0.00756135,-0.00453002,-0.02610107,-0.01364994,0.01181727,-0.00683055,-0.00584851,-0.00920262,-0.02898624,-0.0075507,-0.02057742,-0.01250044,-0.00463203,-0.0214528,-0.02611632,-0.01732071,-0.00922699,-0.01792514,-0.00984819,-0.01368035,-0.01428481,0.03567668,-0.01109969,-0.01860266,-0.00570846,-0.02054083,-0.01370928,-0.00894989,-0.01076625,-0.02875182,-0.00721573,-0.01762063,0.01624627,-0.01958619,0.98954901,-0.01035213,-0.01120626,0.00453964,-0.00658999,0.00824242,-0.02305145,-0.02631576,-0.0178688,-0.013589,-0.01280037,-0.02932883,-0.02482215,-0.0098299,-0.01028515,-0.00345513,-0.00389969,-0.0060236
"Np2_500469",-0.00806684,0.00099065,-0.01065663,-0.00830738,0.00639103,-0.01823268,-0.01578752,-0.00694474,-0.00836829,0.00861237,-0.01262832,-0.02593514,0.05867128,0.00372357,-0.00976596,-0.02505361,-0.02580575,0.00266389,0.00207163,-0.01535057,-0.02431673,-0.00603579,-0.01596415,-0.01793122,0.00381034,0.02141829,-0.00567495,-0.01635084,-0.01412647,-0.02684864,-0.01899551,0.00533439,-0.01226138,-0.01372758,0.00211731,-0.01655336,-0.03371369,-0.00065673,-0.00334398,-0.0125948,0.00312521,-0.02054846,-0.01211067,-0.02000186,-0.0130272,0.00557952,-0.00983298,-0.01362862,-0.01143007,-0.01707711,-0.0144401,0.00212188,0.01662691,-0.00948125,-0.00910822,0.00139258,-0.01047393,-0.02755813,-0.01729029,-0.02854937,-0.02220344,-0.01542515,-0.00455895,-0.00900927,-0.01324797,-0.01722631,-0.02620159,-0.00780495,-0.01556525,-0.01660817,-0.02121073,-0.01501104,-0.02921775,0.01030389,-0.02001404,-0.01038259,-0.01219895,-0.01221875,-0.02189433,-0.01676955,0.02075141,-0.02452067,-0.01035213,0.98988097,-0.00289483,-0.00283089,-0.01396051,-0.00308667,-0.02341837,-0.01480703,-0.02188977,-0.0039073,-0.0102745,0.00212492,-0.01803324,-0.02801028,0.01172898,-0.00564909,-0.0065504,-0.00243198
"Np2_502705",-0.00572368,-0.00762835,-0.02764944,-0.0085525,-0.01121084,-0.01634627,-0.0300398,-0.0099304,-0.02779716,-0.00472642,0.00143827,-0.01780639,-0.03429524,-0.02712419,-0.01290387,-0.00383118,-0.02194005,-0.01676496,-0.01141942,-0.02351277,0.01258769,0.00589924,-0.01407773,0.00435692,-0.00754916,-0.00151238,-0.00911736,0.01263637,-0.01071753,-0.00821451,-0.01254153,6.495e-05,-0.02225063,-0.01686548,-0.03131874,0.00116726,-0.00442192,-0.00486041,0.00600278,-0.00507507,-0.0181307,-0.01927105,0.0007379,-0.00456503,-0.00642098,-0.02679076,-0.00505377,-0.01920256,0.00933555,-0.00986187,-0.00752938,-0.00969441,-0.02076766,0.00123577,-0.00767857,-0.01834076,-0.01848388,0.01558855,0.0174826,-0.00534762,-0.03006115,-0.01475676,0.0003725,-0.03407144,-0.00938229,-0.00422551,-0.01609355,-0.00850682,-0.01718062,-0.00863168,-0.02297836,-0.00764357,-0.00099168,-0.00105562,-0.01173304,-0.00590789,-0.01853414,-0.01611792,-0.00950255,0.00353933,-0.00339725,-0.02111173,-0.01120626,-0.00289483,0.97994955,-0.0198237,-0.00491826,0.00458532,-0.0069158,-0.00180623,-0.01025924,-0.01952984,-0.01600071,0.00781761,0.00318916,-0.03175717,-0.01363773,-0.00361043,-0.00100995,-0.0023726
"Np2_503704",-0.01921016,0.00126622,-0.02438821,0.00627987,-0.01845499,-0.02161114,-0.01962274,-0.01199797,-0.01677107,-0.0387669,-0.01326625,0.00798814,-0.01428631,-0.0234062,-0.03567771,-0.00559426,-0.00010405,-0.02522711,0.06233446,0.0109601,-0.0213006,-0.01154577,-0.03258853,0.01020644,-0.00169965,-0.02672226,0.00358348,-0.02627612,0.00259233,-0.01469739,-0.00958479,-0.00839721,-0.02157768,-0.01116821,-0.00872151,-0.01475525,-0.01364534,-0.01210457,0.00576221,-0.01658227,-0.02248207,0.01718112,0.00643518,-0.00480559,-0.00087597,0.00281005,0.00033901,-0.00543592,0.00681122,-0.0231961,-0.01507802,-0.01983137,0.0060926,-0.015448,-0.00670112,-0.01279576,-0.03608115,0.00179758,-0.02508407,0.00461273,-0.01385849,-0.01591083,-0.01372299,-0.00995171,0.00773388,-0.00781561,-0.00674224,-0.02184104,-0.00722031,-0.01678933,-0.01027752,-0.00377332,-0.01371693,-0.00738626,0.00325158,-0.02046013,0.01913602,-0.00950714,-0.02131424,-0.01055614,1.623e-05,0.00392149,0.00453964,-0.00283089,-0.0198237,0.98190477,-0.02586509,-0.02108137,-0.01674821,-0.00600534,-0.02602949,-0.0015002,-0.03238,-0.00886615,-0.00847028,-0.01372754,-0.00154588,-0.01557442,-0.01221264,-0.010987
"Np2_501409",-0.00293442,0.0120609,-0.01846564,-0.02159746,-0.00309276,-0.01096875,-0.01415692,0.00549579,-0.02135388,-0.00696149,0.01534195,-0.02247751,-0.00379617,-0.00971878,-0.02031552,-0.01672391,-0.01077694,-0.00819016,-0.01167521,-0.00900014,-0.00822214,-0.0059277,0.00408897,0.0007516,-0.01572206,-0.01790689,-0.00495784,-0.01213196,-0.00975531,-0.01121084,-0.00594597,-0.00156111,-0.00773798,-0.00570237,9.387e-05,-0.01842455,-0.03208309,-0.02186397,-0.01389353,-0.00928942,-0.00133425,-0.00597642,-0.00119266,-0.00086227,-0.01687765,0.00675339,-0.01596723,-0.0180881,-0.02000034,-0.00250507,-0.00930769,-0.02822049,-0.02650455,0.00965836,-0.01904876,-0.0007831,-0.01676042,-0.01572664,-0.00226147,-0.01443406,-0.00352059,-0.01562157,-0.03063822,0.00784656,-0.0327804,-0.00661283,0.00252991,-0.01607071,-0.03113912,-0.00675595,0.00493245,-0.00287504,-0.01023036,0.01756785,-0.01275011,-0.01697359,-0.00417375,-0.01363319,-0.01752319,0.01074391,-0.01172239,-0.0303504,-0.00658999,-0.01396051,-0.00491826,-0.02586509,0.99786327,-0.02033536,-0.00290853,-0.00251877,-0.006861,-0.00501722,-0.00696911,0.00558257,-0.00391797,-0.02120312,-0.0143503,-0.03538252,-0.02593056,0.0046797
"Np2_502844",-0.02174979,-0.01116976,-0.00150173,-0.01772724,-0.01262073,-0.00770753,0.01041963,0.00327596,-0.01794042,0.01776733,-0.01504459,-0.00185953,-0.02535205,-0.02533683,-0.00609213,-0.02290234,-0.00842922,-0.01771811,-0.00978425,-0.00421639,-0.00694019,0.03037229,-0.03360568,-0.01699796,0.0077887,-0.01144838,-0.01281102,-0.01785361,-0.01395446,-0.02134782,0.00477564,-0.00576022,-0.00599927,-0.0067042,-0.00791155,-0.00861648,-0.01755522,-0.0100766,-0.02037645,-0.00831198,-0.02319468,-0.02463954,-0.03538555,-0.01115148,-0.01361645,-0.00642861,-0.01103123,-0.01802418,-0.01201931,-0.01172853,-0.00315366,-0.00699348,-0.0032983,-0.01144076,-0.030556,-0.01320383,-0.00740911,-0.00378704,-0.03295257,-0.03005217,-0.01959541,-0.01479639,0.03595999,-0.01127328,-0.01962281,0.01278716,-0.01141337,0.0078968,-0.01113017,-0.01491364,-0.00459549,-0.01042371,-0.01717006,-0.00870783,-0.02197358,-0.00747002,-0.00045575,0.00820284,-0.01289171,-0.00578763,-0.00876568,-0.01764958,0.00824242,-0.00308667,0.00458532,-0.02108137,-0.02033536,1.02068028,0.00689955,-0.0105242,0.00127231,0.00037554,-0.00675292,-0.01201475,-0.01344592,-0.02875182,-0.02311702,-0.02587895,-0.0015063,-0.01718065
"Np2_504910",-0.01482834,-0.0047051,0.00465838,-0.01126258,-0.01133264,-0.00839872,-0.00077701,-0.00578914,9.539e-05,-0.02022566,-0.01497451,-0.02249574,-0.02254139,-0.01080279,6.799e-05,-0.00745477,0.00336425,-0.02815338,-0.0226556,-0.01465171,-0.00884941,-0.0222369,-0.00643469,-0.00322521,0.010447,-0.00346121,-0.01806975,-0.0071259,-0.01160059,-0.02219123,-0.01190207,-0.00766944,-0.02267693,-0.01196296,-0.008755,-0.00580589,-0.027077,-0.0046777,-0.02228563,-0.02498961,-0.00729035,-0.00142712,0.00609718,-0.00803637,-0.00821755,-0.00377028,-0.01887828,0.006863,-0.01940957,-0.01485574,-0.013589,-0.02443241,0.00438433,-0.00984818,-0.03200839,-0.01587429,-0.0027715,0.00206858,-0.00776081,-0.02115141,-0.01115145,-0.0185326,-0.02395736,0.00965529,-0.01635542,-0.02185627,-0.01667211,-0.02080876,-0.01273487,0.01195278,-0.01594432,-0.00380681,-0.01664321,-0.00422246,-0.01246385,-0.01623057,-0.00571453,0.00126926,-0.0141919,-0.03083912,-0.03381713,-0.019102,-0.02305145,-0.02341837,-0.0069158,-0.01674821,-0.00290853,0.00689955,0.97787859,-0.02035052,0.02357109,-0.00259946,0.01448018,0.00571654,-0.02799201,-0.01208625,-0.00812621,-0.00677728,0.08884906,-0.01543579
"Np2_501685",-0.00012689,-0.0245649,-0.01687613,-0.00478275,0.00869765,-0.00694321,-0.00921786,-0.02047235,0.03367613,-0.00643774,-0.02158837,-0.02941412,-0.00525169,0.01364279,-0.00152151,-0.01300285,-0.01070995,-0.03446274,-0.0097812,-0.01365296,-0.02261913,-0.03357058,0.00461272,-0.01988767,-0.0177866,-0.00215793,-0.02925116,-0.00323435,-0.01181985,-0.02332402,-0.00344295,0.00018066,-0.01193405,-0.01187772,-0.02694,-0.01424675,-0.00400171,-0.00032939,-0.01961212,-0.01805304,0.01974356,-0.01976437,-0.00934729,-0.02348084,-0.00980708,-0.01388591,-0.00021824,0.00024917,-0.01277751,0.00289075,-0.02324788,-0.00851295,-0.02750332,-0.02239986,-0.01426196,-0.00969897,-0.0072538,-0.0117011,0.02368843,-0.01375805,-0.02081035,0.00439043,-0.0217406,-0.02147111,0.00154332,-0.01750799,-0.01932741,0.01322865,0.0107972,-0.00805922,-0.028496,-0.00600534,-0.00787958,0.00332314,-0.0304966,-0.02162641,-0.00730405,0.01612299,-0.01212739,-0.019335,0.00250403,-0.02236632,-0.02631576,-0.01480703,-0.00180623,-0.00600534,-0.00251877,-0.0105242,-0.02035052,0.99677907,0.00051409,0.00220561,-0.00918591,-0.01749277,-0.0024807,-0.01291452,-0.01839411,-0.01582718,0.01174267,-0.00134338
"Np2_501186",-0.01467,-0.02433954,-0.01391025,-0.02191412,-0.00143017,-0.01889801,-0.02878526,-0.03501544,-0.02227955,-0.00499439,0.0011703,-0.01929237,-0.00533086,-0.01612552,0.01910557,-0.0045559,0.02438114,-0.01307438,-0.02249726,-0.01236185,-0.01112711,0.00212948,0.00240201,-0.02164159,-0.00309732,0.00065569,-0.01364836,-0.02645579,-0.0185981,0.05729036,-0.01783382,-0.02730385,-0.0117087,-0.00708481,-0.00174533,-0.01067186,0.00231371,-0.02294189,-0.00766336,0.00485783,-0.02129146,-0.01512372,-0.02084536,-0.01229334,-0.01810783,0.01069975,0.00015934,-0.01109666,-0.00387381,0.0090539,-0.00734059,-0.02153354,-0.02316716,0.0038606,-0.00551051,0.00072724,-0.02012212,-0.00325414,-0.01201779,-0.01627325,-0.0062733,-0.0043671,-0.01435941,6.952e-05,-0.00218991,-0.00814752,-0.0294552,-0.0308513,0.00234416,-0.01483747,-0.00071306,-0.02831328,-0.0275993,-0.01380824,-0.01809108,-0.01561548,0.01454105,-0.0096868,-0.01921013,-0.00708176,-0.02102191,-0.02442474,-0.0178688,-0.02188977,-0.01025924,-0.02602949,-0.006861,0.00127231,0.02357109,0.00051409,0.98398181,0.00456247,-0.01337588,-0.0008242,-0.01169499,-0.01086216,-0.01664624,-0.02778204,-0.00508421,0.00390626
"Np2_501297",-0.02059107,-0.02066872,-0.00628091,-0.0069767,-0.01252781,0.00091146,-0.00608298,0.0024553,-0.02287179,-0.00817492,0.00636362,-0.0230819,-0.01597172,-0.01900154,-0.00249745,-0.00164636,-0.00422551,0.00414681,-0.01349764,-0.00229648,-0.01628692,-0.01384021,-0.01463345,-0.02010232,-3.554e-05,-0.01546626,-0.02505049,-0.01639041,-0.00609668,-0.00481168,-0.02405938,-0.00384031,-0.01047393,-0.01909596,-0.00995017,-0.00669656,-0.01137221,-0.00769991,0.00301103,0.0111169,-0.02645127,-0.01145291,-0.01108447,0.01543324,0.0056602,-0.0003979,-0.01383112,-0.01625647,-0.01451467,-0.02899232,-0.00945536,-0.01725373,-0.00685947,-0.01667667,-0.00488475,-0.01980999,-0.01416754,-0.03140398,-0.00149564,-0.01914929,-0.01204212,-0.01394221,-0.00353277,-0.01955422,-0.00065064,-0.00995779,0.00740654,-0.00662651,-0.01225527,-0.01954052,-0.02322956,0.00656914,0.00362918,-0.00983294,-0.01030949,-0.00813838,-0.00462593,-0.01210608,-0.01614833,-0.03020726,0.01051093,-0.01633864,-0.013589,-0.0039073,-0.01952984,-0.0015002,-0.00501722,0.00037554,-0.00259946,0.00220561,0.00456247,0.97533559,-0.00315823,0.00528262,-0.01974756,-0.00627785,-0.02637361,-0.01619409,-0.01633409,-0.00977965
"Np2_503375",-0.01553941,-0.00374137,-0.01325713,-0.03679074,-0.01417523,-0.03149085,-0.01671326,-0.01274252,-0.02101743,0.00479391,-0.01035674,-0.03097171,-0.0209687,-0.03008863,0.03467952,-0.019737,-0.01104949,-0.01988161,-0.00677119,-0.02130062,-0.00210008,-0.00391645,-0.00668897,-0.02692633,-0.02543426,-0.02000648,-0.012843,-0.00829369,-0.01809724,-0.03295097,-0.03819156,-0.00487869,-0.00694476,-0.01099924,-0.0319994,0.02241103,-0.01378088,-0.00828154,0.02831233,0.00612002,-0.02033385,0.006997,-0.01120936,-0.00935643,-0.01562769,-0.01194167,-0.02156864,0.01315562,0.00195593,-0.00962896,-0.00014059,-0.01616061,-0.01002938,-0.01116823,-0.00166007,-0.00364392,-0.01688073,-0.01584695,0.01406154,-0.008312,0.01204113,-0.02198422,-0.02969279,-0.02287643,-0.00321153,-0.02013132,-0.01342462,0.02095851,0.00056129,0.00713098,-0.01574188,0.00309477,-0.01872456,-0.022138,-0.00541004,-0.02653354,0.00286183,-0.00050752,-0.00926963,0.00575157,-0.01915079,0.00134996,-0.01280037,-0.0102745,-0.01600071,-0.03238,-0.00696911,-0.00675292,0.01448018,-0.00918591,-0.01337588,-0.00315823,1.01863674,-0.02666295,-0.00754005,0.0059297,-0.00152914,-0.01373069,-0.01493647,-0.01325407
"Np2_503891",-0.02673905,-0.00945995,0.01330173,-0.00703456,-0.03207397,0.00679144,-0.02441108,-0.00658543,-0.03267382,-0.02010845,-0.00602667,-0.0228353,-0.00719899,0.02494141,-0.01290845,-0.00657629,-0.01844284,-0.00809119,-0.02055911,-0.00737866,0.00420926,-0.01953141,0.02261044,0.00024156,-0.00466095,-0.01841693,-0.01917056,-0.00655192,-0.02366354,0.00715837,-0.00447674,-0.02277742,0.0037799,-0.00864845,-0.02325398,-0.02456792,0.0022726,-0.01795868,-0.00694322,-0.00629766,-0.0024533,-0.00861799,-0.01479639,-0.00959392,-0.00079223,-0.01050439,0.0072741,-0.01083327,0.00537245,0.00398849,-0.01727808,-0.02248818,-0.01940199,-0.02693545,-0.02077681,0.02367617,-0.01559568,-0.00131598,-0.00962287,-0.01692339,0.006018,-0.00562623,-0.01196449,-0.00453915,-0.02765711,-0.02326159,-0.01609814,-0.02617262,-0.00667982,-0.00117591,-0.02054692,-0.01724001,0.00768214,-0.00227821,-0.01965473,0.02986677,-0.02295403,-0.02419187,-0.02458007,-0.01412646,-0.01512522,-0.01837579,-0.02932883,0.00212492,0.00781761,-0.00886615,0.00558257,-0.01201475,0.00571654,-0.01749277,-0.0008242,0.00528262,-0.02666295,0.99349296,-0.023155,-0.0215609,-0.02490897,-0.01884026,-0.00284155,-0.0010069
"Np2_500546",-0.0138585,-0.01302264,-0.02527888,-0.01501255,-0.01614837,0.01769266,-0.00300445,-0.01486793,-0.00213205,-0.01499277,-0.0018245,-0.01574033,-0.00741214,-0.01394375,-0.00398648,0.00539073,0.00524761,-0.01332863,-0.01437767,-0.01063684,-0.0129039,-0.01213195,-0.01307744,-0.00971571,-0.00624437,-0.02350213,-0.0202972,0.00465381,-0.01276228,-0.00432143,-0.01108448,-0.0143122,-0.01774854,0.0010348,-0.01783379,-0.01762521,0.02109094,-0.01467002,-0.00167529,-0.01427565,-0.00510249,0.00030398,0.0084373,-0.01346111,-0.00633419,-0.00873826,-0.01943096,-0.01987704,-0.02011451,-0.00475078,-0.0241903,0.00424732,-0.00347643,-0.00963959,-0.00759179,-0.00120179,-0.01398181,-0.04081012,-0.00739997,-0.02170409,-0.00470054,-0.00644838,-0.03394967,0.00103327,0.00151439,0.00103784,-0.01387525,-0.00141646,-0.01541907,-0.02544485,-0.02289158,-0.01227659,0.01112303,-0.00477514,-0.0181931,0.03589592,-0.02438518,-0.00263296,-0.03012201,-0.0105333,-0.01944915,-0.01021508,-0.02482215,-0.01803324,0.00318916,-0.00847028,-0.00391797,-0.01344592,-0.02799201,-0.0024807,-0.01169499,-0.01974756,-0.00754005,-0.023155,0.9828641,-0.00396058,0.01857423,-0.01951015,-0.00077091,-0.0140092
"Np2_502681",-0.00967613,-0.03457086,-0.00252181,-0.02331482,-0.00952997,0.01639394,-0.02074634,-0.00170269,-0.00875957,-0.02603558,-0.0133241,-0.00318411,-0.02408827,-0.01524245,-0.00924372,-0.00900166,-0.00625198,-0.02406694,0.00579114,-0.00280043,-0.0142026,-0.02576304,-0.01833469,0.00116572,-0.01089261,-0.0106414,-0.02053013,-0.01796013,-0.01512674,0.01021406,-0.01771201,-0.02215772,-0.02163552,-0.01274858,-0.00969287,0.01335349,0.00502379,0.00915287,-0.01454514,0.01837779,0.00593122,-0.00875958,-0.03473074,-0.02024088,-0.00595813,-0.01597479,0.00134691,-0.00320999,0.00416509,-0.00802876,0.01485773,-0.0119721,-0.01512826,-0.00804551,0.00831394,-0.00965632,-0.0061454,-0.02810164,-0.02057435,-0.02620008,-0.00736951,-0.00317954,-0.01271507,-0.00757353,-0.0102897,0.00095715,-0.02080727,0.00017761,-0.01108446,-0.0142589,0.00671683,-0.00915998,-0.00890271,0.00717206,-0.01720801,-0.01260089,0.01009529,-0.00393167,-0.01254149,0.00506794,0.00391692,-0.01623359,-0.0098299,-0.02801028,-0.03175717,-0.01372754,-0.02120312,-0.02875182,-0.01208625,-0.01291452,-0.01086216,-0.00627785,0.0059297,-0.0215609,-0.00396058,0.97493663,-0.00312625,-0.01045569,-0.01562003,-0.01683042
"Np2_502270",-0.01211067,0.01993692,-0.02718512,-0.01707101,-0.01820685,-0.01329364,-0.03140252,-0.0201237,-0.00144997,-0.01354943,-0.02565505,-0.01475377,-0.00261925,-0.00869412,-0.02050889,-0.00900015,-0.01310183,-0.00305469,-0.00242894,-0.01132504,-0.02044345,-0.00048772,-0.01300438,0.00497355,-0.01637219,-0.0249516,0.00596319,-0.00608299,-0.01055768,-0.0177988,-0.02075557,-0.01378239,-0.01112864,0.0023259,-0.00588507,0.01365955,-0.017508,-0.01779426,-0.004495,-0.0151161,-0.02695376,-0.01454366,-0.02087432,-0.02419796,0.00272175,0.00549427,-0.02620927,0.00897171,-0.01562615,-0.00239393,-0.02076771,-0.00100844,-0.00035831,-0.00926203,-0.00401693,0.00952893,-0.01771505,-0.01926955,-0.0252927,0.00729695,-0.00767251,-0.01520593,-0.01119106,-0.02660353,-0.01165847,-0.02157464,-0.02187156,-0.01702534,0.00064046,-0.00481778,0.00138954,-0.01600983,0.01454568,-0.02129754,-0.01629302,-0.02295254,0.00370225,-0.01519683,-0.00812469,-0.00863321,-0.00658694,0.00432191,-0.01028515,0.01172898,-0.01363773,-0.00154588,-0.0143503,-0.02311702,-0.00812621,-0.01839411,-0.01664624,-0.02637361,-0.00152914,-0.02490897,0.01857423,-0.00312625,1.0031107,0.00477109,-0.0090717,0.00585661
"Np2_501418",-0.01776537,-0.01525472,-0.026293,-0.02698879,0.00141239,-0.01712132,-0.02137525,-0.00019997,0.03476485,-0.00306536,-0.01182142,-0.0051832,0.02948471,-0.01252177,-0.00926357,-0.0205927,0.02265623,-0.0143427,-0.00153675,-0.02215632,0.00374337,-0.02091089,-0.00617436,-0.02093067,0.00979388,-0.01248828,-0.00395451,-0.0391431,-0.0058592,-0.01233907,-0.0157526,-0.01867582,-0.02256894,-0.02494867,-0.00697217,-0.0076771,-0.01829063,-0.01218228,-0.014565,-0.02031405,-0.01037959,0.00157377,-0.01221729,-0.01264814,-0.00917526,0.00867027,-0.00156568,-0.02500196,-0.02493491,-0.00409003,-0.02078909,-0.02676048,-0.0081445,-0.01141491,-0.01972025,-0.02139961,-0.00251117,0.00369921,-0.02013749,-0.01875961,0.00235483,-0.00731016,-0.00603581,-0.01551049,-0.01746542,-0.01169961,0.04860008,-0.01902599,-0.00455744,-0.02447969,-0.02055613,-0.02029426,-0.02247306,-0.01385854,-0.01189905,-0.0159703,-0.00819475,-0.00897582,0.01758464,-0.00439148,0.00618093,-0.01381742,-0.00345513,-0.00564909,-0.00361043,-0.01557442,-0.03538252,-0.02587895,-0.00677728,-0.01582718,-0.02778204,-0.01619409,-0.01373069,-0.01884026,-0.01951015,-0.01045569,0.00477109,1.0431166,-0.0156399,0.01679749
"Np2_503005",-0.01668735,-0.01082716,-0.00146366,-0.0102288,-0.01638894,-0.01147574,-0.01283687,-0.02439586,-0.01135547,-0.01538558,-0.01789929,-0.02679079,-0.00841396,-0.01677259,-0.02371529,-0.01372909,0.02449533,-0.00854489,-0.01157319,-0.01818549,-0.00705437,-0.02500943,-0.01803782,0.01577429,-0.02110111,-0.01689136,-0.01505671,-0.017511,-0.01604788,5.57e-06,-0.0053872,-0.01303024,0.02098743,-0.00986342,0.00948325,-0.0244126,-0.0048802,-0.00166463,0.0023472,-0.01664774,-0.0128034,-0.00754917,-0.01981767,-0.01385393,-0.01373059,-0.00654279,-0.01114539,-0.00976445,0.00309171,-0.02919941,-0.01468675,-0.01928783,-0.02290073,-0.01794952,-0.03112687,-0.01636302,-0.00295573,0.00706092,-0.0080973,-0.01037347,-0.01529424,-0.00760245,-0.01424523,-0.01062618,-0.03313513,0.01876301,-0.00863474,-0.01642545,-0.02007495,-0.00619718,-0.03165825,-0.01403967,0.00037706,-0.00273192,-0.01645439,-0.00347339,-0.00970506,-0.01398792,-0.0116356,-0.01595042,-0.01968972,-0.02233128,-0.00389969,-0.0065504,-0.00100995,-0.01221264,-0.02593056,-0.0015063,0.08884906,0.01174267,-0.00508421,-0.01633409,-0.01493647,-0.00284155,-0.00077091,-0.01562003,-0.0090717,-0.0156399,0.98649436,0.00874026
"Np2_502366",-0.01820224,-0.0144736,0.00935383,-0.01737701,-0.01348852,-0.00750957,-0.02927245,-0.02286571,-0.00434427,-0.019032,-0.01865292,-0.02145434,-0.01586667,-0.01524245,-0.01548605,-0.00930616,0.00684169,0.0016636,-0.00319172,0.00085361,-0.01191881,-0.0173892,-0.0230545,-0.01771349,0.00189654,-0.00013602,-0.02387968,-0.00806377,0.00984256,0.00107895,0.00253752,7.104e-05,-0.01234816,-0.01320534,-0.01456493,-0.01618337,-0.01827075,-0.01962278,-0.01454514,-0.01907615,-0.01675434,-0.0105866,0.01140164,-0.0223724,-0.02453285,0.01203956,-0.01022426,-0.02467753,-0.00207723,-0.01061704,-0.02944755,0.00020807,-0.01177872,0.00108961,0.0093797,-0.01407162,-0.02456786,0.00935231,-0.00778517,-0.00320999,0.00420163,-0.02053623,-0.00160069,0.01267597,-0.02521039,-0.01716083,5.124e-05,-0.01550431,-0.02585288,-0.00877784,-0.00287504,-0.03306352,-0.02367117,-0.02023326,-0.01918729,-0.00133425,-0.00208485,-0.01276228,-0.02578739,-0.01107074,-0.01724606,-0.01288405,-0.0060236,-0.00243198,-0.0023726,-0.010987,0.0046797,-0.01718065,-0.01543579,-0.00134338,0.00390626,-0.00977965,-0.01325407,-0.0010069,-0.0140092,-0.01683042,0.00585661,0.01679749,0.00874026,0.97691621
