"","solution","std.error","z.ratio"
"vm(ID, ginv)_Np1_504215",1.46425072197752,0.825861359700716,1.77299822152734
"vm(ID, ginv)_Np1_503536",0.74783566233826,0.826755196070742,0.904543044776063
"vm(ID, ginv)_Np1_503106",1.38817066103759,0.857572391802069,1.61872125817919
"vm(ID, ginv)_Np1_504560",0.341553655335577,0.839858081889589,0.406680203120888
"vm(ID, ginv)_Np1_501649",0.917372199661317,0.775269284001304,1.18329491260971
"vm(ID, ginv)_Np1_503793",0.22094932794399,0.802121391698962,0.275456221752172
"vm(ID, ginv)_Np1_504658",0.613643040002101,0.817408785299559,0.750717451338888
"vm(ID, ginv)_Np1_504630",0.854180671834628,0.826926492279691,1.03295840659283
"vm(ID, ginv)_Np1_503873",1.47165783068377,0.793971903408379,1.8535389279724
"vm(ID, ginv)_Np1_501959",0.635407419134882,0.785814595295593,0.808597120667969
"vm(ID, ginv)_Np1_503929",0.0478766141555434,0.767633215043308,0.0623691278820475
"vm(ID, ginv)_Np1_503443",1.50637188721384,0.721790904588133,2.08699206049625
"vm(ID, ginv)_Np1_503258",0.00549207172761899,0.765025400625381,0.00717894036345644
"vm(ID, ginv)_Np1_500182",0.0913127842076718,0.818738537652854,0.111528626061069
"vm(ID, ginv)_Np1_502926",1.04085384209232,0.754095371717346,1.38026817446436
"vm(ID, ginv)_Np1_504397",0.0403359705391759,0.894553743183629,0.0450906061782539
"vm(ID, ginv)_Np1_504275",1.06902554657242,0.791535139182141,1.35057244290759
"vm(ID, ginv)_Np1_500107",0.331652947159762,0.819547841695989,0.404677958120703
"vm(ID, ginv)_Np1_503464",0.503880816942527,0.785353245686923,0.64159767558075
"vm(ID, ginv)_Np1_503354",1.42117865167239,0.773792282627694,1.83664102573659
"vm(ID, ginv)_Np1_501470",0.39760685866996,0.786209392228294,0.505726416652252
"vm(ID, ginv)_Np1_504933",0.94978793850397,0.783460613928535,1.21229825931059
"vm(ID, ginv)_Np1_501123",0.179264149586501,0.774986949115623,0.23131247537919
"vm(ID, ginv)_Np1_504548",0.916846291707027,0.791687369524152,1.15809134640875
"vm(ID, ginv)_Np1_502407",1.26027791022394,0.813319689043808,1.54954801562176
"vm(ID, ginv)_Np1_501049",0.428419404617789,0.79563452955872,0.538462558752197
"vm(ID, ginv)_Np1_504915",1.50932645943776,0.741385864120127,2.03581769289467
"vm(ID, ginv)_Np1_502846",0.0686458949379545,0.869915841053742,0.0789109609210044
"vm(ID, ginv)_Np1_503328",0.747173560333672,0.831607198890795,0.898469327021529
"vm(ID, ginv)_Np1_503445",0.293861442082678,0.755527278602248,0.388948818137093
"vm(ID, ginv)_Np1_501804",0.763901596484448,0.780986353270111,0.978124128911951
"vm(ID, ginv)_Np1_503223",-0.153976641025622,0.828900849036771,-0.185760023294163
"vm(ID, ginv)_Np1_503246",0.858843312563968,0.822325859130296,1.04440752169984
"vm(ID, ginv)_Np1_503901",0.350084851668665,0.836752015344074,0.418385429911047
"vm(ID, ginv)_Np1_503102",1.0734563240119,0.793162484185705,1.35338766698472
"vm(ID, ginv)_Np1_500457",1.22738813139825,0.79659627002174,1.54079070865441
"vm(ID, ginv)_Np1_500098",-0.0345632668818235,0.833349600135893,-0.0414751106572648
"vm(ID, ginv)_Np1_500336",0.404218646040719,0.77231777125196,0.523383846762277
"vm(ID, ginv)_Np1_503557",1.56363271546603,0.864467371125363,1.80878164716674
"vm(ID, ginv)_Np1_503504",0.915731162994694,0.779581474082355,1.17464459256501
"vm(ID, ginv)_Np1_501695",-0.997566468716966,0.800469599863591,-1.24622655112319
"vm(ID, ginv)_Np1_503139",0.870684116471706,0.830106031243903,1.04888301457947
"vm(ID, ginv)_Np1_502993",0.322972505497795,0.767169499359447,0.420992369701172
"vm(ID, ginv)_Np1_500570",0.906963804060756,0.799469117018102,1.13445758535814
"vm(ID, ginv)_Np1_500295",0.914672789339302,0.813446300003822,1.12444151425239
"vm(ID, ginv)_Np1_504973",0.767737981171522,0.883238746015516,0.869230414352809
"vm(ID, ginv)_Np1_504964",0.196802627826823,0.86570089997994,0.227333283159788
"vm(ID, ginv)_Np1_502147",1.65806668925154,0.800262925636838,2.07190241623661
"vm(ID, ginv)_Np1_503363",0.707372229654638,0.836669360428914,0.84546209423996
"vm(ID, ginv)_Np1_502663",0.054946415265755,0.808946043832511,0.0679234612551383
"vm(ID, ginv)_Np1_500315",-0.0774614631633567,0.768651781681972,-0.100775754391481
"vm(ID, ginv)_Np1_500051",0.332650143268169,0.85759312124497,0.387888073058771
"vm(ID, ginv)_Np1_502173",1.38829922329657,0.771137593914361,1.80032621188839
"vm(ID, ginv)_Np1_501894",1.34370549457648,0.777827393044792,1.72751115040648
"vm(ID, ginv)_Np1_502854",0.978031919548718,0.80103848516285,1.22095496990995
"vm(ID, ginv)_Np1_503180",0.277374487660693,0.813383441665207,0.341013196792936
"vm(ID, ginv)_Np1_501184",0.670323280727035,0.805612399506202,0.832066737227366
"vm(ID, ginv)_Np1_501774",-0.43742267827837,0.819281564642449,-0.533910070915938
"vm(ID, ginv)_Np1_503087",0.250677482549375,0.892070446057167,0.281006375289459
"vm(ID, ginv)_Np1_503803",0.578001889130883,0.817617005179681,0.706934769542691
"vm(ID, ginv)_Np1_503933",0.325603391437444,0.835550020483403,0.389687491419207
"vm(ID, ginv)_Np1_503222",0.406854801008383,0.796078551450624,0.511073687724669
"vm(ID, ginv)_Np1_502651",0.927034159371971,0.778840216639683,1.19027515473157
"vm(ID, ginv)_Np1_502973",1.01886264755253,0.819431305824878,1.24337774296637
"vm(ID, ginv)_Np1_503911",-0.151823292934212,0.809598869225171,-0.187529032840072
"vm(ID, ginv)_Np1_500259",0.712899119447985,0.840715579874096,0.847967061053808
"vm(ID, ginv)_Np1_502095",0.148393921068855,0.829988470205173,0.178790340343128
"vm(ID, ginv)_Np1_502930",0.539869180022848,0.841377342894342,0.641649296337949
"vm(ID, ginv)_Np1_504827",0.372202262915296,0.830252432741547,0.448300117214062
"vm(ID, ginv)_Np1_501538",0.480797478925529,0.799206081023456,0.601593869643514
"vm(ID, ginv)_Np1_502421",0.243377640180556,0.829762812695985,0.293309891039581
"vm(ID, ginv)_Np1_500178",-0.336967108931827,0.760345397093887,-0.443176364609752
"vm(ID, ginv)_Np1_500157",0.321009425045115,0.814239575551964,0.394244439454452
"vm(ID, ginv)_Np1_503553",0.700081167145669,0.833301239826675,0.840129755826698
"vm(ID, ginv)_Np1_501929",0.552741253389052,0.902247831222929,0.612626857345673
"vm(ID, ginv)_Np1_503983",0.461541097848519,0.875335918174745,0.527273116829167
"vm(ID, ginv)_Np1_500039",0.184649906873547,0.915109603469061,0.20177900676986
"vm(ID, ginv)_Np1_503448",-0.477159746905494,0.870348424490715,-0.548239915738003
"vm(ID, ginv)_Np1_501933",0.463691802299336,0.825784014890754,0.561517047966445
"vm(ID, ginv)_Np1_504360",0.434402451211949,0.773206538954347,0.561819422530255
"vm(ID, ginv)_Np1_503722",0.611390969456443,0.915774690432906,0.66762160588586
"vm(ID, ginv)_Np1_504026",0.224597866365139,0.801317717595981,0.280285661271726
"vm(ID, ginv)_Np1_501531",1.08033987800009,0.821952449015691,1.3143581228985
"vm(ID, ginv)_Np1_503689",0.827578373184718,0.715088127598428,1.15730962554795
"vm(ID, ginv)_Np1_500079",0.120779044598131,0.823520298131957,0.146661891482337
"vm(ID, ginv)_Np1_500677",0.767909999622823,0.825614035680869,0.930107733681565
"vm(ID, ginv)_Np1_503172",1.65572835813755,0.826672668212611,2.00288266662726
"vm(ID, ginv)_Np1_503331",0.482408607828305,0.780929974720371,0.61773606270017
"vm(ID, ginv)_Np1_501873",0.275714133933105,0.829344408337011,0.332448294293035
"vm(ID, ginv)_Np1_503535",0.678902210048858,0.881097350312105,0.770518955491553
"vm(ID, ginv)_Np1_504533",0.914481316914263,0.779301386454591,1.17346296671519
"vm(ID, ginv)_Np1_500114",1.71962228598124,0.795795239537709,2.16088536415498
"vm(ID, ginv)_Np1_503046",-0.393730145307899,0.773627619213954,-0.508940135446494
"vm(ID, ginv)_Np1_502827",-0.203284466054558,0.812947924878764,-0.250058410672337
"vm(ID, ginv)_Np1_502917",1.13397842531454,0.810272443687136,1.39950264154903
"vm(ID, ginv)_Np1_503643",1.01114065370573,0.829005832519721,1.21970270176799
"vm(ID, ginv)_Np1_501573",0.787030110703596,0.864876119662736,0.909991723451103
"vm(ID, ginv)_Np1_501158",0.516534727297711,0.857923228399542,0.60207569884931
"vm(ID, ginv)_Np1_500080",0.864187398431608,0.836889934947692,1.03261774618621
"vm(ID, ginv)_Np1_504188",0.316698599456786,0.893608938108764,0.354404019421569
"vm(ID, ginv)_No_506001",-0.296382838669116,0.875918730116049,-0.338367965518729
"vm(ID, ginv)_No_506002",0.145765729582787,0.860253606441252,0.169445066537761
"vm(ID, ginv)_No_506003",1.77985587341045,0.863689603116777,2.06075871121699
"vm(ID, ginv)_No_506004",0.182025477040027,0.857047766727248,0.212386618467154
"vm(ID, ginv)_No_506005",0.613707505795908,0.868183633950192,0.70688674814517
"vm(ID, ginv)_No_506006",0.441276793042645,0.85855943967166,0.513973491703036
"vm(ID, ginv)_No_506007",1.09182719633891,0.8601132772133,1.26939930502683
"vm(ID, ginv)_No_506008",0.379306116327077,0.884641741094481,0.428768052316635
"vm(ID, ginv)_No_506009",1.02179988518131,0.874034457672926,1.16906132957481
"vm(ID, ginv)_No_506010",1.32596640260577,0.852732893979474,1.55496101061358
"vm(ID, ginv)_No_506011",1.00964328786357,0.876555247366386,1.15183074985524
"vm(ID, ginv)_No_506012",1.0059838973928,0.869740205486604,1.15664872228135
"vm(ID, ginv)_No_506013",1.02274046945331,0.86743707262117,1.17903707569571
"vm(ID, ginv)_No_506014",1.10127552878775,0.855631400103759,1.28709106357504
"vm(ID, ginv)_No_506015",1.62270312638565,0.860096158034282,1.88665315061315
"vm(ID, ginv)_No_506016",0.281475581412622,0.86099965610132,0.326917182159129
"vm(ID, ginv)_No_506017",0.234577678807245,0.860874317241371,0.272487718717104
"vm(ID, ginv)_No_506018",0.933400256036636,0.855952787411975,1.09048100521856
"vm(ID, ginv)_No_506019",0.981000435364629,0.868350691366129,1.12972839789103
"vm(ID, ginv)_No_506020",-0.454195138705557,0.86911893406091,-0.522592617541256
"vm(ID, ginv)_No_506021",1.0156035260904,0.861298561614326,1.17915386296114
"vm(ID, ginv)_No_506022",0.579509130009792,0.856241963092682,0.676805336562399
"vm(ID, ginv)_No_506023",0.998514204998772,0.8553651232034,1.16735435887223
"vm(ID, ginv)_No_506024",0.383791285403004,0.877662665838608,0.437287924326017
"vm(ID, ginv)_No_506025",1.68099102009946,0.875305636135018,1.92046178009548
"vm(ID, ginv)_No_506026",0.514096404168809,0.897702689391208,0.572680031199919
"vm(ID, ginv)_No_506027",0.619666953100921,0.891852203235838,0.694809017517288
"vm(ID, ginv)_No_506028",-0.0640562680573671,0.83767986557174,-0.076468673403827
"vm(ID, ginv)_No_506029",1.04253016027454,0.856127794369827,1.21772726820756
"vm(ID, ginv)_No_506030",0.911332135247586,0.872642902651708,1.04433569846075
"vm(ID, ginv)_No_506031",0.553626112390534,0.878326272481402,0.630319426545739
"vm(ID, ginv)_No_506032",0.953198982090553,0.885619070656446,1.07630810319387
"vm(ID, ginv)_No_506033",0.685859680362932,0.852761974496659,0.804280327775824
"vm(ID, ginv)_No_506034",0.882223208414607,0.865751652077169,1.01902572902739
"vm(ID, ginv)_No_506035",0.617950698769187,0.851622664723828,0.725615609313993
"vm(ID, ginv)_No_506036",1.2980679574681,0.835910843732881,1.55287847645497
"vm(ID, ginv)_No_506037",-0.826024426796561,0.832277259689846,-0.992487079491256
"vm(ID, ginv)_No_506038",1.34079978813256,0.869983887668289,1.54117772425205
"vm(ID, ginv)_No_506039",0.73840077319104,0.89176085783869,0.828025548217781
"vm(ID, ginv)_No_506040",0.378707762459031,0.864361704320207,0.438135748687377
"vm(ID, ginv)_No_506041",0.561613010264654,0.832650194211816,0.674488535724506
"vm(ID, ginv)_No_506042",0.251899636727866,0.883471361351341,0.28512484699285
"vm(ID, ginv)_No_506043",1.08636315428527,0.860502295372668,1.26247560306017
"vm(ID, ginv)_No_506044",1.69571107807646,0.863712329061655,1.96328224227005
"vm(ID, ginv)_No_506045",1.6876200215073,0.844121739197562,1.99926141353922
"vm(ID, ginv)_No_506046",0.0741698552770923,0.854179898700698,0.0868316561767759
"vm(ID, ginv)_No_506047",0.708321171142949,0.89854023882981,0.788302115512837
"vm(ID, ginv)_No_506048",1.02974862047721,0.871344486108902,1.18179277759096
"vm(ID, ginv)_No_506049",-0.23917719114223,0.871567301411064,-0.274421941661881
"vm(ID, ginv)_No_506050",1.25847942041715,0.850163295951222,1.4802796432291
"vm(ID, ginv)_No_506051",0.897749790109349,0.852360393193144,1.05325141486944
"vm(ID, ginv)_No_506052",0.505449673819705,0.857142744828674,0.589691363392144
"vm(ID, ginv)_No_506053",1.88316546644682,0.843475345664311,2.23262656831263
"vm(ID, ginv)_No_506054",0.786674501255573,0.860648611041781,0.914048417859333
"vm(ID, ginv)_No_506055",0.0403219779071769,0.850321972450902,0.0474196589216152
"vm(ID, ginv)_No_506056",0.0715053338520024,0.845753900836794,0.084546265504959
"vm(ID, ginv)_No_506057",1.52461172302821,0.868623292779007,1.75520474261113
"vm(ID, ginv)_No_506058",1.20469927305415,0.877868646346684,1.37230014771299
"vm(ID, ginv)_No_506059",0.542541211514437,0.860734632166104,0.630323436793859
"vm(ID, ginv)_No_506060",0.486758486873691,0.848509090338227,0.573663255251234
"vm(ID, ginv)_No_506061",1.0886402777121,0.867458153432886,1.25497728438416
"vm(ID, ginv)_No_506062",1.60656021007774,0.886613041944921,1.81201960051649
"vm(ID, ginv)_No_506063",1.454798148942,0.876530955983554,1.65972249925796
"vm(ID, ginv)_No_506064",0.300727536567472,0.850907702611336,0.353419690108074
"vm(ID, ginv)_No_506065",0.411048325477609,0.858259012076268,0.478932722749064
"vm(ID, ginv)_No_506066",0.373906108042908,0.877843642856919,0.425937023165128
"vm(ID, ginv)_No_506067",0.536073280185876,0.847823756332983,0.632293299381592
"vm(ID, ginv)_No_506068",0.489902622569025,0.861422632148268,0.568713433204415
"vm(ID, ginv)_No_506069",-0.0544651725907682,0.847797869150517,-0.0642431109733051
"vm(ID, ginv)_No_506070",-0.0478259222095304,0.899320110635418,-0.0531800875393955
"vm(ID, ginv)_No_506071",0.731985077900628,0.877134400336431,0.834518720984915
"vm(ID, ginv)_No_506072",0.593301749394783,0.858038555723163,0.691462808328866
"vm(ID, ginv)_No_506073",-0.547183928248836,0.86581818211303,-0.631984797216239
"vm(ID, ginv)_No_506074",1.05009797935953,0.865842441475983,1.21280492738315
"vm(ID, ginv)_No_506075",0.517081486591623,0.863675210154058,0.598699002255012
"vm(ID, ginv)_No_506076",0.963220784198431,0.855609710726639,1.12577121568712
"vm(ID, ginv)_No_506077",0.790453369255058,0.864289624460729,0.91457000857584
"vm(ID, ginv)_No_506078",0.00194477798597105,0.8363851293923,0.00232521827281182
"vm(ID, ginv)_No_506079",0.934280928039507,0.875183590190454,1.06752564663169
"vm(ID, ginv)_No_506080",0.794711206225122,0.877910531756487,0.90523029110392
"vm(ID, ginv)_No_506081",1.29851994130657,0.895745613421801,1.44965258199384
"vm(ID, ginv)_No_506082",0.566023577751786,0.870143078299856,0.650494834548038
"vm(ID, ginv)_No_506083",1.98066654965307,0.863421488374099,2.29397412077715
"vm(ID, ginv)_No_506084",1.33395652324267,0.875908064783038,1.52294125020197
"vm(ID, ginv)_No_506085",-0.0422566788281216,0.844206209360033,-0.0500549253957218
"vm(ID, ginv)_No_506086",-0.110753243993148,0.884444145671251,-0.125223559379311
"vm(ID, ginv)_No_506087",0.22479274403068,0.840743151320314,0.267373862847009
"vm(ID, ginv)_No_506088",0.36373052013424,0.87652473318415,0.41496891800522
"vm(ID, ginv)_No_506089",0.644398130306888,0.863931132702852,0.745890622428267
"vm(ID, ginv)_No_506090",0.345890539127419,0.867020091453897,0.398941780630941
"vm(ID, ginv)_No_506091",0.7189090401277,0.866718796368261,0.829460539150742
"vm(ID, ginv)_No_506092",0.493232123385826,0.876039649128329,0.563024885776116
"vm(ID, ginv)_No_506093",0.415686668857467,0.852686693021546,0.487502235298708
"vm(ID, ginv)_No_506094",1.44062264275176,0.872397590630672,1.65133725519612
"vm(ID, ginv)_No_506095",0.722765458078848,0.865722696499397,0.834869480725634
"vm(ID, ginv)_No_506096",0.314774079872164,0.876960805306033,0.358937455320272
"vm(ID, ginv)_No_506097",1.01246867252811,0.883546176080107,1.14591483720746
"vm(ID, ginv)_No_506098",0.5136345668634,0.887630508776971,0.578658081019675
"vm(ID, ginv)_No_506099",0.813980740920728,0.87569814795496,0.9295220537141
"vm(ID, ginv)_No_506100",0.806218896725607,0.837518156492748,0.962628559721961
"vm(ID, ginv)_No_506101",1.09868112677354,0.848966009357892,1.29414030086378
"vm(ID, ginv)_No_506102",0.0691819508930497,0.864492458621657,0.0800260895315999
"vm(ID, ginv)_No_506103",1.5319401819698,0.854796910262721,1.79216860002332
"vm(ID, ginv)_No_506104",0.677882631633769,0.85333918767525,0.794388258999945
"vm(ID, ginv)_No_506105",0.00831091755972468,0.829829110852823,0.0100152157245767
"vm(ID, ginv)_No_506106",0.320975890090785,0.890124385905472,0.3605966707274
"vm(ID, ginv)_No_506107",0.173890783440195,0.884657043582135,0.196562933287775
"vm(ID, ginv)_No_506108",0.259764852712578,0.864891483597483,0.300343866992534
"vm(ID, ginv)_No_506109",0.433090871821679,0.883336635063201,0.490289720397131
"vm(ID, ginv)_No_506110",0.635953255860298,0.886365902569446,0.717483890136976
"vm(ID, ginv)_No_506111",0.506604036370098,0.857935151272209,0.590492224987948
"vm(ID, ginv)_No_506112",-0.0290303502365589,0.866611386545451,-0.0334986946713011
"vm(ID, ginv)_No_506113",0.729753631882844,0.885931049538088,0.823713800598057
"vm(ID, ginv)_No_506114",0.131303124497418,0.86655895566962,0.151522436688633
"vm(ID, ginv)_No_506115",1.31011565503554,0.848914845898813,1.54328277019166
"vm(ID, ginv)_No_506116",-0.283362620240962,0.878717196474013,-0.322473056607971
"vm(ID, ginv)_No_506117",0.501705409815156,0.854830495606504,0.58690630761739
"vm(ID, ginv)_No_506118",0.63932009906655,0.848587407174554,0.753393337753175
"vm(ID, ginv)_No_506119",0.174168075802299,0.854018970492575,0.203939352426614
"vm(ID, ginv)_No_506120",0.854287662360133,0.859038100483084,0.994470049558595
"vm(ID, ginv)_No_506121",0.799762512426772,0.862272746564595,0.927505265141602
"vm(ID, ginv)_No_506122",0.363999424777775,0.845001232795,0.430767921573059
"vm(ID, ginv)_No_506123",0.434976425084247,0.88114120928819,0.493651211064833
"vm(ID, ginv)_No_506124",0.695016996346151,0.883172409832452,0.786955059520036
"vm(ID, ginv)_No_506125",-0.267386444234106,0.839161956783016,-0.318635088343555
"vm(ID, ginv)_No_506126",0.218073432395102,0.876924783752076,0.248679745897974
"vm(ID, ginv)_No_506127",1.17088790820654,0.897355140024485,1.30482108585749
"vm(ID, ginv)_No_506128",0.909355173005426,0.863794980139445,1.05274422046146
"vm(ID, ginv)_No_506129",0.301329489784502,0.849918474835101,0.354539286656835
"vm(ID, ginv)_No_506130",0.460488875955543,0.880790287730301,0.522813298886585
"vm(ID, ginv)_No_506131",0.638361823437308,0.845882299073138,0.75466979760279
"vm(ID, ginv)_No_506132",1.36623789314319,0.864338625012267,1.58067434869499
"vm(ID, ginv)_No_506133",0.194928844196893,0.87618478297679,0.222474582969397
"vm(ID, ginv)_No_506134",0.775428627611064,0.841077258857796,0.921946966755606
"vm(ID, ginv)_No_506135",0.625401639473507,0.84643664105916,0.738864091104245
"vm(ID, ginv)_No_506136",0.78771061981057,0.868864176481048,0.906598109500665
"vm(ID, ginv)_No_506137",0.671138763056475,0.872815639408424,0.768935308619537
"vm(ID, ginv)_No_506138",0.67745242559445,0.852890327760226,0.794301920826687
"vm(ID, ginv)_No_506139",0.616377506307101,0.875420332055919,0.704093203843624
"vm(ID, ginv)_No_506140",0.733686707930767,0.84138877661669,0.871994883127627
"vm(ID, ginv)_No_506141",0.630679935504161,0.884236262033015,0.713248214967023
"vm(ID, ginv)_No_506142",1.37834945513854,0.86729241651508,1.58925574453536
"vm(ID, ginv)_No_506143",1.08026931964812,0.883692778900424,1.22244896126943
"vm(ID, ginv)_No_506144",1.34760118120373,0.869575689508663,1.54972269517466
"vm(ID, ginv)_No_506145",0.438345580278437,0.868857563495639,0.50450798691889
"vm(ID, ginv)_No_506146",0.726792437264737,0.848864462835038,0.85619373773452
"vm(ID, ginv)_No_506147",0.558841268014962,0.876739699081768,0.637408421907039
"vm(ID, ginv)_No_506148",0.423027913439147,0.88330039815527,0.478917381134006
"vm(ID, ginv)_No_506149",0.17172642074748,0.882981414867906,0.194484751157724
"vm(ID, ginv)_No_506150",0.848108002035724,0.874550575657067,0.969764386008806
"vm(ID, ginv)_No_506151",0.972124179725259,0.851617563478541,1.14150320685554
"vm(ID, ginv)_No_506152",0.152161555660538,0.877856886732533,0.173332986230703
"vm(ID, ginv)_No_506153",-0.0371869199397191,0.831578126102184,-0.0447184921926982
"vm(ID, ginv)_No_506154",-0.0778066763058601,0.880735376664907,-0.0883428534465048
"vm(ID, ginv)_No_506155",0.904104340371809,0.878296373173912,1.02938412133553
"vm(ID, ginv)_No_506156",0.547904160742438,0.869672631842487,0.630011961606345
"vm(ID, ginv)_No_506157",-0.291303255290753,0.855678829653902,-0.340435272202045
"vm(ID, ginv)_No_506158",1.10905772149127,0.877754046198257,1.26351764061338
"vm(ID, ginv)_No_506159",1.49793625930918,0.822216728706906,1.82182654160415
"vm(ID, ginv)_No_506160",0.314862598245168,0.882604909673362,0.35674240511725
"vm(ID, ginv)_No_506161",0.800162932855706,0.869254698899445,0.920516085640704
"vm(ID, ginv)_No_506162",1.01918493531859,0.877526484655352,1.16142925956118
"vm(ID, ginv)_No_506163",1.00400595221405,0.861390894659994,1.16556369290431
"vm(ID, ginv)_No_506164",1.27152759529308,0.831319465003601,1.52952943942864
"vm(ID, ginv)_No_506165",0.916762554041307,0.879558178260107,1.04229893678528
"vm(ID, ginv)_No_506166",-0.0458264310954906,0.854972622707798,-0.0535998813042141
"vm(ID, ginv)_No_506167",0.497917549548179,0.847807803991972,0.587300030978358
"vm(ID, ginv)_No_506168",1.27555553687156,0.877165687869206,1.45417856000514
"vm(ID, ginv)_No_506169",0.840440148326019,0.862991016305411,0.973868942372152
"vm(ID, ginv)_No_506170",0.130190696666973,0.874123995247098,0.148938477120938
"vm(ID, ginv)_No_506171",0.345189026950491,0.866711142259146,0.398274592444642
"vm(ID, ginv)_No_506172",0.317074296469565,0.878576646510356,0.360895429817036
"vm(ID, ginv)_No_506173",0.677171707266017,0.869372306039715,0.778920265301253
"vm(ID, ginv)_No_506174",0.815285948520823,0.866079468160845,0.941352356790209
"vm(ID, ginv)_No_506175",1.66225833857833,0.885880816270308,1.87639048961088
"vm(ID, ginv)_No_506176",1.75247582996638,0.834872594751319,2.0990937311679
"vm(ID, ginv)_No_506177",0.644019109134942,0.888115708014978,0.72515225586358
"vm(ID, ginv)_No_506178",1.64407103523399,0.863184256553866,1.90465827284397
"vm(ID, ginv)_No_506179",1.01934833535737,0.867472818844669,1.17507812719132
"vm(ID, ginv)_No_506180",0.923641659279273,0.878476457674793,1.05141310414172
"vm(ID, ginv)_No_506181",0.158903685043664,0.87649181980521,0.181295114743887
"vm(ID, ginv)_No_506182",0.376606521321188,0.85914037071974,0.438352723438765
"vm(ID, ginv)_No_506183",0.823228053111086,0.864760808861087,0.951971972683752
"vm(ID, ginv)_No_506184",0.771892729412466,0.86802498650534,0.889251739768573
"vm(ID, ginv)_No_506185",0.7877540029851,0.851821533690235,0.92478761316636
"vm(ID, ginv)_No_506186",0.339509962172168,0.871278016527217,0.389668918223604
"vm(ID, ginv)_No_506187",0.668287489002321,0.878838177621369,0.760421549745464
"vm(ID, ginv)_No_506188",0.0863805938115322,0.870852632098946,0.0991908281925221
"vm(ID, ginv)_No_506189",0.98892522299861,0.894278910163839,1.10583534036091
"vm(ID, ginv)_No_506190",-0.113217109429196,0.849272975074415,-0.133310623029393
"vm(ID, ginv)_No_506191",0.828906111608985,0.865220280217447,0.958028990490912
"vm(ID, ginv)_No_506192",0.722432273087052,0.842766507822235,0.857215214868785
"vm(ID, ginv)_No_506193",0.945113373130285,0.856648307076307,1.10326882726927
"vm(ID, ginv)_No_506194",-0.618057927149359,0.86741260286285,-0.712530490229784
"vm(ID, ginv)_No_506195",0.122292708821022,0.856857377307887,0.142722362040282
"vm(ID, ginv)_No_506196",0.100593961023779,0.857650293286228,0.117290184369128
"vm(ID, ginv)_No_506197",1.57468140643533,0.856692961359332,1.83809308289023
"vm(ID, ginv)_No_506198",0.0707650613922865,0.866762010228276,0.0816430122192935
"vm(ID, ginv)_No_506199",0.419911163121959,0.882121853117382,0.47602398879249
"vm(ID, ginv)_No_506200",-0.599983217470452,0.862782985157767,-0.695404554554051
"vm(ID, ginv)_No_506201",-0.0199920873441706,0.879018184275396,-0.0227436561629845
"vm(ID, ginv)_No_506202",0.245564481437943,0.865117808273243,0.283850914973169
"vm(ID, ginv)_No_506203",1.03084488191998,0.871684882181277,1.18258891830317
"vm(ID, ginv)_No_506204",0.547283178398172,0.886721512328052,0.617198489930962
"vm(ID, ginv)_No_506205",0.769826043674622,0.867298529998,0.887613684386618
"vm(ID, ginv)_No_506206",-0.100794896563962,0.83976458113968,-0.120027563471621
"vm(ID, ginv)_No_506207",0.417767396927614,0.873387399418089,0.478330002477663
"vm(ID, ginv)_No_506208",-0.52943412097581,0.874702199678127,-0.605273567587496
"vm(ID, ginv)_No_506209",0.498107222459419,0.85882647875063,0.579985870002559
"vm(ID, ginv)_No_506210",-0.152981845369289,0.855938599338519,-0.178729929328477
"vm(ID, ginv)_No_506211",0.381340206418429,0.846736707025485,0.450364562271128
"vm(ID, ginv)_No_506212",0.95100246499919,0.834883683667848,1.13908378328967
"vm(ID, ginv)_No_506213",0.701990879455546,0.867513019063129,0.809199244310664
"vm(ID, ginv)_No_506214",0.626236200774462,0.897863654648883,0.697473605855398
"vm(ID, ginv)_No_506215",0.0421848699648656,0.873147384244931,0.0483135730874871
"vm(ID, ginv)_No_506216",-0.258834047189174,0.875483796246239,-0.295646873533196
"vm(ID, ginv)_No_506217",0.971550211123702,0.885960701983541,1.09660643970837
"vm(ID, ginv)_No_506218",0.705223544005375,0.887301130992762,0.794796173894574
"vm(ID, ginv)_No_506219",-0.0779119717900102,0.834191225270955,-0.0933982154567779
"vm(ID, ginv)_No_506220",0.256763556045019,0.838611706696703,0.306176927885269
"vm(ID, ginv)_No_506221",0.398641456926532,0.891392395174949,0.447212090976267
"vm(ID, ginv)_No_506222",0.617253325617606,0.855190203394639,0.721773148438145
"vm(ID, ginv)_No_506223",0.658111560831911,0.867601336914103,0.758541432373411
"vm(ID, ginv)_No_506224",-0.185099887129289,0.861024322565646,-0.214976374392928
"vm(ID, ginv)_No_506225",1.46610053413842,0.853204173127085,1.71834665173402
"vm(ID, ginv)_No_506226",-0.0459152650893988,0.854323147859793,-0.05374461081199
"vm(ID, ginv)_No_506227",1.20851790176655,0.895187422834827,1.35001662326698
"vm(ID, ginv)_No_506228",0.423592561645544,0.860069665659144,0.492509593767511
"vm(ID, ginv)_No_506229",1.10771064136329,0.86358393672508,1.28269018708708
"vm(ID, ginv)_No_506230",-0.251086776966569,0.808805934367464,-0.310441313914115
"vm(ID, ginv)_No_506231",-0.360748026884447,0.887055395347833,-0.406680381830033
"vm(ID, ginv)_No_506232",0.413676521488616,0.878774090758732,0.470742737910546
"vm(ID, ginv)_No_506233",2.08153223330761,0.853263443971018,2.4394953844739
"vm(ID, ginv)_No_506234",0.939653484259655,0.864197636924824,1.08731318405745
"vm(ID, ginv)_No_506235",-0.571065284056697,0.882354930825235,-0.6472058625236
"vm(ID, ginv)_No_506236",0.0342043044986852,0.880399056148305,0.0388509100047506
"vm(ID, ginv)_No_506237",1.47935337381373,0.844981786808658,1.7507517876817
"vm(ID, ginv)_No_506238",1.62448635813438,0.864582358448121,1.87892609912866
"vm(ID, ginv)_No_506239",-0.284458726282855,0.857373449596788,-0.331779257238059
"vm(ID, ginv)_No_506240",0.67264268189327,0.88002056278301,0.764348823584394
"vm(ID, ginv)_No_506241",1.02723224647113,0.880236902093743,1.16699520779888
"vm(ID, ginv)_No_506242",0.656772741980857,0.864612606604909,0.75961504257938
"vm(ID, ginv)_No_506243",-0.0289961870775247,0.869737638194686,-0.0333390045505126
"vm(ID, ginv)_No_506244",0.376103179930221,0.845807971825865,0.444667338755768
"vm(ID, ginv)_No_506245",1.09423804508941,0.83070170056635,1.31724546169027
"vm(ID, ginv)_No_506246",1.10681365219672,0.870838373762487,1.27097482787155
"vm(ID, ginv)_No_506247",1.60505826168102,0.879914088243493,1.82410792499649
"vm(ID, ginv)_No_506248",0.969357516124404,0.863636812467631,1.12241338272127
"vm(ID, ginv)_No_506249",0.0411418613830313,0.863264735676264,0.0476584524801671
"vm(ID, ginv)_No_506250",0.866640806706388,0.887578949162419,0.976409825316622
"vm(ID, ginv)_No_506251",-0.37660798514239,0.871724166763553,-0.432026550945147
"vm(ID, ginv)_No_506252",1.7186551532685,0.86740623153229,1.98137284560714
"vm(ID, ginv)_No_506253",0.573087321330537,0.865873209660723,0.661860552949884
"vm(ID, ginv)_No_506254",0.851508676006277,0.867075568100908,0.982046671977247
"vm(ID, ginv)_No_506255",0.825189385667212,0.869095021781078,0.949481201694278
"vm(ID, ginv)_No_506256",-0.00118719407124513,0.865928879766445,-0.00137100644058128
"vm(ID, ginv)_No_506257",0.173096318204554,0.871808649589053,0.198548521267995
"vm(ID, ginv)_No_506258",1.00356344923057,0.864235544499876,1.1612151983535
"vm(ID, ginv)_No_506259",0.0464701094995956,0.908190314070052,0.0511678100720321
"vm(ID, ginv)_No_506260",1.04383850822316,0.868284233994176,1.20218526071978
"vm(ID, ginv)_No_506261",0.542268613959487,0.853495886042284,0.635350003236713
"vm(ID, ginv)_No_506262",1.31099053985593,0.848089825341834,1.54581566796597
"vm(ID, ginv)_No_506263",0.359916597469313,0.866221850832136,0.415501637511868
"vm(ID, ginv)_No_506264",0.962107958735685,0.890012230097795,1.08100532352232
"vm(ID, ginv)_No_506265",0.876626502720567,0.871711388458265,1.00563846512433
"vm(ID, ginv)_No_506266",-0.049527365857555,0.87435558327981,-0.0566444211081401
"vm(ID, ginv)_No_506267",0.394906778568759,0.852584307061584,0.463187951382542
"vm(ID, ginv)_No_506268",0.656844312867296,0.877529229246372,0.748515594667312
"vm(ID, ginv)_No_506269",0.437747501955902,0.835476367293557,0.523949592223586
"vm(ID, ginv)_No_506270",-0.398359825192184,0.864613276270516,-0.460737576122469
"vm(ID, ginv)_No_506271",0.237503700311086,0.885583076375058,0.268189068475942
"vm(ID, ginv)_No_506272",0.731873107355673,0.877937918806843,0.833627403120168
"vm(ID, ginv)_No_506273",0.534165482554198,0.886617571565577,0.602475632883043
"vm(ID, ginv)_No_506274",0.938862963150152,0.856894802459515,1.09565720372602
"vm(ID, ginv)_No_506275",0.146236422302862,0.872961905605999,0.167517530104989
"vm(ID, ginv)_No_506276",-0.0640862080639089,0.853404755919519,-0.0750947397695926
"vm(ID, ginv)_No_506277",0.583672578206998,0.859821965301727,0.678829573750395
"vm(ID, ginv)_No_506278",0.444205236064658,0.874932322342398,0.507702395626918
"vm(ID, ginv)_No_506279",0.181521644059949,0.845285843825116,0.214745870152659
"vm(ID, ginv)_No_506280",0.212265788757799,0.861011176551473,0.2465308169494
"vm(ID, ginv)_No_506281",-0.257683657503174,0.87241863642811,-0.295366979502171
"vm(ID, ginv)_No_506282",0.323192965743853,0.8565249688252,0.377330466135904
"vm(ID, ginv)_No_506283",1.30140544645283,0.850096725991305,1.53089102294242
"vm(ID, ginv)_No_506284",-0.648121281204544,0.860706249713455,-0.75301100859941
"vm(ID, ginv)_No_506285",0.666745543937108,0.862040176289287,0.77345066074201
"vm(ID, ginv)_No_506286",0.0564810798702031,0.852752530117373,0.0662338461340349
"vm(ID, ginv)_No_506287",0.876716229864461,0.853758243520785,1.02689050034703
"vm(ID, ginv)_No_506288",0.240585740634865,0.863064407267743,0.27875757430028
"vm(ID, ginv)_No_506289",1.41327715339352,0.871205894477496,1.6222079790233
"vm(ID, ginv)_No_506290",-0.0964041421934947,0.852499301980277,-0.113084130355951
"vm(ID, ginv)_No_506291",0.702406138573063,0.856120748753364,0.820452184573109
"vm(ID, ginv)_No_506292",1.16344542604893,0.859175677563989,1.3541414828544
"vm(ID, ginv)_No_506293",1.01932294080779,0.856920791530058,1.18951827389759
"vm(ID, ginv)_No_506294",0.911945102876536,0.898265760352706,1.01522861398887
"vm(ID, ginv)_No_506295",0.598629533961808,0.864434546788833,0.692509960627526
"vm(ID, ginv)_No_506296",-0.24354662080741,0.84928702161703,-0.286765974998299
"vm(ID, ginv)_No_506297",1.00935502448632,0.874696827545625,1.15394842269926
"vm(ID, ginv)_No_506298",0.109809229601602,0.872468475645968,0.125860398016444
"vm(ID, ginv)_No_506299",0.815786464720596,0.852321783155157,0.957134360335936
"vm(ID, ginv)_No_506300",0.0464740249317893,0.839624493363652,0.0553509637928831
"vm(ID, ginv)_No_506301",0.303029402062404,0.847559513271315,0.357531709947783
"vm(ID, ginv)_No_506302",0.104296307766058,0.860151070928703,0.121253476617136
"vm(ID, ginv)_No_506303",1.25080490712468,0.87355367883765,1.43185809576006
"vm(ID, ginv)_No_506304",1.33266792392355,0.85432462941332,1.55990811693994
"vm(ID, ginv)_No_506305",-0.110947284799545,0.859475220837665,-0.129087240806563
"vm(ID, ginv)_No_506306",0.589095651186769,0.871334617463747,0.676084295722681
"vm(ID, ginv)_No_506307",0.792705217369947,0.868336117568165,0.912901353901958
"vm(ID, ginv)_No_506308",0.263728280344192,0.862998407384104,0.305595326813635
"vm(ID, ginv)_No_506309",0.0879654590553615,0.858032506723306,0.102519960917667
"vm(ID, ginv)_No_506310",-0.04705722145276,0.882601356198922,-0.0533165070756522
"vm(ID, ginv)_No_506311",-0.0330307969450459,0.8904072091096,-0.0370962820236781
"vm(ID, ginv)_No_506312",1.10477796261429,0.825201280656151,1.33879816780682
"vm(ID, ginv)_No_506313",0.436525952962115,0.848424774125424,0.51451344453266
"vm(ID, ginv)_No_506314",-0.559353005333817,0.884541566070832,-0.632364861968538
"vm(ID, ginv)_No_506315",0.0135076837454805,0.874649866816593,0.015443532615678
"vm(ID, ginv)_No_506316",0.6586585120426,0.85065847060523,0.774292544896397
"vm(ID, ginv)_No_506317",0.686681001946504,0.868231235169184,0.790896450313374
"vm(ID, ginv)_No_506318",0.347025427361998,0.828766650071639,0.418725134912223
"vm(ID, ginv)_No_506319",0.149333355119479,0.880525134712208,0.169595789185833
"vm(ID, ginv)_No_506320",0.340853718614605,0.826946072038313,0.412183732579375
"vm(ID, ginv)_No_506321",0.905124456440536,0.840762868649961,1.07655141561368
"vm(ID, ginv)_No_506322",1.20895172218299,0.88244857824167,1.3699967930051
"vm(ID, ginv)_No_506323",-0.112250765898536,0.876211990471377,-0.12810914153109
"vm(ID, ginv)_No_506324",1.19290674479696,0.855810938118628,1.39389050976537
"vm(ID, ginv)_No_506325",0.101913717131033,0.867741068298601,0.11744715198378
"vm(ID, ginv)_No_506326",-0.206686989859646,0.868375994498378,-0.238015549910543
"vm(ID, ginv)_No_506327",-0.275597210459336,0.885590125878031,-0.31120176524788
"vm(ID, ginv)_No_506328",1.20282049835973,0.867694708456948,1.38622546229277
"vm(ID, ginv)_No_506329",-0.174697645854742,0.877951303154926,-0.198983298079249
"vm(ID, ginv)_No_506330",-0.0338306067952102,0.850881130412021,-0.0397594982260665
"vm(ID, ginv)_No_506331",-0.325758762978252,0.847568548508782,-0.38434503445343
"vm(ID, ginv)_No_506332",-0.0443059404191116,0.856814136972626,-0.0517100949987326
"vm(ID, ginv)_No_506333",0.494063521037294,0.84536805269243,0.584435997390416
"vm(ID, ginv)_No_506334",1.18343287675991,0.853085729925997,1.38723792374603
"vm(ID, ginv)_No_506335",0.683328028482173,0.844122984642286,0.80951240626595
"vm(ID, ginv)_No_506336",0.651836474359833,0.850736286491014,0.766202740744053
"vm(ID, ginv)_No_506337",0.0994169130024954,0.867004743477191,0.114667092366503
"vm(ID, ginv)_No_506338",0.936831394715423,0.86076098061866,1.0883757695918
"vm(ID, ginv)_No_506339",1.12465572871366,0.881451594830132,1.27591320420765
"vm(ID, ginv)_No_506340",0.902587201241071,0.855943893370646,1.05449341742103
"vm(ID, ginv)_No_506341",-0.782112424190125,0.87295159785951,-0.895940194287834
"vm(ID, ginv)_No_506342",0.518513367131967,0.876028054772008,0.591891280544563
"vm(ID, ginv)_No_506343",0.531897975263493,0.851943388047351,0.62433488272337
"vm(ID, ginv)_No_506344",0.45689982579291,0.840307606633632,0.543729251271808
"vm(ID, ginv)_No_506345",0.242457391012411,0.868168478102887,0.27927458451639
"vm(ID, ginv)_No_506346",0.195688976628025,0.859926986818699,0.227564641681937
"vm(ID, ginv)_No_506347",1.67046003425374,0.866348646986633,1.92816141638126
"vm(ID, ginv)_No_506348",-0.252867442643802,0.883538814686901,-0.286198453809198
"vm(ID, ginv)_No_506349",1.2358032510265,0.850853094066149,1.45242846226334
"vm(ID, ginv)_No_506350",-0.0563398123309536,0.885451226848805,-0.0636283632825932
"vm(ID, ginv)_No_506351",0.0770368998935763,0.884121953895358,0.0871337936516099
"vm(ID, ginv)_No_506352",1.13719169381114,0.880966037601876,1.29084623614635
"vm(ID, ginv)_No_506353",-0.0219066051655099,0.845217045488925,-0.0259183191849117
"vm(ID, ginv)_No_506354",1.22537256806246,0.858206302214336,1.42782984103095
"vm(ID, ginv)_No_506355",0.186326641702787,0.856976893434071,0.217423180403546
"vm(ID, ginv)_No_506356",1.25146292392063,0.856182655715639,1.46167750019953
"vm(ID, ginv)_No_506357",0.168734790029562,0.868952748165694,0.194181778451994
"vm(ID, ginv)_No_506358",1.00667943376953,0.862204410047718,1.16756470047957
"vm(ID, ginv)_No_506359",0.990337708599527,0.896504138888848,1.10466607530332
"vm(ID, ginv)_No_506360",-0.351235769903392,0.871410936589972,-0.403065597590337
"vm(ID, ginv)_No_506361",1.12327833147224,0.867539567327808,1.2947862826962
"vm(ID, ginv)_No_506362",0.480877480159166,0.878987482294448,0.547081147167098
"vm(ID, ginv)_No_506363",0.9125097848844,0.885023258813327,1.03105740532506
"vm(ID, ginv)_No_506364",0.0677405244057677,0.888517329840783,0.0762399585587221
"vm(ID, ginv)_No_506365",-0.308922250304099,0.873270224677901,-0.353753330382978
"vm(ID, ginv)_No_506366",-0.5718468726592,0.855460326654181,-0.66846685327392
"vm(ID, ginv)_No_506367",1.19320585890281,0.871365580803561,1.36935160762541
"vm(ID, ginv)_No_506368",0.5416140226414,0.862583233132753,0.62789769362239
"vm(ID, ginv)_No_506369",0.739207587547271,0.857737291839245,0.861811179926885
"vm(ID, ginv)_No_506370",-0.250056932520172,0.842302372409459,-0.296873119097205
"vm(ID, ginv)_No_506371",0.90208100804024,0.89386009860831,1.00919708737948
"vm(ID, ginv)_No_506372",0.774736987336293,0.886034151581393,0.874387274975285
"vm(ID, ginv)_No_506373",0.600217056918429,0.877717971634242,0.683838176175056
"vm(ID, ginv)_No_506374",0.640832521221054,0.852568761585304,0.75164907523642
"vm(ID, ginv)_No_506375",0.472082263834227,0.874949978635147,0.539553432038067
"vm(ID, ginv)_No_506376",0.208184753526441,0.854015743627053,0.243771564025586
"vm(ID, ginv)_No_506377",-0.100954738661221,0.884633156128175,-0.114120455424795
"vm(ID, ginv)_No_506378",0.47799997790915,0.890830895677488,0.536577682957017
"vm(ID, ginv)_No_506379",0.902232319930783,0.888779915212143,1.01513581088905
"vm(ID, ginv)_No_506380",-0.490251093404237,0.870084462905328,-0.563452301822772
"vm(ID, ginv)_No_506381",-0.0313098541460057,0.867904149074407,-0.0360752442299034
"vm(ID, ginv)_No_506382",0.97331318957454,0.874464334740716,1.11303932122416
"vm(ID, ginv)_No_506383",0.922436498764643,0.84800388950172,1.0877739007856
"vm(ID, ginv)_No_506384",1.00481835762131,0.824488920258022,1.21871662909291
"vm(ID, ginv)_No_506385",-0.190658936500932,0.836480073811649,-0.22793003978223
"vm(ID, ginv)_No_506386",0.0558388871649978,0.873343779992685,0.0639368922573257
"vm(ID, ginv)_No_506387",0.631269189563309,0.835936130429072,0.75516437989023
"vm(ID, ginv)_No_506388",0.351782870014876,0.893246368522427,0.393825133145272
"vm(ID, ginv)_No_506389",0.869135932308354,0.851096103698042,1.02119599482588
"vm(ID, ginv)_No_506390",-0.530078993742017,0.878272797640614,-0.603547092846343
"vm(ID, ginv)_No_506391",1.21214204235618,0.867696777717119,1.39696501529634
"vm(ID, ginv)_No_506392",-0.275443818222473,0.844756548010614,-0.326062957275842
"vm(ID, ginv)_No_506393",0.652951259229819,0.857342448202393,0.761599125995539
"vm(ID, ginv)_No_506394",1.52807885878715,0.878758752890678,1.73890598956827
"vm(ID, ginv)_No_506395",-0.523476387950634,0.881207236126394,-0.594044586210764
"vm(ID, ginv)_No_506396",0.428591989955238,0.881235799182126,0.486353357810717
"vm(ID, ginv)_No_506397",-0.254135048872146,0.881144758388675,-0.288414640673657
"vm(ID, ginv)_No_506398",-0.35302478056966,0.86068266292568,-0.410168341685469
"vm(ID, ginv)_No_506399",0.701751036222847,0.858380129558102,0.817529451181625
"vm(ID, ginv)_No_506400",1.29518205543649,0.841947628338476,1.53831665039836
"vm(ID, ginv)_No_506401",1.12777094789133,0.860012369005862,1.31134270684383
"vm(ID, ginv)_No_506402",1.50335341846345,0.827223817775109,1.81734784004026
"vm(ID, ginv)_No_506403",0.867462711276629,0.82391713421029,1.0528518891746
"vm(ID, ginv)_No_506404",-0.102770214905384,0.866044368348249,-0.118666223881105
"vm(ID, ginv)_No_506405",-0.343321000335053,0.874856342715716,-0.392431286797694
"vm(ID, ginv)_No_506406",1.16601195263924,0.864522633745005,1.34873502106963
"vm(ID, ginv)_No_506407",0.745842005784134,0.876839121001473,0.850603021603642
"vm(ID, ginv)_No_506408",0.658583170094123,0.891748090717084,0.738530507606172
"vm(ID, ginv)_No_506409",0.72372208787673,0.859117822482243,0.842401436610505
"vm(ID, ginv)_No_506410",1.47374565173504,0.877560013236751,1.67936737032873
"vm(ID, ginv)_No_506411",0.708088502615589,0.86481281644623,0.818776605931134
"vm(ID, ginv)_No_506412",1.18443811908343,0.865907575141398,1.36785744008535
"vm(ID, ginv)_No_506413",-0.790981754346744,0.877109827428752,-0.90180468809192
"vm(ID, ginv)_No_506414",1.367275351413,0.89007754679526,1.53613059484076
"vm(ID, ginv)_No_506415",0.660503929938183,0.876648380607184,0.75344225181903
"vm(ID, ginv)_No_506416",0.789049751893121,0.856115237616687,0.921663015938991
"vm(ID, ginv)_No_506417",-0.201991087195828,0.863278509801476,-0.233981368587849
"vm(ID, ginv)_No_506418",0.634148472319481,0.856239135680638,0.740620751719537
"vm(ID, ginv)_No_506419",0.524954305863985,0.872788402247161,0.601468012765052
"vm(ID, ginv)_No_506420",0.220498133995886,0.832587536663162,0.264834776268207
"vm(ID, ginv)_No_506421",1.12575135504447,0.847503338271409,1.32831495075947
"vm(ID, ginv)_No_506422",0.247195764871781,0.850870932727716,0.290520871454996
"vm(ID, ginv)_No_506423",0.503951969257715,0.860186759458706,0.585863434557908
"vm(ID, ginv)_No_506424",-0.208432931466117,0.854188079504407,-0.244012924632533
"vm(ID, ginv)_No_506425",0.181361387770712,0.86281696423053,0.210196826545306
"vm(ID, ginv)_No_506426",0.794601495983257,0.866860581140695,0.916642783476955
"vm(ID, ginv)_No_506427",0.576101805323683,0.864692889375847,0.666250194030768
"vm(ID, ginv)_No_506428",0.878492312005619,0.861407046918708,1.01983413665819
"vm(ID, ginv)_No_506429",0.0307868050225036,0.863144866569618,0.0356681783266105
"vm(ID, ginv)_No_506430",0.391827803557211,0.857234051943531,0.457083806539013
"vm(ID, ginv)_No_506431",1.02866076061997,0.851682291700514,1.20779869517551
"vm(ID, ginv)_No_506432",0.903834031543151,0.822049943890926,1.09948797911855
"vm(ID, ginv)_No_506433",1.24114854200069,0.883457947369566,1.40487563182393
"vm(ID, ginv)_No_506434",0.888324918507493,0.850935723787702,1.04393891768154
"vm(ID, ginv)_No_506435",0.917057383893673,0.866358658833647,1.05851932631259
"vm(ID, ginv)_No_506436",1.51599316724463,0.851901195868503,1.77954107189519
"vm(ID, ginv)_No_506437",1.48520363321088,0.850928969902582,1.74539084429211
"vm(ID, ginv)_No_506438",0.646304899140717,0.863055393701093,0.748856798599135
"vm(ID, ginv)_No_506439",0.820025681417789,0.862524879028452,0.950726989279968
"vm(ID, ginv)_No_506440",-0.00371029655074215,0.875081919962662,-0.00423994195983441
"vm(ID, ginv)_No_506441",0.220513758805273,0.855505632986457,0.257758394921946
"vm(ID, ginv)_No_506442",0.710563382805631,0.850817582793456,0.835153618326347
"vm(ID, ginv)_No_506443",0.256230117094979,0.869136878125832,0.294809855091527
"vm(ID, ginv)_No_506444",0.152019232487638,0.874447123966204,0.173846111813061
"vm(ID, ginv)_No_506445",0.142485540147238,0.874146021323726,0.162999701047053
"vm(ID, ginv)_No_506446",1.05155152820127,0.843703810029041,1.24635152253854
"vm(ID, ginv)_No_506447",-0.499320172317383,0.855026282155512,-0.583982250298322
"vm(ID, ginv)_No_506448",0.78522365742204,0.837259169403815,0.937850173657903
"vm(ID, ginv)_No_506449",1.12934625005955,0.874371028779477,1.29160986913758
"vm(ID, ginv)_No_506450",0.780538032026994,0.87109638813042,0.896040946401137
"vm(ID, ginv)_No_506451",-0.0877872870955253,0.881025520045282,-0.0996421614336589
"vm(ID, ginv)_No_506452",0.188154754745419,0.869634627427676,0.21636069771275
"vm(ID, ginv)_No_506453",1.09437224432488,0.890269658113217,1.22925928605073
"vm(ID, ginv)_No_506454",0.759691638580495,0.861460774755885,0.881864457259557
"vm(ID, ginv)_No_506455",0.463981927405363,0.86633135349347,0.535570974701957
"vm(ID, ginv)_No_506456",0.0827558355422586,0.885692983692093,0.0934362550748491
"vm(ID, ginv)_No_506457",1.09586489220118,0.865251476757812,1.26652761843008
"vm(ID, ginv)_No_506458",0.980806844598133,0.823570519284514,1.19092029356541
"vm(ID, ginv)_No_506459",-0.40998174207377,0.818160939203538,-0.501101583354589
"vm(ID, ginv)_No_506460",-0.787256015442038,0.855613922886249,-0.920106597595304
"vm(ID, ginv)_No_506461",0.663316659399406,0.870505238414756,0.761990428233777
"vm(ID, ginv)_No_506462",-0.19211413218288,0.840195404420572,-0.228654109713167
"vm(ID, ginv)_No_506463",0.345521891307505,0.873605167051599,0.395512646146124
"vm(ID, ginv)_No_506464",0.506736961438352,0.883778980018487,0.573375213594412
"vm(ID, ginv)_No_506465",0.417191872660747,0.875426080213405,0.476558651941289
"vm(ID, ginv)_No_506466",0.392921749580696,0.835965577418463,0.470021446091206
"vm(ID, ginv)_No_506467",0.440094629612165,0.864569398909714,0.509033317819433
"vm(ID, ginv)_No_506468",-0.00249532617803962,0.854968867205026,-0.00291861642424137
"vm(ID, ginv)_No_506469",-1.33376064176615,0.855320990187732,-1.55936853773857
"vm(ID, ginv)_No_506470",0.891110174718484,0.858229414159121,1.03831232071156
"vm(ID, ginv)_No_506471",-0.00490451105234586,0.8736858173925,-0.00561358666320496
"vm(ID, ginv)_No_506472",-0.660429804908882,0.852922669073047,-0.77431381396702
"vm(ID, ginv)_No_506473",1.77079435783092,0.874540739853798,2.02482774916462
"vm(ID, ginv)_No_506474",0.85481599123168,0.837434570348009,1.02075555691049
"vm(ID, ginv)_No_506475",0.994431706491201,0.845101902199227,1.17670035282535
"vm(ID, ginv)_No_506476",0.471195493762149,0.885628058055597,0.532046709085372
"vm(ID, ginv)_No_506477",0.653848423093954,0.863099124455097,0.757558899746017
"vm(ID, ginv)_No_506478",1.07261484555854,0.848327275664556,1.26438802137805
"vm(ID, ginv)_No_506479",0.187594991632223,0.869100606694079,0.215849569298778
"vm(ID, ginv)_No_506480",0.081901236206233,0.8665648854361,0.0945125259316458
"vm(ID, ginv)_No_506481",-0.131408589215132,0.867324730907331,-0.151510252771949
"vm(ID, ginv)_No_506482",-0.504545411187702,0.8464533597998,-0.596069949213783
"vm(ID, ginv)_No_506483",0.204746276884233,0.85266298094685,0.240125678561617
"vm(ID, ginv)_No_506484",0.41624945871932,0.837244662581214,0.497165855242396
"vm(ID, ginv)_No_506485",0.918237025548464,0.857794698951429,1.07046246225457
"vm(ID, ginv)_No_506486",0.433961097250819,0.891231501008528,0.486922978776832
"vm(ID, ginv)_No_506487",0.165406341846455,0.875933153658519,0.188834434631913
"vm(ID, ginv)_No_506488",0.86556353419541,0.861906623948727,1.00424281487701
"vm(ID, ginv)_No_506489",0.499982902818878,0.853653661801341,0.585697602191311
"vm(ID, ginv)_No_506490",-0.431488741371222,0.869151854420812,-0.4964480478026
"vm(ID, ginv)_No_506491",0.345911843643569,0.875409643236452,0.395142829778192
"vm(ID, ginv)_No_506492",-0.226752880002596,0.860209877808161,-0.26360180910776
"vm(ID, ginv)_No_506493",-0.336456515357153,0.865573599773035,-0.388709308423196
"vm(ID, ginv)_No_506494",0.12504003022127,0.873347204656075,0.14317333307377
"vm(ID, ginv)_No_506495",0.371893145347717,0.86536375265062,0.429753550698886
"vm(ID, ginv)_No_506496",0.204333258983839,0.902082885421694,0.226512732129176
"vm(ID, ginv)_No_506497",-0.114752338255588,0.850232475563044,-0.134965837642929
"vm(ID, ginv)_No_506498",0.38049043442908,0.866373109909127,0.439176181805768
"vm(ID, ginv)_No_506499",0.406660872053274,0.840249427249625,0.483976375187056
"vm(ID, ginv)_No_506500",0.194567443452182,0.849670013947086,0.228991773580819
"vm(ID, ginv)_Nr_502546",-0.549117139093393,0.977746606907357,-0.561614977964758
"vm(ID, ginv)_Nr_503619",-0.385458163355508,0.945950673709697,-0.407482307554021
"vm(ID, ginv)_Nr_503295",-0.73073738154061,0.952356609305807,-0.76729386282441
"vm(ID, ginv)_Nr_501444",-0.462505789634065,0.960706132486209,-0.481422751447571
"vm(ID, ginv)_Nr_503099",0.0363105956656658,0.963017831005072,0.037705008668188
"vm(ID, ginv)_Nr_503552",-0.472306841071236,0.971358217105069,-0.486233433510089
"vm(ID, ginv)_Nr_500143",-0.579490471312444,0.966581391976421,-0.599525788643136
"vm(ID, ginv)_Nr_503238",-0.997237604785786,0.961862033520741,-1.03677821769881
"vm(ID, ginv)_Nr_500244",-0.625946116429027,0.969236329079132,-0.645813717098013
"vm(ID, ginv)_Nr_501121",-0.25494836198708,0.963110949125028,-0.264713387609908
"vm(ID, ginv)_Nr_502426",-0.394734816535637,0.966208819927355,-0.408539860529647
"vm(ID, ginv)_Nr_501849",-0.607591661710879,0.958706020750187,-0.63376222591722
"vm(ID, ginv)_Nr_501482",-1.0338290091224,0.968207569400546,-1.06777621018031
"vm(ID, ginv)_Nr_503342",-0.395298754811163,0.939342578853513,-0.420824908515947
"vm(ID, ginv)_Nr_504462",-0.437734113116199,0.968888283539395,-0.451790077920166
"vm(ID, ginv)_Nr_500298",-0.195203487306975,0.975490670831429,-0.200108000151964
"vm(ID, ginv)_Nr_504857",0.112044543291161,0.974829193832581,0.114937615738254
"vm(ID, ginv)_Nr_503689",0.827578373184718,0.715088127598428,1.15730962554795
"vm(ID, ginv)_Nr_500854",-0.923721000184084,0.973099786148651,-0.949256194824583
"vm(ID, ginv)_Nr_500096",-0.977400254202495,0.966713110237788,-1.01105513502561
"vm(ID, ginv)_Nr_504999",-0.288279892729672,0.962707066514981,-0.299447155585189
"vm(ID, ginv)_Nr_501096",-0.501922901996667,0.963019219912507,-0.521197180303699
"vm(ID, ginv)_Nr_500393",-0.105638382126946,0.969127255950636,-0.109003623082836
"vm(ID, ginv)_Nr_503064",-0.163155290524216,0.953172753401648,-0.171170745221109
"vm(ID, ginv)_Nr_500716",-0.166963027186087,0.950098518847521,-0.175732330778302
"vm(ID, ginv)_Nr_502680",0.138288982972088,0.97198531528607,0.142274765675227
"vm(ID, ginv)_Nr_502124",-0.700651618665538,0.973286092177919,-0.71988249323248
"vm(ID, ginv)_Nr_504394",-0.35894521804054,0.935740889341432,-0.383594670414759
"vm(ID, ginv)_Nr_500254",0.0328728789460497,0.952902954781503,0.034497614663801
"vm(ID, ginv)_Nr_500241",-0.846985513758216,0.967732847075319,-0.875226583780817
"vm(ID, ginv)_Nr_502597",-0.310615722438364,0.972125809260822,-0.319522143614876
"vm(ID, ginv)_Nr_502736",-0.620479890232196,0.968294062360446,-0.640796958642533
"vm(ID, ginv)_Nr_504476",-1.11091137248179,0.967745210159992,-1.14793786713564
"vm(ID, ginv)_Nr_500859",0.0145096391278646,0.96112182469771,0.0150965660699965
"vm(ID, ginv)_Nr_504456",-0.408703570260749,0.970240614446627,-0.421239395852184
"vm(ID, ginv)_Nr_501649",0.917372199661319,0.775269284001305,1.18329491260971
"vm(ID, ginv)_Nr_503877",0.164565872378059,0.970244638675207,0.169612761378162
"vm(ID, ginv)_Nr_502306",-0.814835863370345,0.968394051084989,-0.841430058825127
"vm(ID, ginv)_Nr_501390",-0.868301881061595,0.979885611934794,-0.886125758441462
"vm(ID, ginv)_Nr_500621",-0.103406219251538,0.967813244350661,-0.106845220247959
"vm(ID, ginv)_Nr_503806",0.118597978361581,0.963651057182514,0.123071497174853
"vm(ID, ginv)_Nr_502247",-0.551099529757375,0.949296427205366,-0.580534713882531
"vm(ID, ginv)_Nr_504769",-1.72937640223895,0.963452406225803,-1.79497854908428
"vm(ID, ginv)_Nr_501640",-0.887545608397562,0.966726068898307,-0.918094211950879
"vm(ID, ginv)_Nr_503733",-0.459645990651265,0.962513156208158,-0.477547748502525
"vm(ID, ginv)_Nr_503669",-1.04178809415173,0.964004445187066,-1.08068806046799
"vm(ID, ginv)_Nr_501165",-0.997400004371033,0.953741727009193,-1.0457757861751
"vm(ID, ginv)_Nr_501173",-0.663022688301723,0.959053846736444,-0.691329992114537
"vm(ID, ginv)_Nr_504701",-1.18020538459185,0.974502786356052,-1.21108466914187
"vm(ID, ginv)_Nr_504736",-0.16127198157597,0.976599000990776,-0.165136336830528
"vm(ID, ginv)_Nr_502509",-0.650613229579034,0.965007276691486,-0.674205516677192
"vm(ID, ginv)_Nr_504385",-0.0151789328687231,0.974339621695639,-0.0155786878935573
"vm(ID, ginv)_Nr_504820",-0.423534510328844,0.970756272347338,-0.436293354360427
"vm(ID, ginv)_Nr_502452",-0.401289786677224,0.956306139245233,-0.419624814909107
"vm(ID, ginv)_Nr_501746",-1.04981843254575,0.968463096584971,-1.084004580296
"vm(ID, ginv)_Nr_500731",0.64290524848399,0.9684160703938,0.663872965493599
"vm(ID, ginv)_Nr_504790",-0.427031919812206,0.96606081557424,-0.442034200050203
"vm(ID, ginv)_Nr_502689",-0.47585953865456,0.969796621140257,-0.490679724265341
"vm(ID, ginv)_Nr_500597",-0.15502498436148,0.956075188683432,-0.162147272721258
"vm(ID, ginv)_Nr_500010",-0.264598689750602,0.96906866919323,-0.273044313743923
"vm(ID, ginv)_Nr_502634",-0.476064974736568,0.978243221653241,-0.486652975659789
"vm(ID, ginv)_Nr_501139",-0.359044063765971,0.967110164294215,-0.371254565427917
"vm(ID, ginv)_Nr_501848",-0.515642533278706,0.97443432863515,-0.529171148969007
"vm(ID, ginv)_Nr_503735",-0.160638587966972,0.973674421954783,-0.164981830008915
"vm(ID, ginv)_Nr_500149",-0.526515633698127,0.974112051321509,-0.540508284425638
"vm(ID, ginv)_Nr_501196",-0.396074287124672,0.962051252234764,-0.41169769926979
"vm(ID, ginv)_Nr_501034",-0.903255280704445,0.967984189276033,-0.933130200587265
"vm(ID, ginv)_Nr_500342",-0.239137781941682,0.96109244508858,-0.248818709546345
"vm(ID, ginv)_Nr_502938",-0.55606479938083,0.97581224972162,-0.569848143984116
"vm(ID, ginv)_Nr_500432",-0.476039835358513,0.964933616704301,-0.493339466174276
"vm(ID, ginv)_Nr_503022",-0.252441523150114,0.955186186320747,-0.264285148555682
"vm(ID, ginv)_Nr_502993",0.322972505497796,0.767169499359448,0.420992369701172
"vm(ID, ginv)_Nr_503190",-1.10568701778701,0.949678431519609,-1.16427517050984
"vm(ID, ginv)_Nr_504859",-0.289411864005695,0.96708306928951,-0.299262672666081
"vm(ID, ginv)_Nr_502958",-0.15812078800168,0.970665553659808,-0.162899350250454
"vm(ID, ginv)_Nr_502596",-0.394547411777543,0.959757795398281,-0.411090603972446
"vm(ID, ginv)_Nr_501043",-0.869931605011127,0.966321639663104,-0.900250568034901
"vm(ID, ginv)_Nr_502046",-1.20424323788049,0.967579921909227,-1.24459304147638
"vm(ID, ginv)_Nr_504435",-0.28119976695888,0.96366043175411,-0.291803790726391
"vm(ID, ginv)_Nr_504832",-0.892032394677978,0.957944378571538,-0.931194351814198
"vm(ID, ginv)_Nr_502645",-0.48128131753566,0.96751594859632,-0.497440190245863
"vm(ID, ginv)_Nr_503676",-0.411813685883809,0.96913236631804,-0.424930278046935
"vm(ID, ginv)_Nr_501517",-0.911416472537613,0.956772068684091,-0.952595192072383
"vm(ID, ginv)_Nr_504488",-0.747445507219152,0.967563707064683,-0.772502628779548
"vm(ID, ginv)_Nr_500208",-0.320543681815522,0.93750164062421,-0.341912662256352
"vm(ID, ginv)_Nr_503407",-0.307249264722889,0.956380849067176,-0.321262460475416
"vm(ID, ginv)_Nr_501854",-0.774090695700389,0.960498365618163,-0.805926093588087
"vm(ID, ginv)_Nr_503873",1.47165783068377,0.793971903408379,1.8535389279724
"vm(ID, ginv)_Nr_500660",-0.892326288651849,0.963205715734611,-0.926412991612385
"vm(ID, ginv)_Nr_502221",-0.48819512547441,0.966537496382836,-0.505096933436549
"vm(ID, ginv)_Nr_502757",0.124181407977252,0.977996870233351,0.126975261124938
"vm(ID, ginv)_Nr_504649",-1.17267779284529,0.956993856574951,-1.22537651081927
"vm(ID, ginv)_Nr_501733",-0.912334731778589,0.973023828258868,-0.937628355321086
"vm(ID, ginv)_Nr_501693",-0.736381498908007,0.959963061477893,-0.767093577303197
"vm(ID, ginv)_Nr_504455",0.278116368572658,0.92511287153677,0.300629660584723
"vm(ID, ginv)_Nr_503954",-0.426834442371982,0.97145342207841,-0.43937715661012
"vm(ID, ginv)_Nr_504315",-0.456687619407717,0.966593101832314,-0.472471424161833
"vm(ID, ginv)_Nr_500136",-0.133908767765523,0.953198708983555,-0.140483580709332
"vm(ID, ginv)_Nr_504494",-0.797351841970619,0.943136249987643,-0.845425930750796
"vm(ID, ginv)_Nr_500354",-0.356286118958766,0.956512343401089,-0.372484601392505
"vm(ID, ginv)_Nr_503244",-0.391321221504019,0.943735051459038,-0.414651570797361
"vm(ID, ginv)_Nr_504634",0.352962967457272,0.950016976607551,0.371533326401892
"vm(ID, ginv)_Nr_500082",-0.286913686004381,0.969013739911362,-0.2960883568386
"vm(ID, ginv)_Nr_504590",0.110612396237826,0.963906784974831,0.114754245910526
"vm(ID, ginv)_Nr_500538",0.252926135187808,0.965468394268534,0.261972465063895
"vm(ID, ginv)_Nr_500899",-0.913163746933657,0.965366599293829,-0.945924323051617
"vm(ID, ginv)_Nr_503418",-0.493090754161933,0.96645345338461,-0.510206417531111
"vm(ID, ginv)_Nr_503049",-0.480375445103115,0.96824542315969,-0.496129838172123
"vm(ID, ginv)_Nr_502755",-0.0247691284491472,0.972035573602103,-0.0254817098487038
"vm(ID, ginv)_Nr_502741",-0.892982927410383,0.95494552687029,-0.935113995807717
"vm(ID, ginv)_Nr_504909",-0.658608348876882,0.959899008621561,-0.686122543060712
"vm(ID, ginv)_Nr_501176",-0.454048733485344,0.966392001702325,-0.46983908464218
"vm(ID, ginv)_Nr_502379",-0.22255370809482,0.977157315618382,-0.227756272749163
"vm(ID, ginv)_Nr_503492",-0.497918136879189,0.966735918257579,-0.515050829782578
"vm(ID, ginv)_Nr_502418",-0.739636040631986,0.955348846178207,-0.774205195924859
"vm(ID, ginv)_Nr_501497",-0.919489441863829,0.964740841695354,-0.953094760918379
"vm(ID, ginv)_Nr_502401",-0.62577662845731,0.966119632789956,-0.647721676714295
"vm(ID, ginv)_Nr_501331",-0.0755667959562706,0.965946162312505,-0.0782308568578619
"vm(ID, ginv)_Nr_500162",0.343708491812384,0.970214548773031,0.354260294536967
"vm(ID, ginv)_Nr_504288",-0.46678912356271,0.967229340979279,-0.482604387383561
"vm(ID, ginv)_Nr_502794",-0.302696765137264,0.96581333269083,-0.313411251316989
"vm(ID, ginv)_Nr_501599",-0.8425109842136,0.978730047333784,-0.860820597578192
"vm(ID, ginv)_Nr_502446",-0.74632616264055,0.969422344983846,-0.769866886710752
"vm(ID, ginv)_Nr_504920",0.164913389773629,0.972215724093274,0.169626334656779
"vm(ID, ginv)_Nr_503148",0.131679761001143,0.962708145892115,0.136780561754902
"vm(ID, ginv)_Nr_500833",-0.516971204564748,0.970039961923762,-0.532938048799044
"vm(ID, ginv)_Nr_500584",-0.238160584072515,0.971191682452516,-0.245225106820413
"vm(ID, ginv)_Nr_502386",-0.198083693357886,0.96822168538643,-0.204585061817561
"vm(ID, ginv)_Nr_504609",-0.373162200192517,0.967278184634597,-0.385785812313635
"vm(ID, ginv)_Nr_501492",0.269410917088343,0.963885328630103,0.279505153866421
"vm(ID, ginv)_Nr_500711",-0.37417274418961,0.947440008414709,-0.394930276182541
"vm(ID, ginv)_Nr_503632",0.325548669652359,0.962328599408105,0.338292626710452
"vm(ID, ginv)_Nr_504876",-0.635442622827197,0.960318218692324,-0.661700059895236
"vm(ID, ginv)_Nr_502437",-0.273038200191606,0.974149202485131,-0.280283758889361
"vm(ID, ginv)_Nr_503454",-0.40603759257514,0.960798378777111,-0.422604368974829
"vm(ID, ginv)_Nr_504274",-0.412139348096359,0.959337922310808,-0.429608106290239
"vm(ID, ginv)_Nr_504658",0.613643040002101,0.817408785299559,0.750717451338888
"vm(ID, ginv)_Nr_501330",0.0381426303522412,0.95971653483015,0.0397436419692317
"vm(ID, ginv)_Nr_500983",-1.73640243398739,0.967004655342043,-1.79565054252319
"vm(ID, ginv)_Nr_503234",-0.742907840325185,0.970772645295331,-0.765274798301692
"vm(ID, ginv)_Nr_503126",0.645822214861409,0.956757405410854,0.675011461849179
"vm(ID, ginv)_Nr_501651",-0.839017542437954,0.963368351973883,-0.870920806894744
"vm(ID, ginv)_Nr_501580",-0.773491108304711,0.961784067806607,-0.804225328943838
"vm(ID, ginv)_Nr_503940",0.171494074154601,0.968614634206725,0.177050880812937
"vm(ID, ginv)_Nr_500678",-0.544701135033105,0.964386482132655,-0.564816227855607
"vm(ID, ginv)_Nr_500395",0.199413865826731,0.96791770366695,0.206023575218485
"vm(ID, ginv)_Nr_502013",-0.805647073596168,0.970787307903881,-0.82989040651522
"vm(ID, ginv)_Nr_504047",-1.34499595608919,0.979505726221428,-1.37313741010754
"vm(ID, ginv)_Nr_501951",-1.11661383505289,0.9666321961221,-1.15515895242522
"vm(ID, ginv)_Nr_501406",-0.322840207236,0.926233973683952,-0.348551463678182
"vm(ID, ginv)_Nr_502762",-0.335959801964648,0.970048890804413,-0.346332855126563
"vm(ID, ginv)_Nr_502677",-0.904110230424209,0.957428559067128,-0.944310906398207
"vm(ID, ginv)_Nr_503959",0.145480444853408,0.967871891409488,0.150309608270108
"vm(ID, ginv)_Nr_502923",0.06389871693904,0.95239858522696,0.0670924106043403
"vm(ID, ginv)_Nr_503616",-0.239635958857084,0.963606832229161,-0.248686446424131
"vm(ID, ginv)_Nr_502435",-0.405820728852927,0.967830245271006,-0.41930982301477
"vm(ID, ginv)_Nr_500446",-0.408997900149817,0.9635379478609,-0.424475134640843
"vm(ID, ginv)_Nr_502394",0.0506975183193486,0.961139346191103,0.0527473134049269
"vm(ID, ginv)_Nr_501354",-0.635450017955405,0.967853629820965,-0.656555907191205
"vm(ID, ginv)_Nr_500500",-0.790587688188556,0.955464067739566,-0.82743843005936
"vm(ID, ginv)_Nr_501708",-0.184171184445189,0.953251109160339,-0.193203220720524
"vm(ID, ginv)_Nr_500992",-0.935040080800292,0.962578308028229,-0.971391182412632
"vm(ID, ginv)_Nr_502548",0.606173272460827,0.971405849933223,0.624016493726589
"vm(ID, ginv)_Nr_500566",0.0778069104315148,0.94621610571939,0.0822295350514665
"vm(ID, ginv)_Nr_504254",-1.29125959496805,0.962852825525895,-1.3410768091819
"vm(ID, ginv)_Nr_500148",0.0520726214063915,0.978116618312473,0.053237641025087
"vm(ID, ginv)_Nr_503102",1.0734563240119,0.793162484185704,1.35338766698472
"vm(ID, ginv)_Nr_502488",-0.30369303570295,0.962775566769196,-0.315434921891566
"vm(ID, ginv)_Nr_500850",0.129087732403243,0.951761234024448,0.135630374287684
"vm(ID, ginv)_Nr_500938",-0.607064221818441,0.97578513200548,-0.622128993265939
"vm(ID, ginv)_Nr_504613",-0.629036028663098,0.98092417822913,-0.641268757182336
"vm(ID, ginv)_Nr_502650",-0.791542596764384,0.952186989593492,-0.831289027696451
"vm(ID, ginv)_Nr_504921",0.337561840933967,0.967687166318566,0.348833644470221
"vm(ID, ginv)_Nr_503206",-0.890505671347113,0.970791531659357,-0.917298557214428
"vm(ID, ginv)_Nr_502830",-0.721118803823786,0.947400324231834,-0.761155327246145
"vm(ID, ginv)_Nr_502589",-0.811236452986482,0.968671251000445,-0.837473448446659
"vm(ID, ginv)_Nr_503368",-0.872773606291775,0.9574050226245,-0.911603329486691
"vm(ID, ginv)_Nr_500443",-0.726443199116499,0.967397303662716,-0.750925391631827
"vm(ID, ginv)_Nr_502773",-0.625873434373949,0.960023432682994,-0.651935581014736
"vm(ID, ginv)_Nr_503970",0.105944660342035,0.964990124655083,0.109788336310594
"vm(ID, ginv)_Nr_503220",-0.889796150590436,0.964692915307403,-0.922362066178229
"vm(ID, ginv)_Nr_503337",-0.640407252765675,0.970811974358793,-0.659661468626461
"vm(ID, ginv)_Nr_500734",0.0313760822054777,0.972747954823781,0.0322550996379752
"vm(ID, ginv)_Nr_500438",-0.957574480549075,0.971221917088912,-0.985948178990088
"vm(ID, ginv)_Nr_500503",-0.504634948860599,0.966762405684168,-0.52198445646371
"vm(ID, ginv)_Nr_502856",-0.368933297613595,0.964853594044237,-0.382372310048814
"vm(ID, ginv)_Nr_503208",0.0871903067687465,0.958412565880425,0.0909736682017008
"vm(ID, ginv)_Nr_500547",-0.416707665439545,0.959053272060752,-0.434498976833843
"vm(ID, ginv)_Nr_501276",0.129780359804482,0.94780152888118,0.136927780605798
"vm(ID, ginv)_Nr_500126",-1.14772259068389,0.969713501736611,-1.18356874337471
"vm(ID, ginv)_Nr_501945",-0.344921152003069,0.956540513502901,-0.360592308568248
"vm(ID, ginv)_Nr_504235",-0.688028675841581,0.966482696941517,-0.711889284742378
"vm(ID, ginv)_Nr_500668",-1.45958938566163,0.970244668753001,-1.50435187398407
"vm(ID, ginv)_Nr_501350",-1.09954778779654,0.956440582470182,-1.14962477329931
"vm(ID, ginv)_Nr_500462",0.241071935158994,0.962152603768355,0.250554781242409
"vm(ID, ginv)_Nr_504241",-0.746704736735915,0.963735362804833,-0.774802674629188
"vm(ID, ginv)_Nr_502966",-0.651837921290554,0.975583743741107,-0.668151684027583
"vm(ID, ginv)_Nr_504543",0.177633361942891,0.961608895041671,0.184725165146473
"vm(ID, ginv)_Nr_502018",-0.658157582964479,0.968526637140687,-0.679545154181316
"vm(ID, ginv)_Nr_502764",-0.300296580887834,0.957767677021843,-0.313538019806222
"vm(ID, ginv)_Nr_502494",0.361616595357778,0.975221278306598,0.370804660851637
"vm(ID, ginv)_Nr_500680",-1.26938885163568,0.981276399241417,-1.29360988669145
"vm(ID, ginv)_Nr_504051",-0.828795151604016,0.971343826160942,-0.853245914867938
"vm(ID, ginv)_Nr_503711",-0.545703819068034,0.969125275592596,-0.563089037930983
"vm(ID, ginv)_Nr_504643",-0.456287378015469,0.966480578481402,-0.472112309522472
"vm(ID, ginv)_Nr_503842",0.0703571441016461,0.944521686781157,0.0744897074215594
"vm(ID, ginv)_Nr_502767",-0.35170973402779,0.97175231739106,-0.361933517145658
"vm(ID, ginv)_Nr_503744",-0.693413334905756,0.958867687998669,-0.723158516638553
"vm(ID, ginv)_Nr_502838",-1.10183367223319,0.958637697154657,-1.14937444615786
"vm(ID, ginv)_Nr_501436",-0.617121371124774,0.973986761894732,-0.633603448494788
"vm(ID, ginv)_Nr_501024",0.0827447446336946,0.966592202771513,0.0856046059511347
"vm(ID, ginv)_Nr_501200",-0.7008420918703,0.954619868729349,-0.734158291512577
"vm(ID, ginv)_Nr_503767",-0.21835308281218,0.964188145473171,-0.226463148128651
"vm(ID, ginv)_Nr_501748",-0.81772255991765,0.968659596754137,-0.844179485402035
"vm(ID, ginv)_Nr_501073",-0.984157121240158,0.963638471300753,-1.02129289204457
"vm(ID, ginv)_Nr_501478",0.514019811450926,0.948480136361226,0.541940512769118
"vm(ID, ginv)_Nr_501442",0.25796882589077,0.962850044902248,0.267922120642327
"vm(ID, ginv)_Nr_503443",1.50637188721384,0.721790904588133,2.08699206049625
"vm(ID, ginv)_Nr_504944",-0.197791131505262,0.958834611949128,-0.206282844862254
"vm(ID, ginv)_Nr_502320",-0.646815017169903,0.96483875026581,-0.670386649574043
"vm(ID, ginv)_Nr_501528",0.171227630473747,0.917638976900742,0.186595856087168
"vm(ID, ginv)_Nr_504062",-0.983148937258026,0.961953188370163,-1.02203407519629
"vm(ID, ginv)_Nr_502908",-0.389805807581916,0.960389759216313,-0.405882928093695
"vm(ID, ginv)_Nr_501058",0.0706887419457632,0.949518881510361,0.074446904977099
"vm(ID, ginv)_Nr_501017",-0.20530513911243,0.958350453246697,-0.214227622491227
"vm(ID, ginv)_Nr_503562",-0.656234480179363,0.971545207623896,-0.675454394741252
"vm(ID, ginv)_Nr_502483",-0.446545880684711,0.954485776881659,-0.467839219295224
"vm(ID, ginv)_Nr_504213",-0.737600357417416,0.931045220878973,-0.792228283735852
"vm(ID, ginv)_Nr_501525",-1.25025152519667,0.941099265849558,-1.32850122252303
"vm(ID, ginv)_Nr_503260",-1.0840700016391,0.955329051341336,-1.13476084508997
"vm(ID, ginv)_Nr_504492",-0.227468808932676,0.962792252814489,-0.236259492395921
"vm(ID, ginv)_Nr_500417",-0.129175534264942,0.965372403875896,-0.133809018930221
"vm(ID, ginv)_Nr_504741",-0.104953120699355,0.965184041759759,-0.108738972215082
"vm(ID, ginv)_Nr_504672",-0.0243831946895795,0.957243590145529,-0.0254722987341942
"vm(ID, ginv)_Nr_501087",-0.299477477715364,0.968309985678512,-0.309278518392552
"vm(ID, ginv)_Nr_502553",-0.518220058754373,0.967516437181574,-0.53561886789642
"vm(ID, ginv)_Nr_503118",-0.902473883284563,0.969981311759063,-0.9304033720484
"vm(ID, ginv)_Nr_502159",-1.0658891441867,0.953518849506018,-1.11784800556265
"vm(ID, ginv)_Nr_500330",-0.413663379459126,0.950832996966372,-0.435053664291118
"vm(ID, ginv)_Nr_502611",-0.498670186139662,0.958028486304993,-0.520517075711367
"vm(ID, ginv)_Nr_502750",-0.594202173993849,0.967525737347566,-0.614146116280928
"vm(ID, ginv)_Nr_503356",0.495571707553718,0.973565168537106,0.50902777088705
"vm(ID, ginv)_Nr_503240",-0.143910981717128,0.956811002519502,-0.150406905165364
"vm(ID, ginv)_Nr_503213",-0.419140928963932,0.961168021874948,-0.436074567010994
"vm(ID, ginv)_Nr_503001",-0.552883568075582,0.965461050296132,-0.572662737565641
"vm(ID, ginv)_Nr_504444",-0.616911480976816,0.974084292869621,-0.633324534121596
"vm(ID, ginv)_Nr_504467",-1.46651040118628,0.969518250864869,-1.51261763239429
"vm(ID, ginv)_Nr_500022",0.309731109029698,0.972393789929192,0.31852435940819
"vm(ID, ginv)_Nr_502676",-0.139034789806688,0.965285481195431,-0.144034891765392
"vm(ID, ginv)_Nr_504509",0.0371070888994723,0.96802016162058,0.0383329711205091
"vm(ID, ginv)_Nr_500512",-0.157435333109657,0.973813814711816,-0.161668822860402
"vm(ID, ginv)_Nr_501244",-1.30118769709446,0.966605969134112,-1.34614076329372
"vm(ID, ginv)_Nr_500783",-0.940259682964901,0.967946616383071,-0.971396218603844
"vm(ID, ginv)_Nr_501479",-1.27326527848577,0.962968129306902,-1.32222992613703
"vm(ID, ginv)_Nr_504028",-0.326284681159092,0.96780014841625,-0.337140557059263
"vm(ID, ginv)_Nr_502374",0.247703932330639,0.961049161240992,0.257743248025711
"vm(ID, ginv)_Nr_503143",0.0307359236298754,0.958700598623597,0.032059981681458
"vm(ID, ginv)_Nr_501860",-1.11886991022505,0.971375424195043,-1.15184086642117
"vm(ID, ginv)_Nr_502017",-0.0380432296059177,0.953067164052128,-0.0399166302657731
"vm(ID, ginv)_Nr_500274",-0.0894700601148242,0.968225762356436,-0.0924061965641927
"vm(ID, ginv)_Nr_501966",-0.266679669483523,0.966461861469741,-0.275933981583062
"vm(ID, ginv)_Nr_503926",-0.56419545844848,0.964217184516661,-0.585133170729888
"vm(ID, ginv)_Nr_501997",-0.515268449799267,0.962766960891863,-0.535195401098877
"vm(ID, ginv)_Nr_504647",0.320313672614124,0.965392763567041,0.331796222949293
"vm(ID, ginv)_Nr_504953",-0.150361454133135,0.942629508187906,-0.159512780819038
"vm(ID, ginv)_Nr_501663",-0.793973818779948,0.950071835770346,-0.835698721808936
"vm(ID, ginv)_Nr_501668",-0.0677658781928972,0.970011096896914,-0.0698609308797411
"vm(ID, ginv)_Nr_504965",-0.145786828378447,0.960243014764219,-0.151822847067774
"vm(ID, ginv)_Nr_501544",-1.25828231367372,0.961185773289009,-1.30909377629269
"vm(ID, ginv)_Nr_504038",-0.123178887907908,0.978070791650929,-0.125940667034938
"vm(ID, ginv)_Nr_502082",-1.01489781408606,0.963907110513865,-1.05290001807852
"vm(ID, ginv)_Nr_504757",-1.05358160304767,0.96565403256552,-1.09105494050343
"vm(ID, ginv)_Nr_500749",-0.766632281367823,0.965751252432679,-0.793819608762313
"vm(ID, ginv)_Nr_504723",-0.484125064851649,0.964448600883219,-0.501970830180373
"vm(ID, ginv)_Nr_503541",-1.00363559805516,0.971317459732963,-1.03327247749781
"vm(ID, ginv)_Nr_503042",-0.426187761489165,0.969205098670115,-0.439729178141917
"vm(ID, ginv)_Nr_500876",-1.04739838260159,0.954371731186562,-1.09747423186914
"vm(ID, ginv)_Nr_504392",-0.904736532371929,0.951847966394471,-0.950505295293116
"vm(ID, ginv)_Nr_500487",-0.831461159383028,0.999988936845327,-0.831470358068205
"vm(ID, ginv)_Nr_500559",0.252258113077117,0.965899092241331,0.261164044053258
"vm(ID, ginv)_Nr_503677",-0.0860002658396244,0.958922336986983,-0.089684286748231
"vm(ID, ginv)_Nr_504441",-0.399985429915492,0.977733582863099,-0.40909449867132
"vm(ID, ginv)_Nr_500501",-0.191997252704034,0.968256289844618,-0.198291769150134
"vm(ID, ginv)_Nr_504858",-0.150929904627655,0.946655916840128,-0.159434808300199
"vm(ID, ginv)_Nr_502225",0.0319315394091142,0.935818697277975,0.0341215018485887
"vm(ID, ginv)_Nr_502318",0.477232117917832,0.944491801025812,0.505279259597078
"vm(ID, ginv)_Nr_503502",-0.617090155288825,0.960749093786402,-0.642301053708846
"vm(ID, ginv)_Nr_501037",-0.0718082792997016,0.962007250974193,-0.0746442183538468
"vm(ID, ginv)_Nr_501500",-0.493748211736187,0.968957091570948,-0.509566642353259
"vm(ID, ginv)_Nr_500966",0.0244856705822269,0.983561664183954,0.0248949013304034
"vm(ID, ginv)_Nr_503436",0.122588436422535,0.96823261264353,0.126610521915634
"vm(ID, ginv)_Nr_501916",-0.995121142235875,0.960641487346701,-1.03589232335198
"vm(ID, ginv)_Nr_503545",-0.0673211789422013,0.976830190227697,-0.0689179957946517
"vm(ID, ginv)_Nr_503367",-0.366304157027256,0.964383479902074,-0.379832467748672
"vm(ID, ginv)_Nr_500703",-0.682692906237545,0.96198838985594,-0.709668550511072
"vm(ID, ginv)_Nr_501089",-0.570637804502014,0.978092760813111,-0.583418901932808
"vm(ID, ginv)_Nr_503909",-0.0581346338348962,0.97256737474195,-0.0597744026220507
"vm(ID, ginv)_Nr_501697",0.259776348975914,0.971902316856397,0.267286479793727
"vm(ID, ginv)_Nr_501587",0.339566455646498,0.960393150262467,0.353570259797977
"vm(ID, ginv)_Nr_502891",-0.581949803416818,0.963494130880765,-0.603999323675004
"vm(ID, ginv)_Nr_501380",-0.133921358152754,0.960604574944605,-0.139413616846949
"vm(ID, ginv)_Nr_501558",-0.0332041943449597,0.970503044202859,-0.0342133850514942
"vm(ID, ginv)_Nr_501596",-0.156390431092568,0.960170229689006,-0.162877817137928
"vm(ID, ginv)_Nr_504214",-0.0106076660112196,0.968170337569078,-0.0109564046734315
"vm(ID, ginv)_Nr_503384",0.247003223094502,0.962888163490537,0.256523272857668
"vm(ID, ginv)_Nr_503902",-0.490776354123567,0.961736770483057,-0.510302162905825
"vm(ID, ginv)_Nr_502727",0.445129714904803,0.969148956933453,0.459299586219715
"vm(ID, ginv)_Nr_502474",-0.114892567102626,0.941772663727229,-0.121996073498161
"vm(ID, ginv)_Nr_501564",-1.1304903022894,0.961411952517151,-1.17586462216283
"vm(ID, ginv)_Nr_500188",0.0444490296927767,0.952844569796641,0.0466487726348309
"vm(ID, ginv)_Nr_500708",0.492727440517049,0.963102245471526,0.511604497688419
"vm(ID, ginv)_Nr_502613",-0.728285510291596,0.957562855809003,-0.760561571361599
"vm(ID, ginv)_Nr_501755",-1.09454366731649,0.97170456276574,-1.12641610347194
"vm(ID, ginv)_Nr_503249",-0.269889978549181,0.970611876073407,-0.278061689952751
"vm(ID, ginv)_Nr_502370",0.262254277204728,0.967357376497319,0.271103817034319
"vm(ID, ginv)_Nr_502526",-0.552109259087256,0.971429795383339,-0.56834705061665
"vm(ID, ginv)_Nr_503209",-0.236366683033016,0.931037411522123,-0.253874527605274
"vm(ID, ginv)_Nr_502434",-0.813981110257961,0.961128011393553,-0.846901870103399
"vm(ID, ginv)_Nr_503968",-0.00544656179517528,0.962271142313795,-0.00566011133003422
"vm(ID, ginv)_Nr_503618",-0.423086377349812,0.957383370280236,-0.441919496915818
"vm(ID, ginv)_Nr_501662",0.218988853826003,0.967923027461738,0.226246145212884
"vm(ID, ginv)_Nr_504160",-1.2154970202518,0.953019782396091,-1.27541635830033
"vm(ID, ginv)_Nr_500447",-0.78750063122682,0.965288265508984,-0.815819128197504
"vm(ID, ginv)_Nr_504029",-0.953882728434852,0.966104024687244,-0.987349916841151
"vm(ID, ginv)_Nr_500689",-0.317084957997194,0.964985380830621,-0.328590426649013
"vm(ID, ginv)_Nr_502926",1.04085384209232,0.754095371717346,1.38026817446436
"vm(ID, ginv)_Nr_502407",1.26027791022394,0.813319689043807,1.54954801562176
"vm(ID, ginv)_Nr_503257",0.34205172298698,0.960331155799617,0.356181012061585
"vm(ID, ginv)_Nr_501461",-0.670531187424628,0.974958752380515,-0.687753390374127
"vm(ID, ginv)_Nr_502390",-1.39059999115646,0.961833063122944,-1.44578102424694
"vm(ID, ginv)_Nr_503658",-0.393454995295214,0.966382804148241,-0.407141966523297
"vm(ID, ginv)_Nr_504281",-1.10059549176943,0.95694473730955,-1.15011395001111
"vm(ID, ginv)_Nr_500984",-0.439041797270794,0.962483729893506,-0.456155032687536
"vm(ID, ginv)_Nr_500442",-0.120023344764742,0.967460588579624,-0.124060190339075
"vm(ID, ginv)_Nr_503278",-0.829706421766031,0.972894342253524,-0.852822743160551
"vm(ID, ginv)_Nr_504332",-0.268277177690276,0.964140059411217,-0.278255399795449
"vm(ID, ginv)_Nr_502582",-0.103067073120104,0.976635689609492,-0.105532773598838
"vm(ID, ginv)_Nr_504770",-0.802160451480541,0.962178789613559,-0.833691679903601
"vm(ID, ginv)_Nr_502472",-0.588669710321218,0.967858917835594,-0.608218511472364
"vm(ID, ginv)_Nr_500604",-0.319621037958331,0.967489689592222,-0.330361182549703
"vm(ID, ginv)_Nr_504451",-1.73411040650248,0.950782747462635,-1.8238766018108
"vm(ID, ginv)_Nr_500097",0.402425622218941,0.964139386400505,0.417393613304553
"vm(ID, ginv)_Nr_502637",-1.2381340703005,0.975125165531374,-1.26971809780523
"vm(ID, ginv)_Nr_501896",-0.228706185275984,0.959637287828794,-0.238325655095623
"vm(ID, ginv)_Nr_500979",-0.0266199739823648,0.966260118968773,-0.0275494905148052
"vm(ID, ginv)_Nr_502744",0.150416387003648,0.952515160052373,0.157914953285759
"vm(ID, ginv)_Nr_501140",0.184012760291133,0.955410401776881,0.19260075036749
"vm(ID, ginv)_Nr_501224",-1.18794103855702,0.964542724336687,-1.23161059493136
"vm(ID, ginv)_Nr_500085",-0.601811824729966,0.967197671883654,-0.622222160189772
"vm(ID, ginv)_Nr_500066",-0.992140460819751,0.956900119280904,-1.03682760700806
"vm(ID, ginv)_Nr_500319",-0.191943687377466,0.956162559086635,-0.200743781016503
"vm(ID, ginv)_Nr_500641",-0.0448087488462836,0.962781009025734,-0.0465409562779255
"vm(ID, ginv)_Nr_503113",0.0792855725981119,0.959233077941612,0.0826551694487521
"vm(ID, ginv)_Nr_500505",-1.07262886756135,0.973250106138694,-1.10211019839179
"vm(ID, ginv)_Nr_504849",-0.981799632505651,0.957898784912029,-1.02495132885654
"vm(ID, ginv)_Nr_500801",0.259914943127675,0.959076655222478,0.271005390145152
"vm(ID, ginv)_Nr_503332",-0.20799247981591,0.9595168189935,-0.216767935380316
"vm(ID, ginv)_Nr_501103",-0.513355240259648,0.967466443027801,-0.53061813560483
"vm(ID, ginv)_Nr_502617",-0.380551701246036,0.951095517704275,-0.400119329932918
"vm(ID, ginv)_Nr_502364",-0.592801814935817,0.950870641072848,-0.623430558616228
"vm(ID, ginv)_Nr_503784",-1.15449851531171,0.983203959601351,-1.17422077488358
"vm(ID, ginv)_Nr_503071",-0.379731038957858,0.956948406289369,-0.396814537191498
"vm(ID, ginv)_Nr_501786",-0.440769862753941,0.972722496012549,-0.453130121448589
"vm(ID, ginv)_Nr_501308",-0.258179170167375,0.970757819345392,-0.265956312709871
"vm(ID, ginv)_Nr_503428",-0.468061025626945,0.965540959341417,-0.484765582545771
"vm(ID, ginv)_Nr_504053",-0.156789142937403,0.965633856871725,-0.162369144186119
"vm(ID, ginv)_Nr_501279",0.863272785942897,0.980027203109012,0.880866146576619
"vm(ID, ginv)_Nr_504771",-0.55419869036042,0.977417836568649,-0.567002841186125
"vm(ID, ginv)_Nr_501003",0.389844151998869,0.960020385210976,0.406079035408394
"vm(ID, ginv)_Nr_503098",-0.117949086996426,0.966527416146952,-0.122033876148727
"vm(ID, ginv)_Nr_503811",-0.236746463519632,0.951443095659587,-0.248828820766741
"vm(ID, ginv)_Nr_503137",0.137004847185952,0.971716199485443,0.140992655323129
"vm(ID, ginv)_Nr_503830",-0.402126892077335,0.971576704126809,-0.413891039553836
"vm(ID, ginv)_Nr_500815",0.270225262092005,0.953178639544394,0.283499074445446
"vm(ID, ginv)_Nr_503951",0.10641417738941,0.966671907919517,0.110083034913506
"vm(ID, ginv)_Nr_502971",-0.279388321663653,0.975303132837489,-0.286463061849107
"vm(ID, ginv)_Nr_504716",-0.875705923467124,0.963745397091151,-0.908648618307538
"vm(ID, ginv)_Nr_500337",-0.752392837975411,0.958960092074639,-0.784592439449347
"vm(ID, ginv)_Nr_500294",-0.847578728770933,0.929383241341059,-0.911979785161517
"vm(ID, ginv)_Nr_502333",-0.0975062162558381,0.964005284806101,-0.101146972732054
"vm(ID, ginv)_Nr_501775",-0.352165070493765,0.969173634759673,-0.363366333816016
"vm(ID, ginv)_Nr_503027",-0.887606599787821,0.965721452724479,-0.919112438978878
"vm(ID, ginv)_Nr_504391",0.447217189025091,0.969209589041147,0.461424643422615
"vm(ID, ginv)_Nr_504773",-0.116877550574144,0.967096609107523,-0.120854058915586
"vm(ID, ginv)_Nr_504886",-0.231444450711133,0.969201365264153,-0.238799138142004
"vm(ID, ginv)_Nr_504343",0.162798595493691,0.958498335747691,0.16984755155229
"vm(ID, ginv)_Nr_501909",0.058442233308328,0.965093812475597,0.0605560128485496
"vm(ID, ginv)_Nr_500818",-0.304782844434992,0.965024903204549,-0.315828994073523
"vm(ID, ginv)_Nr_503726",-0.0360944026998055,0.970150131387828,-0.0372049660480604
"vm(ID, ginv)_Nr_502704",-0.28682683446866,0.963566595889488,-0.29767204020173
"vm(ID, ginv)_Nr_503108",-1.10659943404277,0.951803280840241,-1.16263460771629
"vm(ID, ginv)_Nr_503393",0.079486748860322,0.94914776494574,0.0837453890700212
"vm(ID, ginv)_Nr_502244",-0.309144004994943,0.963052020620338,-0.321004471592108
"vm(ID, ginv)_Nr_501266",-0.270230753659925,0.955780153976325,-0.282733170944893
"vm(ID, ginv)_Nr_502109",-0.237464614519638,0.97614093674762,-0.243268779722363
"vm(ID, ginv)_Nr_502906",-0.243118425430187,0.970134285945995,-0.250602858750753
"vm(ID, ginv)_Nr_502632",-0.534425896603716,0.951845542141792,-0.561462835032225
"vm(ID, ginv)_Nr_500391",-0.904566311184442,0.969764072790527,-0.93276946070143
"vm(ID, ginv)_Nr_503242",-0.706913055228089,0.957859206156995,-0.738013531304124
"vm(ID, ginv)_Nr_503372",-0.508122528435432,0.971455522355634,-0.523052797315219
"vm(ID, ginv)_Nr_502559",-0.412209154499027,0.96114814490733,-0.428871612230777
"vm(ID, ginv)_Nr_500052",0.00910391419497845,0.9756030657426,0.00933157604219788
"vm(ID, ginv)_Nr_502845",-0.40757135062242,0.956892231323152,-0.425932343560619
"vm(ID, ginv)_Nr_501210",-0.575805806541276,0.967004901283225,-0.595452831497726
"vm(ID, ginv)_Nr_501648",-0.600873252097812,0.962068642532108,-0.624563805048618
"vm(ID, ginv)_Nr_500844",-1.01689501572666,0.965677588750181,-1.05303781259206
"vm(ID, ginv)_Nr_501915",0.124121794850657,0.972308151772284,0.127656848936639
"vm(ID, ginv)_Nr_504580",0.0160672302095988,0.964615688783378,0.0166566129873584
"vm(ID, ginv)_Nr_502471",-0.31645641449353,0.969355797342323,-0.326460537360128
"vm(ID, ginv)_Nr_501735",-0.799380987810673,0.954752017621532,-0.837265565358094
"vm(ID, ginv)_Nr_504746",-0.61695800252137,0.967478114162971,-0.637697115303885
"vm(ID, ginv)_Nr_502493",-0.471282659434081,0.962667724196392,-0.489559011472514
"vm(ID, ginv)_Nr_504252",-0.300797104302684,0.957385777738813,-0.314185891723937
"vm(ID, ginv)_Nr_501710",-0.243888190818113,0.966597255469433,-0.252316245921542
"vm(ID, ginv)_Nr_502994",-1.24339189599698,0.965780799411668,-1.28744731387746
"vm(ID, ginv)_Nr_503987",-0.0046931925152169,0.966001513935606,-0.00485836973080536
"vm(ID, ginv)_Nr_501488",-0.645678225355295,0.96881032867404,-0.666465051254151
"vm(ID, ginv)_Nr_503149",-0.729147631219586,0.970895471975492,-0.751005285600911
"vm(ID, ginv)_Nr_500575",-0.760120237595905,0.948895783389034,-0.801057661865768
"vm(ID, ginv)_Nr_500693",-1.57995297804607,0.964016575203505,-1.63892719138417
"vm(ID, ginv)_Nr_503834",-0.481284766252992,0.966113769392293,-0.498165724887381
"vm(ID, ginv)_Nr_502206",-0.745893597908644,0.959283702327566,-0.777552663616445
"vm(ID, ginv)_Nr_503882",0.216196657347636,0.967140372735816,0.223542169722546
"vm(ID, ginv)_Nr_501832",0.277429668853373,0.956163257132652,0.290148849355842
"vm(ID, ginv)_Nr_500231",-0.813562033717933,0.971986698035813,-0.837009431674297
"vm(ID, ginv)_Nr_503706",-0.42939834271018,0.967343722331863,-0.443894277491231
"vm(ID, ginv)_Nr_500128",-0.768609060496562,0.966426982937792,-0.795310017276326
"vm(ID, ginv)_Nr_501791",-0.160574544492387,0.968645107602527,-0.165772317675585
"vm(ID, ginv)_Nr_501585",-0.299195652051052,0.954245541708689,-0.313541577061295
"vm(ID, ginv)_Nr_500377",-0.269272330246319,0.96437518780684,-0.279219471478411
"vm(ID, ginv)_Nr_500214",-0.721502125515148,0.957866725037578,-0.753238531682832
"vm(ID, ginv)_Nr_504577",-0.786700936566732,0.955838840872142,-0.823047675954367
"vm(ID, ginv)_Nr_502198",-0.98674692938218,0.979836902058328,-1.00705222196606
"vm(ID, ginv)_Nr_500295",0.914672789339305,0.813446300003822,1.12444151425239
"vm(ID, ginv)_Nr_500745",0.359483534681927,0.971976902428255,0.369847816119747
"vm(ID, ginv)_Nr_500822",-0.189343604939699,0.968621104661464,-0.195477472077046
"vm(ID, ginv)_Nr_502327",0.0325718797657221,0.960535497475709,0.0339101260196226
"vm(ID, ginv)_Nr_504721",-0.447726177116689,0.968733378009306,-0.462176887139722
"vm(ID, ginv)_Nr_503139",0.870684116471707,0.830106031243904,1.04888301457947
"vm(ID, ginv)_Nr_502381",-1.29285889481386,0.968768194452733,-1.33453895598235
"vm(ID, ginv)_Nr_504846",-0.626291158887083,0.963176820405958,-0.650234874447161
"vm(ID, ginv)_Nr_501336",0.0577115089310238,0.970891738865484,0.0594417550595924
"vm(ID, ginv)_Nr_502832",0.349440128686108,0.967119199345588,0.361320640643429
"vm(ID, ginv)_Nr_503069",-0.947641794935766,0.959759023148115,-0.987374718111424
"vm(ID, ginv)_Nr_503453",0.290458129011233,0.963849658733508,0.301352110652706
"vm(ID, ginv)_Nr_503948",-0.0989719660421423,0.965908717252769,-0.102465133893436
"vm(ID, ginv)_Nr_501635",-0.337427333284443,0.973429564521841,-0.346637646505211
"vm(ID, ginv)_Nr_503120",-0.381427652285399,0.969283483025375,-0.393515064442106
"vm(ID, ginv)_Nr_500756",-0.14885539963051,0.974795003947445,-0.152704311191295
"vm(ID, ginv)_Nr_500947",-0.418649019716899,0.961669301702075,-0.435335742729777
"vm(ID, ginv)_Nr_504449",-0.734436735940117,0.967864598998156,-0.75882177806724
"vm(ID, ginv)_Nr_504976",0.499662430520749,0.953934263584581,0.523791260671545
"vm(ID, ginv)_Nr_503210",-0.609461298942093,0.976352192710283,-0.624222799408349
"vm(ID, ginv)_Nr_500514",-1.11922028924675,0.971164808690441,-1.15245144720179
"vm(ID, ginv)_Nr_501664",-0.166810495792694,0.948516361363472,-0.175864647767286
"vm(ID, ginv)_Nr_500934",-0.421216823420294,0.974687993056846,-0.43215554764275
"vm(ID, ginv)_Nr_504072",-0.336954360905012,0.966275103290347,-0.348714729125919
"vm(ID, ginv)_Nr_502694",-0.964755305389285,0.981435503520666,-0.983004284976909
"vm(ID, ginv)_Nr_500255",-0.239033139449895,0.976531915795087,-0.244777600796872
"vm(ID, ginv)_Nr_502201",-0.286594009330111,0.965119755999152,-0.29695175914559
"vm(ID, ginv)_Nr_502208",-0.904080101066422,0.969370648023136,-0.932646457688952
"vm(ID, ginv)_Nr_504517",-1.49868120516713,0.970061097015903,-1.5449348600592
"vm(ID, ginv)_Nr_502347",0.255209774243703,0.966417595089085,0.264078153730404
"vm(ID, ginv)_Nr_503643",1.01114065370573,0.82900583251972,1.21970270176799
"vm(ID, ginv)_Nr_500679",-0.699934276771062,0.965584931214837,-0.724881110033946
"vm(ID, ginv)_Nr_503655",-1.02251993212159,0.973507929827939,-1.05034576585556
"vm(ID, ginv)_Nr_502223",0.234897721991563,0.961275946844785,0.244360344979579
"vm(ID, ginv)_Nr_503868",0.144522940756799,0.972866945292009,0.148553655210703
"vm(ID, ginv)_Nr_502970",-0.41328230958206,0.962257737051046,-0.42949232172309
"vm(ID, ginv)_Nr_501776",-1.2727789104113,0.953994063192,-1.33415810382789
"vm(ID, ginv)_Nr_500127",-0.240681862756286,0.952503767596428,-0.252683370863328
"vm(ID, ginv)_Nr_503583",-0.843996733672916,0.966532123894366,-0.873221606202048
"vm(ID, ginv)_Nr_500740",-0.122680789678397,0.959511462483739,-0.127857555094581
"vm(ID, ginv)_Nr_500355",-0.726446114126769,0.963811181885356,-0.753722438357411
"vm(ID, ginv)_Nr_500558",-1.79213919635217,0.969621839972831,-1.8482867469264
"vm(ID, ginv)_Nr_500772",0.0649336321872733,0.965659966796957,0.0672427504711153
"vm(ID, ginv)_Nr_502436",-1.0593865042861,0.967126942383804,-1.09539550379487
"vm(ID, ginv)_Nr_504333",0.515913643201091,0.965096476388085,0.534572092866735
"vm(ID, ginv)_Nr_503914",-0.697409681643276,0.962558705997629,-0.724537295541321
"vm(ID, ginv)_Nr_500238",0.291458464088657,0.969097088505262,0.300752594911004
"vm(ID, ginv)_Nr_504086",-0.330401839747415,0.970462106133458,-0.340458259688069
"vm(ID, ginv)_Nr_504005",-1.4203199740182,0.968002246037791,-1.46726929594619
"vm(ID, ginv)_Nr_501790",-0.453752108060568,0.971533331320705,-0.467047391409347
"vm(ID, ginv)_Nr_502693",-0.523964020064133,0.971962576288878,-0.539078389277824
"vm(ID, ginv)_Nr_501321",-1.02870237757437,0.967953260171568,-1.0627603830706
"vm(ID, ginv)_Nr_502167",-0.324789619491624,0.969594163836787,-0.334974808641996
"vm(ID, ginv)_Nr_503433",-0.147794568791373,0.954247846357178,-0.154880694104341
"vm(ID, ginv)_Nr_502713",-0.806446691078515,0.973605440472507,-0.828309556987616
"vm(ID, ginv)_Nr_504075",-1.37579181833404,0.95470260251801,-1.44106846960029
"vm(ID, ginv)_Nr_503090",-0.454810840861222,0.953699715053676,-0.476891031508408
"vm(ID, ginv)_Nr_503432",-0.40844836698973,0.965099391906104,-0.423218966269402
"vm(ID, ginv)_Nr_502116",-0.781613701115791,0.960737226283572,-0.813556173043605
"vm(ID, ginv)_Nr_500825",-0.878329832812385,0.969618635290648,-0.905850816851412
"vm(ID, ginv)_Nr_500894",-0.280243040288181,0.962084905561706,-0.291287222851255
"vm(ID, ginv)_Nr_503263",0.0424711578299984,0.975767585206749,0.0435258953811214
"vm(ID, ginv)_Nr_501465",-0.0856205108818439,0.965088354840066,-0.0887177950624354
"vm(ID, ginv)_Nr_500444",-0.700698013215008,0.96577423077158,-0.725529829735883
"vm(ID, ginv)_Nr_501119",-0.806623987456526,0.971248977474696,-0.830501762332657
"vm(ID, ginv)_Nr_500114",1.71962228598124,0.795795239537709,2.16088536415498
"vm(ID, ginv)_Nr_502490",0.250345281387119,0.962303148925681,0.260152200132157
"vm(ID, ginv)_Nr_503516",0.019856350274316,0.974146777743556,0.0203833249033681
"vm(ID, ginv)_Nr_503783",0.279521732065016,0.960769225926468,0.29093535109378
"vm(ID, ginv)_Nr_500202",-0.35095710495304,0.965830978410268,-0.363373212081793
"vm(ID, ginv)_Nr_502815",-1.33362314169025,0.959383462660121,-1.39008352092338
"vm(ID, ginv)_Nr_503391",0.361198180767668,0.963262574878348,0.374973750862567
"vm(ID, ginv)_Nr_502080",-0.0795065988209791,0.963795368901333,-0.0824932359984378
"vm(ID, ginv)_Nr_504958",-0.361788978052532,0.957660368753772,-0.37778422273372
"vm(ID, ginv)_Nr_502612",-0.639859435212556,0.965268425229597,-0.6628823843071
"vm(ID, ginv)_Nr_502934",-0.870749309396933,0.9696685039491,-0.897986585983451
"vm(ID, ginv)_Nr_503473",-0.0183902925866243,0.974285067131936,-0.0188756794156365
"vm(ID, ginv)_Nr_502341",-0.0447437012625766,0.972050680228774,-0.0460302144452449
"vm(ID, ginv)_Nr_502511",-0.90904214224807,0.962429358491343,-0.944528691095874
"vm(ID, ginv)_Nr_500896",-0.0101532516821541,0.978391545168996,-0.0103774932768868
"vm(ID, ginv)_Nr_502485",-0.240063396773306,0.968334860625879,-0.247913615975926
"vm(ID, ginv)_Nr_500892",0.0739138935816982,0.945025460432271,0.0782136531516185
"vm(ID, ginv)_Nr_502308",-0.855412114134565,0.96543183236634,-0.886040925373147
"vm(ID, ginv)_Nr_503769",0.0559979422384469,0.95069238053643,0.0589022731063122
"vm(ID, ginv)_Nr_504480",-0.24519971993425,0.968176420213657,-0.253259338706204
"vm(ID, ginv)_Nr_503763",0.186189968372219,0.958734993530598,0.194203788980899
"vm(ID, ginv)_Nr_500464",-0.354225249894166,0.976747644935108,-0.362657900155674
"vm(ID, ginv)_Nr_501817",-0.377764981818971,0.967079092714879,-0.390624701396938
"vm(ID, ginv)_Nr_502337",-0.708952762358631,0.969951349459326,-0.730915795677606
"vm(ID, ginv)_Nr_503212",-0.417061974788593,0.96538020199686,-0.43201836325824
"vm(ID, ginv)_Nr_503743",-0.847676423667206,0.968648732962362,-0.87511230317187
"vm(ID, ginv)_Nr_500608",-0.15641268354003,0.968775833384583,-0.161453948529636
"vm(ID, ginv)_Nr_502283",-0.250754419426559,0.9659823059244,-0.259584899111168
"vm(ID, ginv)_Nr_500852",-0.556341346841495,0.954657911266544,-0.582765135317841
"vm(ID, ginv)_Nr_504322",-0.361480561232544,0.971864700197072,-0.371945355314628
"vm(ID, ginv)_Nr_504557",-0.668316952802719,0.986182191619962,-0.677681019269778
"vm(ID, ginv)_Nr_500773",-0.660061780404987,0.962401176950559,-0.685848891515743
"vm(ID, ginv)_Nr_502631",-0.789714030498428,0.963855962503141,-0.819327846919714
"vm(ID, ginv)_Nr_502734",-0.212377360195146,0.981537308379064,-0.216372172898727
"vm(ID, ginv)_Nr_500137",0.100367264905394,0.972353967096012,0.10322091368141
"vm(ID, ginv)_Nr_500787",0.18383989816791,0.971207951386694,0.189289943420894
"vm(ID, ginv)_Nr_500670",-0.121744035354737,0.965838895635872,-0.12605004406515
"vm(ID, ginv)_Nr_500445",0.00361789251678231,0.967157364654619,0.00374074855757759
"vm(ID, ginv)_Nr_500751",-0.460890806968022,0.960497262125315,-0.479846039277819
"vm(ID, ginv)_Nr_504574",-0.938473823505293,0.959480626522379,-0.978106068599609
"vm(ID, ginv)_Nr_504895",0.105648283769436,0.96440364854873,0.109547785233309
"vm(ID, ginv)_Nr_500965",-0.6702503211633,0.9692290084586,-0.691529365417182
"vm(ID, ginv)_Nr_503348",-0.0323982942477262,0.965788478719696,-0.0335459523090141
"vm(ID, ginv)_Nr_501919",-0.086813872272818,0.969287134009857,-0.0895646596624847
"vm(ID, ginv)_Nr_503575",0.364478415143446,0.970856275547085,0.375419538734566
"vm(ID, ginv)_Nr_503277",-0.566615039142731,0.968386618886424,-0.585112421105424
"vm(ID, ginv)_Nr_503846",-0.725047472183153,0.972321564888332,-0.74568691918956
"vm(ID, ginv)_Nr_502593",-0.665284608225939,0.962064362364242,-0.691517775994762
"vm(ID, ginv)_Nr_503984",-0.196508348013258,0.967624909650412,-0.203083184458586
"vm(ID, ginv)_Nr_500429",-0.427936670822134,0.95691713502102,-0.447203477877668
"vm(ID, ginv)_Nr_502119",-0.544898437684626,0.959955327849937,-0.567628953010828
"vm(ID, ginv)_Nr_503472",-0.311039238958686,0.959906332401697,-0.324030823070478
"vm(ID, ginv)_Nr_503308",-0.274957721143024,0.975050518074278,-0.281993308086297
"vm(ID, ginv)_Nr_500193",-0.471283840643182,0.971629616081114,-0.485044746313947
"vm(ID, ginv)_Nr_500070",-0.0984982649857966,0.964155861473639,-0.102160105976278
"vm(ID, ginv)_Nr_500347",-0.00213060357095711,0.967883941848653,-0.00220130067132602
"vm(ID, ginv)_Nr_503058",-0.731773851189233,0.952465135806883,-0.768294632190719
"vm(ID, ginv)_Nr_500173",-0.43826497310539,0.971556189197975,-0.451095858353988
"vm(ID, ginv)_Nr_501238",-0.0844511661237476,0.965998386386489,-0.0874237134491023
"vm(ID, ginv)_Nr_500916",0.0398225143854657,0.967422147083964,0.0411635339396561
"vm(ID, ginv)_Nr_503798",0.341890288367711,0.97304357803945,0.351361743794222
"vm(ID, ginv)_Nr_504902",-0.434589623888238,0.967065690387684,-0.44938997237511
"vm(ID, ginv)_Nr_501351",-0.216737503485078,0.967919334702054,-0.223921039403345
"vm(ID, ginv)_Nr_500826",0.0144169235460712,0.969160850675653,0.0148756767630682
"vm(ID, ginv)_Nr_503066",-0.56672513315113,0.958864125309769,-0.591037998181489
"vm(ID, ginv)_Nr_501453",-0.472607196286471,0.970253297795168,-0.487096717280361
"vm(ID, ginv)_Nr_502658",-0.419179264551606,0.956877986050414,-0.438069712818663
"vm(ID, ginv)_Nr_500414",-0.162472070314233,0.958260830864265,-0.169548900551114
"vm(ID, ginv)_Nr_503439",-0.172905593332242,0.969321029293702,-0.178378048249124
"vm(ID, ginv)_Nr_502321",-0.849136806101904,0.971913973105892,-0.873674861766175
"vm(ID, ginv)_Nr_500450",-0.105864457341349,0.962735851118636,-0.109962101461519
"vm(ID, ginv)_Nr_504934",-0.286729672310958,0.965455506042795,-0.296989007278238
"vm(ID, ginv)_Nr_503040",-0.330989765625577,0.96668538893876,-0.342396574328016
"vm(ID, ginv)_Nr_500455",-1.47195876964867,0.968167381081912,-1.52035567238774
"vm(ID, ginv)_Nr_502513",-0.350683939291006,0.963806213453324,-0.363853163007222
"vm(ID, ginv)_Nr_502771",-0.211483002097783,0.956516350438365,-0.221097111409399
"vm(ID, ginv)_Nr_504530",-1.0994678319844,0.957431868778671,-1.14835098750882
"vm(ID, ginv)_Nr_504414",0.848392646577707,0.936033635534932,0.906369829426974
"vm(ID, ginv)_Nr_504873",-0.723190544021572,0.965301607379191,-0.749186097374318
"vm(ID, ginv)_Nr_500135",0.148441501396713,0.960401455445857,0.154561928821527
"vm(ID, ginv)_Nr_501713",-0.740944171713742,0.963574830133548,-0.768953431059474
"vm(ID, ginv)_Nr_504789",0.154552103530357,0.968642517564827,0.159555357861951
"vm(ID, ginv)_Nr_502469",-0.76179679795727,0.950610830921846,-0.801376097533546
"vm(ID, ginv)_Nr_502240",-0.161750892338558,0.951434829869388,-0.170007327102753
"vm(ID, ginv)_Nr_502697",-0.516314898493701,0.955985815994918,-0.540086358871716
"vm(ID, ginv)_Nr_504889",-0.560681674473316,0.970832939971895,-0.577526422300368
"vm(ID, ginv)_Nr_502983",-0.92668689439352,0.973399794132357,-0.952010571585877
"vm(ID, ginv)_Nr_500057",-0.782420792163171,0.962152647232008,-0.813198190966992
"vm(ID, ginv)_Nr_504305",-0.119526963254804,0.976084997978679,-0.122455486461041
"vm(ID, ginv)_Nr_502027",-0.342339671636042,0.97249355876806,-0.352022559480716
"vm(ID, ginv)_Nr_504308",0.0256125686932947,0.966144349210791,0.0265100848690123
"vm(ID, ginv)_Nr_502715",-0.143869907611928,0.966784250909385,-0.148812837483234
"vm(ID, ginv)_Nr_502343",0.370940509823791,0.962649847533981,0.385332746661757
"vm(ID, ginv)_Nr_502345",-0.528331360288797,0.96894880411113,-0.545262410198714
"vm(ID, ginv)_Nr_502962",-0.503951394383575,0.970451964281582,-0.519295558082203
"vm(ID, ginv)_Nr_503379",-0.813221216474824,0.964426974524693,-0.843216996160451
"vm(ID, ginv)_Nr_501114",-0.0831593630476835,0.966241810380467,-0.0860647533094627
"vm(ID, ginv)_Nr_500358",-0.72014435698903,0.959763486294682,-0.75033523078614
"vm(ID, ginv)_Nr_503884",-0.493412413001701,0.965373807985678,-0.511110213391061
"vm(ID, ginv)_Nr_503666",0.0729303128520815,0.970653128797499,0.0751352987883857
"vm(ID, ginv)_Nr_500616",0.525235194951928,0.95360064203824,0.550791570178982
"vm(ID, ginv)_Nr_502482",0.873534180703901,0.968966164539676,0.901511541549945
"vm(ID, ginv)_Nr_500397",-0.272817033587744,0.966968184094077,-0.282136515011957
"vm(ID, ginv)_Nr_501356",-0.0966682046682302,0.958158454497132,-0.100889580647665
"vm(ID, ginv)_Nr_503164",0.0819320430510579,0.949191310916677,0.0863177339581126
"vm(ID, ginv)_Nr_503714",0.215292936398401,0.967193204943941,0.222595584106569
"vm(ID, ginv)_Nr_502161",-1.12914173779049,0.968982960892052,-1.16528544191426
"vm(ID, ginv)_Nr_500588",-0.390360877960937,0.974577755744092,-0.400543595069945
"vm(ID, ginv)_Nr_501875",-0.677351984325309,0.972662900601331,-0.696389246373588
"vm(ID, ginv)_Nr_503192",-0.349894732179217,0.961297991892847,-0.363981549041058
"vm(ID, ginv)_Nr_502369",0.410074357813825,0.953854940099658,0.429912705354318
"vm(ID, ginv)_Nr_504129",-1.10304333762737,0.957837959449319,-1.15159701778945
"vm(ID, ginv)_Nr_504535",-0.859397357350167,0.974394800658099,-0.881980647648916
"vm(ID, ginv)_Nr_501401",-1.29346903938716,0.966539626367578,-1.33824729385203
"vm(ID, ginv)_Nr_504321",-0.388599549822526,0.96977664295127,-0.400710362171563
"vm(ID, ginv)_Nr_500941",-0.0092736200335587,0.954429705024531,-0.00971639921173696
"vm(ID, ginv)_Nr_503622",-0.151776015552936,0.958819199708505,-0.158294718753106
"vm(ID, ginv)_Nr_503572",0.657580184148645,0.974783511234991,0.674591000534602
"vm(ID, ginv)_Nr_501539",-0.31499234612668,0.962412607852892,-0.32729449256636
"vm(ID, ginv)_Nr_503748",-0.200339838918251,0.952390003264924,-0.21035483177213
"vm(ID, ginv)_Nr_503587",-0.681161386829758,0.962622183748336,-0.707610315167885
"vm(ID, ginv)_Nr_504604",0.0351644397207308,0.972149325950614,0.0361718501284207
"vm(ID, ginv)_Nr_502903",-0.392776505844151,0.942926122762128,-0.416550667504666
"vm(ID, ginv)_Nr_501418",-1.48242635860324,0.983680783947348,-1.50701973932489
"vm(ID, ginv)_Nr_502404",-0.112093713879244,0.975099503345584,-0.114956179851029
"vm(ID, ginv)_Nr_500280",-0.170921699563923,0.972570431384161,-0.175742233208414
"vm(ID, ginv)_Nr_502963",-0.865634568665176,0.964837975227483,-0.897181279023644
"vm(ID, ginv)_Nr_502190",-0.348250525915207,0.967278504903253,-0.360031287938151
"vm(ID, ginv)_Nr_502774",-0.439547983166248,0.968740990903588,-0.453731169934558
"vm(ID, ginv)_Nr_500831",-0.400574484304907,0.964234038674705,-0.415432839163693
"vm(ID, ginv)_Nr_503687",-0.981243807733519,0.964818278028837,-1.01702448023501
"vm(ID, ginv)_Nr_502547",-1.07541539596893,0.966386832507756,-1.11282082887889
"vm(ID, ginv)_Nr_503564",-0.769947642072511,0.948928746353704,-0.811386149941252
"vm(ID, ginv)_Nr_503721",-0.869997435957109,0.975458505825399,-0.891885642250819
"vm(ID, ginv)_Nr_503316",-0.516811673269652,0.970643248976281,-0.532442453820931
"vm(ID, ginv)_Nr_504431",-0.255624097232033,0.949076328447193,-0.269339872431826
"vm(ID, ginv)_Nr_503953",-0.414690366631211,0.971795179537395,-0.426726099658795
"vm(ID, ginv)_Nr_502975",0.366107213195783,0.967337336800225,0.378469019304887
"vm(ID, ginv)_Nr_503684",-0.00412359961324974,0.971158788520056,-0.00424606116115541
"vm(ID, ginv)_Nr_501324",-1.2076331642343,0.966297779366875,-1.24975260216944
"vm(ID, ginv)_Nr_504152",-1.10827920332035,0.965454244499004,-1.14793550252136
"vm(ID, ginv)_Nr_501661",-0.358634285381629,0.967033506790672,-0.370860247202645
"vm(ID, ginv)_Nr_503568",-0.451081265969649,0.969983259001523,-0.465040258977233
"vm(ID, ginv)_Nr_503795",-0.201089114385452,0.968633476070865,-0.207600830812852
"vm(ID, ginv)_Nr_501481",-0.326786295259597,0.971508719675275,-0.336369904501552
"vm(ID, ginv)_Nr_503897",-0.511883972212316,0.970033105629072,-0.527697425213499
"vm(ID, ginv)_Nr_502973",1.01886264755253,0.819431305824878,1.24337774296638
"vm(ID, ginv)_Nr_503129",-0.654362704127929,0.971516931186835,-0.673547401102459
"vm(ID, ginv)_Nr_500288",-0.211481294747985,0.953538429277621,-0.221785811934395
"vm(ID, ginv)_Nr_504836",0.567552604594304,0.972306095702866,0.583718036020363
"vm(ID, ginv)_Nr_500579",0.340148397722379,0.955731109458546,0.355903867056378
"vm(ID, ginv)_Nr_500200",-0.0415925690401933,0.966663157130151,-0.0430269517705363
"vm(ID, ginv)_Nr_504915",1.50932645943776,0.741385864120127,2.03581769289467
"vm(ID, ginv)_Nr_504049",0.0675165814653224,0.973181453719994,0.0693771764836246
"vm(ID, ginv)_Nr_504136",-0.62221264158038,0.964435594301094,-0.645157276708855
"vm(ID, ginv)_Nr_501374",-0.606480479353816,0.958241497491607,-0.632909846778086
"vm(ID, ginv)_Nr_500737",-0.160090808789805,0.962013340409454,-0.166412254451344
"vm(ID, ginv)_Nr_502979",-0.461496743776239,0.970735714106508,-0.475409256165065
"vm(ID, ginv)_Nr_502049",-0.731620144806763,0.969800373803986,-0.75440282822023
"vm(ID, ginv)_Nr_502851",-0.423581916388734,0.964878878986432,-0.439000091735545
"vm(ID, ginv)_Nr_503554",-1.15773843075175,0.952519368064107,-1.2154487032686
"vm(ID, ginv)_Nr_501784",-0.192873564422224,0.945440326591369,-0.204003953499211
"vm(ID, ginv)_Nr_504690",-0.895237791915729,0.96934015280659,-0.923553810624364
"vm(ID, ginv)_Nr_500362",-0.111959449417821,0.959597730513554,-0.116673316180003
"vm(ID, ginv)_Nr_501211",0.00313799108367328,0.960271080677668,0.00326781795975651
"vm(ID, ginv)_Nr_502706",-0.672302120829597,0.963503911206047,-0.697767920825621
"vm(ID, ginv)_Nr_503899",-1.25659402316081,0.967818598020674,-1.29837763577878
"vm(ID, ginv)_Nr_504817",-0.278713715793575,0.963032497464132,-0.289412575928109
"vm(ID, ginv)_Nr_500590",-0.411733549193628,0.958115196526409,-0.429732824076211
"vm(ID, ginv)_Nr_500578",-1.37525509554306,0.970747957505603,-1.41669635759715
"vm(ID, ginv)_Nr_504828",-0.138224511214517,0.967528778823452,-0.142863462296803
"vm(ID, ginv)_Nr_501852",-0.511835509508005,0.960338303842113,-0.532974169061318
"vm(ID, ginv)_Nr_504508",-0.742671088795579,0.967990948934688,-0.767229372973908
"vm(ID, ginv)_Nr_501081",-0.139343131594288,0.962410892429964,-0.144785488911565
"vm(ID, ginv)_Nr_504033",-1.03162236335827,0.966298518051377,-1.06760213752436
"vm(ID, ginv)_Nr_504592",-0.351860317455966,0.958290968603746,-0.367174823705826
"vm(ID, ginv)_Nr_502336",-0.378819692056411,0.967995710403178,-0.39134439128726
"vm(ID, ginv)_Nr_502272",-0.359443389991794,0.961497775743053,-0.373836943839016
"vm(ID, ginv)_Nr_500179",-0.406908804573015,0.962809628915039,-0.422626438656984
"vm(ID, ginv)_Nr_502237",-0.791950878690284,0.972062075298639,-0.814712248131869
"vm(ID, ginv)_Nr_500129",-1.29197176070054,0.966137189150375,-1.33725497290577
"vm(ID, ginv)_Nr_503133",-0.299822090287926,0.98717104309626,-0.303718481599232
"vm(ID, ginv)_Nr_500235",-0.488060112291714,0.966190788302331,-0.505138444912388
"vm(ID, ginv)_Nr_503819",-0.078387554950352,0.960637356475084,-0.0815995280862108
"vm(ID, ginv)_Nr_502173",1.38829922329657,0.77113759391436,1.80032621188839
"vm(ID, ginv)_Nr_504108",-0.434558791270871,0.967205817102753,-0.449292987683411
"vm(ID, ginv)_Nr_502844",-0.224787263926396,0.981127186635211,-0.2291112375525
"vm(ID, ginv)_Nr_504464",-0.0628265417036872,0.974781677257672,-0.064451910791384
"vm(ID, ginv)_Nr_501451",0.277516150768195,0.979838430582008,0.283226440305423
"vm(ID, ginv)_Nr_502279",0.350095017323929,0.970609059438632,0.360696218440834
"vm(ID, ginv)_Nr_504536",-0.43483650683693,0.959075110194158,-0.453391504184589
"vm(ID, ginv)_Nr_501214",-0.0508905062151724,0.956326111689626,-0.0532145944705615
"vm(ID, ginv)_Nr_502840",-0.121814910000192,0.973573663429228,-0.125121410506445
"vm(ID, ginv)_Nr_504607",-1.11382436978415,0.957933615721108,-1.16273648977825
"vm(ID, ginv)_Nr_500607",-0.38284218958312,0.966878041201208,-0.395957063113661
"vm(ID, ginv)_Nr_500300",0.276129600787592,0.96956468106462,0.284797503642966
"vm(ID, ginv)_Nr_503043",-0.62993308898126,0.962830367341282,-0.654251372150559
"vm(ID, ginv)_Nr_503867",-0.1783981171272,0.962660415615798,-0.185317807020331
"vm(ID, ginv)_Nr_504784",-0.503603318394653,0.957100344685825,-0.526176091348043
"vm(ID, ginv)_Nr_503856",-0.217179445685011,0.959440713307409,-0.226360464667321
"vm(ID, ginv)_Nr_501970",0.0518868314531691,0.937855171632326,0.0553249936905084
"vm(ID, ginv)_Nr_503170",-0.873039111499366,0.968572816169817,-0.901366522913336
"vm(ID, ginv)_Nr_502378",0.362172069660768,0.942034434350064,0.384457357878474
"vm(ID, ginv)_Nr_501714",-0.398243319889333,0.96600638814837,-0.412257439262571
"vm(ID, ginv)_Nr_504167",0.135452207565491,0.965886160230444,0.140236202921858
"vm(ID, ginv)_Nr_502425",-0.190259002031646,0.959120280051603,-0.198368240135022
"vm(ID, ginv)_Nr_504693",0.286802295534078,0.95181509276739,0.301321441226787
"vm(ID, ginv)_Nr_501170",-0.210540167427379,0.961771334240421,-0.218908757135767
"vm(ID, ginv)_Nr_501616",-0.881784152143996,0.961976348619551,-0.916638078898061
"vm(ID, ginv)_Nr_504793",-0.0950952467041694,0.959877046674353,-0.0990702372076111
"vm(ID, ginv)_Nr_501612",-0.25132233319985,0.96025799159393,-0.261723761114116
"vm(ID, ginv)_Nr_500642",-0.933876574126438,0.964491980280113,-0.968257479813588
"vm(ID, ginv)_Nr_500973",-0.465622832100516,0.96407440365081,-0.482973959621031
"vm(ID, ginv)_Nr_502053",0.377507770167024,0.964595957306635,0.391363624642497
"vm(ID, ginv)_Nr_504933",0.949787938503972,0.783460613928536,1.21229825931059
"vm(ID, ginv)_Nr_504955",-0.840546895700043,0.959824483836557,-0.875729792118093
"vm(ID, ginv)_Nr_504404",-0.353139282042413,0.970133199732385,-0.364011129749841
"vm(ID, ginv)_Nr_504550",-0.674697340009455,0.9675572216085,-0.697320349578721
"vm(ID, ginv)_Nr_503913",0.0549675712375035,0.944986744106357,0.0581675579899108
"vm(ID, ginv)_Nr_504847",-0.0932019207907476,0.968397261613067,-0.0962434782555048
"vm(ID, ginv)_Nr_503152",-0.387423841988413,0.966538511206235,-0.40083642555009
"vm(ID, ginv)_Nr_500634",-0.912989383323173,0.963035609752541,-0.948032839157186
"vm(ID, ginv)_Nr_504959",-0.985254587735691,0.969996617586638,-1.01572992098366
"vm(ID, ginv)_Nr_501286",-0.270034250683933,0.953578786342324,-0.283179800716533
"vm(ID, ginv)_Nr_501918",-0.478160844226817,0.964619044929844,-0.495699153712639
"vm(ID, ginv)_Nr_502892",-1.02295377524,0.966270065266229,-1.05866238850952
"vm(ID, ginv)_Nr_500492",-1.27677317964113,0.966337776382978,-1.32124937143627
"vm(ID, ginv)_Nr_503297",-0.0747498446582343,0.950991292780646,-0.0786020284577683
"vm(ID, ginv)_Nr_503243",-0.6480270127593,0.973672745215678,-0.665549093310356
"vm(ID, ginv)_Nr_500653",0.224136074537569,0.972840894391392,0.230393351913714
"vm(ID, ginv)_Nr_501384",-0.314302061731209,0.967254240722735,-0.324942552328705
"vm(ID, ginv)_Nr_504912",-0.442817009557902,0.967072929438749,-0.457894121609727
"vm(ID, ginv)_Nr_504296",-0.371486777391588,0.973627522248989,-0.381549174507195
"vm(ID, ginv)_Nr_504210",-0.175894194444541,0.938125713779337,-0.18749533443224
"vm(ID, ginv)_Nr_504110",-0.510233701161724,0.951565444288429,-0.536204529309355
"vm(ID, ginv)_Nr_503287",-0.459478948010821,0.964638181256034,-0.476322580775876
"vm(ID, ginv)_Nr_502918",-0.806609689375309,0.966153742367665,-0.834866806393176
"vm(ID, ginv)_Nr_501862",-0.21671784870193,0.971042023387554,-0.223180710496847
"vm(ID, ginv)_Nr_501160",-0.613501739831104,0.967219637005547,-0.634294131713938
"vm(ID, ginv)_Nr_504709",-0.995881354612329,0.971847680906352,-1.02472987709716
"vm(ID, ginv)_Nr_504548",0.916846291707028,0.791687369524151,1.15809134640875
"vm(ID, ginv)_Nr_501821",-0.460909356582236,0.969622480668471,-0.475349288791736
"vm(ID, ginv)_Nr_502085",-0.241336212330876,0.960835619401637,-0.251173257378997
"vm(ID, ginv)_Nr_504545",-0.907671445505564,0.953734714622447,-0.951702220323271
"vm(ID, ginv)_Nr_502822",-0.465576239770249,0.967748336316851,-0.481092265724975
"vm(ID, ginv)_Nr_502389",-0.66585688501157,0.968851456872948,-0.687264162414206
"vm(ID, ginv)_Nr_501555",0.447753833476444,0.961761447212387,0.465556021999254
"vm(ID, ginv)_Nr_500890",0.224445041489022,0.957138197731337,0.234495961002303
"vm(ID, ginv)_Nr_504497",0.4026482536568,0.949676633622267,0.423984585280375
"vm(ID, ginv)_Nr_503328",0.747173560333671,0.831607198890795,0.898469327021529
"vm(ID, ginv)_Nr_502411",-0.111656320658435,0.968177108553017,-0.11532633819995
"vm(ID, ginv)_Nr_500248",-0.870110742501867,0.966621696547384,-0.900156437218161
"vm(ID, ginv)_Nr_503832",0.113528611674322,0.960267965359572,0.118225970010164
"vm(ID, ginv)_Nr_500571",-0.623463770065404,0.979309429159614,-0.636636135118625
"vm(ID, ginv)_Nr_501172",-0.446766340959482,0.966550321964404,-0.462227709004825
"vm(ID, ginv)_Nr_500540",-1.27716691809095,0.97378476610687,-1.31154949486115
"vm(ID, ginv)_Nr_504140",-0.372453383847866,0.966143353937809,-0.385505300357156
"vm(ID, ginv)_Nr_503128",-0.780055072541064,0.957684119852489,-0.814522300590318
"vm(ID, ginv)_Nr_504913",-0.891530395148131,0.976607295298977,-0.912885250232746
"vm(ID, ginv)_Nr_502592",-0.586106203559114,0.93106749707101,-0.629499155971947
"vm(ID, ginv)_Nr_501296",-0.960523043538604,0.970094893747708,-0.990133078453669
"vm(ID, ginv)_Nr_500919",-0.270342501359289,0.971714238769175,-0.278211937803566
"vm(ID, ginv)_Nr_503674",-0.40642402631034,0.945281559761231,-0.429950232408002
"vm(ID, ginv)_Nr_502937",-0.507521555623704,0.967577660935207,-0.52452797962818
"vm(ID, ginv)_Nr_500378",0.189367800253647,0.960595743275496,0.197135789513213
"vm(ID, ginv)_Nr_503114",-1.27099210189828,0.979537960613984,-1.29754246696229
"vm(ID, ginv)_Nr_504257",-1.16243030150573,0.956074361067695,-1.21583670563823
"vm(ID, ginv)_Nr_503408",0.0662914886203259,0.968073691626798,0.0684777297365932
"vm(ID, ginv)_Nr_501691",0.136758420038348,0.962367979403453,0.142106162055725
"vm(ID, ginv)_Nr_503093",-0.342152966558548,0.951089198208674,-0.359748556920817
"vm(ID, ginv)_Nr_502182",-1.48086585429632,0.972994385502725,-1.52196752248595
"vm(ID, ginv)_Nr_502824",-0.171049405796852,0.965130946645311,-0.177229220958463
"vm(ID, ginv)_Nr_502992",-0.125566749895522,0.972165941064826,-0.129161848395951
"vm(ID, ginv)_Nr_500225",0.413657902338065,0.948940760159534,0.435915411904661
"vm(ID, ginv)_Nr_501995",-0.359694134688033,0.964265796140788,-0.373023844802555
"vm(ID, ginv)_Nr_500939",-0.0637254408941657,0.966755686287845,-0.0659167996609971
"vm(ID, ginv)_Nr_503944",-0.144874083285733,0.96431568860195,-0.150235120094095
"vm(ID, ginv)_Nr_502357",-0.475843199418982,0.958907060311206,-0.496234952388974
"vm(ID, ginv)_Nr_503506",-0.478673478262754,0.961428944277872,-0.49787712457761
"vm(ID, ginv)_Nr_500278",-0.0218329100087289,0.967885262738229,-0.0225573328257543
"vm(ID, ginv)_Nr_503872",0.0378488258831549,0.96116162409996,0.0393782116702764
"vm(ID, ginv)_Nr_500562",0.750003181258621,0.956138847996258,0.784408229861565
"vm(ID, ginv)_Nr_504776",0.131782139504202,0.947334720307006,0.139108317978143
"vm(ID, ginv)_Nr_504553",-0.250309106230762,0.955762491270881,-0.261894674165258
"vm(ID, ginv)_Nr_500385",-0.0945718808739679,0.958279979126634,-0.0986891961993818
"vm(ID, ginv)_Nr_503637",-0.537640305560595,0.961361003872804,-0.559249130550056
"vm(ID, ginv)_Nr_500794",-0.2404915352242,0.967620132030215,-0.248539201762589
"vm(ID, ginv)_Nr_500345",-0.220602163996589,0.969091354847693,-0.227638150823521
"vm(ID, ginv)_Nr_501195",-0.114655816027824,0.966845357974185,-0.118587543584074
"vm(ID, ginv)_Nr_502899",-1.44656875392306,0.957916786078565,-1.51011943307195
"vm(ID, ginv)_Nr_504423",-0.990710357374735,0.981323776337232,-1.00956522328699
"vm(ID, ginv)_Nr_502074",-0.271904243470231,0.951473586841997,-0.285771720025039
"vm(ID, ginv)_Nr_504395",-0.289423503620009,0.960035956999223,-0.301471524592326
"vm(ID, ginv)_Nr_500778",-0.79499356191806,0.948592104680529,-0.83807735484558
"vm(ID, ginv)_Nr_500171",-0.367165744495657,0.982517863871668,-0.373698797748897
"vm(ID, ginv)_Nr_503230",0.131556099713132,0.963654289215898,0.136517941325385
"vm(ID, ginv)_Nr_504794",-0.827008409113233,0.961062346743035,-0.860514837477402
"vm(ID, ginv)_Nr_502104",-1.38628333004255,0.966174621483039,-1.43481654270184
"vm(ID, ginv)_Nr_503790",-0.461391462543896,0.961371766221839,-0.479930323268334
"vm(ID, ginv)_Nr_504030",-0.450360345249354,0.973611901584771,-0.462566598165338
"vm(ID, ginv)_Nr_501700",-0.559420841407272,0.969252230616719,-0.577167453152336
"vm(ID, ginv)_Nr_501683",-0.403183960965576,0.955486170012319,-0.421967343557027
"vm(ID, ginv)_Nr_504489",0.17114748196713,0.968538362945438,0.176706972604214
"vm(ID, ginv)_Nr_504728",-0.783607204757708,0.964747709622492,-0.81224054428109
"vm(ID, ginv)_Nr_503698",-0.520520246283943,0.965558335762953,-0.53908731042402
"vm(ID, ginv)_Nr_503673",-0.551018495391969,0.954000380593577,-0.57758729094964
"vm(ID, ginv)_Nr_502174",-1.28666977199151,0.95080421671347,-1.35324365350312
"vm(ID, ginv)_Nr_500891",-0.199115879973093,0.967172730149022,-0.205874166802049
"vm(ID, ginv)_Nr_502177",-0.522883428293398,0.968873823049431,-0.539681654983387
"vm(ID, ginv)_Nr_504408",-0.140530286846491,0.966421074489456,-0.1454131025865
"vm(ID, ginv)_Nr_502763",-0.851357400634186,0.974104001404379,-0.87399025094525
"vm(ID, ginv)_Nr_501529",-0.243141077166706,0.970201244581002,-0.250608910805624
"vm(ID, ginv)_Nr_502500",-0.265012871318626,0.978155946851589,-0.270931104770797
"vm(ID, ginv)_Nr_500222",-0.225547252707801,0.961723600079571,-0.234523986610228
"vm(ID, ginv)_Nr_504714",-0.617721729210855,0.96125070057143,-0.642622917043016
"vm(ID, ginv)_Nr_502568",-0.387751966079624,0.959619422504198,-0.404068484845541
"vm(ID, ginv)_Nr_502949",-0.677737109619402,0.97011771012226,-0.698613273985061
"vm(ID, ginv)_Nr_501377",-0.845562639017942,0.964872261443819,-0.876346717391022
"vm(ID, ginv)_Nr_504251",-0.642734317009487,0.954943591241596,-0.673059982709364
"vm(ID, ginv)_Nr_501949",0.494630167695919,0.959141734097837,0.51570080845368
"vm(ID, ginv)_Nr_502200",-0.18891089694892,0.962116030899712,-0.19634939121871
"vm(ID, ginv)_Nr_502226",0.0877577924961442,0.97414764515856,0.0900867470473227
"vm(ID, ginv)_Nr_504670",-0.196306146434263,0.962309645509609,-0.203994782085246
"vm(ID, ginv)_Nr_503193",-0.217571402283828,0.972613780747919,-0.223697634755412
"vm(ID, ginv)_Nr_502036",-0.643689658197905,0.98293667867341,-0.654863809809845
"vm(ID, ginv)_Nr_502315",-0.39178851010772,0.960606514702981,-0.407855353998782
"vm(ID, ginv)_Nr_502888",-0.276493440445982,0.955971371198027,-0.289227741307232
"vm(ID, ginv)_Nr_501427",-1.04042813979018,0.951792931781228,-1.09312446546864
"vm(ID, ginv)_Nr_503414",-0.362794565345755,0.957233197619905,-0.379003325676354
"vm(ID, ginv)_Nr_503898",-1.27847906817083,0.968558588971228,-1.31998113767055
"vm(ID, ginv)_Nr_502342",-0.93420910469986,0.968275817694925,-0.964817139525218
"vm(ID, ginv)_Nr_503450",-0.620181473158454,0.960571458548836,-0.645638039355635
"vm(ID, ginv)_Nr_504398",0.494436323418532,0.968748428173932,0.510386710356303
"vm(ID, ginv)_Nr_504229",-0.303298808022697,0.965378322247938,-0.31417611213441
"vm(ID, ginv)_Nr_504768",-0.879556791933562,0.962119634990395,-0.914186510643598
"vm(ID, ginv)_Nr_501718",0.347941982636864,0.969548032202131,0.358870289124907
"vm(ID, ginv)_Nr_500374",-0.234379239114739,0.97638259474021,-0.240048563316618
"vm(ID, ginv)_Nr_501793",-0.927773609418848,0.964585492315438,-0.9618365783128
"vm(ID, ginv)_Nr_504970",-0.718374764933146,0.967522441826624,-0.742488994443269
"vm(ID, ginv)_Nr_501575",-0.647071384812229,0.958586312840538,-0.675026730660059
"vm(ID, ginv)_Nr_504034",-0.282517375988974,0.968994940521801,-0.291557121894608
"vm(ID, ginv)_Nr_501594",-0.787603185388915,0.973635527383636,-0.808930203590014
"vm(ID, ginv)_Nr_500459",-1.21225896674,0.963608611808762,-1.25804081852745
"vm(ID, ginv)_Nr_503167",-0.337237595225963,0.963337220207456,-0.350072215784768
"vm(ID, ginv)_Nr_504924",-0.361607917824444,0.958750335037901,-0.377165884182089
"vm(ID, ginv)_Nr_502382",-0.655733580909155,0.954491362998494,-0.686997919865084
"vm(ID, ginv)_Nr_504200",-0.868958665599477,0.9710310492423,-0.89488247186074
"vm(ID, ginv)_Nr_502508",-0.129292562553186,0.970581701694638,-0.133211415718471
"vm(ID, ginv)_Nr_502972",-0.0868031535118894,0.961095770837885,-0.0903168613843907
"vm(ID, ginv)_Nr_500013",0.039435947657,0.958492976978408,0.0411437001670262
"vm(ID, ginv)_Nr_502148",-0.210719246263524,0.972217687300757,-0.216740807142236
"vm(ID, ginv)_Nr_503187",-0.0719477080395169,0.9753813956255,-0.0737636665638652
"vm(ID, ginv)_Nr_501716",-0.397747433341214,0.967346689525451,-0.411173612984954
"vm(ID, ginv)_Nr_503814",-0.80071021949183,0.960708757684005,-0.83345781235732
"vm(ID, ginv)_Nr_502525",-0.271938024691185,0.95546025800466,-0.284614689530979
"vm(ID, ginv)_Nr_502928",-0.896278843362646,0.966906224041775,-0.926955294191924
"vm(ID, ginv)_Nr_503444",-0.00803455457312389,0.974417525410625,-0.00824549473259739
"vm(ID, ginv)_Nr_500369",-0.0316204607848563,0.947305705971041,-0.0333793627395536
"vm(ID, ginv)_Nr_503235",-0.195790486457777,0.965211228515609,-0.202847294637135
"vm(ID, ginv)_Nr_501095",-0.52570708556236,0.964172007346309,-0.54524201237626
"vm(ID, ginv)_Nr_503556",-0.262302315766968,0.970359168352031,-0.270314667312763
"vm(ID, ginv)_Nr_501834",-0.809751431195031,0.971890949058992,-0.833171079511597
"vm(ID, ginv)_Nr_502667",-0.0904837778956261,0.975686742590923,-0.0927385542365244
"vm(ID, ginv)_Nr_504079",-0.268154038064783,0.971433211773511,-0.276039602944214
"vm(ID, ginv)_Nr_504232",0.328799331817428,0.963925632252983,0.341104459530685
"vm(ID, ginv)_Nr_504835",-0.764078566980043,0.96593026844634,-0.791028702526356
"vm(ID, ginv)_Nr_500457",1.22738813139826,0.79659627002174,1.54079070865441
"vm(ID, ginv)_Nr_504684",-0.550917732285188,0.960995983459449,-0.573277871882422
"vm(ID, ginv)_Nr_500507",-0.0890645097280446,0.979031449411635,-0.0909720620124812
"vm(ID, ginv)_Nr_503671",-0.962158885617408,0.963951522215776,-0.99814032494679
"vm(ID, ginv)_Nr_500978",-0.000172459105381789,0.958333768690348,-0.000179957245602928
"vm(ID, ginv)_Nr_503271",-0.607902344471704,0.941685124614285,-0.645547358221998
"vm(ID, ginv)_Nr_504880",-0.341185889801555,0.963474255130939,-0.354120401229804
"vm(ID, ginv)_Nr_503497",-0.33957303866708,0.967754961356187,-0.350887416987468
"vm(ID, ginv)_Nr_504088",-0.215288689591425,0.954211698754472,-0.225619419540172
"vm(ID, ginv)_Nr_502290",-0.261888930587482,0.971841589246772,-0.2694769739073
"vm(ID, ginv)_Nr_501084",0.108948527465766,0.970145774912815,0.112301192545581
"vm(ID, ginv)_Nr_501025",-1.11182451052142,0.964668104397603,-1.15254615079837
"vm(ID, ginv)_Nr_501252",0.189512328634706,0.965293964801339,0.196326026625172
"vm(ID, ginv)_Nr_502817",0.215904971902554,0.97371286960481,0.221733714981277
"vm(ID, ginv)_Nr_504642",-1.21033118517666,0.958887872022369,-1.26222389550509
"vm(ID, ginv)_Nr_501206",0.214114672504033,0.950194549041377,0.22533771922818
"vm(ID, ginv)_Nr_503534",-0.856047699392967,0.967392155778317,-0.884902460992391
"vm(ID, ginv)_Nr_502047",-0.375592610170108,0.960927120543874,-0.390864824334989
"vm(ID, ginv)_Nr_502419",-0.538613903851777,0.964578080725588,-0.558393265008276
"vm(ID, ginv)_Nr_501731",0.120947341762421,0.96639326627513,0.125153336621022
"vm(ID, ginv)_Nr_504434",0.279462329674772,0.969200859857536,0.288343047607129
"vm(ID, ginv)_Nr_503261",-0.653875508427573,0.964697485748675,-0.677803682591873
"vm(ID, ginv)_Nr_504831",-0.329380634555091,0.978428563590086,-0.336642496766974
"vm(ID, ginv)_Nr_503792",-0.204712226047894,0.947346890573492,-0.216090038490513
"vm(ID, ginv)_Nr_501685",-1.07574854031956,0.962017187714948,-1.11822174703007
"vm(ID, ginv)_Nr_504174",0.0281641823547099,0.959664379160722,0.0293479501441337
"vm(ID, ginv)_Nr_500687",0.0727098974032441,0.971151391220364,0.0748697865858748
"vm(ID, ginv)_Nr_501531",1.08033987800009,0.821952449015691,1.3143581228985
"vm(ID, ginv)_Nr_503493",-0.0210785023291091,0.972702504399181,-0.0216700401549073
"vm(ID, ginv)_Nr_500113",-0.716316883178713,0.965982992488432,-0.74154192025
"vm(ID, ginv)_Nr_500523",0.270188837119677,0.962200215736295,0.280803135044948
"vm(ID, ginv)_Nr_502010",0.196010647801574,0.957908005669513,0.204623665990322
"vm(ID, ginv)_Nr_502603",-0.420180223145626,0.971377818915523,-0.432561064256881
"vm(ID, ginv)_Nr_501749",-0.399580294116479,0.975500167204245,-0.409615813046618
"vm(ID, ginv)_Nr_501313",-1.06315128908419,0.972348555828891,-1.09338496232752
"vm(ID, ginv)_Nr_504949",0.322793713006691,0.960096710804643,0.336209581153717
