"","Np2_503988","Np2_500664","Np2_500065","Np2_503561","Np2_500844","Np2_501291","Np2_503413","Np2_503520","Np2_503315","Np2_502496","Np2_503817","Np2_504491","Np2_501462","Np2_502321","Np2_500621","Np2_504656","Np2_504754","Np2_503739","Np2_500936","Np2_501560","Np2_502280","Np2_503949","Np2_500236","Np2_504210","Np2_502745","Np2_502705","Np2_501128","Np2_503011","Np2_503741","Np2_503108","Np2_504713","Np2_502872","Np2_504792","Np2_504365","Np2_500460","Np2_502070","Np2_504795","Np2_503295","Np2_503964","Np2_503314","Np2_502462","Np2_503605","Np2_503444","Np2_502385","Np2_502931","Np2_500505","Np2_501525","Np2_504290","Np2_501391","Np2_501270","Np2_501081","Np2_502492","Np2_500453","Np2_504466","Np2_502036","Np2_503547","Np2_504652","Np2_504052","Np2_503169","Np2_502172","Np2_503249","Np2_503162","Np2_502606","Np2_500087","Np2_504109","Np2_500343","Np2_503154","Np2_500252","Np2_500880","Np2_502435","Np2_503804","Np2_503551","Np2_504309","Np2_500283","Np2_501788","Np2_503118","Np2_504247","Np2_504095","Np2_504757","Np2_503724","Np2_501378","Np2_504144","Np2_501549","Np2_503934","Np2_504855","Np2_504970","Np2_501599","Np2_501947","Np2_504582","Np2_501929","Np2_500998","Np2_500004","Np2_503839","Np2_503888","Np2_501775","Np2_502633","Np2_501600","Np2_504653","Np2_504809","Np2_502917"
"Np2_503988",0.97807065,-0.02149657,-0.00998897,-0.01849881,0.01144527,0.00477785,-0.00378979,-0.01326035,-0.01012122,0.02587615,-0.0088671,-0.02251204,-0.01581269,0.01517421,-0.01649374,-0.02378135,-0.01019115,0.00501195,-0.00944932,0.01883782,-0.01724317,-0.00997529,0.0077528,0.00710065,-0.01464526,-0.01064568,-0.0114681,-0.00728917,-0.00633602,0.00333673,-0.00789267,-0.0125413,0.00701247,-0.03081514,-0.00857826,-0.00690154,-0.00364687,0.00678901,-0.00447839,-0.0149751,0.0014335,-0.02054497,-0.0219177,-0.03926875,-0.01956293,-0.0040406,0.0319522,-0.01469691,0.00095464,0.00073726,-0.00207199,0.00933071,-0.01609393,-0.01993844,-0.02299247,-0.01564247,-0.01250787,-0.01411621,-0.00284423,-0.01071865,-0.02620604,-0.01769009,-0.02275073,-0.02246797,-0.02549918,-0.01871928,-0.01447345,-0.0186037,-0.0127739,-0.00331548,-0.00106108,-0.01000113,-0.02796026,-0.01677345,-0.00541482,-0.00448601,-0.00949949,0.00566867,0.0053175,-0.01717324,-0.02753921,-0.01895182,0.01004976,-0.01535058,-0.01718996,-0.01003155,-0.0031133,-0.02536081,-0.01686163,-0.02204081,-0.00255388,-0.022959,0.01055446,-0.01473188,-0.01506023,-0.01076881,-0.01961765,-0.02095387,-0.02096149,-0.0060168
"Np2_500664",-0.02149657,0.98828145,-1.977e-05,0.0051518,-0.02951089,-0.0028868,-0.02057548,-0.01499639,-0.00547258,-0.00687114,-0.01789989,0.01117164,-0.02940597,-0.01012427,0.00411658,-0.01077186,-0.02120016,-0.01222969,-0.01726599,-0.00402844,-0.01092236,-0.00076617,-0.00173604,-0.0177418,-0.02459019,0.00190779,-0.02688558,-0.00051231,-0.02023332,-0.01223273,-0.00567628,-0.01078097,-0.02862309,-0.02890281,-0.03296465,-0.01030975,-0.01587201,-0.01987762,-0.01503134,-0.01625508,-0.00668721,-0.01528827,0.00462128,-0.00680121,-0.00913769,0.00304031,-0.00155513,-0.00731198,0.00484322,-0.01680843,0.01899438,-0.01581573,-0.01828601,0.00705658,-0.00952688,-0.01753052,0.00217381,-0.00019459,-0.00047582,-0.00835024,-0.03827918,-0.00635276,-0.0003162,-0.02146772,0.0097047,-0.01483071,-0.01742561,0.00671909,-0.01344583,0.02003114,-0.02468742,-0.01204119,-0.00734998,-0.00695627,0.0037943,-0.00713413,-0.01655608,-0.01172502,-0.02074108,-0.00279559,0.00933681,-0.00822255,-0.00217536,-0.0055334,-0.00767681,-0.0081192,-0.00986588,-0.01812791,-0.01114887,-0.01754419,-0.00535402,-0.00888536,-0.00881542,-0.02163645,-0.00980352,-0.01296089,-0.02363394,-0.00581614,-0.01464068,-0.00684074
"Np2_500065",-0.00998897,-1.977e-05,0.98210875,-0.0044708,-0.02362787,-0.01463763,-0.01727671,-0.01306579,-0.0065823,0.00509253,-0.00776042,-0.01228442,-0.01227377,-0.03297226,-0.01584312,-0.00823318,-0.00209175,0.01539158,-0.00682249,-0.00696236,-0.01932882,-0.02270205,-0.01151066,-0.01976361,-0.01049826,-0.00923497,-0.02753923,-0.01059097,0.01118835,-0.02109525,-0.00313762,-0.01341084,-0.00799453,-0.0202835,-0.01841672,0.00439021,-0.01242124,-0.00989017,0.00316496,-0.0021632,0.01500551,0.00534031,-0.03510055,-0.00791093,-0.0140478,0.0239729,0.02500205,-0.01389427,-0.00325924,-0.01685403,-0.00917417,-0.02695848,0.00583892,0.00229847,-0.01671725,-0.00571885,-0.01246531,-0.00814502,-0.00827424,-0.01158818,-0.01506632,-0.02053583,-0.00431423,0.01451447,-0.02272034,-0.00241099,-0.03039257,-0.01643292,-0.01957206,0.00676013,0.01159881,-0.00904647,-0.01651652,-0.01277849,-0.01798957,-0.01082811,-0.01705773,-0.01648311,-0.01607418,-0.00800973,-0.00241402,-0.01252459,0.0108524,-0.00785924,-0.00650628,-0.02625471,-0.01584012,-0.01482915,-0.01134649,-0.00831681,-0.00707179,-0.01729185,-0.00794893,0.00735301,-0.02368258,-0.01011818,-0.01714284,-0.03292056,-0.01179798,-0.02117583
"Np2_503561",-0.01849881,0.0051518,-0.0044708,0.98272298,-0.00082242,-0.02390756,-0.0194019,-0.0164071,-0.01068369,-0.00448144,-0.00106869,-0.02444264,0.01509212,-0.01153497,-0.00778323,-0.00655798,0.00870441,-0.02412949,-0.0197408,-0.03143391,-0.01385322,-0.02345909,-0.01363584,-0.02264887,-0.0279771,-0.0118162,-0.0105104,0.00339755,-0.0166275,-0.01212328,-0.02517688,0.00589819,-0.01011971,0.01529126,-0.02130198,-0.01354464,-0.01211416,-0.01505567,-0.00139248,-0.00155209,-0.01706688,-0.00696995,-0.01959186,-0.00638773,-0.02164556,-0.02041271,-0.02303194,-0.01085091,-0.0070566,-0.01061833,-0.01722796,-0.01281798,-0.00555924,-0.01001179,0.0085205,-0.02319767,-0.00212519,-0.00145329,-0.01100749,-0.01325731,-0.00867861,0.00622199,0.01149849,-0.0084369,-0.00751569,-0.0236902,-0.01792422,-0.00077225,-0.01683274,-0.00463802,-0.0172812,-0.00220272,-0.01529736,-0.01733592,-0.00658534,0.00954507,-0.0248075,-0.00690306,0.00657924,0.00278644,2.127e-05,-0.00294456,0.00112643,-0.00177556,-0.01319195,-0.01576256,-0.01370885,0.00250369,0.01039484,-0.00542546,-0.01725382,-0.01364041,-0.0260358,-0.02745562,-0.00680577,-0.01239538,-0.00969103,0.00052596,-0.01939574,0.00056549
"Np2_500844",0.01144527,-0.02951089,-0.02362787,-0.00082242,1.00172151,-0.00840499,-0.0187969,-0.02127467,-0.02512826,-0.0307833,-0.00958463,-0.03751909,0.02679433,0.00062325,-0.02694032,-0.00260861,-0.00908449,-0.0017862,-0.02035193,-0.00574623,-0.02480143,-0.01510128,-0.00208567,-0.00562613,-0.01733902,-0.01759586,-0.00382474,-0.00481436,0.00404361,0.00261923,-0.01332271,-0.00596207,-0.00829857,-0.0172432,-0.00686353,-0.01020334,-0.01394142,-0.01566679,0.00088472,0.01151825,-0.03363972,-0.02263067,-0.01625057,-0.0114073,-0.00933532,-0.01479117,-0.00676929,-0.01617453,-0.03487861,0.00488427,-0.00142136,-0.0277186,0.05615627,-0.02156809,-0.01367694,-0.00359064,-0.02614678,-0.01148939,-0.0105545,-0.0106761,0.01944134,-0.01658344,-0.00568239,-0.03838714,-0.01603164,-0.02186908,0.0062433,-0.01111238,-0.03234145,-0.01741042,-0.03765444,0.00129061,-0.02487742,0.02583363,-0.00096379,-0.0134124,-0.02633074,0.04265118,-0.0001125,0.00658381,-0.01928782,-0.0038597,-0.00678145,0.00460608,-0.01152282,-0.01242126,-0.03012969,0.02712725,-0.00982634,-0.0025402,-0.01619277,-0.01546768,-0.02649492,-0.02396233,-0.00832898,-0.00418957,0.00125108,-0.01893513,-0.01331816,-0.00871054
"Np2_501291",0.00477785,-0.0028868,-0.01463763,-0.02390756,-0.00840499,0.99644279,-0.0142151,-0.00954814,-0.01917835,-0.02452935,0.00229391,-0.0280728,-0.00723597,-0.01364498,-0.0115654,-0.00775587,-0.01331966,-0.01012579,-0.01941855,-0.02411892,-0.01125072,0.00209781,0.00036786,-0.02278267,-0.01442942,-0.01559837,-0.008972,-0.00904953,-0.01630524,-0.01043288,-0.01831795,0.02841478,-0.02059058,-0.00430055,0.0098795,-0.00379738,-0.01954472,-0.01412534,-0.01992019,-0.02023183,-0.00291112,-0.00391139,-0.01212484,-0.00576142,-0.00748984,-0.00762514,-0.03639113,-0.02268993,-0.0187436,-0.01318437,-0.02268232,-0.01188765,-0.01572608,0.00125564,-0.00894315,-0.02819598,-0.00408316,-0.01450843,0.00998896,-0.01977577,-0.02234182,-0.01488998,-0.00976554,-0.00963479,-0.01327407,-0.00147762,-0.00437656,0.00380647,-0.00602137,-0.00507583,-0.02258353,-0.0005123,-0.00691825,-0.0164056,0.00285789,0.02294074,0.00044539,-0.02178242,0.00173297,-0.01300498,-0.01242581,0.01273132,-0.00873638,-0.02212748,-0.01545395,-0.00829554,-0.00593778,-0.02818529,-0.01345345,-0.01118384,-0.01814769,0.00705202,-0.00412725,-0.01223579,-0.01986091,-0.01708965,0.03410783,0.00221638,-0.00341582,-0.02221868
"Np2_503413",-0.00378979,-0.02057548,-0.01727671,-0.0194019,-0.0187969,-0.0142151,1.06839879,-0.0295171,-0.01011216,-0.02245595,-0.01767499,0.00805232,-0.02462064,-0.01476388,-0.01283631,-0.03258934,-0.01854301,-0.01094065,-0.00898421,0.02675194,-0.00051231,-0.00555774,-0.02613779,-0.0047475,-0.02846979,-0.02082173,-0.02316434,-0.01412085,-0.02046449,-0.01428806,0.00518984,-0.01420444,0.00884584,-0.02305335,-0.00735306,0.0125657,-0.0028777,-0.02284509,-0.01997501,-0.01739834,-0.01026269,-0.02084001,-0.01217962,-0.00627223,-0.00891276,-0.00691982,-0.01136326,-0.01407981,-0.00633303,-0.01764766,0.02818844,-0.02197553,-0.01517281,-0.01232859,0.01654097,0.02890753,-0.01265084,0.00079047,0.0082621,-0.00204463,0.00040587,-0.02497787,0.00826971,-0.02762755,-0.00147153,0.00363623,-0.01598458,-0.0333403,-0.01048461,-0.00953907,-0.01290929,0.00399346,-0.01989442,-0.03211815,-0.0142227,-0.01861447,0.00206285,-0.02654977,-0.01990813,-0.00728313,-0.03072261,-0.00343711,0.01249121,-0.01914197,-0.00714783,0.01293207,-0.02925116,-0.02200746,-0.01350823,-0.01610316,0.00201573,-0.01428505,-0.00889452,-0.00849016,-0.01292296,-0.01304,0.0126189,-0.0057432,-0.01563191,-0.01999326
"Np2_503520",-0.01326035,-0.01499639,-0.01306579,-0.0164071,-0.02127467,-0.00954814,-0.0295171,0.99259321,-0.0176065,-0.00395548,-0.00935964,0.00040587,-0.00931251,0.00388856,-0.01166573,-0.01408884,-0.02041272,-0.02025918,-0.01343824,-0.03349223,-0.02168813,-0.00073881,-0.0011006,0.00569603,-0.01072933,-0.00931403,-0.02472999,0.01547675,-0.01245316,-0.02588681,0.00377607,-0.0163782,-0.02342719,-0.02325086,-0.02396836,-0.01149852,-0.00398739,0.00477633,-0.01378786,-0.01637974,-0.01243647,-0.00279559,-0.02104211,-0.00783796,-0.01245469,-0.02961577,-0.03375517,-0.00789268,0.02356857,-0.01282866,-0.01867822,0.05185867,-0.03224414,0.0178771,-0.01649228,-0.00427774,-0.02652984,-0.02372972,-0.00044846,-0.01105917,0.03775623,0.05645718,0.00123132,0.01245922,0.02386957,-0.01221908,-0.01101358,-0.007087,-0.00718581,-0.00867253,-0.00504999,-0.00350094,-0.01157907,-0.00647286,-0.00955573,-0.02504466,-0.02732187,-0.00318475,0.01029756,-0.00748072,-0.01343824,-0.03130161,-0.01324518,-0.02344393,-0.01342605,-0.03195838,-0.00345382,-0.003355,-0.02632313,-0.02739788,-0.01672785,-0.00672977,-0.0034675,-0.0083837,-0.0196572,-0.02296658,-0.01357352,-0.00730894,-0.01187704,-0.01988675
"Np2_503315",-0.01012122,-0.00547258,-0.0065823,-0.01068369,-0.02512826,-0.01917835,-0.01011216,-0.0176065,0.98473291,-0.01540988,-0.01777372,-0.006032,-0.00237298,-0.01091019,-0.01369513,-0.01703035,-0.01286512,-0.01255956,-0.00741079,-0.03050509,-0.01550867,-0.01690569,-0.00708243,-0.01791966,-0.02081561,-0.00769505,-0.01414207,-0.0114833,0.00619159,-0.02137953,-0.00707027,-0.00700642,-0.00964694,-0.01555124,-0.01702883,-0.00547107,0.001584,-0.01412685,-0.00107173,-0.01552084,-0.00124047,-0.00710524,0.00550754,-0.00181053,0.00056549,-0.0062585,0.00586781,-0.0242116,-0.01220842,-0.0095375,-0.01797132,-0.01447344,-0.00235018,-0.02504467,-0.01380918,-0.01071563,-0.00469275,-0.02697525,0.0096834,-0.0027515,-0.01641471,-0.00941891,-0.0225364,-0.01313267,-0.01266752,-0.01318437,-0.01243492,-0.00379585,-0.00982328,0.00632386,-0.02395319,-0.01799564,-0.00281534,0.00487514,-0.01660166,-0.00792005,-0.00046822,-0.01296698,-0.00982177,0.00371525,-0.0122753,0.00573706,0.01132822,0.01420285,-0.0101349,0.01663359,-0.01688447,0.01118531,-0.00539811,-0.03946035,-0.0105484,-0.02517692,-0.00306466,-0.0122373,-0.01910234,0.01620031,-0.02426783,-0.01785124,-0.01451451,-0.01583552
"Np2_502496",0.02587615,-0.00687114,0.00509253,-0.00448144,-0.0307833,-0.02452935,-0.02245595,-0.00395548,-0.01540988,1.00428485,-0.00564286,-0.00895072,0.0041333,-0.01352489,-0.02664693,-0.01280432,-0.01183143,-0.00514119,-0.00060047,-0.01426979,-0.01037055,-0.01936837,-0.01957817,-0.01977428,-0.00716455,-0.00970167,-0.02101322,0.01098468,-0.01360089,-0.00788053,-0.02473455,0.00998895,-0.01712614,-0.01558167,-0.00976248,-0.0159906,-0.00893552,-0.02267017,0.00725875,-0.0026299,-0.01510437,-0.01838486,-0.00714023,-0.01871472,0.00600767,0.0108889,-0.00389162,-0.02545816,-0.02516022,-0.00394331,-0.00644853,-0.02696917,-0.01454187,-0.00622509,-0.03801023,-0.00344926,-0.00411509,0.0011173,-0.00250828,0.00497091,-0.0030677,-0.0082332,-0.00204463,-0.03049294,0.00554402,-0.01655915,-0.00532058,-0.02100407,-0.02292709,0.00598942,0.06175356,0.00842472,-0.03446507,-0.01689358,0.01726749,-0.00916659,-0.01615629,-0.01725386,-0.01198041,-0.00209175,7.58e-06,-0.02834492,-0.0368913,-0.01379852,-0.01883023,-0.00893553,-0.00581769,-0.0155999,0.00019609,-0.00969561,-0.01893971,-0.01563034,0.01712309,-0.00451489,-0.00636341,-0.02593851,-0.02901077,-0.01909779,-0.02214574,-0.02225061
"Np2_503817",-0.0088671,-0.01789989,-0.00776042,-0.00106869,-0.00958463,0.00229391,-0.01767499,-0.00935964,-0.01777372,-0.00564286,0.98845781,-0.00416981,-0.01586439,-0.0213613,-0.01411318,-0.00346294,-0.02103598,-0.01388971,-0.01193327,-0.01252919,-0.01486261,-0.01261125,-0.00628435,-0.01590545,-0.02366593,-0.02453081,-0.0087835,0.00071599,-0.00441152,-0.00157946,-0.004448,-0.01836959,-0.03241133,-0.00897655,-0.01744687,0.02694636,-0.01418767,-0.02883439,-0.01410709,-0.01137841,-0.02096458,0.02744042,-0.00251132,-0.02518298,-0.00015659,-0.00576446,-0.00929579,-0.01733288,-0.02645993,-0.03321401,-0.0080523,0.01247137,-0.00945693,-0.01071716,-0.00115382,-0.00900545,-0.01058336,-0.01857637,-0.00167978,0.01856873,-0.01865694,-0.02367041,-0.02310647,-0.00488581,-0.00548476,-0.01953105,-0.00205983,-0.01439896,-0.03380381,-0.01279216,-0.01585833,-0.01142097,0.00345531,0.01312201,0.01687984,-0.00925019,-0.0201923,-0.00335197,-0.01753658,0.01044196,-0.00129215,-0.01459506,-0.01174021,-0.01829058,-0.020586,-0.01114736,-0.0162384,-0.02267623,-0.01372098,-0.02239655,0.0018029,-0.00644094,-0.01275568,-0.01189527,-0.01055145,-0.00291567,0.00161287,-0.00656406,0.02398357,-0.00789268
"Np2_504491",-0.02251204,0.01117164,-0.01228442,-0.02444264,-0.03751909,-0.0280728,0.00805232,0.00040587,-0.006032,-0.00895072,-0.00416981,0.98594616,-0.00640292,-0.00019459,-0.00586783,-0.01695586,-0.01461482,-0.02251812,-0.01265687,-0.01796528,7.143e-05,-0.00740622,-0.01932124,-0.01982138,-0.01481249,-0.0108129,-0.01437161,-0.02904267,-0.00407099,-0.02160908,0.01291831,-0.0086041,-0.00729222,0.0089978,-0.0155862,0.00250825,-0.02540037,-0.02165316,-0.01832705,0.00902821,-0.01484744,-0.01508761,-0.01995671,0.00875307,-0.0048326,-0.006032,-0.00211455,0.01249874,-0.02049482,0.00361037,-0.01546459,-0.00178164,-0.02066962,-0.01463309,-0.00385363,-0.00212824,-0.01100293,-0.00759473,-0.02140538,-0.01575038,-0.01375594,-0.01375288,-0.00574014,-0.01777069,-0.01213698,-0.02238287,-0.01281649,-0.0060016,-0.01035686,0.00305399,0.00089992,0.00457718,-0.01110173,-0.02241326,-0.01151066,-0.00115686,-0.01133889,-0.01745298,-0.00868316,-0.00685137,-0.02071371,-0.02139929,-0.00227873,-0.0059408,0.01137381,-0.00503023,-0.01346562,-0.00272566,-0.02417361,-0.00320603,-0.01457834,-0.00534034,-0.0194079,-0.00364992,-0.0165956,-0.00835176,-0.01796069,0.00897804,0.00076159,-0.01302474
"Np2_501462",-0.01581269,-0.02940597,-0.01227377,0.01509212,0.02679433,-0.00723597,-0.02462064,-0.00931251,-0.00237298,0.0041333,-0.01586439,-0.00640292,0.98444708,0.01258538,-0.01710638,-0.01998553,-0.0062433,-0.01961917,-0.01644663,-0.01080988,0.03610984,0.00339754,-0.01155779,-0.00476115,-0.00309659,-0.01004217,-0.00356783,-0.00197318,-0.0218462,-0.00913313,-0.0323718,0.00919238,-0.00211303,-0.01698627,-0.00782274,-0.02910044,-0.01444457,-0.01966631,-0.00265877,-0.01361152,-0.02061342,-0.01386084,-0.0044404,-0.00400563,-0.03340096,-0.01042983,-0.02597041,-0.02306235,0.00368638,-0.0200935,-0.0169741,-0.0181887,0.00047124,-0.02207124,-0.01022768,-0.02872042,0.01165808,-0.0238498,-0.01698628,-0.02638084,0.00966517,-0.0132862,-0.010442,-0.00955118,-0.00619771,-0.00823472,-0.01219778,-0.02772922,0.02248923,-0.01365713,-0.01033862,-0.00286095,-0.01945195,-0.00188045,-0.0075476,-0.01543572,-0.01345647,-0.00634517,-0.01292897,0.01140118,-0.01082203,-0.00937939,-0.01898985,-0.01824345,-0.02175499,-0.00289136,-0.004334,-0.02445329,-0.00728918,0.00698969,0.00215405,-0.01840309,-0.02046137,-0.00911186,-0.00776803,-0.00545282,-0.00381257,-0.00210847,-0.01914187,-0.01316611
"Np2_502321",0.01517421,-0.01012427,-0.03297226,-0.01153497,0.00062325,-0.01364498,-0.01476388,0.00388856,-0.01091019,-0.01352489,-0.0213613,-0.00019459,0.01258538,0.98941564,-0.00876981,-0.01757761,-0.00231522,-0.01067457,-0.00385362,-0.01007413,-0.00207047,-0.01304449,-0.0190309,0.0044875,-0.01056971,-0.02572413,-0.00997683,-0.0085342,0.00518829,-0.02800743,-0.01202599,0.01266442,-0.01445064,-0.03479646,0.00249001,0.00705505,-0.00823624,-0.02774749,-0.00253108,0.00506212,-0.02094178,0.00800515,-0.01434579,-0.01892753,-0.0087987,-0.01182229,-0.02310644,-0.01487781,-0.01260366,0.00146846,-0.01502223,0.030128,-0.00700187,-0.00887016,-0.02210928,-0.00959071,-0.01208072,-0.01460115,-0.01305818,-0.01895639,-0.02501882,-0.02243148,-0.02338771,-0.00699123,-0.00607002,-0.02498083,-0.00477331,-0.01224793,-0.02070763,0.01459352,-0.01021093,-0.01018204,-0.00609889,-0.01543421,0.0050454,-0.01515601,-0.0078562,-0.01549045,0.00756887,-0.0120336,0.00253106,-0.02840571,-0.02539886,-0.02526052,0.00178313,-0.02602214,-0.02153618,-0.00623571,-0.00883367,0.00590125,-0.00699123,-0.01052257,0.01295784,-0.03376278,-0.00885646,-0.00426102,-0.01326188,-0.00532513,-0.01840612,-0.0071098
"Np2_500621",-0.01649374,0.00411658,-0.01584312,-0.00778323,-0.02694032,-0.0115654,-0.01283631,-0.01166573,-0.01369513,-0.02664693,-0.01411318,-0.00586783,-0.01710638,-0.00876981,0.99585592,-0.00364079,-0.00874854,0.00387031,0.00081023,-0.01285907,-0.01732072,0.00210844,-0.01664729,-0.02155589,0.01066394,-0.00266637,-0.02537911,0.0022103,-0.02085507,-0.00494966,-0.01511496,0.00258274,0.00055029,-0.01994755,-0.01032797,0.01095883,-0.00433247,-0.00666591,-0.00303577,-0.01414055,-0.01460575,-0.02244672,-0.0019291,-0.01183143,-0.00033445,-0.01855965,-0.01190591,-0.00230914,-0.009764,-0.00374874,-0.02403982,-0.00610041,-0.01966786,-0.01849583,-0.01136476,-0.03107365,-0.01881807,-0.02939537,0.01075968,-0.0203732,-0.0177707,-0.02263215,-0.01142708,-0.01129633,-0.00277431,0.00841408,-0.01865543,-0.01001635,-0.0038825,-0.00445713,-0.00220273,-0.01600729,-0.00173908,0.00306312,0.0016524,-0.02037321,0.00045603,-0.0267883,-0.0058572,-0.03047619,-0.00390226,-0.00549995,0.00145935,-0.00661119,-0.01696347,0.00266027,-0.01322392,-0.02255007,-0.01572305,-0.01071716,-0.0205693,-0.00707485,-0.0143017,-0.01161708,-0.00753697,0.00055485,-0.00935812,-0.01099836,0.00708394,0.00105042
"Np2_504656",-0.02378135,-0.01077186,-0.00823318,-0.00655798,-0.00260861,-0.00775587,-0.03258934,-0.01408884,-0.01703035,-0.01280432,-0.00346294,-0.01695586,-0.01998553,-0.01757761,-0.00364079,0.97915011,0.00311783,-0.0272838,5.928e-05,-0.02516324,-0.01639947,-0.00867555,-0.0075172,-0.02017861,-0.0233786,0.00798386,-0.02841028,-0.02575151,-0.01750158,-7.602e-05,-0.0214905,-0.00987343,-0.00704138,-0.00534489,-0.02141599,-0.00712196,-0.02438944,-0.0154737,-0.01169155,0.04105037,-0.008972,-0.00966823,-0.02578651,-0.00467754,-0.01643901,-0.0003086,-0.0006476,-0.00564437,-0.0061065,-0.00723597,-0.0032045,-0.02220494,-0.01205791,-0.01316613,0.00186979,-0.0196633,0.00505755,-0.0149447,-0.02617106,-0.00242619,0.01279365,-0.00985368,-0.01810665,-0.00596663,-0.01416638,-0.0180276,-0.01119751,-0.00255844,-0.00904192,-0.02512216,-0.01739521,-0.01691025,-0.01693152,-0.01501768,0.00576595,-0.00227417,0.00487361,0.02931476,0.004337,-0.02028197,-0.00465322,0.03175304,0.00390072,-0.01450689,-0.01193781,-0.00143505,-0.00090147,-0.0204127,-0.02240261,-0.01040399,-0.0179759,0.00631169,0.02416749,-0.02422527,-0.02804999,-0.01919808,0.00098809,-0.02147833,-0.0096287,-0.0174864
"Np2_504754",-0.01019115,-0.02120016,-0.00209175,0.00870441,-0.00908449,-0.01331966,-0.01854301,-0.02041272,-0.01286512,-0.01183143,-0.02103598,-0.01461482,-0.0062433,-0.00231522,-0.00874854,0.00311783,0.98748173,-0.01825408,-0.01872991,-0.01689357,-0.01299433,-0.0090708,-7.61e-06,-0.00339605,-0.00112341,-0.01278151,-0.0020507,-0.00076009,4.103e-05,-0.00062328,-0.01018052,0.00265267,-0.01336525,-0.02002963,-0.00478547,-0.01724624,-0.0028944,-0.01282864,0.0032668,-0.02607988,0.00902671,-0.00033445,-0.02146926,-0.02589898,-0.00968951,0.00203244,-0.01092388,-0.00892791,0.02207728,-0.01082356,-0.02457794,-0.01271917,0.01551778,-0.01705775,-0.01053475,-0.00257668,-0.02163643,0.00183786,-0.0072603,-0.02379962,-0.01572455,-0.01496142,-0.02184625,-0.01441873,0.01204118,-0.00686962,-0.01569719,-0.02438792,-0.02965529,-0.02141299,-0.00745336,0.01188154,0.00501955,-0.00401172,-0.01454337,-0.03428874,-0.0076829,-0.01501313,-0.02858967,-0.01155627,-0.0120412,0.00110666,-0.01458443,-0.01718238,-0.00944476,0.00516245,-0.0076814,-0.00134991,-0.02066964,-0.00487061,-0.00925018,-0.00609282,-0.02289668,0.00183026,-0.00214648,-0.01153649,-0.00807206,-0.00925626,-0.02096911,-0.02821874
"Np2_503739",0.00501195,-0.01222969,0.01539158,-0.02412949,-0.0017862,-0.01012579,-0.01094065,-0.02025918,-0.01255956,-0.00514119,-0.01388971,-0.02251812,-0.01961917,-0.01067457,0.00387031,-0.0272838,-0.01825408,0.98322774,-0.02465701,-0.0202364,-0.00478395,0.01555728,-0.01368753,0.0092228,-0.00887473,-0.00593927,-0.02074716,-0.01869646,0.00445101,0.01305967,-0.02370842,-0.01482762,0.00244593,-0.01759585,-0.02986655,-0.01055601,-0.0297997,-0.00781059,-0.03640781,0.01800628,-0.00298105,-0.0161426,0.00376695,-0.0236172,-0.01561661,-0.01924826,-0.00620986,-0.01683122,0.0155421,0.01030819,-0.02776875,-0.01864626,0.03862572,-0.01675219,-0.01980622,-0.01792879,-0.01251396,1.519e-05,-0.01288336,0.01207764,-0.00933836,8.967e-05,-0.0177403,-0.00362408,-0.01425608,-0.02176569,-0.04108234,-0.02271422,0.0243119,0.00534335,0.02082314,-0.0002782,-0.02173371,-0.02635656,0.00081175,-0.01786949,-0.01193783,-0.01561966,-0.01323453,-0.02052368,-0.00580703,-0.01257325,-0.01108654,-0.01216434,-0.01354766,-0.00517312,-0.00752786,-0.01411772,-0.02036409,-0.02083077,-0.01806559,-0.01916468,-0.01407822,0.02569829,-0.00032077,-0.01153497,-0.02266406,0.00229847,-0.00926235,-0.01544787
"Np2_500936",-0.00944932,-0.01726599,-0.00682249,-0.0197408,-0.02035193,-0.01941855,-0.00898421,-0.01343824,-0.00741079,-0.00060047,-0.01193327,-0.01265687,-0.01644663,-0.00385362,0.00081023,5.928e-05,-0.01872991,-0.02465701,0.99641542,-0.01523964,-0.02441378,-0.01836202,-0.00732263,-0.01557558,-0.02105581,-0.00291872,-0.01772662,-0.00199446,-0.01031429,-0.00261773,-0.00183788,-0.00496637,-0.00395851,-0.01807168,-0.01301257,-0.00966368,-0.00671305,-0.00980657,0.00157639,-0.0210816,-0.00664921,0.00694409,-0.01236655,0.02683234,-0.00894768,-0.01394748,-0.01595866,-0.01092237,-0.00393571,-0.01205794,0.00535095,-0.02717893,-0.02676093,-0.00339454,-0.01678568,-0.0191647,-0.015118,-0.0030449,-0.01670354,-0.00998442,-0.02288757,-0.00570669,-0.03022541,0.004261,-0.01640408,0.01317828,-0.01024286,-0.02395012,0.0086345,-0.04058527,-0.00351919,-0.01413141,-0.01111237,-0.0090465,-0.0115213,-0.0049679,-0.02518301,-0.01411928,0.01350054,-0.0076221,-0.01175542,-0.00347206,0.00272715,-0.00610346,-0.00247028,-0.01309773,-0.01590853,-0.01018509,-0.00305402,0.01031276,-0.00197167,-0.01918447,0.00247177,-0.01095733,-0.00292481,0.00288677,-0.01736329,-0.03618133,-0.01247446,-0.0026983
"Np2_501560",0.01883782,-0.00402844,-0.00696236,-0.03143391,-0.00574623,-0.02411892,0.02675194,-0.03349223,-0.03050509,-0.01426979,-0.01252919,-0.01796528,-0.01080988,-0.01007413,-0.01285907,-0.02516324,-0.01689357,-0.0202364,-0.01523964,1.0131638,-0.01208834,-0.01485351,-0.00639838,-0.01434731,-0.01952351,-0.00229849,-0.01589028,-0.01931216,-0.02687189,0.00210693,0.01246379,-0.00814655,-0.00865886,-0.01714744,-0.0098081,-0.01421202,0.00105194,-0.01329079,0.01025348,-0.00525977,0.00065974,-0.01113369,-0.00657776,-0.00051839,-0.02292103,-0.00207807,-0.01184208,-0.00650174,-0.01380461,0.00528407,-0.00314979,-0.00740471,-0.01990806,-0.00763884,-0.02255017,-0.00775133,-0.00309658,-0.01321782,-0.00711437,-0.0403755,-0.01527461,-0.01998405,-0.00209023,0.00260098,-0.01988832,-0.00079506,-0.00612627,-0.00873638,-0.0173481,-0.00652151,-0.02615747,-0.00743056,-0.01034014,0.01148787,-0.01789384,0.00659749,-0.01088135,-0.00757043,-0.01704256,-0.0062418,0.00300231,-0.00802038,-0.01185424,-0.01460422,-0.01097102,-0.0114134,-0.00069473,-0.01914189,-0.00532211,-0.02570294,-0.01244863,-0.02038846,-0.00891729,-0.01687382,-0.00640902,0.01399612,0.00165088,-0.01686317,-0.00318931,-0.01515147
"Np2_502280",-0.01724317,-0.01092236,-0.01932882,-0.01385322,-0.02480143,-0.01125072,-0.00051231,-0.02168813,-0.01550867,-0.01037055,-0.01486261,7.143e-05,0.03610984,-0.00207047,-0.01732072,-0.01639947,-0.01299433,-0.00478395,-0.02441378,-0.01208834,0.98447444,-0.00335348,-0.01542052,-0.02701782,-0.03295412,-0.00493596,-0.01518338,-0.00933227,-0.01339565,-0.00585111,-0.01890471,-0.01564851,0.0184988,-0.02616955,0.00382015,-0.00605634,-0.02013149,-0.0299137,-0.01883477,-0.01671417,-0.01596324,-0.02152397,-0.00678297,-0.02078971,-0.01871774,-0.02006915,-0.00095011,-0.00184244,0.01608936,-0.00313003,-0.00973967,-0.02205141,-0.00050319,-0.01179647,0.00095922,-0.03623153,0.00764335,-0.00110973,-0.0266256,-0.01108957,-0.01897618,-0.01091627,-0.02631401,-0.0114377,-0.01264471,-0.00388859,-0.03855888,-0.02323107,-0.0195295,0.01455551,-0.02332231,0.02565569,-0.0062889,0.05855961,-0.02083531,-0.01215369,-0.01899137,-0.00929579,-0.01359936,-0.0187603,-0.00130735,-0.01233002,-0.01433968,-0.00356023,-0.00676776,-0.01709118,1.215e-05,-0.02390754,-0.01115191,-0.00568998,-0.00915746,-0.00037549,-0.02675636,-0.00993426,-0.00144569,0.00238967,-0.01041158,0.04495411,0.00587845,-0.00395547
"Np2_503949",-0.00997529,-0.00076617,-0.02270205,-0.02345909,-0.01510128,0.00209781,-0.00555774,-0.00073881,-0.01690569,-0.01936837,-0.01261125,-0.00740622,0.00339754,-0.01304449,0.00210844,-0.00867555,-0.0090708,0.01555728,-0.01836202,-0.01485351,-0.00335348,0.97894334,-0.01392923,-0.00348422,-0.00485998,-0.0180382,0.00135749,-0.01513776,-0.02847408,-0.00253563,-0.01695738,-0.03741562,-0.00858891,-0.00856458,-0.01308249,-0.01855053,-0.01255956,-0.03161474,-0.02236002,-0.0124866,-0.0036788,0.00368182,-0.01502073,0.00319992,0.00861625,-0.04122823,-0.00280319,0.00056093,0.00937178,-0.00163874,-0.0160012,-0.02922502,-0.01770986,-0.01304147,0.00017024,-0.00144873,-0.0246129,0.01011056,0.01150151,-0.00351766,-0.01885304,-0.01687377,-0.0076449,0.00099873,-0.0032486,-0.01303843,-0.00423213,-0.00334588,-0.0054209,-0.00037093,-0.0101258,-0.0187618,-0.00829399,-0.00470795,-0.0296811,-0.01871926,0.00986278,-0.01464524,-0.02548549,-0.03520688,-0.00984913,-0.02619233,-0.00342341,-0.00966975,-0.00831679,0.0043142,-0.01111392,-0.01633563,-0.01589329,-0.00997531,-0.01389883,-0.00876526,0.00118571,-0.02151635,-0.0017786,0.00737731,-0.00390378,-0.0072162,-0.00190325,-0.01188917
"Np2_500236",0.0077528,-0.00173604,-0.01151066,-0.01363584,-0.00208567,0.00036786,-0.02613779,-0.0011006,-0.00708243,-0.01957817,-0.00628435,-0.01932124,-0.01155779,-0.0190309,-0.01664729,-0.0075172,-7.61e-06,-0.01368753,-0.00732263,-0.00639838,-0.01542052,-0.01392923,0.99555185,-0.01646336,-0.00887018,0.00105802,-0.00280471,-0.01701973,-0.01789077,-0.00639381,-0.00363776,-0.00494205,-0.01883175,-0.00938244,-0.01815679,-0.00523089,0.00592861,-0.00613385,-0.00919242,0.00463344,-0.00160835,-0.00777716,-0.00018091,-0.00217841,0.00962261,-0.00343405,-0.01851861,-0.02518755,0.00125716,-0.00975337,-0.0267001,-0.00860867,-0.01867975,-0.00169804,-0.004296,-0.00393875,-0.00946908,-0.01837419,-0.0109026,-0.01239235,-0.01359025,0.01331962,-0.02503253,-0.02262153,-0.02352452,-0.02373735,-0.00581007,0.00252497,-0.01824802,-0.01547829,-0.01702431,-0.01577926,-0.00500741,-0.00780604,-0.00146392,0.00478545,-0.02166231,-0.00786229,-0.01718239,-0.01535059,-0.02860488,-0.02913843,-0.00728158,-0.00699123,-0.00168587,-0.01504962,-0.02302899,-0.01882567,-0.00956639,-0.01155324,-0.02079733,-0.00502263,-0.01042529,-0.01807777,-0.00062024,-0.01077034,0.00728764,0.00230303,0.00487971,-0.02441227
"Np2_504210",0.00710065,-0.0177418,-0.01976361,-0.02264887,-0.00562613,-0.02278267,-0.0047475,0.00569603,-0.01791966,-0.01977428,-0.01590545,-0.01982138,-0.00476115,0.0044875,-0.02155589,-0.02017861,-0.00339605,0.0092228,-0.01557558,-0.01434731,-0.02701782,-0.00348422,-0.01646336,0.99667996,-0.0037457,0.00344619,-0.02245888,-0.02557672,-0.02416751,-0.00719797,-0.01082659,0.00079047,-0.00534641,-0.00486605,-0.00725574,-0.01561207,-0.00217232,-0.0323247,0.00094856,-0.017605,-0.02019842,-0.0064531,-0.00812985,-0.01499183,-0.01322389,-0.01563942,-0.00989778,-0.01474253,-0.01125225,0.00266787,-0.00257364,-0.01366928,-0.01553149,-0.01496754,0.00554099,0.01213088,0.0053844,-0.0082332,0.02690531,-0.00225137,0.00156727,-0.01256717,-0.00227418,-0.01430473,-0.00517464,-0.02971007,-0.00615819,-0.00952838,0.00329417,-0.01643447,-0.01706839,-0.01308707,-0.00581158,-0.03019651,0.01490972,-0.03037435,-0.00696084,-0.0062342,-0.00460914,-0.00961807,-0.02469655,-0.01428495,-0.01462244,-0.01113976,-0.00720252,-0.00110822,-0.00559118,-0.02707862,-0.01873145,-0.04200057,0.01138599,-0.02087641,0.0137012,-0.01918597,0.00070382,-0.01370273,-0.00506975,-0.00321363,-0.01143011,-0.00849467
"Np2_502745",-0.01464526,-0.02459019,-0.01049826,-0.0279771,-0.01733902,-0.01442942,-0.02846979,-0.01072933,-0.02081561,-0.00716455,-0.02366593,-0.01481249,-0.00309659,-0.01056971,0.01066394,-0.0233786,-0.00112341,-0.00887473,-0.02105581,-0.01952351,-0.03295412,-0.00485998,-0.00887018,-0.0037457,1.03391379,-0.00249004,0.00748072,-0.01083879,-0.00152474,-0.00431727,-4.106e-05,-0.00590584,-0.02313995,-0.01338657,-0.0217049,-0.02170037,-0.01054083,-0.01181016,-0.03356675,0.00062934,-0.0313033,-0.03367168,-0.00433705,-0.01575956,-0.01155934,-0.01959949,-0.02161067,0.00577205,-0.00305099,-0.01390953,0.04423979,-0.00257973,-0.01766736,-0.01041467,-9.122e-05,-0.00490255,-0.03384341,-0.01614568,-0.01384263,-0.00073882,-0.01622626,0.00566716,0.02158483,0.01548287,-0.01080687,-0.01588423,-0.01437469,-0.01394447,-0.01997193,-0.01431388,0.01515148,-0.01051043,0.00923041,-0.00253717,-0.00455594,-0.00028277,-0.01426525,-0.01095432,0.01924984,0.00557594,-0.022728,-0.01687687,-0.03758457,-0.00825907,-0.00462587,-0.0202699,-0.01973636,-0.0123407,-0.00216929,-0.01555739,-0.00291112,-0.00537836,-0.01731774,0.00300079,-0.01815382,-0.01006198,-0.02347135,-0.00230914,-0.01265387,-0.01382287
"Np2_502705",-0.01064568,0.00190779,-0.00923497,-0.0118162,-0.01759586,-0.01559837,-0.02082173,-0.00931403,-0.00769505,-0.00970167,-0.02453081,-0.0108129,-0.01004217,-0.02572413,-0.00266637,0.00798386,-0.01278151,-0.00593927,-0.00291872,-0.00229849,-0.00493596,-0.0180382,0.00105802,0.00344619,-0.00249004,0.97897071,-0.0126903,-0.01079162,-0.02336787,-0.00822255,-0.01367536,-0.01011513,-0.00469882,0.00657468,-0.00402387,-6.69e-05,-0.00502109,-0.01191502,-0.01740583,-0.00342797,-0.00206895,-0.00565349,-0.01310685,-0.01860068,-0.01789685,-0.01544786,-0.00879413,-0.02230379,-0.02535019,-0.02055106,-0.01439135,-0.01697408,-0.01610001,-0.01523202,0.01166116,-0.0275058,-0.00688937,0.00411962,0.00034203,-0.01361303,-0.00949037,-0.00918328,-0.01515601,0.01081745,-0.01060769,-0.01614108,-0.018888,-0.0216501,-0.00305097,-0.00985825,-0.01155627,-0.00924713,-0.01306881,-0.00963478,-0.00724508,-0.01026869,-0.01589024,-0.0226124,-0.00821799,-0.01033861,-0.01021548,-0.00071601,0.00457111,-0.03268648,-0.01476379,0.0034918,0.00098505,-0.01822215,0.00107018,-0.00608521,-0.01548131,-0.00654734,-0.02471933,-0.00880933,-0.00609738,-0.00469426,-0.00092579,-0.00165395,-0.00363776,-0.01453577
"Np2_501128",-0.0114681,-0.02688558,-0.02753923,-0.0105104,-0.00382474,-0.008972,-0.02316434,-0.02472999,-0.01414207,-0.02101322,-0.0087835,-0.01437161,-0.00356783,-0.00997683,-0.02537911,-0.02841028,-0.0020507,-0.02074716,-0.01772662,-0.01589028,-0.01518338,0.00135749,-0.00280471,-0.02245888,0.00748072,-0.0126903,1.0013475,-0.01632655,0.00180442,-0.018774,-0.02939537,0.02068175,-0.01631437,0.00727244,-0.01047088,-0.00879415,-0.0047794,-0.02246646,0.01369511,-0.0223403,-0.00958009,-0.02806221,-0.0095208,0.0042914,-0.00245355,-0.00973361,-0.0053601,0.01092538,-0.02009199,-0.01650898,-0.00244443,-0.00609129,-0.00415309,-0.0070855,0.00795045,-0.0091742,-0.0087759,-0.01160036,-0.00245659,-0.0129153,-0.0141132,-0.00194886,-0.00108085,-0.02420859,0.0027074,-0.01209899,-0.00268462,-0.01091933,-0.01269031,-0.02421011,-0.0040178,-0.00277278,-0.01434728,-0.00255237,-0.01171589,-0.00470643,0.00669782,-0.00352071,-0.023938,0.01224944,0.01754114,-0.01841219,-0.00613234,-0.01815531,-0.01877855,-0.01785281,-0.03525721,0.01394289,-0.00522481,-0.00143505,-0.00095012,-0.01177823,-0.02128533,-0.00780756,-0.00281535,-0.02117432,-0.00630868,-0.02132634,-0.01114888,-0.03101586
"Np2_503011",-0.00728917,-0.00051231,-0.01059097,0.00339755,-0.00481436,-0.00904953,-0.01412085,0.01547675,-0.0114833,0.01098468,0.00071599,-0.02904267,-0.00197318,-0.0085342,0.0022103,-0.02575151,-0.00076009,-0.01869646,-0.00199446,-0.01931216,-0.00933227,-0.01513776,-0.01701973,-0.02557672,-0.01083879,-0.01079162,-0.01632655,0.99647927,-0.00176948,-0.01505112,0.00275452,-0.01177516,-0.02080036,-0.00755065,-0.01450081,-0.011912,-0.02264281,-0.0084065,0.00024017,-0.02424202,-0.01178585,-0.00883367,-0.0038217,0.00588605,-0.01560446,-0.00297041,-0.02824003,-0.02381181,-0.00329573,-0.01673852,-0.0257804,-0.00936115,0.00337018,-0.01278762,0.00224831,-0.03251021,-0.01599818,-0.00939765,-0.01712766,-0.0347311,0.00085888,-0.01403565,-0.00267854,0.00839736,0.00080568,0.0103219,0.00651084,-0.0096287,-0.00227873,-0.00634973,-0.02613768,-0.00589063,-0.00469579,-0.02071982,-0.00343253,-0.00980049,-0.00964544,-0.01423937,-0.02903206,-0.01503896,-0.02084446,-0.0241143,-0.01654697,-0.00181509,0.00257818,0.00776041,0.00449359,-0.00817695,-0.01199105,-0.03282791,-0.00254781,-0.00623116,-0.0152822,-0.01259759,0.00714018,-0.01121879,-0.00288984,-0.02520426,-0.02034738,-0.0123954
"Np2_503741",-0.00633602,-0.02023332,0.01118835,-0.0166275,0.00404361,-0.01630524,-0.02046449,-0.01245316,0.00619159,-0.01360089,-0.00441152,-0.00407099,-0.0218462,0.00518829,-0.02085507,-0.01750158,4.103e-05,0.00445101,-0.01031429,-0.02687189,-0.01339565,-0.02847408,-0.01789077,-0.02416751,-0.00152474,-0.02336787,0.00180442,-0.00176948,0.97816491,-0.01105765,-0.01863868,0.00027514,-0.02303952,-0.00963781,0.01244703,0.00150647,-0.02062553,-0.01520615,-0.02829776,-0.00717517,-0.0118968,-0.02277809,-0.01746211,-0.01049063,-0.00705051,0.01227223,-0.00387642,-0.0214905,-0.02225666,-0.02277809,0.00709608,0.01302621,-0.01331052,-0.02460381,0.0130825,-0.01544332,-0.01686921,-0.00677232,-0.00249307,-0.01158362,-0.0231186,-0.01460265,-0.00643789,0.00159767,-0.00280167,-0.0097032,-0.01579447,0.01579898,-0.00436591,-0.0171018,-0.00131799,-0.0243955,-0.00389465,-0.01277391,-0.01251243,-0.01431991,-0.02708622,-0.039737,-0.02382243,-0.01530193,-0.00499374,-5.474e-05,-0.02304258,-0.00162202,-0.0139505,0.00932161,-0.02115612,0.01922694,-0.01818265,-0.03278683,0.00129365,-0.02199978,-0.00414397,-0.01301258,-0.01531713,-0.02029868,-0.01957053,-0.00692129,-0.00951317,0.07855115
"Np2_503108",0.00333673,-0.01223273,-0.02109525,-0.01212328,0.00261923,-0.01043288,-0.01428806,-0.02588681,-0.02137953,-0.00788053,-0.00157946,-0.02160908,-0.00913313,-0.02800743,-0.00494966,-7.602e-05,-0.00062328,0.01305967,-0.00261773,0.00210693,-0.00585111,-0.00253563,-0.00639381,-0.00719797,-0.00431727,-0.00822255,-0.018774,-0.01505112,-0.01105765,0.9879348,0.00213125,-0.03200845,-0.01063049,-0.02976017,-0.0307817,-0.01557557,-0.01399308,-6.082e-05,-0.00570365,-0.02091286,-0.02076999,-0.00018395,-0.00186069,-0.01252308,-0.00482652,-0.00192149,0.01172498,-0.01196975,-0.00619923,-0.0062646,-0.00740166,-0.02351381,-0.01959943,-0.01645121,-0.02436976,-0.00805079,-0.00598032,-0.00758865,-0.01121423,-0.01589631,-0.01435793,-0.01329076,-0.01652721,-0.01472429,-0.00513815,-0.03028164,-0.01068218,-0.0316862,-0.00700643,-0.01867822,-0.00563069,-0.00484172,-0.0028868,-0.01328622,-0.00572798,0.01724316,0.00523694,0.00535551,-0.02175047,-0.00258885,-0.00809031,-0.03097021,-0.02097062,0.02933301,-0.01902328,-0.00426406,-0.0102672,-0.02308971,-0.01215827,-0.00760842,-0.02338919,0.00348268,-0.0152974,-0.00257972,-0.01567742,-0.00439327,-0.00564133,0.00047124,-0.01473797,0.00613535
"Np2_504713",-0.00789267,-0.00567628,-0.00313762,-0.02517688,-0.01332271,-0.01831795,0.00518984,0.00377607,-0.00707027,-0.02473455,-0.004448,0.01291831,-0.0323718,-0.01202599,-0.01511496,-0.0214905,-0.01018052,-0.02370842,-0.00183788,0.01246379,-0.01890471,-0.01695738,-0.00363776,-0.01082659,-4.106e-05,-0.01367536,-0.02939537,0.00275452,-0.01863868,0.00213125,0.98919063,-0.00979439,0.00231063,-0.00085739,-0.01282407,-0.0201163,-0.0089568,-0.01630676,-0.01298065,-0.00447536,0.02090223,0.00439629,-0.00792158,-0.01615171,-0.00298257,-0.02804848,-0.02413103,-0.01316612,-0.01955688,0.00029185,-0.01893512,-0.01589326,-0.02292403,-0.02403225,0.0062053,-0.00043022,-0.01948997,-0.0218584,-0.02213963,-0.00690761,-0.01707446,-0.00795045,-0.00160987,-0.02048113,-0.01013492,0.01169459,-0.00731806,-0.02512976,-0.01534755,-0.0294516,-0.01245165,-0.02275983,-0.00788355,-0.01189831,-0.00829248,-0.00675561,-0.00523241,5.472e-05,0.01566524,-0.00332916,-0.01597538,-0.01255652,0.01036445,-0.01305971,-0.02341197,-0.01093302,-0.02225673,-0.01197278,-0.01882721,0.05078553,-0.01014404,0.01019115,-0.02576675,-0.01304907,-0.01808992,-0.00817391,-0.01383043,-0.01471059,-0.0080295,-0.00433399
"Np2_502872",-0.0125413,-0.01078097,-0.01341084,0.00589819,-0.00596207,0.02841478,-0.01420444,-0.0163782,-0.00700642,0.00998895,-0.01836959,-0.0086041,0.00919238,0.01266442,0.00258274,-0.00987343,0.00265267,-0.01482762,-0.00496637,-0.00814655,-0.01564851,-0.03741562,-0.00494205,0.00079047,-0.00590584,-0.01011513,0.02068175,-0.01177516,0.00027514,-0.03200845,-0.00979439,0.97046577,-0.00446623,-0.00809029,0.01718688,-0.00272262,-0.02850298,0.00139093,0.00274083,0.0130703,-0.0097412,-0.02153459,-0.02138715,-0.00939915,-0.00702314,-0.02023179,-0.01144984,0.00513964,-0.02739783,-0.03567207,-0.01780714,0.01001325,-0.01556339,-0.01043895,-0.0052841,-0.01343975,-0.0223144,0.00085584,-0.01553907,-0.03086224,-0.00925778,-0.01883171,0.01304752,-0.00810398,0.0068027,-0.00663551,-0.00983848,-0.00788811,-0.02577277,-0.0205708,-0.01770834,-0.02543223,-0.01146807,-0.02414774,-0.00868467,-0.00410748,-0.02645077,-0.00945844,-0.01345797,-0.00341733,-0.01241515,-0.01082049,-0.02939988,-0.00037853,-0.00708242,-0.00661271,-0.01641625,0.00131644,-0.0117706,-0.00646069,0.00390527,-0.027597,-0.01414965,-0.02317028,-0.02410668,-0.01403866,-0.01559075,-0.0105423,-0.01723862,-0.01491124
"Np2_504792",0.00701247,-0.02862309,-0.00799453,-0.01011971,-0.00829857,-0.02059058,0.00884584,-0.02342719,-0.00964694,-0.01712614,-0.03241133,-0.00729222,-0.00211303,-0.01445064,0.00055029,-0.00704138,-0.01336525,0.00244593,-0.00395851,-0.00865886,0.0184988,-0.00858891,-0.01883175,-0.00534641,-0.02313995,-0.00469882,-0.01631437,-0.02080036,-0.02303952,-0.01063049,0.00231063,-0.00446623,0.98525287,-0.02365217,-0.01190437,-0.00794741,0.00062781,-0.01614714,-0.0116049,-0.01267662,-0.02043859,-0.01687836,-0.01703495,-0.01462394,-0.00267094,-0.00964695,-0.01925891,-0.00768594,-0.00328356,-0.00745336,-0.0111747,0.01573362,-0.00589064,-0.00897504,-0.0076206,0.00124956,-0.0302755,-0.02549917,-0.01665944,-0.01997338,0.05377262,0.00467448,-0.0207563,-0.01104854,-0.00267854,-0.008972,-0.012327,-0.02603424,-0.01579599,-0.01485045,0.01218256,-0.00739862,-0.02170938,-0.00352982,-0.0161897,-0.01754114,-0.0137377,-0.03657357,-0.03510051,0.00184698,-0.0190081,-0.01741343,-0.01638278,-0.00651542,-0.00957093,0.00762055,-0.01312815,-0.01987001,0.01568805,-0.02065444,-0.00481588,0.00259794,-0.03183978,-0.00027212,0.00502411,-0.0004135,0.01232392,-0.01333484,-0.01486262,-0.01238323
"Np2_504365",-0.03081514,-0.02890281,-0.0202835,0.01529126,-0.0172432,-0.00430055,-0.02305335,-0.02325086,-0.01555124,-0.01558167,-0.00897655,0.0089978,-0.01698627,-0.03479646,-0.01994755,-0.00534489,-0.02002963,-0.01759585,-0.01807168,-0.01714744,-0.02616955,-0.00856458,-0.00938244,-0.00486605,-0.01338657,0.00657468,0.00727244,-0.00755065,-0.00963781,-0.02976017,-0.00085739,-0.00809029,-0.02365217,0.98864634,-0.01841673,-0.01719607,-0.01561357,-0.01870709,-0.0298225,-0.00459545,-0.01205338,-0.01320565,-0.02369934,-0.00684681,-0.0149599,0.00223462,0.00417587,-0.020735,-0.01587657,-0.01898227,-0.01251852,-0.00141984,-0.00632236,-0.02384831,-0.00972451,-0.01088741,-0.03268343,-0.03109945,-0.02377987,0.01106218,-0.01947479,-0.02433624,0.0119515,-0.0061597,-0.01618365,0.19049755,0.00852353,-0.01704099,0.00277428,-0.00266485,-0.00816328,0.00250673,-0.00861171,-0.00380954,-0.00522024,-0.02937407,-0.00884887,-0.00721014,-0.02352297,-0.02093109,-0.00515032,-0.00598792,-0.01331814,-0.0064911,-0.00483412,-0.00710069,-0.0166002,-0.00312393,-0.01089045,-0.01682972,-0.01315244,-0.00877895,0.00010792,0.00902518,-0.02915517,-0.00996617,-0.00102916,-0.01604681,-0.01331814,-0.00992665
"Np2_500460",-0.00857826,-0.03296465,-0.01841672,-0.02130198,-0.00686353,0.0098795,-0.00735306,-0.02396836,-0.01702883,-0.00976248,-0.01744687,-0.0155862,-0.00782274,0.00249001,-0.01032797,-0.02141599,-0.00478547,-0.02986655,-0.01301257,-0.0098081,0.00382015,-0.01308249,-0.01815679,-0.00725574,-0.0217049,-0.00402387,-0.01047088,-0.01450081,0.01244703,-0.0307817,-0.01282407,0.01718688,-0.01190437,-0.01841673,0.97824093,-0.01988978,0.01513621,0.00778624,-0.01564244,-0.00151257,-0.01778742,-0.0038901,-0.01164749,-0.01683729,0.00271651,-0.02067721,-0.00703074,-0.01324364,-0.00808118,-0.01772356,-0.00654733,0.02248919,-0.02512976,-0.00830009,-0.02655574,-0.01738153,-0.00162962,-0.01266294,-0.01750464,0.00472008,0.00321816,-0.0227735,-0.01506481,-0.01310987,-0.00702011,-0.00510472,-0.01469236,-0.00681336,-0.00706419,0.03994217,-0.01800174,0.00710977,-0.01662597,-0.01790446,-0.02022723,-0.00288072,-0.02096757,-0.01340023,-0.02712878,-0.01663207,0.00948578,-0.00016875,-0.0059788,-0.01496143,-0.00980807,-0.00629803,-0.00287616,0.00877586,-0.0015749,0.00464712,-0.03226386,-0.01208073,-0.01216282,-0.00826208,-0.00767834,-0.01418005,-0.01025957,-0.00733934,-0.01950822,-0.01657279
"Np2_502070",-0.00690154,-0.01030975,0.00439021,-0.01354464,-0.01020334,-0.00379738,0.0125657,-0.01149852,-0.00547107,-0.0159906,0.02694636,0.00250825,-0.02910044,0.00705505,0.01095883,-0.00712196,-0.01724624,-0.01055601,-0.00966368,-0.01421202,-0.00605634,-0.01855053,-0.00523089,-0.01561207,-0.02170037,-6.69e-05,-0.00879415,-0.011912,0.00150647,-0.01557557,-0.0201163,-0.00272262,-0.00794741,-0.01719607,-0.01988978,1.0002954,0.00039523,-0.02428458,-0.01016532,-0.00454834,-0.02097523,-0.00069321,-0.00358608,-0.00938396,-0.01734505,-0.00987953,0.00133469,-0.01171894,-0.00990083,-0.00449362,0.01093907,0.00197163,-0.01752443,0.01769924,-0.02503106,-0.01798506,-0.01697868,-0.00338541,0.00104586,-0.01974994,-0.00285792,-0.02428913,-0.00381106,-0.00915291,-0.02312929,-0.01650138,-0.0051108,-0.02368258,-0.03031811,-0.00945846,-0.00690003,-0.01447194,-0.01190895,-0.00847492,-0.00517312,-0.010781,-0.02917192,-0.01415577,0.00084672,-0.0040102,-0.01483222,-0.00350854,-0.0261924,-0.02620608,0.0037259,0.00647588,-0.01776923,0.00269979,-0.0161639,-0.02286325,0.00969709,-0.02302136,-0.01474254,-0.00293697,-0.02500363,-0.01523961,-0.02606469,-0.01691179,-0.02436821,-0.01565615
"Np2_504795",-0.00364687,-0.01587201,-0.01242124,-0.01211416,-0.01394142,-0.01954472,-0.0028777,-0.00398739,0.001584,-0.00893552,-0.01418767,-0.02540037,-0.01444457,-0.00823624,-0.00433247,-0.02438944,-0.0028944,-0.0297997,-0.00671305,0.00105194,-0.02013149,-0.01255956,0.00592861,-0.00217232,-0.01054083,-0.00502109,-0.0047794,-0.02264281,-0.02062553,-0.01399308,-0.0089568,-0.02850298,0.00062781,-0.01561357,0.01513621,0.00039523,0.99403452,-0.02270208,0.00722682,-0.01573519,-0.01756854,-0.01218411,-0.01553304,-0.01585832,-0.00314522,-0.01346559,0.0003329,-0.00177556,-0.02853648,-0.00032685,-0.00252804,-0.03612202,-0.00682097,-0.0006324,-0.01508765,-0.00211304,-0.01129176,-0.01958881,-0.00694866,-0.01679929,-0.00203551,-0.00385665,-0.02791932,-0.022468,0.01980161,-0.01096647,-0.01508153,-0.00583438,0.01732525,-0.00453162,0.00106714,-0.01349751,-0.01519096,-0.0225501,-0.01924827,-0.02029568,-0.01284385,-0.01302932,-0.00410748,-0.00866037,-0.01583401,-0.01028693,-0.01184055,-0.02340745,-0.01810207,-0.01352794,-0.00782582,-0.02080036,-0.02142213,-0.00425495,-0.01106678,-0.00699732,-0.0183286,-0.01457988,-0.01658041,0.00200052,-0.00988866,0.05566214,-0.01883329,0.01116101
"Np2_503295",0.00678901,-0.01987762,-0.00989017,-0.01505567,-0.01566679,-0.01412534,-0.02284509,0.00477633,-0.01412685,-0.02267017,-0.02883439,-0.02165316,-0.01966631,-0.02774749,-0.00666591,-0.0154737,-0.01282864,-0.00781059,-0.00980657,-0.01329079,-0.0299137,-0.03161474,-0.00613385,-0.0323247,-0.01181016,-0.01191502,-0.02246646,-0.0084065,-0.01520615,-6.082e-05,-0.01630676,0.00139093,-0.01614714,-0.01870709,0.00778624,-0.02428458,-0.02270208,0.98678236,-0.02824609,-0.01107589,-0.00850076,-0.00357239,-0.01969067,0.00582676,-0.01596777,-0.00622203,-0.01233763,-0.01748641,-0.00730742,-0.02424659,-0.02310339,-0.02173371,-0.00216168,-0.04431425,-0.04174371,-0.00581463,-0.00708852,-0.01477749,-0.01065025,0.00184546,-0.00725726,-0.00390987,-0.00881847,-0.02632159,-0.01810362,-0.03078177,-0.02501577,-0.01075209,-0.02392429,-0.0187223,-0.02665299,0.0066674,0.26324877,-0.03157223,0.01201381,-0.02825371,-0.00164787,-0.02387567,-0.00096835,-0.01707445,-0.04005775,0.03617672,-0.00870141,-0.01692396,-0.02560404,0.00876524,-0.01031129,-0.01431687,-0.01828299,-0.01479726,-0.00686353,-0.01069891,0.07784438,0.02899552,-0.02241021,0.00544367,-0.00477331,-0.02663167,-0.01067762,-0.01397484
"Np2_503964",-0.00447839,-0.01503134,0.00316496,-0.00139248,0.00088472,-0.01992019,-0.01997501,-0.01378786,-0.00107173,0.00725875,-0.01410709,-0.01832705,-0.00265877,-0.00253108,-0.00303577,-0.01169155,0.0032668,-0.03640781,0.00157639,0.01025348,-0.01883477,-0.02236002,-0.00919242,0.00094856,-0.03356675,-0.01740583,0.01369511,0.00024017,-0.02829776,-0.00570365,-0.01298065,0.00274083,-0.0116049,-0.0298225,-0.01564244,-0.01016532,0.00722682,-0.02824609,0.98552958,-0.00455745,-0.00958312,-0.02107248,-0.00450729,0.000944,-0.01629005,-0.01779347,-0.01281191,-0.01856876,-0.01188615,-0.00754305,-0.02920226,0.00637097,-0.00689242,-0.01043289,-0.01607118,-0.00355263,0.18732154,-0.01129936,0.0083335,-0.02386346,-0.01198799,-0.01274502,-0.00518833,-0.01767491,-0.02177024,-0.02000686,-0.01317676,-0.04314971,-0.0169498,-0.00384298,-0.00250067,0.00284876,-0.01739061,-0.02034128,-0.00092579,-0.00866189,-0.02173223,-0.03134269,-0.01877247,-0.01906889,-0.00982481,-0.04380186,-0.01160795,0.00160375,-0.01315698,-0.0072147,-0.01184969,-0.00445408,-0.0123726,-0.02348042,-0.0194991,-0.02759095,-0.0161198,-0.01510736,-0.01391555,-0.00369551,0.0081298,-0.01190437,-0.02255312,-0.02919468
"Np2_503314",-0.0149751,-0.01625508,-0.0021632,-0.00155209,0.01151825,-0.02023183,-0.01739834,-0.01637974,-0.01552084,-0.0026299,-0.01137841,0.00902821,-0.01361152,0.00506212,-0.01414055,0.04105037,-0.02607988,0.01800628,-0.0210816,-0.00525977,-0.01671417,-0.0124866,0.00463344,-0.017605,0.00062934,-0.00342797,-0.0223403,-0.02424202,-0.00717517,-0.02091286,-0.00447536,0.0130703,-0.01267662,-0.00459545,-0.00151257,-0.00454834,-0.01573519,-0.01107589,-0.00455745,0.99418048,-0.02023186,-0.03400147,-0.00785925,-0.01304907,-0.00839282,-0.00320756,-0.01494775,-0.00793525,-0.00550907,-0.01515146,-0.020849,0.02050084,-0.01252461,-0.03172277,-0.00878201,-0.01389734,-0.02398813,0.00328658,-0.01797287,-0.00684529,-0.00135448,-0.02369777,-0.02678223,0.00633602,-0.02147382,-0.00359672,-0.01972107,-0.00332916,-0.02258199,-0.00385058,-0.00722078,-0.01220841,-0.02074258,-0.02369325,-0.01841522,-0.01490215,-0.02021968,-0.00657167,-0.00464258,-0.00813135,-0.02336184,-0.00930187,-0.00219057,-0.00889295,0.00021281,0.00828335,-0.04058841,0.00070686,-0.02043706,-0.00904649,-0.00962567,0.01648615,-0.01308708,0.00920761,-0.0189397,-0.0301539,-0.00388706,-0.00294304,-0.02377685,-0.01962529
"Np2_502462",0.0014335,-0.00668721,0.01500551,-0.01706688,-0.03363972,-0.00291112,-0.01026269,-0.01243647,-0.00124047,-0.01510437,-0.02096458,-0.01484744,-0.02061342,-0.02094178,-0.01460575,-0.008972,0.00902671,-0.00298105,-0.00664921,0.00065974,-0.01596324,-0.0036788,-0.00160835,-0.02019842,-0.0313033,-0.00206895,-0.00958009,-0.01178585,-0.0118968,-0.02076999,0.02090223,-0.0097412,-0.02043859,-0.01205338,-0.01778742,-0.02097523,-0.01756854,-0.00850076,-0.00958312,-0.02023186,1.02152887,-0.01379246,-0.00437201,-0.02187516,-0.02345157,-0.01294572,-0.01115649,-0.01782545,0.01789232,-0.04237156,-0.01903396,-0.02602518,-0.00508496,-0.01379399,0.01081902,-0.00128911,-0.0100118,-0.00462739,-0.01007717,0.00029034,-0.02796647,-0.00820129,-0.02314301,-0.02194814,0.04008369,-0.01485507,-0.02368265,-0.02203628,0.02179761,-0.01298068,-0.01133436,-0.00309658,-0.03260899,-0.01382135,-0.00322276,-0.01156694,0.00029338,0.02245434,-0.01088439,-0.01361307,0.00292782,-0.01052714,-0.02834651,-0.02912027,-0.00815721,-0.00707942,-0.00259342,-0.0184563,-0.01527766,-0.00373505,-0.020732,0.01054841,-0.01887285,-0.01147573,-0.01119601,-0.01116104,-0.01712161,0.0145297,0.01041767,-0.02480299
"Np2_503605",-0.02054497,-0.01528827,0.00534031,-0.00696995,-0.02263067,-0.00391139,-0.02084001,-0.00279559,-0.00710524,-0.01838486,0.02744042,-0.01508761,-0.01386084,0.00800515,-0.02244672,-0.00966823,-0.00033445,-0.0161426,0.00694409,-0.01113369,-0.02152397,0.00368182,-0.00777716,-0.0064531,-0.03367168,-0.00565349,-0.02806221,-0.00883367,-0.02277809,-0.00018395,0.00439629,-0.02153459,-0.01687836,-0.01320565,-0.0038901,-0.00069321,-0.01218411,-0.00357239,-0.02107248,-0.03400147,-0.01379246,1.00371623,-0.01388519,-0.02363548,-0.01092238,-0.00436896,-0.00470795,-0.01624142,-0.02688865,-0.0164649,-0.03538783,0.01234673,0.00881236,0.02032153,-0.00933535,-0.00852204,-0.01481246,-0.02462967,0.00077983,-0.02153613,-0.0335272,-0.01725839,-0.01456622,0.00107018,-0.0352526,-0.01448717,0.00222398,0.02804086,-0.00702164,-0.01914949,-0.02951244,-0.02796336,0.01123549,-0.0101091,-0.00711132,-0.00618251,-0.00526737,-0.02293471,-0.0143169,-0.00351615,-0.01753052,-0.0154798,0.00622505,-0.00883823,-0.02572721,-0.01446436,-0.00146545,-0.01596018,-0.00746097,-0.00838371,-0.00425039,-0.00702165,-0.00375938,-0.01186792,-0.00353134,-0.01003307,0.00437653,-0.00167219,-0.0196177,0.01812943
"Np2_503444",-0.0219177,0.00462128,-0.03510055,-0.01959186,-0.01625057,-0.01212484,-0.01217962,-0.02104211,0.00550754,-0.00714023,-0.00251132,-0.01995671,-0.0044404,-0.01434579,-0.0019291,-0.02578651,-0.02146926,0.00376695,-0.01236655,-0.00657776,-0.00678297,-0.01502073,-0.00018091,-0.00812985,-0.00433705,-0.01310685,-0.0095208,-0.0038217,-0.01746211,-0.00186069,-0.00792158,-0.02138715,-0.01703495,-0.02369934,-0.01164749,-0.00358608,-0.01553304,-0.01969067,-0.00450729,-0.00785925,-0.00437201,-0.01388519,1.01845468,-0.01330295,-0.02886487,-0.01379853,-0.01261737,-0.02810327,-0.00637102,0.00663702,-0.02049484,-0.02079733,-0.01840311,-0.01191051,-0.0137484,-0.02266415,-0.01846542,0.06247109,-0.01716265,-0.01059555,-0.01741805,0.0163326,0.00549539,-0.01520013,-0.00622205,-0.01327562,-0.00218905,-0.02623345,0.0004226,-0.00091211,-0.01887588,-0.00075705,-0.01187552,-0.00965762,-0.02170945,-0.00375482,0.00278493,-0.01731469,-0.00398436,-0.00230458,-0.00430967,-0.03311826,-0.01475776,-0.02070008,-0.01721888,-0.01826935,-0.01059102,-0.01034015,0.00043932,-0.00914837,0.0009136,-0.01249881,-0.00817242,0.02081103,-0.01098471,-0.01277393,-0.02861556,-0.00578119,-0.00092427,-0.00178924
"Np2_502385",-0.03926875,-0.00680121,-0.00791093,-0.00638773,-0.0114073,-0.00576142,-0.00627223,-0.00783796,-0.00181053,-0.01871472,-0.02518298,0.00875307,-0.00400563,-0.01892753,-0.01183143,-0.00467754,-0.02589898,-0.0236172,0.02683234,-0.00051839,-0.02078971,0.00319992,-0.00217841,-0.01499183,-0.01575956,-0.01860068,0.0042914,0.00588605,-0.01049063,-0.01252308,-0.01615171,-0.00939915,-0.01462394,-0.00684681,-0.01683729,-0.00938396,-0.01585832,0.00582676,0.000944,-0.01304907,-0.02187516,-0.02363548,-0.01330295,0.99180566,-0.01946111,0.01384712,0.00393113,-0.01094669,-0.02128987,0.00235927,-0.01519552,-0.01260972,-0.01827234,-0.00281079,-0.01148941,0.0099981,-0.01483829,-0.0219192,-0.01171133,-0.00514423,-0.01576712,-0.00405884,-0.03116181,0.01700603,-0.03284615,-0.01451301,0.00630257,-0.00132407,-0.02012086,0.00286701,-0.0242177,-0.01491581,-0.00900847,-0.00755066,-0.03571616,-0.00909665,-0.00878959,-0.00608674,-0.00963023,-0.00445408,0.01771138,-0.00364839,-0.02952458,-0.00384754,-0.02499295,0.01196062,-0.01441269,-0.01294569,0.00087408,-0.01631438,-0.01719759,-0.02376927,-0.01549045,0.00133165,-0.00021284,-0.00701859,-0.01495534,-0.01811575,-0.02009958,-0.00150649
"Np2_502931",-0.01956293,-0.00913769,-0.0140478,-0.02164556,-0.00933532,-0.00748984,-0.00891276,-0.01245469,0.00056549,0.00600767,-0.00015659,-0.0048326,-0.03340096,-0.0087987,-0.00033445,-0.01643901,-0.00968951,-0.01561661,-0.00894768,-0.02292103,-0.01871774,0.00861625,0.00962261,-0.01322389,-0.01155934,-0.01789685,-0.00245355,-0.01560446,-0.00705051,-0.00482652,-0.00298257,-0.00702314,-0.00267094,-0.0149599,0.00271651,-0.01734505,-0.00314522,-0.01596777,-0.01629005,-0.00839282,-0.02345157,-0.01092238,-0.02886487,-0.01946111,0.99245334,-0.01722038,-0.00813439,-0.01115495,0.00130429,-0.01624294,-0.02406869,-0.01889862,-0.02152093,-0.01776463,-0.03647636,-0.0157489,-0.01869493,-0.02547182,-0.01267967,-0.0111291,-0.0293528,-0.00153081,-0.01905677,0.00372439,-0.01982901,2.431e-05,-0.01473189,-0.00244443,-0.01060009,-0.00190174,-0.01287274,-0.02348495,-0.011801,0.05213544,-0.02725952,0.00954508,-0.01963898,-0.01313573,-0.0127268,-0.03187321,-0.01472429,-0.00279254,-0.00617034,0.13093449,-0.02398508,-0.00451337,0.00134077,-0.01437008,-0.0174241,-0.01758676,-0.03139132,-0.00512752,-0.01569872,0.0012754,-0.00254933,-0.02121231,-0.02580473,-0.01482764,0.01800022,-0.01250789
"Np2_500505",-0.0040406,0.00304031,0.0239729,-0.02041271,-0.01479117,-0.00762514,-0.00691982,-0.02961577,-0.0062585,0.0108889,-0.00576446,-0.006032,-0.01042983,-0.01182229,-0.01855965,-0.0003086,0.00203244,-0.01924826,-0.01394748,-0.00207807,-0.02006915,-0.04122823,-0.00343405,-0.01563942,-0.01959949,-0.01544786,-0.00973361,-0.00297041,0.01227223,-0.00192149,-0.02804848,-0.02023179,-0.00964695,0.00223462,-0.02067721,-0.00987953,-0.01346559,-0.00622203,-0.01779347,-0.00320756,-0.01294572,-0.00436896,-0.01379853,0.01384712,-0.01722038,0.98944605,-0.00021284,-0.01615475,-0.03075438,-0.02534718,-0.00079354,-0.01462545,0.01087521,-0.02489266,-0.02156202,-0.00904346,0.02388624,-0.01298978,-0.01403109,0.00439325,-0.0077498,-0.01063505,-0.03044126,0.02912779,-0.01585985,-0.00786381,0.00732716,-0.02659823,-0.0061749,-0.01237412,-0.01255198,-0.00781059,-0.00539962,-0.01260671,-0.00884886,-0.00533577,-0.01886217,-0.03075287,-0.00146089,-0.01011819,0.01037508,-0.01144073,-0.02181128,-0.03444229,-0.00679056,-0.01696197,-0.00335501,-0.01100901,-0.00767835,-0.0040406,-0.0152609,0.00020977,-0.00412877,0.00433244,0.00491618,-0.02530002,-0.01864325,-0.01891535,-0.03199636,-0.02054801
"Np2_501525",0.0319522,-0.00155513,0.02500205,-0.02303194,-0.00676929,-0.03639113,-0.01136326,-0.03375517,0.00586781,-0.00389162,-0.00929579,-0.00211455,-0.02597041,-0.02310644,-0.01190591,-0.0006476,-0.01092388,-0.00620986,-0.01595866,-0.01184208,-0.00095011,-0.00280319,-0.01851861,-0.00989778,-0.02161067,-0.00879413,-0.0053601,-0.02824003,-0.00387642,0.01172498,-0.02413103,-0.01144984,-0.01925891,0.00417587,-0.00703074,0.00133469,0.0003329,-0.01233763,-0.01281191,-0.01494775,-0.01115649,-0.00470795,-0.01261737,0.00393113,-0.00813439,-0.00021284,0.99074444,-0.0151256,-0.01467565,0.00258882,-0.00614906,-0.0049314,-0.01485046,-0.01960706,-0.02022884,0.00764337,-0.0228176,0.00704137,-0.01208985,-0.00856307,0.00589669,-0.03499255,-0.01360243,-0.01438378,-0.02091136,-0.03130927,-0.01079772,-0.01751224,-0.00727398,-0.01864174,-0.0065063,-0.02015884,-0.01151521,-0.00017635,-0.02241324,0.02822481,0.00010488,-0.00540115,-0.01350512,-0.02641887,-0.00911794,0.00676621,-0.00968496,-0.01380307,-0.00013683,-0.01608485,-0.00901458,-0.02107702,-0.01196976,0.00185306,-0.00115838,-0.02658004,-0.01070043,-0.00558356,-0.0075841,-0.01545395,-0.01518185,-0.01834225,-0.01804584,-0.02392733
"Np2_504290",-0.01469691,-0.00731198,-0.01389427,-0.01085091,-0.01617453,-0.02268993,-0.01407981,-0.00789268,-0.0242116,-0.02545816,-0.01733288,0.01249874,-0.02306235,-0.01487781,-0.00230914,-0.00564437,-0.00892791,-0.01683122,-0.01092237,-0.00650174,-0.00184244,0.00056093,-0.02518755,-0.01474253,0.00577205,-0.02230379,0.01092538,-0.02381181,-0.0214905,-0.01196975,-0.01316612,0.00513964,-0.00768594,-0.020735,-0.01324364,-0.01171894,-0.00177556,-0.01748641,-0.01856876,-0.00793525,-0.01782545,-0.01624142,-0.02810327,-0.01094669,-0.01115495,-0.01615475,-0.0151256,0.99352064,-0.02408089,-0.00468819,0.00557593,-0.0188971,-0.02790407,0.00625546,0.02007528,-0.01437922,-0.02370995,-0.00722838,-0.0169346,-0.01690419,-0.01658193,-0.01004218,-0.01023831,0.0017497,-0.00204159,-0.02946532,0.01263253,-0.00563524,0.00110666,-0.00326836,-0.01515146,-0.01147417,-0.00967126,0.0297906,-0.01509672,-0.00930339,-0.00610802,-0.01799873,-0.01150915,-0.00466083,-0.01183447,-0.00871964,-0.01285754,-0.00557444,0.00672365,-0.01408887,0.01046328,0.00220118,-0.01438226,0.02041879,-0.02986964,-0.01622318,-0.00794437,-0.02715009,-0.00969256,0.00052748,0.00779233,-0.02561926,-0.00191237,-0.00840193
"Np2_501391",0.00095464,0.00484322,-0.00325924,-0.0070566,-0.03487861,-0.0187436,-0.00633303,0.02356857,-0.01220842,-0.02516022,-0.02645993,-0.02049482,0.00368638,-0.01260366,-0.009764,-0.0061065,0.02207728,0.0155421,-0.00393571,-0.01380461,0.01608936,0.00937178,0.00125716,-0.01125225,-0.00305099,-0.02535019,-0.02009199,-0.00329573,-0.02225666,-0.00619923,-0.01955688,-0.02739783,-0.00328356,-0.01587657,-0.00808118,-0.00990083,-0.02853648,-0.00730742,-0.01188615,-0.00550907,0.01789232,-0.02688865,-0.00637102,-0.02128987,0.00130429,-0.03075438,-0.01467565,-0.02408089,1.00004606,-0.00788662,-0.00598337,-5.322e-05,-0.02122146,-0.00545588,-0.00592561,-0.00511232,0.00486298,0.00097441,-0.00280319,-0.01615019,-0.01932431,-0.01825713,-0.00933229,-0.00190478,-0.0154251,-0.00028429,-0.0159526,-0.02236309,-0.01942159,-0.00935509,-0.00938093,-0.00296737,-0.01940636,-0.02554938,-0.01844716,-0.00824537,-0.01797136,-0.02119716,-0.03203742,-0.01363585,0.00396913,-0.00872573,-0.00799911,-0.00694867,0.01614257,-0.01713528,-0.01249729,-0.01376659,-0.00420327,-0.00406188,0.00676014,-0.00300386,-0.00384602,-0.01925135,-0.01273897,-0.04386727,0.00124956,-0.02501728,-0.00739104,-0.02178544
"Np2_501270",0.00073726,-0.01680843,-0.01685403,-0.01061833,0.00488427,-0.01318437,-0.01764766,-0.01282866,-0.0095375,-0.00394331,-0.03321401,0.00361037,-0.0200935,0.00146846,-0.00374874,-0.00723597,-0.01082356,0.01030819,-0.01205794,0.00528407,-0.00313003,-0.00163874,-0.00975337,0.00266787,-0.01390953,-0.02055106,-0.01650898,-0.01673852,-0.02277809,-0.0062646,0.00029185,-0.03567207,-0.00745336,-0.01898227,-0.01772356,-0.00449362,-0.00032685,-0.02424659,-0.00754305,-0.01515146,-0.04237156,-0.0164649,0.00663702,0.00235927,-0.01624294,-0.02534718,0.00258882,-0.00468819,-0.00788662,1.00599678,-0.01836204,0.04761443,0.00653213,-0.01099383,-0.01146359,-0.01262649,-0.01268423,-0.01018814,-0.01867824,-0.01150307,-0.02090985,0.00098353,-0.0087896,-0.01777983,-0.01123402,-0.0193517,-0.02422684,-0.00965911,-0.01477447,-0.00105956,-0.01719914,-0.01108959,-0.01004675,-0.01330144,-0.01927261,-0.02761679,0.00446166,0.00351613,-0.00261165,-0.00959679,-0.00217689,-0.01608787,0.00911336,-0.00321364,0.00574011,-0.00564742,-0.0046578,-0.00805534,-0.02251059,-0.02647365,-0.01458748,-0.0029172,-0.00573559,-0.02174898,-0.01006805,-0.01246533,-0.0269388,-0.01641775,-0.0241782,0.00216774
"Np2_501081",-0.00207199,0.01899438,-0.00917417,-0.01722796,-0.00142136,-0.02268232,0.02818844,-0.01867822,-0.01797132,-0.00644853,-0.0080523,-0.01546459,-0.0169741,-0.01502223,-0.02403982,-0.0032045,-0.02457794,-0.02776875,0.00535095,-0.00314979,-0.00973967,-0.0160012,-0.0267001,-0.00257364,0.04423979,-0.01439135,-0.00244443,-0.0257804,0.00709608,-0.00740166,-0.01893512,-0.01780714,-0.0111747,-0.01251852,-0.00654733,0.01093907,-0.00252804,-0.02310339,-0.02920226,-0.020849,-0.01903396,-0.03538783,-0.02049484,-0.01519552,-0.02406869,-0.00079354,-0.00614906,0.00557593,-0.00598337,-0.01836204,0.98441363,-0.02557818,-0.01847147,0.00474289,-0.01396879,-0.00464258,-0.0167096,-0.01618971,-0.01008627,-0.00351918,-0.00046062,-0.0150511,-0.01311901,-0.01709269,-0.00826665,0.01645117,-0.01016228,-0.00030708,-0.00177404,-0.01283776,-0.02259264,-0.00173755,-0.02866563,-0.02310342,-0.01265686,-0.00275911,-0.0164375,0.00237904,0.00370006,-0.01058184,-0.01927564,-0.0160088,-0.01315396,-0.03140956,-0.01272677,-0.00283207,-0.01658804,0.02364302,0.04445556,-0.0192498,-0.01709268,-0.01712767,-0.0129533,-0.01923764,0.01114123,-0.019531,-0.01849883,-0.01162619,-0.03595637,0.01942458
"Np2_502492",0.00933071,-0.01581573,-0.02695848,-0.01281798,-0.0277186,-0.01188765,-0.02197553,0.05185867,-0.01447344,-0.02696917,0.01247137,-0.00178164,-0.0181887,0.030128,-0.00610041,-0.02220494,-0.01271917,-0.01864626,-0.02717893,-0.00740471,-0.02205141,-0.02922502,-0.00860867,-0.01366928,-0.00257973,-0.01697408,-0.00609129,-0.00936115,0.01302621,-0.02351381,-0.01589326,0.01001325,0.01573362,-0.00141984,0.02248919,0.00197163,-0.03612202,-0.02173371,0.00637097,0.02050084,-0.02602518,0.01234673,-0.02079733,-0.01260972,-0.01889862,-0.01462545,-0.0049314,-0.0188971,-5.322e-05,0.04761443,-0.02557818,0.97377409,-0.02455057,-0.00544067,-0.01001485,-0.00175276,-0.00561092,-0.0105636,-0.01114885,-0.02054342,0.00546952,-0.01717779,0.01302928,-0.02119559,-0.02179454,-0.01197431,-0.02277808,0.014896,-0.01788619,-0.0183088,-0.00374112,-0.02104203,-0.0113343,-0.03085469,0.01926798,-0.00899023,-0.045319,-0.02422224,-0.0142363,-0.01863715,-0.00589671,-0.01935161,-0.02516168,-0.01392618,-0.01014098,-0.02715311,-0.01901877,-0.00691065,0.01800628,-0.01620796,0.01239992,-0.00648502,-0.01751224,-0.00813894,-0.02655719,-0.0265222,-0.00162354,-0.01208071,-0.02576976,-0.00702466
"Np2_500453",-0.01609393,-0.01828601,0.00583892,-0.00555924,0.05615627,-0.01572608,-0.01517281,-0.03224414,-0.00235018,-0.01454187,-0.00945693,-0.02066962,0.00047124,-0.00700187,-0.01966786,-0.01205791,0.01551778,0.03862572,-0.02676093,-0.01990806,-0.00050319,-0.01770986,-0.01867975,-0.01553149,-0.01766736,-0.01610001,-0.00415309,0.00337018,-0.01331052,-0.01959943,-0.02292403,-0.01556339,-0.00589064,-0.00632236,-0.02512976,-0.01752443,-0.00682097,-0.00216168,-0.00689242,-0.01252461,-0.00508496,0.00881236,-0.01840311,-0.01827234,-0.02152093,0.01087521,-0.01485046,-0.02790407,-0.02122146,0.00653213,-0.01847147,-0.02455057,0.99315879,0.00653061,-0.02875089,0.00748223,0.00651235,-0.01455403,-0.01225099,-0.01070041,-0.00156122,0.01242729,-0.01847607,-0.01576104,-0.02259266,-0.02128533,-0.01688748,-0.02040967,0.00442213,-0.001017,-0.00666744,-0.01089499,-0.02338158,-0.01857943,-0.00205222,-0.00066736,0.03399536,0.00735909,-0.01792271,-0.0293163,0.00789874,-0.03307108,-0.018359,0.0003253,0.00684678,-0.00849316,-0.02346528,-0.01758978,-0.0045301,-0.02460686,-0.01013645,-0.01762021,-0.03335996,-0.01212938,-0.01747425,-0.00406188,-0.03449701,-0.01409493,-0.01136626,0.0098111
"Np2_504466",-0.01993844,0.00705658,0.00229847,-0.01001179,-0.02156809,0.00125564,-0.01232859,0.0178771,-0.02504467,-0.00622509,-0.01071716,-0.01463309,-0.02207124,-0.00887016,-0.01849583,-0.01316613,-0.01705775,-0.01675219,-0.00339454,-0.00763884,-0.01179647,-0.01304147,-0.00169804,-0.01496754,-0.01041467,-0.01523202,-0.0070855,-0.01278762,-0.02460381,-0.01645121,-0.02403225,-0.01043895,-0.00897504,-0.02384831,-0.00830009,0.01769924,-0.0006324,-0.04431425,-0.01043289,-0.03172277,-0.01379399,0.02032153,-0.01191051,-0.00281079,-0.01776463,-0.02489266,-0.01960706,0.00625546,-0.00545588,-0.01099383,0.00474289,-0.00544067,0.00653061,1.01313947,-0.00751268,-0.01369213,-0.00994947,-0.01155781,0.00929122,0.01449017,-0.02288759,-0.02546879,-0.01213548,-0.01793338,-0.01184361,-0.026498,-0.00218601,-0.01665338,-0.00291873,-0.02371151,-0.01461638,-0.01321933,-0.01400069,-0.01755943,-0.01729793,-0.01044049,0.01023676,-0.0188318,-0.0065656,-0.0150709,0.01864782,-0.0255144,-0.00289744,-0.00245507,-0.01417551,-0.00853726,-0.00207504,-0.01961009,-0.01643146,-0.00124047,-0.0097245,-0.0118877,-0.01394599,-0.01947026,-0.004749,0.01565613,-0.00246572,-0.00866645,-0.02250755,-0.00163418
"Np2_502036",-0.02299247,-0.00952688,-0.01671725,0.0085205,-0.01367694,-0.00894315,0.01654097,-0.01649228,-0.01380918,-0.03801023,-0.00115382,-0.00385363,-0.01022768,-0.02210928,-0.01136476,0.00186979,-0.01053475,-0.01980622,-0.01678568,-0.02255017,0.00095922,0.00017024,-0.004296,0.00554099,-9.122e-05,0.01166116,0.00795045,0.00224831,0.0130825,-0.02436976,0.0062053,-0.0052841,-0.0076206,-0.00972451,-0.02655574,-0.02503106,-0.01508765,-0.04174371,-0.01607118,-0.00878201,0.01081902,-0.00933535,-0.0137484,-0.01148941,-0.03647636,-0.02156202,-0.02022884,0.02007528,-0.00592561,-0.01146359,-0.01396879,-0.01001485,-0.02875089,-0.00751268,1.03378912,-0.01218566,-0.02425271,-0.03406995,-0.02173381,0.00565955,-0.02198921,-0.01468935,0.00943718,-0.00593778,-0.02052225,-0.02149517,-0.01557714,-0.0093703,-0.01068525,-0.01658045,-0.02238293,-0.01703344,-0.0243515,-0.01346868,-0.01275115,-0.01972719,0.00611866,0.00760538,-0.02162892,0.03280057,-0.0234744,-0.01473496,-0.01112002,-0.00763732,-0.01175696,-0.00277432,-0.01622629,-0.01445525,-0.01249274,-0.01934412,0.01306428,0.00740472,-0.01973632,-0.01325129,-0.00993125,-0.00944023,-0.01585684,-0.0007753,-0.00230307,-0.00848861
"Np2_503547",-0.01564247,-0.01753052,-0.00571885,-0.02319767,-0.00359064,-0.02819598,0.02890753,-0.00427774,-0.01071563,-0.00344926,-0.00900545,-0.00212824,-0.02872042,-0.00959071,-0.03107365,-0.0196633,-0.00257668,-0.01792879,-0.0191647,-0.00775133,-0.03623153,-0.00144873,-0.00393875,0.01213088,-0.00490255,-0.0275058,-0.0091742,-0.03251021,-0.01544332,-0.00805079,-0.00043022,-0.01343975,0.00124956,-0.01088741,-0.01738153,-0.01798506,-0.00211304,-0.00581463,-0.00355263,-0.01389734,-0.00128911,-0.00852204,-0.02266415,0.0099981,-0.0157489,-0.00904346,0.00764337,-0.01437922,-0.00511232,-0.01262649,-0.00464258,-0.00175276,0.00748223,-0.01369213,-0.01218566,1.01063391,-0.00489341,-0.00361344,-0.01788016,-0.0126812,-0.00688635,-0.01220387,0.00827424,-0.01698176,-0.00937182,-0.02052983,-0.00746706,-0.01509369,-0.02127317,-0.00877438,0.00016872,-0.00421086,-0.00301601,-0.02648886,-0.00418502,-0.03457155,-0.00872575,-0.02289672,-0.00987043,-0.0218721,-0.01399615,-0.00829705,0.01553605,0.01156995,-0.01337591,-0.01153806,-0.01738919,-0.02397903,0.01173109,-0.00697756,-0.00831682,-0.0158006,-0.0076738,-0.02155896,-0.00698972,-0.00710677,-0.00151409,-0.00908298,-0.01866761,-0.01968459
"Np2_504652",-0.01250787,0.00217381,-0.01246531,-0.00212519,-0.02614678,-0.00408316,-0.01265084,-0.02652984,-0.00469275,-0.00411509,-0.01058336,-0.01100293,0.01165808,-0.01208072,-0.01881807,0.00505755,-0.02163643,-0.01251396,-0.015118,-0.00309658,0.00764335,-0.0246129,-0.00946908,0.0053844,-0.03384341,-0.00688937,-0.0087759,-0.01599818,-0.01686921,-0.00598032,-0.01948997,-0.0223144,-0.0302755,-0.03268343,-0.00162962,-0.01697868,-0.01129176,-0.00708852,0.18732154,-0.02398813,-0.0100118,-0.01481246,-0.01846542,-0.01483829,-0.01869493,0.02388624,-0.0228176,-0.02370995,0.00486298,-0.01268423,-0.0167096,-0.00561092,0.00651235,-0.00994947,-0.02425271,-0.00489341,0.98497617,0.00696992,0.0039524,-0.01729941,-0.01332878,-0.02335877,-0.02826741,-0.03832173,-0.00426102,-0.00614603,-0.01588569,-0.01925586,-0.0023289,-0.02509785,-0.01433056,-0.00670087,-0.01721124,-0.03171513,-0.00910729,-0.01273896,-0.01988067,-0.01854597,-0.01433664,-0.02421007,0.00783641,0.00943105,0.00270891,-0.01995516,0.00207197,0.00147758,-0.01547072,-0.00412269,-0.04001216,-0.03439821,0.00333066,-0.01236196,-0.00894768,-0.00656711,-0.00765553,-0.01248507,-0.0181416,-0.02388626,-0.00854028,0.00701248
"Np2_504052",-0.01411621,-0.00019459,-0.00814502,-0.00145329,-0.01148939,-0.01450843,0.00079047,-0.02372972,-0.02697525,0.0011173,-0.01857637,-0.00759473,-0.0238498,-0.01460115,-0.02939537,-0.0149447,0.00183786,1.519e-05,-0.0030449,-0.01321782,-0.00110973,0.01011056,-0.01837419,-0.0082332,-0.01614568,0.00411962,-0.01160036,-0.00939765,-0.00677232,-0.00758865,-0.0218584,0.00085584,-0.02549917,-0.03109945,-0.01266294,-0.00338541,-0.01958881,-0.01477749,-0.01129936,0.00328658,-0.00462739,-0.02462967,0.06247109,-0.0219192,-0.02547182,-0.01298978,0.00704137,-0.00722838,0.00097441,-0.01018814,-0.01618971,-0.0105636,-0.01455403,-0.01155781,-0.03406995,-0.00361344,0.00696992,0.99498627,-0.01392164,-0.01191503,-0.02177785,-0.02055865,-0.00327292,-0.00937485,0.01100444,-0.01550719,-0.00563677,-0.01113518,0.01688897,-0.00603201,-0.00210544,-0.00998138,-0.02459618,-0.02876299,-0.03169382,-0.01313116,0.0087622,-0.01270553,-0.01275264,-0.01213697,-0.01034166,-0.02318852,-0.02154981,-0.02004334,0.00502411,-0.01761261,-0.02543998,4.559e-05,-0.01851407,0.0200874,-0.00299017,-0.02035499,-0.02955803,0.00809028,0.01946716,-0.00679665,-0.0250705,0.00323641,-0.0194216,-0.02287082
"Np2_503169",-0.00284423,-0.00047582,-0.00827424,-0.01100749,-0.0105545,0.00998896,0.0082621,-0.00044846,0.0096834,-0.00250828,-0.00167978,-0.02140538,-0.01698628,-0.01305818,0.01075968,-0.02617106,-0.0072603,-0.01288336,-0.01670354,-0.00711437,-0.0266256,0.01150151,-0.0109026,0.02690531,-0.01384263,0.00034203,-0.00245659,-0.01712766,-0.00249307,-0.01121423,-0.02213963,-0.01553907,-0.01665944,-0.02377987,-0.01750464,0.00104586,-0.00694866,-0.01065025,0.0083335,-0.01797287,-0.01007717,0.00077983,-0.01716265,-0.01171133,-0.01267967,-0.01403109,-0.01208985,-0.0169346,-0.00280319,-0.01867824,-0.01008627,-0.01114885,-0.01225099,0.00929122,-0.02173381,-0.01788016,0.0039524,-0.01392164,0.99229522,0.00680574,-0.01263407,-0.01278303,-0.01693158,-0.00920003,-0.00219817,-0.02232512,-0.01032647,-0.03695508,3.799e-05,-0.01801848,-0.00998747,-0.01239083,-0.01286816,-0.00304946,-0.02726256,-0.01721279,-0.01584161,-0.00736215,-0.0198746,0.00217534,-0.01685555,-0.02559797,-0.00085282,-0.01986852,-0.00559419,-0.01150916,-0.00869536,-0.01209288,-0.006634,-0.04708093,0.00220118,-0.02808501,0.00603655,-0.01940183,-0.03082735,0.00158704,0.00687567,-0.01042222,-0.01711855,0.00101849
"Np2_502172",-0.01071865,-0.00835024,-0.01158818,-0.01325731,-0.0106761,-0.01977577,-0.00204463,-0.01105917,-0.0027515,0.00497091,0.01856873,-0.01575038,-0.02638084,-0.01895639,-0.0203732,-0.00242619,-0.02379962,0.01207764,-0.00998442,-0.0403755,-0.01108957,-0.00351766,-0.01239235,-0.00225137,-0.00073882,-0.01361303,-0.0129153,-0.0347311,-0.01158362,-0.01589631,-0.00690761,-0.03086224,-0.01997338,0.01106218,0.00472008,-0.01974994,-0.01679929,0.00184546,-0.02386346,-0.00684529,0.00029034,-0.02153613,-0.01059555,-0.00514423,-0.0111291,0.00439325,-0.00856307,-0.01690419,-0.01615019,-0.01150307,-0.00351918,-0.02054342,-0.01070041,0.01449017,0.00565955,-0.0126812,-0.01729941,-0.01191503,0.00680574,0.9835379,-0.02400487,-0.01685704,-0.01234068,-0.02862767,-0.01037663,-0.02442293,-0.00679969,-0.01488237,-0.01558925,-0.00172236,0.0067647,-0.01236041,-0.01967845,-0.03068598,-0.01279063,0.02857443,-0.00471403,-0.00413941,-0.02273248,-0.01542811,-0.0145449,0.0075719,0.00723443,-0.02059818,0.002037,-0.02850455,0.0066887,-0.01479876,-0.02134914,-0.00539811,-0.02725951,0.0105575,-0.00807054,-0.00827424,-0.00176187,0.01028234,-0.02319308,-0.01175996,0.00571427,-0.00639988
"Np2_503249",-0.02620604,-0.03827918,-0.01506632,-0.00867861,0.01944134,-0.02234182,0.00040587,0.03775623,-0.01641471,-0.0030677,-0.01865694,-0.01375594,0.00966517,-0.02501882,-0.0177707,0.01279365,-0.01572455,-0.00933836,-0.02288757,-0.01527461,-0.01897618,-0.01885304,-0.01359025,0.00156727,-0.01622626,-0.00949037,-0.0141132,0.00085888,-0.0231186,-0.01435793,-0.01707446,-0.00925778,0.05377262,-0.01947479,0.00321816,-0.00285792,-0.00203551,-0.00725726,-0.01198799,-0.00135448,-0.02796647,-0.0335272,-0.01741805,-0.01576712,-0.0293528,-0.0077498,0.00589669,-0.01658193,-0.01932431,-0.02090985,-0.00046062,0.00546952,-0.00156122,-0.02288759,-0.02198921,-0.00688635,-0.01332878,-0.02177785,-0.01263407,-0.02400487,1.0013627,-0.01531866,0.00105498,-0.00671913,-0.00853421,0.0037183,0.00385968,-0.02322502,-0.03274885,-0.00824081,-0.01282714,0.00012312,-0.01783604,-0.01105768,-0.01885304,-0.02734924,-0.01305668,-0.0100498,-0.01754572,0.01438527,-0.02653595,0.02020747,-0.02269451,-0.01313117,0.02075321,-0.01024439,-0.01168704,0.0083259,-0.03470836,-0.00142744,-0.00428687,-0.01845935,0.00122068,0.02108311,-0.00721622,-0.02709535,0.01376504,-0.02405503,-0.02710298,-0.01246229
"Np2_503162",-0.01769009,-0.00635276,-0.02053583,0.00622199,-0.01658344,-0.01488998,-0.02497787,0.05645718,-0.00941891,-0.0082332,-0.02367041,-0.01375288,-0.0132862,-0.02243148,-0.02263215,-0.00985368,-0.01496142,8.967e-05,-0.00570669,-0.01998405,-0.01091627,-0.01687377,0.01331962,-0.01256717,0.00566716,-0.00918328,-0.00194886,-0.01403565,-0.01460265,-0.01329076,-0.00795045,-0.01883171,0.00467448,-0.02433624,-0.0227735,-0.02428913,-0.00385665,-0.00390987,-0.01274502,-0.02369777,-0.00820129,-0.01725839,0.0163326,-0.00405884,-0.00153081,-0.01063505,-0.03499255,-0.01004218,-0.01825713,0.00098353,-0.0150511,-0.01717779,0.01242729,-0.02546879,-0.01468935,-0.01220387,-0.02335877,-0.02055865,-0.01278303,-0.01685704,-0.01531866,0.98236417,-0.01292746,-0.00276367,-0.02084445,-0.01391253,-0.00343405,-0.00148369,-0.0149599,-0.02237524,-0.00856763,-0.00869075,-0.00247939,0.00627521,-0.00820887,-0.01868126,-0.0062129,0.00378671,-0.001733,0.00207501,-0.00844297,-0.02357006,-0.01965112,-0.00552732,-0.00417437,-0.01328166,-0.03585459,0.01547367,-0.0283206,0.00207197,-0.00473987,-0.01389581,-0.00668112,0.01302928,0.01467713,-0.01781931,-0.01481092,-0.0158431,0.00041499,-0.00364231
"Np2_502606",-0.02275073,-0.0003162,-0.00431423,0.01149849,-0.00568239,-0.00976554,0.00826971,0.00123132,-0.0225364,-0.00204463,-0.02310647,-0.00574014,-0.010442,-0.02338771,-0.01142708,-0.01810665,-0.02184625,-0.0177403,-0.03022541,-0.00209023,-0.02631401,-0.0076449,-0.02503253,-0.00227418,0.02158483,-0.01515601,-0.00108085,-0.00267854,-0.00643789,-0.01652721,-0.00160987,0.01304752,-0.0207563,0.0119515,-0.01506481,-0.00381106,-0.02791932,-0.00881847,-0.00518833,-0.02678223,-0.02314301,-0.01456622,0.00549539,-0.03116181,-0.01905677,-0.03044126,-0.01360243,-0.01023831,-0.00933229,-0.0087896,-0.01311901,0.01302928,-0.01847607,-0.01213548,0.00943718,0.00827424,-0.02826741,-0.00327292,-0.01693158,-0.01234068,0.00105498,-0.01292746,1.01131503,-0.01147268,-0.00325469,-0.01502076,-0.01351122,-0.01672938,0.00430205,-0.01329839,-0.00754763,-0.00751873,-0.03596701,-0.00927453,0.00725268,-0.01416489,-0.02039452,-0.020732,-0.02047508,0.00035875,-0.0142637,-0.01950976,0.00265116,0.00628586,-0.01698781,-0.03384797,0.01548289,-0.00919699,-0.01650747,-0.01667013,-0.03169083,-0.00512297,0.00908449,0.00386424,-0.01896252,0.00433092,-0.0042139,-0.01284689,-0.0183271,-0.00627068
"Np2_500087",-0.02246797,-0.02146772,0.01451447,-0.0084369,-0.03838714,-0.00963479,-0.02762755,0.01245922,-0.01313267,-0.03049294,-0.00488581,-0.01777069,-0.00955118,-0.00699123,-0.01129633,-0.00596663,-0.01441873,-0.00362408,0.004261,0.00260098,-0.0114377,0.00099873,-0.02262153,-0.01430473,0.01548287,0.01081745,-0.02420859,0.00839736,0.00159767,-0.01472429,-0.02048113,-0.00810398,-0.01104854,-0.0061597,-0.01310987,-0.00915291,-0.022468,-0.02632159,-0.01767491,0.00633602,-0.02194814,0.00107018,-0.01520013,0.01700603,0.00372439,0.02912779,-0.01438378,0.0017497,-0.00190478,-0.01777983,-0.01709269,-0.02119559,-0.01576104,-0.01793338,-0.00593778,-0.01698176,-0.03832173,-0.00937485,-0.00920003,-0.02862767,-0.00671913,-0.00276367,-0.01147268,0.99834933,-0.03155099,-0.01412992,-0.01201233,-0.01903089,-0.00605634,-0.02608901,-0.00954511,-0.00100332,-0.02215481,0.00742598,-0.00660207,-0.01038576,-0.01995974,-0.02987424,-0.00012619,-0.00635125,-0.01185271,-0.02089916,0.00186979,-0.02049027,-0.02217762,-0.00331397,-0.01646188,0.01373615,0.00049708,0.00079047,-0.00860564,0.0027606,-0.01708359,-0.00695019,-0.00712653,-0.03095806,-0.01426824,-0.02335727,0.01159883,0.00541328
"Np2_504109",-0.02549918,0.0097047,-0.02272034,-0.00751569,-0.01603164,-0.01327407,-0.00147153,0.02386957,-0.01266752,0.00554402,-0.00548476,-0.01213698,-0.00619771,-0.00607002,-0.00277431,-0.01416638,0.01204118,-0.01425608,-0.01640408,-0.01988832,-0.01264471,-0.0032486,-0.02352452,-0.00517464,-0.01080687,-0.01060769,0.0027074,0.00080568,-0.00280167,-0.00513815,-0.01013492,0.0068027,-0.00267854,-0.01618365,-0.00702011,-0.02312929,0.01980161,-0.01810362,-0.02177024,-0.02147382,0.04008369,-0.0352526,-0.00622205,-0.03284615,-0.01982901,-0.01585985,-0.02091136,-0.00204159,-0.0154251,-0.01123402,-0.00826665,-0.02179454,-0.02259266,-0.01184361,-0.02052225,-0.00937182,-0.00426102,0.01100444,-0.00219817,-0.01037663,-0.00853421,-0.02084445,-0.00325469,-0.03155099,1.00718571,-0.00667202,-0.01625967,-0.01841372,-0.00179076,-0.00388555,-0.01409649,-0.01117928,-0.02503401,0.01533995,-0.00659296,0.00376086,0.00589214,-0.02667279,-0.00999812,-0.02458407,-0.02385288,-0.00310418,-0.02457192,-0.00634366,-0.01122336,-0.02124278,-0.02450965,-0.00890512,-0.01986398,0.00931251,-0.03291912,-0.00771941,0.00192755,-0.01393383,-0.01182992,-0.01437921,-0.02444421,0.01298368,-0.025332,-0.00977921
"Np2_500343",-0.01871928,-0.01483071,-0.00241099,-0.0236902,-0.02186908,-0.00147762,0.00363623,-0.01221908,-0.01318437,-0.01655915,-0.01953105,-0.02238287,-0.00823472,-0.02498083,0.00841408,-0.0180276,-0.00686962,-0.02176569,0.01317828,-0.00079506,-0.00388859,-0.01303843,-0.02373735,-0.02971007,-0.01588423,-0.01614108,-0.01209899,0.0103219,-0.0097032,-0.03028164,0.01169459,-0.00663551,-0.008972,0.19049755,-0.00510472,-0.01650138,-0.01096647,-0.03078177,-0.02000686,-0.00359672,-0.01485507,-0.01448717,-0.01327562,-0.01451301,2.431e-05,-0.00786381,-0.03130927,-0.02946532,-0.00028429,-0.0193517,0.01645117,-0.01197431,-0.02128533,-0.026498,-0.02149517,-0.02052983,-0.00614603,-0.01550719,-0.02232512,-0.02442293,0.0037183,-0.01391253,-0.01502076,-0.01412992,-0.00667202,1.01223333,-0.00081482,-0.01741042,-0.01097255,-0.01048305,-0.01871779,-0.00242314,-0.02023031,0.00235776,-0.02109529,-0.01013341,-0.02670016,-0.00575535,-0.01902789,-0.02570899,0.00253714,-0.00392507,-0.03101742,-0.00670849,-0.00383538,-0.01795923,0.00400866,0.00395545,-0.01323608,-0.01370277,-0.01306581,-0.00869232,-0.00482197,-0.00350551,-0.01401896,-0.02006462,-0.00489493,-0.00486301,-0.03025734,-0.01546463
"Np2_503154",-0.01447345,-0.01742561,-0.03039257,-0.01792422,0.0062433,-0.00437656,-0.01598458,-0.01101358,-0.01243492,-0.00532058,-0.00205983,-0.01281649,-0.01219778,-0.00477331,-0.01865543,-0.01119751,-0.01569719,-0.04108234,-0.01024286,-0.00612627,-0.03855888,-0.00423213,-0.00581007,-0.00615819,-0.01437469,-0.018888,-0.00268462,0.00651084,-0.01579447,-0.01068218,-0.00731806,-0.00983848,-0.012327,0.00852353,-0.01469236,-0.0051108,-0.01508153,-0.02501577,-0.01317676,-0.01972107,-0.02368265,0.00222398,-0.00218905,0.00630257,-0.01473189,0.00732716,-0.01079772,0.01263253,-0.0159526,-0.02422684,-0.01016228,-0.02277808,-0.01688748,-0.00218601,-0.01557714,-0.00746706,-0.01588569,-0.00563677,-0.01032647,-0.00679969,0.00385968,-0.00343405,-0.01351122,-0.01201233,-0.01625967,-0.00081482,1.00020114,-0.01529283,-0.00399043,0.00805229,-0.0120397,0.00820733,-0.01507239,-0.01619887,-0.01076883,-0.01576865,-0.01439747,-0.01063051,-0.03074376,-0.00808575,0.00191843,0.03239612,-0.01597843,-0.02891349,-0.01053472,-0.02602672,-0.01530808,0.00470488,-0.01446283,-0.00520049,0.00866186,0.00786683,-0.01486568,-0.02206212,-0.01098926,0.00272715,0.00163112,-0.01612283,-0.01689053,-0.01106678
"Np2_500252",-0.0186037,0.00671909,-0.01643292,-0.00077225,-0.01111238,0.00380647,-0.0333403,-0.007087,-0.00379585,-0.02100407,-0.01439896,-0.0060016,-0.02772922,-0.01224793,-0.01001635,-0.00255844,-0.02438792,-0.02271422,-0.02395012,-0.00873638,-0.02323107,-0.00334588,0.00252497,-0.00952838,-0.01394447,-0.0216501,-0.01091933,-0.0096287,0.01579898,-0.0316862,-0.02512976,-0.00788811,-0.02603424,-0.01704099,-0.00681336,-0.02368258,-0.00583438,-0.01075209,-0.04314971,-0.00332916,-0.02203628,0.02804086,-0.02623345,-0.00132407,-0.00244443,-0.02659823,-0.01751224,-0.00563524,-0.02236309,-0.00965911,-0.00030708,0.014896,-0.02040967,-0.01665338,-0.0093703,-0.01509369,-0.01925586,-0.01113518,-0.03695508,-0.01488237,-0.02322502,-0.00148369,-0.01672938,-0.01903089,-0.01841372,-0.01741042,-0.01529283,0.98144891,-0.01617755,-0.01492798,-0.01236956,-0.02024548,0.02640208,-0.03325048,-0.01292288,-0.00165699,-0.00834265,0.08708998,0.00829853,-0.00689545,-0.02607835,-0.00380953,0.01272677,-0.01252157,-0.01147264,-0.01115495,0.00898871,-0.00626611,0.01469842,-0.00279406,-0.00945388,-0.01435338,-0.02097214,-0.0160073,-0.01192718,-0.0108281,-0.02423742,-0.0128043,0.08584647,-0.01428495
"Np2_500880",-0.0127739,-0.01344583,-0.01957206,-0.01683274,-0.03234145,-0.00602137,-0.01048461,-0.00718581,-0.00982328,-0.02292709,-0.03380381,-0.01035686,0.02248923,-0.02070763,-0.0038825,-0.00904192,-0.02965529,0.0243119,0.0086345,-0.0173481,-0.0195295,-0.0054209,-0.01824802,0.00329417,-0.01997193,-0.00305097,-0.01269031,-0.00227873,-0.00436591,-0.00700643,-0.01534755,-0.02577277,-0.01579599,0.00277428,-0.00706419,-0.03031811,0.01732525,-0.02392429,-0.0169498,-0.02258199,0.02179761,-0.00702164,0.0004226,-0.02012086,-0.01060009,-0.0061749,-0.00727398,0.00110666,-0.01942159,-0.01477447,-0.00177404,-0.01788619,0.00442213,-0.00291873,-0.01068525,-0.02127317,-0.0023289,0.01688897,3.799e-05,-0.01558925,-0.03274885,-0.0149599,0.00430205,-0.00605634,-0.00179076,-0.01097255,-0.00399043,-0.01617755,0.99326217,-0.02217155,-0.00106717,-0.01821608,-0.03237483,-0.00613843,-0.00040438,-0.00707636,-0.00980962,-0.01759588,-0.00472163,-0.01474708,-0.00641509,-0.03005509,-0.01032647,-0.01034014,-0.01704404,-0.00562917,-0.00889601,-0.01502983,-0.00865886,0.00029946,-0.02247407,-0.00639534,-0.01042984,-0.01169765,-0.0129381,-0.00651846,-0.01840763,-0.00347814,0.00745942,-0.0051108
"Np2_502435",-0.00331548,0.02003114,0.00676013,-0.00463802,-0.01741042,-0.00507583,-0.00953907,-0.00867253,0.00632386,0.00598942,-0.01279216,0.00305399,-0.01365713,0.01459352,-0.00445713,-0.02512216,-0.02141299,0.00534335,-0.04058527,-0.00652151,0.01455551,-0.00037093,-0.01547829,-0.01643447,-0.01431388,-0.00985825,-0.02421011,-0.00634973,-0.0171018,-0.01867822,-0.0294516,-0.0205708,-0.01485045,-0.00266485,0.03994217,-0.00945846,-0.00453162,-0.0187223,-0.00384298,-0.00385058,-0.01298068,-0.01914949,-0.00091211,0.00286701,-0.00190174,-0.01237412,-0.01864174,-0.00326836,-0.00935509,-0.00105956,-0.01283776,-0.0183088,-0.001017,-0.02371151,-0.01658045,-0.00877438,-0.02509785,-0.00603201,-0.01801848,-0.00172236,-0.00824081,-0.02237524,-0.01329839,-0.02608901,-0.00388555,-0.01048305,0.00805229,-0.01492798,-0.02217155,0.99424129,-0.02003575,0.00598789,-0.03872606,0.01639341,-0.01192415,-0.02984533,-0.0053677,-0.02029873,-0.01122488,-0.02033824,-0.01839092,-0.01922851,-0.02686278,-0.02778856,-0.0084977,-0.0212534,0.0130278,-0.02168509,-0.00497702,-0.00331548,-0.01012732,-0.01289859,0.0149903,-0.02899405,-0.00636796,-0.01256565,-0.00727702,-0.00557292,-0.01302932,-0.01480638
"Np2_503804",-0.00106108,-0.02468742,0.01159881,-0.0172812,-0.03765444,-0.02258353,-0.01290929,-0.00504999,-0.02395319,0.06175356,-0.01585833,0.00089992,-0.01033862,-0.01021093,-0.00220273,-0.01739521,-0.00745336,0.02082314,-0.00351919,-0.02615747,-0.02332231,-0.0101258,-0.01702431,-0.01706839,0.01515148,-0.01155627,-0.0040178,-0.02613768,-0.00131799,-0.00563069,-0.01245165,-0.01770834,0.01218256,-0.00816328,-0.01800174,-0.00690003,0.00106714,-0.02665299,-0.00250067,-0.00722078,-0.01133436,-0.02951244,-0.01887588,-0.0242177,-0.01287274,-0.01255198,-0.0065063,-0.01515146,-0.00938093,-0.01719914,-0.02259264,-0.00374112,-0.00666744,-0.01461638,-0.02238293,0.00016872,-0.01433056,-0.00210544,-0.00998747,0.0067647,-0.01282714,-0.00856763,-0.00754763,-0.00954511,-0.01409649,-0.01871779,-0.0120397,-0.01236956,-0.00106717,-0.02003575,1.0028557,-0.00103068,-0.01594952,-0.01205946,-0.01772661,-0.02500667,-0.0105621,-0.01059555,-0.00410597,-0.0091149,-0.00686354,-0.00830921,-0.00317411,0.00821342,0.01063047,-0.01839095,-0.01816143,-0.02839965,-0.02598111,0.02067724,-0.01395357,-0.0153567,-0.02151944,-0.00682554,-0.00928212,0.00185002,-0.01338351,-0.01228747,-0.00606242,-0.02197699
"Np2_503551",-0.01000113,-0.01204119,-0.00904647,-0.00220272,0.00129061,-0.0005123,0.00399346,-0.00350094,-0.01799564,0.00842472,-0.01142097,0.00457718,-0.00286095,-0.01018204,-0.01600729,-0.01691025,0.01188154,-0.0002782,-0.01413141,-0.00743056,0.02565569,-0.0187618,-0.01577926,-0.01308707,-0.01051043,-0.00924713,-0.00277278,-0.00589063,-0.0243955,-0.00484172,-0.02275983,-0.02543223,-0.00739862,0.00250673,0.00710977,-0.01447194,-0.01349751,0.0066674,0.00284876,-0.01220841,-0.00309658,-0.02796336,-0.00075705,-0.01491581,-0.02348495,-0.00781059,-0.02015884,-0.01147417,-0.00296737,-0.01108959,-0.00173755,-0.02104203,-0.01089499,-0.01321933,-0.01703344,-0.00421086,-0.00670087,-0.00998138,-0.01239083,-0.01236041,0.00012312,-0.00869075,-0.00751873,-0.00100332,-0.01117928,-0.00242314,0.00820733,-0.02024548,-0.01821608,0.00598789,-0.00103068,0.98086813,-0.02336939,-0.01035839,-0.01952188,-0.01479268,-0.00399652,-0.01132672,-0.01821456,-0.01729486,-0.0177798,-0.00676016,-0.01317827,-0.02231292,-0.02354422,-0.00376849,-0.02010873,0.00309655,0.0128119,-0.01106526,-0.02319764,-0.00301449,-0.02498689,-0.01819785,-0.02643103,-0.00556987,-0.01913122,-0.01803517,-0.02153916,-0.03578151
"Np2_504309",-0.02796026,-0.00734998,-0.01651652,-0.01529736,-0.02487742,-0.00691825,-0.01989442,-0.01157907,-0.00281534,-0.03446507,0.00345531,-0.01110173,-0.01945195,-0.00609889,-0.00173908,-0.01693152,0.00501955,-0.02173371,-0.01111237,-0.01034014,-0.0062889,-0.00829399,-0.00500741,-0.00581158,0.00923041,-0.01306881,-0.01434728,-0.00469579,-0.00389465,-0.0028868,-0.00788355,-0.01146807,-0.02170938,-0.00861171,-0.01662597,-0.01190895,-0.01519096,0.26324877,-0.01739061,-0.02074258,-0.03260899,0.01123549,-0.01187552,-0.00900847,-0.011801,-0.00539962,-0.01151521,-0.00967126,-0.01940636,-0.01004675,-0.02866563,-0.0113343,-0.02338158,-0.01400069,-0.0243515,-0.00301601,-0.01721124,-0.02459618,-0.01286816,-0.01967845,-0.01783604,-0.00247939,-0.03596701,-0.02215481,-0.02503401,-0.02023031,-0.01507239,0.02640208,-0.03237483,-0.03872606,-0.01594952,-0.02336939,0.97626445,-0.00080266,0.00553945,-0.02895144,0.00388704,-0.02518146,-0.01625963,-0.00333067,-0.02175348,0.0476402,-0.01304754,-0.00774066,-0.02645379,-0.00865429,-0.01587356,-0.01516662,-0.01761259,0.00958764,0.01584916,-0.01580512,-0.03260895,-0.02049936,-0.01277086,-0.01334395,-0.01884846,-0.01516815,0.00428228,-0.02652982
"Np2_500283",-0.01677345,-0.00695627,-0.01277849,-0.01733592,0.02583363,-0.0164056,-0.03211815,-0.00647286,0.00487514,-0.01689358,0.01312201,-0.02241326,-0.00188045,-0.01543421,0.00306312,-0.01501768,-0.00401172,-0.02635656,-0.0090465,0.01148787,0.05855961,-0.00470795,-0.00780604,-0.03019651,-0.00253717,-0.00963478,-0.00255237,-0.02071982,-0.01277391,-0.01328622,-0.01189831,-0.02414774,-0.00352982,-0.00380954,-0.01790446,-0.00847492,-0.0225501,-0.03157223,-0.02034128,-0.02369325,-0.01382135,-0.0101091,-0.00965762,-0.00755066,0.05213544,-0.01260671,-0.00017635,0.0297906,-0.02554938,-0.01330144,-0.02310342,-0.03085469,-0.01857943,-0.01755943,-0.01346868,-0.02648886,-0.03171513,-0.02876299,-0.00304946,-0.03068598,-0.01105768,0.00627521,-0.00927453,0.00742598,0.01533995,0.00235776,-0.01619887,-0.03325048,-0.00613843,0.01639341,-0.01205946,-0.01035839,-0.00080266,1.00441864,-0.01063658,-0.01290011,-0.02673055,-0.0146027,-0.01677805,0.00116748,-0.0128469,-0.00881999,-0.02663934,0.00207805,-0.02271577,-0.01525333,0.00747465,-0.00473988,-0.01478663,-0.01479728,-0.0252575,9.424e-05,-0.01929392,-0.01858551,-0.01222515,-0.04183331,0.00115531,-0.00747768,-0.00277279,-0.0115426
"Np2_501788",-0.00541482,0.0037943,-0.01798957,-0.00658534,-0.00096379,0.00285789,-0.0142227,-0.00955573,-0.01660166,0.01726749,0.01687984,-0.01151066,-0.0075476,0.0050454,0.0016524,0.00576595,-0.01454337,0.00081175,-0.0115213,-0.01789384,-0.02083531,-0.0296811,-0.00146392,0.01490972,-0.00455594,-0.00724508,-0.01171589,-0.00343253,-0.01251243,-0.00572798,-0.00829248,-0.00868467,-0.0161897,-0.00522024,-0.02022723,-0.00517312,-0.01924827,0.01201381,-0.00092579,-0.01841522,-0.00322276,-0.00711132,-0.02170945,-0.03571616,-0.02725952,-0.00884886,-0.02241324,-0.01509672,-0.01844716,-0.01927261,-0.01265686,0.01926798,-0.00205222,-0.01729793,-0.01275115,-0.00418502,-0.00910729,-0.03169382,-0.02726256,-0.01279063,-0.01885304,-0.00820887,0.00725268,-0.00660207,-0.00659296,-0.02109529,-0.01076883,-0.01292288,-0.00040438,-0.01192415,-0.01772661,-0.01952188,0.00553945,-0.01063658,0.98548093,-0.01537491,0.0062144,-0.01358113,0.0105423,-0.01149241,-0.00832897,-0.01661535,-0.00463954,-0.01149394,-0.02519056,-0.02791322,-0.0108099,-0.00827879,-0.01619732,-0.02532893,-0.02347584,-0.01454187,0.0001216,-0.00373048,-0.00573102,-0.02652222,-0.01606505,-0.01208072,-0.01680083,0.00042412
"Np2_503118",-0.00448601,-0.00713413,-0.01082811,0.00954507,-0.0134124,0.02294074,-0.01861447,-0.02504466,-0.00792005,-0.00916659,-0.00925019,-0.00115686,-0.01543572,-0.01515601,-0.02037321,-0.00227417,-0.03428874,-0.01786949,-0.0049679,0.00659749,-0.01215369,-0.01871926,0.00478545,-0.03037435,-0.00028277,-0.01026869,-0.00470643,-0.00980049,-0.01431991,0.01724316,-0.00675561,-0.00410748,-0.01754114,-0.02937407,-0.00288072,-0.010781,-0.02029568,-0.02825371,-0.00866189,-0.01490215,-0.01156694,-0.00618251,-0.00375482,-0.00909665,0.00954508,-0.00533577,0.02822481,-0.00930339,-0.00824537,-0.02761679,-0.00275911,-0.00899023,-0.00066736,-0.01044049,-0.01972719,-0.03457155,-0.01273896,-0.01313116,-0.01721279,0.02857443,-0.02734924,-0.01868126,-0.01416489,-0.01038576,0.00376086,-0.01013341,-0.01576865,-0.00165699,-0.00707636,-0.02984533,-0.02500667,-0.01479268,-0.02895144,-0.01290011,-0.01537491,0.99600492,-0.01018662,-0.01219627,0.01907193,-0.02150876,-0.01363281,0.02018923,0.01589936,-0.00646069,0.00781361,-0.03078482,-0.0118573,-0.02954432,0.00951012,-0.03382514,-0.0052172,-0.01817355,-0.01475927,0.00631929,-0.00176187,-0.01996883,-0.00647134,-0.02589745,-0.01739218,-0.01780109
"Np2_504247",-0.00949949,-0.01655608,-0.01705773,-0.0248075,-0.02633074,0.00044539,0.00206285,-0.02732187,-0.00046822,-0.01615629,-0.0201923,-0.01133889,-0.01345647,-0.0078562,0.00045603,0.00487361,-0.0076829,-0.01193783,-0.02518301,-0.01088135,-0.01899137,0.00986278,-0.02166231,-0.00696084,-0.01426525,-0.01589024,0.00669782,-0.00964544,-0.02708622,0.00523694,-0.00523241,-0.02645077,-0.0137377,-0.00884887,-0.02096757,-0.02917192,-0.01284385,-0.00164787,-0.02173223,-0.02021968,0.00029338,-0.00526737,0.00278493,-0.00878959,-0.01963898,-0.01886217,0.00010488,-0.00610802,-0.01797136,0.00446166,-0.0164375,-0.045319,0.03399536,0.01023676,0.00611866,-0.00872575,-0.01988067,0.0087622,-0.01584161,-0.00471403,-0.01305668,-0.0062129,-0.02039452,-0.01995974,0.00589214,-0.02670016,-0.01439747,-0.00834265,-0.00980962,-0.0053677,-0.0105621,-0.00399652,0.00388704,-0.02673055,0.0062144,-0.01018662,1.00102822,-0.02131422,-0.0041835,-0.02104968,-0.01910236,0.00803099,0.00708546,-0.01360243,-0.017418,-0.01664427,0.00106714,-0.03425378,-0.00705661,-0.00797934,0.05772051,-0.01406608,-0.00350703,-0.00872726,-0.0183286,-0.00217993,-0.02197394,-0.0190537,-0.01206858,-0.02585492
"Np2_504095",0.00566867,-0.01172502,-0.01648311,-0.00690306,0.04265118,-0.02178242,-0.02654977,-0.00318475,-0.01296698,-0.01725386,-0.00335197,-0.01745298,-0.00634517,-0.01549045,-0.0267883,0.02931476,-0.01501313,-0.01561966,-0.01411928,-0.00757043,-0.00929579,-0.01464524,-0.00786229,-0.0062342,-0.01095432,-0.0226124,-0.00352071,-0.01423937,-0.039737,0.00535551,5.472e-05,-0.00945844,-0.03657357,-0.00721014,-0.01340023,-0.01415577,-0.01302932,-0.02387567,-0.03134269,-0.00657167,0.02245434,-0.02293471,-0.01731469,-0.00608674,-0.01313573,-0.03075287,-0.00540115,-0.01799873,-0.02119716,0.00351613,0.00237904,-0.02422224,0.00735909,-0.0188318,0.00760538,-0.02289672,-0.01854597,-0.01270553,-0.00736215,-0.00413941,-0.0100498,0.00378671,-0.020732,-0.02987424,-0.02667279,-0.00575535,-0.01063051,0.08708998,-0.01759588,-0.02029873,-0.01059555,-0.01132672,-0.02518146,-0.0146027,-0.01358113,-0.01219627,-0.02131422,1.00567446,0.00961653,-0.02473151,0.01172348,-0.00112341,-0.00419719,-0.0074032,-0.01228291,-0.01485353,-0.0273934,-0.00403604,-0.01925136,0.00430053,-0.01224036,-0.01409953,-0.02163041,-0.01772967,-0.00939309,-0.00859804,-0.00528562,-0.02440771,0.00568387,0.00527495
"Np2_504757",0.0053175,-0.02074108,-0.01607418,0.00657924,-0.0001125,0.00173297,-0.01990813,0.01029756,-0.00982177,-0.01198041,-0.01753658,-0.00868316,-0.01292897,0.00756887,-0.0058572,0.004337,-0.02858967,-0.01323453,0.01350054,-0.01704256,-0.01359936,-0.02548549,-0.01718239,-0.00460914,0.01924984,-0.00821799,-0.023938,-0.02903206,-0.02382243,-0.02175047,0.01566524,-0.01345797,-0.03510051,-0.02352297,-0.02712878,0.00084672,-0.00410748,-0.00096835,-0.01877247,-0.00464258,-0.01088439,-0.0143169,-0.00398436,-0.00963023,-0.0127268,-0.00146089,-0.01350512,-0.01150915,-0.03203742,-0.00261165,0.00370006,-0.0142363,-0.01792271,-0.0065656,-0.02162892,-0.00987043,-0.01433664,-0.01275264,-0.0198746,-0.02273248,-0.01754572,-0.001733,-0.02047508,-0.00012619,-0.00999812,-0.01902789,-0.03074376,0.00829853,-0.00472163,-0.01122488,-0.00410597,-0.01821456,-0.01625963,-0.01677805,0.0105423,0.01907193,-0.0041835,0.00961653,0.99767428,-0.03192339,-0.01477446,-0.01530802,-0.0173177,-0.00851444,-0.01004978,-0.02022121,-0.00585417,-0.0139642,0.01308098,-0.01018814,-0.02444876,0.00227111,-0.00936421,-0.01352033,-0.00305554,-0.01244557,-0.01490975,-0.00727702,-0.00150801,0.00446774
"Np2_503724",-0.01717324,-0.00279559,-0.00800973,0.00278644,0.00658381,-0.01300498,-0.00728313,-0.00748072,0.00371525,-0.00209175,0.01044196,-0.00685137,0.01140118,-0.0120336,-0.03047619,-0.02028197,-0.01155627,-0.02052368,-0.0076221,-0.0062418,-0.0187603,-0.03520688,-0.01535059,-0.00961807,0.00557594,-0.01033861,0.01224944,-0.01503896,-0.01530193,-0.00258885,-0.00332916,-0.00341733,0.00184698,-0.02093109,-0.01663207,-0.0040102,-0.00866037,-0.01707445,-0.01906889,-0.00813135,-0.01361307,-0.00351615,-0.00230458,-0.00445408,-0.03187321,-0.01011819,-0.02641887,-0.00466083,-0.01363585,-0.00959679,-0.01058184,-0.01863715,-0.0293163,-0.0150709,0.03280057,-0.0218721,-0.02421007,-0.01213697,0.00217534,-0.01542811,0.01438527,0.00207501,0.00035875,-0.00635125,-0.02458407,-0.02570899,-0.00808575,-0.00689545,-0.01474708,-0.02033824,-0.0091149,-0.01729486,-0.00333067,0.00116748,-0.01149241,-0.02150876,-0.02104968,-0.02473151,-0.03192339,0.98963153,-0.01780718,-0.01636453,-0.00165243,-0.00789876,-0.02341958,-0.01291683,-0.02986516,0.00474136,-0.00636949,0.00410898,-0.00528713,-0.00897049,-0.01437313,-0.00834417,0.01610609,0.00230759,-0.00562916,-0.00848553,-0.00849316,-0.0234956
"Np2_501378",-0.02753921,0.00933681,-0.00241402,2.127e-05,-0.01928782,-0.01242581,-0.03072261,-0.01343824,-0.0122753,7.58e-06,-0.00129215,-0.02071371,-0.01082203,0.00253106,-0.00390226,-0.00465322,-0.0120412,-0.00580703,-0.01175542,0.00300231,-0.00130735,-0.00984913,-0.02860488,-0.02469655,-0.022728,-0.01021548,0.01754114,-0.02084446,-0.00499374,-0.00809031,-0.01597538,-0.01241515,-0.0190081,-0.00515032,0.00948578,-0.01483222,-0.01583401,-0.04005775,-0.00982481,-0.02336184,0.00292782,-0.01753052,-0.00430967,0.01771138,-0.01472429,0.01037508,-0.00911794,-0.01183447,0.00396913,-0.00217689,-0.01927564,-0.00589671,0.00789874,0.01864782,-0.0234744,-0.01399615,0.00783641,-0.01034166,-0.01685555,-0.0145449,-0.02653595,-0.00844297,-0.0142637,-0.01185271,-0.02385288,0.00253714,0.00191843,-0.02607835,-0.00641509,-0.01839092,-0.00686354,-0.0177798,-0.02175348,-0.0128469,-0.00832897,-0.01363281,-0.01910236,0.01172348,-0.01477446,-0.01780718,0.99611135,-0.01730551,-0.01308252,-0.00807967,-0.01751985,-0.01416184,0.00947821,-0.01064113,-0.01171894,0.00514422,-0.01215674,-0.00261469,0.0205617,-0.01110935,-0.03119979,-0.013987,-0.02055562,-0.01991563,-0.02144342,-0.00999507
"Np2_504144",-0.01895182,-0.00822255,-0.01252459,-0.00294456,-0.0038597,0.01273132,-0.00343711,-0.03130161,0.00573706,-0.02834492,-0.01459506,-0.02139929,-0.00937939,-0.02840571,-0.00549995,0.03175304,0.00110666,-0.01257325,-0.00347206,-0.00802038,-0.01233002,-0.02619233,-0.02913843,-0.01428495,-0.01687687,-0.00071601,-0.01841219,-0.0241143,-5.474e-05,-0.03097021,-0.01255652,-0.01082049,-0.01741343,-0.00598792,-0.00016875,-0.00350854,-0.01028693,0.03617672,-0.04380186,-0.00930187,-0.01052714,-0.0154798,-0.03311826,-0.00364839,-0.00279254,-0.01144073,0.00676621,-0.00871964,-0.00872573,-0.01608787,-0.0160088,-0.01935161,-0.03307108,-0.0255144,-0.01473496,-0.00829705,0.00943105,-0.02318852,-0.02559797,0.0075719,0.02020747,-0.02357006,-0.01950976,-0.02089916,-0.00310418,-0.00392507,0.03239612,-0.00380953,-0.03005509,-0.01922851,-0.00830921,-0.00676016,0.0476402,-0.00881999,-0.01661535,0.02018923,0.00803099,-0.00112341,-0.01530802,-0.01636453,-0.01730551,0.98212091,-0.00419109,-0.02123057,-0.01258084,0.00020217,-0.01112152,-0.00281383,-0.02699806,-0.01515145,0.00205524,-0.01682972,-0.01904002,-0.01118687,-0.02124424,-0.03276246,-0.01136016,-0.0052476,0.00599398,-0.01387298
"Np2_501549",0.01004976,-0.00217536,0.0108524,0.00112643,-0.00678145,-0.00873638,0.01249121,-0.01324518,0.01132822,-0.0368913,-0.01174021,-0.00227873,-0.01898985,-0.02539886,0.00145935,0.00390072,-0.01458443,-0.01108654,0.00272715,-0.01185424,-0.01433968,-0.00342341,-0.00728158,-0.01462244,-0.03758457,0.00457111,-0.00613234,-0.01654697,-0.02304258,-0.02097062,0.01036445,-0.02939988,-0.01638278,-0.01331814,-0.0059788,-0.0261924,-0.01184055,-0.00870141,-0.01160795,-0.00219057,-0.02834651,0.00622505,-0.01475776,-0.02952458,-0.00617034,-0.02181128,-0.00968496,-0.01285754,-0.00799911,0.00911336,-0.01315396,-0.02516168,-0.018359,-0.00289744,-0.01112002,0.01553605,0.00270891,-0.02154981,-0.00085282,0.00723443,-0.02269451,-0.01965112,0.00265116,0.00186979,-0.02457192,-0.03101742,-0.01597843,0.01272677,-0.01032647,-0.02686278,-0.00317411,-0.01317827,-0.01304754,-0.02663934,-0.00463954,0.01589936,0.00708546,-0.00419719,-0.0173177,-0.00165243,-0.01308252,-0.00419109,0.99862604,-0.03357734,-0.02067114,-0.02841033,0.03718627,-0.00512751,-0.01791056,-0.01564096,-0.01393989,-0.02309585,-0.0163372,-0.01456468,-0.02751037,-0.00543306,-0.01428192,-0.01501007,0.01568958,-0.02652378
"Np2_503934",-0.01535058,-0.0055334,-0.00785924,-0.00177556,0.00460608,-0.02212748,-0.01914197,-0.02344393,0.01420285,-0.01379852,-0.01829058,-0.0059408,-0.01824345,-0.02526052,-0.00661119,-0.01450689,-0.01718238,-0.01216434,-0.00610346,-0.01460422,-0.00356023,-0.00966975,-0.00699123,-0.01113976,-0.00825907,-0.03268648,-0.01815531,-0.00181509,-0.00162202,0.02933301,-0.01305971,-0.00037853,-0.00651542,-0.0064911,-0.01496143,-0.02620608,-0.02340745,-0.01692396,0.00160375,-0.00889295,-0.02912027,-0.00883823,-0.02070008,-0.00384754,0.13093449,-0.03444229,-0.01380307,-0.00557444,-0.00694867,-0.00321364,-0.03140956,-0.01392618,0.0003253,-0.00245507,-0.00763732,0.01156995,-0.01995516,-0.02004334,-0.01986852,-0.02059818,-0.01313117,-0.00552732,0.00628586,-0.02049027,-0.00634366,-0.00670849,-0.02891349,-0.01252157,-0.01034014,-0.02778856,0.00821342,-0.02231292,-0.00774066,0.00207805,-0.01149394,-0.00646069,-0.01360243,-0.0074032,-0.00851444,-0.00789876,-0.00807967,-0.02123057,-0.03357734,0.99890274,-0.02357313,-0.02067118,-0.0123848,-0.02307908,-0.02415691,-0.00987802,-0.01380155,-0.01672484,-0.00403757,-0.00804167,-0.01080228,0.02890887,-0.01186334,-0.007879,-0.02232815,-0.01300803
"Np2_504855",-0.01718996,-0.00767681,-0.00650628,-0.01319195,-0.01152282,-0.01545395,-0.00714783,-0.01342605,-0.0101349,-0.01883023,-0.020586,0.01137381,-0.02175499,0.00178313,-0.01696347,-0.01193781,-0.00944476,-0.01354766,-0.00247028,-0.01097102,-0.00676776,-0.00831679,-0.00168587,-0.00720252,-0.00462587,-0.01476379,-0.01877855,0.00257818,-0.0139505,-0.01902328,-0.02341197,-0.00708242,-0.00957093,-0.00483412,-0.00980807,0.0037259,-0.01810207,-0.02560404,-0.01315698,0.00021281,-0.00815721,-0.02572721,-0.01721888,-0.02499295,-0.02398508,-0.00679056,-0.00013683,0.00672365,0.01614257,0.00574011,-0.01272677,-0.01014098,0.00684678,-0.01417551,-0.01175696,-0.01337591,0.00207197,0.00502411,-0.00559419,0.002037,0.02075321,-0.00417437,-0.01698781,-0.02217762,-0.01122336,-0.00383538,-0.01053472,-0.01147264,-0.01704404,-0.0084977,0.01063047,-0.02354422,-0.02645379,-0.02271577,-0.02519056,0.00781361,-0.017418,-0.01228291,-0.01004978,-0.02341958,-0.01751985,-0.01258084,-0.02067114,-0.02357313,0.98047587,0.00135597,-0.02319314,-0.00272414,0.00182265,-0.01597386,-0.00834417,0.01016683,-0.02123057,-0.02341047,0.00955267,-0.00926233,-0.01233458,-0.00302969,-0.01367841,-0.00846274
"Np2_504970",-0.01003155,-0.0081192,-0.02625471,-0.01576256,-0.01242126,-0.00829554,0.01293207,-0.03195838,0.01663359,-0.00893553,-0.01114736,-0.00503023,-0.00289136,-0.02602214,0.00266027,-0.00143505,0.00516245,-0.00517312,-0.01309773,-0.0114134,-0.01709118,0.0043142,-0.01504962,-0.00110822,-0.0202699,0.0034918,-0.01785281,0.00776041,0.00932161,-0.00426406,-0.01093302,-0.00661271,0.00762055,-0.00710069,-0.00629803,0.00647588,-0.01352794,0.00876524,-0.0072147,0.00828335,-0.00707942,-0.01446436,-0.01826935,0.01196062,-0.00451337,-0.01696197,-0.01608485,-0.01408887,-0.01713528,-0.00564742,-0.00283207,-0.02715311,-0.00849316,-0.00853726,-0.00277432,-0.01153806,0.00147758,-0.01761261,-0.01150916,-0.02850455,-0.01024439,-0.01328166,-0.03384797,-0.00331397,-0.02124278,-0.01795923,-0.02602672,-0.01115495,-0.00562917,-0.0212534,-0.01839095,-0.00376849,-0.00865429,-0.01525333,-0.02791322,-0.03078482,-0.01664427,-0.01485353,-0.02022121,-0.01291683,-0.01416184,0.00020217,-0.02841033,-0.02067118,0.00135597,1.0075658,-0.0066097,-0.00605482,-0.01807779,-0.0177844,0.00246265,-0.00699732,-0.00890361,-0.01077948,-0.00061872,-0.0274906,0.00151255,-0.02247407,-0.02172161,-0.00373657
"Np2_501599",-0.0031133,-0.00986588,-0.01584012,-0.01370885,-0.03012969,-0.00593778,-0.02925116,-0.00345382,-0.01688447,-0.00581769,-0.0162384,-0.01346562,-0.004334,-0.02153618,-0.01322392,-0.00090147,-0.0076814,-0.00752786,-0.01590853,-0.00069473,1.215e-05,-0.01111392,-0.02302899,-0.00559118,-0.01973636,0.00098505,-0.03525721,0.00449359,-0.02115612,-0.0102672,-0.02225673,-0.01641625,-0.01312815,-0.0166002,-0.00287616,-0.01776923,-0.00782582,-0.01031129,-0.01184969,-0.04058841,-0.00259342,-0.00146545,-0.01059102,-0.01441269,0.00134077,-0.00335501,-0.00901458,0.01046328,-0.01249729,-0.0046578,-0.01658804,-0.01901877,-0.02346528,-0.00207504,-0.01622629,-0.01738919,-0.01547072,-0.02543998,-0.00869536,0.0066887,-0.01168704,-0.03585459,0.01548289,-0.01646188,-0.02450965,0.00400866,-0.01530808,0.00898871,-0.00889601,0.0130278,-0.01816143,-0.02010873,-0.01587356,0.00747465,-0.0108099,-0.0118573,0.00106714,-0.0273934,-0.00585417,-0.02986516,0.00947821,-0.01112152,0.03718627,-0.0123848,-0.02319314,-0.0066097,1.03523955,-0.03379629,0.01909175,-0.00600162,-0.03029537,-0.00737586,-0.01353861,-0.00857375,-0.02760013,0.03263334,-0.02364465,0.00633451,-0.01480339,-0.00457115
"Np2_501947",-0.02536081,-0.01812791,-0.01482915,0.00250369,0.02712725,-0.02818529,-0.02200746,-0.003355,0.01118531,-0.0155999,-0.02267623,-0.00272566,-0.02445329,-0.00623571,-0.02255007,-0.0204127,-0.00134991,-0.01411772,-0.01018509,-0.01914189,-0.02390754,-0.01633563,-0.01882567,-0.02707862,-0.0123407,-0.01822215,0.01394289,-0.00817695,0.01922694,-0.02308971,-0.01197278,0.00131644,-0.01987001,-0.00312393,0.00877586,0.00269979,-0.02080036,-0.01431687,-0.00445408,0.00070686,-0.0184563,-0.01596018,-0.01034015,-0.01294569,-0.01437008,-0.01100901,-0.02107702,0.00220118,-0.01376659,-0.00805534,0.02364302,-0.00691065,-0.01758978,-0.01961009,-0.01445525,-0.02397903,-0.00412269,4.559e-05,-0.01209288,-0.01479876,0.0083259,0.01547367,-0.00919699,0.01373615,-0.00890512,0.00395545,0.00470488,-0.00626611,-0.01502983,-0.02168509,-0.02839965,0.00309655,-0.01516662,-0.00473988,-0.00827879,-0.02954432,-0.03425378,-0.00403604,-0.0139642,0.00474136,-0.01064113,-0.00281383,-0.00512751,-0.02307908,-0.00272414,-0.00605482,-0.03379629,0.98420078,-0.00954054,-0.0125915,-0.01560293,-0.00560485,-0.01997644,-0.01805191,-0.00956334,-0.01135256,-0.00408772,0.00339299,-0.01713678,-0.00082394
"Np2_504582",-0.01686163,-0.01114887,-0.01134649,0.01039484,-0.00982634,-0.01345345,-0.01350823,-0.02632313,-0.00539811,0.00019609,-0.01372098,-0.02417361,-0.00728918,-0.00883367,-0.01572305,-0.02240261,-0.02066964,-0.02036409,-0.00305402,-0.00532211,-0.01115191,-0.01589329,-0.00956639,-0.01873145,-0.00216929,0.00107018,-0.00522481,-0.01199105,-0.01818265,-0.01215827,-0.01882721,-0.0117706,0.01568805,-0.01089045,-0.0015749,-0.0161639,-0.02142213,-0.01828299,-0.0123726,-0.02043706,-0.01527766,-0.00746097,0.00043932,0.00087408,-0.0174241,-0.00767835,-0.01196976,-0.01438226,-0.00420327,-0.02251059,0.04445556,0.01800628,-0.0045301,-0.01643146,-0.01249274,0.01173109,-0.04001216,-0.01851407,-0.006634,-0.02134914,-0.03470836,-0.0283206,-0.01650747,0.00049708,-0.01986398,-0.01323608,-0.01446283,0.01469842,-0.00865886,-0.00497702,-0.02598111,0.0128119,-0.01761259,-0.01478663,-0.01619732,0.00951012,-0.00705661,-0.01925136,0.01308098,-0.00636949,-0.01171894,-0.02699806,-0.01791056,-0.02415691,0.00182265,-0.01807779,0.01909175,-0.00954054,1.00469839,-0.00287616,-0.00573558,0.0003101,-0.02865508,-0.02475434,-0.00106413,-0.01972714,3.02e-06,0.00702769,-0.01106983,-0.01543117
"Np2_501929",-0.02204081,-0.01754419,-0.00831681,-0.00542546,-0.0025402,-0.01118384,-0.01610316,-0.02739788,-0.03946035,-0.00969561,-0.02239655,-0.00320603,0.00698969,0.00590125,-0.01071716,-0.01040399,-0.00487061,-0.02083077,0.01031276,-0.02570294,-0.00568998,-0.00997531,-0.01155324,-0.04200057,-0.01555739,-0.00608521,-0.00143505,-0.03282791,-0.03278683,-0.00760842,0.05078553,-0.00646069,-0.02065444,-0.01682972,0.00464712,-0.02286325,-0.00425495,-0.01479726,-0.02348042,-0.00904649,-0.00373505,-0.00838371,-0.00914837,-0.01631438,-0.01758676,-0.0040406,0.00185306,0.02041879,-0.00406188,-0.02647365,-0.0192498,-0.01620796,-0.02460686,-0.00124047,-0.01934412,-0.00697756,-0.03439821,0.0200874,-0.04708093,-0.00539811,-0.00142744,0.00207197,-0.01667013,0.00079047,0.00931251,-0.01370277,-0.00520049,-0.00279406,0.00029946,-0.00331548,0.02067724,-0.01106526,0.00958764,-0.01479728,-0.02532893,-0.03382514,-0.00797934,0.00430053,-0.01018814,0.00410898,0.00514422,-0.01515145,-0.01564096,-0.00987802,-0.01597386,-0.0177844,-0.00600162,-0.0125915,-0.00287616,1.00452507,-0.00757041,-0.0021328,-0.01300804,-0.02081255,-0.03330219,-0.01441721,0.0123057,-0.01168093,-0.01123249,-0.01817811
"Np2_500998",-0.00255388,-0.00535402,-0.00707179,-0.01725382,-0.01619277,-0.01814769,0.00201573,-0.01672785,-0.0105484,-0.01893971,0.0018029,-0.01457834,0.00215405,-0.00699123,-0.0205693,-0.0179759,-0.00925018,-0.01806559,-0.00197167,-0.01244863,-0.00915746,-0.01389883,-0.02079733,0.01138599,-0.00291112,-0.01548131,-0.00095012,-0.00254781,0.00129365,-0.02338919,-0.01014404,0.00390527,-0.00481588,-0.01315244,-0.03226386,0.00969709,-0.01106678,-0.00686353,-0.0194991,-0.00962567,-0.020732,-0.00425039,0.0009136,-0.01719759,-0.03139132,-0.0152609,-0.00115838,-0.02986964,0.00676014,-0.01458748,-0.01709268,0.01239992,-0.01013645,-0.0097245,0.01306428,-0.00831682,0.00333066,-0.00299017,0.00220118,-0.02725951,-0.00428687,-0.00473987,-0.03169083,-0.00860564,-0.03291912,-0.01306581,0.00866186,-0.00945388,-0.02247407,-0.01012732,-0.01395357,-0.02319764,0.01584916,-0.0252575,-0.02347584,-0.0052172,0.05772051,-0.01224036,-0.02444876,-0.00528713,-0.01215674,0.00205524,-0.01393989,-0.01380155,-0.00834417,0.00246265,-0.03029537,-0.01560293,-0.00573558,-0.00757041,0.992876,-0.01350513,-0.02225213,-0.01166269,-0.0135112,-0.01393228,-0.0271896,-0.01119598,-0.00892336,-0.01571695
"Np2_500004",-0.022959,-0.00888536,-0.01729185,-0.01364041,-0.01546768,0.00705202,-0.01428505,-0.00672977,-0.02517692,-0.01563034,-0.00644094,-0.00534034,-0.01840309,-0.01052257,-0.00707485,0.00631169,-0.00609282,-0.01916468,-0.01918447,-0.02038846,-0.00037549,-0.00876526,-0.00502263,-0.02087641,-0.00537836,-0.00654734,-0.01177823,-0.00623116,-0.02199978,0.00348268,0.01019115,-0.027597,0.00259794,-0.00877895,-0.01208073,-0.02302136,-0.00699732,-0.01069891,-0.02759095,0.01648615,0.01054841,-0.00702165,-0.01249881,-0.02376927,-0.00512752,0.00020977,-0.02658004,-0.01622318,-0.00300386,-0.0029172,-0.01712767,-0.00648502,-0.01762021,-0.0118877,0.00740472,-0.0158006,-0.01236196,-0.02035499,-0.02808501,0.0105575,-0.01845935,-0.01389581,-0.00512297,0.0027606,-0.00771941,-0.00869232,0.00786683,-0.01435338,-0.00639534,-0.01289859,-0.0153567,-0.00301449,-0.01580512,9.424e-05,-0.01454187,-0.01817355,-0.01406608,-0.01409953,0.00227111,-0.00897049,-0.00261469,-0.01682972,-0.02309585,-0.01672484,0.01016683,-0.00699732,-0.00737586,-0.00560485,0.0003101,-0.0021328,-0.01350513,1.0115066,-0.002525,-0.02370696,-0.00731351,-0.00803863,-0.01673548,-0.01700757,-0.02583214,-0.02532896
"Np2_503839",0.01055446,-0.00881542,-0.00794893,-0.0260358,-0.02649492,-0.00412725,-0.00889452,-0.0034675,-0.00306466,0.01712309,-0.01275568,-0.0194079,-0.02046137,0.01295784,-0.0143017,0.02416749,-0.02289668,-0.01407822,0.00247177,-0.00891729,-0.02675636,0.00118571,-0.01042529,0.0137012,-0.01731774,-0.02471933,-0.02128533,-0.0152822,-0.00414397,-0.0152974,-0.02576675,-0.01414965,-0.03183978,0.00010792,-0.01216282,-0.01474254,-0.0183286,0.07784438,-0.0161198,-0.01308708,-0.01887285,-0.00375938,-0.00817242,-0.01549045,-0.01569872,-0.00412877,-0.01070043,-0.00794437,-0.00384602,-0.00573559,-0.0129533,-0.01751224,-0.03335996,-0.01394599,-0.01973632,-0.0076738,-0.00894768,-0.02955803,0.00603655,-0.00807054,0.00122068,-0.00668112,0.00908449,-0.01708359,0.00192755,-0.00482197,-0.01486568,-0.02097214,-0.01042984,0.0149903,-0.02151944,-0.02498689,-0.03260895,-0.01929392,0.0001216,-0.01475927,-0.00350703,-0.02163041,-0.00936421,-0.01437313,0.0205617,-0.01904002,-0.0163372,-0.00403757,-0.02123057,-0.00890361,-0.01353861,-0.01997644,-0.02865508,-0.01300804,-0.02225213,-0.002525,1.00298037,-0.01831645,0.00081327,-0.0222582,0.00522478,-0.01587353,-0.00569606,-0.01172958
"Np2_503888",-0.01473188,-0.02163645,0.00735301,-0.02745562,-0.02396233,-0.01223579,-0.00849016,-0.0083837,-0.0122373,-0.00451489,-0.01189527,-0.00364992,-0.00911186,-0.03376278,-0.01161708,-0.02422527,0.00183026,0.02569829,-0.01095733,-0.01687382,-0.00993426,-0.02151635,-0.01807777,-0.01918597,0.00300079,-0.00880933,-0.00780756,-0.01259759,-0.01301258,-0.00257972,-0.01304907,-0.02317028,-0.00027212,0.00902518,-0.00826208,-0.00293697,-0.01457988,0.02899552,-0.01510736,0.00920761,-0.01147573,-0.01186792,0.02081103,0.00133165,0.0012754,0.00433244,-0.00558356,-0.02715009,-0.01925135,-0.02174898,-0.01923764,-0.00813894,-0.01212938,-0.01947026,-0.01325129,-0.02155896,-0.00656711,0.00809028,-0.01940183,-0.00827424,0.02108311,0.01302928,0.00386424,-0.00695019,-0.01393383,-0.00350551,-0.02206212,-0.0160073,-0.01169765,-0.02899405,-0.00682554,-0.01819785,-0.02049936,-0.01858551,-0.00373048,0.00631929,-0.00872726,-0.01772967,-0.01352033,-0.00834417,-0.01110935,-0.01118687,-0.01456468,-0.00804167,-0.02341047,-0.01077948,-0.00857375,-0.01805191,-0.02475434,-0.02081255,-0.01166269,-0.02370696,-0.01831645,0.99938014,-0.00030252,-0.00847642,-0.00774828,-0.00878046,-0.01030823,-0.01938207
"Np2_501775",-0.01506023,-0.00980352,-0.02368258,-0.00680577,-0.00832898,-0.01986091,-0.01292296,-0.0196572,-0.01910234,-0.00636341,-0.01055145,-0.0165956,-0.00776803,-0.00885646,-0.00753697,-0.02804999,-0.00214648,-0.00032077,-0.00292481,-0.00640902,-0.00144569,-0.0017786,-0.00062024,0.00070382,-0.01815382,-0.00609738,-0.00281535,0.00714018,-0.01531713,-0.01567742,-0.01808992,-0.02410668,0.00502411,-0.02915517,-0.00767834,-0.02500363,-0.01658041,-0.02241021,-0.01391555,-0.0189397,-0.01119601,-0.00353134,-0.01098471,-0.00021284,-0.00254933,0.00491618,-0.0075841,-0.00969256,-0.01273897,-0.01006805,0.01114123,-0.02655719,-0.01747425,-0.004749,-0.00993125,-0.00698972,-0.00765553,0.01946716,-0.03082735,-0.00176187,-0.00721622,0.01467713,-0.01896252,-0.00712653,-0.01182992,-0.01401896,-0.01098926,-0.01192718,-0.0129381,-0.00636796,-0.00928212,-0.02643103,-0.01277086,-0.01222515,-0.00573102,-0.00176187,-0.0183286,-0.00939309,-0.00305554,0.01610609,-0.03119979,-0.02124424,-0.02751037,-0.01080228,0.00955267,-0.00061872,-0.02760013,-0.00956334,-0.00106413,-0.03330219,-0.0135112,-0.00731351,0.00081327,-0.00030252,0.99477038,-0.0024201,-0.01066089,-0.02279024,-0.00470795,-0.00070841
"Np2_502633",-0.01076881,-0.01296089,-0.01011818,-0.01239538,-0.00418957,-0.01708965,-0.01304,-0.02296658,0.01620031,-0.02593851,-0.00291567,-0.00835176,-0.00545282,-0.00426102,0.00055485,-0.01919808,-0.01153649,-0.01153497,0.00288677,0.01399612,0.00238967,0.00737731,-0.01077034,-0.01370273,-0.01006198,-0.00469426,-0.02117432,-0.01121879,-0.02029868,-0.00439327,-0.00817391,-0.01403866,-0.0004135,-0.00996617,-0.01418005,-0.01523961,0.00200052,0.00544367,-0.00369551,-0.0301539,-0.01116104,-0.01003307,-0.01277393,-0.00701859,-0.02121231,-0.02530002,-0.01545395,0.00052748,-0.04386727,-0.01246533,-0.019531,-0.0265222,-0.00406188,0.01565613,-0.00944023,-0.00710677,-0.01248507,-0.00679665,0.00158704,0.01028234,-0.02709535,-0.01781931,0.00433092,-0.03095806,-0.01437921,-0.02006462,0.00272715,-0.0108281,-0.00651846,-0.01256565,0.00185002,-0.00556987,-0.01334395,-0.04183331,-0.02652222,-0.01996883,-0.00217993,-0.00859804,-0.01244557,0.00230759,-0.013987,-0.03276246,-0.00543306,0.02890887,-0.00926233,-0.0274906,0.03263334,-0.01135256,-0.01972714,-0.01441721,-0.01393228,-0.00803863,-0.0222582,-0.00847642,-0.0024201,0.98282941,-0.01594648,-0.00405731,-0.00315282,-0.00736214
"Np2_501600",-0.01961765,-0.02363394,-0.01714284,-0.00969103,0.00125108,0.03410783,0.0126189,-0.01357352,-0.02426783,-0.02901077,0.00161287,-0.01796069,-0.00381257,-0.01326188,-0.00935812,0.00098809,-0.00807206,-0.02266406,-0.01736329,0.00165088,-0.01041158,-0.00390378,0.00728764,-0.00506975,-0.02347135,-0.00092579,-0.00630868,-0.00288984,-0.01957053,-0.00564133,-0.01383043,-0.01559075,0.01232392,-0.00102916,-0.01025957,-0.02606469,-0.00988866,-0.00477331,0.0081298,-0.00388706,-0.01712161,0.00437653,-0.02861556,-0.01495534,-0.02580473,-0.01864325,-0.01518185,0.00779233,0.00124956,-0.0269388,-0.01849883,-0.00162354,-0.03449701,-0.00246572,-0.01585684,-0.00151409,-0.0181416,-0.0250705,0.00687567,-0.02319308,0.01376504,-0.01481092,-0.0042139,-0.01426824,-0.02444421,-0.00489493,0.00163112,-0.02423742,-0.01840763,-0.00727702,-0.01338351,-0.01913122,-0.01884846,0.00115531,-0.01606505,-0.00647134,-0.02197394,-0.00528562,-0.01490975,-0.00562916,-0.02055562,-0.01136016,-0.01428192,-0.01186334,-0.01233458,0.00151255,-0.02364465,-0.00408772,3.02e-06,0.0123057,-0.0271896,-0.01673548,0.00522478,-0.00774828,-0.01066089,-0.01594648,0.99067147,-0.0285638,0.00183178,0.00552729
"Np2_504653",-0.02095387,-0.00581614,-0.03292056,0.00052596,-0.01893513,0.00221638,-0.0057432,-0.00730894,-0.01785124,-0.01909779,-0.00656406,0.00897804,-0.00210847,-0.00532513,-0.01099836,-0.02147833,-0.00925626,0.00229847,-0.03618133,-0.01686317,0.04495411,-0.0072162,0.00230303,-0.00321363,-0.00230914,-0.00165395,-0.02132634,-0.02520426,-0.00692129,0.00047124,-0.01471059,-0.0105423,-0.01333484,-0.01604681,-0.00733934,-0.01691179,0.05566214,-0.02663167,-0.01190437,-0.00294304,0.0145297,-0.00167219,-0.00578119,-0.01811575,-0.01482764,-0.01891535,-0.01834225,-0.02561926,-0.02501728,-0.01641775,-0.01162619,-0.01208071,-0.01409493,-0.00866645,-0.0007753,-0.00908298,-0.02388626,0.00323641,-0.01042222,-0.01175996,-0.02405503,-0.0158431,-0.01284689,-0.02335727,0.01298368,-0.00486301,-0.01612283,-0.0128043,-0.00347814,-0.00557292,-0.01228747,-0.01803517,-0.01516815,-0.00747768,-0.01208072,-0.02589745,-0.0190537,-0.02440771,-0.00727702,-0.00848553,-0.01991563,-0.0052476,-0.01501007,-0.007879,-0.00302969,-0.02247407,0.00633451,0.00339299,0.00702769,-0.01168093,-0.01119598,-0.01700757,-0.01587353,-0.00878046,-0.02279024,-0.00405731,-0.0285638,0.98206922,-0.00239275,0.00434309
"Np2_504809",-0.02096149,-0.01464068,-0.01179798,-0.01939574,-0.01331816,-0.00341582,-0.01563191,-0.01187704,-0.01451451,-0.02214574,0.02398357,0.00076159,-0.01914187,-0.01840612,0.00708394,-0.0096287,-0.02096911,-0.00926235,-0.01247446,-0.00318931,0.00587845,-0.00190325,0.00487971,-0.01143011,-0.01265387,-0.00363776,-0.01114888,-0.02034738,-0.00951317,-0.01473797,-0.0080295,-0.01723862,-0.01486262,-0.01331814,-0.01950822,-0.02436821,-0.01883329,-0.01067762,-0.02255312,-0.02377685,0.01041767,-0.0196177,-0.00092427,-0.02009958,0.01800022,-0.03199636,-0.01804584,-0.00191237,-0.00739104,-0.0241782,-0.03595637,-0.02576976,-0.01136626,-0.02250755,-0.00230307,-0.01866761,-0.00854028,-0.0194216,-0.01711855,0.00571427,-0.02710298,0.00041499,-0.0183271,0.01159883,-0.025332,-0.03025734,-0.01689053,0.08584647,0.00745942,-0.01302932,-0.00606242,-0.02153916,0.00428228,-0.00277279,-0.01680083,-0.01739218,-0.01206858,0.00568387,-0.00150801,-0.00849316,-0.02144342,0.00599398,0.01568958,-0.02232815,-0.01367841,-0.02172161,-0.01480339,-0.01713678,-0.01106983,-0.01123249,-0.00892336,-0.02583214,-0.00569606,-0.01030823,-0.00470795,-0.00315282,0.00183178,-0.00239275,1.00151474,-0.00630564
"Np2_502917",-0.0060168,-0.00684074,-0.02117583,0.00056549,-0.00871054,-0.02221868,-0.01999326,-0.01988675,-0.01583552,-0.02225061,-0.00789268,-0.01302474,-0.01316611,-0.0071098,0.00105042,-0.0174864,-0.02821874,-0.01544787,-0.0026983,-0.01515147,-0.00395547,-0.01188917,-0.02441227,-0.00849467,-0.01382287,-0.01453577,-0.03101586,-0.0123954,0.07855115,0.00613535,-0.00433399,-0.01491124,-0.01238323,-0.00992665,-0.01657279,-0.01565615,0.01116101,-0.01397484,-0.02919468,-0.01962529,-0.02480299,0.01812943,-0.00178924,-0.00150649,-0.01250789,-0.02054801,-0.02392733,-0.00840193,-0.02178544,0.00216774,0.01942458,-0.00702466,0.0098111,-0.00163418,-0.00848861,-0.01968459,0.00701248,-0.02287082,0.00101849,-0.00639988,-0.01246229,-0.00364231,-0.00627068,0.00541328,-0.00977921,-0.01546463,-0.01106678,-0.01428495,-0.0051108,-0.01480638,-0.02197699,-0.03578151,-0.02652982,-0.0115426,0.00042412,-0.01780109,-0.02585492,0.00527495,0.00446774,-0.0234956,-0.00999507,-0.01387298,-0.02652378,-0.01300803,-0.00846274,-0.00373657,-0.00457115,-0.00082394,-0.01543117,-0.01817811,-0.01571695,-0.02532896,-0.01172958,-0.01938207,-0.00070841,-0.00736214,0.00552729,0.00434309,-0.00630564,0.9917266
