"","Np2_501939","Np2_500804","Np2_503091","Np2_504475","Np2_502354","Np2_500243","Np2_500911","Np2_500019","Np2_504317","Np2_500982","Np2_501212","Np2_502936","Np2_504685","Np2_503574","Np2_501966","Np2_500910","Np2_501805","Np2_500267","Np2_503669","Np2_500486","Np2_500868","Np2_502979","Np2_503692","Np2_501938","Np2_503012","Np2_503684","Np2_504124","Np2_500595","Np2_502734","Np2_503869","Np2_502749","Np2_504151","Np2_500957","Np2_503257","Np2_500365","Np2_503674","Np2_503816","Np2_500025","Np2_502216","Np2_501113","Np2_504234","Np2_504222","Np2_504977","Np2_504672","Np2_501079","Np2_500144","Np2_501892","Np2_500368","Np2_502008","Np2_500179","Np2_500421","Np2_504551","Np2_504585","Np2_500482","Np2_500644","Np2_502268","Np2_504372","Np2_504932","Np2_504698","Np2_501075","Np2_500573","Np2_502335","Np2_504812","Np2_503752","Np2_502974","Np2_504213","Np2_503223","Np2_502932","Np2_502550","Np2_502697","Np2_503095","Np2_502161","Np2_502402","Np2_504776","Np2_500090","Np2_500596","Np2_502910","Np2_503506","Np2_503139","Np2_502010","Np2_501231","Np2_501597","Np2_501536","Np2_504167","Np2_500651","Np2_502202","Np2_502921","Np2_504745","Np2_504891","Np2_500024","Np2_502090","Np2_501856","Np2_502484","Np2_504290","Np2_501284","Np2_500060","Np2_500027","Np2_500119","Np2_504542","Np2_501243"
"Np2_501939",0.99125709,-0.00181514,-0.01190583,0.00711177,0.00041657,-0.00050836,-0.01034196,-0.01278516,-0.01087744,-0.01262542,0.00580193,-0.02828554,0.02293772,0.00614422,-0.02770743,0.00998395,-0.01229225,-0.00684756,-0.01208839,0.00771266,-0.01313657,-0.02156447,-0.01072683,-0.01063708,-0.01236829,0.02304879,-0.02834487,-0.01352752,-0.01412846,0.00438562,-0.00702555,-0.0169063,-0.00353572,-0.01148594,-0.02219732,-0.03258154,-0.02586668,-0.00366808,-0.0183439,-0.00769187,-0.00447588,-0.02576018,-0.00623296,-0.02124501,-0.01930382,-0.02103205,-0.01027045,-0.01426533,0.02922061,-0.01335257,-0.01022786,-0.00679736,-0.01028873,-0.01886876,-0.00436939,0.0264199,-0.00470711,-0.0188231,-0.02482306,-0.01044692,0.00602556,-0.00333947,0.00057175,-0.0088298,-0.01324,-0.00095867,-0.0083658,-0.02777441,-0.01142055,-0.00656917,-0.01997625,-0.0178997,-0.0237825,-0.018671,-0.00182123,-0.02133024,-0.03051118,-0.00586633,-0.01536528,-0.01457568,1.496e-05,-0.01973587,-0.00839319,-0.00327558,-0.03263032,-0.01219029,-0.01550976,-0.02267805,-0.01468675,0.00415134,-0.0195457,-0.02306902,-0.00421574,-0.01606351,0.00294039,-0.02743662,0.00226494,0.00272132,0.00518429,-0.00718224
"Np2_500804",-0.00181514,0.97745704,-0.01370853,-0.00701339,-0.02831283,-0.03836554,-0.0080372,-0.00180906,-0.00826843,-0.02127391,-0.00254232,-0.00087956,0.02463393,0.01270854,-0.00121424,-0.02711259,-0.01439921,-0.0077375,-0.01160917,-0.01051994,-0.0080935,-0.00267772,-0.01678914,-0.00392061,-0.02588487,-0.01389569,-0.01478258,-0.01289618,-0.0229291,-0.02753856,-0.01339212,0.00806559,-0.01598741,0.03265405,-0.01015634,-0.029364,-0.01960656,-0.01764107,0.00465031,-0.00234455,-0.00840839,-0.01371919,-0.00423247,-0.00524868,-0.01745545,-0.00062399,0.02063444,0.00233947,-0.00696318,-0.00511481,-0.02480935,-0.03233213,-0.01954574,-0.00043838,-0.02442754,-0.03014906,-0.01168218,-0.01104172,-0.00213309,0.01300368,-0.01753154,-0.00118685,-0.00609909,-0.01245805,-0.02280125,-0.0228423,-0.01655792,-0.01238657,-0.02372011,0.01444737,0.02157763,-0.00494595,-0.01371919,-0.0081513,-0.01503357,0.00622789,-0.00919034,-0.01101588,-0.01412541,-0.00572941,-0.00787291,-0.00024062,-0.00715334,-0.01116343,-0.00476796,-0.02890155,-0.03130828,0.05432173,-0.01953203,-0.02670793,-0.01830585,-0.02106851,-0.00175886,-0.00721723,-0.02426776,-0.01661266,-0.03209325,-0.01216444,-0.00103017,-0.00792006
"Np2_503091",-0.01190583,-0.01370853,0.98161684,-0.00767211,-0.00082783,-0.02700611,0.00758183,-0.01235614,-0.03159427,-0.00367721,-0.01035107,-0.00975322,0.00921874,-0.01000878,-0.00704532,-0.02046915,-0.03057505,-0.01128666,0.00309707,0.00601186,-0.01970548,-0.01459394,-0.01410104,-0.02526878,-0.01209141,-0.00831714,-0.02335199,-0.01309852,0.00592516,0.0137902,-0.01983172,0.07464764,-0.02060148,-0.02201016,-0.01279272,-0.03032698,-0.00550883,-0.00506461,-0.00483185,-0.00604583,-0.00587241,-0.00661937,-0.02086467,-0.01564362,-0.02465568,0.01134397,0.00263309,-0.00988098,-0.01842302,-0.02007359,-0.0154276,-0.01017157,-0.00970758,-0.02072168,-0.01291598,0.00205196,-0.01188451,0.00077408,0.01135612,0.01067156,-0.00799765,-0.0255776,-0.01071316,-0.00642312,-0.00383541,-0.00889672,-0.00489423,-0.02399856,-0.0119043,-0.00537952,-0.01543977,-0.01503663,-0.01939815,-0.00135572,-0.03029662,-0.01557671,-0.01456505,-0.01380439,-0.01052453,-0.01095197,-0.02115829,-0.02676115,-0.00263968,-0.02399242,0.01937026,-0.00415488,-0.01264669,-0.03107247,-0.00908537,-0.00728569,-0.0008613,0.00139628,-0.00272183,-0.01548236,-0.01412537,0.01072022,-0.01312741,-0.01845191,-0.01309852,-0.01603307
"Np2_504475",0.00711177,-0.00701339,-0.00767211,1.01281073,-0.02425411,-0.02213653,-0.00382629,0.00422741,-0.02900663,-0.01767155,-0.02023795,0.00622181,-0.00888307,-0.01822223,-0.01693219,-0.01483891,-0.02722676,0.02842043,0.00188158,-0.00539627,-0.01072839,0.02556954,-0.00618885,-0.00868528,-0.02121764,-0.01029331,-0.01574407,-0.00959805,-0.02054377,0.00816298,-0.03002287,-0.02499501,-0.03109688,-0.01272885,-0.02465727,-0.01389566,-0.01569995,-0.01434296,-0.03723375,-0.00650071,-0.03599238,-0.01239875,-0.03774949,-0.01214318,0.00987897,-0.02349201,-0.0133389,-0.00257732,0.00029031,-0.00151242,0.01089216,0.01538758,0.01265688,-0.02710961,-0.02630184,-0.00889979,-0.01583837,0.00838203,-0.01191802,-0.00073656,-0.03431444,-0.0004749,-0.03124908,-0.02102599,-0.01813401,-0.00235369,-0.02147476,0.01555646,-0.00475276,-0.00735568,-0.02623942,-0.00621167,-0.01513706,-0.00059356,-0.01112695,-0.00659961,-0.02095296,0.00673449,-0.01356561,-0.01384092,-0.00792161,0.00229689,-0.01009248,-0.01516748,-0.01379225,-0.01388959,-0.03090065,-0.01601029,-0.02581804,-0.01367359,0.00842006,-0.00331818,-0.01702043,-0.01654579,-0.00560467,-0.01027198,-0.00734503,-0.00415032,0.0752898,-0.01146772
"Np2_502354",0.00041657,-0.02831283,-0.00082783,-0.02425411,0.97187921,-0.02502843,-0.00200227,0.00483439,0.00263461,-0.02041133,-0.01597982,-0.01781602,-0.01679524,-0.01442049,-0.01434747,-0.00738609,-0.02448989,-0.02802077,-0.00663914,0.01087996,-0.01498948,-0.02387375,-0.01349251,-0.02055279,-0.01224353,0.00065846,0.02852382,0.00363561,0.0066858,-0.00522587,-0.00385823,-0.0236273,0.0201689,-0.00923139,-0.00731611,-0.01176735,-0.00900777,-0.00841143,-0.00924356,-0.03312464,0.00234252,-0.00357679,-0.00732524,-0.01868618,-0.00761731,-0.01025828,-0.00177864,-0.01307567,-0.00762189,-0.01201077,-0.00173604,-0.00226089,-0.00651288,-0.00124923,-0.00470103,-0.02761306,-0.0123409,-0.00120359,-0.00781204,-0.00712747,0.01086628,-0.02572971,-0.01831958,-0.01174761,-0.01357162,0.00905441,-0.00093889,-0.00680801,0.00057022,-0.01633274,-0.00205247,-0.01899196,-0.01376939,-0.01550365,-0.00702097,0.00207022,-0.03008214,-0.02506188,-0.0125022,-0.00319343,-0.01978911,-0.03315051,-0.0408239,-0.0099966,-0.01561927,-0.02119321,-0.01416796,0.00391705,-0.00041405,-0.00424312,-0.01196666,-0.02142296,0.01096972,-0.00741956,-0.00119446,-0.01940116,-0.01449656,-0.01099761,0.01428459,-0.01496817
"Np2_500243",-0.00050836,-0.03836554,-0.02700611,-0.02213653,-0.02502843,1.00167636,-0.01737945,-0.01708432,-0.01259041,-0.01981503,-0.01766543,-0.01934952,-0.00509353,0.00245358,9.254e-05,0.02044128,-0.01126691,-0.02894577,0.00065085,-0.0168196,-0.00906866,-0.02099553,-0.01578663,0.00331919,0.00250073,0.02255286,-0.00906409,-0.01356709,-0.01279887,-0.00919339,0.0035839,-0.0102522,0.00190135,-0.02141385,-0.00017825,0.01180033,0.00254181,-0.02774396,-0.02614203,-0.02857303,0.00035268,-0.00602303,0.00026902,-0.03208572,-0.00610821,-0.02776529,-0.02947823,-0.00411229,-0.00824259,-0.02480176,-0.02882711,-0.0019688,-0.01169745,-0.01632214,0.01278161,-0.01788906,0.00788001,-0.00927858,-0.01041042,-0.00151089,-0.00922687,-0.02437278,-0.01270301,-0.0186056,-0.00734655,0.08936609,-0.00445002,0.0231492,-0.01541546,-0.01877901,-0.02381904,-0.02797977,-0.00100278,-0.00517111,0.02400107,-0.01224207,-0.04180828,-0.01990174,-0.01221014,-0.01826633,-0.02162688,-0.01490733,-0.0251669,-0.00605345,-0.0290188,-0.01177347,0.00407527,-0.02119634,-0.0030124,-0.00242975,-0.02065018,-0.00104994,-0.01764262,-0.01625521,-0.04121645,-0.00815587,-0.01770346,0.02534894,0.00331919,0.00175379
"Np2_500911",-0.01034196,-0.0080372,0.00758183,-0.00382629,-0.00200227,-0.01737945,1.00239451,-0.00333796,-0.02501019,-0.02143368,-0.0098521,-0.01488301,-0.01660056,-0.00646725,-0.0115666,0.00026293,-0.01166853,-0.01322176,-0.01572427,-0.02589255,-0.01312137,0.00203066,0.00100227,-0.01974959,0.00772787,-0.0075139,-0.02437433,-0.00347183,-0.027957,-0.01111631,0.01839514,-0.01643472,-0.01325674,-0.01938142,0.01843621,-0.0010758,-0.00394495,-0.0266243,-0.00585416,-0.01071923,-0.00491705,-0.00277356,-0.00180603,-0.01316699,-0.00909602,-0.00534759,-0.00036688,-0.01455439,-0.00788357,-0.01592355,-0.00717008,0.01269033,0.00417872,-0.01018223,-0.02626074,-0.02954821,-0.01579729,-0.02154622,-0.01735356,-0.00814979,-0.00901997,-0.01351688,-0.01949405,-0.01140079,-0.01094286,-0.02589252,0.0070144,-0.01026439,-0.02190222,0.00059609,-0.01402804,-0.02123134,-0.01661727,-0.00678976,-0.01245502,-0.02040226,-0.02395445,-0.00463409,-0.01793627,-0.01440835,0.0023121,-0.00405144,-0.01263759,-0.00828061,-0.00310216,-0.02145492,-0.00286788,-0.00547232,-0.01467155,-0.01819638,0.00313663,-0.00601542,-0.01743573,0.00129436,-0.00799765,-0.01007877,-0.00821673,0.00030248,-0.01625064,-0.00975323
"Np2_500019",-0.01278516,-0.00180906,-0.01235614,0.00422741,0.00483439,-0.01708432,-0.00333796,1.00831012,-0.01999908,-0.00638206,-0.02568262,-0.00424313,-0.01493627,-0.00738915,-0.01887791,-0.03138899,-0.01548088,-0.02190222,-0.02181855,-0.02392402,-0.00826238,-0.02520951,-0.01634952,-0.00165542,-0.0090154,-0.03186368,-0.03229416,-0.01565125,0.000482,-0.00717009,-0.01325675,-0.0289184,-0.00520306,-0.0158916,-0.01580186,-0.01477649,-0.01064774,-0.01294185,0.0376455,-0.01498796,-0.00203573,-0.01099764,-0.00850882,-0.00678672,0.00732474,-0.01752703,-0.01634953,-0.01684545,0.01827346,-0.02551678,-0.0108303,-0.00177103,-0.0073922,-0.02220954,0.00217824,-0.02423284,-0.024782,-0.02322877,0.00697788,-0.00146526,-0.00416098,-0.00226849,0.05519213,-0.01308333,-0.01521161,-0.00931965,0.00259355,-0.00875224,-0.0115666,-0.00960566,-0.00384455,-0.01561171,-0.0065859,-0.01242765,-0.01672376,0.01883787,-0.01863908,-0.00814218,-0.02722528,-0.01806857,-0.01245352,-0.02429367,-0.02299148,-0.00813762,-0.0105656,-0.00488206,-0.00744087,-0.00882828,-0.02228712,-0.04026419,0.0063222,-0.01682568,-0.0071001,-0.01879576,0.00142519,0.00208239,-0.00198858,0.04060747,-0.02310556,-0.01204428
"Np2_504317",-0.01087744,-0.00826843,-0.03159427,-0.02900663,0.00263461,-0.01259041,-0.02501019,-0.01999908,0.98291316,-0.0073648,-0.01495144,-0.0277409,-0.02169988,-0.00730698,0.02821197,-0.02278759,-0.00611886,-0.00113057,-0.00926183,-0.00300023,-0.0086366,-0.00869743,-0.03452275,-0.00735414,-0.02490671,-0.01261325,0.03944059,0.01759491,-0.0001965,-0.00982624,-0.0116533,-0.00982014,-0.01805181,-0.01185408,0.0115113,-0.03066775,-0.00919642,-0.01559799,-0.03225147,-0.00927704,-0.01792706,-0.01958679,-0.00492769,-0.02252592,-0.01891132,-0.03463538,0.01644026,-0.00702706,-0.02287126,-0.00215895,-0.01226942,0.00104943,-0.01233029,-0.0117826,-0.01416952,0.00292822,0.00496521,-0.02329871,-0.02184437,-0.01264061,-0.02613746,-0.02013749,-0.00314324,-0.00782879,0.00190896,-0.00589067,-0.02592448,-0.01445096,-0.00844186,-0.00070004,-0.00315388,-0.02283169,-0.01289314,-0.01386677,0.0025266,-0.00998447,0.00441452,-0.01231963,-0.00112905,0.00179029,-0.01450114,-0.00960716,0.00356107,-0.02691937,-0.02128455,-0.01849143,-0.01618216,-0.01954723,0.0051782,-0.03242341,-0.01884894,-0.01476584,-0.00032429,-0.00517415,-0.02222468,0.0417179,0.01224152,0.00372233,0.01972472,-0.00831103
"Np2_500982",-0.01262542,-0.02127391,-0.00367721,-0.01767155,-0.02041133,-0.01981503,-0.02143368,-0.00638206,-0.0073648,1.00695598,-0.01669942,0.00321879,-0.01264673,-0.03598172,-0.01004684,0.00376037,-0.01258283,-0.01200625,-0.00614168,-0.03106646,-0.00506006,-0.02383273,0.0038912,-0.00758083,-0.01296313,-0.02090279,-0.03228656,-0.00682019,-0.02476382,-0.03135097,-0.01370553,-0.00198401,-0.00534758,-0.01983933,-0.00742718,0.00242163,-0.00790182,-0.00730548,-0.01467915,-0.02258678,-0.01389416,0.00087601,-0.00135116,0.01314976,-0.00970606,-0.01036936,-0.01497276,-0.02109744,-0.02522777,-0.01592507,0.01579983,-0.02427849,-0.01544743,-0.02022425,-0.00405145,-0.01540176,-0.02157969,0.00948648,-0.0365233,-0.00921622,0.0089297,-0.0214291,0.01488556,-0.00394799,0.01796006,-0.01950465,-0.01915327,-0.00615844,-0.00273553,-0.01705236,-0.021636,-0.02625312,0.0002675,0.00324921,-0.01975872,-0.01462289,-0.01163355,-0.02273894,0.00670711,-0.02262482,-0.00955546,-0.01363706,0.00622486,-0.01588857,0.01712944,-0.00457019,-0.02416742,-0.00669088,-0.00934857,0.00918529,-0.00979581,-0.01134145,0.01146721,-0.01194236,0.00554027,0.03114655,-0.02510453,-0.01278211,0.00169902,-0.00214831
"Np2_501212",0.00580193,-0.00254232,-0.01035107,-0.02023795,-0.01597982,-0.01766543,-0.0098521,-0.02568262,-0.01495144,-0.01669942,0.99071544,-0.02916484,-0.02525363,-0.00340641,0.00123047,-0.00458694,-0.0064779,0.00140085,-0.00916447,-0.02404874,-0.01401587,-0.01681502,-0.02286364,0.01404121,-0.0223753,0.0101513,-0.02739862,0.00597839,-0.00192468,0.00487547,-0.00075482,-0.02387074,-0.00471928,-0.01829825,-0.00710314,0.0240436,0.00246271,-0.0068293,-0.02409132,0.01440021,-0.00824562,-0.01431707,-0.00254841,-0.01041042,-0.01333735,-0.00593784,0.01714615,-0.01940423,-0.00178016,0.01741084,-0.01947423,-0.03977581,-0.01253719,-0.01214164,-0.03293613,-0.02101072,-0.01334496,-0.02715669,-0.01824807,-0.01604221,-0.01463047,-0.00467516,-0.02464816,-0.01031762,-0.0226385,-0.0170508,-0.004377,-0.00553014,-0.00986579,-0.00455803,0.00424565,0.01514566,-0.00731916,0.00068281,-0.01821764,0.00197894,0.0528888,-0.02500107,0.00672688,-0.01484647,-0.01044844,-0.0105747,-0.01733531,-0.01617303,-0.0116031,-0.0217409,-0.01015179,-0.02066691,-0.01161071,-0.01954726,-0.03396444,-0.00690993,-0.0011397,-0.01177044,-0.01999754,-0.00686581,-0.02280279,-0.00561228,-0.00178016,-0.016885
"Np2_502936",-0.02828554,-0.00087956,-0.00975322,0.00622181,-0.01781602,-0.01934952,-0.01488301,-0.00424313,-0.0277409,0.00321879,-0.02916484,1.00332262,-0.00427051,-0.02410655,-0.02251226,-0.00322842,-0.00983538,-0.02508018,-0.02073691,-0.01538807,-0.02300214,-0.01134906,-0.00461888,-0.02597927,-0.01341038,-0.0096361,-0.01812944,-0.02171966,-0.01684398,-0.00243736,-0.00304739,-0.02388141,-0.02541942,-0.00842057,-0.04788425,-0.01567251,-0.01702042,-0.00820912,-0.02379773,-0.02379468,-0.00217113,-0.01493625,-0.02340069,-0.02487329,-0.02749596,-0.02891996,-0.01846259,-0.00328927,-0.01107067,-0.01941489,0.02204623,-0.01727143,0.0050991,-0.01443423,-0.02366694,-0.01508837,-0.00863964,0.04052983,-0.02008428,-0.00646877,-0.03228807,-0.0232455,-0.03835043,-0.01884749,-0.00910972,0.00514929,-0.02675058,-0.01831962,0.00062043,-0.0136964,-0.00078524,-0.02441843,-0.0141756,-0.0372079,-0.00910059,-0.00731157,-0.0321618,-0.01649253,-0.00986583,-0.00983689,-0.01654425,-0.01088962,0.01018933,-0.02242097,0.00633743,0.35476619,0.00702809,-0.00227001,-0.01344691,-0.00236738,-0.0061356,-0.03110903,-0.02214411,-0.01436729,-0.00023149,-0.01630844,0.00137499,-0.0219007,-0.01761219,-0.01065839
"Np2_504685",0.02293772,0.02463393,0.00921874,-0.00888307,-0.01679524,-0.00509353,-0.01660056,-0.01493627,-0.02169988,-0.01264673,-0.02525363,-0.00427051,1.0102333,-0.01045911,-0.00764776,-0.01255241,-0.02661367,-0.02086471,-0.01256609,-0.01056408,-0.02335053,-0.01017615,-0.01272582,-0.01689567,-0.01467154,-0.01987288,-0.00174365,-0.02556701,-0.02327752,-0.01480391,-0.00659047,-0.02012232,-0.01009856,-0.00952959,0.00607728,-0.02012836,0.0005824,-0.00566705,-0.00132682,-0.02216539,-0.00708337,-0.02060913,-0.01127451,0.01022432,-0.01643471,-0.01040435,-0.02565677,-0.00409404,0.00333745,0.00701136,-0.00614169,-0.02111879,-0.00315998,-0.00595914,-0.01793017,-0.01224206,-0.0094444,-0.00393582,-0.0094794,-0.01381506,-0.01864061,-0.00138311,-0.01055496,-0.01067666,-0.02010711,-0.00417466,0.0091077,-0.01699459,0.00118483,-0.02697572,0.00616856,0.00413764,-0.01711017,0.01857924,-0.00929684,-0.02119943,-0.01684092,0.00552202,-0.01006207,-0.0156619,-0.01871818,0.01721005,-0.0263657,-0.00268837,-0.01606961,-0.02194783,-0.00883741,-0.03699948,-0.01470807,-0.01579884,-0.02245747,0.0015545,0.01021519,-0.00102408,-0.02142149,-0.0149834,0.00239577,-0.02164058,-0.02009038,-0.00765994
"Np2_503574",0.00614422,0.01270854,-0.01000878,-0.01822223,-0.01442049,0.00245358,-0.00646725,-0.00738915,-0.00730698,-0.03598172,-0.00340641,-0.02410655,-0.01045911,0.9865313,-0.0248976,-0.00972127,-0.00628773,-0.02381445,0.01095452,0.02390978,-0.02021512,-0.01966742,-0.02206496,0.00571217,0.00504584,-0.01719385,-0.03146806,-0.01573795,-0.01481761,-0.0014759,-0.01866793,-0.00359961,-0.01137489,-0.02799642,-0.02395135,-0.01471104,-0.01195147,-0.00922532,-0.00321169,-0.00777249,-0.00394798,-0.0028694,0.00494392,0.011382,0.00936781,-0.02674143,0.0018192,-0.01175977,-0.0175635,-0.01267254,-0.00118077,0.00559656,-0.02345242,-0.0099738,-0.01798947,-0.02142908,0.00175379,-0.01890373,-0.00238867,-0.0161563,-0.01565733,-0.01254781,-0.00696319,-0.02488392,-0.00617058,-0.01914255,-0.0146837,0.00530904,-0.0116533,-0.01486472,-0.01929624,-0.00337599,-0.03055678,0.00269851,0.00205348,-0.01715124,-0.01111934,-0.00396929,-0.01285971,-0.01070096,0.00601947,-0.01160157,-0.01486321,-0.0129403,-0.00897888,-0.01105389,-0.01711167,0.00264678,-0.00609605,0.00543986,-0.01354119,-0.02086771,-0.00870809,-0.0057994,-0.01630842,-0.02051933,0.01830992,-0.02033071,-0.01649859,-0.01106609
"Np2_501966",-0.02770743,-0.00121424,-0.00704532,-0.01693219,-0.01434747,9.254e-05,-0.0115666,-0.01887791,0.02821197,-0.01004684,0.00123047,-0.02251226,-0.00764776,-0.0248976,0.99108973,0.01895193,0.00230449,-0.00396472,-0.00920555,-0.0021833,-0.00066962,-0.0157912,-0.01468978,-0.01277449,-0.01359292,-0.01681657,-0.02165881,-0.01916389,-0.00333492,0.00103118,-0.0131183,-0.01204579,-0.03062219,-0.00571267,-0.00471015,-0.04065194,-0.01446464,-0.00504484,-0.01698236,-0.01637079,-0.00980798,-0.03017952,-0.02632154,-0.021709,0.00046526,-0.02240882,-0.01666746,-0.00864419,-0.01247024,-0.01746764,-0.02255787,-0.00756561,-0.01866341,-0.01248697,-0.00148655,0.00085471,-0.01627647,0.00429281,0.01091953,-0.02870996,0.00160622,-0.02281953,-0.01769131,-0.00533845,-0.01750721,-0.01420144,0.01414162,-0.01287339,0.03208061,-0.00718529,-0.01420298,0.00080451,0.01591543,-0.03875958,-0.02023639,-0.01084095,-0.02276022,0.02166134,0.01429226,-0.00865028,-0.03543861,0.05525583,-0.01965831,-0.01088961,-0.00890586,-0.01067662,-0.0082152,-0.00777706,-0.0218444,-0.03419268,-0.00205856,-0.01288401,-0.0013329,-0.01287642,-0.02505886,-0.01542608,-0.02056195,0.00864673,-0.01018831,-0.00871114
"Np2_500910",0.00998395,-0.02711259,-0.02046915,-0.01483891,-0.00738609,0.02044128,0.00026293,-0.03138899,-0.02278759,0.00376037,-0.00458694,-0.00322842,-0.01255241,-0.00972127,0.01895193,0.99816777,-0.03606846,0.01029885,-0.02339003,0.00325682,-0.00527,-0.00700426,0.00185572,-0.02893663,-0.0128688,-0.017918,-0.02473791,-0.01007269,-0.00732679,-0.01284905,0.00601339,-0.02546962,0.01650112,-0.01168219,-0.02726169,-0.00828515,-0.0035479,-0.01892506,-0.01154225,-0.00682322,-0.02277542,0.00888102,0.01152197,-0.02889557,-0.0020053,-0.02929113,-0.01487844,-0.00852858,-0.01052908,-0.01491798,-0.02305078,-0.01201386,-0.01550523,-0.01876077,-0.02510303,-0.01028719,-0.00642464,-0.01780233,-0.02456294,-0.02083579,-0.02459643,-0.00673043,-0.0207704,-0.01374204,0.01698947,0.00188766,-0.01601636,-0.0065205,-0.01724556,-0.01726228,-0.00876287,-0.01520551,-0.0226096,-0.00487142,-0.02392399,-0.01604986,-0.01747224,-0.00256363,-0.01784347,0.00135369,0.00362193,-0.00928313,-0.01893419,-0.00362395,-0.01867862,-0.0078227,-0.01570601,-0.00979125,0.00200328,-0.01658228,-0.01107064,-0.00166302,-0.00821521,0.00579889,-0.01779321,-0.01759239,-0.00036536,0.04116575,0.00711784,-0.00600933
"Np2_501805",-0.01229225,-0.01439921,-0.03057505,-0.02722676,-0.02448989,-0.01126691,-0.01166853,-0.01548088,-0.00611886,-0.01258283,-0.0064779,-0.00983538,-0.02661367,-0.00628773,0.00230449,-0.03606846,1.00168853,-0.00452304,-0.01797881,-0.00487142,-0.0010758,-0.02213041,0.00468074,0.00431411,-0.01080443,-0.00033646,-0.00259253,-0.00511786,0.00477812,-0.02538902,0.0050352,2.256e-05,-0.01779321,-0.00672737,0.00918374,0.01051333,0.0230092,-0.01792558,-0.0234737,0.00391249,0.00864978,-0.01354731,-0.02748838,-0.01496515,-0.00450478,0.00852352,0.00726693,-0.03445584,-0.00648703,0.00144649,-0.01809596,-0.001126,-0.01450575,-0.0194347,-0.02197374,-0.01080899,-0.01972524,-0.02273586,-0.03482097,-0.01785864,0.01352247,-0.03098429,-0.01338152,-0.0113734,0.00931763,-0.00289374,-0.00604129,-0.0186041,-0.00848751,-0.02234795,0.00592819,-0.00416554,-0.01582924,-0.01604223,0.0117608,0.03226172,-0.01555998,-0.01388657,-0.01212799,-0.03446194,-0.02047983,-0.02425715,-0.01382724,-0.00688407,-0.02543769,0.00549919,-0.0166842,-0.00727048,-0.01297075,-0.01467003,-0.00839775,-0.00203269,-0.01603918,-0.01434751,-0.02394377,-0.00122793,-0.02705329,0.0185853,-0.01728816,-0.00424921
"Np2_500267",-0.00684756,-0.0077375,-0.01128666,0.02842043,-0.02802077,-0.02894577,-0.01322176,-0.02190222,-0.00113057,-0.01200625,0.00140085,-0.02508018,-0.02086471,-0.02381445,-0.00396472,0.01029885,-0.00452304,0.98853968,-0.02242247,-0.01220552,-0.01251741,0.00917614,-0.00021932,0.00047895,-0.01205338,-0.00386736,-0.02620441,0.0082375,-0.01700826,-0.00838254,-0.02283626,-0.03043508,-0.00017825,0.00054285,0.01599757,-0.00762188,-0.01992301,-0.00959044,0.00205196,-0.01543976,-0.00263968,-0.0160133,-0.003484,-0.02884079,0.00961122,-0.00230956,-0.00189273,-0.02627282,-0.03146806,-0.01805789,-0.00565335,-0.00313563,-0.02853352,-0.0076006,-0.01728968,-0.01008029,-0.01473693,-0.0303742,-0.00944743,-0.00252559,-0.02043417,0.01629574,-0.02862633,0.00578519,-0.00790485,-0.01981193,-0.01489668,0.00555244,-0.02981744,-0.01066598,-0.01692303,-0.01134752,-0.01205796,-0.01729119,-0.00363613,-0.00960566,-0.00494292,0.00357629,-0.01870146,0.01312234,-0.00286483,0.03062928,-0.00746977,-0.00980645,-0.00112905,-0.01583072,0.01036274,0.00076038,-0.00996011,-0.0186573,-0.01968718,-0.00723701,-0.01561473,-0.02274651,-0.01712991,-0.00704075,-0.01628409,-0.01278514,-0.03009888,-0.01493015
"Np2_503669",-0.01208839,-0.01160917,0.00309707,0.00188158,-0.00663914,0.00065085,-0.01572427,-0.02181855,-0.00926183,-0.00614168,-0.00916447,-0.02073691,-0.01256609,0.01095452,-0.00920555,-0.02339003,-0.01797881,-0.02242247,0.98733769,-0.03220281,-0.00665284,-0.00899561,0.00047287,-0.02043111,-0.00527607,-0.01062949,-0.02125262,-0.02666838,-0.01038305,0.0043278,-0.00921315,0.00433389,0.01298847,-0.01793314,-0.01373593,0.00204586,-0.00553926,-0.01011528,-0.01262082,0.00092164,-0.0019475,0.00369495,-0.00872482,-0.01491341,0.0060438,-9.609e-05,-0.01793468,-0.03470833,-0.02316944,-0.01523591,-0.01119844,-0.03134788,0.01034298,-0.01710102,-0.0272465,0.00034811,0.00847025,-0.01279578,-0.02214255,-0.00761429,-0.01274407,-0.01815375,-0.01226487,-0.01725468,-0.00721266,-0.01379525,-0.0173992,-0.00257884,-0.01254325,-0.00115035,-0.01288401,-0.02328201,-0.00817107,-0.00868831,0.01348593,-0.01621566,-0.01672527,-0.02174551,-0.00766451,-0.01569839,0.004521,-0.00290743,-0.0041914,0.00853263,-0.01245502,-0.02015877,-0.01678459,0.01271007,-0.02797974,-0.00412142,-0.01397476,-0.00076394,-0.0152268,-0.00714573,-0.00015999,-0.01304222,0.00235925,-0.01574403,-0.02499497,-0.00282833
"Np2_500486",0.00771266,-0.01051994,0.00601186,-0.00539627,0.01087996,-0.0168196,-0.02589255,-0.02392402,-0.00300023,-0.03106646,-0.02404874,-0.01538807,-0.01056408,0.02390978,-0.0021833,0.00325682,-0.00487142,-0.01220552,-0.03220281,0.9922552,0.00812798,-0.02098943,0.06789012,-0.00169497,0.0008334,-0.02125417,-0.03355072,-0.00123858,-0.01431407,-0.00629686,-0.00462496,0.0010114,-0.01771713,-0.02581948,-0.0179712,-0.02592137,-0.00749259,-0.01556758,0.00444189,-0.00133594,-0.02124347,-0.02381599,-0.00276748,-0.0267551,-0.01386067,-0.01117716,-0.01258585,0.00213107,-0.00519393,-0.0041062,-0.01695498,-0.00652658,-0.01899354,-0.01068729,-0.01885509,-0.00190947,-0.0144768,-0.00744695,-0.0236395,0.01081761,-0.02184745,0.00134304,-0.005699,-0.0068856,-0.02027138,0.00052915,-0.01615784,0.00368278,-0.0193647,9.102e-05,-0.01377245,-0.01732466,-0.0073861,-0.0066863,-0.00976538,-0.00462954,0.01265989,-0.01000728,0.0048344,-0.01582617,0.00363257,-0.01490124,-0.00873092,0.01129528,-0.0172988,-0.02971852,-0.00671978,-0.01586573,-0.01882769,-0.00850881,-0.0207962,-0.02675357,-0.02417806,-0.00529585,-0.02660601,0.00706307,-0.02971552,-0.01906653,-0.00747585,-0.03916271
"Np2_500868",-0.01313657,-0.0080935,-0.01970548,-0.01072839,-0.01498948,-0.00906866,-0.01312137,-0.00826238,-0.0086366,-0.00506006,-0.01401587,-0.02300214,-0.02335053,-0.02021512,-0.00066962,-0.00527,-0.0010758,-0.01251741,-0.00665284,0.00812798,1.01141094,0.00592973,-0.02658931,-0.01980589,-0.02275414,-0.02293524,-0.00936988,-0.01280797,-0.01584298,-0.02227801,-0.01649862,-0.0233368,-0.0184854,-0.01320045,-0.00611279,-0.00539168,-0.02895036,-0.00583896,-0.0034764,-0.0180777,-0.00832017,0.02014159,-0.01296771,-0.00546472,-0.00321929,0.01908888,0.00550985,-0.00761277,-0.01828463,-0.01537133,-0.02791588,-0.02235559,-0.01595858,-0.00460976,0.00091404,0.0043202,-0.01341952,-0.0199291,-0.01710561,-0.01596465,-0.00390388,0.0022482,-0.00661939,-0.00445915,-0.00628317,6.517e-05,-0.01920804,-0.00666959,-0.00826694,-0.00554534,-0.01575776,-0.02174403,-0.00206921,0.00410722,0.0119814,-0.00813612,-0.01777347,-0.02446713,-0.00475734,-0.01887638,0.00453775,0.01353919,0.01027757,-0.01457419,-0.0081787,-0.01679524,0.01000678,-0.00218178,-0.01518423,0.00198046,-0.01091548,-0.01230898,-0.01931758,-0.00530347,-0.03650201,-0.00678823,-0.03063594,-0.01511881,-0.01721971,-0.01650318
"Np2_502979",-0.02156447,-0.00267772,-0.01459394,0.02556954,-0.02387375,-0.02099553,0.00203066,-0.02520951,-0.00869743,-0.02383273,-0.01681502,-0.01134906,-0.01017615,-0.01966742,-0.0157912,-0.00700426,-0.02213041,0.00917614,-0.00899561,-0.02098943,0.00592973,0.99014031,-0.02056498,0.00127915,0.0176512,-0.01386832,-0.02023184,-0.01545499,0.00843682,-0.01062492,-0.02568715,0.01098342,-0.01672069,-0.00109102,-0.0038917,-0.02735898,-0.02262177,-0.01092004,-0.01372985,-0.00322994,0.01808933,-0.01004074,-0.01865729,-0.0152618,-0.0003897,-0.01048497,-0.01554475,-0.00691297,-0.00921773,-0.01178107,-0.014133,-0.00172692,-0.00628317,-0.01577599,0.01317561,-0.02890467,-0.00982927,-0.0096452,-0.02735904,-0.02591383,-0.02511061,0.02044277,-0.01519944,-0.03296805,-0.0078653,-0.01551278,-0.00801134,-0.00886023,-0.00574159,-0.02583928,-0.02038243,0.01059854,-0.00091302,-0.01618674,-0.01089874,-0.00485012,0.00285519,-0.02437582,-0.0112076,-0.00600629,-0.01393067,-0.01116648,0.00413156,-0.01919887,-0.00976082,-0.01898586,0.02363747,0.01068829,-0.00657373,0.00435367,-0.02010402,0.0101452,-0.00416554,-0.00019194,-0.02469679,-0.03210239,-0.01670092,-0.01076791,-0.00252407,-0.02599598
"Np2_503692",-0.01072683,-0.01678914,-0.01410104,-0.00618885,-0.01349251,-0.01578663,0.00100227,-0.01634952,-0.03452275,0.0038912,-0.02286364,-0.00461888,-0.01272582,-0.02206496,-0.01468978,0.00185572,0.00468074,-0.00021932,0.00047287,0.06789012,-0.02658931,-0.02056498,0.98534452,-0.01891743,-0.03008059,-0.0148967,-0.01821765,0.00953059,-0.01510665,-0.00176495,-0.01393674,-0.0254909,-0.01181607,-0.01155136,-0.02165421,-0.00419899,-0.02380227,-0.02183678,-0.02297316,-0.02068818,-0.00834449,-0.02704262,-0.02531443,-0.01400825,-0.02195541,0.00339526,-0.00272944,0.00103421,-0.00720354,0.02720029,-0.0248976,-0.02268415,-0.02115528,0.01559901,-0.01706149,-0.01958832,-0.00233847,0.00149669,-0.03142999,-0.0242039,-0.0299422,0.0072441,-0.00299263,-0.0029622,-0.00159152,-0.00269749,-0.00523652,-0.0129312,-0.02046154,-0.00283137,-0.00863203,-0.01826937,-0.0013329,-0.01082572,-0.01466544,-0.01089876,-0.02814253,0.00639066,-0.01299662,0.0030058,-0.01511119,-0.02816834,-0.01986824,-0.00212397,0.01385561,-0.02077488,0.00861326,7.581e-05,-0.00212549,-0.00336838,0.01264008,0.00090186,-0.01584292,-0.00943526,-0.01340277,-0.00377,-0.01331758,-0.00053879,0.00131565,-0.02869778
"Np2_501938",-0.01063708,-0.00392061,-0.02526878,-0.00868528,-0.02055279,0.00331919,-0.01974959,-0.00165542,-0.00735414,-0.00758083,0.01404121,-0.02597927,-0.01689567,0.00571217,-0.01277449,-0.02893663,0.00431411,0.00047895,-0.02043111,-0.00169497,-0.01980589,0.00127915,-0.01891743,0.98963212,-0.01523439,-0.00689625,-0.01980132,-0.01259041,-0.02171056,-0.00821673,-0.02419173,-0.01034043,-0.02404872,-0.01678609,-0.02049957,-0.02464654,-0.01047734,-0.01611827,0.00906356,-0.00690688,0.00954428,-0.01843367,0.14668054,-0.01924299,-0.00665283,-0.00275226,0.0042061,-0.01926123,-0.01745854,0.01055593,-0.02100464,-0.02974445,-0.01665379,-0.0123029,-0.00388867,0.01290481,-0.00924662,-0.0136264,0.0019759,-0.01665985,-0.01068425,-0.01898437,-0.0141604,0.00868934,-0.00804329,-0.02801317,0.00124264,0.00480549,-0.00348552,-0.01841085,-0.01219336,-0.02548178,-0.01615174,0.00067368,-0.02461616,-0.02161015,-0.01299204,-0.01025372,-0.01625371,-0.01622475,-0.01973742,-0.01925515,-0.02373384,-0.01557364,-0.01526332,-0.02433621,-0.01153007,0.02176781,-0.01648795,-0.01560104,-0.02195542,-0.00904886,-0.02092554,8.646e-05,-0.01300876,-0.00276747,-0.01429273,-0.00683843,-0.0023978,-0.03012931
"Np2_503012",-0.01236829,-0.02588487,-0.01209141,-0.02121764,-0.01224353,0.00250073,0.00772787,-0.0090154,-0.02490671,-0.01296313,-0.0223753,-0.01341038,-0.01467154,0.00504584,-0.01359292,-0.0128688,-0.01080443,-0.01205338,-0.00527607,0.0008334,-0.02275414,0.0176512,-0.03008059,-0.01523439,0.97977886,0.00506411,-0.00449413,-0.00078219,-0.01157573,0.0003968,-0.00295155,-0.01572272,-0.01619584,-0.01897369,0.00439169,-0.00690535,-0.01220856,-0.02439102,-0.00711986,-0.01898282,-0.00937745,0.02288747,0.007273,-0.02538593,-0.01720748,-0.01787081,-0.00452303,-0.01505944,-0.00793224,-0.01292964,-0.00082936,-0.02843308,-0.01914565,-0.02407459,-0.02600512,-0.00769035,-0.00124162,-0.00166606,-0.01725009,0.00123351,-0.01013353,-0.0208677,0.01164367,-0.01342712,-0.01038302,0.00341958,-0.01448441,-0.01213861,0.01410357,-0.01725161,-0.02153099,-0.01184802,-0.02427234,-0.01961722,-0.0061143,0.00282477,-0.0133541,-0.02263393,-0.02300517,-0.00380803,0.02706036,-0.01672676,-0.01070858,-0.02110806,-0.01425621,-0.01207162,-0.00337295,-0.02149447,0.01753103,-0.006379,-0.00467059,0.00534554,-0.00059812,0.00444037,-0.01808679,-0.02260196,-0.01282924,-0.00157174,-0.01386524,-0.02090726
"Np2_503684",0.02304879,-0.01389569,-0.00831714,-0.01029331,0.00065846,0.02255286,-0.0075139,-0.03186368,-0.01261325,-0.02090279,0.0101513,-0.0096361,-0.01987288,-0.01719385,-0.01681657,-0.017918,-0.00033646,-0.00386736,-0.01062949,-0.02125417,-0.02293524,-0.01386832,-0.0148967,-0.00689625,0.00506411,1.02034522,-0.02125724,0.00892514,-0.00202053,-0.02884087,0.00203979,0.00296017,0.00948497,-0.00059508,-0.01024156,0.01664565,-0.02151736,-0.01544439,-0.00638814,-0.00836277,-0.02461925,-0.02825667,-0.01390179,-0.00305196,-0.0138896,-0.00557731,-0.01854781,-0.02360758,-0.01739316,-0.0125022,-0.0189616,0.00044244,-0.01643629,0.00480093,-0.01477655,-0.02171513,-0.01009399,-0.01067056,-0.01743117,-0.02009343,-0.02613601,-0.01937537,-0.0239834,0.00251748,-0.00128422,-0.01942861,0.00480702,-0.00897283,-0.02167558,0.01907822,-0.00619494,0.01139877,-0.0115225,-0.02040682,-0.00888153,-0.02108839,-0.01064472,-0.02083735,-0.01557981,-0.02209239,-0.00826238,-0.00336838,-0.00510874,0.00107377,-0.01671922,-0.01042714,-0.00659656,-0.00615843,0.00304993,-0.01294947,-0.02493262,-0.00457172,0.01123903,-0.01369185,-0.03089457,-0.02689053,-0.01042412,-0.00266556,-0.02317404,-0.01332978
"Np2_504124",-0.02834487,-0.01478258,-0.02335199,-0.01574407,0.02852382,-0.00906409,-0.02437433,-0.03229416,0.03944059,-0.03228656,-0.02739862,-0.01812944,-0.00174365,-0.03146806,-0.02165881,-0.02473791,-0.00259253,-0.02620441,-0.02125262,-0.03355072,-0.00936988,-0.02023184,-0.01821765,-0.01980132,-0.00449413,-0.02125724,1.0027475,0.01092867,0.10799461,-0.02851071,0.00145714,-0.02302797,-0.00159457,-0.0165427,0.00271524,-0.00751691,-0.00384454,0.00192417,-0.00955697,-0.01487843,-0.01820397,-0.03218612,-0.01281101,0.00473247,-0.01371159,-0.00707273,-0.01806554,-0.00030603,0.01975215,-0.01749656,-0.01421972,-0.01504883,-0.00743479,0.00178422,0.0066995,-0.01240939,-0.00094041,-0.00151698,0.00024163,-0.00378978,0.00948802,-0.0182846,-0.01772023,-0.0240792,-0.00977756,-0.00692818,0.02369684,-0.01518424,-0.02377949,-0.0035631,-0.008451,-0.00074569,-0.02716587,-0.01566495,-0.02209085,-0.01634651,-0.00027409,-0.01426992,0.01167717,-0.01263454,-0.02755686,-0.02311923,-0.02927134,-0.02400158,-0.00999967,-0.00279485,-0.01113455,-0.01389112,0.00307578,-0.00912037,-0.00482577,-0.02538747,-0.02585453,-0.01533939,-0.0097228,-0.00602303,0.01318169,-0.02211216,-0.00763103,-0.0079794
"Np2_500595",-0.01352752,-0.01289618,-0.01309852,-0.00959805,0.00363561,-0.01356709,-0.00347183,-0.01565125,0.01759491,-0.00682019,0.00597839,-0.02171966,-0.02556701,-0.01573795,-0.01916389,-0.01007269,-0.00511786,0.0082375,-0.02666838,-0.00123858,-0.01280797,-0.01545499,0.00953059,-0.01259041,-0.00078219,0.00892514,0.01092867,0.98963212,0.00643327,-0.02403811,-0.02099703,-0.00516806,-0.02252743,-0.03230318,-0.02141233,-0.02419015,-0.01899654,0.00791803,-0.01223442,-0.0187729,-0.02133779,-0.01037086,-0.02172573,0.00022946,-0.00041557,-0.01933429,0.00359759,-0.00663457,-0.02263091,0.01724958,-0.01446312,-0.02244228,-0.01345908,-0.01504121,-0.01986219,-0.01371768,-0.0027051,-0.00967106,-0.02495084,-0.02061519,-0.0024693,-0.02096203,-0.0073146,-0.01230442,0.01355896,-0.01127905,-0.01092765,0.00571827,-0.01200471,-0.01643317,-0.02177745,-0.03324035,-0.01508684,-0.0087583,-0.01913953,0.00303471,-0.01405694,0.00313359,-0.00028018,-0.00633641,-0.03053856,-0.0227541,-0.00410924,-0.00264272,-0.02545593,-0.0156649,-0.01107369,-0.02934736,0.00070258,-0.00647332,0.02246606,0.00251291,-0.00875526,-0.00980189,-0.02274498,-0.00535365,0.00396269,0.00076799,-0.0013329,-0.00746216
"Np2_502734",-0.01412846,-0.0229291,0.00592516,-0.02054377,0.0066858,-0.01279887,-0.027957,0.000482,-0.0001965,-0.02476382,-0.00192468,-0.01684398,-0.02327752,-0.01481761,-0.00333492,-0.00732679,0.00477812,-0.01700826,-0.01038305,-0.01431407,-0.01584298,0.00843682,-0.01510665,-0.02171056,-0.01157573,-0.00202053,0.10799461,0.00643327,1.0244898,-0.03361468,-0.01231813,-0.01763503,0.00897078,-0.00810719,-0.03053251,-0.00744847,-0.01259957,-0.01017768,0.01835104,-0.025459,-0.02771965,-0.01644843,-0.01441599,-0.02577698,0.00217823,-0.03530029,-0.01556304,0.00660822,-0.00086891,-0.02716436,-0.0263216,-0.01193782,-0.01649409,-0.0153379,-0.00114274,-0.00640793,-0.00178472,-0.02441996,0.00137499,-0.01908635,0.01351185,-0.00437243,-0.02008587,-0.01016704,0.01539215,-0.02298539,-0.01913504,0.00116201,-0.0191472,-0.02555335,0.00759098,-0.02851683,-0.00640793,-0.01635716,-0.02110965,-0.01490892,0.00603166,-0.01374511,-0.02826436,-0.01849912,-0.00253929,-0.0155965,-0.03209337,-0.01313202,-0.020276,-0.00227001,-0.00193838,-0.02158126,-0.01100374,-0.01072535,-0.00445306,0.00115136,-0.01392006,0.00420155,-0.01969485,-0.01705997,-0.00652659,-0.01519793,0.00475986,-0.02205895
"Np2_503869",0.00438562,-0.02753856,0.0137902,0.00816298,-0.00522587,-0.00919339,-0.01111631,-0.00717009,-0.00982624,-0.03135097,0.00487547,-0.00243736,-0.01480391,-0.0014759,0.00103118,-0.01284905,-0.02538902,-0.00838254,0.0043278,-0.00629686,-0.02227801,-0.01062492,-0.00176495,-0.00821673,0.0003968,-0.02884087,-0.02851071,-0.02403811,-0.03361468,1.00355389,-0.01571058,-0.01524659,-0.01906653,-0.0171284,-0.01658227,-0.03563783,-0.01355796,-0.01220098,-0.01090331,-0.01546412,-0.0216801,-0.01695044,-0.00639879,-0.00665436,0.0112603,0.0029906,-0.00374262,0.00123808,-0.00045816,-0.01321414,-0.01343626,0.00155602,-0.01212798,-0.00534301,-0.00575225,-0.00751846,0.00258136,-0.010774,0.00589321,-0.01365533,-0.02563091,-0.00867767,0.00770812,-0.0231436,0.00621876,-0.00401493,-0.0194849,-0.00709859,0.00240946,-0.0062786,-0.02622724,-0.0141102,0.0081508,-0.01062189,-0.0059424,-0.01921414,-0.01820246,-0.00527151,-0.01766092,-0.02736819,-0.010952,-0.0054495,-0.01494843,-0.01439467,0.00188918,-0.01859339,-0.02282564,-0.00443633,-0.0143962,0.00474617,-0.01773387,-0.01136882,0.0012472,-0.03250711,-0.00376696,0.00404028,-0.00200836,0.00316402,-0.01932212,-0.01951837
"Np2_502749",-0.00702555,-0.01339212,-0.01983172,-0.03002287,-0.00385823,0.0035839,0.01839514,-0.01325675,-0.0116533,-0.01370553,-0.00075482,-0.00304739,-0.00659047,-0.01866793,-0.0131183,0.00601339,0.0050352,-0.02283626,-0.00921315,-0.00462496,-0.01649862,-0.02568715,-0.01393674,-0.02419173,-0.00295155,0.00203979,0.00145714,-0.02099703,-0.01231813,-0.01571058,0.98955301,-0.00642464,0.00709806,-0.03234273,-0.02388594,-0.01981799,-0.00595305,-0.0117461,-0.0188155,-0.0029911,0.00296321,-0.0108668,-0.01628865,-0.00817717,-0.02388288,-0.00872484,-0.01454527,-0.01945291,-0.01552042,-0.01914865,-0.01830588,0.0058141,-0.01501993,-0.01127754,-0.00697079,-0.02455836,0.00364475,-0.02416281,-0.01069032,-0.01441748,-0.00418227,-0.01065685,-0.01845956,-0.00884501,-0.01568927,-0.0085803,-0.00488206,-0.00573095,-0.00215591,-0.01358228,-0.00173604,-0.02719476,-0.01223595,-0.00195206,-0.01035564,-0.02286673,-0.01820397,-0.01668267,-0.02846357,-0.03284631,-0.00958436,-0.0150351,-0.00779988,0.00279434,-0.00206768,-0.01037997,0.00288258,0.01914207,0.00842158,-0.02142149,0.00767006,-0.013348,-0.01092461,-0.01836065,0.01129224,-0.0058496,0.02172218,0.00011993,-0.00958739,-0.00780597
"Np2_504151",-0.0169063,0.00806559,0.07464764,-0.02499501,-0.0236273,-0.0102522,-0.01643472,-0.0289184,-0.00982014,-0.00198401,-0.02387074,-0.02388141,-0.02012232,-0.00359961,-0.01204579,-0.02546962,2.256e-05,-0.03043508,0.00433389,0.0010114,-0.0233368,0.01098342,-0.0254909,-0.01034043,-0.01572272,0.00296017,-0.02302797,-0.00516806,-0.01763503,-0.01524659,-0.00642464,0.99032897,-0.01343168,-0.01210206,0.04047199,-0.01570292,-0.01355186,0.00636481,-0.00831103,0.00507931,-0.005092,-0.01040281,-0.01278209,0.00567414,-0.00927096,-0.01404174,-0.02183982,-0.00803568,0.00639371,0.00687291,-0.01753763,-0.0101518,-0.00999207,-0.00046881,-0.0133526,-0.01070706,-0.01521158,-0.01441898,-0.00840079,-0.01760457,-0.00813001,-0.01673438,-0.01069339,0.01945852,0.00500781,-0.03397812,-0.00974258,-0.01135211,-0.00549513,-0.00307781,-0.00522739,-0.03068611,-0.02394224,0.0026194,-0.01962786,0.01015282,-0.02671557,-0.0019186,-0.00883133,-0.02751421,-0.02555025,-0.026285,-0.0115955,-0.01575772,-0.00829735,-0.01873942,-0.00684604,-0.00245257,-0.02169227,-0.00787443,-0.02092246,-0.01805638,0.02848431,-0.00192316,-0.02551524,-0.01557821,-0.02269174,-0.02314814,-0.02418413,0.00330702
"Np2_500957",-0.00353572,-0.01598741,-0.02060148,-0.03109688,0.0201689,0.00190135,-0.01325674,-0.00520306,-0.01805181,-0.00534758,-0.00471928,-0.02541942,-0.01009856,-0.01137489,-0.03062219,0.01650112,-0.01779321,-0.00017825,0.01298847,-0.01771713,-0.0184854,-0.01672069,-0.01181607,-0.02404872,-0.01619584,0.00948497,-0.00159457,-0.02252743,0.00897078,-0.01906653,0.00709806,-0.01343168,0.98329658,-0.00223046,-0.00716093,-0.01267709,-0.01813245,-0.03001064,-0.00422029,-0.02688437,-0.01773538,-0.01650468,0.00028422,-0.02400765,-0.00852704,-0.01770955,-0.02170442,-0.01474605,-0.01735508,-0.02645993,-0.01177348,-0.01975263,-0.01213861,-0.01174306,0.00655953,-0.02076427,-0.0033623,-0.01413146,-0.00491856,-0.00834146,-0.01955638,-0.0108181,0.00024315,-0.01554779,-0.02360906,-0.00843729,-0.02329874,-0.01258587,-0.02954817,-0.00537648,-0.01132926,0.00550375,0.00357629,0.02800812,-0.00138918,0.00344242,-0.0156269,-0.00695557,-0.0079353,-0.00547231,-0.02891381,-0.01139315,-0.01206861,0.00035116,-0.0191152,-0.00171778,-0.01659899,0.00148604,0.00902096,-0.0016539,-0.0037487,-0.02613591,-0.02021357,0.00095055,0.01204374,0.00965837,-0.01662333,-0.02422976,-0.00503267,0.00557221
"Np2_503257",-0.01148594,0.03265405,-0.02201016,-0.01272885,-0.00923139,-0.02141385,-0.01938142,-0.0158916,-0.01185408,-0.01983933,-0.01829825,-0.00842057,-0.00952959,-0.02799642,-0.00571267,-0.01168219,-0.00672737,0.00054285,-0.01793314,-0.02581948,-0.01320045,-0.00109102,-0.01155136,-0.01678609,-0.01897369,-0.00059508,-0.0165427,-0.03230318,-0.00810719,-0.0171284,-0.03234273,-0.01210206,-0.00223046,0.97226263,-0.01997926,0.00188765,0.01316645,-0.01346818,-0.02540567,0.01460709,-0.01321107,-0.01426229,-0.02759481,-0.0176578,0.01044943,0.00872128,0.00031465,-0.00261534,-0.01024458,-0.01904518,-0.00085978,-0.03759119,-0.02906442,-0.00189425,-0.01416951,-0.01882613,-0.03048066,-0.02132102,-0.01210815,0.00835311,0.01159041,-0.01572575,-0.03904557,-0.00706814,-0.02653904,-0.00634704,-0.0090382,-0.0258606,0.00296777,0.00721062,-0.00284962,0.01428764,0.00399311,-0.01067207,-0.00431917,-0.02945692,0.00715283,0.02312631,0.00176139,-0.01357466,-0.00172235,-0.01554015,-0.01393369,-0.0174874,0.00336026,-0.0026701,-0.02241941,0.01650719,-0.031789,0.00317466,0.00868626,-0.01704775,-0.01568926,0.01171211,0.01337334,-0.01958981,-0.02153098,-0.0087522,-0.00704988,-0.00313866
"Np2_500365",-0.02219732,-0.01015634,-0.01279272,-0.02465727,-0.00731611,-0.00017825,0.01843621,-0.01580186,0.0115113,-0.00742718,-0.00710314,-0.04788425,0.00607728,-0.02395135,-0.00471015,-0.02726169,0.00918374,0.01599757,-0.01373593,-0.0179712,-0.00611279,-0.0038917,-0.02165421,-0.02049957,0.00439169,-0.01024156,0.00271524,-0.02141233,-0.03053251,-0.01658227,-0.02388594,0.04047199,-0.00716093,-0.01997926,0.9843099,-0.0132354,-0.01808225,-0.02144125,-0.02394679,-0.00249364,-0.0178373,-0.01189062,-0.0227891,0.00875018,-0.01091089,-0.01172633,0.03843652,-0.00237346,-0.00985058,0.00371167,-0.01811267,0.01422225,-0.02562786,-0.02021205,-0.00997229,-0.01417254,-0.00665892,-0.00860463,-0.02449293,-0.01741897,-0.00429333,-0.01563602,-0.01841848,-0.01367205,-0.01108433,-0.01097326,-0.01457721,-0.01360056,-0.02828094,-0.00882523,-0.00549818,-0.01178869,-0.02695133,0.01101993,-0.00879328,-0.00593936,-0.02029268,-0.01435966,0.01067463,-0.02169984,-0.00847838,-0.01316849,0.00121677,-0.00948698,-0.01069793,-0.0255517,-0.00331362,0.00153624,-0.02211517,0.00296017,-0.01480386,0.01407618,-0.014991,-0.00341097,-0.01331149,-0.00656916,-0.02083273,-0.01200928,-0.01350165,-0.00152762
"Np2_503674",-0.03258154,-0.029364,-0.03032698,-0.01389566,-0.01176735,0.01180033,-0.0010758,-0.01477649,-0.03066775,0.00242163,0.0240436,-0.01567251,-0.02012836,-0.01471104,-0.04065194,-0.00828515,0.01051333,-0.00762188,0.00204586,-0.02592137,-0.00539168,-0.02735898,-0.00419899,-0.02464654,-0.00690535,0.01664565,-0.00751691,-0.02419015,-0.00744847,-0.03563783,-0.01981799,-0.01570292,-0.01267709,0.00188765,-0.0132354,0.9583652,-0.01355792,-0.00063919,-0.01987883,-0.01957153,0.01148389,-0.010561,-0.00533387,-0.00498094,-0.01703555,-0.01313501,0.00447231,-0.00834599,-0.01460609,-0.0034779,-0.01693516,-0.00574614,-0.01638753,-0.02009944,0.00657017,-0.01649399,-0.02312828,-0.00331969,-0.01205793,0.0046001,-0.01133077,-0.00304891,0.00801235,-0.0079307,-0.03135691,-0.01512026,-0.01781143,-0.00816346,-0.00945654,-0.01251584,0.00206869,-0.01030694,-0.02227486,-0.0227921,0.02843857,-0.00826083,-0.02504818,-0.01379068,0.07939716,-0.02052233,-0.00760514,-0.00271118,-0.02148989,-0.00800524,0.005236,-0.00961778,0.02555119,-0.02482148,-0.00968017,-0.0235497,-0.01195295,-0.02871139,0.00200784,-0.00588457,-0.00163715,-0.02410342,-0.00459452,-0.00657219,-0.00958585,-0.00354485
"Np2_503816",-0.02586668,-0.01960656,-0.00550883,-0.01569995,-0.00900777,0.00254181,-0.00394495,-0.01064774,-0.00919642,-0.00790182,0.00246271,-0.01702042,0.0005824,-0.01195147,-0.01446464,-0.0035479,0.0230092,-0.01992301,-0.00553926,-0.00749259,-0.02895036,-0.02262177,-0.02380227,-0.01047734,-0.01220856,-0.02151736,-0.00384454,-0.01899654,-0.01259957,-0.01355796,-0.00595305,-0.01355186,-0.01813245,0.01316645,-0.01808225,-0.01355792,0.99188091,-0.010202,0.0025053,0.00844135,-0.00781509,-0.02818664,-0.0155052,-0.00921925,-0.01944835,-0.00322538,-0.01102349,-0.01136728,-0.00454433,-0.01577901,0.0124469,-0.01911218,-0.02290781,-0.01171111,-0.00786074,-0.00734502,-0.02036873,0.00141758,-0.00017064,0.0040129,-0.01617761,-0.00713508,-0.00915689,0.00623854,-0.00593023,0.00772026,-0.0126178,-0.01696566,-0.00152459,-0.02527337,-0.002626,-0.0423848,-0.01616847,0.00871976,-0.0139839,-0.00702252,-0.01376942,0.01969888,-0.01946515,-0.01213402,0.00473855,-0.02018466,-0.00823345,-0.02076275,-0.01223747,-0.02100613,-0.01017766,0.00760313,-0.0288271,-0.01896461,-0.00569442,0.00325681,-0.02702742,-0.01742507,-0.01622019,0.00406158,-0.01537437,-0.03530321,-0.01230289,0.03283517
"Np2_500025",-0.00366808,-0.01764107,-0.00506461,-0.01434296,-0.00841143,-0.02774396,-0.0266243,-0.01294185,-0.01559799,-0.00730548,-0.0068293,-0.00820912,-0.00566705,-0.00922532,-0.00504484,-0.01892506,-0.01792558,-0.00959044,-0.01011528,-0.01556758,-0.00583896,-0.01092004,-0.02183678,-0.01611827,-0.02439102,-0.01544439,0.00192417,0.00791803,-0.01017768,-0.01220098,-0.0117461,0.00636481,-0.03001064,-0.01346818,-0.02144125,-0.00063919,-0.010202,0.99642108,-0.01941337,-0.00541451,-0.01528157,-0.01420298,-0.01734291,0.06135626,-0.02356799,-0.01647276,-0.00342923,0.00063868,7.35e-06,-0.01092307,-0.01570906,-0.01684243,0.01009197,-0.00183492,0.00581868,0.00298755,-0.01794685,-0.01319893,-0.01965526,-0.01014724,0.00145714,-0.00486532,-0.02985858,0.00059761,-0.01841694,-0.0099388,-0.00608844,-0.018347,0.00713458,0.00057631,-0.01709038,0.03442797,-0.00979125,-0.00209355,0.00182529,-0.00718682,-0.02427847,-0.02047525,-0.0251061,-0.0025621,-0.0179408,-0.02369579,-0.01220097,-0.01362489,0.00904836,0.01305844,-0.01977393,-0.03439652,-0.01134449,-0.00604585,-0.00616298,-0.01181608,-0.01486931,-0.01287338,-0.02581647,-0.01314112,-0.01660356,-0.00975778,-0.0220513,-0.00688256
"Np2_502216",-0.0183439,0.00465031,-0.00483185,-0.03723375,-0.00924356,-0.02614203,-0.00585416,0.0376455,-0.03225147,-0.01467915,-0.02409132,-0.02379773,-0.00132682,-0.00321169,-0.01698236,-0.01154225,-0.0234737,0.00205196,-0.01262082,0.00444189,-0.0034764,-0.01372985,-0.02297316,0.00906356,-0.00711986,-0.00638814,-0.00955697,-0.01223442,0.01835104,-0.01090331,-0.0188155,-0.00831103,-0.00422029,-0.02540567,-0.02394679,-0.01987883,0.0025053,-0.01941337,0.98441032,-0.00959347,-0.00911579,-0.01457873,-7.176e-05,-0.01173697,-0.01998839,-0.00239628,0.00319292,-0.00323602,-0.01847171,-0.02483825,-0.00087195,-0.01889159,-0.01051691,-0.01468523,-0.01098699,-0.0122968,0.00495304,-0.02026831,-0.00938201,0.00073453,-0.0104804,-0.01908477,-0.02049808,-0.01651229,-0.01635863,-0.00012196,0.01437741,-0.01431101,-0.02229773,-0.0156208,-0.01472781,-0.01219487,-0.02035961,-0.01707364,-0.01026436,0.00171728,0.00592363,-0.00776793,-0.00661786,-0.01815069,0.02732204,0.00817968,-0.01820548,-0.0015261,0.00137043,-0.0255015,-0.01680284,-0.01073596,0.00257984,-0.02026529,-0.01703558,-0.02770892,0.0212658,-0.00107885,-0.01995494,0.00017469,-0.01667505,-0.01439313,-0.00310672,-0.02125412
"Np2_501113",-0.00769187,-0.00234455,-0.00604583,-0.00650071,-0.03312464,-0.02857303,-0.01071923,-0.01498796,-0.00927704,-0.02258678,0.01440021,-0.02379468,-0.02216539,-0.00777249,-0.01637079,-0.00682322,0.00391249,-0.01543976,0.00092164,-0.00133594,-0.0180777,-0.00322994,-0.02068818,-0.00690688,-0.01898282,-0.00836277,-0.01487843,-0.0187729,-0.025459,-0.01546412,-0.0029911,0.00507931,-0.02688437,0.01460709,-0.00249364,-0.01957153,0.00844135,-0.00541451,-0.00959347,0.97833039,-0.01398085,-0.01427143,-0.01147834,-0.01355946,-0.01694278,-0.01441139,-0.0319457,-0.00399362,-0.00918882,-0.00079893,0.00704177,-0.02330026,-0.01903307,-0.01453004,-0.01098394,-0.02720234,0.00784652,0.01107316,-0.01303005,-0.00823801,-0.00849968,-0.00371675,-0.00649919,-0.022138,-0.0277652,-0.01441896,-0.01224204,-0.01704627,-0.01818721,0.00218127,-0.01822372,0.00712848,-0.00331817,-0.01463654,-0.03201566,0.00567566,0.03102787,-0.00259252,-0.02030641,-0.01449656,-0.00264424,0.01700616,-0.00496725,-0.01171566,-0.01429576,-0.02899739,-0.02851368,-0.01103717,-0.01141293,0.01396666,0.01248035,-0.01644837,-0.01889309,-0.01065989,-0.01386675,0.00398094,-0.00800068,-0.01682413,0.00115592,0.00263309
"Np2_504234",-0.00447588,-0.00840839,-0.00587241,-0.03599238,0.00234252,0.00035268,-0.00491705,-0.00203573,-0.01792706,-0.01389416,-0.00824562,-0.00217113,-0.00708337,-0.00394798,-0.00980798,-0.02277542,0.00864978,-0.00263968,-0.0019475,-0.02124347,-0.00832017,0.01808933,-0.00834449,0.00954428,-0.00937745,-0.02461925,-0.01820397,-0.02133779,-0.02771965,-0.0216801,0.00296321,-0.005092,-0.01773538,-0.01321107,-0.0178373,0.01148389,-0.00781509,-0.01528157,-0.00911579,-0.01398085,0.98461116,-0.00466603,-0.00993577,-0.00456259,-0.01418318,-0.01089114,0.00276088,-0.01264364,-0.00749411,-0.01127448,-0.02594881,-0.02038853,-0.00349466,-0.00370763,0.00470661,-0.00953415,-0.00597586,-0.00381411,-0.01909389,-0.0199306,0.01099408,-0.02316789,6.364e-05,-0.00903365,0.00450731,-0.01333278,-0.00552709,-0.00257275,-0.0260766,-0.02092096,0.02028608,-0.02814403,-0.01181607,-0.01005139,-0.00552403,-0.00982016,-0.01291598,-0.01474151,-0.02028511,-0.02345085,-0.0061219,-0.02298228,-7.784e-05,-0.00819542,-0.01914258,-0.01498032,0.00817056,-0.01177652,-0.00135116,-0.0039632,-0.01472932,-0.02220796,-0.01582923,-0.01535459,-0.0178008,-0.0037563,-0.01589007,-0.01193473,-0.02042502,-0.01073292
"Np2_504222",-0.02576018,-0.01371919,-0.00661937,-0.01239875,-0.00357679,-0.00602303,-0.00277356,-0.01099764,-0.01958679,0.00087601,-0.01431707,-0.01493625,-0.02060913,-0.0028694,-0.03017952,0.00888102,-0.01354731,-0.0160133,0.00369495,-0.02381599,0.02014159,-0.01004074,-0.02704262,-0.01843367,0.02288747,-0.02825667,-0.03218612,-0.01037086,-0.01644843,-0.01695044,-0.0108668,-0.01040281,-0.01650468,-0.01426229,-0.01189062,-0.010561,-0.02818664,-0.01420298,-0.01457873,-0.01427143,-0.00466603,0.99346327,-0.02087534,-0.02599904,0.00682422,-0.00190186,0.00307883,-0.02951621,-0.01615176,-0.00395864,-0.02289256,-0.00850882,-0.01656404,-0.0221015,0.00745862,-0.02351629,-0.00854836,-0.01429728,-0.01816744,-0.00683387,0.00142367,0.00209912,0.00327204,0.00649716,-0.02225362,-0.01666591,-0.02909334,-0.02324859,-0.01008942,-0.00706359,-0.01910151,-0.02584843,0.02775103,-0.017492,-0.01920191,0.01088305,-0.01290229,-0.00194903,-0.00673196,-0.00168279,0.06128477,0.00426239,0.00160926,-0.00970301,0.00034356,-0.00325276,-0.00961478,-0.0148054,-0.0068141,-0.00455803,-0.01486777,-0.0078942,-0.01475065,-0.01260259,-0.02219885,-0.01789056,-0.01481149,-0.00461888,-0.0079368,-0.00509047
"Np2_504977",-0.00623296,-0.00423247,-0.02086467,-0.03774949,-0.00732524,0.00026902,-0.00180603,-0.00850882,-0.00492769,-0.00135116,-0.00254841,-0.02340069,-0.01127451,0.00494392,-0.02632154,0.01152197,-0.02748838,-0.003484,-0.00872482,-0.00276748,-0.01296771,-0.01865729,-0.02531443,0.14668054,0.007273,-0.01390179,-0.01281101,-0.02172573,-0.01441599,-0.00639879,-0.01628865,-0.01278209,0.00028422,-0.02759481,-0.0227891,-0.00533387,-0.0155052,-0.01734291,-7.176e-05,-0.01147834,-0.00993577,-0.02087534,0.99189917,-0.00023453,-0.00133594,-0.01310462,-0.01786015,0.01648133,-0.01579273,-0.01622627,-0.026641,-0.02899142,-0.00677303,-0.0165701,-0.00739523,0.00650781,-0.01184041,0.00614269,-0.01339669,0.01223696,-0.01297378,-0.020209,-0.00732221,-0.03284939,-0.00850728,-0.01296007,-0.02630025,0.00099466,-0.00577505,-0.02343869,-0.0044424,0.08449956,-0.01904979,-0.00785314,-0.00332578,-0.01827092,-0.02912529,-0.03231998,-0.01854325,-0.0212526,-0.00650984,-0.02732557,-0.00624666,-0.02896856,-0.00446979,-0.02373531,-0.00423551,-0.02296558,-0.00143483,-0.01728206,-0.01633428,-0.01209904,-0.01865122,-0.01072228,-0.02366536,-0.02026985,-0.00334708,-0.01932058,-0.02872365,-0.01325066
"Np2_504672",-0.02124501,-0.00524868,-0.01564362,-0.01214318,-0.01868618,-0.03208572,-0.01316699,-0.00678672,-0.02252592,0.01314976,-0.01041042,-0.02487329,0.01022432,0.011382,-0.021709,-0.02889557,-0.01496515,-0.02884079,-0.01491341,-0.0267551,-0.00546472,-0.0152618,-0.01400825,-0.01924299,-0.02538593,-0.00305196,0.00473247,0.00022946,-0.02577698,-0.00665436,-0.00817717,0.00567414,-0.02400765,-0.0176578,0.00875018,-0.00498094,-0.00921925,0.06135626,-0.01173697,-0.01355946,-0.00456259,-0.02599904,-0.00023453,0.9945831,-0.01741287,-0.00255906,-0.01385613,-0.00720201,0.01133485,-0.01632972,0.00215997,-0.00931814,-0.00337751,-0.00541604,-0.01327957,-0.00226697,-0.00920555,-0.01069489,-0.01365226,-0.01342408,-0.01916238,-0.00799004,-0.00073199,0.00036333,-0.03705877,-0.0269072,-0.00023757,0.0013476,-0.01165939,0.00810059,-0.02477896,-0.01053212,-0.0183926,-0.00384911,-0.02837831,-0.01289774,0.02325565,-0.01964462,-0.01317006,-0.02728906,-0.01421972,-0.00339272,-0.00711074,-0.00823041,-0.01157116,-0.02855473,-0.01224965,-0.01302855,-0.00625427,0.00299972,-0.02221861,0.008487,-0.00262904,-0.01143424,-0.01007725,-0.02265523,-0.00162499,-0.01470805,-0.0181781,0.00885667
"Np2_501079",-0.01930382,-0.01745545,-0.02465568,0.00987897,-0.00761731,-0.00610821,-0.00909602,0.00732474,-0.01891132,-0.00970606,-0.01333735,-0.02749596,-0.01643471,0.00936781,0.00046526,-0.0020053,-0.00450478,0.00961122,0.0060438,-0.01386067,-0.00321929,-0.0003897,-0.02195541,-0.00665283,-0.01720748,-0.0138896,-0.01371159,-0.00041557,0.00217823,0.0112603,-0.02388288,-0.00927096,-0.00852704,0.01044943,-0.01091089,-0.01703555,-0.01944835,-0.02356799,-0.01998839,-0.01694278,-0.01418318,0.00682422,-0.00133594,-0.01741287,0.97594771,-0.00457324,-0.01891286,-0.02595029,0.01449303,0.03657441,-0.01810961,-0.00722484,-0.01254174,-0.0116898,-0.01438096,-0.01493013,-0.02597615,-0.00510264,-0.00973343,-0.00311584,-0.01128819,-0.01791488,-0.01917607,-0.0094094,-0.00408338,-0.00275529,-0.02370186,-0.00796875,-0.01047885,0.01901731,-0.00899409,0.00753466,-0.01021415,-0.02700914,-0.0054434,-0.00867463,-0.01055341,-0.03702375,-0.01990021,-0.00115948,-0.00817107,-0.02077185,-0.01155897,-0.01283075,-0.01601937,-0.03011249,0.01692251,-0.01002247,-0.02637171,-0.03354762,-0.01145399,-0.01634644,-0.00981558,-0.02713995,-0.00646266,-0.01462891,0.00168533,0.01005238,-0.01897523,-0.00867462
"Np2_500144",-0.02103205,-0.00062399,0.01134397,-0.02349201,-0.01025828,-0.02776529,-0.00534759,-0.01752703,-0.03463538,-0.01036936,-0.00593784,-0.02891996,-0.01040435,-0.02674143,-0.02240882,-0.02929113,0.00852352,-0.00230956,-9.609e-05,-0.01117716,0.01908888,-0.01048497,0.00339526,-0.00275226,-0.01787081,-0.00557731,-0.00707273,-0.01933429,-0.03530029,0.0029906,-0.00872484,-0.01404174,-0.01770955,0.00872128,-0.01172633,-0.01313501,-0.00322538,-0.01647276,-0.00239628,-0.01441139,-0.01089114,-0.00190186,-0.01310462,-0.00255906,-0.00457324,1.00900697,-0.00421117,-0.03087323,-0.02009496,0.02465371,-0.02516235,-0.00575834,0.00215998,0.00635873,-0.00226545,0.00981205,-0.03120335,-0.01063405,-0.00720202,-0.03131443,-0.01103873,-0.00747281,-0.00158392,-0.00337903,-0.01767762,-0.01406758,-0.01143426,-0.00847993,-0.00094954,-0.01404935,0.00707677,-0.01184044,-0.01011682,-0.00044143,-0.00808438,-0.02424657,0.00749513,0.00247488,-0.014022,-0.01505794,0.0074434,0.00260114,0.00146931,0.00080603,-0.00375175,-0.01145553,0.01473798,-0.04187216,-0.01638605,-0.02888647,-0.01668115,-0.01122888,-0.01412998,-0.03023737,-0.02735907,-0.0193997,-0.00491097,-0.01677701,0.0039414,-0.03246149
"Np2_501892",-0.01027045,0.02063444,0.00263309,-0.0133389,-0.00177864,-0.02947823,-0.00036688,-0.01634953,0.01644026,-0.01497276,0.01714615,-0.01846259,-0.02565677,0.0018192,-0.01666746,-0.01487844,0.00726693,-0.00189273,-0.01793468,-0.01258585,0.00550985,-0.01554475,-0.00272944,0.0042061,-0.00452303,-0.01854781,-0.01806554,0.00359759,-0.01556304,-0.00374262,-0.01454527,-0.02183982,-0.02170442,0.00031465,0.03843652,0.00447231,-0.01102349,-0.00342923,0.00319292,-0.0319457,0.00276088,0.00307883,-0.01786015,-0.01385613,-0.01891286,-0.00421117,0.99188699,-0.01935099,-0.01526637,-0.02148079,0.00355042,-0.00929684,-0.01126691,0.00434149,-0.00991144,-0.02734688,0.00313815,-0.0166066,0.00127762,-0.01659749,-0.01138252,0.0029845,-0.02931091,-0.02486873,0.00692767,-0.00102408,-0.01405999,-0.01703868,-0.02243922,-0.02184743,0.00627657,-0.00944592,-0.00285418,-0.01523746,-0.01846865,-0.01896159,-0.01794991,-0.00790942,-0.01162747,-0.00840383,-0.02134847,-0.00580547,-0.01667355,0.00791651,-0.01170198,-0.00206311,-0.02029116,-0.00859551,-0.01475216,-0.03075154,-0.0285867,-0.02952383,-0.0114312,-0.03240668,-0.00305803,-0.02826268,-0.01164417,-0.00708032,-0.0096376,-0.01926582
"Np2_500368",-0.01426533,0.00233947,-0.00988098,-0.00257732,-0.01307567,-0.00411229,-0.01455439,-0.01684545,-0.00702706,-0.02109744,-0.01940423,-0.00328927,-0.00409404,-0.01175977,-0.00864419,-0.00852858,-0.03445584,-0.02627282,-0.03470833,0.00213107,-0.00761277,-0.00691297,0.00103421,-0.01926123,-0.01505944,-0.02360758,-0.00030603,-0.00663457,0.00660822,0.00123808,-0.01945291,-0.00803568,-0.01474605,-0.00261534,-0.00237346,-0.00834599,-0.01136728,0.00063868,-0.00323602,-0.00399362,-0.01264364,-0.02951621,0.01648133,-0.00720201,-0.02595029,-0.03087323,-0.01935099,0.97750573,-0.00785161,-0.01573944,0.00244597,-0.00112144,0.00238512,-0.00649918,-0.00325733,-0.01323846,-0.00800677,-0.00995248,-0.0158003,-0.00826996,-0.030286,-0.01272427,-0.02159187,-0.00847838,-0.02566735,-0.01992753,-0.00558033,-0.00506005,-0.01730638,-0.01367203,-0.00091302,0.02154874,-0.0112608,-0.01253868,-0.00968474,-0.00333188,-0.00399363,-0.00764471,-0.01060211,0.01057266,-0.01743265,0.00571673,-0.02051629,-0.01433379,-0.0105245,-0.0244655,-0.01454981,-0.00893931,0.00087753,0.0037421,-0.00352507,-0.0008111,-0.01725162,-0.00582373,-0.01587636,-0.02084791,-0.00483793,-0.01624757,-0.01180694,0.01051182
"Np2_502008",0.02922061,-0.00696318,-0.01842302,0.00029031,-0.00762189,-0.00824259,-0.00788357,0.01827346,-0.02287126,-0.02522777,-0.00178016,-0.01107067,0.00333745,-0.0175635,-0.01247024,-0.01052908,-0.00648703,-0.03146806,-0.02316944,-0.00519393,-0.01828463,-0.00921773,-0.00720354,-0.01745854,-0.00793224,-0.01739316,0.01975215,-0.02263091,-0.00086891,-0.00045816,-0.01552042,0.00639371,-0.01735508,-0.01024458,-0.00985058,-0.01460609,-0.00454433,7.35e-06,-0.01847171,-0.00918882,-0.00749411,-0.01615176,-0.01579273,0.01133485,0.01449303,-0.02009496,-0.01526637,-0.00785161,1.00180416,-0.02549851,-0.00716095,-0.03248279,-0.01574103,-0.01458484,0.01391041,-0.01037087,-0.01898285,-0.01529982,0.00106312,-0.01057472,-0.0024693,-0.01624607,-0.01294338,0.01842558,-0.0293413,-0.01797272,-0.00332122,-0.01208081,-0.02052393,-0.00776186,-0.00549971,-0.0238084,-0.00626339,-0.01164875,-0.01853104,-0.00213766,-0.01968572,-0.01420907,0.01386783,-0.01379071,-0.012131,-0.01393067,-0.01262846,-0.01587792,-0.02408679,0.00137346,0.00687748,-0.00804938,-0.01451029,-0.02290323,-0.01450114,-0.03034687,-0.01012442,0.00525883,-0.00601086,-0.02558676,-0.03391733,-0.01048953,-0.00650527,-7.86e-06
"Np2_500179",-0.01335257,-0.00511481,-0.02007359,-0.00151242,-0.01201077,-0.02480176,-0.01592355,-0.02551678,-0.00215895,-0.01592507,0.01741084,-0.01941489,0.00701136,-0.01267254,-0.01746764,-0.01491798,0.00144649,-0.01805789,-0.01523591,-0.0041062,-0.01537133,-0.01178107,0.02720029,0.01055593,-0.01292964,-0.0125022,-0.01749656,0.01724958,-0.02716436,-0.01321414,-0.01914865,0.00687291,-0.02645993,-0.01904518,0.00371167,-0.0034779,-0.01577901,-0.01092307,-0.02483825,-0.00079893,-0.01127448,-0.00395864,-0.01622627,-0.01632972,0.03657441,0.02465371,-0.02148079,-0.01573944,-0.02549851,0.97796218,-0.0059211,-0.01283534,0.00786176,-0.00619493,-0.00295307,-0.02890769,0.05299666,0.0034348,-0.02933972,-0.00553164,-0.01187845,-0.00785616,-0.00485772,-0.00999966,-0.00695556,-0.0197754,-0.01060056,-0.01190585,-0.02445642,0.00732168,-0.0098886,-0.01998232,-0.01658529,-0.00295459,-0.00633792,-0.02219582,-0.01160005,-0.00323299,-0.02627138,-0.00114122,-0.01439008,-0.03687919,-0.01701734,0.00042266,-0.015849,-0.0223357,-0.01667961,-0.00042012,-0.02604921,-0.0032558,-0.01980279,-0.01648032,-0.00447283,-0.02544829,-0.01618062,-0.00761275,-0.01929013,-0.01822524,0.00690485,-0.01504575
"Np2_500421",-0.01022786,-0.02480935,-0.0154276,0.01089216,-0.00173604,-0.02882711,-0.00717008,-0.0108303,-0.01226942,0.01579983,-0.01947423,0.02204623,-0.00614169,-0.00118077,-0.02255787,-0.02305078,-0.01809596,-0.00565335,-0.01119844,-0.01695498,-0.02791588,-0.014133,-0.0248976,-0.02100464,-0.00082936,-0.0189616,-0.01421972,-0.01446312,-0.0263216,-0.01343626,-0.01830588,-0.01753763,-0.01177348,-0.00085978,-0.01811267,-0.01693516,0.0124469,-0.01570906,-0.00087195,0.00704177,-0.02594881,-0.02289256,-0.026641,0.00215997,-0.01810961,-0.02516235,0.00355042,0.00244597,-0.00716095,-0.0059211,0.9913636,0.00306818,-0.02187334,-0.01067664,-0.00743478,-0.00859248,0.00941802,-0.00789268,-0.008416,-0.02811666,-0.01666442,-0.02116133,-0.01207776,0.00742515,-0.00489575,-0.02806033,-0.00641095,-0.0355558,-0.01402955,-0.03078042,-0.01573948,-0.00347031,-0.00402861,-0.02036724,-0.01842606,-0.01724558,-0.0215584,-0.01516899,-0.00793378,-0.01627191,-0.01476433,-0.01123951,-0.02469377,-0.01972827,-0.01789666,-0.00962693,-0.01994431,-0.02315726,-0.01623085,-0.01397479,-0.0028344,-0.00924815,-0.02142909,-0.0191289,0.26625192,-0.01970089,-0.00323451,-0.03229106,-0.00989926,-0.00401037
"Np2_504551",-0.00679736,-0.03233213,-0.01017157,0.01538758,-0.00226089,-0.0019688,0.01269033,-0.00177103,0.00104943,-0.02427849,-0.03977581,-0.01727143,-0.02111879,0.00559656,-0.00756561,-0.01201386,-0.001126,-0.00313563,-0.03134788,-0.00652658,-0.02235559,-0.00172692,-0.02268415,-0.02974445,-0.02843308,0.00044244,-0.01504883,-0.02244228,-0.01193782,0.00155602,0.0058141,-0.0101518,-0.01975263,-0.03759119,0.01422225,-0.00574614,-0.01911218,-0.01684243,-0.01889159,-0.02330026,-0.02038853,-0.00850882,-0.02899142,-0.00931814,-0.00722484,-0.00575834,-0.00929684,-0.00112144,-0.03248279,-0.01283534,0.00306818,1.0040073,-0.01463962,-0.01941645,-0.02393317,-0.01489822,-0.01118779,-0.0072005,-0.01198342,0.00376189,-0.00912646,-0.01499253,-0.00012805,-0.00831257,0.01329123,-0.01276383,-0.01393373,-0.02740933,-0.01607569,-0.01746158,-0.01565582,-0.00140896,-0.00911733,-0.00796115,-0.01666899,-0.01092464,-0.0143247,0.00910312,0.01040537,-0.01725316,0.00250987,-0.01906653,0.00049112,0.0033268,-0.00914167,-0.03129763,-0.00982016,-0.00071069,-0.0071716,0.00147387,-0.00229435,0.01015585,-0.0047634,-0.014025,-0.01129885,-0.00896823,0.00019599,0.0230153,-0.02092099,-0.00985971
"Np2_504585",-0.01028873,-0.01954574,-0.00970758,0.01265688,-0.00651288,-0.01169745,0.00417872,-0.0073922,-0.01233029,-0.01544743,-0.01253719,0.0050991,-0.00315998,-0.02345242,-0.01866341,-0.01550523,-0.01450575,-0.02853352,0.01034298,-0.01899354,-0.01595858,-0.00628317,-0.02115528,-0.01665379,-0.01914565,-0.01643629,-0.00743479,-0.01345908,-0.01649409,-0.01212798,-0.01501993,-0.00999207,-0.01213861,-0.02906442,-0.02562786,-0.01638753,-0.02290781,0.01009197,-0.01051691,-0.01903307,-0.00349466,-0.01656404,-0.00677303,-0.00337751,-0.01254174,0.00215998,-0.01126691,0.00238512,-0.01574103,0.00786176,-0.02187334,-0.01463962,1.0145209,-0.02077801,-0.02164365,-0.01276082,-0.01194083,-0.02286215,-0.00467365,-0.00824868,-0.0156604,0.00083645,-0.00559709,-0.01819335,0.00325834,0.00276088,-0.01468678,-0.00199618,-0.0102872,-0.02186573,-0.01580035,-0.01996107,-0.00332883,-0.02058025,-0.01361882,-0.0358662,0.00652455,-0.01279582,-0.02701079,-0.00933487,-0.01589012,0.00497739,0.0341192,-0.00077306,0.00151495,0.00658995,-0.01817964,0.00675122,-0.02283327,-0.01205799,0.00927502,-0.01645906,-0.00232175,-0.00321626,-0.0258956,-0.00896063,-0.01607418,0.01496009,0.01666241,-0.03069376
"Np2_500482",-0.01886876,-0.00043838,-0.02072168,-0.02710961,-0.00124923,-0.01632214,-0.01018223,-0.02220954,-0.0117826,-0.02022425,-0.01214164,-0.01443423,-0.00595914,-0.0099738,-0.01248697,-0.01876077,-0.0194347,-0.0076006,-0.01710102,-0.01068729,-0.00460976,-0.01577599,0.01559901,-0.0123029,-0.02407459,0.00480093,0.00178422,-0.01504121,-0.0153379,-0.00534301,-0.01127754,-0.00046881,-0.01174306,-0.00189425,-0.02021205,-0.02009944,-0.01171111,-0.00183492,-0.01468523,-0.01453004,-0.00370763,-0.0221015,-0.0165701,-0.00541604,-0.0116898,0.00635873,0.00434149,-0.00649918,-0.01458484,-0.00619493,-0.01067664,-0.01941645,-0.02077801,0.99872768,-0.03144072,-0.01449507,-0.00637291,-0.01881551,-0.0132537,-0.00192012,-0.00887545,-0.00181058,-0.02071868,-0.03346705,-0.00897279,0.00224364,-0.00136028,7.276e-05,0.00729888,-0.01219032,-0.00886327,0.04356788,0.00512952,0.04264446,0.02191843,-0.01995348,0.01057117,-0.03172061,-0.00105756,-0.00042012,-0.01625521,-0.02155382,-0.02344633,-0.00265946,-0.02151733,-0.00335925,-0.02645542,-0.00973952,-0.03019628,-0.0252019,-0.01482213,0.01360155,-0.02352848,-0.01377398,-0.0055712,-0.01845344,-0.03180426,-0.01522225,0.00245358,-0.01128212
"Np2_500644",-0.00436939,-0.02442754,-0.01291598,-0.02630184,-0.00470103,0.01278161,-0.02626074,0.00217824,-0.01416952,-0.00405145,-0.03293613,-0.02366694,-0.01793017,-0.01798947,-0.00148655,-0.02510303,-0.02197374,-0.01728968,-0.0272465,-0.01885509,0.00091404,0.01317561,-0.01706149,-0.00388867,-0.02600512,-0.01477655,0.0066995,-0.01986219,-0.00114274,-0.00575225,-0.00697079,-0.0133526,0.00655953,-0.01416951,-0.00997229,0.00657017,-0.00786074,0.00581868,-0.01098699,-0.01098394,0.00470661,0.00745862,-0.00739523,-0.01327957,-0.01438096,-0.00226545,-0.00991144,-0.00325733,0.01391041,-0.00295307,-0.00743478,-0.02393317,-0.02164365,-0.03144072,1.01038545,-0.01505643,0.01862333,-0.02089816,-0.01655337,-0.0094794,-0.01658687,-0.01165179,-0.01854174,-0.0148602,-0.02444278,-0.01185716,-0.00100887,-0.01220252,-0.00254232,-0.0065144,-0.00668631,-0.00734808,0.00685011,-0.01496516,-0.01241548,-0.00271576,-0.0254362,-0.02923941,0.00644393,-0.00767514,-0.02183683,-0.01587793,-0.01031611,-0.00687191,-0.01325524,0.00824967,-0.00176342,-0.02292757,-0.01752245,-0.00385672,-0.00199618,-0.021493,-0.01465787,-0.01859495,-0.00628469,0.01703968,-0.02126024,-0.01821767,-0.0247303,0.01843014
"Np2_502268",0.0264199,-0.03014906,0.00205196,-0.00889979,-0.02761306,-0.01788906,-0.02954821,-0.02423284,0.00292822,-0.01540176,-0.02101072,-0.01508837,-0.01224206,-0.02142908,0.00085471,-0.01028719,-0.01080899,-0.01008029,0.00034811,-0.00190947,0.0043202,-0.02890467,-0.01958832,0.01290481,-0.00769035,-0.02171513,-0.01240939,-0.01371768,-0.00640793,-0.00751846,-0.02455836,-0.01070706,-0.02076427,-0.01882613,-0.01417254,-0.01649399,-0.00734502,0.00298755,-0.0122968,-0.02720234,-0.00953415,-0.02351629,0.00650781,-0.00226697,-0.01493013,0.00981205,-0.02734688,-0.01323846,-0.01037087,-0.02890769,-0.00859248,-0.01489822,-0.01276082,-0.01449507,-0.01505643,0.99102887,-0.02771653,0.01582414,-0.00934398,-0.01139772,-0.0058785,-0.00550731,-0.01041956,0.0072578,0.00102205,-0.01255845,-0.01038151,-0.01001337,-0.02591079,0.0040418,-0.0206228,-0.01337388,-0.01743114,-0.017492,-0.00064223,-0.00919796,-0.01001184,-0.00088412,-0.00673196,-0.00807219,0.00788761,0.00821772,0.07143629,-0.01563602,-0.00026496,-0.01922623,-0.01417863,-0.02621504,-0.00301088,-0.00790486,0.0128196,-0.01565275,-0.02555177,0.00671775,-0.01580945,-0.01226181,-0.01846257,-0.01648491,-0.01660813,-0.01741289
"Np2_504372",-0.00470711,-0.01168218,-0.01188451,-0.01583837,-0.0123409,0.00788001,-0.01579729,-0.024782,0.00496521,-0.02157969,-0.01334496,-0.00863964,-0.0094444,0.00175379,-0.01627647,-0.00642464,-0.01972524,-0.01473693,0.00847025,-0.0144768,-0.01341952,-0.00982927,-0.00233847,-0.00924662,-0.00124162,-0.01009399,-0.00094041,-0.0027051,-0.00178472,0.00258136,0.00364475,-0.01521158,-0.0033623,-0.03048066,-0.00665892,-0.02312828,-0.02036873,-0.01794685,0.00495304,0.00784652,-0.00597586,-0.00854836,-0.01184041,-0.00920555,-0.02597615,-0.03120335,0.00313815,-0.00800677,-0.01898285,0.05299666,0.00941802,-0.01118779,-0.01194083,-0.00637291,0.01862333,-0.02771653,0.97912766,-0.01484645,-0.01780383,-0.00084152,-0.01144792,-0.00453521,-0.01066448,-0.0013542,-0.01032826,-0.02816831,-0.00986579,-0.01132319,-0.00592262,-0.02358624,-0.0149347,-0.00966346,-0.02147927,-0.0171284,-0.02522769,-0.00396625,0.00647738,0.00191352,-0.02218976,-0.01835758,-0.02765113,-0.00876133,-0.02495388,-0.00401492,-0.01678762,-0.02768606,0.00930848,0.01415834,-0.0096452,-0.02168921,-0.0222627,0.00555243,-0.02305837,-0.0272997,-0.00753517,-0.00079284,-0.00258187,-0.0235756,-0.01654879,-0.01263756
"Np2_504932",-0.0188231,-0.01104172,0.00077408,0.00838203,-0.00120359,-0.00927858,-0.02154622,-0.02322877,-0.02329871,0.00948648,-0.02715669,0.04052983,-0.00393582,-0.01890373,0.00429281,-0.01780233,-0.02273586,-0.0303742,-0.01279578,-0.00744695,-0.0199291,-0.0096452,0.00149669,-0.0136264,-0.00166606,-0.01067056,-0.00151698,-0.00967106,-0.02441996,-0.010774,-0.02416281,-0.01441898,-0.01413146,-0.02132102,-0.00860463,-0.00331969,0.00141758,-0.01319893,-0.02026831,0.01107316,-0.00381411,-0.01429728,0.00614269,-0.01069489,-0.00510264,-0.01063405,-0.0166066,-0.00995248,-0.01529982,0.0034348,-0.00789268,-0.0072005,-0.02286215,-0.01881551,-0.02089816,0.01582414,-0.01484645,0.98010446,-0.01062186,-0.01343624,0.00166707,-0.00952349,-0.00530802,0.00065542,0.00735059,-0.02737573,-0.00785617,-0.02513495,0.00065085,-0.01488297,-0.02600813,-0.03503696,0.00289322,-0.02881035,-0.013634,-0.01519183,-0.02969726,-0.01783124,-0.00177255,-0.00387344,-0.02320746,0.01850159,-0.01153464,-0.01843516,-0.01538653,-0.00939873,0.01116598,4.234e-05,-0.00778771,-0.01100827,-0.0089956,-0.00491248,-0.00416249,-0.00764319,-0.02332457,0.00669339,-0.01091699,-0.01654575,-0.00145612,-0.0077375
"Np2_504698",-0.02482306,-0.00213309,0.01135612,-0.01191802,-0.00781204,-0.01041042,-0.01735356,0.00697788,-0.02184437,-0.0365233,-0.01824807,-0.02008428,-0.0094794,-0.00238867,0.01091953,-0.02456294,-0.03482097,-0.00944743,-0.02214255,-0.0236395,-0.01710561,-0.02735904,-0.03142999,0.0019759,-0.01725009,-0.01743117,0.00024163,-0.02495084,0.00137499,0.00589321,-0.01069032,-0.00840079,-0.00491856,-0.01210815,-0.02449293,-0.01205793,-0.00017064,-0.01965526,-0.00938201,-0.01303005,-0.01909389,-0.01816744,-0.01339669,-0.01365226,-0.00973343,-0.00720202,0.00127762,-0.0158003,0.00106312,-0.02933972,-0.008416,-0.01198342,-0.00467365,-0.0132537,-0.01655337,-0.00934398,-0.01780383,-0.01062186,0.98605659,-0.02141386,-0.01406911,-0.00563509,-0.00841754,0.01108536,-0.01979521,-0.00264577,-0.02085404,-0.00998903,0.01366697,-0.00916904,-0.01573034,-0.00330905,-0.01816744,0.00885059,-0.0076158,0.00619138,0.00096577,0.00020511,0.00941805,0.00351391,-0.02023183,-0.01655486,0.00072083,-0.00815738,-0.00221829,-0.03122,-0.00167975,-0.0091523,5.604e-05,-0.00270815,-0.00328167,-0.01821459,0.01874198,-0.00208137,-0.00422334,-0.01238958,-0.0161563,-0.00550731,-0.00684756,-0.00171931
"Np2_501075",-0.01044692,0.01300368,0.01067156,-0.00073656,-0.00712747,-0.00151089,-0.00814979,-0.00146526,-0.01264061,-0.00921622,-0.01604221,-0.00646877,-0.01381506,-0.0161563,-0.02870996,-0.02083579,-0.01785864,-0.00252559,-0.00761429,0.01081761,-0.01596465,-0.02591383,-0.0242039,-0.01665985,0.00123351,-0.02009343,-0.00378978,-0.02061519,-0.01908635,-0.01365533,-0.01441748,-0.01760457,-0.00834146,0.00835311,-0.01741897,0.0046001,0.0040129,-0.01014724,0.00073453,-0.00823801,-0.0199306,-0.00683387,0.01223696,-0.01342408,-0.00311584,-0.03131443,-0.01659749,-0.00826996,-0.01057472,-0.00553164,-0.02811666,0.00376189,-0.00824868,-0.00192012,-0.0094794,-0.01139772,-0.00084152,-0.01343624,-0.02141386,0.99396841,-0.00699513,-0.00814522,-0.0095585,-0.02854415,-0.02428301,-0.01884744,-0.00632577,0.00149669,-0.00329536,-0.01046214,-0.0056138,0.00969794,-0.00014022,-0.02423739,-0.01575468,-0.01381355,-0.01812639,-0.02953602,-0.01393374,0.00708893,-0.0250239,-0.01936925,0.00642566,-0.01142814,-0.00062094,-0.0147141,0.00098249,-0.01409648,-0.00184557,-0.01754069,-0.00305347,-0.01220552,-0.00080654,-0.01082877,-0.02940061,-0.02570083,-0.01714514,0.00232731,-0.00494595,-0.00286027
"Np2_500573",0.00602556,-0.01753154,-0.00799765,-0.03431444,0.01086628,-0.00922687,-0.00901997,-0.00416098,-0.02613746,0.0089297,-0.01463047,-0.03228807,-0.01864061,-0.01565733,0.00160622,-0.02459643,0.01352247,-0.02043417,-0.01274407,-0.02184745,-0.00390388,-0.02511061,-0.0299422,-0.01068425,-0.01013353,-0.02613601,0.00948802,-0.0024693,0.01351185,-0.02563091,-0.00418227,-0.00813001,-0.01955638,0.01159041,-0.00429333,-0.01133077,-0.01617761,0.00145714,-0.0104804,-0.00849968,0.01099408,0.00142367,-0.01297378,-0.01916238,-0.01128819,-0.01103873,-0.01138252,-0.030286,-0.0024693,-0.01187845,-0.01666442,-0.00912646,-0.0156604,-0.00887545,-0.01658687,-0.0058785,-0.01144792,0.00166707,-0.01406911,-0.00699513,1.00135684,-0.03624641,-0.01773088,-0.00765994,-0.01435207,-0.01819634,0.00071475,-0.00195968,-0.00629534,-0.02821859,-0.01226487,-0.0238799,-0.01439771,-0.02662887,-0.00430246,0.00433238,-0.02325618,-0.00287092,-0.00765387,-0.02892294,-0.01387591,-0.02312988,7.885e-05,-0.02522925,-0.00438156,0.00799561,-0.02179421,-0.01040281,-0.00514981,-0.00258949,-0.01472477,-0.01155442,-0.01780236,0.05615044,-0.00608236,-0.0221593,-0.00325885,0.01073698,0.00681055,-0.00631664
"Np2_502335",-0.00333947,-0.00118685,-0.0255776,-0.0004749,-0.02572971,-0.02437278,-0.01351688,-0.00226849,-0.02013749,-0.0214291,-0.00467516,-0.0232455,-0.00138311,-0.01254781,-0.02281953,-0.00673043,-0.03098429,0.01629574,-0.01815375,0.00134304,0.0022482,0.02044277,0.0072441,-0.01898437,-0.0208677,-0.01937537,-0.0182846,-0.02096203,-0.00437243,-0.00867767,-0.01065685,-0.01673438,-0.0108181,-0.01572575,-0.01563602,-0.00304891,-0.00713508,-0.00486532,-0.01908477,-0.00371675,-0.02316789,0.00209912,-0.020209,-0.00799004,-0.01791488,-0.00747281,0.0029845,-0.01272427,-0.01624607,-0.00785616,-0.02116133,-0.01499253,0.00083645,-0.00181058,-0.01165179,-0.00550731,-0.00453521,-0.00952349,-0.00563509,-0.00814522,-0.03624641,0.98642784,-0.01081813,0.00183898,-0.01032978,-0.02208472,-0.02477592,-0.02106096,-0.01581249,-0.00974409,-0.00094041,-0.00981711,-0.01067967,-0.01165331,-0.02005687,-0.01842,0.00297691,-0.0055423,-0.03268818,0.20907284,-0.0192856,-0.02808315,-0.00548296,-0.01436117,-0.0228743,-0.03012164,-0.00514524,-0.03224235,-0.0244032,0.00554027,-0.0183089,-0.00707575,-0.00526086,0.00251595,-0.02594423,-0.01372528,0.00350174,-0.02616331,-0.01426838,-0.02359235
"Np2_504812",0.00057175,-0.00609909,-0.01071316,-0.03124908,-0.01831958,-0.01270301,-0.01949405,0.05519213,-0.00314324,0.01488556,-0.02464816,-0.03835043,-0.01055496,-0.00696319,-0.01769131,-0.0207704,-0.01338152,-0.02862633,-0.01226487,-0.005699,-0.00661939,-0.01519944,-0.00299263,-0.0141604,0.01164367,-0.0239834,-0.01772023,-0.0073146,-0.02008587,0.00770812,-0.01845956,-0.01069339,0.00024315,-0.03904557,-0.01841848,0.00801235,-0.00915689,-0.02985858,-0.02049808,-0.00649919,6.364e-05,0.00327204,-0.00732221,-0.00073199,-0.01917607,-0.00158392,-0.02931091,-0.02159187,-0.01294338,-0.00485772,-0.01207776,-0.00012805,-0.00559709,-0.02071868,-0.01854174,-0.01041956,-0.01066448,-0.00530802,-0.00841754,-0.0095585,-0.01773088,-0.01081813,1.01448743,-0.00870203,-0.01889313,-0.00326494,-0.01188913,0.00171424,0.00452862,-0.00796268,-0.01832721,-0.02340072,-0.00889827,-0.0051559,-0.00427963,-0.00188209,-0.00300024,-0.02566744,-0.02101842,-0.03863638,-0.01202757,-0.0036346,-0.00704838,0.03336309,-0.00192468,-0.00597738,0.00393836,-0.02757055,-0.00086739,-0.02675516,-0.01941795,-0.00392517,-0.0116944,-0.01137189,-0.00773296,-0.0152907,-0.00688712,-0.0109946,-0.00214223,-0.00020868
"Np2_503752",-0.0088298,-0.01245805,-0.00642312,-0.02102599,-0.01174761,-0.0186056,-0.01140079,-0.01308333,-0.00782879,-0.00394799,-0.01031762,-0.01884749,-0.01067666,-0.02488392,-0.00533845,-0.01374204,-0.0113734,0.00578519,-0.01725468,-0.0068856,-0.00445915,-0.03296805,-0.0029622,0.00868934,-0.01342712,0.00251748,-0.0240792,-0.01230442,-0.01016704,-0.0231436,-0.00884501,0.01945852,-0.01554779,-0.00706814,-0.01367205,-0.0079307,0.00623854,0.00059761,-0.01651229,-0.022138,-0.00903365,0.00649716,-0.03284939,0.00036333,-0.0094094,-0.00337903,-0.02486873,-0.00847838,0.01842558,-0.00999966,0.00742515,-0.00831257,-0.01819335,-0.03346705,-0.0148602,0.0072578,-0.0013542,0.00065542,0.01108536,-0.02854415,-0.00765994,0.00183898,-0.00870203,1.00070259,-0.03179362,-0.02316333,-0.01064166,-0.00860011,-0.00532932,-0.00154284,-0.01738399,-0.02047982,-0.03092648,-0.01060211,-0.01033435,0.00803671,-0.02624551,0.00722282,-0.0132294,-0.00133442,-0.01960356,-0.02779262,-0.01705844,-0.01483127,0.00921113,-0.01187996,-0.01885052,-0.01658684,-0.01285514,-0.00770861,-0.02410349,-0.01226182,-0.01592357,-0.01605743,0.00598904,0.02170696,-0.00061942,-0.00913862,-0.01047887,-0.01904219
"Np2_502974",-0.01324,-0.02280125,-0.00383541,-0.01813401,-0.01357162,-0.00734655,-0.01094286,-0.01521161,0.00190896,0.01796006,-0.0226385,-0.00910972,-0.02010711,-0.00617058,-0.01750721,0.01698947,0.00931763,-0.00790485,-0.00721266,-0.02027138,-0.00628317,-0.0078653,-0.00159152,-0.00804329,-0.01038302,-0.00128422,-0.00977756,0.01355896,0.01539215,0.00621876,-0.01568927,0.00500781,-0.02360906,-0.02653904,-0.01108433,-0.03135691,-0.00593023,-0.01841694,-0.01635863,-0.0277652,0.00450731,-0.02225362,-0.00850728,-0.03705877,-0.00408338,-0.01767762,0.00692767,-0.02566735,-0.0293413,-0.00695556,-0.00489575,0.01329123,0.00325834,-0.00897279,-0.02444278,0.00102205,-0.01032826,0.00735059,-0.01979521,-0.02428301,-0.01435207,-0.01032978,-0.01889313,-0.03179362,0.9897508,0.00209151,-0.02494022,-0.00175278,-0.0133906,-0.01386372,-0.00992816,-0.01986976,0.00026141,-0.00375479,-0.00181362,-0.02162688,-0.01407367,-0.00555447,-0.04015468,-0.00057226,-0.01397327,-0.00268989,-0.00321321,-0.00113818,-0.00767362,-0.03302426,0.00518733,-0.0070012,-0.02122067,0.00096424,-0.00402101,-0.01317306,5.147e-05,-0.00069092,-0.02306597,-0.01525873,-0.01750416,-0.00411685,-0.00195815,-0.00808741
"Np2_504213",-0.00095867,-0.0228423,-0.00889672,-0.00235369,0.00905441,0.08936609,-0.02589252,-0.00931965,-0.00589067,-0.01950465,-0.0170508,0.00514929,-0.00417466,-0.01914255,-0.01420144,0.00188766,-0.00289374,-0.01981193,-0.01379525,0.00052915,6.517e-05,-0.01551278,-0.00269749,-0.02801317,0.00341958,-0.01942861,-0.00692818,-0.01127905,-0.02298539,-0.00401493,-0.0085803,-0.03397812,-0.00843729,-0.00634704,-0.01097326,-0.01512026,0.00772026,-0.0099388,-0.00012196,-0.01441896,-0.01333278,-0.01666591,-0.01296007,-0.0269072,-0.00275529,-0.01406758,-0.00102408,-0.01992753,-0.01797272,-0.0197754,-0.02806033,-0.01276383,0.00276088,0.00224364,-0.01185716,-0.01255845,-0.02816831,-0.02737573,-0.00264577,-0.01884744,-0.01819634,-0.02208472,-0.00326494,-0.02316333,0.00209151,0.97521434,-0.01615782,-0.00742261,0.00619289,-0.01192712,-0.00829582,-0.01032673,0.00691398,0.01537233,-0.00626642,-0.00326037,-0.02598076,0.00094599,-0.00474972,-0.02784429,-0.02116436,-0.0153576,-0.00507982,0.00840483,-0.0125828,-0.02180781,-0.00641551,-0.01936466,-0.02415216,-0.01565884,-0.00603974,-0.01123645,-0.00075025,-0.01183737,-0.02949641,-0.00647636,-0.02773782,0.00877299,-0.00488966,-0.00964975
"Np2_503223",-0.0083658,-0.01655792,-0.00489423,-0.02147476,-0.00093889,-0.00445002,0.0070144,0.00259355,-0.02592448,-0.01915327,-0.004377,-0.02675058,0.0091077,-0.0146837,0.01414162,-0.01601636,-0.00604129,-0.01489668,-0.0173992,-0.01615784,-0.01920804,-0.00801134,-0.00523652,0.00124264,-0.01448441,0.00480702,0.02369684,-0.01092765,-0.01913504,-0.0194849,-0.00488206,-0.00974258,-0.02329874,-0.0090382,-0.01457721,-0.01781143,-0.0126178,-0.00608844,0.01437741,-0.01224204,-0.00552709,-0.02909334,-0.02630025,-0.00023757,-0.02370186,-0.01143426,-0.01405999,-0.00558033,-0.00332122,-0.01060056,-0.00641095,-0.01393373,-0.01468678,-0.00136028,-0.00100887,-0.01038151,-0.00986579,-0.00785617,-0.02085404,-0.00632577,0.00071475,-0.02477592,-0.01188913,-0.01064166,-0.02494022,-0.01615782,0.99965275,-0.02623944,-0.00958132,-0.02207259,-0.01509446,-0.02001583,0.00391858,-0.01013811,-0.01215228,0.00013362,-0.02000062,-0.0018973,-0.01002708,-0.00300023,-0.00772992,0.01724503,-0.01324762,-0.02547267,-0.04204862,-0.01552343,-0.02371102,-0.01764413,-0.00828366,-0.00937442,-0.00660111,-0.00434353,0.00066607,0.0154408,-0.00039275,-0.0128186,0.01414466,-0.01262997,-0.01092766,-0.01781756
"Np2_502932",-0.02777441,-0.01238657,-0.02399856,0.01555646,-0.00680801,0.0231492,-0.01026439,-0.00875224,-0.01445096,-0.00615844,-0.00553014,-0.01831962,-0.01699459,0.00530904,-0.01287339,-0.0065205,-0.0186041,0.00555244,-0.00257884,0.00368278,-0.00666959,-0.00886023,-0.0129312,0.00480549,-0.01213861,-0.00897283,-0.01518424,0.00571827,0.00116201,-0.00709859,-0.00573095,-0.01135211,-0.01258587,-0.0258606,-0.01360056,-0.00816346,-0.01696566,-0.018347,-0.01431101,-0.01704627,-0.00257275,-0.02324859,0.00099466,0.0013476,-0.00796875,-0.00847993,-0.01703868,-0.00506005,-0.01208081,-0.01190585,-0.0355558,-0.02740933,-0.00199618,7.276e-05,-0.01220252,-0.01001337,-0.01132319,-0.02513495,-0.00998903,0.00149669,-0.00195968,-0.02106096,0.00171424,-0.00860011,-0.00175278,-0.00742261,-0.02623944,1.01666926,0.00721674,-0.01409803,-0.01852955,-0.0260371,0.01660917,0.00665995,-0.01847782,-0.04391991,-0.00046425,-0.01704629,-0.01589623,-0.00704382,0.00754686,0.00087905,-0.0203338,-0.01688959,0.008522,-0.01789361,-0.02608122,0.00432629,-0.01324004,0.00970557,-0.01475217,-0.03561816,-0.01448293,-0.02100621,-0.01417257,-0.02614205,-0.02549704,-0.02443215,-0.0031052,-0.00238868
"Np2_502550",-0.01142055,-0.02372011,-0.0119043,-0.00475276,0.00057022,-0.01541546,-0.02190222,-0.0115666,-0.00844186,-0.00273553,-0.00986579,0.00062043,0.00118483,-0.0116533,0.03208061,-0.01724556,-0.00848751,-0.02981744,-0.01254325,-0.0193647,-0.00826694,-0.00574159,-0.02046154,-0.00348552,0.01410357,-0.02167558,-0.02377949,-0.01200471,-0.0191472,0.00240946,-0.00215591,-0.00549513,-0.02954817,0.00296777,-0.02828094,-0.00945654,-0.00152459,0.00713458,-0.02229773,-0.01818721,-0.0260766,-0.01008942,-0.00577505,-0.01165939,-0.01047885,-0.00094954,-0.02243922,-0.01730638,-0.02052393,-0.02445642,-0.01402955,-0.01607569,-0.0102872,0.00729888,-0.00254232,-0.02591079,-0.00592262,0.00065085,0.01366697,-0.00329536,-0.00629534,-0.01581249,0.00452862,-0.00532932,-0.0133906,0.00619289,-0.00958132,0.00721674,0.99369454,-0.00139527,0.00254029,-0.01029176,0.00208086,-0.00436939,-0.01992301,-0.00763712,-0.02396813,-0.01620956,-0.01064776,-0.00377304,-0.00591654,-0.02703652,-0.00595761,-0.00205703,-0.01787233,-0.01325367,-0.00485925,-0.02526272,-0.0060139,-0.00771318,-0.03430064,-0.00420357,-0.03038034,-0.01758328,-0.01272733,-0.01480844,-0.00838254,-0.01309853,-0.02463139,0.02020242
"Np2_502697",-0.00656917,0.01444737,-0.00537952,-0.00735568,-0.01633274,-0.01877901,0.00059609,-0.00960566,-0.00070004,-0.01705236,-0.00455803,-0.0136964,-0.02697572,-0.01486472,-0.00718529,-0.01726228,-0.02234795,-0.01066598,-0.00115035,9.102e-05,-0.00554534,-0.02583928,-0.00283137,-0.01841085,-0.01725161,0.01907822,-0.0035631,-0.01643317,-0.02555335,-0.0062786,-0.01358228,-0.00307781,-0.00537648,0.00721062,-0.00882523,-0.01251584,-0.02527337,0.00057631,-0.0156208,0.00218127,-0.02092096,-0.00706359,-0.02343869,0.00810059,0.01901731,-0.01404935,-0.02184743,-0.01367203,-0.00776186,0.00732168,-0.03078042,-0.01746158,-0.02186573,-0.01219032,-0.0065144,0.0040418,-0.02358624,-0.01488297,-0.00916904,-0.01046214,-0.02821859,-0.00974409,-0.00796268,-0.00154284,-0.01386372,-0.01192712,-0.02207259,-0.01409803,-0.00139527,0.98985731,-0.0020403,-0.01608937,-0.02684029,-0.01731705,-0.01552801,0.00299516,-0.01759545,0.00644087,0.01458891,-0.01322174,-0.0007609,-0.01320957,-0.02727235,0.00264221,-0.01058688,-0.01752999,-0.00883131,0.0267485,-0.01804879,-0.03039708,-0.00678214,-0.01319588,-0.00894694,-0.01121061,-0.00376848,-0.00250277,-0.00748649,-0.01250674,-0.01308635,-0.02393159
"Np2_503095",-0.01997625,0.02157763,-0.01543977,-0.02623942,-0.00205247,-0.02381904,-0.01402804,-0.00384455,-0.00315388,-0.021636,0.00424565,-0.00078524,0.00616856,-0.01929624,-0.01420298,-0.00876287,0.00592819,-0.01692303,-0.01288401,-0.01377245,-0.01575776,-0.02038243,-0.00863203,-0.01219336,-0.02153099,-0.00619494,-0.008451,-0.02177745,0.00759098,-0.02622724,-0.00173604,-0.00522739,-0.01132926,-0.00284962,-0.00549818,0.00206869,-0.002626,-0.01709038,-0.01472781,-0.01822372,0.02028608,-0.01910151,-0.0044424,-0.02477896,-0.00899409,0.00707677,0.00627657,-0.00091302,-0.00549971,-0.0098886,-0.01573948,-0.01565582,-0.01580035,-0.00886327,-0.00668631,-0.0206228,-0.0149347,-0.02600813,-0.01573034,-0.0056138,-0.01226487,-0.00094041,-0.01832721,-0.01738399,-0.00992816,-0.00829582,-0.01509446,-0.01852955,0.00254029,-0.0020403,0.99164355,0.01735914,-0.01727597,-0.01870599,0.0025555,-0.00523957,-0.02004929,-0.02430888,-0.02787484,-0.02297774,-0.00595305,-0.01064316,-0.00508135,-0.00969996,-0.01760457,-0.01952743,0.0028628,-0.0081087,0.02133274,-0.0126178,-0.00391148,-0.01793164,-0.01216142,-0.01533786,-0.0066787,-0.00571724,-0.01054884,-0.02454468,-0.01538806,-0.00797788
"Np2_502161",-0.0178997,-0.00494595,-0.01503663,-0.00621167,-0.01899196,-0.02797977,-0.02123134,-0.01561171,-0.02283169,-0.02625312,0.01514566,-0.02441843,0.00413764,-0.00337599,0.00080451,-0.01520551,-0.00416554,-0.01134752,-0.02328201,-0.01732466,-0.02174403,0.01059854,-0.01826937,-0.02548178,-0.01184802,0.01139877,-0.00074569,-0.03324035,-0.02851683,-0.0141102,-0.02719476,-0.03068611,0.00550375,0.01428764,-0.01178869,-0.01030694,-0.0423848,0.03442797,-0.01219487,0.00712848,-0.02814403,-0.02584843,0.08449956,-0.01053212,0.00753466,-0.01184044,-0.00944592,0.02154874,-0.0238084,-0.01998232,-0.00347031,-0.00140896,-0.01996107,0.04356788,-0.00734808,-0.01337388,-0.00966346,-0.03503696,-0.00330905,0.00969794,-0.0238799,-0.00981711,-0.02340072,-0.02047982,-0.01986976,-0.01032673,-0.02001583,-0.0260371,-0.01029176,-0.01608937,0.01735914,0.99534081,-0.02128456,-0.02149755,-0.01210208,-0.00666198,0.10981536,-0.02208021,-0.01545352,-0.00401493,-0.02319683,-0.02104114,-0.00604737,-0.00868831,0.00896469,-0.01821153,-0.01833632,-0.0180503,0.0191497,0.00847483,-0.02754463,-0.01737638,-0.0166264,-0.01752091,-0.01449049,-0.04714943,-0.01775214,-0.02931392,-0.00646572,-0.03617491
"Np2_502402",-0.0237825,-0.01371919,-0.01939815,-0.01513706,-0.01376939,-0.00100278,-0.01661727,-0.0065859,-0.01289314,0.0002675,-0.00731916,-0.0141756,-0.01711017,-0.03055678,0.01591543,-0.0226096,-0.01582924,-0.01205796,-0.00817107,-0.0073861,-0.00206921,-0.00091302,-0.0013329,-0.01615174,-0.02427234,-0.0115225,-0.02716587,-0.01508684,-0.00640793,0.0081508,-0.01223595,-0.02394224,0.00357629,0.00399311,-0.02695133,-0.02227486,-0.01616847,-0.00979125,-0.02035961,-0.00331817,-0.01181607,0.02775103,-0.01904979,-0.0183926,-0.01021415,-0.01011682,-0.00285418,-0.0112608,-0.00626339,-0.01658529,-0.00402861,-0.00911733,-0.00332883,0.00512952,0.00685011,-0.01743114,-0.02147927,0.00289322,-0.01816744,-0.00014022,-0.01439771,-0.01067967,-0.00889827,-0.03092648,0.00026141,0.00691398,0.00391858,0.01660917,0.00208086,-0.02684029,-0.01727597,-0.02128456,0.99072456,-0.01505794,-0.00125075,-0.01604376,-0.01685763,-0.03556944,-0.00049468,-0.00396472,-0.01949553,-0.02570692,-0.00919186,0.00976943,-0.00589372,-0.00340489,-0.0108318,0.0028415,-0.02446101,-0.00942614,-0.00589219,-0.01458785,-0.00288461,-0.02142604,-0.02052542,-0.01195755,0.00511735,-0.0186147,-0.005807,0.00951386
"Np2_504776",-0.018671,-0.0081513,-0.00135572,-0.00059356,-0.01550365,-0.00517111,-0.00678976,-0.01242765,-0.01386677,0.00324921,0.00068281,-0.0372079,0.01857924,0.00269851,-0.03875958,-0.00487142,-0.01604223,-0.01729119,-0.00868831,-0.0066863,0.00410722,-0.01618674,-0.01082572,0.00067368,-0.01961722,-0.02040682,-0.01566495,-0.0087583,-0.01635716,-0.01062189,-0.00195206,0.0026194,0.02800812,-0.01067207,0.01101993,-0.0227921,0.00871976,-0.00209355,-0.01707364,-0.01463654,-0.01005139,-0.017492,-0.00785314,-0.00384911,-0.02700914,-0.00044143,-0.01523746,-0.01253868,-0.01164875,-0.00295459,-0.02036724,-0.00796115,-0.02058025,0.04264446,-0.01496516,-0.017492,-0.0171284,-0.02881035,0.00885059,-0.02423739,-0.02662887,-0.01165331,-0.0051559,-0.01060211,-0.00375479,0.01537233,-0.01013811,0.00665995,-0.00436939,-0.01731705,-0.01870599,-0.02149755,-0.01505794,0.99805822,0.01785659,-0.02660151,-0.01433231,-0.01174611,-0.01728972,-0.02973529,0.00813102,0.02047929,-0.0054495,-0.00824258,-0.01690783,-0.02172113,-0.01043628,-0.00543428,-0.02558678,-0.024852,-0.01401584,-0.02134237,-0.00188057,-0.02741992,-0.02682356,-0.01308331,-0.00528824,-0.03023734,-0.01879879,-0.00165237
"Np2_500090",-0.00182123,-0.01503357,-0.03029662,-0.01112695,-0.00702097,0.02400107,-0.01245502,-0.01672376,0.0025266,-0.01975872,-0.01821764,-0.00910059,-0.00929684,0.00205348,-0.02023639,-0.02392399,0.0117608,-0.00363613,0.01348593,-0.00976538,0.0119814,-0.01089874,-0.01466544,-0.02461616,-0.0061143,-0.00888153,-0.02209085,-0.01913953,-0.02110965,-0.0059424,-0.01035564,-0.01962786,-0.00138918,-0.00431917,-0.00879328,0.02843857,-0.0139839,0.00182529,-0.01026436,-0.03201566,-0.00552403,-0.01920191,-0.00332578,-0.02837831,-0.0054434,-0.00808438,-0.01846865,-0.00968474,-0.01853104,-0.00633792,-0.01842606,-0.01666899,-0.01361882,0.02191843,-0.01241548,-0.00064223,-0.02522769,-0.013634,-0.0076158,-0.01575468,-0.00430246,-0.02005687,-0.00427963,-0.01033435,-0.00181362,-0.00626642,-0.01215228,-0.01847782,-0.01992301,-0.01552801,0.0025555,-0.01210208,-0.00125075,0.01785659,0.9853567,-0.01066448,0.0069292,-0.03749233,0.0096006,-0.02338239,-0.02415675,0.00583844,-0.0235893,-0.01436422,-0.01511878,-0.01445548,-0.00088869,-0.01475063,-0.01071467,-0.00845861,-0.02028961,-0.00707879,-0.00648093,-0.00889673,0.00143584,-0.00855595,-0.02251526,-0.01901632,-0.01396718,-0.01233787
"Np2_500596",-0.02133024,0.00622789,-0.01557671,-0.00659961,0.00207022,-0.01224207,-0.02040226,0.01883787,-0.00998447,-0.01462289,0.00197894,-0.00731157,-0.02119943,-0.01715124,-0.01084095,-0.01604986,0.03226172,-0.00960566,-0.01621566,-0.00462954,-0.00813612,-0.00485012,-0.01089876,-0.02161015,0.00282477,-0.02108839,-0.01634651,0.00303471,-0.01490892,-0.01921414,-0.02286673,0.01015282,0.00344242,-0.02945692,-0.00593936,-0.00826083,-0.00702252,-0.00718682,0.00171728,0.00567566,-0.00982016,0.01088305,-0.01827092,-0.01289774,-0.00867463,-0.02424657,-0.01896159,-0.00333188,-0.00213766,-0.02219582,-0.01724558,-0.01092464,-0.0358662,-0.01995348,-0.00271576,-0.00919796,-0.00396625,-0.01519183,0.00619138,-0.01381355,0.00433238,-0.01842,-0.00188209,0.00803671,-0.02162688,-0.00326037,0.00013362,-0.04391991,-0.00763712,0.00299516,-0.00523957,-0.00666198,-0.01604376,-0.02660151,-0.01066448,1.01540946,-0.01151489,0.01236935,-0.01523295,0.00457273,-0.02297628,-0.01990781,-0.01175981,-0.02459339,-0.02047984,-0.00673346,-0.0267871,-0.02315425,-0.00922991,-0.02507718,-0.02747621,-0.02050265,-0.02081757,0.00445408,-0.00392517,0.00129588,-0.02316034,-0.00323148,-0.01263456,-0.00248604
"Np2_502910",-0.03051118,-0.00919034,-0.01456505,-0.02095296,-0.03008214,-0.04180828,-0.02395445,-0.01863908,0.00441452,-0.01163355,0.0528888,-0.0321618,-0.01684092,-0.01111934,-0.02276022,-0.01747224,-0.01555998,-0.00494292,-0.01672527,0.01265989,-0.01777347,0.00285519,-0.02814253,-0.01299204,-0.0133541,-0.01064472,-0.00027409,-0.01405694,0.00603166,-0.01820246,-0.01820397,-0.02671557,-0.0156269,0.00715283,-0.02029268,-0.02504818,-0.01376942,-0.02427847,0.00592363,0.03102787,-0.01291598,-0.01290229,-0.02912529,0.02325565,-0.01055341,0.00749513,-0.01794991,-0.00399363,-0.01968572,-0.01160005,-0.0215584,-0.0143247,0.00652455,0.01057117,-0.0254362,-0.01001184,0.00647738,-0.02969726,0.00096577,-0.01812639,-0.02325618,0.00297691,-0.00300024,-0.02624551,-0.01407367,-0.02598076,-0.02000062,-0.00046425,-0.02396813,-0.01759545,-0.02004929,0.10981536,-0.01685763,-0.01433231,0.0069292,-0.01151489,1.00237016,0.02585555,-0.0122436,-0.01023699,-0.01953055,-0.00261839,-0.02702592,-0.009738,-0.00410317,-0.02869319,-0.01269235,-0.01012441,0.00821165,-2.916e-05,-0.01383786,-0.010059,-0.01737183,0.00379231,0.00028118,-0.02933521,-0.00860922,-0.0286902,-0.01086224,-0.01486171
"Np2_503506",-0.00586633,-0.01101588,-0.01380439,0.00673449,-0.02506188,-0.01990174,-0.00463409,-0.00814218,-0.01231963,-0.02273894,-0.02500107,-0.01649253,0.00552202,-0.00396929,0.02166134,-0.00256363,-0.01388657,0.00357629,-0.02174551,-0.01000728,-0.02446713,-0.02437582,0.00639066,-0.01025372,-0.02263393,-0.02083735,-0.01426992,0.00313359,-0.01374511,-0.00527151,-0.01668267,-0.0019186,-0.00695557,0.02312631,-0.01435966,-0.01379068,0.01969888,-0.02047525,-0.00776793,-0.00259252,-0.01474151,-0.00194903,-0.03231998,-0.01964462,-0.03702375,0.00247488,-0.00790942,-0.00764471,-0.01420907,-0.00323299,-0.01516899,0.00910312,-0.01279582,-0.03172061,-0.02923941,-0.00088412,0.00191352,-0.01783124,0.00020511,-0.02953602,-0.00287092,-0.0055423,-0.02566744,0.00722282,-0.00555447,0.00094599,-0.0018973,-0.01704629,-0.01620956,0.00644087,-0.02430888,-0.02208021,-0.03556944,-0.01174611,-0.03749233,0.01236935,0.02585555,0.99689274,-0.02106708,0.00208542,-0.03124444,0.04362868,-0.01728968,-0.009738,0.00958841,-0.01621865,-0.02653605,-0.01027653,-0.01399914,0.00362193,-0.019923,-0.0085377,-0.01539416,-0.02572064,-0.00108798,-0.00849359,-0.00024214,-0.02123588,-0.01877293,-0.0127319
"Np2_503139",-0.01536528,-0.01412541,-0.01052453,-0.01356561,-0.0125022,-0.01221014,-0.01793627,-0.02722528,-0.00112905,0.00670711,0.00672688,-0.00986583,-0.01006207,-0.01285971,0.01429226,-0.01784347,-0.01212799,-0.01870146,-0.00766451,0.0048344,-0.00475734,-0.0112076,-0.01299662,-0.01625371,-0.02300517,-0.01557981,0.01167717,-0.00028018,-0.02826436,-0.01766092,-0.02846357,-0.00883133,-0.0079353,0.00176139,0.01067463,0.07939716,-0.01946515,-0.0251061,-0.00661786,-0.02030641,-0.02028511,-0.00673196,-0.01854325,-0.01317006,-0.01990021,-0.014022,-0.01162747,-0.01060211,0.01386783,-0.02627138,-0.00793378,0.01040537,-0.02701079,-0.00105756,0.00644393,-0.00673196,-0.02218976,-0.00177255,0.00941805,-0.01393374,-0.00765387,-0.03268818,-0.02101842,-0.0132294,-0.04015468,-0.00474972,-0.01002708,-0.01589623,-0.01064776,0.01458891,-0.02787484,-0.01545352,-0.00049468,-0.01728972,0.0096006,-0.01523295,-0.0122436,-0.02106708,1.0285583,-0.01289013,-0.02644333,-0.00694494,-0.01111937,-0.01589012,-0.02333836,-0.00837493,-0.01215079,-0.00593176,0.00418937,-0.00268229,-0.02926983,-0.01468982,-0.02139416,0.00022641,-0.00587091,-0.01875318,0.00455905,-0.01324004,-0.02096971,-0.02572982
"Np2_502010",-0.01457568,-0.00572941,-0.01095197,-0.01384092,-0.00319343,-0.01826633,-0.01440835,-0.01806857,0.00179029,-0.02262482,-0.01484647,-0.00983689,-0.0156619,-0.01070096,-0.00865028,0.00135369,-0.03446194,0.01312234,-0.01569839,-0.01582617,-0.01887638,-0.00600629,0.0030058,-0.01622475,-0.00380803,-0.02209239,-0.01263454,-0.00633641,-0.01849912,-0.02736819,-0.03284631,-0.02751421,-0.00547231,-0.01357466,-0.02169984,-0.02052233,-0.01213402,-0.0025621,-0.01815069,-0.01449656,-0.02345085,-0.00168279,-0.0212526,-0.02728906,-0.00115948,-0.01505794,-0.00840383,0.01057266,-0.01379071,-0.00114122,-0.01627191,-0.01725316,-0.00933487,-0.00042012,-0.00767514,-0.00807219,-0.01835758,-0.00387344,0.00351391,0.00708893,-0.02892294,0.20907284,-0.03863638,-0.00133442,-0.00057226,-0.02784429,-0.00300023,-0.00704382,-0.00377304,-0.01322174,-0.02297774,-0.00401493,-0.00396472,-0.02973529,-0.02338239,0.00457273,-0.01023699,0.00208542,-0.01289013,0.98373173,-0.00952806,-0.01041496,-0.02097878,0.00026445,-0.0132689,-0.00469493,-0.007558,-0.03435085,-0.02042655,-0.01725772,-0.01798334,-0.0084236,-0.00843426,-0.01800009,-0.00173452,-0.00807523,-0.00864723,-0.01899198,0.00309556,-0.02600509
"Np2_501231",1.496e-05,-0.00787291,-0.02115829,-0.00792161,-0.01978911,-0.02162688,0.0023121,-0.01245352,-0.01450114,-0.00955546,-0.01044844,-0.01654425,-0.01871818,0.00601947,-0.03543861,0.00362193,-0.02047983,-0.00286483,0.004521,0.00363257,0.00453775,-0.01393067,-0.01511119,-0.01973742,0.02706036,-0.00826238,-0.02755686,-0.03053856,-0.00253929,-0.010952,-0.00958436,-0.02555025,-0.02891381,-0.00172235,-0.00847838,-0.00760514,0.00473855,-0.0179408,0.02732204,-0.00264424,-0.0061219,0.06128477,-0.00650984,-0.01421972,-0.00817107,0.0074434,-0.02134847,-0.01743265,-0.012131,-0.01439008,-0.01476433,0.00250987,-0.01589012,-0.01625521,-0.02183683,0.00788761,-0.02765113,-0.02320746,-0.02023183,-0.0250239,-0.01387591,-0.0192856,-0.01202757,-0.01960356,-0.01397327,-0.02116436,-0.00772992,0.00754686,-0.00591654,-0.0007609,-0.00595305,-0.02319683,-0.01949553,0.00813102,-0.02415675,-0.02297628,-0.01953055,-0.03124444,-0.02644333,-0.00952806,0.99983229,-0.01788296,-0.01460308,-0.02165576,-0.01830285,-0.01885656,-0.01228768,-0.00606866,0.00709503,-0.01392459,-0.00658742,-0.01345755,0.00600426,-0.01497124,0.01239975,-0.02360604,0.00503064,0.00822534,-0.01821614,0.01003567
"Np2_501597",-0.01973587,-0.00024062,-0.02676115,0.00229689,-0.03315051,-0.01490733,-0.00405144,-0.02429367,-0.00960716,-0.01363706,-0.0105747,-0.01088962,0.01721005,-0.01160157,0.05525583,-0.00928313,-0.02425715,0.03062928,-0.00290743,-0.01490124,0.01353919,-0.01116648,-0.02816834,-0.01925515,-0.01672676,-0.00336838,-0.02311923,-0.0227541,-0.0155965,-0.0054495,-0.0150351,-0.026285,-0.01139315,-0.01554015,-0.01316849,-0.00271118,-0.02018466,-0.02369579,0.00817968,0.01700616,-0.02298228,0.00426239,-0.02732557,-0.00339272,-0.02077185,0.00260114,-0.00580547,0.00571673,-0.01393067,-0.03687919,-0.01123951,-0.01906653,0.00497739,-0.02155382,-0.01587793,0.00821772,-0.00876133,0.01850159,-0.01655486,-0.01936925,-0.02312988,-0.02808315,-0.0036346,-0.02779262,-0.00268989,-0.0153576,0.01724503,0.00087905,-0.02703652,-0.01320957,-0.01064316,-0.02104114,-0.02570692,0.02047929,0.00583844,-0.01990781,-0.00261839,0.04362868,-0.00694494,-0.01041496,-0.01788296,0.98147382,-0.01168677,-0.01478409,-0.00625882,3.321e-05,-0.00754582,-0.00954175,-0.00991751,-0.00051141,-0.0251212,-0.0082593,-0.01800618,-0.02894117,-0.01358836,-0.01886417,-0.00772229,-0.02141385,-0.0248839,-0.01260562
"Np2_501536",-0.00839319,-0.00715334,-0.00263968,-0.01009248,-0.0408239,-0.0251669,-0.01263759,-0.02299148,0.00356107,0.00622486,-0.01733531,0.01018933,-0.0263657,-0.01486321,-0.01965831,-0.01893419,-0.01382724,-0.00746977,-0.0041914,-0.00873092,0.01027757,0.00413156,-0.01986824,-0.02373384,-0.01070858,-0.00510874,-0.02927134,-0.00410924,-0.03209337,-0.01494843,-0.00779988,-0.0115955,-0.01206861,-0.01393369,0.00121677,-0.02148989,-0.00823345,-0.01220097,-0.01820548,-0.00496725,-7.784e-05,0.00160926,-0.00624666,-0.00711074,-0.01155897,0.00146931,-0.01667355,-0.02051629,-0.01262846,-0.01701734,-0.02469377,0.00049112,0.0341192,-0.02344633,-0.01031611,0.07143629,-0.02495388,-0.01153464,0.00072083,0.00642566,7.885e-05,-0.00548296,-0.00704838,-0.01705844,-0.00321321,-0.00507982,-0.01324762,-0.0203338,-0.00595761,-0.02727235,-0.00508135,-0.00604737,-0.00919186,-0.0054495,-0.0235893,-0.01175981,-0.02702592,-0.01728968,-0.01111937,-0.02097878,-0.01460308,-0.01168677,0.99685927,-0.00724462,-0.02610249,0.00589929,0.00440539,-0.02375665,0.0020337,-0.01244438,0.00736733,-0.03190617,-0.00970606,0.00993679,-0.03358415,-0.02045241,-0.00094345,-0.02574042,-0.0187136,0.01334143
"Np2_504167",-0.00327558,-0.01116343,-0.02399242,-0.01516748,-0.0099966,-0.00605345,-0.00828061,-0.00813762,-0.02691937,-0.01588857,-0.01617303,-0.02242097,-0.00268837,-0.0129403,-0.01088961,-0.00362395,-0.00688407,-0.00980645,0.00853263,0.01129528,-0.01457419,-0.01919887,-0.00212397,-0.01557364,-0.02110806,0.00107377,-0.02400158,-0.00264272,-0.01313202,-0.01439467,0.00279434,-0.01575772,0.00035116,-0.0174874,-0.00948698,-0.00800524,-0.02076275,-0.01362489,-0.0015261,-0.01171566,-0.00819542,-0.00970301,-0.02896856,-0.00823041,-0.01283075,0.00080603,0.00791651,-0.01433379,-0.01587792,0.00042266,-0.01972827,0.0033268,-0.00077306,-0.00265946,-0.00687191,-0.01563602,-0.00401492,-0.01843516,-0.00815738,-0.01142814,-0.02522925,-0.01436117,0.03336309,-0.01483127,-0.00113818,0.00840483,-0.02547267,-0.01688959,-0.00205703,0.00264221,-0.00969996,-0.00868831,0.00976943,-0.00824258,-0.01436422,-0.02459339,-0.009738,-0.009738,-0.01589012,0.00026445,-0.02165576,-0.01478409,-0.00724462,0.98518629,-0.00546776,-0.01378003,-0.01512183,-0.01346666,-0.01779777,-0.00671825,-0.00942156,-0.01720446,0.01016802,-0.02206497,-0.03546443,0.00139932,-0.00708336,-0.01119083,-0.01177043,-0.01698692
"Np2_500651",-0.03263032,-0.00476796,0.01937026,-0.01379225,-0.01561927,-0.0290188,-0.00310216,-0.0105656,-0.02128455,0.01712944,-0.0116031,0.00633743,-0.01606961,-0.00897888,-0.00890586,-0.01867862,-0.02543769,-0.00112905,-0.01245502,-0.0172988,-0.0081787,-0.00976082,0.01385561,-0.01526332,-0.01425621,-0.01671922,-0.00999967,-0.02545593,-0.020276,0.00188918,-0.00206768,-0.00829735,-0.0191152,0.00336026,-0.01069793,0.005236,-0.01223747,0.00904836,0.00137043,-0.01429576,-0.01914258,0.00034356,-0.00446979,-0.01157116,-0.01601937,-0.00375175,-0.01170198,-0.0105245,-0.02408679,-0.015849,-0.01789666,-0.00914167,0.00151495,-0.02151733,-0.01325524,-0.00026496,-0.01678762,-0.01538653,-0.00221829,-0.00062094,-0.00438156,-0.0228743,-0.00192468,0.00921113,-0.00767362,-0.0125828,-0.04204862,0.008522,-0.01787233,-0.01058688,-0.01760457,0.00896469,-0.00589372,-0.01690783,-0.01511878,-0.02047984,-0.00410317,0.00958841,-0.02333836,-0.0132689,-0.01830285,-0.00625882,-0.02610249,-0.00546776,0.99554469,0.00752401,-0.00340185,-0.00052966,-0.01657467,-0.01051539,-0.01093677,-0.02434842,-0.00929836,-0.0231238,-0.00305499,0.01175014,-0.01346668,-0.02441993,-0.00583135,-0.0258043
"Np2_502202",-0.01219029,-0.02890155,-0.00415488,-0.01388959,-0.02119321,-0.01177347,-0.02145492,-0.00488206,-0.01849143,-0.00457019,-0.0217409,0.35476619,-0.02194783,-0.01105389,-0.01067662,-0.0078227,0.00549919,-0.01583072,-0.02015877,-0.02971852,-0.01679524,-0.01898586,-0.02077488,-0.02433621,-0.01207162,-0.01042714,-0.00279485,-0.0156649,-0.00227001,-0.01859339,-0.01037997,-0.01873942,-0.00171778,-0.0026701,-0.0255517,-0.00961778,-0.02100613,0.01305844,-0.0255015,-0.02899739,-0.01498032,-0.00325276,-0.02373531,-0.02855473,-0.03011249,-0.01145553,-0.00206311,-0.0244655,0.00137346,-0.0223357,-0.00962693,-0.03129763,0.00658995,-0.00335925,0.00824967,-0.01922623,-0.02768606,-0.00939873,-0.03122,-0.0147141,0.00799561,-0.03012164,-0.00597738,-0.01187996,-0.03302426,-0.02180781,-0.01552343,-0.01789361,-0.01325367,-0.01752999,-0.01952743,-0.01821153,-0.00340489,-0.02172113,-0.01445548,-0.00673346,-0.02869319,-0.01621865,-0.00837493,-0.00469493,-0.01885656,3.321e-05,0.00589929,-0.01378003,0.00752401,0.96704995,-0.02099396,-0.01158025,-0.00693579,-0.01411168,-8.088e-05,-0.02977023,-0.00711378,0.00172792,-0.00802045,-0.00401644,-0.00519696,-0.01858424,-0.02570537,0.00315488
"Np2_502921",-0.01550976,-0.03130828,-0.01264669,-0.03090065,-0.01416796,0.00407527,-0.00286788,-0.00744087,-0.01618216,-0.02416742,-0.01015179,0.00702809,-0.00883741,-0.01711167,-0.0082152,-0.01570601,-0.0166842,0.01036274,-0.01678459,-0.00671978,0.01000678,0.02363747,0.00861326,-0.01153007,-0.00337295,-0.00659656,-0.01113455,-0.01107369,-0.00193838,-0.02282564,0.00288258,-0.00684604,-0.01659899,-0.02241941,-0.00331362,0.02555119,-0.01017766,-0.01977393,-0.01680284,-0.02851368,0.00817056,-0.00961478,-0.00423551,-0.01224965,0.01692251,0.01473798,-0.02029116,-0.01454981,0.00687748,-0.01667961,-0.01994431,-0.00982016,-0.01817964,-0.02645542,-0.00176342,-0.01417863,0.00930848,0.01116598,-0.00167975,0.00098249,-0.02179421,-0.00514524,0.00393836,-0.01885052,0.00518733,-0.00641551,-0.02371102,-0.02608122,-0.00485925,-0.00883131,0.0028628,-0.01833632,-0.0108318,-0.01043628,-0.00088869,-0.0267871,-0.01269235,-0.02653605,-0.01215079,-0.007558,-0.01228768,-0.00754582,0.00440539,-0.01512183,-0.00340185,-0.02099396,0.99190525,-0.02828703,-0.00706054,-0.01864819,-0.01496208,-0.00783639,-0.03036208,-0.0297353,-0.03126874,-0.02087532,-0.00273553,-0.00638662,-0.03267595,-0.00427203
"Np2_504745",-0.02267805,0.05432173,-0.03107247,-0.01601029,0.00391705,-0.02119634,-0.00547232,-0.00882828,-0.01954723,-0.00669088,-0.02066691,-0.00227001,-0.03699948,0.00264678,-0.00777706,-0.00979125,-0.00727048,0.00076038,0.01271007,-0.01586573,-0.00218178,0.01068829,7.581e-05,0.02176781,-0.02149447,-0.00615843,-0.01389112,-0.02934736,-0.02158126,-0.00443633,0.01914207,-0.00245257,0.00148604,0.01650719,0.00153624,-0.02482148,0.00760313,-0.03439652,-0.01073596,-0.01103717,-0.01177652,-0.0148054,-0.02296558,-0.01302855,-0.01002247,-0.04187216,-0.00859551,-0.00893931,-0.00804938,-0.00042012,-0.02315726,-0.00071069,0.00675122,-0.00973952,-0.02292757,-0.02621504,0.01415834,4.234e-05,-0.0091523,-0.01409648,-0.01040281,-0.03224235,-0.02757055,-0.01658684,-0.0070012,-0.01936466,-0.01764413,0.00432629,-0.02526272,0.0267485,-0.0081087,-0.0180503,0.0028415,-0.00543428,-0.01475063,-0.02315425,-0.01012441,-0.01027653,-0.00593176,-0.03435085,-0.00606866,-0.00954175,-0.02375665,-0.01346666,-0.00052966,-0.01158025,-0.02828703,0.98760852,-0.01772779,-0.02657712,0.00540487,-0.01363553,-0.00497486,-0.00039275,-0.00512089,-0.01115735,-0.02055281,-0.02192197,-0.0018121,-0.02224144
"Np2_504891",-0.01468675,-0.01953203,-0.00908537,-0.02581804,-0.00041405,-0.0030124,-0.01467155,-0.02228712,0.0051782,-0.00934857,-0.01161071,-0.01344691,-0.01470807,-0.00609605,-0.0218444,0.00200328,-0.01297075,-0.00996011,-0.02797974,-0.01882769,-0.01518423,-0.00657373,-0.00212549,-0.01648795,0.01753103,0.00304993,0.00307578,0.00070258,-0.01100374,-0.0143962,0.00842158,-0.02169227,0.00902096,-0.031789,-0.02211517,-0.00968017,-0.0288271,-0.01134449,0.00257984,-0.01141293,-0.00135116,-0.0068141,-0.00143483,-0.00625427,-0.02637171,-0.01638605,-0.01475216,0.00087753,-0.01451029,-0.02604921,-0.01623085,-0.0071716,-0.02283327,-0.03019628,-0.01752245,-0.00301088,-0.0096452,-0.00778771,5.604e-05,-0.00184557,-0.00514981,-0.0244032,-0.00086739,-0.01285514,-0.02122067,-0.02415216,-0.00828366,-0.01324004,-0.0060139,-0.01804879,0.02133274,0.0191497,-0.02446101,-0.02558678,-0.01071467,-0.00922991,0.00821165,-0.01399914,0.00418937,-0.02042655,0.00709503,-0.00991751,0.0020337,-0.01779777,-0.01657467,-0.00693579,-0.00706054,-0.01772779,0.99765958,-0.00124315,-0.0153561,-0.01051234,0.00423349,-0.02617399,0.00682575,-0.00134051,-0.01742963,-0.01393067,-0.01740073,-0.0017756
"Np2_500024",0.00415134,-0.02670793,-0.00728569,-0.01367359,-0.00424312,-0.00242975,-0.01819638,-0.04026419,-0.03242341,0.00918529,-0.01954726,-0.00236738,-0.01579884,0.00543986,-0.03419268,-0.01658228,-0.01467003,-0.0186573,-0.00412142,-0.00850881,0.00198046,0.00435367,-0.00336838,-0.01560104,-0.006379,-0.01294947,-0.00912037,-0.00647332,-0.01072535,0.00474617,-0.02142149,-0.00787443,-0.0016539,0.00317466,0.00296017,-0.0235497,-0.01896461,-0.00604585,-0.02026529,0.01396666,-0.0039632,-0.00455803,-0.01728206,0.00299972,-0.03354762,-0.02888647,-0.03075154,0.0037421,-0.02290323,-0.0032558,-0.01397479,0.00147387,-0.01205799,-0.0252019,-0.00385672,-0.00790486,-0.02168921,-0.01100827,-0.00270815,-0.01754069,-0.00258949,0.00554027,-0.02675516,-0.00770861,0.00096424,-0.01565884,-0.00937442,0.00970557,-0.00771318,-0.03039708,-0.0126178,0.00847483,-0.00942614,-0.024852,-0.00845861,-0.02507718,-2.916e-05,0.00362193,-0.00268229,-0.01725772,-0.01392459,-0.00051141,-0.01244438,-0.00671825,-0.01051539,-0.01411168,-0.01864819,-0.02657712,-0.00124315,0.99943366,0.01610862,0.01319385,-0.01602549,-0.00687951,0.00254029,-0.02996653,0.00566806,-0.01319589,-0.02929262,-0.00332275
"Np2_502090",-0.0195457,-0.01830585,-0.0008613,0.00842006,-0.01196666,-0.02065018,0.00313663,0.0063222,-0.01884894,-0.00979581,-0.03396444,-0.0061356,-0.02245747,-0.01354119,-0.00205856,-0.01107064,-0.00839775,-0.01968718,-0.01397476,-0.0207962,-0.01091548,-0.02010402,0.01264008,-0.02195542,-0.00467059,-0.02493262,-0.00482577,0.02246606,-0.00445306,-0.01773387,0.00767006,-0.02092246,-0.0037487,0.00868626,-0.01480386,-0.01195295,-0.00569442,-0.00616298,-0.01703558,0.01248035,-0.01472932,-0.01486777,-0.01633428,-0.02221861,-0.01145399,-0.01668115,-0.0285867,-0.00352507,-0.01450114,-0.01980279,-0.0028344,-0.00229435,0.00927502,-0.01482213,-0.00199618,0.0128196,-0.0222627,-0.0089956,-0.00328167,-0.00305347,-0.01472477,-0.0183089,-0.01941795,-0.02410349,-0.00402101,-0.00603974,-0.00660111,-0.01475217,-0.03430064,-0.00678214,-0.00391148,-0.02754463,-0.00589219,-0.01401584,-0.02028961,-0.02747621,-0.01383786,-0.019923,-0.02926983,-0.01798334,-0.00658742,-0.0251212,0.00736733,-0.00942156,-0.01093677,-8.088e-05,-0.01496208,0.00540487,-0.0153561,0.01610862,0.97592032,0.00486177,-0.00594999,-0.00593174,0.00729125,-0.01426228,0.00555091,0.01467861,-0.01358836,-0.01119843
"Np2_501856",-0.02306902,-0.02106851,0.00139628,-0.00331818,-0.02142296,-0.00104994,-0.00601542,-0.01682568,-0.01476584,-0.01134145,-0.00690993,-0.03110903,0.0015545,-0.02086771,-0.01288401,-0.00166302,-0.00203269,-0.00723701,-0.00076394,-0.02675357,-0.01230898,0.0101452,0.00090186,-0.00904886,0.00534554,-0.00457172,-0.02538747,0.00251291,0.00115136,-0.01136882,-0.013348,-0.01805638,-0.02613591,-0.01704775,0.01407618,-0.02871139,0.00325681,-0.01181608,-0.02770892,-0.01644837,-0.02220796,-0.0078942,-0.01209904,0.008487,-0.01634644,-0.01122888,-0.02952383,-0.0008111,-0.03034687,-0.01648032,-0.00924815,0.01015585,-0.01645906,0.01360155,-0.021493,-0.01565275,0.00555243,-0.00491248,-0.01821459,-0.01220552,-0.01155442,-0.00707575,-0.00392517,-0.01226182,-0.01317306,-0.01123645,-0.00434353,-0.03561816,-0.00420357,-0.01319588,-0.01793164,-0.01737638,-0.01458785,-0.02134237,-0.00707879,-0.02050265,-0.010059,-0.0085377,-0.01468982,-0.0084236,-0.01345755,-0.0082593,-0.03190617,-0.01720446,-0.02434842,-0.02977023,-0.00783639,-0.01363553,-0.01051234,0.01319385,0.00486177,0.98591357,-0.01784037,-0.0097593,0.00696266,0.08490106,0.00020208,-0.00344901,-0.0098095,-0.00878872
"Np2_502484",-0.00421574,-0.00175886,-0.00272183,-0.01702043,0.01096972,-0.01764262,-0.01743573,-0.0071001,-0.00032429,0.01146721,-0.0011397,-0.02214411,0.01021519,-0.00870809,-0.0013329,-0.00821521,-0.01603918,-0.01561473,-0.0152268,-0.02417806,-0.01931758,-0.00416554,-0.01584292,-0.02092554,-0.00059812,0.01123903,-0.02585453,-0.00875526,-0.01392006,0.0012472,-0.01092461,0.02848431,-0.02021357,-0.01568926,-0.014991,0.00200784,-0.02702742,-0.01486931,0.0212658,-0.01889309,-0.01582923,-0.01475065,-0.01865122,-0.00262904,-0.00981558,-0.01412998,-0.0114312,-0.01725162,-0.01012442,-0.00447283,-0.02142909,-0.0047634,-0.00232175,-0.02352848,-0.01465787,-0.02555177,-0.02305837,-0.00416249,0.01874198,-0.00080654,-0.01780236,-0.00526086,-0.0116944,-0.01592357,5.147e-05,-0.00075025,0.00066607,-0.01448293,-0.03038034,-0.00894694,-0.01216142,-0.0166264,-0.00288461,-0.00188057,-0.00648093,-0.02081757,-0.01737183,-0.01539416,-0.02139416,-0.00843426,0.00600426,-0.01800618,-0.00970606,0.01016802,-0.00929836,-0.00711378,-0.03036208,-0.00497486,0.00423349,-0.01602549,-0.00594999,-0.01784037,0.99776,-0.00870506,-0.01328108,-0.01794837,-0.01562995,-0.01243525,-0.02746708,-0.02462075
"Np2_504290",-0.01606351,-0.00721723,-0.01548236,-0.01654579,-0.00741956,-0.01625521,0.00129436,-0.01879576,-0.00517415,-0.01194236,-0.01177044,-0.01436729,-0.00102408,-0.0057994,-0.01287642,0.00579889,-0.01434751,-0.02274651,-0.00714573,-0.00529585,-0.00530347,-0.00019194,-0.00943526,8.646e-05,0.00444037,-0.01369185,-0.01533939,-0.00980189,0.00420155,-0.03250711,-0.01836065,-0.00192316,0.00095055,0.01171211,-0.00341097,-0.00588457,-0.01742507,-0.01287338,-0.00107885,-0.01065989,-0.01535459,-0.01260259,-0.01072228,-0.01143424,-0.02713995,-0.03023737,-0.03240668,-0.00582373,0.00525883,-0.02544829,-0.0191289,-0.014025,-0.00321626,-0.01377398,-0.01859495,0.00671775,-0.0272997,-0.00764319,-0.00208137,-0.01082877,0.05615044,0.00251595,-0.01137189,-0.01605743,-0.00069092,-0.01183737,0.0154408,-0.02100621,-0.01758328,-0.01121061,-0.01533786,-0.01752091,-0.02142604,-0.02741992,-0.00889673,0.00445408,0.00379231,-0.02572064,0.00022641,-0.01800009,-0.01497124,-0.02894117,0.00993679,-0.02206497,-0.0231238,0.00172792,-0.0297353,-0.00039275,-0.02617399,-0.00687951,-0.00593174,-0.0097593,-0.00870506,0.99368846,-0.02178202,-0.01595245,-0.01074358,0.00735972,-0.01527853,-0.00102256
"Np2_501284",0.00294039,-0.02426776,-0.01412537,-0.00560467,-0.00119446,-0.04121645,-0.00799765,0.00142519,-0.02222468,0.00554027,-0.01999754,-0.00023149,-0.02142149,-0.01630842,-0.02505886,-0.01779321,-0.02394377,-0.01712991,-0.00015999,-0.02660601,-0.03650201,-0.02469679,-0.01340277,-0.01300876,-0.01808679,-0.03089457,-0.0097228,-0.02274498,-0.01969485,-0.00376696,0.01129224,-0.02551524,0.01204374,0.01337334,-0.01331149,-0.00163715,-0.01622019,-0.02581647,-0.01995494,-0.01386675,-0.0178008,-0.02219885,-0.02366536,-0.01007725,-0.00646266,-0.02735907,-0.00305803,-0.01587636,-0.00601086,-0.01618062,0.26625192,-0.01129885,-0.0258956,-0.0055712,-0.00628469,-0.01580945,-0.00753517,-0.02332457,-0.00422334,-0.02940061,-0.00608236,-0.02594423,-0.00773296,0.00598904,-0.02306597,-0.02949641,-0.00039275,-0.01417257,-0.01272733,-0.00376848,-0.0066787,-0.01449049,-0.02052542,-0.02682356,0.00143584,-0.00392517,0.00028118,-0.00108798,-0.00587091,-0.00173452,0.01239975,-0.01358836,-0.03358415,-0.03546443,-0.00305499,-0.00802045,-0.03126874,-0.00512089,0.00682575,0.00254029,0.00729125,0.00696266,-0.01328108,-0.02178202,0.98438293,-0.01824653,0.01054225,-0.04042079,-0.02183221,-0.01487842
"Np2_500060",-0.02743662,-0.01661266,0.01072022,-0.01027198,-0.01940116,-0.00815587,-0.01007877,0.00208239,0.0417179,0.03114655,-0.00686581,-0.01630844,-0.0149834,-0.02051933,-0.01542608,-0.01759239,-0.00122793,-0.00704075,-0.01304222,0.00706307,-0.00678823,-0.03210239,-0.00377,-0.00276747,-0.02260196,-0.02689053,-0.00602303,-0.00535365,-0.01705997,0.00404028,-0.0058496,-0.01557821,0.00965837,-0.01958981,-0.00656916,-0.02410342,0.00406158,-0.01314112,0.00017469,0.00398094,-0.0037563,-0.01789056,-0.02026985,-0.02265523,-0.01462891,-0.0193997,-0.02826268,-0.02084791,-0.02558676,-0.00761275,-0.01970089,-0.00896823,-0.00896063,-0.01845344,0.01703968,-0.01226181,-0.00079284,0.00669339,-0.01238958,-0.02570083,-0.0221593,-0.01372528,-0.0152907,0.02170696,-0.01525873,-0.00647636,-0.0128186,-0.02614205,-0.01480844,-0.00250277,-0.00571724,-0.04714943,-0.01195755,-0.01308331,-0.00855595,0.00129588,-0.02933521,-0.00849359,-0.01875318,-0.00807523,-0.02360604,-0.01886417,-0.02045241,0.00139932,0.01175014,-0.00401644,-0.02087532,-0.01115735,-0.00134051,-0.02996653,-0.01426228,0.08490106,-0.01794837,-0.01595245,-0.01824653,0.9814373,-0.02881033,-0.00355702,0.00712087,-0.02304467
"Np2_500027",0.00226494,-0.03209325,-0.01312741,-0.00734503,-0.01449656,-0.01770346,-0.00821673,-0.00198858,0.01224152,-0.02510453,-0.02280279,0.00137499,0.00239577,0.01830992,-0.02056195,-0.00036536,-0.02705329,-0.01628409,0.00235925,-0.02971552,-0.03063594,-0.01670092,-0.01331758,-0.01429273,-0.01282924,-0.01042412,0.01318169,0.00396269,-0.00652659,-0.00200836,0.02172218,-0.02269174,-0.01662333,-0.02153098,-0.02083273,-0.00459452,-0.01537437,-0.01660356,-0.01667505,-0.00800068,-0.01589007,-0.01481149,-0.00334708,-0.00162499,0.00168533,-0.00491097,-0.01164417,-0.00483793,-0.03391733,-0.01929013,-0.00323451,0.00019599,-0.01607418,-0.03180426,-0.02126024,-0.01846257,-0.00258187,-0.01091699,-0.0161563,-0.01714514,-0.00325885,0.00350174,-0.00688712,-0.00061942,-0.01750416,-0.02773782,0.01414466,-0.02549704,-0.00838254,-0.00748649,-0.01054884,-0.01775214,0.00511735,-0.00528824,-0.02251526,-0.02316034,-0.00860922,-0.00024214,0.00455905,-0.00864723,0.00503064,-0.00772229,-0.00094345,-0.00708336,-0.01346668,-0.00519696,-0.00273553,-0.02055281,-0.01742963,0.00566806,0.00555091,0.00020208,-0.01562995,-0.01074358,0.01054225,-0.02881033,0.98927001,-0.00701946,-0.01672678,-0.026355
"Np2_500119",0.00272132,-0.01216444,-0.01845191,-0.00415032,-0.01099761,0.02534894,0.00030248,0.04060747,0.00372233,-0.01278211,-0.00561228,-0.0219007,-0.02164058,-0.02033071,0.00864673,0.04116575,0.0185853,-0.01278514,-0.01574403,-0.01906653,-0.01511881,-0.01076791,-0.00053879,-0.00683843,-0.00157174,-0.00266556,-0.02211216,0.00076799,-0.01519793,0.00316402,0.00011993,-0.02314814,-0.02422976,-0.0087522,-0.01200928,-0.00657219,-0.03530321,-0.00975778,-0.01439313,-0.01682413,-0.01193473,-0.00461888,-0.01932058,-0.01470805,0.01005238,-0.01677701,-0.00708032,-0.01624757,-0.01048953,-0.01822524,-0.03229106,0.0230153,0.01496009,-0.01522225,-0.01821767,-0.01648491,-0.0235756,-0.01654575,-0.00550731,0.00232731,0.01073698,-0.02616331,-0.0109946,-0.00913862,-0.00411685,0.00877299,-0.01262997,-0.02443215,-0.01309853,-0.01250674,-0.02454468,-0.02931392,-0.0186147,-0.03023734,-0.01901632,-0.00323148,-0.0286902,-0.02123588,-0.01324004,-0.01899198,0.00822534,-0.02141385,-0.02574042,-0.01119083,-0.02441993,-0.01858424,-0.00638662,-0.02192197,-0.01393067,-0.01319589,0.01467861,-0.00344901,-0.01243525,0.00735972,-0.04042079,-0.00355702,-0.00701946,0.99261732,-0.02661515,-0.00444849
"Np2_504542",0.00518429,-0.00103017,-0.01309852,0.0752898,0.01428459,0.00331919,-0.01625064,-0.02310556,0.01972472,0.00169902,-0.00178016,-0.01761219,-0.02009038,-0.01649859,-0.01018831,0.00711784,-0.01728816,-0.03009888,-0.02499497,-0.00747585,-0.01721971,-0.00252407,0.00131565,-0.0023978,-0.01386524,-0.02317404,-0.00763103,-0.0013329,0.00475986,-0.01932212,-0.00958739,-0.02418413,-0.00503267,-0.00704988,-0.01350165,-0.00958585,-0.01230289,-0.0220513,-0.00310672,0.00115592,-0.02042502,-0.0079368,-0.02872365,-0.0181781,-0.01897523,0.0039414,-0.0096376,-0.01180694,-0.00650527,0.00690485,-0.00989926,-0.02092099,0.01666241,0.00245358,-0.0247303,-0.01660813,-0.01654879,-0.00145612,-0.00684756,-0.00494595,0.00681055,-0.01426838,-0.00214223,-0.01047887,-0.00195815,-0.00488966,-0.01092766,-0.0031052,-0.02463139,-0.01308635,-0.01538806,-0.00646572,-0.005807,-0.01879879,-0.01396718,-0.01263456,-0.01086224,-0.01877293,-0.02096971,0.00309556,-0.01821614,-0.0248839,-0.0187136,-0.01177043,-0.00583135,-0.02570537,-0.03267595,-0.0018121,-0.01740073,-0.02929262,-0.01358836,-0.0098095,-0.02746708,-0.01527853,-0.02183221,0.00712087,-0.01672678,-0.02661515,0.99282728,-0.01506859
"Np2_501243",-0.00718224,-0.00792006,-0.01603307,-0.01146772,-0.01496817,0.00175379,-0.00975323,-0.01204428,-0.00831103,-0.00214831,-0.016885,-0.01065839,-0.00765994,-0.01106609,-0.00871114,-0.00600933,-0.00424921,-0.01493015,-0.00282833,-0.03916271,-0.01650318,-0.02599598,-0.02869778,-0.03012931,-0.02090726,-0.01332978,-0.0079794,-0.00746216,-0.02205895,-0.01951837,-0.00780597,0.00330702,0.00557221,-0.00313866,-0.00152762,-0.00354485,0.03283517,-0.00688256,-0.02125412,0.00263309,-0.01073292,-0.00509047,-0.01325066,0.00885667,-0.00867462,-0.03246149,-0.01926582,0.01051182,-7.86e-06,-0.01504575,-0.00401037,-0.00985971,-0.03069376,-0.01128212,0.01843014,-0.01741289,-0.01263756,-0.0077375,-0.00171931,-0.00286027,-0.00631664,-0.02359235,-0.00020868,-0.01904219,-0.00808741,-0.00964975,-0.01781756,-0.00238868,0.02020242,-0.02393159,-0.00797788,-0.03617491,0.00951386,-0.00165237,-0.01233787,-0.00248604,-0.01486171,-0.0127319,-0.02572982,-0.02600509,0.01003567,-0.01260562,0.01334143,-0.01698692,-0.0258043,0.00315488,-0.00427203,-0.02224144,-0.0017756,-0.00332275,-0.01119843,-0.00878872,-0.02462075,-0.00102256,-0.01487842,-0.02304467,-0.026355,-0.00444849,-0.01506859,0.99304334
