"","Np2_503845","Np2_502655","Np2_504258","Np2_503712","Np2_504687","Np2_502185","Np2_504977","Np2_500886","Np2_501650","Np2_503909","Np2_500343","Np2_503887","Np2_500606","Np2_501067","Np2_503865","Np2_503540","Np2_503033","Np2_501092","Np2_502105","Np2_500378","Np2_503405","Np2_503332","Np2_501181","Np2_503595","Np2_503562","Np2_503725","Np2_501085","Np2_502667","Np2_502446","Np2_502150","Np2_500023","Np2_502869","Np2_501817","Np2_500361","Np2_501265","Np2_500312","Np2_502799","Np2_501321","Np2_501764","Np2_501778","Np2_502277","Np2_501999","Np2_504233","Np2_500410","Np2_502978","Np2_504152","Np2_503618","Np2_504362","Np2_502435","Np2_503869","Np2_500942","Np2_504102","Np2_503592","Np2_503461","Np2_503927","Np2_502591","Np2_504045","Np2_500315","Np2_503623","Np2_502145","Np2_503254","Np2_502088","Np2_500794","Np2_504519","Np2_500104","Np2_503729","Np2_504770","Np2_500368","Np2_501280","Np2_504786","Np2_501981","Np2_503484","Np2_502989","Np2_504715","Np2_502405","Np2_500851","Np2_502845","Np2_500134","Np2_500489","Np2_502442","Np2_503882","Np2_500067","Np2_501087","Np2_500288","Np2_500283","Np2_500213","Np2_501801","Np2_501929","Np2_500269","Np2_502499","Np2_501005","Np2_502398","Np2_502336","Np2_501862","Np2_500299","Np2_501713","Np2_504799","Np2_502470","Np2_501195","Np2_502957"
"Np2_503845",0.994643,-0.00907394,-0.01062476,-0.00802638,0.00974425,0.00685851,-0.02490454,-0.00582634,0.00115085,0.01894127,-0.01115238,-0.0113044,0.00219082,-0.00127877,-0.01658481,-0.01465233,-0.0112679,-0.01238998,-0.02451378,-0.00784849,0.00420082,-0.01026899,-0.00957568,-0.01186087,0.01152771,-0.00551769,-0.01401073,-0.01463869,-0.00918342,0.00871493,-0.02110045,-0.01443341,-0.0025103,-0.01226531,-0.01942342,-0.00797165,-0.00801117,-0.01557221,-0.01612718,-0.01773576,-0.01127247,-0.02699506,0.00258613,-0.00227768,0.01486503,-0.01949792,-0.02833456,-0.02379007,-0.02165842,-0.01593865,0.00805353,0.01186675,-0.0028296,-0.02215408,-0.01476031,0.00267583,0.00094256,-0.01266365,-0.01839713,-0.00902379,-0.00877747,-0.00051856,-0.00847947,-0.00089867,0.02193191,-0.02434351,-0.01416432,-0.02170706,-0.00461609,-0.03289283,-0.01831198,-0.01200072,-0.03345993,-0.02094534,-0.02971514,-0.01492451,0.01387521,-0.00752008,-0.00078463,-0.00311393,-0.01322469,0.00799275,-0.01420232,-0.00837454,-0.01018994,-0.0241732,-0.02094539,-0.02032657,-0.01125728,-0.02194582,0.00689043,-0.00727833,-0.02005745,-0.02383112,-0.01751227,-0.01692081,-0.00730875,-0.01283698,-0.01734656,-0.00158134
"Np2_502655",-0.00907394,0.98990167,-0.00858588,-0.01161304,-0.00311696,0.01056984,-0.01298294,-0.00196296,-0.03025943,0.01793931,-0.0098737,0.02813672,-0.00185197,-0.00030418,-0.0133296,-0.01930328,0.0226997,-0.0158246,-0.02065039,-0.00930656,-0.03040234,-0.00701377,0.00918777,-0.02016081,-0.0162336,-0.00439106,-0.0217025,-0.00575792,-0.01854767,-0.01737389,-0.01115539,-0.01878027,-0.0164358,-0.0199571,0.00420537,-0.01961651,-0.00977333,-0.00958025,0.00400468,-0.00140497,-0.01166626,-0.01720207,-0.01696489,-0.00145514,-0.02110655,-0.0001263,-0.02827221,-0.02190322,-0.00852051,-0.01329159,0.00568321,-0.02258436,-0.00869688,-0.02193969,0.0176869,-0.01261804,0.0054141,-0.02263606,-0.00145818,-0.00424815,-0.01586108,-0.01155527,0.01058808,-0.00615778,-0.01434371,-0.02504137,-0.01957549,-0.01510694,-0.01245991,-0.01048034,0.01535152,-0.02318945,-0.02397099,-0.01556155,-0.01414454,0.02071556,-0.01905546,-0.01764452,-0.01516624,-0.00639652,-0.02593385,-0.02372166,-0.03071251,0.00582765,-0.01544906,-0.00312911,0.0820493,-0.00749272,-0.02168582,-0.02097123,-0.02451984,-0.00159045,-0.01938693,-0.02559328,-0.01836217,-0.00880027,-0.02169039,-0.00745318,-0.01895668,-0.02386914
"Np2_504258",-0.01062476,-0.00858588,0.98436658,-0.00449749,-0.01014127,0.00400163,0.00523165,-0.01628527,-0.02025507,-0.01219537,-0.00458264,-0.03225419,-0.00872425,-0.02162041,-0.00302117,-0.00017647,-0.01579721,-0.02452137,0.01124793,-0.00431959,-0.02541536,0.00192626,-0.00741517,-0.01091668,-0.02660283,0.00774185,-0.01656349,-0.01354245,-0.01629744,-0.0020481,0.00249794,0.00065064,-0.00551921,-0.01770688,-0.01969556,-0.01508566,0.00479225,-0.01341169,-0.01563912,-0.02044057,0.00563608,-0.00035587,-0.00832893,-0.02049072,-0.03101966,-0.01292819,-0.00610456,-0.02512649,0.0010277,-0.00374336,-0.00727072,0.00399251,-0.01693752,-0.01406394,-0.01107936,-0.00580657,-0.02259195,-0.00746231,-0.01623662,-0.02510828,-0.00281591,-0.02907045,-0.03611911,-0.01835153,-0.01589452,-0.01564518,-0.00561804,-0.01255263,-0.01522706,-0.01005462,-0.0251219,-0.0031504,0.00230181,0.0058459,0.00543843,0.00061567,0.01618775,-0.01387388,-0.01352418,-0.01783012,0.0030757,0.00331137,-0.01143363,-0.02643553,-0.01517539,-0.01395446,0.02682768,-0.02029463,-0.00605592,-0.00442908,0.0140683,-0.01758521,-0.00740605,-0.02744818,-0.00927007,0.00819798,0.00762327,-0.01660608,-0.01625032,-0.02694037
"Np2_503712",-0.00802638,-0.01161304,-0.00449749,0.99762343,-0.02441952,-0.01514195,0.00524534,0.00699078,-0.00762195,-0.02100012,-0.001072,-0.01734046,-0.0201137,-0.015221,-0.01228203,-0.01536693,0.00839107,-0.02192299,-0.02157937,0.00177574,-0.01186999,-0.005206,-0.02032503,-0.01120709,-0.00104615,0.00593104,-0.01153245,-0.01778596,-0.00092756,-0.00340279,0.00114326,-0.00359284,-0.01219537,-0.016933,-0.00858285,-0.00716582,-0.01374315,-0.00533981,-0.00604681,-0.01176053,0.00671407,-0.00095036,-0.01500509,-0.02123727,0.00107484,-0.01625944,-0.02752875,-0.01979137,-0.01537911,-0.00905115,-0.00908154,0.00355008,-0.01433915,-0.00705635,-0.01593103,-0.01278682,-0.02729158,-0.00957721,-0.00314736,-0.02524667,-0.00097773,0.00135156,-0.00113585,-0.00404593,-0.01238389,0.01416867,-0.00742887,-0.01588388,-0.01430114,-0.02220429,-0.01902658,-0.01469186,-0.0144091,-0.01907523,-0.0219154,-0.00803702,0.0127045,-0.01036326,-0.01411867,-0.01614398,-0.01774033,-0.00503725,-0.02555983,0.01447729,-0.01318518,0.00126337,-0.00463129,-0.01039824,-0.01790151,-0.01703488,-0.00370687,-0.02395728,-0.0125618,-0.02256919,-0.02005137,0.00136979,-0.00954377,-0.01537608,-0.0069621,0.00804292
"Np2_504687",0.00974425,-0.00311696,-0.01014127,-0.02441952,0.99013585,-0.0083183,0.00157809,0.00089086,-0.02345252,-0.0164571,-2.595e-05,-0.00139432,-0.01724315,-0.00733307,-0.01990236,-0.01903417,-0.00698337,-0.00932178,-0.01308328,-0.01192623,-0.01842602,-0.02483759,-0.01958306,-0.00119059,0.05427881,-0.01324444,-0.00835783,-0.02464607,-0.03515517,0.00190042,-0.01119037,-0.00589171,0.01211305,-0.01451857,0.00158569,-0.0164586,-0.02181959,-0.01736935,-0.0088018,-0.02379005,0.00411111,-0.00294514,-0.02308152,-0.01927896,-0.01460371,-0.00335413,-0.0038285,-0.0245229,-0.0046024,-0.01317452,-0.02217532,-0.01668971,-0.01967884,-0.00099294,-0.00500227,-0.01736631,0.00309851,-0.02723228,-0.0141126,-0.01568626,-0.03733394,-0.00885349,-0.02259197,-0.00360805,-0.01650725,-0.01884263,0.00790912,-0.02076745,-0.02055309,-0.02237457,0.0074104,-0.02063971,-0.01579572,0.0038648,-0.0188928,0.01231831,0.05480174,-0.01174987,0.03010715,-0.01448976,0.0029191,0.00421906,-0.00140345,-0.03100134,-0.02886372,-0.00924574,-0.01103529,-0.00509501,-0.01092582,-0.00899489,-0.01847315,-0.02397551,-0.0470935,-0.01392104,-0.02082981,0.0113863,-0.01093038,-0.00961674,0.02449232,-0.01478161
"Np2_502185",0.00685851,0.01056984,0.00400163,-0.01514195,-0.0083183,1.00245903,0.00066888,-0.00442756,-0.02253725,-0.01478162,-0.00808113,-0.00899337,-0.00705332,-0.00839433,-0.0110809,0.00620776,0.00046971,0.00649361,-0.01292821,-0.01602832,-0.01097295,0.02016974,-0.00498403,-0.02156113,-0.01033591,-0.01780266,-0.01854157,-0.01962567,0.00468279,-0.00949967,0.01557203,-0.01273055,-0.02528617,-0.0190768,-0.02714716,-0.00322794,-0.02318495,-0.0064193,-0.03145302,0.00251619,-0.01565129,-0.0102401,-0.01106721,-0.0107616,-0.02645996,-0.01186544,-0.01507655,-0.03075359,-0.01600249,-0.0157562,-0.01183349,-0.03295513,-0.00112673,-0.02425227,-0.01427378,-0.02314087,-0.00662912,0.00728422,0.01736307,-0.00199945,-0.01057156,-0.01614846,-0.01179399,0.01692063,0.02576338,0.00746364,-0.02188806,-0.02623792,-0.0144684,0.01229401,-0.01964995,-0.01227441,-0.01457635,0.01572709,-0.01584894,-0.01519819,0.01968321,-0.03227246,-0.01899921,-0.0233052,-0.0045279,-0.02329748,-0.00596165,-0.00347882,-0.0252117,-0.01775705,-0.01711394,0.00600707,-0.02597493,-0.00777552,0.02379746,-0.01910717,-0.01348925,-0.02273644,-0.02006658,-1.378e-05,-0.0223305,-0.01387087,-0.02780705,-0.01584287
"Np2_504977",-0.02490454,-0.01298294,0.00523165,0.00524534,0.00157809,0.00066888,0.99822864,-0.00927921,-0.02571644,-0.02008939,-0.01171646,-0.01536544,-0.00962434,-0.01537456,-0.01638868,-0.01019904,0.01006201,-0.0258776,-0.01032981,0.00633547,-0.01187151,-0.02025964,-0.02215106,-0.02048315,-0.01655593,-0.00714605,-0.00666865,-0.02204465,-0.01476488,-0.02225748,-0.00265931,-0.00861174,-0.01721426,0.00739218,-0.00599967,-0.01948272,-0.000365,-0.01750467,-0.0215566,-0.01829984,-0.0036263,-0.02132545,-0.01667906,-0.014701,-0.00318385,-0.001817,-0.0079169,0.00407766,-0.01994188,-0.00236283,-0.00649835,0.0008118,0.00162371,-0.01876508,-0.02657547,-0.00153724,-0.0145216,-0.02235024,0.00247666,-0.01354096,-0.02089672,-0.0184154,-0.01162825,-0.00724033,-0.0134497,0.02769888,-0.00150076,0.02014845,-0.01779963,-0.00684958,-0.00215149,-0.00891581,0.00444257,-0.01390734,-0.01355463,-0.02461108,-0.020138,0.01046493,0.00290845,-0.01477712,-0.01074794,-0.00199793,-0.00929289,-0.00422533,-0.01835612,-0.00755657,-0.0295677,-0.01192018,-0.03447558,-0.01764456,-0.00750943,-0.02669555,0.00370516,-0.01284003,0.01400447,0.02022145,-0.0204923,-0.02161132,-0.0326587,0.00910569
"Np2_500886",-0.00582634,-0.00196296,-0.01628527,0.00699078,0.00089086,-0.00442756,-0.00927921,0.99411686,-0.02138628,-0.00754897,0.00219234,0.00690564,-0.01350445,-0.00541887,-0.02270146,-0.01301484,0.00207679,-0.02823728,0.00190651,-0.01746207,-0.02198532,0.01463086,-0.00885044,-0.01843362,-0.02849426,0.00387392,0.00389521,-0.00874403,-0.02670318,-0.02188041,-0.01535784,-0.01659696,0.00308026,-0.00378594,-0.00835935,0.00780572,-0.03434935,-0.01195819,-0.02786938,-0.00834415,-0.00172881,-0.01866776,-0.005355,0.0022486,-0.0101048,0.00205703,-0.02107153,0.01175272,-0.03431286,0.00166323,-0.01782847,-0.00519688,0.00169669,-0.01063389,-0.01190649,-0.01271535,0.00364433,-0.01300271,-0.00201161,0.0143557,-0.01215736,-0.01712608,-0.00486544,-0.01324902,-0.02204309,-0.02939585,-0.02788306,-0.01566037,-0.0102766,-0.01726749,0.01312564,-0.02754392,0.01287784,-0.01565886,-0.01925923,0.00024469,-0.01139866,-0.02458371,0.00921513,-0.02215422,-0.00900249,-0.02518736,-0.00633112,-0.00856155,-0.00292691,-0.01919079,-0.00243125,-0.02279421,-0.01281266,0.00994801,-0.01595078,-0.02206132,-0.01811588,-0.00987826,-0.01009719,-0.00083937,-0.01616215,-0.00846274,-0.02391932,0.00127249
"Np2_501650",0.00115085,-0.03025943,-0.02025507,-0.00762195,-0.02345252,-0.02253725,-0.02571644,-0.02138628,0.99256277,-0.02170558,-0.01272449,-0.0066428,-0.00698338,-0.02489693,-0.01511609,-0.01166319,-0.00067668,0.15054701,-0.02000422,-0.00668384,-0.01333567,-0.01396967,-0.01449271,-0.01404114,-0.00570471,-0.00724184,-0.01010934,0.02590478,-0.02291887,0.00486219,-0.00214693,-0.00749119,-0.04498162,-0.02128747,-0.00381482,-0.02642037,-0.00061283,0.01341606,-0.01405029,-0.03314366,-0.02090279,-0.00971403,-0.02513713,-0.02543968,0.01010004,-0.01438019,-0.0113576,-0.01198251,-0.02581525,-0.02800163,-0.02940033,0.0010201,-0.00272924,-0.02174964,-0.00873033,0.00125577,-0.01172859,-0.01271535,-0.01373554,-0.02534397,-0.004572,-0.03006635,0.00028725,-0.01387391,0.00317909,0.0032764,-0.0228824,-0.01780568,0.00779964,-0.02138934,0.02238345,-0.00080136,-0.00401552,-0.00807351,-0.02459741,-0.00859045,-0.01597662,-0.02703309,-0.00737411,-0.01776171,0.00329616,-0.00483047,-0.00649988,0.0203096,-0.0231652,-0.0147983,-0.03224819,0.00014738,0.00328705,0.01920583,-0.02919513,-0.0289199,-0.00870601,0.02309808,-0.01376291,0.0002082,-0.02165237,-0.00908763,-0.03047385,-0.01227596
"Np2_503909",0.01894127,0.01793931,-0.01219537,-0.02100012,-0.0164571,-0.01478162,-0.02008939,-0.00754897,-0.02170558,1.00640355,0.01266805,-0.00694537,-0.0154962,-0.00619428,-0.0569261,-0.01059739,-0.0274345,-0.01791366,-0.01437717,-0.0145885,-0.00588411,-0.02096208,-0.0163157,-0.02316214,-0.02516456,-0.00039845,-0.0041782,0.05373001,-0.01866019,-0.008668,-0.0032097,-0.01722035,0.02435091,0.00243257,-0.00943885,-0.00057178,0.00455811,-0.02003162,-0.01237632,-0.02645233,-0.00174402,-0.01123294,0.01697992,0.00056094,-0.02289155,-0.03764107,-0.01606938,0.00504769,-0.00604832,-0.02146233,0.00161763,-0.02011218,-0.01808394,-0.00608785,0.00449882,-0.02413371,-0.01917713,-0.01925164,-0.01342995,-0.02412614,0.0088092,-0.00999533,-0.02282159,-0.02573167,-0.01476032,-0.01466302,-0.00828487,-0.01172251,-0.01287652,-0.0259491,-0.02216321,-0.01965298,-0.01724165,-0.00655158,0.00292367,-0.01208589,-0.02920274,-0.00696209,-0.00661239,-0.01122237,0.00147319,-0.00513304,-0.01181983,-0.00857677,-0.01480138,0.0034482,-0.01217715,-0.00578074,-0.03365761,-0.00390302,-0.01064454,0.03402682,-0.00566366,-0.00365975,-0.00372665,-0.00663216,0.00982181,-0.01729638,-0.01268344,-0.02322147
"Np2_500343",-0.01115238,-0.0098737,-0.00458264,-0.001072,-2.595e-05,-0.00808113,-0.01171646,0.00219234,-0.01272449,0.01266805,1.02254351,0.01480727,-0.0227836,0.01707878,-0.00795798,-0.01089085,0.00526511,-0.0043713,-0.00752465,0.00594778,-0.0128674,-0.02384026,-0.0102234,-0.0038422,-0.0202886,-0.02334613,0.01863872,-0.0242569,-0.01028727,-0.01078595,-0.02144411,-0.01827401,0.0023155,-0.00318234,-0.01687827,-0.01302857,-0.01732528,-0.00861784,-0.01175752,-0.02583354,-0.00979161,-0.02931528,-0.01296166,-0.01159177,-0.00174707,-0.02774775,-0.01088933,-0.01805204,-0.00877444,-0.00457505,0.00010785,0.00604965,0.001236,-0.01565585,-0.01297536,-0.01500057,0.01002555,-0.01498384,-0.01691628,-0.01240826,-0.02995086,-0.01652251,-0.0174895,-0.01599037,-0.02797733,-0.02605555,-0.03488162,-0.02509156,-0.00419949,-0.0159037,0.01084049,-0.01188824,-0.01434222,-0.00912565,-0.00086674,-0.01359569,-0.02675947,-0.01683418,-0.00827421,-0.01486077,0.02170542,-0.01439697,-0.02564502,0.02245038,0.0102962,-0.00672795,-0.02478602,-0.00805073,0.00603598,-0.00237196,-0.02492585,-0.02693126,-0.00960611,-0.01201142,-0.02089675,-0.02957987,0.00466304,0.00308787,-0.01784224,-0.01743325
"Np2_503887",-0.0113044,0.02813672,-0.03225419,-0.01734046,-0.00139432,-0.00899337,-0.01536544,0.00690564,-0.0066428,-0.00694537,0.01480727,0.9913706,0.00260742,-0.02716539,-0.00841409,-0.0236623,-0.00066452,-0.01410197,-0.00235522,-0.00621556,-0.01013063,0.00231093,-0.01083154,0.01546709,-0.01147014,-0.01300726,-0.02302071,-0.01330984,-0.01439237,-0.02811867,-0.01597056,-0.00550248,-0.00984783,-0.0205151,-0.00714757,-0.0102918,-0.0189977,0.0002006,0.00542323,-0.01002116,0.00708504,-0.01578352,-0.00125444,-0.00748663,-0.01421449,-0.01436804,-0.02350875,-0.02200509,0.0143359,-0.00259849,-0.01129525,-0.00383307,-0.00667017,-0.02371403,-0.00142017,-0.01317604,0.00424794,-0.00631743,-0.02512649,-0.01103987,-0.01094558,-0.02610109,0.01413522,-0.02648121,-0.02812931,-0.0221024,-0.02119777,-0.00684653,-0.01073728,-0.0181843,0.01448946,-0.02541989,-0.03760458,0.00349381,0.00658331,-0.02013344,-0.00836238,-0.01683414,-0.03229674,-0.03432218,-0.02041018,-0.00542647,-0.01925921,-0.01981718,-0.00901314,-0.01341777,0.01063979,0.00213609,-0.00354267,0.02605988,-0.01641147,-0.01644034,-0.00838976,-0.00927465,-0.01223033,-0.01726442,-0.00871665,0.00126337,-0.00978399,-0.01348013
"Np2_500606",0.00219082,-0.00185197,-0.00872425,-0.0201137,-0.01724315,-0.00705332,-0.00962434,-0.01350445,-0.00698338,-0.0154962,-0.0227836,0.00260742,0.99905282,-0.02598556,0.00143214,-0.02871618,0.03457263,-0.0244773,-0.01637955,0.02324401,-0.02886825,0.00729182,0.01513109,-0.0116328,-0.00071166,-0.00909067,-0.01332654,-0.01213,-0.01275641,-0.01888063,-0.01859177,0.0013029,-0.01839866,-0.01720668,-0.02284437,0.00913305,-0.03378225,-0.01047882,-0.01681138,0.0200466,0.00051076,-0.0161241,-0.01406243,-0.01816603,-0.02899905,-0.00801878,-0.01791972,-0.01884871,-0.02310283,0.00086198,-0.01133175,-0.02348293,0.00454443,-0.02040561,-0.01164346,-0.01640541,-0.02026726,-0.00757026,-0.01087108,-0.00864368,-0.0096137,0.00351055,-0.02178313,-0.01526662,-0.02269232,0.00294799,-0.01530464,-0.01387693,-0.0065166,-0.01624425,-0.03100746,-0.01709412,0.00660308,-0.01189887,0.00381006,-0.01743319,-0.005206,-0.02933806,0.01540779,-0.01079208,0.01573926,-0.02340391,-0.00880484,-0.00282503,-0.01482723,-0.01193385,-0.00566518,-0.00656678,-0.00494754,-0.01624426,-0.02648271,-0.01358805,0.03353729,-0.01949794,-0.00983416,-0.01836522,-0.00449598,-0.00135784,-0.01210112,-0.00424207
"Np2_501067",-0.00127877,-0.00030418,-0.02162041,-0.015221,-0.00733307,-0.00839433,-0.01537456,-0.00541887,-0.02489693,-0.00619428,0.01707878,-0.02716539,-0.02598556,0.99500187,0.00328401,-0.01105199,-0.02621662,-0.00726922,0.00356528,0.00700294,-0.03705113,0.00716713,-0.00065388,-0.00719622,-0.03078857,0.0008194,0.0224306,-0.00754138,-0.02656483,-0.00091235,-0.03589716,-0.00368711,-0.00636,-0.00790476,-0.02692211,-0.01835913,-0.01520579,-0.01410045,-0.02499427,0.00547796,-0.03503964,0.034229,0.00755484,-0.02178765,-0.01391953,0.00584439,0.00415368,-0.01638867,-0.02064279,-0.01841996,-0.009936,0.00695277,-0.01777833,-0.01809761,-0.01024771,-0.00877595,-0.00655613,0.00294799,-0.00613042,-0.00800815,-0.01810067,-0.03705723,-0.00837608,0.00178944,-0.00518016,-0.00964411,-0.01983853,-0.0220598,-0.00436065,-0.01089542,-0.02322596,-0.02162799,-0.00279614,-0.01339192,-0.02124946,-0.00737108,-0.02631241,-0.00863302,-0.03428241,-0.01228514,0.01135742,-0.02018365,0.02619212,0.0014595,-0.00826206,0.0040579,-0.0048776,0.00942497,-0.01176206,-0.01500056,-0.03451355,-0.02207501,0.02398601,-0.0199267,-0.00418125,-0.0108878,-0.01009416,-0.01790301,-0.01526663,-0.00664737
"Np2_503865",-0.01658481,-0.0133296,-0.00302117,-0.01228203,-0.01990236,-0.0110809,-0.01638868,-0.02270146,-0.01511609,-0.0569261,-0.00795798,-0.00841409,0.00143214,0.00328401,1.00042443,-0.02210086,-0.0127868,-0.02242322,-0.0064193,-0.0098235,-0.00051096,-0.00631439,-0.0191528,-0.00440931,-0.02739348,-0.01022946,-0.0015418,-0.00429832,-0.01617582,-0.00040605,-0.00969581,-0.00150835,-0.00889454,-0.01332809,-0.01212391,-0.01435588,-0.00481678,-0.00249511,0.0098735,-0.01286891,-0.00914237,0.00083005,-0.00957568,0.00836675,-0.01341324,0.01030376,0.01697535,-0.01725076,-0.02287325,-0.01745754,-0.01627157,-0.0161074,-0.01818429,-0.00892494,-0.0246415,-0.01693604,-0.00285697,0.00117366,-0.01459458,-0.01540804,-0.01592192,-0.01252834,0.00140477,-0.00424207,-0.02215866,-0.01385111,-0.01461894,-0.02657088,-0.01890648,-0.01008504,-0.00295427,-0.0317646,-0.01430116,0.00490325,-0.00675532,-0.01446687,-0.01911629,-0.00098077,-0.01051377,-0.00615326,-0.00896601,-0.00568951,0.00921363,-0.0276823,-0.01338131,0.00988565,-0.01090911,0.00156898,-0.00836696,-0.01054117,-0.00633568,-0.02232892,-0.00819667,-0.00345601,-0.00245861,-0.00582026,0.00196732,-0.00173641,-0.00928682,-0.00522882
"Np2_503540",-0.01465233,-0.01930328,-0.00017647,-0.01536693,-0.01903417,0.00620776,-0.01019904,-0.01301484,-0.01166319,-0.01059739,-0.01089085,-0.0236623,-0.02871618,-0.01105199,-0.02210086,0.97235665,-0.00507676,-0.01912235,-0.0149777,-0.02659212,-0.00785304,-0.02065035,-0.02695096,0.04389577,-0.02181198,-0.0020633,-0.00766754,-0.03885585,-0.01029027,-0.0223441,0.21771422,0.01152312,-0.00954678,-0.01550073,-0.01034348,-0.01014279,-0.00759761,-0.01029331,-0.01540952,-0.02766099,-0.00173641,0.00230637,-0.03060146,-0.01296314,-0.01604201,-0.01239452,-0.01378112,-0.01045295,-0.0130346,-0.0076189,-0.02042074,-0.02025657,-0.01564363,-0.0339038,-0.02848658,0.01099554,-0.00107655,-0.01361845,-0.0295387,-0.02427052,-0.01991905,-0.0216949,-0.00502508,-0.02739646,0.0016678,-0.02012887,-0.00097925,0.00394537,0.00431179,0.02255983,-0.01987494,-0.02709536,-0.01997076,-0.01323378,-0.00892798,0.00555853,-0.02280933,-0.0081708,-0.00113128,-0.03417314,-0.02436627,-0.00816626,-0.01987039,-0.01723549,-0.00612737,-0.01144425,-0.01308176,-0.01063845,-0.01403658,0.01313325,-0.0010583,-0.01431478,-0.03043881,-0.00562868,-0.0142099,-0.01681132,-0.01905852,0.00536545,-0.00796252,0.02437521
"Np2_503033",-0.0112679,0.0226997,-0.01579721,0.00839107,-0.00698337,0.00046971,0.01006201,0.00207679,-0.00067668,-0.0274345,0.00526511,-0.00066452,0.03457263,-0.02621662,-0.0127868,-0.00507676,0.98049506,-0.03945641,-0.01889126,-0.00435457,-0.00979005,-0.01300876,-0.02478287,0.02234543,-0.01417038,-0.01038606,-0.01218926,-0.0204193,-0.01633241,-0.00542798,0.00778443,-0.01732522,-0.01832566,-0.0011693,-0.00254984,0.00920601,-0.0189612,-0.01572729,-0.01810675,0.00750011,-0.01583675,-0.01544294,-0.01566188,0.00744993,-0.0131137,-0.01919686,0.01301769,-0.01330221,-0.02667881,0.00230333,-0.00989038,-0.01900072,-0.01043471,-0.00239172,-0.01780416,-0.0119232,-0.0068146,-0.00476052,-0.01566341,-0.01617278,0.00323078,-0.00401856,-0.01502029,-0.00622316,-0.01897031,-0.01294341,-0.00641322,-0.01593251,-0.0129814,-0.01191409,-0.01664255,-0.0095711,-0.00503116,-0.03660863,-0.00767212,-0.00793362,0.00201293,-0.00965169,-0.02070509,-0.01573649,-0.0234145,-0.01861761,-0.01542167,-0.01476331,-0.01095318,-0.02022313,-0.00772078,0.00931854,0.00227141,-0.00917734,-0.01150964,-0.02963144,-0.02021252,-0.01714432,-0.00200705,-0.03136779,-0.01187303,-0.00143689,-0.01385262,-0.02089367
"Np2_501092",-0.01238998,-0.0158246,-0.02452137,-0.02192299,-0.00932178,0.00649361,-0.0258776,-0.02823728,0.15054701,-0.01791366,-0.0043713,-0.01410197,-0.0244773,-0.00726922,-0.02242322,-0.01912235,-0.03945641,0.9951296,-0.00891431,-0.02052875,-0.00908763,-0.01443492,-0.00720384,-0.00933697,-0.0259354,-0.01926225,-0.00753375,-0.00481679,-0.01851878,-0.01536847,-0.02192148,-0.00035436,-0.01397425,-0.01065367,-0.01477095,-0.01304983,0.01899143,0.01234265,-0.00843387,-0.03360891,-0.024865,-0.01230786,0.0298928,-0.01936716,-0.02503075,-0.00526683,0.03150899,0.00868604,-0.00210588,-0.01295862,-0.01238082,-0.01875443,-0.01748641,-0.01141994,-7.307e-05,0.00915282,-0.0047438,-0.01911022,-0.02758046,-0.01866324,0.0005883,0.00322167,-0.0064117,-0.01509937,-0.00412803,-0.00980832,-0.01468126,-0.01948726,-0.01121469,0.00079964,-0.0103146,0.00542322,-0.01071448,0.00134395,-0.03707397,-0.00753529,-0.02373987,-0.037229,0.01937607,0.01309381,-0.00401096,-0.01061718,-0.01958459,-0.00128941,-0.01663652,-0.01571969,-0.03316956,-0.03148644,0.0082953,-0.02261481,-0.02905221,-0.01859021,-0.00141713,-0.00564693,-0.01635675,-0.02108676,-0.01892475,-0.02126009,-0.00296339,-0.00605136
"Np2_502105",-0.02451378,-0.02065039,0.01124793,-0.02157937,-0.01308328,-0.01292821,-0.01032981,0.00190651,-0.02000422,-0.01437717,-0.00752465,-0.00235522,-0.01637955,0.00356528,-0.0064193,-0.0149777,-0.01889126,-0.00891431,0.99064678,-0.0179045,-0.02166755,-0.00390452,-0.01522251,-0.01598727,-0.03015302,-0.00067364,-0.00308502,-0.00371296,0.00159025,-0.00453398,-0.01336761,0.00531072,-0.01287042,0.0135605,-0.01640387,-0.00738476,-0.01472229,-0.01255266,-0.01143517,-0.01866929,-0.03029896,-0.00512238,-0.01704852,-0.01704699,-0.01100337,-0.02347228,-0.00342103,-0.02077051,-0.01316538,0.0030453,-0.00762801,0.00865259,-0.00209067,-0.01426919,-0.0181265,-0.01711088,-0.02553396,-0.00219406,-0.01811434,0.01710613,0.008534,-0.01908893,-0.02963455,-0.01171492,-0.013211,-0.01098511,-0.02315607,-0.0252253,-0.01071903,-0.01755789,-0.01270773,-0.00806894,-0.02101379,0.01567538,-0.00069645,-0.00962433,-0.00788801,-0.00085153,0.00542778,5.768e-05,-0.01932764,-0.01179398,-0.0058613,-0.00520296,0.00195211,-0.00899032,-0.01093191,-0.01624272,-0.01720818,-0.01497318,0.0301315,-0.00304244,0.0004469,-0.01047273,-0.00476205,-0.01116452,-0.01097904,0.00188978,-0.02801077,-0.02212827
"Np2_500378",-0.00784849,-0.00930656,-0.00431959,0.00177574,-0.01192623,-0.01602832,0.00633547,-0.01746207,-0.00668384,-0.0145885,0.00594778,-0.00621556,0.02324401,0.00700294,-0.0098235,-0.02659212,-0.00435457,-0.02052875,-0.0179045,0.97669044,-0.01914212,-0.0068526,-0.00783176,0.00052596,-0.00618972,-0.01213605,-0.0052729,0.00230941,-0.00972011,-0.00809023,-0.02726267,-0.01831501,-0.01323379,-0.02162042,-0.01874377,-0.01459,0.02277268,-0.03207327,-0.02578637,-0.0118867,-0.01074487,-0.02145009,-0.02212516,-0.01330524,-0.00330852,-0.01152028,-0.01944467,-0.02098182,-0.0133767,-0.02301312,-0.01422507,-0.00585066,-0.01537757,-0.005206,-0.0124082,-0.01534566,-0.00962888,-0.01152789,-0.03596246,0.00792432,0.00558591,-0.00318385,-0.01601008,0.00464629,-0.02710605,-0.0073954,-0.00755505,0.00603595,0.02297489,-0.00834262,-0.01656805,0.19864782,-0.01301485,-0.01053505,-0.01808849,-0.02534388,-0.00460239,-0.02234866,-0.02260712,-0.03010601,-0.02440428,-0.01170122,-0.01534717,-0.01027961,-0.02836347,0.01618927,-0.02254636,-0.00246622,-0.02228483,-0.01609675,-0.02299029,-0.01313647,-0.00903897,-0.02345556,-0.00664584,-0.03509431,-0.02259349,-0.02249616,-0.02396491,-0.0118487
"Np2_503405",0.00420082,-0.03040234,-0.02541536,-0.01186999,-0.01842602,-0.01097295,-0.01187151,-0.02198532,-0.01333567,-0.00588411,-0.0128674,-0.01013063,-0.02886825,-0.03705113,-0.00051096,-0.00785304,-0.00979005,-0.00908763,-0.02166755,-0.01914212,0.98969183,-0.01031156,-0.00718559,-0.00688606,0.02167193,-0.00662455,-0.02287171,-0.01240063,-0.01120253,0.00958461,-0.02099098,-0.01645252,-0.02444687,-0.0313131,-0.03102115,-0.02154591,-0.01550379,-0.00801269,0.09801368,0.00639629,-0.00553746,-0.02506109,-0.00247382,0.00512978,0.00326728,-0.01133024,-0.02746487,3.791e-05,0.00977161,-0.00381787,-0.00217581,0.00543843,0.00275338,-0.03177526,-0.00370383,-0.00876987,0.01534394,-0.02122055,0.00010937,-0.0008561,-0.00836391,-0.00025705,-0.00852203,-0.00960761,-0.01824965,-0.00583698,-0.00675684,0.00668212,0.00507201,-0.01408221,-0.01941884,-0.01128309,-0.00735132,-0.02509303,0.0067323,-0.00310783,-0.01657566,-0.00984327,-0.03001916,-0.00406876,0.00087262,-0.0261072,-0.01956634,-0.0087212,-0.02923774,-0.0181341,-0.02311655,-0.00577313,-0.00400184,-0.01104138,-0.0047073,-0.00564843,-0.0350001,-0.01171035,-0.02515691,-0.00647252,-0.01282483,-0.0210898,-0.00081656,-0.01120254
"Np2_503332",-0.01026899,-0.00701377,0.00192626,-0.005206,-0.02483759,0.02016974,-0.02025964,0.01463086,-0.01396967,-0.02096208,-0.02384026,0.00231093,0.00729182,0.00716713,-0.00631439,-0.02065035,-0.01300876,-0.01443492,-0.00390452,-0.0068526,-0.01031156,0.97853953,0.00084678,-0.0186191,-0.01894905,0.00627313,-0.00799748,-0.01653159,-0.00514671,-0.00458111,-0.03181176,-0.01875897,-0.00744405,-0.01233371,-0.01432241,-0.00347881,0.00089086,-0.01761716,0.00265759,-0.00518471,-0.02107154,-0.01611648,-0.01481501,-0.02135127,-0.00588107,-0.01439691,0.00443798,-0.01199921,-0.01154004,0.0159217,0.01695553,-0.0190661,-0.02220727,-0.02191839,-0.02136649,-0.02232741,-0.02512495,-0.01121164,-0.00250118,-0.02216779,-0.00717342,-0.02886671,-0.0280092,-0.01617124,-0.0073285,0.01162196,-0.01225618,-0.03013774,-0.01912844,-0.00559371,0.00792278,-0.0186069,-0.0184762,-0.00307286,-0.00195992,0.021345,-0.02557194,-0.01032523,-0.0139286,-0.02340399,-0.01481351,-0.00743189,0.00184568,0.00995405,-0.01831656,-0.00538845,-0.00489736,-0.00443059,0.00296623,-0.02444689,0.00165259,-0.01342839,-0.01830134,-0.00200553,-0.01256329,-0.0217025,-0.01695579,0.00686002,-0.01437412,-0.01153246
"Np2_501181",-0.00957568,0.00918777,-0.00741517,-0.02032503,-0.01958306,-0.00498403,-0.02215106,-0.00885044,-0.01449271,-0.0163157,-0.0102234,-0.01083154,0.01513109,-0.00065388,-0.0191528,-0.02695096,-0.02478287,-0.00720384,-0.01522251,-0.00783176,-0.00718559,0.00084678,0.99133106,-0.00454615,-0.02068842,-0.01523162,-0.01429809,0.00240672,-4.419e-05,-0.00875313,0.00719604,-0.01335239,-0.0248437,-0.00130157,-0.02700877,-0.00354571,-0.01027507,-0.01023403,-0.01595841,-0.00175466,-0.01703333,-0.00569253,-0.02522075,-0.02309064,-0.03012263,-0.00062803,-0.01585043,-0.01510696,-0.02346619,-0.01136066,0.02585909,-0.00392885,-0.00478941,-0.02107306,-0.02356199,-0.02041778,-0.00755504,-0.02739497,0.00488196,-0.01873775,-0.00845666,0.02504117,-0.01819341,-0.0062034,-0.0048107,-0.01733285,-0.00259242,-0.01028723,-0.02086782,-0.01523925,-0.01464626,-0.0075748,-0.01945536,-0.00754896,0.00010177,-0.00806591,0.00112045,-0.00856764,0.01382807,-0.01495653,-0.02445904,-0.01099577,-0.012057,0.00927899,-0.002115,0.00777226,0.00917563,-0.00586587,-0.01276096,-0.01098208,-0.00130309,-0.00847794,-0.01547947,-0.01195515,-0.03361196,-0.01781634,0.00867237,-0.02559175,-0.01307266,-0.00597382
"Np2_503595",-0.01186087,-0.02016081,-0.01091668,-0.01120709,-0.00119059,-0.02156113,-0.02048315,-0.01843362,-0.01404114,-0.02316214,-0.0038422,0.01546709,-0.0116328,-0.00719622,-0.00440931,0.04389577,0.02234543,-0.00933697,-0.01598727,0.00052596,-0.00688606,-0.0186191,-0.00454615,0.9861518,-0.02555831,-0.01934131,-0.01688735,-0.02998273,-0.01540495,-0.00419644,0.0394243,-0.00028138,-0.01329309,0.01024903,-0.00785609,-0.03775962,-0.02046642,-0.01738454,0.01140456,-0.00601639,-0.00821947,-0.0145155,-0.0189916,-0.01214821,0.01442107,0.0022562,-0.02284889,-0.01328702,-0.01693297,0.00581549,-0.03116096,-0.00712629,-0.00327355,-0.00207242,-0.02660737,-0.01418863,-0.00497489,-0.00915453,0.0001641,-0.0299934,-0.01591125,-0.00126661,-0.01318059,0.01142887,-0.01865104,0.00668517,-0.00366127,-0.00542646,-0.00916517,0.03310547,-0.00917733,0.00123904,-0.02006808,-0.02108521,-0.01556308,-0.01704091,-0.02169034,-0.01875898,-0.02981237,-0.03259801,-0.01488498,-0.02605245,-5.028e-05,-0.00319297,-0.00120731,-0.0127579,-0.02154139,-0.01605722,-0.02249619,-0.01661218,-0.00328419,-0.03174482,-0.01426769,-0.00435762,0.00211328,-0.02101377,-0.0339039,-0.0157136,0.02265261,-0.01783764
"Np2_503562",0.01152771,-0.0162336,-0.02660283,-0.00104615,0.05427881,-0.01033591,-0.01655593,-0.02849426,-0.00570471,-0.02516456,-0.0202886,-0.01147014,-0.00071166,-0.03078857,-0.02739348,-0.02181198,-0.01417038,-0.0259354,-0.03015302,-0.00618972,0.02167193,-0.01894905,-0.02068842,-0.02555831,1.00510797,-0.00994059,0.00072362,-0.02711983,-0.01436653,-0.01304072,-0.01700902,-0.01444711,-0.01316692,-0.01729639,-0.00332069,-0.01178638,-0.02292496,-0.01072057,-0.01553271,-0.00589019,-0.00353203,0.00142301,-0.01886543,-0.02600987,-0.00521818,-5.028e-05,-0.01466452,-0.02152314,-0.00251487,-0.02477076,-0.0229766,-0.0255492,0.00126185,-0.0182147,-0.00230657,0.00022948,-0.00576096,-0.01282939,-0.02160371,-0.01694366,-0.00422991,-0.02257832,-0.03494844,-0.01444408,-0.03889846,-0.0159949,-0.01189739,0.00275794,-0.00280527,-0.01785438,0.00174382,0.00699077,-0.0191817,-0.01290084,-0.01193995,0.00133027,0.24526894,-0.0225859,-0.00505548,-0.03095143,-0.02084048,-0.01300273,-0.02303443,-0.01158111,-0.03392218,0.01275924,-0.01062023,-0.00574424,-0.00640563,-0.00082569,-0.00133351,-0.00683589,-0.02250381,-0.02673363,-0.01235654,-0.00948446,-0.02161439,-0.00540062,-0.01006224,-0.02044822
"Np2_503725",-0.00551769,-0.00439106,0.00774185,0.00593104,-0.01324444,-0.01780266,-0.00714605,0.00387392,-0.00724184,-0.00039845,-0.02334613,-0.01300726,-0.00909067,0.0008194,-0.01022946,-0.0020633,-0.01038606,-0.01926225,-0.00067364,-0.01213605,-0.00662455,0.00627313,-0.01523162,-0.01934131,-0.00994059,0.98743521,0.01393451,-0.01542929,-0.00936586,0.00625184,-0.00273381,-0.00701378,-0.02032958,0.00138804,-0.00455374,-0.02214191,0.00062479,-0.01879549,-0.01722188,-0.0215672,-0.00202833,-0.00254679,-0.01781784,0.00559806,0.00571211,-0.02439365,-0.01346489,-0.00648771,-0.00587651,0.00470864,-0.00155548,-0.01507502,-0.00529267,-0.00789257,-0.00946925,-0.0178802,-0.01109913,-0.0209043,-0.00900096,-0.02319409,-0.00759154,-0.03156547,-0.00273229,-0.007923,-0.01139561,-0.00916973,-0.01708352,-0.00607719,-0.00814345,-0.01407004,-0.01545359,-0.00610152,-0.01037998,0.02311628,-0.02062304,0.00146558,-0.02142882,-0.00952702,-0.0208845,-0.02792726,-0.02298575,-0.01773273,-0.00313367,-0.00642841,-0.0045948,-0.01523314,-0.00957265,-0.00864976,0.0010277,-0.02927423,-0.01108088,-0.00806894,-0.01233372,-0.01185023,-0.02149575,-0.0209043,-0.01463716,-0.02062151,-0.0164647,-0.01864042
"Np2_501085",-0.01401073,-0.0217025,-0.01656349,-0.01153245,-0.00835783,-0.01854157,-0.00666865,0.00389521,-0.01010934,-0.0041782,0.01863872,-0.02302071,-0.01332654,0.0224306,-0.0015418,-0.00766754,-0.01218926,-0.00753375,-0.00308502,-0.0052729,-0.02287171,-0.00799748,-0.01429809,-0.01688735,0.00072362,0.01393451,0.98200352,0.00070842,-0.03412736,-0.01942188,-0.01806873,0.00501879,-0.00373576,-0.0118183,0.00018083,-0.02637778,-0.0230724,-0.02227116,-0.018721,0.00323687,-0.016451,-0.00587042,-0.01414755,-0.02965426,-0.00840649,-0.01616211,-0.00690581,-0.00677051,-0.00098989,-0.00864975,-0.00868013,-0.01322923,-0.00907241,-0.01091211,-0.00214996,-0.01953137,-0.00697272,-0.02057893,-0.01582154,-0.02104421,-0.00027226,-0.01846859,-0.02034783,-0.00683742,-0.0226254,-0.01796686,-0.00216213,-0.00879266,-0.00523337,0.02472187,0.00524533,-0.00851289,-0.02525878,-0.00194927,-0.01193537,-0.02436018,0.00869667,-0.03155174,-0.02542445,-0.02440899,-0.00745622,-0.00813281,0.01984589,0.00013066,0.0005959,-0.02965579,0.00534873,-0.00999683,-0.01962867,-0.01800184,-0.02094229,-0.02218749,-0.01079201,-0.0179106,-0.00094884,-0.00704722,0.02339455,-0.00205114,-0.02389346,-0.00311087
"Np2_502667",-0.01463869,-0.00575792,-0.01354245,-0.01778596,-0.02464607,-0.01962567,-0.02204465,-0.00874403,0.02590478,0.05373001,-0.0242569,-0.01330984,-0.01213,-0.00754138,-0.00429832,-0.03885585,-0.0204193,-0.00481679,-0.00371296,0.00230941,-0.01240063,-0.01653159,0.00240672,-0.02998273,-0.02711983,-0.01542929,0.00070842,1.00887913,0.01146537,-0.00910284,-0.0288835,-0.02480115,-0.0137903,0.00959983,-0.01519516,-0.0067842,0.01704683,0.00887763,-0.00901012,-0.00058394,-0.01525446,-0.00558611,-0.00185197,-0.0137097,-0.00644973,-0.02074316,-0.01285522,-0.0279241,0.0283344,-0.01201445,-0.02724898,-0.01264085,-0.03053009,-0.01914215,-0.02178313,0.00918475,0.00213001,-0.0277447,0.00042714,-0.02060789,-0.01960133,-0.02411394,-0.02295234,-0.00412043,-0.00789716,-0.026501,-0.00172578,-0.00470731,-0.02243388,-0.01193996,-0.01834089,0.01746643,0.00436959,-0.01914975,0.01267564,-0.01100032,-0.03830397,-0.00222751,-0.01966668,-0.00846432,0.00788023,-0.01666695,-0.01803226,-0.01889431,-0.03697824,-0.00747751,0.00365651,0.0121815,-0.02801079,0.00828163,-0.00150076,0.0033357,-0.01750164,-0.00576705,-0.01282787,-0.01588543,-0.01934897,-0.01590672,-0.01479075,-0.00237044
"Np2_502446",-0.00918342,-0.01854767,-0.01629744,-0.00092756,-0.03515517,0.00468279,-0.01476488,-0.02670318,-0.02291887,-0.01866019,-0.01028727,-0.01439237,-0.01275641,-0.02656483,-0.01617582,-0.01029027,-0.01633241,-0.01851878,0.00159025,-0.00972011,-0.01120253,-0.00514671,-4.419e-05,-0.01540495,-0.01436653,-0.00936586,-0.03412736,0.01146537,0.9978941,0.00167388,-0.02358026,-0.02056221,-0.02353919,-0.00775119,-0.01673381,-0.00391366,0.02311024,-0.00786522,-0.03806836,0.01718669,-0.00675835,2.118e-05,-0.01129679,-0.01311977,-0.03353142,-0.01361543,-0.00739996,0.01037219,-0.00954224,0.03266761,-0.01191102,0.00072057,-0.0170166,-0.01216647,-0.01663194,-0.00816627,-0.00853116,-0.00784545,-0.00658502,-0.00648621,0.01945516,-0.00664737,-0.01825728,-0.02557657,-0.01612564,-0.01618039,-0.01329921,-0.006398,-0.02731744,-0.02898688,-0.01759891,-0.00414171,-0.02788152,-0.0188639,0.00125425,-0.01162672,-0.01962106,0.02542583,-0.00767363,-0.00909073,-0.00186869,0.0108344,-0.00816778,0.00571818,-0.00962891,-0.00567125,-0.02677012,-0.01657266,-0.02514022,-0.01363066,-0.01140171,0.00286132,-0.01341475,0.0036413,0.01543366,-0.01058221,0.003135,0.00520885,-0.03259789,-0.00923056
"Np2_502150",0.00871493,-0.01737389,-0.0020481,-0.00340279,0.00190042,-0.00949967,-0.02225748,-0.02188041,0.00486219,-0.008668,-0.01078595,-0.02811867,-0.01888063,-0.00091235,-0.00040605,-0.0223441,-0.00542798,-0.01536847,-0.00453398,-0.00809023,0.00958461,-0.00458111,-0.00875313,-0.00419644,-0.01304072,0.00625184,-0.01942188,-0.00910284,0.00167388,0.98868517,-0.01586869,-0.03596097,-0.02875116,-0.0042968,-0.01206308,-0.01049401,-0.03394795,-0.01383742,-0.00481375,0.00209199,-0.00284784,-0.01370511,0.01025054,-0.00145514,-0.01441671,-0.010009,-0.01200378,-0.02281546,-0.01353788,-0.0359458,-0.0020709,-0.02623335,-0.0010948,-0.03227851,-0.02077962,0.01246884,-0.01115843,-0.01244927,-0.00875617,0.00745907,-0.00886717,-0.00228073,-0.01753963,-0.02060175,0.01363195,0.00871189,-0.01699077,-0.00796099,-0.02659978,-0.00394254,-0.03816707,-0.00418428,-0.00481374,-0.02863712,-0.03193342,0.00840019,-0.02027179,-0.0161241,-0.02079177,-0.01323844,0.01952661,0.00273361,-0.00410522,-0.01348161,-0.0221389,-0.01346794,-0.01160849,-0.00217125,-0.00952247,0.00715651,0.00132723,-0.02029155,-0.01786652,-0.00993299,-0.01486521,0.00336306,-0.01059133,-0.00319602,-0.00466475,-0.0033435
"Np2_500023",-0.02110045,-0.01115539,0.00249794,0.00114326,-0.01119037,0.01557203,-0.00265931,-0.01535784,-0.00214693,-0.0032097,-0.02144411,-0.01597056,-0.01859177,-0.03589716,-0.00969581,0.21771422,0.00778443,-0.02192148,-0.01336761,-0.02726267,-0.02099098,-0.03181176,0.00719604,0.0394243,-0.01700902,-0.00273381,-0.01806873,-0.0288835,-0.02358026,-0.01586869,0.99975535,0.02332005,-0.01067343,-0.02164478,-0.01587934,-0.01887151,-0.03958873,-0.00412195,-0.0238342,-0.01327942,-0.02247643,-0.02390712,-0.02823119,-0.01196121,-0.0176248,-0.02233959,-0.01217103,-0.00412955,-0.02115518,-0.01725989,-0.0112086,-0.02442407,0.00223491,0.03566887,-0.02778876,-0.0211476,-0.01193385,-0.01748186,-0.02808068,-0.01779509,-0.02043756,-0.00062347,-0.01360176,-0.03414869,0.00297384,-0.01228507,-0.00332222,-0.01816299,-0.01110674,0.00850968,-0.0048852,-0.01225768,-0.01060654,-0.0094951,0.00119647,-0.02065496,-0.00857981,-0.02206894,-0.00529875,-0.02131191,-0.01089694,-0.00959699,-0.01719602,-0.01821012,-0.01105506,-0.01758828,-0.02591566,-0.01556614,-0.00999381,0.06765401,-0.01632482,-0.01863431,-0.02396341,-0.020135,-0.02263456,-0.01292061,-0.02444236,-0.00716431,-0.02079639,-0.00791996
"Np2_502869",-0.01443341,-0.01878027,0.00065064,-0.00359284,-0.00589171,-0.01273055,-0.00861174,-0.01659696,-0.00749119,-0.01722035,-0.01827401,-0.00550248,0.0013029,-0.00368711,-0.00150835,0.01152312,-0.01732522,-0.00035436,0.00531072,-0.01831501,-0.01645252,-0.01875897,-0.01335239,-0.00028138,-0.01444711,-0.00701378,0.00501879,-0.02480115,-0.02056221,-0.03596097,0.02332005,0.98632819,-0.00780744,-0.00843994,-0.00830005,-0.00064931,0.00037544,-0.00885804,-0.00819667,-0.00585218,-0.01869818,0.00830288,-0.02186822,-0.00346968,-0.00061891,-0.01582459,-0.02283672,-0.00582482,-0.01813714,-0.01180918,-0.00408545,-0.02429482,-0.00721447,-0.02501853,-0.02872379,-0.00429375,-0.02320772,0.00651793,-0.01563605,-0.00154941,-0.01939605,-0.01007286,-0.03110934,-0.01410197,-0.019095,-0.01306808,0.00045602,-0.02426744,-0.02587758,-0.00519689,-0.00262737,-0.00559066,-0.00454767,-0.00754136,-0.00627638,-0.00410522,0.00264846,-0.01327332,-0.02189406,-0.01996631,-0.00590236,-0.01053204,-0.02862193,-0.01762473,0.00655898,0.01994319,-0.00830158,-0.01923794,0.00169061,-0.01660002,0.01117191,-0.00740603,-0.00406874,0.00416888,-0.0053246,-0.01856894,-0.0224886,-0.01813411,-0.01473751,-0.01265606
"Np2_501817",-0.0025103,-0.0164358,-0.00551921,-0.01219537,0.01211305,-0.02528617,-0.01721426,0.00308026,-0.04498162,0.02435091,0.0023155,-0.00984783,-0.01839866,-0.00636,-0.00889454,-0.00954678,-0.01832566,-0.01397425,-0.01287042,-0.01323379,-0.02444687,-0.00744405,-0.0248437,-0.01329309,-0.01316692,-0.02032958,-0.00373576,-0.0137903,-0.02353919,-0.02875116,-0.01067343,-0.00780744,0.99193019,-0.02494864,-0.01310153,-0.01624574,-0.00016886,-0.00560131,0.01406529,0.00059742,-0.01498533,0.00517387,0.01042842,0.00176359,-0.0276185,-0.01226377,0.00809155,-0.00986608,0.00792583,-0.01356982,-0.03807885,-0.02012584,0.00090759,-0.00640561,0.02713934,-0.00985545,-0.02055917,-0.02930005,-0.02515082,0.00353184,-0.00564844,-0.0238448,-0.02070666,-0.02209633,-0.01097294,-0.01786957,-0.009971,-0.00428615,-0.02338107,-0.02398621,0.05369183,-0.01890644,-0.01588694,-0.01507958,-0.02673816,-0.02456697,-0.00595404,0.01278963,0.01329136,-0.0203586,-0.00173337,-0.00271405,-0.00058242,-0.02820379,-0.01101401,0.00024165,-0.01614391,-0.00473012,-0.00782416,-0.00847796,-0.0127868,0.00421297,-0.00871818,0.00453682,-0.00708524,-0.01607242,-0.01223794,-0.02856113,0.00281115,-0.01867388
"Np2_500361",-0.01226531,-0.0199571,-0.01770688,-0.016933,-0.01451857,-0.0190768,0.00739218,-0.00378594,-0.02128747,0.00243257,-0.00318234,-0.0205151,-0.01720668,-0.00790476,-0.01332809,-0.01550073,-0.0011693,-0.01065367,0.0135605,-0.02162042,-0.0313131,-0.01233371,-0.00130157,0.01024903,-0.01729639,0.00138804,-0.0118183,0.00959983,-0.00775119,-0.0042968,-0.02164478,-0.00843994,-0.02494864,1.0055672,0.00435894,0.02326077,-0.00733915,-0.01261957,-0.01363067,-0.01098207,-0.016226,0.00408526,-0.00723272,-0.01392103,-0.00544472,0.01812024,0.01597339,-0.01308329,-0.01049554,-0.02089218,-0.02320314,-0.02395123,-0.01508112,0.02686719,-0.01059133,0.00304378,-0.00902833,-0.01822535,-0.01240366,-0.02887744,-0.00840954,-0.01353031,-0.00856766,-0.00357156,-0.01069319,-0.01956637,-0.01029943,-0.00902377,-0.00774511,-0.01275946,-0.00684501,-0.0259247,-0.00602856,-0.00750183,-0.02326555,-0.01364433,-0.01783762,-0.0215961,0.00155985,-0.01475737,-0.03292628,0.01155357,-0.0200681,-0.02564344,-0.00860568,-0.01483481,-0.01267128,-0.01965456,-0.01742714,-0.0005961,-0.01053051,-0.00995123,0.00554943,-0.00461001,-0.0344771,-0.01594472,-0.00313976,-0.01627009,-0.01408983,0.00334786
"Np2_501265",-0.01942342,0.00420537,-0.01969556,-0.00858285,0.00158569,-0.02714716,-0.00599967,-0.00835935,-0.00381482,-0.00943885,-0.01687827,-0.00714757,-0.02284437,-0.02692211,-0.01212391,-0.01034348,-0.00254984,-0.01477095,-0.01640387,-0.01874377,-0.03102115,-0.01432241,-0.02700877,-0.00785609,-0.00332069,-0.00455374,0.00018083,-0.01519516,-0.01673381,-0.01206308,-0.01587934,-0.00830005,-0.01310153,0.00435894,0.99170514,-0.03528744,-0.02301161,-0.0140001,-0.0055846,0.01120385,-0.01182894,-0.0138678,-0.02092861,-0.01013214,0.01993411,-0.01382068,-0.00258785,-0.00534133,-0.01324444,0.00448665,-0.01378873,0.0026439,-0.00931569,0.07581238,-0.01987803,-0.01627769,-0.0251569,-0.04134784,-0.00709436,0.01505053,-0.01131048,-0.00913325,-0.0161819,-0.00069493,-0.00644819,-0.01288867,-0.02095451,0.01179376,0.03861544,-0.01946144,-0.01005005,-0.01757456,-0.02793472,0.00632178,-0.01871644,-0.03615862,-0.0146569,0.01381744,-0.02141057,0.00575623,-0.01362912,-0.00472708,-0.01658328,-0.01273205,-0.03400882,-0.01454288,-0.01161914,-0.0196667,0.00141389,-0.01003486,-0.02696315,-0.00068885,0.01557202,-0.00629463,0.00747427,-0.02127833,0.00125729,-0.01582612,-0.01060502,-0.03345842
"Np2_500312",-0.00797165,-0.01961651,-0.01508566,-0.00716582,-0.0164586,-0.00322794,-0.01948272,0.00780572,-0.02642037,-0.00057178,-0.01302857,-0.0102918,0.00913305,-0.01835913,-0.01435588,-0.01014279,0.00920601,-0.01304983,-0.00738476,-0.01459,-0.02154591,-0.00347881,-0.00354571,-0.03775962,-0.01178638,-0.02214191,-0.02637778,-0.0067842,-0.00391366,-0.01049401,-0.01887151,-0.00064931,-0.01624574,0.02326077,-0.03528744,0.98952152,-0.01870578,-0.03736587,-0.02043605,0.00228204,-0.003418,0.00153704,0.00283851,-0.00795491,-0.01361848,0.01207505,-0.00694839,-0.00118755,-0.00787434,0.00848839,-0.00522576,0.00862218,0.01186674,-0.02220577,-0.03244882,0.00216801,0.00666845,-0.00845818,-0.00795796,0.02011657,-0.00852508,-0.00087434,-0.0050342,-0.0175229,-0.02616494,-0.0069104,-0.02197014,-0.02966491,-0.02549747,0.00278531,-0.01912387,-0.02284736,0.0029784,0.00606636,-0.00194319,-0.0300283,-0.0038133,-0.02368818,-0.01816905,0.01964075,-0.01768559,-0.0078713,-0.00269884,-0.01542014,-0.02483765,-0.00369927,-0.03164001,-0.00699858,-0.01754267,-0.02366997,-0.00775726,-0.00885043,-0.00019167,-0.00624597,-0.00281591,-0.01940517,0.00495495,-0.01760196,-0.02119928,-0.01029941
"Np2_502799",-0.00801117,-0.00977333,0.00479225,-0.01374315,-0.02181959,-0.02318495,-0.000365,-0.03434935,-0.00061283,0.00455811,-0.01732528,-0.0189977,-0.03378225,-0.01520579,-0.00481678,-0.00759761,-0.0189612,0.01899143,-0.01472229,0.02277268,-0.01550379,0.00089086,-0.01027507,-0.02046642,-0.02292496,0.00062479,-0.0230724,0.01704683,0.02311024,-0.03394795,-0.03958873,0.00037544,-0.00016886,-0.00733915,-0.02301161,-0.01870578,0.99309195,0.00440607,-0.0238205,-0.01980353,-0.02185458,-0.01051377,-0.01818275,-0.01422815,-0.0037753,0.00230485,-0.01793491,-0.01263021,-0.01141082,-0.02439217,0.04034711,-0.01407155,-0.00626573,-0.01266668,-0.02747098,-0.00790627,0.00784524,-0.00059154,-0.01544753,-0.02690392,0.00177423,0.01520255,-0.0056819,-0.00585523,-0.0240759,-0.00877443,-0.00057178,-0.01252376,-0.01535022,-0.02522991,-0.02129199,-0.0181736,0.00613175,-0.01221815,-0.00928073,-0.01927289,-0.02331415,-0.00745926,3.639e-05,-0.01126341,-0.00373728,0.00151575,-0.0167262,-0.00375248,-0.00906484,-0.02046338,-0.01799578,-0.01600858,-0.009524,-0.01367475,-0.00825291,-0.00356851,-0.01513129,-0.00400488,-0.02718211,-0.00332829,0.01282159,0.00121168,0.00323991,-0.02827988
"Np2_501321",-0.01557221,-0.00958025,-0.01341169,-0.00533981,-0.01736935,-0.0064193,-0.01750467,-0.01195819,0.01341606,-0.02003162,-0.00861784,0.0002006,-0.01047882,-0.01410045,-0.00249511,-0.01029331,-0.01572729,0.01234265,-0.01255266,-0.03207327,-0.00801269,-0.01761716,-0.01023403,-0.01738454,-0.01072057,-0.01879549,-0.02227116,0.00887763,-0.00786522,-0.01383742,-0.00412195,-0.00885804,-0.00560131,-0.01261957,-0.0140001,-0.03736587,0.00440607,1.00123341,-0.01678554,-0.03162174,-0.01117061,-0.0008941,-0.00430592,-0.0006554,-0.00996797,0.01405312,-0.00177747,-0.0062034,-0.01000141,-0.01583678,-0.02134063,-0.02634589,-0.01397881,-0.01688281,-0.01283394,0.00308179,0.00682201,-0.0329354,-0.02300857,-0.00633721,0.00485612,-0.00254528,0.01245212,-0.02527553,-0.01111131,0.0054065,-0.0047879,-0.01157047,-0.01819797,-0.03020626,-0.02550812,-0.01281111,0.01514327,-0.03422315,-0.01775403,-0.00417973,0.00409438,-0.01851725,0.00494277,0.00367781,-0.02042083,-0.01714435,-0.02687196,0.00358656,-0.02331573,-0.00521817,-0.00959243,-0.01490325,0.01271516,-0.01697863,-0.01429353,-0.02542144,-0.00292691,-0.01217409,-0.00266235,-0.01773121,0.01559941,-0.01015041,-6.396e-05,-0.00071926
"Np2_501764",-0.01612718,0.00400468,-0.01563912,-0.00604681,-0.0088018,-0.03145302,-0.0215566,-0.02786938,-0.01405029,-0.01237632,-0.01175752,0.00542323,-0.01681138,-0.02499427,0.0098735,-0.01540952,-0.01810675,-0.00843387,-0.01143517,-0.02578637,0.09801368,0.00265759,-0.01595841,0.01140456,-0.01553271,-0.01722188,-0.018721,-0.00901012,-0.03806836,-0.00481375,-0.0238342,-0.00819667,0.01406529,-0.01363067,-0.0055846,-0.02043605,-0.0238205,-0.01678554,1.01380901,-0.00556939,0.01320931,-0.00616235,-0.0034925,-0.01261348,-0.00109632,-0.02466433,-0.00978247,-0.01025532,-0.00462673,-0.02673061,-0.01703028,0.00426771,-0.02107157,-0.032794,0.00272754,-0.01039673,-0.01000141,-0.00171361,-0.02523601,-0.01996779,-0.02565109,-0.01298296,-0.00954074,-0.02476621,-0.00680093,-0.02008332,-0.02054707,-0.02444081,-0.01753661,0.01637179,-0.00173641,-0.00804462,0.00044842,-0.01090757,-0.02089371,0.00955724,-0.01044841,-0.01451096,-0.01537759,-0.01603454,-0.01428596,-0.00796862,-0.02316976,-0.00228984,-0.01322776,-0.02188956,-0.0264159,-0.00329485,-0.01490326,0.00572885,0.00689348,-0.00894775,-0.0065227,0.00445169,-0.00595406,-0.00764324,0.00729031,-0.01344212,0.00090151,-0.02544889
"Np2_501778",-0.01773576,-0.00140497,-0.02044057,-0.01176053,-0.02379005,0.00251619,-0.01829984,-0.00834415,-0.03314366,-0.02645233,-0.02583354,-0.01002116,0.0200466,0.00547796,-0.01286891,-0.02766099,0.00750011,-0.03360891,-0.01866929,-0.0118867,0.00639629,-0.00518471,-0.00175466,-0.00601639,-0.00589019,-0.0215672,0.00323687,-0.00058394,0.01718669,0.00209199,-0.01327942,-0.00585218,0.00059742,-0.01098207,0.01120385,0.00228204,-0.01980353,-0.03162174,-0.00556939,0.99173555,-0.02200054,-0.0182618,-0.00951029,-0.00053833,0.00185633,-0.02688106,-0.01291146,-0.01672924,-0.02858544,-0.00325227,0.00127857,0.00326728,-0.00565149,0.09528891,-0.0139332,-0.00516343,-0.00948141,-0.00271404,-0.02045882,-0.02704988,-0.00430136,-0.01869667,-0.01677486,-0.0278952,-0.02102897,-0.0308144,-0.01531376,-0.00476356,0.00198861,-0.02856876,-0.02751961,-0.01467057,0.00081636,-0.01160391,-0.0054736,-0.0192668,-0.01661824,-0.01733587,-0.00740756,-0.00213478,-0.01680679,-0.01292214,0.02357092,-0.01849442,-0.01909351,-0.0095103,-0.0067386,-0.00459936,-0.00054745,-0.02415955,-0.02177853,-0.0085798,-0.01010783,-0.00263042,-0.0004167,-0.00727529,-0.03628184,-0.00562412,-0.01484698,-0.02067171
"Np2_502277",-0.01127247,-0.01166626,0.00563608,0.00671407,0.00411111,-0.01565129,-0.0036263,-0.00172881,-0.02090279,-0.00174402,-0.00979161,0.00708504,0.00051076,-0.03503964,-0.00914237,-0.00173641,-0.01583675,-0.024865,-0.03029896,-0.01074487,-0.00553746,-0.02107154,-0.01703333,-0.00821947,-0.00353203,-0.00202833,-0.016451,-0.01525446,-0.00675835,-0.00284784,-0.02247643,-0.01869818,-0.01498533,-0.016226,-0.01182894,-0.003418,-0.02185458,-0.01117061,0.01320931,-0.02200054,0.99842936,-0.01605568,-0.01368992,-0.02372315,-0.02315304,-0.01479223,-0.02074009,-0.01513129,0.00980659,-0.02658918,-0.02555522,0.00030398,-0.0320292,-0.02048923,-0.01248729,-0.01800945,-0.006211,-0.0248346,0.00105659,-0.01526512,-0.03311176,-0.01208134,-0.01213607,-0.02158395,-0.01547794,-0.0144684,-0.0270955,0.02055288,-0.01891561,-0.00857374,-0.01056547,-0.02979719,-0.00914085,-0.0010355,-0.02075229,-0.01690865,-0.02368665,-0.02014714,-0.01386781,-0.02395137,-0.02250684,-0.02333549,-0.01056092,-0.02434651,-0.01384656,-0.00091843,-0.01836829,-0.02003009,-0.0229721,-0.01921668,-0.02154896,-0.01990538,-0.02477836,0.00216041,0.31651589,-0.03000401,-0.00108263,-0.01923034,0.01594302,-0.0079747
"Np2_501999",-0.02699506,-0.01720207,-0.00035587,-0.00095036,-0.00294514,-0.0102401,-0.02132545,-0.01866776,-0.00971403,-0.01123294,-0.02931528,-0.01578352,-0.0161241,0.034229,0.00083005,0.00230637,-0.01544294,-0.01230786,-0.00512238,-0.02145009,-0.02506109,-0.01611648,-0.00569253,-0.0145155,0.00142301,-0.00254679,-0.00587042,-0.00558611,2.118e-05,-0.01370511,-0.02390712,0.00830288,0.00517387,0.00408526,-0.0138678,0.00153704,-0.01051377,-0.0008941,-0.00616235,-0.0182618,-0.01605568,0.97686379,-0.00386956,-0.00341191,-0.00390605,-0.0139423,-0.00772684,-0.00683132,-0.01655893,-0.00536565,-0.01254198,-0.02119619,-0.01278222,0.0027108,0.00387088,-0.02156872,-0.03166425,-0.01486216,0.01954331,-0.0093978,-0.00154941,0.0019962,-0.00490039,-0.01282785,-0.02131783,-0.01605112,-0.00906483,-0.00870143,-0.01396055,0.00778443,-0.00120122,-0.01009412,-0.02425529,-0.00869991,0.00396819,0.00325054,-0.00960911,-0.02233803,-0.01377808,-0.01914832,-0.02834672,0.00412175,-0.02430697,-0.00905263,-0.00569862,-0.01010325,-0.01812651,-0.02161282,-0.00570166,-0.01912695,-0.00701529,-0.00719621,-0.00066604,-0.02709392,-0.03795574,-0.01045295,-0.02684001,-0.01853244,-0.00114801,0.00792735
"Np2_504233",0.00258613,-0.01696489,-0.00832893,-0.01500509,-0.02308152,-0.01106721,-0.01667906,-0.005355,-0.02513713,0.01697992,-0.01296166,-0.00125444,-0.01406243,0.00755484,-0.00957568,-0.03060146,-0.01566188,0.0298928,-0.01704852,-0.02212516,-0.00247382,-0.01481501,-0.02522075,-0.0189916,-0.01886543,-0.01781784,-0.01414755,-0.00185197,-0.01129679,0.01025054,-0.02823119,-0.02186822,0.01042842,-0.00723272,-0.02092861,0.00283851,-0.01818275,-0.00430592,-0.0034925,-0.00951029,-0.01368992,-0.00386956,0.98235631,-0.02202786,-0.02191388,-0.00503875,-0.00414475,-0.01024314,-0.02909323,-0.00467234,-0.01519358,0.00427987,-0.02881348,-0.01301637,-0.01109609,-0.0065835,-0.01880763,-0.00094123,-0.01458088,-0.010529,0.00324903,0.00588239,-0.02093166,0.02025032,-0.02138474,-0.00973229,-0.00198577,0.00278682,-0.00551313,-0.00398968,0.00390128,-0.01335389,0.00319734,-0.01195968,-0.00871817,0.0022714,-0.01499747,-0.01297836,-0.02342359,-0.01222127,-0.01685847,-0.01160544,-0.01479526,-0.00425422,-0.00682981,1.662e-05,0.0037006,0.00264694,-0.00592061,-0.02329897,-0.0122516,-0.00771924,-0.01365648,-0.03020165,-0.00776638,-0.00063716,-0.01139867,-0.01160543,-0.01702726,-0.02574077
"Np2_500410",-0.00227768,-0.00145514,-0.02049072,-0.02123727,-0.01927896,-0.0107616,-0.014701,0.0022486,-0.02543968,0.00056094,-0.01159177,-0.00748663,-0.01816603,-0.02178765,0.00836675,-0.01296314,0.00744993,-0.01936716,-0.01704699,-0.01330524,0.00512978,-0.02135127,-0.02309064,-0.01214821,-0.02600987,0.00559806,-0.02965426,-0.0137097,-0.01311977,-0.00145514,-0.01196121,-0.00346968,0.00176359,-0.01392103,-0.01013214,-0.00795491,-0.01422815,-0.0006554,-0.01261348,-0.00053833,-0.02372315,-0.00341191,-0.02202786,0.97977428,-0.00883676,0.00362913,-0.00049423,-0.00780895,-0.00780591,0.0030833,-0.01154307,-0.01700442,-0.01588843,-0.01940059,0.00943103,-0.01965756,0.0131226,-0.03697357,0.00746666,-0.01113564,0.00264238,-0.03516732,0.01191084,0.00231093,-0.00389844,-0.02219817,-0.00563325,-0.01150355,-0.01813105,-0.00794123,-0.01145338,-0.00863908,-0.01975943,-0.02640209,-0.00065844,-0.02448637,-0.02168577,-0.03411059,-0.00836997,0.04190735,-0.00651812,-0.00810696,-0.01494578,-0.016416,-0.01002116,-0.00287064,-0.00283568,-0.02015778,-0.00166191,-0.0004912,-0.02365319,-0.03949435,0.00230941,-0.00617755,-0.02008023,-0.0162959,0.02615715,0.00724924,-0.00714302,-0.01220753
"Np2_502978",0.01486503,-0.02110655,-0.03101966,0.00107484,-0.01460371,-0.02645996,-0.00318385,-0.0101048,0.01010004,-0.02289155,-0.00174707,-0.01421449,-0.02899905,-0.01391953,-0.01341324,-0.01604201,-0.0131137,-0.02503075,-0.01100337,-0.00330852,0.00326728,-0.00588107,-0.03012263,0.01442107,-0.00521818,0.00571211,-0.00840649,-0.00644973,-0.03353142,-0.01441671,-0.0176248,-0.00061891,-0.0276185,-0.00544472,0.01993411,-0.01361848,-0.0037753,-0.00996797,-0.00109632,0.00185633,-0.02315304,-0.00390605,-0.02191388,-0.00883676,1.01208766,-0.01465389,-0.01740887,-0.01256028,-0.00693169,0.00228509,-0.00778007,-0.01552204,-0.00497947,-0.00651509,-0.00839585,-0.01224556,-0.00896145,-0.01663805,-0.01765824,-0.02637789,-0.02202641,-0.00418886,-0.02051208,-0.00517713,0.01963003,0.00452315,-0.00369472,0.00107787,-0.00524555,-0.03641111,-0.01620471,-0.02053636,-0.01295559,-0.01442886,-0.01894149,-0.00430288,-0.00682373,-0.00966996,-0.03699184,-0.01590681,-0.01415824,-0.0222849,0.00310915,-0.02679288,-0.00124076,-0.01537608,-0.00454616,0.00793193,-0.00291626,-0.01132419,0.0114304,-0.01581395,0.01048168,-0.01549014,-0.00308959,-0.00675532,-0.01934137,-0.01802771,-0.01508723,0.00478315
"Np2_504152",-0.01949792,-0.0001263,-0.01292819,-0.01625944,-0.00335413,-0.01186544,-0.001817,0.00205703,-0.01438019,-0.03764107,-0.02774775,-0.01436804,-0.00801878,0.00584439,0.01030376,-0.01239452,-0.01919686,-0.00526683,-0.02347228,-0.01152028,-0.01133024,-0.01439691,-0.00062803,0.0022562,-5.028e-05,-0.02439365,-0.01616211,-0.02074316,-0.01361543,-0.010009,-0.02233959,-0.01582459,-0.01226377,0.01812024,-0.01382068,0.01207505,0.00230485,0.01405312,-0.02466433,-0.02688106,-0.01479223,-0.0139423,-0.00503875,0.00362913,-0.01465389,0.98897105,0.00341931,-0.01180157,-0.01499139,-0.03101357,-0.00838974,-0.00488064,-0.0002677,-0.01427071,-0.01204635,0.00082853,-0.01139561,-0.01025379,-0.0208526,-0.02455486,-0.0147299,-0.01878637,0.00457331,0.00181528,-0.00834718,0.01105942,-0.01418712,-0.0086543,-0.01862672,-0.02440128,-0.00799596,-0.00259697,0.07203422,-0.01853547,-0.01270927,-0.01251464,-0.0183804,-0.02502766,0.03598658,0.02119006,-0.01856895,-0.00571383,-0.0090557,-0.0012514,-0.01462196,-0.00807959,-0.01899165,-0.01913304,-0.02055462,-0.01725533,-0.01304983,-0.03573287,-0.01110979,-0.01716409,-0.0059799,-0.02348141,-0.01614998,-0.02213432,-0.02375511,-0.00920623
"Np2_503618",-0.02833456,-0.02827221,-0.00610456,-0.02752875,-0.0038285,-0.01507655,-0.0079169,-0.02107153,-0.0113576,-0.01606938,-0.01088933,-0.02350875,-0.01791972,0.00415368,0.01697535,-0.01378112,0.01301769,0.03150899,-0.00342103,-0.01944467,-0.02746487,0.00443798,-0.01585043,-0.02284889,-0.01466452,-0.01346489,-0.00690581,-0.01285522,-0.00739996,-0.01200378,-0.01217103,-0.02283672,0.00809155,0.01597339,-0.00258785,-0.00694839,-0.01793491,-0.00177747,-0.00978247,-0.01291146,-0.02074009,-0.00772684,-0.00414475,-0.00049423,-0.01740887,0.00341931,0.9788984,-0.00254528,-0.00679939,-0.02434197,-0.00354266,-0.00307438,-0.01792275,0.01368667,-0.0084156,5.008e-05,-0.02783433,-0.00555874,-0.01919838,-0.01925163,0.00167236,-0.01910869,0.00288261,0.01183178,-0.01155829,-0.01830286,-0.01542169,-0.01095316,-0.00708979,0.00538065,-0.00482133,-0.01006523,-0.01282329,-0.00258937,-0.00953462,-0.01770228,-0.01991904,0.000193,0.00039065,-0.01851126,-0.00535956,0.01251293,-0.00481678,-0.0316779,-0.01676878,-0.01676419,-0.02661197,-0.01398185,-0.02680656,-0.02593994,-0.00318536,-0.01127244,-0.01219231,-0.01034045,-0.01375226,-0.01985064,-0.00430896,-0.00086673,-0.02879071,0.00445928
"Np2_504362",-0.02379007,-0.02190322,-0.02512649,-0.01979137,-0.0245229,-0.03075359,0.00407766,0.01175272,-0.01198251,0.00504769,-0.01805204,-0.02200509,-0.01884871,-0.01638867,-0.01725076,-0.01045295,-0.01330221,0.00868604,-0.02077051,-0.02098182,3.791e-05,-0.01199921,-0.01510696,-0.01328702,-0.02152314,-0.00648771,-0.00677051,-0.0279241,0.01037219,-0.02281546,-0.00412955,-0.00582482,-0.00986608,-0.01308329,-0.00534133,-0.00118755,-0.01263021,-0.0062034,-0.01025532,-0.01672924,-0.01513129,-0.00683132,-0.01024314,-0.00780895,-0.01256028,-0.01180157,-0.00254528,0.99437537,-0.01396208,-0.00626574,-0.00264714,-0.01023706,-0.00486391,-0.00320665,-0.0025027,-0.00817691,0.00103682,-0.00223055,0.01697078,-0.00634481,-0.01643733,-0.01152335,-0.01294646,0.07035114,-0.02008936,-0.00722056,-0.00312304,0.01776595,-0.02079028,-0.00816779,-0.01624117,-0.00293602,0.01042236,-0.01978679,-0.02110654,-0.01559044,-0.03088278,-0.02369426,-0.00357916,-0.01381469,-0.00476813,-0.01380702,-0.01471621,-0.01268948,-0.00735892,-0.01434827,-0.00701531,-0.02236089,-0.00477725,-0.01166476,-0.01050009,-0.02527699,-0.01616214,-0.00731635,-0.0009975,-0.00557546,-0.00949512,-0.01776009,-0.01041041,-0.01760351
"Np2_502435",-0.02165842,-0.00852051,0.0010277,-0.01537911,-0.0046024,-0.01600249,-0.01994188,-0.03431286,-0.02581525,-0.00604832,-0.00877444,0.0143359,-0.02310283,-0.02064279,-0.02287325,-0.0130346,-0.02667881,-0.00210588,-0.01316538,-0.0133767,0.00977161,-0.01154004,-0.02346619,-0.01693297,-0.00251487,-0.00587651,-0.00098989,0.0283344,-0.00954224,-0.01353788,-0.02115518,-0.01813714,0.00792583,-0.01049554,-0.01324444,-0.00787434,-0.01141082,-0.01000141,-0.00462673,-0.02858544,0.00980659,-0.01655893,-0.02909323,-0.00780591,-0.00693169,-0.01499139,-0.00679939,-0.01396208,0.98769068,-0.01568928,-0.02514621,-0.00932177,-0.00394862,-0.01415061,-0.02560998,-0.00498099,-0.0229827,0.01084807,-0.0167794,0.03486158,-0.01035261,-0.01167234,-0.02784349,-0.00885957,-0.03574659,0.01315606,-0.01497926,-0.02084954,0.04687129,-0.01424641,-0.01213301,-0.01722486,-0.01937477,0.00651944,0.0156906,-0.02288538,-0.01187454,-0.0328137,0.00022492,-0.01670045,0.01302379,0.00307267,-0.01486521,-0.01542318,0.01590651,-0.0164738,-0.0045796,-0.00608937,-0.01359262,-0.01424641,-0.00335109,0.0163854,-0.03455614,-0.00792148,-0.01224554,-0.00800509,0.01240195,-0.01167538,-0.03777488,-0.0148637
"Np2_503869",-0.01593865,-0.01329159,-0.00374336,-0.00905115,-0.01317452,-0.0157562,-0.00236283,0.00166323,-0.02800163,-0.02146233,-0.00457505,-0.00259849,0.00086198,-0.01841996,-0.01745754,-0.0076189,0.00230333,-0.01295862,0.0030453,-0.02301312,-0.00381787,0.0159217,-0.01136066,0.00581549,-0.02477076,0.00470864,-0.00864975,-0.01201445,0.03266761,-0.0359458,-0.01725989,-0.01180918,-0.01356982,-0.02089218,0.00448665,0.00848839,-0.02439217,-0.01583678,-0.02673061,-0.00325227,-0.02658918,-0.00536565,-0.00467234,0.0030833,0.00228509,-0.03101357,-0.02434197,-0.00626574,-0.01568928,1.00414997,0.00185937,-0.00755505,-0.00887174,-0.01010327,-0.00757482,0.00484395,-0.00950879,-0.03102119,0.0053609,-0.0159782,-0.0187727,-0.01720363,-0.00798382,-0.0192562,-0.02364107,-0.03008158,-0.00104919,0.00205095,-0.00412043,-0.00685415,-0.03408479,-0.02275615,-0.00970189,-0.00737412,0.00149295,-0.01366865,-0.02044666,0.00179399,-0.0080431,-0.02420833,-0.0107525,-0.01918323,0.00088934,0.00565281,0.00201294,-0.00801725,-0.01497624,-0.00401857,0.00292215,-0.01430421,-0.02986413,-0.01605721,-0.01849752,-0.00128942,-0.0100227,-0.00471796,-0.00514063,-0.0027627,-0.00514367,-0.0261726
"Np2_500942",0.00805353,0.00568321,-0.00727072,-0.00908154,-0.02217532,-0.01183349,-0.00649835,-0.01782847,-0.02940033,0.00161763,0.00010785,-0.01129525,-0.01133175,-0.009936,-0.01627157,-0.02042074,-0.00989038,-0.01238082,-0.00762801,-0.01422507,-0.00217581,0.01695553,0.02585909,-0.03116096,-0.0229766,-0.00155548,-0.00868013,-0.02724898,-0.01191102,-0.0020709,-0.0112086,-0.00408545,-0.03807885,-0.02320314,-0.01378873,-0.00522576,0.04034711,-0.02134063,-0.01703028,0.00127857,-0.02555522,-0.01254198,-0.01519358,-0.01154307,-0.00778007,-0.00838974,-0.00354266,-0.00264714,-0.02514621,0.00185937,0.96348833,-0.01093035,-0.02121746,-0.01089386,-0.02280934,-0.01206307,-0.01683715,-0.01067797,-0.00728896,-0.0099269,0.01145318,-0.00917579,-0.00892645,-0.01700593,-0.0107479,-0.01019448,0.01655722,0.00232461,-0.02543661,-0.01494273,-0.01769465,-0.00621402,-0.01855068,-0.0074045,0.00815236,-0.00199184,-0.01880455,-0.0239314,-0.00655307,-0.000216,-0.01929719,-0.01936563,-0.01145642,-0.02721851,0.00745601,-0.00591907,-0.00558003,0.00948272,-0.01626549,-0.03349182,-0.00511173,-0.00909368,-0.00712477,-0.0052729,-0.01978373,-0.0100698,-0.01079657,-0.00385739,-0.00046079,-0.00461304
"Np2_504102",0.01186675,-0.02258436,0.00399251,0.00355008,-0.01668971,-0.03295513,0.0008118,-0.00519688,0.0010201,-0.02011218,0.00604965,-0.00383307,-0.02348293,0.00695277,-0.0161074,-0.02025657,-0.01900072,-0.01875443,0.00865259,-0.00585066,0.00543843,-0.0190661,-0.00392885,-0.00712629,-0.0255492,-0.01507502,-0.01322923,-0.01264085,0.00072057,-0.02623335,-0.02442407,-0.02429482,-0.02012584,-0.02395123,0.0026439,0.00862218,-0.01407155,-0.02634589,0.00426771,0.00326728,0.00030398,-0.02119619,0.00427987,-0.01700442,-0.01552204,-0.00488064,-0.00307438,-0.01023706,-0.00932177,-0.00755505,-0.01093035,0.98738655,-0.00478485,0.0023459,-0.01139409,-0.00961826,-0.02549138,0.00058526,-0.00666865,-0.0257271,-0.00525922,-0.00961978,-0.0162123,0.00626858,-0.03719099,-0.00212412,0.00394995,-0.00632959,-0.016302,-0.00580809,-0.00491104,-0.02383866,-0.02309979,-0.02806999,-0.00141409,-0.00882155,-0.02152917,-0.00962737,-0.01794403,0.00983097,-0.00605744,-0.0073422,-0.00931569,0.00913151,-0.0103207,-0.00925183,-0.013322,-0.00798989,-0.00880331,-0.01386632,0.00159025,-0.00117538,-0.01790757,-0.00951791,-0.01916343,-0.01887606,-0.01260893,0.01135893,-0.01337217,-0.02968778
"Np2_503592",-0.0028296,-0.00869688,-0.01693752,-0.01433915,-0.01967884,-0.00112673,0.00162371,0.00169669,-0.00272924,-0.01808394,0.001236,-0.00667017,0.00454443,-0.01777833,-0.01818429,-0.01564363,-0.01043471,-0.01748641,-0.00209067,-0.01537757,0.00275338,-0.02220727,-0.00478941,-0.00327355,0.00126185,-0.00529267,-0.00907241,-0.03053009,-0.0170166,-0.0010948,0.00223491,-0.00721447,0.00090759,-0.01508112,-0.00931569,0.01186674,-0.00626573,-0.01397881,-0.02107157,-0.00565149,-0.0320292,-0.01278222,-0.02881348,-0.01588843,-0.00497947,-0.0002677,-0.01792275,-0.00486391,-0.00394862,-0.00887174,-0.02121746,-0.00478485,0.98825027,-0.01219839,-0.01788019,-0.00515735,-0.0071947,-0.00514062,-0.00722512,0.00473297,-0.02436478,0.00989325,-0.01555245,-0.0078196,-0.01722185,-0.01530005,-0.01196275,-0.0114473,0.01172535,-0.01731157,-0.01626245,0.00282026,-0.00313064,-0.02877851,-0.00546752,-0.01667601,0.00163282,-0.01155222,-0.00755351,-0.02402281,-0.00387716,-0.02447123,0.00381158,-0.02928327,-0.01513434,-0.00920013,0.0042145,0.00909048,-0.01164042,-0.01563912,-0.03165515,-0.00720534,-0.01557526,-0.00444884,-0.03051486,0.00306962,-0.01635828,-0.01367625,-0.00784697,-0.01139107
"Np2_503461",-0.02215408,-0.02193969,-0.01406394,-0.00705635,-0.00099294,-0.02425227,-0.01876508,-0.01063389,-0.02174964,-0.00608785,-0.01565585,-0.02371403,-0.02040561,-0.01809761,-0.00892494,-0.0339038,-0.00239172,-0.01141994,-0.01426919,-0.005206,-0.03177526,-0.02191839,-0.02107306,-0.00207242,-0.0182147,-0.00789257,-0.01091211,-0.01914215,-0.01216647,-0.03227851,0.03566887,-0.02501853,-0.00640561,0.02686719,0.07581238,-0.02220577,-0.01266668,-0.01688281,-0.032794,0.09528891,-0.02048923,0.0027108,-0.01301637,-0.01940059,-0.00651509,-0.01427071,0.01368667,-0.00320665,-0.01415061,-0.01010327,-0.01089386,0.0023459,-0.01219839,0.98533066,-0.01424639,-0.01794406,-0.0199814,-0.02020795,-0.01803526,-0.00835784,-0.02209935,-0.00471795,-0.00538085,-0.00464193,-0.02575138,-0.01379484,-0.00544016,-0.01100637,0.00106723,-0.00866039,-0.02311952,-0.00859804,-0.00421013,0.00724011,-0.02266343,-0.01304222,-0.01176203,-0.03254915,-0.00209523,0.00652253,-0.00495666,-7.7e-06,-0.00730266,-0.00801268,0.00294342,-0.02107457,-0.01571818,-0.00384828,-0.00329332,-0.01170123,-0.01616211,-0.00022664,-0.00768429,-0.01145796,-0.01182893,-0.00226704,-0.02792865,-0.01019449,-0.02945211,-0.01079811
"Np2_503927",-0.01476031,0.0176869,-0.01107936,-0.01593103,-0.00500227,-0.01427378,-0.02657547,-0.01190649,-0.00873033,0.00449882,-0.01297536,-0.00142017,-0.01164346,-0.01024771,-0.0246415,-0.02848658,-0.01780416,-7.307e-05,-0.0181265,-0.0124082,-0.00370383,-0.02136649,-0.02356199,-0.02660737,-0.00230657,-0.00946925,-0.00214996,-0.02178313,-0.01663194,-0.02077962,-0.02778876,-0.02872379,0.02713934,-0.01059133,-0.01987803,-0.03244882,-0.02747098,-0.01283394,0.00272754,-0.0139332,-0.01248729,0.00387088,-0.01109609,0.00943103,-0.00839585,-0.01204635,-0.0084156,-0.0025027,-0.02560998,-0.00757482,-0.02280934,-0.01139409,-0.01788019,-0.01424639,0.9919089,-0.01678399,-0.02186216,0.02169929,0.01794233,-0.02498666,-0.0268689,-0.02013042,-0.00619732,-0.00804311,-0.00999531,-0.01293885,0.00712307,-0.02322595,-0.01875443,0.02473254,0.04539493,-0.02066556,-0.00791539,-0.01471012,-0.00553898,-0.00351986,0.01129202,-0.02941254,0.01898228,-0.01542785,-0.01793645,-0.02043756,-0.00249359,-0.01293426,0.00303921,-0.01444101,0.00171037,-0.01956484,-0.02387521,0.00238239,-0.01804288,-0.00864518,-0.01367018,-0.0183561,-0.01279744,-0.01433458,0.0069847,0.00480137,-0.00335718,0.0010049
"Np2_502591",0.00267583,-0.01261804,-0.00580657,-0.01278682,-0.01736631,-0.02314087,-0.00153724,-0.01271535,0.00125577,-0.02413371,-0.01500057,-0.01317604,-0.01640541,-0.00877595,-0.01693604,0.01099554,-0.0119232,0.00915282,-0.01711088,-0.01534566,-0.00876987,-0.02232741,-0.02041778,-0.01418863,0.00022948,-0.0178802,-0.01953137,0.00918475,-0.00816627,0.01246884,-0.0211476,-0.00429375,-0.00985545,0.00304378,-0.01627769,0.00216801,-0.00790627,0.00308179,-0.01039673,-0.00516343,-0.01800945,-0.02156872,-0.0065835,-0.01965756,-0.01224556,0.00082853,5.008e-05,-0.00817691,-0.00498099,0.00484395,-0.01206307,-0.00961826,-0.00515735,-0.01794406,-0.01678399,1.00260805,-0.01658938,-0.00723729,-0.01312282,-0.01591282,-0.03710438,-0.00619124,-1.226e-05,0.00954509,0.00287957,-0.00264867,-0.01193084,-0.00031635,-0.00755201,-0.01834395,-0.01030092,-0.01463257,0.02852599,-0.01947207,-0.01364586,-0.00052768,0.00288109,-0.02064279,-0.02531046,-0.01015503,-0.02148208,0.00277619,-0.02838934,-0.02742687,-0.01890347,-0.01965909,-0.00381179,-0.00592973,-0.00461457,-0.02731444,-0.02645383,-0.01173466,-0.01083004,-0.01794864,-0.02029616,0.00477401,-0.01678249,-0.01364433,-0.00051704,-0.00877444
"Np2_504045",0.00094256,0.0054141,-0.02259195,-0.02729158,0.00309851,-0.00662912,-0.0145216,0.00364433,-0.01172859,-0.01917713,0.01002555,0.00424794,-0.02026726,-0.00655613,-0.00285697,-0.00107655,-0.0068146,-0.0047438,-0.02553396,-0.00962888,0.01534394,-0.02512495,-0.00755504,-0.00497489,-0.00576096,-0.01109913,-0.00697272,0.00213001,-0.00853116,-0.01115843,-0.01193385,-0.02320772,-0.02055917,-0.00902833,-0.0251569,0.00666845,0.00784524,0.00682201,-0.01000141,-0.00948141,-0.006211,-0.03166425,-0.01880763,0.0131226,-0.00896145,-0.01139561,-0.02783433,0.00103682,-0.0229827,-0.00950879,-0.01683715,-0.02549138,-0.0071947,-0.0199814,-0.02186216,-0.01658938,0.98849661,-0.00638585,-0.01607241,-0.0144532,0.00571058,-0.01507047,0.01315454,-0.00359132,-0.00675986,-0.00590236,-0.00682222,-0.01618947,-0.00183524,-0.00913021,-0.00853723,-0.01925461,-0.02079636,-0.01481958,-0.00716886,-0.00317321,-0.0208982,0.01669862,-0.02841208,-0.01994656,0.0006552,-0.00655918,-0.00017039,0.00063999,-0.01440302,-0.00922902,-0.00372057,-0.01176813,-0.02307243,-0.00913021,-0.01769621,0.00888216,-0.01955722,-0.01527269,-0.02172533,-0.01824509,-0.0074167,-0.01674597,-0.02277596,-0.02267105
"Np2_500315",-0.01266365,-0.02263606,-0.00746231,-0.00957721,-0.02723228,0.00728422,-0.02235024,-0.01300271,-0.01271535,-0.01925164,-0.01498384,-0.00631743,-0.00757026,0.00294799,0.00117366,-0.01361845,-0.00476052,-0.01911022,-0.00219406,-0.01152789,-0.02122055,-0.01121164,-0.02739497,-0.00915453,-0.01282939,-0.0209043,-0.02057893,-0.0277447,-0.00784545,-0.01244927,-0.01748186,0.00651793,-0.02930005,-0.01822535,-0.04134784,-0.00845818,-0.00059154,-0.0329354,-0.00171361,-0.00271404,-0.0248346,-0.01486216,-0.00094123,-0.03697357,-0.01663805,-0.01025379,-0.00555874,-0.00223055,0.01084807,-0.03102119,-0.01067797,0.00058526,-0.00514062,-0.02020795,0.02169929,-0.00723729,-0.00638585,0.99625486,-0.00231113,0.00462958,-0.00470275,-0.01073577,-0.01246297,-0.03346602,-0.00774662,-0.02437392,-0.00476813,-0.01276702,0.02637001,-0.00646796,-0.02411997,-0.01248726,-0.00049728,-0.01002876,-0.00709133,-0.00522425,0.00396211,-0.01317602,-0.01282632,-0.01409141,-0.01644798,-0.00800206,-0.00693473,-0.01372641,0.00300729,-0.02861281,-0.00303486,0.01810961,-0.0033815,0.00843215,0.00807635,-0.01354243,0.01412154,-0.02751054,-0.01282938,0.01923469,-0.03060157,-0.00678572,-0.00202073,-0.00252399
"Np2_503623",-0.01839713,-0.00145818,-0.01623662,-0.00314736,-0.0141126,0.01736307,0.00247666,-0.00201161,-0.01373554,-0.01342995,-0.01691628,-0.02512649,-0.01087108,-0.00613042,-0.01459458,-0.0295387,-0.01566341,-0.02758046,-0.01811434,-0.03596246,0.00010937,-0.00250118,0.00488196,0.0001641,-0.02160371,-0.00900096,-0.01582154,0.00042714,-0.00658502,-0.00875617,-0.02808068,-0.01563605,-0.02515082,-0.01240366,-0.00709436,-0.00795796,-0.01544753,-0.02300857,-0.02523601,-0.02045882,0.00105659,0.01954331,-0.01458088,0.00746666,-0.01765824,-0.0208526,-0.01919838,0.01697078,-0.0167794,0.0053609,-0.00728896,-0.00666865,-0.00722512,-0.01803526,0.01794233,-0.01312282,-0.01607241,-0.00231113,0.98950023,-0.00688151,-0.02168733,-0.00521817,0.00628227,-0.01715345,-0.00648619,-0.0035001,-0.01962414,-0.01774029,-0.01068406,0.01030073,0.00830897,-0.01381153,-0.02082677,-0.01044079,0.00648448,-0.00563628,-0.01910412,-0.00294514,-0.02023225,-0.00735744,-0.0040885,-0.01525597,0.00025533,-0.02964665,-0.0037905,-0.01853396,-0.01804291,-0.01970472,-0.01854159,-0.0047514,-0.00647555,-0.00756872,0.00413088,-0.00724489,0.00682809,-0.00884892,-0.02417171,0.0054217,-0.02523904,-0.00856157
"Np2_502145",-0.00902379,-0.00424815,-0.02510828,-0.02524667,-0.01568626,-0.00199945,-0.01354096,0.0143557,-0.02534397,-0.02412614,-0.01240826,-0.01103987,-0.00864368,-0.00800815,-0.01540804,-0.02427052,-0.01617278,-0.01866324,0.01710613,0.00792432,-0.0008561,-0.02216779,-0.01873775,-0.0299934,-0.01694366,-0.02319409,-0.02104421,-0.02060789,-0.00648621,0.00745907,-0.01779509,-0.00154941,0.00353184,-0.02887744,0.01505053,0.02011657,-0.02690392,-0.00633721,-0.01996779,-0.02704988,-0.01526512,-0.0093978,-0.010529,-0.01113564,-0.02637789,-0.02455486,-0.01925163,-0.00634481,0.03486158,-0.0159782,-0.0099269,-0.0257271,0.00473297,-0.00835784,-0.02498666,-0.01591282,-0.0144532,0.00462958,-0.00688151,1.01828575,-0.00577618,-0.0107449,-0.00030874,-0.02739351,-0.00471492,-0.01632485,-0.02089373,-0.00973534,-0.02852621,-0.01970476,-0.02017604,0.03053138,-0.02452903,-0.00319602,-0.01622298,-0.0161804,0.00091215,-0.00771166,0.00267279,0.0006476,-0.01159178,-0.01105204,-0.02473276,-0.00978247,0.00421451,-0.02299643,-0.0171839,-0.00653031,-0.01129682,-0.00906181,-0.01610742,-0.00975053,-0.00276422,0.01018671,-0.02165695,0.00341324,-0.01266977,-0.00968366,0.0332439,0.00157202
"Np2_503254",-0.00877747,-0.01586108,-0.00281591,-0.00097773,-0.03733394,-0.01057156,-0.02089672,-0.01215736,-0.004572,0.0088092,-0.02995086,-0.01094558,-0.0096137,-0.01810067,-0.01592192,-0.01991905,0.00323078,0.0005883,0.008534,0.00558591,-0.00836391,-0.00717342,-0.00845666,-0.01591125,-0.00422991,-0.00759154,-0.00027226,-0.01960133,0.01945516,-0.00886717,-0.02043756,-0.01939605,-0.00564844,-0.00840954,-0.01131048,-0.00852508,0.00177423,0.00485612,-0.02565109,-0.00430136,-0.03311176,-0.00154941,0.00324903,0.00264238,-0.02202641,-0.0147299,0.00167236,-0.01643733,-0.01035261,-0.0187727,0.01145318,-0.00525922,-0.02436478,-0.02209935,-0.0268689,-0.03710438,0.00571058,-0.00470275,-0.02168733,-0.00577618,0.99703343,-0.01004245,-0.00964107,-0.00966236,-0.02332177,-0.01227747,-0.01593409,-0.0186115,-0.01611652,-0.01185632,-0.02601137,-0.00540821,-0.01880918,-0.00644666,-0.01810523,-0.00817994,0.00237479,-0.03285629,-0.00103398,0.00347864,0.01328531,-0.00974142,-0.0065455,0.0023231,-0.00618212,-0.01970926,-0.00264563,-0.017231,-0.02017301,0.00076315,-0.03288975,-0.0105685,-0.02106701,0.00952076,-0.01852183,-0.02948555,0.01403185,0.00622297,-0.01713978,0.01094084
"Np2_502088",-0.00051856,-0.01155527,-0.02907045,0.00135156,-0.00885349,-0.01614846,-0.0184154,-0.01712608,-0.03006635,-0.00999533,-0.01652251,-0.02610109,0.00351055,-0.03705723,-0.01252834,-0.0216949,-0.00401856,0.00322167,-0.01908893,-0.00318385,-0.00025705,-0.02886671,0.02504117,-0.00126661,-0.02257832,-0.03156547,-0.01846859,-0.02411394,-0.00664737,-0.00228073,-0.00062347,-0.01007286,-0.0238448,-0.01353031,-0.00913325,-0.00087434,0.01520255,-0.00254528,-0.01298296,-0.01869667,-0.01208134,0.0019962,0.00588239,-0.03516732,-0.00418886,-0.01878637,-0.01910869,-0.01152335,-0.01167234,-0.01720363,-0.00917579,-0.00961978,0.00989325,-0.00471795,-0.02013042,-0.00619124,-0.01507047,-0.01073577,-0.00521817,-0.0107449,-0.01004245,0.99865138,-0.01263326,0.03311005,0.01245667,-0.00265019,-0.02789676,-0.00351074,-0.02002096,-0.01591281,-0.01988106,0.00452313,-0.01237478,-0.00274901,-0.0093902,-0.02227116,-0.01916646,0.00885176,-0.00037716,-0.02672919,-0.0178346,-0.00057026,-0.02048468,-0.01845794,-0.01449578,-0.00263194,0.02066544,0.00151879,-0.02225294,-0.01363218,-0.00152051,-0.01918622,-3.659e-05,-0.0115644,-0.01862522,0.01146232,-0.02058505,-0.01182134,0.00069777,-0.01318518
"Np2_500794",-0.00847947,0.01058808,-0.03611911,-0.00113585,-0.02259197,-0.01179399,-0.01162825,-0.00486544,0.00028725,-0.02282159,-0.0174895,0.01413522,-0.02178313,-0.00837608,0.00140477,-0.00502508,-0.01502029,-0.0064117,-0.02963455,-0.01601008,-0.00852203,-0.0280092,-0.01819341,-0.01318059,-0.03494844,-0.00273229,-0.02034783,-0.02295234,-0.01825728,-0.01753963,-0.01360176,-0.03110934,-0.02070666,-0.00856766,-0.0161819,-0.0050342,-0.0056819,0.01245212,-0.00954074,-0.01677486,-0.01213607,-0.00490039,-0.02093166,0.01191084,-0.02051208,0.00457331,0.00288261,-0.01294646,-0.02784349,-0.00798382,-0.00892645,-0.0162123,-0.01555245,-0.00538085,-0.00619732,-1.226e-05,0.01315454,-0.01246297,0.00628227,-0.00030874,-0.00964107,-0.01263326,0.99945427,-0.01955115,0.0013029,-0.00817843,-0.00849012,-0.00082873,-0.00639193,-0.01034199,0.0100164,-0.02092252,-0.01683873,-0.00614866,-0.01339802,-0.01274727,-0.02317428,-0.02556438,0.00990693,0.08147042,-0.01940975,-0.01628531,-0.008072,-0.00619731,-0.0119658,-0.01545818,-0.01511916,-0.02331876,-0.00695145,-0.01079812,-0.01115387,-0.01665625,-0.00875771,-0.00964259,-0.01107786,-0.01398338,-0.01820712,-0.01035566,-0.00923969,-0.00502965
"Np2_504519",-0.00089867,-0.00615778,-0.01835153,-0.00404593,-0.00360805,0.01692063,-0.00724033,-0.01324902,-0.01387391,-0.02573167,-0.01599037,-0.02648121,-0.01526662,0.00178944,-0.00424207,-0.02739646,-0.00622316,-0.01509937,-0.01171492,0.00464629,-0.00960761,-0.01617124,-0.0062034,0.01142887,-0.01444408,-0.007923,-0.00683742,-0.00412043,-0.02557657,-0.02060175,-0.03414869,-0.01410197,-0.02209633,-0.00357156,-0.00069493,-0.0175229,-0.00585523,-0.02527553,-0.02476621,-0.0278952,-0.02158395,-0.01282785,0.02025032,0.00231093,-0.00517713,0.00181528,0.01183178,0.07035114,-0.00885957,-0.0192562,-0.01700593,0.00626858,-0.0078196,-0.00464193,-0.00804311,0.00954509,-0.00359132,-0.03346602,-0.01715345,-0.02739351,-0.00966236,0.03311005,-0.01955115,1.00123645,-0.00708068,-0.02021102,-0.02493194,-0.00434696,-0.01158264,-0.01705312,-0.00049576,-0.02185606,-0.0153396,-0.02259044,-0.01265911,-0.0001491,-0.01924248,-0.02391321,-0.02280329,-0.02193985,-0.02855355,-0.00642388,0.00574251,-0.00317777,-0.01882897,0.00154921,-0.01985375,-0.01360937,-0.01244625,-0.02100621,-0.00205266,0.0105379,-0.01045145,-0.00449446,-0.02615129,-0.01187608,-0.01686003,-0.01767495,-0.00880485,-0.00793973
"Np2_500104",0.02193191,-0.01434371,-0.01589452,-0.01238389,-0.01650725,0.02576338,-0.0134497,-0.02204309,0.00317909,-0.01476032,-0.02797733,-0.02812931,-0.02269232,-0.00518016,-0.02215866,0.0016678,-0.01897031,-0.00412803,-0.013211,-0.02710605,-0.01824965,-0.0073285,-0.0048107,-0.01865104,-0.03889846,-0.01139561,-0.0226254,-0.00789716,-0.01612564,0.01363195,0.00297384,-0.019095,-0.01097294,-0.01069319,-0.00644819,-0.02616494,-0.0240759,-0.01111131,-0.00680093,-0.02102897,-0.01547794,-0.02131783,-0.02138474,-0.00389844,0.01963003,-0.00834718,-0.01155829,-0.02008936,-0.03574659,-0.02364107,-0.0107479,-0.03719099,-0.01722185,-0.02575138,-0.00999531,0.00287957,-0.00675986,-0.00774662,-0.00648619,-0.00471492,-0.02332177,0.01245667,0.0013029,-0.00708068,0.98972832,3.487e-05,-0.01137587,-0.02606457,-0.01262259,-0.02356657,-0.0018398,0.01952353,0.00946754,-0.01511607,-0.02342973,-0.01000747,-0.02803655,0.140316,-0.0013411,0.00970934,-0.02442407,-0.02358026,-0.03300377,-0.01911779,-0.00861783,-0.02427354,-0.01557222,-0.01814628,0.00810372,-0.0010644,-0.00142016,-0.01756545,-0.0180292,0.02244126,-0.01472381,-0.02021404,-0.00102334,-0.02023533,-0.00133047,0.00470407
"Np2_503729",-0.02434351,-0.02504137,-0.01564518,0.01416867,-0.01884263,0.00746364,0.02769888,-0.02939585,0.0032764,-0.01466302,-0.02605555,-0.0221024,0.00294799,-0.00964411,-0.01385111,-0.02012887,-0.01294341,-0.00980832,-0.01098511,-0.0073954,-0.00583698,0.01162196,-0.01733285,0.00668517,-0.0159949,-0.00916973,-0.01796686,-0.026501,-0.01618039,0.00871189,-0.01228507,-0.01306808,-0.01786957,-0.01956637,-0.01288867,-0.0069104,-0.00877443,0.0054065,-0.02008332,-0.0308144,-0.0144684,-0.01605112,-0.00973229,-0.02219817,0.00452315,0.01105942,-0.01830286,-0.00722056,0.01315606,-0.03008158,-0.01019448,-0.00212412,-0.01530005,-0.01379484,-0.01293885,-0.00264867,-0.00590236,-0.02437392,-0.0035001,-0.01632485,-0.01227747,-0.00265019,-0.00817843,-0.02021102,3.487e-05,0.99935087,-0.00641323,-0.00513758,-0.01511,-0.01738761,-0.01892319,-0.00272924,-0.00715975,-0.00209523,-0.02287631,-0.00139584,-0.00817386,0.00889738,-0.0030683,-0.01360791,0.00076011,-0.01375229,-0.02119927,-0.01643579,-0.01916346,-0.01946296,-0.0171474,-0.02230616,-0.01871036,-0.01784374,0.01585784,-0.01047424,0.00578661,-0.00710958,0.00559504,-0.00521666,-0.00746384,-0.02196253,0.00195972,-0.01815694
"Np2_504770",-0.01416432,-0.01957549,-0.00561804,-0.00742887,0.00790912,-0.02188806,-0.00150076,-0.02788306,-0.0228824,-0.00828487,-0.03488162,-0.02119777,-0.01530464,-0.01983853,-0.01461894,-0.00097925,-0.00641322,-0.01468126,-0.02315607,-0.00755505,-0.00675684,-0.01225618,-0.00259242,-0.00366127,-0.01189739,-0.01708352,-0.00216213,-0.00172578,-0.01329921,-0.01699077,-0.00332222,0.00045602,-0.009971,-0.01029943,-0.02095451,-0.02197014,-0.00057178,-0.0047879,-0.02054707,-0.01531376,-0.0270955,-0.00906483,-0.00198577,-0.00563325,-0.00369472,-0.01418712,-0.01542169,-0.00312304,-0.01497926,-0.00104919,0.01655722,0.00394995,-0.01196275,-0.00544016,0.00712307,-0.01193084,-0.00682222,-0.00476813,-0.01962414,-0.02089373,-0.01593409,-0.02789676,-0.00849012,-0.02493194,-0.01137587,-0.00641323,1.01454196,-0.00560131,-0.01405333,0.01042846,0.0091969,-0.00668994,-0.0214593,-0.00696817,0.00813262,-0.007029,-0.00590084,-0.01771753,-0.0067249,-0.01787273,-0.01277923,-0.00600576,-0.0117803,-0.00580049,-0.00457505,-0.00517864,-0.01396213,-0.01790457,0.0022638,0.00176207,0.00490325,-0.01291452,-0.00395167,-0.0115264,-0.01539434,-0.01054572,-0.02024298,-0.02136199,-0.00914695,-0.02348604
"Np2_500368",-0.02170706,-0.01510694,-0.01255263,-0.01588388,-0.02076745,-0.02623792,0.02014845,-0.01566037,-0.01780568,-0.01172251,-0.02509156,-0.00684653,-0.01387693,-0.0220598,-0.02657088,0.00394537,-0.01593251,-0.01948726,-0.0252253,0.00603595,0.00668212,-0.03013774,-0.01028723,-0.00542646,0.00275794,-0.00607719,-0.00879266,-0.00470731,-0.006398,-0.00796099,-0.01816299,-0.02426744,-0.00428615,-0.00902377,0.01179376,-0.02966491,-0.01252376,-0.01157047,-0.02444081,-0.00476356,0.02055288,-0.00870143,0.00278682,-0.01150355,0.00107787,-0.0086543,-0.01095316,0.01776595,-0.02084954,0.00205095,0.00232461,-0.00632959,-0.0114473,-0.01100637,-0.02322595,-0.00031635,-0.01618947,-0.01276702,-0.01774029,-0.00973534,-0.0186115,-0.00351074,-0.00082873,-0.00434696,-0.02606457,-0.00513758,-0.00560131,0.97740514,-0.02402874,-0.01505526,0.00089391,0.02742661,-0.00482742,-0.01131806,-0.00731634,0.00230485,-0.01982934,0.00803681,-0.01822073,-0.03088903,0.04490384,-0.01506895,-0.02920575,-0.0201851,-0.0233689,-0.00633567,-0.00690888,-0.03031264,-0.01455352,0.01170407,-0.00780895,-0.01893685,0.00705463,-0.02119774,-0.00514823,-0.0024282,-0.01425401,-0.01917406,-0.02839693,-0.00442148
"Np2_501280",-0.00461609,-0.01245991,-0.01522706,-0.01430114,-0.02055309,-0.0144684,-0.01779963,-0.0102766,0.00779964,-0.01287652,-0.00419949,-0.01073728,-0.0065166,-0.00436065,-0.01890648,0.00431179,-0.0129814,-0.01121469,-0.01071903,0.02297489,0.00507201,-0.01912844,-0.02086782,-0.00916517,-0.00280527,-0.00814345,-0.00523337,-0.02243388,-0.02731744,-0.02659978,-0.01110674,-0.02587758,-0.02338107,-0.00774511,0.03861544,-0.02549747,-0.01535022,-0.01819797,-0.01753661,0.00198861,-0.01891561,-0.01396055,-0.00551313,-0.01813105,-0.00524555,-0.01862672,-0.00708979,-0.02079028,0.04687129,-0.00412043,-0.02543661,-0.016302,0.01172535,0.00106723,-0.01875443,-0.00755201,-0.00183524,0.02637001,-0.01068406,-0.02852621,-0.01611652,-0.02002096,-0.00639193,-0.01158264,-0.01262259,-0.01511,-0.01405333,-0.02402874,0.99273613,-0.00222143,-0.02230611,-0.02025201,-0.01723251,-0.01566493,-0.01242343,-6.548e-05,-0.00547511,-0.0151632,-0.01526962,-0.01334183,-0.03227095,-0.02124034,-0.01865257,-0.00811151,-0.0128157,-0.00885804,0.0626366,-0.0057716,-0.02026879,-0.03962374,-0.01808544,0.05912274,0.00407614,-0.01140475,-0.02850032,0.00143517,-0.02863565,-0.0171352,-0.01252226,-0.01956333
"Np2_504786",-0.03289283,-0.01048034,-0.01005462,-0.02220429,-0.02237457,0.01229401,-0.00684958,-0.01726749,-0.02138934,-0.0259491,-0.0159037,-0.0181843,-0.01624425,-0.01089542,-0.01008504,0.02255983,-0.01191409,0.00079964,-0.01755789,-0.00834262,-0.01408221,-0.00559371,-0.01523925,0.03310547,-0.01785438,-0.01407004,0.02472187,-0.01193996,-0.02898688,-0.00394254,0.00850968,-0.00519689,-0.02398621,-0.01275946,-0.01946144,0.00278531,-0.02522991,-0.03020626,0.01637179,-0.02856876,-0.00857374,0.00778443,-0.00398968,-0.00794123,-0.03641111,-0.02440128,0.00538065,-0.00816779,-0.01424641,-0.00685415,-0.01494273,-0.00580809,-0.01731157,-0.00866039,0.02473254,-0.01834395,-0.00913021,-0.00646796,0.01030073,-0.01970476,-0.01185632,-0.01591281,-0.01034199,-0.01705312,-0.02356657,-0.01738761,0.01042846,-0.01505526,-0.00222143,1.00642788,-0.00633872,-0.00869384,-0.00597839,-0.0039547,-0.01956637,-0.02606157,-0.01626704,-0.03340519,-0.00447165,0.03713937,-0.01721579,-0.00800967,-0.00435762,0.00147014,0.0026956,-0.0128081,-0.0270651,-0.01154617,-0.00354115,0.00857659,-0.01458547,-0.01902354,-0.01538218,-0.02949471,-0.01526966,-0.01224555,-0.02832856,-0.00071166,-0.01479986,-0.00298772
"Np2_501981",-0.01831198,0.01535152,-0.0251219,-0.01902658,0.0074104,-0.01964995,-0.00215149,0.01312564,0.02238345,-0.02216321,0.01084049,0.01448946,-0.03100746,-0.02322596,-0.00295427,-0.01987494,-0.01664255,-0.0103146,-0.01270773,-0.01656805,-0.01941884,0.00792278,-0.01464626,-0.00917733,0.00174382,-0.01545359,0.00524533,-0.01834089,-0.01759891,-0.03816707,-0.0048852,-0.00262737,0.05369183,-0.00684501,-0.01005005,-0.01912387,-0.02129199,-0.02550812,-0.00173641,-0.02751961,-0.01056547,-0.00120122,0.00390128,-0.01145338,-0.01620471,-0.00799596,-0.00482133,-0.01624117,-0.01213301,-0.03408479,-0.01769465,-0.00491104,-0.01626245,-0.02311952,0.04539493,-0.01030092,-0.00853723,-0.02411997,0.00830897,-0.02017604,-0.02601137,-0.01988106,0.0100164,-0.00049576,-0.0018398,-0.01892319,0.0091969,0.00089391,-0.02230611,-0.00633872,0.97902613,-0.01828762,-0.0173967,-0.00290561,-0.01380395,0.00281115,-0.0129373,-0.01806414,-0.01087258,-0.03357562,-0.03425962,-0.02474944,-0.00254832,-0.01435736,-0.0100911,0.00952682,-0.01643733,-0.00684805,-0.00902985,-0.02473577,-0.00775878,-0.00018559,-0.0017136,-0.01795469,-0.01756546,-0.01423726,-0.00584154,-0.01380243,-0.014663,-0.01501421
"Np2_503484",-0.01200072,-0.02318945,-0.0031504,-0.01469186,-0.02063971,-0.01227441,-0.00891581,-0.02754392,-0.00080136,-0.01965298,-0.01188824,-0.02541989,-0.01709412,-0.02162799,-0.0317646,-0.02709536,-0.0095711,0.00542322,-0.00806894,0.19864782,-0.01128309,-0.0186069,-0.0075748,0.00123904,0.00699077,-0.00610152,-0.00851289,0.01746643,-0.00414171,-0.00418428,-0.01225768,-0.00559066,-0.01890644,-0.0259247,-0.01757456,-0.02284736,-0.0181736,-0.01281111,-0.00804462,-0.01467057,-0.02979719,-0.01009412,-0.01335389,-0.00863908,-0.02053636,-0.00259697,-0.01006523,-0.00293602,-0.01722486,-0.02275615,-0.00621402,-0.02383866,0.00282026,-0.00859804,-0.02066556,-0.01463257,-0.01925461,-0.01248726,-0.01381153,0.03053138,-0.00540821,0.00452313,-0.02092252,-0.02185606,0.01952353,-0.00272924,-0.00668994,0.02742661,-0.02025201,-0.00869384,-0.01828762,0.96777651,-0.01214974,-0.00541277,-0.02224073,-0.01885322,-0.0119475,-0.01388147,-0.02888793,-0.01738157,-0.00803093,-0.02011063,0.00254659,0.00563759,-0.02202484,0.01264517,-0.02092103,-0.00722664,-0.0268932,-0.01888062,-0.01269859,-0.03340507,-0.00756568,-0.00236891,-0.0130787,-0.0126393,-0.01047728,-0.01129221,-0.02720489,-0.02877244
"Np2_502989",-0.03345993,-0.02397099,0.00230181,-0.0144091,-0.01579572,-0.01457635,0.00444257,0.01287784,-0.00401552,-0.01724165,-0.01434222,-0.03760458,0.00660308,-0.00279614,-0.01430116,-0.01997076,-0.00503116,-0.01071448,-0.02101379,-0.01301485,-0.00735132,-0.0184762,-0.01945536,-0.02006808,-0.0191817,-0.01037998,-0.02525878,0.00436959,-0.02788152,-0.00481374,-0.01060654,-0.00454767,-0.01588694,-0.00602856,-0.02793472,0.0029784,0.00613175,0.01514327,0.00044842,0.00081636,-0.00914085,-0.02425529,0.00319734,-0.01975943,-0.01295559,0.07203422,-0.01282329,0.01042236,-0.01937477,-0.00970189,-0.01855068,-0.02309979,-0.00313064,-0.00421013,-0.00791539,0.02852599,-0.02079636,-0.00049728,-0.02082677,-0.02452903,-0.01880918,-0.01237478,-0.01683873,-0.0153396,0.00946754,-0.00715975,-0.0214593,-0.00482742,-0.01723251,-0.00597839,-0.0173967,-0.01214974,1.0007316,-0.01060348,0.01270756,-0.0179623,-0.02002702,0.01164021,0.01609502,0.00844435,-0.03405138,-0.02195648,-0.01663194,-0.01536542,-0.02387068,-0.01595991,-0.01911786,-0.02366846,-0.00958177,0.00360026,-0.02199444,-0.02840906,-0.00804312,-0.02504444,0.00195211,-0.0119004,-0.03148038,-0.01693907,0.01124036,0.00161458
"Np2_504715",-0.02094534,-0.01556155,0.0058459,-0.01907523,0.0038648,0.01572709,-0.01390734,-0.01565886,-0.00807351,-0.00655158,-0.00912565,0.00349381,-0.01189887,-0.01339192,0.00490325,-0.01323378,-0.03660863,0.00134395,0.01567538,-0.01053505,-0.02509303,-0.00307286,-0.00754896,-0.02108521,-0.01290084,0.02311628,-0.00194927,-0.01914975,-0.0188639,-0.02863712,-0.0094951,-0.00754136,-0.01507958,-0.00750183,0.00632178,0.00606636,-0.01221815,-0.03422315,-0.01090757,-0.01160391,-0.0010355,-0.00869991,-0.01195968,-0.02640209,-0.01442886,-0.01853547,-0.00258937,-0.01978679,0.00651944,-0.00737412,-0.0074045,-0.02806999,-0.02877851,0.00724011,-0.01471012,-0.01947207,-0.01481958,-0.01002876,-0.01044079,-0.00319602,-0.00644666,-0.00274901,-0.00614866,-0.02259044,-0.01511607,-0.00209523,-0.00696817,-0.01131806,-0.01566493,-0.0039547,-0.00290561,-0.00541277,-0.01060348,0.97999325,-0.00959545,-0.0122896,-0.02317273,-0.01963321,0.01279722,-2.29e-05,-0.03339603,0.00819495,-0.00867863,-0.00528353,-0.00390605,-0.00374944,-0.0034104,-0.01845188,-0.00330092,-0.01505375,-0.01510542,-0.00114649,-0.019095,-0.0024951,-0.01092429,-0.01884717,-0.02976074,-0.0146113,3.639e-05,-0.01415062
"Np2_502405",-0.02971514,-0.01414454,0.00543843,-0.0219154,-0.0188928,-0.01584894,-0.01355463,-0.01925923,-0.02459741,0.00292367,-0.00086674,0.00658331,0.00381006,-0.02124946,-0.00675532,-0.00892798,-0.00767212,-0.03707397,-0.00069645,-0.01808849,0.0067323,-0.00195992,0.00010177,-0.01556308,-0.01193995,-0.02062304,-0.01193537,0.01267564,0.00125425,-0.03193342,0.00119647,-0.00627638,-0.02673816,-0.02326555,-0.01871644,-0.00194319,-0.00928073,-0.01775403,-0.02089371,-0.0054736,-0.02075229,0.00396819,-0.00871817,-0.00065844,-0.01894149,-0.01270927,-0.00953462,-0.02110654,0.0156906,0.00149295,0.00815236,-0.00141409,-0.00546752,-0.02266343,-0.00553898,-0.01364586,-0.00716886,-0.00709133,0.00648448,-0.01622298,-0.01810523,-0.0093902,-0.01339802,-0.01265911,-0.02342973,-0.02287631,0.00813262,-0.00731634,-0.01242343,-0.01956637,-0.01380395,-0.02224073,0.01270756,-0.00959545,1.00107526,-0.02257981,-0.01841082,-0.01988867,-0.00600726,-0.01441831,-0.02027183,-0.01456268,-0.01167083,-0.00082569,0.00906616,-0.01860088,-0.00868322,-0.02661351,0.00176511,0.01464306,-0.01840171,-0.00505092,-0.01114021,-0.01993127,-0.02182266,-0.00648316,-0.00812218,-0.00407178,0.01954641,-0.0119734
"Np2_500851",-0.01492451,0.02071556,0.00061567,-0.00803702,0.01231831,-0.01519819,-0.02461108,0.00024469,-0.00859045,-0.01208589,-0.01359569,-0.02013344,-0.01743319,-0.00737108,-0.01446687,0.00555853,-0.00793362,-0.00753529,-0.00962433,-0.02534388,-0.00310783,0.021345,-0.00806591,-0.01704091,0.00133027,0.00146558,-0.02436018,-0.01100032,-0.01162672,0.00840019,-0.02065496,-0.00410522,-0.02456697,-0.01364433,-0.03615862,-0.0300283,-0.01927289,-0.00417973,0.00955724,-0.0192668,-0.01690865,0.00325054,0.0022714,-0.02448637,-0.00430288,-0.01251464,-0.01770228,-0.01559044,-0.02288538,-0.01366865,-0.00199184,-0.00882155,-0.01667601,-0.01304222,-0.00351986,-0.00052768,-0.00317321,-0.00522425,-0.00563628,-0.0161804,-0.00817994,-0.02227116,-0.01274727,-0.0001491,-0.01000747,-0.00139584,-0.007029,0.00230485,-6.548e-05,-0.02606157,0.00281115,-0.01885322,-0.0179623,-0.0122896,-0.02257981,0.98412936,-0.0135029,0.00174382,-0.02785864,-0.01954516,0.01002705,-0.02455484,0.0031198,-0.00275965,-0.01156896,0.00120711,-0.01928356,0.01143951,0.00074338,-0.00127877,-0.01379787,-0.01747573,-0.0405937,-0.00498859,-0.0201076,-0.01647532,-0.01081634,-0.01102312,-0.01112347,-0.0075216
"Np2_502845",0.01387521,-0.01905546,0.01618775,0.0127045,0.05480174,0.01968321,-0.020138,-0.01139866,-0.01597662,-0.02920274,-0.02675947,-0.00836238,-0.005206,-0.02631241,-0.01911629,-0.02280933,0.00201293,-0.02373987,-0.00788801,-0.00460239,-0.01657566,-0.02557194,0.00112045,-0.02169034,0.24526894,-0.02142882,0.00869667,-0.03830397,-0.01962106,-0.02027179,-0.00857981,0.00264846,-0.00595404,-0.01783762,-0.0146569,-0.0038133,-0.02331415,0.00409438,-0.01044841,-0.01661824,-0.02368665,-0.00960911,-0.01499747,-0.02168577,-0.00682373,-0.0183804,-0.01991904,-0.03088278,-0.01187454,-0.02044666,-0.01880455,-0.02152917,0.00163282,-0.01176203,0.01129202,0.00288109,-0.0208982,0.00396211,-0.01910412,0.00091215,0.00237479,-0.01916646,-0.02317428,-0.01924248,-0.02803655,-0.00817386,-0.00590084,-0.01982934,-0.00547511,-0.01626704,-0.0129373,-0.0119475,-0.02002702,-0.02317273,-0.01841082,-0.0135029,0.98075965,-0.03361798,-0.00909369,-0.01507207,-0.00800205,-0.00259697,-0.0076113,-0.02078871,-0.02883785,-0.02579242,-0.00842473,-0.00430896,-0.01242038,-0.00760066,0.00207831,-0.0344405,-0.02198076,-0.00112369,-0.0425459,-0.01048185,0.00810068,-0.01628071,-0.0175974,-0.03163238
"Np2_500134",-0.00752008,-0.01764452,-0.01387388,-0.01036326,-0.01174987,-0.03227246,0.01046493,-0.02458371,-0.02703309,-0.00696209,-0.01683418,-0.01683414,-0.02933806,-0.00863302,-0.00098077,-0.0081708,-0.00965169,-0.037229,-0.00085153,-0.02234866,-0.00984327,-0.01032523,-0.00856764,-0.01875898,-0.0225859,-0.00952702,-0.03155174,-0.00222751,0.02542583,-0.0161241,-0.02206894,-0.01327332,0.01278963,-0.0215961,0.01381744,-0.02368818,-0.00745926,-0.01851725,-0.01451096,-0.01733587,-0.02014714,-0.02233803,-0.01297836,-0.03411059,-0.00966996,-0.02502766,0.000193,-0.02369426,-0.0328137,0.00179399,-0.0239314,-0.00962737,-0.01155222,-0.03254915,-0.02941254,-0.02064279,0.01669862,-0.01317602,-0.00294514,-0.00771166,-0.03285629,0.00885176,-0.02556438,-0.02391321,0.140316,0.00889738,-0.01771753,0.00803681,-0.0151632,-0.03340519,-0.01806414,-0.01388147,0.01164021,-0.01963321,-0.01988867,0.00174382,-0.03361798,0.98510257,-0.00540213,-0.0290174,-0.02225139,-0.0145657,-0.01471469,-0.02165839,-0.02028095,-0.01784369,-0.01218321,-0.02600836,-0.00994514,-0.00892647,-0.01505981,0.18864677,-0.02239432,0.00150359,0.00022036,0.01282309,-0.00675683,-0.01106873,-0.01481809,-0.00528659
"Np2_500489",-0.00078463,-0.01516624,-0.01352418,-0.01411867,0.03010715,-0.01899921,0.00290845,0.00921513,-0.00737411,-0.00661239,-0.00827421,-0.03229674,0.01540779,-0.03428241,-0.01051377,-0.00113128,-0.02070509,0.01937607,0.00542778,-0.02260712,-0.03001916,-0.0139286,0.01382807,-0.02981237,-0.00505548,-0.0208845,-0.02542445,-0.01966668,-0.00767363,-0.02079177,-0.00529875,-0.02189406,0.01329136,0.00155985,-0.02141057,-0.01816905,3.639e-05,0.00494277,-0.01537759,-0.00740756,-0.01386781,-0.01377808,-0.02342359,-0.00836997,-0.03699184,0.03598658,0.00039065,-0.00357916,0.00022492,-0.0080431,-0.00655307,-0.01794403,-0.00755351,-0.00209523,0.01898228,-0.02531046,-0.02841208,-0.01282632,-0.02023225,0.00267279,-0.00103398,-0.00037716,0.00990693,-0.02280329,-0.0013411,-0.0030683,-0.0067249,-0.01822073,-0.01526962,-0.00447165,-0.01087258,-0.02888793,0.01609502,0.01279722,-0.00600726,-0.02785864,-0.00909369,-0.00540213,0.97500558,-0.03520551,-0.02859151,-0.0321569,-0.01816602,-0.02815054,-0.02464453,-0.00852354,-0.02141213,-0.02535456,-0.00974748,-0.01648294,-0.01729481,0.01141212,-0.01155374,-0.02673053,-0.00201465,-0.02392534,-0.00397447,-0.01999356,0.03190432,-0.00402464
"Np2_502442",-0.00311393,-0.00639652,-0.01783012,-0.01614398,-0.01448976,-0.0233052,-0.01477712,-0.02215422,-0.01776171,-0.01122237,-0.01486077,-0.03432218,-0.01079208,-0.01228514,-0.00615326,-0.03417314,-0.01573649,0.01309381,5.768e-05,-0.03010601,-0.00406876,-0.02340399,-0.01495653,-0.03259801,-0.03095143,-0.02792726,-0.02440899,-0.00846432,-0.00909073,-0.01323844,-0.02131191,-0.01996631,-0.0203586,-0.01475737,0.00575623,0.01964075,-0.01126341,0.00367781,-0.01603454,-0.00213478,-0.02395137,-0.01914832,-0.01222127,0.04190735,-0.01590681,0.02119006,-0.01851126,-0.01381469,-0.01670045,-0.02420833,-0.000216,0.00983097,-0.02402281,0.00652253,-0.01542785,-0.01015503,-0.01994656,-0.01409141,-0.00735744,0.0006476,0.00347864,-0.02672919,0.08147042,-0.02193985,0.00970934,-0.01360791,-0.01787273,-0.03088903,-0.01334183,0.03713937,-0.03357562,-0.01738157,0.00844435,-2.29e-05,-0.01441831,-0.01954516,-0.01507207,-0.0290174,-0.03520551,1.08424154,-0.00051249,-0.01046368,-0.01167697,-0.01649213,0.00510702,-0.01754276,-0.01689965,-0.01491245,-0.00128182,-0.00284786,-0.02023239,-0.01372345,-0.01540354,-0.00975059,0.00812354,-0.0151557,-0.00402315,-0.00939937,-0.01269263,-0.02824811
"Np2_503882",-0.01322469,-0.02593385,0.0030757,-0.01774033,0.0029191,-0.0045279,-0.01074794,-0.00900249,0.00329616,0.00147319,0.02170542,-0.02041018,0.01573926,0.01135742,-0.00896601,-0.02436627,-0.0234145,-0.00401096,-0.01932764,-0.02440428,0.00087262,-0.01481351,-0.02445904,-0.01488498,-0.02084048,-0.02298575,-0.00745622,0.00788023,-0.00186869,0.01952661,-0.01089694,-0.00590236,-0.00173337,-0.03292628,-0.01362912,-0.01768559,-0.00373728,-0.02042083,-0.01428596,-0.01680679,-0.02250684,-0.02834672,-0.01685847,-0.00651812,-0.01415824,-0.01856895,-0.00535956,-0.00476813,0.01302379,-0.0107525,-0.01929719,-0.00605744,-0.00387716,-0.00495666,-0.01793645,-0.02148208,0.0006552,-0.01644798,-0.0040885,-0.01159178,0.01328531,-0.0178346,-0.01940975,-0.02855355,-0.02442407,0.00076011,-0.01277923,0.04490384,-0.03227095,-0.01721579,-0.03425962,-0.00803093,-0.03405138,-0.03339603,-0.02027183,0.01002705,-0.00800205,-0.02225139,-0.02859151,-0.00051249,0.99665327,0.0102901,-0.00871209,-0.01200682,-0.00880484,-0.01989931,-0.00922144,-0.01377205,-0.01078442,-0.00900554,0.0041704,-0.01212693,0.00033287,0.00705008,-0.02068842,-0.01173467,0.00411111,-0.00308958,-0.01900229,0.00649361
"Np2_500067",0.00799275,-0.02372166,0.00331137,-0.00503725,0.00421906,-0.02329748,-0.00199793,-0.02518736,-0.00483047,-0.00513304,-0.01439697,-0.00542647,-0.02340391,-0.02018365,-0.00568951,-0.00816626,-0.01861761,-0.01061718,-0.01179398,-0.01170122,-0.0261072,-0.00743189,-0.01099577,-0.02605245,-0.01300273,-0.01773273,-0.00813281,-0.01666695,0.0108344,0.00273361,-0.00959699,-0.01053204,-0.00271405,0.01155357,-0.00472708,-0.0078713,0.00151575,-0.01714435,-0.00796862,-0.01292214,-0.02333549,0.00412175,-0.01160544,-0.00810696,-0.0222849,-0.00571383,0.01251293,-0.01380702,0.00307267,-0.01918323,-0.01936563,-0.0073422,-0.02447123,-7.7e-06,-0.02043756,0.00277619,-0.00655918,-0.00800206,-0.01525597,-0.01105204,-0.00974142,-0.00057026,-0.01628531,-0.00642388,-0.02358026,-0.01375229,-0.00600576,-0.01506895,-0.02124034,-0.00800967,-0.02474944,-0.02011063,-0.02195648,0.00819495,-0.01456268,-0.02455484,-0.00259697,-0.0145657,-0.0321569,-0.01046368,0.0102901,1.00974589,-0.00969277,-0.00857829,0.01119627,-0.01920754,-0.01673993,-0.00912717,-0.00461914,-0.00116778,-0.00304398,-0.00900248,0.00376141,-0.01278379,-0.03383246,-0.02153378,-0.00219102,0.00611655,-0.02834529,0.00155985
"Np2_501087",-0.01420232,-0.03071251,-0.01143363,-0.02555983,-0.00140345,-0.00596165,-0.00929289,-0.00633112,-0.00649988,-0.01181983,-0.02564502,-0.01925921,-0.00880484,0.02619212,0.00921363,-0.01987039,-0.01542167,-0.01958459,-0.0058613,-0.01534717,-0.01956634,0.00184568,-0.012057,-5.028e-05,-0.02303443,-0.00313367,0.01984589,-0.01803226,-0.00816778,-0.00410522,-0.01719602,-0.02862193,-0.00058242,-0.0200681,-0.01658328,-0.00269884,-0.0167262,-0.02687196,-0.02316976,0.02357092,-0.01056092,-0.02430697,-0.01479526,-0.01494578,0.00310915,-0.0090557,-0.00481678,-0.01471621,-0.01486521,0.00088934,-0.01145642,-0.00931569,0.00381158,-0.00730266,-0.00249359,-0.02838934,-0.00017039,-0.00693473,0.00025533,-0.02473276,-0.0065455,-0.02048468,-0.008072,0.00574251,-0.03300377,-0.02119927,-0.0117803,-0.02920575,-0.01865257,-0.00435762,-0.00254832,0.00254659,-0.01663194,-0.00867863,-0.01167083,0.0031198,-0.0076113,-0.01471469,-0.01816602,-0.01167697,-0.00871209,-0.00969277,0.99408949,-0.00644665,-0.00522122,-0.00308806,-0.0124797,0.00516781,0.02472798,-0.02199447,-0.01991755,-0.01112801,-0.01736935,-0.01825423,0.0123913,-0.01453681,-0.02286567,0.00976858,-0.00857678,-0.01455354
"Np2_500288",-0.00837454,0.00582765,-0.02643553,0.01447729,-0.03100134,-0.00347882,-0.00422533,-0.00856155,0.0203096,-0.00857677,0.02245038,-0.01981718,-0.00282503,0.0014595,-0.0276823,-0.01723549,-0.01476331,-0.00128941,-0.00520296,-0.01027961,-0.0087212,0.00995405,0.00927899,-0.00319297,-0.01158111,-0.00642841,0.00013066,-0.01889431,0.00571818,-0.01348161,-0.01821012,-0.01762473,-0.02820379,-0.02564344,-0.01273205,-0.01542014,-0.00375248,0.00358656,-0.00228984,-0.01849442,-0.02434651,-0.00905263,-0.00425422,-0.016416,-0.02679288,-0.0012514,-0.0316779,-0.01268948,-0.01542318,0.00565281,-0.02721851,0.00913151,-0.02928327,-0.00801268,-0.01293426,-0.02742687,0.00063999,-0.01372641,-0.02964665,-0.00978247,0.0023231,-0.01845794,-0.00619731,-0.00317777,-0.01911779,-0.01643579,-0.00580049,-0.0201851,-0.00811151,0.00147014,-0.01435736,0.00563759,-0.01536542,-0.00528353,-0.00082569,-0.00275965,-0.02078871,-0.02165839,-0.02815054,-0.01649213,-0.01200682,-0.00857829,-0.00644665,0.97502991,0.00319126,0.00152336,-0.02246426,-0.01181069,-0.02402723,0.0005579,0.00233069,-0.01913601,-0.02051202,0.02163085,-0.03073834,-0.00688454,-0.01050009,-0.0108589,-0.01795318,0.01103965
"Np2_500283",-0.01018994,-0.01544906,-0.01517539,-0.01318518,-0.02886372,-0.0252117,-0.01835612,-0.00292691,-0.0231652,-0.01480138,0.0102962,-0.00901314,-0.01482723,-0.00826206,-0.01338131,-0.00612737,-0.01095318,-0.01663652,0.00195211,-0.02836347,-0.02923774,-0.01831656,-0.002115,-0.00120731,-0.03392218,-0.0045948,0.0005959,-0.03697824,-0.00962891,-0.0221389,-0.01105506,0.00655898,-0.01101401,-0.00860568,-0.03400882,-0.02483765,-0.00906484,-0.02331573,-0.01322776,-0.01909351,-0.01384656,-0.00569862,-0.00682981,-0.01002116,-0.00124076,-0.01462196,-0.01676878,-0.00735892,0.01590651,0.00201294,0.00745601,-0.0103207,-0.01513434,0.00294342,0.00303921,-0.01890347,-0.01440302,0.00300729,-0.0037905,0.00421451,-0.00618212,-0.01449578,-0.0119658,-0.01882897,-0.00861783,-0.01916346,-0.00457505,-0.0233689,-0.0128157,0.0026956,-0.0100911,-0.02202484,-0.02387068,-0.00390605,0.00906616,-0.01156896,-0.02883785,-0.02028095,-0.02464453,0.00510702,-0.00880484,0.01119627,-0.00522122,0.00319126,1.01032677,-0.01245536,-0.0185021,-0.01134547,0.0088229,-0.00292995,0.0110062,-0.01410957,-0.0167019,-0.00755202,-0.01582918,-0.00307439,-0.00212869,0.03293825,-0.01596756,-0.01236568
"Np2_500213",-0.0241732,-0.00312911,-0.01395446,0.00126337,-0.00924574,-0.01775705,-0.00755657,-0.01919079,-0.0147983,0.0034482,-0.00672795,-0.01341777,-0.01193385,0.0040579,0.00988565,-0.01144425,-0.02022313,-0.01571969,-0.00899032,0.01618927,-0.0181341,-0.00538845,0.00777226,-0.0127579,0.01275924,-0.01523314,-0.02965579,-0.00747751,-0.00567125,-0.01346794,-0.01758828,0.01994319,0.00024165,-0.01483481,-0.01454288,-0.00369927,-0.02046338,-0.00521817,-0.02188956,-0.0095103,-0.00091843,-0.01010325,1.662e-05,-0.00287064,-0.01537608,-0.00807959,-0.01676419,-0.01434827,-0.0164738,-0.00801725,-0.00591907,-0.00925183,-0.00920013,-0.02107457,-0.01444101,-0.01965909,-0.00922902,-0.02861281,-0.01853396,-0.02299643,-0.01970926,-0.00263194,-0.01545818,0.00154921,-0.02427354,-0.01946296,-0.00517864,-0.00633567,-0.00885804,-0.0128081,0.00952682,0.01264517,-0.01595991,-0.00374944,-0.01860088,0.00120711,-0.02579242,-0.01784369,-0.00852354,-0.01754276,-0.01989931,-0.01920754,-0.00308806,0.00152336,-0.01245536,0.98661407,0.00795777,-0.01529398,-0.0252299,-0.01296014,-0.01270773,0.02132067,-0.01487281,-0.00982807,-0.02114605,0.0020996,-0.0202171,-0.00461152,-0.01003334,-0.01616214
"Np2_501801",-0.02094539,0.0820493,0.02682768,-0.00463129,-0.01103529,-0.01711394,-0.0295677,-0.00243125,-0.03224819,-0.01217715,-0.02478602,0.01063979,-0.00566518,-0.0048776,-0.01090911,-0.01308176,-0.00772078,-0.03316956,-0.01093191,-0.02254636,-0.02311655,-0.00489736,0.00917563,-0.02154139,-0.01062023,-0.00957265,0.00534873,0.00365651,-0.02677012,-0.01160849,-0.02591566,-0.00830158,-0.01614391,-0.01267128,-0.01161914,-0.03164001,-0.01799578,-0.00959243,-0.0264159,-0.0067386,-0.01836829,-0.01812651,0.0037006,-0.00283568,-0.00454616,-0.01899165,-0.02661197,-0.00701531,-0.0045796,-0.01497624,-0.00558003,-0.013322,0.0042145,-0.01571818,0.00171037,-0.00381179,-0.00372057,-0.00303486,-0.01804291,-0.0171839,-0.00264563,0.02066544,-0.01511916,-0.01985375,-0.01557222,-0.0171474,-0.01396213,-0.00690888,0.0626366,-0.0270651,-0.01643733,-0.02092103,-0.01911786,-0.0034104,-0.00868322,-0.01928356,-0.00842473,-0.01218321,-0.02141213,-0.01689965,-0.00922144,-0.01673993,-0.0124797,-0.02246426,-0.0185021,0.00795777,1.01588011,-0.00081504,0.00126033,-0.01900689,-0.02149122,-0.01011695,-0.00237044,-0.01192171,-0.03403469,-0.00166647,-0.023223,-0.0188685,-0.0020922,-0.01627925
"Np2_501929",-0.02032657,-0.00749272,-0.02029463,-0.01039824,-0.00509501,0.00600707,-0.01192018,-0.02279421,0.00014738,-0.00578074,-0.00805073,0.00213609,-0.00656678,0.00942497,0.00156898,-0.01063845,0.00931854,-0.03148644,-0.01624272,-0.00246622,-0.00577313,-0.00443059,-0.00586587,-0.01605722,-0.00574424,-0.00864976,-0.00999683,0.0121815,-0.01657266,-0.00217125,-0.01556614,-0.01923794,-0.00473012,-0.01965456,-0.0196667,-0.00699858,-0.01600858,-0.01490325,-0.00329485,-0.00459936,-0.02003009,-0.02161282,0.00264694,-0.02015778,0.00793193,-0.01913304,-0.01398185,-0.02236089,-0.00608937,-0.00401857,0.00948272,-0.00798989,0.00909048,-0.00384828,-0.01956484,-0.00592973,-0.01176813,0.01810961,-0.01970472,-0.00653031,-0.017231,0.00151879,-0.02331876,-0.01360937,-0.01814628,-0.02230616,-0.01790457,-0.03031264,-0.0057716,-0.01154617,-0.00684805,-0.00722664,-0.02366846,-0.01845188,-0.02661351,0.01143951,-0.00430896,-0.02600836,-0.02535456,-0.01491245,-0.01377205,-0.00912717,0.00516781,-0.01181069,-0.01134547,-0.01529398,-0.00081504,1.00586524,-0.00192191,-0.01169821,-0.01174988,-0.01177876,-0.0227334,0.00040433,-0.00984937,-0.01260284,-0.0212358,-0.02934873,0.00430421,-0.01201142
"Np2_500269",-0.01125728,-0.02168582,-0.00605592,-0.01790151,-0.01092582,-0.02597493,-0.03447558,-0.01281266,0.00328705,-0.03365761,0.00603598,-0.00354267,-0.00494754,-0.01176206,-0.00836696,-0.01403658,0.00227141,0.0082953,-0.01720818,-0.02228483,-0.00400184,0.00296623,-0.01276096,-0.02249619,-0.00640563,0.0010277,-0.01962867,-0.02801079,-0.02514022,-0.00952247,-0.00999381,0.00169061,-0.00782416,-0.01742714,0.00141389,-0.01754267,-0.009524,0.01271516,-0.01490326,-0.00054745,-0.0229721,-0.00570166,-0.00592061,-0.00166191,-0.00291626,-0.02055462,-0.02680656,-0.00477725,-0.01359262,0.00292215,-0.01626549,-0.00880331,-0.01164042,-0.00329332,-0.02387521,-0.00461457,-0.02307243,-0.0033815,-0.01854159,-0.01129682,-0.02017301,-0.02225294,-0.00695145,-0.01244625,0.00810372,-0.01871036,0.0022638,-0.01455352,-0.02026879,-0.00354115,-0.00902985,-0.0268932,-0.00958177,-0.00330092,0.00176511,0.00074338,-0.01242038,-0.00994514,-0.00974748,-0.00128182,-0.01078442,-0.00461914,0.02472798,-0.02402723,0.0088229,-0.0252299,0.00126033,-0.00192191,1.00362992,-0.02026578,-0.02487869,-0.01928201,0.00336459,-0.01257244,-0.01066279,-0.01660914,-0.00988587,-0.02012739,0.02158377,-0.01069625
"Np2_502499",-0.02194582,-0.02097123,-0.00442908,-0.01703488,-0.00899489,-0.00777552,-0.01764456,0.00994801,0.01920583,-0.00390302,-0.00237196,0.02605988,-0.01624426,-0.01500056,-0.01054117,0.01313325,-0.00917734,-0.02261481,-0.01497318,-0.01609675,-0.01104138,-0.02444689,-0.01098208,-0.01661218,-0.00082569,-0.02927423,-0.01800184,0.00828163,-0.01363066,0.00715651,0.06765401,-0.01660002,-0.00847796,-0.0005961,-0.01003486,-0.02366997,-0.01367475,-0.01697863,0.00572885,-0.02415955,-0.01921668,-0.01912695,-0.02329897,-0.0004912,-0.01132419,-0.01725533,-0.02593994,-0.01166476,-0.01424641,-0.01430421,-0.03349182,-0.01386632,-0.01563912,-0.01170123,0.00238239,-0.02731444,-0.00913021,0.00843215,-0.0047514,-0.00906181,0.00076315,-0.01363218,-0.01079812,-0.02100621,-0.0010644,-0.01784374,0.00176207,0.01170407,-0.03962374,0.00857659,-0.02473577,-0.01888062,0.00360026,-0.01505375,0.01464306,-0.00127877,-0.00760066,-0.00892647,-0.01648294,-0.00284786,-0.00900554,-0.00116778,-0.02199447,0.0005579,-0.00292995,-0.01296014,-0.01900689,-0.01169821,-0.02026578,1.01296658,-0.0176263,-0.02540931,-0.02009549,-0.01429052,-0.02013501,0.00402293,-0.02315915,-0.02017302,-0.01966522,-0.02275319
"Np2_501005",0.00689043,-0.02451984,0.0140683,-0.00370687,-0.01847315,0.02379746,-0.00750943,-0.01595078,-0.02919513,-0.01064454,-0.02492585,-0.01641147,-0.02648271,-0.03451355,-0.00633568,-0.0010583,-0.01150964,-0.02905221,0.0301315,-0.02299029,-0.0047073,0.00165259,-0.00130309,-0.00328419,-0.00133351,-0.01108088,-0.02094229,-0.00150076,-0.01140171,0.00132723,-0.01632482,0.01117191,-0.0127868,-0.01053051,-0.02696315,-0.00775726,-0.00825291,-0.01429353,0.00689348,-0.02177853,-0.02154896,-0.00701529,-0.0122516,-0.02365319,0.0114304,-0.01304983,-0.00318536,-0.01050009,-0.00335109,-0.02986413,-0.00511173,0.00159025,-0.03165515,-0.01616211,-0.01804288,-0.02645383,-0.01769621,0.00807635,-0.00647555,-0.01610742,-0.03288975,-0.00152051,-0.01115387,-0.00205266,-0.00142016,0.01585784,0.00490325,-0.00780895,-0.01808544,-0.01458547,-0.00775878,-0.01269859,-0.02199444,-0.01510542,-0.01840171,-0.01379787,0.00207831,-0.01505981,-0.01729481,-0.02023239,0.0041704,-0.00304398,-0.01991755,0.00233069,0.0110062,-0.01270773,-0.02149122,-0.01174988,-0.02487869,-0.0176263,0.98670835,-0.01405785,-0.01178485,0.0049671,-0.02824487,0.00017019,0.00780573,-0.00562868,-0.00968212,-0.01079354
"Np2_502398",-0.00727833,-0.00159045,-0.01758521,-0.02395728,-0.02397551,-0.01910717,-0.02669555,-0.02206132,-0.0289199,0.03402682,-0.02693126,-0.01644034,-0.01358805,-0.02207501,-0.02232892,-0.01431478,-0.02963144,-0.01859021,-0.00304244,-0.01313647,-0.00564843,-0.01342839,-0.00847794,-0.03174482,-0.00683589,-0.00806894,-0.02218749,0.0033357,0.00286132,-0.02029155,-0.01863431,-0.00740603,0.00421297,-0.00995123,-0.00068885,-0.00885043,-0.00356851,-0.02542144,-0.00894775,-0.0085798,-0.01990538,-0.00719621,-0.00771924,-0.03949435,-0.01581395,-0.03573287,-0.01127244,-0.02527699,0.0163854,-0.01605721,-0.00909368,-0.00117538,-0.00720534,-0.00022664,-0.00864518,-0.01173466,0.00888216,-0.01354243,-0.00756872,-0.00975053,-0.0105685,-0.01918622,-0.01665625,0.0105379,-0.01756545,-0.01047424,-0.01291452,-0.01893685,0.05912274,-0.01902354,-0.00018559,-0.03340507,-0.02840906,-0.00114649,-0.00505092,-0.01747573,-0.0344405,0.18864677,0.01141212,-0.01372345,-0.01212693,-0.00900248,-0.01112801,-0.01913601,-0.01410957,0.02132067,-0.01011695,-0.01177876,-0.01928201,-0.02540931,-0.01405785,0.97554997,-0.01333415,-0.00464041,-0.01717471,-0.00958936,-0.00347425,-0.0318087,0.001236,-0.03089192
"Np2_502336",-0.02005745,-0.01938693,-0.00740605,-0.0125618,-0.0470935,-0.01348925,0.00370516,-0.01811588,-0.00870601,-0.00566366,-0.00960611,-0.00838976,0.03353729,0.02398601,-0.00819667,-0.03043881,-0.02021252,-0.00141713,0.0004469,-0.00903897,-0.0350001,-0.01830134,-0.01547947,-0.01426769,-0.02250381,-0.01233372,-0.01079201,-0.01750164,-0.01341475,-0.01786652,-0.02396341,-0.00406874,-0.00871818,0.00554943,0.01557202,-0.00019167,-0.01513129,-0.00292691,-0.0065227,-0.01010783,-0.02477836,-0.00066604,-0.01365648,0.00230941,0.01048168,-0.01110979,-0.01219231,-0.01616214,-0.03455614,-0.01849752,-0.00712477,-0.01790757,-0.01557526,-0.00768429,-0.01367018,-0.01083004,-0.01955722,0.01412154,0.00413088,-0.00276422,-0.02106701,-3.659e-05,-0.00875771,-0.01045145,-0.0180292,0.00578661,-0.00395167,0.00705463,0.00407614,-0.01538218,-0.0017136,-0.00756568,-0.00804312,-0.019095,-0.01114021,-0.0405937,-0.02198076,-0.02239432,-0.01155374,-0.01540354,0.00033287,0.00376141,-0.01736935,-0.02051202,-0.0167019,-0.01487281,-0.00237044,-0.0227334,0.00336459,-0.02009549,-0.01178485,-0.01333415,1.00092928,-0.0256298,-0.01900685,0.00150208,-0.00378594,0.00087262,0.00670191,0.00665477
"Np2_501862",-0.02383112,-0.02559328,-0.02744818,-0.02256919,-0.01392104,-0.02273644,-0.01284003,-0.00987826,0.02309808,-0.00365975,-0.01201142,-0.00927465,-0.01949794,-0.0199267,-0.00345601,-0.00562868,-0.01714432,-0.00564693,-0.01047273,-0.02345556,-0.01171035,-0.00200553,-0.01195515,-0.00435762,-0.02673363,-0.01185023,-0.0179106,-0.00576705,0.0036413,-0.00993299,-0.020135,0.00416888,0.00453682,-0.00461001,-0.00629463,-0.00624597,-0.00400488,-0.01217409,0.00445169,-0.00263042,0.00216041,-0.02709392,-0.03020165,-0.00617755,-0.01549014,-0.01716409,-0.01034045,-0.00731635,-0.00792148,-0.00128942,-0.0052729,-0.00951791,-0.00444884,-0.01145796,-0.0183561,-0.01794864,-0.01527269,-0.02751054,-0.00724489,0.01018671,0.00952076,-0.0115644,-0.00964259,-0.00449446,0.02244126,-0.00710958,-0.0115264,-0.02119774,-0.01140475,-0.02949471,-0.01795469,-0.00236891,-0.02504444,-0.0024951,-0.01993127,-0.00498859,-0.00112369,0.00150359,-0.02673053,-0.00975059,0.00705008,-0.01278379,-0.01825423,0.02163085,-0.00755202,-0.00982807,-0.01192171,0.00040433,-0.01257244,-0.01429052,0.0049671,-0.00464041,-0.0256298,1.0031129,-0.02186827,-0.01139411,0.00201902,-0.0114154,-0.03827514,-0.00639346
"Np2_500299",-0.01751227,-0.01836217,-0.00927007,-0.02005137,-0.02082981,-0.02006658,0.01400447,-0.01009719,-0.01376291,-0.00372665,-0.02089675,-0.01223033,-0.00983416,-0.00418125,-0.00245861,-0.0142099,-0.00200705,-0.01635675,-0.00476205,-0.00664584,-0.02515691,-0.01256329,-0.03361196,0.00211328,-0.01235654,-0.02149575,-0.00094884,-0.01282787,0.01543366,-0.01486521,-0.02263456,-0.0053246,-0.00708524,-0.0344771,0.00747427,-0.00281591,-0.02718211,-0.00266235,-0.00595406,-0.0004167,0.31651589,-0.03795574,-0.00776638,-0.02008023,-0.00308959,-0.0059799,-0.01375226,-0.0009975,-0.01224554,-0.0100227,-0.01978373,-0.01916343,-0.03051486,-0.01182893,-0.01279744,-0.02029616,-0.02172533,-0.01282938,0.00682809,-0.02165695,-0.01852183,-0.01862522,-0.01107786,-0.02615129,-0.01472381,0.00559504,-0.01539434,-0.00514823,-0.02850032,-0.01526966,-0.01756546,-0.0130787,0.00195211,-0.01092429,-0.02182266,-0.0201076,-0.0425459,0.00022036,-0.00201465,0.00812354,-0.02068842,-0.03383246,0.0123913,-0.03073834,-0.01582918,-0.02114605,-0.03403469,-0.00984937,-0.01066279,-0.02013501,-0.02824487,-0.01717471,-0.01900685,-0.02186827,0.9972007,-0.02772947,-0.00747448,-0.01376291,-0.00291626,-0.00524403
"Np2_501713",-0.01692081,-0.00880027,0.00819798,0.00136979,0.0113863,-1.378e-05,0.02022145,-0.00083937,0.0002082,-0.00663216,-0.02957987,-0.01726442,-0.01836522,-0.0108878,-0.00582026,-0.01681132,-0.03136779,-0.02108676,-0.01116452,-0.03509431,-0.00647252,-0.0217025,-0.01781634,-0.02101377,-0.00948446,-0.0209043,-0.00704722,-0.01588543,-0.01058221,0.00336306,-0.01292061,-0.01856894,-0.01607242,-0.01594472,-0.02127833,-0.01940517,-0.00332829,-0.01773121,-0.00764324,-0.00727529,-0.03000401,-0.01045295,-0.00063716,-0.0162959,-0.00675532,-0.02348141,-0.01985064,-0.00557546,-0.00800509,-0.00471796,-0.0100698,-0.01887606,0.00306962,-0.00226704,-0.01433458,0.00477401,-0.01824509,0.01923469,-0.00884892,0.00341324,-0.02948555,0.01146232,-0.01398338,-0.01187608,-0.02021404,-0.00521666,-0.01054572,-0.0024282,0.00143517,-0.01224555,-0.01423726,-0.0126393,-0.0119004,-0.01884717,-0.00648316,-0.01647532,-0.01048185,0.01282309,-0.02392534,-0.0151557,-0.01173467,-0.02153378,-0.01453681,-0.00688454,-0.00307439,0.0020996,-0.00166647,-0.01260284,-0.01660914,0.00402293,0.00017019,-0.00958936,0.00150208,-0.01139411,-0.02772947,0.99245329,-0.00825141,0.00446536,0.00223643,-0.01210263
"Np2_504799",-0.00730875,-0.02169039,0.00762327,-0.00954377,-0.01093038,-0.0223305,-0.0204923,-0.01616215,-0.02165237,0.00982181,0.00466304,-0.00871665,-0.00449598,-0.01009416,0.00196732,-0.01905852,-0.01187303,-0.01892475,-0.01097904,-0.02259349,-0.01282483,-0.01695579,0.00867237,-0.0339039,-0.02161439,-0.01463716,0.02339455,-0.01934897,0.003135,-0.01059133,-0.02444236,-0.0224886,-0.01223794,-0.00313976,0.00125729,0.00495495,0.01282159,0.01559941,0.00729031,-0.03628184,-0.00108263,-0.02684001,-0.01139867,0.02615715,-0.01934137,-0.01614998,-0.00430896,-0.00949512,0.01240195,-0.00514063,-0.01079657,-0.01260893,-0.01635828,-0.02792865,0.0069847,-0.01678249,-0.0074167,-0.03060157,-0.02417171,-0.01266977,0.01403185,-0.02058505,-0.01820712,-0.01686003,-0.00102334,-0.00746384,-0.02024298,-0.01425401,-0.02863565,-0.02832856,-0.00584154,-0.01047728,-0.03148038,-0.02976074,-0.00812218,-0.01081634,0.00810068,-0.00675683,-0.00397447,-0.00402315,0.00411111,-0.00219102,-0.02286567,-0.01050009,-0.00212869,-0.0202171,-0.023223,-0.0212358,-0.00988587,-0.02315915,0.00780573,-0.00347425,-0.00378594,0.00201902,-0.00747448,-0.00825141,1.00955125,-0.02332484,0.0019658,-0.01343757
"Np2_502470",-0.01283698,-0.00745318,-0.01660608,-0.01537608,-0.00961674,-0.01387087,-0.02161132,-0.00846274,-0.00908763,-0.01729638,0.00308787,0.00126337,-0.00135784,-0.01790301,-0.00173641,0.00536545,-0.00143689,-0.02126009,0.00188978,-0.02249616,-0.0210898,0.00686002,-0.02559175,-0.0157136,-0.00540062,-0.02062151,-0.00205114,-0.01590672,0.00520885,-0.00319602,-0.00716431,-0.01813411,-0.02856113,-0.01627009,-0.01582612,-0.01760196,0.00121168,-0.01015041,-0.01344212,-0.00562412,-0.01923034,-0.01853244,-0.01160543,0.00724924,-0.01802771,-0.02213432,-0.00086673,-0.01776009,-0.01167538,-0.0027627,-0.00385739,0.01135893,-0.01367625,-0.01019449,0.00480137,-0.01364433,-0.01674597,-0.00678572,0.0054217,-0.00968366,0.00622297,-0.01182134,-0.01035566,-0.01767495,-0.02023533,-0.02196253,-0.02136199,-0.01917406,-0.0171352,-0.00071166,-0.01380243,-0.01129221,-0.01693907,-0.0146113,-0.00407178,-0.01102312,-0.01628071,-0.01106873,-0.01999356,-0.00939937,-0.00308958,0.00611655,0.00976858,-0.0108589,0.03293825,-0.00461152,-0.0188685,-0.02934873,-0.02012739,-0.02017302,-0.00562868,-0.0318087,0.00087262,-0.0114154,-0.01376291,0.00446536,-0.02332484,0.99560403,-0.02104725,0.02512634
"Np2_501195",-0.01734656,-0.01895668,-0.01625032,-0.0069621,0.02449232,-0.02780705,-0.0326587,-0.02391932,-0.03047385,-0.01268344,-0.01784224,-0.00978399,-0.01210112,-0.01526663,-0.00928682,-0.00796252,-0.01385262,-0.00296339,-0.02801077,-0.02396491,-0.00081656,-0.01437412,-0.01307266,0.02265261,-0.01006224,-0.0164647,-0.02389346,-0.01479075,-0.03259789,-0.00466475,-0.02079639,-0.01473751,0.00281115,-0.01408983,-0.01060502,-0.02119928,0.00323991,-6.396e-05,0.00090151,-0.01484698,0.01594302,-0.00114801,-0.01702726,-0.00714302,-0.01508723,-0.02375511,-0.02879071,-0.01041041,-0.03777488,-0.00514367,-0.00046079,-0.01337217,-0.00784697,-0.02945211,-0.00335718,-0.00051704,-0.02277596,-0.00202073,-0.02523904,0.0332439,-0.01713978,0.00069777,-0.00923969,-0.00880485,-0.00133047,0.00195972,-0.00914695,-0.02839693,-0.01252226,-0.01479986,-0.014663,-0.02720489,0.01124036,3.639e-05,0.01954641,-0.01112347,-0.0175974,-0.01481809,0.03190432,-0.01269263,-0.01900229,-0.02834529,-0.00857678,-0.01795318,-0.01596756,-0.01003334,-0.0020922,0.00430421,0.02158377,-0.01966522,-0.00968212,0.001236,0.00670191,-0.03827514,-0.00291626,0.00223643,0.0019658,-0.02104725,1.01015342,-0.00340585
"Np2_502957",-0.00158134,-0.02386914,-0.02694037,0.00804292,-0.01478161,-0.01584287,0.00910569,0.00127249,-0.01227596,-0.02322147,-0.01743325,-0.01348013,-0.00424207,-0.00664737,-0.00522882,0.02437521,-0.02089367,-0.00605136,-0.02212827,-0.0118487,-0.01120254,-0.01153246,-0.00597382,-0.01783764,-0.02044822,-0.01864042,-0.00311087,-0.00237044,-0.00923056,-0.0033435,-0.00791996,-0.01265606,-0.01867388,0.00334786,-0.03345842,-0.01029941,-0.02827988,-0.00071926,-0.02544889,-0.02067171,-0.0079747,0.00792735,-0.02574077,-0.01220753,0.00478315,-0.00920623,0.00445928,-0.01760351,-0.0148637,-0.0261726,-0.00461304,-0.02968778,-0.01139107,-0.01079811,0.0010049,-0.00877444,-0.02267105,-0.00252399,-0.00856157,0.00157202,0.01094084,-0.01318518,-0.00502965,-0.00793973,0.00470407,-0.01815694,-0.02348604,-0.00442148,-0.01956333,-0.00298772,-0.01501421,-0.02877244,0.00161458,-0.01415062,-0.0119734,-0.0075216,-0.03163238,-0.00528659,-0.00402464,-0.02824811,0.00649361,0.00155985,-0.01455354,0.01103965,-0.01236568,-0.01616214,-0.01627925,-0.01201142,-0.01069625,-0.02275319,-0.01079354,-0.03089192,0.00665477,-0.00639346,-0.00524403,-0.01210263,-0.01343757,0.02512634,-0.00340585,1.00945089
