"","Np2_500645","Np2_500773","Np2_502523","Np2_500790","Np2_502049","Np2_501240","Np2_503949","Np2_504968","Np2_500001","Np2_500782","Np2_503979","Np2_503310","Np2_502097","Np2_500923","Np2_501792","Np2_501969","Np2_500038","Np2_503595","Np2_500179","Np2_504637","Np2_501571","Np2_504505","Np2_502059","Np2_503653","Np2_503024","Np2_504363","Np2_503422","Np2_501851","Np2_502492","Np2_504139","Np2_500263","Np2_501458","Np2_501809","Np2_502884","Np2_501272","Np2_504453","Np2_502596","Np2_503257","Np2_500224","Np2_504172","Np2_502413","Np2_504708","Np2_501925","Np2_500273","Np2_502664","Np2_502054","Np2_503834","Np2_502709","Np2_500737","Np2_503089","Np2_504087","Np2_500796","Np2_504250","Np2_504683","Np2_501151","Np2_503213","Np2_500652","Np2_500366","Np2_500111","Np2_500543","Np2_501553","Np2_500149","Np2_504455","Np2_503052","Np2_501722","Np2_501291","Np2_501599","Np2_503107","Np2_502617","Np2_500729","Np2_501580","Np2_504251","Np2_502438","Np2_500398","Np2_501330","Np2_503677","Np2_501614","Np2_500836","Np2_501441","Np2_501701","Np2_504635","Np2_500325","Np2_503402","Np2_504201","Np2_503978","Np2_501341","Np2_502098","Np2_504559","Np2_504928","Np2_501047","Np2_503529","Np2_504721","Np2_501612","Np2_501020","Np2_502715","Np2_503038","Np2_504169","Np2_502166","Np2_502177","Np2_501265"
"Np2_500645",0.99778833,-0.01381701,-0.00116012,0.00800789,-0.02716959,0.00268419,-0.0102856,-0.00869077,-0.01395527,-0.02449786,-0.00523227,0.00077494,-0.01755956,-0.01653278,0.07660711,-0.00965071,-0.01164958,-0.00530365,0.00126099,-0.01136555,-0.01212043,-0.01573385,0.00351807,-0.02241249,-0.010076,0.00329934,0.00080988,-0.01246977,-0.02173954,-0.00715214,-0.00879102,-0.01797883,-0.00836421,-0.0075106,0.00879166,-0.01876708,-0.00127707,-0.01608927,0.00026611,-0.00540693,-0.03044586,0.00036484,-0.02076901,-0.02419258,-0.00757896,0.00926706,-0.0293355,-0.0165814,-0.0290743,0.00089646,-0.00896266,-0.02598791,0.04482882,-0.01695505,-0.01046181,-0.00975855,-0.00212765,-0.01996397,-0.02318099,-0.00878191,0.07015023,-0.02132798,-0.01432431,-0.01541186,-0.01666039,-0.0046323,-0.01742899,-0.02171678,-0.01135946,0.00283457,0.01981574,-0.01434864,-0.02932038,-0.00945478,-0.02818115,-0.019563,-0.021454,0.01294582,-0.04159454,-0.02823435,-0.02102569,-0.02085706,-0.00735567,-0.03087568,-0.01167236,-0.01331579,-0.02145249,-0.01314568,-0.01988196,-0.01308949,-0.00293722,-0.01331885,-0.00742401,-0.00927707,-0.01132605,-0.01809119,-0.00776425,-0.02203573,-0.01199285,-0.01260192
"Np2_500773",-0.01381701,0.97738383,0.03496514,-0.00386373,-0.00137276,-0.01025066,-0.01790431,0.00617003,-0.01139743,-0.01616824,-0.01391421,-0.01580522,-0.00847052,0.00303657,-0.02442342,-0.02471197,-0.03035618,-0.01185915,-0.00575019,-0.01230117,0.00380361,-0.03337721,-0.01579613,-0.00557706,-0.00296152,-0.00902796,-0.00042953,-0.02069605,-0.02358647,0.00315201,-0.02172585,-0.01101621,-0.00018651,-0.00875,-0.00900367,-0.00922236,-0.00084571,0.0071254,0.01360804,0.00930197,-0.01907845,-0.02046825,0.00244573,-0.02057151,-0.00365413,-0.03632387,-0.02176533,0.00222852,0.0178351,-0.01051951,-0.02022672,-0.01856962,0.00227561,-0.00452446,-0.03114298,0.00343148,-0.01430305,-0.00586259,-0.02411659,-0.01002131,-0.00794498,-0.01072002,-0.00614661,-0.03275146,-0.01835544,-0.00268204,-0.00013791,0.0005866,-0.00895352,-0.00918896,0.00262799,-0.01771448,-0.01111796,-0.01813674,-0.02805352,-0.01184095,-0.01661783,-0.01958272,-0.00759565,-0.0147405,0.00856837,-0.01829923,-0.01208852,0.00221182,-0.0203543,-0.01987129,-0.00978132,-0.02258706,-0.00836268,-0.01478456,-0.02452977,0.00199765,-0.00258787,0.00011575,-0.01423623,-0.00915402,-0.0111301,-0.01203535,0.01881629,-0.01034787
"Np2_502523",-0.00116012,0.03496514,1.00376446,-0.02796395,-0.01271432,-0.008226,-0.00631066,-0.01124707,-0.0160559,-0.02614283,-0.02191423,-0.01226168,-0.00523075,-0.01924095,-0.01875344,-0.00096722,-0.03228068,-0.01621384,0.01738703,-0.0063274,-0.00753795,-0.03545359,-0.01483471,-0.02785469,-0.01354362,-0.00502874,-0.00706252,0.00639028,-0.02323261,-0.01244245,-0.01377753,-0.00367541,-0.01684418,-0.01188957,0.00820993,-0.01099493,-0.00793437,-0.01773423,-0.00593552,-0.00173578,0.0235006,0.0254524,-0.01740163,-0.00062395,-0.0081607,-0.00923757,-0.01670291,-0.00622713,-0.00018955,-0.00181172,-0.0122784,-0.00196361,-0.01423017,-0.00432245,0.00156325,-0.01459319,-0.00893683,-0.00733137,-0.0075106,-0.02759033,-0.00819865,-0.00535378,-0.03024682,-0.02632206,-0.01511568,0.00572198,-0.02757978,0.0092944,-0.01452331,0.00605005,-0.01463722,-0.02480319,-0.00316961,-0.02628866,-0.01190323,-0.00662661,-0.01975741,-0.0130014,-0.02000046,-0.00314683,-0.00839309,-0.00412348,-0.00565907,-0.00077584,-0.01544376,-0.02316276,-0.02370501,-0.00917074,-0.00345213,-0.00106444,-0.01521444,-0.00630613,-0.0114992,-0.01730137,-0.00962945,-0.01244548,-0.02550946,0.00031776,-0.01318214,-0.01272799
"Np2_500790",0.00800789,-0.00386373,-0.02796395,0.97516291,-0.01979839,-0.01849974,0.00483189,-0.02562179,-0.00126796,-0.01500022,-0.01016408,-0.00613143,-0.0179347,-0.03528642,0.0015025,-0.00167198,-0.01202473,0.0037383,-0.01551815,-0.00672837,-0.0082427,-0.00821078,-0.025716,-0.0103327,-0.02791833,-0.00269571,-0.01490603,-0.00175704,0.00294695,-0.01375475,-0.00643217,0.01855509,-0.02544712,-0.02428974,-0.00965831,-0.00714301,-0.02048642,0.00662265,-0.00117227,-0.01717372,-0.00348098,-0.00957932,-0.01537237,-0.00467027,-0.02906669,0.00418332,-0.01163588,-0.00814699,-0.02944941,0.06826373,-0.01541336,-0.00783259,-0.01280846,0.00195968,-0.01645684,-0.00998181,-0.00842648,-0.01517489,0.00150553,0.02744813,0.01296857,-0.00970388,-0.01576267,-0.00955956,-0.02235162,-0.00926035,-0.0112729,-0.00371337,-0.01613938,-0.01728616,-0.02825249,-0.00439535,-0.00448193,-0.01119694,-0.00212764,-0.00307848,-0.01134881,-0.01887036,-0.01265507,-0.02177447,-0.01167994,-0.00376501,-0.00089584,-0.00846748,-0.01630038,-0.0275128,-0.01438507,-0.00683772,-0.00385311,-0.02865353,-0.01774185,0.00741857,-0.0220767,-0.00251344,-0.01671353,-0.00965677,-0.0069243,-0.0164872,-0.02725308,-0.01631861
"Np2_502049",-0.02716959,-0.00137276,-0.01271432,-0.01979839,0.99351359,0.06251778,-0.02533321,-0.0100684,-0.00956111,-0.03438127,-0.01420434,-0.01290568,-0.00602663,-0.02550483,-0.01362565,0.00643888,-0.01925466,0.00926705,-0.00406575,0.00426839,-0.01273861,-0.01513693,-0.00955504,-0.0069304,-0.00704885,-0.01159641,-0.00694708,-0.01551818,-0.02053505,-0.01536478,-0.02292731,-0.0003703,-0.00260306,-0.00752123,-0.01567314,-0.01725881,-0.01678037,-0.03326332,-0.02116086,-0.01772055,-0.00448345,-0.01453093,-0.02381741,-0.01539364,-0.02277851,-0.01747602,-0.03557357,-0.01659202,-0.00052978,0.02154274,0.02231584,-0.0112653,-0.00545705,-0.01043446,0.00972881,-0.01478152,0.0132025,-0.01602549,-0.01969816,-0.02534843,-0.00838699,-0.01085825,0.00373981,-0.01025827,0.00520099,-0.00722505,-0.01941418,-0.00046295,0.00564147,-0.00947908,-0.00601601,0.02103086,-0.00366173,-0.01447775,-0.00130745,-0.01957363,-0.0039974,-0.00908872,-0.01745479,0.00365172,-0.01131542,-0.01205814,-0.0281751,-0.02222864,-0.01396131,-0.00102342,-0.02389334,0.0087157,-0.02520871,-0.0202389,-0.00689698,-0.00102646,-0.02110464,-0.01900859,-0.00845079,-0.00397614,-0.01202777,-0.0105028,-0.01625636,-0.01139744
"Np2_501240",0.00268419,-0.01025066,-0.008226,-0.01849974,0.06251778,0.98669285,-0.02145245,-0.01833874,-0.01692012,-0.0207796,-0.01199434,-0.00856925,-0.0234103,0.00875366,-0.00518821,-0.00031258,-0.02965144,-0.0220904,-0.00823509,-0.0187352,-0.00840218,-0.02128081,0.02819699,0.00181083,0.00609713,-0.02092998,-0.00898998,-0.01361196,0.00430636,-0.00161123,0.00100278,-0.02185503,-0.02363207,-0.0113868,-0.01300747,-0.00654306,-0.01806381,-0.02437022,0.00368058,-0.00776423,-0.02156336,0.00134909,-0.0093044,-0.01363932,-0.01707506,-0.00387437,-0.02425025,-0.01195182,-0.00135757,-0.03396511,-0.0122313,-0.02378854,-0.0191954,-0.01430002,-0.01479367,0.00125036,-0.00585197,-0.01168906,-0.02918362,-0.01250621,0.00703733,-0.0066737,-0.01106173,-0.02202205,-0.01825824,-0.01625484,0.00542731,-0.02346652,-0.00870443,0.00062914,-0.01595713,-0.01989563,-0.02529833,-0.01257154,-0.02021001,-0.00293418,-0.00224308,-0.01902985,0.00222245,0.00267204,-0.01533288,-0.01774636,-0.01973766,-0.01044964,-0.00628333,-0.0115721,-0.02031635,-0.01869265,-0.01525238,-0.01407979,-0.00924366,0.00391753,-0.01616066,0.02557841,0.00226497,-0.00632282,-0.00040067,-0.01436836,0.00023118,0.00038155
"Np2_503949",-0.0102856,-0.01790431,-0.00631066,0.00483189,-0.02533321,-0.02145245,0.97366204,-0.01566396,0.00139921,-0.02114259,-0.00476292,-0.01303325,-0.01587509,-0.00467178,-0.00904467,-0.01085212,-0.01102833,-0.01242874,-0.00373767,0.00869747,-0.01514452,-0.00387284,-0.02168182,-0.00477964,-0.01021419,-0.02782419,-0.00342933,-0.00577297,-0.02886459,-0.0080498,-0.01530854,-0.01113012,-0.01366664,-0.00992713,-0.01200348,-0.01161461,-0.01159182,-0.01060758,-0.0092892,-0.01070935,-0.01752159,-0.02149349,-0.00571831,-0.01445798,-0.00483127,-0.00362983,-0.01337347,-0.00259395,-0.02435202,-0.01488631,-0.03613706,-0.01063342,0.0020098,-0.01420736,-0.02518133,-0.01141565,-0.00196209,-0.01357095,-0.01359829,0.02130574,-0.00851456,-0.00946693,-0.01780405,-0.02192939,-0.00449559,0.00084937,-0.01483318,-0.01350108,-0.00390323,-0.00930288,-0.02376267,-0.00658862,-0.01153565,-0.01612421,-0.02224378,-0.01377752,-0.01278264,-0.0133173,-0.01849368,-0.01333553,-0.00141832,-0.00656583,0.00374589,0.05556275,0.00747931,-0.01421343,-0.01688212,-0.01875188,-0.0192607,-0.01520225,0.01332857,-0.01634293,0.00960119,-0.01199738,-0.00918592,0.00516149,-0.00273824,-0.00561805,-0.00256205,0.00092987
"Np2_504968",-0.00869077,0.00617003,-0.01124707,-0.02562179,-0.0100684,-0.01833874,-0.01566396,0.98657436,0.00663938,-0.01544678,-0.00969931,-0.00946387,0.00197183,-0.00368451,-0.02643597,-0.00561198,-0.00290228,-0.01296036,0.00195816,-0.00383337,-0.01871392,-0.01169512,-0.01963134,-0.01412083,0.00307606,-0.01012915,0.01411381,-0.01784814,-0.01876402,-0.01070786,-0.01340995,0.00200829,-0.00994537,-0.01182575,-0.01162376,-0.01457645,-0.00954134,-0.01159487,-0.0280475,0.00182146,-0.00104165,-0.03417625,-0.02067938,0.01812218,-0.03057648,-0.02724854,-0.01451266,-0.01968143,-0.01835243,-0.01967083,-0.0175307,-0.02118972,-0.0068757,-0.02582688,-0.01189108,-0.01240293,-0.01099948,-0.00073635,-0.00592791,0.01454671,-0.00919808,-0.01136556,-0.02182912,-0.02625823,-0.01884909,-0.01380791,-0.0097449,0.00571285,-0.00473862,0.00474684,-0.01244698,-0.01380336,0.00069141,-0.00040371,-0.0229273,0.00330997,-0.01574448,-0.00625448,0.01439028,-0.00110848,-0.01729072,-0.01529944,0.00275862,-0.01012915,-0.02889806,0.00636749,-0.01361652,-0.01305605,-0.01326111,0.01297316,-0.00892317,-0.01003955,-0.01568828,0.00812789,-0.00197121,0.01283188,-0.01800307,-0.02240176,-0.00901733,-0.01813218
"Np2_500001",-0.01395527,-0.01139743,-0.0160559,-0.00126796,-0.00956111,-0.01692012,0.00139921,0.00663938,1.0093122,-0.00871205,-0.00235701,-0.00819713,-0.02835432,-0.0086452,-0.01468889,-0.00449712,-0.01530556,-0.03462887,0.01188258,-0.00894597,-0.01608019,0.00369729,0.0111019,-0.00024727,-0.00294786,0.00268116,0.00824181,-0.01901164,0.00361527,-0.00306178,-0.01548478,-0.00264864,-0.01976653,-0.01587515,-0.02873564,-0.01315783,0.00114252,-0.01746691,0.00678673,-0.02060645,0.00614878,-0.01468283,0.00215562,-0.01478609,-0.0132095,-0.01762793,0.00513264,-0.01962982,-0.02027538,-0.03237791,-0.01535264,0.01030295,-0.0201903,-0.01802893,-0.00348555,0.00906505,-0.01565642,0.01344098,-0.00648383,-0.0080331,-0.02706936,-0.00463079,-0.00704429,0.01191753,-0.0212277,0.00143263,0.00321733,-0.030537,-0.00818043,-0.01160554,-0.0061679,-0.03167466,0.00697052,-0.01721177,-0.02150869,-0.00165073,-0.02298354,-0.00043105,-0.01380947,-0.01594198,-0.01298621,-0.01676672,-0.00599931,0.00830105,-0.01836611,-0.023503,-0.01766591,-0.0175611,-0.0227785,-0.00110088,0.00297582,-0.01910128,-0.00849787,-0.00943959,-0.01984249,-0.01643106,-0.00716734,-0.03040028,-0.03357173,-0.01276445
"Np2_500782",-0.02449786,-0.01616824,-0.02614283,-0.01500022,-0.03438127,-0.0207796,-0.02114259,-0.01544678,-0.00871205,0.99126229,-0.02429128,0.00541059,-0.02097401,-0.00187247,-0.00396703,-0.01990016,-0.01050737,-0.01130022,-0.01430457,-0.00657801,-0.02996434,-0.01033876,0.02045673,-0.0192957,-0.01349045,-0.00770957,-0.01019902,-0.02378245,0.00643888,-0.03183108,0.00678063,-0.02169707,-0.00615879,-0.00029283,-0.00540694,-0.01519464,0.00670013,0.01026648,0.01674911,-0.00229017,-0.00333062,0.03127733,0.00224524,-0.02213903,-0.02177756,-0.01556374,0.00279203,-0.01710996,-0.01593284,0.00462077,-0.02042723,0.00796234,-0.02450544,-0.02614129,-0.02131883,-0.0037559,-0.005694,-0.00940464,-0.01702644,-0.0144747,-0.00875304,-0.01000919,-0.0039169,-0.00333365,-0.00503784,-0.02672911,-0.00504697,0.00129744,-0.01826736,0.00093898,-0.00243295,-0.02793967,-0.01633081,0.05244304,-0.02020394,0.00846357,-0.01772967,-0.01249256,-0.02070673,-0.00096722,-0.02018726,-0.00528541,-0.01395981,-0.02532868,-0.00323948,-0.02235014,0.00459951,-0.01519313,0.01300505,0.00415296,-0.00574414,-0.00184818,-0.02147069,-0.02241242,-0.0176264,-0.02378397,-0.01360893,-0.01572929,-0.00553452,-0.01890227
"Np2_503979",-0.00523227,-0.01391421,-0.02191423,-0.01016408,-0.01420434,-0.01199434,-0.00476292,-0.00969931,-0.00235701,-0.02429128,0.98802358,-0.00236003,-0.03102298,0.01876007,-0.00566211,-0.02326601,-0.01615155,-0.01740007,-0.01037976,-0.01890531,0.00707227,0.10006005,-0.00994538,-0.015219,-0.00986942,-0.01563209,-0.01675453,-0.00314986,-0.01409041,0.00095266,-0.00478722,-0.01837981,-0.02759941,-0.00912669,0.00747933,-0.00686507,0.00242294,-0.01178169,-0.01942477,-0.01902222,-0.00821536,-0.02342706,-0.02678987,0.04011115,-0.0016006,-0.00161427,0.00352717,-0.02229848,-0.00562869,-0.0178831,-0.00678152,-0.01028865,-0.01313807,0.00466786,-0.0025089,-0.00848876,-0.01832508,-0.00958084,-0.01340541,-0.01024611,-0.0257889,-0.01899495,-0.01730739,-0.00472495,-0.01858025,-0.00305873,-0.01707053,-0.03214242,-0.0258861,-0.04131045,0.01257974,-0.01824307,-0.02106366,0.00047269,-0.01521591,0.00114859,-0.00226131,-0.00309974,-0.01541491,-0.01207941,-0.02021156,-0.01852404,-0.01914833,-0.03082099,-0.02300933,-0.00126189,-0.01213257,0.00528757,0.00644952,0.00640699,-0.006376,-0.0126566,0.01024977,-0.01226016,-0.02661215,-0.03444049,-0.00224157,-0.02015837,-0.00965982,-0.01482556
"Np2_503310",0.00077494,-0.01580522,-0.01226168,-0.00613143,-0.01290568,-0.00856925,-0.01303325,-0.00946387,-0.00819713,0.00541059,-0.00236003,0.97725318,-0.00937121,-0.0180653,-0.02410901,-0.01877768,-0.00330934,-0.01017775,-0.01682743,-0.0209482,-0.00970387,0.00916223,-0.02216484,-0.00951555,0.0119342,-0.0134221,-0.00102646,-0.02083731,-0.02251262,-0.01065925,-0.02611998,0.01679014,-0.01657987,-0.01846026,0.0098412,-0.01407217,0.01237924,-0.01185003,0.003594,-0.01377446,0.01738551,-0.01195183,-0.0145552,-0.02830721,-0.00835206,-0.02522537,-0.01294516,-0.01993659,-0.01724059,-0.01339477,-0.0118622,-0.0184071,-0.0092573,-0.0156017,0.01899098,0.00131567,-0.00806498,-0.00980107,-0.00299342,-0.02246555,-0.02843933,-0.01298772,-0.02208427,-0.01755196,-0.02700247,-0.00570919,-0.01075952,-0.00016221,-0.01592977,-0.009634,0.00248673,-0.00373008,-0.01475266,-0.00369666,-0.01285402,-0.00848876,-0.02951774,-0.01304086,-0.0037878,-0.00197121,-0.01116656,0.00252014,-0.03258289,-0.01448532,0.01155297,-0.01727855,-0.00445459,-0.02789254,-0.01928805,-0.00657192,-0.00188767,0.01658961,-0.00667824,-0.00898694,-0.01893415,0.00498227,-0.00489203,-0.01308793,-0.01306971,0.00530731
"Np2_502097",-0.01755956,-0.00847052,-0.00523075,-0.0179347,-0.00602663,-0.0234103,-0.01587509,0.00197183,-0.02835432,-0.02097401,-0.03102298,-0.00937121,0.98281004,0.00658469,0.00312315,-0.00962032,0.00706314,-0.00117227,0.00189892,-0.01163894,-0.00920415,-0.01129869,0.005523,-0.00142137,-0.02553826,-0.00532795,-0.03652436,-0.00818649,-0.00150794,-0.01866532,-0.00572285,-0.00032928,-0.01152349,-0.01553032,-0.01274622,0.01164107,0.01697995,-0.01484376,-0.03266339,0.00115466,-0.013252,-0.00233878,-8.171e-05,-0.01930173,-0.00466269,-0.01348589,-0.0277862,-0.00637446,-0.00200765,1.55e-05,-0.00528693,-0.00833839,-0.00784626,-0.01540578,-0.01787398,-0.0024375,-0.02245038,-0.00140314,-6.348e-05,-0.00677697,-0.0039412,-0.02357592,-0.00548439,-0.0203938,-0.00128922,-0.00718404,-0.02468928,0.00276773,-0.00373464,-0.01855139,-0.01159487,0.01226231,-0.00149428,-0.01185462,-0.0111392,-0.03062049,-0.01231028,-0.01542704,0.00643282,-0.0122556,-0.02114718,-0.01399168,-0.00960363,0.01001283,0.01114136,-0.01829773,-0.02582686,-0.02693718,-0.01681379,-0.01533744,-0.01733631,-0.01192145,-0.01711451,-0.01775246,0.01179145,-0.01502301,-0.01335376,-0.01106933,-0.01864556,0.00094658
"Np2_500923",-0.01653278,0.00303657,-0.01924095,-0.03528642,-0.02550483,0.00875366,-0.00467178,-0.00368451,-0.0086452,-0.00187247,0.01876007,-0.0180653,0.00658469,0.96678661,-0.0023813,-0.01512475,0.00884935,-0.02809301,-0.01985759,-0.02990203,-0.01015193,-0.00586714,0.09267072,0.00264318,-0.00598106,0.00177438,-0.00952461,-0.00214739,-0.01825213,-0.01961308,-0.01168296,-0.01707353,-0.00821838,-0.00614966,-0.02007333,-0.01725423,-0.00872569,-0.01563965,-0.01416939,-0.02470283,-0.00888366,0.00233332,-0.00528238,-0.01265505,-0.00606613,-0.01731955,0.0631586,-0.01324589,-0.02467553,-0.01399472,-0.01534804,-0.00974183,0.00016739,0.00096177,-0.01456885,-0.01796659,-0.02020847,-0.02558989,-0.02850312,0.02083032,-0.00686354,-0.0283209,-0.01827946,-0.0006847,-0.01332487,-0.02256124,0.00276622,-0.02719081,-0.02412415,0.00100581,0.04699768,-0.00539326,-0.0141375,-0.0153845,-0.02621262,-0.0280748,-0.01219483,-0.00528693,-0.02580408,-0.0101656,-0.0145005,-0.0301283,-0.00462774,-0.01979383,-0.00681797,-0.00922084,0.0171212,-0.03198592,-0.02414088,0.00786511,-0.01220852,-0.01621078,-0.01532828,-0.02052289,-0.02120487,-0.00427536,-0.02311106,-0.00700479,-0.01473289,-0.0215694
"Np2_501792",0.07660711,-0.02442342,-0.01875344,0.0015025,-0.01362565,-0.00518821,-0.00904467,-0.02643597,-0.01468889,-0.00396703,-0.00566211,-0.02410901,0.00312315,-0.0023813,1.00513165,-0.02694023,0.00326137,-0.01788462,-0.01040864,-0.01863042,-0.02227118,-0.00887304,-0.02379618,-0.00537505,-0.01855596,0.01486874,-0.01708719,-0.01122884,-0.01290417,-0.01244245,-0.01058787,-0.01856057,-0.02246408,-0.01356034,0.00137491,-0.03149994,-0.0197817,-0.00117835,-0.02006121,-0.009634,-0.03163516,-0.00826702,0.00249585,0.00211006,-0.02091941,-0.00118746,-0.01214624,-0.00106291,-0.02008703,-0.02140543,-0.01060762,-0.01441852,-0.01711607,-0.01358769,-0.00906898,0.0036335,-0.02564464,-0.01841927,-0.01191538,-0.01103443,0.22890012,-0.00930292,-0.02204483,0.00344819,-0.00858445,-0.00688482,-0.02074475,-0.00513505,-0.00829586,-0.00625296,-0.01387778,-0.01234827,-0.01668776,0.00241838,-0.02177601,-0.01528429,-0.00532796,-0.00783717,-0.02987327,-0.00739973,-0.00687419,-0.02052748,-0.00808931,-0.01611664,-0.00359642,-0.01815042,-0.02689468,-0.01980298,-0.01408436,-0.02339215,-0.01885979,-0.01769781,-0.02759943,-0.01289659,-0.0342355,-0.02353338,-0.01563667,-0.02064292,-0.0137897,-0.02472723
"Np2_501969",-0.00965071,-0.02471197,-0.00096722,-0.00167198,0.00643888,-0.00031258,-0.01085212,-0.00561198,-0.00449712,-0.01990016,-0.02326601,-0.01877768,-0.00962032,-0.01512475,-0.02694023,0.98040075,0.00175767,-0.0098193,0.00585866,-0.00494519,-0.03395141,-0.01888249,-0.00494672,-0.01644777,-0.01793318,-0.00835509,-0.01950219,0.01703768,-0.02397683,-0.01941413,-0.02409076,0.00408613,-0.00513353,-0.01369702,-0.01106481,-0.02829504,-0.01247583,-0.00647925,-0.01518554,-0.00566969,0.00149186,-0.02040294,-0.01465241,-0.01594954,-0.00890494,-0.03155001,-0.00514416,0.00669861,0.00088886,-0.00604942,-0.02851529,-0.00574564,-0.01163285,-0.01342059,0.00704644,-0.00576843,0.00581158,0.00893593,-0.01417851,-0.02180332,-0.02610633,0.02625435,-0.00258787,-0.02387661,-0.03423845,-0.01248951,-0.01191995,-0.01970119,-0.01769776,-0.01899643,-0.01765978,-0.00170085,-0.01560932,-0.0185271,0.00087063,-0.00843407,0.00288923,-0.00782197,0.00051977,0.00142503,-0.00139099,-0.01717071,-0.00640332,-0.00410221,-0.01558044,-0.02648908,-0.01047546,0.00709656,-0.00632282,-0.00590968,-0.01550301,-0.01631559,-0.01771142,-0.0086285,0.02395319,0.00625205,-0.01622901,-0.01470403,-0.00572437,-0.00025789
"Np2_500038",-0.01164958,-0.03035618,-0.03228068,-0.01202473,-0.01925466,-0.02965144,-0.01102833,-0.00290228,-0.01530556,-0.01050737,-0.01615155,-0.00330934,0.00706314,0.00884935,0.00326137,0.00175767,0.99599884,-0.01652672,-0.00905075,-0.00831106,-0.01438205,-0.00903404,-0.01013525,0.00539998,0.00604093,-0.00594918,-0.02332374,-0.01366817,-0.01412839,-0.00910999,-0.01621686,-0.02449336,-0.00804372,-0.01873368,-0.008507,-0.03348359,-0.0090067,-0.00817435,-0.01672875,0.00706466,-0.00475989,-0.01070636,-0.00070293,-0.0071643,-0.00725847,-0.01820813,-0.01018079,-0.00517302,-0.00080622,-0.01792108,0.02006485,-0.0036435,-0.01317605,-0.01450812,0.01203448,-0.00898241,-0.03750106,-0.00870748,0.00979564,-0.0060312,-0.00289165,-0.00338833,-0.00944716,-0.02952083,0.02998623,-0.01950072,-0.01452639,-0.00954895,-0.00405209,-0.01112252,-0.01859545,0.0086033,-0.01396285,-0.0133872,-0.01084911,-0.00071204,0.01866138,-0.00070749,0.00383703,-0.03201486,-0.02784399,-0.01871391,-0.00247851,-0.00701241,-0.0095292,-0.01193208,0.00195512,-0.01920453,-0.01014435,-0.0183889,-0.01537543,-0.01846637,-0.00998942,-0.02930971,-0.0050819,-0.02931426,-0.01549388,-0.01503213,-0.01987436,-0.00256054
"Np2_503595",-0.00530365,-0.01185915,-0.01621384,0.0037383,0.00926705,-0.0220904,-0.01242874,-0.01296036,-0.03462887,-0.01130022,-0.01740007,-0.01017775,-0.00117227,-0.02809301,-0.01788462,-0.0098193,-0.01652672,0.98788078,-0.01364082,-0.00196513,-0.0043908,-0.02729409,0.00243813,-0.0064808,0.0022103,-0.01053926,0.00140073,-0.0161318,0.00603941,-0.01445952,-0.01397194,-0.02042575,-0.01354514,-0.02924742,0.00847117,-0.01240444,-0.00174945,-0.00790398,-0.00795259,-0.00694252,-0.00646408,-0.03519392,-0.01683658,-0.0182856,0.00227713,0.00909845,-0.00778399,-0.0246482,-0.00843408,0.01120821,0.03597975,-0.00413259,-0.02566434,-0.00892164,0.00440661,-0.00248459,-0.00685291,-0.02666378,-0.0133249,-0.00241928,-0.01796207,-0.00357364,-0.00689847,-0.01709934,-0.00391842,0.00340111,-0.00377565,-0.00806347,-0.01562904,-0.0032577,-0.01422408,-0.01193512,-0.00154136,-0.01281305,-0.00936363,0.01003865,-0.00597803,-0.00620891,-0.01943541,-0.02126414,-0.01299227,0.00601055,-0.00873938,-0.02344982,-0.01275227,-0.0145476,0.00495948,-0.01331427,-0.02187321,-0.0184223,-0.01313051,-0.00437409,-0.00349161,-0.03344411,-0.0285062,-0.0041341,-0.00960363,-0.00595221,-0.03403343,-0.0045685
"Np2_500179",0.00126099,-0.00575019,0.01738703,-0.01551815,-0.00406575,-0.00823509,-0.00373767,0.00195816,0.01188258,-0.01430457,-0.01037976,-0.01682743,0.00189892,-0.01985759,-0.01040864,0.00585866,-0.00905075,-0.01364082,0.9780735,-0.00876671,-0.01696415,-0.02346344,-0.02213446,-0.0117635,-0.0325388,-0.00883506,-0.00646406,-0.03295803,-0.03524089,-0.00607221,-0.01150829,-0.00049484,-0.02672603,-0.02207521,-0.013975,-0.01738335,-0.00946235,-0.01637632,-0.00943806,-0.01708563,-0.01083544,-0.01419979,-0.00829738,0.00650571,0.00352565,-0.00666456,-0.01504122,-0.02036189,-0.0132611,-0.0118455,-0.01532526,-0.01822483,-0.02304881,0.01222432,-0.01333097,-0.01126072,0.0243177,-0.00369514,0.00675784,-0.01165107,-0.00987853,-0.01736213,-0.01035849,-0.00081381,-0.02120032,-0.02906969,-0.00753946,0.00062761,-0.00071053,-0.01127439,-0.02543041,-0.01752159,-0.02170918,-0.00700784,0.0146682,0.00202195,-0.0196146,0.01357006,-0.0218322,-0.01940805,-0.02222407,-0.02737154,-0.01189562,-0.00458217,-0.01454152,0.01419279,-0.01748664,-0.02421684,-0.01303023,-0.0194521,0.00558527,-0.01315023,-0.01591306,0.00197942,-0.00933478,-0.02430189,0.01199801,0.00835875,0.00382032,0.00184424
"Np2_504637",-0.01136555,-0.01230117,-0.0063274,-0.00672837,0.00426839,-0.0187352,0.00869747,-0.00383337,-0.00894597,-0.00657801,-0.01890531,-0.0209482,-0.01163894,-0.02990203,-0.01863042,-0.00494519,-0.00831106,-0.00196513,-0.00876671,1.00309909,-0.0131867,0.00097088,-0.02200236,-0.00874548,-0.00157325,-0.02358806,-0.01377449,-0.0141436,-0.00199703,-0.0223441,-0.01669228,-0.02208288,-0.00320302,0.00144781,-0.02599402,-0.01725124,-0.01130478,0.00167868,0.00785754,-0.00571374,-0.01404488,0.00871572,-0.00178591,-0.01082938,-0.00986034,-0.00957022,-0.00959299,-0.02098922,-0.03408968,-0.01034637,-0.01291482,-0.00730859,-0.00757591,-0.03138756,-0.0013515,-0.00247092,-0.00273825,-0.006297,-0.0028309,-0.00772173,-0.01901163,-0.01479979,-0.01797268,0.02012713,-0.01438509,-0.00843257,-0.03049453,0.00379754,-0.01500783,-0.03286241,-0.00600841,-0.00250434,-0.0155015,-0.01158427,-0.0239313,-0.01607259,-0.02084949,0.00701911,-0.00241016,-0.01320037,0.00585564,0.00769501,0.00236219,0.00846053,-0.02321896,-0.01331884,-0.01112708,-0.0161865,-0.01198678,-0.00534619,0.00435042,-0.018638,-0.01137617,-0.01824157,-0.00753187,-0.01171489,-0.00640029,-0.02386144,-0.00743921,-0.00531429
"Np2_501571",-0.01212043,0.00380361,-0.00753795,-0.0082427,-0.01273861,-0.00840218,-0.01514452,-0.01871392,-0.01608019,-0.02996434,0.00707227,-0.00970387,-0.00920415,-0.01015193,-0.02227118,-0.03395141,-0.01438205,-0.0043908,-0.01696415,-0.0131867,0.99566463,-0.00631522,-0.02275723,0.01328304,0.01696174,-0.00292659,0.00870962,-0.01824003,-0.00715669,-0.01580831,-0.0072706,-0.02040753,-0.0013758,0.00449015,-0.00290229,-0.00281722,-0.02223621,-0.01259431,-0.00504848,0.0079608,-0.00659775,-0.02089812,-0.01742592,-0.01538149,0.0016878,-0.02900744,-0.00427232,-0.02052899,-0.01859243,-0.00259547,0.01412599,-0.01945516,-0.01288746,-0.00829586,-0.01926985,0.0131782,-0.00486014,0.00342844,-0.00525656,0.00899061,-0.04087908,-0.01160555,-0.02510689,-0.02756146,-0.0023813,-0.03045192,-0.00542821,-0.01670292,-0.0010295,-0.02268128,-0.02012953,-0.0105499,-0.02658485,-0.00854193,-0.01314263,0.02311934,-0.01340237,0.00763121,-0.00377261,-0.0036268,-0.01555617,0.00375045,-0.01464483,0.01773032,-0.00544339,-0.0155926,-0.00155351,-0.01709327,-0.01562755,0.00939162,-0.02450398,-0.02486089,-0.0127386,-0.014136,-0.0061603,-0.02811434,-0.03221686,0.0024199,-0.00227043,-0.0194354
"Np2_504505",-0.01573385,-0.03337721,-0.03545359,-0.00821078,-0.01513693,-0.02128081,-0.00387284,-0.01169512,0.00369729,-0.01033876,0.10006005,0.00916223,-0.01129869,-0.00586714,-0.00887304,-0.01888249,-0.00903404,-0.02729409,-0.02346344,0.00097088,-0.00631522,0.97749928,-0.01421953,-0.01356947,-0.01186523,-0.01140046,-0.02102867,-0.01608166,-0.01897209,-0.01547261,0.00536806,-0.0065537,-0.00909023,-0.02509628,-0.02367918,0.00207511,-0.01248341,-0.00952462,-0.02202813,0.02986464,-0.01081873,-0.01752465,-0.02103935,-0.02841202,-0.01787399,-0.00634408,0.0048729,-0.00956108,-0.01704162,-0.01760057,0.00944931,-0.01015802,-9.69e-05,-0.01752917,-0.00921327,-0.01245913,-0.01546044,0.01044722,-0.00719922,-0.01725425,-0.0209497,-0.00777641,-0.02568251,-0.00368299,-0.02741105,-0.00216866,-0.01466155,-0.02305033,-0.00783259,-0.01019447,-0.00612384,0.00087367,0.01111555,-0.00820625,-0.00354173,-0.02317488,-0.01625634,0.00113189,-0.0163475,-0.00192412,-0.01187891,-0.00700175,-0.01871392,-0.01626091,-0.01194271,-0.00857381,-0.00668583,-0.00551781,0.00825091,-0.01305605,-0.01368793,-0.01738641,-0.01711146,-0.00331997,-0.03589861,0.00791523,-0.04023503,-0.00225676,-0.00117531,0.01325261
"Np2_502059",0.00351807,-0.01579613,-0.01483471,-0.025716,-0.00955504,0.02819699,-0.02168182,-0.01963134,0.0111019,0.02045673,-0.00994538,-0.02216484,0.005523,0.09267072,-0.02379618,-0.00494672,-0.01013525,0.00243813,-0.02213446,-0.02200236,-0.02275723,-0.01421953,1.00780526,-0.00282331,0.00024789,-0.01933669,-0.00101734,-0.02447357,-0.00777033,-0.02477585,0.01292454,-0.00188312,-0.012166,-0.01374261,-0.00685749,-0.01467064,-0.00705341,-0.00819561,-0.00247245,-0.00723416,-0.01313507,-0.0125503,-0.01393857,-0.00217323,-0.0135072,-0.01686241,-0.02007485,-0.00458673,-0.01920608,-0.00487989,-0.01656168,-0.01429702,-0.00408399,-0.01483318,-0.01183337,-0.01963591,-0.00699266,-0.02163933,-0.01224954,-0.00909025,-0.00655826,-0.02345901,-0.02754321,-0.02437789,-0.01803195,0.01738706,0.00155262,-0.00167198,-0.02913504,-0.00643523,-0.02408472,-0.0061512,-0.0214267,-0.01204147,-0.02378094,-0.02230157,-0.00794045,-0.01014588,-0.01623361,0.00806259,-0.00903102,-0.02055786,-0.01525847,-0.00505911,-0.01106936,-0.0127128,-0.0097616,-0.01406158,-0.01745631,-0.0067147,-0.02390252,-0.00193172,-0.0291487,-0.00153529,0.00735175,-0.01475419,-0.02113506,-0.00715518,-0.01306063,-0.02415005
"Np2_503653",-0.02241249,-0.00557706,-0.02785469,-0.0103327,-0.0069304,0.00181083,-0.00477964,-0.01412083,-0.00024727,-0.0192957,-0.015219,-0.00951555,-0.00142137,0.00264318,-0.00537505,-0.01644777,0.00539998,-0.0064808,-0.0117635,-0.00874548,0.01328304,-0.01356947,-0.00282331,1.03158823,-0.02097406,-0.00668737,0.00191108,-0.03020287,-0.02473939,-0.00043105,0.0340797,-0.01505499,-0.00711115,-0.00580186,-0.02382661,-0.00581857,-0.02295926,-0.00025486,-0.00653093,-0.0355949,0.00467851,-0.01463424,-0.02224998,-0.00851005,-0.02561586,-0.00193476,-0.00286887,-0.01274623,-0.00686053,-0.0072676,-0.00133024,-0.01258372,-0.01102837,-0.01539823,-0.00647473,0.00577211,-0.0189494,-0.0077749,-0.01964961,-0.01147796,0.00138251,-0.01931549,-0.0110967,-0.002919,-0.02087535,-0.02175784,-0.0005313,-0.0110466,-0.01846031,-0.01413907,-0.01584022,-0.00732379,-0.01713131,-0.03052946,-0.01902989,-0.0290941,-0.01169516,-0.00524291,0.05231106,-0.02060197,-0.01870943,-0.02476826,0.01121279,-0.00243447,-0.00874852,-0.02163175,-0.02688258,0.00466332,-0.00981934,-0.02307625,-0.01094941,-0.01236956,-0.00662662,-0.00832779,-0.00931354,-0.00726911,-0.0148651,-0.02214969,-0.01058789,-0.02577835
"Np2_503024",-0.010076,-0.00296152,-0.01354362,-0.02791833,-0.00704885,0.00609713,-0.01021419,0.00307606,-0.00294786,-0.01349045,-0.00986942,0.0119342,-0.02553826,-0.00598106,-0.01855596,-0.01793318,0.00604093,0.0022103,-0.0325388,-0.00157325,0.01696174,-0.01186523,0.00024789,-0.02097406,0.98000579,-0.0166786,-0.01096605,-0.01103137,-0.02774367,-0.00799208,-0.03545203,-0.01623664,0.00947817,-0.01169209,0.0108376,-0.01489845,-0.02429276,-0.01571408,0.00109695,-0.00943653,-0.0021231,-0.00609499,-0.02130515,-0.01576727,-0.02208891,-0.02331765,-0.02166964,-0.00040978,0.00350135,-0.01543616,-0.03091513,-0.02576459,0.02409139,-0.00701088,-0.0213264,0.0073244,-0.0204348,-0.00090646,-0.01521135,-0.02496261,-0.02987317,0.01519681,-0.0353654,-0.02065656,-0.0082351,-0.00987702,-0.01462358,0.04381872,-0.02510993,-0.00696683,-0.02324929,0.03311209,-0.01223738,-0.01318061,-0.0285654,0.0148353,-0.00619371,-0.00855103,-0.0194992,0.00191108,-0.0167014,-0.01531766,-0.01092961,-0.01060304,-0.01251229,-0.00747261,-0.02153296,-0.01899794,0.00525111,0.02632115,-0.03369933,-0.02387967,-0.01114984,-0.01239534,-0.01626698,0.00688998,-0.01665429,-0.00692733,-0.00918744,-0.00037941
"Np2_504363",0.00329934,-0.00902796,-0.00502874,-0.00269571,-0.01159641,-0.02092998,-0.02782419,-0.01012915,0.00268116,-0.00770957,-0.01563209,-0.0134221,-0.00532795,0.00177438,0.01486874,-0.00835509,-0.00594918,-0.01053926,-0.00883506,-0.02358806,-0.00292659,-0.01140046,-0.01933669,-0.00668737,-0.0166786,0.99354398,-0.01323528,-0.02256583,0.01403483,-0.00221119,-0.01448229,-0.03111269,-0.00797993,-0.00910088,-0.0099621,0.00834965,-0.01076557,-0.02132487,-0.02577829,0.00803978,0.00107569,-0.0142879,-0.01309405,-0.01788462,-0.00916923,-0.013132,0.00355299,-0.027285,0.00229536,-0.01466761,0.00220574,0.05535323,0.00298796,-0.00745743,-0.01995031,-0.0036025,-0.01328693,-0.01228902,-0.01550604,-0.00368907,-0.01756108,-0.00985578,-0.01454759,-0.0299127,-0.02493377,-0.02368982,-0.01385504,0.01162742,-0.00839307,-0.02047585,-0.01534198,-0.01047092,-0.04047966,-0.01058939,-0.01898732,-0.00110392,-0.01803194,0.00998853,-0.02541377,-0.0161546,-0.00211094,-0.021536,-0.02580564,-0.0125685,0.00769804,-0.01414661,-0.00375287,-0.01154628,0.00753857,-0.01923644,0.01081331,-0.01278268,-0.0211654,-0.01633534,0.00667735,-0.00920112,-0.02332831,-0.01390511,0.00768133,-0.03788687
"Np2_503422",0.00080988,-0.00042953,-0.00706252,-0.01490603,-0.00694708,-0.00898998,-0.00342933,0.01411381,0.00824181,-0.01019902,-0.01675453,-0.00102646,-0.03652436,-0.00952461,-0.01708719,-0.01950219,-0.02332374,0.00140073,-0.00646406,-0.01377449,0.00870962,-0.02102867,-0.00101734,0.00191108,-0.01096605,-0.01323528,0.97701924,-0.00470216,-0.01230114,-0.01594043,0.00793802,0.0025475,-0.00682405,-0.01614698,-0.02156489,-0.00963247,-0.01811544,-0.02609263,-0.00275039,-0.01495463,-0.00126189,-0.00234789,-0.00373616,-0.01764006,-0.00300101,-0.01957055,-0.01260644,-0.02217999,-0.01340843,-0.02095428,-0.01030838,-0.00849938,-0.01590548,0.002508,-0.01119997,-0.01399016,-0.01866226,-0.01508224,-0.01040103,-0.01362107,-0.01154475,-0.02130669,-0.00230384,-0.01903591,0.00158755,-0.00035815,0.00051522,-0.00848115,-0.02728649,-0.00489051,-0.00750299,0.00739274,-0.01061672,-0.01885062,-0.00522466,-0.00966893,-0.01125616,-0.01027193,-0.02076443,-0.00527783,0.00238648,-0.01764611,-0.0237384,-0.01809572,-0.01787851,0.01100768,-0.01444431,-0.01889617,-0.01454456,-0.01656165,-0.01294063,0.01632077,-0.00147908,-0.02383712,0.01011155,-0.00910846,-0.01260342,-0.00910389,-0.02184433,-0.00802398
"Np2_501851",-0.01246977,-0.02069605,0.00639028,-0.00175704,-0.01551818,-0.01361196,-0.00577297,-0.01784814,-0.01901164,-0.02378245,-0.00314986,-0.02083731,-0.00818649,-0.00214739,-0.01122884,0.01703768,-0.01366817,-0.0161318,-0.03295803,-0.0141436,-0.01824003,-0.01608166,-0.02447357,-0.03020287,-0.01103137,-0.02256583,-0.00470216,0.98873755,0.0016073,0.00146148,-0.02493528,-0.01164351,-0.01949614,0.00824181,0.01057028,-0.02154511,0.00809599,-0.02251263,-0.00099304,-0.00059054,-0.00998487,-0.00940011,-0.01716771,-0.0105666,-0.01066079,-0.00216866,-0.01677276,0.00494277,0.00672748,-0.01084305,-0.01295581,-0.00491937,-0.01369246,-0.01426509,-0.02144186,-0.00372704,-0.01280392,-0.01545135,-0.00682102,-0.01186372,-0.02421685,0.0093096,-0.00100215,-0.0140889,0.00501568,-0.01318213,-0.03190251,-0.02449482,-0.01489695,-0.01285405,-0.01258064,0.00960577,-0.00065737,-0.02620661,-0.00574564,-0.02325237,-0.00099304,-0.02795637,-0.03055066,-0.01035548,0.01811764,0.00112277,-0.01408283,-0.00631371,-0.03237328,-0.0151825,0.01708325,-0.00878494,-0.00504088,-0.01890531,0.00248674,0.01412903,-0.01794838,0.00313378,-0.00544643,-0.01752766,-0.00492241,0.01027255,-0.01461899,-0.00702607
"Np2_502492",-0.02173954,-0.02358647,-0.02323261,0.00294695,-0.02053505,0.00430636,-0.02886459,-0.01876402,0.00361527,0.00643888,-0.01409041,-0.02251262,-0.00150794,-0.01825213,-0.01290417,-0.02397683,-0.01412839,0.00603941,-0.03524089,-0.00199703,-0.00715669,-0.01897209,-0.00777033,-0.02473939,-0.02774367,0.01403483,-0.01230114,0.0016073,0.97809476,-0.00416296,-0.01445949,-0.00815462,0.01057329,-0.02776041,-0.00917986,0.00670165,0.01264808,-0.01932751,-0.02621115,-0.01821417,-0.02046975,-0.00910088,-0.01352691,-0.01482404,0.00665002,0.03033097,-0.00371489,-0.02513575,0.00839369,-0.0134297,-0.0029357,-0.00811359,-0.01643102,-0.0148772,-0.00215651,-0.00844015,-0.02055479,-0.01743044,-0.02353334,0.00104227,-0.03591682,-0.00846598,-0.01255023,-0.01394156,-0.00774753,-0.00832624,-0.01793324,0.0005623,-0.01231938,-0.02516159,0.00548957,-0.0230549,-0.00764882,0.00659685,-0.01273707,-0.01611813,-0.01740158,-0.01641735,-0.00625296,-0.01233458,-0.01773271,0.01585141,0.00444306,-0.03198747,-0.02873249,-0.00987094,-0.00464141,-0.00119505,0.00163768,0.00265837,0.0008114,-0.01443066,0.01045026,0.00297733,-0.01517186,0.00282088,-0.01419218,0.00267355,-0.01188954,-0.01052406
"Np2_504139",-0.00715214,0.00315201,-0.01244245,-0.01375475,-0.01536478,-0.00161123,-0.0080498,-0.01070786,-0.00306178,-0.03183108,0.00095266,-0.01065925,-0.01866532,-0.01961308,-0.01244245,-0.01941413,-0.00910999,-0.01445952,-0.00607221,-0.0223441,-0.01580831,-0.01547261,-0.02477585,-0.00043105,-0.00799208,-0.00221119,-0.01594043,0.00146148,-0.00416296,1.00317201,-0.00655522,-0.00541455,0.01665495,-0.01256547,-0.00097178,0.01126439,-0.0274445,-0.01962525,-0.03304013,-0.02732145,-0.03732341,0.00260065,-0.02552011,-0.00722353,-0.00974794,0.01028775,-0.01874582,-0.0157126,-0.00815614,-0.017069,-0.0074863,0.0193844,-0.00169173,-0.0113777,-0.03283204,0.00493215,-0.01340997,-0.02441129,-0.0277802,-0.01231788,-0.00492545,-0.01954784,-0.0163414,-0.01059395,0.01276354,-0.00695317,0.00591944,-0.01051952,-0.00942743,-0.00222031,-0.00923757,-0.0028476,-0.03255259,-0.01299077,-0.01273102,-0.00456851,-0.00661142,-0.00790552,-0.01247435,-0.01642954,-0.02197957,-0.00920415,-0.00344909,-0.0215011,-0.00518366,-0.00713088,-0.00387589,0.01810093,-0.00534315,-0.0246756,-0.01983947,-0.00242536,0.00073545,-0.01190172,-0.0028628,-0.01023549,-0.00081989,0.00738819,-0.02069305,-0.00793589
"Np2_500263",-0.00879102,-0.02172585,-0.01377753,-0.00643217,-0.02292731,0.00100278,-0.01530854,-0.01340995,-0.01548478,0.00678063,-0.00478722,-0.02611998,-0.00572285,-0.01168296,-0.01058787,-0.02409076,-0.01621686,-0.01397194,-0.01150829,-0.01669228,-0.0072706,0.00536806,0.01292454,0.0340797,-0.03545203,-0.01448229,0.00793802,-0.02493528,-0.01445949,-0.00655522,0.98485474,-0.01191387,-0.01672873,-0.00296456,-0.00929378,-0.0213598,-0.00903403,-0.02096032,-0.00992107,-0.00769588,-0.00220512,-0.01422714,-0.01743807,-0.01372286,-0.02855028,-0.0109448,0.00148731,-0.00261825,-0.02240178,-0.0056454,0.01942994,-0.01810029,-0.00424195,-0.01240901,-0.01821876,-0.0149334,-0.00730251,7.474e-05,-0.01134427,-0.01213408,-0.01537387,-0.03136327,0.00556247,-0.00205627,-0.02517677,-0.01481948,0.01248257,-0.0188415,0.01824823,-0.00613752,-0.00707923,-0.0290925,0.00894506,-0.00946541,-0.02530588,-0.00985272,-0.01888251,0.01080873,-0.01532833,0.01747361,-0.00888519,-0.01509591,-0.01313808,-0.0049133,0.0036578,-0.00284609,-0.01250166,-0.00449863,-0.01305757,-0.02935223,-0.02664256,-0.00770957,7.91e-06,0.00711631,-0.00602057,-0.02189902,-0.02235621,-0.01536323,-0.02035735,-0.00258787
"Np2_501458",-0.01797883,-0.01101621,-0.00367541,0.01855509,-0.0003703,-0.02185503,-0.01113012,0.00200829,-0.00264864,-0.02169707,-0.01837981,0.01679014,-0.00032928,-0.01707353,-0.01856057,0.00408613,-0.02449336,-0.02042575,-0.00049484,-0.02208288,-0.02040753,-0.0065537,-0.00188312,-0.01505499,-0.01623664,-0.03111269,0.0025475,-0.01164351,-0.00815462,-0.00541455,-0.01191387,1.0260253,-0.01573998,0.0013658,-0.00952013,-0.01839651,0.00501721,-0.00128922,-0.01348898,-0.02538946,0.00622626,0.00665915,-0.02480323,-0.00924063,-0.03333336,-0.01755049,-0.01635815,0.0003451,-0.04541157,-0.00754251,0.00097696,-0.02273145,0.01588489,0.00316113,0.0111733,-0.01485597,-0.02195832,-0.02642842,-0.00109025,-0.02481535,-0.02243524,-0.00455334,0.01004473,-0.0120035,-0.03208628,-0.02112142,-0.01310928,-0.01238474,-0.00369819,-0.01031297,-0.02006424,-0.01306673,-0.00100216,-0.0260958,-0.0221907,-0.01190174,-0.02199477,0.00708899,-0.00264409,-0.01085218,-0.03235061,-0.01106936,-0.01154176,-0.01364542,-0.02816148,0.00467394,-0.01029778,-0.02401491,-0.02027084,-0.00330176,0.013078,-0.00489813,-0.00842042,0.01372503,-0.02234717,0.01918849,-0.00481154,0.00218144,-0.02316584,-0.00691521
"Np2_501809",-0.00836421,-0.00018651,-0.01684418,-0.02544712,-0.00260306,-0.02363207,-0.01366664,-0.00994537,-0.01976653,-0.00615879,-0.02759941,-0.01657987,-0.01152349,-0.00821838,-0.02246408,-0.00513353,-0.00804372,-0.01354514,-0.02672603,-0.00320302,-0.0013758,-0.00909023,-0.012166,-0.00711115,0.00947817,-0.00797993,-0.00682405,-0.01949614,0.01057329,0.01665495,-0.01672873,-0.01573998,0.99163295,0.0132587,0.01194184,-0.01576879,-0.02379611,0.00103468,-0.01116505,-0.0163824,-0.00496797,-0.00666155,-0.01048004,-0.02164994,0.00255813,0.00117745,-0.00962944,-0.01343122,-0.0080012,-0.03255862,-0.00991348,-0.01311683,-0.00685291,-0.01699454,-0.0021474,-0.00554515,-0.01279937,-0.01681379,-0.00134847,0.01183549,-0.00264408,-0.00405209,0.00097696,-0.00800879,-0.03416709,-0.02836648,-0.00607678,-0.02190815,-0.02081606,-0.01588728,0.00246091,-0.00907201,-0.02829663,-0.00554516,-0.01075341,-0.00654003,-0.00083659,-0.00562413,-0.01885065,0.00134453,-0.00602816,-0.01664366,-0.01210372,-0.01754894,-0.00092773,-0.01517794,0.00326592,0.00185184,-0.01308645,-0.01252142,-0.01725431,-0.01396588,-0.01931083,0.00146756,-0.00620131,-0.016308,-0.0220813,0.00344211,-0.01461444,-0.01400841
"Np2_502884",-0.0075106,-0.00875,-0.01188957,-0.02428974,-0.00752123,-0.0113868,-0.00992713,-0.01182575,-0.01587515,-0.00029283,-0.00912669,-0.01846026,-0.01553032,-0.00614966,-0.01356034,-0.01369702,-0.01873368,-0.02924742,-0.02207521,0.00144781,0.00449015,-0.02509628,-0.01374261,-0.00580186,-0.01169209,-0.00910088,-0.01614698,0.00824181,-0.02776041,-0.01256547,-0.00296456,0.0013658,0.0132587,0.99653052,-0.01059548,0.00088127,0.01092871,-0.01436381,-0.00590666,-0.01887035,-0.01034182,-0.00216259,-0.00917075,-0.02003689,-0.01830842,-0.01452483,-0.00649749,0.00337073,0.00044687,0.0001917,-0.01422409,-0.02836345,-0.01875797,-0.00049636,-0.01952047,-0.02595599,-0.00875608,0.01092416,-0.00717796,-0.02194157,-0.01728313,0.00834511,-0.00819408,-0.00259851,-0.00126493,-0.0132353,-0.02010832,-0.0133082,-0.031506,0.00380058,0.00301075,-0.01323074,-0.01544378,-0.00970388,-0.01278569,0.00023726,0.01626914,-0.03271811,-0.01389602,-0.00190286,-0.01823701,-0.01943539,-0.01322467,-0.01137921,-0.02559146,-0.02039989,-0.01213258,-0.01293911,-0.01116961,0.00473621,0.00456003,-0.03392107,0.00280722,0.00976373,-0.01127137,-0.0084675,-0.01575969,0.0141685,-0.02150717,-0.00692735
"Np2_501272",0.00879166,-0.00900367,0.00820993,-0.00965831,-0.01567314,-0.01300747,-0.01200348,-0.01162376,-0.02873564,-0.00540694,0.00747933,0.0098412,-0.01274622,-0.02007333,0.00137491,-0.01106481,-0.008507,0.00847117,-0.013975,-0.02599402,-0.00290229,-0.02367918,-0.00685749,-0.02382661,0.0108376,-0.0099621,-0.02156489,0.01057028,-0.00917986,-0.00097178,-0.00929378,-0.00952013,0.01194184,-0.01059548,1.0174424,-0.0229152,-0.01727252,-0.00945326,-0.01193211,-0.01350414,-0.00208969,-0.00530214,0.00135972,-0.011481,0.00771477,0.0019293,-0.02801563,-0.01693229,-0.00816069,-0.01114989,-0.03878003,-0.02983226,-0.01050586,-0.01912861,-0.00731924,-0.01740011,-0.00475686,-0.01165719,-0.02778478,-0.03191616,-0.01662547,0.0220653,-0.0090553,-0.0064975,-0.00850548,0.01218031,-0.00988162,-0.01477699,-0.02887381,-0.02166669,-0.02427916,0.01112165,-0.02845616,0.00371248,-0.0112167,-0.00685141,-0.02180489,-0.02385845,-0.0399709,-0.01780111,0.01249472,-0.01148706,-0.00147909,-0.00449409,-0.02311114,-0.01761579,-0.0032729,-0.01121823,0.00285431,-0.01344037,-0.03958968,-0.00364503,-0.01369856,-0.01524785,0.01095457,0.00358186,-0.01813981,-0.0128176,0.00345276,-0.01234525
"Np2_504453",-0.01876708,-0.00922236,-0.01099493,-0.00714301,-0.01725881,-0.00654306,-0.01161461,-0.01457645,-0.01315783,-0.01519464,-0.00686507,-0.01407217,0.01164107,-0.01725423,-0.03149994,-0.02829504,-0.03348359,-0.01240444,-0.01738335,-0.01725124,-0.00281722,0.00207511,-0.01467064,-0.00581857,-0.01489845,0.00834965,-0.00963247,-0.02154511,0.00670165,0.01126439,-0.0213598,-0.01839651,-0.01576879,0.00088127,-0.0229152,0.98297714,-0.01430153,-0.01939283,0.00592398,-0.01053316,-0.0132444,-0.00703974,-0.01116201,-0.01823092,0.00278747,0.00490025,-0.01228596,-0.01745474,-0.01658141,-0.01683657,-0.00877279,-0.00802701,-0.03381166,-0.0164614,-0.01528427,-0.01807446,-0.0058869,-0.01354665,-0.01949766,-0.01527514,-0.01471771,-0.01445498,-0.01246367,-0.01674087,-0.02178661,-0.00808777,-0.01283432,-0.00011056,-0.00266381,-0.00684836,-0.01872605,-0.01507011,0.00170299,-0.00486014,-0.02176382,-0.00843712,0.00410131,0.00098456,-0.00328049,0.08131555,-0.02265848,-0.00806042,-0.01050736,-0.02126869,-0.00692582,-0.00629092,-0.01731349,0.00420763,-0.00070597,-0.0200384,0.00864432,-0.01950831,-0.00480393,-0.00802398,-0.01204751,0.00078102,-0.00544794,0.00655735,-0.01894174,-0.00436193
"Np2_502596",-0.00127707,-0.00084571,-0.00793437,-0.02048642,-0.01678037,-0.01806381,-0.01159182,-0.00954134,0.00114252,0.00670013,0.00242294,0.01237924,0.01697995,-0.00872569,-0.0197817,-0.01247583,-0.0090067,-0.00174945,-0.00946235,-0.01130478,-0.02223621,-0.01248341,-0.00705341,-0.02295926,-0.02429276,-0.01076557,-0.01811544,0.00809599,0.01264808,-0.0274445,-0.00903403,0.00501721,-0.02379611,0.01092871,-0.01727252,-0.01430153,0.98104789,-0.01238316,-0.01030535,-0.00762449,-0.01033573,-0.01962375,0.00465723,-0.00681646,-0.02665621,-0.0122404,-0.01150374,-0.02001406,-0.02734273,-0.01499112,-0.01361044,-0.00861179,-0.01616977,-0.01294517,-0.0082746,-0.01000157,-0.01938221,-0.01337198,0.00178957,-0.01631558,-0.00482216,0.00121239,-0.008188,-0.02674275,-0.00687873,-0.01398865,-0.02435512,-0.02788344,-0.01008358,-0.00485102,-0.01126072,-0.01960399,0.02450912,-0.01000157,-0.01490604,-0.01418611,0.0026052,-0.01190322,-0.00857382,-0.01708567,-0.01504124,0.00046813,-0.01519313,-0.02838468,-0.02604102,-0.01264747,-0.01030382,0.00650875,-0.00569552,-0.01378817,-0.00925581,0.02015749,-0.01450202,0.00080836,0.00331605,-0.03018152,-0.00739971,-0.00222941,-0.01679251,0.00021751
"Np2_503257",-0.01608927,0.0071254,-0.01773423,0.00662265,-0.03326332,-0.02437022,-0.01060758,-0.01159487,-0.01746691,0.01026648,-0.01178169,-0.01185003,-0.01484376,-0.01563965,-0.00117835,-0.00647925,-0.00817435,-0.00790398,-0.01637632,0.00167868,-0.01259431,-0.00952462,-0.00819561,-0.00025486,-0.01571408,-0.02132487,-0.02609263,-0.02251263,-0.01932751,-0.01962525,-0.02096032,-0.00128922,0.00103468,-0.01436381,-0.00945326,-0.01939283,-0.01238316,0.97435779,0.01771511,-0.00360249,-0.00707315,0.00627029,-0.01471165,0.00039523,-0.01792563,-0.00153529,-0.00960816,-0.01204294,0.00113341,-0.0096021,-0.02325842,-0.00398221,-0.01579308,-0.02213747,-0.02339057,0.01543676,0.00514478,-0.0263615,-0.00330174,-0.0118379,0.01773028,-0.02666229,-0.00067256,-0.01451873,-0.02624758,-0.01148552,0.04968781,0.00697201,-0.00955501,-0.02163777,-0.00845381,-0.00434219,-0.01384588,-0.01099188,-0.02485778,-0.01593586,-0.00977676,-0.01501998,4.87e-06,0.00379601,-0.00266533,-0.01115438,0.00416966,-0.00294633,-0.0299172,-0.01211889,-0.00445914,-0.011645,-0.01154627,-0.01508225,-0.01920757,-0.02138716,-0.01701121,-0.00975095,-0.0095216,-0.01567916,-0.02676856,0.00483037,-0.01201104,-0.00943046
"Np2_500224",0.00026611,0.01360804,-0.00593552,-0.00117227,-0.02116086,0.00368058,-0.0092892,-0.0280475,0.00678673,0.01674911,-0.01942477,0.003594,-0.03266339,-0.01416939,-0.02006121,-0.01518554,-0.01672875,-0.00795259,-0.00943806,0.00785754,-0.00504848,-0.02202813,-0.00247245,-0.00653093,0.00109695,-0.02577829,-0.00275039,-0.00099304,-0.02621115,-0.03304013,-0.00992107,-0.01348898,-0.01116505,-0.00590666,-0.01193211,0.00592398,-0.01030535,0.01771511,0.99811038,-0.00653698,-0.02018423,-0.00744834,-0.00245726,-0.00451383,0.00146756,-0.01160855,-0.02317489,-0.00996512,-0.00893988,0.00082963,-0.0213325,-0.00615727,-0.00688026,-0.00016221,-0.01128808,-0.02197651,-0.00310582,-0.0256507,-0.01200804,-0.02464519,-0.01406308,-0.00407943,-0.02487147,-0.02261748,-0.01475266,-0.00196513,-0.02433085,0.01345464,-0.01385652,-0.01940808,-0.01336287,-0.02580716,-0.00204715,0.00308518,-0.02293187,-0.01902227,-0.01149616,-0.0164356,-0.01614399,-0.01463116,-0.02124441,-0.0277589,0.00153895,-0.01377906,-0.01553641,-0.02128085,0.0002008,-0.01351629,-0.01524023,0.00218448,-0.00482673,-0.01004411,-0.00855407,0.00417422,0.01290936,0.00492911,-0.02879176,-0.02954512,0.00768589,-0.00552997
"Np2_504172",-0.00540693,0.00930197,-0.00173578,-0.01717372,-0.01772055,-0.00776423,-0.01070935,0.00182146,-0.02060645,-0.00229017,-0.01902222,-0.01377446,0.00115466,-0.02470283,-0.009634,-0.00566969,0.00706466,-0.00694252,-0.01708563,-0.00571374,0.0079608,0.02986464,-0.00723416,-0.0355949,-0.00943653,0.00803978,-0.01495463,-0.00059054,-0.01821417,-0.02732145,-0.00769588,-0.02538946,-0.0163824,-0.01887035,-0.01350414,-0.01053316,-0.00762449,-0.00360249,-0.00653698,0.97096412,-0.02616102,-0.01053926,-0.02240785,-0.0083642,-0.00602816,-0.00270027,-0.00834293,-0.00272761,-0.02600457,-0.01441242,-0.0148544,0.00183969,-0.02014773,-0.00765791,-0.00708833,-0.01504274,-0.01941106,-0.02388114,-0.0023403,-0.01254722,-0.00105379,-0.00732225,-0.02249436,-0.00596284,-0.01693224,-0.02875071,0.00219663,-0.00968563,-0.01482098,-0.01946119,-0.0096188,0.01165626,-0.00574564,-0.01686542,-0.00977068,0.0012777,0.00242446,-0.01755196,0.0176741,-0.01438052,-0.00626054,-0.00867404,-0.03739775,-0.00821231,-0.0174122,-0.01343576,0.00804586,-0.00475988,0.00445217,-0.01366512,-0.00791766,-0.0217927,-0.02258097,-0.00377716,-0.01554702,-0.00833838,-0.00104923,-0.00347338,-0.02213746,0.00474532
"Np2_502413",-0.03044586,-0.01907845,0.0235006,-0.00348098,-0.00448345,-0.02156336,-0.01752159,-0.00104165,0.00614878,-0.00333062,-0.00821536,0.01738551,-0.013252,-0.00888366,-0.03163516,0.00149186,-0.00475989,-0.00646408,-0.01083544,-0.01404488,-0.00659775,-0.01081873,-0.01313507,0.00467851,-0.0021231,0.00107569,-0.00126189,-0.00998487,-0.02046975,-0.03732341,-0.00220512,0.00622626,-0.00496797,-0.01034182,-0.00208969,-0.0132444,-0.01033573,-0.00707315,-0.02018423,-0.02616102,1.00367027,-0.00277015,-0.00203197,0.02811195,-0.01192907,-0.01604373,-0.01712972,-0.0072615,-0.00335037,-0.01347833,-0.01923644,-0.01909823,-0.02240332,-0.02069761,-0.00190134,-0.01957666,-0.01316087,-0.00791007,-0.00216563,-0.02239725,-0.01485291,-0.01413451,-0.0160923,-0.02264787,-0.01660571,-0.01824765,-0.01539976,-0.01421954,0.00692189,-0.00895811,0.00042864,-0.01596475,-0.00298887,-0.0165389,-0.00959603,-0.00538264,-0.02307011,-0.00720076,-0.00873179,0.00660293,-0.01170579,-0.03705451,-0.00380754,-0.02747945,-0.00933934,0.00071267,0.00533466,-0.00686356,-0.01041017,-0.02351517,0.00137036,-0.03756644,0.00098456,-0.00937428,-0.01020816,-0.00740427,-0.00163402,-0.02911984,-0.01133061,-0.01376235
"Np2_504708",0.00036484,-0.02046825,0.0254524,-0.00957932,-0.01453093,0.00134909,-0.02149349,-0.03417625,-0.01468283,0.03127733,-0.02342706,-0.01195183,-0.00233878,0.00233332,-0.00826702,-0.02040294,-0.01070636,-0.03519392,-0.01419979,0.00871572,-0.02089812,-0.01752465,-0.0125503,-0.01463424,-0.00609499,-0.0142879,-0.00234789,-0.00940011,-0.00910088,0.00260065,-0.01422714,0.00665915,-0.00666155,-0.00216259,-0.00530214,-0.00703974,-0.01962375,0.00627029,-0.00744834,-0.01053926,-0.00277015,1.0145622,-0.02468626,-0.01352846,-0.00162338,-0.00619372,-0.01760819,-0.0195873,-0.00337315,-0.01486813,-0.02366402,0.00153591,-0.01300899,0.00707531,-0.0121007,-0.02491559,-0.00695621,-0.0185651,-0.00993476,-0.01710393,-0.01533138,-0.02934625,-0.01231787,-0.00368452,-0.01753985,-0.00429663,0.00158908,-0.02365947,0.00416511,-0.00503178,-0.02541528,-0.0011024,-0.02640262,-0.0022841,-0.00658104,-0.00343087,-0.00410677,-0.0119321,-0.01407072,-0.01468433,-0.00322278,-0.02583753,-0.0185636,-0.00790855,-0.01634903,-0.00204411,-0.0103327,0.00617613,-0.01012918,-0.00591881,-0.00852524,-0.01921064,-0.01696114,-0.02094065,0.00738821,-0.01365453,-0.01593438,2.006e-05,-0.00467028,-0.04082143
"Np2_501925",-0.02076901,0.00244573,-0.01740163,-0.01537237,-0.02381741,-0.0093044,-0.00571831,-0.02067938,0.00215562,0.00224524,-0.02678987,-0.0145552,-8.171e-05,-0.00528238,0.00249585,-0.01465241,-0.00070293,-0.01683658,-0.00829738,-0.00178591,-0.01742592,-0.02103935,-0.01393857,-0.02224998,-0.02130515,-0.01309405,-0.00373616,-0.01716771,-0.01352691,-0.02552011,-0.01743807,-0.02480323,-0.01048004,-0.00917075,0.00135972,-0.01116201,0.00465723,-0.01471165,-0.00245726,-0.02240785,-0.00203197,-0.02468626,1.00677227,0.00346186,0.00822816,-0.017151,-0.00684533,0.03005914,-0.00825487,-0.00577603,-0.01472381,-0.00957326,-0.02153604,0.01252205,-0.00240105,-0.01400082,-0.01654648,-0.01843446,-0.01466458,-0.00937884,-0.0060874,-0.0106851,0.00573563,-0.03727327,-0.01254875,-0.00036878,-0.02151939,-0.00590969,0.00186551,0.00087063,-0.01738642,-0.03362795,-0.01958885,-0.02372174,-0.0148043,0.00307911,-0.00974793,-0.00770047,0.00686875,-0.01637638,-0.01812918,-0.00717644,-0.01402817,-0.01613183,0.0030715,-0.01436839,-0.01308796,-0.01404639,-0.00285976,-0.01429398,-0.01887498,0.00127314,0.00823118,-0.0322017,-0.02088444,-0.00122087,-0.00896873,-0.01139288,0.01885126,0.00199006
"Np2_500273",-0.02419258,-0.02057151,-0.00062395,-0.00467027,-0.01539364,-0.01363932,-0.01445798,0.01812218,-0.01478609,-0.02213903,0.04011115,-0.02830721,-0.01930173,-0.01265505,0.00211006,-0.01594954,-0.0071643,-0.0182856,0.00650571,-0.01082938,-0.01538149,-0.02841202,-0.00217323,-0.00851005,-0.01576727,-0.01788462,-0.01764006,-0.0105666,-0.01482404,-0.00722353,-0.01372286,-0.00924063,-0.02164994,-0.02003689,-0.011481,-0.01823092,-0.00681646,0.00039523,-0.00451383,-0.0083642,0.02811195,-0.01352846,0.00346186,0.99901272,0.00677913,0.00357578,-0.01087645,0.009624,0.00275103,-0.01861674,-0.01723606,0.00112885,-0.01022638,0.01547781,0.00268116,-0.00375439,-0.00371793,-0.00226435,-0.00988615,-0.01751096,-0.01254875,-0.01912104,-0.01773725,-0.02414093,0.0028619,-0.01488026,-0.00929836,0.00737453,-0.01872151,0.00488962,-0.00865888,-0.01730593,0.02361757,-0.01074129,-0.01473443,-0.01887494,-0.00147605,-0.02494595,-0.01705988,-0.01372439,-0.01198374,-0.0107519,-0.01031295,-0.03702264,-0.02237597,-0.00579273,-0.02516921,-0.01397652,-0.01539668,-0.01817322,-0.01303331,-0.01414967,0.00830104,-0.01375324,-0.02187779,-0.01816258,-0.02697366,-0.00965223,-0.01054534,-0.02725466
"Np2_502664",-0.00757896,-0.00365413,-0.0081607,-0.02906669,-0.02277851,-0.01707506,-0.00483127,-0.03057648,-0.0132095,-0.02177756,-0.0016006,-0.00835206,-0.00466269,-0.00606613,-0.02091941,-0.00890494,-0.00725847,0.00227713,0.00352565,-0.00986034,0.0016878,-0.01787399,-0.0135072,-0.02561586,-0.02208891,-0.00916923,-0.00300101,-0.01066079,0.00665002,-0.00974794,-0.02855028,-0.03333336,0.00255813,-0.01830842,0.00771477,0.00278747,-0.02665621,-0.01792563,0.00146756,-0.00602816,-0.01192907,-0.00162338,0.00822816,0.00677913,1.0167497,-0.00122695,-0.00914797,-0.01750643,-0.0176963,-0.00245878,-0.01003957,-0.00929379,0.00547591,-0.00314684,-0.01928507,-0.02480926,-0.01049523,-0.01602856,-0.01149922,0.03160692,-0.0314772,-0.00250739,0.00054712,-0.02469079,-0.00497862,0.0084165,0.00549263,-0.01838891,-0.01942327,-0.01783604,-0.01027195,-0.01041321,-0.01384137,-0.01129113,-0.01452484,0.00335858,-0.01417702,0.00123669,-0.00515481,-0.0191347,-0.01891294,-0.01707353,0.00295911,-0.00765035,-0.01411626,-0.02669572,-0.01356795,-0.01467826,-0.00971908,-0.01659663,-0.00310279,-0.01242119,-0.02141149,-0.01126531,-0.01073218,0.00027371,-0.01613183,-0.01217664,-0.01033574,-0.01656473
"Np2_502054",0.00926706,-0.03632387,-0.00923757,0.00418332,-0.01747602,-0.00387437,-0.00362983,-0.02724854,-0.01762793,-0.01556374,-0.00161427,-0.02522537,-0.01348589,-0.01731955,-0.00118746,-0.03155001,-0.01820813,0.00909845,-0.00666456,-0.00957022,-0.02900744,-0.00634408,-0.01686241,-0.00193476,-0.02331765,-0.013132,-0.01957055,-0.00216866,0.03033097,0.01028775,-0.0109448,-0.01755049,0.00117745,-0.01452483,0.0019293,0.00490025,-0.0122404,-0.00153529,-0.01160855,-0.00270027,-0.01604373,-0.00619372,-0.017151,0.00357578,-0.00122695,0.98634042,-0.02085705,-0.01903894,-0.00328049,-0.01082634,-0.00428143,-0.01325655,-0.01975131,-0.01379271,-0.01702037,-0.01570955,-0.01886276,-0.02895274,0.00246091,-0.01291024,-0.01144147,-0.01695052,0.00417877,0.00825547,-0.01516883,-0.03367042,0.00183361,-0.0149091,0.00076432,-0.01511568,-0.00831105,-0.03245076,-0.0208419,-0.01312745,0.01447227,-0.0089581,-0.01449444,-0.01715554,0.00090709,-0.02005966,-0.00328201,-0.00767007,-0.01224346,-0.02239723,-0.00243447,-0.01562145,-0.0052277,-0.00937579,-0.00380906,-0.00825638,0.00022511,-0.01319428,-0.00107202,-0.0120384,-0.01894783,-0.00125885,0.00496708,-0.01006383,-0.00852673,-0.0091358
"Np2_503834",-0.0293355,-0.02176533,-0.01670291,-0.01163588,-0.03557357,-0.02425025,-0.01337347,-0.01451266,0.00513264,0.00279203,0.00352717,-0.01294516,-0.0277862,0.0631586,-0.01214624,-0.00514416,-0.01018079,-0.00778399,-0.01504122,-0.00959299,-0.00427232,0.0048729,-0.02007485,-0.00286887,-0.02166964,0.00355299,-0.01260644,-0.01677276,-0.00371489,-0.01874582,0.00148731,-0.01635815,-0.00962944,-0.00649749,-0.02801563,-0.01228596,-0.01150374,-0.00960816,-0.02317489,-0.00834293,-0.01712972,-0.01760819,-0.00684533,-0.01087645,-0.00914797,-0.02085705,0.97961082,-0.01587206,-0.01196093,-0.02132945,-0.00977222,-0.01191233,-0.02098919,-0.00333516,0.00406941,0.01844265,-0.01356943,-0.01530553,0.00319757,-0.00336403,-0.00447737,-0.03261787,-0.00769132,0.00686569,-0.00349617,-0.00422675,-0.0089733,-0.01052711,-0.01004257,-0.0049619,0.01961371,-0.02563853,-0.01144756,-0.00282178,-0.03157279,-0.01201865,-0.02590887,0.00150402,-0.00564692,0.00315656,-0.01879746,-0.04232347,-0.02198712,-0.02029356,-0.01597535,-0.00136669,-0.01147792,0.00472709,-0.02023584,0.07434842,-0.02683393,0.00880683,-0.00398069,-0.00811207,-0.02489427,-0.02619139,-0.01647203,-0.00249219,-0.02404216,-0.00399436
"Np2_502709",-0.0165814,0.00222852,-0.00622713,-0.00814699,-0.01659202,-0.01195182,-0.00259395,-0.01968143,-0.01962982,-0.01710996,-0.02229848,-0.01993659,-0.00637446,-0.01324589,-0.00106291,0.00669861,-0.00517302,-0.0246482,-0.02036189,-0.02098922,-0.02052899,-0.00956108,-0.00458673,-0.01274623,-0.00040978,-0.027285,-0.02217999,0.00494277,-0.02513575,-0.0157126,-0.00261825,0.0003451,-0.01343122,0.00337073,-0.01693229,-0.01745474,-0.02001406,-0.01204294,-0.00996512,-0.00272761,-0.0072615,-0.0195873,0.03005914,0.009624,-0.01750643,-0.01903894,-0.01587206,0.98233608,-0.02730628,-0.00265167,-0.00552388,-0.01662545,0.01773789,0.0030396,-0.02783181,-0.00373768,-0.01220699,-0.0137912,-0.00683165,-0.00200158,0.00493518,-0.02396476,-0.00951855,-0.02822519,-0.01124705,-0.02443254,-0.01748366,-0.01508832,-0.01733779,-0.00557401,-0.0135026,-0.02093454,-0.01889468,-0.01042079,-0.01532526,-0.01536477,0.00917288,-0.03510577,-0.01567615,-0.00991043,3.221e-05,-0.00071053,-0.01227079,0.0258761,0.02928296,0.00409676,-0.01284949,-0.00013791,-0.00368451,-0.01861216,-0.01013069,0.00196727,0.01044418,-0.01890074,-0.00712783,-0.0105514,-0.01951436,-0.00917984,-0.0161485,-0.00111304
"Np2_500737",-0.0290743,0.0178351,-0.00018955,-0.02944941,-0.00052978,-0.00135757,-0.02435202,-0.01835243,-0.02027538,-0.01593284,-0.00562869,-0.01724059,-0.00200765,-0.02467553,-0.02008703,0.00088886,-0.00080622,-0.00843408,-0.0132611,-0.03408968,-0.01859243,-0.01704162,-0.01920608,-0.00686053,0.00350135,0.00229536,-0.01340843,0.00672748,0.00839369,-0.00815614,-0.02240178,-0.04541157,-0.0080012,0.00044687,-0.00816069,-0.01658141,-0.02734273,0.00113341,-0.00893988,-0.02600457,-0.00335037,-0.00337315,-0.00825487,0.00275103,-0.0176963,-0.00328049,-0.01196093,-0.02730628,1.00094501,-0.01408133,-0.02515555,-0.01180299,-0.01601942,-0.0074787,-0.00539023,0.00442636,0.00415903,-0.01686697,-0.00443941,-0.0248229,-0.03034103,-0.00790249,-0.01031597,-0.03266798,0.00937186,-0.03100177,-0.01706598,-0.00920264,-0.00917378,-0.00713088,-0.01247737,-0.01352997,-0.02667903,-0.0059021,-0.00716125,0.01057028,-0.00681343,-0.0336249,-0.01951137,-0.00934086,-0.01610601,-0.01350716,-0.00441055,-0.03112024,0.00889189,0.06952293,0.00047877,-0.00974488,0.00858053,-0.01485292,0.0001598,-0.01736061,-0.00721289,-0.01863496,-0.0102036,-0.01863951,-0.01909669,-0.0054206,0.05003711,-0.00828979
"Np2_503089",0.00089646,-0.01051951,-0.00181172,0.06826373,0.02154274,-0.03396511,-0.01488631,-0.01967083,-0.03237791,0.00462077,-0.0178831,-0.01339477,1.55e-05,-0.01399472,-0.02140543,-0.00604942,-0.01792108,0.01120821,-0.0118455,-0.01034637,-0.00259547,-0.01760057,-0.00487989,-0.0072676,-0.01543616,-0.01466761,-0.02095428,-0.01084305,-0.0134297,-0.017069,-0.0056454,-0.00754251,-0.03255862,0.0001917,-0.01114989,-0.01683657,-0.01499112,-0.0096021,0.00082963,-0.01441242,-0.01347833,-0.01486813,-0.00577603,-0.01861674,-0.00245878,-0.01082634,-0.02132945,-0.00265167,-0.01408133,1.00423234,-0.01493038,-0.00841282,-0.00017436,-0.01350567,-0.00397462,-0.0183084,-0.01508227,-0.01104658,-0.00742858,-0.00852218,-0.01555919,0.00627182,-0.00829282,-0.01408892,-0.00440143,-0.01713126,-0.03387711,-0.02160895,-0.01064407,-0.00844928,0.01035458,-0.01500026,-0.01463118,-0.0101064,0.00032992,-0.01778438,-0.00463838,-0.01428638,-0.01566554,-0.03025297,0.01158642,0.00461622,-0.01104507,-0.02940086,-0.02067786,-0.0083475,-0.0164842,-0.00924062,0.00786969,-0.01814589,-0.02060044,-0.006376,0.00027827,-0.01539668,-0.00635777,-0.0117559,0.00631737,-0.01797879,-0.02282102,-0.00581096
"Np2_504087",-0.00896266,-0.02022672,-0.0122784,-0.01541336,0.02231584,-0.0122313,-0.03613706,-0.0175307,-0.01535264,-0.02042723,-0.00678152,-0.0118622,-0.00528693,-0.01534804,-0.01060762,-0.02851529,0.02006485,0.03597975,-0.01532526,-0.01291482,0.01412599,0.00944931,-0.01656168,-0.00133024,-0.03091513,0.00220574,-0.01030838,-0.01295581,-0.0029357,-0.0074863,0.01942994,0.00097696,-0.00991348,-0.01422409,-0.03878003,-0.00877279,-0.01361044,-0.02325842,-0.0213325,-0.0148544,-0.01923644,-0.02366402,-0.01472381,-0.01723606,-0.01003957,-0.00428143,-0.00977222,-0.00552388,-0.02515555,-0.01493038,0.99271455,0.00542275,0.00090253,-0.0311111,-0.00259396,-0.02406649,-0.01916959,-0.02470291,-0.00437712,-0.01625484,-0.01767196,-0.00252409,-0.02043023,0.00658166,0.00244725,0.0357398,-0.01016868,-0.00488747,-0.01002284,-0.01420739,-0.00345364,-0.02744148,-0.00869382,0.02529744,-0.01454153,-0.00486014,-0.0292307,-0.00500747,-0.01489242,-0.01945515,-0.01877773,-0.00964766,-0.00298127,-0.01966627,-0.02096796,-0.00013183,-0.01783752,-0.01697327,-0.00988766,0.01285317,-0.01132151,-0.01243788,-0.00851761,-0.01644623,-0.02441888,-0.01705833,-0.00642763,-0.01310465,0.00772235,-0.00731618
"Np2_500796",-0.02598791,-0.01856962,-0.00196361,-0.00783259,-0.0112653,-0.02378854,-0.01063342,-0.02118972,0.01030295,0.00796234,-0.01028865,-0.0184071,-0.00833839,-0.00974183,-0.01441852,-0.00574564,-0.0036435,-0.00413259,-0.01822483,-0.00730859,-0.01945516,-0.01015802,-0.01429702,-0.01258372,-0.02576459,0.05535323,-0.00849938,-0.00491937,-0.00811359,0.0193844,-0.01810029,-0.02273145,-0.01311683,-0.02836345,-0.02983226,-0.00802701,-0.00861179,-0.00398221,-0.00615727,0.00183969,-0.01909823,0.00153591,-0.00957326,0.00112885,-0.00929379,-0.01325655,-0.01191233,-0.01662545,-0.01180299,-0.00841282,0.00542275,0.99982696,-0.0340456,0.00274647,-0.0168852,-0.02180183,-0.01098126,0.02419167,0.01094999,-0.00123151,-0.00507886,-0.02137204,-0.01436836,-0.01651913,-0.02034978,-0.00042346,-0.00441056,-0.02844395,-0.01656773,-0.02227118,-0.00316354,0.00155566,0.00982299,-0.01435929,-0.0077202,-0.01034182,-0.00190438,-0.02567806,-0.0036663,-0.00989982,-0.01575363,-0.00950945,-0.00648839,0.01084975,-0.00898241,-0.01320795,-0.01845876,-0.00362072,-0.00959756,-0.02452522,-0.023942,-0.00880622,0.00164527,-0.02025713,-0.0280779,-0.02238812,-0.01084608,-0.01008055,-0.01310012,-0.02768298
"Np2_504250",0.04482882,0.00227561,-0.01423017,-0.01280846,-0.00545705,-0.0191954,0.0020098,-0.0068757,-0.0201903,-0.02450544,-0.01313807,-0.0092573,-0.00784626,0.00016739,-0.01711607,-0.01163285,-0.01317605,-0.02566434,-0.02304881,-0.00757591,-0.01288746,-9.69e-05,-0.00408399,-0.01102837,0.02409139,0.00298796,-0.01590548,-0.01369246,-0.01643102,-0.00169173,-0.00424195,0.01588489,-0.00685291,-0.01875797,-0.01050586,-0.03381166,-0.01616977,-0.01579308,-0.00688026,-0.02014773,-0.02240332,-0.01300899,-0.02153604,-0.01022638,0.00547591,-0.01975131,-0.02098919,0.01773789,-0.01601942,-0.00017436,0.00090253,-0.0340456,0.98987384,-0.01270975,-0.0241394,-0.01948704,-0.00608436,0.00341933,-0.00450623,-0.02823128,-0.01552273,0.0017516,-0.01402812,-0.02043179,-0.00649142,-0.00995601,-0.02199326,-0.00577602,-0.01561994,0.0146743,-0.01664519,-0.00979956,-0.03388463,-0.0146266,0.0120618,-0.01881114,-0.0158417,-0.00893379,-0.01092051,-0.00910391,-0.01647661,-0.00749844,-0.01602094,-0.00749237,-0.01016105,-0.01788004,0.01332249,-0.01209005,-0.0163961,-0.00535074,-0.00962794,-0.01849066,-0.01517793,-0.01217055,0.0005137,-0.02295921,-0.00640484,0.00985334,-0.01002588,-0.0016735
"Np2_504683",-0.01695505,-0.00452446,-0.00432245,0.00195968,-0.01043446,-0.01430002,-0.01420736,-0.02582688,-0.01802893,-0.02614129,0.00466786,-0.0156017,-0.01540578,0.00096177,-0.01358769,-0.01342059,-0.01450812,-0.00892164,0.01222432,-0.03138756,-0.00829586,-0.01752917,-0.01483318,-0.01539823,-0.00701088,-0.00745743,0.002508,-0.01426509,-0.0148772,-0.0113777,-0.01240901,0.00316113,-0.01699454,-0.00049636,-0.01912861,-0.0164614,-0.01294517,-0.02213747,-0.00016221,-0.00765791,-0.02069761,0.00707531,0.01252205,0.01547781,-0.00314684,-0.01379271,-0.00333516,0.0030396,-0.0074787,-0.01350567,-0.0311111,0.00274647,-0.01270975,0.99358955,-0.01210524,-0.0057821,-0.01303631,-0.01917718,-0.01206574,-0.00510923,-0.00926035,-0.01537695,-0.03161228,-0.01477696,-0.01906326,0.00541971,-0.00312405,-0.01865166,-0.00495278,-0.01733934,0.00966652,-0.00703063,-0.01744567,-0.01489545,-0.01767348,-0.00996664,-0.00912365,0.01008726,-0.01741682,-0.02304277,-0.02540313,-0.02903171,0.00512657,-0.01444433,-0.01817624,0.00630522,-0.00866647,-0.0246619,-0.01332339,-0.02247927,0.00984881,0.00675785,-0.01605434,-0.01076861,-0.03058862,0.0047195,0.01580587,0.00092683,-0.01940806,0.00276621
"Np2_501151",-0.01046181,-0.03114298,0.00156325,-0.01645684,0.00972881,-0.01479367,-0.02518133,-0.01189108,-0.00348555,-0.02131883,-0.0025089,0.01899098,-0.01787398,-0.01456885,-0.00906898,0.00704644,0.01203448,0.00440661,-0.01333097,-0.0013515,-0.01926985,-0.00921327,-0.01183337,-0.00647473,-0.0213264,-0.01995031,-0.01119997,-0.02144186,-0.00215651,-0.03283204,-0.01821876,0.0111733,-0.0021474,-0.01952047,-0.00731924,-0.01528427,-0.0082746,-0.02339057,-0.01128808,-0.00708833,-0.00190134,-0.0121007,-0.00240105,0.00268116,-0.01928507,-0.01702037,0.00406941,-0.02783181,-0.00539023,-0.00397462,-0.00259396,-0.0168852,-0.0241394,-0.01210524,0.9983747,-0.02024952,-0.00821384,-0.02118973,-0.00906595,0.00518124,-0.01491823,-0.0100988,0.00206904,-0.01116961,-0.00527935,-0.00084571,-0.02230009,-0.02081608,0.00427447,0.00130504,-0.01740767,-8.171e-05,-0.00700329,0.00557161,0.00294544,-0.00711872,-0.02222408,-0.00893684,-0.02216336,-0.02292886,0.00144326,-0.0044637,-0.00235397,-0.01691253,-0.0183661,-0.00892164,-0.02115934,-0.00981475,-0.00834903,-0.00186033,-0.00431486,-0.00573502,-0.01594043,-0.00579425,-0.01574147,-0.02083582,-0.03116579,-0.02462847,-0.02066115,0.01700581
"Np2_503213",-0.00975855,0.00343148,-0.01459319,-0.00998181,-0.01478152,0.00125036,-0.01141565,-0.01240293,0.00906505,-0.0037559,-0.00848876,0.00131567,-0.0024375,-0.01796659,0.0036335,-0.00576843,-0.00898241,-0.00248459,-0.01126072,-0.00247092,0.0131782,-0.01245913,-0.01963591,0.00577211,0.0073244,-0.0036025,-0.01399016,-0.00372704,-0.00844015,0.00493215,-0.0149334,-0.01485597,-0.00554515,-0.02595599,-0.01740011,-0.01807446,-0.01000157,0.01543676,-0.02197651,-0.01504274,-0.01957666,-0.02491559,-0.01400082,-0.00375439,-0.02480926,-0.01570955,0.01844265,-0.00373768,0.00442636,-0.0183084,-0.02406649,-0.02180183,-0.01948704,-0.0057821,-0.02024952,0.99233781,-0.01115592,-0.00150035,-0.01079292,-0.01948096,-0.02666986,-0.01911647,-0.02046669,-0.01320036,-0.02189143,-0.01457192,-0.01536937,0.01725186,-0.00352807,-0.01561084,-0.01928654,-0.01259281,-0.00979349,-0.01423017,-0.02460265,-0.00489659,-0.00101582,-0.00322125,-0.01265053,-0.01751705,-0.02473786,-0.01818989,0.00700695,-0.0036025,0.01924615,0.00074305,-0.02045609,-0.01549084,-0.01994878,-0.01467521,0.00033751,-0.01505645,-0.01781928,-0.02817813,-0.01883544,-0.01344945,-0.01603308,0.00554122,-0.01205967,-0.00704886
"Np2_500652",-0.00212765,-0.01430305,-0.00893683,-0.00842648,0.0132025,-0.00585197,-0.00196209,-0.01099948,-0.01565642,-0.005694,-0.01832508,-0.00806498,-0.02245038,-0.02020847,-0.02564464,0.00581158,-0.03750106,-0.00685291,0.0243177,-0.00273825,-0.00486014,-0.01546044,-0.00699266,-0.0189494,-0.0204348,-0.01328693,-0.01866226,-0.01280392,-0.02055479,-0.01340997,-0.00730251,-0.02195832,-0.01279937,-0.00875608,-0.00475686,-0.0058869,-0.01938221,0.00514478,-0.00310582,-0.01941106,-0.01316087,-0.00695621,-0.01654648,-0.00371793,-0.01049523,-0.01886276,-0.01356943,-0.01220699,0.00415903,-0.01508227,-0.01916959,-0.01098126,-0.00608436,-0.01303631,-0.00821384,-0.01115592,0.98906872,-0.00845078,-0.01622446,-0.02202661,-0.02815228,-0.00692888,-0.02134156,0.00688544,0.00913035,-0.00542212,0.00228624,-0.00792525,-0.01989561,-0.01435927,-0.0162123,-0.01483469,-0.01097215,-0.00310582,-0.02107274,-0.02020092,-0.01085214,-0.00439991,-0.01489241,-0.00532947,0.0249663,-0.00402777,-0.00495582,-0.00873027,-0.01580373,0.00199462,0.00205993,-0.00467027,0.00773146,-0.02557476,0.00371552,-0.00043865,-0.02856693,-0.02282555,-0.01120453,-0.02632355,-0.00961729,-0.00216866,0.01182334,-0.01749273
"Np2_500366",-0.01996397,-0.00586259,-0.00733137,-0.01517489,-0.01602549,-0.01168906,-0.01357095,-0.00073635,0.01344098,-0.00940464,-0.00958084,-0.00980107,-0.00140314,-0.02558989,-0.01841927,0.00893593,-0.00870748,-0.02666378,-0.00369514,-0.006297,0.00342844,0.01044722,-0.02163933,-0.0077749,-0.00090646,-0.01228902,-0.01508224,-0.01545135,-0.01743044,-0.02441129,7.474e-05,-0.02642842,-0.01681379,0.01092416,-0.01165719,-0.01354665,-0.01337198,-0.0263615,-0.0256507,-0.02388114,-0.00791007,-0.0185651,-0.01843446,-0.00226435,-0.01602856,-0.02895274,-0.01530553,-0.0137912,-0.01686697,-0.01104658,-0.02470291,0.02419167,0.00341933,-0.01917718,-0.02118973,-0.00150035,-0.00845078,0.99167245,-0.00763211,-0.00447282,0.0018564,-0.02856246,-0.01943232,0.00347857,-0.00521252,-0.03586524,-0.0185879,-0.01938224,-0.01024004,0.0243071,-0.01642951,0.00347857,-0.00025334,-0.02352426,-0.02432772,-0.02649368,-0.01076558,-0.01783145,-0.00660383,0.00189588,-0.01276747,-0.01123187,-0.01185615,-0.01517491,0.04093741,-0.01143692,-0.00635928,0.00392209,-0.00676331,0.00868685,-0.01518406,-0.00384552,-0.00098848,-0.00709442,-0.01126985,0.00353325,-0.00406271,-0.01423319,-0.00677241,-0.02363361
"Np2_500111",-0.02318099,-0.02411659,-0.0075106,0.00150553,-0.01969816,-0.02918362,-0.01359829,-0.00592791,-0.00648383,-0.01702644,-0.01340541,-0.00299342,-6.348e-05,-0.02850312,-0.01191538,-0.01417851,0.00979564,-0.0133249,0.00675784,-0.0028309,-0.00525656,-0.00719922,-0.01224954,-0.01964961,-0.01521135,-0.01550604,-0.01040103,-0.00682102,-0.02353334,-0.0277802,-0.01134427,-0.00109025,-0.00134847,-0.00717796,-0.02778478,-0.01949766,0.00178957,-0.00330174,-0.01200804,-0.0023403,-0.00216563,-0.00993476,-0.01466458,-0.00988615,-0.01149922,0.00246091,0.00319757,-0.00683165,-0.00443941,-0.00742858,-0.00437712,0.01094999,-0.00450623,-0.01206574,-0.00906595,-0.01079292,-0.01622446,-0.00763211,0.99404832,-0.02105605,-0.01761272,0.00072482,-0.02416821,-0.01158578,-0.02164386,-0.01310923,-0.01542557,-0.00801791,-0.01421648,-0.01931237,-0.01068507,-0.00064977,-0.02017816,-0.0110967,-0.00476141,-0.01619258,0.01062342,0.00598778,-0.02212386,-0.01362414,-0.00823815,0.00529667,-0.00975704,-0.00563325,-9.994e-05,-0.03303248,-0.02886618,-0.01524326,-0.00785387,-0.00455484,0.00331909,-0.01526454,-0.02319159,0.01095303,0.00070204,-0.00894899,-0.01700062,-0.01441242,0.00049091,-0.00254838
"Np2_500543",-0.00878191,-0.01002131,-0.02759033,0.02744813,-0.02534843,-0.01250621,0.02130574,0.01454671,-0.0080331,-0.0144747,-0.01024611,-0.02246555,-0.00677697,0.02083032,-0.01103443,-0.02180332,-0.0060312,-0.00241928,-0.01165107,-0.00772173,0.00899061,-0.01725425,-0.00909025,-0.01147796,-0.02496261,-0.00368907,-0.01362107,-0.01186372,0.00104227,-0.01231788,-0.01213408,-0.02481535,0.01183549,-0.02194157,-0.03191616,-0.01527514,-0.01631558,-0.0118379,-0.02464519,-0.01254722,-0.02239725,-0.01710393,-0.00937884,-0.01751096,0.03160692,-0.01291024,-0.00336403,-0.00200158,-0.0248229,-0.00852218,-0.01625484,-0.00123151,-0.02823128,-0.00510923,0.00518124,-0.01948096,-0.02202661,-0.00447282,-0.02105605,0.98927835,0.00407701,-0.00796324,-0.0106805,-0.02650127,-0.00390323,-0.01086127,-0.00983604,-0.01989562,-0.03019519,-0.00719163,-0.03076477,-0.02391916,-0.01717075,-0.01887341,0.00781499,0.00124428,-0.0079374,-0.01667406,-0.00878799,-0.0220084,-0.03105187,0.03746672,-0.0154073,0.06466094,-0.02139475,0.00126403,-0.00520188,-0.02803231,-0.00758047,-0.00929378,-0.00795109,-0.0070929,-0.01775397,-0.00943047,-0.01315024,0.00545009,-0.01809422,-0.01049369,-0.03462579,-0.01229965
"Np2_501553",0.07015023,-0.00794498,-0.00819865,0.01296857,-0.00838699,0.00703733,-0.00851456,-0.00919808,-0.02706936,-0.00875304,-0.0257889,-0.02843933,-0.0039412,-0.00686354,0.22890012,-0.02610633,-0.00289165,-0.01796207,-0.00987853,-0.01901163,-0.04087908,-0.0209497,-0.00655826,0.00138251,-0.02987317,-0.01756108,-0.01154475,-0.02421685,-0.03591682,-0.00492545,-0.01537387,-0.02243524,-0.00264408,-0.01728313,-0.01662547,-0.01471771,-0.00482216,0.01773028,-0.01406308,-0.00105379,-0.01485291,-0.01533138,-0.0060874,-0.01254875,-0.0314772,-0.01144147,-0.00447737,0.00493518,-0.03034103,-0.01555919,-0.01767196,-0.00507886,-0.01552273,-0.00926035,-0.01491823,-0.02666986,-0.02815228,0.0018564,-0.01761272,0.00407701,0.98872236,-0.00983603,0.01341967,-0.0194126,-0.00562413,-0.02123984,-0.00198792,-0.02237596,0.00544856,-0.00268508,-0.00043713,-0.01561539,-0.0169171,-0.02469532,-0.00575324,-0.02447507,-0.00358275,-0.02310352,-0.03936782,-0.00124973,-0.0131791,-0.01938981,-0.028368,-0.01452331,-0.00018043,-0.00592487,-0.02879478,-0.01365298,-0.01750337,-0.00979957,-0.02258257,-0.00486469,-0.01005777,-0.00492393,-0.02292125,-0.01707959,-0.02376422,-0.0093287,-0.02222103,-0.01827344
"Np2_500149",-0.02132798,-0.01072002,-0.00535378,-0.00970388,-0.01085825,-0.0066737,-0.00946693,-0.01136556,-0.00463079,-0.01000919,-0.01899495,-0.01298772,-0.02357592,-0.0283209,-0.00930292,0.02625435,-0.00338833,-0.00357364,-0.01736213,-0.01479979,-0.01160555,-0.00777641,-0.02345901,-0.01931549,0.01519681,-0.00985578,-0.02130669,0.0093096,-0.00846598,-0.01954784,-0.03136327,-0.00455334,-0.00405209,0.00834511,0.0220653,-0.01445498,0.00121239,-0.02666229,-0.00407943,-0.00732225,-0.01413451,-0.02934625,-0.0106851,-0.01912104,-0.00250739,-0.01695052,-0.03261787,-0.02396476,-0.00790249,0.00627182,-0.00252409,-0.02137204,0.0017516,-0.01537695,-0.0100988,-0.01911647,-0.00692888,-0.02856246,0.00072482,-0.00796324,-0.00983603,1.02175664,-0.02550488,-0.02598489,-0.00809538,0.00818562,-0.00780074,-0.01345556,-0.00598412,0.00304569,-0.01566705,0.05163052,-0.01270524,-0.00818044,-0.02037561,-0.01251688,-0.00635777,-0.01919546,-0.01282827,-0.00508798,-0.00820779,-0.01669686,-0.00760023,-0.01790591,-0.0135877,0.00147667,0.00533922,-0.01278269,-0.02863234,-0.01166327,0.00259003,-0.01979087,0.01663369,-0.02455866,-0.01749429,-0.01089318,-0.00603425,-0.04430423,-0.01117417,-0.01193515
"Np2_504455",-0.01432431,-0.00614661,-0.03024682,-0.01576267,0.00373981,-0.01106173,-0.01780405,-0.02182912,-0.00704429,-0.0039169,-0.01730739,-0.02208427,-0.00548439,-0.01827946,-0.02204483,-0.00258787,-0.00944716,-0.00689847,-0.01035849,-0.01797268,-0.02510689,-0.02568251,-0.02754321,-0.0110967,-0.0353654,-0.01454759,-0.00230384,-0.00100215,-0.01255023,-0.0163414,0.00556247,0.01004473,0.00097696,-0.00819408,-0.0090553,-0.01246367,-0.008188,-0.00067256,-0.02487147,-0.02249436,-0.0160923,-0.01231787,0.00573563,-0.01773725,0.00054712,0.00417877,-0.00769132,-0.00951855,-0.01031597,-0.00829282,-0.02043023,-0.01436836,-0.01402812,-0.03161228,0.00206904,-0.02046669,-0.02134156,-0.01943232,-0.02416821,-0.0106805,0.01341967,-0.02550488,0.96512775,-0.01806988,-0.01840707,-0.02050466,-0.01082178,-0.01131236,0.00375348,-0.02868235,0.00136123,-0.01138679,-0.01572625,-0.00755615,0.16965374,-0.00794346,-0.00406271,-0.01644468,-0.00309063,-0.01388079,-0.01882326,0.00883719,-0.01608926,-0.00710504,-0.0112926,0.00361982,0.02737976,-0.01534803,0.00798966,-0.01893718,-0.01136706,0.00255356,-0.03423233,-0.00707466,-0.00654154,-0.02500208,-0.01740916,-0.02590884,-0.01784053,-7.108e-05
"Np2_503052",-0.01541186,-0.03275146,-0.02632206,-0.00955956,-0.01025827,-0.02202205,-0.02192939,-0.02625823,0.01191753,-0.00333365,-0.00472495,-0.01755196,-0.0203938,-0.0006847,0.00344819,-0.02387661,-0.02952083,-0.01709934,-0.00081381,0.02012713,-0.02756146,-0.00368299,-0.02437789,-0.002919,-0.02065656,-0.0299127,-0.01903591,-0.0140889,-0.01394156,-0.01059395,-0.00205627,-0.0120035,-0.00800879,-0.00259851,-0.0064975,-0.01674087,-0.02674275,-0.01451873,-0.02261748,-0.00596284,-0.02264787,-0.00368452,-0.03727327,-0.02414093,-0.02469079,0.00825547,0.00686569,-0.02822519,-0.03266798,-0.01408892,0.00658166,-0.01651913,-0.02043179,-0.01477696,-0.01116961,-0.01320036,0.00688544,0.00347857,-0.01158578,-0.02650127,-0.0194126,-0.02598489,-0.01806988,0.99211906,-0.01615307,-0.00731466,-0.00127708,-0.03093035,-0.02604103,-0.00318936,-0.00063762,-0.01627156,-0.01894026,-0.0057578,0.00756437,0.06600216,-0.02611091,-0.01024157,0.01040319,-0.01420891,-0.01337959,-0.01305909,-0.01899949,-0.0037878,-0.00053282,-0.02571903,-0.02079328,-0.00686658,-0.00084419,-0.02518897,-0.02885864,-0.01493797,-0.01861214,0.02434203,-0.01385652,-0.00178743,0.202046,-0.02213596,-0.01239687,-0.00556338
"Np2_501722",-0.01666039,-0.01835544,-0.01511568,-0.02235162,0.00520099,-0.01825824,-0.00449559,-0.01884909,-0.0212277,-0.00503784,-0.01858025,-0.02700247,-0.00128922,-0.01332487,-0.00858445,-0.03423845,0.02998623,-0.00391842,-0.02120032,-0.01438509,-0.0023813,-0.02741105,-0.01803195,-0.02087535,-0.0082351,-0.02493377,0.00158755,0.00501568,-0.00774753,0.01276354,-0.02517677,-0.03208628,-0.03416709,-0.00126493,-0.00850548,-0.02178661,-0.00687873,-0.02624758,-0.01475266,-0.01693224,-0.01660571,-0.01753985,-0.01254875,0.0028619,-0.00497862,-0.01516883,-0.00349617,-0.01124705,0.00937186,-0.00440143,0.00244725,-0.02034978,-0.00649142,-0.01906326,-0.00527935,-0.02189143,0.00913035,-0.00521252,-0.02164386,-0.00390323,-0.00562413,-0.00809538,-0.01840707,-0.01615307,0.98764684,-0.00628485,-0.0096644,-0.00696532,0.0005061,-0.00307088,-0.01783447,-0.01797575,0.01930237,-0.01505644,-0.0093287,-0.02668354,0.00134757,-0.00845231,0.0003451,-0.02138109,0.01620534,0.0099946,-0.017514,-0.01582044,0.00566121,-0.01117111,-0.00973881,0.00509922,0.00413473,-0.02431104,0.0028528,-0.02180639,-0.00968412,-0.02581472,-0.00933326,0.0113935,-0.02247924,-0.03052325,0.02295984,0.00700998
"Np2_501291",-0.0046323,-0.00268204,0.00572198,-0.00926035,-0.00722505,-0.01625484,0.00084937,-0.01380791,0.00143263,-0.02672911,-0.00305873,-0.00570919,-0.00718404,-0.02256124,-0.00688482,-0.01248951,-0.01950072,0.00340111,-0.02906969,-0.00843257,-0.03045192,-0.00216866,0.01738706,-0.02175784,-0.00987702,-0.02368982,-0.00035815,-0.01318213,-0.00832624,-0.00695317,-0.01481948,-0.02112142,-0.02836648,-0.0132353,0.01218031,-0.00808777,-0.01398865,-0.01148552,-0.00196513,-0.02875071,-0.01824765,-0.00429663,-0.00036878,-0.01488026,0.0084165,-0.03367042,-0.00422675,-0.02443254,-0.03100177,-0.01713126,0.0357398,-0.00042346,-0.00995601,0.00541971,-0.00084571,-0.01457192,-0.00542212,-0.03586524,-0.01310923,-0.01086127,-0.02123984,0.00818562,-0.02050466,-0.00731466,-0.00628485,0.9975787,-0.00644587,-0.02607448,-0.00326226,-0.00729492,-0.0208434,-0.01141567,-0.01271736,-0.01426815,-0.02205851,-0.00220056,-0.01973614,-0.00705645,-0.00949884,-0.00950491,-0.02295317,-0.02567042,-0.00958693,-0.00971603,-0.01587816,-0.01083848,-0.01426662,-0.01264293,-0.03031522,-0.01243485,-0.00410526,0.0638879,-0.00707315,-0.01014132,-0.02267064,-0.00482976,-0.01060306,0.00368058,-0.00617398,0.00065951
"Np2_501599",-0.01742899,-0.00013791,-0.02757978,-0.0112729,-0.01941418,0.00542731,-0.01483318,-0.0097449,0.00321733,-0.00504697,-0.01707053,-0.01075952,-0.02468928,0.00276622,-0.02074475,-0.01191995,-0.01452639,-0.00377565,-0.00753946,-0.03049453,-0.00542821,-0.01466155,0.00155262,-0.0005313,-0.01462358,-0.01385504,0.00051522,-0.03190251,-0.01793324,0.00591944,0.01248257,-0.01310928,-0.00607678,-0.02010832,-0.00988162,-0.01283432,-0.02435512,0.04968781,-0.02433085,0.00219663,-0.01539976,0.00158908,-0.02151939,-0.00929836,0.00549263,0.00183361,-0.0089733,-0.01748366,-0.01706598,-0.03387711,-0.01016868,-0.00441056,-0.02199326,-0.00312405,-0.02230009,-0.01536937,0.00228624,-0.0185879,-0.01542557,-0.00983604,-0.00198792,-0.00780074,-0.01082178,-0.00127708,-0.0096644,-0.00644587,1.0313786,-0.02292282,0.00869901,-0.01538305,-0.00797084,-0.01282067,-0.02186874,-0.01354671,-0.00204715,-0.00147909,-0.02433084,-0.01225868,-0.01925775,-0.00270788,-0.0157005,0.01940264,-0.02724409,-0.0086908,0.0200816,-0.01467371,-0.02387365,-0.01693383,-0.0212399,-0.00943506,-0.02069921,-0.018474,-0.02351517,0.01154087,-0.00600084,-0.00395641,-0.0100335,-0.01488787,-0.01016108,-0.03097145
"Np2_503107",-0.02171678,0.0005866,0.0092944,-0.00371337,-0.00046295,-0.02346652,-0.01350108,0.00571285,-0.030537,0.00129744,-0.03214242,-0.00016221,0.00276773,-0.02719081,-0.00513505,-0.01970119,-0.00954895,-0.00806347,0.00062761,0.00379754,-0.01670292,-0.02305033,-0.00167198,-0.0110466,0.04381872,0.01162742,-0.00848115,-0.02449482,0.0005623,-0.01051952,-0.0188415,-0.01238474,-0.02190815,-0.0133082,-0.01477699,-0.00011056,-0.02788344,0.00697201,0.01345464,-0.00968563,-0.01421954,-0.02365947,-0.00590969,0.00737453,-0.01838891,-0.0149091,-0.01052711,-0.01508832,-0.00920264,-0.02160895,-0.00488747,-0.02844395,-0.00577602,-0.01865166,-0.02081608,0.01725186,-0.00792525,-0.01938224,-0.00801791,-0.01989562,-0.02237596,-0.01345556,-0.01131236,-0.03093035,-0.00696532,-0.02607448,-0.02292282,0.99545804,-0.00956261,-0.0022036,-0.01468886,-0.01437447,0.00103164,-0.00173426,-0.01073975,-0.02201904,-0.01342971,-0.00348403,-0.0059264,-0.02962716,-0.01664673,-0.00751667,-0.01968451,-0.00614359,-0.01336896,-0.00574716,-0.00173274,-0.0227405,-0.00866799,-0.00309063,0.01769389,-0.01471167,0.00196727,-0.02388423,0.02008915,-0.01644623,-0.01249863,-0.01325199,-0.01414511,-0.00822296
"Np2_502617",-0.01135946,-0.00895352,-0.01452331,-0.01613938,0.00564147,-0.00870443,-0.00390323,-0.00473862,-0.00818043,-0.01826736,-0.0258861,-0.01592977,-0.00373464,-0.02412415,-0.00829586,-0.01769776,-0.00405209,-0.01562904,-0.00071053,-0.01500783,-0.0010295,-0.00783259,-0.02913504,-0.01846031,-0.02510993,-0.00839307,-0.02728649,-0.01489695,-0.01231938,-0.00942743,0.01824823,-0.00369819,-0.02081606,-0.031506,-0.02887381,-0.00266381,-0.01008358,-0.00955501,-0.01385652,-0.01482098,0.00692189,0.00416511,0.00186551,-0.01872151,-0.01942327,0.00076432,-0.01004257,-0.01733779,-0.00917378,-0.01064407,-0.01002284,-0.01656773,-0.01561994,-0.00495278,0.00427447,-0.00352807,-0.01989561,-0.01024004,-0.01421648,-0.03019519,0.00544856,-0.00598412,0.00375348,-0.02604103,0.0005061,-0.00326226,0.00869901,-0.00956261,0.98548973,0.00253382,-0.02696298,-0.01738338,-0.00030651,-0.00367996,-0.02422898,-0.0133325,-0.0044394,0.01036674,-0.00696076,-0.02352273,-0.0202632,-0.01994268,-0.01798486,-0.00338074,0.00686113,0.0105338,-0.01886732,0.00903314,-0.01532225,-0.02007334,-0.00642764,-0.01483469,-0.01076253,-0.00016069,0.00067622,-0.00365869,-0.00593855,0.00940831,-0.00971146,-0.02247165
"Np2_500729",0.00283457,-0.00918896,0.00605005,-0.01728616,-0.00947908,0.00062914,-0.00930288,0.00474684,-0.01160554,0.00093898,-0.04131045,-0.009634,-0.01855139,0.00100581,-0.00625296,-0.01899643,-0.01112252,-0.0032577,-0.01127439,-0.03286241,-0.02268128,-0.01019447,-0.00643523,-0.01413907,-0.00696683,-0.02047585,-0.00489051,-0.01285405,-0.02516159,-0.00222031,-0.00613752,-0.01031297,-0.01588728,0.00380058,-0.02166669,-0.00684836,-0.00485102,-0.02163777,-0.01940808,-0.01946119,-0.00895811,-0.00503178,0.00087063,0.00488962,-0.01783604,-0.01511568,-0.0049619,-0.00557401,-0.00713088,-0.00844928,-0.01420739,-0.02227118,0.0146743,-0.01733934,0.00130504,-0.01561084,-0.01435927,0.0243071,-0.01931237,-0.00719163,-0.00268508,0.00304569,-0.02868235,-0.00318936,-0.00307088,-0.00729492,-0.01538305,-0.0022036,0.00253382,0.99853877,-0.00897176,0.00516454,-0.01998375,-0.03186299,-0.02097099,-0.01387172,-0.0133325,-0.00612082,-0.00385464,0.0029743,-0.01062585,-0.01243179,0.00289228,-0.02518441,-0.00643674,-0.02190207,-0.03095011,-0.01337807,-0.01753224,-0.00162642,-0.0274719,-0.01856358,-0.00628941,-0.01573691,-0.00988767,-0.0070838,-0.0168062,0.02405799,-0.02543958,0.00281026
"Np2_501580",0.01981574,0.00262799,-0.01463722,-0.02825249,-0.00601601,-0.01595713,-0.02376267,-0.01244698,-0.0061679,-0.00243295,0.01257974,0.00248673,-0.01159487,0.04699768,-0.01387778,-0.01765978,-0.01859545,-0.01422408,-0.02543041,-0.00600841,-0.02012953,-0.00612384,-0.02408472,-0.01584022,-0.02324929,-0.01534198,-0.00750299,-0.01258064,0.00548957,-0.00923757,-0.00707923,-0.02006424,0.00246091,0.00301075,-0.02427916,-0.01872605,-0.01126072,-0.00845381,-0.01336287,-0.0096188,0.00042864,-0.02541528,-0.01738642,-0.00865888,-0.01027195,-0.00831105,0.01961371,-0.0135026,-0.01247737,0.01035458,-0.00345364,-0.00316354,-0.01664519,0.00966652,-0.01740767,-0.01928654,-0.0162123,-0.01642951,-0.01068507,-0.03076477,-0.00043713,-0.01566705,0.00136123,-0.00063762,-0.01783447,-0.0208434,-0.00797084,-0.01468886,-0.02696298,-0.00897176,0.98450231,-0.00883962,-0.00558465,0.0048638,-0.01872301,-0.00904163,-0.00789487,-0.00630308,-0.01694747,0.00264014,-0.01430155,-0.01519615,-0.00685899,-0.01032965,-0.00889734,-0.00962944,-0.01761423,-0.01249711,-0.01832204,-0.02322504,-0.00137732,-0.02026472,-0.00920566,0.00990195,-0.01113315,-0.01835393,-0.00043257,-0.02214659,-0.01119237,-0.01286468
"Np2_504251",-0.01434864,-0.01771448,-0.02480319,-0.00439535,0.02103086,-0.01989563,-0.00658862,-0.01380336,-0.03167466,-0.02793967,-0.01824307,-0.00373008,0.01226231,-0.00539326,-0.01234827,-0.00170085,0.0086033,-0.01193512,-0.01752159,-0.00250434,-0.0105499,0.00087367,-0.0061512,-0.00732379,0.03311209,-0.01047092,0.00739274,0.00960577,-0.0230549,-0.0028476,-0.0290925,-0.01306673,-0.00907201,-0.01323074,0.01112165,-0.01507011,-0.01960399,-0.00434219,-0.02580716,0.01165626,-0.01596475,-0.0011024,-0.03362795,-0.01730593,-0.01041321,-0.03245076,-0.02563853,-0.02093454,-0.01352997,-0.01500026,-0.02744148,0.00155566,-0.00979956,-0.00703063,-8.171e-05,-0.01259281,-0.01483469,0.00347857,-0.00064977,-0.02391916,-0.01561539,0.05163052,-0.01138679,-0.01627156,-0.01797575,-0.01141567,-0.01282067,-0.01437447,-0.01738338,0.00516454,-0.00883962,0.99941073,-0.00770047,-0.04023664,-0.00701695,-0.03211816,-0.0084918,-0.02406348,-0.00767162,-0.02028447,-0.00943048,-0.00516087,-0.00046903,0.00092076,-0.0076716,-0.0125047,-0.02686885,-0.01172703,-0.00357819,0.01111252,-0.01549239,-0.01858333,-0.00934693,0.00201436,-0.01188197,-0.01712821,-0.02016751,-0.01757931,0.00066559,-0.01027194
"Np2_502438",-0.02932038,-0.01111796,-0.00316961,-0.00448193,-0.00366173,-0.02529833,-0.01153565,0.00069141,0.00697052,-0.01633081,-0.02106366,-0.01475266,-0.00149428,-0.0141375,-0.01668776,-0.01560932,-0.01396285,-0.00154136,-0.02170918,-0.0155015,-0.02658485,0.01111555,-0.0214267,-0.01713131,-0.01223738,-0.04047966,-0.01061672,-0.00065737,-0.00764882,-0.03255259,0.00894506,-0.00100216,-0.02829663,-0.01544378,-0.02845616,0.00170299,0.02450912,-0.01384588,-0.00204715,-0.00574564,-0.00298887,-0.02640262,-0.01958885,0.02361757,-0.01384137,-0.0208419,-0.01144756,-0.01889468,-0.02667903,-0.01463118,-0.00869382,0.00982299,-0.03388463,-0.01744567,-0.00700329,-0.00979349,-0.01097215,-0.00025334,-0.02017816,-0.01717075,-0.0169171,-0.01270524,-0.01572625,-0.01894026,0.01930237,-0.01271736,-0.02186874,0.00103164,-0.00030651,-0.01998375,-0.00558465,-0.00770047,1.01093459,-0.0043255,0.00519947,-0.03129342,-0.01738795,-0.00531581,0.03932749,0.02246168,-0.00769439,-0.00205778,-0.01073218,-0.00159604,-0.01368186,-0.02322353,-0.01465243,-0.00862395,-0.01839803,-0.01464333,0.00750821,-0.00363288,-0.00533251,-0.01964048,-0.01819601,0.00936579,-0.01615309,-0.00505911,-0.01810335,-0.01051042
"Np2_500398",-0.00945478,-0.01813674,-0.02628866,-0.01119694,-0.01447775,-0.01257154,-0.01612421,-0.00040371,-0.01721177,0.05244304,0.00047269,-0.00369666,-0.01185462,-0.0153845,0.00241838,-0.0185271,-0.0133872,-0.01281305,-0.00700784,-0.01158427,-0.00854193,-0.00820625,-0.01204147,-0.03052946,-0.01318061,-0.01058939,-0.01885062,-0.02620661,0.00659685,-0.01299077,-0.00946541,-0.0260958,-0.00554516,-0.00970388,0.00371248,-0.00486014,-0.01000157,-0.01099188,0.00308518,-0.01686542,-0.0165389,-0.0022841,-0.02372174,-0.01074129,-0.01129113,-0.01312745,-0.00282178,-0.01042079,-0.0059021,-0.0101064,0.02529744,-0.01435929,-0.0146266,-0.01489545,0.00557161,-0.01423017,-0.00310582,-0.02352426,-0.0110967,-0.01887341,-0.02469532,-0.00818044,-0.00755615,-0.0057578,-0.01505644,-0.01426815,-0.01354671,-0.00173426,-0.00367996,-0.03186299,0.0048638,-0.04023664,-0.0043255,1.00281958,-0.0130591,0.00527998,-0.02303974,-0.01780261,-0.016144,-0.01204905,0.0161203,0.00231509,0.0050324,-0.01347528,-0.01082786,0.00256572,-0.02091177,-0.01138984,-0.01797425,0.0059817,-0.02107889,-0.01141112,0.02227938,-0.01162224,-0.02202512,-0.01906936,-0.00646408,-0.00539478,-0.03165336,-0.02056699
"Np2_501330",-0.02818115,-0.02805352,-0.01190323,-0.00212764,-0.00130745,-0.02021001,-0.02224378,-0.0229273,-0.02150869,-0.02020394,-0.01521591,-0.01285402,-0.0111392,-0.02621262,-0.02177601,0.00087063,-0.01084911,-0.00936363,0.0146682,-0.0239313,-0.01314263,-0.00354173,-0.02378094,-0.01902989,-0.0285654,-0.01898732,-0.00522466,-0.00574564,-0.01273707,-0.01273102,-0.02530588,-0.0221907,-0.01075341,-0.01278569,-0.0112167,-0.02176382,-0.01490604,-0.02485778,-0.02293187,-0.00977068,-0.00959603,-0.00658104,-0.0148043,-0.01473443,-0.01452484,0.01447227,-0.03157279,-0.01532526,-0.00716125,0.00032992,-0.01454153,-0.0077202,0.0120618,-0.01767348,0.00294544,-0.02460265,-0.02107274,-0.02432772,-0.00476141,0.00781499,-0.00575324,-0.02037561,0.16965374,0.00756437,-0.0093287,-0.02205851,-0.00204715,-0.01073975,-0.02422898,-0.02097099,-0.01872301,-0.00701695,0.00519947,-0.0130591,0.9826794,-0.00995297,-0.01138831,-0.00569552,-0.00783412,-0.01163742,0.04599835,0.04024323,-0.01445344,-0.00091254,-0.02074466,-0.02709664,-0.00926035,-0.00991499,-0.00358882,-0.02444014,-0.00061788,-0.01221459,-0.02257187,0.0023075,-0.0144747,-0.0092406,-0.00590057,-0.02245037,-0.01392638,-0.02167423
"Np2_503677",-0.019563,-0.01184095,-0.00662661,-0.00307848,-0.01957363,-0.00293418,-0.01377752,0.00330997,-0.00165073,0.00846357,0.00114859,-0.00848876,-0.03062049,-0.0280748,-0.01528429,-0.00843407,-0.00071204,0.01003865,0.00202195,-0.01607259,0.02311934,-0.02317488,-0.02230157,-0.0290941,0.0148353,-0.00110392,-0.00966893,-0.02325237,-0.01611813,-0.00456851,-0.00985272,-0.01190174,-0.00654003,0.00023726,-0.00685141,-0.00843712,-0.01418611,-0.01593586,-0.01902227,0.0012777,-0.00538264,-0.00343087,0.00307911,-0.01887494,0.00335858,-0.0089581,-0.01201865,-0.01536477,0.01057028,-0.01778438,-0.00486014,-0.01034182,-0.01881114,-0.00996664,-0.00711872,-0.00489659,-0.02020092,-0.02649368,-0.01619258,0.00124428,-0.02447507,-0.01251688,-0.00794346,0.06600216,-0.02668354,-0.00220056,-0.00147909,-0.02201904,-0.0133325,-0.01387172,-0.00904163,-0.03211816,-0.03129342,0.00527998,-0.00995297,0.99900665,-0.00687114,-0.03672039,-0.02017665,-0.01668926,-0.01950529,0.00192779,-0.01312594,-0.00155959,-0.03460608,-0.01756716,-0.00595829,-0.00691671,-0.0107671,-0.00351896,-0.02268132,-0.0221269,-0.00362527,-0.02066723,-0.00798298,-0.01976045,-0.01687607,-0.01565488,0.0013749,-0.0030314
"Np2_501614",-0.021454,-0.01661783,-0.01975741,-0.01134881,-0.0039974,-0.00224308,-0.01278264,-0.01574448,-0.02298354,-0.01772967,-0.00226131,-0.02951774,-0.01231028,-0.01219483,-0.00532796,0.00288923,0.01866138,-0.00597803,-0.0196146,-0.02084949,-0.01340237,-0.01625634,-0.00794045,-0.01169516,-0.00619371,-0.01803194,-0.01125616,-0.00099304,-0.01740158,-0.00661142,-0.01888251,-0.02199477,-0.00083659,0.01626914,-0.02180489,0.00410131,0.0026052,-0.00977676,-0.01149616,0.00242446,-0.02307011,-0.00410677,-0.00974793,-0.00147605,-0.01417702,-0.01449444,-0.02590887,0.00917288,-0.00681343,-0.00463838,-0.0292307,-0.00190438,-0.0158417,-0.00912365,-0.02222408,-0.00101582,-0.01085214,-0.01076558,0.01062342,-0.0079374,-0.00358275,-0.00635777,-0.00406271,-0.02611091,0.00134757,-0.01973614,-0.02433084,-0.01342971,-0.0044394,-0.0133325,-0.00789487,-0.0084918,-0.01738795,-0.02303974,-0.01138831,-0.00687114,0.98884389,-0.00033536,-0.02161198,-0.02571904,-0.0198774,-0.02274655,0.00958907,-0.00603272,-0.01614396,0.00666672,0.00445369,0.00319149,-0.00992412,-0.02135833,-0.01044663,-0.00305721,-0.00126341,-0.00691368,0.00334036,-0.01390512,-0.00798297,-0.00524289,-0.00917377,-0.01783296
"Np2_500836",0.01294582,-0.01958272,-0.0130014,-0.01887036,-0.00908872,-0.01902985,-0.0133173,-0.00625448,-0.00043105,-0.01249256,-0.00309974,-0.01304086,-0.01542704,-0.00528693,-0.00783717,-0.00782197,-0.00070749,-0.00620891,0.01357006,0.00701911,0.00763121,0.00113189,-0.01014588,-0.00524291,-0.00855103,0.00998853,-0.01027193,-0.02795637,-0.01641735,-0.00790552,0.01080873,0.00708899,-0.00562413,-0.03271811,-0.02385845,0.00098456,-0.01190322,-0.01501998,-0.0164356,-0.01755196,-0.00720076,-0.0119321,-0.00770047,-0.02494595,0.00123669,-0.01715554,0.00150402,-0.03510577,-0.0336249,-0.01428638,-0.00500747,-0.02567806,-0.00893379,0.01008726,-0.00893684,-0.00322125,-0.00439991,-0.01783145,0.00598778,-0.01667406,-0.02310352,-0.01919546,-0.01644468,-0.01024157,-0.00845231,-0.00705645,-0.01225868,-0.00348403,0.01036674,-0.00612082,-0.00630308,-0.02406348,-0.00531581,-0.01780261,-0.00569552,-0.03672039,-0.00033536,0.99916767,-0.00194539,-0.02670938,-0.02982919,-0.00308,-0.00962794,-0.01066837,-0.00209727,-0.01179083,0.00771627,-0.01070938,-0.03612802,-0.00366629,-0.00490571,-0.02470446,-0.01197461,-0.01990323,-0.01481343,0.00074913,-0.03145286,-0.0159541,0.01261925,-0.01077318
"Np2_501441",-0.04159454,-0.00759565,-0.02000046,-0.01265507,-0.01745479,0.00222245,-0.01849368,0.01439028,-0.01380947,-0.02070673,-0.01541491,-0.0037878,0.00643282,-0.02580408,-0.02987327,0.00051977,0.00383703,-0.01943541,-0.0218322,-0.00241016,-0.00377261,-0.0163475,-0.01623361,0.05231106,-0.0194992,-0.02541377,-0.02076443,-0.03055066,-0.00625296,-0.01247435,-0.01532833,-0.00264409,-0.01885065,-0.01389602,-0.0399709,-0.00328049,-0.00857382,4.87e-06,-0.01614399,0.0176741,-0.00873179,-0.01407072,0.00686875,-0.01705988,-0.00515481,0.00090709,-0.00564692,-0.01567615,-0.01951137,-0.01566554,-0.01489242,-0.0036663,-0.01092051,-0.01741682,-0.02216336,-0.01265053,-0.01489241,-0.00660383,-0.02212386,-0.00878799,-0.03936782,-0.01282827,-0.00309063,0.01040319,0.0003451,-0.00949884,-0.01925775,-0.0059264,-0.00696076,-0.00385464,-0.01694747,-0.00767162,0.03932749,-0.016144,-0.00783412,-0.02017665,-0.02161198,-0.00194539,1.0106885,-0.01244397,-0.00614664,-0.01326871,-0.00918443,-0.00232662,-0.01866534,-0.02091633,0.00162856,-0.00813943,-0.00272458,-0.02023437,-0.00188008,-0.01408437,1.246e-05,-0.00776426,-0.02439461,0.00255964,0.01167147,-0.01930782,-0.00516392,-0.01200045
"Np2_501701",-0.02823435,-0.0147405,-0.00314683,-0.02177447,0.00365172,0.00267204,-0.01333553,-0.00110848,-0.01594198,-0.00096722,-0.01207941,-0.00197121,-0.0122556,-0.0101656,-0.00739973,0.00142503,-0.03201486,-0.02126414,-0.01940805,-0.01320037,-0.0036268,-0.00192412,0.00806259,-0.02060197,0.00191108,-0.0161546,-0.00527783,-0.01035548,-0.01233458,-0.01642954,0.01747361,-0.01085218,0.00134453,-0.00190286,-0.01780111,0.08131555,-0.01708567,0.00379601,-0.01463116,-0.01438052,0.00660293,-0.01468433,-0.01637638,-0.01372439,-0.0191347,-0.02005966,0.00315656,-0.00991043,-0.00934086,-0.03025297,-0.01945515,-0.00989982,-0.00910391,-0.02304277,-0.02292886,-0.01751705,-0.00532947,0.00189588,-0.01362414,-0.0220084,-0.00124973,-0.00508798,-0.01388079,-0.01420891,-0.02138109,-0.00950491,-0.00270788,-0.02962716,-0.02352273,0.0029743,0.00264014,-0.02028447,0.02246168,-0.01204905,-0.01163742,-0.01668926,-0.02571904,-0.02670938,-0.01244397,0.99821976,-0.00387437,-0.00249067,-0.01177261,-0.02420472,-0.01745629,-0.02031484,-0.01219941,-0.0038926,-0.0089581,-0.01629131,-0.01631563,-0.01530556,-0.01563817,-0.01855445,-0.00222487,-0.00853433,-0.00276406,0.01000067,-0.02613067,-0.01367729
"Np2_504635",-0.02102569,0.00856837,-0.00839309,-0.01167994,-0.01131542,-0.01533288,-0.00141832,-0.01729072,-0.01298621,-0.02018726,-0.02021156,-0.01116656,-0.02114718,-0.0145005,-0.00687419,-0.00139099,-0.02784399,-0.01299227,-0.02222407,0.00585564,-0.01555617,-0.01187891,-0.00903102,-0.01870943,-0.0167014,-0.00211094,0.00238648,0.01811764,-0.01773271,-0.02197957,-0.00888519,-0.03235061,-0.00602816,-0.01823701,0.01249472,-0.02265848,-0.01504124,-0.00266533,-0.02124441,-0.00626054,-0.01170579,-0.00322278,-0.01812918,-0.01198374,-0.01891294,-0.00328201,-0.01879746,3.221e-05,-0.01610601,0.01158642,-0.01877773,-0.01575363,-0.01647661,-0.02540313,0.00144326,-0.02473786,0.0249663,-0.01276747,-0.00823815,-0.03105187,-0.0131791,-0.00820779,-0.01882326,-0.01337959,0.01620534,-0.02295317,-0.0157005,-0.01664673,-0.0202632,-0.01062585,-0.01430155,-0.00943048,-0.00769439,0.0161203,0.04599835,-0.01950529,-0.0198774,-0.02982919,-0.00614664,-0.00387437,1.00154962,0.0127681,0.00318239,-0.00909784,-0.02133554,-0.00946085,0.00017347,-0.00610107,-0.01967236,0.00565059,-0.01518255,-0.02571603,-0.00751819,4.587e-05,-0.00792677,-0.01621081,0.00490026,-0.02714224,0.00431699,-0.00662053
"Np2_500325",-0.02085706,-0.01829923,-0.00412348,-0.00376501,-0.01205814,-0.01774636,-0.00656583,-0.01529944,-0.01676672,-0.00528541,-0.01852404,0.00252014,-0.01399168,-0.0301283,-0.02052748,-0.01717071,-0.01871391,0.00601055,-0.02737154,0.00769501,0.00375045,-0.00700175,-0.02055786,-0.02476826,-0.01531766,-0.021536,-0.01764611,0.00112277,0.01585141,-0.00920415,-0.01509591,-0.01106936,-0.01664366,-0.01943539,-0.01148706,-0.00806042,0.00046813,-0.01115438,-0.0277589,-0.00867404,-0.03705451,-0.02583753,-0.00717644,-0.0107519,-0.01707353,-0.00767007,-0.04232347,-0.00071053,-0.01350716,0.00461622,-0.00964766,-0.00950945,-0.00749844,-0.02903171,-0.0044637,-0.01818989,-0.00402777,-0.01123187,0.00529667,0.03746672,-0.01938981,-0.01669686,0.00883719,-0.01305909,0.0099946,-0.02567042,0.01940264,-0.00751667,-0.01994268,-0.01243179,-0.01519615,-0.00516087,-0.00205778,0.00231509,0.04024323,0.00192779,-0.02274655,-0.00308,-0.01326871,-0.00249067,0.0127681,0.97985995,-0.01912857,-0.0039169,-0.0213188,-0.02448112,-0.00391082,-0.02415912,-0.02588306,-0.00982538,-0.01364692,0.00528605,-0.00704581,-0.01922729,-0.01899794,-0.00070141,-0.01999281,0.0106948,-0.00022297,-0.00311037
"Np2_503402",-0.00735567,-0.01208852,-0.00565907,-0.00089584,-0.0281751,-0.01973766,0.00374589,0.00275862,-0.00599931,-0.01395981,-0.01914833,-0.03258289,-0.00960363,-0.00462774,-0.00808931,-0.00640332,-0.00247851,-0.00873938,-0.01189562,0.00236219,-0.01464483,-0.01871392,-0.01525847,0.01121279,-0.01092961,-0.02580564,-0.0237384,-0.01408283,0.00444306,-0.00344909,-0.01313808,-0.01154176,-0.01210372,-0.01322467,-0.00147909,-0.01050736,-0.01519313,0.00416966,0.00153895,-0.03739775,-0.00380754,-0.0185636,-0.01402817,-0.01031295,0.00295911,-0.01224346,-0.02198712,-0.01227079,-0.00441055,-0.01104507,-0.00298127,-0.00648839,-0.01602094,0.00512657,-0.00235397,0.00700695,-0.00495582,-0.01185615,-0.00975704,-0.0154073,-0.028368,-0.00760023,-0.01608926,-0.01899949,-0.017514,-0.00958693,-0.02724409,-0.01968451,-0.01798486,0.00289228,-0.00685899,-0.00046903,-0.01073218,0.0050324,-0.01445344,-0.01312594,0.00958907,-0.00962794,-0.00918443,-0.01177261,0.00318239,-0.01912857,1.00154962,0.00214195,-0.02422143,-0.00217018,-0.00407942,-0.00215196,-0.01997614,-0.01333556,-0.02505535,-0.00581856,-0.02468164,-0.02683849,0.00832535,-0.00724935,-0.00755465,-0.01620624,-0.01694747,0.00735326
"Np2_504201",-0.03087568,0.00221182,-0.00077584,-0.00846748,-0.02222864,-0.01044964,0.05556275,-0.01012915,0.00830105,-0.02532868,-0.03082099,-0.01448532,0.01001283,-0.01979383,-0.01611664,-0.00410221,-0.00701241,-0.02344982,-0.00458217,0.00846053,0.01773032,-0.01626091,-0.00505911,-0.00243447,-0.01060304,-0.0125685,-0.01809572,-0.00631371,-0.03198747,-0.0215011,-0.0049133,-0.01364542,-0.01754894,-0.01137921,-0.00449409,-0.02126869,-0.02838468,-0.00294633,-0.01377906,-0.00821231,-0.02747945,-0.00790855,-0.01613183,-0.03702264,-0.00765035,-0.02239723,-0.02029356,0.0258761,-0.03112024,-0.02940086,-0.01966627,0.01084975,-0.00749237,-0.01444433,-0.01691253,-0.0036025,-0.00873027,-0.01517491,-0.00563325,0.06466094,-0.01452331,-0.01790591,-0.00710504,-0.0037878,-0.01582044,-0.00971603,-0.0086908,-0.00614359,-0.00338074,-0.02518441,-0.01032965,0.00092076,-0.00159604,-0.01347528,-0.00091254,-0.00155959,-0.00603272,-0.01066837,-0.00232662,-0.02420472,-0.00909784,-0.0039169,0.00214195,0.99475925,0.00450838,-0.00518517,-0.01772665,-0.00850851,-0.02375057,-0.01817322,-0.01455219,-0.00928922,-0.00217929,-0.00296911,-0.01853622,-0.02499757,-0.02560665,-0.02165144,-0.00583678,-0.02603953
"Np2_503978",-0.01167236,-0.0203543,-0.01544376,-0.01630038,-0.01396131,-0.00628333,0.00747931,-0.02889806,-0.01836611,-0.00323948,-0.02300933,0.01155297,0.01114136,-0.00681797,-0.00359642,-0.01558044,-0.0095292,-0.01275227,-0.01454152,-0.02321896,-0.00544339,-0.01194271,-0.01106936,-0.00874852,-0.01251229,0.00769804,-0.01787851,-0.03237328,-0.02873249,-0.00518366,0.0036578,-0.02816148,-0.00092773,-0.02559146,-0.02311114,-0.00692582,-0.02604102,-0.0299172,-0.01553641,-0.0174122,-0.00933934,-0.01634903,0.0030715,-0.02237597,-0.01411626,-0.00243447,-0.01597535,0.02928296,0.00889189,-0.02067786,-0.02096796,-0.00898241,-0.01016105,-0.01817624,-0.0183661,0.01924615,-0.01580373,0.04093741,-9.994e-05,-0.02139475,-0.00018043,-0.0135877,-0.0112926,-0.00053282,0.00566121,-0.01587816,0.0200816,-0.01336896,0.00686113,-0.00643674,-0.00889734,-0.0076716,-0.01368186,-0.01082786,-0.02074466,-0.03460608,-0.01614396,-0.00209727,-0.01866534,-0.01745629,-0.02133554,-0.0213188,-0.02422143,0.00450838,0.99033261,-0.00193019,-0.01280088,-0.0055573,-0.01047091,-0.02828447,-0.01828411,-0.01119847,0.02370711,-0.02021914,0.00142655,-0.01171792,0.01683568,-0.00229624,-0.01974524,-0.0110891
"Np2_501341",-0.01331579,-0.01987129,-0.02316276,-0.0275128,-0.00102342,-0.0115721,-0.01421343,0.00636749,-0.023503,-0.02235014,-0.00126189,-0.01727855,-0.01829773,-0.00922084,-0.01815042,-0.02648908,-0.01193208,-0.0145476,0.01419279,-0.01331884,-0.0155926,-0.00857381,-0.0127128,-0.02163175,-0.00747261,-0.01414661,0.01100768,-0.0151825,-0.00987094,-0.00713088,-0.00284609,0.00467394,-0.01517794,-0.02039989,-0.01761579,-0.00629092,-0.01264747,-0.01211889,-0.02128085,-0.01343576,0.00071267,-0.00204411,-0.01436839,-0.00579273,-0.02669572,-0.01562145,-0.00136669,0.00409676,0.06952293,-0.0083475,-0.00013183,-0.01320795,-0.01788004,0.00630522,-0.00892164,0.00074305,0.00199462,-0.01143692,-0.03303248,0.00126403,-0.00592487,0.00147667,0.00361982,-0.02571903,-0.01117111,-0.01083848,-0.01467371,-0.00574716,0.0105338,-0.02190207,-0.00962944,-0.0125047,-0.02322353,0.00256572,-0.02709664,-0.01756716,0.00666672,-0.01179083,-0.02091633,-0.02031484,-0.00946085,-0.02448112,-0.00217018,-0.00518517,-0.00193019,0.98674146,0.0002889,-0.01768107,-0.00695012,-0.00532187,-0.01051042,-0.01329757,0.00171058,-0.01654647,-0.0111529,-0.02308224,-0.0198941,0.00274342,-0.01576879,-0.02123832
"Np2_502098",-0.02145249,-0.00978132,-0.02370501,-0.01438507,-0.02389334,-0.02031635,-0.01688212,-0.01361652,-0.01766591,0.00459951,-0.01213257,-0.00445459,-0.02582686,0.0171212,-0.02689468,-0.01047546,0.00195512,0.00495948,-0.01748664,-0.01112708,-0.00155351,-0.00668583,-0.0097616,-0.02688258,-0.02153296,-0.00375287,-0.01444431,0.01708325,-0.00464141,-0.00387589,-0.01250166,-0.01029778,0.00326592,-0.01213258,-0.0032729,-0.01731349,-0.01030382,-0.00445914,0.0002008,0.00804586,0.00533466,-0.0103327,-0.01308796,-0.02516921,-0.01356795,-0.0052277,-0.01147792,-0.01284949,0.00047877,-0.0164842,-0.01783752,-0.01845876,0.01332249,-0.00866647,-0.02115934,-0.02045609,0.00205993,-0.00635928,-0.02886618,-0.00520188,-0.02879478,0.00533922,0.02737976,-0.02079328,-0.00973881,-0.01426662,-0.02387365,-0.00173274,-0.01886732,-0.03095011,-0.01761423,-0.02686885,-0.01465243,-0.02091177,-0.00926035,-0.00595829,0.00445369,0.00771627,0.00162856,-0.01219941,0.00017347,-0.00391082,-0.00407942,-0.01772665,-0.01280088,0.0002889,0.99082175,0.00091469,-0.01280848,-0.01467369,-0.03626627,-0.01171337,-0.00354021,-0.02255671,-0.01048003,0.00887974,-0.00858901,-0.01967081,0.00297885,-0.01145212
"Np2_504559",-0.01314568,-0.02258706,-0.00917074,-0.00683772,0.0087157,-0.01869265,-0.01875188,-0.01305605,-0.0175611,-0.01519313,0.00528757,-0.02789254,-0.02693718,-0.03198592,-0.01980298,0.00709656,-0.01920453,-0.01331427,-0.02421684,-0.0161865,-0.01709327,-0.00551781,-0.01406158,0.00466332,-0.01899794,-0.01154628,-0.01889617,-0.00878494,-0.00119505,0.01810093,-0.00449863,-0.02401491,0.00185184,-0.01293911,-0.01121823,0.00420763,0.00650875,-0.011645,-0.01351629,-0.00475988,-0.00686356,0.00617613,-0.01404639,-0.01397652,-0.01467826,-0.00937579,0.00472709,-0.00013791,-0.00974488,-0.00924062,-0.01697327,-0.00362072,-0.01209005,-0.0246619,-0.00981475,-0.01549084,-0.00467027,0.00392209,-0.01524326,-0.02803231,-0.01365298,-0.01278269,-0.01534803,-0.00686658,0.00509922,-0.01264293,-0.01693383,-0.0227405,0.00903314,-0.01337807,-0.01249711,-0.01172703,-0.00862395,-0.01138984,-0.00991499,-0.00691671,0.00319149,-0.01070938,-0.00813943,-0.0038926,-0.00610107,-0.02415912,-0.00215196,-0.00850851,-0.0055573,-0.01768107,0.00091469,0.99224667,0.01205422,-0.01548022,-0.03114913,-0.00234333,-0.00449863,-0.00331391,-0.00900822,-0.01546958,-0.02336932,0.00306543,-0.00359946,-0.01089164
"Np2_504928",-0.01988196,-0.00836268,-0.00345213,-0.00385311,-0.02520871,-0.01525238,-0.0192607,-0.01326111,-0.0227785,0.01300505,0.00644952,-0.01928805,-0.01681379,-0.02414088,-0.01408436,-0.00632282,-0.01014435,-0.02187321,-0.01303023,-0.01198678,-0.01562755,0.00825091,-0.01745631,-0.00981934,0.00525111,0.00753857,-0.01454456,-0.00504088,0.00163768,-0.00534315,-0.01305757,-0.02027084,-0.01308645,-0.01116961,0.00285431,-0.00070597,-0.00569552,-0.01154627,-0.01524023,0.00445217,-0.01041017,-0.01012918,-0.00285976,-0.01539668,-0.00971908,-0.00380906,-0.02023584,-0.00368451,0.00858053,0.00786969,-0.00988766,-0.00959756,-0.0163961,-0.01332339,-0.00834903,-0.01994878,0.00773146,-0.00676331,-0.00785387,-0.00758047,-0.01750337,-0.02863234,0.00798966,-0.00084419,0.00413473,-0.03031522,-0.0212399,-0.00866799,-0.01532225,-0.01753224,-0.01832204,-0.00357819,-0.01839803,-0.01797425,-0.00358882,-0.0107671,-0.00992412,-0.03612802,-0.00272458,-0.0089581,-0.01967236,-0.02588306,-0.01997614,-0.02375057,-0.01047091,-0.00695012,-0.01280848,0.01205422,0.99730526,-0.01553339,-0.01540582,-0.00847206,-0.0059188,0.00134149,0.00263407,-0.01840863,-0.00990437,-0.00443028,0.00044839,-0.01443826
"Np2_501047",-0.01308949,-0.01478456,-0.00106444,-0.02865353,-0.0202389,-0.01407979,-0.01520225,0.01297316,-0.00110088,0.00415296,0.00640699,-0.00657192,-0.01533744,0.00786511,-0.02339215,-0.00590968,-0.0183889,-0.0184223,-0.0194521,-0.00534619,0.00939162,-0.01305605,-0.0067147,-0.02307625,0.02632115,-0.01923644,-0.01656165,-0.01890531,0.00265837,-0.0246756,-0.02935223,-0.00330176,-0.01252142,0.00473621,-0.01344037,-0.0200384,-0.01378817,-0.01508225,0.00218448,-0.01366512,-0.02351517,-0.00591881,-0.01429398,-0.01817322,-0.01659663,-0.00825638,0.07434842,-0.01861216,-0.01485292,-0.01814589,0.01285317,-0.02452522,-0.00535074,-0.02247927,-0.00186033,-0.01467521,-0.02557476,0.00868685,-0.00455484,-0.00929378,-0.00979957,-0.01166327,-0.01893718,-0.02518897,-0.02431104,-0.01243485,-0.00943506,-0.00309063,-0.02007334,-0.00162642,-0.02322504,0.01111252,-0.01464333,0.0059817,-0.02444014,-0.00351896,-0.02135833,-0.00366629,-0.02023437,-0.01629131,0.00565059,-0.00982538,-0.01333556,-0.01817322,-0.02828447,-0.00532187,-0.01467369,-0.01548022,-0.01553339,1.00375231,0.00034813,-0.0056287,-0.01750489,-0.01085216,-0.00181324,-0.02118517,-0.01328846,-0.01556071,0.00784842,-0.01220246
"Np2_503529",-0.00293722,-0.02452977,-0.01521444,-0.01774185,-0.00689698,-0.00924366,0.01332857,-0.00892317,0.00297582,-0.00574414,-0.006376,-0.00188767,-0.01733631,-0.01220852,-0.01885979,-0.01550301,-0.01537543,-0.01313051,0.00558527,0.00435042,-0.02450398,-0.01368793,-0.02390252,-0.01094941,-0.03369933,0.01081331,-0.01294063,0.00248674,0.0008114,-0.01983947,-0.02664256,0.013078,-0.01725431,0.00456003,-0.03958968,0.00864432,-0.00925581,-0.01920757,-0.00482673,-0.00791766,0.00137036,-0.00852524,-0.01887498,-0.01303331,-0.00310279,0.00022511,-0.02683393,-0.01013069,0.0001598,-0.02060044,-0.01132151,-0.023942,-0.00962794,0.00984881,-0.00431486,0.00033751,0.00371552,-0.01518406,0.00331909,-0.00795109,-0.02258257,0.00259003,-0.01136706,-0.02885864,0.0028528,-0.00410526,-0.02069921,0.01769389,-0.00642764,-0.0274719,-0.00137732,-0.01549239,0.00750821,-0.02107889,-0.00061788,-0.02268132,-0.01044663,-0.00490571,-0.00188008,-0.01631563,-0.01518255,-0.01364692,-0.02505535,-0.01455219,-0.01828411,-0.01051042,-0.03626627,-0.03114913,-0.01540582,0.00034813,1.02071758,-0.02448728,-0.00309974,-0.02211628,-0.01049524,0.00111822,-0.01543923,-0.02105304,-0.01480736,0.01253118
"Np2_504721",-0.01331885,0.00199765,-0.00630613,0.00741857,-0.00102646,0.00391753,-0.01634293,-0.01003955,-0.01910128,-0.00184818,-0.0126566,0.01658961,-0.01192145,-0.01621078,-0.01769781,-0.01631559,-0.01846637,-0.00437409,-0.01315023,-0.018638,-0.02486089,-0.01738641,-0.00193172,-0.01236956,-0.02387967,-0.01278268,0.01632077,0.01412903,-0.01443066,-0.00242536,-0.00770957,-0.00489813,-0.01396588,-0.03392107,-0.00364503,-0.01950831,0.02015749,-0.02138716,-0.01004411,-0.0217927,-0.03756644,-0.01921064,0.00127314,-0.01414967,-0.01242119,-0.01319428,0.00880683,0.00196727,-0.01736061,-0.006376,-0.01243788,-0.00880622,-0.01849066,0.00675785,-0.00573502,-0.01505645,-0.00043865,-0.00384552,-0.01526454,-0.0070929,-0.00486469,-0.01979087,0.00255356,-0.01493797,-0.02180639,0.0638879,-0.018474,-0.01471167,-0.01483469,-0.01856358,-0.02026472,-0.01858333,-0.00363288,-0.01141112,-0.01221459,-0.0221269,-0.00305721,-0.02470446,-0.01408437,-0.01530556,-0.02571603,0.00528605,-0.00581856,-0.00928922,-0.01119847,-0.01329757,-0.01171337,-0.00234333,-0.00847206,-0.0056287,-0.02448728,1.00314163,-0.0072539,-0.01700518,-0.01616828,-0.01503519,-0.0192896,6.39e-06,-0.03111263,-0.01167237
"Np2_501612",-0.00742401,-0.00258787,-0.0114992,-0.0220767,-0.02110464,-0.01616066,0.00960119,-0.01568828,-0.00849787,-0.02147069,0.01024977,-0.00667824,-0.01711451,-0.01532828,-0.02759943,-0.01771142,-0.00998942,-0.00349161,-0.01591306,-0.01137617,-0.0127386,-0.01711146,-0.0291487,-0.00662662,-0.01114984,-0.0211654,-0.00147908,-0.01794838,0.01045026,0.00073545,7.91e-06,-0.00842042,-0.01931083,0.00280722,-0.01369856,-0.00480393,-0.01450202,-0.01701121,-0.00855407,-0.02258097,0.00098456,-0.01696114,0.00823118,0.00830104,-0.02141149,-0.00107202,-0.00398069,0.01044418,-0.00721289,0.00027827,-0.00851761,0.00164527,-0.01517793,-0.01605434,-0.01594043,-0.01781928,-0.02856693,-0.00098848,-0.02319159,-0.01775397,-0.01005777,0.01663369,-0.03423233,-0.01861214,-0.00968412,-0.00707315,-0.02351517,0.00196727,-0.01076253,-0.00628941,-0.00920566,-0.00934693,-0.00533251,0.02227938,-0.02257187,-0.00362527,-0.00126341,-0.01197461,1.246e-05,-0.01563817,-0.00751819,-0.00704581,-0.02468164,-0.00217929,0.02370711,0.00171058,-0.00354021,-0.00449863,-0.0059188,-0.01750489,-0.00309974,-0.0072539,0.98151273,-0.0159708,-0.02956334,-0.02448113,-0.00959754,-0.01809722,-0.02020545,-0.02506742
"Np2_501020",-0.00927707,0.00011575,-0.01730137,-0.00251344,-0.01900859,0.02557841,-0.01199738,0.00812789,-0.00943959,-0.02241242,-0.01226016,-0.00898694,-0.01775246,-0.02052289,-0.01289659,-0.0086285,-0.02930971,-0.03344411,0.00197942,-0.01824157,-0.014136,-0.00331997,-0.00153529,-0.00832779,-0.01239534,-0.01633534,-0.02383712,0.00313378,0.00297733,-0.01190172,0.00711631,0.01372503,0.00146756,0.00976373,-0.01524785,-0.00802398,0.00080836,-0.00975095,0.00417422,-0.00377716,-0.00937428,-0.02094065,-0.0322017,-0.01375324,-0.01126531,-0.0120384,-0.00811207,-0.01890074,-0.01863496,-0.01539668,-0.01644623,-0.02025713,-0.01217055,-0.01076861,-0.00579425,-0.02817813,-0.02282555,-0.00709442,0.01095303,-0.00943047,-0.00492393,-0.02455866,-0.00707466,0.02434203,-0.02581472,-0.01014132,0.01154087,-0.02388423,-0.00016069,-0.01573691,0.00990195,0.00201436,-0.01964048,-0.01162224,0.0023075,-0.02066723,-0.00691368,-0.01990323,-0.00776426,-0.01855445,4.587e-05,-0.01922729,-0.02683849,-0.00296911,-0.02021914,-0.01654647,-0.02255671,-0.00331391,0.00134149,-0.01085216,-0.02211628,-0.01700518,-0.0159708,0.99512384,-0.00848117,-0.01706897,-0.00537504,-0.01281151,-0.01309707,0.00497619
"Np2_502715",-0.01132605,-0.01423623,-0.00962945,-0.01671353,-0.00845079,0.00226497,-0.00918592,-0.00197121,-0.01984249,-0.0176264,-0.02661215,-0.01893415,0.01179145,-0.02120487,-0.0342355,0.02395319,-0.0050819,-0.0285062,-0.00933478,-0.00753187,-0.0061603,-0.03589861,0.00735175,-0.00931354,-0.01626698,0.00667735,0.01011155,-0.00544643,-0.01517186,-0.0028628,-0.00602057,-0.02234717,-0.00620131,-0.01127137,0.01095457,-0.01204751,0.00331605,-0.0095216,0.01290936,-0.01554702,-0.01020816,0.00738821,-0.02088444,-0.02187779,-0.01073218,-0.01894783,-0.02489427,-0.00712783,-0.0102036,-0.00635777,-0.02441888,-0.0280779,0.0005137,-0.03058862,-0.01574147,-0.01883544,-0.01120453,-0.01126985,0.00070204,-0.01315024,-0.02292125,-0.01749429,-0.00654154,-0.01385652,-0.00933326,-0.02267064,-0.00600084,0.02008915,0.00067622,-0.00988767,-0.01113315,-0.01188197,-0.01819601,-0.02202512,-0.0144747,-0.00798298,0.00334036,-0.01481343,-0.02439461,-0.00222487,-0.00792677,-0.01899794,0.00832535,-0.01853622,0.00142655,-0.0111529,-0.01048003,-0.00900822,0.00263407,-0.00181324,-0.01049524,-0.01616828,-0.02956334,-0.00848117,0.99603833,-0.00271394,-0.00970236,-0.01136705,-0.00527327,0.00961033
"Np2_503038",-0.01809119,-0.00915402,-0.01244548,-0.00965677,-0.00397614,-0.00632282,0.00516149,0.01283188,-0.01643106,-0.02378397,-0.03444049,0.00498227,-0.01502301,-0.00427536,-0.02353338,0.00625205,-0.02931426,-0.0041341,-0.02430189,-0.01171489,-0.02811434,0.00791523,-0.01475419,-0.00726911,0.00688998,-0.00920112,-0.00910846,-0.01752766,0.00282088,-0.01023549,-0.02189902,0.01918849,-0.016308,-0.0084675,0.00358186,0.00078102,-0.03018152,-0.01567916,0.00492911,-0.00833838,-0.00740427,-0.01365453,-0.00122087,-0.01816258,0.00027371,-0.00125885,-0.02619139,-0.0105514,-0.01863951,-0.0117559,-0.01705833,-0.02238812,-0.02295921,0.0047195,-0.02083582,-0.01344945,-0.02632355,0.00353325,-0.00894899,0.00545009,-0.01707959,-0.01089318,-0.02500208,-0.00178743,0.0113935,-0.00482976,-0.00395641,-0.01644623,-0.00365869,-0.0070838,-0.01835393,-0.01712821,0.00936579,-0.01906936,-0.0092406,-0.01976045,-0.01390512,0.00074913,0.00255964,-0.00853433,-0.01621081,-0.00070141,-0.00724935,-0.02499757,-0.01171792,-0.02308224,0.00887974,-0.01546958,-0.01840863,-0.02118517,0.00111822,-0.01503519,-0.02448113,-0.01706897,-0.00271394,0.99207653,-0.00446826,-0.00127251,-0.00140618,-0.01522959
"Np2_504169",-0.00776425,-0.0111301,-0.02550946,-0.0069243,-0.01202777,-0.00040067,-0.00273824,-0.01800307,-0.00716734,-0.01360893,-0.00224157,-0.00489203,-0.01335376,-0.02311106,-0.01563667,-0.01622901,-0.01549388,-0.00960363,0.01199801,-0.00640029,-0.03221686,-0.04023503,-0.02113506,-0.0148651,-0.01665429,-0.02332831,-0.01260342,-0.00492241,-0.01419218,-0.00081989,-0.02235621,-0.00481154,-0.0220813,-0.01575969,-0.01813981,-0.00544794,-0.00739971,-0.02676856,-0.02879176,-0.00104923,-0.00163402,-0.01593438,-0.00896873,-0.02697366,-0.01613183,0.00496708,-0.01647203,-0.01951436,-0.01909669,0.00631737,-0.00642763,-0.01084608,-0.00640484,0.01580587,-0.03116579,-0.01603308,-0.00961729,-0.00406271,-0.01700062,-0.01809422,-0.02376422,-0.00603425,-0.01740916,0.202046,-0.02247924,-0.01060306,-0.0100335,-0.01249863,-0.00593855,-0.0168062,-0.00043257,-0.02016751,-0.01615309,-0.00646408,-0.00590057,-0.01687607,-0.00798297,-0.03145286,0.01167147,-0.00276406,0.00490026,-0.01999281,-0.00755465,-0.02560665,0.01683568,-0.0198941,-0.00858901,-0.02336932,-0.00990437,-0.01328846,-0.01543923,-0.0192896,-0.00959754,-0.00537504,-0.00970236,-0.00446826,0.99192158,-0.01919692,0.01028775,-0.02798978
"Np2_502166",-0.02203573,-0.01203535,0.00031776,-0.0164872,-0.0105028,-0.01436836,-0.00561805,-0.02240176,-0.03040028,-0.01572929,-0.02015837,-0.01308793,-0.01106933,-0.00700479,-0.02064292,-0.01470403,-0.01503213,-0.00595221,0.00835875,-0.02386144,0.0024199,-0.00225676,-0.00715518,-0.02214969,-0.00692733,-0.01390511,-0.00910389,0.01027255,0.00267355,0.00738819,-0.01536323,0.00218144,0.00344211,0.0141685,-0.0128176,0.00655735,-0.00222941,0.00483037,-0.02954512,-0.00347338,-0.02911984,2.006e-05,-0.01139288,-0.00965223,-0.01217664,-0.01006383,-0.00249219,-0.00917984,-0.0054206,-0.01797879,-0.01310465,-0.01008055,0.00985334,0.00092683,-0.02462847,0.00554122,-0.00216866,-0.01423319,-0.01441242,-0.01049369,-0.0093287,-0.04430423,-0.02590884,-0.02213596,-0.03052325,0.00368058,-0.01488787,-0.01325199,0.00940831,0.02405799,-0.02214659,-0.01757931,-0.00505911,-0.00539478,-0.02245037,-0.01565488,-0.00524289,-0.0159541,-0.01930782,0.01000067,-0.02714224,0.0106948,-0.01620624,-0.02165144,-0.00229624,0.00274342,-0.01967081,0.00306543,-0.00443028,-0.01556071,-0.02105304,6.39e-06,-0.01809722,-0.01281151,-0.01136705,-0.00127251,-0.01919692,0.98281915,-0.02053961,-0.0088457
"Np2_502177",-0.01199285,0.01881629,-0.01318214,-0.02725308,-0.01625636,0.00023118,-0.00256205,-0.00901733,-0.03357173,-0.00553452,-0.00965982,-0.01306971,-0.01864556,-0.01473289,-0.0137897,-0.00572437,-0.01987436,-0.03403343,0.00382032,-0.00743921,-0.00227043,-0.00117531,-0.01306063,-0.01058789,-0.00918744,0.00768133,-0.02184433,-0.01461899,-0.01188954,-0.02069305,-0.02035735,-0.02316584,-0.01461444,-0.02150717,0.00345276,-0.01894174,-0.01679251,-0.01201104,0.00768589,-0.02213746,-0.01133061,-0.00467028,0.01885126,-0.01054534,-0.01033574,-0.00852673,-0.02404216,-0.0161485,0.05003711,-0.02282102,0.00772235,-0.01310012,-0.01002588,-0.01940806,-0.02066115,-0.01205967,0.01182334,-0.00677241,0.00049091,-0.03462579,-0.02222103,-0.01117417,-0.01784053,-0.01239687,0.02295984,-0.00617398,-0.01016108,-0.01414511,-0.00971146,-0.02543958,-0.01119237,0.00066559,-0.01810335,-0.03165336,-0.01392638,0.0013749,-0.00917377,0.01261925,-0.00516392,-0.02613067,0.00431699,-0.00022297,-0.01694747,-0.00583678,-0.01974524,-0.01576879,0.00297885,-0.00359946,0.00044839,0.00784842,-0.01480736,-0.03111263,-0.02020545,-0.01309707,-0.00527327,-0.00140618,0.01028775,-0.02053961,0.99090682,-0.02204181
"Np2_501265",-0.01260192,-0.01034787,-0.01272799,-0.01631861,-0.01139744,0.00038155,0.00092987,-0.01813218,-0.01276445,-0.01890227,-0.01482556,0.00530731,0.00094658,-0.0215694,-0.02472723,-0.00025789,-0.00256054,-0.0045685,0.00184424,-0.00531429,-0.0194354,0.01325261,-0.02415005,-0.02577835,-0.00037941,-0.03788687,-0.00802398,-0.00702607,-0.01052406,-0.00793589,-0.00258787,-0.00691521,-0.01400841,-0.00692735,-0.01234525,-0.00436193,0.00021751,-0.00943046,-0.00552997,0.00474532,-0.01376235,-0.04082143,0.00199006,-0.02725466,-0.01656473,-0.0091358,-0.00399436,-0.00111304,-0.00828979,-0.00581096,-0.00731618,-0.02768298,-0.0016735,0.00276621,0.01700581,-0.00704886,-0.01749273,-0.02363361,-0.00254838,-0.01229965,-0.01827344,-0.01193515,-7.108e-05,-0.00556338,0.00700998,0.00065951,-0.03097145,-0.00822296,-0.02247165,0.00281026,-0.01286468,-0.01027194,-0.01051042,-0.02056699,-0.02167423,-0.0030314,-0.01783296,-0.01077318,-0.01200045,-0.01367729,-0.00662053,-0.00311037,0.00735326,-0.02603953,-0.0110891,-0.02123832,-0.01145212,-0.01089164,-0.01443826,-0.01220246,0.01253118,-0.01167237,-0.02506742,0.00497619,0.00961033,-0.01522959,-0.02798978,-0.0088457,-0.02204181,0.99454962
