"","Np2_503440","Np2_502646","Np2_504959","Np2_501041","Np2_501483","Np2_503888","Np2_503294","Np2_504012","Np2_504371","Np2_500253","Np2_504610","Np2_504288","Np2_503301","Np2_502962","Np2_500047","Np2_503332","Np2_502558","Np2_500282","Np2_501748","Np2_503202","Np2_504812","Np2_502205","Np2_502292","Np2_502215","Np2_503578","Np2_501253","Np2_500080","Np2_502611","Np2_502572","Np2_501108","Np2_501085","Np2_502240","Np2_501690","Np2_500581","Np2_502113","Np2_502936","Np2_503153","Np2_503540","Np2_501111","Np2_501725","Np2_501050","Np2_500615","Np2_503582","Np2_502585","Np2_503976","Np2_500806","Np2_502746","Np2_501615","Np2_500940","Np2_500381","Np2_502894","Np2_504304","Np2_503354","Np2_501648","Np2_502699","Np2_502115","Np2_501499","Np2_501888","Np2_504539","Np2_500848","Np2_502277","Np2_504017","Np2_504803","Np2_502849","Np2_502135","Np2_500565","Np2_504835","Np2_500281","Np2_504453","Np2_501616","Np2_503431","Np2_504637","Np2_500960","Np2_500724","Np2_501098","Np2_502177","Np2_504575","Np2_502016","Np2_502042","Np2_504943","Np2_503842","Np2_502831","Np2_502692","Np2_502679","Np2_504357","Np2_500835","Np2_504401","Np2_501388","Np2_502771","Np2_501268","Np2_500924","Np2_502226","Np2_501011","Np2_500135","Np2_502856","Np2_504960","Np2_500813","Np2_500266","Np2_500153","Np2_502230"
"Np2_503440",0.99697961,-0.00606742,-0.00702675,-0.01818754,-0.00235934,-0.02153985,-0.01689525,-0.02449842,-0.03411604,-0.01102675,-0.00089525,-0.02048167,-0.00746157,0.00352436,-0.02096364,-0.00460334,-0.01478349,0.00907511,-0.02431595,-0.02214952,-0.00155508,-0.00821869,-0.01963637,-0.01004308,-0.00330954,-0.01257748,-0.01992982,-0.00934221,-0.01480327,0.0052545,-0.01377853,-0.00938783,0.01199562,-0.00017462,-0.01352618,-0.00325786,-0.01695297,0.00814615,-0.00446957,-0.00719401,-0.00472345,-0.00208111,-0.02064588,-0.01062236,-0.01042927,-0.01715976,7.82e-06,-0.01356571,0.00066005,-0.01604991,-0.02251285,0.01667216,0.02420693,-0.03046574,-0.01391385,-0.0080925,-0.03139016,-0.02129812,-0.00491197,-0.01512861,-0.02677741,-0.00852426,0.00763077,-0.01582037,-0.01281314,-0.00488765,-0.00917649,-0.01392754,-0.00931485,-0.00931485,0.00253309,-0.00437681,-0.00627421,-0.02458357,-0.01788039,-0.0153825,-0.0236896,-0.01326927,-0.0167584,0.01001316,-0.01026507,-0.01622173,-0.02304343,-0.01808112,0.00049281,-0.00562348,-0.01078654,-0.0175049,0.00181398,-0.01462838,-0.01750031,-0.01887016,0.01436738,-0.00083292,-0.00108074,-0.01190095,0.00230048,-0.00256762,0.00497323,-0.03579295
"Np2_502646",-0.00606742,0.99103423,-0.01805676,-0.03210618,-0.01916661,-0.01174131,0.00141717,0.01646694,-0.01367517,-0.0135429,0.00951142,-0.00460182,-0.01894768,-0.02240492,-0.03290584,-0.01472113,-0.01228254,-0.02141523,-0.01238895,-0.00277287,-0.003007,-0.00480554,-0.019872,-0.01955274,-0.01403548,-0.00460334,-0.00541825,-0.01413886,-0.01473484,-0.00562349,-0.01827111,-0.00551858,-0.00633195,-0.01622174,-0.01224149,-0.01231144,0.00607242,-0.01094159,0.00168019,0.00093219,-0.00891195,-0.01265501,0.00207548,-0.02469304,0.00043351,0.00312906,0.00706976,0.00277027,-0.00641709,-0.02586363,-0.02077206,-0.01594652,-0.00567517,-0.00531182,-0.0132373,-0.00057446,-0.01642244,-0.01879717,-0.025216,0.03511077,-0.00952922,-0.01803392,-0.02635624,-0.00571776,2.607e-05,-0.0169819,-0.01032434,-0.00564933,-0.01304726,0.00413248,-0.00089525,-0.02255239,0.00276419,-0.01296061,-0.01842011,-0.02291574,-0.00750566,-0.00331867,0.00124993,-0.00481773,-0.00791615,-0.0170655,0.00530314,-0.01938099,-0.02087545,-0.00221034,-0.00919779,0.00597665,-0.02122664,-0.02459414,-0.00314078,0.00096259,-0.02022781,-0.00654178,-0.01287092,-0.02019435,-0.01222629,-0.01724643,-0.01016167,-0.01443989
"Np2_504959",-0.00702675,-0.01805676,0.9921564,0.00463875,-0.01343648,0.03397357,-0.01216093,-0.01201041,-0.01250603,0.01286375,-0.01121222,-0.01970021,-0.01960294,-0.01424225,-0.0069553,-0.01507233,-0.01491423,-0.02328676,0.01964288,-0.01863146,-0.01263223,-0.01230229,0.00045328,-0.02036003,-9.556e-05,-0.00647487,-0.01945243,-0.01296972,-0.01660638,-0.0146406,-0.0052434,-0.00875841,0.00775998,-0.02295834,-0.01517726,-0.02011227,-0.00887394,-0.02497575,-0.02162805,-0.00671662,-0.01473634,0.00417353,-0.03141893,-0.00193516,-0.01679338,-0.02808485,-0.00924492,-0.01688914,0.00949924,-0.01405219,-0.02690051,-0.01873024,-0.00313774,0.00741184,0.03065313,-0.02692333,-0.00597926,0.00304849,-0.02678346,-0.00917803,-0.03420575,0.00289949,-0.01682529,-0.00105185,-0.00503816,-0.00380213,-0.01858125,-0.01481845,-0.02328061,-0.01963182,-0.01918635,-0.00435554,-0.00777326,-0.00540608,0.00342553,-0.01840187,-0.01454631,-0.0024536,-0.01232815,-0.01216247,-0.00081772,0.0192233,-0.02180588,-0.00148819,-0.00039811,-0.0033217,-0.01380591,-0.01900393,0.01384588,-0.01217457,-0.02051969,-0.01459194,-0.01054481,-0.00962958,-0.01185382,-0.01461625,-0.00634412,-0.02170253,-0.01568199,0.0007163
"Np2_501041",-0.01818754,-0.03210618,0.00463875,1.00875783,0.00778585,-0.01352315,-0.0050777,-0.01511342,-0.00344637,-0.0078751,0.00742553,-0.01216091,-0.00324569,0.00181094,-0.01765997,-0.00890132,-0.00859119,-0.00586524,-0.005961,-0.00637911,-0.00342053,-0.00324265,-0.01481237,-0.01951019,-0.01262463,-0.01125024,-0.01860259,-0.00877513,-0.01149959,-0.02412903,0.02023584,-0.01657446,-0.00507313,-0.03001425,-0.01417538,-0.00177857,-0.0007265,-0.01530799,-0.00603095,-0.00905947,-0.01723123,-0.01504499,-0.01947068,-0.01051138,-0.01822403,-0.00929509,0.01319367,-0.02212063,-0.03069984,-0.00803321,-0.01525632,0.00112375,-0.01125784,-0.01119856,-0.01425898,0.0053974,-0.00756194,-0.01252125,-0.02015636,-0.01334528,0.00647685,0.01454371,-0.01050225,-0.02695988,-0.00950946,-0.03077438,0.00583373,-0.0230906,-0.01939011,-0.01634944,-0.00161285,0.00972124,-0.02836017,0.00699833,-0.00682303,-0.00675767,-0.00351023,-0.01376643,-0.01087017,-0.00295075,-0.01121833,-0.00668469,-0.01745927,-0.00367899,-0.00669381,-0.00992146,-0.01341216,-0.02241103,-0.0225524,-0.003419,-0.01738935,-0.01632666,-0.01790477,-0.0195741,-0.00020959,0.00295727,-0.02252199,-0.02389335,-0.00890285,4.583e-05
"Np2_501483",-0.00235934,-0.01916661,-0.01343648,0.00778585,1.00240495,-0.01867555,0.00056426,0.00512374,-0.01498418,-0.02199748,-0.01125785,0.01126891,-3.627e-05,-0.00942281,-0.00593669,0.00160569,-0.00249313,-0.02804543,0.00150535,-0.01457217,-0.00750871,0.0069603,-0.00354519,-0.01599669,-0.00044524,-0.01868314,-0.01326469,-0.00146082,0.00736928,-0.0209196,-0.01410693,-0.00697963,-0.01372228,-0.01236163,-0.02115218,-0.01103589,-0.02305863,-0.02076446,-0.00327762,0.00068742,-0.0117413,-0.01898113,-0.02006207,-0.00562958,-0.01243003,-0.02068085,-0.0127873,-0.0129819,-0.01137489,-0.00087093,0.00498083,0.05617644,-0.00591995,-0.00935744,-0.00892109,-0.01556647,0.00324917,-0.0232989,-0.01603473,0.00400326,-0.01555127,-0.02359987,-0.01626277,0.00848064,-0.00538783,-0.00384774,-0.03459035,0.01174175,0.01544223,-0.04248244,-0.01147828,-0.00850604,-0.0160287,-0.00256306,-0.0150161,-0.02240037,-0.01337567,-0.01481393,-0.00781277,-0.00293403,-0.01545854,0.02161023,-0.0209393,-0.02692339,-0.00044372,-0.01370557,-0.02038896,-0.0292358,-0.02390397,-0.01465272,-0.03394424,-0.01129282,-0.02320921,-0.01514839,-0.00429777,-0.01952695,-0.00304501,-0.02615712,-0.01572762,-0.00434641
"Np2_503888",-0.02153985,-0.01174131,0.03397357,-0.01352315,-0.01867555,1.00037957,-0.02515371,0.00464331,-0.01394427,-0.01077133,-0.00261627,-0.00684735,-0.00994276,-0.03286026,-0.015083,-0.01879107,-0.03353224,-0.00632894,-0.00946536,-0.0095794,-0.01467861,-0.01069987,-0.01299557,-0.02164624,0.04042738,-0.00152771,0.00115416,-0.00756647,0.00202379,-0.02018375,0.00015985,-0.00928445,0.01194698,-0.01998762,-0.01311873,-0.01790172,-0.01228861,-0.02884653,-0.01500852,-0.01575655,-0.00933309,-0.00486636,0.00241451,-0.00763033,-0.01868772,-0.02982716,0.0188113,-0.00738099,0.00669271,-0.01138554,-0.00218905,-0.0151514,-0.01552236,-0.01911189,-0.01137794,-0.02258431,-0.01653951,-0.00964021,-0.01225822,-0.01107236,-0.0142073,-0.00796479,-0.00640494,0.00343921,-0.01088536,-0.00372003,-0.02397235,-0.00059727,0.00143085,-0.007083,-0.01940833,-0.01795644,-0.00905947,-0.00836465,-0.00987129,-0.01512709,0.01046924,-0.03125789,0.00113287,-0.0319968,-0.02110809,-0.01459801,-0.01503433,-0.0123525,-0.00031601,-0.00628026,-0.01646041,-0.01253645,-0.02043153,0.00751977,-0.00949122,-0.01040495,-0.00346918,-0.01638899,-0.00553836,0.00918304,-0.01994502,-0.00763338,-0.00602182,-0.01881389
"Np2_503294",-0.01689525,0.00141717,-0.01216093,-0.0050777,0.00056426,-0.02515371,1.01377567,-0.02035858,-0.02891198,0.01211729,-0.01195873,-0.02424755,-0.01350795,0.00629593,0.01297475,0.00668208,-0.02478275,-0.01202261,-0.01667934,0.00327502,-0.01869991,-0.00544714,-0.01534449,-0.02308298,-0.01270065,-0.01223846,-0.01016474,-0.01097962,0.01031721,-0.00884966,-0.01070292,0.00144149,-0.00742964,0.00290102,-0.01029853,-0.01477745,-0.0149416,-0.01751248,-0.02374288,-0.0010777,-0.00499255,-0.01238441,-0.00206287,-0.01910128,-0.01830006,-0.00739468,-0.01211989,-0.0241731,-0.00204159,-0.02544103,-0.00879491,-0.00761816,-0.00707693,-0.02009252,0.00147647,-0.00425671,-0.00809405,-0.01989488,-0.02160068,0.00649509,-0.02537418,0.0053457,-0.02836616,-0.02171473,-7.38e-06,-0.02248857,0.00317316,-0.02179833,-0.02372306,0.00364294,0.00682499,-0.01939318,0.00121041,0.00114504,-0.00446652,0.00776153,-0.01681315,-0.01885956,-0.02706173,-0.03191321,-0.00977402,0.0014491,-0.01038973,0.00764751,-0.0203008,-0.01455848,-0.01303208,0.01217659,-0.00043155,-0.01550564,-0.02628331,-0.0065205,-0.00612217,-0.00277439,-0.01579303,-0.00532855,-0.02396632,-0.0172799,0.00379193,-0.01401725
"Np2_504012",-0.02449842,0.01646694,-0.01201041,-0.01511342,0.00512374,0.00464331,-0.02035858,1.00039173,0.00909485,0.01850115,-0.01545701,-0.01847179,-0.00940456,-0.02000737,-0.02305867,-0.01764474,-0.01049311,-0.01901767,-0.02641096,-0.0195315,0.01094511,-0.01639503,-0.01580209,0.00610587,-0.02608108,-0.0183213,-0.01427114,-0.0117413,-0.01492185,-0.01386828,-0.02864434,0.00873757,-0.01366451,0.00594017,-0.0119724,0.01243503,0.00086833,-0.0097603,-0.03088995,-0.00837683,-0.0253665,-0.0021997,-0.00236846,-0.02624835,0.00161482,0.02346654,-0.00756039,-0.01338023,-0.00949273,-0.01236768,-0.00758016,0.00059011,-0.02486632,-0.01674929,-0.00095758,-0.01657293,-0.01797775,-0.00256458,-0.01019969,0.00086833,-0.00926013,-0.00940302,0.00872845,-0.02080402,-0.0073065,0.00365967,-0.01324794,-0.00902904,-0.01353834,-0.01323427,-0.0232791,-0.00768811,-0.02281244,-0.01816473,-0.00309974,-0.0077474,-0.01529433,-0.01658057,-0.02326239,-0.01047795,-0.01236009,0.01589074,-0.01464817,-0.01439887,-0.02015026,-0.00756646,0.00049737,-0.02461703,-0.00408187,-0.00805753,-0.01032132,0.0181074,-0.01235705,-0.00931335,-0.02035554,-0.01992527,-0.00541977,-0.00587891,-0.01384544,-0.02785378
"Np2_504371",-0.03411604,-0.01367517,-0.01250603,-0.00344637,-0.01498418,-0.01394427,-0.02891198,0.00909485,0.99514277,-0.01848245,-0.01580059,-0.00437225,-0.00077819,-0.01776639,0.00502796,-0.01373141,0.00527882,0.0107414,-0.01656834,0.01585274,0.00664864,-0.02114758,-0.01097656,-0.00183938,-0.00407579,0.01508646,-0.00412444,-0.01892638,-0.00523125,0.00980941,-0.01849764,-0.0162354,-0.01431217,-0.00945474,-0.00836313,-0.0186193,0.00204506,0.00221079,-0.02454406,-0.00841636,-0.01157102,-0.02017913,-0.00210391,-0.02461551,-0.01469228,0.00351066,0.01140423,-0.00931485,0.00825562,-0.00951857,-0.01218067,-0.00020958,-0.0288587,-0.01146765,-0.00571014,-0.01995717,-0.02485879,-0.00321224,0.00389987,-0.01787129,0.00012641,-0.00624985,-0.02278195,-0.04106397,-0.01479565,-0.02754669,0.00161177,-0.00450756,-0.02422018,-0.01129737,0.00374328,-0.02156266,-0.01053723,-0.01455545,-0.01484581,-0.02116585,-0.00651593,-0.01509975,-0.01068315,-0.01827119,-0.02486635,-0.00436921,-0.00434944,-0.00333996,-0.007419,-0.01201495,-0.00091046,-0.01173371,-0.01202712,-0.00824908,-0.01096898,-0.01583558,-0.00038594,-0.00661627,-0.01036085,-0.01662005,-0.01701381,-0.01184774,-0.02528744,0.00524993
"Np2_500253",-0.01102675,-0.0135429,0.01286375,-0.0078751,-0.02199748,-0.01077133,0.01211729,0.01850115,-0.01848245,0.99601557,-0.01247563,-0.0241563,-0.01296061,-0.0019747,-0.0159724,0.0035806,-0.00933614,-0.02166153,-0.01521981,0.00351827,-0.01906477,-0.0099169,-0.0214866,-0.01584618,-0.02416394,-0.0015049,-0.00262387,-0.01347295,-0.00798761,-0.0090625,-0.01775724,-0.01534297,-0.01478803,0.00420851,0.00590824,0.00811881,-0.01424222,0.01176909,-0.02836467,-0.01588576,-0.03196322,-0.01533384,-0.02751321,-0.0124726,0.00733279,-0.00699938,-0.0209986,-0.00021262,-0.01350487,-0.01561966,0.00513134,-0.0234904,-0.0074418,-0.02349805,-0.00770633,-0.02104117,0.00598427,-0.0264931,-0.02835093,0.00263344,-0.00430232,-0.01949649,-0.02249764,-0.00155508,-0.00964628,-0.00795416,-0.01391536,-0.01471356,0.00038943,-0.01679033,-0.02060179,0.00791203,-0.01633428,-0.02491348,-0.00924035,-0.01875307,-0.01550565,0.01407092,-0.00842242,-0.01692264,-0.00208111,0.00655741,-0.01561966,-0.01567443,0.00077103,-0.01431521,-0.00974815,-0.00947298,-0.00231676,-0.02924939,-0.00110658,0.00968627,-0.00603094,-0.02077515,-0.00870825,-0.01177476,-0.03178079,0.01899526,-0.00493478,-0.004652
"Np2_504610",-0.00089525,0.00951142,-0.01121222,0.00742553,-0.01125785,-0.00261627,-0.01195873,-0.01545701,-0.01580059,-0.01247563,0.99697048,-0.00064592,-0.01499179,-0.01251972,-0.01541899,-0.01076524,-0.00026888,-0.0046885,-0.00387206,-0.00885116,-0.02596101,-0.01696515,-0.01758848,-0.0034342,-0.01707311,-0.00536046,-0.00313471,-0.01139922,-0.01351554,-0.0085091,-0.01629164,-0.01053264,-0.00830534,-0.00724874,-0.01679946,-0.0155011,-0.00882377,-0.00044828,-0.00378997,-0.02506252,-0.01270974,-0.00505032,0.0084639,-0.00979073,0.02993102,0.01042969,-0.00068089,-0.01197391,-0.00899862,0.00317771,-0.00434944,-0.0247614,0.00010512,-0.01047792,-0.01080173,-0.02139997,-0.01444297,-0.01894617,0.00306521,-0.01019209,-0.00694162,-0.02517643,-0.01191006,-0.00039355,-0.01897504,-0.0134821,-0.00621641,-0.02160978,-0.01365236,-0.01167593,-0.00438898,-0.02118106,-0.00468242,-0.02740075,-0.00443002,-0.00117195,-0.00795872,-0.01395798,-0.00558852,-0.01758552,-0.01232208,-0.01645433,-0.00624834,-0.02682761,-0.00506096,-0.00190323,-0.02652654,-0.01104804,-0.00769266,-0.01182034,0.00035902,-0.02640037,-0.01475158,-0.02356648,-0.00906705,-0.01684659,-0.01176715,0.00069653,-0.0122871,-0.02249461
"Np2_504288",-0.02048167,-0.00460182,-0.01970021,-0.01216091,0.01126891,-0.00684735,-0.02424755,-0.01847179,-0.00437225,-0.0241563,-0.00064592,0.97527823,-0.00994882,-0.00109137,-0.0245151,-0.00055318,0.01009521,-0.00131791,0.01409366,-0.02752536,-0.00267404,-0.00067177,-0.00342356,0.0084502,-0.01446267,-0.00776713,-0.02895447,-0.00149122,-0.01759457,-0.02018979,0.00760339,0.01412256,-0.01147217,-0.03094005,-0.00613128,-0.01729963,-0.02886623,-0.01197692,-0.02763334,-0.00177553,0.00784055,-0.01110578,-0.00124037,0.00407015,-0.00060183,0.01136771,0.00344985,-0.00267404,0.00014921,-0.00607045,-0.00690815,-0.01333305,-0.00443001,-0.00695529,-0.01077587,-0.00738706,-0.0103122,0.00540499,-0.02275456,-0.01594349,-0.00235477,-0.01785297,-0.00929964,-0.02971008,-0.01590851,-0.026227,-0.0300597,-0.01671884,-0.00207199,-0.00784924,0.02224263,-0.00701611,-0.01636314,-0.02281387,-0.0170229,-0.01528517,-0.01371012,-0.01818905,0.00036662,-0.01847184,-0.00925555,-0.02311791,-0.02218593,-0.02877814,-0.01978231,-0.00248551,-0.01540224,-0.02470516,0.00860072,0.0094901,-0.02454853,-0.0342802,0.01446466,-0.01122591,-0.00204766,-0.02077357,-0.0044437,0.00026627,-0.01971084,-0.00985
"Np2_503301",-0.00746157,-0.01894768,-0.01960294,-0.00324569,-3.627e-05,-0.00994276,-0.01350795,-0.00940456,-0.00077819,-0.01296061,-0.01499179,-0.00994882,1.00162642,-0.01604538,-0.00267708,-0.0092738,-0.01291653,-0.02144109,-0.03035471,-0.01541748,-0.01002639,-0.01562575,-0.02233039,-0.02946074,-0.00874017,-0.00219666,0.01097551,-0.03529731,-0.01369646,-0.02115676,-0.01008717,-0.00706477,-0.01061473,-0.0130549,-0.01393971,-0.00914459,0.00239778,-0.01476827,0.01913821,0.01048446,-0.01912403,-0.03077281,-0.00479187,0.00295119,-0.02194124,-0.01225214,-0.00238214,-0.01747601,-0.01693323,-0.00688536,-0.01486862,-0.01855694,-0.01907993,0.00971363,-0.02086481,-0.0151955,-0.00261324,-0.01274169,-0.0048694,-0.00216321,-0.01609251,0.01873221,-0.00981048,-0.01745017,-0.00364858,-0.00530118,-0.01612744,0.00542325,-0.01550565,-0.01276905,-0.00441786,-0.01026356,-0.01809027,-0.02408491,-0.03000049,-0.00773827,-0.01072421,-0.00121605,0.01627539,0.00443049,-0.02572991,-0.02666946,-0.00171623,-0.02700853,-0.01375575,0.01296712,-0.01469684,-0.0145737,0.00048824,-0.01914682,-0.01076829,0.00382539,0.01699452,-0.01857827,-0.00742358,-0.01672345,0.00751218,-0.01195113,-0.00973142,0.00210588
"Np2_502962",0.00352436,-0.02240492,-0.01424225,0.00181094,-0.00942281,-0.03286026,0.00629593,-0.02000737,-0.01776639,-0.0019747,-0.01251972,-0.00109137,-0.01604538,1.00185755,-0.02148968,0.01752356,-0.01226886,-0.01334377,-0.03654854,0.00666689,-0.03309595,-0.01163336,-0.01362499,-0.02136346,-0.03986747,-0.0001807,-0.0206079,-0.00986825,-0.02019437,0.0012317,0.00150687,0.03493595,-0.00358168,-0.01605604,-0.02150186,-0.00880099,-0.00850907,-0.00575879,-0.03418604,-0.00635175,-0.00160069,-0.0124893,-0.01128976,-0.00400282,-0.0013772,-0.02543949,-0.00994427,0.00187175,-0.00792374,-0.03071504,0.0240914,0.00352739,-0.00824606,-0.02369418,-0.00562197,-0.01393971,-0.01047946,-0.02319247,0.00581245,0.00304545,0.00051866,0.00858553,-0.01813279,-0.00661627,-0.02276524,-0.01894465,-0.02019281,-0.02311947,-0.01060105,-0.00147906,-0.00757103,-0.00779149,-0.00740838,-0.01446728,0.00014161,-0.00982721,-0.01022859,-0.00756193,-0.01317954,-0.02502454,-0.00927077,0.0072735,-0.00958243,-0.01374209,-0.01432435,-0.01587963,-0.01389714,-0.02304804,0.02196446,-0.0127219,-0.02745243,-0.00571319,0.01338524,-0.01443384,-0.00920845,-0.02367745,-0.00491501,-0.02118563,0.00627159,-0.01609858
"Np2_500047",-0.02096364,-0.03290584,-0.0069553,-0.01765997,-0.00593669,-0.015083,0.01297475,-0.02305867,0.00502796,-0.0159724,-0.01541899,-0.0245151,-0.00267708,-0.02148968,0.99666637,-0.02353601,-0.01349577,-0.02566914,-0.01466641,-0.00352999,-0.01258207,-0.00647487,-0.0273186,0.03563827,0.00284325,-0.01159382,-0.02168276,-0.01839274,-0.02370177,0.07799795,0.00772958,-0.02071886,-0.00070369,-0.01606667,-0.0019002,-0.01200433,0.00531529,-0.02446949,0.02205571,-0.01168356,-0.00860485,-0.01417231,-0.00263452,0.01179801,-0.01826354,-0.01967286,0.01741107,-0.00589259,-0.00170103,-0.00807274,-0.02928288,-0.02050447,-0.02102748,-0.01853568,-0.03102213,-0.01942354,-0.01611534,-0.00693554,0.00245708,-0.00851972,-0.00846195,-0.01286177,-0.01601495,-0.00236998,-0.02049538,-0.01454632,-0.00591235,-0.02267401,-0.00817917,-0.02976788,-0.03494764,-0.0172282,0.00109487,0.00102948,-0.01400812,0.01692,-0.01221565,-0.00422783,-0.02155202,-0.00846349,-0.02205221,0.01820924,-0.0129378,-0.01755356,-0.00642927,-0.0044878,-0.00311342,-0.01743344,-0.01635855,0.00277482,0.00872085,-0.02868087,-0.01672801,-0.01474855,0.00035902,-0.02353605,-0.01693628,-0.00112787,-0.01867248,-0.01443685
"Np2_503332",-0.00460334,-0.01472113,-0.01507233,-0.00890132,0.00160569,-0.01879107,0.00668208,-0.01764474,-0.01373141,0.0035806,-0.01076524,-0.00055318,-0.0092738,0.01752356,-0.02353601,0.97769287,-0.0152274,0.00285389,-0.01168503,-0.01377549,-0.01203321,-0.00835855,-0.00518106,-0.01748051,-0.02701453,-0.02107914,-0.01961357,-0.01115443,-0.01524718,-0.0192107,-0.0084452,0.02011875,0.00395003,-0.01019664,-0.02248395,0.0113495,0.0016072,-0.01981573,0.00177597,-0.0147835,-0.02067473,-0.01438361,-0.00710275,-0.01638744,-0.01969111,-0.00164021,-0.01624755,-0.00671204,-0.01954816,-0.02135888,-0.00699329,-0.0213239,-0.01363712,-0.02269984,0.00555854,-0.00656,-0.00340381,0.01428981,-0.02071123,-0.00736274,-0.01931559,-0.00562347,-0.02321978,-0.02553831,-0.03514981,-0.02007879,0.0048227,-0.01102673,-0.00839047,-0.00322136,-0.01037755,-0.00162805,0.00194777,-0.01818599,-0.00327305,-0.01232965,-0.00680174,-0.00398305,-0.00306324,-0.0022894,-0.00189108,-0.0165136,-0.02455156,-0.01852503,-0.01713086,0.01597735,-0.00606133,-0.00867479,0.00577899,-0.03802924,-0.00867022,-0.01536121,0.00647379,0.0017638,-0.02767439,-0.00459117,-0.00680933,-0.02079943,0.00285692,-0.0079587
"Np2_502558",-0.01478349,-0.01228254,-0.01491423,-0.00859119,-0.00249313,-0.03353224,-0.02478275,-0.01049311,0.00527882,-0.00933614,-0.00026888,0.01009521,-0.01291653,-0.01226886,-0.01349577,-0.0152274,0.99336676,-0.01112711,-0.01061473,0.00341032,-0.01658814,-0.01260941,-0.03390922,-0.01215329,-0.00040267,-0.00328522,-0.01215788,0.00116631,-0.00520692,-0.01814041,-0.00752694,-0.00420046,-0.02857895,0.006077,-0.01122743,-0.01114534,-0.00994121,-0.01783325,0.0160732,-0.01112863,-0.02979065,-0.01574584,-0.01834712,0.00277483,0.01254601,-0.01698948,-0.0043829,-0.02206131,-0.01695754,-0.02515364,-0.01033195,-0.012804,-0.01636766,-0.00019286,-0.01891269,-0.00260107,-0.01510431,-0.00470825,-0.00671812,0.00070109,-0.02295832,0.00548101,-0.01591613,-0.00941672,0.01563532,-0.00684584,-0.01934445,-0.01892639,-0.01309743,-0.01081694,-0.02648699,-0.02153833,-0.00990477,0.01906824,-0.02394347,-0.02326998,0.00171819,-0.00686561,-0.01962878,-0.00213129,-0.01648019,-0.00267252,0.00114807,-0.02095151,-0.00420198,0.00062812,-0.02718787,-0.01794275,-0.00531334,-0.03346221,-0.01261701,0.00136852,-0.00492262,-0.00689602,-0.00349502,0.02795001,-0.00041787,0.01356615,-0.03149647,-0.02391611
"Np2_500282",0.00907511,-0.02141523,-0.02328676,-0.00586524,-0.02804543,-0.00632894,-0.01202261,-0.01901767,0.0107414,-0.02166153,-0.0046885,-0.00131791,-0.02144109,-0.01334377,-0.02566914,0.00285389,-0.01112711,1.03211966,-0.0160986,-0.02715908,-0.00458816,-0.02295836,0.00089569,-0.01946157,-0.02017768,-0.00831297,0.00257871,0.01073378,0.01652324,-0.01374212,-0.01361894,-0.01637379,-0.00867329,-0.00123125,-0.01275844,-0.01009179,-0.02393895,-0.02058054,-0.01449621,-0.02056542,-0.014446,-0.00511418,-0.00376261,-0.00818224,-0.01756728,-0.00270901,-0.01670828,-0.00428409,-0.02259347,-0.03246197,0.00653311,-0.02862615,-0.00832057,-0.00552468,-0.01405832,-0.00990933,-0.00264821,0.00531532,-0.03379076,-0.02013816,-0.0106543,-0.03284202,-0.00482837,-0.00471435,-0.02299182,-0.00792073,-0.00019895,-0.01863301,-0.00885117,-0.01584472,-0.00870978,0.00186416,-0.02253427,-0.00511571,-0.00616626,-0.00974969,-0.00741446,0.00969542,-0.00686866,-0.03270078,-0.00235174,-0.02335974,0.00083336,0.00169083,-0.02108836,-0.01884281,0.0076171,-0.01810548,-0.00289146,-0.00017766,0.01032938,0.00409449,-0.01694394,-0.01587667,-0.01521228,0.0042222,-0.00650985,-0.01411459,0.00498084,-0.00492262
"Np2_501748",-0.02431595,-0.01238895,0.01964288,-0.005961,0.00150535,-0.00946536,-0.01667934,-0.02641096,-0.01656834,-0.01521981,-0.00387206,0.01409366,-0.03035471,-0.03654854,-0.01466641,-0.01168503,-0.01061473,-0.0160986,0.97916477,-0.01235551,-0.01198152,-0.03719311,0.40414298,-0.00906701,0.00557223,-0.02376405,-0.02685946,-0.02645806,-0.01169873,-0.00182722,-0.0027683,-0.03501754,-0.0077048,-0.01607425,-0.03793963,-0.0054745,0.00713208,-0.024173,-0.00851061,-0.01640418,0.00218189,-0.00566605,-0.0289438,-0.00402105,-0.01735892,-0.01922435,-0.02638207,-0.01958316,-0.01508752,0.01092378,-0.03476363,-0.0253771,0.01119592,-0.02082375,-0.01156949,-0.02155958,-0.01703511,-0.0256432,-0.00074323,-0.02008183,-0.01591917,-0.02016692,-0.01298187,-0.00921907,-0.01609399,-0.00908072,-0.02173135,-0.01477587,-0.02050142,-0.00256154,-0.01777548,-0.00598532,-0.00499408,0.00831947,-0.01340757,-0.02824143,-0.02012896,0.0018459,-0.01137337,-0.01880936,-0.0106573,-0.0196546,-0.00792829,-0.02516281,-0.02954587,0.01648514,-0.02242921,-0.00527837,-0.03172146,-0.00589865,4.735e-05,-0.03507383,-0.02981045,0.03024572,-0.01089904,-0.03266561,-0.01816012,-0.03230226,-0.02050446,-0.01642086
"Np2_503202",-0.02214952,-0.00277287,-0.01863146,-0.00637911,-0.01457217,-0.0095794,0.00327502,-0.0195315,0.01585274,0.00351827,-0.00885116,-0.02752536,-0.01541748,0.00666689,-0.00352999,-0.01377549,0.00341032,-0.02715908,-0.01235551,1.00098475,-0.00783862,-0.02134371,-0.01618978,-0.0034038,-0.01597848,-0.01931712,-0.0236288,-0.01942657,-0.00831601,-0.00072498,-0.0004498,-0.00639733,0.00723243,-0.0111712,-0.01205602,-0.02428865,-0.00529661,0.00216669,-0.01242548,-0.01697433,-0.01952083,-0.00289145,-0.01233423,-0.01720997,0.00031493,-0.00504728,-0.00688384,0.00021915,-0.02158696,-0.01199519,-0.0091841,-0.01849764,-0.03726461,-0.00299788,-0.01411606,0.01040537,-0.00164174,-0.01359461,-0.01104347,-0.01213812,-0.00888765,-0.00948663,-0.01461625,-0.03472268,-0.00678198,-0.01253949,0.02209215,-0.01488991,0.00583829,-0.02350412,-0.00846347,-0.00944409,-0.02152776,0.00759733,-0.01032891,-0.00296595,-0.01552998,-0.04038142,-0.02410618,-0.02850154,-0.01533234,-0.00365314,0.04182454,-0.01524266,-0.01536883,-0.02194119,-0.0231514,0.0092028,-0.00690209,-0.00388422,-0.00918866,-0.00584546,-0.00271054,-0.02064745,0.00266993,-0.01255926,0.00331455,-0.02663907,-0.0095201,-0.00726089
"Np2_504812",-0.00155508,-0.003007,-0.01263223,-0.00342053,-0.00750871,-0.01467861,-0.01869991,0.01094511,0.00664864,-0.01906477,-0.02596101,-0.00267404,-0.01002639,-0.03309595,-0.01258207,-0.01203321,-0.01658814,-0.00458816,-0.01198152,-0.00783862,1.0122247,-0.02461853,-0.01262309,-0.02735511,-0.00541825,-0.01392603,-0.0040986,-0.01753226,-0.01888842,-0.01464214,-0.01984012,-0.01514534,0.03664478,0.00547039,-0.02734147,-0.03546921,0.0048075,-0.02224071,-0.02147757,0.00285997,-0.01960294,-0.01179148,-0.02290663,-0.00847413,-0.00858511,-0.02002864,-0.01730422,-0.01293783,-0.00889828,-0.0111651,-0.00105641,-0.01477893,-0.00709213,-0.01159385,-0.0107014,-0.01658662,-0.00020351,-0.01367671,-0.01325405,0.00602379,-0.01079416,-0.0162582,-0.02290816,-0.01260792,-0.01188119,-0.00638822,0.00072542,-0.01649236,-0.00214953,-0.03103588,-0.00565694,-0.02472955,-0.01872123,-0.01270522,-0.02424605,0.00348938,-0.00542585,0.00073759,-0.00077515,0.14002188,-0.02027953,-0.01331334,-0.02682453,0.02800481,0.00051257,-0.01943874,-0.03068316,-0.02888767,-0.01428179,-0.0190176,-0.02143344,-0.01383331,-0.01297888,0.01013326,-0.03785311,-0.00610393,0.00460075,-0.02778542,-0.0196364,0.00512374
"Np2_502205",-0.00821869,-0.00480554,-0.01230229,-0.00324265,0.0069603,-0.01069987,-0.00544714,-0.01639503,-0.02114758,-0.0099169,-0.01696515,-0.00067177,-0.01562575,-0.01163336,-0.00647487,-0.00835855,-0.01260941,-0.02295836,-0.03719311,-0.02134371,-0.02461853,0.983842,-0.01457365,-0.02079179,-0.01633877,-0.01450829,-0.03402327,0.01001159,-0.01323731,-0.00366987,0.00511917,0.14618761,0.00322332,-0.0197413,-0.02473101,-0.01050984,-0.00033578,-0.01947823,0.00180942,-0.02295987,-0.01440794,-0.01191764,-0.01284656,0.00690709,-0.02665119,0.00310625,-0.0148458,-0.01808108,-0.00826429,-0.02178154,-0.01243304,-0.02676364,-0.01679638,-0.01491271,0.02003512,0.03634676,-0.03316892,-0.01456304,-0.01505257,-0.01660332,-0.02688381,0.01326204,-0.00159765,-0.01075765,-0.00364554,-0.00818677,-0.00867478,-0.02893319,-0.02340831,-0.00212368,0.01109254,-0.02515976,-0.02082381,-0.01739238,-0.00491197,-0.01290434,-0.01406588,-0.02462615,-0.00378996,-0.02536505,-0.01858127,-0.01967286,0.0028478,-0.00480859,-0.01861774,-0.00025672,-0.02138323,-0.01730723,-0.00741443,-0.01488683,-0.01669453,-0.0113749,-0.01280098,-0.02313621,-0.01304576,-0.00683822,-0.00738402,0.01100894,-0.00486331,-0.00017158
"Np2_502292",-0.01963637,-0.019872,0.00045328,-0.01481237,-0.00354519,-0.01299557,-0.01534449,-0.01580209,-0.01097656,-0.0214866,-0.01758848,-0.00342356,-0.02233039,-0.01362499,-0.0273186,-0.00518106,-0.03390922,0.00089569,0.40414298,-0.01618978,-0.01262309,-0.01457365,0.9759047,-0.01487771,-0.02258733,-0.01665194,-0.02658884,-0.00399064,-0.00519475,-0.00566149,-0.00751476,-0.02288835,-0.01974884,-0.02492562,-0.0261145,-0.00277135,-0.0018713,-0.01675683,-0.00991235,-0.02464743,0.00640536,0.00327045,-0.00799671,-0.0067911,-0.02271352,0.00369918,-0.02504722,-0.01110274,-0.02895595,-0.01373899,-0.02825966,0.018831,-8.796e-05,-0.01872873,-0.00111266,-0.01946455,-0.02451819,-0.02446038,-0.01993282,-0.02057137,-0.00272573,-0.02673777,-0.03125927,-0.01731027,-0.00761359,-0.01245889,-0.02860627,-0.00796783,-0.01414948,-0.01247713,-0.01461622,-0.00191387,0.00865548,-0.02972225,-0.01404914,-0.02082526,-0.0169697,-0.01293477,-0.02569792,-0.00546386,-0.02133307,-0.00843761,-0.00933004,-0.00862463,-0.02304189,-0.02064431,-0.00877969,0.01582078,-0.03418743,-0.00167518,-0.00697961,-0.00439658,-0.01950564,-0.00536352,-0.01610161,-0.02905025,-0.01500087,-0.02655844,-0.02388263,-0.00961282
"Np2_502215",-0.01004308,-0.01955274,-0.02036003,-0.01951019,-0.01599669,-0.02164624,-0.02308298,0.00610587,-0.00183938,-0.01584618,-0.0034342,0.0084502,-0.02946074,-0.02136346,0.03563827,-0.01748051,-0.01215329,-0.01946157,-0.00906701,-0.0034038,-0.02735511,-0.02079179,-0.01487771,0.97350222,0.01437189,-0.02682294,-0.01349879,-0.00047868,-0.01810236,-0.01765691,-0.02604756,-0.02941055,-0.01304419,-0.01989332,-0.00025368,0.01427157,-0.02922198,-0.01841398,-0.00670445,-0.00836465,-0.01532013,-0.01541439,-0.02333682,-0.00677589,-0.01859342,-0.01437752,-0.01651816,-0.02218595,-0.00948054,0.28912559,-0.02033874,0.00668358,-0.02181344,0.01199714,-0.01432431,-0.01215177,-0.01720539,-0.0259655,-0.00638668,-0.01903584,0.01827003,-0.01273555,-0.02470665,-0.02352842,0.00745287,-0.01654858,-0.01384388,-0.0258925,-0.00942126,-0.00014725,-0.00867174,-0.01801417,-0.00638062,-0.0166322,-0.01889899,0.01430956,-0.01345774,-0.0171765,-0.02537865,-0.0229325,-0.0316561,-0.01283136,-0.00232132,0.02848668,-0.00478273,-0.02747058,-0.02016695,-0.02886174,-0.03903727,-0.01443072,-0.01912704,-0.00088461,-0.01584163,-0.0158386,-0.02277586,-0.0016691,-0.01498567,0.00036662,-0.01413731,-0.01932772
"Np2_503578",-0.00330954,-0.01403548,-9.556e-05,-0.01262463,-0.00044524,0.04042738,-0.01270065,-0.02608108,-0.00407579,-0.02416394,-0.01707311,-0.01446267,-0.00874017,-0.03986747,0.00284325,-0.02701453,-0.00040267,-0.02017768,0.00557223,-0.01597848,-0.00541825,-0.01633877,-0.02258733,0.01437189,0.99457409,0.0034757,-0.01451895,-0.02704038,-0.0011826,-0.00864289,-0.02022626,-0.01507539,-0.01421638,-0.02304196,-0.00507465,-0.01137796,-0.02005597,-0.02141059,-0.00483596,-0.02169953,-0.01132321,-0.00959307,0.00468132,-0.01326926,-0.02888763,-0.00779604,-0.01084887,-0.01180364,0.0088075,0.00532441,-0.0020507,-0.01258051,-0.01933687,-0.00483444,-0.02036157,0.00142325,-0.02187436,-0.00874169,-0.01531256,-0.01640721,-0.00905184,-0.0113232,-0.00337796,0.03717693,-0.00101689,-0.00677438,-0.01273558,-0.01855087,-0.01211377,-0.01530648,-0.0033065,-0.00352695,-0.01500246,0.0045445,-0.0086687,-0.0130123,-0.00444371,-0.00466569,-0.01165161,-0.04052435,0.0038117,-0.0348321,0.00273986,-0.02057598,0.01213703,-0.00477362,-0.0169302,6.863e-05,-0.01299558,-0.00541671,0.00174556,-0.01072269,-0.01944637,-0.01427419,-0.00646424,-0.01089904,-0.00627571,-0.02604308,-0.02519167,-0.01016167
"Np2_501253",-0.01257748,-0.00460334,-0.00647487,-0.01125024,-0.01868314,-0.00152771,-0.01223846,-0.0183213,0.01508646,-0.0015049,-0.00536046,-0.00776713,-0.00219666,-0.0001807,-0.01159382,-0.02107914,-0.00328522,-0.00831297,-0.02376405,-0.01931712,-0.01392603,-0.01450829,-0.01665194,-0.02682294,0.0034757,0.98622319,0.03657027,-0.01654401,-0.01561967,-0.01456609,-0.00623313,-0.0164376,-0.01314606,-0.00524797,-0.0047645,-0.01851744,-0.0011978,0.00961022,0.00216366,-0.00679416,-0.02119926,-0.01825286,-0.0243509,-0.0052054,-0.01230991,-0.00702978,-0.02361356,-0.00434792,0.00957374,-0.01412972,0.01939203,-0.01227035,-0.03240561,-0.00482835,-0.00423997,-0.01088535,-0.02855774,-0.01572914,0.00126514,-0.01305639,-0.01208641,-0.0117732,-0.0080849,0.00632024,-0.01058889,-0.01026506,-0.01820267,0.02569685,-0.0116516,-0.00268164,-0.01667932,-0.00428104,-0.00663452,-0.01034868,-0.00410163,-0.01695908,-0.00915065,0.00233393,-0.01742278,-0.02288235,-0.02202787,-0.00335515,-0.0196029,-0.01357636,-0.01263829,-0.02726841,0.00405646,-0.01011151,-0.0236318,-0.01103584,-0.02196552,-0.0202947,-0.02156874,-0.01335591,-0.02014115,0.02361858,-0.00611759,-0.02025972,-0.03978073,0.00322333
"Np2_500080",-0.01992982,-0.00541825,-0.01945243,-0.01860259,-0.01326469,0.00115416,-0.01016474,-0.01427114,-0.00412444,-0.00262387,-0.00313471,-0.02895447,0.01097551,-0.0206079,-0.02168276,-0.01961357,-0.01215788,0.00257871,-0.02685946,-0.0236288,-0.0040986,-0.03402327,-0.02658884,-0.01349879,-0.01451895,0.03657027,0.99888638,-0.01006133,-0.02342812,-0.02435098,-0.0110009,-0.02105334,-0.01715367,0.01598198,-0.00481924,-0.00853798,-0.01523957,-0.0051917,-0.01050986,-0.03330275,-0.01790927,-0.02393284,-0.016804,-0.01666265,-0.00339469,-0.01316585,-0.02412442,-0.01747753,-0.02012744,-0.02361052,-0.02399214,-0.0261601,-0.02303432,0.00317468,-0.00748741,-0.01230839,-0.01857829,-0.01152695,-0.00213432,-0.01098266,-0.00803626,-0.02566294,-0.01634943,0.00124841,-0.01201193,-0.0208101,-0.02753144,0.34916883,-0.0083616,-0.00228028,-0.01795034,-0.02014724,-0.02843008,-0.02013356,-0.02072799,-0.00074627,-0.03064208,-0.00881925,-0.0136767,-0.00788577,0.00330695,-0.01922134,-0.01920156,0.00263648,-0.01284506,-0.01926541,-0.02017155,-0.00028408,-0.01745319,-0.02203695,-0.01897961,-0.00925101,-0.02785686,0.00483336,-0.03615942,0.0082085,-0.00024303,-0.0140811,-0.00942887,-0.03210311
"Np2_502611",-0.00934221,-0.01413886,-0.01296972,-0.00877513,-0.00146082,-0.00756647,-0.01097962,-0.0117413,-0.01892638,-0.01347295,-0.01139922,-0.00149122,-0.03529731,-0.00986825,-0.01839274,-0.01115443,0.00116631,0.01073378,-0.02645806,-0.01942657,-0.01753226,0.01001159,-0.00399064,-0.00047868,-0.02704038,-0.01654401,-0.01006133,0.98250695,-0.01040797,-0.01224302,-0.02063369,-0.03843981,0.09088699,0.00513286,-0.01156341,-0.0076805,-0.01711868,-0.01710499,-0.01542964,0.00328263,-0.01416316,-0.00787204,-0.01807498,-0.01793362,-0.02245356,-0.01261244,0.00637953,-0.01038668,-0.01835775,-0.02427335,-0.00762727,-0.00386598,-0.02719391,-0.00478578,-0.01316735,-0.02467778,-0.03718107,-0.02617685,-0.02697044,-0.01970327,0.01228146,-0.01568348,0.00290405,-0.00747221,-0.01708373,-0.01736805,-0.01876823,-0.02990467,-0.01069682,-0.00066265,-0.01785301,-0.00773522,-0.01069686,-0.02505333,-0.0005623,-0.01615633,0.01004809,-0.02149275,-0.02376559,-0.00718032,0.00705304,-0.01167439,-0.00283671,0.03602907,-0.01031522,-0.01627946,0.0053153,-0.010373,-0.00352086,0.00816286,-0.01264893,-0.00580897,-0.01255621,-0.02015484,-0.01249691,-0.00598532,-0.00592298,0.01292607,-0.00933157,0.00448216
"Np2_502572",-0.01480327,-0.01473484,-0.01660638,-0.01149959,0.00736928,0.00202379,0.01031721,-0.01492185,-0.00523125,-0.00798761,-0.01351554,-0.01759457,-0.01369646,-0.02019437,-0.02370177,-0.01524718,-0.00520692,0.01652324,-0.01169873,-0.00831601,-0.01888842,-0.01323731,-0.00519475,-0.01810236,-0.0011826,-0.01561967,-0.02342812,-0.01040797,1.00305879,0.00099604,-0.00785078,-0.01121376,-0.01020273,-0.01142662,-0.00881467,-0.00873258,-0.02394802,-0.02743111,-0.00599143,-0.02437534,-0.02008032,-0.0046672,-0.01487014,-0.03935821,-0.01119096,-0.01153605,-0.02568732,0.0002678,-0.02032205,-0.02152464,-0.00746309,0.00253157,-0.01760369,-0.02073713,-0.01421944,0.00376456,-0.00949884,0.00302568,-0.00324113,0.00204963,-0.00199749,-0.01080629,-0.02156113,-0.01369342,-0.0093179,-0.00154444,-0.01662764,-0.02837222,-0.01433348,-0.00353912,-0.02012137,-0.01897354,0.00041375,-0.0250412,-0.0108884,-0.01781656,0.04289947,0.07095584,-0.01630384,-0.01172918,-0.01954063,-0.01987205,0.0056893,-0.01884282,-0.01395188,-0.01413886,-0.00212216,0.01214009,-0.01278273,-0.01903887,-0.01066035,-0.00564478,-0.01756117,-0.01223696,-0.01354901,-0.02376108,-0.0062149,-0.00591388,0.00314731,-0.01101307
"Np2_501108",0.0052545,-0.00562349,-0.0146406,-0.02412903,-0.0209196,-0.02018375,-0.00884966,-0.01386828,0.00980941,-0.0090625,-0.0085091,-0.02018979,-0.02115676,0.0012317,0.07799795,-0.0192107,-0.01814041,-0.01374212,-0.00182722,-0.00072498,-0.01464214,-0.00366987,-0.00566149,-0.01765691,-0.00864289,-0.01456609,-0.02435098,-0.01224302,0.00099604,1.01596223,-0.00983785,-0.00301461,0.00346962,-0.00824457,0.00212109,-0.01892949,0.00872845,-0.02607347,-0.00311343,-0.01283144,0.00438638,-0.01015105,-0.0002856,-0.02158096,0.00232938,-0.01017841,-0.01840038,-0.02011532,-0.00421719,-0.0069401,-0.02191691,-0.02682148,0.00123777,-0.02682914,-0.01711874,-0.00399978,-0.01483068,-0.0076273,0.0089109,0.00219103,0.00255286,-0.01902672,-0.01822706,-0.00883901,-0.02194732,-0.03409025,-0.01861472,-0.01530802,-0.02361816,0.00481208,-0.0085775,-0.01822404,-0.00643842,-0.00498344,-0.01181125,-0.00201574,0.00168779,-0.00233502,-0.01692262,-0.01538865,-0.02897737,-0.00422327,-0.01727836,-0.0162689,-0.0078812,-0.02327151,0.01976,-0.01858132,-0.00123885,-0.02589102,-0.03606058,-0.01280101,-0.01529132,-0.02000133,-0.00626204,-0.02346767,-0.01671585,-0.00683672,-0.00476907,-0.01132779
"Np2_501085",-0.01377853,-0.01827111,-0.0052434,0.02023584,-0.01410693,0.00015985,-0.01070292,-0.02864434,-0.01849764,-0.01775724,-0.01629164,0.00760339,-0.01008717,0.00150687,0.00772958,-0.0084452,-0.00752694,-0.01361894,-0.0027683,-0.0004498,-0.01984012,0.00511917,-0.00751476,-0.02604756,-0.02022626,-0.00623313,-0.0110009,-0.02063369,-0.00785078,-0.00983785,0.98184399,-0.00228332,-0.00659345,-0.02484506,-0.01402331,0.00217429,0.00505075,-0.00649006,-0.02609934,-0.01514079,0.020625,-0.00546688,0.00318227,-0.02343419,-0.00226051,-0.01963332,-0.02253412,-0.01907993,-0.00819891,0.00367334,-0.00202942,-0.02076899,-0.01825133,-0.01347903,-0.01365082,-0.01710349,-0.01166682,-0.02194728,-0.00905791,-0.021403,-0.01435171,-0.00871734,0.02218488,-0.0144931,-0.01543873,-0.00508072,-0.01347445,-0.02111413,-0.00357863,-0.02805596,0.01191809,0.00592039,-0.01878199,-0.01884733,-0.02628324,-0.00949425,-0.01521677,-0.0206079,-0.00950185,0.00753956,0.01158666,-0.02249611,0.00595383,-0.02207501,-0.02524183,-0.01037754,-0.01538856,-0.0078158,0.00496562,-0.00433119,-0.02453487,-0.01739085,-0.00498191,-0.01850983,0.00115871,-0.01878347,-0.01659266,-0.00428103,0.00356387,-0.0023867
"Np2_502240",-0.00938783,-0.00551858,-0.00875841,-0.01657446,-0.00697963,-0.00928445,0.00144149,0.00873757,-0.0162354,-0.01534297,-0.01053264,0.01412256,-0.00706477,0.03493595,-0.02071886,0.02011875,-0.00420046,-0.01637379,-0.03501754,-0.00639733,-0.01514534,0.14618761,-0.02288835,-0.02941055,-0.01507539,-0.0164376,-0.02105334,-0.03843981,-0.01121376,-0.00301461,-0.00228332,0.99214728,-0.02363939,-0.01042015,-0.01039278,-0.00529358,-0.01746836,-0.0083327,-0.01289069,-0.01333464,-0.01436082,-0.01612744,-0.02876291,-0.02649311,-0.02538782,-0.0207158,-0.01799138,-0.009064,-0.02995788,-0.02097426,-0.00463223,-0.0140978,-0.0266314,-0.01836236,-0.00758775,-0.00419894,-0.01457371,-0.02439808,-0.02868844,-0.0183806,-0.02729279,0.01452544,-0.01827416,-0.01435933,-0.00846347,-0.00677134,-0.01516507,-0.01398683,-0.00815788,0.00278851,-0.00375956,-0.0135581,-0.00162046,-0.0038143,-0.01444293,-0.01893855,-0.01949195,-0.0171294,0.00157832,-0.02911878,-0.02142279,-0.01445661,-0.00896364,0.02929401,-0.02982108,0.01970673,-0.01388648,-0.00236086,-0.00630307,-0.01149499,0.00418114,-0.01558471,-0.01974739,-0.00013205,-0.03200281,-0.0150009,-0.00824909,-0.00232284,-0.00709668,0.00458858
"Np2_501690",0.01199562,-0.00633195,0.00775998,-0.00507313,-0.01372228,0.01194698,-0.00742964,-0.01366451,-0.01431217,-0.01478803,-0.00830534,-0.01147217,-0.01061473,-0.00358168,-0.00070369,0.00395003,-0.02857895,-0.00867329,-0.0077048,0.00723243,0.03664478,0.00322332,-0.01974884,-0.01304419,-0.01421638,-0.01314606,-0.01715367,0.09088699,-0.01020273,0.00346962,-0.00659345,-0.02363939,0.97774761,-0.01275385,-0.00421261,-0.01553301,-0.02132237,-0.00169646,-0.02176182,-0.00852277,0.00170147,0.00449583,-0.00464286,-0.01271127,-0.01859951,-0.02259339,-0.01546002,-0.02219204,-0.0172403,-0.0161624,-0.02460175,-0.02570549,-0.02850898,-0.01659115,-0.02299628,-0.0206717,-0.02192451,-0.00924796,0.01078696,-0.01584923,-0.02035245,-0.01471807,0.00356539,-0.01562878,0.00592646,-0.018075,-0.01248167,-0.02164167,-0.01490052,-0.00897125,-0.02312095,-0.01695604,-0.00790704,-0.01010086,0.01013321,-0.01458279,-0.03733301,-0.00669229,-0.02310423,-0.01229624,-0.00612063,0.01908949,-0.01540223,-0.02533916,-0.00570102,-0.01303355,-0.00451363,-0.00788726,-0.01897501,-0.0399783,-0.01974125,-0.029777,-0.01447942,0.00984893,0.00397589,-0.00821261,-0.01088686,-0.01256228,-0.00456532,-0.01948584
"Np2_500581",-0.00017462,-0.01622174,-0.02295834,-0.03001425,-0.01236163,-0.01998762,0.00290102,0.00594017,-0.00945474,0.00420851,-0.00724874,-0.03094005,-0.0130549,-0.01605604,-0.01606667,-0.01019664,0.006077,-0.00123125,-0.01607425,-0.0111712,0.00547039,-0.0197413,-0.02492562,-0.01989332,-0.02304196,-0.00524797,0.01598198,0.00513286,-0.01142662,-0.00824457,-0.02484506,-0.01042015,-0.01275385,1.01422575,-0.0058926,-0.0053544,-0.01707311,-0.02420499,-0.00048477,0.00013553,-0.01320538,-0.02561435,-0.01468468,0.00963003,-0.00811685,-0.02016852,0.00079992,-0.01931107,-0.00614952,-0.0178424,-0.02901839,-0.00473257,6.559e-05,-0.00960526,-0.01905107,-0.00882076,-0.01022557,-0.0284118,-0.02631676,-0.00551859,0.00852627,-0.02886479,-0.01331791,0.01659468,-0.01840647,0.00502644,-0.00443154,-0.00401346,-0.01734071,-0.00700243,-0.02738554,0.00812185,-0.02585466,-0.01086866,-0.00188499,-0.01823923,-0.00708606,-0.01278126,0.00166955,-0.02066574,-0.0195072,0.03458934,-0.00811227,-0.01592075,-0.01346234,-0.01684202,-0.00467328,-0.01473639,0.01765738,-0.01611681,-0.01275538,-0.01366911,-0.01980824,0.00999339,-0.00910659,-0.0185585,-0.01347905,0.01494815,-0.0126307,-0.03196023
"Np2_502113",-0.01352618,-0.01224149,-0.01517726,-0.01417538,-0.02115218,-0.01311873,-0.01029853,-0.0119724,-0.00836313,0.00590824,-0.01679946,-0.00613128,-0.01393971,-0.02150186,-0.0019002,-0.02248395,-0.01122743,-0.01275844,-0.03793963,-0.01205602,-0.02734147,-0.02473101,-0.0261145,-0.00025368,-0.00507465,-0.0047645,-0.00481924,-0.01156341,-0.00881467,0.00212109,-0.01402331,-0.01039278,-0.00421261,-0.0058926,0.99892288,0.00577141,-0.02084655,-0.02128896,-0.02387056,-0.00850302,0.0024814,0.01546199,0.0174217,-0.00934679,-0.02496518,-0.00965084,-0.02091347,-0.00940151,-0.02314985,0.00210132,-0.00861854,-0.00850602,-0.01754288,-0.01869987,0.00666992,0.00184894,-0.0165836,-0.01454937,0.00502948,-0.00868392,-0.01227495,-0.01485036,-0.01876372,0.00734799,-0.01822704,0.0023172,-0.00698874,-0.00094543,-0.01837755,-0.00636693,-0.02553375,0.00024348,-0.00667101,-0.01525024,0.00255134,-0.01015408,-0.00721072,-0.01670675,-0.01061779,-0.00209024,-0.00138784,-0.014186,-0.02389634,-0.02592757,-0.00659347,-0.018487,-0.00342965,-0.00087397,-0.0016235,-0.00955201,-0.00026128,-0.00497583,-0.00351327,0.00804431,-0.00938329,-0.00636845,-0.01786064,-0.01391083,-0.00211304,-0.02433117
"Np2_502936",-0.00325786,-0.01231144,-0.02011227,-0.00177857,-0.01103589,-0.01790172,-0.01477745,0.01243503,-0.0186193,0.00811881,-0.0155011,-0.01729963,-0.00914459,-0.00880099,-0.01200433,0.0113495,-0.01114534,-0.01009179,-0.0054745,-0.02428865,-0.03546921,-0.01050984,-0.00277135,0.01427157,-0.01137796,-0.01851744,-0.00853798,-0.0076805,-0.00873258,-0.01892949,0.00217429,-0.00529358,-0.01553301,-0.0053544,0.00577141,1.0100351,0.00219254,-0.02774431,-0.00904122,-0.01708685,-0.02343418,-0.02626505,0.00336472,0.00289798,-0.01576109,-0.00637606,-0.00030689,-0.01418449,-0.00725633,-0.01514837,0.00332215,-0.01541746,-0.02688686,-0.01238442,0.01587401,-0.01236008,-0.01422102,0.00012793,-0.01541292,-0.02654177,-0.00732779,-0.0378773,-0.0135125,-0.01643916,-0.00157333,-0.01113167,-0.02256606,-0.01697886,-0.01175803,0.01013476,-0.01572154,-0.01578998,-0.01601502,-0.02505034,-0.02762119,-0.01235249,-0.02263603,-0.02422636,-0.0251309,0.00620168,-0.02061399,-0.02018525,-0.00709061,-0.00760146,0.00230657,-0.00426583,-0.01262159,-0.00520085,-0.01932929,-0.00855772,-0.00367595,-0.01599218,-0.02669231,-0.02760148,-0.00276375,0.01226172,0.00152968,0.04151144,-0.00385534,0.00661367
"Np2_503153",-0.01695297,0.00607242,-0.00887394,-0.0007265,-0.02305863,-0.01228861,-0.0149416,0.00086833,0.00204506,-0.01424222,-0.00882377,-0.02886623,0.00239778,-0.00850907,0.00531529,0.0016072,-0.00994121,-0.02393895,0.00713208,-0.00529661,0.0048075,-0.00033578,-0.0018713,-0.02922198,-0.02005597,-0.0011978,-0.01523957,-0.01711868,-0.02394802,0.00872845,0.00505075,-0.01746836,-0.02132237,-0.01707311,-0.02084655,0.00219254,0.97275715,-0.03216534,-0.00510049,0.00251334,-0.00383405,-0.0182194,-0.0116987,-0.03314605,-0.01501305,-0.01505407,-0.01263371,-0.00218601,-0.00346764,-0.01668082,-0.01539006,-0.02728814,-0.03069976,0.00812791,-0.011048,0.0043514,0.00902796,-0.01508754,0.00297094,-0.02412134,0.00923166,-0.01037145,0.01505756,-0.01249842,0.00464787,-0.00749501,-0.02394645,-0.02185603,-0.01724335,-0.01344253,-0.01254097,-0.01200127,-0.03457521,-0.01442012,-0.00938933,-0.01175648,-0.01869527,-0.00462616,-0.01328442,-0.02360905,-0.0067911,-0.01320384,-0.02002554,-0.02631368,0.00457489,0.0104692,-0.02251586,-0.01737564,-0.01584465,0.00982609,0.00376151,-0.00201726,-0.00617992,-0.01575498,-0.01448246,-0.01922131,0.01732893,-0.00897581,0.01468052,-0.01544328
"Np2_503540",0.00814615,-0.01094159,-0.02497575,-0.01530799,-0.02076446,-0.02884653,-0.01751248,-0.0097603,0.00221079,0.01176909,-0.00044828,-0.01197692,-0.01476827,-0.00575879,-0.02446949,-0.01981573,-0.01783325,-0.02058054,-0.024173,0.00216669,-0.02224071,-0.01947823,-0.01675683,-0.01841398,-0.02141059,0.00961022,-0.0051917,-0.01710499,-0.02743111,-0.02607347,-0.00649006,-0.0083327,-0.00169646,-0.02420499,-0.02128896,-0.02774431,-0.03216534,0.97476124,-0.00979984,0.00146278,-0.01674316,0.00779191,-0.00727608,-0.01519245,-0.02016849,-0.0127599,-0.00714685,0.00269272,-0.00345397,-0.01119396,0.01807085,-0.00735817,0.00595382,-0.0139032,-0.0090579,-0.02132849,0.00311234,-0.03423002,0.11761747,-0.00327913,0.0016437,-0.02373665,-0.01639957,-0.01628556,0.01515183,-0.02329276,-0.00629698,0.05919121,-0.00704346,-0.02391912,-0.01982487,-0.00681847,-0.00354672,-0.03523497,-0.01089598,-0.02147292,0.00214693,-0.02331257,0.00831795,-0.01204083,-0.01377093,-0.03325851,-0.00328825,-0.01839427,-0.01350334,-0.01217001,-0.00319399,-0.01873025,-0.01370251,-0.01068463,-0.00656304,-0.01264589,-0.00844674,-0.01847789,-0.01963791,-0.02103203,-0.02613879,-0.00637757,-0.00218145,0.03200467
"Np2_501111",-0.00446957,0.00168019,-0.02162805,-0.00603095,-0.00327762,-0.01500852,-0.02374288,-0.03088995,-0.02454406,-0.02836467,-0.00378997,-0.02763334,0.01913821,-0.03418604,0.02205571,0.00177597,0.0160732,-0.01449621,-0.00851061,-0.01242548,-0.02147757,0.00180942,-0.00991235,-0.00670445,-0.00483596,0.00216366,-0.01050986,-0.01542964,-0.00599143,-0.00311343,-0.02609934,-0.01289069,-0.02176182,-0.00048477,-0.02387056,-0.00904122,-0.00510049,-0.00979984,1.01734289,0.00800328,-0.02114913,0.01737307,-0.00620882,-0.01883826,-0.0137801,-0.00697963,-0.00957637,-0.01813281,0.05781848,-0.02183328,-0.02099862,-0.02483897,-0.00498951,-0.012988,-0.02456229,-0.01874094,-0.00722291,-0.00670902,-0.01951327,-0.01102981,-0.02906403,-0.01886862,-0.02855925,-0.01354597,-0.02194125,0.00164371,0.00282804,-0.00952468,-0.00232741,-0.01874702,-0.00568278,0.01294892,-0.01418606,-0.00132855,-0.02411988,-0.0090032,-0.02111115,-0.00673792,-0.02026128,0.01289573,0.02454451,-0.0233734,-0.00967062,-0.01383028,-0.01486865,0.00668512,-0.02477971,0.01122334,-0.0036653,-0.0082491,-0.01507389,-0.02206898,-0.00281848,-0.02607659,-0.00382342,-0.01403552,-0.01807807,-0.02355434,-0.02285495,-0.01740304
"Np2_501725",-0.00719401,0.00093219,-0.00671662,-0.00905947,0.00068742,-0.01575655,-0.0010777,-0.00837683,-0.00841636,-0.01588576,-0.02506252,-0.00177553,0.01048446,-0.00635175,-0.01168356,-0.0147835,-0.01112863,-0.02056542,-0.01640418,-0.01697433,0.00285997,-0.02295987,-0.02464743,-0.00836465,-0.02169953,-0.00679416,-0.03330275,0.00328263,-0.02437534,-0.01283144,-0.01514079,-0.01333464,-0.00852277,0.00013553,-0.00850302,-0.01708685,0.00251334,0.00146278,0.00800328,1.02785906,-0.02737036,0.0017258,-0.00893326,-0.00453494,-0.02243387,-0.02399522,-0.00333083,-0.01842473,-0.01803398,-0.00448933,-0.00760754,-0.01555279,-0.01029852,-0.00354976,0.00524842,-0.02937114,-0.00264973,-0.00852126,-0.01798079,0.0014491,0.00941263,-0.00441331,0.00444416,0.00121345,-0.01402335,-0.00472954,-0.00688993,-0.02988502,-0.0188869,-0.02055927,-0.00141369,-0.00452278,-0.010069,-0.00785384,-0.01468165,-0.00047717,-0.01638596,-0.0185844,0.00012337,0.00089722,-0.02911118,-0.00116436,0.00083184,-0.02035558,-0.02200207,-0.02173295,-0.01169268,-0.00153532,-0.00714992,-0.01021337,-0.0153658,-0.00913396,-0.01056005,-0.01983107,-0.00654788,-0.02618605,-0.01852202,0.00458403,-0.0155452,-0.01161362
"Np2_501050",-0.00472345,-0.00891195,-0.01473634,-0.01723123,-0.0117413,-0.00933309,-0.00499255,-0.0253665,-0.01157102,-0.03196322,-0.01270974,0.00784055,-0.01912403,-0.00160069,-0.00860485,-0.02067473,-0.02979065,-0.014446,0.00218189,-0.01952083,-0.01960294,-0.01440794,0.00640536,-0.01532013,-0.01132321,-0.02119926,-0.01790927,-0.01416316,-0.02008032,0.00438638,0.020625,-0.01436082,0.00170147,-0.01320538,0.0024814,-0.02343418,-0.00383405,-0.01674316,-0.02114913,-0.02737036,0.98064579,-0.01556795,0.00737229,-0.00738556,0.00466611,0.01055435,-0.02366524,-0.02522814,-0.02042844,-0.02284728,0.00520127,-0.01186594,-0.01147674,0.00971514,-0.00185914,-0.00972077,-0.03119399,-0.01988571,-0.0247842,0.00163914,-0.02886175,0.00550685,0.00083336,-0.02793891,-0.00440722,-0.01959077,-0.03436984,-0.00445738,-0.0320757,0.07632384,-0.00365617,-0.0253133,0.04135637,-0.04187123,-0.00612975,0.01658854,0.00098388,-0.0074479,0.00457034,-0.04102602,-0.0080925,-0.01146459,0.01470485,-0.01636464,-0.02378839,-0.01150866,-0.01119853,0.02343613,-0.0141054,0.03421823,-0.01745621,-0.01487318,-0.02952615,-0.03925325,0.00078775,-0.01033651,-0.01073027,-0.00845283,-0.00410467,-0.01461623
"Np2_500615",-0.00208111,-0.01265501,0.00417353,-0.01504499,-0.01898113,-0.00486636,-0.01238441,-0.0021997,-0.02017913,-0.01533384,-0.00505032,-0.01110578,-0.03077281,-0.0124893,-0.01417231,-0.01438361,-0.01574584,-0.00511418,-0.00566605,-0.00289145,-0.01179148,-0.01191764,0.00327045,-0.01541439,-0.00959307,-0.01825286,-0.02393284,-0.00787204,-0.0046672,-0.01015105,-0.00546688,-0.01612744,0.00449583,-0.02561435,0.01546199,-0.02626505,-0.0182194,0.00779191,0.01737307,0.0017258,-0.01556795,0.98501891,-0.01431064,-0.00671965,-0.00455013,-0.00671964,-0.00247488,-0.00753454,-0.00471128,-0.01792446,-0.00994426,-0.0022301,-0.02130112,-0.0131841,-0.0157884,-0.00297354,-0.01228408,-0.02940604,-0.00496214,-0.01776333,-0.01314457,-0.00203702,0.0007391,-0.0065965,-0.01271126,-0.0177086,0.00217581,-0.00546385,-0.01134144,-0.01134145,-0.00527076,-0.02267097,-0.02517653,-0.01247107,-0.02477203,-0.02060178,-0.01355353,0.00021154,-0.00342965,-0.02318033,-0.0010412,-0.01110275,-0.01047485,-0.02269227,0.0034833,0.01363453,-0.01904648,0.01634835,-0.00705411,-0.02060782,-0.02028706,-0.0032609,-0.03022855,-0.00650832,-0.00918867,-0.0219853,0.00939586,0.00194321,-0.0192502,-0.00163565
"Np2_503582",-0.02064588,0.00207548,-0.03141893,-0.01947068,-0.02006207,0.00241451,-0.00206287,-0.00236846,-0.00210391,-0.02751321,0.0084639,-0.00124037,-0.00479187,-0.01128976,-0.00263452,-0.00710275,-0.01834712,-0.00376261,-0.0289438,-0.01233423,-0.02290663,-0.01284656,-0.00799671,-0.02333682,0.00468132,-0.0243509,-0.016804,-0.01807498,-0.01487014,-0.0002856,0.00318227,-0.02876291,-0.00464286,-0.01468468,0.0174217,0.00336472,-0.0116987,-0.00727608,-0.00620882,-0.00893326,0.00737229,-0.01431064,0.98270462,0.00116935,0.00835596,-0.01175344,0.01833692,0.01099677,0.03677698,-0.01049157,-0.02318786,-0.00179073,-0.01493246,-0.00179833,-0.00440265,-0.00648703,0.00867981,-0.0190845,0.00201466,-0.00941823,-0.01270519,-0.01452043,-0.00216625,-0.01664741,-0.0251947,0.00416745,0.02085913,-0.02965382,-0.00831751,-0.01455087,-0.00787204,0.00285388,-0.00831754,0.00849279,-0.01460254,-0.02229087,-0.02025971,-0.00710278,-0.01925781,-0.02562959,-0.03146456,-0.02039349,0.00623205,-0.03441555,-0.02192294,-0.01070745,-0.02301606,-0.0218287,-0.01923348,-0.01560746,-0.0139184,-0.0206094,0.00259391,-0.00470065,-0.01072573,0.00308345,-0.02315592,-0.03334521,-0.02078725,-0.01928821
"Np2_502585",-0.01062236,-0.02469304,-0.00193516,-0.01051138,-0.00562958,-0.00763033,-0.01910128,-0.02624835,-0.02461551,-0.0124726,-0.00979073,0.00407015,0.00295119,-0.00400282,0.01179801,-0.01638744,0.00277483,-0.00818224,-0.00402105,-0.01720997,-0.00847413,0.00690709,-0.0067911,-0.00677589,-0.01326926,-0.0052054,-0.01666265,-0.01793362,-0.03935821,-0.02158096,-0.02343419,-0.02649311,-0.01271127,0.00963003,-0.00934679,0.00289798,-0.03314605,-0.01519245,-0.01883826,-0.00453494,-0.00738556,-0.00671965,0.00116935,1.01142185,-0.00305717,-0.01754138,-0.01284052,0.00399262,0.01867446,-0.0012282,-0.02091805,-0.0119876,-0.0038447,-0.01625216,-0.0139914,0.00019179,-0.03830924,0.05388089,-0.02475385,-0.03405831,0.00568019,-0.00069609,-0.0112989,-0.00951251,-0.00437682,-0.02062464,-0.01153453,-0.01810999,-0.01030459,-0.02778844,-0.00499407,-0.0400302,-0.00209481,-0.0004878,-0.01947829,0.00856122,0.01150458,-0.02870222,-0.01850832,0.00050953,-0.0252419,-0.0073293,-0.0176478,-0.02682459,-0.0158523,-7.579e-05,-0.01132018,-0.01575805,-0.03034259,0.04428289,0.00629136,-0.02305263,-0.00745095,-0.01428942,-0.02183484,-0.00817765,-0.01100395,-0.0123753,-0.02049387,0.00076951
"Np2_503976",-0.01042927,0.00043351,-0.01679338,-0.01822403,-0.01243003,-0.01868772,-0.01830006,0.00161482,-0.01469228,0.00733279,0.02993102,-0.00060183,-0.02194124,-0.0013772,-0.01826354,-0.01969111,0.01254601,-0.01756728,-0.01735892,0.00031493,-0.00858511,-0.02665119,-0.02271352,-0.01859342,-0.02888763,-0.01230991,-0.00339469,-0.02245356,-0.01119096,0.00232938,-0.00226051,-0.02538782,-0.01859951,-0.00811685,-0.02496518,-0.01576109,-0.01501305,-0.02016849,-0.0137801,-0.02243387,0.00466611,-0.00455013,0.00835596,-0.00305717,1.00329295,-0.01537186,-0.0088466,-0.01421033,-0.01153909,-0.01213354,-0.02543798,-0.00875385,-0.01110124,-0.00921757,-0.01835931,-0.00660866,-0.00162806,-0.01510126,-0.00388423,-0.00163414,-0.00780973,-0.01829087,-0.0170351,-0.00947146,-0.00235934,-0.00522821,-0.00526013,-0.0215657,0.02211954,0.01010891,-0.01149045,-0.01916055,-0.02090594,-0.00683216,0.00884095,-6.364e-05,-0.0287432,-0.01360983,-0.0154266,-0.00826738,-0.01425443,-0.01458585,-0.00742052,-0.00519476,0.00243276,-0.01979906,-0.00854253,-0.01480479,0.00694662,-0.00949576,-0.00871888,-0.00020655,-0.02261324,-0.01820123,0.00496411,-0.00327154,0.00348026,-0.01613509,-0.01878044,-0.02245053
"Np2_500806",-0.01715976,0.00312906,-0.02808485,-0.00929509,-0.02068085,-0.02982716,-0.00739468,0.02346654,0.00351066,-0.00699938,0.01042969,0.01136771,-0.01225214,-0.02543949,-0.01967286,-0.00164021,-0.01698948,-0.00270901,-0.01922435,-0.00504728,-0.02002864,0.00310625,0.00369918,-0.01437752,-0.00779604,-0.00702978,-0.01316585,-0.01261244,-0.01153605,-0.01017841,-0.01963332,-0.0207158,-0.02259339,-0.02016852,-0.00965084,-0.00637606,-0.01505407,-0.0127599,-0.00697963,-0.02399522,0.01055435,-0.00671964,-0.01175344,-0.01754138,-0.01537186,0.98435595,-0.00143801,-0.01288307,-0.01477282,-0.0164315,-0.01757327,0.01629055,-0.01889596,-0.03343187,-0.01368731,-0.01729202,-0.0030374,-0.01255772,-0.0090944,-0.0200712,-0.02731102,-0.02076442,-0.01129888,-0.00966453,-0.01562726,-0.00846195,-0.01959225,-0.01126847,-0.02003469,-0.01623387,0.00747264,-0.01099178,-0.01516968,-0.01462689,0.07630255,-0.00922667,-0.00749958,-0.00939392,-0.01911643,-0.02852887,0.01823964,-0.01310655,-0.02418518,-0.01557407,-0.01630837,-0.01284656,0.00737991,0.0049185,-0.00920994,-0.01394574,0.00811575,-0.01590701,-0.01444446,0.00213021,-0.00511114,-0.0134988,-5.755e-05,-0.01830457,-0.00620272,-0.00668011
"Np2_502746",7.82e-06,0.00706976,-0.00924492,0.01319367,-0.0127873,0.0188113,-0.01211989,-0.00756039,0.01140423,-0.0209986,-0.00068089,0.00344985,-0.00238214,-0.00994427,0.01741107,-0.01624755,-0.0043829,-0.01670828,-0.02638207,-0.00688384,-0.01730422,-0.0148458,-0.02504722,-0.01651816,-0.01084887,-0.02361356,-0.02412442,0.00637953,-0.02568732,-0.01840038,-0.02253412,-0.01799138,-0.01546002,0.00079992,-0.02091347,-0.00030689,-0.01263371,-0.00714685,-0.00957637,-0.00333083,-0.02366524,-0.00247488,0.01833692,-0.01284052,-0.0088466,-0.00143801,0.99360701,-0.02262536,-0.01539312,-0.02328516,-0.00891957,-0.00743875,0.00435293,0.00988542,-0.002297,-0.0104627,-0.0022894,-0.01485039,-0.00804234,0.00074518,-0.00740684,-0.01758391,-0.01693627,-0.01545397,-0.03145088,-0.021701,-0.01747597,-0.02541972,-0.01305334,-0.01335742,-0.00059727,0.01195308,-0.02247948,-0.01600737,-0.00459118,-0.01927302,-0.01526544,0.00731759,-0.01259117,-0.02808496,-0.0118751,-0.00506096,-0.00473713,-0.02242775,-0.00780668,-0.01772379,-0.00874776,-0.02139543,-0.00922211,-0.02840104,-0.01135666,-0.00618906,-0.01415257,-0.02372763,0.00977597,-0.00302068,-0.00143801,-0.00083292,-0.01594501,-0.00958091
"Np2_501615",-0.01356571,0.00277027,-0.01688914,-0.02212063,-0.0129819,-0.00738099,-0.0241731,-0.01338023,-0.00931485,-0.00021262,-0.01197391,-0.00267404,-0.01747601,0.00187175,-0.00589259,-0.00671204,-0.02206131,-0.00428409,-0.01958316,0.00021915,-0.01293783,-0.01808108,-0.01110274,-0.02218595,-0.01180364,-0.00434792,-0.01747753,-0.01038668,0.0002678,-0.02011532,-0.01907993,-0.009064,-0.02219204,-0.01931107,-0.00940151,-0.01418449,-0.00218601,0.00269272,-0.01813281,-0.01842473,-0.02522814,-0.00753454,0.01099677,0.00399262,-0.01421033,-0.01288307,-0.02262536,0.99519447,-0.01954058,-0.01572608,-0.00029624,-0.02466105,-0.00222707,-0.0109857,-0.01982337,-0.02920536,-0.01114992,-0.00698723,0.02080141,0.00039855,0.00471325,-0.00515978,0.00810663,-0.03206816,-0.01370557,-0.01596631,-0.00991689,-0.00721831,0.0021074,-0.02191385,-0.00124797,-0.00815789,0.01457417,-0.02973294,-0.00524188,-0.02570099,-0.01044294,-0.01857068,0.00074518,-0.0288877,-0.01206971,-0.02349955,-0.00356344,-0.01517271,-0.00906552,-0.01062081,0.08379788,0.00668816,-0.01732244,-0.02297044,-0.01732852,-0.01413736,0.01058631,-0.00172535,-0.00927077,-0.00610392,-0.01713999,-0.01364629,-0.01325098,-0.02087393
"Np2_500940",0.00066005,-0.00641709,0.00949924,-0.03069984,-0.01137489,0.00669271,-0.00204159,-0.00949273,0.00825562,-0.01350487,-0.00899862,0.00014921,-0.01693323,-0.00792374,-0.00170103,-0.01954816,-0.01695754,-0.02259347,-0.01508752,-0.02158696,-0.00889828,-0.00826429,-0.02895595,-0.00948054,0.0088075,0.00957374,-0.02012744,-0.01835775,-0.02032205,-0.00421719,-0.00819891,-0.02995788,-0.0172403,-0.00614952,-0.02314985,-0.00725633,-0.00346764,-0.00345397,0.05781848,-0.01803398,-0.02042844,-0.00471128,0.03677698,0.01867446,-0.01153909,-0.01477282,-0.01539312,-0.01954058,0.97848964,-0.02187274,-0.01678117,-0.02077354,-0.01703963,-0.02336575,-0.00970252,-0.00752997,-0.00893478,-0.01328595,-0.01043076,-0.01350183,-6.516e-05,-0.01404304,-0.0147637,-0.00948056,-0.01970022,-0.01147068,-0.02290504,-0.01853412,-0.01574583,-0.01255315,-0.02487845,-0.01597694,-0.00403931,-0.02022019,-0.00986823,-0.01238743,0.01716171,0.01344301,0.006153,-0.00630005,-0.02110501,-0.01413885,-0.01275078,-0.01873484,-0.00715445,-0.01418292,-0.01660939,-0.02302368,0.0121066,0.01132362,-0.00340684,-0.02438893,-0.00863526,-0.01486559,-0.02377929,-0.00464895,0.00179877,-0.02481006,-0.00495454,-0.02261164
"Np2_500381",-0.01604991,-0.02586363,-0.01405219,-0.00803321,-0.00087093,-0.01138554,-0.02544103,-0.01236768,-0.00951857,-0.01561966,0.00317771,-0.00607045,-0.00688536,-0.03071504,-0.00807274,-0.02135888,-0.02515364,-0.03246197,0.01092378,-0.01199519,-0.0111651,-0.02178154,-0.01373899,0.28912559,0.00532441,-0.01412972,-0.02361052,-0.02427335,-0.02152464,-0.0069401,0.00367334,-0.02097426,-0.0161624,-0.0178424,0.00210132,-0.01514837,-0.01668082,-0.01119396,-0.02183328,-0.00448933,-0.02284728,-0.01792446,-0.01049157,-0.0012282,-0.01213354,-0.0164315,-0.02328516,-0.01572608,-0.02187274,0.98186224,0.00010817,-0.01133383,-0.00957634,-0.00191539,-0.00512785,-0.01755047,-0.0194114,-0.0230024,-0.00904878,-0.01029546,0.00542172,-0.01676596,-0.01003699,-0.02178157,-0.00372307,-0.00689601,-0.002671,-0.02064891,0.0066167,-0.01193134,-0.0143745,-0.02630151,-0.02835098,-0.01625365,-0.00514153,-0.01130952,0.00501275,-0.01497355,-0.024544,-0.00750264,-0.03036536,-0.01275687,-0.00772001,-0.01370406,-0.01337413,-0.02313918,-0.01325098,-0.01540834,-0.01311719,-0.01450826,-0.01996476,-0.01130041,-0.01895985,0.00035141,-0.00339316,-0.00265884,-0.01901607,-0.0202354,-0.01102217,0.00066309
"Np2_502894",-0.02251285,-0.02077206,-0.02690051,-0.01525632,0.00498083,-0.00218905,-0.00879491,-0.00758016,-0.01218067,0.00513134,-0.00434944,-0.00690815,-0.01486862,0.0240914,-0.02928288,-0.00699329,-0.01033195,0.00653311,-0.03476363,-0.0091841,-0.00105641,-0.01243304,-0.02825966,-0.02033874,-0.0020507,0.01939203,-0.02399214,-0.00762727,-0.00746309,-0.02191691,-0.00202942,-0.00463223,-0.02460175,-0.02901839,-0.00861854,0.00332215,-0.01539006,0.01807085,-0.02099862,-0.00760754,0.00520127,-0.00994426,-0.02318786,-0.02091805,-0.02543798,-0.01757327,-0.00891957,-0.00029624,-0.01678117,0.00010817,0.98763731,0.01032933,-0.00980591,0.0063689,-0.0158477,-0.02264511,0.00711691,-0.01319778,0.00516479,0.01638484,-0.01411607,-0.01942806,-0.0104186,-0.00452733,-0.01809172,-0.0077337,-0.01825589,-0.01966222,-0.00668771,-0.01368124,-0.02418216,-0.01847334,0.00228224,-0.00827343,0.00998423,0.00016746,-0.01300469,-0.01049009,-0.02188495,0.00701505,-0.02314532,-0.01845964,0.0011724,-0.00025064,-7.275e-05,-0.01713541,-0.02442694,-0.03281767,-0.02186061,-0.02446794,0.00823585,-0.02749347,0.00665624,-0.00641559,-0.02551554,0.00623358,-0.02152614,-0.01164704,0.00197513,-0.0092966
"Np2_504304",0.01667216,-0.01594652,-0.01873024,0.00112375,0.05617644,-0.0151514,-0.00761816,0.00059011,-0.00020958,-0.0234904,-0.0247614,-0.01333305,-0.01855694,0.00352739,-0.02050447,-0.0213239,-0.012804,-0.02862615,-0.0253771,-0.01849764,-0.01477893,-0.02676364,0.018831,0.00668358,-0.01258051,-0.01227035,-0.0261601,-0.00386598,0.00253157,-0.02682148,-0.02076899,-0.0140978,-0.02570549,-0.00473257,-0.00850602,-0.01541746,-0.02728814,-0.00735817,-0.02483897,-0.01555279,-0.01186594,-0.0022301,-0.00179073,-0.0119876,-0.00875385,0.01629055,-0.00743875,-0.02466105,-0.02077354,-0.01133383,0.01032933,0.97691435,0.00049281,-0.01145851,-0.00767744,-0.01082604,-0.00979833,-0.0091324,-0.01159838,-0.01694994,-0.01035475,-0.02205212,-0.00544103,-0.02600353,0.00178509,-0.00230003,-0.00294009,-0.01057975,-0.00535894,-0.0236029,0.02138821,-0.01912099,-0.00368659,-0.01013735,0.00279915,-0.00884202,-0.00453036,-0.02603701,-0.01508297,0.00104621,-0.0234889,0.0135798,-0.00738097,0.00229441,-0.01060256,-0.01337411,-0.0034859,-0.02586365,-0.01019359,-0.01903428,-0.01567286,-0.00062311,-0.00539392,-0.01056001,-0.00989562,-0.00931332,-0.04361043,-0.0086459,0.013034,-0.00751173
"Np2_503354",0.02420693,-0.00567517,-0.00313774,-0.01125784,-0.00591995,-0.01552236,-0.00707693,-0.02486632,-0.0288587,-0.0074418,0.00010512,-0.00443001,-0.01907993,-0.00824606,-0.02102748,-0.01363712,-0.01636766,-0.00832057,0.01119592,-0.03726461,-0.00709213,-0.01679638,-8.796e-05,-0.02181344,-0.01933687,-0.03240561,-0.02303432,-0.02719391,-0.01760369,0.00123777,-0.01825133,-0.0266314,-0.02850898,6.559e-05,-0.01754288,-0.02688686,-0.03069976,0.00595382,-0.00498951,-0.01029852,-0.01147674,-0.02130112,-0.01493246,-0.0038447,-0.01110124,-0.01889596,0.00435293,-0.00222707,-0.01703963,-0.00957634,-0.00980591,0.00049281,0.98134221,-0.0156303,-0.02066713,-0.00906855,-0.02187587,-0.00403018,0.00612259,-0.01260789,-0.01163792,-0.00235476,-0.02344783,-0.00585001,-0.02291115,-0.00023847,-0.01410538,-0.00365313,0.01114576,-0.02929503,-0.00057142,-0.00580897,-0.00071281,-0.01202864,0.09988132,-0.00586826,0.00118,0.00111006,0.01814536,-0.01285574,0.00092154,0.00119824,-0.00592754,-0.02878728,-0.00139544,-0.00766376,-0.01115444,-0.01437603,-0.00919626,0.00370374,-0.01786822,-0.02912022,-0.0218804,-0.0284148,-0.00509746,-0.02275914,-0.02482524,0.00040919,-0.00421261,-0.00271357
"Np2_501648",-0.03046574,-0.00531182,0.00741184,-0.01119856,-0.00935744,-0.01911189,-0.02009252,-0.01674929,-0.01146765,-0.02349805,-0.01047792,-0.00695529,0.00971363,-0.02369418,-0.01853568,-0.02269984,-0.00019286,-0.00552468,-0.02082375,-0.00299788,-0.01159385,-0.01491271,-0.01872873,0.01199714,-0.00483444,-0.00482835,0.00317468,-0.00478578,-0.02073713,-0.02682914,-0.01347903,-0.01836236,-0.01659115,-0.00960526,-0.01869987,-0.01238442,0.00812791,-0.0139032,-0.012988,-0.00354976,0.00971514,-0.0131841,-0.00179833,-0.01625216,-0.00921757,-0.03343187,0.00988542,-0.0109857,-0.02336575,-0.00191539,0.0063689,-0.01145851,-0.0156303,1.00107598,-0.02136804,-0.00079948,-0.0014441,-0.01613355,-0.01920766,-0.01893401,-0.01492337,-0.02023537,-0.00347221,-0.03999824,-0.00050301,-0.02283215,-0.01389408,-0.00511417,-0.00186979,-0.00126166,-0.02848624,-0.01639202,0.00725223,-0.0162263,-0.0157565,0.01045859,0.00291166,0.01591662,-0.00992147,-0.02115831,-0.01665504,0.00718684,0.00234153,0.03634231,-0.00103208,-0.01262157,-0.0085106,-0.01142812,-0.01035324,-0.01797768,-0.00138936,-0.01872269,-0.0143715,-0.00357409,-0.01172764,-0.01722667,0.00503252,-0.01351859,-0.03425589,-0.0137527
"Np2_502699",-0.01391385,-0.0132373,0.03065313,-0.01425898,-0.00892109,-0.01137794,0.00147647,-0.00095758,-0.00571014,-0.00770633,-0.01080173,-0.01077587,-0.02086481,-0.00562197,-0.03102213,0.00555854,-0.01891269,-0.01405832,-0.01156949,-0.01411606,-0.0107014,0.02003512,-0.00111266,-0.01432431,-0.02036157,-0.00423997,-0.00748741,-0.01316735,-0.01421944,-0.01711874,-0.01365082,-0.00758775,-0.02299628,-0.01905107,0.00666992,0.01587401,-0.011048,-0.0090579,-0.02456229,0.00524842,-0.00185914,-0.0157884,-0.00440265,-0.0139914,-0.01835931,-0.01368731,-0.002297,-0.01982337,-0.00970252,-0.00512785,-0.0158477,-0.00767744,-0.02066713,-0.02136804,0.983398,-0.01663068,-0.00617689,-0.01007198,-0.01177778,-0.00907159,-0.00551706,-0.00611606,-0.00425214,-0.01249995,0.00327806,-0.01449005,-0.0309415,-0.02626653,-0.01511642,-0.01709286,0.00342097,-0.02462155,-0.02606289,-0.01867858,-0.0045258,-0.00370027,0.00760492,-0.02150339,-0.01602254,-0.01357637,-0.00785686,-0.0142696,-0.02139537,0.00880447,-0.01883971,-0.01294538,-0.01506778,-0.00050149,-0.00642013,-0.02879175,-0.01144331,-0.01296518,-0.01499938,-0.02639884,-0.01691652,8.536e-05,-0.00289297,0.0159561,0.01802373,0.01009673
"Np2_502115",-0.0080925,-0.00057446,-0.02692333,0.0053974,-0.01556647,-0.02258431,-0.00425671,-0.01657293,-0.01995717,-0.02104117,-0.02139997,-0.00738706,-0.0151955,-0.01393971,-0.01942354,-0.00656,-0.00260107,-0.00990933,-0.02155958,0.01040537,-0.01658662,0.03634676,-0.01946455,-0.01215177,0.00142325,-0.01088535,-0.01230839,-0.02467778,0.00376456,-0.00399978,-0.01710349,-0.00419894,-0.0206717,-0.00882076,0.00184894,-0.01236008,0.0043514,-0.02132849,-0.01874094,-0.02937114,-0.00972077,-0.00297354,-0.00648703,0.00019179,-0.00660866,-0.01729202,-0.0104627,-0.02920536,-0.00752997,-0.01755047,-0.02264511,-0.01082604,-0.00906855,-0.00079948,-0.01663068,0.99124103,0.00329327,0.08727339,0.00483792,-0.0222544,-0.00668924,-0.00926466,-0.00694465,-0.02689902,-0.01188117,-0.02812896,-0.00520387,-0.02652652,-0.00214953,-0.01385608,-0.00976182,-0.00846195,-0.00138936,-0.00601573,-0.02242162,-0.01080173,-0.02108527,0.00773112,-0.00928901,-0.01094772,0.01058326,-0.00175881,-0.0177025,-0.02414268,-0.01301838,-0.00636388,-0.02232129,0.00075886,-0.01382567,-0.00624681,-0.00683822,-0.01140075,-0.0149553,-0.00552619,-0.00531791,-0.01294541,-0.02915061,-0.01319019,-0.00108833,-0.035013
"Np2_501499",-0.03139016,-0.01642244,-0.00597926,-0.00756194,0.00324917,-0.01653951,-0.00809405,-0.01797775,-0.02485879,0.00598427,-0.01444297,-0.0103122,-0.00261324,-0.01047946,-0.01611534,-0.00340381,-0.01510431,-0.00264821,-0.01703511,-0.00164174,-0.00020351,-0.03316892,-0.02451819,-0.01720539,-0.02187436,-0.02855774,-0.01857829,-0.03718107,-0.00949884,-0.01483068,-0.01166682,-0.01457371,-0.02192451,-0.01022557,-0.0165836,-0.01422102,0.00902796,0.00311234,-0.00722291,-0.00264973,-0.03119399,-0.01228408,0.00867981,-0.03830924,-0.00162806,-0.0030374,-0.0022894,-0.01114992,-0.00893478,-0.0194114,0.00711691,-0.00979833,-0.02187587,-0.0014441,-0.00617689,0.00329327,1.02614083,-0.01629779,-0.01769952,0.01100441,0.02413709,-0.0135581,-0.00318032,-0.00701917,-0.01389413,-0.01387437,0.00433773,-0.01120769,-0.02468697,-0.0116121,0.00798958,-0.0127554,-0.00325026,-0.00848478,-0.02139393,-0.023305,-0.02537875,-0.01663077,-0.00415637,-0.00475084,-0.00739318,-0.02399219,-0.01104957,-0.02113856,-0.00606136,0.00150535,-0.00609024,-0.0091598,-0.01097356,-0.01646954,-0.00900321,0.00771897,-0.00936658,-0.00434642,-0.01584474,-0.02453648,0.01505457,-0.00091198,-0.0078143,0.008432
"Np2_501888",-0.02129812,-0.01879717,0.00304849,-0.01252125,-0.0232989,-0.00964021,-0.01989488,-0.00256458,-0.00321224,-0.0264931,-0.01894617,0.00540499,-0.01274169,-0.02319247,-0.00693554,0.01428981,-0.00470825,0.00531532,-0.0256432,-0.01359461,-0.01367671,-0.01456304,-0.02446038,-0.0259655,-0.00874169,-0.01572914,-0.01152695,-0.02617685,0.00302568,-0.0076273,-0.02194728,-0.02439808,-0.00924796,-0.0284118,-0.01454937,0.00012793,-0.01508754,-0.03423002,-0.00670902,-0.00852126,-0.01988571,-0.02940604,-0.0190845,0.05388089,-0.01510126,-0.01255772,-0.01485039,-0.00698723,-0.01328595,-0.0230024,-0.01319778,-0.0091324,-0.00403018,-0.01613355,-0.01007198,0.08727339,-0.01629779,1.00177544,-0.02311492,-0.02284127,0.00245404,0.00139893,0.03245324,-0.00498496,-0.02402256,-0.01153607,-0.00989561,-0.00962957,-0.02599746,-0.00516891,-0.01080478,0.00068133,-0.01793976,-0.01694086,-0.02179221,0.01491316,-0.00996556,-0.01246805,-0.0123084,-0.0080378,-0.01539316,-0.02363031,-0.01190398,-0.0136311,-0.01238897,0.00034685,0.00096107,0.00564522,-0.01243609,-0.02431746,0.02070107,-0.01974131,-0.01691046,-0.01082608,-0.01274627,-0.01490056,-0.01727075,-0.00176641,0.00106141,-0.00671357
"Np2_504539",-0.00491197,-0.025216,-0.02678346,-0.02015636,-0.01603473,-0.01225822,-0.02160068,-0.01019969,0.00389987,-0.02835093,0.00306521,-0.02275456,-0.0048694,0.00581245,0.00245708,-0.02071123,-0.00671812,-0.03379076,-0.00074323,-0.01104347,-0.01325405,-0.01505257,-0.01993282,-0.00638668,-0.01531256,0.00126514,-0.00213432,-0.02697044,-0.00324113,0.0089109,-0.00905791,-0.02868844,0.01078696,-0.02631676,0.00502948,-0.01541292,0.00297094,0.11761747,-0.01951327,-0.01798079,-0.0247842,-0.00496214,0.00201466,-0.02475385,-0.00388423,-0.0090944,-0.00804234,0.02080141,-0.01043076,-0.00904878,0.00516479,-0.01159838,0.00612259,-0.01920766,-0.01177778,0.00483792,-0.01769952,-0.02311492,0.99228109,-0.01299254,-0.0263137,-0.01596627,-0.02504876,-0.0036501,-0.00505184,-0.01308984,-0.01494614,0.05251855,-0.02192599,0.0078725,-0.02239273,-0.00467328,-0.01417236,-0.02746459,-0.02745087,-0.01552692,-0.01151934,-0.014782,-0.01325403,-0.00351024,-0.01755506,-0.02092715,-0.01087318,-0.03403701,-0.00056382,-0.02081918,-0.02430989,-0.01156799,-0.02417609,-0.00899556,-0.02053337,-0.00700396,-0.0274342,-0.01952543,-0.0027455,-0.00763641,0.0134065,-0.02110807,-0.0038371,-0.01100394
"Np2_500848",-0.01512861,0.03511077,-0.00917803,-0.01334528,0.00400326,-0.01107236,0.00649509,0.00086833,-0.01787129,0.00263344,-0.01019209,-0.01594349,-0.00216321,0.00304545,-0.00851972,-0.00736274,0.00070109,-0.02013816,-0.02008183,-0.01213812,0.00602379,-0.01660332,-0.02057137,-0.01903584,-0.01640721,-0.01305639,-0.01098266,-0.01970327,0.00204963,0.00219103,-0.021403,-0.0183806,-0.01584923,-0.00551859,-0.00868392,-0.02654177,-0.02412134,-0.00327913,-0.01102981,0.0014491,0.00163914,-0.01776333,-0.00941823,-0.03405831,-0.00163414,-0.0200712,0.00074518,0.00039855,-0.01350183,-0.01029546,0.01638484,-0.01694994,-0.01260789,-0.01893401,-0.00907159,-0.0222544,0.01100441,-0.02284127,-0.01299254,0.9999751,-0.01463755,-0.02542273,-0.01732548,-0.00124797,-0.02195795,0.00147495,-0.01862535,0.00322941,0.00388923,-0.0058409,-0.003419,0.02022979,0.0122511,-0.01411608,-0.0238325,-0.00932398,-0.0328344,-0.01131564,-0.01374055,-0.01296674,-0.01241635,-0.02217382,-0.0022377,-0.00852582,-0.00257066,-0.00564629,-0.01917118,-4.387e-05,-0.01341215,-0.0132829,-0.03090205,0.00087138,-0.01317347,-0.02062009,-0.02512483,-0.00432208,-0.01277361,-0.0197702,-0.01192527,-0.02061244
"Np2_502277",-0.02677741,-0.00952922,-0.03420575,0.00647685,-0.01555127,-0.0142073,-0.02537418,-0.00926013,0.00012641,-0.00430232,-0.00694162,-0.00235477,-0.01609251,0.00051866,-0.00846195,-0.01931559,-0.02295832,-0.0106543,-0.01591917,-0.00888765,-0.01079416,-0.02688381,-0.00272573,0.01827003,-0.00905184,-0.01208641,-0.00803626,0.01228146,-0.00199749,0.00255286,-0.01435171,-0.02729279,-0.02035245,0.00852627,-0.01227495,-0.00732779,0.00923166,0.0016437,-0.02906403,0.00941263,-0.02886175,-0.01314457,-0.01270519,0.00568019,-0.00780973,-0.02731102,-0.00740684,0.00471325,-6.516e-05,0.00542172,-0.01411607,-0.01035475,-0.01163792,-0.01492337,-0.00551706,-0.00668924,0.02413709,0.00245404,-0.0263137,-0.01463755,1.00267561,-0.01624299,0.00994623,-0.00377476,-0.01901154,-0.00576488,-0.00245207,-0.02073408,-0.000614,-0.00654329,-0.00701003,-0.02790703,-0.01581737,-0.01633881,-0.01693324,-0.00333691,-0.01605298,-0.02235632,-0.00121605,-0.01473337,-0.02421718,-0.0117778,-0.0268093,-0.0259519,-0.00722592,-0.00422022,-0.00801498,-0.00439506,-0.01517878,-0.01824222,-0.00636693,-0.00439202,-0.02603855,-0.01463301,-0.02400282,-0.01885951,-0.0166687,0.00810968,0.0068326,-0.01599367
"Np2_504017",-0.00852426,-0.01803392,0.00289949,0.01454371,-0.02359987,-0.00796479,0.0053457,-0.00940302,-0.00624985,-0.01949649,-0.02517643,-0.01785297,0.01873221,0.00858553,-0.01286177,-0.00562347,0.00548101,-0.03284202,-0.02016692,-0.00948663,-0.0162582,0.01326204,-0.02673777,-0.01273555,-0.0113232,-0.0117732,-0.02566294,-0.01568348,-0.01080629,-0.01902672,-0.00871734,0.01452544,-0.01471807,-0.02886479,-0.01485036,-0.0378773,-0.01037145,-0.02373665,-0.01886862,-0.00441331,0.00550685,-0.00203702,-0.01452043,-0.00069609,-0.01829087,-0.02076442,-0.01758391,-0.00515978,-0.01404304,-0.01676596,-0.01942806,-0.02205212,-0.00235476,-0.02023537,-0.00611606,-0.00926466,-0.0135581,0.00139893,-0.01596627,-0.02542273,-0.01624299,0.96939368,0.01527648,-0.01684047,0.02159041,0.00078167,0.00835138,-0.03577616,-0.00790244,-0.00470976,-0.01931555,-0.00706932,-0.01398381,0.00373871,-0.01069072,-0.00500014,-0.02045277,-0.02280324,-0.00987279,-0.02703891,-0.01995107,-0.004167,-0.02269523,-0.00602637,-0.02089974,-0.0107485,0.01936009,-0.01533231,0.00033773,0.0915345,-0.02840256,-0.0191301,0.00924232,-0.03317189,0.0161431,-0.01489749,-0.0178758,-0.01651056,0.00076038,-0.01066336
"Np2_504803",0.00763077,-0.02635624,-0.01682529,-0.01050225,-0.01626277,-0.00640494,-0.02836616,0.00872845,-0.02278195,-0.02249764,-0.01191006,-0.00929964,-0.00981048,-0.01813279,-0.01601495,-0.02321978,-0.01591613,-0.00482837,-0.01298187,-0.01461625,-0.02290816,-0.00159765,-0.03125927,-0.02470665,-0.00337796,-0.0080849,-0.01634943,0.00290405,-0.02156113,-0.01822706,0.02218488,-0.01827416,0.00356539,-0.01331791,-0.01876372,-0.0135125,0.01505756,-0.01639957,-0.02855925,0.00444416,0.00083336,0.0007391,-0.00216625,-0.0112989,-0.0170351,-0.01129888,-0.01693627,0.00810663,-0.0147637,-0.01003699,-0.0104186,-0.00544103,-0.02344783,-0.00347221,-0.00425214,-0.00694465,-0.00318032,0.03245324,-0.02504876,-0.01732548,0.00994623,0.01527648,0.9898482,-0.00707085,-0.01151324,-0.01757482,-0.00605221,-0.03071959,-0.0215459,-0.03401263,0.01143463,0.02079229,-0.02215412,-0.02100318,-0.00943495,-0.00617688,-0.00490589,-0.01257751,-0.01378615,-0.01650911,-0.00683671,-0.015682,0.00638256,0.00131075,-0.01645128,-0.00462767,0.00830123,-0.01149198,-0.02105941,-0.01059191,-0.01772076,-0.01757027,-0.01321908,-0.00774284,-0.00662236,-0.01774662,-0.02072493,0.00679003,-0.00619361,-0.00606286
"Np2_502849",-0.01582037,-0.00571776,-0.00105185,-0.02695988,0.00848064,0.00343921,-0.02171473,-0.02080402,-0.04106397,-0.00155508,-0.00039355,-0.02971008,-0.01745017,-0.00661627,-0.00236998,-0.02553831,-0.00941672,-0.00471435,-0.00921907,-0.03472268,-0.01260792,-0.01075765,-0.01731027,-0.02352842,0.03717693,0.00632024,0.00124841,-0.00747221,-0.01369342,-0.00883901,-0.0144931,-0.01435933,-0.01562878,0.01659468,0.00734799,-0.01643916,-0.01249842,-0.01628556,-0.01354597,0.00121345,-0.02793891,-0.0065965,-0.01664741,-0.00951251,-0.00947146,-0.00966453,-0.01545397,-0.03206816,-0.00948056,-0.02178157,-0.00452733,-0.02600353,-0.00585001,-0.03999824,-0.01249995,-0.02689902,-0.00701917,-0.00498496,-0.0036501,-0.00124797,-0.00377476,-0.01684047,-0.00707085,1.00330512,-0.0117033,-0.00985914,0.01762693,-0.0132738,-0.01246194,-0.02538478,-0.01566528,-0.02090285,-0.00942131,0.00434838,-0.01996327,-0.0194418,-0.0076805,-0.01915298,0.00670033,0.01933284,0.00133507,0.0177273,-0.0214775,0.00416138,-0.00599901,-0.02382185,-0.01682227,-0.01016169,-0.00042091,-0.01154213,-0.00240342,-0.00362122,-0.00063832,0.00164523,-0.02019135,-0.01748058,0.0037144,-0.02107009,-0.00729585,-0.00792527
"Np2_502135",-0.01281314,2.607e-05,-0.00503816,-0.00950946,-0.00538783,-0.01088536,-7.38e-06,-0.0073065,-0.01479565,-0.00964628,-0.01897504,-0.01590851,-0.00364858,-0.02276524,-0.02049538,-0.03514981,0.01563532,-0.02299182,-0.01609399,-0.00678198,-0.01188119,-0.00364554,-0.00761359,0.00745287,-0.00101689,-0.01058889,-0.01201193,-0.01708373,-0.0093179,-0.02194732,-0.01543873,-0.00846347,0.00592646,-0.01840647,-0.01822704,-0.00157333,0.00464787,0.01515183,-0.02194125,-0.01402335,-0.00440722,-0.01271126,-0.0251947,-0.00437682,-0.00235934,-0.01562726,-0.03145088,-0.01370557,-0.01970022,-0.00372307,-0.01809172,0.00178509,-0.02291115,-0.00050301,0.00327806,-0.01188117,-0.01389413,-0.02402256,-0.00505184,-0.02195795,-0.01901154,0.02159041,-0.01151324,-0.0117033,0.99289843,-0.00168279,-0.02436763,-0.01011454,-0.01219131,-0.01705638,-0.01934751,-0.00360449,-0.01599219,-0.02153074,-0.00737794,0.01032327,-0.00680174,-0.0146254,-0.00397545,-0.03330427,-0.01146917,-0.02077055,-0.01436538,-0.00408188,-0.00557635,-0.01701379,-0.0159435,-0.0155163,-0.00273485,0.03753105,-0.01171089,-0.00289449,-0.01070597,-0.0132875,-0.02585002,0.03965049,-0.02414111,-0.00802866,-0.00033578,-0.01966527
"Np2_500565",-0.00488765,-0.0169819,-0.00380213,-0.03077438,-0.00384774,-0.00372003,-0.02248857,0.00365967,-0.02754669,-0.00795416,-0.0134821,-0.026227,-0.00530118,-0.01894465,-0.01454632,-0.02007879,-0.00684584,-0.00792073,-0.00908072,-0.01253949,-0.00638822,-0.00818677,-0.01245889,-0.01654858,-0.00677438,-0.01026506,-0.0208101,-0.01736805,-0.00154444,-0.03409025,-0.00508072,-0.00677134,-0.018075,0.00502644,0.0023172,-0.01113167,-0.00749501,-0.02329276,0.00164371,-0.00472954,-0.01959077,-0.0177086,0.00416745,-0.02062464,-0.00522821,-0.00846195,-0.021701,-0.01596631,-0.01147068,-0.00689601,-0.0077337,-0.00230003,-0.00023847,-0.02283215,-0.01449005,-0.02812896,-0.01387437,-0.01153607,-0.01308984,0.00147495,-0.00576488,0.00078167,-0.01757482,-0.00985914,-0.00168279,0.99978047,0.00104165,-0.02195337,0.00257566,0.00485616,-0.01947979,-0.02015637,0.00333584,-0.00296291,-0.00963868,-0.00714079,-0.01529585,-0.00457143,-0.00076298,-0.02188199,0.00421003,0.01300058,0.00633088,-0.01470446,-0.0082932,3.367e-05,-0.03097503,0.00487593,0.01826549,-0.0165729,-0.00986673,-0.0109325,-0.01935211,-0.01068317,-0.00728218,-0.00730802,-0.01423921,-0.00040723,-0.01612745,-0.02739921
"Np2_504835",-0.00917649,-0.01032434,-0.01858125,0.00583373,-0.03459035,-0.02397235,0.00317316,-0.01324794,0.00161177,-0.01391536,-0.00621641,-0.0300597,-0.01612744,-0.02019281,-0.00591235,0.0048227,-0.01934445,-0.00019895,-0.02173135,0.02209215,0.00072542,-0.00867478,-0.02860627,-0.01384388,-0.01273558,-0.01820267,-0.02753144,-0.01876823,-0.01662764,-0.01861472,-0.01347445,-0.01516507,-0.01248167,-0.00443154,-0.00698874,-0.02256606,-0.02394645,-0.00629698,0.00282804,-0.00688993,-0.03436984,0.00217581,0.02085913,-0.01153453,-0.00526013,-0.01959225,-0.01747597,-0.00991689,-0.02290504,-0.002671,-0.01825589,-0.00294009,-0.01410538,-0.01389408,-0.0309415,-0.00520387,0.00433773,-0.00989561,-0.01494614,-0.01862535,-0.00245207,0.00835138,-0.00605221,0.01762693,-0.02436763,0.00104165,0.97493154,-0.01818444,-0.01159532,0.00117544,-0.00248399,-0.01699556,-0.01874094,0.04991268,-0.02365762,-0.00702066,-0.01304726,-0.01402942,-0.00201118,0.0039318,-0.01528214,-0.00405906,-0.0198507,0.00913286,-0.02884956,-0.01276901,0.01490705,-0.01416014,-0.00517954,-0.01052348,-0.00229699,0.004695,0.01163076,0.00768094,-0.02069301,-0.01402939,-0.0308427,-0.00864894,-0.02360897,-0.01542047
"Np2_500281",-0.01392754,-0.00564933,-0.01481845,-0.0230906,0.01174175,-0.00059727,-0.02179833,-0.00902904,-0.00450756,-0.01471356,-0.02160978,-0.01671884,0.00542325,-0.02311947,-0.02267401,-0.01102673,-0.01892639,-0.01863301,-0.01477587,-0.01488991,-0.01649236,-0.02893319,-0.00796783,-0.0258925,-0.01855087,0.02569685,0.34916883,-0.02990467,-0.02837222,-0.01530802,-0.02111413,-0.01398683,-0.02164167,-0.00401346,-0.00094543,-0.01697886,-0.02185603,0.05919121,-0.00952468,-0.02988502,-0.00445738,-0.00546385,-0.02965382,-0.01810999,-0.0215657,-0.01126847,-0.02541972,-0.00721831,-0.01853412,-0.02064891,-0.01966222,-0.01057975,-0.00365313,-0.00511417,-0.02626653,-0.02652652,-0.01120769,-0.00962957,0.05251855,0.00322941,-0.02073408,-0.03577616,-0.03071959,-0.0132738,-0.01011454,-0.02195337,-0.01818444,0.99112546,-0.00281543,-0.00463983,-0.02456681,-0.02706778,-0.01360983,-0.03039883,-0.0142696,-0.00021718,-0.01901457,-0.02014878,-0.00889068,-0.02027954,0.07802826,-0.02675001,-0.02870665,-0.01310202,-0.03010387,-0.01980056,-0.01401723,-0.02681692,-0.02817456,-0.01527452,-0.02513998,-0.00917803,-0.01486104,0.00186567,-0.01252124,-0.03702443,-0.00883595,-0.01841709,-0.01802178,-0.02306016
"Np2_504453",-0.00931485,-0.01304726,-0.02328061,-0.01939011,0.01544223,0.00143085,-0.02372306,-0.01353834,-0.02422018,0.00038943,-0.01365236,-0.00207199,-0.01550565,-0.01060105,-0.00817917,-0.00839047,-0.01309743,-0.00885117,-0.02050142,0.00583829,-0.00214953,-0.02340831,-0.01414948,-0.00942126,-0.01211377,-0.0116516,-0.0083616,-0.01069682,-0.01433348,-0.02361816,-0.00357863,-0.00815788,-0.01490052,-0.01734071,-0.01837755,-0.01175803,-0.01724335,-0.00704346,-0.00232741,-0.0188869,-0.0320757,-0.01134144,-0.00831751,-0.01030459,0.02211954,-0.02003469,-0.01305334,0.0021074,-0.01574583,0.0066167,-0.00668771,-0.00535894,0.01114576,-0.00186979,-0.01511642,-0.00214953,-0.02468697,-0.02599746,-0.02192599,0.00388923,-0.000614,-0.00790244,-0.0215459,-0.01246194,-0.01219131,0.00257566,-0.01159532,-0.00281543,0.98833981,-0.00367594,-0.01524109,-0.01500546,0.00681437,-0.01210315,-0.00920082,-0.01536881,-0.01105715,-0.01355964,-0.01492031,0.00729023,-0.00842699,-0.02061699,-0.0094988,-0.00529662,-0.006335,-0.00652199,-0.01138098,-0.01201801,-0.01139922,0.00332518,-0.00836464,0.02264862,-0.01176868,-0.02012748,-0.02448019,-0.01964095,-0.00954441,-0.00802713,-0.00231068,-0.01875154
"Np2_501616",-0.00931485,0.00413248,-0.01963182,-0.01634944,-0.04248244,-0.007083,0.00364294,-0.01323427,-0.01129737,-0.01679033,-0.01167593,-0.00784924,-0.01276905,-0.00147906,-0.02976788,-0.00322136,-0.01081694,-0.01584472,-0.00256154,-0.02350412,-0.03103588,-0.00212368,-0.01247713,-0.00014725,-0.01530648,-0.00268164,-0.00228028,-0.00066265,-0.00353912,0.00481208,-0.02805596,0.00278851,-0.00897125,-0.00700243,-0.00636693,0.01013476,-0.01344253,-0.02391912,-0.01874702,-0.02055927,0.07632384,-0.01134145,-0.01455087,-0.02778844,0.01010891,-0.01623387,-0.01335742,-0.02191385,-0.01255315,-0.01193134,-0.01368124,-0.0236029,-0.02929503,-0.00126166,-0.01709286,-0.01385608,-0.0116121,-0.00516891,0.0078725,-0.0058409,-0.00654329,-0.00470976,-0.03401263,-0.02538478,-0.01705638,0.00485616,0.00117544,-0.00463983,-0.00367594,0.99366175,0.00528337,-0.003755,-0.00656459,-0.01210315,-0.0012951,-0.00791919,-0.02124338,-0.00991085,-0.00336579,-0.01764329,-0.02575878,-0.02715443,-0.00813051,-0.01350642,0.00293902,-0.02628629,-0.00864439,-0.01353835,-0.02204155,-0.00594883,-0.01839883,-0.0135353,-0.01176868,0.009367,-0.01535819,0.01259009,-0.00574359,-0.00118564,-0.0166018,-0.01753528
"Np2_503431",0.00253309,-0.00089525,-0.01918635,-0.00161285,-0.01147828,-0.01940833,0.00682499,-0.0232791,0.00374328,-0.02060179,-0.00438898,0.02224263,-0.00441786,-0.00757103,-0.03494764,-0.01037755,-0.02648699,-0.00870978,-0.01777548,-0.00846347,-0.00565694,0.01109254,-0.01461622,-0.00867174,-0.0033065,-0.01667932,-0.01795034,-0.01785301,-0.02012137,-0.0085775,0.01191809,-0.00375956,-0.02312095,-0.02738554,-0.02553375,-0.01572154,-0.01254097,-0.01982487,-0.00568278,-0.00141369,-0.00365617,-0.00527076,-0.00787204,-0.00499407,-0.01149045,0.00747264,-0.00059727,-0.00124797,-0.02487845,-0.0143745,-0.02418216,0.02138821,-0.00057142,-0.02848624,0.00342097,-0.00976182,0.00798958,-0.01080478,-0.02239273,-0.003419,-0.00701003,-0.01931555,0.01143463,-0.01566528,-0.01934751,-0.01947979,-0.00248399,-0.02456681,-0.01524109,0.00528337,0.98755824,-0.01744864,-0.01645741,0.00643427,-0.02821559,-0.01309895,-0.00224987,-0.01493859,-0.02800581,-0.00290666,-0.00630916,-0.01135362,-0.02760137,0.00518304,-0.02352538,-0.01413428,0.00350763,0.00454298,-0.00243991,-0.0149294,-0.00822325,-0.00792071,-0.01253949,-0.01177628,0.00393941,-0.01889142,-0.02415023,-0.00773371,-0.02512627,-0.00675156
"Np2_504637",-0.00437681,-0.02255239,-0.00435554,0.00972124,-0.00850604,-0.01795644,-0.01939318,-0.00768811,-0.02156266,0.00791203,-0.02118106,-0.00701611,-0.01026356,-0.00779149,-0.0172282,-0.00162805,-0.02153833,0.00186416,-0.00598532,-0.00944409,-0.02472955,-0.02515976,-0.00191387,-0.01801417,-0.00352695,-0.00428104,-0.02014724,-0.00773522,-0.01897354,-0.01822404,0.00592039,-0.0135581,-0.01695604,0.00812185,0.00024348,-0.01578998,-0.01200127,-0.00681847,0.01294892,-0.00452278,-0.0253133,-0.02267097,0.00285388,-0.0400302,-0.01916055,-0.01099178,0.01195308,-0.00815789,-0.01597694,-0.02630151,-0.01847334,-0.01912099,-0.00580897,-0.01639202,-0.02462155,-0.00846195,-0.0127554,0.00068133,-0.00467328,0.02022979,-0.02790703,-0.00706932,0.02079229,-0.02090285,-0.00360449,-0.02015637,-0.01699556,-0.02706778,-0.01500546,-0.003755,-0.01744864,1.00414751,-0.00785993,-0.00640495,-0.01444902,-0.00602182,-0.01493706,0.00065245,-0.00070825,-0.01331337,-0.00896215,-0.01461474,-0.01003396,-0.00872042,0.01973567,-0.01024985,0.00724004,-0.02273942,0.00478927,-0.02822471,-0.00038594,-0.01102981,-0.01215182,0.00168627,-0.01148439,-0.01819969,-0.00262996,-0.01722821,-0.0154646,-0.01138099
"Np2_500960",-0.00627421,0.00276419,-0.00777326,-0.02836017,-0.0160287,-0.00905947,0.00121041,-0.02281244,-0.01053723,-0.01633428,-0.00468242,-0.01636314,-0.01809027,-0.00740838,0.00109487,0.00194777,-0.00990477,-0.02253427,-0.00499408,-0.02152776,-0.01872123,-0.02082381,0.00865548,-0.00638062,-0.01500246,-0.00663452,-0.02843008,-0.01069686,0.00041375,-0.00643842,-0.01878199,-0.00162046,-0.00790704,-0.02585466,-0.00667101,-0.01601502,-0.03457521,-0.00354672,-0.01418606,-0.010069,0.04135637,-0.02517653,-0.00831754,-0.00209481,-0.02090594,-0.01516968,-0.02247948,0.01457417,-0.00403931,-0.02835098,0.00228224,-0.00368659,-0.00071281,0.00725223,-0.02606289,-0.00138936,-0.00325026,-0.01793976,-0.01417236,0.0122511,-0.01581737,-0.01398381,-0.02215412,-0.00942131,-0.01599219,0.00333584,-0.01874094,-0.01360983,0.00681437,-0.00656459,-0.01645741,-0.00785993,1.0356291,-0.02016098,-0.00631221,-0.00715904,-0.00193517,-0.03727699,-0.00351784,-0.00700095,-0.0075148,-0.01119098,-0.00174512,-0.00119173,-0.01484891,-0.00530574,-0.02171931,-0.01201805,-0.01185536,-0.01537491,-0.01307771,-0.01034264,-0.0152655,-0.02240805,0.00060532,-0.00611002,-0.02140306,-0.01198004,-0.03210927,0.00268514
"Np2_500724",-0.02458357,-0.01296061,-0.00540608,0.00699833,-0.00256306,-0.00836465,0.00114504,-0.01816473,-0.01455545,-0.02491348,-0.02740075,-0.02281387,-0.02408491,-0.01446728,0.00102948,-0.01818599,0.01906824,-0.00511571,0.00831947,0.00759733,-0.01270522,-0.01739238,-0.02972225,-0.0166322,0.0045445,-0.01034868,-0.02013356,-0.02505333,-0.0250412,-0.00498344,-0.01884733,-0.0038143,-0.01010086,-0.01086866,-0.01525024,-0.02505034,-0.01442012,-0.03523497,-0.00132855,-0.00785384,-0.04187123,-0.01247107,0.00849279,-0.0004878,-0.00683216,-0.01462689,-0.01600737,-0.02973294,-0.02022019,-0.01625365,-0.00827343,-0.01013735,-0.01202864,-0.0162263,-0.01867858,-0.00601573,-0.00848478,-0.01694086,-0.02746459,-0.01411608,-0.01633881,0.00373871,-0.02100318,0.00434838,-0.02153074,-0.00296291,0.04991268,-0.03039883,-0.01210315,-0.01210315,0.00643427,-0.00640495,-0.02016098,1.00432693,-0.01276297,-0.0245562,-0.0301267,-0.01544943,-0.0168101,-0.01299563,0.0486722,0.00090634,0.01430502,-0.01934909,-0.01613051,0.00040614,-0.02224073,-0.0075224,-0.00796784,-0.01650448,0.10513882,-0.02956421,-0.01122593,-0.00757409,-0.00858207,-0.01833804,-0.01918789,-0.01447792,-0.01088992,0.00976532
"Np2_501098",-0.01788039,-0.01842011,0.00342553,-0.00682303,-0.0150161,-0.00987129,-0.00446652,-0.00309974,-0.01484581,-0.00924035,-0.00443002,-0.0170229,-0.03000049,0.00014161,-0.01400812,-0.00327305,-0.02394347,-0.00616626,-0.01340757,-0.01032891,-0.02424605,-0.00491197,-0.01404914,-0.01889899,-0.0086687,-0.00410163,-0.02072799,-0.0005623,-0.0108884,-0.01181125,-0.02628324,-0.01444293,0.01013321,-0.00188499,0.00255134,-0.02762119,-0.00938933,-0.01089598,-0.02411988,-0.01468165,-0.00612975,-0.02477203,-0.01460254,-0.01947829,0.00884095,0.07630255,-0.00459118,-0.00524188,-0.00986823,-0.00514153,0.00998423,0.00279915,0.09988132,-0.0157565,-0.0045258,-0.02242162,-0.02139393,-0.02179221,-0.02745087,-0.0238325,-0.01693324,-0.01069072,-0.00943495,-0.01996327,-0.00737794,-0.00963868,-0.02365762,-0.0142696,-0.00920082,-0.0012951,-0.02821559,-0.01444902,-0.00631221,-0.01276297,0.98732407,-0.01922132,-0.00396328,-0.00388119,0.00585654,-0.03107392,-0.01896896,-0.0281183,-0.01198302,-0.03575498,-0.00942735,-0.02162494,-0.00079035,-0.0034038,-0.01829239,-0.03017373,0.00055362,-0.0117626,-0.0005699,-0.02154747,-0.00507161,-0.01072268,-0.02723194,0.01016516,0.01375313,-0.02184389
"Np2_502177",-0.0153825,-0.02291574,-0.01840187,-0.00675767,-0.02240037,-0.01512709,0.00776153,-0.0077474,-0.02116585,-0.01875307,-0.00117195,-0.01528517,-0.00773827,-0.00982721,0.01692,-0.01232965,-0.02326998,-0.00974969,-0.02824143,-0.00296595,0.00348938,-0.01290434,-0.02082526,0.01430956,-0.0130123,-0.01695908,-0.00074627,-0.01615633,-0.01781656,-0.00201574,-0.00949425,-0.01893855,-0.01458279,-0.01823923,-0.01015408,-0.01235249,-0.01175648,-0.02147292,-0.0090032,-0.00047717,0.01658854,-0.02060178,-0.02229087,0.00856122,-6.364e-05,-0.00922667,-0.01927302,-0.02570099,-0.01238743,-0.01130952,0.00016746,-0.00884202,-0.00586826,0.01045859,-0.00370027,-0.01080173,-0.023305,0.01491316,-0.01552692,-0.00932398,-0.00333691,-0.00500014,-0.00617688,-0.0194418,0.01032327,-0.00714079,-0.00702066,-0.00021718,-0.01536881,-0.00791919,-0.01309895,-0.00602182,-0.00715904,-0.0245562,-0.01922132,0.99460146,0.00051105,-0.01871511,-0.03543112,-0.00926775,0.00496563,-0.00692033,-0.01647864,-0.01622935,-0.023197,-0.00514001,-0.03295601,-0.0132206,-0.01549044,0.0150454,-0.01990548,-0.00333539,0.01226627,-0.01570483,0.01019711,-0.01689067,-0.00861854,0.00050041,-0.01917268,-0.02421106
"Np2_504575",-0.0236896,-0.00750566,-0.01454631,-0.00351023,-0.01337567,0.01046924,-0.01681315,-0.01529433,-0.00651593,-0.01550565,-0.00795872,-0.01371012,-0.01072421,-0.01022859,-0.01221565,-0.00680174,0.00171819,-0.00741446,-0.02012896,-0.01552998,-0.00542585,-0.01406588,-0.0169697,-0.01345774,-0.00444371,-0.00915065,-0.03064208,0.01004809,0.04289947,0.00168779,-0.01521677,-0.01949195,-0.03733301,-0.00708606,-0.00721072,-0.02263603,-0.01869527,0.00214693,-0.02111115,-0.01638596,0.00098388,-0.01355353,-0.02025971,0.01150458,-0.0287432,-0.00749958,-0.01526544,-0.01044294,0.01716171,0.00501275,-0.01300469,-0.00453036,0.00118,0.00291166,0.00760492,-0.02108527,-0.02537875,-0.00996556,-0.01151934,-0.0328344,-0.01605298,-0.02045277,-0.00490589,-0.0076805,-0.00680174,-0.01529585,-0.01304726,-0.01901457,-0.01105715,-0.02124338,-0.00224987,-0.01493706,-0.00193517,-0.0301267,-0.00396328,0.00051105,0.99668766,-0.01485954,-0.01713241,-0.00951708,-0.02006513,-0.01309896,0.00622901,0.00343769,-0.01994958,-0.01983249,0.00161026,-0.0101252,-0.00418525,-0.00253569,-0.02714834,-0.02456533,-0.00622707,-0.0028793,-0.0022149,-0.01105868,-0.00385078,-0.00111722,-0.00725936,-0.00788878
"Np2_502016",-0.01326927,-0.00331867,-0.0024536,-0.01376643,-0.01481393,-0.03125789,-0.01885956,-0.01658057,-0.01509975,0.01407092,-0.01395798,-0.01818905,-0.00121605,-0.00756193,-0.00422783,-0.00398305,-0.00686561,0.00969542,0.0018459,-0.04038142,0.00073759,-0.02462615,-0.01293477,-0.0171765,-0.00466569,0.00233393,-0.00881925,-0.02149275,0.07095584,-0.00233502,-0.0206079,-0.0171294,-0.00669229,-0.01278126,-0.01670675,-0.02422636,-0.00462616,-0.02331257,-0.00673792,-0.0185844,-0.0074479,0.00021154,-0.00710278,-0.02870222,-0.01360983,-0.00939392,0.00731759,-0.01857068,0.01344301,-0.01497355,-0.01049009,-0.02603701,0.00111006,0.01591662,-0.02150339,0.00773112,-0.01663077,-0.01246805,-0.014782,-0.01131564,-0.02235632,-0.02280324,-0.01257751,-0.01915298,-0.0146254,-0.00457143,-0.01402942,-0.02014878,-0.01355964,-0.00991085,-0.01493859,0.00065245,-0.03727699,-0.01544943,-0.00388119,-0.01871511,-0.01485954,1.02513422,-0.01705034,-0.02266196,-0.00903666,-0.01514536,-0.01679795,-0.02156577,-0.01971549,-0.00713166,-0.00621339,-0.01065126,-0.00623163,-0.01932928,-0.00198078,-0.01870601,-0.01450684,0.01377447,-0.01505568,0.01638944,-0.00559309,0.00230961,-0.00550491,-0.01495227
"Np2_502042",-0.0167584,0.00124993,-0.01232815,-0.01087017,-0.00781277,0.00113287,-0.02706173,-0.02326239,-0.01068315,-0.00842242,-0.00558852,0.00036662,0.01627539,-0.01317954,-0.02155202,-0.00306324,-0.01962878,-0.00686866,-0.01137337,-0.02410618,-0.00077515,-0.00378996,-0.02569792,-0.02537865,-0.01165161,-0.01742278,-0.0136767,-0.02376559,-0.01630384,-0.01692262,-0.00950185,0.00157832,-0.02310423,0.00166955,-0.01061779,-0.0251309,-0.01328442,0.00831795,-0.02026128,0.00012337,0.00457034,-0.00342965,-0.01925781,-0.01850832,-0.0154266,-0.01911643,-0.01259117,0.00074518,0.006153,-0.024544,-0.02188495,-0.01508297,0.01814536,-0.00992147,-0.01602254,-0.00928901,-0.00415637,-0.0123084,-0.01325403,-0.01374055,-0.00121605,-0.00987279,-0.01378615,0.00670033,-0.00397545,-0.00076298,-0.00201118,-0.00889068,-0.01492031,-0.00336579,-0.02800581,-0.00070825,-0.00351784,-0.0168101,0.00585654,-0.03543112,-0.01713241,-0.01705034,0.99625886,-0.00699485,-0.01693477,-0.01863449,0.00479838,-0.01973372,0.0015768,-0.02764851,-0.00939847,-0.01292413,-0.00820045,-0.00138176,-0.01656835,-0.00942433,-0.0030967,-0.00263756,0.02448064,-0.00884052,0.00551294,-0.00878123,-0.00336884,-0.03045202
"Np2_504943",0.01001316,-0.00481773,-0.01216247,-0.00295075,-0.00293403,-0.0319968,-0.03191321,-0.01047795,-0.01827119,-0.01692264,-0.01758552,-0.01847184,0.00443049,-0.02502454,-0.00846349,-0.0022894,-0.00213129,-0.03270078,-0.01880936,-0.02850154,0.14002188,-0.02536505,-0.00546386,-0.0229325,-0.04052435,-0.02288235,-0.00788577,-0.00718032,-0.01172918,-0.01538865,0.00753956,-0.02911878,-0.01229624,-0.02066574,-0.00209024,0.00620168,-0.02360905,-0.01204083,0.01289573,0.00089722,-0.04102602,-0.02318033,-0.02562959,0.00050953,-0.00826738,-0.02852887,-0.02808496,-0.0288877,-0.00630005,-0.00750264,0.00701505,0.00104621,-0.01285574,-0.02115831,-0.01357637,-0.01094772,-0.00475084,-0.0080378,-0.00351024,-0.01296674,-0.01473337,-0.02703891,-0.01650911,0.01933284,-0.03330427,-0.02188199,0.0039318,-0.02027954,0.00729023,-0.01764329,-0.00290666,-0.01331337,-0.00700095,-0.01299563,-0.03107392,-0.00926775,-0.00951708,-0.02266196,-0.00699485,1.03658097,0.00208308,-0.02652661,-0.01951328,0.04337397,0.03412569,-0.02702677,-0.00968889,-0.00515676,-0.00681849,-0.02219665,-0.02248403,-0.02735066,-0.00810015,0.00862662,-0.02704509,-0.0153643,0.00841528,-0.01895383,-0.02372765,0.01821233
"Np2_503842",-0.01026507,-0.00791615,-0.00081772,-0.01121833,-0.01545854,-0.02110809,-0.00977402,-0.01236009,-0.02486635,-0.00208111,-0.01232208,-0.00925555,-0.02572991,-0.00927077,-0.02205221,-0.00189108,-0.01648019,-0.00235174,-0.0106573,-0.01533234,-0.02027953,-0.01858127,-0.02133307,-0.0316561,0.0038117,-0.02202787,0.00330695,0.00705304,-0.01954063,-0.02897737,0.01158666,-0.02142279,-0.00612063,-0.0195072,-0.00138784,-0.02061399,-0.0067911,-0.01377093,0.02454451,-0.02911118,-0.0080925,-0.0010412,-0.03146456,-0.0252419,-0.01425443,0.01823964,-0.0118751,-0.01206971,-0.02110501,-0.03036536,-0.02314532,-0.0234889,0.00092154,-0.01665504,-0.00785686,0.01058326,-0.00739318,-0.01539316,-0.01755506,-0.01241635,-0.02421718,-0.01995107,-0.00683671,0.00133507,-0.01146917,0.00421003,-0.01528214,0.07802826,-0.00842699,-0.02575878,-0.00630916,-0.00896215,-0.0075148,0.0486722,-0.01896896,0.00496563,-0.02006513,-0.00903666,-0.01693477,0.00208308,1.00331728,-0.03601039,-0.01394578,-0.02281849,-0.01610314,-0.02845277,-0.01704423,-0.0105357,-0.00809251,-0.00568277,-0.00095303,0.0183537,-0.01575957,-0.01393213,-0.00505793,-0.01314154,-0.01703206,0.00044872,-0.00782188,0.00705609
"Np2_502831",-0.01622173,-0.0170655,0.0192233,-0.00668469,0.02161023,-0.01459801,0.0014491,0.01589074,-0.00436921,0.00655741,-0.01645433,-0.02311791,-0.02666946,0.0072735,0.01820924,-0.0165136,-0.00267252,-0.02335974,-0.0196546,-0.00365314,-0.01331334,-0.01967286,-0.00843761,-0.01283136,-0.0348321,-0.00335515,-0.01922134,-0.01167439,-0.01987205,-0.00422327,-0.02249611,-0.01445661,0.01908949,0.03458934,-0.014186,-0.02018525,-0.01320384,-0.03325851,-0.0233734,-0.00116436,-0.01146459,-0.01110275,-0.02039349,-0.0073293,-0.01458585,-0.01310655,-0.00506096,-0.02349955,-0.01413885,-0.01275687,-0.01845964,0.0135798,0.00119824,0.00718684,-0.0142696,-0.00175881,-0.02399219,-0.02363031,-0.02092715,-0.02217382,-0.0117778,-0.004167,-0.015682,0.0177273,-0.02077055,0.01300058,-0.00405906,-0.02675001,-0.02061699,-0.02715443,-0.01135362,-0.01461474,-0.01119098,0.00090634,-0.0281183,-0.00692033,-0.01309896,-0.01514536,-0.01863449,-0.02652661,-0.03601039,0.99353098,-0.00606741,-0.00019286,-0.00320768,-0.00886787,-0.00658129,-0.01010695,-0.01207273,-0.02152156,-0.01451134,-0.00311038,-0.01593895,0.00641299,0.00358061,-0.01058434,-0.00018374,-0.01128521,0.00948252,-0.01957708
"Np2_502692",-0.02304343,0.00530314,-0.02180588,-0.01745927,-0.0209393,-0.01503433,-0.01038973,-0.01464817,-0.00434944,-0.01561966,-0.00624834,-0.02218593,-0.00171623,-0.00958243,-0.0129378,-0.02455156,0.00114807,0.00083336,-0.00792829,0.04182454,-0.02682453,0.0028478,-0.00933004,-0.00232132,0.00273986,-0.0196029,-0.01920156,-0.00283671,0.0056893,-0.01727836,0.00595383,-0.00896364,-0.01540223,-0.00811227,-0.02389634,-0.00709061,-0.02002554,-0.00328825,-0.00967062,0.00083184,0.01470485,-0.01047485,0.00623205,-0.0176478,-0.00742052,-0.02418518,-0.00473713,-0.00356344,-0.01275078,-0.00772001,0.0011724,-0.00738097,-0.00592754,0.00234153,-0.02139537,-0.0177025,-0.01104957,-0.01190398,-0.01087318,-0.0022377,-0.0268093,-0.02269523,0.00638256,-0.0214775,-0.01436538,0.00633088,-0.0198507,-0.02870665,-0.0094988,-0.00813051,-0.02760137,-0.01003396,-0.00174512,0.01430502,-0.01198302,-0.01647864,0.00622901,-0.01679795,0.00479838,-0.01951328,-0.01394578,-0.00606741,0.9809499,-0.01887319,-0.00425214,-0.00519931,-0.01264285,0.00937306,-0.01554971,0.00054298,-0.01601189,-0.00324265,-0.01287851,-0.01986901,-0.02559001,-0.02424754,-0.01126238,-0.0124817,-0.02668156,-0.02214186
"Np2_502679",-0.01808112,-0.01938099,-0.00148819,-0.00367899,-0.02692339,-0.0123525,0.00764751,-0.01439887,-0.00333996,-0.01567443,-0.02682761,-0.02877814,-0.02700853,-0.01374209,-0.01755356,-0.01852503,-0.02095151,0.00169083,-0.02516281,-0.01524266,0.02800481,-0.00480859,-0.00862463,0.02848668,-0.02057598,-0.01357636,0.00263648,0.03602907,-0.01884282,-0.0162689,-0.02207501,0.02929401,-0.02533916,-0.01592075,-0.02592757,-0.00760146,-0.02631368,-0.01839427,-0.01383028,-0.02035558,-0.01636464,-0.02269227,-0.03441555,-0.02682459,-0.00519476,-0.01557407,-0.02242775,-0.01517271,-0.01873484,-0.01370406,-0.00025064,0.00229441,-0.02878728,0.03634231,0.00880447,-0.02414268,-0.02113856,-0.0136311,-0.03403701,-0.00852582,-0.0259519,-0.00602637,0.00131075,0.00416138,-0.00408188,-0.01470446,0.00913286,-0.01310202,-0.00529662,-0.01350642,0.00518304,-0.00872042,-0.00119173,-0.01934909,-0.03575498,-0.01622935,0.00343769,-0.02156577,-0.01973372,0.04337397,-0.02281849,-0.00019286,-0.01887319,1.01474882,-0.00537112,0.00143541,0.00144149,-0.00071586,-0.00800281,-0.02505332,-0.0166748,-0.01743651,-0.01825445,-0.01384245,-0.0029918,-0.00605831,-0.00782037,-0.01831373,-0.01396556,0.039985
"Np2_504357",0.00049281,-0.02087545,-0.00039811,-0.00669381,-0.00044372,-0.00031601,-0.0203008,-0.02015026,-0.007419,0.00077103,-0.00506096,-0.01978231,-0.01375575,-0.01432435,-0.00642927,-0.01713086,-0.00420198,-0.02108836,-0.02954587,-0.01536883,0.00051257,-0.01861774,-0.02304189,-0.00478273,0.01213703,-0.01263829,-0.01284506,-0.01031522,-0.01395188,-0.0078812,-0.02524183,-0.02982108,-0.00570102,-0.01346234,-0.00659347,0.00230657,0.00457489,-0.01350334,-0.01486865,-0.02200207,-0.02378839,0.0034833,-0.02192294,-0.0158523,0.00243276,-0.01630837,-0.00780668,-0.00906552,-0.00715445,-0.01337413,-7.275e-05,-0.01060256,-0.00139544,-0.00103208,-0.01883971,-0.01301838,-0.00606136,-0.01238897,-0.00056382,-0.00257066,-0.00722592,-0.02089974,-0.01645128,-0.00599901,-0.00557635,-0.0082932,-0.02884956,-0.03010387,-0.006335,0.00293902,-0.02352538,0.01973567,-0.01484891,-0.01613051,-0.00942735,-0.023197,-0.01994958,-0.01971549,0.0015768,0.03412569,-0.01610314,-0.00320768,-0.00425214,-0.00537112,0.99244835,0.00526208,-0.02301,0.00189456,-0.01162576,-0.01073634,-0.01345624,0.01330009,-0.00910657,-0.02324265,-0.00980745,-0.00329586,-0.01737261,-0.01403093,-0.0116592,-0.01016015
"Np2_500835",-0.00562348,-0.00221034,-0.0033217,-0.00992146,-0.01370557,-0.00628026,-0.01455848,-0.00756646,-0.01201495,-0.01431521,-0.00190323,-0.00248551,0.01296712,-0.01587963,-0.0044878,0.01597735,0.00062812,-0.01884281,0.01648514,-0.02194119,-0.01943874,-0.00025672,-0.02064431,-0.02747058,-0.00477362,-0.02726841,-0.01926541,-0.01627946,-0.01413886,-0.02327151,-0.01037754,0.01970673,-0.01303355,-0.01684202,-0.018487,-0.00426583,0.0104692,-0.01217001,0.00668512,-0.02173295,-0.01150866,0.01363453,-0.01070745,-7.579e-05,-0.01979906,-0.01284656,-0.01772379,-0.01062081,-0.01418292,-0.02313918,-0.01713541,-0.01337411,-0.00766376,-0.01262157,-0.01294538,-0.00636388,0.00150535,0.00034685,-0.02081918,-0.00564629,-0.00422022,-0.0107485,-0.00462767,-0.02382185,-0.01701379,3.367e-05,-0.01276901,-0.01980056,-0.00652199,-0.02628629,-0.01413428,-0.01024985,-0.00530574,0.00040614,-0.02162494,-0.00514001,-0.01983249,-0.00713166,-0.02764851,-0.02702677,-0.02845277,-0.00886787,-0.00519931,0.00143541,0.00526208,0.97762901,-0.0149872,-0.01212746,-0.0023867,-0.01198756,-0.02550179,-0.00209024,-0.02206435,0.00150383,-0.00497734,-0.01306094,0.00646162,-0.01771467,-0.00637299,0.00516022
"Np2_504401",-0.01078654,-0.00919779,-0.01380591,-0.01341216,-0.02038896,-0.01646041,-0.01303208,0.00049737,-0.00091046,-0.00974815,-0.02652654,-0.01540224,-0.01469684,-0.01389714,-0.00311342,-0.00606133,-0.02718787,0.0076171,-0.02242921,-0.0231514,-0.03068316,-0.02138323,-0.00877969,-0.02016695,-0.0169302,0.00405646,-0.02017155,0.0053153,-0.00212216,0.01976,-0.01538856,-0.01388648,-0.00451363,-0.00467328,-0.00342965,-0.01262159,-0.02251586,-0.00319399,-0.02477971,-0.01169268,-0.01119853,-0.01904648,-0.02301606,-0.01132018,-0.00854253,0.00737991,-0.00874776,0.08379788,-0.01660939,-0.01325098,-0.02442694,-0.0034859,-0.01115444,-0.0085106,-0.01506778,-0.02232129,-0.00609024,0.00096107,-0.02430989,-0.01917118,-0.00801498,0.01936009,0.00830123,-0.01682227,-0.0159435,-0.03097503,0.01490705,-0.01401723,-0.01138098,-0.00864439,0.00350763,0.00724004,-0.02171931,-0.02224073,-0.00079035,-0.03295601,0.00161026,-0.00621339,-0.00939847,-0.00968889,-0.01704423,-0.00658129,-0.01264285,0.00144149,-0.02301,-0.0149872,0.99284673,-0.00649616,-0.00891805,-0.02779291,-0.01333308,-0.00330042,-0.0097436,-0.0276805,0.01935408,0.00701351,-0.01436083,-0.01208338,-0.01503281,-0.02508829
"Np2_501388",-0.0175049,0.00597665,-0.01900393,-0.02241103,-0.0292358,-0.01253645,0.01217659,-0.02461703,-0.01173371,-0.00947298,-0.01104804,-0.02470516,-0.0145737,-0.02304804,-0.01743344,-0.00867479,-0.01794275,-0.01810548,-0.00527837,0.0092028,-0.02888767,-0.01730723,0.01582078,-0.02886174,6.863e-05,-0.01011151,-0.00028408,-0.010373,0.01214009,-0.01858132,-0.0078158,-0.00236086,-0.00788726,-0.01473639,-0.00087397,-0.00520085,-0.01737564,-0.01873025,0.01122334,-0.00153532,0.02343613,0.01634835,-0.0218287,-0.01575805,-0.01480479,0.0049185,-0.02139543,0.00668816,-0.02302368,-0.01540834,-0.03281767,-0.02586365,-0.01437603,-0.01142812,-0.00050149,0.00075886,-0.0091598,0.00564522,-0.01156799,-4.387e-05,-0.00439506,-0.01533231,-0.01149198,-0.01016169,-0.0155163,0.00487593,-0.01416014,-0.02681692,-0.01201801,-0.01353835,0.00454298,-0.02273942,-0.01201805,-0.0075224,-0.0034038,-0.0132206,-0.0101252,-0.01065126,-0.01292413,-0.00515676,-0.0105357,-0.01010695,0.00937306,-0.00071586,0.00189456,-0.01212746,-0.00649616,1.00388901,-0.0115315,0.00121648,-0.00439202,-0.01594809,-0.0261921,-0.01204996,-0.04118414,-0.00441787,-0.01560599,-0.01773751,-0.01673407,-0.0123464
"Np2_502771",0.00181398,-0.02122664,0.01384588,-0.0225524,-0.02390397,-0.02043153,-0.00043155,-0.00408187,-0.01202712,-0.00231676,-0.00769266,0.00860072,0.00048824,0.02196446,-0.01635855,0.00577899,-0.00531334,-0.00289146,-0.03172146,-0.00690209,-0.01428179,-0.00741443,-0.03418743,-0.03903727,-0.01299558,-0.0236318,-0.01745319,-0.00352086,-0.01278273,-0.00123885,0.00496562,-0.00630307,-0.01897501,0.01765738,-0.0016235,-0.01932929,-0.01584465,-0.01370251,-0.0036653,-0.00714992,-0.0141054,-0.00705411,-0.01923348,-0.03034259,0.00694662,-0.00920994,-0.00922211,-0.01732244,0.0121066,-0.01311719,-0.02186061,-0.01019359,-0.00919626,-0.01035324,-0.00642013,-0.01382567,-0.01097356,-0.01243609,-0.02417609,-0.01341215,-0.01517878,0.00033773,-0.02105941,-0.00042091,-0.00273485,0.01826549,-0.00517954,-0.02817456,-0.01139922,-0.02204155,-0.00243991,0.00478927,-0.01185536,-0.00796784,-0.01829239,-0.01549044,-0.00418525,-0.00623163,-0.00820045,-0.00681849,-0.00809251,-0.01207273,-0.01554971,-0.00800281,-0.01162576,-0.0023867,-0.00891805,-0.0115315,0.98946502,-0.01534446,-0.01684809,-0.04406358,0.01076266,-0.02420198,-0.01395948,-0.01520158,-0.00358471,-0.01164552,0.00395308,-0.01294388
"Np2_501268",-0.01462838,-0.02459414,-0.01217457,-0.003419,-0.01465272,0.00751977,-0.01550564,-0.00805753,-0.00824908,-0.02924939,-0.01182034,0.0094901,-0.01914682,-0.0127219,0.00277482,-0.03802924,-0.03346221,-0.00017766,-0.00589865,-0.00388422,-0.0190176,-0.01488683,-0.00167518,-0.01443072,-0.00541671,-0.01103584,-0.02203695,0.00816286,-0.01903887,-0.02589102,-0.00433119,-0.01149499,-0.0399783,-0.01611681,-0.00955201,-0.00855772,0.00982609,-0.01068463,-0.0082491,-0.01021337,0.03421823,-0.02060782,-0.01560746,0.04428289,-0.00949576,-0.01394574,-0.02840104,-0.02297044,0.01132362,-0.01450826,-0.02446794,-0.01903428,0.00370374,-0.01797768,-0.02879175,-0.00624681,-0.01646954,-0.02431746,-0.00899556,-0.0132829,-0.01824222,0.0915345,-0.01059191,-0.01154213,0.03753105,-0.0165729,-0.01052348,-0.01527452,0.00332518,-0.00594883,-0.0149294,-0.02822471,-0.01537491,-0.01650448,-0.03017373,0.0150454,-0.00253569,-0.01932928,-0.00138176,-0.02219665,-0.00568277,-0.02152156,0.00054298,-0.02505332,-0.01073634,-0.01198756,-0.02779291,0.00121648,-0.01534446,0.96828367,0.00304544,-0.01611224,-0.00659193,-0.01616698,-0.0068367,0.00453993,-0.00573598,-0.02641551,-0.00990472,-0.00308452
"Np2_500924",-0.01750031,-0.00314078,-0.02051969,-0.01738935,-0.03394424,-0.00949122,-0.02628331,-0.01032132,-0.01096898,-0.00110658,0.00035902,-0.02454853,-0.01076829,-0.02745243,0.00872085,-0.00867022,-0.01261701,0.01032938,4.735e-05,-0.00918866,-0.02143344,-0.01669453,-0.00697961,-0.01912704,0.00174556,-0.02196552,-0.01897961,-0.01264893,-0.01066035,-0.03606058,-0.02453487,0.00418114,-0.01974125,-0.01275538,-0.00026128,-0.00367595,0.00376151,-0.00656304,-0.01507389,-0.0153658,-0.01745621,-0.02028706,-0.0139184,0.00629136,-0.00871888,0.00811575,-0.01135666,-0.01732852,-0.00340684,-0.01996476,0.00823585,-0.01567286,-0.01786822,-0.00138936,-0.01144331,-0.00683822,-0.00900321,0.02070107,-0.02053337,-0.03090205,-0.00636693,-0.02840256,-0.01772076,-0.00240342,-0.01171089,-0.00986673,-0.00229699,-0.02513998,-0.00836464,-0.01839883,-0.00822325,-0.00038594,-0.01307771,0.10513882,0.00055362,-0.01990548,-0.02714834,-0.00198078,-0.01656835,-0.02248403,-0.00095303,-0.01451134,-0.01601189,-0.0166748,-0.01345624,-0.02550179,-0.01333308,-0.00439202,-0.01684809,0.00304544,0.99006108,0.01431111,0.00315491,-0.00079491,-0.01974284,-0.00608567,-0.01757784,-0.02001343,-0.01110428,-0.00413204
"Np2_502226",-0.01887016,0.00096259,-0.01459194,-0.01632666,-0.01129282,-0.01040495,-0.0065205,0.0181074,-0.01583558,0.00968627,-0.02640037,-0.0342802,0.00382539,-0.00571319,-0.02868087,-0.01536121,0.00136852,0.00409449,-0.03507383,-0.00584546,-0.01383331,-0.0113749,-0.00439658,-0.00088461,-0.01072269,-0.0202947,-0.00925101,-0.00580897,-0.00564478,-0.01280101,-0.01739085,-0.01558471,-0.029777,-0.01366911,-0.00497583,-0.01599218,-0.00201726,-0.01264589,-0.02206898,-0.00913396,-0.01487318,-0.0032609,-0.0206094,-0.02305263,-0.00020655,-0.01590701,-0.00618906,-0.01413736,-0.02438893,-0.01130041,-0.02749347,-0.00062311,-0.02912022,-0.01872269,-0.01296518,-0.01140075,0.00771897,-0.01974131,-0.00700396,0.00087138,-0.00439202,-0.0191301,-0.01757027,-0.00362122,-0.00289449,-0.0109325,0.004695,-0.00917803,0.02264862,-0.0135353,-0.00792071,-0.01102981,-0.01034264,-0.02956421,-0.0117626,-0.00333539,-0.02456533,-0.01870601,-0.00942433,-0.02735066,0.0183537,-0.00311038,-0.00324265,-0.01743651,0.01330009,-0.00209024,-0.00330042,-0.01594809,-0.04406358,-0.01611224,0.01431111,1.0066321,0.01653234,-0.00626965,0.0077737,0.00029821,0.0015768,-0.01438975,-0.01977171,-0.01264743
"Np2_501011",0.01436738,-0.02022781,-0.01054481,-0.01790477,-0.02320921,-0.00346918,-0.00612217,-0.01235705,-0.00038594,-0.00603094,-0.01475158,0.01446466,0.01699452,0.01338524,-0.01672801,0.00647379,-0.00492262,-0.01694394,-0.02981045,-0.00271054,-0.01297888,-0.01280098,-0.01950564,-0.01584163,-0.01944637,-0.02156874,-0.02785686,-0.01255621,-0.01756117,-0.01529132,-0.00498191,-0.01974739,-0.01447942,-0.01980824,-0.00351327,-0.02669231,-0.00617992,-0.00844674,-0.00281848,-0.01056005,-0.02952615,-0.03022855,0.00259391,-0.00745095,-0.02261324,-0.01444446,-0.01415257,0.01058631,-0.00863526,-0.01895985,0.00665624,-0.00539392,-0.0218804,-0.0143715,-0.01499938,-0.0149553,-0.00936658,-0.01691046,-0.0274342,-0.01317347,-0.02603855,0.00924232,-0.01321908,-0.00063832,-0.01070597,-0.01935211,0.01163076,-0.01486104,-0.01176868,-0.01176868,-0.01253949,-0.01215182,-0.0152655,-0.01122593,-0.0005699,0.01226627,-0.00622707,-0.01450684,-0.0030967,-0.00810015,-0.01575957,-0.01593895,-0.01287851,-0.01825445,-0.00910657,-0.02206435,-0.0097436,-0.0261921,0.01076266,-0.00659193,0.00315491,0.01653234,1.01062203,0.01222069,-0.01113624,-0.02697355,-0.02082986,-0.02189716,0.02228374,-0.00692794
"Np2_500135",-0.00083292,-0.00654178,-0.00962958,-0.0195741,-0.01514839,-0.01638899,-0.00277439,-0.00931335,-0.00661627,-0.02077515,-0.02356648,-0.01122591,-0.01857827,-0.01443384,-0.01474855,0.0017638,-0.00689602,-0.01587667,0.03024572,-0.02064745,0.01013326,-0.02313621,-0.00536352,-0.0158386,-0.01427419,-0.01335591,0.00483336,-0.02015484,-0.01223696,-0.02000133,-0.01850983,-0.00013205,0.00984893,0.00999339,0.00804431,-0.02760148,-0.01575498,-0.01847789,-0.02607659,-0.01983107,-0.03925325,-0.00650832,-0.00470065,-0.01428942,-0.01820123,0.00213021,-0.02372763,-0.00172535,-0.01486559,0.00035141,-0.00641559,-0.01056001,-0.0284148,-0.00357409,-0.02639884,-0.00552619,-0.00434642,-0.01082608,-0.01952543,-0.02062009,-0.01463301,-0.03317189,-0.00774284,0.00164523,-0.0132875,-0.01068317,0.00768094,0.00186567,-0.02012748,0.009367,-0.01177628,0.00168627,-0.02240805,-0.00757409,-0.02154747,-0.01570483,-0.0028793,0.01377447,-0.00263756,0.00862662,-0.01393213,0.00641299,-0.01986901,-0.01384245,-0.02324265,0.00150383,-0.0276805,-0.01204996,-0.02420198,-0.01616698,-0.00079491,-0.00626965,0.01222069,1.01488567,-0.0264886,-0.01009481,0.00304241,-0.01961362,0.00814769,-0.01133387
"Np2_502856",-0.00108074,-0.01287092,-0.01185382,-0.00020959,-0.00429777,-0.00553836,-0.01579303,-0.02035554,-0.01036085,-0.00870825,-0.00906705,-0.00204766,-0.00742358,-0.00920845,0.00035902,-0.02767439,-0.00349502,-0.01521228,-0.01089904,0.00266993,-0.03785311,-0.01304576,-0.01610161,-0.02277586,-0.00646424,-0.02014115,-0.03615942,-0.01249691,-0.01354901,-0.00626204,0.00115871,-0.03200281,0.00397589,-0.00910659,-0.00938329,-0.00276375,-0.01448246,-0.01963791,-0.00382342,-0.00654788,0.00078775,-0.00918867,-0.01072573,-0.02183484,0.00496411,-0.00511114,0.00977597,-0.00927077,-0.02377929,-0.00339316,-0.02551554,-0.00989562,-0.00509746,-0.01172764,-0.01691652,-0.00531791,-0.01584474,-0.01274627,-0.0027455,-0.02512483,-0.02400282,0.0161431,-0.00662236,-0.02019135,-0.02585002,-0.00728218,-0.02069301,-0.01252124,-0.02448019,-0.01535819,0.00393941,-0.01148439,0.00060532,-0.00858207,-0.00507161,0.01019711,-0.0022149,-0.01505568,0.02448064,-0.02704509,-0.00505793,0.00358061,-0.02559001,-0.0029918,-0.00980745,-0.00497734,0.01935408,-0.04118414,-0.01395948,-0.0068367,-0.01974284,0.0077737,-0.01113624,-0.0264886,1.01286942,-0.01520769,0.01100439,0.00081512,-0.01931409,-0.01811911
"Np2_504960",-0.01190095,-0.02019435,-0.01461625,0.00295727,-0.01952695,0.00918304,-0.00532855,-0.01992527,-0.01662005,-0.01177476,-0.01684659,-0.02077357,-0.01672345,-0.02367745,-0.02353605,-0.00459117,0.02795001,0.0042222,-0.03266561,-0.01255926,-0.00610393,-0.00683822,-0.02905025,-0.0016691,-0.01089904,0.02361858,0.0082085,-0.00598532,-0.02376108,-0.02346767,-0.01878347,-0.0150009,-0.00821261,-0.0185585,-0.00636845,0.01226172,-0.01922131,-0.02103203,-0.01403552,-0.02618605,-0.01033651,-0.0219853,0.00308345,-0.00817765,-0.00327154,-0.0134988,-0.00302068,-0.00610392,-0.00464895,-0.00265884,0.00623358,-0.00931332,-0.02275914,-0.01722667,8.536e-05,-0.01294541,-0.02453648,-0.01490056,-0.00763641,-0.00432208,-0.01885951,-0.01489749,-0.01774662,-0.01748058,0.03965049,-0.00730802,-0.01402939,-0.03702443,-0.01964095,0.01259009,-0.01889142,-0.01819969,-0.00611002,-0.01833804,-0.01072268,-0.01689067,-0.01105868,0.01638944,-0.00884052,-0.0153643,-0.01314154,-0.01058434,-0.02424754,-0.00605831,-0.00329586,-0.01306094,0.00701351,-0.00441787,-0.01520158,0.00453993,-0.00608567,0.00029821,-0.02697355,-0.01009481,-0.01520769,0.99974094,-0.00985001,-0.01304577,-0.0086976,0.0017714
"Np2_500813",0.00230048,-0.01222629,-0.00634412,-0.02252199,-0.00304501,-0.01994502,-0.02396632,-0.00541977,-0.01701381,-0.03178079,-0.01176715,-0.0044437,0.00751218,-0.00491501,-0.01693628,-0.00680933,-0.00041787,-0.00650985,-0.01816012,0.00331455,0.00460075,-0.00738402,-0.01500087,-0.01498567,-0.00627571,-0.00611759,-0.00024303,-0.00592298,-0.0062149,-0.01671585,-0.01659266,-0.00824909,-0.01088686,-0.01347905,-0.01786064,0.00152968,0.01732893,-0.02613879,-0.01807807,-0.01852202,-0.01073027,0.00939586,-0.02315592,-0.01100395,0.00348026,-5.755e-05,-0.00143801,-0.01713999,0.00179877,-0.01901607,-0.02152614,-0.04361043,-0.02482524,0.00503252,-0.00289297,-0.02915061,0.01505457,-0.01727075,0.0134065,-0.01277361,-0.0166687,-0.0178758,-0.02072493,0.0037144,-0.02414111,-0.01423921,-0.0308427,-0.00883595,-0.00954441,-0.00574359,-0.02415023,-0.00262996,-0.02140306,-0.01918789,-0.02723194,-0.00861854,-0.00385078,-0.00559309,0.00551294,0.00841528,-0.01703206,-0.00018374,-0.01126238,-0.00782037,-0.01737261,0.00646162,-0.01436083,-0.01560599,-0.00358471,-0.00573598,-0.01757784,0.0015768,-0.02082986,0.00304241,0.01100439,-0.00985001,0.98891762,-0.01587205,-0.02611906,0.0012256
"Np2_500266",-0.00256762,-0.01724643,-0.02170253,-0.02389335,-0.02615712,-0.00763338,-0.0172799,-0.00587891,-0.01184774,0.01899526,0.00069653,0.00026627,-0.01195113,-0.02118563,-0.00112787,-0.02079943,0.01356615,-0.01411459,-0.03230226,-0.02663907,-0.02778542,0.01100894,-0.02655844,0.00036662,-0.02604308,-0.02025972,-0.0140811,0.01292607,-0.00591388,-0.00683672,-0.00428103,-0.00232284,-0.01256228,0.01494815,-0.01391083,0.04151144,-0.00897581,-0.00637757,-0.02355434,0.00458403,-0.00845283,0.00194321,-0.03334521,-0.0123753,-0.01613509,-0.01830457,-0.00083292,-0.01364629,-0.02481006,-0.0202354,-0.01164704,-0.0086459,0.00040919,-0.01351859,0.0159561,-0.01319019,-0.00091198,-0.00176641,-0.02110807,-0.0197702,0.00810968,-0.01651056,0.00679003,-0.02107009,-0.00802866,-0.00040723,-0.00864894,-0.01841709,-0.00802713,-0.00118564,-0.00773371,-0.01722821,-0.01198004,-0.01447792,0.01016516,0.00050041,-0.00111722,0.00230961,-0.00878123,-0.01895383,0.00044872,-0.01128521,-0.0124817,-0.01831373,-0.01403093,-0.01771467,-0.01208338,-0.01773751,-0.01164552,-0.02641551,-0.02001343,-0.01438975,-0.02189716,-0.01961362,0.00081512,-0.01304577,-0.01587205,1.00214037,-0.03402785,-0.01017993
"Np2_500153",0.00497323,-0.01016167,-0.01568199,-0.00890285,-0.01572762,-0.00602182,0.00379193,-0.01384544,-0.02528744,-0.00493478,-0.0122871,-0.01971084,-0.00973142,0.00627159,-0.01867248,0.00285692,-0.03149647,0.00498084,-0.02050446,-0.0095201,-0.0196364,-0.00486331,-0.02388263,-0.01413731,-0.02519167,-0.03978073,-0.00942887,-0.00933157,0.00314731,-0.00476907,0.00356387,-0.00709668,-0.00456532,-0.0126307,-0.00211304,-0.00385534,0.01468052,-0.00218145,-0.02285495,-0.0155452,-0.00410467,-0.0192502,-0.02078725,-0.02049387,-0.01878044,-0.00620272,-0.01594501,-0.01325098,-0.00495454,-0.01102217,0.00197513,0.013034,-0.00421261,-0.03425589,0.01802373,-0.00108833,-0.0078143,0.00106141,-0.0038371,-0.01192527,0.0068326,0.00076038,-0.00619361,-0.00729585,-0.00033578,-0.01612745,-0.02360897,-0.01802178,-0.00231068,-0.0166018,-0.02512627,-0.0154646,-0.03210927,-0.01088992,0.01375313,-0.01917268,-0.00725936,-0.00550491,-0.00336884,-0.02372765,-0.00782188,0.00948252,-0.02668156,-0.01396556,-0.0116592,-0.00637299,-0.01503281,-0.01673407,0.00395308,-0.00990472,-0.01110428,-0.01977171,0.02228374,0.00814769,-0.01931409,-0.0086976,-0.02611906,-0.03402785,0.98605289,-0.01236919
"Np2_502230",-0.03579295,-0.01443989,0.0007163,4.583e-05,-0.00434641,-0.01881389,-0.01401725,-0.02785378,0.00524993,-0.004652,-0.02249461,-0.00985,0.00210588,-0.01609858,-0.01443685,-0.0079587,-0.02391611,-0.00492262,-0.01642086,-0.00726089,0.00512374,-0.00017158,-0.00961282,-0.01932772,-0.01016167,0.00322333,-0.03210311,0.00448216,-0.01101307,-0.01132779,-0.0023867,0.00458858,-0.01948584,-0.03196023,-0.02433117,0.00661367,-0.01544328,0.03200467,-0.01740304,-0.01161362,-0.01461623,-0.00163565,-0.01928821,0.00076951,-0.02245053,-0.00668011,-0.00958091,-0.02087393,-0.02261164,0.00066309,-0.0092966,-0.00751173,-0.00271357,-0.0137527,0.01009673,-0.035013,0.008432,-0.00671357,-0.01100394,-0.02061244,-0.01599367,-0.01066336,-0.00606286,-0.00792527,-0.01966527,-0.02739921,-0.01542047,-0.02306016,-0.01875154,-0.01753528,-0.00675156,-0.01138099,0.00268514,0.00976532,-0.02184389,-0.02421106,-0.00788878,-0.01495227,-0.03045202,0.01821233,0.00705609,-0.01957708,-0.02214186,0.039985,-0.01016015,0.00516022,-0.02508829,-0.0123464,-0.01294388,-0.00308452,-0.00413204,-0.01264743,-0.00692794,-0.01133387,-0.01811911,0.0017714,0.0012256,-0.01017993,-0.01236919,0.98965965
